time,open,high,low,close
1641191400,13.43,13.43,13.43,13.43
1641193200,13.43,13.6,13.33,13.42
1641195000,13.43,13.62,13.42,13.6
1641196800,13.6,13.75,13.56,13.7
1641198600,13.7,13.73,13.63,13.68
1641200400,13.68,13.75,13.66,13.74
1641202200,13.74,13.82,13.68,13.8
1641204000,13.8,13.81,13.67,13.69
1641205800,13.7,13.73,13.66,13.72
1641207600,13.71,13.73,13.58,13.59
1641209400,13.59,13.68,13.55,13.64
1641211200,13.64,13.69,13.62,13.64
1641213000,13.64,13.72,13.63,13.67
1641214800,13.67,13.7,13.63,13.64
1641216600,13.64,13.67,13.61,13.66
1641218400,13.65,13.71,13.65,13.69
1641220200,13.69,13.88,13.68,13.87
1641222000,13.87,13.87,13.86,13.86
1641277800,14.2,14.2,14.2,14.2
1641279600,14.21,14.29,14.12,14.26
1641281400,14.26,14.5,14.25,14.39
1641283200,14.4,14.43,14.26,14.36
1641285000,14.37,14.37,14.28,14.31
1641286800,14.31,14.32,14.24,14.29
1641288600,14.29,14.32,14.22,14.23
1641290400,14.22,14.28,14.2,14.27
1641292200,14.26,14.32,14.16,14.18
1641294000,14.18,14.25,14.18,14.25
1641295800,14.24,14.25,14.19,14.22
1641297600,14.22,14.29,14.21,14.26
1641299400,14.25,14.26,13.94,14.04
1641301200,14.04,14.04,13.86,13.97
1641303000,13.98,13.98,13.89,13.95
1641304800,13.95,14.06,13.89,14.05
1641306600,14.05,14.26,13.95,14.25
1641308400,14.26,14.26,14.26,14.26
1641364200,14.26,14.26,14.26,14.26
1641366000,14.26,14.26,13.99,14.12
1641367800,14.12,14.16,14.06,14.09
1641369600,14.09,14.13,14.05,14.09
1641371400,14.09,14.16,14.08,14.11
1641373200,14.11,14.17,14.09,14.11
1641375000,14.11,14.15,14.09,14.1
1641376800,14.11,14.11,14.06,14.07
1641378600,14.07,14.12,14.05,14.12
1641380400,14.12,14.15,14.11,14.14
1641382200,14.14,14.15,14.11,14.14
1641384000,14.14,14.2,14.12,14.18
1641385800,14.17,14.23,14.14,14.21
1641387600,14.21,14.35,14.19,14.34
1641389400,14.34,14.43,14.27,14.39
1641391200,14.39,14.48,14.36,14.38
1641393000,14.39,14.53,14.37,14.42
1641394800,14.41,14.41,14.41,14.41
1641450600,14.26,14.26,14.26,14.26
1641452400,14.25,14.58,14.22,14.56
1641454200,14.56,14.57,14.45,14.56
1641456000,14.55,14.69,14.54,14.56
1641457800,14.57,14.64,14.49,14.62
1641459600,14.61,14.65,14.55,14.6
1641461400,14.59,14.64,14.55,14.62
1641463200,14.63,14.67,14.55,14.57
1641465000,14.57,14.63,14.57,14.6
1641466800,14.61,14.61,14.55,14.58
1641468600,14.58,14.74,14.57,14.66
1641470400,14.67,14.77,14.65,14.7
1641472200,14.71,14.79,14.7,14.78
1641474000,14.77,14.95,14.75,14.83
1641475800,14.84,14.91,14.78,14.85
1641477600,14.86,14.9,14.8,14.82
1641479400,14.82,14.99,14.72,14.88
1641481200,14.85,14.85,14.85,14.85
1641537000,14.92,14.92,14.92,14.92
1641538800,14.92,15.06,14.92,15.05
1641540600,15.04,15.06,14.99,15.05
1641542400,15.05,15.05,14.91,14.94
1641544200,14.93,15.01,14.92,14.95
1641546000,14.95,15.05,14.95,14.98
1641547800,14.98,15,14.94,14.97
1641549600,14.96,14.97,14.93,14.96
1641551400,14.96,14.96,14.84,14.91
1641553200,14.91,14.94,14.71,14.79
1641555000,14.79,14.85,14.58,14.83
1641556800,14.82,14.84,14.72,14.74
1641558600,14.74,14.76,14.67,14.73
1641560400,14.73,14.77,14.7,14.74
1641562200,14.74,14.77,14.69,14.73
1641564000,14.73,14.91,14.71,14.84
1641565800,14.83,14.91,14.77,14.86
1641567600,14.86,14.86,14.86,14.86
1641796200,14.95,14.95,14.95,14.95
1641798000,14.96,15.12,14.93,15.07
1641799800,15.07,15.1,15.02,15.05
1641801600,15.05,15.12,14.99,15.11
1641803400,15.11,15.27,15.08,15.21
1641805200,15.2,15.25,15.2,15.22
1641807000,15.22,15.24,15.13,15.14
1641808800,15.14,15.18,15.12,15.15
1641810600,15.15,15.16,15.09,15.12
1641812400,15.13,15.14,15.08,15.13
1641814200,15.12,15.15,15.11,15.15
1641816000,15.15,15.16,15.07,15.08
1641817800,15.08,15.16,15.01,15.14
1641819600,15.14,15.24,15.1,15.22
1641821400,15.22,15.26,15.17,15.18
1641823200,15.19,15.2,15.11,15.12
1641825000,15.12,15.15,14.92,14.94
1641826800,14.94,14.94,14.9,14.9
1641882600,15.02,15.02,15.02,15.02
1641884400,15.02,15.21,14.99,15.05
1641886200,15.05,15.06,14.87,14.99
1641888000,15,15.06,14.89,14.95
1641889800,14.94,15.01,14.82,14.84
1641891600,14.84,14.85,14.71,14.83
1641893400,14.84,14.95,14.83,14.91
1641895200,14.91,14.94,14.88,14.94
1641897000,14.94,14.95,14.81,14.89
1641898800,14.89,14.89,14.83,14.84
1641900600,14.85,14.88,14.8,14.87
1641902400,14.87,14.9,14.86,14.86
1641904200,14.87,14.97,14.86,14.92
1641906000,14.92,14.96,14.88,14.93
1641907800,14.93,14.93,14.86,14.88
1641909600,14.88,14.9,14.77,14.83
1641911400,14.83,14.87,14.65,14.78
1641913200,14.78,14.78,14.76,14.76
1641969000,14.95,14.95,14.95,14.95
1641970800,14.95,15.05,14.88,15.05
1641972600,15.04,15.35,15,15.34
1641974400,15.34,15.54,15.28,15.47
1641976200,15.47,15.48,15.33,15.37
1641978000,15.38,15.42,15.29,15.31
1641979800,15.32,15.43,15.28,15.43
1641981600,15.43,15.44,15.37,15.39
1641983400,15.39,15.46,15.37,15.42
1641985200,15.43,15.44,15.31,15.32
1641987000,15.32,15.39,15.31,15.36
1641988800,15.36,15.36,15.25,15.34
1641990600,15.35,15.43,15.35,15.38
1641992400,15.38,15.41,15.31,15.38
1641994200,15.38,15.45,15.36,15.38
1641996000,15.38,15.4,15.23,15.32
1641997800,15.32,15.47,15.15,15.2
1641999600,15.2,15.2,15.19,15.19
1642055400,15.03,15.03,15.03,15.03
1642057200,15.02,15.12,14.92,14.99
1642059000,14.98,15.08,14.95,15.05
1642060800,15.04,15.1,14.99,15.06
1642062600,15.06,15.07,15,15.02
1642064400,15.02,15.11,15.01,15.11
1642066200,15.1,15.17,15.08,15.12
1642068000,15.12,15.32,15.09,15.28
1642069800,15.28,15.4,15.26,15.34
1642071600,15.35,15.36,15.25,15.27
1642073400,15.26,15.32,15.25,15.27
1642075200,15.27,15.33,15.26,15.29
1642077000,15.29,15.3,15.18,15.2
1642078800,15.21,15.22,15.11,15.12
1642080600,15.11,15.16,15.09,15.11
1642082400,15.1,15.17,15.05,15.05
1642084200,15.06,15.12,15.03,15.07
1642086000,15.07,15.07,15.05,15.05
1642141800,15.05,15.05,15.05,15.05
1642143600,15.05,15.26,15.04,15.08
1642145400,15.08,15.17,15.04,15.13
1642147200,15.12,15.17,15.05,15.16
1642149000,15.16,15.21,15.09,15.1
1642150800,15.11,15.18,15.1,15.18
1642152600,15.17,15.18,15.09,15.11
1642154400,15.1,15.1,15.02,15.03
1642156200,15.04,15.1,15.01,15.09
1642158000,15.09,15.1,15.04,15.07
1642159800,15.06,15.07,15.04,15.05
1642161600,15.05,15.07,15.04,15.06
1642163400,15.06,15.06,14.97,14.99
1642165200,14.98,15.01,14.9,14.99
1642167000,14.99,15.05,14.97,15
1642168800,15.01,15.14,15.01,15.11
1642170600,15.1,15.11,15.03,15.07
1642172400,15.07,15.07,15.07,15.07
1642401000,15.1,15.1,15.1,15.1
1642402800,15.11,15.13,14.98,15.05
1642404600,15.05,15.08,14.98,15.07
1642406400,15.08,15.14,15.07,15.12
1642408200,15.12,15.2,15.11,15.13
1642410000,15.13,15.15,15.08,15.08
1642411800,15.08,15.11,15.05,15.11
1642413600,15.11,15.13,15.09,15.13
1642415400,15.13,15.14,15.09,15.11
1642417200,15.11,15.15,15.09,15.14
1642419000,15.14,15.17,15.08,15.1
1642420800,15.1,15.12,15.06,15.08
1642422600,15.09,15.12,15.07,15.09
1642424400,15.08,15.1,15.02,15.05
1642426200,15.06,15.09,15.03,15.07
1642428000,15.06,15.09,15.01,15.03
1642429800,15.04,15.05,14.98,14.99
1642431600,14.92,14.92,14.92,14.92
1642487400,14.92,14.92,14.92,14.92
1642489200,14.92,15.06,14.9,14.98
1642491000,14.98,15.01,14.94,14.97
1642492800,14.97,15,14.91,14.93
1642494600,14.93,14.96,14.92,14.95
1642496400,14.95,14.95,14.85,14.87
1642498200,14.87,14.87,14.73,14.79
1642500000,14.78,14.8,14.75,14.79
1642501800,14.79,14.81,14.74,14.78
1642503600,14.78,14.78,14.71,14.75
1642505400,14.75,14.79,14.73,14.74
1642507200,14.75,14.77,14.71,14.73
1642509000,14.73,14.77,14.71,14.72
1642510800,14.72,14.72,14.5,14.56
1642512600,14.56,14.62,14.48,14.58
1642514400,14.57,14.58,14.18,14.18
1642573800,14.08,14.08,14.08,14.08
1642575600,14.09,14.26,13.86,14.01
1642577400,14.01,14.11,13.83,13.87
1642579200,13.87,13.98,13.85,13.93
1642581000,13.94,14.02,13.93,13.98
1642582800,13.98,14,13.93,13.94
1642584600,13.94,13.97,13.89,13.91
1642586400,13.91,13.95,13.88,13.9
1642588200,13.89,13.89,13.67,13.71
1642590000,13.71,13.74,13.61,13.67
1642591800,13.68,13.86,13.66,13.83
1642593600,13.83,13.87,13.73,13.79
1642595400,13.79,13.92,13.78,13.91
1642597200,13.91,14.1,13.9,14.05
1642599000,14.04,14.26,14.04,14.22
1642600800,14.22,14.4,14.21,14.25
1642602600,14.26,14.3,14.18,14.22
1642604400,14.22,14.22,14.22,14.22
1642660200,14.34,14.34,14.34,14.34
1642662000,14.34,14.4,14.23,14.33
1642663800,14.33,14.33,14.25,14.28
1642665600,14.27,14.31,14.14,14.17
1642667400,14.17,14.2,14.13,14.15
1642669200,14.15,14.17,14.06,14.15
1642671000,14.15,14.15,14.11,14.12
1642672800,14.12,14.18,14.1,14.16
1642674600,14.16,14.19,14.13,14.16
1642676400,14.16,14.27,14.09,14.21
1642678200,14.21,14.36,14.04,14.09
1642680000,14.08,14.14,13.96,14.1
1642681800,14.1,14.1,13.87,13.89
1642683600,13.89,14,13.8,13.98
1642685400,13.98,14.01,13.86,13.95
1642687200,13.94,13.95,13.63,13.63
1642689000,13.63,13.82,13.63,13.79
1642690800,13.79,13.79,13.79,13.79
1642746600,13.78,13.78,13.78,13.78
1642748400,13.78,13.81,13.61,13.64
1642750200,13.63,13.74,13.62,13.72
1642752000,13.72,13.93,13.71,13.89
1642753800,13.88,13.89,13.72,13.78
1642755600,13.79,13.87,13.77,13.86
1642757400,13.86,13.88,13.82,13.84
1642759200,13.84,13.87,13.77,13.86
1642761000,13.85,13.97,13.84,13.9
1642762800,13.9,13.91,13.76,13.86
1642764600,13.85,13.89,13.76,13.88
1642766400,13.88,13.96,13.83,13.95
1642768200,13.95,13.97,13.88,13.96
1642770000,13.97,14.01,13.88,13.9
1642771800,13.9,13.91,13.81,13.88
1642773600,13.88,14.08,13.83,13.98
1642775400,13.98,13.99,13.89,13.9
1642777200,13.92,13.92,13.92,13.92
1643005800,13.8,13.8,13.8,13.8
1643007600,13.8,13.89,13.72,13.78
1643009400,13.78,13.78,13.68,13.72
1643011200,13.72,13.74,13.64,13.71
1643013000,13.71,13.75,13.61,13.65
1643014800,13.65,13.67,13.58,13.63
1643016600,13.64,13.65,13.58,13.61
1643018400,13.6,13.61,13.42,13.52
1643020200,13.53,13.54,13.15,13.21
1643022000,13.2,13.37,13.14,13.25
1643023800,13.25,13.37,13.19,13.27
1643025600,13.26,13.34,13.23,13.3
1643027400,13.3,13.33,13.11,13.11
1643029200,13.16,13.28,13.11,13.18
1643031000,13.19,13.28,13.11,13.19
1643032800,13.19,13.31,13.16,13.25
1643034600,13.25,13.25,13.04,13.05
1643092200,13.11,13.11,13.11,13.11
1643094000,13.12,13.19,12.84,12.92
1643095800,12.93,13.03,12.91,13
1643097600,13.01,13.02,12.85,12.85
1643099400,12.85,13.08,12.78,13.04
1643101200,13.05,13.08,12.97,13.05
1643103000,13.05,13.16,13.05,13.12
1643104800,13.13,13.24,13.12,13.12
1643106600,13.12,13.14,13.07,13.12
1643108400,13.11,13.22,13.1,13.21
1643110200,13.21,13.28,13.1,13.27
1643112000,13.28,13.35,13.23,13.34
1643113800,13.34,13.41,13.29,13.39
1643115600,13.39,13.45,13.34,13.36
1643117400,13.35,13.46,13.34,13.42
1643119200,13.42,13.57,13.41,13.48
1643121000,13.49,13.49,13.35,13.37
1643122800,13.36,13.36,13.36,13.36
1643178600,13.39,13.39,13.39,13.39
1643180400,13.4,13.55,13.35,13.38
1643182200,13.38,13.45,13.37,13.4
1643184000,13.4,13.47,13.39,13.42
1643185800,13.42,13.47,13.4,13.46
1643187600,13.45,13.49,13.44,13.46
1643189400,13.46,13.47,13.41,13.44
1643191200,13.43,13.5,13.4,13.47
1643193000,13.47,13.5,13.43,13.45
1643194800,13.45,13.46,13.39,13.42
1643196600,13.41,13.44,13.4,13.42
1643198400,13.42,13.44,13.37,13.42
1643200200,13.42,13.43,13.28,13.34
1643202000,13.34,13.41,13.31,13.41
1643203800,13.4,13.43,13.36,13.4
1643205600,13.4,13.41,13.29,13.34
1643207400,13.34,13.39,13.29,13.36
1643209200,13.36,13.36,13.36,13.36
1643265000,13.26,13.26,13.26,13.26
1643266800,13.26,13.26,13.1,13.22
1643268600,13.21,13.32,13.19,13.28
1643270400,13.29,13.46,13.28,13.4
1643272200,13.4,13.52,13.36,13.5
1643274000,13.5,13.54,13.44,13.52
1643275800,13.51,13.62,13.49,13.61
1643277600,13.61,13.65,13.48,13.5
1643279400,13.49,13.56,13.48,13.51
1643281200,13.51,13.56,13.45,13.51
1643283000,13.52,13.56,13.5,13.55
1643284800,13.56,13.61,13.53,13.55
1643286600,13.55,13.56,13.49,13.54
1643288400,13.54,13.62,13.52,13.53
1643290200,13.53,13.6,13.52,13.56
1643292000,13.56,13.63,13.54,13.62
1643293800,13.63,13.8,13.6,13.75
1643295600,13.81,13.81,13.81,13.81
1643351400,13.91,13.91,13.91,13.91
1643353200,13.92,14.06,13.92,13.98
1643355000,13.98,14.03,13.92,14.01
1643356800,14.01,14.03,13.91,13.93
1643358600,13.93,13.96,13.87,13.91
1643360400,13.92,13.92,13.83,13.84
1643362200,13.83,13.88,13.77,13.82
1643364000,13.81,13.82,13.7,13.72
1643365800,13.71,13.77,13.67,13.73
1643367600,13.73,13.74,13.64,13.69
1643369400,13.69,13.73,13.62,13.67
1643371200,13.67,13.67,13.57,13.59
1643373000,13.59,13.64,13.53,13.57
1643374800,13.57,13.68,13.55,13.68
1643376600,13.68,13.73,13.61,13.67
1643378400,13.68,13.72,13.64,13.71
1643380200,13.71,13.72,13.56,13.61
1643382000,13.56,13.56,13.56,13.56
1643610600,13.73,13.73,13.73,13.73
1643612400,13.73,13.9,13.73,13.83
1643614200,13.84,13.89,13.81,13.82
1643616000,13.82,13.97,13.8,13.96
1643617800,13.96,13.97,13.84,13.85
1643619600,13.85,13.87,13.79,13.82
1643621400,13.82,13.85,13.81,13.83
1643623200,13.83,13.83,13.76,13.78
1643625000,13.78,13.79,13.71,13.75
1643626800,13.75,13.76,13.73,13.74
1643628600,13.74,13.8,13.73,13.75
1643630400,13.75,13.75,13.65,13.68
1643632200,13.67,13.72,13.67,13.7
1643634000,13.69,13.73,13.67,13.71
1643635800,13.72,13.74,13.69,13.71
1643637600,13.71,13.72,13.64,13.71
1643639400,13.7,13.84,13.7,13.8
1643641200,13.8,13.8,13.8,13.8
1643697000,13.82,13.82,13.82,13.82
1643698800,13.81,13.93,13.79,13.9
1643700600,13.9,13.96,13.87,13.95
1643702400,13.96,13.99,13.91,13.95
1643704200,13.95,14.01,13.92,13.99
1643706000,13.99,14.04,13.96,13.99
1643707800,14,14.05,13.99,14
1643709600,14,14.02,13.97,13.97
1643711400,13.97,14.04,13.96,14
1643713200,14,14.18,14,14.16
1643715000,14.16,14.24,14.15,14.17
1643716800,14.18,14.19,14.1,14.12
1643718600,14.12,14.19,14.08,14.17
1643720400,14.18,14.18,14.06,14.11
1643722200,14.11,14.18,14.09,14.13
1643724000,14.13,14.14,14.03,14.07
1643725800,14.07,14.13,14.04,14.09
1643727600,14.1,14.13,14.1,14.13
1643783400,14.36,14.36,14.36,14.36
1643785200,14.37,14.4,14.2,14.26
1643787000,14.26,14.28,14.22,14.24
1643788800,14.24,14.26,14.19,14.25
1643790600,14.25,14.26,14.14,14.16
1643792400,14.16,14.21,14.14,14.18
1643794200,14.19,14.2,14.13,14.14
1643796000,14.14,14.15,14.02,14.06
1643797800,14.06,14.09,14.04,14.05
1643799600,14.06,14.06,13.93,14
1643801400,13.99,14.03,13.97,14
1643803200,13.99,14,13.92,13.95
1643805000,13.95,14.02,13.9,13.98
1643806800,13.98,13.99,13.94,13.96
1643808600,13.95,13.97,13.85,13.9
1643810400,13.9,13.92,13.85,13.89
1643812200,13.9,13.94,13.84,13.92
1643814000,13.92,13.92,13.92,13.92
1643869800,13.89,13.89,13.89,13.89
1643871600,13.89,14.02,13.87,13.93
1643873400,13.92,13.99,13.92,13.98
1643875200,13.98,13.99,13.79,13.86
1643877000,13.86,13.93,13.86,13.9
1643878800,13.91,13.94,13.85,13.91
1643880600,13.91,13.91,13.82,13.83
1643882400,13.83,13.94,13.83,13.92
1643884200,13.91,13.92,13.83,13.83
1643886000,13.84,13.85,13.81,13.82
1643887800,13.83,13.88,13.77,13.87
1643889600,13.87,13.91,13.84,13.87
1643891400,13.88,13.93,13.86,13.88
1643893200,13.88,13.91,13.84,13.91
1643895000,13.92,13.93,13.65,13.69
1643896800,13.69,13.69,13.54,13.64
1643898600,13.64,13.64,13.39,13.49
1643900400,13.48,13.55,13.48,13.55
1643956200,13.75,13.75,13.75,13.75
1643958000,13.74,13.77,13.63,13.7
1643959800,13.7,13.72,13.65,13.68
1643961600,13.67,13.74,13.65,13.65
1643963400,13.66,13.66,13.47,13.57
1643965200,13.57,13.62,13.53,13.6
1643967000,13.6,13.61,13.54,13.59
1643968800,13.59,13.6,13.52,13.59
1643970600,13.58,13.6,13.55,13.57
1643972400,13.56,13.59,13.44,13.49
1643974200,13.49,13.51,13.38,13.43
1643976000,13.43,13.45,13.37,13.45
1643977800,13.44,13.48,13.41,13.47
1643979600,13.46,13.54,13.45,13.52
1643981400,13.52,13.53,13.41,13.42
1643983200,13.42,13.48,13.41,13.47
1643985000,13.47,13.47,13.3,13.32
1643986800,13.33,13.39,13.32,13.39
1644215400,13.37,13.37,13.37,13.37
1644217200,13.37,13.48,13.33,13.46
1644219000,13.46,13.5,13.41,13.45
1644220800,13.45,13.47,13.2,13.27
1644222600,13.26,13.3,13.19,13.29
1644224400,13.29,13.33,13.28,13.32
1644226200,13.31,13.36,13.29,13.35
1644228000,13.34,13.38,13.33,13.35
1644229800,13.36,13.47,13.35,13.46
1644231600,13.46,13.77,13.46,13.76
1644233400,13.77,13.82,13.71,13.73
1644235200,13.73,13.81,13.71,13.72
1644237000,13.71,13.82,13.71,13.75
1644238800,13.76,13.83,13.75,13.78
1644240600,13.78,13.83,13.76,13.82
1644242400,13.82,13.83,13.77,13.81
1644244200,13.8,13.82,13.77,13.81
1644246000,13.81,13.82,13.81,13.82
1644301800,13.78,13.78,13.78,13.78
1644303600,13.77,13.81,13.71,13.76
1644305400,13.76,13.78,13.67,13.72
1644307200,13.72,13.84,13.71,13.84
1644309000,13.83,13.93,13.83,13.85
1644310800,13.85,13.96,13.85,13.88
1644312600,13.88,13.91,13.86,13.86
1644314400,13.86,13.86,13.78,13.85
1644316200,13.85,13.9,13.85,13.89
1644318000,13.89,13.95,13.83,13.85
1644319800,13.85,13.99,13.83,13.96
1644321600,13.96,13.96,13.89,13.93
1644323400,13.93,13.98,13.9,13.97
1644325200,13.97,14.13,13.97,14.09
1644327000,14.1,14.18,14.06,14.16
1644328800,14.17,14.18,14.09,14.16
1644330600,14.16,14.17,14.01,14.11
1644332400,14.12,14.12,14.11,14.11
1644388200,14.4,14.4,14.4,14.4
1644390000,14.41,14.46,14.19,14.29
1644391800,14.29,14.3,14.2,14.22
1644393600,14.21,14.24,14.2,14.22
1644395400,14.23,14.27,14.21,14.27
1644397200,14.27,14.27,14.24,14.26
1644399000,14.27,14.27,14.22,14.24
1644400800,14.23,14.29,14.19,14.26
1644402600,14.26,14.29,14.23,14.26
1644404400,14.26,14.27,14.23,14.25
1644406200,14.24,14.27,14.23,14.26
1644408000,14.26,14.27,14.2,14.2
1644409800,14.21,14.23,14.19,14.22
1644411600,14.22,14.24,14.19,14.22
1644413400,14.23,14.26,14.21,14.23
1644415200,14.23,14.29,14.23,14.27
1644417000,14.27,14.34,14.25,14.27
1644418800,14.28,14.28,14.26,14.26
1644474600,14.27,14.27,14.27,14.27
1644476400,14.26,14.32,14.23,14.28
1644478200,14.28,14.32,14.25,14.27
1644480000,14.26,14.28,14.24,14.25
1644481800,14.25,14.25,14.06,14.09
1644483600,14.1,14.16,14.07,14.11
1644485400,14.11,14.13,14.09,14.1
1644487200,14.11,14.11,14.05,14.1
1644489000,14.1,14.13,14.09,14.1
1644490800,14.11,14.13,14.09,14.12
1644492600,14.12,14.14,14.08,14.1
1644494400,14.1,14.11,14.07,14.07
1644496200,14.08,14.09,14.06,14.08
1644498000,14.08,14.12,14.07,14.08
1644499800,14.08,14.09,13.93,13.99
1644501600,13.99,14.02,13.95,13.96
1644503400,13.97,13.99,13.93,13.94
1644505200,13.92,13.92,13.92,13.92
1644561000,13.83,13.83,13.83,13.83
1644562800,13.82,13.88,13.78,13.8
1644564600,13.8,13.82,13.78,13.8
1644566400,13.8,13.87,13.79,13.82
1644568200,13.82,13.83,13.79,13.8
1644570000,13.8,13.8,13.71,13.74
1644571800,13.73,13.74,13.63,13.64
1644573600,13.64,13.65,13.58,13.63
1644575400,13.63,13.64,13.55,13.61
1644577200,13.61,13.64,13.6,13.6
1644579000,13.61,13.61,13.54,13.61
1644580800,13.6,13.63,13.6,13.63
1644582600,13.63,13.68,13.62,13.68
1644584400,13.67,13.78,13.66,13.76
1644586200,13.76,13.87,13.73,13.85
1644588000,13.85,13.95,13.81,13.85
1644589800,13.84,13.9,13.79,13.87
1644591600,13.87,13.87,13.87,13.87
1644820200,13.58,13.58,13.58,13.58
1644822000,13.58,13.6,13.45,13.47
1644823800,13.47,13.51,13.45,13.51
1644825600,13.5,13.52,13.4,13.41
1644827400,13.41,13.42,13.28,13.33
1644829200,13.33,13.38,13.28,13.38
1644831000,13.38,13.4,13.29,13.36
1644832800,13.35,13.37,13.33,13.36
1644834600,13.36,13.41,13.35,13.38
1644836400,13.39,13.4,13.34,13.38
1644838200,13.38,13.4,13.33,13.4
1644840000,13.4,13.41,13.32,13.36
1644841800,13.36,13.49,13.33,13.49
1644843600,13.49,13.53,13.45,13.52
1644845400,13.51,13.52,13.43,13.47
1644847200,13.47,13.49,13.4,13.42
1644849000,13.41,13.43,13.33,13.35
1644850800,13.35,13.35,13.34,13.34
1644906600,13.35,13.35,13.35,13.35
1644908400,13.36,13.46,13.36,13.44
1644910200,13.45,13.45,13.38,13.42
1644912000,13.42,13.64,13.41,13.64
1644913800,13.64,13.68,13.59,13.66
1644915600,13.67,13.67,13.62,13.64
1644917400,13.64,13.66,13.62,13.63
1644919200,13.64,13.66,13.6,13.62
1644921000,13.62,13.64,13.58,13.59
1644922800,13.59,13.63,13.58,13.59
1644924600,13.59,13.64,13.58,13.6
1644926400,13.6,13.6,13.53,13.57
1644928200,13.56,13.57,13.52,13.54
1644930000,13.55,13.55,13.49,13.52
1644931800,13.51,13.51,13.36,13.41
1644933600,13.41,13.51,13.39,13.47
1644935400,13.48,13.51,13.46,13.5
1644937200,13.47,13.47,13.47,13.47
1644993000,13.54,13.54,13.54,13.54
1644994800,13.53,13.57,13.52,13.55
1644996600,13.55,13.61,13.53,13.57
1644998400,13.58,13.64,13.56,13.6
1645000200,13.6,13.61,13.57,13.57
1645002000,13.58,13.59,13.52,13.55
1645003800,13.55,13.56,13.53,13.54
1645005600,13.54,13.55,13.5,13.5
1645007400,13.5,13.55,13.5,13.54
1645009200,13.54,13.55,13.52,13.54
1645011000,13.54,13.59,13.53,13.56
1645012800,13.56,13.6,13.54,13.58
1645014600,13.57,13.58,13.54,13.55
1645016400,13.55,13.57,13.53,13.56
1645018200,13.55,13.58,13.52,13.53
1645020000,13.53,13.54,13.44,13.46
1645021800,13.47,13.5,13.44,13.46
1645023600,13.47,13.47,13.47,13.47
1645079400,13.51,13.51,13.51,13.51
1645081200,13.5,13.54,13.5,13.51
1645083000,13.51,13.51,13.47,13.5
1645084800,13.5,13.55,13.47,13.47
1645086600,13.47,13.47,13.29,13.36
1645088400,13.36,13.4,13.35,13.38
1645090200,13.38,13.42,13.37,13.41
1645092000,13.42,13.43,13.38,13.43
1645093800,13.42,13.44,13.4,13.43
1645095600,13.43,13.46,13.39,13.44
1645097400,13.44,13.47,13.43,13.44
1645099200,13.45,13.52,13.44,13.5
1645101000,13.51,13.53,13.45,13.48
1645102800,13.49,13.5,13.37,13.39
1645104600,13.39,13.41,13.33,13.35
1645106400,13.34,13.4,13.27,13.29
1645108200,13.29,13.29,13.07,13.13
1645110000,13.08,13.08,13.08,13.08
1645165800,13.2,13.2,13.2,13.2
1645167600,13.2,13.3,13.15,13.17
1645169400,13.17,13.22,13.17,13.18
1645171200,13.19,13.21,13.16,13.18
1645173000,13.18,13.21,13.14,13.14
1645174800,13.14,13.15,13.12,13.14
1645176600,13.14,13.16,13.12,13.15
1645178400,13.15,13.17,13.13,13.17
1645180200,13.16,13.18,13.15,13.15
1645182000,13.15,13.18,13.12,13.15
1645183800,13.14,13.15,13.12,13.14
1645185600,13.14,13.22,13.13,13.21
1645187400,13.22,13.33,13.21,13.28
1645189200,13.29,13.3,13.13,13.16
1645191000,13.15,13.18,13.1,13.16
1645192800,13.16,13.17,13.12,13.16
1645194600,13.15,13.28,13.13,13.27
1645196400,13.27,13.29,13.27,13.29
1645425000,13.4,13.4,13.4,13.4
1645426800,13.41,13.47,13.39,13.41
1645428600,13.41,13.42,13.35,13.37
1645430400,13.37,13.41,13.33,13.39
1645432200,13.39,13.39,13.33,13.35
1645434000,13.35,13.35,13.31,13.32
1645435800,13.32,13.34,13.31,13.32
1645437600,13.33,13.34,13.29,13.3
1645439400,13.3,13.3,13.27,13.29
1645441200,13.29,13.31,13.26,13.26
1645443000,13.27,13.28,13.19,13.22
1645444800,13.22,13.25,13.2,13.24
1645446600,13.24,13.25,13.18,13.19
1645448400,13.19,13.21,13.15,13.18
1645450200,13.18,13.23,13.16,13.19
1645452000,13.19,13.33,13.18,13.3
1645453800,13.3,13.31,13.2,13.2
1645455600,13.21,13.21,13.2,13.2
1645511400,12.92,12.92,12.92,12.92
1645513200,12.91,12.96,12.79,12.81
1645515000,12.81,12.89,12.78,12.88
1645516800,12.87,12.92,12.86,12.89
1645518600,12.89,12.95,12.85,12.94
1645520400,12.95,12.96,12.91,12.92
1645522200,12.92,12.93,12.88,12.89
1645524000,12.89,12.99,12.87,12.97
1645525800,12.96,13.08,12.94,13.07
1645527600,13.07,13.11,12.98,13
1645529400,12.99,13,12.97,12.99
1645531200,12.99,13.02,12.94,13.02
1645533000,13.01,13.03,12.96,12.97
1645534800,12.98,13.06,12.97,13.02
1645536600,13.02,13.07,12.98,13.02
1645538400,13.01,13.05,12.95,12.96
1645540200,12.96,12.97,12.89,12.95
1645542000,12.97,12.97,12.97,12.97
1645597800,13.03,13.03,13.03,13.03
1645599600,13.04,13.1,13.01,13.05
1645601400,13.05,13.12,13.03,13.11
1645603200,13.12,13.15,13.08,13.09
1645605000,13.1,13.13,13.09,13.11
1645606800,13.11,13.17,13.1,13.16
1645608600,13.17,13.22,13.13,13.21
1645610400,13.21,13.25,13.17,13.2
1645612200,13.2,13.24,13.18,13.21
1645614000,13.2,13.22,13.15,13.22
1645615800,13.21,13.22,13.15,13.17
1645617600,13.16,13.17,13.07,13.1
1645619400,13.1,13.12,13.06,13.08
1645621200,13.08,13.08,12.94,13
1645623000,13,13,12.91,12.96
1645624800,12.96,12.99,12.86,12.9
1645626600,12.9,12.94,12.86,12.88
1645628400,12.87,12.87,12.87,12.87
1645684200,11.7,11.7,11.7,11.7
1645686000,11.71,11.71,11.71,11.71
1645687800,11.72,12.13,11.71,12.11
1645689600,12.11,12.15,12.03,12.05
1645691400,12.05,12.08,11.88,11.89
1645693200,11.89,12.02,11.85,12
1645695000,11.99,12,11.8,11.82
1645696800,11.82,11.83,11.62,11.63
1645698600,11.64,11.72,11.59,11.6
1645700400,11.6,11.66,11.59,11.64
1645702200,11.65,11.68,11.59,11.63
1645704000,11.63,11.64,11.59,11.59
1645705800,11.59,11.59,11.59,11.59
1645707600,11.59,11.66,11.59,11.6
1645709400,11.6,11.64,11.59,11.64
1645711200,11.64,11.88,11.62,11.76
1645713000,11.76,11.8,11.62,11.67
1645714800,11.74,11.74,11.74,11.74
1645770600,11.97,11.97,11.97,11.97
1645772400,11.97,12.12,11.96,12.02
1645774200,12.02,12.1,12.01,12.07
1645776000,12.07,12.1,12.01,12.02
1645777800,12.03,12.12,12.01,12.09
1645779600,12.1,12.13,12.06,12.07
1645781400,12.07,12.3,12.06,12.27
1645783200,12.27,12.38,12.26,12.3
1645785000,12.3,12.37,12.25,12.29
1645786800,12.29,12.4,12.27,12.37
1645788600,12.37,12.43,12.34,12.37
1645790400,12.38,12.51,12.35,12.43
1645792200,12.43,12.54,12.37,12.51
1645794000,12.52,12.58,12.44,12.46
1645795800,12.46,12.53,12.44,12.47
1645797600,12.46,12.51,12.36,12.37
1645799400,12.37,12.44,12.32,12.38
1645801200,12.38,12.38,12.3,12.3
1646029800,11.87,11.87,11.87,11.87
1646031600,11.86,12.19,11.83,12.06
1646033400,12.05,12.24,12.02,12.21
1646035200,12.2,12.31,12.16,12.3
1646037000,12.3,12.37,12.18,12.19
1646038800,12.19,12.29,12.19,12.26
1646040600,12.26,12.32,12.22,12.24
1646042400,12.24,12.31,12.21,12.3
1646044200,12.3,12.32,12.22,12.24
1646046000,12.24,12.41,12.24,12.37
1646047800,12.37,12.41,12.32,12.35
1646049600,12.34,12.4,12.34,12.37
1646051400,12.38,12.4,12.33,12.35
1646053200,12.35,12.35,12.19,12.23
1646055000,12.23,12.26,12.17,12.25
1646056800,12.24,12.34,12.23,12.3
1646058600,12.3,12.36,12.23,12.36
1646060400,12.38,12.38,12.38,12.38
1646116200,12.52,12.52,12.52,12.52
1646118000,12.53,12.61,12.5,12.58
1646119800,12.58,12.58,12.51,12.54
1646121600,12.54,12.58,12.49,12.53
1646123400,12.53,12.59,12.5,12.53
1646125200,12.54,12.55,12.46,12.46
1646127000,12.47,12.48,12.37,12.43
1646128800,12.42,12.45,12.28,12.31
1646130600,12.31,12.34,12.26,12.31
1646132400,12.31,12.35,12.3,12.3
1646134200,12.3,12.35,12.18,12.2
1646136000,12.2,12.27,12.18,12.27
1646137800,12.26,12.27,12.23,12.24
1646139600,12.24,12.3,12.23,12.28
1646141400,12.28,12.32,12.27,12.3
1646143200,12.29,12.33,12.28,12.3
1646145000,12.3,12.33,12.23,12.24
1646146800,12.21,12.21,12.21,12.21
1646202600,12.18,12.18,12.18,12.18
1646204400,12.18,12.19,12.08,12.17
1646206200,12.17,12.31,12.14,12.28
1646208000,12.29,12.38,12.28,12.33
1646209800,12.34,12.36,12.23,12.26
1646211600,12.25,12.29,12.22,12.29
1646213400,12.29,12.3,12.26,12.28
1646215200,12.27,12.3,12.21,12.25
1646217000,12.26,12.28,12.24,12.25
1646218800,12.25,12.25,12.11,12.18
1646220600,12.17,12.2,12.15,12.17
1646222400,12.17,12.2,12.16,12.18
1646224200,12.17,12.18,12.14,12.15
1646226000,12.15,12.15,12.04,12.06
1646227800,12.06,12.09,12.03,12.09
1646229600,12.08,12.1,12.04,12.06
1646231400,12.06,12.08,12.01,12.07
1646233200,12.08,12.08,12.08,12.08
1646289000,12.19,12.19,12.19,12.19
1646290800,12.2,12.3,12.2,12.26
1646292600,12.26,12.26,12.17,12.24
1646294400,12.25,12.25,12.19,12.22
1646296200,12.22,12.24,12.18,12.24
1646298000,12.24,12.27,12.21,12.22
1646299800,12.23,12.25,12.21,12.23
1646301600,12.23,12.24,12.19,12.2
1646303400,12.21,12.23,12.19,12.2
1646305200,12.21,12.22,12.19,12.2
1646307000,12.2,12.21,12.17,12.18
1646308800,12.19,12.25,12.18,12.2
1646310600,12.2,12.22,12.16,12.19
1646312400,12.18,12.21,12.17,12.2
1646314200,12.21,12.25,12.2,12.25
1646316000,12.25,12.52,12.24,12.33
1646317800,12.34,12.34,12.11,12.24
1646319600,12.24,12.24,12.24,12.24
1646375400,12.12,12.12,12.12,12.12
1646377200,12.13,12.2,12.12,12.17
1646379000,12.17,12.25,12.14,12.23
1646380800,12.22,12.25,12.16,12.18
1646382600,12.17,12.18,12.07,12.12
1646384400,12.12,12.13,12.07,12.11
1646386200,12.1,12.13,12.09,12.13
1646388000,12.13,12.16,12.11,12.16
1646389800,12.16,12.16,12.11,12.14
1646391600,12.14,12.14,12.08,12.12
1646393400,12.12,12.13,12.1,12.12
1646395200,12.11,12.13,12.05,12.06
1646397000,12.06,12.13,12.05,12.13
1646398800,12.13,12.13,12.06,12.1
1646400600,12.1,12.11,12.08,12.09
1646402400,12.09,12.12,12.08,12.11
1646404200,12.11,12.11,12.04,12.07
1646406000,12.06,12.06,12.06,12.06
1646634600,12.01,12.01,12.01,12.01
1646636400,12,12.05,11.92,12.01
1646638200,12.01,12.03,11.92,11.94
1646640000,11.94,11.98,11.83,11.85
1646641800,11.85,11.89,11.83,11.88
1646643600,11.88,11.9,11.84,11.86
1646645400,11.86,11.87,11.81,11.87
1646647200,11.87,11.88,11.85,11.86
1646649000,11.86,11.89,11.85,11.86
1646650800,11.86,11.91,11.82,11.89
1646652600,11.89,11.91,11.87,11.9
1646654400,11.9,11.99,11.89,11.98
1646656200,11.98,12.06,11.96,12.05
1646658000,12.06,12.2,12.03,12.16
1646659800,12.16,12.25,12.15,12.2
1646661600,12.2,12.25,12.18,12.2
1646663400,12.2,12.21,12.13,12.17
1646665200,12.17,12.17,12.14,12.14
1646721000,12,12,12,12
1646722800,12,12.21,11.97,12.2
1646724600,12.2,12.21,12.11,12.14
1646726400,12.13,12.42,12.13,12.41
1646728200,12.41,12.61,12.34,12.47
1646730000,12.46,12.58,12.46,12.53
1646731800,12.52,12.59,12.49,12.51
1646733600,12.5,12.52,12.46,12.47
1646735400,12.46,12.68,12.45,12.64
1646737200,12.64,12.76,12.62,12.69
1646739000,12.69,12.71,12.57,12.66
1646740800,12.66,12.71,12.61,12.67
1646742600,12.67,12.84,12.65,12.83
1646744400,12.84,12.85,12.63,12.68
1646746200,12.67,12.86,12.65,12.83
1646748000,12.84,13,12.77,12.93
1646749800,12.93,12.99,12.77,12.93
1646751600,12.91,12.91,12.91,12.91
1646807400,13.1,13.1,13.1,13.1
1646809200,13.11,13.48,13.05,13.47
1646811000,13.47,13.6,13.43,13.49
1646812800,13.49,13.51,13.41,13.48
1646814600,13.48,13.53,13.45,13.45
1646816400,13.45,13.49,13.42,13.49
1646818200,13.48,13.55,13.38,13.44
1646820000,13.43,13.45,13.35,13.37
1646821800,13.37,13.46,13.33,13.45
1646823600,13.45,13.45,13.33,13.36
1646825400,13.36,13.38,13.25,13.34
1646827200,13.34,13.4,13.33,13.37
1646829000,13.36,13.38,13.22,13.25
1646830800,13.25,13.28,13.17,13.21
1646832600,13.21,13.25,12.98,13.05
1646834400,13.05,13.21,12.95,13.2
1646836200,13.2,13.2,13.06,13.09
1646838000,13.09,13.1,13.09,13.1
1646893800,13.24,13.24,13.24,13.24
1646895600,13.25,13.33,13.2,13.22
1646897400,13.21,13.27,13.21,13.24
1646899200,13.24,13.43,13.18,13.22
1646901000,13.22,13.28,13.16,13.2
1646902800,13.21,13.27,13.2,13.24
1646904600,13.24,13.27,13.17,13.18
1646906400,13.19,13.2,13.1,13.14
1646908200,13.15,13.17,13.09,13.15
1646910000,13.15,13.17,13.01,13.1
1646911800,13.1,13.12,13.07,13.11
1646913600,13.11,13.13,13.06,13.11
1646915400,13.1,13.12,13.04,13.09
1646917200,13.09,13.11,13.03,13.1
1646919000,13.1,13.16,13.08,13.16
1646920800,13.17,13.19,13.11,13.17
1646922600,13.17,13.22,13.09,13.15
1646924400,13.15,13.16,13.15,13.16
1646980200,13.18,13.18,13.18,13.18
1646982000,13.18,13.37,13.18,13.33
1646983800,13.34,13.51,13.32,13.5
1646985600,13.51,13.7,13.46,13.62
1646987400,13.63,13.68,13.6,13.62
1646989200,13.61,13.63,13.58,13.59
1646991000,13.58,13.59,13.52,13.58
1646992800,13.58,13.64,13.57,13.6
1646994600,13.6,13.61,13.48,13.5
1646996400,13.51,13.62,13.48,13.6
1646998200,13.6,13.67,13.55,13.63
1647000000,13.63,13.73,13.6,13.67
1647001800,13.67,13.67,13.55,13.64
1647003600,13.64,13.66,13.6,13.63
1647005400,13.62,13.68,13.6,13.65
1647007200,13.65,13.68,13.53,13.55
1647009000,13.55,13.61,13.49,13.56
1647010800,13.53,13.53,13.53,13.53
1647239400,13.65,13.65,13.65,13.65
1647241200,13.65,13.87,13.64,13.76
1647243000,13.75,13.89,13.74,13.86
1647244800,13.87,14,13.86,13.91
1647246600,13.91,13.95,13.87,13.9
1647248400,13.89,13.93,13.86,13.88
1647250200,13.88,13.9,13.86,13.88
1647252000,13.88,13.89,13.85,13.87
1647253800,13.88,13.88,13.85,13.86
1647255600,13.86,13.95,13.86,13.93
1647257400,13.93,13.94,13.87,13.88
1647259200,13.88,13.89,13.81,13.84
1647261000,13.83,13.9,13.82,13.87
1647262800,13.86,13.89,13.84,13.89
1647264600,13.88,13.95,13.8,13.81
1647266400,13.81,13.88,13.78,13.85
1647268200,13.85,13.86,13.82,13.84
1647270000,13.84,13.84,13.84,13.84
1647325800,13.84,13.84,13.84,13.84
1647327600,13.85,13.87,13.62,13.68
1647329400,13.67,13.73,13.64,13.69
1647331200,13.68,13.72,13.49,13.53
1647333000,13.53,13.55,13.44,13.49
1647334800,13.5,13.55,13.46,13.54
1647336600,13.53,13.56,13.52,13.53
1647338400,13.53,13.55,13.51,13.53
1647340200,13.53,13.56,13.52,13.54
1647342000,13.53,13.56,13.48,13.54
1647343800,13.53,13.61,13.53,13.59
1647345600,13.59,13.62,13.57,13.6
1647347400,13.61,13.66,13.6,13.64
1647349200,13.64,13.72,13.63,13.68
1647351000,13.68,13.76,13.64,13.74
1647352800,13.73,13.75,13.6,13.63
1647354600,13.63,13.66,13.59,13.6
1647356400,13.59,13.59,13.59,13.59
1647412200,13.7,13.7,13.7,13.7
1647414000,13.7,13.74,13.66,13.67
1647415800,13.67,13.69,13.64,13.67
1647417600,13.68,13.69,13.64,13.67
1647419400,13.67,13.68,13.59,13.62
1647421200,13.62,13.62,13.56,13.61
1647423000,13.61,13.62,13.59,13.62
1647424800,13.62,13.63,13.6,13.63
1647426600,13.62,13.64,13.59,13.62
1647428400,13.62,13.65,13.61,13.62
1647430200,13.63,13.63,13.61,13.62
1647432000,13.61,13.66,13.61,13.63
1647433800,13.63,13.64,13.58,13.59
1647435600,13.59,13.6,13.49,13.55
1647437400,13.55,13.57,13.54,13.55
1647439200,13.54,13.58,13.47,13.54
1647441000,13.54,13.54,13.42,13.43
1647442800,13.46,13.46,13.46,13.46
1647498600,13.56,13.56,13.56,13.56
1647500400,13.56,13.72,13.55,13.7
1647502200,13.71,13.83,13.7,13.79
1647504000,13.8,13.81,13.76,13.79
1647505800,13.79,13.79,13.73,13.73
1647507600,13.73,13.74,13.69,13.74
1647509400,13.74,13.74,13.71,13.73
1647511200,13.72,13.73,13.68,13.71
1647513000,13.7,13.74,13.7,13.73
1647514800,13.72,13.82,13.72,13.81
1647516600,13.82,13.82,13.74,13.75
1647518400,13.74,13.76,13.68,13.76
1647520200,13.76,13.79,13.74,13.76
1647522000,13.75,13.77,13.71,13.74
1647523800,13.74,13.79,13.73,13.76
1647525600,13.75,13.79,13.72,13.76
1647527400,13.76,13.81,13.68,13.7
1647529200,13.71,13.71,13.71,13.71
1647585000,13.73,13.73,13.73,13.73
1647586800,13.73,13.78,13.69,13.73
1647588600,13.73,13.79,13.72,13.77
1647590400,13.77,13.78,13.72,13.75
1647592200,13.75,13.76,13.72,13.72
1647594000,13.72,13.74,13.7,13.72
1647595800,13.73,13.74,13.72,13.73
1647597600,13.72,13.74,13.72,13.74
1647599400,13.74,13.74,13.71,13.72
1647601200,13.71,13.72,13.67,13.69
1647603000,13.69,13.7,13.67,13.7
1647604800,13.7,13.7,13.63,13.65
1647606600,13.65,13.68,13.63,13.66
1647608400,13.66,13.67,13.62,13.66
1647610200,13.65,13.67,13.64,13.66
1647612000,13.66,13.67,13.63,13.64
1647613800,13.64,13.66,13.64,13.66
1647615600,13.66,13.66,13.66,13.66
1647844200,13.73,13.73,13.73,13.73
1647846000,13.74,13.78,13.7,13.76
1647847800,13.75,13.78,13.73,13.77
1647849600,13.76,13.92,13.76,13.89
1647851400,13.89,13.92,13.85,13.89
1647853200,13.88,13.96,13.87,13.94
1647855000,13.95,14.02,13.94,13.97
1647856800,13.97,13.99,13.94,13.96
1647858600,13.95,13.98,13.95,13.97
1647860400,13.97,14.01,13.96,13.99
1647862200,13.98,14,13.96,13.97
1647864000,13.96,13.96,13.89,13.92
1647865800,13.92,13.93,13.89,13.92
1647867600,13.91,13.96,13.91,13.96
1647869400,13.95,13.99,13.95,13.96
1647871200,13.95,13.97,13.89,13.89
1647873000,13.89,14.07,13.89,14.07
1647874800,14.06,14.1,14.06,14.1
1647930600,14.12,14.12,14.12,14.12
1647932400,14.12,14.31,14.11,14.26
1647934200,14.25,14.27,14.22,14.25
1647936000,14.25,14.27,14.22,14.25
1647937800,14.25,14.27,14.21,14.22
1647939600,14.23,14.27,14.22,14.24
1647941400,14.24,14.24,14.22,14.24
1647943200,14.24,14.24,14.21,14.23
1647945000,14.23,14.23,14.18,14.19
1647946800,14.2,14.27,14.18,14.24
1647948600,14.25,14.27,14.22,14.24
1647950400,14.24,14.3,14.23,14.29
1647952200,14.29,14.29,14.25,14.28
1647954000,14.28,14.29,14.25,14.28
1647955800,14.29,14.35,14.28,14.35
1647957600,14.35,14.35,14.27,14.27
1647959400,14.27,14.34,14.27,14.33
1647961200,14.35,14.35,14.35,14.35
1648017000,14.44,14.44,14.44,14.44
1648018800,14.43,14.44,14.27,14.3
1648020600,14.29,14.31,14.14,14.19
1648022400,14.2,14.22,14.16,14.22
1648024200,14.22,14.24,14.2,14.24
1648026000,14.23,14.25,14.21,14.23
1648027800,14.23,14.24,14.18,14.24
1648029600,14.23,14.27,14.23,14.25
1648031400,14.25,14.26,14.22,14.25
1648033200,14.25,14.26,14.21,14.25
1648035000,14.25,14.27,14.21,14.23
1648036800,14.23,14.23,14.18,14.2
1648038600,14.21,14.21,14.12,14.19
1648040400,14.18,14.19,14.16,14.17
1648042200,14.18,14.2,14.12,14.2
1648044000,14.2,14.23,14.19,14.2
1648045800,14.19,14.22,14.15,14.17
1648047600,14.15,14.15,14.15,14.15
1648103400,14.17,14.17,14.17,14.17
1648105200,14.18,14.33,14.17,14.28
1648107000,14.28,14.37,14.26,14.36
1648108800,14.36,14.37,14.32,14.33
1648110600,14.33,14.34,14.28,14.3
1648112400,14.3,14.33,14.28,14.29
1648114200,14.28,14.29,14.24,14.27
1648116000,14.26,14.26,14.2,14.24
1648117800,14.23,14.24,14.15,14.21
1648119600,14.21,14.25,14.18,14.24
1648121400,14.25,14.27,14.21,14.25
1648123200,14.25,14.26,14.21,14.25
1648125000,14.24,14.3,14.24,14.26
1648126800,14.26,14.38,14.26,14.35
1648128600,14.36,14.55,14.33,14.5
1648130400,14.51,14.51,14.23,14.33
1648132200,14.32,14.36,14.3,14.31
1648134000,14.31,14.31,14.31,14.31
1648189800,14.36,14.36,14.36,14.36
1648191600,14.36,14.48,14.36,14.38
1648193400,14.38,14.43,14.37,14.41
1648195200,14.41,14.44,14.36,14.37
1648197000,14.36,14.39,14.33,14.35
1648198800,14.34,14.38,14.34,14.36
1648200600,14.36,14.37,14.32,14.34
1648202400,14.35,14.35,14.33,14.34
1648204200,14.34,14.34,14.29,14.33
1648206000,14.33,14.37,14.31,14.36
1648207800,14.36,14.41,14.35,14.38
1648209600,14.38,14.38,14.34,14.36
1648211400,14.36,14.37,14.32,14.33
1648213200,14.32,14.32,14.28,14.3
1648215000,14.3,14.31,14.24,14.29
1648216800,14.29,14.3,14.24,14.29
1648218600,14.29,14.29,14.23,14.26
1648220400,14.26,14.26,14.24,14.24
1648449000,14.26,14.26,14.26,14.26
1648450800,14.26,14.36,14.24,14.28
1648452600,14.28,14.34,14.27,14.31
1648454400,14.3,14.35,14.28,14.32
1648456200,14.32,14.35,14.3,14.33
1648458000,14.32,14.39,14.31,14.37
1648459800,14.37,14.37,14.34,14.34
1648461600,14.34,14.35,14.31,14.32
1648463400,14.31,14.42,14.31,14.37
1648465200,14.37,14.38,14.33,14.34
1648467000,14.34,14.35,14.31,14.33
1648468800,14.33,14.36,14.31,14.34
1648470600,14.34,14.35,14.31,14.33
1648472400,14.33,14.34,14.29,14.29
1648474200,14.29,14.31,14.25,14.29
1648476000,14.29,14.29,14.21,14.22
1648477800,14.22,14.26,14.21,14.22
1648479600,14.2,14.2,14.2,14.2
1648535400,14.29,14.29,14.29,14.29
1648537200,14.29,14.4,14.28,14.39
1648539000,14.39,14.61,14.38,14.54
1648540800,14.55,14.57,14.48,14.5
1648542600,14.5,14.59,14.45,14.58
1648544400,14.58,14.64,14.56,14.61
1648546200,14.61,14.66,14.59,14.64
1648548000,14.64,14.64,14.6,14.62
1648549800,14.62,14.68,14.61,14.66
1648551600,14.66,14.74,14.63,14.73
1648553400,14.74,14.79,14.69,14.72
1648555200,14.72,15.16,14.7,15.02
1648557000,15.02,15.15,14.99,15.02
1648558800,15.02,15.03,14.91,14.93
1648560600,14.92,14.94,14.81,14.91
1648562400,14.91,15.01,14.87,14.95
1648564200,14.95,15.16,14.94,15.11
1648566000,15.1,15.1,15.1,15.1
1648621800,15.3,15.3,15.3,15.3
1648623600,15.31,15.51,15.3,15.41
1648625400,15.42,15.44,15.33,15.37
1648627200,15.36,15.4,15.22,15.26
1648629000,15.26,15.31,15.25,15.28
1648630800,15.29,15.33,15.27,15.32
1648632600,15.32,15.33,15.26,15.29
1648634400,15.28,15.3,15.26,15.27
1648636200,15.28,15.3,15.26,15.28
1648638000,15.29,15.29,15.22,15.26
1648639800,15.26,15.27,15.2,15.22
1648641600,15.23,15.23,15.15,15.23
1648643400,15.23,15.25,15.21,15.23
1648645200,15.23,15.23,15.14,15.21
1648647000,15.21,15.24,15.17,15.18
1648648800,15.18,15.21,15.16,15.19
1648650600,15.19,15.2,15.08,15.11
1648652400,15.12,15.13,15.12,15.13
1648708200,15.16,15.16,15.16,15.16
1648710000,15.16,15.24,15.15,15.22
1648711800,15.22,15.38,15.17,15.37
1648713600,15.38,15.47,15.31,15.35
1648715400,15.35,15.35,15.28,15.3
1648717200,15.3,15.31,15.24,15.28
1648719000,15.28,15.36,15.27,15.36
1648720800,15.35,15.37,15.2,15.23
1648722600,15.22,15.24,15.17,15.21
1648724400,15.21,15.26,15.19,15.24
1648726200,15.24,15.26,15.23,15.25
1648728000,15.26,15.37,15.24,15.32
1648729800,15.32,15.32,15.25,15.27
1648731600,15.26,15.28,15.22,15.24
1648733400,15.24,15.27,15.21,15.26
1648735200,15.27,15.27,15.21,15.27
1648737000,15.26,15.27,15.15,15.22
1648738800,15.21,15.21,15.21,15.21
1648794600,15.15,15.15,15.15,15.15
1648796400,15.14,15.22,15.03,15.08
1648798200,15.08,15.14,15.06,15.11
1648800000,15.13,15.2,15.11,15.17
1648801800,15.17,15.18,15.13,15.17
1648803600,15.16,15.17,15.11,15.12
1648805400,15.11,15.17,15.11,15.12
1648807200,15.12,15.15,15.12,15.14
1648809000,15.14,15.15,15.08,15.11
1648810800,15.1,15.41,15.1,15.4
1648812600,15.4,15.44,15.32,15.32
1648814400,15.34,15.39,15.28,15.3
1648816200,15.29,15.32,15.25,15.29
1648818000,15.29,15.32,15.28,15.3
1648819800,15.3,15.33,15.28,15.31
1648821600,15.31,15.42,15.3,15.34
1648823400,15.35,15.39,15.32,15.35
1648825200,15.35,15.37,15.35,15.37
1649053800,15.54,15.54,15.54,15.54
1649055600,15.55,15.78,15.54,15.68
1649057400,15.67,15.7,15.63,15.64
1649059200,15.64,16.1,15.62,16.05
1649061000,16.05,16.35,16,16.19
1649062800,16.19,16.22,16.08,16.14
1649064600,16.13,16.21,16.11,16.17
1649066400,16.17,16.33,16.16,16.26
1649068200,16.26,16.28,16.21,16.25
1649070000,16.26,16.32,16.22,16.22
1649071800,16.23,16.28,16.16,16.27
1649073600,16.27,16.28,16.16,16.23
1649075400,16.22,16.23,16.04,16.07
1649077200,16.07,16.18,16.04,16.17
1649079000,16.16,16.18,16.05,16.12
1649080800,16.11,16.22,16.07,16.11
1649082600,16.11,16.25,16.1,16.25
1649084400,16.25,16.27,16.25,16.27
1649140200,16.3,16.3,16.3,16.3
1649142000,16.3,16.34,16.18,16.28
1649143800,16.27,16.42,16.12,16.35
1649145600,16.35,16.4,16.31,16.37
1649147400,16.37,16.56,16.36,16.49
1649149200,16.5,16.82,16.49,16.73
1649151000,16.72,16.75,16.65,16.71
1649152800,16.71,16.72,16.56,16.57
1649154600,16.57,16.69,16.55,16.68
1649156400,16.68,16.72,16.65,16.69
1649158200,16.69,16.7,16.67,16.68
1649160000,16.67,16.72,16.64,16.65
1649161800,16.65,16.74,16.62,16.63
1649163600,16.63,16.67,16.57,16.6
1649165400,16.6,16.65,16.55,16.58
1649167200,16.58,16.61,16.17,16.4
1649169000,16.4,16.57,16.33,16.57
1649170800,16.54,16.54,16.54,16.54
1649226600,16.57,16.57,16.57,16.57
1649228400,16.58,16.68,16.47,16.63
1649230200,16.63,16.64,16.5,16.57
1649232000,16.57,16.57,16.43,16.47
1649233800,16.48,16.56,16.48,16.54
1649235600,16.54,16.56,16.48,16.5
1649237400,16.51,16.52,16.45,16.49
1649239200,16.49,16.51,16.43,16.51
1649241000,16.5,16.52,16.39,16.43
1649242800,16.43,16.43,16.39,16.42
1649244600,16.42,16.43,16.24,16.29
1649246400,16.29,16.39,16.25,16.39
1649248200,16.38,16.43,16.34,16.38
1649250000,16.37,16.43,16.36,16.41
1649251800,16.4,16.42,16.28,16.34
1649253600,16.34,16.39,16.3,16.37
1649255400,16.37,16.39,16.31,16.34
1649257200,16.3,16.3,16.3,16.3
1649313000,16.38,16.38,16.38,16.38
1649314800,16.39,16.49,16.36,16.46
1649316600,16.46,16.59,16.45,16.54
1649318400,16.54,16.54,16.46,16.48
1649320200,16.48,16.57,16.46,16.52
1649322000,16.53,16.54,16.52,16.52
1649323800,16.52,16.54,16.48,16.52
1649325600,16.52,16.53,16.48,16.52
1649327400,16.53,16.56,16.49,16.51
1649329200,16.51,16.67,16.49,16.64
1649331000,16.64,16.75,16.6,16.73
1649332800,16.73,16.74,16.64,16.69
1649334600,16.69,16.74,16.66,16.68
1649336400,16.69,16.79,16.68,16.7
1649338200,16.7,16.76,16.67,16.75
1649340000,16.75,16.75,16.63,16.66
1649341800,16.65,16.72,16.64,16.69
1649343600,16.69,16.69,16.68,16.68
1649399400,16.79,16.79,16.79,16.79
1649401200,16.79,17.05,16.79,16.95
1649403000,16.95,16.97,16.89,16.94
1649404800,16.93,16.96,16.85,16.87
1649406600,16.86,16.9,16.83,16.86
1649408400,16.85,16.93,16.84,16.9
1649410200,16.91,16.95,16.89,16.93
1649412000,16.94,16.98,16.9,16.93
1649413800,16.92,16.93,16.9,16.92
1649415600,16.91,16.91,16.85,16.88
1649417400,16.87,16.89,16.83,16.84
1649419200,16.84,16.84,16.76,16.84
1649421000,16.84,16.84,16.79,16.81
1649422800,16.81,16.82,16.7,16.75
1649424600,16.75,16.82,16.75,16.76
1649426400,16.76,16.82,16.74,16.81
1649428200,16.82,16.92,16.77,16.92
1649430000,16.92,16.92,16.9,16.9
1649658600,16.86,16.86,16.86,16.86
1649660400,16.85,16.95,16.75,16.84
1649662200,16.85,16.89,16.83,16.87
1649664000,16.87,17.1,16.85,17.07
1649665800,17.07,17.24,17.05,17.15
1649667600,17.15,17.16,17.07,17.09
1649669400,17.09,17.12,17.04,17.07
1649671200,17.06,17.16,17.06,17.15
1649673000,17.15,17.18,17.09,17.14
1649674800,17.15,17.16,17.11,17.15
1649676600,17.15,17.18,17.12,17.15
1649678400,17.16,17.18,16.97,17.09
1649680200,17.09,17.09,17.01,17.03
1649682000,17.04,17.13,17.02,17.12
1649683800,17.13,17.15,17.04,17.11
1649685600,17.1,17.13,17.05,17.1
1649687400,17.1,17.11,17.03,17.08
1649689200,17.07,17.08,17.06,17.06
1649745000,17.18,17.18,17.18,17.18
1649746800,17.17,17.17,16.93,17.12
1649748600,17.12,17.22,17.09,17.18
1649750400,17.19,17.2,17.13,17.14
1649752200,17.14,17.33,17.12,17.26
1649754000,17.26,17.27,17.09,17.21
1649755800,17.2,17.28,17.19,17.22
1649757600,17.21,17.3,17.2,17.24
1649759400,17.23,17.26,17.2,17.23
1649761200,17.23,17.29,17.19,17.19
1649763000,17.19,17.35,17.18,17.29
1649764800,17.29,17.3,17.22,17.26
1649766600,17.26,17.37,17.26,17.3
1649768400,17.3,17.35,17.28,17.3
1649770200,17.29,17.35,17.26,17.29
1649772000,17.29,17.3,17.2,17.21
1649773800,17.21,17.27,17.2,17.25
1649775600,17.27,17.27,17.27,17.27
1649831400,17.44,17.44,17.44,17.44
1649833200,17.43,17.59,17.36,17.54
1649835000,17.54,17.55,17.47,17.51
1649836800,17.52,17.63,17.48,17.6
1649838600,17.61,18,17.6,17.84
1649840400,17.84,17.86,17.74,17.76
1649842200,17.76,17.82,17.75,17.77
1649844000,17.76,17.81,17.67,17.68
1649845800,17.68,17.7,17.61,17.65
1649847600,17.65,17.67,17.52,17.58
1649849400,17.57,17.6,17.53,17.58
1649851200,17.59,17.6,17.46,17.51
1649853000,17.51,17.51,17.37,17.39
1649854800,17.39,17.4,17.15,17.32
1649856600,17.32,17.47,17.31,17.43
1649858400,17.43,17.47,17.35,17.43
1649860200,17.43,17.45,17.26,17.35
1649862000,17.36,17.36,17.36,17.36
1649917800,17.51,17.51,17.51,17.51
1649919600,17.52,17.58,17.44,17.48
1649921400,17.49,17.51,17.4,17.41
1649923200,17.42,17.46,17.37,17.38
1649925000,17.38,17.4,17.35,17.37
1649926800,17.37,17.37,17.2,17.25
1649928600,17.25,17.31,17.24,17.29
1649930400,17.28,17.32,17.28,17.31
1649932200,17.31,17.38,17.31,17.38
1649934000,17.38,17.42,17.33,17.34
1649935800,17.34,17.38,17.32,17.38
1649937600,17.38,17.59,17.37,17.53
1649939400,17.54,17.57,17.45,17.5
1649941200,17.5,17.53,17.46,17.49
1649943000,17.49,17.52,17.44,17.48
1649944800,17.48,17.53,17.42,17.51
1649946600,17.51,17.54,17.34,17.35
1649948400,17.35,17.35,17.35,17.35
1650004200,17.35,17.35,17.35,17.35
1650006000,17.34,17.51,17.27,17.38
1650007800,17.39,17.43,17.38,17.42
1650009600,17.42,17.43,17.37,17.38
1650011400,17.39,17.39,17.32,17.37
1650013200,17.37,17.39,17.33,17.37
1650015000,17.36,17.41,17.36,17.37
1650016800,17.37,17.41,17.37,17.4
1650018600,17.4,17.44,17.39,17.42
1650020400,17.43,17.44,17.38,17.39
1650022200,17.39,17.43,17.35,17.42
1650024000,17.42,17.44,17.38,17.42
1650025800,17.43,17.47,17.4,17.45
1650027600,17.45,17.49,17.43,17.46
1650029400,17.46,17.47,17.37,17.42
1650031200,17.42,17.45,17.39,17.44
1650033000,17.43,17.51,17.39,17.43
1650034800,17.42,17.42,17.42,17.42
1650263400,17.48,17.48,17.48,17.48
1650265200,17.48,17.69,17.48,17.63
1650267000,17.63,17.67,17.6,17.64
1650268800,17.64,17.64,17.55,17.59
1650270600,17.59,17.63,17.58,17.6
1650272400,17.6,17.64,17.56,17.58
1650274200,17.58,17.63,17.55,17.62
1650276000,17.62,17.62,17.55,17.58
1650277800,17.58,17.61,17.57,17.59
1650279600,17.58,17.63,17.58,17.62
1650281400,17.61,17.62,17.57,17.59
1650283200,17.6,17.63,17.58,17.6
1650285000,17.61,17.65,17.6,17.64
1650286800,17.63,17.64,17.57,17.58
1650288600,17.58,17.67,17.57,17.64
1650290400,17.63,18.09,17.61,18.02
1650292200,18.02,18.09,17.9,18.03
1650294000,18.07,18.07,18.07,18.07
1650349800,18.15,18.15,18.15,18.15
1650351600,18.16,18.18,17.93,18.04
1650353400,18.05,18.05,17.94,18.03
1650355200,18.03,18.12,17.99,18.09
1650357000,18.09,18.09,17.97,18.01
1650358800,18.01,18.04,17.98,18
1650360600,17.99,18.02,17.96,17.99
1650362400,17.99,18.1,17.99,18.05
1650364200,18.06,18.06,18.02,18.03
1650366000,18.03,18.07,18.02,18.04
1650367800,18.04,18.08,18.01,18.03
1650369600,18.04,18.04,17.83,17.91
1650371400,17.91,17.93,17.75,17.77
1650373200,17.78,17.88,17.65,17.86
1650375000,17.86,17.91,17.8,17.88
1650376800,17.88,17.91,17.79,17.87
1650378600,17.86,17.97,17.86,17.93
1650380400,17.97,17.97,17.97,17.97
1650436200,18.05,18.05,18.05,18.05
1650438000,18.06,18.1,17.91,17.93
1650439800,17.93,17.93,17.83,17.85
1650441600,17.85,17.91,17.81,17.88
1650443400,17.89,17.91,17.86,17.9
1650445200,17.91,17.95,17.88,17.95
1650447000,17.95,17.96,17.9,17.93
1650448800,17.93,17.95,17.92,17.92
1650450600,17.93,17.95,17.89,17.94
1650452400,17.94,18.01,17.92,17.98
1650454200,17.98,18.21,17.97,18.19
1650456000,18.19,18.37,18.18,18.37
1650457800,18.38,18.42,18.33,18.39
1650459600,18.4,18.45,18.21,18.33
1650461400,18.32,18.37,18.23,18.26
1650463200,18.26,18.29,18.17,18.21
1650465000,18.2,18.28,18.19,18.21
1650466800,18.21,18.21,18.16,18.16
1650522600,18.16,18.16,18.16,18.16
1650524400,18.17,18.25,18.1,18.23
1650526200,18.24,18.37,18.22,18.3
1650528000,18.3,18.3,18.22,18.25
1650529800,18.24,18.28,18.21,18.27
1650531600,18.27,18.3,18.24,18.3
1650533400,18.29,18.3,18.25,18.25
1650535200,18.26,18.31,18.25,18.27
1650537000,18.27,18.36,18.26,18.35
1650538800,18.35,18.35,18.26,18.27
1650540600,18.27,18.31,18.26,18.29
1650542400,18.28,18.3,18.23,18.3
1650544200,18.29,18.3,18.24,18.25
1650546000,18.26,18.29,18.22,18.25
1650547800,18.25,18.27,18.19,18.2
1650549600,18.19,18.29,18.16,18.25
1650551400,18.25,18.29,18.23,18.28
1650553200,18.28,18.28,18.28,18.28
1650609000,18.2,18.2,18.2,18.2
1650610800,18.2,18.7,18.17,18.53
1650612600,18.53,18.69,18.52,18.69
1650614400,18.7,18.76,18.67,18.71
1650616200,18.73,18.73,18.58,18.6
1650618000,18.6,18.62,18.48,18.52
1650619800,18.53,18.55,18.51,18.52
1650621600,18.52,18.54,18.49,18.51
1650623400,18.51,18.53,18.39,18.42
1650625200,18.42,18.49,18.39,18.46
1650627000,18.47,18.47,18.43,18.46
1650628800,18.46,18.49,18.45,18.48
1650630600,18.47,18.48,18.27,18.34
1650632400,18.35,18.39,18.31,18.32
1650634200,18.33,18.33,18.14,18.2
1650636000,18.2,18.23,17.91,17.97
1650637800,17.97,17.98,17.61,17.85
1650639600,17.85,17.85,17.83,17.83
1650868200,17.7,17.7,17.7,17.7
1650870000,17.69,17.87,17.42,17.87
1650871800,17.87,17.91,17.74,17.79
1650873600,17.79,17.8,17.71,17.78
1650875400,17.77,17.86,17.76,17.81
1650877200,17.81,17.83,17.65,17.74
1650879000,17.74,17.81,17.71,17.79
1650880800,17.8,17.87,17.76,17.87
1650882600,17.87,17.9,17.76,17.78
1650884400,17.79,17.8,17.73,17.8
1650886200,17.79,17.9,17.79,17.88
1650888000,17.88,18.09,17.86,17.91
1650889800,17.91,18.02,17.9,17.99
1650891600,17.98,17.99,17.92,17.94
1650893400,17.94,18.04,17.84,17.84
1650895200,17.84,17.91,17.79,17.88
1650897000,17.89,17.98,17.84,17.94
1650898800,17.94,17.94,17.93,17.93
1650954600,18.06,18.06,18.06,18.06
1650956400,18.06,18.19,17.95,18.11
1650958200,18.1,18.18,18.07,18.14
1650960000,18.14,18.15,18.09,18.12
1650961800,18.11,18.12,17.99,18.04
1650963600,18.04,18.04,17.94,17.99
1650965400,17.99,18.01,17.96,17.98
1650967200,17.98,17.99,17.85,17.86
1650969000,17.86,17.9,17.74,17.75
1650970800,17.74,17.8,17.65,17.74
1650972600,17.75,17.76,17.68,17.75
1650974400,17.75,17.83,17.73,17.81
1650976200,17.82,17.86,17.73,17.85
1650978000,17.85,17.89,17.78,17.83
1650979800,17.83,17.93,17.58,17.69
1650981600,17.69,17.77,17.52,17.72
1650983400,17.72,17.73,17.54,17.6
1650985200,17.6,17.61,17.6,17.61
1651041000,17.58,17.58,17.58,17.58
1651042800,17.58,17.67,17.47,17.51
1651044600,17.51,17.69,17.5,17.68
1651046400,17.68,17.69,17.52,17.52
1651048200,17.52,17.55,17.43,17.51
1651050000,17.5,17.54,17.42,17.46
1651051800,17.46,17.46,17.33,17.44
1651053600,17.45,17.54,17.44,17.5
1651055400,17.5,17.56,17.47,17.55
1651057200,17.55,17.56,17.47,17.5
1651059000,17.49,17.51,17.4,17.49
1651060800,17.49,17.69,17.48,17.68
1651062600,17.68,17.82,17.6,17.65
1651064400,17.65,17.71,17.6,17.69
1651066200,17.69,17.91,17.65,17.83
1651068000,17.84,17.86,17.66,17.68
1651069800,17.67,17.84,17.65,17.8
1651071600,17.8,17.82,17.8,17.82
1651127400,17.9,17.9,17.9,17.9
1651129200,17.9,18.21,17.9,18.18
1651131000,18.18,18.24,18.16,18.17
1651132800,18.18,18.2,18.09,18.15
1651134600,18.14,18.17,18.13,18.14
1651136400,18.14,18.16,18.11,18.13
1651138200,18.13,18.15,18.08,18.1
1651140000,18.1,18.11,18.05,18.09
1651141800,18.08,18.13,18.07,18.1
1651143600,18.09,18.1,17.96,18
1651145400,18,18.01,17.85,17.91
1651147200,17.9,18.01,17.9,17.95
1651149000,17.95,18.02,17.93,17.96
1651150800,17.95,17.97,17.89,17.89
1651152600,17.89,17.91,17.79,17.8
1651154400,17.79,17.85,17.76,17.8
1651156200,17.79,17.79,17.66,17.7
1651158000,17.7,17.71,17.7,17.71
1651213800,17.79,17.79,17.79,17.79
1651215600,17.8,17.9,17.78,17.8
1651217400,17.8,17.88,17.74,17.83
1651219200,17.82,17.89,17.77,17.83
1651221000,17.84,17.88,17.81,17.82
1651222800,17.82,17.82,17.74,17.76
1651224600,17.75,17.76,17.7,17.75
1651226400,17.74,17.78,17.7,17.73
1651228200,17.73,17.77,17.72,17.76
1651230000,17.75,17.81,17.74,17.75
1651231800,17.75,17.83,17.73,17.8
1651233600,17.8,18.03,17.79,17.95
1651235400,17.94,17.99,17.88,17.95
1651237200,17.95,18.08,17.91,17.98
1651239000,17.98,18.08,17.97,18.07
1651240800,18.06,18.14,18.03,18.04
1651242600,18.03,18.16,18.03,18.12
1651244400,18.12,18.12,18.12,18.12
1651732200,18.35,18.35,18.35,18.35
1651734000,18.35,18.48,18.27,18.33
1651735800,18.33,18.36,18.26,18.34
1651737600,18.34,18.36,18.31,18.34
1651739400,18.34,18.35,18.3,18.34
1651741200,18.33,18.39,18.33,18.36
1651743000,18.37,18.39,18.35,18.37
1651744800,18.37,18.46,18.35,18.42
1651746600,18.42,18.45,18.4,18.42
1651748400,18.42,18.54,18.42,18.48
1651750200,18.48,18.52,18.47,18.52
1651752000,18.52,18.66,18.51,18.64
1651753800,18.65,18.86,18.61,18.85
1651755600,18.85,18.96,18.8,18.81
1651757400,18.8,18.82,18.67,18.69
1651759200,18.68,18.78,18.64,18.69
1651761000,18.68,18.86,18.62,18.84
1651762800,18.84,18.84,18.81,18.81
1651818600,18.79,18.79,18.79,18.79
1651820400,18.8,19.39,18.72,19.32
1651822200,19.32,19.9,19.28,19.88
1651824000,19.88,19.92,19.75,19.79
1651825800,19.78,19.8,19.59,19.66
1651827600,19.66,19.72,19.59,19.59
1651829400,19.58,19.62,19.53,19.57
1651831200,19.57,19.62,19.52,19.57
1651833000,19.57,19.6,19.53,19.54
1651834800,19.54,19.56,19.42,19.44
1651836600,19.44,19.47,19.38,19.44
1651838400,19.44,19.47,19.42,19.44
1651840200,19.44,19.62,19.43,19.48
1651842000,19.48,19.5,19.36,19.36
1651843800,19.37,19.45,19.16,19.2
1651845600,19.2,19.42,19.19,19.4
1651847400,19.39,19.44,19.32,19.4
1651849200,19.4,19.4,19.39,19.39
1652077800,19.46,19.46,19.46,19.46
1652079600,19.47,19.75,19.46,19.53
1652081400,19.54,19.58,19.46,19.54
1652083200,19.54,19.55,19.36,19.44
1652085000,19.45,19.47,19.35,19.46
1652086800,19.45,19.69,19.43,19.58
1652088600,19.58,19.6,19.52,19.56
1652090400,19.55,19.57,19.43,19.46
1652092200,19.46,19.52,19.41,19.46
1652094000,19.46,19.54,19.43,19.47
1652095800,19.47,19.48,19.42,19.47
1652097600,19.47,19.52,19.41,19.46
1652099400,19.46,19.49,19.38,19.42
1652101200,19.41,19.42,19.28,19.34
1652103000,19.34,19.41,19.27,19.39
1652104800,19.39,19.43,19.31,19.33
1652106600,19.33,19.37,19.29,19.29
1652108400,19.29,19.29,19.26,19.26
1652164200,19.47,19.47,19.47,19.47
1652166000,19.48,19.62,19.32,19.56
1652167800,19.56,19.7,19.55,19.64
1652169600,19.63,19.68,19.59,19.66
1652171400,19.66,19.71,19.63,19.68
1652173200,19.68,19.73,19.64,19.66
1652175000,19.66,19.69,19.65,19.66
1652176800,19.66,19.67,19.61,19.65
1652178600,19.66,19.67,19.59,19.64
1652180400,19.65,19.88,19.6,19.83
1652182200,19.82,19.83,19.76,19.78
1652184000,19.79,19.87,19.77,19.85
1652185800,19.84,20,19.83,19.88
1652187600,19.88,19.96,19.86,19.92
1652189400,19.92,20.02,19.92,19.94
1652191200,19.94,19.98,19.84,19.94
1652193000,19.94,20.1,19.89,20.1
1652194800,20.1,20.1,20.04,20.04
1652250600,20.1,20.1,20.1,20.1
1652252400,20.1,20.24,19.95,20.06
1652254200,20.08,20.22,19.93,20.1
1652256000,20.1,20.2,20,20.08
1652257800,20.08,20.16,20.06,20.14
1652259600,20.12,20.16,20.08,20.1
1652261400,20.1,20.16,20.06,20.14
1652263200,20.12,20.14,19.91,19.97
1652265000,19.97,20.02,19.95,20.02
1652266800,20,20.02,19.84,19.92
1652268600,19.91,19.94,19.85,19.93
1652270400,19.93,19.97,19.89,19.96
1652272200,19.96,19.96,19.5,19.76
1652274000,19.78,19.88,19.67,19.78
1652275800,19.78,20.14,19.77,19.97
1652277600,19.98,20.12,19.89,20.08
1652279400,20.1,20.14,19.96,20.02
1652281200,20,20.02,19.96,19.96
1652337000,19.61,19.61,19.61,19.61
1652338800,19.65,19.81,19.52,19.58
1652340600,19.58,19.67,19.56,19.65
1652342400,19.65,19.66,19.6,19.62
1652344200,19.62,19.64,19.34,19.4
1652346000,19.41,19.42,19.21,19.31
1652347800,19.31,19.31,19.07,19.25
1652349600,19.25,19.5,19.24,19.49
1652351400,19.49,19.52,19.43,19.51
1652353200,19.51,19.64,19.47,19.55
1652355000,19.55,19.59,19.48,19.5
1652356800,19.49,19.62,19.45,19.59
1652358600,19.58,19.62,19.39,19.4
1652360400,19.41,19.49,19.38,19.42
1652362200,19.42,19.47,19.29,19.41
1652364000,19.4,19.66,19.38,19.58
1652365800,19.58,19.61,19.51,19.56
1652367600,19.6,19.6,19.6,19.6
1652423400,19.91,19.91,19.91,19.91
1652425200,19.92,20.02,19.76,19.99
1652427000,19.99,20.06,19.92,19.94
1652428800,19.93,19.98,19.92,19.94
1652430600,19.94,19.95,19.77,19.83
1652432400,19.83,19.83,19.73,19.82
1652434200,19.81,19.88,19.8,19.87
1652436000,19.87,19.87,19.82,19.85
1652437800,19.85,19.88,19.82,19.86
1652439600,19.87,19.9,19.81,19.82
1652441400,19.83,19.88,19.82,19.88
1652443200,19.89,19.9,19.83,19.85
1652445000,19.85,19.97,19.85,19.93
1652446800,19.92,19.94,19.64,19.74
1652448600,19.73,19.79,19.72,19.78
1652450400,19.77,19.83,19.74,19.82
1652452200,19.82,19.87,19.72,19.73
1652454000,19.71,19.71,19.71,19.71
1652682600,19.68,19.68,19.68,19.68
1652684400,19.67,19.75,19.59,19.67
1652686200,19.68,19.72,19.62,19.69
1652688000,19.69,19.7,19.65,19.69
1652689800,19.7,19.71,19.66,19.71
1652691600,19.71,19.78,19.67,19.69
1652693400,19.68,19.7,19.65,19.68
1652695200,19.67,19.69,19.57,19.61
1652697000,19.61,19.61,19.54,19.56
1652698800,19.56,19.6,19.46,19.49
1652700600,19.5,19.51,19.36,19.46
1652702400,19.45,19.54,19.44,19.54
1652704200,19.54,19.57,19.5,19.51
1652706000,19.51,19.54,19.48,19.49
1652707800,19.49,19.54,19.46,19.48
1652709600,19.48,19.54,19.46,19.49
1652711400,19.49,19.5,19.28,19.3
1652713200,19.3,19.3,19.3,19.3
1652769000,19.55,19.55,19.55,19.55
1652770800,19.56,19.89,19.53,19.81
1652772600,19.82,19.84,19.45,19.52
1652774400,19.52,19.62,19.49,19.58
1652776200,19.57,19.76,19.56,19.72
1652778000,19.72,19.81,19.7,19.73
1652779800,19.73,19.74,19.66,19.71
1652781600,19.71,19.73,19.67,19.72
1652783400,19.72,19.76,19.7,19.72
1652785200,19.73,19.86,19.69,19.84
1652787000,19.84,19.96,19.84,19.87
1652788800,19.87,19.91,19.85,19.86
1652790600,19.86,20.06,19.84,19.93
1652792400,19.93,20.02,19.92,20.02
1652794200,20.02,20.02,19.88,19.97
1652796000,19.97,20.2,19.97,20.06
1652797800,20.06,20.1,19.82,19.89
1652799600,19.88,19.91,19.88,19.91
1652855400,19.91,19.91,19.91,19.91
1652857200,19.91,20.12,19.85,19.94
1652859000,19.93,19.97,19.82,19.88
1652860800,19.88,20.04,19.85,20.04
1652862600,20.04,20.06,19.95,19.99
1652864400,19.99,20.04,19.96,19.97
1652866200,19.97,20.02,19.95,20
1652868000,20,20.04,19.97,20.02
1652869800,20.02,20.06,19.96,20.06
1652871600,20.06,20.08,19.93,19.98
1652873400,19.99,20.02,19.97,20
1652875200,20.02,20.14,19.98,20.08
1652877000,20.1,20.2,19.9,19.96
1652878800,19.97,19.99,19.87,19.96
1652880600,19.96,19.99,19.91,19.91
1652882400,19.91,20.08,19.9,19.95
1652884200,19.95,20,19.91,19.95
1652886000,19.95,19.95,19.91,19.91
1653028200,19.88,19.88,19.88,19.88
1653030000,19.88,20.08,19.85,19.97
1653031800,19.96,19.99,19.88,19.94
1653033600,19.93,19.95,19.78,19.84
1653035400,19.84,19.87,19.79,19.82
1653037200,19.83,19.86,19.74,19.78
1653039000,19.77,19.79,19.74,19.75
1653040800,19.74,19.78,19.7,19.71
1653042600,19.71,19.73,19.59,19.66
1653044400,19.66,19.67,19.47,19.54
1653046200,19.54,19.57,19.42,19.47
1653048000,19.47,19.49,19.43,19.46
1653049800,19.47,19.5,19.42,19.5
1653051600,19.5,19.54,19.48,19.5
1653053400,19.51,19.53,19.45,19.51
1653055200,19.51,19.52,19.45,19.51
1653057000,19.51,19.54,19.43,19.45
1653058800,19.42,19.42,19.42,19.42
1653287400,19.5,19.5,19.5,19.5
1653289200,19.49,19.52,19.33,19.43
1653291000,19.43,19.45,19.38,19.42
1653292800,19.42,19.44,19.35,19.36
1653294600,19.36,19.37,19.27,19.34
1653296400,19.33,19.35,19.32,19.33
1653298200,19.33,19.36,19.33,19.35
1653300000,19.34,19.35,19.29,19.31
1653301800,19.31,19.31,18.99,19
1653303600,18.99,19.09,18.92,19.09
1653305400,19.08,19.12,19.04,19.09
1653307200,19.09,19.14,19.06,19.11
1653309000,19.1,19.26,19.09,19.26
1653310800,19.26,19.29,19.18,19.21
1653312600,19.2,19.32,19.16,19.27
1653314400,19.28,19.37,19.27,19.36
1653316200,19.37,19.4,19.24,19.29
1653318000,19.29,19.35,19.29,19.35
1653373800,19.65,19.65,19.65,19.65
1653375600,19.66,19.8,19.56,19.77
1653377400,19.77,19.77,19.64,19.71
1653379200,19.7,19.76,19.68,19.69
1653381000,19.69,19.8,19.66,19.79
1653382800,19.79,19.8,19.74,19.76
1653384600,19.76,19.83,19.75,19.76
1653386400,19.75,19.77,19.73,19.76
1653388200,19.75,19.76,19.71,19.75
1653390000,19.75,19.81,19.73,19.73
1653391800,19.73,19.77,19.68,19.75
1653393600,19.75,19.78,19.69,19.7
1653395400,19.7,19.73,19.64,19.68
1653397200,19.67,19.97,19.65,19.92
1653399000,19.92,20.06,19.92,19.97
1653400800,19.97,19.98,19.78,19.85
1653402600,19.84,19.97,19.74,19.78
1653404400,19.82,19.82,19.82,19.82
1653460200,19.92,19.92,19.92,19.92
1653462000,19.93,19.94,19.79,19.84
1653463800,19.84,19.94,19.8,19.93
1653465600,19.93,20.24,19.85,20.24
1653467400,20.26,20.52,20.24,20.48
1653469200,20.5,20.56,20.38,20.42
1653471000,20.42,20.5,20.4,20.46
1653472800,20.46,20.48,20.42,20.44
1653474600,20.44,20.5,20.38,20.42
1653476400,20.44,20.44,20.34,20.4
1653478200,20.4,20.54,20.4,20.44
1653480000,20.44,20.5,20.42,20.46
1653481800,20.44,20.66,20.44,20.56
1653483600,20.58,20.62,20.5,20.56
1653485400,20.56,20.66,20.56,20.64
1653487200,20.66,20.98,20.62,20.96
1653489000,20.96,21.06,20.74,21.02
1653490800,21.04,21.04,21.04,21.04
1653546600,20.98,20.98,20.98,20.98
1653548400,20.96,21.28,20.82,20.9
1653550200,20.88,21,20.76,20.86
1653552000,20.86,20.86,20.62,20.74
1653553800,20.74,20.88,20.74,20.82
1653555600,20.82,20.86,20.78,20.84
1653557400,20.84,20.92,20.78,20.86
1653559200,20.86,20.88,20.74,20.78
1653561000,20.8,20.84,20.74,20.76
1653562800,20.76,21.2,20.72,20.9
1653564600,20.88,20.96,20.76,20.86
1653566400,20.86,20.96,20.82,20.94
1653568200,20.96,21.2,20.9,21
1653570000,21,21.04,20.86,20.94
1653571800,20.96,21.1,20.94,20.98
1653573600,20.98,21.08,20.88,20.9
1653575400,20.9,20.94,20.86,20.92
1653577200,20.9,20.9,20.9,20.9
1653633000,20.94,20.94,20.94,20.94
1653634800,20.94,21.1,20.86,20.9
1653636600,20.88,20.9,20.74,20.82
1653638400,20.82,20.84,20.68,20.74
1653640200,20.74,20.76,20.52,20.62
1653642000,20.64,20.66,20.5,20.52
1653643800,20.5,20.6,20.46,20.58
1653645600,20.58,20.62,20.52,20.62
1653647400,20.6,20.64,20.54,20.6
1653649200,20.6,20.6,20.5,20.52
1653651000,20.52,20.58,20.44,20.5
1653652800,20.5,20.56,20.38,20.42
1653654600,20.42,20.54,20.38,20.48
1653656400,20.48,20.64,20.38,20.44
1653658200,20.44,20.54,20.38,20.44
1653660000,20.44,20.54,20.42,20.48
1653661800,20.48,20.5,20.26,20.36
1653663600,20.4,20.4,20.4,20.4
1653892200,20.62,20.62,20.62,20.62
1653894000,20.64,20.92,20.6,20.78
1653895800,20.8,20.92,20.76,20.88
1653897600,20.88,21.14,20.86,21.08
1653899400,21.08,21.1,20.92,20.98
1653901200,20.96,21,20.92,20.94
1653903000,20.94,21.06,20.92,20.96
1653904800,20.96,21,20.92,20.94
1653906600,20.96,21.12,20.94,21
1653908400,21.02,21.12,21,21.1
1653910200,21.1,21.12,20.98,21.08
1653912000,21.06,21.14,21.02,21.06
1653913800,21.06,21.08,20.92,20.98
1653915600,20.98,21.02,20.92,20.96
1653917400,20.96,21.06,20.94,20.98
1653919200,20.96,21.06,20.94,21.02
1653921000,21.02,21.12,20.94,20.96
1653922800,21.06,21.06,21.06,21.06
1653978600,20.7,20.7,20.7,20.7
1653980400,20.68,20.74,20.46,20.54
1653982200,20.54,20.68,20.52,20.64
1653984000,20.64,20.7,20.48,20.52
1653985800,20.52,20.52,20.42,20.48
1653987600,20.48,20.5,20.44,20.46
1653989400,20.46,20.46,20.36,20.4
1653991200,20.4,20.4,20.26,20.36
1653993000,20.36,20.4,20.34,20.38
1653994800,20.38,20.38,20.34,20.36
1653996600,20.36,20.42,20.34,20.36
1653998400,20.38,20.44,20.32,20.38
1654000200,20.38,20.46,20.34,20.44
1654002000,20.44,20.74,20.42,20.72
1654003800,20.7,20.96,20.6,20.8
1654005600,20.8,20.9,20.7,20.84
1654007400,20.86,21.02,20.68,20.7
1654009200,20.98,20.98,20.98,20.98
1654065000,20.98,20.98,20.98,20.98
1654066800,20.98,21.34,20.88,21.24
1654068600,21.22,21.28,21.16,21.22
1654070400,21.2,21.22,21.08,21.12
1654072200,21.12,21.18,21.08,21.18
1654074000,21.18,21.22,21.12,21.2
1654075800,21.18,21.26,21.14,21.24
1654077600,21.26,21.26,21.02,21.08
1654079400,21.08,21.1,20.98,21.02
1654081200,21.02,21.2,21,21.12
1654083000,21.12,21.18,21.08,21.14
1654084800,21.14,21.18,21.12,21.16
1654086600,21.14,21.24,21.12,21.22
1654088400,21.22,21.26,21.14,21.2
1654090200,21.2,21.26,21.14,21.18
1654092000,21.18,21.22,21.04,21.1
1654093800,21.1,21.1,20.84,21
1654095600,20.98,21,20.96,20.96
1654151400,21,21,21,21
1654153200,21.02,21.1,20.88,20.94
1654155000,20.94,20.96,20.8,20.84
1654156800,20.84,20.84,20.74,20.78
1654158600,20.78,20.84,20.76,20.8
1654160400,20.82,20.96,20.8,20.94
1654162200,20.96,21.14,20.96,21.1
1654164000,21.08,21.12,21.02,21.08
1654165800,21.08,21.12,21.02,21.06
1654167600,21.06,21.12,21.04,21.1
1654169400,21.1,21.12,21.06,21.1
1654171200,21.1,21.12,21.04,21.08
1654173000,21.08,21.1,20.96,20.98
1654174800,20.98,21.02,20.88,20.96
1654176600,20.96,20.98,20.9,20.94
1654178400,20.92,21.1,20.92,20.96
1654180200,20.96,21.06,20.92,21.04
1654182000,21.04,21.04,21.02,21.02
1654237800,21.06,21.06,21.06,21.06
1654239600,21.06,21.2,21,21.02
1654241400,21,21.1,21,21.06
1654243200,21.06,21.06,20.94,20.98
1654245000,20.96,20.98,20.78,20.84
1654246800,20.86,20.86,20.78,20.82
1654248600,20.82,20.88,20.8,20.82
1654250400,20.82,20.94,20.8,20.9
1654252200,20.9,20.9,20.84,20.88
1654254000,20.88,20.92,20.8,20.86
1654255800,20.88,20.88,20.7,20.74
1654257600,20.74,20.78,20.7,20.76
1654259400,20.76,20.84,20.72,20.8
1654261200,20.8,20.88,20.78,20.88
1654263000,20.86,20.88,20.76,20.8
1654264800,20.78,20.94,20.76,20.9
1654266600,20.9,20.94,20.8,20.84
1654268400,20.82,20.82,20.82,20.82
1654497000,20.92,20.92,20.92,20.92
1654498800,20.92,21.3,20.9,21.28
1654500600,21.28,21.66,21.24,21.62
1654502400,21.62,21.7,21.54,21.58
1654504200,21.56,21.62,21.54,21.58
1654506000,21.56,21.74,21.56,21.7
1654507800,21.7,21.8,21.6,21.72
1654509600,21.72,21.84,21.7,21.8
1654511400,21.8,21.82,21.68,21.76
1654513200,21.74,21.76,21.68,21.7
1654515000,21.7,21.76,21.68,21.7
1654516800,21.68,21.82,21.64,21.76
1654518600,21.78,21.8,21.7,21.78
1654520400,21.8,21.86,21.72,21.8
1654522200,21.8,21.8,21.7,21.74
1654524000,21.72,21.86,21.72,21.78
1654525800,21.78,21.88,21.62,21.86
1654527600,21.86,21.88,21.86,21.88
1654583400,21.94,21.94,21.94,21.94
1654585200,21.96,22.26,21.76,22
1654587000,22.02,22.04,21.88,22
1654588800,22,22.02,21.74,21.82
1654590600,21.82,21.84,21.74,21.76
1654592400,21.78,21.84,21.76,21.82
1654594200,21.84,21.88,21.8,21.88
1654596000,21.86,21.96,21.86,21.96
1654597800,21.96,21.96,21.88,21.92
1654599600,21.92,21.96,21.86,21.96
1654601400,21.96,21.98,21.92,21.98
1654603200,21.98,22.14,21.82,22.04
1654605000,22.04,22.06,21.96,22
1654606800,22,22,21.78,21.92
1654608600,21.92,23.06,21.88,23
1654610400,23,23.1,22.66,22.96
1654612200,22.96,23.12,22.86,23
1654614000,23.08,23.08,23.08,23.08
1654669800,23.24,23.24,23.24,23.24
1654671600,23.24,23.54,23.02,23.16
1654673400,23.16,23.38,23.04,23.16
1654675200,23.14,23.28,23.08,23.2
1654677000,23.22,23.28,23.14,23.28
1654678800,23.28,23.46,23.24,23.44
1654680600,23.44,23.5,23.26,23.26
1654682400,23.26,23.28,23.08,23.18
1654684200,23.18,23.2,23.1,23.14
1654686000,23.14,23.24,22.88,22.98
1654687800,23,23.1,22.84,22.9
1654689600,22.88,22.9,22.28,22.58
1654691400,22.58,22.78,22.46,22.62
1654693200,22.62,22.72,22.46,22.64
1654695000,22.64,22.84,22.56,22.78
1654696800,22.78,22.8,22.44,22.48
1654698600,22.48,22.5,21.6,21.86
1654700400,21.86,21.86,21.86,21.86
1654756200,21.9,21.9,21.9,21.9
1654758000,21.9,22.22,21.64,22.08
1654759800,22.08,22.2,22,22.16
1654761600,22.16,22.32,22.1,22.16
1654763400,22.14,22.56,22.1,22.46
1654765200,22.46,22.52,22.38,22.46
1654767000,22.48,22.52,22.16,22.22
1654768800,22.22,22.3,21.9,22.12
1654770600,22.1,22.26,21.82,22.2
1654772400,22.2,22.34,22.12,22.26
1654774200,22.26,22.32,22.14,22.24
1654776000,22.22,22.34,22.06,22.3
1654777800,22.3,22.5,22.16,22.48
1654779600,22.46,22.54,22.24,22.28
1654781400,22.28,22.44,22.24,22.36
1654783200,22.36,22.7,22.34,22.62
1654785000,22.6,23,22.6,22.9
1654786800,22.9,22.96,22.9,22.96
1654842600,22.4,22.4,22.4,22.4
1654844400,22.38,22.9,22.3,22.8
1654846200,22.8,22.86,22.66,22.68
1654848000,22.68,22.7,22.44,22.46
1654849800,22.46,22.6,22.42,22.58
1654851600,22.56,22.66,22.52,22.58
1654853400,22.58,22.6,22.48,22.52
1654855200,22.5,22.56,22.48,22.56
1654857000,22.56,22.56,22.48,22.52
1654858800,22.52,22.6,22.46,22.54
1654860600,22.52,22.6,22.48,22.58
1654862400,22.58,22.66,22.52,22.58
1654864200,22.58,22.64,22.4,22.42
1654866000,22.4,22.48,22.24,22.34
1654867800,22.34,22.36,22.24,22.3
1654869600,22.32,22.4,22.04,22.4
1654871400,22.4,22.46,22.28,22.32
1654873200,22.34,22.34,22.22,22.22
1655101800,22.2,22.2,22.2,22.2
1655103600,22.2,22.56,22.16,22.3
1655105400,22.28,22.34,22.02,22.18
1655107200,22.18,22.2,22.02,22.08
1655109000,22.08,22.16,22.06,22.12
1655110800,22.1,22.14,22.04,22.08
1655112600,22.08,22.1,21.8,21.9
1655114400,21.9,21.98,21.8,21.88
1655116200,21.88,22,21.86,21.98
1655118000,21.98,22.28,21.96,22.1
1655119800,22.1,22.26,22.1,22.16
1655121600,22.16,22.18,21.98,22.06
1655123400,22.08,22.18,22,22.12
1655125200,22.12,22.18,22.02,22.06
1655127000,22.06,22.44,22.04,22.3
1655128800,22.28,22.34,22.14,22.16
1655130600,22.16,22.36,22.02,22.08
1655132400,22.1,22.16,22.1,22.16
1655188200,22.28,22.28,22.28,22.28
1655190000,22.28,22.34,22.04,22.08
1655191800,22.08,22.12,21.96,22.04
1655193600,22.02,22.04,21.86,21.9
1655195400,21.9,21.94,21.86,21.92
1655197200,21.92,21.96,21.7,21.74
1655199000,21.76,21.76,21.52,21.6
1655200800,21.6,21.64,21.52,21.6
1655202600,21.6,21.74,21.6,21.68
1655204400,21.68,21.72,21.62,21.66
1655206200,21.66,21.74,21.64,21.74
1655208000,21.74,21.94,21.72,21.92
1655209800,21.92,22.26,21.88,22.16
1655211600,22.16,22.22,22.04,22.08
1655213400,22.1,22.16,22,22.12
1655215200,22.12,22.2,21.9,21.98
1655217000,21.96,21.96,21.7,21.92
1655218800,21.96,21.96,21.94,21.94
1655274600,22.06,22.06,22.06,22.06
1655276400,22.06,22.08,21.82,21.98
1655278200,21.98,22.04,21.94,21.98
1655280000,21.96,22.2,21.88,22.08
1655281800,22.08,22.16,22.04,22.14
1655283600,22.14,22.2,22.02,22.04
1655285400,22.04,22.04,21.94,21.98
1655287200,22,22.02,21.92,21.92
1655289000,21.94,21.96,21.86,21.94
1655290800,21.92,21.94,21.76,21.82
1655292600,21.82,21.84,21.68,21.7
1655294400,21.7,21.74,21.48,21.6
1655296200,21.6,21.7,21.58,21.58
1655298000,21.6,21.68,21.58,21.66
1655299800,21.66,21.9,21.66,21.86
1655301600,21.86,21.86,21.74,21.78000069
1655303400,21.76,21.82,21.64,21.82
1655305200,21.8,21.8,21.8,21.8
1655361000,21.82,21.82,21.82,21.82
1655362800,21.84,21.96,21.72,21.8
1655364600,21.8,21.8,21.72,21.76
1655366400,21.74,21.8,21.66,21.78
1655368200,21.76,21.8,21.7,21.74
1655370000,21.76,21.76,21.54,21.56
1655371800,21.56,21.64,21.54,21.58
1655373600,21.6,21.6,21.46,21.52
1655375400,21.52,21.52,21.1,21.1
1655377200,21.1,21.22,20.96,21.2
1655379000,21.2,21.26,21.14,21.26
1655380800,21.24,21.3,21.16,21.22
1655382600,21.24,21.32,21.22,21.28
1655384400,21.3,21.32,21.18,21.24
1655386200,21.24,21.28,21.06,21.2
1655388000,21.18,21.22,21.12,21.18
1655389800,21.2,21.2,20.98,21.02
1655391600,21.06,21.06,21.06,21.06
1655447400,21.08,21.08,21.08,21.08
1655449200,21.1,21.58,21.1,21.5
1655451000,21.52,21.6,21.4,21.44
1655452800,21.44,21.64,21.34,21.56
1655454600,21.56,21.88,21.56,21.74
1655456400,21.74,21.78,21.64,21.76
1655458200,21.76,21.76,21.66,21.68
1655460000,21.68,21.72,21.64,21.66
1655461800,21.66,21.72,21.56,21.6
1655463600,21.6,21.7,21.58,21.66
1655465400,21.66,21.68,21.6,21.66
1655467200,21.64,21.76,21.64,21.68
1655469000,21.68,21.72,21.64,21.68
1655470800,21.68,21.7,21.54,21.66
1655472600,21.64,22.04,21.62,21.98
1655474400,21.98,22.02,21.86,21.92
1655476200,21.92,21.94,21.76,21.9
1655478000,21.88,21.9,21.88,21.9
1655706600,22.04,22.04,22.04,22.04
1655708400,22.06,22.26,21.98,22.14
1655710200,22.14,22.14,21.84,21.96
1655712000,21.94,22.04000092,21.94,21.98
1655713800,21.96,22.02,21.94,21.98
1655715600,21.98,22,21.88,21.96
1655717400,21.96,21.98,21.86,21.9
1655719200,21.9,22,21.88,21.94
1655721000,21.94,22.06,21.86,21.98
1655722800,21.98,22,21.88,21.96
1655724600,21.98,22,21.9,21.94
1655726400,21.94,21.96,21.76,21.8
1655728200,21.78,21.92,21.72,21.82
1655730000,21.84,21.88,21.78,21.86
1655731800,21.86,21.96,21.78,21.92
1655733600,21.92,22.12,21.9,22.08
1655735400,22.08,22.46,22.06,22.4
1655737200,22.4,22.4,22.4,22.4
1655793000,22.86,22.86,22.86,22.86
1655794800,22.88,22.9,22.58,22.66
1655796600,22.64,22.78,22.64,22.74
1655798400,22.74,22.88,22.72,22.8
1655800200,22.8,22.8,22.66,22.74
1655802000,22.72,22.76,22.66,22.7
1655803800,22.68,22.76,22.68,22.72
1655805600,22.72,22.74,22.68,22.68
1655807400,22.66,22.72,22.62,22.66
1655809200,22.64,22.72,22.64,22.68
1655811000,22.68,22.72,22.64,22.64
1655812800,22.66,22.68,22.48,22.62
1655814600,22.64,22.68,22.6,22.68
1655816400,22.66,22.72,22.6,22.7
1655818200,22.7,22.74,22.64,22.7
1655820000,22.7,22.76,22.64,22.68
1655821800,22.66,22.7,22.56,22.62
1655823600,22.62,22.62,22.62,22.62
1655879400,22.36,22.36,22.36,22.36
1655881200,22.36,22.42,22.18,22.26
1655883000,22.24,22.32,22.24,22.28
1655884800,22.28,22.28,22.18,22.2
1655886600,22.18,22.26,22.18,22.26
1655888400,22.26,22.28,22.22,22.28
1655890200,22.28,22.28,22.22,22.28
1655892000,22.28,22.52,22.26,22.42
1655893800,22.44,22.44,22.34,22.36
1655895600,22.34,22.42,22.32,22.42
1655897400,22.42,22.42,22.24,22.24
1655899200,22.24,22.28,22.2,22.24
1655901000,22.24,22.28,22.18,22.28
1655902800,22.28,22.36,22.24,22.32
1655904600,22.3,22.42,22.3,22.34
1655906400,22.34,22.44,22.3,22.4
1655908200,22.4,22.42,22.2,22.22
1655910000,22.2,22.2,22.2,22.2
1655965800,22.1,22.1,22.1,22.1
1655967600,22.12,22.34,22.12,22.26
1655969400,22.26,22.26,22.12,22.16
1655971200,22.14,22.16,22.06,22.12
1655973000,22.1,22.14,22.02,22.02
1655974800,22.02,22.1,22.02,22.06
1655976600,22.06,22.12,22.04,22.06
1655978400,22.06,22.08,22.02,22.06
1655980200,22.04,22.06,21.98,22.04
1655982000,22.04,22.1,21.92,21.96
1655983800,21.98,22.06,21.92,21.96
1655985600,21.96,21.96,21.74,21.9
1655987400,21.9,22,21.84,21.98
1655989200,22,22,21.88,21.88
1655991000,21.88,21.92,21.72,21.78
1655992800,21.76,21.84,21.6,21.7
1655994600,21.72,21.74,21.56,21.58
1655996400,21.56,21.56,21.56,21.56
1656052200,21.7,21.7,21.7,21.7
1656054000,21.7,21.76,21.54,21.6
1656055800,21.58,21.6,21.44,21.5
1656057600,21.5,21.54,21.3,21.34
1656059400,21.32,21.52,21.32,21.4
1656061200,21.42,21.46,21.38,21.46
1656063000,21.44,21.46,21.38,21.42
1656064800,21.4,21.44,21.24,21.34
1656066600,21.32,21.4,21.24,21.38
1656068400,21.38,21.5,21.38,21.46
1656070200,21.46,21.76,21.38,21.66
1656072000,21.66,21.74,21.6,21.66
1656073800,21.66,21.82,21.64,21.7
1656075600,21.7,21.78,21.68,21.7
1656077400,21.7,21.94,21.64,21.88
1656079200,21.9,22,21.88,21.92
1656081000,21.9,21.94,21.72,21.78
1656082800,21.78,21.78,21.76,21.76
1656311400,20.76,20.76,20.76,20.76
1656313200,20.78,21.52,20.74,21.38
1656315000,21.4,21.64,21.34,21.52
1656316800,21.52,21.64,21.46,21.56
1656318600,21.54,21.66,21.44,21.52
1656320400,21.5,21.6,21.48,21.56
1656322200,21.58,21.58,21.44,21.48
1656324000,21.46,21.54,21.36,21.52
1656325800,21.54,22.08,21.5,21.94
1656327600,21.94,22.02,21.88,21.96
1656329400,21.96,22.08,21.88,21.9
1656331200,21.92,21.96,21.84,21.9
1656333000,21.9,21.98,21.78,21.88
1656334800,21.9,21.98,21.88,21.94
1656336600,21.92,22,21.86,21.92
1656338400,21.94,22.06,21.82,21.84
1656340200,21.84,21.92,21.56,21.64
1656342000,21.62,21.66,21.62,21.66
1656397800,21.78,21.78,21.78,21.78
1656399600,21.78,21.96,21.72,21.88
1656401400,21.88,22,21.84,21.92
1656403200,21.9,21.92,21.84,21.88
1656405000,21.88,22.08,21.82,22.06
1656406800,22.06,22.1,22,22.08
1656408600,22.1,22.16,22.04,22.12
1656410400,22.12,22.12,21.96,22.04
1656412200,22.04,22.1,22,22.04
1656414000,22.06,22.08,22,22.06
1656415800,22.06,22.06,21.84,21.94
1656417600,21.94,21.94,21.72,21.88
1656419400,21.9,21.92,21.82,21.84
1656421200,21.84,21.92,21.76,21.88
1656423000,21.88,21.96,21.84,21.88
1656424800,21.88,21.88,21.38,21.54
1656426600,21.54,21.66,21.06,21.38
1656428400,21.38,21.42,21.38,21.42
1656484200,21.42,21.42,21.42,21.42
1656486000,21.42,21.56,21.22,21.38
1656487800,21.38,21.4,20.92,21
1656489600,20.98,21.1,20.92,21.04
1656491400,21.04,21.16,21.02,21.14
1656493200,21.12,21.2,21.1,21.2
1656495000,21.18,21.2,21.04,21.18
1656496800,21.16,21.28,21.16,21.22
1656498600,21.22,21.24,21.1,21.12
1656500400,21.12,21.14,21.02,21.12
1656502200,21.1,21.16,21.02,21.14
1656504000,21.14,21.3,21.12,21.28
1656505800,21.28,21.46,21.22,21.44
1656507600,21.44,21.6,21.4,21.46
1656509400,21.46,21.48,21.18,21.2
1656511200,21.22,21.28,20.9,21.06
1656513000,21.04,21.12,20.52,20.64
1656514800,20.64,20.68,20.64,20.68
1656570600,21.16,21.16,21.16,21.16
1656572400,21.18,21.4,20.8,21.28
1656574200,21.3,21.72,21.26,21.5
1656576000,21.5,21.54,21.36,21.36
1656577800,21.38,21.44,21.24,21.38
1656579600,21.38,21.5,21.28,21.48
1656581400,21.48,21.58,21.42,21.52
1656583200,21.5,21.54,21.44,21.5
1656585000,21.5,21.58,21.4,21.48
1656586800,21.5,21.52,21.36,21.52
1656588600,21.54,21.62,21.48,21.52
1656590400,21.52,21.6,21.5,21.52
1656592200,21.54,21.62,21.46,21.48
1656594000,21.46,21.56,21.44,21.54
1656595800,21.54,21.54,21.38,21.48
1656597600,21.5,21.58,21.44,21.5
1656599400,21.48,21.58,21.36,21.52
1656601200,21.52,21.52,21.5,21.5
1656657000,21.36,21.36,21.36,21.36
1656658800,21.4,21.44,21.04,21.2
1656660600,21.2,21.36,21.14,21.34
1656662400,21.32,21.52,21.32,21.44
1656664200,21.44,21.52,21.38,21.52
1656666000,21.5,21.54,21.4,21.48
1656667800,21.46,21.5,21.34,21.36
1656669600,21.38,21.44,21.36,21.38
1656671400,21.38,21.38,21.26,21.28
1656673200,21.3,21.3,21.08,21.12
1656675000,21.16,21.22,21.1,21.18
1656676800,21.18,21.26,21.14,21.2
1656678600,21.2,21.26,21.14,21.2
1656680400,21.18,21.4,21.18,21.34
1656682200,21.36,21.48,21.32,21.36
1656684000,21.38,21.4,21.26,21.32
1656685800,21.3,21.32,21.22,21.32
1656687600,21.32,21.34,21.32,21.34
1656916200,21.4,21.4,21.4,21.4
1656918000,21.4,21.98,21.32,21.84
1656919800,21.84,21.86,21.68,21.8
1656921600,21.8,21.84,21.68,21.74
1656923400,21.74,21.78,21.7,21.74
1656925200,21.72,21.78,21.7,21.76
1656927000,21.74,21.76,21.7,21.72
1656928800,21.72,21.88,21.72,21.86
1656930600,21.86,21.88,21.76,21.84
1656932400,21.84,21.86,21.78,21.84
1656934200,21.84,21.92,21.78,21.8
1656936000,21.8,21.86,21.74,21.8
1656937800,21.8,21.84,21.76,21.82
1656939600,21.82,21.94,21.78,21.9
1656941400,21.88,21.9,21.46,21.54
1656943200,21.54,21.62,21.26,21.34
1656945000,21.34,21.36,21.18,21.26
1656946800,21.2,21.2,21.2,21.2
1657002600,21.28,21.28,21.28,21.28
1657004400,21.28,21.36,21.24,21.32
1657006200,21.32,21.36,21.08,21.22
1657008000,21.2,21.24,21.1,21.18
1657009800,21.18,21.2,21.1,21.18
1657011600,21.18,21.2,21.14,21.16
1657013400,21.16,21.2,21.1,21.18
1657015200,21.18,21.22,21.14,21.18
1657017000,21.16,21.24,21.14,21.22
1657018800,21.22,21.24,21.04,21.16
1657020600,21.18,21.2,21.1,21.14
1657022400,21.14,21.26,21.12,21.26
1657024200,21.26,21.28,21.1,21.22
1657026000,21.22,21.34,21.18,21.22
1657027800,21.22,21.24,20.92,20.98
1657029600,20.96,21.1,20.9,21.08
1657031400,21.06,21.12,20.94,20.98
1657033200,21,21,21,21
1657089000,21.24,21.24,21.24,21.24
1657090800,21.22,21.3,21,21.12
1657092600,21.1,21.26,21.1,21.12
1657094400,21.1,21.12,20.66,20.74
1657096200,20.74,20.74,20.6,20.68
1657098000,20.68,20.82,20.68,20.8
1657099800,20.8,20.86,20.72,20.86
1657101600,20.86,20.88,20.8,20.82
1657103400,20.8,20.96,20.78,20.94
1657105200,20.94,20.96,20.78,20.88
1657107000,20.86,20.96,20.82,20.94
1657108800,20.94,20.94,20.86,20.88
1657110600,20.9,21.04,20.88,21
1657112400,20.98,21.12,20.92,21.12
1657114200,21.12,21.14,20.86,20.98
1657116000,20.98,21.38,20.98,21.36
1657117800,21.36,21.38,21.18,21.34
1657119600,21.34,21.36,21.34,21.36
1657175400,21.34,21.34,21.34,21.34
1657177200,21.32,21.68,21.2,21.42
1657179000,21.44,21.52,21.4,21.52
1657180800,21.52,21.54,21.44,21.48
1657182600,21.48,21.48,21.34,21.4
1657184400,21.38,21.44,21.34,21.4
1657186200,21.38,21.48,21.36,21.46
1657188000,21.46,21.5,21.4,21.42
1657189800,21.4,21.46,21.36,21.42
1657191600,21.42,21.46,21.38,21.42
1657193400,21.44,21.46,21.4,21.44
1657195200,21.42,21.46,21.36,21.36
1657197000,21.38,21.54,21.38,21.44
1657198800,21.42,21.52,21.36,21.44
1657200600,21.42,21.5,21.42,21.48
1657202400,21.46,21.5,21.42,21.44
1657204200,21.46,21.48,21.38,21.42
1657206000,21.42,21.42,21.42,21.42
1657261800,21.4,21.4,21.4,21.4
1657263600,21.38,21.88,21.36,21.66
1657265400,21.64,21.7,21.56,21.6
1657267200,21.6,21.66,21.56,21.6
1657269000,21.58,21.64,21.54,21.62
1657270800,21.62,21.62,21.52,21.58
1657272600,21.52,21.52,21.52,21.52
1657693800,21.54,21.54,21.54,21.54
1657695600,21.54,21.58,21.3,21.36
1657697400,21.34,21.36,21.12,21.28
1657699200,21.26,21.36,21.24,21.32
1657701000,21.3,21.48,21.3,21.42
1657702800,21.42,21.44,21.28,21.32
1657704600,21.3,21.4,21.26,21.34
1657706400,21.34,21.36,21.28,21.32
1657708200,21.3,21.34,21.26,21.28
1657710000,21.28,21.3,21.2,21.22
1657711800,21.24,21.26,21.14,21.18
1657713600,21.18,21.26,21.1,21.2
1657715400,21.22,21.22,20.9,21.04
1657717200,21.02,21.08,20.96,20.98
1657719000,20.98,21.04,20.96,21
1657720800,20.98,20.98,20.68,20.84
1657722600,20.84,20.9,20.8,20.8
1657724400,20.8,20.82,20.8,20.82
1657780200,20.76,20.76,20.76,20.76
1657782000,20.76,20.96,20.72,20.88
1657783800,20.86,20.92,20.86,20.9
1657785600,20.88,20.96,20.76,20.78
1657787400,20.78,20.78,20.56,20.7
1657789200,20.7,20.72,20.64,20.68
1657791000,20.66,20.84,20.64,20.82
1657792800,20.82,20.9,20.74,20.74
1657794600,20.76,20.78,20.7,20.76
1657796400,20.76,20.76,20.66,20.7
1657798200,20.7,20.76,20.68,20.74
1657800000,20.74,20.76,20.56,20.6
1657801800,20.62,20.68,20.56,20.66
1657803600,20.66,20.68,20.6,20.62
1657805400,20.64,20.66,20.56,20.58
1657807200,20.58,20.62,20.48,20.5
1657809000,20.5,20.6,20.34,20.36
1657810800,20.34,20.34,20.34,20.34
1658125800,20.8,20.8,20.8,20.8
1658127600,20.82,20.84,20.62,20.66
1658129400,20.66,20.74,20.62,20.68
1658131200,20.68,20.72,20.58,20.68
1658133000,20.68,20.68,20.4,20.52
1658134800,20.52,20.6,20.44,20.5
1658136600,20.48,20.54,20.44,20.52
1658138400,20.52,20.56,20.44,20.52
1658140200,20.54,20.56,20.48,20.54
1658142000,20.56,20.58,20.52,20.56
1658143800,20.56,20.56,20.48,20.5
1658145600,20.5,20.52,20.4,20.44
1658147400,20.44,20.46,20.4,20.46
1658149200,20.46,20.62,20.44,20.58
1658151000,20.6,20.7,20.56,20.6
1658152800,20.6,20.62,20.56,20.58
1658154600,20.6,20.7,20.56,20.68
1658156400,20.66,20.66,20.66,20.66
1658212200,20.6,20.6,20.6,20.6
1658214000,20.62,21,20.56,20.86
1658215800,20.86,20.92,20.74,20.8
1658217600,20.8,20.82,20.64,20.7
1658219400,20.7,20.82,20.68,20.76
1658221200,20.76,20.76,20.7,20.76
1658223000,20.74,20.84,20.74,20.82
1658224800,20.82,20.86,20.76,20.84
1658226600,20.84,20.96,20.82,20.88
1658228400,20.88,20.9,20.8,20.9
1658230200,20.9,20.96,20.88,20.92
1658232000,20.92,20.92,20.86,20.88
1658233800,20.88,20.92,20.86,20.9
1658235600,20.88,21,20.88,20.94
1658237400,20.94,20.96,20.86,20.92
1658239200,20.92,21.06,20.88,20.98
1658241000,20.98,21.22,20.96,21.18
1658242800,21.18,21.18,21.18,21.18
1658298600,21.5,21.5,21.5,21.5
1658300400,21.48,21.78,21.44,21.52
1658302200,21.52,21.52,21.24,21.38
1658304000,21.38,21.56,21.26,21.28
1658305800,21.3,21.3,21.24,21.26
1658307600,21.26,21.38,21.26,21.34
1658309400,21.34,21.42,21.3,21.36
1658311200,21.34,21.4,21.32,21.34
1658313000,21.34,21.36,21.26,21.32
1658314800,21.32,21.34,21.24,21.28
1658316600,21.26,21.28,21.04,21.12
1658318400,21.12,21.18,21.08,21.16
1658320200,21.16,21.22,21.12,21.18
1658322000,21.18,21.24,21.14,21.24
1658323800,21.24,21.3,21.18,21.28
1658325600,21.26,21.36,21.22,21.3
1658327400,21.3,21.3,21.16,21.2
1658329200,21.2,21.2,21.18,21.18
1658385000,21.18,21.18,21.18,21.18
1658386800,21.18,21.32,21.1,21.32
1658388600,21.32,21.32,21.2,21.2
1658390400,21.2,21.22,21.12,21.16
1658392200,21.16,21.2,21.08,21.12
1658394000,21.12,21.14,21.06,21.12
1658395800,21.12,21.14,21.08,21.12
1658397600,21.14,21.16,21.1,21.14
1658399400,21.14,21.14,21.1,21.12
1658401200,21.12,21.2,21.06,21.12
1658403000,21.12,21.16,21.1,21.14
1658404800,21.12,21.24,21.1,21.18
1658406600,21.18,21.32,21.16,21.24
1658408400,21.22,21.36,21.16,21.28
1658410200,21.26,21.3,21.18,21.28
1658412000,21.28,21.28,21.06,21.1
1658413800,21.12,21.16,21.06,21.14
1658415600,21.14,21.14,21.14,21.14
1658471400,21.22,21.22,21.22,21.22
1658473200,21.22,21.54,21.2,21.42
1658475000,21.42,21.52,21.4,21.5
1658476800,21.52,21.6,21.44,21.46
1658478600,21.46,21.5,21.42,21.48
1658480400,21.48,21.5,21.44,21.46
1658482200,21.46,21.48,21.44,21.44
1658484000,21.44,21.48,21.36,21.4
1658485800,21.4,21.46,21.4,21.46
1658487600,21.46,21.46,21.4,21.4
1658489400,21.42,21.44,21.38,21.44
1658491200,21.44,21.46,21.32,21.36
1658493000,21.36,21.4,21.3,21.34
1658494800,21.36,21.36,21.24,21.28
1658496600,21.3,21.3,21.08,21.14
1658498400,21.14,21.16,20.98,21
1658500200,21,21.02,20.74,20.92
1658502000,20.94,20.94,20.94,20.94
1658730600,20.88,20.88,20.88,20.88
1658732400,20.9,21.14,20.9,21.04
1658734200,21.04,21.18,21.02,21.12
1658736000,21.12,21.22,21.08,21.14
1658737800,21.16,21.3,21.14,21.18
1658739600,21.16,21.22,21.14,21.2
1658741400,21.2,21.22,21.16,21.2
1658743200,21.2,21.2,21.14,21.16
1658745000,21.16,21.22,21.12,21.16
1658746800,21.16,21.16,21.12,21.16
1658748600,21.18,21.26,21.16,21.2
1658750400,21.2,21.28,21.18,21.24
1658752200,21.24,21.32,21.22,21.26
1658754000,21.26,21.26,21.18,21.24
1658755800,21.24,21.26,21.16,21.22
1658757600,21.22,21.28,21.2,21.2
1658759400,21.22,21.26,21.14,21.24
1658761200,21.26,21.26,21.24,21.24
1658817000,21.3,21.3,21.3,21.3
1658818800,21.32,21.34,21.2,21.22
1658820600,21.22,21.24,21.14,21.18
1658822400,21.18,21.22,21.14,21.18
1658824200,21.18,21.18,21.08,21.12
1658826000,21.12,21.12,20.96,21
1658827800,21,21.08,20.98,21.04
1658829600,21.02,21.04,20.96,20.98
1658831400,20.98,21,20.94,20.98
1658833200,20.98,21.02,20.96,21
1658835000,21.02,21.02,20.98,21
1658836800,21,21.04,20.98,21
1658838600,21,21.02,20.94,21.02
1658840400,21.02,21.04,20.98,21
1658842200,21,21.06,20.98,21
1658844000,21.02,21.12,20.98,21.08
1658845800,21.1,21.1,21.02,21.02
1658847600,21.04,21.04,21.04,21.04
1658903400,21.14,21.14,21.14,21.14
1658905200,21.14,21.2,21.04,21.14
1658907000,21.14,21.22,21.06,21.14
1658908800,21.16,21.16,21.1,21.14
1658910600,21.14,21.18,21.14,21.16
1658912400,21.16,21.2,21.12,21.16
1658914200,21.16,21.18,21.14,21.16
1658916000,21.14,21.18,21.14,21.16
1658917800,21.16,21.18,21.1,21.14
1658919600,21.14,21.2,21.1,21.18
1658921400,21.16,21.22,21.14,21.18
1658923200,21.18,21.2,21.12,21.16
1658925000,21.16,21.18,21.12,21.16
1658926800,21.14,21.24,21.14,21.18
1658928600,21.18,21.18,21.14,21.18
1658930400,21.18,21.18,21.1,21.16
1658932200,21.14,21.18,21.1,21.12
1658934000,21.12,21.14,21.12,21.14
1658989800,21.28,21.28,21.28,21.28
1658991600,21.3,21.58,21.26,21.56
1658993400,21.54,21.68,21.54,21.58
1658995200,21.58,21.58,21.44,21.5
1658997000,21.5,21.58,21.5,21.56
1658998800,21.54,21.58,21.52,21.56
1659000600,21.56,21.58,21.5,21.58
1659002400,21.56,21.62,21.54,21.6
1659004200,21.58,21.6,21.54,21.58
1659006000,21.58,21.62,21.56,21.62
1659007800,21.62,21.64,21.58,21.6
1659009600,21.58,21.6,21.54,21.58
1659011400,21.58,21.6,21.44,21.52
1659013200,21.52,21.52,21.34,21.46
1659015000,21.48,21.48,21.32,21.36
1659016800,21.36,21.36,21.2,21.26
1659018600,21.26,21.34,21.24,21.28
1659020400,21.24,21.24,21.24,21.24
1659076200,21.32,21.32,21.32,21.32
1659078000,21.3,21.44,21.3,21.38
1659079800,21.36,21.4,21.24,21.26
1659081600,21.26,21.34,21.26,21.28
1659083400,21.28,21.32,21.2,21.26
1659085200,21.26,21.28,21.22,21.28
1659087000,21.28,21.32,21.26,21.32
1659088800,21.3,21.38,21.3,21.32
1659090600,21.32,21.46,21.32,21.44
1659092400,21.44,21.54,21.38,21.5
1659094200,21.5,21.52,21.44,21.5
1659096000,21.5,21.52,21.42,21.46
1659097800,21.46,21.68,21.44,21.66
1659099600,21.66,21.66,21.56,21.6
1659101400,21.6,21.62,21.52,21.54
1659103200,21.54,21.88,21.52,21.84
1659105000,21.84,21.96,21.76,21.82
1659106800,21.82,21.82,21.82,21.82
1659335400,22.1,22.1,22.1,22.1
1659337200,22.1,22.64,22.08,22.52
1659339000,22.52,22.56,22.46,22.5
1659340800,22.52,22.88,22.5,22.88
1659342600,22.88,22.98,22.74,22.92
1659344400,22.92,22.96,22.82,22.88
1659346200,22.9,23.02,22.88,22.94
1659348000,22.92,23.12,22.9,23.04
1659349800,23.02,23.08,22.98,23.02
1659351600,23.02,23.06,22.84,22.9
1659353400,22.88,22.92,22.8,22.86
1659355200,22.86,22.94,22.74,22.88
1659357000,22.88,22.94,22.8,22.86
1659358800,22.84,22.92,22.82,22.88
1659360600,22.88,22.98,22.78,22.96
1659362400,22.96,23.1,22.94,23.06
1659364200,23.06,23.1,22.94,23.04
1659366000,23.1,23.1,23.1,23.1
1659421800,23.1,23.1,23.1,23.1
1659423600,23.1,23.1,22.74,23.02
1659425400,23.02,23.04,22.84,22.88
1659427200,22.86,22.92,22.8,22.9
1659429000,22.9,22.9,22.64,22.76
1659430800,22.78,22.78,22.7,22.74
1659432600,22.74,22.84,22.7,22.76
1659434400,22.78,22.84,22.76,22.84
1659436200,22.84,22.94,22.78,22.92
1659438000,22.92,22.94,22.86,22.9
1659439800,22.9,22.94,22.82,22.84
1659441600,22.84,22.88,22.78,22.78
1659443400,22.78,22.88,22.78,22.86
1659445200,22.86,22.96,22.84,22.9
1659447000,22.9,22.92,22.62,22.72
1659448800,22.72,22.8,22.7,22.78
1659450600,22.78,22.88,22.56,22.82
1659452400,22.86,22.86,22.86,22.86
1659508200,23.36,23.36,23.36,23.36
1659510000,23.36,23.76,23.24,23.3
1659511800,23.28,23.32,23.18,23.28
1659513600,23.26,23.56,23.26,23.42
1659515400,23.44,23.56,23.4,23.46
1659517200,23.46,23.48,23.36,23.4
1659519000,23.4,23.4,23.28,23.3
1659520800,23.32,23.34,23.24,23.26
1659522600,23.28,23.32,23.24,23.32
1659524400,23.32,23.38,23.28,23.36
1659526200,23.36,23.42,23.32,23.4
1659528000,23.4,23.4,23.3,23.32
1659529800,23.34,23.34,23.3,23.3
1659531600,23.32,23.34,23.26,23.26
1659533400,23.28,23.34,23.26,23.28
1659535200,23.28,23.3,23.24,23.26
1659537000,23.28,23.34,23.14,23.3
1659538800,23.28,23.28,23.28,23.28
1659594600,23.54,23.54,23.54,23.54
1659596400,23.54,23.9,23.44,23.72
1659598200,23.72,23.74,23.64,23.68
1659600000,23.68,23.74,23.56,23.64
1659601800,23.64,23.76,23.56,23.64
1659603600,23.66,23.68,23.6,23.64
1659605400,23.64,23.7,23.62,23.66
1659607200,23.66,23.78,23.64,23.72
1659609000,23.72,23.76,23.68,23.7
1659610800,23.7,23.74,23.64,23.68
1659612600,23.7,23.74,23.66,23.68
1659614400,23.68,23.86,23.66,23.8
1659616200,23.82,23.86,23.76,23.8
1659618000,23.78,23.8,23.66,23.7
1659619800,23.7,23.88,23.66,23.82
1659621600,23.82,24.12,23.78,23.96
1659623400,23.96,24.12,23.72,23.76
1659625200,23.76,23.76,23.76,23.76
1659681000,23.94,23.94,23.94,23.94
1659682800,23.94,24,23.6,23.64
1659684600,23.62,23.66,23.46,23.52
1659686400,23.52,23.64,23.46,23.62
1659688200,23.64,23.66,23.58,23.62
1659690000,23.64,23.64,23.6,23.6
1659691800,23.6,23.62,23.58,23.62
1659693600,23.6,23.62,23.58,23.58
1659695400,23.58,23.66,23.58,23.64
1659697200,23.64,23.66,23.58,23.66
1659699000,23.66,23.68,23.62,23.68
1659700800,23.68,23.68,23.58,23.58
1659702600,23.6,23.6,23.32,23.4
1659704400,23.42,23.5,23.34,23.46
1659706200,23.46,23.6,23.44,23.56
1659708000,23.56,23.66,23.5,23.58
1659709800,23.6,23.62,23.4,23.42
1659711600,23.42,23.42,23.4,23.4
1659940200,23.5,23.5,23.5,23.5
1659942000,23.52,23.88,23.5,23.76
1659943800,23.76,23.76,23.66,23.66
1659945600,23.68,23.74,23.64,23.68
1659947400,23.68,23.82,23.68,23.78
1659949200,23.78,23.82,23.74,23.78
1659951000,23.76,23.78,23.7,23.74
1659952800,23.72,23.88,23.72,23.82
1659954600,23.82,23.96,23.8,23.84
1659956400,23.86,23.9,23.84,23.84
1659958200,23.84,23.92,23.8,23.92
1659960000,23.9,24.02,23.82,23.9
1659961800,23.92,23.92,23.88,23.9
1659963600,23.9,23.92,23.88,23.92
1659965400,23.92,24,23.9,23.92
1659967200,23.94,24.1,23.92,24.02
1659969000,24,24.06,23.88,23.9
1659970800,23.9,23.9,23.9,23.9
1660026600,23.9,23.9,23.9,23.9
1660028400,23.88,23.9,23.64,23.78
1660030200,23.8,23.86,23.72,23.82
1660032000,23.8,23.88,23.78,23.88
1660033800,23.88,23.88,23.78,23.78
1660035600,23.8,23.8,23.66,23.68
1660037400,23.66,23.68,23.58,23.64
1660039200,23.64,23.68,23.64,23.66
1660041000,23.68,23.68,23.62,23.68
1660042800,23.68,23.7,23.6,23.68
1660044600,23.68,23.68,23.56,23.6
1660046400,23.58,23.62,23.44,23.54
1660048200,23.56,23.6,23.52,23.58
1660050000,23.58,23.62,23.5,23.58
1660051800,23.6,23.66,23.54,23.58
1660053600,23.6,23.76,23.54,23.72
1660055400,23.72,23.72,23.6,23.62
1660057200,23.58,23.58,23.58,23.58
1660113000,23.5,23.5,23.5,23.5
1660114800,23.5,23.78,23.5,23.74
1660116600,23.74,23.88,23.74,23.84
1660118400,23.86,23.92,23.78,23.8
1660120200,23.8,23.82,23.72,23.8
1660122000,23.78,23.8,23.7,23.76
1660123800,23.74,23.78,23.72,23.72
1660125600,23.72,23.74,23.68,23.7
1660127400,23.7,23.78,23.68,23.74
1660129200,23.76,23.8,23.72,23.72
1660131000,23.72,23.74,23.64,23.7
1660132800,23.7,23.72,23.64,23.66
1660134600,23.64,23.9,23.64,23.86
1660136400,23.86,24.02,23.82,23.88
1660138200,23.88,23.92,23.82,23.84
1660140000,23.82,23.94,23.8,23.92
1660141800,23.92,23.98,23.88,23.98
1660143600,24,24,24,24
1660199400,24.2,24.2,24.2,24.2
1660201200,24.22,24.52,24.22,24.42
1660203000,24.42,24.68,24.42,24.62
1660204800,24.62,24.62,24.26,24.34
1660206600,24.34,24.4,24.1,24.24
1660208400,24.24,24.38,24.2,24.34
1660210200,24.36,24.38,24.28,24.3
1660212000,24.28,24.4,24.28,24.38
1660213800,24.4,24.46,24.34,24.38
1660215600,24.4,24.42,24.36,24.42
1660217400,24.4,24.42,24.26,24.28
1660219200,24.3,24.42,24.24,24.4
1660221000,24.4,24.44,24.36,24.38
1660222800,24.38,24.46,24.36,24.4
1660224600,24.42,24.42,24.32,24.38
1660226400,24.4,24.4,24.28,24.34
1660228200,24.34,24.38,24.22,24.28
1660230000,24.24,24.24,24.24,24.24
1660285800,24.36,24.36,24.36,24.36
1660287600,24.36,24.38,23.98,24.06
1660289400,24.06,24.12,24,24.12
1660291200,24.12,24.14,24.04,24.1
1660293000,24.1,24.1,23.88,23.92
1660294800,23.92,23.96,23.9,23.96
1660296600,23.96,24.02,23.92,23.98
1660298400,24,24.02,23.96,24
1660300200,24,24.18,23.98,24.12
1660302000,24.14,24.18,24.1,24.16
1660303800,24.16,24.32,24.12,24.24
1660305600,24.24,24.44,24.22,24.38
1660307400,24.4,24.42,24.32,24.4
1660309200,24.4,24.5,24.32,24.36
1660311000,24.36,24.36,24.16,24.2
1660312800,24.2,24.22,23.88,24.04
1660314600,24.04,24.14,24.02,24.14
1660316400,24.22,24.22,24.22,24.22
1660545000,24.28,24.28,24.28,24.28
1660546800,24.28,24.38,23.98,24.1
1660548600,24.1,24.12,24,24.06
1660550400,24.06,24.08,23.98,24.04
1660552200,24.02,24.06,23.98,24.02
1660554000,24,24.06,23.98,23.98
1660555800,24,24.06,23.98,24.04
1660557600,24.02,24.06,23.94,23.96
1660559400,23.98,24.02,23.96,23.98
1660561200,23.98,24.02,23.96,23.98
1660563000,23.98,24,23.94,24
1660564800,24,24,23.96,24
1660566600,24,24.02,23.86,23.9
1660568400,23.88,23.9,23.56,23.74
1660570200,23.74,23.82,23.72,23.82
1660572000,23.82,23.82,23.66,23.68
1660573800,23.68,23.76,23.62,23.72
1660575600,23.72,23.72,23.7,23.7
1660631400,23.8,23.8,23.8,23.8
1660633200,23.82,23.84,23.58,23.64
1660635000,23.64,23.68,23.46,23.56
1660636800,23.56,23.6,23.52,23.56
1660638600,23.58,23.62,23.52,23.62
1660640400,23.62,23.76,23.6,23.7
1660642200,23.68,23.72,23.66,23.7
1660644000,23.68,23.72,23.64,23.66
1660645800,23.68,23.68,23.64,23.64
1660647600,23.66,23.7,23.58,23.7
1660649400,23.7,23.72,23.64,23.64
1660651200,23.64,23.66,23.04,23.04
1660653000,23.06,23.18,22.72,23.16
1660654800,23.16,23.4,23.06,23.32
1660656600,23.32,23.56,23.32,23.52
1660658400,23.52,23.6,23.48,23.58
1660660200,23.58,23.88,23.5,23.88
1660662000,23.88,23.9,23.88,23.9
1660717800,24.04,24.04,24.04,24.04
1660719600,24.06,24.08,23.88,24.02
1660721400,24.02,24.16,24,24.06
1660723200,24.08,24.08,23.82,23.86
1660725000,23.86,23.96,23.84,23.9
1660726800,23.9,23.92,23.84,23.92
1660728600,23.9,23.96,23.82,23.86
1660730400,23.86,23.88,23.82,23.86
1660732200,23.84,23.9,23.78,23.86
1660734000,23.86,23.86,23.68,23.78
1660735800,23.78,24,23.76,24
1660737600,24,24.14,23.96,24.02
1660739400,24,24.06,23.96,23.98
1660741200,23.98,24.12,23.96,24.02
1660743000,24.02,24.08,23.9,24.06
1660744800,24.06,24.32,24.04,24.2
1660746600,24.2,24.3,24.12,24.3
1660748400,24.3,24.3,24.26,24.26
1660804200,24.3,24.3,24.3,24.3
1660806000,24.3,24.38,24.12,24.36
1660807800,24.38,24.66,24.36,24.48
1660809600,24.46,24.48,24.32,24.44
1660811400,24.42,24.66,24.36,24.62
1660813200,24.62,24.64,24.44,24.48
1660815000,24.5,24.5,24.44,24.46
1660816800,24.44,24.52,24.42,24.52
1660818600,24.52,24.52,24.34,24.44
1660820400,24.44,24.5,24.08,24.38
1660822200,24.36,25.5,24.32,25.34
1660824000,25.36,25.46,25.08,25.12
1660825800,25.14,25.2,24.8,25.04
1660827600,25.06,25.24,25.04,25.18
1660829400,25.16,25.3,25.14,25.28
1660831200,25.28,25.38,25.16,25.28
1660833000,25.3,25.68,25.22,25.52
1660834800,25.5,25.5,25.5,25.5
1660890600,25.48,25.48,25.48,25.48
1660892400,25.46,25.78,25.3,25.72
1660894200,25.72,26.06,25.64,26.06
1660896000,26.04,26.06,25.76,25.8
1660897800,25.82,25.82,25.38,25.54
1660899600,25.56,25.6,25.42,25.56
1660901400,25.56,25.76,25.52,25.76
1660903200,25.74,25.88,25.68,25.84
1660905000,25.84,25.86,25.62,25.66
1660906800,25.66,25.8,25.64,25.74
1660908600,25.74,25.76,25.54,25.66
1660910400,25.66,25.7,25.38,25.5
1660912200,25.48,25.64,25.48,25.58
1660914000,25.58,25.78,25.52,25.7
1660915800,25.7,25.8,25.62,25.72
1660917600,25.72,25.86,25.6,25.82
1660919400,25.82,25.96,25.68,25.76
1660921200,25.76,25.76,25.72,25.72
1661149800,25.6,25.6,25.6,25.6
1661151600,25.62,25.78,25.52,25.62
1661153400,25.62,25.66,25.38,25.46
1661155200,25.44,25.46,25.26,25.3
1661157000,25.3,25.38,25.28,25.36
1661158800,25.34,25.38,25.26,25.34
1661160600,25.32,25.4,25.3,25.38
1661162400,25.36,25.5,25.36,25.46
1661164200,25.44,25.56,25.44,25.5
1661166000,25.52,25.68,25.5,25.66
1661167800,25.64,25.88,25.62,25.82
1661169600,25.8,25.88,25.74,25.76
1661171400,25.76,25.84,25.68,25.76
1661173200,25.74,25.8,25.7,25.74
1661175000,25.74,25.78,25.56,25.62
1661176800,25.62,25.66,25.46,25.56
1661178600,25.56,25.62,25.42,25.44
1661180400,25.42,25.42,25.38,25.38
1661236200,25.4,25.4,25.4,25.4
1661238000,25.42,25.84,25.4,25.66
1661239800,25.66,25.7,25.56,25.7
1661241600,25.7,25.76,25.64,25.72
1661243400,25.7,25.74,25.66,25.7
1661245200,25.72,25.74,25.68,25.7
1661247000,25.68,26.04,25.64,25.94
1661248800,25.94,25.96,25.84,25.88
1661250600,25.88,25.9,25.8,25.86
1661252400,25.86,25.88,25.7,25.74
1661254200,25.76,25.78,25.4,25.66
1661256000,25.68,25.76,25.54,25.56
1661257800,25.56,25.7,25.54,25.7
1661259600,25.7,25.76,25.64,25.72
1661261400,25.7,25.82,25.68,25.78
1661263200,25.8,25.86,25.66,25.74
1661265000,25.74,25.76,25.62,25.64
1661266800,25.64,25.64,25.62,25.62
1661322600,25.72,25.72,25.72,25.72
1661324400,25.7,25.86,25.34,25.44
1661326200,25.44,25.5,25.16,25.32
1661328000,25.3,25.44,25.2,25.4
1661329800,25.4,25.5,25.34,25.46
1661331600,25.44,25.5,25.42,25.44
1661333400,25.44,25.46,25.4,25.42
1661335200,25.4,25.46,25.36,25.4
1661337000,25.4,25.4,25.14,25.2
1661338800,25.2,25.26,25.18,25.24
1661340600,25.22,25.34,25.2,25.26
1661342400,25.26,25.26,25.04,25.14
1661344200,25.16,25.2,25.04,25.16
1661346000,25.18,25.26,25.12,25.22
1661347800,25.2,25.22,24.88,24.98
1661349600,24.96,25.02,24.74,24.76
1661351400,24.76,24.9,24.44,24.48
1661353200,24.5,24.5,24.5,24.5
1661409000,24.7,24.7,24.7,24.7
1661410800,24.7,24.86,24.52,24.54
1661412600,24.54,24.84,24.48,24.82
1661414400,24.8,24.94,24.74,24.9
1661416200,24.92,25.06,24.86,24.94
1661418000,24.94,24.98,24.76,24.88
1661419800,24.86,24.9,24.8,24.82
1661421600,24.82,24.96,24.8,24.92
1661423400,24.9,25.08,24.88,25.02
1661425200,25,25.14,25,25.06
1661427000,25.06,25.06,24.92,25
1661428800,25,25.02,24.84,24.88
1661430600,24.88,24.96,24.74,24.74
1661432400,24.74,24.84,24.48,24.64
1661434200,24.64,24.8,24.56,24.78
1661436000,24.8,24.82,24.64,24.7
1661437800,24.7,24.84,24.66,24.8
1661439600,24.78,24.84,24.78,24.84
1661495400,24.94,24.94,24.94,24.94
1661497200,24.94,25.3,24.92,25.1
1661499000,25.12,25.12,24.58,24.66
1661500800,24.64,24.78,24.28,24.42
1661502600,24.42,24.58,24.36,24.52
1661504400,24.52,24.78,24.5,24.76
1661506200,24.76,25.04,24.72,24.86
1661508000,24.86,24.88,24.76,24.76
1661509800,24.78,24.8,24.66,24.72
1661511600,24.72,24.86,24.7,24.7
1661513400,24.72,24.8,24.66,24.7
1661515200,24.72,24.78,24.66,24.72
1661517000,24.72,24.74,24.64,24.72
1661518800,24.74,24.8,24.62,24.66
1661520600,24.66,24.72,24.56,24.64
1661522400,24.66,24.84,24.56,24.66
1661524200,24.66,24.66,24.1,24.48
1661526000,24.48,24.5,24.48,24.5
1661754600,24.4,24.4,24.4,24.4
1661756400,24.4,24.5,24.26,24.36
1661758200,24.38,24.4,24.26,24.36
1661760000,24.38,24.38,24.18,24.3
1661761800,24.3,24.44,24.26,24.34
1661763600,24.36,24.36,24.24,24.3
1661765400,24.28,24.36,24.24,24.36
1661767200,24.36,24.7,24.32,24.58
1661769000,24.6,24.62,24.52,24.58
1661770800,24.58,24.7,24.56,24.6
1661772600,24.6,24.72,24.52,24.7
1661774400,24.7,24.84,24.66,24.8
1661776200,24.82,24.96,24.74,24.74
1661778000,24.74,24.82,24.64,24.76
1661779800,24.76,24.84,24.66,24.82
1661781600,24.84,24.92,24.76,24.78
1661783400,24.76,24.84,24.62,24.72
1661785200,24.72,24.82,24.72,24.82
1661927400,25.1,25.1,25.1,25.1
1661929200,25.08,25.2,24.98,25.08
1661931000,25.08,25.16,25.02,25.06
1661932800,25.06,25.2,25.04,25.06
1661934600,25.06,25.06,24.94,25
1661936400,24.98,25,24.8,24.84
1661938200,24.84,24.86,24.74,24.74
1661940000,24.76,24.78,24.7,24.74
1661941800,24.76,24.84,24.68,24.8
1661943600,24.8,24.86,24.72,24.8
1661945400,24.8,24.82,24.74,24.76
1661947200,24.76,24.82,24.74,24.8
1661949000,24.8,24.8,24.74,24.76
1661950800,24.76,24.86,24.74,24.86
1661952600,24.86,25.1,24.84,25.04
1661954400,25.04,25.06,24.88,24.98
1661956200,25,25.02,24.86,24.88
1661958000,24.78,24.78,24.78,24.78
1662013800,24.5,24.5,24.5,24.5
1662015600,24.48,24.6,24.16,24.28
1662017400,24.28,24.28,23.94,23.96
1662019200,23.96,24.14,23.92,24.14
1662021000,24.12,24.16,24.06,24.14
1662022800,24.14,24.24,24.1,24.24
1662024600,24.24,24.26,24.14,24.18
1662026400,24.18,24.22,24.12,24.2
1662028200,24.18,24.28,24.18,24.22
1662030000,24.22,24.26,24.12,24.18
1662031800,24.2,24.2,24.06,24.06
1662033600,24.06,24.08,23.88,23.98
1662035400,23.98,24.02,23.9,23.98
1662037200,23.98,24.04,23.96,24
1662039000,24,24.12,23.98,24.06
1662040800,24.04,24.06,23.9,24.02
1662042600,24.02,24.04,23.86,23.9
1662044400,23.9,23.9,23.9,23.9
1662100200,24.06,24.06,24.06,24.06
1662102000,24.04,24.12,23.92,24.04
1662103800,24.04,24.28,23.98,24.1
1662105600,24.12,24.2,24.08,24.1
1662107400,24.08,24.14,24.06,24.08
1662109200,24.08,24.18,24.04,24.14
1662111000,24.14,24.32,24.12,24.28
1662112800,24.28,24.34,24.2,24.2
1662114600,24.22,24.3,24.16,24.28
1662116400,24.28,24.36,24.24,24.3
1662118200,24.3,24.32,24.26,24.28
1662120000,24.28,24.48,24.22,24.42
1662121800,24.4,24.5,24.38,24.44
1662123600,24.44,24.68,24.38,24.6
1662125400,24.6,24.7,24.52,24.56
1662127200,24.56,24.94,24.5,24.88
1662129000,24.88,25,24.78,24.98
1662130800,25,25,24.96,24.96
1662359400,25,25,25,25
1662361200,25,25.18,24.88,25.12
1662363000,25.14,25.4,25.1,25.26
1662364800,25.28,25.32,25.12,25.26
1662366600,25.26,25.32,25.22,25.26
1662368400,25.24,25.76,25.2,25.7
1662370200,25.7,25.82,25.64,25.7
1662372000,25.7,25.94,25.68,25.82
1662373800,25.82,26.04,25.74,25.96
1662375600,25.94,25.98,25.88,25.9
1662377400,25.9,25.9,25.76,25.78
1662379200,25.8,25.8,25.52,25.72
1662381000,25.72,25.82,25.7,25.74
1662382800,25.74,25.98,25.72,25.92
1662384600,25.9,25.92,25.66,25.8
1662386400,25.78,25.88,25.64,25.78
1662388200,25.78,25.84,25.72,25.76
1662390000,25.74,25.76,25.74,25.74
1662445800,26.1,26.1,26.1,26.1
1662447600,26.12,26.22,25.84,26.2
1662449400,26.2,26.8,26.08,26.6
1662451200,26.58,26.6,25.6,26.06
1662453000,26.06,26.32,25.82,26.04
1662454800,26.04,26.04,25.72,25.78
1662456600,25.78,25.78,25.32,25.62
1662458400,25.62,25.98,25.52,25.92
1662460200,25.94,26,25.72,25.76
1662462000,25.78,25.92,25.72,25.88
1662463800,25.9,25.94,25.82,25.86
1662465600,25.86,25.96,25.64,25.86
1662467400,25.84,25.86,25.66,25.76
1662469200,25.76,25.96,25.76,25.88
1662471000,25.88,25.98,25.78,25.84
1662472800,25.86,25.88,25.64,25.82
1662474600,25.82,25.88,25.62,25.64
1662476400,25.64,25.64,25.54,25.54
1662532200,25.52,25.52,25.52,25.52
1662534000,25.5,25.8,25.4,25.56
1662535800,25.56,25.58,25.3,25.38
1662537600,25.38,25.48,25.24,25.42
1662539400,25.4,25.54,25.38,25.44
1662541200,25.44,25.58,25.42,25.56
1662543000,25.58,25.72,25.56,25.64
1662544800,25.64,25.8,25.6,25.8
1662546600,25.78,26.42,25.78,26.4
1662548400,26.4,26.4,26.08,26.2
1662550200,26.2,26.26,26.06,26.2
1662552000,26.2,26.26,26.12,26.24
1662553800,26.22,26.36,26.12,26.36
1662555600,26.34,26.42,26.08,26.22
1662557400,26.22,26.48,26.18,26.4
1662559200,26.38,26.48,26.18,26.4
1662561000,26.38,26.44,26.22,26.28
1662562800,26.28,26.28,26.28,26.28
1662618600,26.58,26.58,26.58,26.58
1662620400,26.58,26.74,26.3,26.5
1662622200,26.5,26.52,26.36,26.5
1662624000,26.48,26.64,26.4,26.42
1662625800,26.4,26.5,26.3,26.44
1662627600,26.44,26.54,26.44,26.5
1662629400,26.52,26.6,26.44,26.58
1662631200,26.56,26.66,26.52,26.6
1662633000,26.6,26.68,26.56,26.64
1662634800,26.64,26.84,26.52,26.62
1662636600,26.62,26.7,26.54,26.68
1662638400,26.66,26.7,26.38,26.42
1662640200,26.4,26.46,26.28,26.32
1662642000,26.32,26.4,26.22,26.36
1662643800,26.36,26.4,26.26,26.3
1662645600,26.3,26.3,25.92,26.14
1662647400,26.14,26.14,25.72,25.92
1662649200,25.9,25.9,25.9,25.9
1662705000,26.16,26.16,26.16,26.16
1662706800,26.18,26.26,26.06,26.16
1662708600,26.18,26.32,26.12,26.22
1662710400,26.22,26.32,26.16,26.22
1662712200,26.22,26.38,26.2,26.36
1662714000,26.36,26.64,26.32,26.56
1662715800,26.56,26.7,26.4,26.42
1662717600,26.44,26.52,26.36,26.42
1662719400,26.42,26.44,26.3,26.42
1662721200,26.42,26.46,26.34,26.44
1662723000,26.44,26.56,26.38,26.54
1662724800,26.56,26.92,26.44,26.68
1662726600,26.68,26.7,26.44,26.48
1662728400,26.46,26.58,26.36,26.56
1662730200,26.56,26.86,26.42,26.52
1662732000,26.52,26.56,26.22,26.28
1662733800,26.26,26.3,26.04,26.2
1662735600,26.2,26.2,26.2,26.2
1662964200,26.5,26.5,26.5,26.5
1662966000,26.5,26.68,26.26,26.54
1662967800,26.52,26.68,26.44,26.64
1662969600,26.64,27.04,26.58,27
1662971400,27,27.38,26.94,27.36
1662973200,27.34,28.06,27.32,28.02
1662975000,28.02,28.04,27.66,28
1662976800,27.98,28,27.84,27.94
1662978600,27.92,27.98,27.76,27.86
1662980400,27.88,28.1,27.86,28.04
1662982200,28.04,28.06,27.7,27.72
1662984000,27.7,27.82,27.5,27.74
1662985800,27.76,27.82,27.7,27.76
1662987600,27.76,27.86,27.7,27.82
1662989400,27.82,28,27.74,27.82
1662991200,27.8,27.9,27.66,27.76
1662993000,27.76,27.98,27.74,27.94
1662994800,28,28,28,28
1663050600,28.26,28.26,28.26,28.26
1663052400,28.28,28.3,27.54,27.88
1663054200,27.86,27.9,27.64,27.88
1663056000,27.86,27.94,27.68,27.78
1663057800,27.76,27.86,27.52,27.82
1663059600,27.8,27.84,27.62,27.66
1663061400,27.64,27.68,27.2,27.52
1663063200,27.52,27.54,27.02,27.34
1663065000,27.36,27.84,27.3,27.76
1663066800,27.78,27.98,27.7,27.96
1663068600,27.96,28.14,27.74,27.82
1663070400,27.8,27.86,27.62,27.68
1663072200,27.7,27.82,27.26,27.38
1663074000,27.38,27.42,27,27.08
1663075800,27.08,27.54,27.06,27.36
1663077600,27.36,27.4,27.02,27.1
1663079400,27.1,27.12,26.86,26.86
1663081200,26.2,26.2,26.2,26.2
1663137000,26.1,26.1,26.1,26.1
1663138800,26.1,26.36,25.64,26.26
1663140600,26.26,26.38,25.78,25.84
1663142400,25.88,26.12,25.66,25.86
1663144200,25.86,25.88,25.56,25.76
1663146000,25.78,25.9,25.72,25.88
1663147800,25.88,26.04,25.8,25.96
1663149600,25.96,26.12,25.92,26.08
1663151400,26.08,26.34,26.06,26.3
1663153200,26.3,26.4,26.22,26.36
1663155000,26.36,26.38,25.94,25.96
1663156800,25.96,25.98,25.7,25.88
1663158600,25.88,25.98,25.82,25.88
1663160400,25.88,26.24,25.86,26.04
1663162200,26.06,26.32,26.04,26.18
1663164000,26.18,26.22,25.84,25.86
1663165800,25.86,26.5,25.8,26.5
1663167600,26.5,26.54,26.5,26.54
1663223400,26.76,26.76,26.76,26.76
1663225200,26.76,26.96,26.68,26.84
1663227000,26.82,26.84,26.62,26.72
1663228800,26.7,27.2,26.68,27.1
1663230600,27.1,27.38,26.96,27.3
1663232400,27.3,27.46,27.18,27.44
1663234200,27.42,27.64,27.4,27.6
1663236000,27.6,27.62,27.4,27.48
1663237800,27.48,27.56,27.32,27.42
1663239600,27.44,27.52,27.34,27.46
1663241400,27.48,27.5,27.08,27.16
1663243200,27.16,27.16,26.86,27
1663245000,27,27.14,26.84,26.94
1663246800,26.94,27.06,26.76,26.9
1663248600,26.9,26.92,26.52,26.82
1663250400,26.82,27.16,26.72,26.88
1663252200,26.88,26.9,26.46,26.52
1663254000,26.5,26.66,26.5,26.66
1663309800,26.64,26.64,26.64,26.64
1663311600,26.64,26.86,26.58,26.84
1663313400,26.84,26.86,26.62,26.62
1663315200,26.64,26.76,26.62,26.74
1663317000,26.74,26.94,26.72,26.76
1663318800,26.76,26.98,26.72,26.84
1663320600,26.84,26.92,26.74,26.9
1663322400,26.9,26.92,26.8,26.86
1663324200,26.84,27.08,26.82,27.08
1663326000,27.06,27.18,26.96,26.98
1663327800,26.98,27.04,26.9,26.92
1663329600,26.94,27.06,26.82,26.96
1663331400,26.96,27.02,26.88,26.92
1663333200,26.9,26.96,26.8,26.92
1663335000,26.92,26.94,26.78,26.92
1663336800,26.92,27.2,26.9,27.06
1663338600,27.08,27.1,26.78,27.02
1663340400,27.06,27.06,27.06,27.06
1663569000,27.24,27.24,27.24,27.24
1663570800,27.26,27.6,27.24,27.38
1663572600,27.38,27.52,27.3,27.44
1663574400,27.44,27.5,27.38,27.42
1663576200,27.42,27.42,27.26,27.34
1663578000,27.34,27.38,27.24,27.34
1663579800,27.34,27.34,27.18,27.2
1663581600,27.18,27.26,27.16,27.24
1663583400,27.24,27.26,27.08,27.1
1663585200,27.1,27.1,26.8,26.84
1663587000,26.86,26.9,26.5,26.56
1663588800,26.56,26.66,26.5,26.64
1663590600,26.64,26.74,26.54,26.68
1663592400,26.66,26.68,26.26,26.32
1663594200,26.32,26.38,25.88,25.88
1663596000,25.9,25.94,25.72,25.76
1663599600,25.5,25.5,25.5,25.5
1663655400,26.02,26.02,26.02,26.02
1663657200,26.04,26.4,25.92,26.3
1663659000,26.3,26.38,26.1,26.24
1663660800,26.24,26.56,26.22,26.36
1663662600,26.34,26.38,25.8,25.86
1663664400,25.86,26.16,25.36,26.1
1663666200,26.12,26.16,25.78,26
1663668000,26,26.26,25.9,26.26
1663669800,26.24,26.36,26.12,26.3
1663671600,26.3,26.42,26.2,26.4
1663673400,26.38,26.74,26.36,26.58
1663675200,26.58,26.58,26.38,26.42
1663677000,26.4,26.6,26.38,26.42
1663678800,26.42,26.68,26.28,26.48
1663680600,26.48,26.7,26.34,26.64
1663682400,26.64,26.88,26.58,26.7
1663684200,26.7,27.44,26.52,27.4
1663686000,27.4,27.64,27.4,27.64
1663741800,27.36,27.36,27.36,27.36
1663743600,27.38,27.56,27.06,27.08
1663745400,27.08,27.08,26.68,26.7
1663747200,26.68,26.92,26.56,26.9
1663749000,26.9,27.02,26.86,26.98
1663750800,26.96,27.08,26.84,26.96
1663752600,26.96,27.04,26.84,26.86
1663754400,26.88,26.88,26.66,26.68
1663756200,26.7,26.86,26.66,26.84
1663758000,26.84,26.98,26.82,26.88
1663759800,26.88,26.98,26.84,26.92
1663761600,26.9,27.16,26.84,27.12
1663763400,27.1,27.3,27.1,27.16
1663765200,27.16,27.2,26.9,27.08
1663767000,27.08,27.28,27.04,27.2
1663768800,27.2,27.26,26.92,26.98
1663770600,26.96,26.98,26.78,26.82
1663772400,26.86,26.86,26.86,26.86
1663828200,26.86,26.86,26.86,26.86
1663830000,26.86,27.06,26.74,27.06
1663831800,27.06,27.74,27.06,27.54
1663833600,27.56,27.68,27.46,27.54
1663835400,27.52,27.64,27.52,27.56
1663837200,27.56,27.58,27.38,27.44
1663839000,27.42,27.5,27.38,27.48
1663840800,27.5,27.52,27.38,27.4
1663842600,27.4,27.5,27.3,27.48
1663844400,27.48,27.68,27.46,27.54
1663846200,27.52,27.58,27.32,27.58
1663848000,27.58,27.7,27.5,27.56
1663849800,27.56,27.58,27.5,27.58
1663851600,27.58,27.88,27.54,27.8
1663853400,27.8,27.94,27.18,27.18
1663855200,27.16,27.34,27.02,27.32
1663857000,27.32,27.54,27.22,27.52
1663858800,27.52,27.52,27.52,27.52
1663914600,27.58,27.58,27.58,27.58
1663916400,27.58,27.78,27.42,27.46
1663918200,27.44,27.6,27.32,27.52
1663920000,27.54,27.7,27.52,27.54
1663921800,27.54,27.6,27.5,27.56
1663923600,27.58,27.66,27.54,27.6
1663925400,27.6,27.64,27.5,27.58
1663927200,27.58,27.7,27.54,27.68
1663929000,27.68,27.76,27.12,27.24
1663930800,27.22,27.32,27.16,27.28
1663932600,27.28,27.32,27.24,27.28
1663934400,27.3,27.32,27.2,27.28
1663936200,27.28,27.28,27.04,27.12
1663938000,27.12,27.42,27.08,27.26
1663939800,27.26,27.3,27.12,27.16
1663941600,27.16,27.2,27.04,27.18
1663943400,27.18,27.18,27,27.08
1663945200,27.06,27.16,27.06,27.16
1664173800,27.16,27.16,27.16,27.16
1664175600,27.16,27.52,26.98,27.32
1664177400,27.32,27.42,27.16,27.24
1664179200,27.22,27.28,26.98,27.14
1664181000,27.16,27.18,27.06,27.12
1664182800,27.12,27.12,26.54,26.72
1664184600,26.7,26.8,26.64,26.78
1664186400,26.8,26.8,26.6,26.78
1664188200,26.78,26.78,26.46,26.54
1664190000,26.52,26.58,26.42,26.56
1664191800,26.56,26.6,26.42,26.5
1664193600,26.5,26.58,26.36,26.58
1664195400,26.58,26.66,26.52,26.6
1664197200,26.58,26.66,26.46,26.62
1664199000,26.6,26.7,26.58,26.64
1664200800,26.62,26.84,26.52,26.62
1664202600,26.64,26.7,26.32,26.42
1664204400,26.54,26.54,26.54,26.54
1664260200,26.58,26.58,26.58,26.58
1664262000,26.58,26.76,26.56,26.58
1664263800,26.58,26.64,26.46,26.52
1664265600,26.54,26.64,26.52,26.58
1664267400,26.58,26.7,26.56,26.68
1664269200,26.66,26.78,26.66,26.68
1664271000,26.68,26.84,26.66,26.78
1664272800,26.8,26.92,26.76,26.82
1664274600,26.84,26.9,26.78,26.84
1664276400,26.84,27,26.82,26.96
1664278200,26.94,26.98,26.8,26.82
1664280000,26.82,26.84,26.74,26.84
1664281800,26.84,26.88,26.8,26.86
1664283600,26.84,26.94,26.76,26.78
1664285400,26.78,26.84,26.72,26.78
1664287200,26.8,26.8,26.6,26.66
1664289000,26.66,26.66,26.5,26.58
1664290800,26.62,26.62,26.62,26.62
1664346600,26.4,26.4,26.4,26.4
1664348400,26.42,26.52,26.3,26.38
1664350200,26.38,26.52,26.38,26.46
1664352000,26.48,26.54,26.38,26.48
1664353800,26.5,26.54,26.44,26.46
1664355600,26.44,26.48,26.38,26.42
1664357400,26.42,26.46,26.38,26.46
1664359200,26.44,26.72,26.44,26.58
1664361000,26.58,26.66,26.52,26.58
1664362800,26.6,26.68,26.54,26.56
1664364600,26.56,26.56,26.28,26.32
1664366400,26.3,26.38,26.2,26.24
1664368200,26.22,26.28,26.12,26.2
1664370000,26.2,26.26,26.04,26.06
1664371800,26.08,26.2,25.96,26.12
1664373600,26.12,26.16,26,26.1
1664375400,26.12,26.16,25.96,26.08
1664377200,26.04,26.04,26.04,26.04
1664433000,26.12,26.12,26.12,26.12
1664434800,26.12,26.4,26.06,26.12
1664436600,26.1,26.18,25.9,26.06
1664438400,26.06,26.14,25.92,25.98
1664440200,25.96,25.98,25.72,25.74
1664442000,25.74,25.86,25.72,25.84
1664443800,25.84,26.1,25.74,26.06
1664445600,26.06,26.24,26.04,26.22
1664447400,26.24,26.24,26.12,26.2
1664449200,26.22,26.3,26.18,26.22
1664451000,26.22,26.22,26.04,26.08
1664452800,26.1,26.2,26.06,26.1
1664454600,26.12,26.12,25.82,25.94
1664456400,25.94,26.14,25.82,25.96
1664458200,25.96,26.04,25.46,25.48
1664460000,25.46,25.68,24.82,24.82
1664461800,24.72,25.8,24.44,25.62
1664463600,25.64,25.7,25.64,25.7
1664519400,25.64,25.64,25.64,25.64
1664521200,25.68,25.84,25.44,25.46
1664523000,25.44,25.6,25.44,25.58
1664524800,25.6,25.66,25.48,25.54
1664526600,25.54,25.58,25.4,25.56
1664528400,25.54,25.56,25.34,25.42
1664530200,25.4,25.42,25.24,25.28
1664532000,25.28,25.38,25.22,25.24
1664533800,25.24,25.32,25.18,25.22
1664535600,25.22,25.28,25.12,25.22
1664537400,25.22,25.42,25.14,25.4
1664539200,25.4,25.44,25.34,25.4
1664541000,25.4,25.6,25.36,25.42
1664542800,25.42,25.48,25.34,25.4
1664544600,25.4,25.54,25.2,25.32
1664546400,25.32,25.38,25.24,25.34
1664548200,25.34,25.54,25.32,25.48
1664550000,25.48,25.48,25.42,25.42
1664778600,25.48,25.48,25.48,25.48
1664780400,25.48,26.06,25.46,25.92
1664782200,25.9,26.18,25.9,26.16
1664784000,26.18,26.2,26.04,26.1
1664785800,26.1,26.4,26.1,26.32
1664787600,26.32,26.34,26.18,26.22
1664789400,26.24,26.28,26.16,26.24
1664791200,26.24,26.26,26.18,26.2
1664793000,26.2,26.34,26.12,26.32
1664794800,26.32,26.38,26.28,26.32
1664796600,26.32,26.38,26.28,26.34
1664798400,26.34,26.54,26.3,26.34
1664800200,26.36,26.4,26.28,26.28
1664802000,26.3,26.36,26.26,26.34
1664803800,26.34,26.46,26.26,26.46
1664805600,26.46,27.04,26.44,26.96
1664807400,26.96,27.38,26.92,27.16
1664809200,27.14,27.14,27.14,27.14
1664865000,27.4,27.4,27.4,27.4
1664866800,27.4,27.48,27.02,27.4
1664868600,27.4,27.92,27.24,27.92
1664870400,27.92,27.92,27.4,27.54
1664872200,27.54,27.54,27.24,27.36
1664874000,27.36,27.38,27.12,27.34
1664875800,27.34,27.38,27.26,27.3
1664877600,27.3,27.38,27.22,27.28
1664879400,27.28,27.36,27.28,27.32
1664881200,27.3,27.44,27.28,27.4
1664883000,27.4,27.42,27.28,27.34
1664884800,27.36,27.48,27.32,27.46
1664886600,27.48,27.56,27.38,27.42
1664888400,27.42,27.44,27.28,27.44
1664890200,27.44,27.46,27.32,27.38
1664892000,27.38,27.44,27.2,27.3
1664893800,27.28,27.42,27.22,27.28
1664895600,27.36,27.36,27.36,27.36
1664951400,27.48,27.48,27.48,27.48
1664953200,27.5,27.64,27.42,27.54
1664955000,27.56,27.8,27.52,27.7
1664956800,27.7,27.84,27.42,27.48
1664958600,27.48,27.48,26.96,27.28
1664960400,27.28,27.32,27.16,27.24
1664962200,27.26,27.28,27.1,27.18
1664964000,27.18,27.32,27.1,27.28
1664965800,27.28,27.42,27.26,27.38
1664967600,27.4,27.6,27.38,27.56
1664969400,27.58,27.82,27.54,27.76
1664971200,27.74,27.78,27.54,27.58
1664973000,27.58,27.6,27.44,27.48
1664974800,27.48,27.52,27.34,27.38
1664976600,27.36,27.54,27.18,27.38
1664978400,27.38,27.42,27.2,27.36
1664980200,27.38,28.38,27.32,28.36
1664982000,28.36,28.38,28.36,28.36
1665037800,28.7,28.7,28.7,28.7
1665039600,28.72,28.9,28.5,28.68
1665041400,28.68,29.18,28.62,28.84
1665043200,28.84,28.92,28.68,28.76
1665045000,28.76,29,28.7,28.96
1665046800,28.96,29.26,28.96,29.06
1665048600,29.06,29.08,28.96,29.02
1665050400,29,29.02,28.88,28.9
1665052200,28.9,29.02,28.88,28.98
1665054000,28.96,29.14,28.96,29.06
1665055800,29.08,29.5,28.96,29.5
1665057600,29.5,29.66,29.42,29.48
1665059400,29.5,29.62,29.28,29.36
1665061200,29.36,29.56,29.22,29.54
1665063000,29.56,29.56,29.38,29.48
1665064800,29.48,29.72,29.28,29.44
1665066600,29.44,29.58,29.26,29.48
1665068400,29.48,29.48,29.46,29.46
1665124200,29.46,29.46,29.46,29.46
1665126000,29.48,29.48,29.2,29.24
1665127800,29.24,29.26,28.84,29.08
1665129600,29.08,29.36,29.04,29.28
1665131400,29.28,29.4,29.18,29.32
1665133200,29.32,29.34,29.16,29.26
1665135000,29.26,29.38,29.16,29.36
1665136800,29.36,29.46,29.26,29.44
1665138600,29.44,29.7,29.32,29.4
1665140400,29.4,29.5,29.16,29.44
1665142200,29.44,29.56,29.42,29.5
1665144000,29.5,29.68,29.46,29.64
1665145800,29.62,29.86,29.46,29.64
1665147600,29.62,29.94,29.54,29.82
1665149400,29.82,30,29.62,29.98
1665151200,29.98,30.26,29.82,29.96
1665153000,29.98,29.98,29.7,29.8
1665154800,29.78,29.78,29.76,29.76
1665383400,29.84,29.84,29.84,29.84
1665385200,29.86,29.94,29.66,29.92
1665387000,29.94,30.24,29.9,30.08
1665388800,30.08,30.08,29.88,29.98
1665390600,30,30.02,29.86,29.98
1665392400,30,30.06,29.92,30.04
1665394200,30.06,30.08,30,30.02
1665396000,30,30.28,29.96,30.28
1665397800,30.26,30.34,30.16,30.22
1665399600,30.22,30.26,30.06,30.14
1665401400,30.14,30.28,30.12,30.24
1665403200,30.26,30.34,30.18,30.24
1665405000,30.24,30.42,30.2,30.28
1665406800,30.28,30.28,30.16,30.22
1665408600,30.22,30.24,30.08,30.2
1665410400,30.2,30.2,29.96,30.08
1665412200,30.08,30.14,29.9,30.06
1665414000,30.04,30.04,30.04,30.04
1665469800,30.08,30.08,30.08,30.08
1665471600,30.08,30.12,29.82,29.96
1665473400,29.96,30.02,29.78,29.9
1665475200,29.9,30.16,29.86,30.1
1665477000,30.1,30.22,29.96,29.98
1665478800,29.98,30.02,29.94,29.98
1665480600,29.98,29.98,29.86,29.88
1665482400,29.9,29.94,29.7,29.74
1665484200,29.72,29.8,29.64,29.8
1665486000,29.8,29.96,29.78,29.9
1665487800,29.9,30,29.88,29.94
1665489600,29.94,30.04,29.92,29.98
1665491400,29.98,30.06,29.8,29.82
1665493200,29.84,29.84,29.72,29.76
1665495000,29.76,29.86,29.6,29.76
1665496800,29.76,29.76,29.48,29.58
1665498600,29.58,29.68,29.4,29.48
1665500400,29.42,29.42,29.42,29.42
1665556200,29.38,29.38,29.38,29.38
1665558000,29.36,29.46,29,29.06
1665559800,29.06,29.12,28.96,28.98
1665561600,28.96,28.98,28.74,28.9
1665563400,28.9,28.92,28.76,28.86
1665565200,28.86,29,28.82,28.94
1665567000,28.94,29.02,28.92,28.94
1665568800,28.96,29.1,28.94,29.04
1665570600,29.04,29.06,28.66,28.66
1665572400,28.66,28.92,28.6,28.88
1665574200,28.9,29,28.88,28.96
1665576000,28.94,28.98,28.84,28.9
1665577800,28.88,28.92,28.56,28.6
1665579600,28.62,28.62,28.38,28.48
1665581400,28.46,28.68,28.34,28.58
1665583200,28.58,28.7,28.46,28.48
1665585000,28.48,28.6,28.4,28.42
1665586800,28.42,28.56,28.42,28.56
1665642600,28.58,28.58,28.58,28.58
1665644400,28.6,28.78,28.52,28.74
1665646200,28.74,28.86,28.7,28.7
1665648000,28.72,28.74,28.52,28.58
1665649800,28.58,28.82,28.52,28.76
1665651600,28.74,28.84,28.64,28.66
1665653400,28.64,28.74,28.62,28.7
1665655200,28.7,28.8,28.64,28.76
1665657000,28.74,28.92,28.72,28.92
1665658800,28.92,28.98,28.84,28.86
1665660600,28.88,28.94,28.82,28.86
1665662400,28.84,28.86,28.64,28.74
1665664200,28.72,28.72,28.32,28.42
1665666000,28.42,28.6,28.3,28.4
1665667800,28.38,28.5,28.28,28.4
1665669600,28.38,28.7,28.34,28.58
1665671400,28.58,28.64,28.4,28.46
1665673200,28.44,28.44,28.44,28.44
1665729000,29,29,29,29
1665730800,29.02,29.12,28.94,28.98
1665732600,28.98,29.24,28.94,29.14
1665734400,29.12,29.3,29.12,29.16
1665736200,29.16,29.16,29,29.02
1665738000,29.02,29.28,29,29.16
1665739800,29.16,29.26,29.12,29.18
1665741600,29.2,29.24,29.16,29.24
1665743400,29.24,29.32,29.2,29.32
1665745200,29.32,29.54,29.28,29.4
1665747000,29.38,29.42,29.22,29.26
1665748800,29.24,29.34,29.22,29.3
1665750600,29.34,29.38,29.18,29.38
1665752400,29.38,29.48,29.34,29.48
1665754200,29.48,29.48,29.24,29.34
1665756000,29.34,29.44,29.22,29.28
1665757800,29.3,29.36,29.16,29.26
1665759600,29.26,29.26,29.26,29.26
1665988200,29.4,29.4,29.4,29.4
1665990000,29.4,29.54,29.36,29.48
1665991800,29.5,29.86,29.48,29.78
1665993600,29.78,29.88,29.72,29.8
1665995400,29.8,30.28,29.74,30.18
1665997200,30.16,30.88,30.16,30.84
1665999000,30.84,31.26,30.8,31.02
1666000800,31.04,31.22,30.94,31
1666002600,30.98,31.04,30.8,30.86
1666004400,30.86,30.92,30.76,30.82
1666006200,30.82,31.04,30.8,30.96
1666008000,30.98,31,30.88,30.9
1666009800,30.9,31.02,30.88,30.92
1666011600,30.9,31.14,30.88,31.08
1666013400,31.08,31.28,31.06,31.18
1666015200,31.2,31.26,31.12,31.14
1666017000,31.12,31.24,31.02,31.22
1666018800,31.2,31.2,31.2,31.2
1666074600,31.46,31.46,31.46,31.46
1666076400,31.46,31.66,31.08,31.14
1666078200,31.14,31.38,30.98,31.3
1666080000,31.32,31.48,31.04,31.08
1666081800,31.08,31.3,31.02,31.28
1666083600,31.28,31.34,31.2,31.24
1666085400,31.22,31.24,30.94,31.06
1666087200,31.06,31.18,31,31.14
1666089000,31.14,31.22,31.1,31.2
1666090800,31.18,31.4,31.16,31.18
1666092600,31.16,31.24,31.12,31.2
1666094400,31.18,31.28,31,31.1
1666096200,31.08,31.32,31.06,31.14
1666098000,31.14,31.14,30.7,31
1666099800,31,31.06,30.84,31
1666101600,31,31.06,30.76,30.8
1666103400,30.82,31.14,30.7,31.06
1666105200,31.1,31.1,31.1,31.1
1666161000,31.22,31.22,31.22,31.22
1666162800,31.22,31.38,31.16,31.18
1666164600,31.18,31.2,30.68,30.8
1666166400,30.82,30.86,30.68,30.84
1666168200,30.82,31,30.8,30.96
1666170000,30.94,31.02,30.88,30.98
1666171800,30.98,31.14,30.94,31.04
1666173600,31.06,31.14,30.96,31.14
1666175400,31.14,31.24,31.08,31.12
1666177200,31.14,31.34,31.12,31.3
1666179000,31.32,31.48,31.24,31.28
1666180800,31.28,31.28,30.98,31.04
1666182600,31.04,31.08,30.96,31
1666184400,31,31.02,30.86,30.96
1666186200,30.98,31.12,30.78,30.8
1666188000,30.78,30.9,30.7,30.86
1666189800,30.88,30.9,30.66,30.78
1666191600,30.68,30.68,30.68,30.68
1666247400,30.7,30.7,30.7,30.7
1666249200,30.72,30.9,30.66,30.84
1666251000,30.84,31.1,30.8,31
1666252800,31.02,31.02,30.78,30.84
1666254600,30.84,31.1,30.8,31.08
1666256400,31.08,31.26,31.04,31.04
1666258200,31.04,31.14,31.04,31.12
1666260000,31.14,31.5,31.12,31.48
1666261800,31.48,31.7,31.44,31.54
1666263600,31.54,31.78,31.44,31.68
1666265400,31.68,31.76,31.58,31.7
1666267200,31.72,31.8,31.52,31.56
1666269000,31.54,31.54,31.28,31.46
1666270800,31.46,31.68,31.42,31.5
1666272600,31.52,31.74,31.34,31.44
1666274400,31.44,31.68,31.38,31.66
1666276200,31.66,31.76,31.42,31.54
1666278000,31.36,31.36,31.36,31.36
1666333800,31.38,31.38,31.38,31.38
1666335600,31.4,31.52,31.06,31.18
1666337400,31.18,31.22,30.96,30.98
1666339200,30.96,31.06,30.88,31.04
1666341000,31.04,31.22,31.02,31.18
1666342800,31.16,31.22,31.06,31.1
1666344600,31.08,31.22,31.06,31.2
1666346400,31.22,31.32,31.2,31.22
1666348200,31.22,31.28,31.12,31.16
1666350000,31.16,31.6,31.14,31.44
1666351800,31.44,31.9,31.42,31.66
1666353600,31.66,31.76,31.6,31.62
1666355400,31.64,31.92,31.46,31.56
1666357200,31.56,31.72,31.54,31.58
1666359000,31.58,31.66,31.46,31.64
1666360800,31.64,31.86,31.6,31.84
1666362600,31.82,32.12,31.76,31.98
1666364400,32,32,32,32
1666593000,32.16,32.16,32.16,32.16
1666594800,32.16,32.34,31.86,32.22
1666596600,32.24,32.54,32.2,32.32
1666598400,32.3,32.4,32.1,32.14
1666600200,32.16,32.42,32.1,32.34
1666602000,32.34,32.62,32.32,32.58
1666603800,32.6,32.86,32.56,32.78
1666605600,32.8,32.88,32.64,32.66
1666607400,32.68,32.74,32.48,32.68
1666609200,32.66,32.76,32.64,32.72
1666611000,32.72,33.02,32.68,32.98
1666612800,32.98,32.98,32.74,32.82
1666614600,32.8,32.84,32.68,32.74
1666616400,32.76,32.8,32.72,32.78
1666618200,32.78,32.9,32.66,32.68
1666620000,32.7,32.8,32.54,32.66
1666621800,32.66,32.66,32.44,32.48
1666623600,32.48,32.48,32.46,32.46
1666679400,32.54,32.54,32.54,32.54
1666681200,32.54,32.76,32.5,32.64
1666683000,32.64,32.66,32.52,32.58
1666684800,32.56,33.08,32.54,33.04
1666686600,33.04,33.14,32.92,33.1
1666688400,33.1,33.2,32.96,33.14
1666690200,33.12,33.26,33.06,33.18
1666692000,33.18,33.3,33.16,33.28
1666693800,33.26,33.32,33.2,33.24
1666695600,33.26,33.36,33.16,33.34
1666697400,33.34,33.86,33.18,33.72
1666699200,33.72,33.9,33.52,33.72
1666701000,33.72,33.72,33.18,33.44
1666702800,33.42,33.72,33.38,33.66
1666704600,33.66,34.08,33.58,33.82
1666706400,33.84,33.88,33.7,33.82
1666708200,33.84,34.02,33.62,33.66
1666710000,33.82,33.82,33.82,33.82
1666765800,33.94,33.94,33.94,33.94
1666767600,33.96,34.06,33.64,33.82
1666769400,33.84,33.92,33.74,33.78
1666771200,33.76,33.96,33.7,33.9
1666773000,33.9,33.9,33.7,33.72
1666774800,33.74,33.74,33.56,33.62
1666776600,33.62,33.62,33.4,33.44
1666778400,33.44,33.56,33.34,33.56
1666780200,33.56,33.58,33.46,33.46
1666782000,33.46,33.5,33.32,33.44
1666783800,33.44,33.58,33.28,33.58
1666785600,33.58,33.78,33.5,33.6
1666787400,33.6,33.7,33.42,33.68
1666789200,33.68,33.82,33.56,33.6
1666791000,33.58,33.62,33.36,33.46
1666792800,33.44,33.66,33.4,33.64
1666794600,33.66,34.18,33.6,33.9
1666796400,33.9,34,33.9,34
1666852200,34.02,34.02,34.02,34.02
1666854000,34.02,34.3,33.78,34.12
1666855800,34.12,34.2,33.58,33.62
1666857600,33.6,33.64,33.1,33.44
1666859400,33.44,33.62,33.42,33.58
1666861200,33.58,33.74,33.56,33.62
1666863000,33.62,33.74,33.5,33.54
1666864800,33.54,33.7,33.48,33.64
1666866600,33.66,33.72,33.46,33.52
1666868400,33.54,33.7,33.52,33.66
1666870200,33.66,33.7,33.54,33.58
1666872000,33.58,33.58,33.34,33.42
1666873800,33.44,33.5,33.26,33.32
1666875600,33.34,33.44,33.24,33.38
1666877400,33.4,33.42,33.32,33.38
1666879200,33.36,33.44,33.16,33.2
1666881000,33.18,33.42,33.18,33.32
1666882800,33.3,33.3,33.3,33.3
1666938600,33.18,33.18,33.18,33.18
1666940400,33.18,33.2,32.88,32.98
1666942200,32.96,32.98,32.58,32.64
1666944000,32.62,32.76,32.6,32.7
1666945800,32.7,33.22,32.62,32.84
1666947600,32.82,33.36,32.28,32.44
1666949400,32.54,32.54,32.54,32.54
1667197800,32.68,32.68,32.68,32.68
1667199600,32.68,32.88,32.46,32.58
1667201400,32.58,32.86,32.38,32.86
1667203200,32.86,33.1,32.76,33.1
1667205000,33.1,33.16,32.94,33.02
1667206800,33.02,33.06,32.96,33
1667208600,32.98,33.04,32.9,32.94
1667210400,32.94,33.18,32.92,33.18
1667212200,33.18,33.22,33.08,33.1
1667214000,33.1,33.34,33.06,33.26
1667215800,33.26,33.26,33,33.06
1667217600,33.06,33.06,32.82,32.92
1667219400,32.94,32.98,32.86,32.98
1667221200,32.96,33.1,32.88,33.06
1667223000,33.06,33.14,33,33.12
1667224800,33.12,33.3,33.1,33.24
1667226600,33.24,33.24,32.96,33.22
1667228400,33.22,33.22,33.22,33.22
1667284200,33.22,33.22,33.22,33.22
1667286000,33.24,34.16,33.1,33.7
1667287800,33.72,33.96,33.72,33.9
1667289600,33.9,34.04,33.88,33.98
1667291400,33.98,34.08,33.88,34
1667293200,33.98,34.02,33.84,33.88
1667295000,33.9,33.92,33.72,33.82
1667296800,33.84,33.86,33.76,33.78
1667298600,33.78,33.8,33.52,33.62
1667300400,33.62,33.68,33.48,33.62
1667302200,33.62,33.64,33.54,33.6
1667304000,33.6,33.68,33.48,33.66
1667305800,33.64,33.68,33.44,33.48
1667307600,33.48,33.48,33.22,33.26
1667309400,33.26,33.26,33.08,33.1
1667311200,33.1,33.16,32.86,33.02
1667313000,33.04,33.2,32.86,32.98
1667314800,32.98,32.98,32.98,32.98
1667370600,33.06,33.06,33.06,33.06
1667372400,33.06,33.16,32.92,33.12
1667374200,33.12,33.48,33.08,33.42
1667376000,33.4,33.54,33.32,33.48
1667377800,33.48,33.5,33.24,33.3
1667379600,33.28,33.34,33.16,33.18
1667381400,33.2,33.32,33.16,33.2
1667383200,33.2,33.24,33.16,33.22
1667385000,33.22,33.34,33.2,33.28
1667386800,33.28,33.32,33.2,33.22
1667388600,33.22,33.22,33.12,33.18
1667390400,33.2,33.2,33.08,33.18
1667392200,33.18,33.22,32.4,32.68
1667394000,32.68,32.86,32.6,32.8
1667395800,32.82,32.84,32.62,32.74
1667397600,32.74,32.84,32.66,32.7
1667399400,32.7,32.84,32.62,32.8
1667401200,32.82,32.82,32.82,32.82
1667457000,32.76,32.76,32.76,32.76
1667458800,32.74,33.1,32.58,33
1667460600,32.98,33,32.7,32.88
1667462400,32.88,33.08,32.84,32.9
1667464200,32.88,33.26,32.86,33.14
1667466000,33.12,33.2,33,33.12
1667467800,33.1,33.24,32.98,33.02
1667469600,33,33.02,32.94,33
1667471400,33,33,32.78,32.84
1667473200,32.84,32.88,32.76,32.86
1667475000,32.88,32.9,32.8,32.86
1667476800,32.86,32.88,32.68,32.7
1667478600,32.7,32.7,32.52,32.64
1667480400,32.62,32.76,32.58,32.76
1667482200,32.76,33.02,32.72,32.86
1667484000,32.9,32.94,32.7,32.8
1667485800,32.8,32.96,32.76,32.96
1667487600,32.94,32.94,32.94,32.94
1667543400,33.02,33.02,33.02,33.02
1667545200,33,33.48,33,33.32
1667547000,33.34,33.36,33.2,33.28
1667548800,33.26,33.54,33.22,33.54
1667550600,33.52,33.54,33.32,33.34
1667552400,33.34,33.34,33.22,33.26
1667554200,33.26,33.52,33.2,33.28
1667556000,33.3,33.36,33.2,33.22
1667557800,33.2,33.36,33.16,33.36
1667559600,33.34,33.48,33.32,33.42
1667561400,33.44,33.5,33.34,33.38
1667563200,33.38,33.54,33.34,33.46
1667565000,33.46,33.76,33.38,33.68
1667566800,33.7,33.76,33.58,33.7
1667568600,33.72,33.9,33.68,33.78
1667570400,33.78,33.78,33.54,33.68
1667572200,33.68,33.76,33.58,33.64
1667574000,33.64,33.64,33.64,33.64
1667802600,33.86,33.86,33.86,33.86
1667804400,33.88,34.3,33.8,34.12
1667806200,34.12,34.42,34.08,34.2
1667808000,34.2,34.36,34.18,34.22
1667809800,34.24,34.52,34.22,34.5
1667811600,34.5,34.68,34.44,34.54
1667813400,34.54,34.6,34.44,34.5
1667815200,34.5,34.6,34.44,34.52
1667817000,34.54,34.58,34.4,34.58
1667818800,34.56,34.64,34.46,34.64
1667820600,34.64,34.88,34.56,34.76
1667822400,34.78,35,34.66,34.98
1667824200,35,35.1,34.9,35
1667826000,35,35.04,34.78,34.8
1667827800,34.8,34.94,34.74,34.92
1667829600,34.92,35.08,34.88,34.98
1667831400,35,35.04,34.82,34.88
1667833200,34.88,34.92,34.88,34.92
1667889000,35.08,35.08,35.08,35.08
1667890800,35.06,35.12,34.46,35.06
1667892600,35.06,35.12,34.82,35
1667894400,35,35.48,34.96,35.24
1667896200,35.22,35.26,35.02,35.1
1667898000,35.1,35.2,34.82,34.88
1667899800,34.86,35.12,34.86,35.12
1667901600,35.1,35.24,35.06,35.14
1667903400,35.14,35.24,35.02,35.06
1667905200,35.06,35.28,35.02,35.16
1667907000,35.14,35.18,34.94,35.04
1667908800,35.04,35.06,34.6,34.72
1667910600,34.7,34.84,34.66,34.84
1667912400,34.84,34.88,34.78,34.84
1667914200,34.84,35.06,34.82,34.9
1667916000,34.9,34.92,34.38,34.54
1667917800,34.54,34.7,34.44,34.6
1667919600,34.6,34.6,34.6,34.6
1667975400,34.58,34.58,34.58,34.58
1667977200,34.58,34.82,34.48,34.5
1667979000,34.5,34.98,34.5,34.96
1667980800,34.94,35.1,34.66,34.68
1667982600,34.68,34.8,34.58,34.78
1667984400,34.8,34.84,34.7,34.84
1667986200,34.82,34.84,34.64,34.66
1667988000,34.68,34.84,34.64,34.74
1667989800,34.74,34.74,34.64,34.72
1667991600,34.72,34.96,34.7,34.96
1667993400,34.94,35.08,34.84,35
1667995200,35,35.08,34.88,34.92
1667997000,34.94,34.96,34.66,34.72
1667998800,34.72,34.72,34.12,34.28
1668000600,34.26,34.46,34.24,34.28
1668002400,34.28,34.4,34.24,34.28
1668004200,34.28,34.36,34.12,34.16
1668006000,34.18,34.26,34.18,34.26
1668061800,34.3,34.3,34.3,34.3
1668063600,34.3,34.54,34.28,34.36
1668065400,34.34,34.62,34.32,34.6
1668067200,34.6,34.66,34.38,34.44
1668069000,34.42,34.56,34.38,34.54
1668070800,34.52,34.56,34.44,34.56
1668072600,34.54,34.94,34.54,34.9
1668074400,34.92,35.16,34.9,34.96
1668076200,34.96,35.02,34.76,35.02
1668078000,35.02,35.02,34.92,35
1668079800,35,35,34.9,34.92
1668081600,34.9,34.96,34.74,34.92
1668083400,34.92,35.04,34.84,35.02
1668085200,35.02,35.14,34.98,35.04
1668087000,35.04,35.66,35.04,35.66
1668088800,35.66,35.8,35.3,35.4
1668090600,35.4,35.56,35.28,35.5
1668092400,35.5,35.64,35.5,35.64
1668148200,35.9,35.9,35.9,35.9
1668150000,35.88,36.46,35.88,36.38
1668151800,36.38,36.4,35.96,35.98
1668153600,35.98,36.02,35.76,35.88
1668155400,35.86,35.92,35.76,35.88
1668157200,35.86,36.06,35.8,36.06
1668159000,36.04,36.06,35.8,35.82
1668160800,35.84,36.02,35.74,35.96
1668162600,35.96,36.1,35.84,35.88
1668164400,35.88,35.94,35.84,35.94
1668166200,35.92,36.08,35.84,36.04
1668168000,36.04,36.08,35.5,35.72
1668169800,35.74,35.88,35.68,35.78
1668171600,35.78,35.9,35.72,35.84
1668173400,35.86,35.9,35.4,35.58
1668175200,35.58,35.78,35.24,35.32
1668177000,35.32,35.38,35,35.32
1668178800,35.32,35.32,35.32,35.32
1668407400,35.3,35.3,35.3,35.3
1668409200,35.3,35.76,34.96,35.58
1668411000,35.58,35.74,35.4,35.68
1668412800,35.68,35.86,35.66,35.8
1668414600,35.82,35.9,35.6,35.74
1668416400,35.76,35.98,35.62,35.78
1668418200,35.78,35.86,35.72,35.84
1668420000,35.84,35.94,35.8,35.92
1668421800,35.92,35.94,35.78,35.88
1668423600,35.9,36.12,35.86,35.98
1668425400,35.96,36,35.84,35.88
1668427200,35.9,35.96,35.8,35.96
1668429000,35.94,36.18,35.9,35.96
1668430800,35.98,36.06,35.82,35.86
1668432600,35.86,35.98,35.82,35.94
1668434400,35.92,36.02,35.7,35.86
1668436200,35.86,35.9,35.7,35.86
1668438000,35.84,36,35.84,36
1668493800,36.28,36.28,36.28,36.28
1668495600,36.3,36.48,36.26,36.34
1668497400,36.32,36.82,36.28,36.7
1668499200,36.72,36.9,35.9,36.34
1668501000,36.34,36.46,35.92,36.06
1668502800,36.04,36.04,35.44,35.68
1668504600,35.7,35.84,35.64,35.76
1668506400,35.76,35.88,35.7,35.8
1668508200,35.78,35.82,35.56,35.66
1668510000,35.64,35.76,35.6,35.62
1668511800,35.6,35.66,35.38,35.56
1668513600,35.56,35.78,35.5,35.76
1668515400,35.74,36.06,35.74,35.94
1668517200,35.94,36.06,35.86,35.94
1668519000,35.94,36.1,35.7,35.82
1668520800,35.84,35.86,35.68,35.7
1668522600,35.7,36.04,35.66,35.88
1668524400,35.88,35.88,35.88,35.88
1668580200,35.92,35.92,35.92,35.92
1668582000,35.92,36.02,35.66,35.92
1668583800,35.92,35.92,35.68,35.74
1668585600,35.74,35.8,35.48,35.52
1668587400,35.54,36.4,35.5,36.4
1668589200,36.4,36.52,36.26,36.42
1668591000,36.42,36.48,36.26,36.34
1668592800,36.34,36.66,36.3,36.44
1668594600,36.42,36.46,36.16,36.2
1668596400,36.2,36.2,35.6,35.82
1668598200,35.82,35.86,35.62,35.7
1668600000,35.68,35.7,35.3,35.54
1668601800,35.54,35.54,35.16,35.18
1668603600,35.16,35.28,34.88,35.22
1668605400,35.2,35.42,35.12,35.28
1668607200,35.28,35.54,35.26,35.28
1668609000,35.28,35.3,34.96,35.14
1668610800,35.16,35.16,35.16,35.16
1668666600,35.16,35.16,35.16,35.16
1668668400,35.16,35.2,33.42,33.42
1668670200,33.5,34.64,33.5,34.46
1668672000,34.44,34.6,33.9,34.22
1668673800,34.24,34.86,34.22,34.66
1668675600,34.66,34.68,34.42,34.54
1668677400,34.56,34.56,34.3,34.34
1668679200,34.36,34.42,34.18,34.42
1668681000,34.42,34.5,34.36,34.46
1668682800,34.46,34.62,34.26,34.3
1668684600,34.3,34.38,34.24,34.32
1668686400,34.32,34.44,34.22,34.38
1668688200,34.38,34.48,34.18,34.22
1668690000,34.22,34.36,34.12,34.22
1668691800,34.24,34.38,33.92,33.98
1668693600,33.98,34.18,33.92,34.02
1668695400,34.04,34.12,33.76,33.84
1668697200,33.86,33.86,33.82,33.82
1668753000,33.9,33.9,33.9,33.9
1668754800,33.94,34.62,33.9,34.4
1668756600,34.4,34.76,34.38,34.72
1668758400,34.72,34.94,34.62,34.7
1668760200,34.68,34.8,34.52,34.56
1668762000,34.56,34.7,34.52,34.66
1668763800,34.66,34.76,34.56,34.6
1668765600,34.58,34.62,34.22,34.32
1668767400,34.32,34.52,34.24,34.28
1668769200,34.26,34.38,34.08,34.32
1668771000,34.32,34.48,34.22,34.4
1668772800,34.42,34.5,34.28,34.32
1668774600,34.32,34.36,34.18,34.3
1668776400,34.3,34.34,34.16,34.28
1668778200,34.28,34.52,34.26,34.42
1668780000,34.42,34.44,34.18,34.22
1668781800,34.2,34.56,34.16,34.56
1668783600,34.56,34.66,34.56,34.66
1669012200,34.84,34.84,34.84,34.84
1669014000,34.86,35.18,34.8,35.14
1669015800,35.16,35.34,35.02,35.32
1669017600,35.32,35.34,34.94,35.22
1669019400,35.2,35.24,35.06,35.16
1669021200,35.16,35.2,35,35.04
1669023000,35.04,35.22,35,35.14
1669024800,35.14,35.16,34.94,34.96
1669026600,34.96,34.98,34.58,34.62
1669028400,34.6,34.7,34.44,34.62
1669030200,34.64,34.84,34.62,34.74
1669032000,34.76,34.84,34.6,34.8
1669033800,34.8,34.82,34.58,34.68
1669035600,34.68,34.94,34.64,34.92
1669037400,34.92,35.08,34.82,35.04
1669039200,35.04,35.18,34.92,35.18
1669041000,35.18,35.58,35.16,35.56
1669042800,35.58,35.74,35.58,35.74
1669098600,35.94,35.94,35.94,35.94
1669100400,35.94,36.12,35.8,35.98
1669102200,35.96,36.14,35.94,36.04
1669104000,36.04,36.28,36.04,36.24
1669105800,36.24,36.3,36.14,36.26
1669107600,36.26,36.46,36.18,36.38
1669109400,36.4,36.4,36.22,36.32
1669111200,36.32,36.42,36.22,36.3
1669113000,36.3,36.32,36.22,36.3
1669114800,36.3,36.68,36.26,36.46
1669116600,36.48,36.62,36.42,36.54
1669118400,36.56,36.86,36.52,36.84
1669120200,36.84,37,36.78,36.8
1669122000,36.82,36.9,36.66,36.84
1669123800,36.84,36.96,36.76,36.82
1669125600,36.84,36.88,36.66,36.72
1669127400,36.7,37.12,36.66,37.1
1669129200,37.34,37.34,37.34,37.34
1669185000,37.42,37.42,37.42,37.42
1669186800,37.4,37.56,36.84,37.14
1669188600,37.14,37.34,37.06,37.28
1669190400,37.28,37.32,36.88,37
1669192200,36.98,37.12,36.94,37
1669194000,36.98,37.2,36.92,36.96
1669195800,36.94,37.24,36.92,37.14
1669197600,37.16,37.34,37.08,37.32
1669199400,37.32,37.34,37.1,37.24
1669201200,37.26,37.62,37.24,37.6
1669203000,37.62,38.12,37.6,38.1
1669204800,38.12,38.32,37.96,38.16
1669206600,38.14,38.18,37.9,38.1
1669208400,38.12,38.26,38,38.06
1669210200,38.04,38.24,38,38.2
1669212000,38.2,38.5,38.2,38.5
1669213800,38.5,38.72,38.42,38.52
1669215600,38.5,38.5,38.5,38.5
1669271400,38.62,38.62,38.62,38.62
1669273200,38.6,38.76,38.42,38.6
1669275000,38.62,38.7,38.52,38.68
1669276800,38.66,39,38.52,38.64
1669278600,38.66,38.76,38.56,38.6
1669280400,38.58,38.64,38.4,38.62
1669282200,38.6,38.66,38.54,38.64
1669284000,38.64,38.66,38.52,38.54
1669285800,38.52,38.56,38.42,38.56
1669287600,38.52,38.68,38.24,38.58
1669289400,38.6,38.8,38.52,38.76
1669291200,38.76,38.98,38.6,38.96
1669293000,38.96,39.3,38.88,38.92
1669294800,38.92,38.94,38.1,38.38
1669296600,38.36,38.38,37.92,38.16
1669298400,38.14,38.4,38.08,38.4
1669300200,38.38,38.64,38.22,38.28
1669302000,38.2,38.2,38.2,38.2
1669357800,38.2,38.2,38.2,38.2
1669359600,38.2,38.4,38,38.2
1669361400,38.22,38.22,37.96,38.1
1669363200,38.08,38.28,38.02,38.14
1669365000,38.14,38.36,38.06,38.18
1669366800,38.2,38.54,38.1,38.42
1669368600,38.42,38.56,38.36,38.5
1669370400,38.5,38.78,38.46,38.72
1669372200,38.72,38.96,38.58,38.82
1669374000,38.8,39.12,38.78,38.8
1669375800,38.78,38.8,38.56,38.66
1669377600,38.68,39.12,38.68,38.9
1669379400,38.92,38.96,38.76,38.86
1669381200,38.86,39.1,38.86,39
1669383000,38.98,39.06,38.84,39
1669384800,38.98,39.34,38.9,39.08
1669386600,39.1,39.9,39.04,39.78
1669388400,39.8,39.96,39.8,39.96
1669617000,40.1,40.1,40.1,40.1
1669618800,40.1,40.68,39.88,40.2
1669620600,40.2,40.42,39.98,40.4
1669622400,40.4,40.46,39.84,39.96
1669624200,39.96,40.2,39.92,40.1
1669626000,40.1,40.16,40,40.1
1669627800,40.1,40.34,40.08,40.3
1669629600,40.28,40.54,40.22,40.44
1669631400,40.46,40.54,40.32,40.5
1669633200,40.5,40.58,40.34,40.42
1669635000,40.42,40.5,40.28,40.4
1669636800,40.4,40.46,40.3,40.38
1669638600,40.38,40.4,40.14,40.28
1669640400,40.28,40.36,40.2,40.26
1669642200,40.26,40.5,40.26,40.4
1669644000,40.4,40.64,40.24,40.28
1669645800,40.28,40.52,40.2,40.34
1669647600,40.34,40.34,40.32,40.32
1669703400,40.42,40.42,40.42,40.42
1669705200,40.42,40.54,40.02,40.18
1669707000,40.18,40.18,38.86,39
1669708800,38.98,39.32,38.92,39.14
1669710600,39.14,39.28,39.04,39.24
1669712400,39.24,39.34,39.06,39.26
1669714200,39.26,39.36,39.18,39.26
1669716000,39.26,39.26,39.08,39.18
1669717800,39.18,39.18,38.76,39.04
1669719600,39.04,39.08,38.66,38.72
1669721400,38.72,38.9,38.6,38.8
1669723200,38.8,38.9,38.74,38.84
1669725000,38.84,38.92,38.76,38.8
1669726800,38.82,38.9,38.7,38.74
1669728600,38.74,38.96,38.66,38.88
1669730400,38.88,39.08,38.76,38.94
1669732200,38.94,38.98,38.68,38.72
1669734000,38.76,38.78,38.76,38.78
1669789800,39.28,39.28,39.28,39.28
1669791600,39.28,39.5,39.18,39.46
1669793400,39.44,39.9,39.38,39.84
1669795200,39.84,39.92,39.58,39.66
1669797000,39.66,39.68,39.32,39.48
1669798800,39.48,39.56,39.4,39.46
1669800600,39.44,39.5,39.32,39.38
1669802400,39.38,39.58,39.38,39.54
1669804200,39.52,39.56,39.16,39.24
1669806000,39.22,39.24,38.96,39.2
1669807800,39.18,39.28,39.12,39.2
1669809600,39.2,39.26,39.1,39.14
1669811400,39.12,39.22,39.1,39.16
1669813200,39.14,39.2,39.12,39.18
1669815000,39.18,39.22,39.02,39.1
1669816800,39.1,39.18,38.96,39.12
1669818600,39.12,39.16,39,39.12
1669820400,39.12,39.12,39.1,39.1
1669876200,39.56,39.56,39.56,39.56
1669878000,39.58,39.86,39.38,39.82
1669879800,39.84,39.96,39.5,39.7
1669881600,39.68,40,39.56,39.78
1669883400,39.78,40.18,39.78,39.98
1669885200,39.98,40.24,39.92,39.94
1669887000,39.96,40,39.86,39.92
1669888800,39.9,40.22,39.86,40.18
1669890600,40.18,40.18,39.8,39.96
1669892400,39.94,39.96,39.68,39.8
1669894200,39.82,39.96,39.78,39.92
1669896000,39.92,40.06,39.9,39.94
1669897800,39.94,40,39.78,39.78
1669899600,39.78,40,39.7,39.74
1669901400,39.74,39.84,39.42,39.48
1669903200,39.48,39.7,39.36,39.6
1669905000,39.62,39.62,39.42,39.52
1669906800,39.46,39.46,39.46,39.46
1669962600,39.54,39.54,39.54,39.54
1669964400,39.56,39.84,39.4,39.7
1669966200,39.7,39.7,39.5,39.56
1669968000,39.56,39.62,39.34,39.42
1669969800,39.4,39.44,39.26,39.34
1669971600,39.36,39.36,39.12,39.24
1669973400,39.26,39.26,39.04,39.14
1669975200,39.12,39.18,38.98,39.06
1669977000,39.06,39.2,39.04,39.16
1669978800,39.16,39.22,39.06,39.22
1669980600,39.2,39.28,39.1,39.16
1669982400,39.14,39.18,39,39.06
1669984200,39.06,39.14,39,39.04
1669986000,39.06,39.18,39.02,39.08
1669987800,39.08,39.08,38.78,38.9
1669989600,38.88,38.92,38.62,38.76
1669991400,38.76,38.88,38.4,38.82
1669993200,38.78,38.78,38.78,38.78
1670221800,39,39,39,39
1670223600,39.02,39.36,38.94,39.26
1670225400,39.26,39.3,38.94,39.02
1670227200,39.02,39.04,38.34,38.58
1670229000,38.56,38.78,38.52,38.74
1670230800,38.72,38.74,38.44,38.48
1670232600,38.5,38.76,38.48,38.7
1670234400,38.7,38.84,38.66,38.82
1670236200,38.82,39.06,38.82,39.04
1670238000,39.04,39.12,38.94,39.04
1670239800,39.04,39.1,38.86,39.04
1670241600,39.04,39.24,39,39.1
1670243400,39.1,39.16,38.92,39.14
1670245200,39.12,39.14,38.76,38.9
1670247000,38.9,38.98,38.84,38.88
1670248800,38.88,38.9,38.64,38.8
1670250600,38.8,38.88,38.64,38.7
1670252400,38.7,38.7,38.64,38.64
1670308200,38.6,38.6,38.6,38.6
1670310000,38.58,38.84,38.46,38.74
1670311800,38.74,39.32,38.7,39.24
1670313600,39.24,39.34,39.06,39.22
1670315400,39.2,39.62,38.92,39.58
1670317200,39.58,39.98,39.54,39.94
1670319000,39.92,40.1,39.72,40.08
1670320800,40.08,40.26,39.98,40.18
1670322600,40.18,40.36,40,40.22
1670324400,40.22,40.5,40,40.24
1670326200,40.26,40.28,39.98,40.14
1670328000,40.14,40.34,40.1,40.28
1670329800,40.28,40.38,40.1,40.26
1670331600,40.28,40.42,40.12,40.38
1670333400,40.38,40.4,39.98,40.28
1670335200,40.28,40.48,40.18,40.22
1670337000,40.2,40.66,40.18,40.4
1670338800,40.36,40.36,40.36,40.36
1670394600,40.46,40.46,40.46,40.46
1670396400,40.46,40.52,40.12,40.14
1670398200,40.12,40.46,40.02,40.28
1670400000,40.3,40.42,40.16,40.24
1670401800,40.24,40.28,40.08,40.18
1670403600,40.18,40.2,39.98,39.98
1670405400,39.98,40,39.74,39.92
1670407200,39.9,40.1,39.9,40.06
1670409000,40.04,40.2,40,40.14
1670410800,40.12,40.22,40.02,40.18
1670412600,40.18,40.3,40.06,40.1
1670414400,40.1,40.12,39.84,39.9
1670416200,39.9,39.94,39.78,39.86
1670418000,39.88,39.88,39.18,39.66
1670419800,39.66,39.74,39.12,39.32
1670421600,39.34,39.34,38.44,38.44
1670423400,38.68,39.26,38.66,38.94
1670425200,38.94,38.94,38.86,38.86
1670481000,38.86,38.86,38.86,38.86
1670482800,38.88,38.98,38.44,38.6
1670484600,38.6,39.1,38.56,39
1670486400,39.02,39.18,38.74,38.86
1670488200,38.86,38.9,38.58,38.66
1670490000,38.64,38.9,38.6,38.78
1670491800,38.76,38.86,38.38,38.4
1670493600,38.4,38.5,38.06,38.28
1670495400,38.26,38.42,38.14,38.28
1670497200,38.26,38.36,37.96,38.32
1670499000,38.32,38.66,38.32,38.6
1670500800,38.62,38.84,38.42,38.8
1670502600,38.8,38.88,38.58,38.84
1670504400,38.84,38.96,38.66,38.84
1670506200,38.84,38.86,38.54,38.84
1670508000,38.84,38.88,38.64,38.8
1670509800,38.78,38.84,38.64,38.74
1670511600,38.74,38.76,38.74,38.76
1670567400,38.82,38.82,38.82,38.82
1670569200,38.86,39.46,38.82,39.42
1670571000,39.44,39.7,39.34,39.5
1670572800,39.52,39.56,39.14,39.26
1670574600,39.26,39.32,39.12,39.14
1670576400,39.16,39.26,39.04,39.22
1670578200,39.22,39.26,39.16,39.18
1670580000,39.18,39.22,39.1,39.22
1670581800,39.22,39.26,39.16,39.24
1670583600,39.22,39.34,39.2,39.24
1670585400,39.24,39.42,39.14,39.4
1670587200,39.42,39.46,39.18,39.3
1670589000,39.3,39.4,39.26,39.36
1670590800,39.38,39.42,39.06,39.14
1670592600,39.14,39.22,38.92,39.16
1670594400,39.16,39.34,39.06,39.32
1670596200,39.34,39.78,39.3,39.4
1670598000,39.38,39.38,39.38,39.38
1670826600,39.62,39.62,39.62,39.62
1670828400,39.64,40.14,39.62,40.06
1670830200,40.06,40.22,39.94,40.14
1670832000,40.16,40.32,40.14,40.24
1670833800,40.26,40.48,40.16,40.3
1670835600,40.3,40.6,40.28,40.56
1670837400,40.54,40.9,40.46,40.68
1670839200,40.68,40.88,40.6,40.62
1670841000,40.62,40.68,40.52,40.68
1670842800,40.66,40.74,40.48,40.54
1670844600,40.52,40.58,40.42,40.56
1670846400,40.54,40.6,40.24,40.26
1670848200,40.28,40.34,39.96,40.02
1670850000,40.02,40.06,39.92,40
1670851800,39.98,40.1,39.92,40
1670853600,39.98,40.14,39.96,40.06
1670855400,40.08,40.12,39.96,40.06
1670857200,40.06,40.06,40.06,40.06
1670913000,40.22,40.22,40.22,40.22
1670914800,40.24,40.78,40.24,40.36
1670916600,40.36,40.56,40.28,40.48
1670918400,40.46,40.84,40.3,40.4
1670920200,40.38,40.4,40.16,40.26
1670922000,40.28,40.34,40.14,40.32
1670923800,40.3,40.56,40.3,40.54
1670925600,40.54,40.78,40.52,40.62
1670927400,40.62,40.88,40.58,40.74
1670929200,40.74,40.82,40.66,40.7
1670931000,40.7,40.82,40.6,40.8
1670932800,40.8,40.84,40.52,40.54
1670934600,40.54,40.72,40.5,40.56
1670936400,40.56,40.76,40.5,40.7
1670938200,40.72,41.62,40.72,41.5
1670940000,41.5,41.72,41.32,41.48
1670941800,41.46,41.54,40.98,41.22
1670943600,41.22,41.28,41.22,41.28
1670999400,41.44,41.44,41.44,41.44
1671001200,41.46,41.62,41.28,41.44
1671003000,41.42,41.66,41.28,41.32
1671004800,41.34,41.4,40.52,40.92
1671006600,40.92,41.14,40.88,40.9
1671008400,40.88,41,40.8,40.94
1671010200,40.94,41.04,40.88,40.96
1671012000,40.98,41.1,40.88,40.92
1671013800,40.9,40.94,40.44,40.54
1671015600,40.56,40.58,39.68,40.12
1671017400,40.12,40.22,39.9,39.98
1671019200,40,40.1,39.84,39.88
1671021000,39.86,40.32,39.82,40.08
1671022800,40.1,40.48,40.08,40.28
1671024600,40.26,40.32,40.1,40.26
1671026400,40.26,40.3,40,40.08
1671028200,40.1,40.2,39.38,39.38
1671030000,39.34,39.34,39.34,39.34
1671085800,40.3,40.3,40.3,40.3
1671087600,40.32,40.46,40.08,40.26
1671089400,40.24,40.36,40.2,40.24
1671091200,40.24,40.72,40.24,40.46
1671093000,40.44,40.56,40.3,40.4
1671094800,40.42,40.48,40.18,40.32
1671096600,40.3,40.34,40.06,40.2
1671098400,40.18,40.24,39.92,39.98
1671100200,39.96,40.08,39.88,39.94
1671102000,39.92,39.94,39.74,39.86
1671103800,39.86,39.86,39.34,39.62
1671105600,39.64,39.7,39.48,39.5
1671107400,39.52,39.54,38.48,38.84
1671109200,38.8,39.16,38.78,39.06
1671111000,39.08,39.34,38.72,38.76
1671112800,38.72,39.12,38.66,39.1
1671114600,39.12,39.42,38.8,39.42
1671116400,39.44,39.44,39.44,39.44
1671172200,39.46,39.46,39.46,39.46
1671174000,39.48,39.94,39.3,39.86
1671175800,39.84,40.18,39.74,39.92
1671177600,39.92,40,39.46,39.54
1671179400,39.54,39.62,39.28,39.48
1671181200,39.48,39.52,39.28,39.36
1671183000,39.36,39.6,39.3,39.56
1671184800,39.58,39.62,39.42,39.46
1671186600,39.46,39.62,39.38,39.56
1671188400,39.54,39.58,39.28,39.4
1671190200,39.4,39.52,39.38,39.5
1671192000,39.5,39.64,39.42,39.44
1671193800,39.46,39.62,39.42,39.56
1671195600,39.54,39.62,39.28,39.38
1671197400,39.38,39.38,39.04,39.2
1671199200,39.18,39.4,39.04,39.14
1671201000,39.12,39.26,39.06,39.14
1671202800,39.16,39.2,39.16,39.2
1671431400,39.7,39.7,39.7,39.7
1671433200,39.72,40.22,39.64,39.96
1671435000,39.96,40.38,39.96,40.18
1671436800,40.18,40.32,40.08,40.16
1671438600,40.14,40.26,40.08,40.2
1671440400,40.2,40.32,40.12,40.26
1671442200,40.24,40.6,40.24,40.58
1671444000,40.6,40.6,40.28,40.46
1671445800,40.46,40.54,40.28,40.34
1671447600,40.34,40.46,40.2,40.42
1671449400,40.42,40.44,40.32,40.34
1671451200,40.34,40.5,40.28,40.3
1671453000,40.3,40.48,40.28,40.3
1671454800,40.32,40.32,40.14,40.32
1671456600,40.32,40.7,40.3,40.44
1671458400,40.44,40.84,40.44,40.76
1671460200,40.76,41,40.74,40.82
1671462000,40.8,40.88,40.8,40.88
1671517800,41.9,41.9,41.9,41.9
1671519600,41.9,42.24,41.64,41.7
1671521400,41.68,41.94,41.66,41.7
1671523200,41.68,41.76,41.52,41.7
1671525000,41.68,41.86,41.66,41.76
1671526800,41.78,41.82,41.58,41.68
1671528600,41.7,41.74,41.62,41.7
1671530400,41.7,41.72,41.52,41.6
1671532200,41.6,41.62,41.2,41.44
1671534000,41.4,41.6,41.34,41.5
1671535800,41.5,41.56,41.32,41.42
1671537600,41.44,41.7,41.4,41.7
1671539400,41.66,41.74,41.58,41.7
1671541200,41.7,42,41.64,41.66
1671543000,41.68,41.84,41.58,41.7
1671544800,41.72,41.88,41.64,41.72
1671546600,41.72,41.72,41.28,41.64
1671548400,41.74,41.74,41.74,41.74
1671604200,41.86,41.86,41.86,41.86
1671606000,41.84,42.02,41.62,41.8
1671607800,41.8,41.86,41.68,41.7
1671609600,41.7,41.78,41.4,41.56
1671611400,41.58,41.66,41.44,41.58
1671613200,41.58,41.7,41.48,41.68
1671615000,41.7,41.9,41.62,41.84
1671616800,41.84,42.1,41.78,42.08
1671618600,42.06,42.1,41.88,42
1671620400,42,42.02,41.8,42
1671622200,42.02,42.06,41.94,41.98
1671624000,41.98,42.1,41.82,42
1671625800,42.02,42.02,41.64,41.8
1671627600,41.8,41.8,41.22,41.3
1671629400,41.3,41.46,41.28,41.44
1671631200,41.42,41.5,41.22,41.34
1671633000,41.34,41.38,41.14,41.18
1671634800,41.2,41.2,41.12,41.12
1671690600,41.36,41.36,41.36,41.36
1671692400,41.36,41.54,41.3,41.4
1671694200,41.38,41.54,41.34,41.4
1671696000,41.4,41.44,41.24,41.32
1671697800,41.32,41.42,41.28,41.36
1671699600,41.34,41.52,41.34,41.44
1671701400,41.46,41.48,41.3,41.34
1671703200,41.34,41.48,41.32,41.44
1671705000,41.44,41.64,41.42,41.54
1671706800,41.54,41.6,41.42,41.46
1671708600,41.48,41.66,41.42,41.44
1671710400,41.42,41.44,41.24,41.34
1671712200,41.34,41.4,41.16,41.28
1671714000,41.28,41.28,40.82,40.84
1671715800,40.84,40.9,40.64,40.76
1671717600,40.78,40.88,40.48,40.62
1671719400,40.62,40.88,40.4,40.78
1671721200,40.78,40.78,40.74,40.74
1671777000,40.74,40.74,40.74,40.74
1671778800,40.76,40.86,40.58,40.7
1671780600,40.7,40.72,40.44,40.62
1671782400,40.6,40.84,40.6,40.7
1671784200,40.7,41.1,40.68,41.02
1671786000,41.04,41.24,40.94,41.02
1671787800,41.02,41.1,40.86,41.02
1671789600,41.02,41.06,40.88,40.96
1671791400,40.96,41.04,40.88,40.94
1671793200,40.92,41.02,40.84,41
1671795000,41,41.24,40.98,41.12
1671796800,41.12,41.3,41.08,41.12
1671798600,41.12,41.16,41.02,41.16
1671800400,41.14,41.36,41.08,41.12
1671802200,41.1,41.28,40.96,40.98
1671804000,40.96,41.16,40.92,41.12
1671805800,41.12,41.18,41,41.08
1671807600,41.06,41.06,41.06,41.06
1672036200,41.54,41.54,41.54,41.54
1672038000,41.56,41.76,41.46,41.58
1672039800,41.54,41.88,41.52,41.82
1672041600,41.8,42,41.72,41.76
1672043400,41.76,41.86,41.7,41.78
1672045200,41.78,41.84,41.7,41.72
1672047000,41.74,41.74,41.64,41.7
1672048800,41.72,41.74,41.62,41.68
1672050600,41.68,41.74,41.54,41.7
1672052400,41.72,41.82,41.64,41.78
1672054200,41.78,41.86,41.76,41.84
1672056000,41.84,41.94,41.8,41.82
1672057800,41.84,41.88,41.78,41.82
1672059600,41.82,41.88,41.72,41.84
1672061400,41.86,41.92,41.56,41.6
1672063200,41.6,41.72,41.4,41.64
1672065000,41.64,41.7,41.48,41.66
1672066800,41.64,41.68,41.64,41.68
1672122600,41.72,41.72,41.72,41.72
1672124400,41.74,41.94,41.56,41.7
1672126200,41.68,41.72,41.46,41.46
1672128000,41.48,41.5,41.2,41.46
1672129800,41.44,41.52,41.3,41.36
1672131600,41.36,41.36,41.14,41.28
1672133400,41.28,41.36,41.22,41.28
1672135200,41.26,41.36,41.22,41.32
1672137000,41.34,41.38,41.22,41.24
1672138800,41.26,41.3,41.16,41.16
1672140600,41.18,41.26,41.1,41.2
1672142400,41.2,41.32,40.96,41.32
1672144200,41.3,41.44,41.28,41.42
1672146000,41.42,41.5,41.26,41.38
1672147800,41.38,41.46,41.3,41.36
1672149600,41.36,41.36,41.04,41.14
1672151400,41.14,41.24,41.02,41.12
1672153200,41.12,41.12,41,41
1672209000,41,41,41,41
1672210800,41,41.12,40.48,40.6
1672212600,40.6,40.62,40.14,40.4
1672214400,40.4,40.46,40.26,40.42
1672216200,40.4,40.7,40.28,40.66
1672218000,40.66,40.96,40.64,40.9
1672219800,40.92,41.58,40.84,41.34
1672221600,41.36,41.46,41.24,41.36
1672223400,41.38,41.44,41.22,41.28
1672225200,41.3,41.32,41.14,41.18
1672227000,41.18,41.3,40.88,41.08
1672228800,41.08,41.26,40.9,41.24
1672230600,41.26,41.32,41.12,41.18
1672232400,41.2,41.22,40.62,41.16
1672234200,41.16,41.32,40.94,41.16
1672236000,41.16,41.26,40.84,40.9
1672237800,40.92,41.78,40.62,41.68
1672239600,41.68,41.68,41.68,41.68
1672295400,41.52,41.52,41.52,41.52
1672297200,41.52,41.74,41.42,41.58
1672299000,41.56,41.64,41.46,41.6
1672300800,41.6,41.86,41.54,41.76
1672302600,41.78,42.16,41.68,42.1
1672304400,42.12,42.54,42.12,42.46
1672306200,42.46,42.56,42.24,42.28
1672308000,42.3,42.34,42.04,42.12
1672309800,42.12,42.58,42.08,42.5
1672311600,42.5,42.6,42.4,42.46
1672313400,42.46,42.48,42.32,42.42
1672315200,42.42,42.58,42.36,42.5
1672317000,42.5,42.62,42.38,42.5
1672318800,42.5,42.58,42.46,42.48
1672320600,42.48,42.56,42.44,42.5
1672322400,42.48,42.52,42.28,42.42
1672324200,42.42,43.08,42.36,43
1672326000,43.04,43.04,43.04,43.04
1672381800,43.3,43.3,43.3,43.3
1672383600,43.32,43.5,42.98,43.26
1672385400,43.24,43.48,43.14,43.46
1672387200,43.46,43.84,43.34,43.46
1672389000,43.44,43.76,43.42,43.72
1672390800,43.7,43.74,43.38,43.56
1672392600,43.54,43.64,43.52,43.6
1672394400,43.6,43.68,43.48,43.56
1672396200,43.56,43.56,43.34,43.4
1672398000,43.4,43.54,43.34,43.52
1672399800,43.52,43.58,43.38,43.54
1672401600,43.54,43.6,43.46,43.56
1672403400,43.56,43.58,43.3,43.32
1672405200,43.3,43.6,43.24,43.56
1672407000,43.56,43.6,43.36,43.5
1672408800,43.52,43.56,43.04,43.34
1672410600,43.34,43.5,42.8,43
1672412400,43,43,42.92,42.92
1672641000,43.5,43.5,43.5,43.5
1672642800,43.52,44.14,43.48,44.02
1672644600,44,44.38,44,44.34
1672646400,44.34,44.86,44.32,44.74
1672648200,44.74,44.98,44.58,44.92
1672650000,44.92,44.94,44.7,44.74
1672651800,44.74,44.76,44.52,44.62
1672653600,44.62,44.74,44.56,44.72
1672655400,44.72,44.74,44.66,44.7
1672657200,44.68,44.7,44.52,44.56
1672659000,44.56,44.68,44.54,44.58
1672660800,44.58,44.84,44.54,44.82
1672662600,44.84,44.92,44.78,44.82
1672664400,44.82,45.1,44.8,44.9
1672666200,44.88,45.04,44.84,44.92
1672668000,44.9,45.12,44.74,44.88
1672669800,44.9,44.94,44.42,44.68
1672671600,44.66,44.66,44.66,44.66
1672727400,44.84,44.84,44.84,44.84
1672729200,44.84,45.36,44.76,45.22
1672731000,45.2,46.66,45.2,46.22
1672732800,46.2,46.28,45.78,46.02
1672734600,46.04,46.26,45.92,45.96
1672736400,45.94,45.98,45.4,45.54
1672738200,45.54,45.72,45.48,45.62
1672740000,45.64,45.84,45.62,45.74
1672741800,45.76,46.12,45.64,46.02
1672743600,46.02,46.28,46,46.1
1672745400,46.1,46.1,45.64,45.8
1672747200,45.82,46.02,45.58,45.76
1672749000,45.76,46.1,45.52,46.04
1672750800,46.04,46.1,45.98,46.02
1672752600,46.02,46.14,45.96,46.1
1672754400,46.12,46.12,45.8,45.94
1672756200,45.96,46.16,45.8,45.98
1672758000,45.98,46.1,45.98,46.1
1672813800,46.62,46.62,46.62,46.62
1672815600,46.64,46.68,45.22,45.5
1672817400,45.48,45.64,45.28,45.5
1672819200,45.52,45.52,44.96,45.14
1672821000,45.16,45.22,44.98,45.06
1672822800,45.06,45.26,44.98,45.26
1672824600,45.26,45.42,45.16,45.4
1672826400,45.38,45.52,45.38,45.52
1672828200,45.52,45.54,45.2,45.26
1672830000,45.28,45.3,45.02,45.08
1672831800,45.06,45.26,45.06,45.08
1672833600,45.08,45.2,44.94,45.08
1672835400,45.08,45.16,44.96,45.06
1672837200,45.04,45.06,44.7,44.86
1672839000,44.84,45,44.74,44.9
1672840800,44.9,45,44.56,44.9
1672842600,44.88,45.2,44.8,45.08
1672844400,45.08,45.1,44.96,44.96
1672900200,45.2,45.2,45.2,45.2
1672902000,45.2,45.28,44.8,44.88
1672903800,44.88,44.96,43.8,44.24
1672905600,44.26,44.26,42.94,44.04
1672907400,44.04,44.68,44,44.6
1672909200,44.6,44.76,43.82,44
1672911000,44.02,44.2,43.7,44.1
1672912800,44.1,44.36,44.06,44.28
1672914600,44.26,44.44,44.16,44.22
1672916400,44.24,44.28,43.74,43.8
1672918200,43.8,44.14,43.7,44.12
1672920000,44.12,44.12,43.44,43.72
1672921800,43.7,43.72,43.14,43.36
1672923600,43.36,43.62,42.6,42.82
1672925400,42.82,42.82,42.6,42.62
1672927200,42.6,42.92,41.8,41.98
1672930800,41.98,41.98,41.98,41.98
1672986600,41.98,41.98,41.98,41.98
1672988400,42,42.88,40.5,41.74
1672990200,41.72,42.24,40.74,42.12
1672992000,42.12,42.76,42.02,42.38
1672993800,42.36,43.18,42.3,42.92
1672995600,42.94,43.34,42.72,42.92
1672997400,42.92,43.14,42.84,43.04
1672999200,43.06,43.38,43.04,43.08
1673001000,43.1,43.22,42.86,43.04
1673002800,43.04,43.18,42.3,42.46
1673004600,42.44,42.76,42.14,42.5
1673006400,42.5,42.8,42.34,42.76
1673008200,42.76,42.94,42.62,42.82
1673010000,42.84,43.28,42.84,43.1
1673011800,43.12,43.9,43.06,43.68
1673013600,43.7,44.26,43.68,44.22
1673015400,44.22,44.5,43.1,43.46
1673017200,43.46,43.58,43.46,43.58
1673245800,43.92,43.92,43.92,43.92
1673247600,43.92,44.64,43.82,44.52
1673249400,44.5,44.6,43.74,43.88
1673251200,43.88,43.88,42.76,42.8
1673253000,42.78,42.92,42.24,42.76
1673254800,42.74,43.02,42.52,42.62
1673256600,42.6,42.86,42.48,42.7
1673258400,42.7,42.9,42.52,42.8
1673260200,42.8,42.86,42.4,42.84
1673262000,42.84,43.06,42.68,43.02
1673263800,43,43.02,42.56,42.62
1673265600,42.62,42.76,42.46,42.74
1673267400,42.76,42.78,42.42,42.48
1673269200,42.46,42.8,42.38,42.76
1673271000,42.76,42.86,42.66,42.72
1673272800,42.72,42.88,41.74,41.74
1673274600,41.74,42.16,41.52,41.88
1673276400,41.88,41.88,41.88,41.88
1673332200,41.78,41.78,41.78,41.78
1673334000,41.76,41.76,40.42,40.9
1673335800,40.9,41.12,40.76,40.92
1673337600,40.92,41.76,40.88,41.76
1673339400,41.76,42.1,41.64,41.82
1673341200,41.82,42.02,41.48,41.5
1673343000,41.52,42.12,41.46,42.1
1673344800,42.1,42.26,41.82,42.08
1673346600,42.1,42.14,41.78,41.8
1673348400,41.8,41.88,41.52,41.62
1673350200,41.62,41.78,41.52,41.58
1673352000,41.58,41.86,41.36,41.82
1673353800,41.82,42.12,41.76,41.92
1673355600,41.92,41.98,41.62,41.68
1673357400,41.68,41.82,41.26,41.4
1673359200,41.38,41.8,41.26,41.36
1673361000,41.36,41.36,39.94,40.94
1673362800,40.84,40.84,40.84,40.84
1673418600,40.86,40.86,40.86,40.86
1673420400,40.9,41.6,40.06,40.52
1673422200,40.54,40.7,39.82,40.54
1673424000,40.54,40.88,40.42,40.54
1673425800,40.56,40.6,39.96,40.14
1673427600,40.14,40.22,39.84,40.02
1673429400,40.02,40.32,39.98,40.1
1673431200,40.1,40.3,40,40.22
1673433000,40.2,40.22,39.92,40.04
1673434800,40,40.08,39.36,39.4
1673436600,39.38,39.44,38.82,38.92
1673438400,38.94,39.68,38.94,39.46
1673440200,39.46,40.1,39.46,39.88
1673442000,39.9,40.08,39.54,39.64
1673443800,39.62,39.68,38.92,39.3
1673445600,39.3,39.42,38.2,38.22
1673449200,38.22,38.22,38.22,38.22
1673505000,39.2,39.2,39.2,39.2
1673506800,39.2,39.4,38.86,39.24
1673508600,39.24,39.54,39.22,39.48
1673510400,39.48,39.82,39.4,39.66
1673512200,39.66,39.76,39.34,39.48
1673514000,39.48,39.5,39.02,39.28
1673515800,39.3,39.32,38.28,38.7
1673517600,38.7,38.86,37.24,37.24
1673519400,37.46,38.44,37.46,38.04
1673521200,38.04,38.64,37.9,38.4
1673523000,38.4,38.66,38.14,38.4
1673524800,38.4,39.26,38.38,39.24
1673526600,39.22,39.32,38.86,39.14
1673528400,39.16,39.64,38.92,39.64
1673530200,39.62,39.68,39.14,39.54
1673532000,39.52,40.3,39.52,39.74
1673533800,39.74,40.04,39.38,39.84
1673535600,39.98,39.98,39.98,39.98
1673591400,40,40,40,40
1673593200,40,40.34,39.78,40.14
1673595000,40.16,40.42,40,40.2
1673596800,40.2,40.28,39.68,39.9
1673598600,39.9,40.2,39.86,40.2
1673600400,40.2,40.24,40,40.12
1673602200,40.12,40.36,40.08,40.2
1673604000,40.18,40.38,40.14,40.38
1673605800,40.38,40.86,40.22,40.42
1673607600,40.4,40.44,40.06,40.16
1673609400,40.16,40.32,39.94,40.12
1673611200,40.12,40.24,39.8,39.98
1673613000,39.98,40,39.34,39.68
1673614800,39.68,39.9,39.46,39.78
1673616600,39.78,39.92,39.6,39.76
1673618400,39.76,39.84,39.44,39.6
1673620200,39.62,39.9,39.56,39.8
1673622000,39.82,39.82,39.78,39.78
1673850600,39.94,39.94,39.94,39.94
1673852400,39.92,40.32,39.8,40.2
1673854200,40.2,40.36,40,40.3
1673856000,40.32,40.48,40.14,40.38
1673857800,40.38,40.48,40.28,40.48
1673859600,40.5,40.62,40.4,40.42
1673861400,40.42,40.58,40.38,40.46
1673863200,40.46,40.64,40.44,40.52
1673865000,40.5,40.68,40.46,40.54
1673866800,40.52,40.76,40.5,40.7
1673868600,40.7,40.7,40.46,40.56
1673870400,40.56,40.6,40.28,40.38
1673872200,40.38,40.5,40.3,40.44
1673874000,40.48,40.82,40.46,40.74
1673875800,40.74,40.9,40.68,40.86
1673877600,40.86,41.26,40.78,41.1
1673879400,41.08,41.52,41.06,41.48
1673881200,41.5,41.6,41.48,41.6
1673937000,41.7,41.7,41.7,41.7
1673938800,41.7,42.76,41.52,42.72
1673940600,42.72,42.76,42.2,42.48
1673942400,42.5,42.54,42.02,42.06
1673944200,42.06,42.32,41.76,42.18
1673946000,42.16,42.2,42.04,42.16
1673947800,42.16,42.16,41.88,42.08
1673949600,42.08,42.34,42.06,42.24
1673951400,42.24,42.26,42.04,42.06
1673953200,42.04,42.1,41.74,41.96
1673955000,41.96,42.1,41.9,41.98
1673956800,41.98,42.16,41.86,42.06
1673958600,42.06,42.12,41.92,42
1673960400,41.98,42.54,41.94,42.42
1673962200,42.42,42.74,42.38,42.66
1673964000,42.66,43.48,42.6,43.32
1673965800,43.32,43.72,42.8,43.72
1673967600,43.72,43.76,43.62,43.76
1674023400,43.6,43.6,43.6,43.6
1674025200,43.6,44.04,43.46,43.76
1674027000,43.74,43.96,43.68,43.9
1674028800,43.92,44.16,43.88,44
1674030600,44,44.08,43.74,43.82
1674032400,43.82,43.88,43.68,43.74
1674034200,43.76,43.86,43.36,43.38
1674036000,43.36,43.58,42.92,43.12
1674037800,43.12,43.44,43.02,43.3
1674039600,43.3,43.56,43.28,43.52
1674041400,43.52,43.6,43.4,43.46
1674043200,43.46,43.54,43.28,43.34
1674045000,43.36,43.46,43.14,43.3
1674046800,43.3,43.5,43.28,43.48
1674048600,43.46,43.56,43,43.22
1674050400,43.24,43.3,42.96,43.12
1674052200,43.12,43.46,43,43.32
1674054000,43.38,43.38,43.38,43.38
1674109800,43.3,43.3,43.3,43.3
1674111600,43.28,43.6,43,43.56
1674113400,43.54,44.48,43.48,44.34
1674115200,44.36,44.68,44.28,44.66
1674117000,44.66,44.72,44.2,44.28
1674118800,44.28,44.38,44.14,44.24
1674120600,44.24,44.32,44.08,44.24
1674122400,44.22,44.28,44.08,44.12
1674124200,44.12,44.28,44.02,44.28
1674126000,44.26,44.4,44.2,44.22
1674127800,44.24,44.32,44.16,44.2
1674129600,44.2,44.22,44.08,44.12
1674131400,44.12,44.12,43.74,43.82
1674133200,43.82,44.06,43.6,43.98
1674135000,43.96,44.26,43.92,44.12
1674136800,44.1,44.14,43.66,43.88
1674138600,43.86,44.32,43.86,44.26
1674140400,44.36,44.36,44.36,44.36
1674196200,44.4,44.4,44.4,44.4
1674198000,44.42,44.54,44.12,44.26
1674199800,44.24,44.6,44.22,44.56
1674201600,44.56,44.82,44.52,44.6
1674203400,44.6,44.68,44.32,44.36
1674205200,44.34,44.46,44.28,44.32
1674207000,44.3,44.36,44.24,44.32
1674208800,44.32,44.4,44.22,44.4
1674210600,44.4,44.42,44.26,44.3
1674212400,44.3,44.34,44.16,44.18
1674214200,44.16,44.26,44.08,44.1
1674216000,44.12,44.2,44.02,44.2
1674217800,44.18,44.28,44.06,44.14
1674219600,44.12,44.14,43.98,44.04
1674221400,44.02,44.04,43.7,43.88
1674223200,43.86,44.04,43.82,43.98
1674225000,43.98,44.44,43.92,44.34
1674226800,44.34,44.34,44.34,44.34
1674455400,44.36,44.36,44.36,44.36
1674457200,44.38,44.4,43.52,44.02
1674459000,44.02,44.46,43.86,44.44
1674460800,44.46,44.5,44.24,44.26
1674462600,44.3,44.3,44.16,44.18
1674464400,44.16,44.28,44.14,44.2
1674466200,44.2,44.32,44.16,44.26
1674468000,44.28,44.28,44.1,44.16
1674469800,44.14,44.18,43.92,43.98
1674471600,43.96,43.98,43.72,43.84
1674473400,43.82,43.9,43.72,43.86
1674475200,43.86,43.94,43.8,43.94
1674477000,43.92,44.08,43.88,43.92
1674478800,43.9,43.98,43.76,43.82
1674480600,43.82,43.86,43.56,43.76
1674482400,43.78,43.78,43.12,43.32
1674484200,43.32,43.36,42.3,42.82
1674486000,42.8,42.82,42.72,42.72
1674541800,43.1,43.1,43.1,43.1
1674543600,43.1,43.28,42.64,42.82
1674545400,42.82,42.86,41.98,42.22
1674547200,42.22,42.58,41.64,42.34
1674549000,42.34,42.72,42.3,42.58
1674550800,42.6,43.1,42.44,43.08
1674552600,43.08,43.34,42.9,43.1
1674554400,43.1,43.16,42.7,42.9
1674556200,42.88,42.92,42.76,42.8
1674558000,42.8,42.88,42.54,42.58
1674559800,42.6,42.92,42.52,42.8
1674561600,42.78,42.82,42.28,42.3
1674563400,42.32,42.56,42.3,42.48
1674565200,42.48,42.5,42.18,42.44
1674567000,42.44,42.56,41.9,41.92
1674568800,41.92,42.5,41.82,42.3
1674570600,42.3,42.58,42.18,42.44
1674572400,42.44,42.5,42.42,42.5
1674628200,42.76,42.76,42.76,42.76
1674630000,42.78,43.1,42.76,42.9
1674631800,42.9,43.2,42.86,43.04
1674633600,43.06,43.14,42.56,42.58
1674635400,42.56,42.72,42.02,42.1
1674637200,42.1,42.28,41.9,42.14
1674639000,42.12,42.4,41.98,42.04
1674640800,42.04,42.06,41.54,41.6
1674642600,41.58,41.78,41.46,41.62
1674644400,41.62,41.7,40.88,41.14
1674646200,41.14,41.18,40.64,40.64
1674648000,40.86,41.32,40.82,40.94
1674649800,40.94,40.98,40.62,40.98
1674651600,40.98,40.98,40.34,40.52
1674653400,40.52,41.64,40.08,41.3
1674655200,41.3,41.5,41.02,41.24
1674657000,41.24,42.1,41.22,42.04
1674658800,42.04,42.06,41.96,41.96
1674714600,41.8,41.8,41.8,41.8
1674716400,41.78,41.94,40.92,41.38
1674718200,41.4,41.72,41.28,41.58
1674720000,41.56,42.24,41.56,41.76
1674721800,41.74,41.78,41.36,41.56
1674723600,41.56,41.82,41.54,41.74
1674725400,41.74,41.9,41.56,41.62
1674727200,41.62,41.68,41.48,41.6
1674729000,41.6,41.72,41.2,41.26
1674730800,41.24,41.46,41.04,41.34
1674732600,41.34,41.44,41.2,41.26
1674734400,41.24,41.62,41.2,41.42
1674736200,41.44,41.64,41.4,41.42
1674738000,41.44,41.84,41.38,41.78
1674739800,41.78,41.88,41.6,41.68
1674741600,41.68,42.02,41.68,41.78
1674743400,41.78,41.94,41.4,41.46
1674745200,41.36,41.36,41.36,41.36
1674801000,41.14,41.14,41.14,41.14
1674802800,41.14,41.36,40.94,41.12
1674804600,41.1,41.1,40.5,40.72
1674806400,40.74,40.78,40.34,40.74
1674808200,40.72,41.06,40.7,40.9
1674810000,40.9,41.08,40.82,40.84
1674811800,40.86,41.12,40.74,41.02
1674813600,41.02,41.22,40.92,41
1674815400,41.02,41.08,40.66,40.88
1674817200,40.9,41.08,40.78,41
1674819000,41,41.88,41,41.82
1674820800,41.82,41.98,41.44,41.44
1674822600,41.46,41.46,40.4,40.9
1674824400,40.9,41.18,40.68,40.72
1674826200,40.72,40.98,40.24,40.84
1674828000,40.86,41.82,40.82,41.78
1674829800,41.78,42.26,41.78,41.84
1674831600,41.82,41.84,41.82,41.84
1675060200,41.84,41.84,41.84,41.84
1675062000,41.84,42.08,41.14,41.26
1675063800,41.26,41.52,41.2,41.52
1675065600,41.5,41.7,41.44,41.64
1675067400,41.66,41.78,41.48,41.54
1675069200,41.56,41.58,41.4,41.42
1675071000,41.42,41.52,41.36,41.42
1675072800,41.42,41.44,41.18,41.28
1675074600,41.26,41.44,41.22,41.38
1675076400,41.38,41.46,41.08,41.16
1675078200,41.16,41.16,40.88,41.08
1675080000,41.06,41.14,40.82,40.88
1675081800,40.86,40.96,40.72,40.8
1675083600,40.78,40.98,40.7,40.86
1675085400,40.84,41.04,40.76,40.94
1675087200,40.94,40.98,40.62,40.68
1675089000,40.66,40.8,40.46,40.52
1675090800,40.5,40.5,40.5,40.5
1675146600,40.4,40.4,40.4,40.4
1675148400,40.38,40.6,39.82,39.92
1675150200,39.9,40.06,39.68,39.92
1675152000,39.9,40.24,39.84,40.12
1675153800,40.12,40.18,39.78,39.94
1675155600,39.94,40.2,39.9,40.06
1675157400,40.06,40.38,40.02,40.34
1675159200,40.36,40.38,40.06,40.18
1675161000,40.2,40.44,40.16,40.4
1675162800,40.4,40.58,40.3,40.58
1675164600,40.58,40.72,40.5,40.66
1675166400,40.66,40.94,40.6,40.8
1675168200,40.8,41.12,40.76,40.84
1675170000,40.84,40.94,40.72,40.76
1675171800,40.76,40.82,40.54,40.58
1675173600,40.56,40.66,39.82,39.98
1675175400,39.96,40.02,39.44,39.66
1675177200,39.66,39.66,39.54,39.54
1675233000,39.88,39.88,39.88,39.88
1675234800,39.9,40.16,39.6,39.66
1675236600,39.66,40.32,39.46,40.2
1675238400,40.2,40.36,39.96,40.16
1675240200,40.14,40.22,39.32,39.38
1675242000,39.38,39.54,39.08,39.44
1675243800,39.44,39.54,39.12,39.16
1675245600,39.16,39.28,38.92,39.26
1675247400,39.24,39.42,39.16,39.3
1675249200,39.28,39.44,39.18,39.42
1675251000,39.42,39.8,39.34,39.8
1675252800,39.8,40.14,39.72,39.96
1675254600,39.96,40.06,39.68,40.02
1675256400,40.02,40.14,39.58,39.64
1675258200,39.64,39.8,38.6,38.62
1675260000,38.6,38.96,38.28,38.32
1675263600,38.3,38.3,38.3,38.3
1675319400,38.5,38.5,38.5,38.5
1675321200,38.5,39.02,38.14,38.64
1675323000,38.64,38.7,37.84,38.44
1675324800,38.42,39.76,38.42,39.7
1675326600,39.72,40.18,39.68,39.96
1675328400,39.98,40.32,39.54,39.82
1675330200,39.82,39.92,39.48,39.92
1675332000,39.92,40.02,39.62,39.9
1675333800,39.92,40.14,39.82,40.06
1675335600,40.06,40.24,39.88,39.92
1675337400,39.94,39.94,39.38,39.72
1675339200,39.72,39.84,39.56,39.6
1675341000,39.6,39.66,38.14,38.72
1675342800,38.7,38.9,37.78,38.26
1675344600,38.28,39.5,38.04,39.18
1675346400,39.18,39.32,38.1,38.96
1675348200,38.96,39.98,38.96,39.82
1675350000,39.88,39.88,39.88,39.88
1675405800,39.88,39.88,39.88,39.88
1675407600,39.88,40.74,39.72,40.66
1675409400,40.68,41.1,40.6,40.94
1675411200,40.94,41.46,40.92,41.34
1675413000,41.36,41.96,41.34,41.68
1675414800,41.68,41.82,41.58,41.76
1675416600,41.76,41.86,41.64,41.68
1675418400,41.68,41.68,41.26,41.64
1675420200,41.66,42,41.66,41.84
1675422000,41.84,42.4,41.76,42.3
1675423800,42.28,42.84,42.24,42.76
1675425600,42.76,42.86,42.48,42.7
1675427400,42.68,42.8,42.44,42.7
1675429200,42.72,43.04,42.6,42.66
1675431000,42.64,42.86,42.44,42.84
1675432800,42.84,43.24,42.72,43.02
1675434600,43,43.38,42.8,43.04
1675436400,43.06,43.06,43.04,43.04
1675665000,41,41,41,41
1675666800,41,42.74,40.84,41.74
1675668600,41.74,42.04,40.92,40.94
1675670400,40.96,41.9,40.8,41.86
1675672200,41.84,41.98,41.8,41.86
1675674000,41.86,42.08,41.84,41.92
1675675800,41.96,42.04,41.74,41.76
1675677600,41.76,41.76,41.46,41.5
1675679400,41.48,41.5,40.86,41
1675681200,41,41.2,40.84,41.1
1675683000,41.1,41.14,40.9,40.94
1675684800,40.94,40.98,40.44,40.52
1675686600,40.54,40.84,40.2,40.6
1675688400,40.6,40.66,40,40.42
1675690200,40.42,40.64,40.4,40.5
1675692000,40.52,41.98,40.42,41.68
1675693800,41.7,42.5,41.68,42.08
1675695600,42.64,42.64,42.64,42.64
1675751400,41.96,41.96,41.96,41.96
1675753200,41.96,42,40.5,41.28
1675755000,41.26,41.7,40.94,41.54
1675756800,41.52,41.56,40.64,40.74
1675758600,40.76,40.78,40.12,40.3
1675760400,40.28,40.44,40.1,40.14
1675762200,40.14,40.22,39.46,39.8
1675764000,39.78,39.78,39.2,39.2
1675765800,39.2,40.24,39.18,40.2
1675767600,40.2,40.26,39.16,39.18
1675769400,39.18,39.82,38.74,38.9
1675771200,38.9,39.7,38.76,39.58
1675773000,39.58,40.04,39.36,39.88
1675774800,39.88,40.54,39.86,40.26
1675776600,40.24,40.6,39.6,39.74
1675778400,39.72,39.78,39.08,39.18
1675780200,39.18,39.2,38.64,38.74
1675782000,38.74,38.82,38.74,38.82
1676442600,41.2,41.2,41.2,41.2
1676444400,41.22,42.7,40.5,42.7
1676446200,42.7,42.7,42.6,42.7
1676448000,42.7,42.7,42.7,42.7
1676449800,42.7,42.7,42.7,42.7
1676451600,42.7,42.7,42.7,42.7
1676453400,42.7,42.7,42.7,42.7
1676455200,42.7,42.7,42.7,42.7
1676457000,42.7,42.7,42.7,42.7
1676458800,42.7,42.7,42.7,42.7
1676460600,42.7,42.7,42.7,42.7
1676462400,42.7,42.7,42.7,42.7
1676464200,42.7,42.7,42.7,42.7
1676466000,42.7,42.7,42.7,42.7
1676467800,42.7,42.7,42.7,42.7
1676469600,42.7,42.7,42.7,42.7
1676471400,42.7,42.7,42.7,42.7
1676473200,42.7,42.7,42.7,42.7
1676529000,46.94,46.94,46.94,46.94
1676530800,46.92,46.96,44.6,45.88
1676532600,45.88,46.02,45.2,45.54
1676534400,45.52,45.54,43.6,44.56
1676536200,44.58,45.06,43.8,45
1676538000,45,45.06,44.36,44.66
1676539800,44.64,44.74,44,44.2
1676541600,44.2,44.6,43.8,44.58
1676543400,44.56,44.8,44.44,44.54
1676545200,44.52,44.7,44.26,44.5
1676547000,44.5,45.06,44.48,44.9
1676548800,44.9,45.24,44.82,44.9
1676550600,44.9,45.5,44.88,45.48
1676552400,45.46,45.94,45.4,45.78
1676554200,45.78,45.9,45.36,45.4
1676556000,45.4,45.84,45.1,45.14
1676557800,45.14,45.26,44.54,45.26
1676559600,45.26,45.26,45.26,45.26
1676615400,44.4,44.4,44.4,44.4
1676617200,44.4,45.36,43.94,44.92
1676619000,44.92,45.22,44.68,44.7
1676620800,44.7,45.82,44.68,45.4
1676622600,45.42,45.44,45.08,45.14
1676624400,45.16,45.24,44.92,45.12
1676626200,45.08,45.42,45.08,45.4
1676628000,45.38,45.52,45.14,45.16
1676629800,45.16,45.3,45.06,45.1
1676631600,45.08,45.2,44.88,44.92
1676633400,44.9,45.08,44.82,44.9
1676635200,44.9,44.98,44.72,44.8
1676637000,44.76,45,44.74,44.82
1676638800,44.84,45.08,44.74,44.86
1676640600,44.88,44.96,44.7,44.94
1676642400,44.94,45.22,44.7,45.18
1676644200,45.16,45.28,44.86,44.98
1676646000,44.9,44.9,44.9,44.9
1676874600,45.06,45.06,45.06,45.06
1676876400,45.06,45.76,44.58,45.7
1676878200,45.7,46.58,45.58,46.48
1676880000,46.48,48.44,46.46,47.72
1676881800,47.72,48.12,47.6,47.72
1676883600,47.7,48,47.66,47.86
1676885400,47.84,48.14,47.76,47.98
1676887200,47.98,48.56,47.96,48.32
1676889000,48.32,48.4,48.04,48.18
1676890800,48.18,48.18,47.56,47.72
1676892600,47.72,47.98,47.58,47.72
1676894400,47.72,47.74,46.64,46.8
1676896200,46.78,47.06,46.08,46.66
1676898000,46.64,46.96,46.28,46.72
1676899800,46.72,47.18,46.64,47.18
1676901600,47.16,47.74,47.04,47.36
1676903400,47.34,47.68,47.3,47.52
1676905200,47.5,47.52,47.5,47.5
1676961000,47.42,47.42,47.42,47.42
1676962800,47.42,49.74,47.12,48.88
1676964600,48.88,49.14,48.7,49
1676966400,49.02,49.38,48.5,48.66
1676968200,48.66,49.04,48.5,48.86
1676970000,48.86,48.9,48.34,48.5
1676971800,48.48,48.98,48.48,48.92
1676973600,48.92,49,48.62,48.72
1676975400,48.7,48.88,48.7,48.74
1676977200,48.74,48.74,48.46,48.58
1676979000,48.58,48.9,48.58,48.86
1676980800,48.84,49.18,48.84,49.12
1676982600,49.12,49.14,48.84,49
1676984400,49.02,49.04,48.58,48.6
1676986200,48.6,48.96,48.56,48.76
1676988000,48.76,48.88,47.08,47.5
1676989800,47.5,48.02,46.84,46.96
1676991600,46.7,46.7,46.7,46.7
1677047400,46.4,46.4,46.4,46.4
1677049200,46.4,46.56,45.2,45.38
1677051000,45.36,46.4,45.2,46.16
1677052800,46.14,47.1,46.06,46.86
1677054600,46.86,46.88,46.42,46.72
1677056400,46.7,46.98,46.62,46.76
1677058200,46.78,46.78,46.1,46.16
1677060000,46.18,46.24,45.86,45.98
1677061800,45.98,46.3,45.94,46.18
1677063600,46.18,46.5,45.92,46
1677065400,46.02,46.04,45.78,45.98
1677067200,46,46.1,45.62,45.78
1677069000,45.78,45.8,45.44,45.7
1677070800,45.7,45.8,45.36,45.48
1677072600,45.48,45.68,45.32,45.54
1677074400,45.54,46.08,45.38,45.84
1677076200,45.82,45.98,45.46,45.6
1677078000,45.6,45.62,45.6,45.62
1677133800,45.4,45.4,45.4,45.4
1677135600,45.38,45.86,45.34,45.58
1677137400,45.58,45.82,45.5,45.62
1677139200,45.62,46.12,45.54,45.56
1677141000,45.54,45.66,45.44,45.52
1677142800,45.52,45.72,45.52,45.58
1677144600,45.58,45.7,45.52,45.6
1677146400,45.62,45.82,45.58,45.66
1677148200,45.64,45.8,45.58,45.74
1677150000,45.76,45.8,45.26,45.44
1677151800,45.44,45.56,45.26,45.38
1677153600,45.36,45.46,45.08,45.2
1677155400,45.18,45.34,44.82,44.88
1677157200,44.86,45.3,44.86,45.28
1677159000,45.28,45.36,45.06,45.32
1677160800,45.34,45.7,45.3,45.58
1677162600,45.58,45.94,45.5,45.76
1677164400,45.76,45.76,45.76,45.76
1677220200,45.78,45.78,45.78,45.78
1677222000,45.8,45.94,45.58,45.76
1677223800,45.78,46.58,45.72,46.22
1677225600,46.24,46.32,45.98,46.08
1677227400,46.06,46.1,45.86,46
1677229200,45.98,46.02,45.64,45.7
1677231000,45.7,45.7,45.54,45.68
1677232800,45.68,45.72,45.56,45.62
1677234600,45.62,45.64,45.48,45.54
1677236400,45.54,45.64,45.46,45.48
1677238200,45.48,45.5,45.4,45.44
1677240000,45.44,45.48,44.94,45.18
1677241800,45.18,45.22,45.02,45.06
1677243600,45.06,45.1,44.8,45.08
1677245400,45.06,45.08,44.9,44.98
1677247200,44.98,45.14,44.9,44.94
1677249000,44.94,45,44.6,44.62
1677250800,44.62,44.62,44.5,44.5
1677479400,44.5,44.5,44.5,44.5
1677481200,44.48,44.56,43.8,43.9
1677483000,43.9,44.06,43.4,43.96
1677484800,43.96,44.44,43.78,44.24
1677486600,44.24,44.32,44,44.18
1677488400,44.2,44.38,44.04,44.34
1677490200,44.36,44.36,44.06,44.26
1677492000,44.26,44.5,44.24,44.42
1677493800,44.42,45.08,44.42,45
1677495600,44.98,45.34,44.84,45.28
1677497400,45.3,45.3,44.96,45.14
1677499200,45.14,45.28,44.98,45.18
1677501000,45.18,45.18,44.88,45.08
1677502800,45.08,45.36,45.08,45.24
1677504600,45.24,45.64,45.08,45.5
1677506400,45.48,45.58,45.38,45.5
1677508200,45.48,46.06,45.38,45.98
1677510000,46,46.06,46,46.06
1677565800,46.34,46.34,46.34,46.34
1677567600,46.34,46.34,45.86,46.12
1677569400,46.14,46.24,46.04,46.08
1677571200,46.06,46.14,45.7,45.84
1677573000,45.82,46.1,45.78,46.02
1677574800,46.02,46.12,45.96,45.98
1677576600,45.96,46.14,45.92,46.06
1677578400,46.1,46.7,46.06,46.58
1677580200,46.56,47,46.54,46.7
1677582000,46.7,46.92,46.64,46.82
1677583800,46.84,47.1,46.78,46.86
1677585600,46.86,47.16,46.8,47.16
1677587400,47.16,47.62,47.12,47.5
1677589200,47.5,47.5,46.84,46.86
1677591000,46.88,47.24,46.84,46.88
1677592800,46.86,47.16,46.7,47.02
1677594600,47.02,47.16,46.68,47.08
1677596400,47.2,47.2,47.2,47.2
1677652200,47.34,47.34,47.34,47.34
1677654000,47.36,48.18,47.3,48
1677655800,48,48.3,47.98,48.06
1677657600,48.1,48.26,47.86,47.88
1677659400,47.9,48.06,47.62,47.66
1677661200,47.66,47.82,47.48,47.7
1677663000,47.7,47.78,47.6,47.66
1677664800,47.66,47.76,47.64,47.7
1677666600,47.68,47.76,47.66,47.7
1677668400,47.7,47.8,47.54,47.62
1677670200,47.62,48.26,47.56,48.12
1677672000,48.14,48.46,48.1,48.34
1677673800,48.34,48.52,48.26,48.42
1677675600,48.44,48.46,48.3,48.36
1677677400,48.36,48.48,48.3,48.44
1677679200,48.46,48.62,48.36,48.6
1677681000,48.62,48.64,48.06,48.64
1677682800,48.64,48.74,48.64,48.74
1677738600,48.66,48.66,48.66,48.66
1677740400,48.64,48.84,48.22,48.64
1677742200,48.64,48.68,48.02,48.2
1677744000,48.22,48.98,48.16,48.76
1677745800,48.78,48.82,48.28,48.3
1677747600,48.28,48.4,48.1,48.14
1677749400,48.14,48.16,47.96,48.12
1677751200,48.1,48.3,48.02,48.28
1677753000,48.26,48.38,48.12,48.22
1677754800,48.22,48.34,48.18,48.26
1677756600,48.24,48.4,48.2,48.32
1677758400,48.3,48.34,47.92,48.08
1677760200,48.08,48.12,48,48.04
1677762000,48.04,48.08,47.68,47.92
1677763800,47.9,48.06,47.66,47.9
1677765600,47.88,48.3,47.84,48.04
1677767400,48.04,48.2,47.76,47.86
1677769200,47.88,47.88,47.8,47.8
1677825000,47.5,47.5,47.5,47.5
1677826800,47.5,47.76,47.32,47.46
1677828600,47.46,48.24,47.44,48.1
1677830400,48.12,48.16,47.24,47.42
1677832200,47.4,47.44,46.56,46.62
1677834000,46.6,46.94,46.5,46.78
1677835800,46.8,46.82,46.54,46.72
1677837600,46.74,46.88,46.66,46.82
1677839400,46.8,46.96,46.64,46.66
1677841200,46.66,46.72,46.52,46.68
1677843000,46.68,46.76,46.56,46.64
1677844800,46.64,46.66,45.2,45.54
1677846600,45.52,46.56,45.42,46.3
1677848400,46.3,46.6,46.12,46.34
1677850200,46.32,46.74,46.02,46.74
1677852000,46.72,46.78,46.42,46.56
1677853800,46.56,47.2,46.3,47.12
1677855600,47.14,47.14,46.96,46.96
1678084200,47.22,47.22,47.22,47.22
1678086000,47.24,47.88,46.92,47.62
1678087800,47.62,47.98,47.6,47.94
1678089600,47.94,48.18,47.94,48.12
1678091400,48.14,48.44,47.8,48.26
1678093200,48.3,48.36,48.06,48.12
1678095000,48.1,48.24,48,48.16
1678096800,48.14,48.48,48.12,48.3
1678098600,48.32,48.66,48.3,48.48
1678100400,48.5,48.66,48.32,48.62
1678102200,48.6,48.78,48.52,48.74
1678104000,48.72,49.62,48.72,49.42
1678105800,49.42,49.66,49.2,49.24
1678107600,49.24,49.5,49.18,49.26
1678109400,49.26,49.6,49.24,49.54
1678111200,49.54,49.78,49.4,49.42
1678113000,49.42,50.35,49.28,50.2
1678114800,50.2,50.2,50.15,50.15
1678170600,50.2,50.2,50.2,50.2
1678172400,50.2,50.35,49.34,49.94
1678174200,49.94,50.3,49.42,49.78
1678176000,49.78,49.86,49.62,49.74
1678177800,49.74,49.8,49.58,49.66
1678179600,49.64,49.78,49.6,49.72
1678181400,49.7,49.72,49.34,49.36
1678183200,49.34,49.54,49.24,49.42
1678185000,49.4,49.5,49.2,49.4
1678186800,49.4,49.48,49.2,49.38
1678188600,49.4,49.58,49.38,49.52
1678190400,49.5,49.54,49.38,49.42
1678192200,49.4,49.46,49.3,49.4
1678194000,49.4,49.42,49.16,49.3
1678195800,49.3,49.58,49.26,49.52
1678197600,49.54,49.58,49.22,49.24
1678199400,49.24,49.36,49,49
1678201200,49,49,48.82,48.82
1678257000,48.82,48.82,48.82,48.82
1678258800,48.8,48.98,48.12,48.48
1678260600,48.48,48.76,48.26,48.68
1678262400,48.68,48.72,48.36,48.48
1678264200,48.46,48.58,48.4,48.48
1678266000,48.48,48.54,48.36,48.42
1678267800,48.42,48.5,48.4,48.46
1678269600,48.44,48.46,48.22,48.32
1678271400,48.32,48.34,48.12,48.14
1678273200,48.14,48.2,48,48.2
1678275000,48.18,48.36,48.14,48.18
1678276800,48.18,48.26,48.12,48.2
1678278600,48.2,48.4,48.1,48.34
1678280400,48.36,48.52,48.3,48.42
1678282200,48.4,49.2,48.4,48.9
1678284000,48.9,49.12,48.72,48.76
1678285800,48.76,49.08,48.68,48.9
1678287600,48.88,48.88,48.88,48.88
1678343400,49.46,49.46,49.46,49.46
1678345200,49.46,49.66,49.24,49.3
1678347000,49.32,49.48,49.3,49.36
1678348800,49.38,49.48,49.2,49.28
1678350600,49.28,49.32,49.04,49.1
1678352400,49.1,49.1,48.9,49.08
1678354200,49.06,49.08,48.92,48.98
1678356000,48.96,49.1,48.88,49.1
1678357800,49.1,49.1,48.94,49.04
1678359600,49.04,49.08,48.9,49.02
1678361400,49.02,49.04,48.8,48.84
1678363200,48.86,48.86,48.52,48.72
1678365000,48.74,48.88,48.72,48.84
1678366800,48.84,49.08,48.82,49.06
1678368600,49.06,49.16,48.82,48.9
1678370400,48.9,48.92,48.34,48.52
1678372200,48.54,48.54,48.2,48.38
1678374000,48.22,48.22,48.22,48.22
1678429800,47.96,47.96,47.96,47.96
1678431600,47.94,48.36,47.76,48.22
1678433400,48.2,48.28,48.14,48.14
1678435200,48.16,48.18,47.98,48.16
1678437000,48.16,48.16,48.02,48.04
1678438800,48.02,48.3,48,48.3
1678440600,48.3,48.6,48.12,48.18
1678442400,48.18,48.26,48.1,48.16
1678444200,48.16,48.16,47.8,47.82
1678446000,47.8,48.32,47.8,48
1678447800,48,48.16,47.98,48.02
1678449600,48.02,48.36,48.02,48.24
1678451400,48.24,48.3,47.88,47.92
1678453200,47.9,47.92,47.3,47.72
1678455000,47.74,47.94,47.7,47.8
1678456800,47.8,47.88,47.66,47.78
1678458600,47.76,47.76,47.32,47.4
1678460400,47.4,47.4,47.34,47.34
1678689000,47.82,47.82,47.82,47.82
1678690800,47.84,48.08,47.34,47.62
1678692600,47.62,48.48,47.62,48.42
1678694400,48.44,48.48,47.8,47.92
1678696200,47.9,47.9,47.6,47.68
1678698000,47.66,47.7,47.36,47.48
1678699800,47.46,47.6,47.36,47.38
1678701600,47.38,47.46,46.82,46.96
1678703400,46.98,47.22,46.86,47.16
1678705200,47.14,47.2,46.94,46.98
1678707000,46.96,47.04,46.62,46.62
1678708800,46.62,46.72,46.28,46.58
1678710600,46.56,46.6,46.3,46.58
1678712400,46.58,46.72,46.5,46.56
1678714200,46.54,47.02,46.44,47
1678716000,47,47.06,46.48,46.52
1678717800,46.52,46.68,46.04,46.18
1678719600,46.16,46.24,46.16,46.24
1678775400,46.64,46.64,46.64,46.64
1678777200,46.66,47.04,46.46,46.88
1678779000,46.82,47.2,46.74,46.94
1678780800,46.96,46.98,46.3,46.74
1678782600,46.76,46.84,46.42,46.64
1678784400,46.62,46.64,46.32,46.58
1678786200,46.6,46.62,46.24,46.24
1678788000,46.26,46.4,46.2,46.28
1678789800,46.26,46.48,46.1,46.42
1678791600,46.42,46.6,46.38,46.58
1678793400,46.58,46.64,46.46,46.58
1678795200,46.58,46.88,46.58,46.64
1678797000,46.64,46.8,46.52,46.78
1678798800,46.78,47.26,46.76,47.14
1678800600,47.12,47.16,46.8,46.98
1678802400,46.98,47.08,46.78,46.8
1678804200,46.8,46.84,46.24,46.38
1678806000,46.42,46.42,46.42,46.42
1678861800,46.5,46.5,46.5,46.5
1678863600,46.5,46.82,46.32,46.74
1678865400,46.72,46.92,46.52,46.62
1678867200,46.62,46.94,46.58,46.74
1678869000,46.74,46.8,46.34,46.5
1678870800,46.48,46.5,46.18,46.36
1678872600,46.36,46.4,46.08,46.08
1678874400,46.08,46.32,46.06,46.22
1678876200,46.22,46.22,45.76,45.88
1678878000,45.9,46,45.56,45.6
1678879800,45.58,45.92,45.5,45.5
1678881600,45.5,45.74,45.34,45.72
1678883400,45.7,45.92,45.5,45.78
1678885200,45.78,45.96,45.76,45.84
1678887000,45.84,45.98,45.44,45.46
1678888800,45.46,45.8,45.38,45.56
1678890600,45.56,46.02,45.32,45.9
1678892400,45.86,45.98,45.84,45.98
1678948200,46.3,46.3,46.3,46.3
1678950000,46.32,46.54,46,46.2
1678951800,46.2,46.78,46.14,46.74
1678953600,46.74,46.86,46.5,46.7
1678955400,46.68,47.02,46.64,46.72
1678957200,46.72,46.78,46.48,46.66
1678959000,46.66,46.72,46.54,46.66
1678960800,46.68,47,46.64,46.82
1678962600,46.8,46.9,46.66,46.78
1678964400,46.78,46.86,46.62,46.76
1678966200,46.76,46.86,46.64,46.66
1678968000,46.66,46.78,46.52,46.7
1678969800,46.68,46.7,46.22,46.32
1678971600,46.3,46.3,45.92,45.98
1678973400,45.98,46.52,45.96,46.46
1678975200,46.46,46.52,46.18,46.44
1678977000,46.46,47.5,46.28,47.42
1678978800,47.42,47.46,47.42,47.46
1679034600,47.56,47.56,47.56,47.56
1679036400,47.58,47.82,47.4,47.54
1679038200,47.54,47.62,47.36,47.48
1679040000,47.46,47.66,47.36,47.48
1679041800,47.46,47.6,47.4,47.54
1679043600,47.56,47.66,47.5,47.6
1679045400,47.6,47.68,47.34,47.38
1679047200,47.38,47.46,47.2,47.24
1679049000,47.2,47.28,47.1,47.14
1679050800,47.14,47.28,47.04,47.18
1679052600,47.18,47.18,46.66,46.8
1679054400,46.78,46.9,46.34,46.34
1679056200,46.36,46.56,46.26,46.42
1679058000,46.44,46.58,46.3,46.5
1679059800,46.48,46.64,46.42,46.54
1679061600,46.54,46.72,46.42,46.5
1679063400,46.5,46.64,46,46.06
1679065200,45.96,45.96,45.96,45.96
1679293800,45.9,45.9,45.9,45.9
1679295600,45.88,45.92,44.92,45.14
1679297400,45.14,45.48,45.08,45.32
1679299200,45.34,45.54,45.12,45.14
1679301000,45.14,45.34,45.02,45.32
1679302800,45.3,45.42,44.98,45.04
1679304600,45.04,45.16,44.96,45.12
1679306400,45.1,45.18,45,45.08
1679308200,45.08,45.24,45,45.04
1679310000,45.04,45.1,44.94,44.98
1679311800,45,45.1,44.66,44.7
1679313600,44.68,44.88,44.52,44.86
1679315400,44.84,45.12,44.74,45.06
1679317200,45.06,45.46,45.02,45.14
1679319000,45.16,45.32,44.96,45.2
1679320800,45.2,45.36,44.8,44.86
1679322600,44.86,44.94,44.26,44.54
1679324400,44.42,44.42,44.42,44.42
1679380200,44.44,44.44,44.44,44.44
1679382000,44.44,44.7,44.12,44.36
1679383800,44.34,44.48,44.1,44.1
1679385600,44.08,44.58,44.06,44.54
1679387400,44.54,44.68,44.4,44.6
1679389200,44.6,44.62,44.28,44.36
1679391000,44.34,44.34,44.08,44.2
1679392800,44.18,44.28,44,44.14
1679394600,44.14,44.22,44,44.08
1679396400,44.1,44.1,43.8,43.9
1679398200,43.9,43.96,43.72,43.84
1679400000,43.86,44.16,43.82,44.1
1679401800,44.1,44.5,44.1,44.16
1679403600,44.16,44.46,44.14,44.2
1679405400,44.2,44.9,44.18,44.88
1679407200,44.86,45.1,44.42,44.48
1679409000,44.48,44.7,43.98,44.1
1679410800,43.88,43.88,43.88,43.88
1679466600,44.04,44.04,44.04,44.04
1679468400,44.04,44.28,43.68,43.8
1679470200,43.78,44.2,43.74,44.16
1679472000,44.16,44.34,44.02,44.22
1679473800,44.22,44.54,44.18,44.5
1679475600,44.52,44.52,44.22,44.24
1679477400,44.24,44.4,44.2,44.34
1679479200,44.34,44.44,44.28,44.34
1679481000,44.34,44.5,44.28,44.44
1679482800,44.46,44.48,44.14,44.18
1679484600,44.18,44.32,44.02,44.28
1679486400,44.26,44.36,44.06,44.26
1679488200,44.26,44.48,44.24,44.38
1679490000,44.4,44.44,43.92,44.32
1679491800,44.34,44.98,44.16,44.92
1679493600,44.92,45,44.64,44.84
1679495400,44.82,45,44.58,45
1679497200,45.12,45.12,45.12,45.12
1679553000,44.92,44.92,44.92,44.92
1679554800,44.92,45.1,44.68,44.86
1679556600,44.86,44.98,44.78,44.9
1679558400,44.92,45.26,44.84,44.94
1679560200,44.96,45.08,44.8,45
1679562000,45,45.1,44.88,44.92
1679563800,44.9,44.94,44.76,44.86
1679565600,44.86,44.9,44.72,44.82
1679567400,44.82,44.88,44.76,44.86
1679569200,44.84,44.9,44.72,44.86
1679571000,44.86,44.88,44.8,44.82
1679572800,44.84,44.84,44.64,44.66
1679574600,44.68,44.82,44.58,44.7
1679576400,44.72,44.84,44.64,44.82
1679578200,44.8,45,44.78,44.9
1679580000,44.88,45.14,44.86,45.08
1679581800,45.06,45.58,44.86,45.54
1679583600,45.72,45.72,45.72,45.72
1679639400,45.7,45.7,45.7,45.7
1679641200,45.68,45.8,45.3,45.36
1679643000,45.34,45.62,45.34,45.62
1679644800,45.62,45.7,45.46,45.5
1679646600,45.5,45.6,45.4,45.44
1679648400,45.42,45.6,45.36,45.54
1679650200,45.54,45.56,45.34,45.36
1679652000,45.34,45.36,45.12,45.22
1679653800,45.22,45.32,45.14,45.16
1679655600,45.16,45.2,44.98,45.04
1679657400,45.04,45.08,44.9,44.94
1679659200,44.94,45.06,44.88,45.04
1679661000,45.06,45.16,45,45.08
1679662800,45.08,45.12,44.92,45.04
1679664600,45.06,45.08,44.84,44.98
1679666400,44.98,45.4,44.98,45.28
1679668200,45.3,45.4,45,45.02
1679670000,44.88,44.88,44.88,44.88
1679898600,45.02,45.02,45.02,45.02
1679900400,45.02,45.18,44.88,44.9
1679902200,44.9,44.96,44.32,44.32
1679904000,44.34,44.5,44.24,44.34
1679905800,44.32,44.46,44.2,44.46
1679907600,44.44,44.52,44.34,44.48
1679909400,44.48,44.54,44.38,44.42
1679911200,44.4,44.54,44.38,44.5
1679913000,44.52,44.52,44.36,44.42
1679914800,44.42,44.52,44.38,44.42
1679916600,44.42,44.52,44.32,44.52
1679918400,44.5,44.72,44.48,44.58
1679920200,44.6,44.78,44.56,44.66
1679922000,44.66,44.68,44.48,44.6
1679923800,44.58,44.9,44.52,44.84
1679925600,44.86,45.02,44.72,44.84
1679927400,44.82,44.88,44.2,44.2
1679929200,44.04,44.04,44.04,44.04
1679985000,44.1,44.1,44.1,44.1
1679986800,44.1,44.24,43.82,43.84
1679988600,43.84,43.98,43.74,43.86
1679990400,43.86,43.88,43.66,43.74
1679992200,43.74,43.8,43.28,43.38
1679994000,43.38,43.5,42.9,43.08
1679995800,43.08,43.2,42.84,43.04
1679997600,43.02,43.08,42.92,43.02
1679999400,43.02,43.06,42.92,43.02
1680001200,43.02,43.04,42.76,42.98
1680003000,42.96,43.1,42.92,42.98
1680004800,42.98,43.14,42.96,42.98
1680006600,42.96,42.98,42.74,42.78
1680008400,42.76,42.92,42.72,42.8
1680010200,42.78,42.92,42.56,42.72
1680012000,42.72,42.82,42.46,42.54
1680013800,42.52,42.56,42.04,42.08
1680015600,42.08,42.08,42,42
1680071400,41.8,41.8,41.8,41.8
1680073200,41.82,42.52,41.6,42.04
1680075000,42.02,42.22,41.82,42.04
1680076800,42.04,42.24,41.94,42.18
1680078600,42.18,42.22,41.86,41.92
1680080400,41.9,42.06,41.86,41.88
1680082200,41.9,42.82,41.9,42.02
1680084000,42,42.18,41.96,42.14
1680085800,42.12,42.28,42.02,42.04
1680087600,42.04,42.28,42.02,42.22
1680089400,42.22,42.48,42.18,42.3
1680091200,42.3,42.48,42.08,42.2
1680093000,42.2,42.4,42.18,42.3
1680094800,42.32,42.62,42.3,42.34
1680096600,42.32,42.72,42.26,42.52
1680098400,42.52,42.78,42.48,42.5
1680100200,42.5,43.1,42.42,43
1680102000,42.98,42.98,42.98,42.98
1680157800,43.02,43.02,43.02,43.02
1680159600,43.04,43.46,42.82,43.46
1680161400,43.44,43.74,43.42,43.6
1680163200,43.6,43.7,43.32,43.32
1680165000,43.34,43.74,43.3,43.74
1680166800,43.74,43.88,43.62,43.72
1680168600,43.74,44.08,43.68,43.94
1680170400,43.96,44.2,43.82,43.9
1680172200,43.9,44.06,43.84,43.96
1680174000,43.98,44.08,43.8,44.02
1680175800,44.02,44.12,43.94,44.04
1680177600,44.04,44.08,43.84,43.92
1680179400,43.92,44.08,43.76,43.78
1680181200,43.78,43.92,43.5,43.68
1680183000,43.66,43.84,43.62,43.82
1680184800,43.82,43.84,43.14,43.2
1680186600,43.2,43.32,42.8,42.92
1680188400,42.84,42.84,42.84,42.84
1680244200,42.5,42.5,42.5,42.5
1680246000,42.48,42.6,42.22,42.52
1680247800,42.5,42.98,42.3,42.34
1680249600,42.34,42.8,42.22,42.72
1680251400,42.74,42.94,42.64,42.88
1680253200,42.88,42.94,42.74,42.78
1680255000,42.76,42.84,42.66,42.7
1680256800,42.68,42.94,42.58,42.88
1680258600,42.9,43.32,42.78,42.98
1680260400,42.98,43.1,42.88,42.88
1680262200,42.9,42.96,42.8,42.9
1680264000,42.88,43.04,42.88,43.02
1680265800,43.04,43.36,42.96,43.26
1680267600,43.26,43.4,42.9,42.94
1680269400,42.92,43.08,42.56,42.6
1680271200,42.62,42.82,42.56,42.82
1680273000,42.82,42.9,42.32,42.5
1680274800,42.5,42.5,42.32,42.32
1680503400,42.1,42.1,42.1,42.1
1680505200,42.1,42.52,42,42.08
1680507000,42.06,42.12,41.44,41.62
1680508800,41.62,41.78,41.54,41.6
1680510600,41.58,41.68,41.46,41.48
1680512400,41.46,41.68,41.46,41.6
1680514200,41.6,41.68,41.54,41.58
1680516000,41.56,41.74,41.5,41.66
1680517800,41.66,41.7,41.5,41.58
1680519600,41.58,41.72,41.52,41.56
1680521400,41.54,41.56,41.24,41.36
1680523200,41.38,41.54,41.24,41.52
1680525000,41.54,41.56,41.32,41.34
1680526800,41.34,41.76,41.18,41.7
1680528600,41.7,42.68,41.6,42.56
1680530400,42.58,42.8,42.3,42.6
1680532200,42.6,42.82,42.3,42.74
1680534000,42.78,42.78,42.78,42.78
1680589800,42.78,42.78,42.78,42.78
1680591600,42.8,43.34,42.52,43.32
1680593400,43.32,43.58,42.98,43.08
1680595200,43.08,43.32,43.02,43.3
1680597000,43.3,43.38,43.2,43.34
1680598800,43.34,43.48,43.22,43.3
1680600600,43.3,43.52,43.28,43.5
1680602400,43.5,43.62,43.46,43.48
1680604200,43.5,43.6,43.22,43.3
1680606000,43.32,43.5,43.26,43.36
1680607800,43.36,43.82,43.36,43.64
1680609600,43.66,43.98,43.48,43.96
1680611400,43.96,44.16,43.84,43.94
1680613200,43.94,44.1,43.66,43.96
1680615000,43.98,44.6,43.88,44.58
1680616800,44.6,45.04,44.58,44.94
1680618600,44.94,45.1,44.76,44.94
1680620400,44.94,45.02,44.92,45.02
1680676200,45,45,45,45
1680678000,45,45.1,44.66,44.82
1680679800,44.8,45,44.64,44.84
1680681600,44.84,44.84,44.56,44.58
1680683400,44.58,44.82,44.54,44.78
1680685200,44.76,44.8,44.66,44.76
1680687000,44.76,44.9,44.74,44.82
1680688800,44.82,44.96,44.64,44.72
1680690600,44.72,44.78,44.64,44.72
1680692400,44.72,44.72,44.4,44.54
1680694200,44.54,44.68,44.46,44.64
1680696000,44.64,44.8,44.62,44.78
1680697800,44.78,44.84,44.5,44.54
1680699600,44.56,44.74,44.34,44.38
1680701400,44.42,44.42,44.04,44.24
1680703200,44.24,44.32,44,44.08
1680705000,44.06,44.12,43.64,43.74
1680706800,43.66,43.66,43.66,43.66
1680762600,43.72,43.72,43.72,43.72
1680764400,43.74,43.96,43.74,43.76
1680766200,43.74,43.96,43.64,43.78
1680768000,43.76,43.96,43.68,43.84
1680769800,43.84,43.88,43.72,43.82
1680771600,43.78,43.78,43.56,43.66
1680773400,43.64,43.76,43.64,43.72
1680775200,43.7,43.76,43.64,43.72
1680777000,43.72,43.78,43.68,43.78
1680778800,43.76,43.8,43.7,43.72
1680780600,43.72,43.74,43.52,43.56
1680782400,43.54,43.6,43.04,43.2
1680784200,43.18,43.38,43.14,43.28
1680786000,43.26,43.38,43.1,43.3
1680787800,43.3,43.56,43.28,43.48
1680789600,43.5,43.56,43.18,43.32
1680791400,43.34,43.5,42.9,43.16
1680793200,43.18,43.18,43.18,43.18
1680849000,43.18,43.18,43.18,43.18
1680850800,43.2,43.32,43.1,43.16
1680852600,43.16,43.2,43.02,43.06
1680854400,43.04,43.08,42.92,43.08
1680856200,43.06,43.16,43,43.02
1680858000,43.04,43.12,42.98,43.02
1680859800,43,43.06,42.98,43.02
1680861600,43.02,43.02,42.92,42.94
1680863400,42.92,42.96,42.82,42.84
1680865200,42.82,42.9,42.72,42.82
1680867000,42.82,42.88,42.76,42.88
1680868800,42.86,42.94,42.84,42.9
1680870600,42.9,43.32,42.9,43.18
1680872400,43.2,43.24,43.08,43.16
1680874200,43.16,43.2,43.04,43.14
1680876000,43.14,43.16,42.7,42.84
1680877800,42.84,42.88,42.72,42.8
1680879600,42.8,42.8,42.8,42.8
1681108200,43,43,43,43
1681110000,43,43.58,43,43.42
1681111800,43.42,43.58,43.34,43.42
1681113600,43.42,43.7,43.42,43.66
1681115400,43.68,43.92,43.64,43.78
1681117200,43.76,43.9,43.74,43.88
1681119000,43.86,44,43.78,43.96
1681120800,43.96,43.98,43.84,43.92
1681122600,43.92,44.08,43.88,43.94
1681124400,43.96,44.02,43.86,43.94
1681126200,43.94,43.94,43.84,43.9
1681128000,43.9,44,43.8,43.92
1681129800,43.94,44.04,43.84,44.04
1681131600,44.04,44.26,44.04,44.14
1681133400,44.14,44.22,44.08,44.2
1681135200,44.2,44.5,44.12,44.4
1681137000,44.4,44.46,44.22,44.4
1681138800,44.42,44.42,44.42,44.42
1681194600,44.46,44.46,44.46,44.46
1681196400,44.48,44.62,44.04,44.18
1681198200,44.16,44.26,44.12,44.2
1681200000,44.2,44.22,44.06,44.14
1681201800,44.14,44.18,44.06,44.12
1681203600,44.1,44.16,44.1,44.12
1681205400,44.1,44.12,44.02,44.06
1681207200,44.04,44.12,44,44.06
1681209000,44.08,44.12,44.06,44.08
1681210800,44.06,44.12,44.04,44.1
1681212600,44.1,44.22,44.08,44.14
1681214400,44.14,44.34,44.1,44.28
1681216200,44.28,44.3,43.88,43.9
1681218000,43.92,43.96,43.76,43.92
1681219800,43.92,44.04,43.86,43.94
1681221600,43.96,44.04,43.84,44
1681223400,44,44.24,43.96,44.04
1681225200,44.06,44.06,44.04,44.04
1681281000,44.04,44.04,44.04,44.04
1681282800,44.06,44.64,44.04,44.52
1681284600,44.52,44.9,44.4,44.86
1681286400,44.86,44.94,44.64,44.64
1681288200,44.66,44.82,44.64,44.76
1681290000,44.74,44.96,44.66,44.72
1681291800,44.7,44.74,44.64,44.68
1681293600,44.72,44.76,44.66,44.7
1681295400,44.7,44.8,44.64,44.68
1681297200,44.66,44.72,44.4,44.72
1681299000,44.72,44.72,44.58,44.64
1681300800,44.64,44.76,44.6,44.6
1681302600,44.62,44.88,44.62,44.72
1681304400,44.74,44.8,44.68,44.72
1681306200,44.74,44.8,44.48,44.6
1681308000,44.6,44.7,44.5,44.58
1681309800,44.6,44.68,44.4,44.5
1681311600,44.4,44.4,44.4,44.4
1681367400,45,45,45,45
1681369200,45.02,45.38,45,45.06
1681371000,45.06,45.14,44.74,44.96
1681372800,44.96,45.04,44.74,44.86
1681374600,44.84,44.88,44.8,44.8
1681376400,44.78,44.84,44.76,44.8
1681378200,44.8,44.86,44.78,44.8
1681380000,44.78,44.96,44.76,44.9
1681381800,44.9,44.96,44.88,44.9
1681383600,44.9,44.98,44.86,44.94
1681385400,44.92,45.04,44.78,44.84
1681387200,44.86,45.04,44.82,44.86
1681389000,44.84,45,44.82,44.9
1681390800,44.88,44.9,44.64,44.66
1681392600,44.64,44.78,44.6,44.66
1681394400,44.66,44.9,44.64,44.78
1681396200,44.8,44.8,44.52,44.66
1681398000,44.64,44.64,44.5,44.5
1681453800,44.54,44.54,44.54,44.54
1681455600,44.54,44.9,44.5,44.76
1681457400,44.76,44.86,44.74,44.8
1681459200,44.8,44.86,44.66,44.74
1681461000,44.74,44.8,44.66,44.72
1681462800,44.72,44.72,44.46,44.54
1681464600,44.54,44.6,44.46,44.58
1681466400,44.58,44.62,44.54,44.6
1681468200,44.58,44.6,44.42,44.46
1681470000,44.46,44.54,44.28,44.34
1681471800,44.32,44.34,44.2,44.24
1681473600,44.24,44.34,44.16,44.22
1681475400,44.22,44.24,44.06,44.14
1681477200,44.12,44.26,44.1,44.18
1681479000,44.16,44.4,44.1,44.26
1681480800,44.26,44.34,44.02,44.16
1681482600,44.16,44.22,43.9,43.96
1681484400,43.94,43.94,43.92,43.94
1681713000,44.06,44.06,44.06,44.06
1681714800,44.08,44.12,43.58,43.86
1681716600,43.84,43.84,43.7,43.76
1681718400,43.76,44.06,43.74,43.98
1681720200,44,44.02,43.82,43.9
1681722000,43.9,44,43.86,43.92
1681723800,43.94,44,43.86,43.9
1681725600,43.9,44.22,43.88,44.12
1681727400,44.14,44.16,44,44.16
1681729200,44.14,44.2,44.04,44.08
1681731000,44.06,44.08,43.9,43.92
1681732800,43.92,43.92,43.66,43.74
1681734600,43.74,43.76,43.4,43.48
1681736400,43.44,43.56,43.4,43.44
1681738200,43.44,43.46,43.06,43.28
1681740000,43.26,43.64,43.14,43.4
1681741800,43.38,43.6,43.26,43.42
1681743600,43.38,43.38,43.38,43.38
1681799400,43.3,43.3,43.3,43.3
1681801200,43.3,43.44,43.12,43.34
1681803000,43.32,43.5,43.26,43.38
1681804800,43.38,43.68,43.28,43.42
1681806600,43.42,43.44,43.18,43.22
1681808400,43.24,43.34,43.14,43.18
1681810200,43.16,43.18,42.82,42.9
1681812000,42.88,43.04,42.84,42.98
1681813800,42.98,43.06,42.88,42.92
1681815600,42.92,42.94,42.54,42.76
1681817400,42.76,43,42.76,42.94
1681819200,42.96,43,42.8,42.88
1681821000,42.9,42.96,42.72,42.74
1681822800,42.72,42.84,42.52,42.56
1681824600,42.54,42.68,42.54,42.56
1681826400,42.56,42.74,42.46,42.52
1681828200,42.52,42.6,42.22,42.28
1681830000,42.28,42.28,42.28,42.28
1681885800,42.34,42.34,42.34,42.34
1681887600,42.34,42.74,42.32,42.46
1681889400,42.44,42.46,42.26,42.28
1681891200,42.28,42.44,42.24,42.4
1681893000,42.4,42.4,42.16,42.18
1681894800,42.18,42.26,42.06,42.1
1681896600,42.12,42.12,41.92,42
1681898400,42,42.1,41.94,42.08
1681900200,42.1,42.18,42.04,42.12
1681902000,42.1,42.28,42.08,42.24
1681903800,42.24,42.36,42.2,42.24
1681905600,42.24,42.32,42.22,42.28
1681907400,42.28,42.4,42.26,42.32
1681909200,42.34,42.66,42.32,42.56
1681911000,42.56,42.62,42.46,42.5
1681912800,42.5,43,42.42,42.88
1681914600,42.88,42.98,42.54,42.6
1681916400,42.58,42.58,42.58,42.58
1681972200,42.42,42.42,42.42,42.42
1681974000,42.4,42.46,42.2,42.36
1681975800,42.34,42.38,42.2,42.24
1681977600,42.24,42.32,42.02,42.08
1681979400,42.1,42.16,42,42.14
1681981200,42.14,42.18,41.98,42
1681983000,42,42,42,42
1682317800,42.1,42.1,42.1,42.1
1682319600,42.12,42.5,42.02,42.44
1682321400,42.46,42.62,42.44,42.54
1682323200,42.54,42.58,42.36,42.4
1682325000,42.38,42.42,42.28,42.34
1682326800,42.32,42.36,42.28,42.32
1682328600,42.32,42.4,42.28,42.3
1682330400,42.28,42.38,42.22,42.34
1682332200,42.34,42.42,42,42.02
1682334000,42.02,42.14,42,42.14
1682335800,42.12,42.18,42.1,42.12
1682337600,42.14,42.22,41.98,42.02
1682339400,42.04,42.08,41.76,41.86
1682341200,41.86,42.12,41.84,41.9
1682343000,41.9,42.02,41.84,41.9
1682344800,41.9,42.16,41.9,41.98
1682346600,42,42.04,41.84,41.9
1682348400,41.9,41.9,41.9,41.9
1682404200,42.02,42.02,42.02,42.02
1682406000,42.02,42.2,41.8,41.82
1682407800,41.8,41.86,41.7,41.82
1682409600,41.84,41.84,41.68,41.76
1682411400,41.74,41.78,41.6,41.7
1682413200,41.68,41.78,41.64,41.7
1682415000,41.68,41.78,41.68,41.76
1682416800,41.76,41.9,41.74,41.8
1682418600,41.82,41.82,41.68,41.7
1682420400,41.68,41.74,41.62,41.68
1682422200,41.7,41.72,41.52,41.58
1682424000,41.56,41.66,41.5,41.54
1682425800,41.56,41.6,41.42,41.48
1682427600,41.46,41.48,40.98,41.14
1682429400,41.14,41.14,40.74,40.86
1682431200,40.88,40.98,40.72,40.84
1682433000,40.84,40.92,40.5,40.74
1682434800,40.74,40.76,40.74,40.76
1682490600,40.76,40.76,40.76,40.76
1682492400,40.78,41.06,40.58,40.62
1682494200,40.6,40.78,40.54,40.56
1682496000,40.56,40.58,40.2,40.32
1682497800,40.3,40.38,40.24,40.24
1682499600,40.22,40.26,40.1,40.16
1682501400,40.16,40.18,39.9,40
1682503200,40,40.2,39.96,40.08
1682505000,40.06,40.22,40.06,40.14
1682506800,40.14,40.18,39.9,39.94
1682508600,39.94,40.04,39.84,40.02
1682510400,40.02,40.04,39.74,39.74
1682512200,39.76,39.8,39.42,39.6
1682514000,39.6,39.8,39.42,39.54
1682515800,39.54,39.64,39.5,39.58
1682517600,39.58,39.58,39.16,39.2
1682519400,39.22,39.56,39.16,39.36
1682521200,39.36,39.36,39.36,39.36
1682577000,39.2,39.2,39.2,39.2
1682578800,39.2,39.66,39,39.1
1682580600,39.1,39.12,38.88,39.08
1682582400,39.1,39.2,38.82,38.86
1682584200,38.84,39.02,38.8,38.94
1682586000,38.96,39.04,38.9,38.98
1682587800,38.96,39.24,38.94,39.12
1682589600,39.1,39.28,39.1,39.14
1682591400,39.14,39.26,38.96,38.96
1682593200,38.98,39.04,38.84,38.88
1682595000,38.88,39.06,38.88,38.94
1682596800,38.96,39.08,38.9,38.96
1682598600,38.94,39,38.76,38.78
1682600400,38.78,38.84,38.62,38.7
1682602200,38.7,38.74,38.56,38.58
1682604000,38.58,39.12,38.54,39
1682605800,38.98,39.04,38.58,38.64
1682607600,38.6,38.6,38.6,38.6
1682663400,38.7,38.7,38.7,38.7
1682665200,38.68,39.08,38.62,38.72
1682667000,38.72,38.72,38.44,38.54
1682668800,38.54,38.68,38.5,38.6
1682670600,38.58,38.62,38.46,38.58
1682672400,38.58,38.6,38.38,38.52
1682674200,38.52,38.52,38.4,38.42
1682676000,38.42,38.48,38.38,38.42
1682677800,38.42,38.44,38.22,38.3
1682679600,38.3,38.32,38.2,38.22
1682681400,38.2,38.34,38.16,38.2
1682683200,38.18,38.4,38.08,38.36
1682685000,38.36,38.4,38.14,38.2
1682686800,38.2,38.26,37.96,37.98
1682688600,37.98,38,37.68,37.72
1682690400,37.74,37.86,37.22,37.3
1682692200,37.28,37.32,36.12,37.04
1682694000,37.06,37.06,36.86,36.86
1683009000,36.92,36.92,36.92,36.92
1683010800,36.94,37.78,36.92,37.6
1683012600,37.6,37.78,37.38,37.46
1683014400,37.44,37.52,37.16,37.38
1683016200,37.38,37.42,36.78,36.82
1683018000,36.8,37.42,36.78,37.2
1683019800,37.18,37.3,37.02,37.04
1683021600,37.06,37.28,37,37.28
1683023400,37.28,37.38,37.18,37.26
1683025200,37.26,37.46,37.22,37.42
1683027000,37.42,37.64,37.34,37.56
1683028800,37.54,37.62,37.26,37.36
1683030600,37.36,37.48,37.28,37.38
1683032400,37.38,37.4,37.2,37.22
1683034200,37.2,37.24,36.94,37.04
1683036000,37.04,37.04,36.58,36.68
1683037800,36.68,36.86,36.46,36.6
1683039600,36.58,36.7,36.58,36.7
1683095400,36.7,36.7,36.7,36.7
1683097200,36.72,36.92,36.02,36.14
1683099000,36.12,36.28,35.8,36.24
1683100800,36.26,36.32,35.96,36.16
1683102600,36.14,36.18,35.68,35.72
1683104400,35.72,35.74,35.28,35.58
1683106200,35.58,36.04,35.5,35.98
1683108000,35.98,36.02,35.7,35.8
1683109800,35.78,36.08,35.72,36.06
1683111600,36.06,36.52,36.04,36.42
1683113400,36.44,36.78,36.4,36.5
1683115200,36.5,36.82,36.32,36.4
1683117000,36.38,36.52,36.26,36.34
1683118800,36.32,36.34,35.9,36.06
1683120600,36.08,36.82,36.04,36.66
1683122400,36.66,37.2,36.44,36.8
1683124200,36.78,37.22,36.56,37.2
1683126000,37.2,37.36,37.2,37.36
1683181800,37.12,37.12,37.12,37.12
1683183600,37.14,38.18,37.1,38.1
1683185400,38.08,38.34,38.06,38.24
1683187200,38.26,38.32,38.06,38.18
1683189000,38.16,38.36,38.12,38.18
1683190800,38.16,38.22,38.04,38.08
1683192600,38.1,38.12,37.92,37.98
1683194400,37.96,38.16,37.94,38.1
1683196200,38.12,38.12,37.88,37.94
1683198000,37.92,37.96,37.78,37.84
1683199800,37.84,38.04,37.82,37.92
1683201600,37.9,37.98,37.78,37.98
1683203400,37.96,38.12,37.84,38.06
1683205200,38.06,38.08,37.86,37.88
1683207000,37.9,38.12,37.7,37.76
1683208800,37.74,37.8,37.46,37.48
1683210600,37.48,37.6,37.08,37.42
1683212400,37.42,37.42,37.32,37.32
1683268200,37.36,37.36,37.36,37.36
1683270000,37.36,37.48,37.02,37.1
1683271800,37.1,37.3,37.04,37.08
1683273600,37.06,37.08,36.74,36.86
1683275400,36.88,37.02,36.8,36.9
1683277200,36.88,36.92,36.8,36.86
1683279000,36.86,37,36.78,36.98
1683280800,36.98,37.2,36.94,37.16
1683282600,37.14,37.4,37.14,37.2
1683284400,37.22,37.4,37.08,37.1
1683286200,37.08,37.12,36.92,37.02
1683288000,37.02,37.02,36.8,36.92
1683289800,36.92,37.08,36.82,36.88
1683291600,36.86,37.04,36.8,36.94
1683293400,36.96,36.98,36.68,36.7
1683295200,36.72,36.8,36.56,36.72
1683297000,36.72,36.88,36.6,36.8
1683298800,36.8,36.84,36.8,36.84
1683527400,37.22,37.22,37.22,37.22
1683529200,37.22,37.5,37,37.3
1683531000,37.3,37.46,37.16,37.36
1683532800,37.36,37.6,37.32,37.34
1683534600,37.34,37.38,37.2,37.26
1683536400,37.24,37.34,37.2,37.24
1683538200,37.24,37.26,37.14,37.18
1683540000,37.16,37.26,37.12,37.18
1683541800,37.16,37.3,37.14,37.22
1683543600,37.2,37.28,37.18,37.22
1683545400,37.2,37.22,37.08,37.18
1683547200,37.16,37.18,37.02,37.14
1683549000,37.14,37.7,37.12,37.6
1683550800,37.58,37.84,37.52,37.82
1683552600,37.8,38.26,37.76,38.22
1683554400,38.24,38.52,38.08,38.16
1683556200,38.14,38.44,37.88,38.4
1683558000,38.4,38.4,38.4,38.4
1683613800,38.3,38.3,38.3,38.3
1683615600,38.3,38.78,38.1,38.3
1683617400,38.3,38.4,38.06,38.06
1683619200,38.06,38.08,37.9,38.02
1683621000,38,38.18,37.9,38.16
1683622800,38.14,39.1,38.14,38.86
1683624600,38.86,38.96,38.66,38.84
1683626400,38.84,38.92,38.6,38.78
1683628200,38.78,38.8,38.62,38.68
1683630000,38.68,38.78,38.54,38.76
1683631800,38.74,38.76,38.38,38.38
1683633600,38.38,38.38,37.92,38
1683635400,38,38.1,37.78,38.1
1683637200,38.06,38.14,37.8,37.84
1683639000,37.86,38.02,37.58,38.02
1683640800,38.02,38.06,37.62,37.82
1683642600,37.82,37.9,37.46,37.54
1683644400,37.5,37.5,37.5,37.5
1683700200,37.68,37.68,37.68,37.68
1683702000,37.68,37.72,37.3,37.32
1683703800,37.3,37.34,37.1,37.22
1683705600,37.22,37.32,37.1,37.24
1683707400,37.22,37.32,37.16,37.22
1683709200,37.22,37.22,37.04,37.12
1683711000,37.1,37.18,37.04,37.08
1683712800,37.06,37.14,37,37.12
1683714600,37.12,37.14,37.02,37.06
1683716400,37.06,37.44,36.98,37.4
1683718200,37.4,37.56,37.3,37.42
1683720000,37.4,37.5,37.12,37.42
1683721800,37.42,37.64,37.42,37.52
1683723600,37.52,37.58,37.3,37.36
1683725400,37.36,37.36,37.04,37.06
1683727200,37.06,37.12,36.92,37.08
1683729000,37.08,37.14,36.74,36.78
1683730800,36.74,36.74,36.74,36.74
1683786600,36.56,36.56,36.56,36.56
1683788400,36.56,37.56,36.54,37.46
1683790200,37.46,38.04,37.46,37.98
1683792000,37.98,38.42,37.9,38.3
1683793800,38.3,38.64,38.12,38.64
1683795600,38.64,38.72,38.4,38.62
1683797400,38.62,38.8,38.12,38.2
1683799200,38.18,38.22,38.02,38.2
1683801000,38.2,38.24,38,38.1
1683802800,38.1,40.1,37.8,39.68
1683804600,39.66,39.9,39.36,39.6
1683806400,39.6,40.06,39.56,39.82
1683808200,39.84,40.34,39.78,40.32
1683810000,40.32,40.36,40.18,40.34
1683811800,40.32,40.34,39.8,40.04
1683813600,40.02,40.38,40,40.38
1683815400,40.38,40.4,40.28,40.38
1683817200,40.38,40.4,40.38,40.4
1683873000,40.6,40.6,40.6,40.6
1683874800,40.62,41.48,39.94,40.04
1683876600,40.02,40.12,39.76,39.84
1683878400,39.84,40.16,39.58,40.08
1683880200,40.06,40.28,39.64,39.72
1683882000,39.7,39.76,39.36,39.66
1683883800,39.64,39.94,39.56,39.82
1683885600,39.8,40.12,39.76,39.98
1683887400,39.98,40.02,39.84,39.98
1683889200,40,40.06,39.82,39.88
1683891000,39.88,39.9,39.68,39.86
1683892800,39.86,40.18,39.84,40.08
1683894600,40.08,40.24,39.94,40.1
1683896400,40.08,40.5,40.08,40.48
1683898200,40.5,40.5,39.4,39.54
1683900000,39.54,40,39.5,39.74
1683901800,39.76,40.2,39.72,40.02
1683903600,40.02,40.02,39.86,39.86
1684132200,36.7,36.7,36.7,36.7
1684134000,36.8,36.8,36.8,36.8
1684135800,36.82,38.78,36.8,38.72
1684137600,38.72,39.14,38.36,38.54
1684139400,38.56,38.56,38.28,38.52
1684141200,38.5,38.62,38.26,38.3
1684143000,38.28,38.3,37.98,38.18
1684144800,38.16,38.3,38.14,38.22
1684146600,38.22,38.36,38.16,38.18
1684148400,38.16,38.24,38.08,38.16
1684150200,38.16,38.16,38.06,38.12
1684152000,38.12,38.12,37.86,38
1684153800,38,38.02,37.74,37.8
1684155600,37.78,37.86,37.76,37.78
1684157400,37.78,37.8,37.42,37.44
1684159200,37.44,37.44,36.78,36.82
1684161000,36.82,36.82,36.26,36.54
1684162800,36.6,36.6,36.6,36.6
1684218600,36.7,36.7,36.7,36.7
1684220400,36.74,37.7,36.74,37.26
1684222200,37.26,37.68,37.2,37.36
1684224000,37.36,37.76,37.24,37.28
1684225800,37.26,37.5,37.22,37.48
1684227600,37.46,37.52,37.1,37.24
1684229400,37.24,37.24,36.96,37.18
1684231200,37.18,37.24,37.04,37.2
1684233000,37.18,37.44,37.12,37.3
1684234800,37.3,37.82,37.3,37.8
1684236600,37.8,37.96,37.58,37.74
1684238400,37.76,37.96,37.58,37.64
1684240200,37.64,37.8,37.4,37.56
1684242000,37.56,37.66,37.32,37.44
1684243800,37.42,37.84,37.12,37.64
1684245600,37.66,38.04,37.66,37.76
1684247400,37.74,37.92,37.56,37.92
1684249200,37.9,38.1,37.9,38.1
1684305000,38.22,38.22,38.22,38.22
1684306800,38.2,38.56,37.94,38.38
1684308600,38.38,38.76,38.34,38.7
1684310400,38.7,38.86,38.68,38.68
1684312200,38.7,38.9,38.66,38.7
1684314000,38.68,38.84,38.68,38.84
1684315800,38.82,38.92,38.58,38.72
1684317600,38.72,38.98,38.68,38.92
1684319400,38.92,38.98,38.64,38.66
1684321200,38.64,38.7,38.4,38.64
1684323000,38.64,38.64,38.4,38.42
1684324800,38.4,38.68,38.36,38.64
1684326600,38.62,38.78,38.5,38.68
1684328400,38.68,38.8,38.6,38.62
1684330200,38.62,38.62,38.28,38.34
1684332000,38.36,38.62,38.28,38.58
1684333800,38.58,38.9,38.44,38.8
1684335600,38.8,38.92,38.8,38.92
1684391400,38.9,38.9,38.9,38.9
1684393200,38.9,39.18,38.58,39.16
1684395000,39.2,39.32,39.04,39.06
1684396800,39.06,39.08,38.46,38.64
1684398600,38.64,38.7,38.52,38.68
1684400400,38.68,38.74,38.58,38.62
1684402200,38.6,38.68,38.52,38.56
1684404000,38.56,38.56,38.38,38.38
1684405800,38.42,38.42,38.24,38.28
1684407600,38.26,38.28,37.84,37.86
1684409400,37.86,37.98,37.76,37.88
1684411200,37.86,37.88,37.56,37.78
1684413000,37.78,37.9,37.6,37.72
1684414800,37.72,37.84,37.56,37.8
1684416600,37.78,37.88,37.58,37.76
1684418400,37.74,38,37.64,37.7
1684420200,37.7,37.84,37.28,37.42
1684422000,37.38,37.38,37.38,37.38
1684737000,37.58,37.58,37.58,37.58
1684738800,37.6,37.82,37,37.06
1684740600,37.06,37.3,36.82,36.94
1684742400,36.92,37,36.76,36.98
1684744200,36.96,37.24,36.96,37.02
1684746000,37.02,37.2,36.94,37.1
1684747800,37.08,37.14,36.92,37.1
1684749600,37.12,37.16,36.96,37.02
1684751400,37,37.02,36.82,36.88
1684753200,36.88,36.98,36.86,36.98
1684755000,36.96,36.98,36.82,36.84
1684756800,36.84,37.1,36.82,37.02
1684758600,37.02,37.08,36.84,36.98
1684760400,36.98,37.08,36.86,36.96
1684762200,36.96,37.02,36.88,36.9
1684764000,36.9,37.46,36.68,36.8
1684765800,36.82,36.98,36.4,36.9
1684767600,36.8,36.8,36.8,36.8
1684823400,36.8,36.8,36.8,36.8
1684825200,36.8,36.94,36.56,36.66
1684827000,36.66,36.96,36.62,36.68
1684828800,36.7,36.78,36.6,36.6
1684830600,36.6,36.68,36.6,36.62
1684832400,36.6,36.7,36.58,36.62
1684834200,36.62,36.68,36.48,36.52
1684836000,36.52,36.52,36.34,36.4
1684837800,36.4,36.48,36.34,36.42
1684839600,36.44,36.48,36.38,36.44
1684841400,36.44,36.64,36.42,36.48
1684843200,36.5,36.58,36.42,36.54
1684845000,36.54,36.68,36.52,36.64
1684846800,36.64,36.68,36.48,36.5
1684848600,36.5,36.54,36.36,36.44
1684850400,36.46,36.54,36.42,36.5
1684852200,36.5,36.62,36.3,36.38
1684854000,36.38,36.38,36.36,36.36
1684909800,36.36,36.36,36.36,36.36
1684911600,36.38,36.64,36.36,36.54
1684913400,36.52,36.78,36.48,36.7
1684915200,36.72,36.84,36.6,36.64
1684917000,36.62,36.7,36.44,36.5
1684918800,36.48,36.58,36.32,36.36
1684920600,36.36,36.44,36.3,36.36
1684922400,36.34,36.36,36.12,36.22
1684924200,36.2,36.24,36.14,36.16
1684926000,36.16,36.2,35.98,36.06
1684927800,36.06,36.06,35.92,36.04
1684929600,36.02,36.06,35.88,35.9
1684931400,35.88,35.96,35.76,35.82
1684933200,35.82,36,35.8,35.92
1684935000,35.92,35.94,35.76,35.86
1684936800,35.86,35.9,35.66,35.7
1684938600,35.7,35.86,35.52,35.62
1684940400,35.62,35.62,35.62,35.62
1684996200,35.76,35.76,35.76,35.76
1684998000,35.78,36.02,35.6,35.6
1684999800,35.58,35.66,35.52,35.64
1685001600,35.64,35.64,35.52,35.6
1685003400,35.58,35.68,35.58,35.6
1685005200,35.6,35.82,35.58,35.8
1685007000,35.8,36.04,35.78,35.84
1685008800,35.84,35.86,35.78,35.8
1685010600,35.8,35.86,35.76,35.82
1685012400,35.82,35.82,35.64,35.72
1685014200,35.72,35.76,35.54,35.6
1685016000,35.58,35.66,35.5,35.66
1685017800,35.66,35.74,35.6,35.68
1685019600,35.68,35.72,35.5,35.56
1685021400,35.54,35.56,35.32,35.42
1685023200,35.4,35.44,35.3,35.4
1685025000,35.4,35.6,35.36,35.58
1685026800,35.56,35.58,35.56,35.58
1685082600,35.66,35.66,35.66,35.66
1685084400,35.66,35.78,35.52,35.74
1685086200,35.76,36.04,35.7,35.8
1685088000,35.8,35.94,35.72,35.74
1685089800,35.72,36,35.7,35.98
1685091600,36,36.12,35.92,36.1
1685093400,36.1,36.18,36.04,36.12
1685095200,36.14,36.14,35.9,36.06
1685097000,36.04,36.16,36.02,36.06
1685098800,36.06,36.16,35.98,36.14
1685100600,36.14,36.42,36.12,36.34
1685102400,36.36,36.52,36.34,36.42
1685104200,36.42,36.46,36.26,36.42
1685106000,36.42,37.1,36.4,36.9
1685107800,36.9,37.76,36.88,37.64
1685109600,37.64,37.8,37.56,37.68
1685111400,37.68,37.84,37.46,37.48
1685113200,37.5,37.5,37.4,37.4
1685341800,38.08,38.08,38.08,38.08
1685343600,38.1,38.68,37.8,38.56
1685345400,38.58,39.18,38.54,39.12
1685347200,39.1,40,39.1,39.88
1685349000,39.88,40,39.7,39.94
1685350800,39.94,40.02,39.84,39.96
1685352600,39.96,40.14,39.92,40.12
1685354400,40.12,40.12,39.72,39.82
1685356200,39.82,39.84,39.42,39.54
1685358000,39.52,39.72,39.38,39.72
1685359800,39.72,39.76,39.54,39.66
1685361600,39.66,39.86,39.58,39.6
1685363400,39.6,39.64,39.38,39.56
1685365200,39.58,39.78,39.52,39.7
1685367000,39.7,39.84,39.64,39.68
1685368800,39.68,39.78,39.58,39.7
1685370600,39.72,39.78,39.34,39.74
1685372400,39.76,39.8,39.76,39.8
1685428200,40.46,40.46,40.46,40.46
1685430000,40.48,41.6,40.32,41.38
1685431800,41.4,41.76,41.2,41.22
1685433600,41.22,41.46,41.06,41.2
1685435400,41.2,41.26,41,41.06
1685437200,41.02,41.22,40.92,41.16
1685439000,41.18,41.36,41.12,41.32
1685440800,41.3,41.36,41.22,41.24
1685442600,41.24,41.32,41.2,41.22
1685444400,41.22,41.36,41.18,41.24
1685446200,41.26,41.42,41.22,41.32
1685448000,41.34,41.4,41.16,41.28
1685449800,41.26,41.68,41.18,41.52
1685451600,41.54,41.62,41.32,41.5
1685453400,41.52,41.62,41.44,41.54
1685455200,41.54,42,41.48,41.84
1685457000,41.84,42.06,41.8,41.96
1685458800,41.98,42.14,41.98,42.14
1685514600,42.1,42.1,42.1,42.1
1685516400,42.08,42.12,40.94,41.26
1685518200,41.26,41.58,41.18,41.48
1685520000,41.48,41.76,41.44,41.54
1685521800,41.54,41.54,41.26,41.48
1685523600,41.46,41.7,41.42,41.6
1685525400,41.6,41.7,41.5,41.58
1685527200,41.58,41.74,41.5,41.54
1685529000,41.52,41.64,41.48,41.54
1685530800,41.56,41.6,41.3,41.34
1685532600,41.34,41.5,41.3,41.4
1685534400,41.4,41.4,41.26,41.36
1685536200,41.36,41.56,41.32,41.5
1685538000,41.5,41.78,41.44,41.6
1685539800,41.6,41.6,40.7,40.72
1685541600,40.72,40.74,40.34,40.48
1685543400,40.46,40.7,40.3,40.46
1685545200,40.36,40.36,40.36,40.36
1685601000,41,41,41,41
1685602800,41,41.72,41,41.64
1685604600,41.66,41.82,41.4,41.68
1685606400,41.68,41.7,41.42,41.52
1685608200,41.5,41.74,41.46,41.6
1685610000,41.6,41.62,41.2,41.22
1685611800,41.22,41.44,41.1,41.38
1685613600,41.38,41.42,41.28,41.34
1685615400,41.34,41.36,41.2,41.26
1685617200,41.28,41.32,41.12,41.12
1685619000,41.12,41.2,40.8,40.88
1685620800,40.86,40.9,40.68,40.8
1685622600,40.8,40.9,40.66,40.86
1685624400,40.84,40.96,40.78,40.84
1685626200,40.84,40.84,40.56,40.64
1685628000,40.64,40.74,40.56,40.68
1685629800,40.68,40.92,40.62,40.92
1685631600,40.9,40.92,40.9,40.92
1685687400,42,42,42,42
1685689200,42.02,42.18,41.52,41.82
1685691000,41.82,41.98,41.76,41.92
1685692800,41.94,42,41.7,41.78
1685694600,41.78,42.02,41.76,42
1685696400,41.98,42.12,41.8,41.92
1685698200,41.92,41.94,41.72,41.74
1685700000,41.74,41.74,41.52,41.56
1685701800,41.58,41.62,41.5,41.6
1685703600,41.6,41.64,41.54,41.56
1685705400,41.56,41.56,41.38,41.5
1685707200,41.5,41.6,41.42,41.56
1685709000,41.58,41.62,41.44,41.46
1685710800,41.46,41.54,41.2,41.24
1685712600,41.22,41.4,41.08,41.32
1685714400,41.3,41.58,41.26,41.56
1685716200,41.56,41.7,41.5,41.7
1685718000,41.7,41.7,41.68,41.68
1685946600,42.4,42.4,42.4,42.4
1685948400,42.4,42.52,42.04,42.1
1685950200,42.1,42.28,41.96,42.08
1685952000,42.08,42.28,42.06,42.18
1685953800,42.16,42.28,42.1,42.24
1685955600,42.22,42.4,42.18,42.24
1685957400,42.26,42.34,42.18,42.2
1685959200,42.2,42.28,42.18,42.28
1685961000,42.26,42.38,42.22,42.38
1685962800,42.36,42.8,42.3,42.76
1685964600,42.76,43.08,42.74,42.94
1685966400,42.92,43.22,42.86,43.18
1685968200,43.16,43.2,42.8,42.84
1685970000,42.84,42.98,42.78,42.84
1685971800,42.84,43.08,42.74,43.08
1685973600,43.06,43.18,42.92,42.96
1685975400,42.96,43.34,42.9,43.32
1685977200,43.32,43.42,43.32,43.42
1686033000,43.38,43.38,43.38,43.38
1686034800,43.36,43.36,42.74,43.24
1686036600,43.24,43.54,43.08,43.24
1686038400,43.24,43.36,43.14,43.34
1686040200,43.32,43.62,43.28,43.46
1686042000,43.46,43.48,43.16,43.24
1686043800,43.26,43.3,42.92,42.94
1686045600,42.94,43.04,42.68,42.86
1686047400,42.86,42.96,42.6,42.62
1686049200,42.6,42.8,42.46,42.7
1686051000,42.7,42.94,42.68,42.9
1686052800,42.9,43.24,42.88,43.18
1686054600,43.18,43.28,42.92,42.96
1686056400,42.94,43.02,42.88,42.96
1686058200,42.98,42.98,42.82,42.86
1686060000,42.86,42.98,42.84,42.94
1686061800,42.92,43,42.84,42.88
1686063600,42.88,42.88,42.88,42.88
1686119400,45.08,45.08,45.08,45.08
1686121200,45.1,46.06,44.9,45.52
1686123000,45.5,45.8,45.24,45.46
1686124800,45.48,45.62,45.38,45.52
1686126600,45.52,45.88,45.42,45.56
1686128400,45.56,45.62,45.26,45.28
1686130200,45.26,45.34,45.16,45.3
1686132000,45.32,45.48,45.24,45.42
1686133800,45.42,45.44,45.24,45.28
1686135600,45.3,45.32,44.84,44.9
1686137400,44.9,45.26,44.84,45.22
1686139200,45.22,45.28,45.02,45.1
1686141000,45.12,45.2,45.04,45.16
1686142800,45.16,45.68,45.1,45.48
1686144600,45.48,45.62,45.38,45.48
1686146400,45.48,45.96,45.46,45.84
1686148200,45.82,45.86,45.44,45.82
1686150000,45.8,45.8,45.74,45.74
1686205800,45.3,45.3,45.3,45.3
1686207600,45.3,45.5,44.9,45.02
1686209400,45.02,45.12,44.96,45.02
1686211200,45,45.1,44.9,45.06
1686213000,45.08,45.14,45.02,45.06
1686214800,45.06,45.14,45.04,45.1
1686216600,45.1,45.18,45,45.08
1686218400,45.08,45.18,45.08,45.12
1686220200,45.12,45.16,45.02,45.06
1686222000,45.04,45.06,44.96,45.04
1686223800,45.06,45.06,44.7,44.72
1686225600,44.72,44.76,44.4,44.54
1686227400,44.54,44.68,44.32,44.4
1686229200,44.38,44.54,44.34,44.38
1686231000,44.4,44.64,44.34,44.6
1686232800,44.58,44.74,44.44,44.6
1686234600,44.6,44.88,44.3,44.86
1686236400,45,45,45,45
1686292200,45.34,45.34,45.34,45.34
1686294000,45.36,45.5,44.7,44.72
1686295800,44.72,44.92,44.68,44.84
1686297600,44.84,44.9,44.8,44.88
1686299400,44.88,44.9,44.7,44.76
1686301200,44.76,45.06,44.74,44.9
1686303000,44.92,44.94,44.66,44.7
1686304800,44.7,44.74,44.62,44.7
1686306600,44.72,44.76,44.56,44.58
1686308400,44.58,44.6,44.44,44.54
1686310200,44.54,44.78,44.52,44.66
1686312000,44.66,44.84,44.56,44.64
1686313800,44.64,44.78,44.64,44.7
1686315600,44.7,44.92,44.7,44.9
1686317400,44.9,45,44.76,44.96
1686319200,44.98,45.18,44.86,45.1
1686321000,45.12,45.14,44.92,44.98
1686322800,44.92,44.92,44.92,44.92
1686551400,45.18,45.18,45.18,45.18
1686553200,45.16,45.22,44.94,45.12
1686555000,45.12,45.64,45.06,45.48
1686556800,45.5,45.52,45.2,45.34
1686558600,45.34,45.46,45.28,45.4
1686560400,45.4,45.44,45.34,45.38
1686562200,45.36,45.42,45.26,45.36
1686564000,45.34,45.44,45.3,45.36
1686565800,45.36,45.36,45.1,45.18
1686567600,45.18,45.26,45.14,45.16
1686569400,45.16,45.16,44.88,44.92
1686571200,44.92,45.06,44.82,45
1686573000,44.98,45,44.64,44.8
1686574800,44.8,44.9,44.64,44.78
1686576600,44.78,44.96,44.7,44.78
1686578400,44.78,44.8,44.6,44.64
1686580200,44.66,44.82,44.38,44.46
1686582000,44.34,44.34,44.34,44.34
1686637800,44.42,44.42,44.42,44.42
1686639600,44.44,44.54,43.78,43.96
1686641400,43.96,44.1,43.64,43.66
1686643200,43.68,43.72,43.36,43.48
1686645000,43.46,43.64,43.42,43.62
1686646800,43.62,43.64,43.5,43.52
1686648600,43.54,43.58,43.42,43.46
1686650400,43.46,43.48,43.32,43.36
1686652200,43.34,43.42,43.24,43.38
1686654000,43.36,43.52,43.3,43.46
1686655800,43.46,43.64,43.4,43.58
1686657600,43.6,43.64,43.34,43.4
1686659400,43.4,43.5,43.28,43.46
1686661200,43.44,43.62,43.4,43.44
1686663000,43.44,43.44,43.06,43.1
1686664800,43.1,43.16,42.56,42.58
1686666600,42.6,43.26,42.5,42.96
1686668400,42.98,42.98,42.82,42.82
1686724200,42.84,42.84,42.84,42.84
1686726000,42.86,43.5,42.56,43.22
1686727800,43.24,43.44,43.1,43.38
1686729600,43.4,43.42,43.14,43.16
1686731400,43.14,43.24,42.94,43.08
1686733200,43.08,43.12,42.58,42.82
1686735000,42.84,42.92,42.7,42.82
1686736800,42.82,43.22,42.7,43.12
1686738600,43.1,43.26,43.1,43.2
1686740400,43.22,43.28,42.78,42.8
1686742200,42.8,42.98,42.78,42.9
1686744000,42.9,43.04,42.8,42.82
1686745800,42.8,42.9,42.26,42.3
1686747600,42.32,42.36,41.7,41.94
1686749400,41.94,42.34,41.88,42.06
1686751200,42.06,42.5,42,42.18
1686753000,42.16,42.32,41.74,41.78
1686754800,41.6,41.6,41.6,41.6
1686810600,41.76,41.76,41.76,41.76
1686812400,41.8,42.28,41.74,41.74
1686814200,41.76,42.02,41.68,41.98
1686816000,42,42.12,41.98,42.06
1686817800,42.06,42.08,41.96,41.98
1686819600,41.96,42.1,41.9,41.96
1686821400,41.96,41.98,41.82,41.84
1686823200,41.84,41.94,41.82,41.84
1686825000,41.84,41.84,41.68,41.76
1686826800,41.76,42.1,41.74,41.96
1686828600,41.96,42.02,41.74,41.8
1686830400,41.78,41.8,41.36,41.44
1686832200,41.44,41.68,41.42,41.52
1686834000,41.54,41.54,41.4,41.52
1686835800,41.5,41.66,41.48,41.64
1686837600,41.66,42.04,41.54,41.98
1686839400,41.98,42.24,41.9,42.22
1686841200,42.2,42.26,42.2,42.26
1686897000,42.4,42.4,42.4,42.4
1686898800,42.4,42.94,42.32,42.86
1686900600,42.86,43.14,42.82,42.96
1686902400,42.98,43.06,42.68,42.7
1686904200,42.7,42.8,42.64,42.72
1686906000,42.7,42.74,42.5,42.52
1686907800,42.5,42.56,42.38,42.5
1686909600,42.5,42.88,42.4,42.68
1686911400,42.68,42.8,42.6,42.76
1686913200,42.76,42.92,42.74,42.88
1686915000,42.9,42.96,42.58,42.66
1686916800,42.66,42.78,42.46,42.76
1686918600,42.78,42.86,42.64,42.8
1686920400,42.78,42.96,42.72,42.78
1686922200,42.78,42.8,42.58,42.58
1686924000,42.6,42.7,42.22,42.36
1686925800,42.38,42.62,42.26,42.32
1686927600,42.34,42.34,42.24,42.24
1687156200,42.2,42.2,42.2,42.2
1687158000,42.18,42.22,41.8,41.86
1687159800,41.84,41.86,41.6,41.66
1687161600,41.66,41.68,41.26,41.5
1687163400,41.5,41.74,41.42,41.72
1687165200,41.72,41.78,41.56,41.64
1687167000,41.62,41.82,41.54,41.64
1687168800,41.64,41.64,41.38,41.48
1687170600,41.48,41.52,41.36,41.4
1687172400,41.4,41.4,41.1,41.12
1687174200,41.12,41.3,41.08,41.22
1687176000,41.22,41.28,41.06,41.1
1687177800,41.12,41.18,40.96,41
1687179600,41,41.14,40.98,41.02
1687181400,41.02,41.16,40.86,41.1
1687183200,41.1,41.14,40.66,40.7
1687185000,40.7,40.78,40.18,40.42
1687186800,40.44,40.44,40.44,40.44
1687242600,40.26,40.26,40.26,40.26
1687244400,40.28,40.5,39.86,40.26
1687246200,40.24,40.46,40.1,40.26
1687248000,40.24,40.44,40,40.16
1687249800,40.14,40.18,40.02,40.14
1687251600,40.16,40.38,40.14,40.22
1687253400,40.22,40.52,40.12,40.44
1687255200,40.44,40.8,40.38,40.46
1687257000,40.46,40.48,40.24,40.36
1687258800,40.36,40.48,40.34,40.42
1687260600,40.42,40.44,40.08,40.2
1687262400,40.2,40.38,40.14,40.28
1687264200,40.28,40.28,40.02,40.06
1687266000,40.06,40.12,39.86,40.02
1687267800,40,40.32,39.92,40.16
1687269600,40.14,40.18,39.86,39.96
1687271400,39.96,40.18,39.78,40.02
1687273200,40.12,40.12,40.12,40.12
1687329000,40.22,40.22,40.22,40.22
1687330800,40.24,40.52,40.24,40.42
1687332600,40.4,40.78,40.38,40.66
1687334400,40.64,41.08,40.64,40.88
1687336200,40.88,40.98,40.62,40.76
1687338000,40.74,40.86,40.62,40.7
1687339800,40.7,40.78,40.58,40.68
1687341600,40.68,40.7,40.56,40.66
1687343400,40.68,40.74,40.52,40.56
1687345200,40.54,40.66,40.3,40.6
1687347000,40.6,40.68,40.46,40.62
1687348800,40.62,40.8,40.52,40.54
1687350600,40.54,40.56,40.24,40.32
1687352400,40.32,40.36,39.96,40.12
1687354200,40.12,40.2,39.94,39.98
1687356000,39.96,40.04,39.74,39.86
1687357800,39.86,39.96,39.6,39.76
1687359600,39.64,39.64,39.64,39.64
1687415400,39.8,39.8,39.8,39.8
1687417200,39.82,40.04,39.56,39.6
1687419000,39.6,39.62,39.26,39.5
1687420800,39.52,39.96,39.48,39.92
1687422600,39.92,40.08,39.8,39.96
1687424400,39.96,40.06,39.8,39.88
1687426200,39.86,40.08,39.84,40.04
1687428000,40.04,40.36,40.04,40.16
1687429800,40.18,40.24,40.08,40.2
1687431600,40.18,41.24,39.86,40.98
1687433400,40.96,41.34,40.78,41.28
1687435200,41.28,41.72,41.24,41.66
1687437000,41.66,42.18,41.66,41.98
1687438800,42,42.44,41.98,42.26
1687440600,42.28,42.4,41.94,42.32
1687442400,42.32,42.76,42.24,42.7
1687444200,42.72,43.2,42.66,43.2
1687446000,43.18,43.18,43.18,43.18
1687501800,43.54,43.54,43.54,43.54
1687503600,43.56,44.64,43.54,44.12
1687505400,44.12,44.32,44,44.06
1687507200,44.08,44.18,43.9,44.14
1687509000,44.14,44.2,44,44.04
1687510800,44.04,44.04,43.8,43.92
1687512600,43.92,44.06,43.82,44.06
1687514400,44.06,44.26,44,44.12
1687516200,44.1,44.12,43.86,43.9
1687518000,43.88,44,43.82,43.94
1687519800,43.94,43.98,43.72,43.76
1687521600,43.76,43.76,43.5,43.6
1687523400,43.6,43.62,43.26,43.4
1687525200,43.38,43.52,43.34,43.5
1687527000,43.48,43.8,43.4,43.8
1687528800,43.8,44,43.62,44
1687530600,44,44.18,43.8,43.96
1687532400,43.96,43.96,43.94,43.94
1687761000,44.1,44.1,44.1,44.1
1687762800,44.1,44.38,43.96,44.36
1687764600,44.34,44.58,44.24,44.38
1687766400,44.38,44.48,44.3,44.42
1687768200,44.4,44.76,44.36,44.66
1687770000,44.66,44.84,44.58,44.64
1687771800,44.64,44.76,44.6,44.72
1687773600,44.72,44.76,44.48,44.6
1687775400,44.58,44.66,44.56,44.64
1687777200,44.62,44.7,44.6,44.6
1687779000,44.62,44.68,44.54,44.64
1687780800,44.64,44.72,44.56,44.6
1687782600,44.6,44.78,44.58,44.7
1687784400,44.7,44.82,44.66,44.7
1687786200,44.7,44.76,44.58,44.68
1687788000,44.68,44.78,44.6,44.7
1687789800,44.7,44.74,44.54,44.58
1687791600,44.58,44.6,44.58,44.6
1687847400,44.58,44.58,44.58,44.58
1687849200,44.56,44.56,44.06,44.3
1687851000,44.32,44.64,44.28,44.44
1687852800,44.46,44.72,44.4,44.62
1687854600,44.6,44.62,44.44,44.58
1687856400,44.6,44.66,44.44,44.54
1687858200,44.46,44.46,44.46,44.46
1688365800,45.24,45.24,45.24,45.24
1688367600,45.26,46.08,45.26,45.9
1688369400,45.9,46,45.72,45.94
1688371200,45.96,46,45.78,45.88
1688373000,45.88,45.9,45.64,45.86
1688374800,45.86,46.06,45.8,45.88
1688376600,45.86,45.96,45.8,45.94
1688378400,45.92,45.96,45.84,45.92
1688380200,45.92,45.96,45.86,45.94
1688382000,45.96,45.96,45.66,45.72
1688383800,45.7,45.84,45.62,45.82
1688385600,45.8,45.9,45.74,45.8
1688387400,45.8,45.84,45.66,45.74
1688389200,45.76,45.88,45.74,45.88
1688391000,45.88,46.02,45.82,45.92
1688392800,45.9,46.4,45.9,46.28
1688394600,46.26,46.42,46.2,46.32
1688396400,46.32,46.32,46.3,46.3
1688452200,46.32,46.32,46.32,46.32
1688454000,46.34,46.7,45.62,45.74
1688455800,45.72,45.84,45.44,45.82
1688457600,45.8,45.96,45.74,45.86
1688459400,45.86,46.02,45.8,45.9
1688461200,45.92,45.94,45.78,45.84
1688463000,45.82,45.92,45.78,45.88
1688464800,45.88,45.98,45.86,45.94
1688466600,45.94,46.04,45.9,45.96
1688468400,45.98,46.24,45.96,46.16
1688470200,46.16,46.16,46.02,46.06
1688472000,46.06,46.14,46.02,46.06
1688473800,46.06,46.1,45.8,45.88
1688475600,45.9,45.94,45.58,45.76
1688477400,45.76,45.9,45.6,45.66
1688479200,45.66,45.76,45.56,45.66
1688481000,45.64,45.78,45.52,45.58
1688482800,45.58,45.58,45.5,45.5
1688538600,45.56,45.56,45.56,45.56
1688540400,45.56,45.7,45.34,45.54
1688542200,45.52,45.62,45,45.2
1688544000,45.22,45.26,45.06,45.22
1688545800,45.2,45.28,45.12,45.18
1688547600,45.18,45.2,44.9,44.92
1688549400,44.9,44.94,44.7,44.88
1688551200,44.88,44.94,44.54,44.56
1688553000,44.54,44.76,44.42,44.68
1688554800,44.7,44.82,44.66,44.7
1688556600,44.7,45,44.68,44.96
1688558400,44.96,45.26,44.9,45.18
1688560200,45.2,45.38,45.12,45.26
1688562000,45.24,45.84,45.24,45.84
1688563800,45.84,46.08,45.78,45.96
1688565600,45.96,46.28,45.74,46.08
1688567400,46.1,46.14,45.96,46.08
1688569200,46.02,46.18,46.02,46.18
1688625000,46.36,46.36,46.36,46.36
1688626800,46.38,47.18,46.36,47.08
1688628600,47.08,47.54,47.06,47.36
1688630400,47.36,47.4,47.18,47.22
1688632200,47.24,47.26,46.86,46.98
1688634000,46.98,47.2,46.88,47.08
1688635800,47.06,47.12,46.8,46.96
1688637600,46.94,47.08,46.86,47
1688639400,47,47.08,46.88,46.96
1688641200,46.96,47.3,46.92,47.06
1688643000,47.06,47.2,46.84,46.86
1688644800,46.86,47.04,46.76,47.02
1688646600,47,47.02,46.78,46.82
1688648400,46.82,46.82,46.44,46.72
1688650200,46.74,47,46.68,47
1688652000,47,47.02,46.76,46.76
1688653800,46.76,46.92,46.62,46.8
1688655600,46.7,46.7,46.7,46.7
1688711400,46.62,46.62,46.62,46.62
1688713200,46.62,47.2,46.34,46.94
1688715000,46.94,47.2,46.92,47.14
1688716800,47.14,47.4,47.1,47.22
1688718600,47.2,47.22,46.72,46.94
1688720400,46.98,47,46.86,46.9
1688722200,46.92,46.92,46.7,46.76
1688724000,46.78,46.82,46.56,46.78
1688725800,46.78,46.86,46.66,46.82
1688727600,46.84,46.86,46.68,46.72
1688729400,46.74,46.74,46.52,46.54
1688731200,46.54,46.62,46.48,46.58
1688733000,46.58,46.94,46.58,46.86
1688734800,46.88,46.9,46.7,46.76
1688736600,46.78,46.82,46.66,46.74
1688738400,46.74,46.78,46.34,46.66
1688740200,46.66,46.8,46.52,46.68
1688742000,46.56,46.56,46.56,46.56
1688970600,47.1,47.1,47.1,47.1
1688972400,47.12,47.36,46.98,47.14
1688974200,47.14,47.18,46.84,46.9
1688976000,46.9,46.96,46.8,46.88
1688977800,46.9,47.1,46.86,47
1688979600,47,47.04,46.94,46.98
1688981400,46.98,47.04,46.92,46.94
1688983200,46.94,46.96,46.78,46.9
1688985000,46.9,46.94,46.76,46.88
1688986800,46.88,46.96,46.84,46.86
1688988600,46.88,46.88,46.78,46.82
1688990400,46.84,46.9,46.8,46.86
1688992200,46.86,46.92,46.82,46.92
1688994000,46.92,47.02,46.88,46.9
1688995800,46.9,47.06,46.9,46.98
1688997600,47,47,46.74,46.78
1688999400,46.78,46.9,46.72,46.84
1689001200,46.82,46.82,46.82,46.82
1689057000,47.48,47.48,47.48,47.48
1689058800,47.48,47.5,46.54,46.8
1689060600,46.78,47.02,46.66,46.94
1689062400,46.96,47.08,46.92,47.04
1689064200,47.02,47.12,46.9,47.02
1689066000,47,47.04,46.88,46.9
1689067800,46.92,46.94,46.82,46.9
1689069600,46.92,47.04,46.86,47
1689071400,47.02,47.08,46.9,46.96
1689073200,46.98,47.16,46.92,47.06
1689075000,47.06,47.18,47.04,47.16
1689076800,47.18,47.26,47.06,47.08
1689078600,47.06,47.26,46.98,47.2
1689080400,47.2,47.46,47.2,47.36
1689082200,47.38,47.42,47.24,47.32
1689084000,47.34,47.34,47.14,47.22
1689085800,47.22,47.44,47.18,47.32
1689087600,47.32,47.32,47.32,47.32
1689143400,47.34,47.34,47.34,47.34
1689145200,47.32,47.4,47,47.14
1689147000,47.14,47.26,47.06,47.06
1689148800,47.08,47.18,47.04,47.1
1689150600,47.1,47.12,46.74,46.78
1689152400,46.76,46.8,46.58,46.76
1689154200,46.76,46.78,46.6,46.72
1689156000,46.7,46.8,46.64,46.72
1689157800,46.7,46.86,46.7,46.84
1689159600,46.84,46.94,46.74,46.84
1689161400,46.86,47,46.8,46.94
1689163200,46.94,47.1,46.86,46.9
1689165000,46.88,47.14,46.86,46.9
1689166800,46.9,47.1,46.9,47.08
1689168600,47.08,47.22,47,47.14
1689170400,47.14,47.22,46.94,47.08
1689172200,47.06,47.1,46.76,46.76
1689174000,46.7,46.7,46.7,46.7
1689229800,46.7,46.7,46.7,46.7
1689231600,46.7,48.14,46.64,47.84
1689233400,47.86,48.06,47.76,47.86
1689235200,47.86,48.36,47.84,48.08
1689237000,48.1,48.12,47.94,48.08
1689238800,48.08,48.14,47.98,48.04
1689240600,48.02,48.14,47.94,48.02
1689242400,48.04,48.1,47.96,48.04
1689244200,48.02,48.1,47.92,48.02
1689246000,48.02,48.14,47.98,48.04
1689247800,48.04,48.1,47.94,47.98
1689249600,47.98,47.98,47.44,47.8
1689251400,47.78,47.8,47.54,47.58
1689253200,47.58,47.58,47.14,47.34
1689255000,47.36,47.78,47.32,47.7
1689256800,47.7,47.88,47.46,47.76
1689258600,47.76,48.08,47.58,47.84
1689260400,47.82,47.9,47.8,47.9
1689316200,48.12,48.12,48.12,48.12
1689318000,48.14,48.22,47.62,48
1689319800,48,48.48,48,48.28
1689321600,48.28,48.42,48.2,48.3
1689323400,48.3,48.38,48.06,48.08
1689325200,48.1,48.18,48.02,48.12
1689327000,48.1,48.12,47.9,47.98
1689328800,47.98,48.08,47.92,48.04
1689330600,48.04,48.2,48.02,48.14
1689332400,48.12,48.24,48.06,48.06
1689334200,48.06,48.24,48.04,48.12
1689336000,48.12,48.86,48.12,48.8
1689337800,48.8,49.4,48.78,48.86
1689339600,48.88,48.92,48.66,48.66
1689341400,48.68,48.78,48.56,48.76
1689343200,48.76,48.92,48.62,48.72
1689345000,48.7,49.14,48.6,49.1
1689346800,49.22,49.22,49.22,49.22
1689575400,49.62,49.62,49.62,49.62
1689577200,49.62,50.25,49.26,50
1689579000,50,50.1,49.72,50.05
1689580800,50.1,50.4,49.84,50.25
1689582600,50.2,50.45,49.86,49.98
1689584400,50,50,49.72,49.9
1689586200,49.9,50.4,49.88,50.35
1689588000,50.35,50.85,50.25,50.75
1689589800,50.75,51.15,50.6,50.7
1689591600,50.7,51.05,50.6,51.05
1689593400,51.05,51.1,50.8,50.85
1689595200,50.8,51.35,50.8,51.15
1689597000,51.15,51.25,50.8,50.9
1689598800,50.95,51.2,50.9,51
1689600600,51,51.65,50.75,51.55
1689602400,51.55,51.9,51.4,51.75
1689604200,51.7,52.05,51.4,51.8
1689606000,51.75,51.75,51.65,51.65
1689661800,51.75,51.75,51.75,51.75
1689663600,51.8,52.35,51.2,51.4
1689665400,51.4,51.45,50.75,51.2
1689667200,51.2,51.3,51,51.05
1689669000,51.1,51.15,50.75,50.9
1689670800,50.85,51.05,50.4,50.45
1689672600,50.5,50.75,50.3,50.7
1689674400,50.7,50.8,50.55,50.75
1689676200,50.7,50.8,50.6,50.75
1689678000,50.75,50.95,50.75,50.8
1689679800,50.75,50.95,50.7,50.85
1689681600,50.8,51.2,50.75,50.95
1689683400,50.9,51.25,50.85,50.95
1689685200,50.95,51,50.4,50.55
1689687000,50.5,50.55,49.52,49.78
1689688800,49.76,49.84,49.18,49.58
1689690600,49.58,49.7,49.18,49.18
1689692400,48.96,48.96,48.96,48.96
1689748200,48.94,48.94,48.94,48.94
1689750000,48.92,49.08,48.2,48.58
1689751800,48.56,48.9,48.48,48.66
1689753600,48.68,48.78,48.02,48.06
1689755400,48.08,48.2,47.92,48.16
1689757200,48.14,48.52,48.06,48.46
1689759000,48.46,48.52,48.24,48.36
1689760800,48.34,48.38,48.18,48.3
1689762600,48.28,48.88,48.24,48.72
1689764400,48.76,49.22,48.72,48.92
1689766200,48.92,49.26,48.92,49.06
1689768000,49.08,49.26,48.94,49.02
1689769800,49.02,49.08,48.7,48.72
1689771600,48.7,48.72,48.38,48.66
1689773400,48.64,49.08,48.64,49.08
1689775200,49.08,49.52,48.9,49.42
1689777000,49.42,49.96,49.4,49.82
1689778800,49.82,49.94,49.82,49.94
1689834600,50.2,50.2,50.2,50.2
1689836400,50.25,50.5,49.74,49.76
1689838200,49.74,50.05,49.66,49.86
1689840000,49.86,50,49.8,49.96
1689841800,49.98,50.15,49.9,50
1689843600,50.05,50.15,49.9,50.05
1689845400,50,50.1,49.8,49.82
1689847200,49.82,50.05,49.74,49.98
1689849000,49.96,50.1,49.92,50
1689850800,50.05,50.75,49.62,50.25
1689852600,50.2,50.3,49.7,49.78
1689854400,49.78,49.8,48.7,49.24
1689856200,49.24,49.8,49.22,49.72
1689858000,49.72,49.94,49.52,49.74
1689859800,49.72,50.25,49.6,50.2
1689861600,50.2,50.3,49.78,49.96
1689863400,49.96,50.15,49.84,49.96
1689865200,49.94,49.96,49.94,49.96
1689921000,49.92,49.92,49.92,49.92
1689922800,49.9,49.94,49.54,49.72
1689924600,49.74,49.8,49.48,49.5
1689926400,49.48,49.6,49.42,49.52
1689928200,49.54,49.54,49.32,49.44
1689930000,49.44,49.54,49.34,49.46
1689931800,49.46,49.56,49.36,49.46
1689933600,49.46,49.54,49.42,49.48
1689935400,49.48,49.48,48.74,48.8
1689937200,48.82,49.08,48.74,49
1689939000,49.02,49.04,48.8,48.9
1689940800,48.92,49.08,48.88,48.96
1689942600,48.94,48.96,48.78,48.82
1689944400,48.82,49.08,48.64,48.7
1689946200,48.72,48.84,48.52,48.64
1689948000,48.64,49.04,48.62,48.94
1689949800,48.92,49.12,48.7,48.8
1689951600,48.8,48.8,48.64,48.64
1690180200,48.72,48.72,48.72,48.72
1690182000,48.74,48.82,48.22,48.62
1690183800,48.62,49.06,48.58,48.92
1690185600,48.92,48.94,48.76,48.9
1690187400,48.9,48.9,48.76,48.82
1690189200,48.82,48.88,48.7,48.8
1690191000,48.82,48.86,48.76,48.8
1690192800,48.8,48.96,48.78,48.86
1690194600,48.86,48.88,48.24,48.38
1690196400,48.38,48.4,48.24,48.34
1690198200,48.34,48.4,48.26,48.3
1690200000,48.3,48.46,48.28,48.36
1690201800,48.34,48.5,48.3,48.48
1690203600,48.48,48.82,48.44,48.74
1690205400,48.74,48.8,48.56,48.66
1690207200,48.66,48.86,48.02,48.24
1690209000,48.24,48.34,47.58,47.94
1690210800,47.94,47.94,47.92,47.92
1690266600,47.96,47.96,47.96,47.96
1690268400,47.98,48.04,47.48,47.52
1690270200,47.54,47.88,47.52,47.76
1690272000,47.76,47.76,47.56,47.7
1690273800,47.66,47.86,47.64,47.86
1690275600,47.86,48.06,47.7,48.06
1690277400,48.06,48.46,48.06,48.26
1690279200,48.26,48.36,48.14,48.24
1690281000,48.22,48.28,48.14,48.2
1690282800,48.2,48.22,48,48.14
1690284600,48.12,48.18,47.9,48.08
1690286400,48.06,48.08,47.7,47.78
1690288200,47.78,47.86,47.44,47.46
1690290000,47.46,47.56,47.1,47.4
1690291800,47.38,47.54,47.3,47.48
1690293600,47.46,47.64,47.2,47.3
1690295400,47.3,47.38,47.1,47.14
1690297200,47.12,47.12,47.1,47.1
1690353000,47.1,47.1,47.1,47.1
1690354800,47.08,47.8,47.04,47.6
1690356600,47.6,47.62,47.18,47.38
1690358400,47.38,47.66,47.24,47.58
1690360200,47.58,47.7,47.48,47.56
1690362000,47.56,47.64,47.42,47.62
1690363800,47.6,47.64,47.56,47.6
1690365600,47.6,47.6,47.36,47.46
1690367400,47.46,47.48,47.3,47.42
1690369200,47.42,47.5,47.3,47.42
1690371000,47.42,47.48,47.32,47.46
1690372800,47.46,47.8,47.38,47.74
1690374600,47.76,47.86,47.56,47.68
1690376400,47.7,47.94,47.6,47.88
1690378200,47.88,48.08,47.86,48
1690380000,47.98,48.14,47.96,47.98
1690381800,48,48.66,47.92,48.64
1690383600,48.64,48.7,48.64,48.7
1690439400,48.9,48.9,48.9,48.9
1690441200,48.9,49.4,48.52,49.34
1690443000,49.34,49.4,49.12,49.16
1690444800,49.18,49.28,49.14,49.2
1690446600,49.18,49.34,49.1,49.1
1690448400,49.1,49.18,48.92,48.98
1690450200,48.98,49.04,48.68,48.96
1690452000,48.96,48.98,48.88,48.9
1690453800,48.92,49,48.88,48.96
1690455600,48.94,49,48.8,48.92
1690457400,48.9,48.98,48.76,48.94
1690459200,48.92,49.02,48.84,48.9
1690461000,48.88,48.94,48.72,48.82
1690462800,48.82,48.84,48.56,48.78
1690464600,48.78,49,48.7,49
1690466400,49,49.12,48.88,49
1690468200,49,49.06,48.84,48.92
1690470000,48.92,48.98,48.92,48.98
1690525800,49.5,49.5,49.5,49.5
1690527600,49.5,49.64,49.32,49.36
1690529400,49.38,49.54,49.36,49.46
1690531200,49.48,49.48,49.34,49.44
1690533000,49.42,49.46,49.14,49.26
1690534800,49.26,49.32,49.18,49.26
1690536600,49.28,49.28,49.1,49.18
1690538400,49.18,49.3,49.16,49.24
1690540200,49.22,49.36,49.2,49.26
1690542000,49.26,49.38,49.24,49.36
1690543800,49.36,49.5,49.3,49.32
1690545600,49.3,49.66,49.3,49.62
1690547400,49.66,49.74,49.54,49.68
1690549200,49.66,50.25,49.62,50
1690551000,50.05,50.15,49.8,49.86
1690552800,49.86,50.1,49.84,50
1690554600,50.05,50.35,49.86,50.05
1690556400,49.94,49.94,49.94,49.94
1690785000,50.2,50.2,50.2,50.2
1690786800,50.2,50.7,50.1,50.25
1690788600,50.25,51,50.15,50.7
1690790400,50.7,51.3,50.6,51.1
1690792200,51.1,51.2,50.7,50.95
1690794000,50.95,51.65,50.8,51.5
1690795800,51.5,51.95,51.4,51.65
1690797600,51.65,51.75,51.45,51.65
1690799400,51.7,51.7,51.45,51.45
1690801200,51.45,51.55,51.05,51.1
1690803000,51.15,51.25,50.65,50.85
1690804800,50.9,51.15,50.75,51.1
1690806600,51.1,51.1,50.75,50.75
1690808400,50.75,51.15,50.7,51.1
1690810200,51.1,51.8,51,51.7
1690812000,51.75,52.65,51.45,52.25
1690813800,52.25,54.1,52.15,53.3
1690815600,53.3,53.4,53.3,53.4
1690871400,53.2,53.2,53.2,53.2
1690873200,53.25,53.85,52.05,53.3
1690875000,53.25,53.7,53.1,53.45
1690876800,53.45,53.7,52.9,53.1
1690878600,53.1,53.2,52.55,52.85
1690880400,52.85,53.05,52.65,52.95
1690882200,52.95,52.95,52.65,52.75
1690884000,52.75,53.05,52.65,53
1690885800,53,53.2,52.65,52.7
1690887600,52.7,52.75,52.35,52.55
1690889400,52.5,52.9,52.35,52.7
1690891200,52.7,53.65,52.55,53.5
1690893000,53.45,53.55,52.75,53.05
1690894800,53.1,53.2,52.95,53.1
1690896600,53.15,53.3,52.7,53
1690898400,53,53.25,52.85,53.05
1690900200,53,53.05,52.2,52.7
1690902000,52.7,52.7,52.25,52.25
1690957800,52.1,52.1,52.1,52.1
1690959600,52.1,52.85,51.9,52.45
1690961400,52.4,52.75,52.35,52.4
1690963200,52.45,53.2,52.4,53.1
1690965000,53.1,53.1,52.65,52.7
1690966800,52.7,52.9,52.65,52.85
1690968600,52.85,53,52.75,52.9
1690970400,52.9,52.95,52.65,52.7
1690972200,52.75,53,52.65,52.85
1690974000,52.85,52.95,52.7,52.8
1690975800,52.8,52.9,52.7,52.85
1690977600,52.9,53.95,52.8,53.7
1690979400,53.7,53.9,53.35,53.65
1690981200,53.7,54.1,53.65,53.8
1690983000,53.75,54.1,53.5,54.1
1690984800,54.1,54.5,53.65,54.1
1690986600,54.1,54.1,53.35,53.55
1690988400,53.6,53.6,53.6,53.6
1691044200,53.85,53.85,53.85,53.85
1691046000,53.9,54.95,53.85,54.85
1691047800,54.85,54.9,54.1,54.45
1691049600,54.4,54.8,54.35,54.75
1691051400,54.75,54.75,54.35,54.65
1691053200,54.65,54.7,54.25,54.3
1691055000,54.25,54.4,54.05,54.25
1691056800,54.2,54.25,53.9,54.2
1691058600,54.15,54.25,53.85,53.95
1691060400,53.95,54.2,53.7,54.1
1691062200,54.1,54.1,53.55,53.7
1691064000,53.65,53.7,53,53.05
1691065800,53.05,53.25,52.7,52.85
1691067600,52.85,53.55,52.8,53.3
1691069400,53.35,53.65,52.9,53.3
1691071200,53.3,53.4,52.7,52.75
1691073000,52.8,52.95,52.6,52.7
1691074800,52.7,52.7,52.65,52.65
1691130600,53.1,53.1,53.1,53.1
1691132400,53.15,53.55,52.65,53.45
1691134200,53.4,53.7,53.05,53.3
1691136000,53.25,53.75,53.2,53.5
1691137800,53.5,53.5,53.25,53.3
1691139600,53.3,53.65,53.3,53.55
1691141400,53.55,53.9,53.45,53.85
1691143200,53.85,53.95,53.65,53.8
1691145000,53.85,53.9,53.45,53.65
1691146800,53.7,54.2,53.65,53.95
1691148600,53.95,54.3,53.85,54.1
1691150400,54.1,54.2,54,54.1
1691152200,54.1,55.2,53.95,54.95
1691154000,55,55.1,54.8,54.85
1691155800,54.9,55.3,54.8,54.95
1691157600,54.95,55,54.4,54.95
1691159400,54.95,55.1,54.6,54.85
1691161200,54.85,54.85,54.85,54.85
1691389800,53.55,53.55,53.55,53.55
1691391600,53.55,54.55,53.5,53.6
1691393400,53.55,53.6,53.05,53.05
1691395200,53.05,53.7,52.9,53.5
1691397000,53.5,53.6,53.2,53.4
1691398800,53.45,53.55,53.3,53.5
1691400600,53.5,53.55,53.35,53.55
1691402400,53.55,53.8,53.55,53.65
1691404200,53.65,53.7,53.55,53.6
1691406000,53.6,53.85,53.55,53.7
1691407800,53.7,53.7,53.15,53.25
1691409600,53.2,53.45,53.05,53.25
1691411400,53.25,53.5,53.2,53.4
1691413200,53.35,53.6,53.35,53.5
1691415000,53.5,53.6,53.35,53.5
1691416800,53.5,53.65,53.3,53.45
1691418600,53.45,53.45,53.05,53.1
1691420400,53.05,53.2,53.05,53.2
1691476200,53.5,53.5,53.5,53.5
1691478000,53.55,53.7,52.55,52.55
1691479800,52.55,52.8,52.5,52.7
1691481600,52.65,52.9,52.35,52.45
1691483400,52.45,52.45,51.95,52.15
1691485200,52.15,52.2,51.85,52.05
1691487000,52.05,52.05,51.65,51.95
1691488800,51.95,52.05,51.85,52.05
1691490600,52,52.1,51.85,51.9
1691492400,51.9,52.2,51.85,52.05
1691494200,52,52.1,52,52
1691496000,52,52.25,51.9,52.15
1691497800,52.15,52.3,52.05,52.25
1691499600,52.25,52.35,52.1,52.2
1691501400,52.2,52.25,51.45,51.55
1691503200,51.6,51.8,51.35,51.45
1691505000,51.4,51.85,51.3,51.65
1691506800,51.45,51.45,51.45,51.45
1691562600,51.6,51.6,51.6,51.6
1691564400,51.65,51.9,51.1,51.65
1691566200,51.65,51.65,50.85,50.95
1691568000,50.95,51.15,50.9,51.1
1691569800,51.1,51.55,51.1,51.55
1691571600,51.55,51.7,51.45,51.6
1691573400,51.6,51.65,51.4,51.55
1691575200,51.55,51.65,51.45,51.6
1691577000,51.6,51.6,51.4,51.5
1691578800,51.45,51.6,51.4,51.55
1691580600,51.55,51.8,51.45,51.5
1691582400,51.5,51.6,51.2,51.25
1691584200,51.2,51.5,51,51.15
1691586000,51.15,51.6,51.1,51.6
1691587800,51.6,52.2,51.4,52.15
1691589600,52.15,52.65,52.1,52.15
1691591400,52.15,52.4,51.8,51.95
1691593200,51.95,51.95,51.9,51.9
1691649000,52.05,52.05,52.05,52.05
1691650800,52.1,52.5,51.85,52.15
1691652600,52.15,52.2,51.85,52.05
1691654400,52.05,52.3,52.05,52.2
1691656200,52.15,52.4,52.15,52.2
1691658000,52.15,52.3,52,52.05
1691659800,52.1,52.1,51.9,51.95
1691661600,51.9,52.2,51.9,52.05
1691663400,52.05,52.25,52,52.05
1691665200,52.1,52.3,52,52.1
1691667000,52.05,52.8,52.05,52.4
1691668800,52.4,52.45,51.7,51.9
1691670600,51.9,52.15,51.6,51.6
1691672400,51.65,51.8,50.7,50.85
1691674200,50.9,51.45,50.65,50.95
1691676000,51,51.2,50.7,51
1691677800,51,51,49.8,50.2
1691679600,50,50,50,50
1691735400,50,50,50,50
1691737200,50,50.6,49.94,50.25
1691739000,50.25,50.3,49.76,49.8
1691740800,49.78,49.94,49.64,49.76
1691742600,49.76,50.4,49.68,50.35
1691744400,50.35,50.45,50.2,50.3
1691746200,50.35,50.4,50,50
1691748000,50,50.4,49.96,50.35
1691749800,50.35,50.85,50.3,50.8
1691751600,50.75,51.3,50.7,51.1
1691753400,51.1,51.35,50.75,50.75
1691755200,50.75,51.45,50.65,51.25
1691757000,51.25,51.45,51,51.2
1691758800,51.2,51.6,51.1,51.55
1691760600,51.55,51.7,51.05,51.45
1691762400,51.45,52,51.45,51.8
1691764200,51.8,52.05,51.7,51.8
1691766000,51.75,51.75,51.75,51.75
1691994600,52.1,52.1,52.1,52.1
1691996400,52.15,52.7,51.85,52.35
1691998200,52.35,52.7,52.3,52.6
1692000000,52.6,52.75,52.35,52.35
1692001800,52.35,52.75,52.2,52.25
1692003600,52.3,52.4,52.2,52.25
1692005400,52.3,52.55,52.25,52.45
1692007200,52.5,52.5,51.9,51.95
1692009000,52,52.15,51.65,52
1692010800,51.95,52.5,51.85,52.05
1692012600,52.05,52.05,51.2,51.55
1692014400,51.55,51.65,51.3,51.6
1692016200,51.6,51.65,51.3,51.4
1692018000,51.35,51.65,51.15,51.2
1692019800,51.2,51.3,50.95,51.1
1692021600,51.05,51.55,50.75,51.25
1692023400,51.3,51.55,51.05,51.15
1692025200,51,51,51,51
1692081000,51.05,51.05,51.05,51.05
1692082800,51.05,51.45,50.85,51.05
1692084600,51.05,51.35,51.05,51.25
1692086400,51.25,51.3,50.85,50.9
1692088200,50.85,50.9,50.65,50.7
1692090000,50.7,50.95,50.7,50.8
1692091800,50.8,50.85,50.65,50.7
1692093600,50.65,50.7,50.4,50.55
1692095400,50.55,50.6,50.35,50.45
1692097200,50.45,50.7,50.4,50.55
1692099000,50.6,50.9,50.5,50.85
1692100800,50.85,51.35,50.8,51.1
1692102600,51.1,51.6,51,51.5
1692104400,51.55,51.7,51.05,51.25
1692106200,51.25,51.35,50.5,50.6
1692108000,50.6,50.9,50.25,50.4
1692109800,50.35,50.75,49.72,50.65
1692111600,51,51,51,51
1692167400,51.05,51.05,51.05,51.05
1692169200,51,51.4,50.5,50.65
1692171000,50.7,50.8,50.45,50.75
1692172800,50.7,51.2,50.7,51.1
1692174600,51.1,51.55,50.95,51.5
1692176400,51.5,51.6,50.95,51.05
1692178200,51.05,51.15,50.55,50.55
1692180000,50.6,51.05,50.5,50.75
1692181800,50.75,51.15,50.75,51.05
1692183600,51.05,51.1,50.8,50.95
1692185400,50.95,51.2,50.7,51.15
1692187200,51.1,51.2,50.7,50.85
1692189000,50.85,51.2,50.75,50.85
1692190800,50.85,51,50.75,50.9
1692192600,50.9,51.3,50.85,51.25
1692194400,51.25,51.4,50.8,51
1692196200,51,51.05,50.65,50.7
1692198000,50.5,50.5,50.5,50.5
1692253800,50.6,50.6,50.6,50.6
1692255600,50.6,50.8,50.25,50.45
1692257400,50.45,50.65,50.35,50.5
1692259200,50.55,51.15,50.55,51.1
1692261000,51.05,51.55,51.05,51.5
1692262800,51.55,51.9,51.45,51.45
1692264600,51.5,51.55,51.35,51.45
1692266400,51.45,51.65,51.3,51.6
1692268200,51.55,51.6,51.35,51.4
1692270000,51.4,51.5,51.15,51.35
1692271800,51.35,51.45,51.2,51.35
1692273600,51.4,51.45,51,51.2
1692275400,51.2,52.1,51.1,51.7
1692277200,51.7,51.8,51.4,51.6
1692279000,51.6,51.85,51.3,51.35
1692280800,51.35,51.8,51.25,51.7
1692282600,51.7,51.75,51.4,51.65
1692284400,51.55,51.55,51.55,51.55
1692340200,51.7,51.7,51.7,51.7
1692342000,51.65,51.85,51.4,51.4
1692343800,51.45,51.45,50.95,51
1692345600,51.05,51.2,50.9,51.1
1692347400,51.05,51.2,51.05,51.2
1692349200,51.25,51.3,50.85,50.95
1692351000,50.9,51.1,50.85,51
1692352800,50.95,51.15,50.9,51.1
1692354600,51.1,51.15,51,51
1692356400,51.05,51.15,50.6,50.7
1692358200,50.7,50.75,50.25,50.45
1692360000,50.4,50.75,50.3,50.65
1692361800,50.6,50.65,50.05,50.2
1692363600,50.2,50.45,50.05,50.4
1692365400,50.35,50.7,50.3,50.65
1692367200,50.6,50.6,49.66,49.8
1692369000,49.8,49.94,49.2,49.62
1692370800,49.44,49.44,49.44,49.44
1692599400,49.36,49.36,49.36,49.36
1692601200,49.36,49.68,49,49.06
1692603000,49.08,49.78,49.02,49.76
1692604800,49.76,49.92,49.5,49.58
1692606600,49.6,49.68,49.5,49.52
1692608400,49.54,50.2,49.46,50.2
1692610200,50.2,50.25,49.86,50.2
1692612000,50.2,50.3,49.98,50.05
1692613800,50.05,50.45,50,50.25
1692615600,50.25,50.65,50.2,50.45
1692617400,50.45,50.45,50.1,50.15
1692619200,50.15,50.25,50,50.15
1692621000,50.2,50.55,50.15,50.4
1692622800,50.4,50.95,50.35,50.8
1692624600,50.8,51.1,50.6,50.95
1692626400,50.95,51.3,50.75,50.9
1692628200,50.85,51.1,50.55,50.6
1692630000,50.6,50.75,50.6,50.75
1692685800,51,51,51,51
1692687600,51,51.6,50.95,51.6
1692689400,51.55,52.15,51.2,51.45
1692691200,51.45,51.8,51.3,51.35
1692693000,51.4,51.45,51.05,51.2
1692694800,51.2,51.5,51.05,51.4
1692696600,51.35,51.55,51.25,51.35
1692698400,51.35,51.45,51.1,51.25
1692700200,51.25,51.25,50.75,50.9
1692702000,50.85,51.05,50.75,50.9
1692703800,50.95,51,50.35,50.5
1692705600,50.55,50.7,50.3,50.4
1692707400,50.4,50.6,50.3,50.5
1692709200,50.45,50.7,50.3,50.45
1692711000,50.45,50.5,49.92,50.1
1692712800,50.1,50.85,50,50.6
1692714600,50.65,50.75,50.2,50.25
1692716400,50.25,50.25,50.1,50.1
1692772200,50.5,50.5,50.5,50.5
1692774000,50.5,50.55,50.05,50.2
1692775800,50.25,50.6,50.15,50.6
1692777600,50.6,50.65,50.2,50.45
1692779400,50.4,50.8,50.3,50.6
1692781200,50.55,50.65,50.3,50.3
1692783000,50.3,50.5,50.2,50.4
1692784800,50.4,51.15,50.2,51.05
1692786600,51.05,51.5,50.95,51.45
1692788400,51.5,51.95,51.3,51.7
1692790200,51.75,52,51.55,51.95
1692792000,51.95,52.15,51.45,51.5
1692793800,51.55,51.85,51.4,51.6
1692795600,51.6,52.1,51.25,52.05
1692797400,52.05,52.1,51.4,51.55
1692799200,51.55,51.75,51.15,51.25
1692801000,51.2,51.35,50.35,50.45
1692802800,50.45,50.45,50.4,50.45
1692858600,50.8,50.8,50.8,50.8
1692860400,50.85,51.15,50.7,50.75
1692862200,50.75,51.3,50.75,51.15
1692864000,51.15,51.2,50.8,51
1692865800,51,51.15,50.85,51.05
1692867600,51.05,51.15,50.7,50.7
1692869400,50.75,50.75,50.35,50.45
1692871200,50.45,50.7,50.3,50.65
1692873000,50.7,50.85,50.6,50.7
1692874800,50.7,51.55,49.98,50.45
1692876600,50.45,50.5,48.5,49.7
1692878400,49.68,50.2,49.64,50.05
1692880200,50,50.1,48.7,48.78
1692882000,48.78,49.5,48.66,49.06
1692883800,49.06,49.42,48.8,49.34
1692885600,49.34,49.42,48.74,48.9
1692887400,48.88,48.94,48.32,48.42
1692889200,48.42,48.42,48.38,48.38
1692945000,48.52,48.52,48.52,48.52
1692946800,48.54,49.38,48.52,48.86
1692948600,48.84,49.12,48.8,49
1692950400,49,49.18,48.92,49.02
1692952200,49.04,49.08,48.58,48.78
1692954000,48.78,48.96,48.74,48.8
1692955800,48.82,48.82,48.34,48.38
1692957600,48.38,48.48,48.18,48.4
1692959400,48.4,48.54,48.2,48.22
1692961200,48.24,48.66,48.12,48.64
1692963000,48.64,49.7,48.5,49.52
1692964800,49.52,50,49.5,49.92
1692966600,49.94,50.05,49.46,49.62
1692968400,49.62,50.25,49.52,49.96
1692970200,49.96,50.45,49.9,50.35
1692972000,50.4,51.75,50.3,51.7
1692973800,51.7,51.8,50.75,51.05
1692975600,51.3,51.3,51.3,51.3
1693204200,53,53,53,53
1693206000,53,53.25,52.5,52.65
1693207800,52.65,53,52.55,52.95
1693209600,53,53.4,52.65,53.35
1693211400,53.3,55.15,53.05,54.75
1693213200,54.75,54.9,54.25,54.65
1693215000,54.7,54.8,54.2,54.3
1693216800,54.25,54.45,53.65,53.7
1693218600,53.7,54.25,53.5,54.2
1693220400,54.15,54.8,54.1,54.2
1693222200,54.2,54.4,53.8,54.25
1693224000,54.2,54.55,54.1,54.45
1693225800,54.45,55.15,54.2,54.8
1693227600,54.85,55,54.5,54.7
1693229400,54.75,55.05,54.65,54.8
1693231200,54.8,54.85,53.9,54
1693233000,54,54.5,53.2,53.45
1693234800,53.35,53.35,53.35,53.35
1693290600,53.35,53.35,53.35,53.35
1693292400,53.4,53.4,52.7,53.15
1693294200,53.2,54.05,53.1,53.6
1693296000,53.55,53.85,53.2,53.7
1693297800,53.65,54.65,53.55,54.3
1693299600,54.35,54.35,53.55,54.1
1693301400,54.1,54.55,53.7,54.2
1693303200,54.2,54.35,54.05,54.25
1693305000,54.2,54.3,53.75,53.8
1693306800,53.8,53.85,52.95,53.2
1693308600,53.2,53.55,53.1,53.2
1693310400,53.15,53.2,52.7,53.05
1693312200,53.05,53.1,52.8,52.8
1693314000,52.8,53,52.6,52.8
1693315800,52.85,53.2,52.65,52.75
1693317600,52.75,53,52.4,52.45
1693319400,52.45,52.6,52,52.4
1693321200,52.4,52.4,52.4,52.4
1693463400,52.65,52.65,52.65,52.65
1693465200,52.65,53,52.35,52.6
1693467000,52.6,52.8,52.35,52.8
1693468800,52.8,52.9,52.55,52.65
1693470600,52.6,52.75,52.3,52.35
1693472400,52.35,52.55,52.25,52.4
1693474200,52.4,52.4,52.05,52.15
1693476000,52.15,52.4,52.15,52.35
1693477800,52.35,52.4,52.15,52.2
1693479600,52.2,52.5,52.2,52.45
1693481400,52.45,52.6,52.25,52.4
1693483200,52.4,52.5,52.25,52.4
1693485000,52.4,52.5,52.1,52.45
1693486800,52.4,52.6,52.15,52.2
1693488600,52.2,52.4,52.1,52.2
1693490400,52.15,52.25,51.4,51.75
1693492200,51.75,52,51.35,51.7
1693494000,51.7,51.7,51.25,51.25
1693549800,51.5,51.5,51.5,51.5
1693551600,51.5,51.8,51.3,51.75
1693553400,51.7,52.1,51.6,51.85
1693555200,51.9,51.9,51.6,51.75
1693557000,51.7,51.85,51.55,51.85
1693558800,51.85,51.9,51.7,51.75
1693560600,51.75,51.95,51.7,51.8
1693562400,51.8,51.8,51.65,51.65
1693564200,51.65,51.75,51.45,51.6
1693566000,51.6,51.6,51.25,51.35
1693567800,51.35,51.35,51.15,51.3
1693569600,51.3,51.45,51.15,51.4
1693571400,51.35,51.8,51.35,51.75
1693573200,51.7,51.8,51.55,51.6
1693575000,51.6,51.75,51.5,51.7
1693576800,51.75,52.15,51.55,51.7
1693578600,51.7,51.75,51.5,51.6
1693580400,51.6,51.65,51.6,51.65
1693809000,52,52,52,52
1693810800,52.05,52.15,51.7,52
1693812600,52,52,51.8,51.9
1693814400,51.9,52,51.7,51.8
1693816200,51.85,52.3,51.75,51.95
1693818000,51.95,52.1,51.85,52.05
1693819800,52.05,52.25,52,52.05
1693821600,52.05,52.05,51.9,51.9
1693823400,51.9,52.1,51.8,51.95
1693825200,51.95,52.1,51.85,51.95
1693827000,51.95,52.7,51.9,52.5
1693828800,52.55,53.1,52.3,52.95
1693830600,52.95,53,52.6,52.7
1693832400,52.7,52.75,52.55,52.65
1693834200,52.7,52.7,52,52.2
1693836000,52.2,52.5,51.95,52.05
1693837800,52.05,52.1,51.8,51.9
1693839600,51.9,51.9,51.9,51.9
1693895400,51.9,51.9,51.9,51.9
1693897200,51.9,53.05,51.7,52.95
1693899000,52.95,53.5,52.65,52.9
1693900800,52.95,53.05,52.65,53.05
1693902600,53.05,53.1,52.6,52.9
1693904400,52.95,53.05,52.75,52.85
1693906200,52.8,53.15,52.75,53
1693908000,53,53.25,52.85,53.1
1693909800,53.15,53.15,52.85,53
1693911600,53,53.1,52.85,52.95
1693913400,52.95,53.1,52.8,53
1693915200,53,53.25,52.9,53.1
1693917000,53.1,53.25,53.05,53.2
1693918800,53.15,53.2,52.7,53.05
1693920600,53.1,53.6,53,53.4
1693922400,53.4,53.85,53.3,53.75
1693924200,53.75,54,53.6,53.75
1693926000,53.8,53.8,53.8,53.8
1693981800,54.6,54.6,54.6,54.6
1693983600,54.65,55.55,54.5,54.85
1693985400,54.85,55.3,54.8,54.9
1693987200,54.9,55,54.75,54.85
1693989000,54.85,54.85,54.6,54.75
1693990800,54.7,54.8,54.2,54.45
1693992600,54.4,54.55,53.95,54.4
1693994400,54.35,54.45,54,54.4
1693996200,54.4,54.55,54.35,54.55
1693998000,54.55,54.55,54.2,54.5
1693999800,54.5,54.7,54.25,54.65
1694001600,54.65,54.65,53.75,54.4
1694003400,54.4,54.5,54.1,54.1
1694005200,54.1,54.8,54.1,54.7
1694007000,54.7,55.3,54.55,55.3
1694008800,55.3,55.3,54.55,54.6
1694010600,54.6,54.75,53.85,54.2
1694012400,54.35,54.35,54.35,54.35
1694068200,54.65,54.65,54.65,54.65
1694070000,54.6,55.2,54.3,54.8
1694071800,54.8,54.85,54.4,54.75
1694073600,54.75,54.8,54.4,54.5
1694075400,54.45,54.55,54.3,54.4
1694077200,54.4,54.65,54.35,54.6
1694079000,54.6,54.85,54.5,54.75
1694080800,54.75,54.85,54.55,54.7
1694082600,54.65,54.8,54.55,54.65
1694084400,54.65,54.75,54.35,54.45
1694086200,54.45,54.6,54.3,54.35
1694088000,54.35,54.45,53.65,53.95
1694089800,54,54.25,53.75,54.15
1694091600,54.15,54.4,53.95,54.05
1694093400,54,54.25,53.95,54.1
1694095200,54.15,54.3,54,54.25
1694097000,54.25,54.85,54.2,54.45
1694098800,54.45,54.45,54.45,54.45
1694154600,54.65,54.65,54.65,54.65
1694156400,54.6,54.9,54.45,54.55
1694158200,54.5,54.75,54.4,54.7
1694160000,54.7,55.05,54.5,54.8
1694161800,54.8,55.05,54.65,54.75
1694163600,54.75,54.75,54.3,54.6
1694165400,54.6,54.65,54.4,54.45
1694167200,54.5,54.6,54.4,54.55
1694169000,54.5,54.6,54.45,54.5
1694170800,54.55,54.6,54.45,54.55
1694172600,54.55,54.6,54.15,54.35
1694174400,54.4,54.5,54.05,54.15
1694176200,54.2,54.45,54.1,54.3
1694178000,54.3,54.45,54.15,54.4
1694179800,54.35,54.5,54.1,54.25
1694181600,54.2,54.3,53.85,54
1694183400,54,54.2,53.9,54
1694185200,53.95,53.95,53.9,53.9
1694413800,54.1,54.1,54.1,54.1
1694415600,54.1,54.25,53.6,53.75
1694417400,53.75,53.95,53.65,53.9
1694419200,53.9,53.9,53.65,53.85
1694421000,53.8,54.75,53.8,54.65
1694422800,54.6,55,54.5,54.95
1694424600,55,55.1,54.55,54.6
1694426400,54.6,54.7,54.45,54.5
1694428200,54.5,54.75,54.45,54.75
1694430000,54.75,54.85,54.55,54.7
1694431800,54.7,54.8,54.55,54.7
1694433600,54.7,54.75,54.4,54.55
1694435400,54.5,54.65,54.25,54.4
1694437200,54.4,54.45,53.65,53.8
1694439000,53.8,54.35,53.7,53.85
1694440800,53.8,54.8,53.6,54.65
1694442600,54.65,54.8,54.15,54.7
1694444400,54.65,54.65,54.6,54.6
1694500200,54.85,54.85,54.85,54.85
1694502000,54.85,54.9,54.35,54.7
1694503800,54.65,55.1,54,54.15
1694505600,54.2,54.25,53.55,53.85
1694507400,53.8,53.9,53.15,53.85
1694509200,53.85,54.1,53.8,54.1
1694511000,54.1,54.15,53.9,54
1694512800,54,54.15,53.9,54
1694514600,54,54.3,53.85,53.95
1694516400,53.95,54.05,53.7,53.8
1694518200,53.8,54.05,53.7,54
1694520000,53.95,54.5,53.95,54.4
1694521800,54.45,54.5,54.15,54.3
1694523600,54.3,54.55,54.3,54.55
1694525400,54.5,54.85,54.45,54.6
1694527200,54.6,54.7,54.1,54.45
1694529000,54.45,54.55,54,54.2
1694530800,54.2,54.25,54.2,54.25
1694586600,54.65,54.65,54.65,54.65
1694588400,54.6,56.2,54.6,56.05
1694590200,56.1,56.7,55.65,56.4
1694592000,56.45,56.65,56.2,56.4
1694593800,56.4,57.05,56.2,56.35
1694595600,56.35,56.45,56.2,56.45
1694597400,56.45,56.55,56.2,56.5
1694599200,56.5,56.55,56.3,56.4
1694601000,56.4,56.8,56.2,56.5
1694602800,56.45,56.85,56.3,56.7
1694604600,56.75,56.75,56.35,56.45
1694606400,56.45,56.6,55.9,56.1
1694608200,56.1,56.35,55.75,55.9
1694610000,55.9,56.1,55.55,55.65
1694611800,55.7,55.95,55.3,55.5
1694613600,55.5,55.55,54.95,55.2
1694615400,55.15,55.45,54.9,55.2
1694617200,55.25,55.25,55.25,55.25
1694673000,55.35,55.35,55.35,55.35
1694674800,55.4,55.6,54.7,55.45
1694676600,55.4,55.55,54.75,55
1694678400,55.05,55.3,54.75,55.25
1694680200,55.2,56.15,55.15,55.5
1694682000,55.5,55.8,55.4,55.6
1694683800,55.6,55.6,55.15,55.35
1694685600,55.35,55.35,54.75,54.95
1694687400,55,55.4,54.8,55.4
1694689200,55.35,55.6,55.25,55.3
1694691000,55.3,55.35,54.55,54.85
1694692800,54.8,54.95,54.5,54.75
1694694600,54.8,55.1,54.7,55.05
1694696400,55.05,55.4,54.85,55.3
1694698200,55.3,55.65,55,55.3
1694700000,55.3,55.35,54.7,55.25
1694701800,55.25,56.75,55.05,56.55
1694703600,56.6,56.6,56.6,56.6
1694759400,56.8,56.8,56.8,56.8
1694761200,56.8,56.95,55.65,55.8
1694763000,55.75,56.2,55.3,55.95
1694764800,55.95,56.25,55.85,56.15
1694766600,56.1,56.2,55.85,55.9
1694768400,55.9,56.25,55.85,56.1
1694770200,56.1,56.35,55.8,55.9
1694772000,55.85,55.95,55.65,55.75
1694773800,55.7,55.9,55.65,55.85
1694775600,55.85,55.95,55.75,55.8
1694777400,55.8,56.1,55.7,56.05
1694779200,56,56.05,55.8,55.9
1694781000,55.9,56.05,55.6,55.65
1694782800,55.65,55.75,55.5,55.7
1694784600,55.7,55.75,55.1,55.25
1694786400,55.25,55.45,54.95,55.35
1694788200,55.35,55.45,54.5,54.65
1694790000,54.7,54.7,54.55,54.55
1695018600,54.5,54.5,54.5,54.5
1695020400,54.45,54.5,53.8,54.15
1695022200,54.1,54.1,53.35,53.5
1695024000,53.5,53.6,53.1,53.35
1695025800,53.3,53.45,53.2,53.35
1695027600,53.35,53.45,53.15,53.2
1695029400,53.25,53.45,53.05,53.35
1695031200,53.3,53.4,52.95,53.1
1695033000,53.05,53.1,52.75,52.85
1695034800,52.85,53,52.75,52.9
1695036600,52.95,53.05,52.8,52.9
1695038400,52.95,53.05,52.8,53
1695040200,52.95,53.05,52.9,53
1695042000,53,53.15,52.85,52.9
1695043800,52.85,52.95,52.4,52.65
1695045600,52.65,52.7,52,52.05
1695047400,52.05,52.5,52,52.05
1695049200,51.95,51.95,51.95,51.95
1695105000,52,52,52,52
1695106800,52,52.6,51.75,52.55
1695108600,52.5,52.65,52.05,52.2
1695110400,52.2,52.6,52.05,52.55
1695112200,52.55,52.65,52.15,52.25
1695114000,52.2,52.25,51.9,52.2
1695115800,52.2,52.2,51.75,52.1
1695117600,52.1,52.2,52.05,52.1
1695119400,52.1,52.1,51.85,51.95
1695121200,51.9,52.5,51.75,51.75
1695123000,51.75,52.3,51.7,52.05
1695124800,52.05,52.2,51.8,51.85
1695126600,51.85,51.9,51.4,51.45
1695128400,51.5,51.9,51.4,51.85
1695130200,51.85,52.3,51.6,52.2
1695132000,52.2,52.45,51.85,51.95
1695133800,51.95,52.2,51.75,52.05
1695135600,52.1,52.1,52.05,52.05
1695191400,52.35,52.35,52.35,52.35
1695193200,52.35,52.65,52.1,52.4
1695195000,52.35,52.5,52.2,52.45
1695196800,52.4,52.55,52.15,52.2
1695198600,52.2,52.3,52,52.05
1695200400,52.05,52.2,52,52.1
1695202200,52.15,52.35,52.05,52.25
1695204000,52.2,52.35,52.1,52.25
1695205800,52.2,52.2,52,52.1
1695207600,52.1,52.3,52.1,52.15
1695209400,52.15,52.2,51.9,52
1695211200,52,52.15,51.95,52
1695213000,51.95,51.95,51.65,51.75
1695214800,51.8,51.9,51.45,51.5
1695216600,51.55,51.7,51.45,51.6
1695218400,51.6,51.6,50.9,50.95
1695220200,50.95,51.3,50.85,51.05
1695222000,51.05,51.1,51.05,51.1
1695277800,50.6,50.6,50.6,50.6
1695279600,50.6,50.95,50.5,50.8
1695281400,50.8,50.9,50.45,50.5
1695283200,50.5,50.55,50.35,50.5
1695285000,50.5,50.7,50.45,50.7
1695286800,50.65,50.65,50.5,50.55
1695288600,50.55,50.7,50.5,50.7
1695290400,50.7,50.9,50.65,50.8
1695292200,50.8,51.35,50.75,51.25
1695294000,51.25,52.15,51.2,51.9
1695295800,51.9,52.4,51.85,52.4
1695297600,52.45,52.65,52.2,52.5
1695299400,52.5,52.55,52.1,52.2
1695301200,52.2,52.45,52.15,52.35
1695303000,52.35,52.45,52.1,52.45
1695304800,52.45,52.95,52.4,52.75
1695306600,52.75,53.25,52.65,53.15
1695308400,52.95,52.95,52.95,52.95
1695364200,53.75,53.75,53.75,53.75
1695366000,53.75,54.1,53.45,53.75
1695367800,53.75,54,53.3,53.65
1695369600,53.65,53.65,53.35,53.5
1695371400,53.55,53.6,53.35,53.55
1695373200,53.5,53.6,53.35,53.4
1695375000,53.4,53.55,53.3,53.55
1695376800,53.5,53.6,53.3,53.5
1695378600,53.55,53.55,53.25,53.5
1695380400,53.5,53.6,53.15,53.3
1695382200,53.25,53.3,52.8,52.9
1695384000,52.85,52.9,52.55,52.7
1695385800,52.7,52.8,52.6,52.75
1695387600,52.75,53.25,52.65,53.2
1695389400,53.25,53.3,53.1,53.3
1695391200,53.3,53.55,52.95,53.1
1695393000,53.1,54.85,53,54.7
1695394800,54.7,54.7,54.7,54.7
1695623400,54.8,54.8,54.8,54.8
1695625200,54.75,55.95,54.4,55.4
1695627000,55.4,55.5,55.2,55.4
1695628800,55.4,55.55,55.35,55.45
1695630600,55.4,55.65,55.4,55.55
1695632400,55.55,55.6,55.25,55.55
1695634200,55.55,55.6,55.35,55.4
1695636000,55.4,55.55,55.05,55.45
1695637800,55.45,55.55,55.3,55.45
1695639600,55.45,55.55,55.15,55.2
1695641400,55.2,55.25,54.95,55.15
1695643200,55.15,55.45,55.1,55.25
1695645000,55.2,55.35,55.1,55.3
1695646800,55.25,55.5,55.25,55.45
1695648600,55.45,55.7,55.4,55.55
1695650400,55.55,55.65,55.35,55.5
1695652200,55.45,55.55,55.15,55.25
1695654000,55.25,55.25,55.15,55.2
1695709800,55.45,55.45,55.45,55.45
1695711600,55.4,55.45,54.85,55.1
1695713400,55.1,55.15,54.7,54.9
1695715200,54.85,55,54.8,54.95
1695717000,54.95,55.1,54.9,55
1695718800,55,55.05,54.85,54.95
1695720600,54.95,55,54.8,54.85
1695722400,54.85,54.9,54.75,54.85
1695724200,54.85,54.95,54.75,54.85
1695726000,54.8,54.9,54.7,54.7
1695727800,54.7,54.75,54.2,54.45
1695729600,54.4,54.5,54.1,54.35
1695731400,54.4,54.55,54.25,54.45
1695733200,54.4,54.75,54.35,54.6
1695735000,54.65,55.05,54.5,54.85
1695736800,54.8,54.95,54.45,54.5
1695738600,54.5,54.55,53.8,53.9
1695740400,53.85,53.85,53.6,53.6
1695796200,54.15,54.15,54.15,54.15
1695798000,54.1,54.65,53.95,54.25
1695799800,54.2,54.4,54.05,54.3
1695801600,54.25,55.05,54.2,54.65
1695803400,54.7,54.75,54.4,54.4
1695805200,54.45,54.6,54.2,54.25
1695807000,54.25,54.3,54,54.05
1695808800,54.05,54.35,53.95,54.3
1695810600,54.25,54.35,54.1,54.25
1695812400,54.25,54.5,54.15,54.3
1695814200,54.3,54.35,54.2,54.2
1695816000,54.2,54.25,53.9,54.1
1695817800,54.1,54.15,53.6,53.9
1695819600,53.9,54,53.75,54
1695821400,54,54.4,53.9,54.05
1695823200,54.05,54.6,54,54.5
1695825000,54.55,54.7,54.25,54.45
1695826800,54.1,54.1,54.1,54.1
1695882600,54.1,54.1,54.1,54.1
1695884400,54.15,54.55,54.15,54.35
1695886200,54.3,54.65,54.2,54.35
1695888000,54.35,54.8,54.25,54.35
1695889800,54.3,54.4,54.1,54.2
1695891600,54.25,54.35,54.05,54.3
1695893400,54.25,54.55,54.25,54.3
1695895200,54.35,54.4,54.2,54.25
1695897000,54.3,54.35,54.2,54.25
1695898800,54.25,54.25,53.6,53.9
1695900600,53.95,54,53.75,53.9
1695902400,53.9,54,53.7,53.75
1695904200,53.7,53.85,53.35,53.4
1695906000,53.4,53.75,53.3,53.5
1695907800,53.55,53.7,53.4,53.55
1695909600,53.5,53.95,53.4,53.7
1695911400,53.75,53.9,53.4,53.5
1695913200,53.5,53.5,53.5,53.5
1695969000,53.75,53.75,53.75,53.75
1695970800,53.7,54.2,53.6,53.95
1695972600,53.95,54.15,53.85,53.95
1695974400,53.9,54.05,53.85,53.85
1695976200,53.85,53.95,53.8,53.9
1695978000,53.85,54,53.8,53.9
1695979800,53.9,53.95,53.8,53.85
1695981600,53.8,54,53.8,54
1695983400,53.95,54.15,53.85,54
1695985200,54,54.1,53.85,53.95
1695987000,53.9,54.3,53.9,54.05
1695988800,54.1,54.25,54,54.05
1695990600,54.05,54.15,53.9,54.1
1695992400,54.1,54.5,54.05,54.15
1695994200,54.15,54.4,54.1,54.25
1695996000,54.25,54.75,53.9,54.6
1695997800,54.55,54.85,54.4,54.65
1695999600,54.65,54.65,54.65,54.65
1696228200,54.65,54.65,54.65,54.65
1696230000,54.65,54.85,54.3,54.45
1696231800,54.45,54.45,54.2,54.4
1696233600,54.35,54.7,54.35,54.55
1696235400,54.5,55.55,54.5,55.25
1696237200,55.2,55.75,55.15,55.75
1696239000,55.7,55.9,55.5,55.6
1696240800,55.65,55.75,55.55,55.6
1696242600,55.6,55.8,55.55,55.6
1696244400,55.65,55.7,55.4,55.6
1696246200,55.6,55.75,55.45,55.65
1696248000,55.7,56.1,55.6,55.7
1696249800,55.75,56,55.7,56
1696251600,56,56.35,55.85,55.9
1696253400,55.95,56.45,55.75,56.4
1696255200,56.4,56.55,56.1,56.2
1696257000,56.25,56.45,55.85,55.9
1696258800,55.9,55.9,55.75,55.75
1696314600,55.85,55.85,55.85,55.85
1696316400,55.8,56.55,55.65,56.55
1696318200,56.55,57.15,56.3,56.8
1696320000,56.8,57.35,56.7,57.2
1696321800,57.25,57.45,57,57.25
1696323600,57.2,57.2,56.6,56.65
1696325400,56.65,56.85,56.6,56.8
1696327200,56.75,56.9,56.65,56.85
1696329000,56.8,57.25,56.8,57.15
1696330800,57.15,57.2,56.5,56.75
1696332600,56.7,56.9,56.65,56.8
1696334400,56.8,56.95,56.7,56.85
1696336200,56.85,56.85,56.55,56.75
1696338000,56.75,57.1,56.75,56.95
1696339800,56.9,57.1,56.7,56.9
1696341600,56.9,56.9,56.15,56.25
1696343400,56.25,56.65,56.05,56.5
1696345200,56.5,56.5,56.5,56.5
1696401000,56.55,56.55,56.55,56.55
1696402800,56.55,56.6,56,56
1696404600,56,56.05,55.55,55.6
1696406400,55.6,56,55.45,55.6
1696408200,55.65,55.8,55.35,55.75
1696410000,55.75,55.8,55.45,55.55
1696411800,55.55,55.6,55.5,55.55
1696413600,55.55,55.75,55.45,55.7
1696415400,55.7,55.9,55.6,55.85
1696417200,55.8,55.85,55.65,55.7
1696419000,55.65,55.7,55.25,55.55
1696420800,55.55,55.55,55.1,55.25
1696422600,55.25,55.55,55.1,55.45
1696424400,55.4,55.55,54.95,55.1
1696426200,55.1,55.2,54.9,54.95
1696428000,55,55.2,54.65,54.8
1696429800,54.8,55.05,54.25,54.35
1696431600,54.3,54.3,54.3,54.3
1696487400,54.4,54.4,54.4,54.4
1696489200,54.45,54.75,54.2,54.4
1696491000,54.4,54.7,54.3,54.7
1696492800,54.7,55.2,54.55,55.05
1696494600,55.05,55.1,54.8,55
1696496400,54.95,55.1,54.9,54.95
1696498200,54.95,55.15,54.9,55
1696500000,55.05,55.05,54.3,54.35
1696501800,54.4,54.4,53.25,53.4
1696503600,53.4,53.55,53.05,53.5
1696505400,53.5,53.9,53.4,53.75
1696507200,53.8,54,53.3,53.4
1696509000,53.4,53.6,53,53.6
1696510800,53.55,53.95,53.55,53.65
1696512600,53.65,54.05,53.5,54
1696514400,54,54.9,53.8,54.7
1696516200,54.7,55.15,54.4,54.95
1696518000,54.8,54.8,54.8,54.8
1696573800,54.5,54.5,54.5,54.5
1696575600,54.5,55.25,54.25,55.15
1696577400,55.1,55.15,54.7,54.8
1696579200,54.8,55.05,54.5,54.7
1696581000,54.65,54.7,54.4,54.5
1696582800,54.5,54.75,54.5,54.65
1696584600,54.65,54.7,54.45,54.45
1696586400,54.45,54.75,54.45,54.6
1696588200,54.65,54.7,54.55,54.65
1696590000,54.65,54.8,54.45,54.5
1696591800,54.45,54.5,54.1,54.3
1696593600,54.35,54.45,54.2,54.35
1696595400,54.35,54.35,54.1,54.15
1696597200,54.15,54.55,54,54.35
1696599000,54.35,54.45,54.15,54.3
1696600800,54.25,54.35,54.05,54.3
1696602600,54.3,54.3,53.85,53.95
1696604400,54,54,54,54
1696833000,53.05,53.05,53.05,53.05
1696834800,53.05,54.05,52.95,53.7
1696836600,53.65,53.9,53.55,53.7
1696838400,53.7,53.85,53.55,53.55
1696840200,53.6,53.65,53.25,53.3
1696842000,53.3,53.3,53,53.2
1696843800,53.2,53.45,53.1,53.4
1696845600,53.4,53.75,53.35,53.65
1696847400,53.6,53.65,53.2,53.3
1696849200,53.3,53.45,53.2,53.25
1696851000,53.25,53.45,53.2,53.25
1696852800,53.3,53.4,53.15,53.3
1696854600,53.3,53.3,52.75,52.9
1696856400,52.9,53.35,52.85,53.35
1696858200,53.35,53.4,53,53.15
1696860000,53.15,53.2,52.7,52.9
1696861800,52.95,53.05,52.4,52.55
1696863600,52.35,52.35,52.35,52.35
1696919400,52.95,52.95,52.95,52.95
1696921200,53,53.25,52.8,53.05
1696923000,53,53.6,53,53.35
1696924800,53.3,53.4,53.2,53.3
1696926600,53.3,53.4,53.05,53.3
1696928400,53.3,53.4,53.25,53.35
1696930200,53.4,53.4,53.15,53.3
1696932000,53.25,53.35,53.1,53.2
1696933800,53.15,53.2,52.95,53.1
1696935600,53.1,53.15,53,53.05
1696937400,53,53.15,52.75,52.9
1696939200,52.9,52.95,52.75,52.9
1696941000,52.9,53.1,52.85,53.05
1696942800,53.1,53.65,53.05,53.4
1696944600,53.4,53.5,53.05,53.25
1696946400,53.25,53.5,53.15,53.4
1696948200,53.4,53.5,53.15,53.3
1696950000,53.25,53.35,53.25,53.35
1697005800,54.6,54.6,54.6,54.6
1697007600,54.6,54.9,54.05,54.3
1697009400,54.25,54.3,53.55,53.8
1697011200,53.75,53.8,53.35,53.4
1697013000,53.45,53.75,53.4,53.55
1697014800,53.5,53.8,53.4,53.4
1697016600,53.4,53.45,53.1,53.4
1697018400,53.4,53.6,53.35,53.45
1697020200,53.45,53.55,53.35,53.45
1697022000,53.4,53.5,53.25,53.4
1697023800,53.35,53.65,53.3,53.6
1697025600,53.55,53.7,53.4,53.45
1697027400,53.5,53.5,53.3,53.45
1697029200,53.45,53.6,53.35,53.45
1697031000,53.45,53.55,53.2,53.35
1697032800,53.35,53.55,53.15,53.2
1697034600,53.2,53.35,52.7,52.8
1697036400,52.95,52.95,52.95,52.95
1697092200,53.45,53.45,53.45,53.45
1697094000,53.45,53.65,53.35,53.45
1697095800,53.4,53.6,53.35,53.4
1697097600,53.45,53.5,53.3,53.4
1697099400,53.4,53.7,53.3,53.6
1697101200,53.55,53.6,53.45,53.5
1697103000,53.5,53.55,53.35,53.4
1697104800,53.35,53.45,53.3,53.4
1697106600,53.4,53.45,53.25,53.35
1697108400,53.35,53.4,53.2,53.35
1697110200,53.3,53.35,52.6,52.75
1697112000,52.8,52.85,52.3,52.35
1697113800,52.35,52.45,51.85,51.9
1697115600,51.9,52.25,51.75,52.1
1697117400,52.1,52.2,51.35,51.4
1697119200,51.35,51.75,51.05,51.1
1697121000,51.1,52.05,51.05,51.8
1697122800,52.1,52.1,52.1,52.1
1697178600,52.1,52.1,52.1,52.1
1697180400,52.05,52.55,51.85,52.45
1697182200,52.45,52.55,51.8,51.85
1697184000,51.85,52.2,51.8,52.1
1697185800,52.1,52.35,51.9,52.2
1697187600,52.2,52.4,52.2,52.3
1697189400,52.3,52.35,52.15,52.25
1697191200,52.2,52.5,52.15,52.4
1697193000,52.4,52.45,51.8,52
1697194800,52,52.3,51.95,52.25
1697196600,52.25,52.25,51.9,52
1697198400,52.05,52.35,52,52.15
1697200200,52.1,52.15,51.65,51.75
1697202000,51.7,52.1,51.65,51.95
1697203800,51.95,52.45,51.8,52.4
1697205600,52.4,52.55,52.2,52.25
1697207400,52.25,52.45,51.8,51.85
1697209200,51.85,51.9,51.85,51.9
1697437800,52.5,52.5,52.5,52.5
1697439600,52.5,52.8,52.1,52.35
1697441400,52.35,52.35,51.8,51.95
1697443200,52,52.3,51.8,52
1697445000,52.05,52.3,51.9,52.25
1697446800,52.2,52.3,52,52.1
1697448600,52.1,52.25,52.05,52.1
1697450400,52.05,52.25,51.85,51.9
1697452200,51.9,51.95,51.75,51.8
1697454000,51.8,52,51.75,51.95
1697455800,51.95,52.35,51.85,52.2
1697457600,52.25,52.3,52,52.2
1697459400,52.2,52.7,52.1,52.6
1697461200,52.6,52.6,52.25,52.45
1697463000,52.45,52.9,52.2,52.85
1697464800,52.85,52.9,52.25,52.3
1697466600,52.25,52.55,51.65,51.8
1697468400,51.8,51.8,51.8,51.8
1697524200,51.9,51.9,51.9,51.9
1697526000,51.95,52.6,51.85,52.45
1697527800,52.45,52.5,52.05,52.1
1697529600,52.1,52.25,52,52.15
1697531400,52.15,52.25,52.05,52.15
1697533200,52.1,52.15,51.85,51.95
1697535000,51.95,52.1,51.75,52
1697536800,52.05,52.2,51.9,52.1
1697538600,52.1,52.15,51.9,52.15
1697540400,52.1,52.45,52.05,52.3
1697542200,52.3,52.35,52.1,52.3
1697544000,52.3,52.5,52.15,52.45
1697545800,52.45,52.55,52.25,52.45
1697547600,52.45,52.75,52.4,52.55
1697549400,52.6,52.7,52.4,52.6
1697551200,52.55,52.75,52.4,52.5
1697553000,52.5,52.8,52.45,52.65
1697554800,52.75,52.75,52.75,52.75
1697610600,51.85,51.85,51.85,51.85
1697612400,51.85,52.35,51.85,52.15
1697614200,52.1,52.15,51.8,51.95
1697616000,51.95,52,51.75,52
1697617800,51.95,52.1,51.75,51.8
1697619600,51.75,51.9,51.75,51.85
1697621400,51.85,51.9,51.7,51.8
1697623200,51.8,52,51.75,52
1697625000,52,52.1,51.65,51.7
1697626800,51.7,51.95,51.6,51.75
1697628600,51.75,51.85,51.7,51.8
1697630400,51.8,51.8,51.6,51.7
1697632200,51.7,51.75,51.6,51.6
1697634000,51.6,51.75,51.4,51.55
1697635800,51.55,51.8,51.5,51.6
1697637600,51.6,51.9,51.4,51.6
1697639400,51.55,51.65,51.05,51.35
1697641200,51.2,51.2,51.2,51.2
1697697000,51.35,51.35,51.35,51.35
1697698800,51.35,51.6,51.15,51.25
1697700600,51.25,51.25,50.95,51.15
1697702400,51.15,51.25,51,51.2
1697704200,51.15,51.45,51.1,51.4
1697706000,51.4,51.5,51.2,51.3
1697707800,51.3,51.45,51.25,51.4
1697709600,51.4,51.6,51.3,51.6
1697711400,51.6,51.65,51.5,51.55
1697713200,51.55,51.7,51.45,51.65
1697715000,51.65,51.8,51.5,51.75
1697716800,51.75,51.8,51.35,51.45
1697718600,51.45,51.45,50.95,51
1697720400,51,51.15,50.7,50.85
1697722200,50.85,50.95,50.5,50.75
1697724000,50.7,50.8,50.5,50.75
1697725800,50.75,50.9,50.2,50.65
1697727600,50.6,50.75,50.6,50.75
1697783400,50,50,50,50
1697785200,50,50.25,49.72,49.8
1697787000,49.78,50.3,49.72,50.2
1697788800,50.15,50.2,49.98,50
1697790600,50,50.05,49.86,49.86
1697792400,49.86,49.92,49.78,49.82
1697794200,49.82,49.94,49.68,49.92
1697796000,49.92,50,49.84,49.88
1697797800,49.88,49.96,49.78,49.9
1697799600,49.88,49.96,49.74,49.94
1697801400,49.92,49.96,49.62,49.76
1697803200,49.76,49.92,49.62,49.74
1697805000,49.74,49.9,49.7,49.74
1697806800,49.74,49.88,49.54,49.58
1697808600,49.56,49.58,49.26,49.34
1697810400,49.32,49.54,49.2,49.36
1697812200,49.36,49.44,48.74,49.28
1697814000,49.54,49.54,49.54,49.54
1698042600,50.1,50.1,50.1,50.1
1698044400,50.15,50.45,49.74,50.05
1698046200,50,50.1,49.8,50
1698048000,50,50.05,49.62,49.64
1698049800,49.64,49.72,49.46,49.7
1698051600,49.68,49.72,49.14,49.28
1698053400,49.26,49.48,49.22,49.44
1698055200,49.44,49.48,49.22,49.34
1698057000,49.34,49.48,49.26,49.3
1698058800,49.28,49.38,49.24,49.3
1698060600,49.3,49.7,49.28,49.68
1698062400,49.68,49.96,49.5,49.9
1698064200,49.9,50.2,49.86,50.15
1698066000,50.2,50.2,49.98,50.1
1698067800,50.1,50.2,49.84,50.15
1698069600,50.2,50.5,50,50.45
1698071400,50.5,50.55,50.1,50.15
1698073200,50.05,50.05,50.05,50.05
1698129000,50.25,50.25,50.25,50.25
1698130800,50.25,50.6,50.05,50.4
1698132600,50.4,50.65,50.3,50.6
1698134400,50.6,50.7,50.3,50.4
1698136200,50.35,50.55,50.3,50.45
1698138000,50.4,50.6,50.35,50.55
1698139800,50.6,50.6,50.3,50.4
1698141600,50.35,50.6,50.35,50.6
1698143400,50.6,50.75,50.4,50.5
1698145200,50.5,50.65,50.4,50.65
1698147000,50.6,50.65,50.4,50.5
1698148800,50.5,50.65,50.45,50.5
1698150600,50.5,50.55,50.25,50.55
1698152400,50.55,50.85,50.45,50.8
1698154200,50.8,51.1,50.7,51
1698156000,51,51.2,50.8,50.9
1698157800,50.85,50.95,50.65,50.75
1698159600,50.75,50.75,50.75,50.75
1698215400,50.95,50.95,50.95,50.95
1698217200,50.9,51.55,50.75,51.3
1698219000,51.3,51.35,50.95,51.15
1698220800,51.15,51.2,50.5,50.5
1698222600,50.5,50.75,50.45,50.7
1698224400,50.75,50.8,50.55,50.7
1698226200,50.7,50.75,50.2,50.25
1698228000,50.2,50.3,49.88,49.92
1698229800,49.92,49.92,49.56,49.84
1698231600,49.86,49.96,49.58,49.58
1698233400,49.58,49.7,49.26,49.36
1698235200,49.36,49.48,49.2,49.38
1698237000,49.36,49.42,48.6,48.64
1698238800,48.66,48.9,48.5,48.78
1698240600,48.78,48.86,48.42,48.42
1698242400,48.42,48.7,47.4,47.62
1698246000,47.42,47.42,47.42,47.42
1698301800,47.62,47.62,47.62,47.62
1698303600,47.64,48.52,47.54,47.86
1698305400,47.84,48.14,47.66,47.78
1698307200,47.76,48,47.68,47.86
1698309000,47.86,48.2,47.78,48.12
1698310800,48.14,48.44,47.74,47.96
1698312600,47.94,48.42,47.92,48.36
1698314400,48.36,48.66,48.2,48.28
1698316200,48.28,48.42,48.06,48.28
1698318000,48.28,48.56,47.76,47.92
1698319800,47.92,48.26,47.76,48.22
1698321600,48.22,48.74,48.1,48.7
1698323400,48.72,49.08,48.62,48.72
1698325200,48.7,48.98,48.66,48.7
1698327000,48.7,48.9,48.5,48.66
1698328800,48.68,48.78,48.2,48.54
1698330600,48.52,49.3,48.34,49.12
1698332400,49.1,49.1,49.1,49.1
1698388200,49.2,49.2,49.2,49.2
1698390000,49.18,49.24,48.72,49
1698391800,49,49,48.52,48.54
1698393600,48.54,48.78,48.4,48.78
1698395400,48.78,49.38,48.76,49.32
1698397200,49.3,49.38,49.14,49.28
1698399000,49.26,49.3,49.1,49.18
1698400800,49.16,49.3,49.1,49.14
1698402600,49.14,49.2,49,49.12
1698404400,49.14,49.2,48.94,49.04
1698406200,49.04,49.26,48.96,49.06
1698408000,49.06,49.16,48.74,48.82
1698409800,48.8,48.82,48.32,48.36
1698411600,48.38,48.8,48.3,48.74
1698413400,48.74,48.9,48.52,48.6
1698415200,48.6,49.2,48.5,48.88
1698417000,48.9,49.92,48.84,49.36
1698418800,49.36,49.54,49.36,49.54
1698647400,49.64,49.64,49.64,49.64
1698649200,49.62,49.74,49.26,49.56
1698651000,49.56,49.74,49.46,49.6
1698652800,49.58,49.72,49.52,49.6
1698654600,49.58,49.64,49.34,49.38
1698656400,49.38,49.54,49.34,49.34
1698658200,49.36,49.36,49.1,49.26
1698660000,49.26,49.3,49.06,49.18
1698661800,49.18,49.44,49.14,49.36
1698663600,49.36,49.4,49.26,49.34
1698665400,49.34,49.42,49.26,49.38
1698667200,49.38,49.46,49.32,49.36
1698669000,49.36,49.38,49.18,49.22
1698670800,49.22,49.26,49.04,49.08
1698672600,49.06,49.4,48.94,49.14
1698674400,49.14,49.16,48.84,48.98
1698676200,48.96,49.12,48.82,48.84
1698678000,48.84,48.84,48.72,48.72
1698733800,49,49,49,49
1698735600,49.02,49.08,48.78,48.82
1698737400,48.84,49.28,48.78,49
1698739200,49.02,49.06,48.84,48.9
1698741000,48.92,48.94,48.7,48.84
1698742800,48.82,48.9,48.74,48.78
1698744600,48.78,48.86,48.72,48.84
1698746400,48.82,48.96,48.78,48.82
1698748200,48.82,48.88,48.76,48.84
1698750000,48.82,48.86,48.74,48.78
1698751800,48.8,48.8,48.68,48.74
1698753600,48.74,48.76,48.5,48.6
1698755400,48.58,48.6,48.28,48.3
1698757200,48.3,48.4,48.16,48.38
1698759000,48.38,48.42,47.96,48.06
1698760800,48.06,48.06,47.52,47.6
1698762600,47.6,47.62,47.12,47.3
1698764400,47.34,47.34,47.34,47.34
1698820200,47.7,47.7,47.7,47.7
1698822000,47.72,48.04,47.62,47.66
1698823800,47.66,47.78,47.5,47.7
1698825600,47.7,47.78,47.44,47.6
1698827400,47.6,47.7,47.5,47.52
1698829200,47.52,47.54,47.3,47.46
1698831000,47.48,47.62,47.42,47.48
1698832800,47.46,47.48,47.14,47.2
1698834600,47.18,47.28,46.84,46.88
1698836400,46.86,46.92,46.64,46.7
1698838200,46.7,47.14,46.66,47.1
1698840000,47.12,47.28,47,47.18
1698841800,47.18,47.26,46.86,46.96
1698843600,46.96,47.08,46.6,46.62
1698845400,46.6,46.94,46.4,46.86
1698847200,46.88,47.72,46.62,47.56
1698849000,47.54,47.84,47.38,47.62
1698850800,47.62,47.62,47.56,47.56
1698906600,47.8,47.8,47.8,47.8
1698908400,47.82,48.2,47.72,48.12
1698910200,48.1,48.16,47.88,48.12
1698912000,48.14,48.26,48.06,48.12
1698913800,48.1,48.18,47.86,47.98
1698915600,47.96,48.02,47.78,48
1698917400,47.98,48,47.9,47.98
1698919200,47.96,48.12,47.94,48.02
1698921000,48,48.08,47.88,47.96
1698922800,47.98,47.98,47.84,47.92
1698924600,47.92,48.06,47.86,48
1698926400,48,48.04,47.68,47.84
1698928200,47.84,47.84,47.56,47.7
1698930000,47.68,47.9,47.64,47.9
1698931800,47.88,47.98,47.84,47.9
1698933600,47.9,47.96,47.64,47.76
1698935400,47.76,47.8,47.6,47.7
1698937200,47.64,47.64,47.64,47.64
1698993000,47.76,47.76,47.76,47.76
1698994800,47.76,48.08,47.72,47.86
1698996600,47.86,47.96,47.8,47.88
1698998400,47.88,47.9,47.64,47.74
1699000200,47.72,47.8,47.6,47.78
1699002000,47.76,47.82,47.64,47.66
1699003800,47.66,47.74,47.62,47.7
1699005600,47.72,47.84,47.68,47.82
1699007400,47.82,47.92,47.74,47.9
1699009200,47.9,47.98,47.84,47.84
1699011000,47.86,48.46,47.84,48.32
1699012800,48.3,48.36,48.02,48.18
1699014600,48.18,48.42,48.18,48.32
1699016400,48.32,48.36,47.92,48.2
1699018200,48.2,48.7,48.2,48.4
1699020000,48.42,48.46,48.14,48.38
1699021800,48.36,48.64,48.14,48.6
1699023600,48.78,48.78,48.78,48.78
1699252200,49.1,49.1,49.1,49.1
1699254000,49.12,49.54,49.12,49.42
1699255800,49.42,49.66,49.4,49.6
1699257600,49.58,49.64,49.34,49.38
1699259400,49.38,49.54,49.32,49.52
1699261200,49.54,49.56,49.46,49.54
1699263000,49.54,49.6,49.44,49.5
1699264800,49.48,49.6,49.44,49.46
1699266600,49.46,49.46,49.34,49.4
1699268400,49.38,49.4,49.26,49.28
1699270200,49.28,49.38,49.16,49.22
1699272000,49.24,49.36,49.18,49.3
1699273800,49.3,49.38,49.22,49.32
1699275600,49.32,49.38,49.24,49.34
1699277400,49.32,49.38,49.16,49.34
1699279200,49.34,49.48,49.26,49.44
1699281000,49.44,49.48,49.22,49.28
1699282800,49.28,49.36,49.28,49.36
1699338600,49.36,49.36,49.36,49.36
1699340400,49.34,49.36,49.12,49.36
1699342200,49.36,49.62,49.34,49.6
1699344000,49.6,49.64,49.3,49.32
1699345800,49.32,49.48,49.24,49.44
1699347600,49.44,49.44,49.14,49.22
1699349400,49.22,49.28,49.14,49.2
1699351200,49.2,49.2,49.06,49.18
1699353000,49.18,49.28,49.12,49.22
1699354800,49.22,49.22,49.08,49.14
1699356600,49.16,49.22,49.1,49.2
1699358400,49.2,49.26,49.12,49.14
1699360200,49.14,49.28,49,49.14
1699362000,49.14,49.38,49.1,49.3
1699363800,49.28,49.44,49.24,49.42
1699365600,49.44,49.48,49.1,49.2
1699367400,49.18,49.26,49,49.06
1699369200,49.1,49.1,49.1,49.1
1699425000,49.36,49.36,49.36,49.36
1699426800,49.36,49.96,49.36,49.72
1699428600,49.7,49.8,49.58,49.6
1699430400,49.6,49.64,49.44,49.62
1699432200,49.6,49.6,49.38,49.42
1699434000,49.4,49.44,49.26,49.28
1699435800,49.28,49.4,49.16,49.26
1699437600,49.26,49.28,49.14,49.26
1699439400,49.26,49.32,49.06,49.08
1699441200,49.08,49.14,48.98,49.1
1699443000,49.1,49.2,49.04,49.1
1699444800,49.1,49.12,48.94,49.04
1699446600,49.02,49.08,48.92,48.96
1699448400,48.98,49.08,48.96,49.06
1699450200,49.04,49.06,48.72,48.72
1699452000,48.74,48.86,48.6,48.76
1699453800,48.74,48.92,48.66,48.74
1699455600,48.8,48.8,48.8,48.8
1699511400,48.56,48.56,48.56,48.56
1699513200,48.56,48.86,48.5,48.66
1699515000,48.66,48.7,48.46,48.58
1699516800,48.56,48.62,48.32,48.38
1699518600,48.42,48.44,48.32,48.34
1699520400,48.32,48.42,48.32,48.4
1699522200,48.4,48.44,48.32,48.4
1699524000,48.4,48.46,48.32,48.4
1699525800,48.4,48.46,48.36,48.38
1699527600,48.38,48.4,48.22,48.32
1699529400,48.34,48.36,48.22,48.22
1699531200,48.24,48.28,48.16,48.24
1699533000,48.24,48.34,48.18,48.28
1699534800,48.28,48.58,48.26,48.48
1699536600,48.5,48.96,48.38,48.96
1699538400,48.96,49.12,48.76,48.82
1699540200,48.84,48.9,48.7,48.86
1699542000,48.86,48.86,48.86,48.86
1699597800,48.86,48.86,48.86,48.86
1699599600,48.86,49.1,48.6,48.74
1699601400,48.72,48.84,48.6,48.72
1699603200,48.72,48.76,48.44,48.54
1699605000,48.54,48.6,48.42,48.5
1699606800,48.5,48.6,48.42,48.52
1699608600,48.5,48.6,48.48,48.52
1699610400,48.5,48.56,48.44,48.48
1699612200,48.48,48.56,48.44,48.54
1699614000,48.52,48.54,48.42,48.44
1699615800,48.46,48.58,48.44,48.52
1699617600,48.52,48.6,48.48,48.54
1699619400,48.52,48.7,48.52,48.58
1699621200,48.58,48.86,48.54,48.72
1699623000,48.7,48.76,48.66,48.72
1699624800,48.74,48.8,48.56,48.66
1699626600,48.68,48.7,48.3,48.36
1699628400,48.36,48.44,48.36,48.44
1699857000,48.44,48.44,48.44,48.44
1699858800,48.44,48.6,48.1,48.3
1699860600,48.3,48.32,48.12,48.28
1699862400,48.28,48.3,48.04,48.08
1699864200,48.08,48.26,48.04,48.18
1699866000,48.18,48.46,48.12,48.32
1699867800,48.32,48.46,48.3,48.42
1699869600,48.44,48.64,48.38,48.54
1699871400,48.52,48.54,48.32,48.4
1699873200,48.38,48.42,48.28,48.28
1699875000,48.28,48.36,48.2,48.26
1699876800,48.26,48.28,48.06,48.26
1699878600,48.26,48.36,48.16,48.2
1699880400,48.2,48.22,48.04,48.16
1699882200,48.14,48.4,48.04,48.08
1699884000,48.06,48.12,47.74,47.78
1699885800,47.76,47.92,47.46,47.52
1699887600,47.56,47.56,47.56,47.56
1699943400,47.7,47.7,47.7,47.7
1699945200,47.7,47.78,47.38,47.5
1699947000,47.52,47.82,47.36,47.74
1699948800,47.78,47.92,47.68,47.9
1699950600,47.9,47.94,47.66,47.7
1699952400,47.7,47.84,47.64,47.64
1699954200,47.66,47.72,47.56,47.58
1699956000,47.56,47.82,47.54,47.8
1699957800,47.8,47.8,47.62,47.7
1699959600,47.68,47.74,47.46,47.58
1699961400,47.58,48.02,47.52,47.94
1699963200,47.96,48.04,47.92,47.92
1699965000,47.94,48,47.78,47.84
1699966800,47.84,48.1,47.7,48.08
1699968600,48.1,48.56,48.1,48.54
1699970400,48.56,48.58,48.3,48.34
1699972200,48.34,48.54,48.32,48.4
1699974000,48.46,48.46,48.46,48.46
1700029800,48.7,48.7,48.7,48.7
1700031600,48.7,49.08,48.7,48.9
1700033400,48.9,48.94,48.66,48.74
1700035200,48.76,48.78,48.66,48.74
1700037000,48.74,48.76,48.64,48.72
1700038800,48.7,48.74,48.54,48.54
1700040600,48.56,48.62,48.54,48.58
1700042400,48.58,48.58,48.32,48.44
1700044200,48.44,48.56,48.4,48.5
1700046000,48.5,48.68,48.46,48.5
1700047800,48.48,48.58,48.42,48.5
1700049600,48.5,48.56,48.38,48.56
1700051400,48.54,48.7,48.42,48.5
1700053200,48.5,48.52,48.28,48.3
1700055000,48.28,48.54,48.2,48.46
1700056800,48.44,48.48,48.28,48.42
1700058600,48.42,48.46,47.98,48.2
1700060400,48.28,48.28,48.28,48.28
1700116200,48.28,48.28,48.28,48.28
1700118000,48.28,48.6,48.26,48.48
1700119800,48.5,48.68,48.48,48.58
1700121600,48.6,48.9,48.56,48.74
1700123400,48.76,48.92,48.76,48.9
1700125200,48.9,48.94,48.72,48.86
1700127000,48.86,48.9,48.76,48.8
1700128800,48.82,48.88,48.72,48.8
1700130600,48.8,49.14,48.78,49.14
1700132400,49.12,49.18,49,49.02
1700134200,49.02,49.1,48.9,49
1700136000,49.02,49.06,48.96,49
1700137800,48.98,49.1,48.94,49.08
1700139600,49.08,49.12,48.98,49.02
1700141400,49.02,49.16,48.9,48.94
1700143200,48.96,49.04,48.74,48.78
1700145000,48.76,49.02,48.68,48.92
1700146800,48.92,49,48.92,49
1700202600,49,49,49,49
1700204400,49,49.06,48.72,49.02
1700206200,49,49.04,48.8,48.96
1700208000,48.98,49,48.82,48.86
1700209800,48.84,49,48.82,48.94
1700211600,48.94,48.96,48.84,48.88
1700213400,48.9,48.96,48.82,48.88
1700215200,48.86,48.92,48.82,48.88
1700217000,48.88,48.96,48.84,48.92
1700218800,48.92,48.94,48.82,48.94
1700220600,48.92,48.96,48.88,48.96
1700222400,48.96,49.04,48.9,48.94
1700224200,48.94,49.34,48.94,49.08
1700226000,49.06,49.08,48.92,49
1700227800,48.98,49.08,48.98,49.04
1700229600,49.02,49.02,48.8,48.82
1700231400,48.84,49.04,48.8,48.98
1700233200,48.98,48.98,48.9,48.9
1700461800,49.18,49.18,49.18,49.18
1700463600,49.2,49.58,49.1,49.5
1700465400,49.48,49.54,49.42,49.48
1700467200,49.48,49.56,49.42,49.46
1700469000,49.44,49.68,49.42,49.5
1700470800,49.5,49.58,49.44,49.48
1700472600,49.48,49.54,49.44,49.5
1700474400,49.5,49.74,49.46,49.58
1700476200,49.58,49.62,49.4,49.42
1700478000,49.42,49.58,49.38,49.56
1700479800,49.54,49.62,49.5,49.6
1700481600,49.6,49.7,49.52,49.68
1700483400,49.66,49.82,49.64,49.76
1700485200,49.76,49.78,49.54,49.56
1700487000,49.54,49.66,49.52,49.58
1700488800,49.56,49.6,49.42,49.58
1700490600,49.58,49.6,49.4,49.46
1700492400,49.6,49.6,49.6,49.6
1700548200,49.88,49.88,49.88,49.88
1700550000,49.88,50.45,49.88,50.4
1700551800,50.35,50.5,50.25,50.4
1700553600,50.4,50.45,50.35,50.4
1700555400,50.4,50.45,50.2,50.25
1700557200,50.25,50.25,49.98,50.05
1700559000,50,50.1,50,50.05
1700560800,50.05,50.05,49.84,49.9
1700562600,49.9,50.05,49.8,50.05
1700564400,50.05,50.2,50,50.2
1700566200,50.2,50.25,50.1,50.2
1700568000,50.2,50.4,50.15,50.35
1700569800,50.35,50.4,50.1,50.25
1700571600,50.25,50.4,50.15,50.4
1700573400,50.35,50.4,49.82,49.94
1700575200,49.94,49.98,49.84,49.94
1700577000,49.94,50.4,49.94,50.35
1700578800,50.4,50.45,50.4,50.45
1700634600,50.4,50.4,50.4,50.4
1700636400,50.35,50.65,50.2,50.4
1700638200,50.35,50.4,50.05,50.1
1700640000,50.05,50.2,50.05,50.15
1700641800,50.1,50.25,50.1,50.2
1700643600,50.15,50.25,50.05,50.1
1700645400,50.1,50.2,49.98,50.05
1700647200,50,50.1,49.9,50.05
1700649000,50,50.1,49.92,49.94
1700650800,49.94,50.05,49.84,49.98
1700652600,49.98,50.1,49.94,50.05
1700654400,50.1,50.2,50,50.05
1700656200,50.1,50.15,50,50.1
1700658000,50.1,50.3,50.05,50.15
1700659800,50.2,50.2,50,50.1
1700661600,50.1,50.2,50,50.15
1700663400,50.15,50.25,50.05,50.15
1700665200,50.15,50.15,50.15,50.15
1700721000,50.15,50.15,50.15,50.15
1700722800,50.15,50.45,50.1,50.2
1700724600,50.2,50.25,50.1,50.2
1700726400,50.15,50.3,50.1,50.2
1700728200,50.2,50.35,50.15,50.3
1700730000,50.3,50.35,50.2,50.25
1700731800,50.25,50.3,50.2,50.3
1700733600,50.3,50.35,50.25,50.3
1700735400,50.25,50.4,50.25,50.35
1700737200,50.3,50.5,49.8,49.82
1700739000,49.8,50.2,49.58,50.1
1700740800,50.1,50.1,49.96,50
1700742600,50,50.1,49.92,50.05
1700744400,50.1,50.2,49.98,50.1
1700746200,50.05,50.15,49.8,49.9
1700748000,49.88,49.9,49.66,49.82
1700749800,49.8,49.82,49.2,49.24
1700751600,49.2,49.2,49.2,49.2
1700807400,49.18,49.18,49.18,49.18
1700809200,49.18,49.26,48.84,48.92
1700811000,48.94,49.34,48.88,49.2
1700812800,49.2,49.22,48.86,48.9
1700814600,48.92,48.98,48.86,48.86
1700816400,48.86,48.96,48.86,48.9
1700818200,48.9,49,48.84,48.96
1700820000,48.98,48.98,48.9,48.92
1700821800,48.92,48.94,48.8,48.8
1700823600,48.82,48.86,48.74,48.8
1700825400,48.8,48.9,48.78,48.84
1700827200,48.84,49,48.76,49
1700829000,48.98,49.24,48.96,49.2
1700830800,49.22,49.48,49.22,49.34
1700832600,49.36,49.62,49.24,49.56
1700834400,49.56,49.66,49.38,49.52
1700836200,49.5,49.54,49.3,49.36
1700838000,49.36,49.36,49.36,49.36
1701066600,49.5,49.5,49.5,49.5
1701068400,49.5,50.1,49.46,50.05
1701070200,50.05,50.2,49.88,49.9
1701072000,49.92,49.94,49.76,49.78
1701073800,49.78,49.92,49.76,49.82
1701075600,49.82,49.84,49.74,49.78
1701077400,49.76,49.82,49.66,49.7
1701079200,49.68,49.7,49.6,49.66
1701081000,49.66,49.68,49.56,49.62
1701082800,49.62,49.66,49.56,49.64
1701084600,49.62,49.66,49.5,49.56
1701086400,49.56,49.6,49.42,49.5
1701088200,49.5,49.64,49.44,49.6
1701090000,49.6,49.8,49.58,49.74
1701091800,49.74,50.1,49.68,49.98
1701093600,49.98,50.3,49.96,50.1
1701095400,50.1,50.15,49.96,50.05
1701097200,50,50,50,50
1701153000,50,50,50,50
1701154800,50.05,50.35,50,50.1
1701156600,50.1,50.2,50.05,50.15
1701158400,50.1,50.25,50,50.15
1701160200,50.1,50.15,49.88,49.92
1701162000,49.9,49.96,49.86,49.94
1701163800,49.94,50.15,49.92,50.05
1701165600,50.05,50.15,50,50
1701167400,50,50.05,49.96,50
1701169200,50,50.05,49.72,49.86
1701171000,49.86,49.9,49.8,49.84
1701172800,49.82,49.98,49.74,49.98
1701174600,49.98,50.05,49.86,49.9
1701176400,49.9,49.94,49.74,49.84
1701178200,49.84,49.9,49.72,49.84
1701180000,49.84,49.96,49.72,49.9
1701181800,49.92,50.1,49.72,49.98
1701183600,49.98,50,49.98,50
1701239400,50.05,50.05,50.05,50.05
1701241200,50.1,50.15,49.92,49.94
1701243000,49.94,50.3,49.92,50.3
1701244800,50.3,50.65,50.15,50.4
1701246600,50.4,50.45,50.2,50.4
1701248400,50.4,50.55,50.3,50.35
1701250200,50.35,50.45,50.3,50.45
1701252000,50.45,50.45,50.2,50.4
1701253800,50.35,50.55,50.35,50.45
1701255600,50.4,50.6,50.25,50.45
1701257400,50.4,50.45,50.05,50.1
1701259200,50.15,50.3,50.05,50.2
1701261000,50.2,50.45,50.05,50.35
1701262800,50.4,50.6,50.35,50.5
1701264600,50.55,50.75,50.25,50.3
1701266400,50.35,50.8,50.15,50.6
1701268200,50.6,50.8,50.3,50.7
1701270000,50.7,50.7,50.65,50.65
1701325800,50.55,50.55,50.55,50.55
1701327600,50.55,50.75,50.35,50.65
1701329400,50.65,50.7,50.35,50.5
1701331200,50.45,50.5,50.35,50.4
1701333000,50.4,50.5,50.15,50.25
1701334800,50.25,50.4,50.2,50.3
1701336600,50.25,50.4,50.25,50.3
1701338400,50.3,50.55,50.25,50.4
1701340200,50.4,50.4,50.3,50.35
1701342000,50.35,50.45,50.3,50.4
1701343800,50.4,50.6,50.35,50.45
1701345600,50.45,50.5,50.3,50.45
1701347400,50.45,50.45,50.1,50.15
1701349200,50.15,50.35,49.92,49.94
1701351000,49.94,49.98,49.62,49.64
1701352800,49.66,49.74,49.52,49.6
1701354600,49.6,49.6,49.24,49.32
1701356400,49.26,49.26,49.26,49.26
1701412200,49.8,49.8,49.8,49.8
1701414000,49.82,50,49.72,49.8
1701415800,49.78,49.8,49.7,49.76
1701417600,49.76,49.78,49.54,49.56
1701419400,49.58,49.6,49.28,49.32
1701421200,49.3,49.38,49.24,49.32
1701423000,49.32,49.48,49.32,49.36
1701424800,49.36,49.44,49.18,49.2
1701426600,49.2,49.3,49.1,49.28
1701428400,49.3,49.36,49.26,49.34
1701430200,49.34,49.4,49.26,49.3
1701432000,49.32,49.36,49.2,49.28
1701433800,49.3,49.36,49.26,49.28
1701435600,49.28,49.3,49.16,49.28
1701437400,49.28,49.3,49.08,49.12
1701439200,49.12,49.12,48.66,48.78
1701441000,48.78,49,48.76,48.98
1701442800,48.92,48.92,48.92,48.92
1701671400,49.02,49.02,49.02,49.02
1701673200,49.02,49.32,49,49.04
1701675000,49.02,49.06,48.54,48.56
1701676800,48.54,48.62,48.38,48.56
1701678600,48.54,48.62,48.46,48.5
1701680400,48.48,48.64,48.46,48.6
1701682200,48.6,48.64,48.54,48.58
1701684000,48.6,48.7,48.58,48.68
1701685800,48.68,48.7,48.54,48.68
1701687600,48.68,48.84,48.66,48.74
1701689400,48.76,48.82,48.68,48.82
1701691200,48.82,48.94,48.76,48.82
1701693000,48.82,48.96,48.78,48.84
1701694800,48.82,48.94,48.78,48.84
1701696600,48.84,49.08,48.82,49.08
1701698400,49.06,49.1,48.94,48.98
1701700200,48.98,49,48.78,48.82
1701702000,48.96,48.96,48.96,48.96
1701757800,48.96,48.96,48.96,48.96
1701759600,48.94,49.1,48.9,49
1701761400,48.98,49.04,48.86,48.98
1701763200,49,49,48.9,48.96
1701765000,48.96,48.98,48.84,48.84
1701766800,48.84,48.86,48.7,48.76
1701768600,48.76,48.76,48.68,48.68
1701770400,48.7,48.72,48.56,48.68
1701772200,48.68,48.74,48.6,48.62
1701774000,48.62,48.7,48.58,48.64
1701775800,48.66,48.8,48.64,48.76
1701777600,48.74,48.78,48.6,48.62
1701779400,48.62,48.72,48.6,48.64
1701781200,48.64,48.64,48.46,48.5
1701783000,48.48,48.58,48.4,48.5
1701784800,48.5,48.52,48.36,48.48
1701786600,48.48,48.5,48.36,48.46
1701788400,48.46,48.46,48.4,48.4
1701844200,48.42,48.42,48.42,48.42
1701846000,48.44,48.58,48.4,48.54
1701847800,48.52,48.68,48.5,48.64
1701849600,48.66,48.88,48.52,48.68
1701851400,48.7,48.7,48.5,48.52
1701853200,48.5,48.56,48.14,48.14
1701855000,48.14,48.2,47.7,47.7
1701856800,47.72,47.84,47.64,47.7
1701858600,47.7,47.84,47.7,47.72
1701860400,47.72,47.76,47.58,47.64
1701862200,47.66,47.72,47.58,47.68
1701864000,47.68,47.74,47.52,47.58
1701865800,47.58,47.64,47.48,47.6
1701867600,47.62,47.66,47.52,47.56
1701869400,47.56,47.62,47.4,47.46
1701871200,47.44,47.5,47.06,47.18
1701873000,47.18,47.26,47,47.04
1701874800,46.9,46.9,46.9,46.9
1701930600,46.9,46.9,46.9,46.9
1701932400,46.92,47.24,46.92,47.18
1701934200,47.16,47.3,47.06,47.22
1701936000,47.2,47.22,46.96,47.14
1701937800,47.14,47.3,47.06,47.26
1701939600,47.26,47.48,47.26,47.42
1701941400,47.4,47.48,47.24,47.3
1701943200,47.28,47.42,47.28,47.4
1701945000,47.38,47.44,47.3,47.38
1701946800,47.38,47.4,47.1,47.12
1701948600,47.1,47.24,47.06,47.12
1701950400,47.1,47.16,46.86,47.04
1701952200,47.02,47.08,46.7,46.84
1701954000,46.84,47.02,46.7,46.92
1701955800,46.92,47.28,46.82,47.22
1701957600,47.24,47.86,47.24,47.78
1701959400,47.8,47.9,47.58,47.72
1701961200,47.72,47.98,47.72,47.98
1702017000,47.98,47.98,47.98,47.98
1702018800,47.96,48.12,47.78,47.84
1702020600,47.84,47.88,47.68,47.78
1702022400,47.78,47.8,47.54,47.6
1702024200,47.58,47.82,47.56,47.7
1702026000,47.7,47.72,47.52,47.56
1702027800,47.56,47.56,47.48,47.5
1702029600,47.5,47.66,47.4,47.66
1702031400,47.66,47.72,47.58,47.62
1702033200,47.62,47.68,47.48,47.56
1702035000,47.56,47.68,47.5,47.64
1702036800,47.64,47.64,47.42,47.54
1702038600,47.54,47.62,47.52,47.58
1702040400,47.58,47.86,47.56,47.72
1702042200,47.72,47.76,47.54,47.66
1702044000,47.66,47.72,47.44,47.52
1702045800,47.52,47.58,47.3,47.44
1702047600,47.44,47.44,47.44,47.44
1702276200,47.48,47.48,47.48,47.48
1702278000,47.48,47.78,47.34,47.6
1702279800,47.6,47.6,47.32,47.38
1702281600,47.4,47.5,47.34,47.4
1702283400,47.4,47.74,47.38,47.6
1702285200,47.6,47.64,47.36,47.38
1702287000,47.38,47.4,47.14,47.18
1702288800,47.16,47.22,46.92,47.16
1702290600,47.14,47.24,47.1,47.1
1702292400,47.1,47.22,47,47.1
1702294200,47.12,47.26,47.02,47.2
1702296000,47.2,47.26,47.08,47.22
1702297800,47.22,47.24,46.98,47.04
1702299600,47.04,47.22,46.96,46.98
1702301400,46.98,47.12,46.66,47.12
1702303200,47.12,47.48,47.1,47.38
1702305000,47.38,47.44,46.94,47
1702306800,46.98,46.98,46.66,46.66
1702362600,46.74,46.74,46.74,46.74
1702364400,46.74,47.04,46.64,46.74
1702366200,46.76,47.02,46.7,46.98
1702368000,47,47.04,46.86,47.04
1702369800,47.04,47.08,46.7,46.76
1702371600,46.74,46.8,46.6,46.64
1702373400,46.66,46.72,46.58,46.68
1702375200,46.68,46.7,46.58,46.58
1702377000,46.58,46.7,46.52,46.58
1702378800,46.58,46.64,46.38,46.42
1702380600,46.44,46.92,46.3,46.9
1702382400,46.9,47.02,46.72,46.98
1702384200,46.98,47.14,46.8,46.94
1702386000,46.94,47.04,46.82,47
1702387800,47,47.02,46.76,46.86
1702389600,46.84,47.18,46.72,46.94
1702391400,46.92,47.1,46.86,47
1702393200,46.94,46.94,46.94,46.94
1702449000,46.5,46.5,46.5,46.5
1702450800,46.7,46.76,46.48,46.62
1702452600,46.6,46.74,46.46,46.74
1702454400,46.74,46.82,46.52,46.6
1702456200,46.62,46.82,46.58,46.72
1702458000,46.72,46.76,46.64,46.72
1702459800,46.72,46.74,46.6,46.64
1702461600,46.64,46.7,46.56,46.6
1702463400,46.62,46.66,46.44,46.5
1702465200,46.5,46.62,46.44,46.56
1702467000,46.58,46.64,46.44,46.46
1702468800,46.48,46.56,46.38,46.5
1702470600,46.5,46.58,46.36,46.48
1702472400,46.48,46.5,46.3,46.36
1702474200,46.38,46.44,46.2,46.26
1702476000,46.26,46.66,46.2,46.38
1702477800,46.38,46.46,45.94,46
1702479600,45.98,45.98,45.94,45.96
1702535400,46.48,46.48,46.48,46.48
1702537200,46.5,46.74,46.4,46.44
1702539000,46.4,46.46,46.22,46.26
1702540800,46.28,46.34,46.02,46.06
1702542600,46.04,46.24,46.02,46.18
1702544400,46.18,46.26,46.12,46.16
1702546200,46.16,46.2,46.06,46.14
1702548000,46.14,46.3,46.06,46.28
1702549800,46.28,46.34,46.24,46.32
1702551600,46.32,46.68,46.3,46.64
1702553400,46.66,47.26,46.66,47.2
1702555200,47.2,47.52,47.2,47.38
1702557000,47.4,47.42,47.14,47.18
1702558800,47.18,47.38,47.14,47.36
1702560600,47.34,47.42,47.18,47.28
1702562400,47.28,47.54,47.24,47.24
1702564200,47.24,47.38,47.2,47.3
1702566000,47.3,47.3,47.3,47.3
1702621800,47.3,47.3,47.3,47.3
1702623600,47.3,47.82,47.24,47.6
1702625400,47.6,47.82,47.5,47.8
1702627200,47.78,47.88,47.7,47.78
1702629000,47.76,47.9,47.7,47.8
1702630800,47.78,48.24,47.78,48.12
1702632600,48.14,48.18,47.96,47.98
1702634400,47.98,48.06,47.94,48.02
1702636200,48.02,48.04,47.92,47.94
1702638000,47.96,48.08,47.86,48.06
1702639800,48.04,48.1,47.9,47.92
1702641600,47.92,48.02,47.8,47.86
1702643400,47.86,48.04,47.82,47.94
1702645200,47.94,48.08,47.86,48.06
1702647000,48.08,48.12,47.82,48.08
1702648800,48.08,48.22,48.02,48.22
1702650600,48.22,48.52,48.14,48.5
1702652400,48.48,48.48,48.48,48.48
1702881000,48,48,48,48
1702882800,48,48.28,47.88,48.04
1702884600,48.04,48.12,47.84,47.88
1702886400,47.88,47.92,47.68,47.78
1702888200,47.76,47.84,47.7,47.74
1702890000,47.74,47.74,47.56,47.64
1702891800,47.62,47.66,47.54,47.56
1702893600,47.56,47.66,47.48,47.66
1702895400,47.66,47.68,47.52,47.58
1702897200,47.58,47.6,47.5,47.52
1702899000,47.54,47.54,47.38,47.46
1702900800,47.44,47.54,47.34,47.52
1702902600,47.52,47.58,47.42,47.56
1702904400,47.56,47.68,47.46,47.66
1702906200,47.64,47.7,47.46,47.52
1702908000,47.52,47.64,47.36,47.38
1702909800,47.4,47.54,47.2,47.34
1702911600,47.36,47.36,47.36,47.36
1702967400,47.36,47.36,47.36,47.36
1702969200,47.36,47.5,47.24,47.34
1702971000,47.36,47.44,47.14,47.2
1702972800,47.22,47.3,46.94,46.98
1702974600,46.96,47.16,46.9,47.06
1702976400,47.04,47.14,47,47.06
1702978200,47.06,47.2,46.98,47.18
1702980000,47.18,47.3,47.12,47.22
1702981800,47.24,47.3,47.04,47.1
1702983600,47.1,47.2,47.06,47.16
1702985400,47.16,47.46,47.08,47.3
1702987200,47.3,47.32,47.02,47.08
1702989000,47.08,47.28,47.02,47.26
1702990800,47.26,47.36,47.14,47.26
1702992600,47.24,47.7,47.1,47.56
1702994400,47.54,47.7,47.26,47.44
1702996200,47.44,47.66,47.36,47.4
1702998000,47.42,47.42,47.42,47.42
1703053800,47.42,47.42,47.42,47.42
1703055600,47.42,47.58,47.26,47.54
1703057400,47.54,47.64,47.32,47.42
1703059200,47.42,47.54,47.28,47.32
1703061000,47.3,47.36,47.16,47.24
1703062800,47.22,47.26,47.1,47.18
1703064600,47.18,47.24,47.06,47.16
1703066400,47.16,47.16,47.06,47.08
1703068200,47.08,47.18,47.02,47.04
1703070000,47.04,47.1,46.96,47.02
1703071800,47,47.04,46.88,46.9
1703073600,46.88,47.12,46.86,47.06
1703075400,47.08,47.1,46.9,46.94
1703077200,46.94,47.02,46.76,46.98
1703079000,46.96,47.04,46.86,46.86
1703080800,46.86,47,46.78,46.94
1703082600,46.94,47.2,46.86,47.04
1703084400,47.04,47.04,46.98,46.98
1703140200,47,47,47,47
1703142000,47,47.22,46.94,47.18
1703143800,47.18,47.3,47,47
1703145600,47,47.46,46.94,47.3
1703147400,47.3,47.46,47.24,47.44
1703149200,47.44,47.56,47.38,47.4
1703151000,47.38,47.48,47.32,47.44
1703152800,47.44,47.46,47.32,47.34
1703154600,47.34,47.44,47.34,47.4
1703156400,47.4,47.66,47.12,47.18
1703158200,47.16,47.3,46.98,47.08
1703160000,47.08,47.12,46.96,47.02
1703161800,47.02,47.14,46.98,47.14
1703163600,47.14,47.42,47.06,47.38
1703165400,47.42,47.7,47.36,47.6
1703167200,47.6,47.86,47.56,47.8
1703169000,47.8,47.84,47.58,47.64
1703170800,47.62,47.66,47.62,47.66
1703226600,47.6,47.6,47.6,47.6
1703228400,47.58,47.82,47.54,47.56
1703230200,47.54,47.58,47.36,47.44
1703232000,47.44,47.5,47.36,47.4
1703233800,47.42,47.46,47.38,47.4
1703235600,47.4,47.42,47.2,47.24
1703237400,47.24,47.26,47.12,47.12
1703239200,47.12,47.12,47,47.06
1703241000,47.08,47.16,47.02,47.06
1703242800,47.06,47.16,47.06,47.1
1703244600,47.1,47.1,46.84,46.88
1703246400,46.88,46.98,46.72,46.94
1703248200,46.96,47,46.74,46.8
1703250000,46.78,46.94,46.72,46.82
1703251800,46.84,46.86,46.62,46.78
1703253600,46.78,46.88,46.66,46.82
1703255400,46.82,46.86,46.5,46.54
1703257200,46.38,46.38,46.38,46.38
1703485800,46.3,46.3,46.3,46.3
1703487600,46.3,46.4,46.04,46.14
1703489400,46.14,46.22,46,46.02
1703491200,46.02,46.02,45.82,45.98
1703493000,46,46.18,45.98,46.16
1703494800,46.14,46.16,46.02,46.04
1703496600,46.04,46.14,45.94,45.96
1703498400,45.96,46.06,45.94,46.04
1703500200,46.04,46.1,45.98,46.02
1703502000,46.02,46.04,45.82,45.84
1703503800,45.84,46.1,45.78,46.08
1703505600,46.1,46.14,45.94,46.06
1703507400,46.04,46.1,45.98,45.98
1703509200,46,46.18,45.98,46.12
1703511000,46.12,46.12,45.82,45.98
1703512800,45.98,46,45.44,45.56
1703514600,45.56,45.98,45.34,45.88
1703516400,45.46,45.46,45.46,45.46
1703572200,45.8,45.8,45.8,45.8
1703574000,45.82,46.2,45.8,45.9
1703575800,45.9,46.1,45.46,46.06
1703577600,46.06,46.16,45.76,45.82
1703579400,45.8,45.92,45.62,45.82
1703581200,45.82,45.82,45.66,45.76
1703583000,45.76,45.78,45.68,45.68
1703584800,45.68,45.74,45.56,45.58
1703586600,45.58,45.62,45.42,45.58
1703588400,45.6,45.62,45.38,45.62
1703590200,45.62,45.68,45.42,45.5
1703592000,45.5,45.72,45.44,45.72
1703593800,45.72,46.16,45.68,46.16
1703595600,46.16,46.36,45.96,46.12
1703597400,46.14,46.32,46.02,46.28
1703599200,46.3,46.36,46,46.02
1703601000,46.02,46.18,45.68,45.72
1703602800,45.72,45.72,45.72,45.72
1703658600,45.7,45.7,45.7,45.7
1703660400,45.7,45.82,45.5,45.58
1703662200,45.58,45.66,45.42,45.52
1703664000,45.54,45.64,45.4,45.48
1703665800,45.48,45.54,45.2,45.28
1703667600,45.26,45.42,45.22,45.42
1703669400,45.42,45.56,45.36,45.42
1703671200,45.42,45.48,45.38,45.48
1703673000,45.48,45.7,45.46,45.7
1703674800,45.7,45.76,45.56,45.68
1703676600,45.68,45.7,45.48,45.56
1703678400,45.56,45.9,45.54,45.78
1703680200,45.78,46.08,45.64,46.02
1703682000,46.02,46.2,45.98,46.14
1703683800,46.14,49.16,46.1,47.22
1703685600,47.2,47.68,46.96,47.08
1703687400,47.06,47.28,46.84,47.08
1703689200,46.84,46.84,46.84,46.84
1703745000,46.84,46.84,46.84,46.84
1703746800,46.86,47.34,46.86,47.18
1703748600,47.18,47.5,47.14,47.36
1703750400,47.38,47.4,47.22,47.32
1703752200,47.32,47.32,47.12,47.16
1703754000,47.18,47.66,47.16,47.42
1703755800,47.42,47.46,47.32,47.46
1703757600,47.44,47.5,47.28,47.3
1703759400,47.32,47.32,47.16,47.26
1703761200,47.26,47.26,47.08,47.12
1703763000,47.12,47.38,47.1,47.28
1703764800,47.3,47.42,47.22,47.22
1703766600,47.22,47.3,46.96,47.02
1703768400,47.02,47.14,46.82,47
1703770200,47.02,47.26,47,47.24
1703772000,47.24,47.26,46.66,46.76
1703773800,46.76,46.94,46.56,46.62
1703775600,46.6,46.7,46.6,46.7
1703831400,46.72,46.72,46.72,46.72
1703833200,46.72,46.76,46.52,46.7
1703835000,46.72,46.74,46.52,46.66
1703836800,46.66,46.7,46.38,46.44
1703838600,46.44,46.48,46.32,46.44
1703840400,46.44,46.44,46.32,46.4
1703842200,46.38,46.44,46.34,46.38
1703844000,46.36,46.4,46.26,46.34
1703845800,46.34,46.44,46.3,46.42
1703847600,46.42,46.44,46.34,46.38
1703849400,46.38,46.42,46.18,46.24
1703851200,46.24,46.3,46.16,46.22
1703853000,46.22,46.24,46.14,46.18
1703854800,46.18,46.26,46.12,46.22
1703856600,46.2,46.24,46.04,46.1
1703858400,46.08,46.3,46.06,46.24
1703860200,46.24,46.3,45.92,45.92
1703862000,45.94,45.94,45.82,45.82
1704177000,46.06,46.06,46.06,46.06
1704178800,46.08,46.3,46.04,46.24
1704180600,46.22,46.28,46.16,46.22
1704182400,46.22,46.34,46.18,46.2
1704184200,46.2,46.24,46.1,46.12
1704186000,46.12,46.14,45.98,46
1704187800,46,46.08,45.98,46.06
1704189600,46.06,46.14,46.04,46.12
1704191400,46.1,46.18,46.06,46.12
1704193200,46.12,46.18,46.08,46.14
1704195000,46.16,46.16,46,46.02
1704196800,46.04,46.08,45.98,46
1704198600,46,46.16,45.98,46.02
1704200400,46.02,46.14,45.98,46.04
1704202200,46.06,46.18,46.04,46.18
1704204000,46.18,46.24,46.08,46.1
1704205800,46.1,46.18,46.04,46.08
1704207600,46.16,46.16,46.16,46.16
1704263400,46.22,46.22,46.22,46.22
1704265200,46.2,46.42,46.12,46.34
1704267000,46.34,46.36,46.14,46.2
1704268800,46.2,46.22,46.08,46.12
1704270600,46.12,46.12,45.92,45.98
1704272400,45.98,46,45.92,45.94
1704274200,45.94,46.08,45.9,46.04
1704276000,46.04,46.04,45.9,45.92
1704277800,45.92,46,45.9,46
1704279600,46,46.2,45.94,46.04
1704281400,46.06,46.14,45.98,46.02
1704283200,46.02,46.04,45.94,45.94
1704285000,45.96,46.04,45.92,45.96
1704286800,45.94,46,45.92,45.96
1704288600,45.94,45.96,45.66,45.66
1704290400,45.68,45.76,44.94,44.98
1704292200,44.98,45.1,44.66,44.76
1704294000,44.54,44.54,44.54,44.54
1704349800,44.6,44.6,44.6,44.6
1704351600,44.6,44.96,44.6,44.68
1704353400,44.68,44.88,44.6,44.84
1704355200,44.84,45.08,44.78,45.04
1704357000,45.06,45.18,44.94,45.12
1704358800,45.12,45.28,45.06,45.26
1704360600,45.28,45.34,45.2,45.24
1704362400,45.24,45.28,45.18,45.22
1704364200,45.24,45.24,45.02,45.02
1704366000,45.04,45.12,45,45.04
1704367800,45.02,45.22,45,45.22
1704369600,45.22,45.26,45.14,45.16
1704371400,45.16,45.28,45.1,45.24
1704373200,45.24,45.44,45.2,45.4
1704375000,45.4,45.48,45.32,45.36
1704376800,45.36,45.46,45.26,45.4
1704378600,45.4,45.46,45.34,45.42
1704380400,45.5,45.5,45.5,45.5
1704436200,45.5,45.5,45.5,45.5
1704438000,45.52,45.62,45.44,45.54
1704439800,45.54,45.54,45.36,45.44
1704441600,45.46,45.48,45.34,45.44
1704443400,45.44,45.48,45.24,45.24
1704445200,45.24,45.38,45.16,45.36
1704447000,45.34,45.4,45.28,45.38
1704448800,45.38,45.38,45.28,45.36
1704450600,45.36,45.44,45.3,45.42
1704452400,45.4,45.5,45.4,45.42
1704454200,45.42,45.6,45.4,45.56
1704456000,45.56,45.66,45.5,45.54
1704457800,45.54,45.58,45.46,45.48
1704459600,45.48,45.68,45.46,45.66
1704461400,45.66,45.68,45.52,45.68
1704463200,45.68,45.76,45.62,45.64
1704465000,45.64,45.82,45.6,45.76
1704466800,45.8,45.8,45.8,45.8
1704695400,46.34,46.34,46.34,46.34
1704697200,46.36,46.98,46.32,46.9
1704699000,46.9,47.12,46.88,47.02
1704700800,47.02,47.44,47.02,47.34
1704702600,47.36,47.74,47.34,47.74
1704704400,47.72,48.02,47.7,47.8
1704706200,47.82,47.82,47.64,47.66
1704708000,47.66,47.74,47.6,47.6
1704709800,47.62,47.7,47.52,47.68
1704711600,47.66,47.68,47.52,47.6
1704713400,47.6,47.64,47.5,47.56
1704715200,47.58,47.74,47.54,47.7
1704717000,47.7,47.7,47.56,47.6
1704718800,47.6,47.66,47.44,47.48
1704720600,47.48,47.74,47.44,47.66
1704722400,47.68,47.86,47.54,47.64
1704724200,47.64,47.92,47.58,47.88
1704726000,47.9,47.98,47.9,47.98
1704781800,48.08,48.08,48.08,48.08
1704783600,48.06,48.1,47.64,47.86
1704785400,47.82,47.84,47.64,47.64
1704787200,47.64,47.68,47.48,47.5
1704789000,47.5,47.52,47.18,47.26
1704790800,47.24,47.32,47.14,47.22
1704792600,47.22,47.32,47.14,47.18
1704794400,47.16,47.44,47.06,47.32
1704796200,47.32,47.4,47.26,47.38
1704798000,47.36,47.46,47.26,47.42
1704799800,47.42,47.6,47.4,47.46
1704801600,47.46,47.46,47.22,47.26
1704803400,47.24,47.26,47.12,47.18
1704805200,47.16,47.34,47.12,47.3
1704807000,47.32,47.32,47.1,47.18
1704808800,47.18,47.28,47.12,47.16
1704810600,47.16,47.28,47.1,47.2
1704812400,47.2,47.2,47.2,47.2
1704868200,47.18,47.18,47.18,47.18
1704870000,47.2,47.3,47.14,47.22
1704871800,47.22,47.48,47.2,47.48
1704873600,47.48,47.56,47.28,47.32
1704875400,47.3,47.66,47.22,47.58
1704877200,47.58,47.7,47.5,47.62
1704879000,47.64,47.8,47.58,47.78
1704880800,47.78,47.88,47.52,47.6
1704882600,47.58,47.74,47.5,47.7
1704884400,47.7,47.78,47.66,47.72
1704886200,47.72,47.78,47.62,47.7
1704888000,47.72,47.76,47.66,47.72
1704889800,47.74,47.74,47.46,47.48
1704891600,47.48,47.86,47.42,47.84
1704893400,47.84,48.06,47.76,48.04
1704895200,48.06,48.32,48.04,48.18
1704897000,48.18,48.46,48.16,48.42
1704898800,48.46,48.46,48.46,48.46
1704954600,48.46,48.46,48.46,48.46
1704956400,48.48,48.68,48.28,48.46
1704958200,48.46,48.66,48.3,48.32
1704960000,48.32,48.32,48.12,48.22
1704961800,48.2,48.3,48.06,48.08
1704963600,48.08,48.32,48.06,48.32
1704965400,48.3,48.38,48.26,48.34
1704967200,48.34,48.38,48.18,48.3
1704969000,48.28,48.42,48.2,48.24
1704970800,48.24,48.3,48.16,48.2
1704972600,48.2,48.24,48.12,48.14
1704974400,48.14,48.28,48.04,48.08
1704976200,48.08,48.1,47.88,47.92
1704978000,47.9,48.24,47.86,48.22
1704979800,48.24,48.26,47.84,47.86
1704981600,47.86,48.04,47.8,47.82
1704983400,47.82,47.96,47.78,47.86
1704985200,47.8,47.8,47.8,47.8
1705041000,47.56,47.56,47.56,47.56
1705042800,47.56,47.7,47.12,47.18
1705044600,47.18,47.24,46.92,46.98
1705046400,46.96,47.2,46.94,47.06
1705048200,47.06,47.18,47.04,47.12
1705050000,47.1,47.24,47.04,47.06
1705051800,47.04,47.12,47.02,47.04
1705053600,47.02,47.16,46.98,47.14
1705055400,47.14,47.3,47.08,47.3
1705057200,47.3,47.54,47.26,47.52
1705059000,47.52,47.58,47.38,47.5
1705060800,47.52,47.88,47.52,47.84
1705062600,47.84,48.1,47.74,48.1
1705064400,48.1,48.36,48.08,48.16
1705066200,48.16,48.28,48.1,48.2
1705068000,48.22,48.26,48.02,48.18
1705069800,48.18,48.2,47.7,47.7
1705071600,47.72,47.74,47.72,47.74
1705300200,47.82,47.82,47.82,47.82
1705302000,47.84,48.26,47.8,48.14
1705303800,48.14,48.3,48.1,48.12
1705305600,48.12,48.24,48.06,48.2
1705307400,48.2,48.48,48.18,48.44
1705309200,48.44,48.48,48.36,48.4
1705311000,48.38,48.56,48.38,48.46
1705312800,48.48,48.48,48.28,48.32
1705314600,48.32,48.32,48.16,48.3
1705316400,48.3,48.32,48.14,48.16
1705318200,48.16,48.24,48.1,48.1
1705320000,48.12,48.2,47.98,48.14
1705321800,48.14,48.3,48.12,48.14
1705323600,48.16,48.16,48.04,48.1
1705325400,48.08,48.3,48.04,48.26
1705327200,48.26,48.42,48.18,48.24
1705329000,48.26,48.34,48.12,48.2
1705330800,48.24,48.24,48.24,48.24
1705386600,48.76,48.76,48.76,48.76
1705388400,48.76,48.98,48.42,48.64
1705390200,48.62,48.74,48.54,48.56
1705392000,48.54,48.66,48.46,48.62
1705393800,48.6,48.74,48.5,48.68
1705395600,48.66,48.74,48.54,48.56
1705397400,48.54,48.64,48.42,48.6
1705399200,48.58,48.64,48.5,48.56
1705401000,48.56,48.74,48.52,48.68
1705402800,48.7,48.72,48.52,48.52
1705404600,48.54,48.72,48.52,48.56
1705406400,48.58,48.66,48.54,48.6
1705408200,48.62,48.66,48.54,48.54
1705410000,48.56,48.68,48.46,48.56
1705411800,48.58,48.62,48.46,48.58
1705413600,48.58,48.64,48.5,48.52
1705415400,48.52,48.58,48.34,48.52
1705417200,48.54,48.54,48.54,48.54
1705473000,48.22,48.22,48.22,48.22
1705474800,48.22,48.38,48.18,48.32
1705476600,48.34,48.36,48.16,48.18
1705478400,48.16,48.28,48.04,48.24
1705480200,48.22,48.24,48.1,48.16
1705482000,48.14,48.18,48.12,48.14
1705483800,48.14,48.2,48.1,48.18
1705485600,48.18,48.22,48.14,48.2
1705487400,48.2,48.3,48.16,48.3
1705489200,48.3,48.38,48.22,48.22
1705491000,48.22,48.28,48.16,48.18
1705492800,48.18,48.28,47.98,48.08
1705494600,48.08,48.2,48.02,48.06
1705496400,48.08,48.16,48.02,48.06
1705498200,48.06,48.12,47.96,48.08
1705500000,48.06,48.14,48,48.12
1705501800,48.12,48.26,48.04,48.08
1705503600,48,48,48,48
1705559400,48.22,48.22,48.22,48.22
1705561200,48.24,48.48,48.22,48.36
1705563000,48.38,48.46,48.3,48.38
1705564800,48.38,48.44,48.3,48.38
1705566600,48.38,48.4,48.28,48.36
1705568400,48.34,48.38,48.22,48.22
1705570200,48.22,48.32,48.2,48.22
1705572000,48.22,48.24,48.12,48.2
1705573800,48.2,48.32,48.16,48.28
1705575600,48.26,48.32,48.22,48.26
1705577400,48.26,48.28,48.08,48.12
1705579200,48.12,48.2,48.1,48.18
1705581000,48.18,48.22,48.06,48.08
1705582800,48.08,48.22,48.08,48.18
1705584600,48.16,48.3,48.16,48.16
1705586400,48.18,48.34,48.16,48.28
1705588200,48.26,48.32,47.98,48
1705590000,47.82,47.82,47.82,47.82
1705645800,47.9,47.9,47.9,47.9
1705647600,47.88,47.98,47.68,47.76
1705649400,47.74,47.88,47.68,47.86
1705651200,47.86,47.86,47.62,47.62
1705653000,47.64,47.86,47.62,47.76
1705654800,47.76,47.82,47.72,47.78
1705656600,47.76,47.8,47.7,47.7
1705658400,47.72,47.76,47.68,47.7
1705660200,47.72,47.76,47.68,47.7
1705662000,47.72,47.76,47.68,47.74
1705663800,47.74,47.74,47.64,47.7
1705665600,47.7,47.84,47.68,47.82
1705667400,47.82,47.96,47.8,47.84
1705669200,47.82,48,47.72,47.9
1705671000,47.9,47.96,47.78,47.8
1705672800,47.8,47.88,47.66,47.8
1705674600,47.8,47.92,47.66,47.8
1705676400,48,48,48,48
1705905000,47.96,47.96,47.96,47.96
1705906800,47.94,48.18,47.66,48.1
1705908600,48.1,48.22,48.08,48.18
1705910400,48.18,48.28,48.12,48.16
1705912200,48.16,48.16,48,48.14
1705914000,48.14,48.16,48.04,48.12
1705915800,48.12,48.38,48.1,48.38
1705917600,48.38,48.4,48.24,48.3
1705919400,48.3,48.3,48.2,48.26
1705921200,48.28,48.28,48.2,48.22
1705923000,48.22,48.26,48.16,48.26
1705924800,48.26,48.28,48.04,48.1
1705926600,48.1,48.2,48.04,48.06
1705928400,48.06,48.14,47.94,48.12
1705930200,48.14,48.14,47.98,48.04
1705932000,48.04,48.08,47.88,47.96
1705933800,47.96,48.08,47.84,47.88
1705935600,47.82,47.82,47.82,47.82
1705991400,48.28,48.28,48.28,48.28
1705993200,48.3,48.44,48.26,48.34
1705995000,48.34,48.48,48.34,48.38
1705996800,48.38,48.42,48.3,48.36
1705998600,48.36,48.38,48.22,48.28
1706000400,48.3,48.36,48.16,48.22
1706002200,48.2,48.32,48.18,48.26
1706004000,48.26,48.3,48.16,48.2
1706005800,48.18,48.22,47.96,48.08
1706007600,48.06,48.08,47.92,48.02
1706009400,48,48.1,47.94,47.96
1706011200,47.94,48.08,47.92,48.04
1706013000,48.02,48.12,47.98,48
1706014800,48,48.04,47.88,47.9
1706016600,47.9,47.92,47.3,47.38
1706018400,47.38,47.5,47.12,47.26
1706020200,47.26,47.32,47.08,47.16
1706022000,47.2,47.2,47.2,47.2
1706077800,47.32,47.32,47.32,47.32
1706079600,47.32,47.48,47.24,47.4
1706081400,47.4,47.44,47.12,47.14
1706083200,47.12,47.22,47.04,47.1
1706085000,47.1,47.22,47.08,47.18
1706086800,47.18,47.3,47.16,47.28
1706088600,47.28,47.6,47.26,47.52
1706090400,47.52,47.72,47.52,47.62
1706092200,47.64,47.68,47.54,47.66
1706094000,47.68,47.86,47.66,47.72
1706095800,47.74,47.78,47.62,47.76
1706097600,47.78,48.02,47.76,47.92
1706099400,47.92,48.06,47.84,47.94
1706101200,47.96,48.18,47.9,48.02
1706103000,48.02,48.06,47.9,48.04
1706104800,48.04,48.04,47.8,47.94
1706106600,47.94,47.94,47.7,47.74
1706108400,47.72,47.72,47.72,47.72
1706164200,47.92,47.92,47.92,47.92
1706166000,47.92,48.22,47.92,48.14
1706167800,48.12,48.14,47.96,48.04
1706169600,48.06,48.18,48.02,48.14
1706171400,48.14,48.18,48.1,48.16
1706173200,48.16,48.22,48.1,48.2
1706175000,48.2,48.3,48.14,48.16
1706176800,48.18,48.2,48.04,48.16
1706178600,48.16,48.2,48.08,48.12
1706180400,48.14,48.3,47.94,47.96
1706182200,47.96,48.04,47.84,47.88
1706184000,47.88,47.9,47.68,47.84
1706185800,47.84,47.98,47.8,47.82
1706187600,47.82,47.84,47.72,47.78
1706189400,47.78,47.92,47.72,47.78
1706191200,47.78,47.86,47.74,47.82
1706193000,47.82,47.92,47.76,47.82
1706194800,47.88,47.88,47.88,47.88
1706250600,47.92,47.92,47.92,47.92
1706252400,47.94,48.06,47.88,48.02
1706254200,48.04,48.06,47.84,47.88
1706256000,47.88,48.44,47.84,48.32
1706257800,48.34,48.52,48.32,48.52
1706259600,48.54,48.72,48.46,48.68
1706261400,48.68,48.92,48.68,48.72
1706263200,48.72,48.78,48.6,48.76
1706265000,48.76,48.78,48.64,48.68
1706266800,48.68,48.8,48.62,48.74
1706268600,48.72,48.86,48.66,48.84
1706270400,48.84,49,48.74,48.86
1706272200,48.86,48.96,48.74,48.88
1706274000,48.86,49.12,48.8,49.08
1706275800,49.04,49.12,49,49.06
1706277600,49.08,49.08,48.84,48.98
1706279400,48.98,49.16,48.88,48.92
1706281200,49.12,49.12,49.12,49.12
1706509800,49.5,49.5,49.5,49.5
1706511600,49.52,49.86,49.5,49.86
1706513400,49.84,49.86,49.68,49.78
1706515200,49.78,50.15,49.72,50.15
1706517000,50.1,50.4,50.05,50.15
1706518800,50.15,50.15,49.98,50.15
1706520600,50.15,50.2,50.1,50.15
1706522400,50.1,50.2,49.8,49.86
1706524200,49.86,49.96,49.74,49.82
1706526000,49.82,49.98,49.78,49.96
1706527800,49.98,50,49.9,49.94
1706529600,49.96,50.1,49.88,50
1706531400,50,50.2,49.88,49.9
1706533200,49.9,49.98,49.72,49.92
1706535000,49.92,49.96,49.82,49.88
1706536800,49.88,49.96,49.8,49.9
1706538600,49.9,50.05,49.84,49.86
1706540400,49.88,49.88,49.88,49.88
1706596200,50,50,50,50
1706598000,49.98,50.1,49.52,49.62
1706599800,49.64,49.64,49.38,49.44
1706601600,49.42,49.48,49.26,49.3
1706603400,49.3,49.56,49.3,49.44
1706605200,49.44,49.5,49.38,49.48
1706607000,49.48,49.6,49.44,49.56
1706608800,49.58,49.6,49.46,49.48
1706610600,49.48,49.52,49.42,49.46
1706612400,49.46,49.52,49.42,49.46
1706614200,49.44,49.5,49.4,49.46
1706616000,49.46,49.54,49.44,49.46
1706617800,49.48,49.5,49.4,49.48
1706619600,49.48,49.5,49.34,49.36
1706621400,49.36,49.44,49.26,49.36
1706623200,49.34,49.5,49.3,49.48
1706625000,49.48,49.52,49.38,49.4
1706626800,49.42,49.42,49.42,49.42
1706682600,49.4,49.4,49.4,49.4
1706684400,49.4,49.52,49.3,49.42
1706686200,49.42,49.42,49.18,49.26
1706688000,49.28,49.38,49.24,49.28
1706689800,49.26,49.34,49.24,49.3
1706691600,49.28,49.38,49.24,49.28
1706693400,49.28,49.3,49.22,49.26
1706695200,49.26,49.3,49.22,49.24
1706697000,49.26,49.28,49.18,49.2
1706698800,49.22,49.24,49.16,49.22
1706700600,49.22,49.3,49.14,49.18
1706702400,49.18,49.22,49.12,49.16
1706704200,49.16,49.2,49.1,49.14
1706706000,49.16,49.16,49.02,49.1
1706707800,49.08,49.5,49.04,49.48
1706709600,49.5,49.68,49.4,49.56
1706711400,49.56,49.6,49.28,49.32
1706713200,49.32,49.32,49.3,49.3
1706769000,49.3,49.3,49.3,49.3
1706770800,49.32,49.74,49.32,49.72
1706772600,49.72,49.9,49.7,49.86
1706774400,49.86,49.98,49.8,49.92
1706776200,49.94,50.15,49.82,50.15
1706778000,50.15,50.2,50,50.1
1706779800,50.1,50.35,50,50.1
1706781600,50.1,50.25,50.05,50.25
1706783400,50.25,50.3,50.05,50.1
1706785200,50.15,50.15,49.92,50.05
1706787000,50.1,50.2,50,50.05
1706788800,50.1,50.2,50.05,50.2
1706790600,50.2,50.2,49.98,50.05
1706792400,50.05,50.15,50,50.1
1706794200,50.05,50.7,50,50.65
1706796000,50.65,51,50.55,50.85
1706797800,50.85,50.95,50.6,50.65
1706799600,50.6,50.6,50.55,50.55
1706855400,50.85,50.85,50.85,50.85
1706857200,50.85,51.3,50.8,50.95
1706859000,50.95,51.05,50.8,50.95
1706860800,50.95,51.2,50.8,50.9
1706862600,50.9,50.95,50.5,50.6
1706864400,50.55,50.7,50.5,50.5
1706866200,50.55,50.7,50.5,50.7
1706868000,50.7,50.7,50.5,50.6
1706869800,50.6,50.65,50.55,50.6
1706871600,50.6,50.7,50.55,50.65
1706873400,50.65,50.65,50.35,50.35
1706875200,50.35,50.5,50.3,50.35
1706877000,50.35,50.4,50.15,50.3
1706878800,50.3,50.35,50.15,50.2
1706880600,50.15,50.25,49.84,49.94
1706882400,49.94,50.2,49.84,50
1706884200,50,50.2,49.98,50.05
1706886000,49.98,49.98,49.98,49.98
1707114600,50.15,50.15,50.15,50.15
1707116400,50.15,50.35,49.98,50.25
1707118200,50.2,50.5,50.15,50.45
1707120000,50.45,50.45,50.3,50.45
1707121800,50.45,50.65,50.35,50.5
1707123600,50.45,50.5,50.3,50.4
1707125400,50.4,50.5,50.35,50.45
1707127200,50.4,50.45,50.35,50.45
1707129000,50.45,50.45,50.25,50.3
1707130800,50.25,50.4,50.2,50.25
1707132600,50.25,50.25,50.1,50.2
1707134400,50.2,50.2,50.1,50.15
1707136200,50.15,50.3,50.1,50.25
1707138000,50.25,50.3,50.1,50.2
1707139800,50.15,50.25,50.1,50.2
1707141600,50.2,50.3,50.05,50.15
1707143400,50.15,50.3,50,50.05
1707145200,50,50,50,50
1707201000,50.2,50.2,50.2,50.2
1707202800,50.2,50.6,50.15,50.4
1707204600,50.35,50.45,49.92,50.05
1707206400,50.05,50.1,49.88,50.1
1707208200,50.05,50.1,49.9,49.92
1707210000,49.94,50,49.9,49.94
1707211800,49.94,50,49.9,49.98
1707213600,49.98,50.1,49.94,50.05
1707215400,50.05,50.15,50,50.1
1707217200,50.1,50.15,50,50
1707219000,50.05,50.15,49.96,50.05
1707220800,50.05,50.1,49.94,50.05
1707222600,50.05,50.1,49.94,49.96
1707224400,49.94,50.25,49.94,50.25
1707226200,50.25,50.3,50.15,50.3
1707228000,50.3,50.3,50.05,50.1
1707229800,50.15,50.15,50,50.05
1707231600,50.1,50.1,50.1,50.1
1707287400,50.2,50.2,50.2,50.2
1707289200,50.2,50.95,50.15,50.75
1707291000,50.75,51.15,50.6,50.9
1707292800,50.9,51.2,50.8,51.15
1707294600,51.15,51.2,50.9,50.9
1707296400,50.9,51.05,50.85,50.85
1707298200,50.9,51,50.85,50.9
1707300000,50.85,50.95,50.75,50.9
1707301800,50.85,50.9,50.75,50.75
1707303600,50.8,50.8,50.4,50.5
1707305400,50.45,50.6,50.4,50.5
1707307200,50.45,50.6,50.35,50.55
1707309000,50.5,50.65,50.3,50.6
1707310800,50.65,50.65,50.45,50.5
1707312600,50.55,50.6,50.45,50.55
1707314400,50.5,50.75,50.4,50.65
1707316200,50.7,50.75,50.35,50.4
1707318000,50.25,50.25,50.25,50.25
1707373800,50.4,50.4,50.4,50.4
1707375600,50.45,51,50.4,50.85
1707377400,50.85,51.2,50.8,51
1707379200,51,51.2,50.95,51
1707381000,50.95,51.15,50.9,51
1707382800,50.95,51.7,50.95,51.65
1707384600,51.65,51.75,51.5,51.55
1707386400,51.5,51.65,51.35,51.45
1707388200,51.45,51.7,51.45,51.65
1707390000,51.65,51.7,51.55,51.65
1707391800,51.6,51.95,51.5,51.9
1707393600,51.95,52.05,51.7,51.8
1707395400,51.85,52.1,51.8,51.9
1707397200,51.9,52.15,51.85,52.05
1707399000,52.05,52.25,51.85,51.9
1707400800,51.9,52.4,51.9,52.3
1707402600,52.3,52.45,52.15,52.35
1707404400,52.35,52.35,52.2,52.2
1707460200,52.45,52.45,52.45,52.45
1707462000,52.45,52.7,52.05,52.1
1707463800,52.05,52.15,51.95,52
1707465600,52,52.05,51.85,51.95
1707467400,51.95,51.95,51.65,51.75
1707469200,51.75,51.85,51.65,51.85
1707471000,51.85,51.85,51.75,51.8
1707472800,51.85,51.95,51.8,51.95
1707474600,51.9,52,51.85,51.95
1707476400,51.9,51.95,51.8,51.9
1707478200,51.85,51.9,51.7,51.8
1707480000,51.8,51.85,51.6,51.75
1707481800,51.75,51.85,51.55,51.6
1707483600,51.6,51.65,51.45,51.65
1707485400,51.6,51.7,51.55,51.65
1707487200,51.65,51.7,51.5,51.65
1707489000,51.6,51.7,51.4,51.6
1707490800,51.6,51.85,51.55,51.85
1707719400,52.35,52.35,52.35,52.35
1707721200,52.35,52.8,52.3,52.5
1707723000,52.5,52.65,52.4,52.6
1707724800,52.6,52.65,52.45,52.55
1707726600,52.55,52.6,52.4,52.5
1707728400,52.5,52.7,52.3,52.7
1707730200,52.7,52.75,52.5,52.6
1707732000,52.55,52.6,52.45,52.5
1707733800,52.5,52.55,52.4,52.55
1707735600,52.55,52.65,52.45,52.55
1707737400,52.55,52.6,52.45,52.55
1707739200,52.5,52.55,52.3,52.35
1707741000,52.35,52.4,52.1,52.15
1707742800,52.15,52.25,51.95,52.25
1707744600,52.2,52.4,52.1,52.25
1707746400,52.25,52.25,51.85,52
1707748200,52,52.3,51.95,52.2
1707750000,52.3,52.3,52.3,52.3
1707805800,52.4,52.4,52.4,52.4
1707807600,52.45,52.5,52.05,52.05
1707809400,52.1,52.1,51.8,52
1707811200,52,52.05,51.8,52
1707813000,51.95,52.15,51.95,52.15
1707814800,52.15,52.2,52.05,52.1
1707816600,52.1,52.2,52,52.1
1707818400,52.15,52.2,52.05,52.15
1707820200,52.15,52.2,52,52.1
1707822000,52.05,52.1,51.85,51.95
1707823800,51.9,52.05,51.9,52.05
1707825600,52.05,52.05,51.75,51.85
1707827400,51.85,51.9,51.8,51.9
1707829200,51.9,52.1,51.8,52.1
1707831000,52.1,52.1,51.55,51.6
1707832800,51.6,51.6,51.3,51.35
1707834600,51.35,51.55,50.95,51
1707836400,51,51,51,51
1707892200,51.1,51.1,51.1,51.1
1707894000,51.1,51.35,50.8,50.95
1707895800,50.95,51.05,50.8,51
1707897600,51.05,51.05,50.75,50.9
1707899400,50.9,50.9,50.65,50.9
1707901200,50.9,51,50.85,50.9
1707903000,50.9,50.95,50.85,50.95
1707904800,50.95,50.95,50.8,50.95
1707906600,50.95,51.1,50.85,50.9
1707908400,50.9,50.95,50.7,50.75
1707910200,50.7,50.85,50.55,50.65
1707912000,50.65,50.8,50.45,50.8
1707913800,50.8,50.9,50.7,50.8
1707915600,50.8,51,50.7,50.9
1707917400,50.85,51.1,50.85,51
1707919200,51,52.15,50.9,51.9
1707921000,51.95,52.55,51.9,52.45
1707922800,52.45,52.45,52.45,52.45
1707978600,52.55,52.55,52.55,52.55
1707980400,52.55,53.05,52.5,52.7
1707982200,52.7,52.95,52.6,52.8
1707984000,52.8,52.9,52.6,52.9
1707985800,52.85,53,52.7,52.75
1707987600,52.8,52.8,52.65,52.8
1707989400,52.8,52.8,52.65,52.8
1707991200,52.8,52.8,52.7,52.75
1707993000,52.8,52.8,52.55,52.6
1707994800,52.55,52.7,52.5,52.7
1707996600,52.65,52.9,52.65,52.85
1707998400,52.85,53.45,52.85,53.05
1708000200,53,53.1,52.85,53.05
1708002000,53.1,53.2,53,53.15
1708003800,53.2,53.2,52.95,53.05
1708005600,53.05,53.1,52.85,52.95
1708007400,52.95,53.1,52.85,53.05
1708009200,52.9,52.9,52.9,52.9
1708065000,53,53,53,53
1708066800,53,53.25,52.9,53.2
1708068600,53.15,53.2,52.6,52.85
1708070400,52.8,52.9,52.55,52.6
1708072200,52.6,52.7,52.35,52.5
1708074000,52.5,52.6,52.4,52.6
1708075800,52.6,52.7,52.55,52.7
1708077600,52.65,52.85,52.65,52.8
1708079400,52.75,52.95,52.7,52.85
1708081200,52.85,52.9,52.7,52.8
1708083000,52.8,53.15,52.7,53.05
1708084800,53,53.2,52.75,53.15
1708086600,53.15,53.35,53,53.3
1708088400,53.3,53.7,53.2,53.35
1708090200,53.35,53.4,53.05,53.3
1708092000,53.3,53.45,53,53.05
1708093800,53.05,53.15,52.9,53
1708095600,53.05,53.05,53.05,53.05
1708324200,53.35,53.35,53.35,53.35
1708326000,53.35,54.6,53.35,54.3
1708327800,54.3,54.35,54.15,54.2
1708329600,54.2,54.25,53.95,54.05
1708331400,54.05,54.15,53.95,54.05
1708333200,54.05,54.2,54,54.15
1708335000,54.15,54.2,54,54.1
1708336800,54.1,54.15,54,54.05
1708338600,54.05,54.1,53.9,53.95
1708340400,53.9,53.95,53.8,53.95
1708342200,53.9,53.95,53.7,53.75
1708344000,53.7,53.8,53.55,53.65
1708345800,53.7,53.7,53.55,53.55
1708347600,53.6,53.65,53.45,53.55
1708349400,53.5,53.55,53.25,53.4
1708351200,53.4,53.5,52.9,53.05
1708353000,53,53.05,52.3,52.4
1708354800,52.55,52.55,52.55,52.55
1708410600,52.75,52.75,52.75,52.75
1708412400,52.8,53.05,52.5,52.75
1708414200,52.75,52.8,52.35,52.45
1708416000,52.5,52.8,52.45,52.65
1708417800,52.7,52.8,52.65,52.7
1708419600,52.7,52.75,52.55,52.65
1708421400,52.6,52.9,52.55,52.9
1708423200,52.9,53.25,52.85,53.05
1708425000,53.05,53.25,53,53.1
1708426800,53.1,53.25,53.05,53.15
1708428600,53.1,53.25,53,53.25
1708430400,53.25,53.45,53.15,53.35
1708432200,53.4,53.45,53.25,53.35
1708434000,53.4,53.5,53.2,53.3
1708435800,53.25,53.35,53,53.05
1708437600,53.05,53.4,53,53.3
1708439400,53.3,53.65,53.3,53.6
1708441200,53.6,53.6,53.6,53.6
1708497000,53.8,53.8,53.8,53.8
1708498800,53.75,53.8,53.35,53.45
1708500600,53.45,53.45,52.95,53.05
1708502400,53.1,53.15,52.95,53.1
1708504200,53.1,53.15,53,53.05
1708506000,53,53.05,52.85,52.95
1708507800,52.95,53,52.85,53
1708509600,52.95,53,52.8,52.95
1708511400,52.95,53.05,52.8,53
1708513200,53.05,53.1,52.85,53
1708515000,53,53,52.7,52.8
1708516800,52.85,53.05,52.45,52.65
1708518600,52.7,52.7,52.35,52.4
1708520400,52.4,52.6,52.3,52.45
1708522200,52.45,52.65,52.4,52.55
1708524000,52.55,52.65,52.35,52.45
1708525800,52.45,52.75,52.35,52.65
1708527600,52.6,52.6,52.6,52.6
1708583400,52.85,52.85,52.85,52.85
1708585200,52.85,52.9,52.65,52.75
1708587000,52.75,52.8,52.65,52.65
1708588800,52.7,52.85,52.55,52.7
1708590600,52.65,52.75,52.6,52.7
1708592400,52.7,52.7,52.55,52.65
1708594200,52.65,52.7,52.55,52.7
1708596000,52.65,52.75,52.65,52.7
1708597800,52.75,52.75,52.65,52.7
1708599600,52.7,52.85,52.55,52.6
1708601400,52.6,52.65,52.25,52.25
1708603200,52.25,52.45,52.1,52.2
1708605000,52.2,52.35,52.15,52.3
1708606800,52.3,52.65,52.25,52.55
1708608600,52.55,52.65,52.4,52.5
1708610400,52.5,52.65,52.35,52.55
1708612200,52.55,52.65,52.35,52.45
1708614000,52.4,52.4,52.4,52.4
1708669800,52.5,52.5,52.5,52.5
1708671600,52.5,53.05,52.35,52.8
1708673400,52.75,52.9,52.65,52.85
1708675200,52.85,53.05,52.75,52.85
1708677000,52.85,52.9,52.65,52.7
1708678800,52.75,52.8,52.65,52.8
1708680600,52.8,52.8,52.65,52.75
1708682400,52.7,52.9,52.7,52.7
1708684200,52.7,52.75,52.65,52.7
1708686000,52.7,52.9,52.7,52.8
1708687800,52.8,52.9,52.7,52.8
1708689600,52.8,52.8,52.45,52.6
1708691400,52.55,52.6,52.2,52.25
1708693200,52.25,52.45,52.05,52.35
1708695000,52.4,52.5,52.3,52.45
1708696800,52.5,52.5,52.3,52.45
1708698600,52.45,52.45,52.3,52.4
1708700400,52.4,52.4,52.35,52.35
1708929000,52.5,52.5,52.5,52.5
1708930800,52.5,52.75,52.45,52.45
1708932600,52.45,52.5,52,52.1
1708934400,52.05,52.15,52,52.1
1708936200,52.05,52.2,52.05,52.15
1708938000,52.15,52.25,51.85,51.95
1708939800,51.95,52,51.75,51.9
1708941600,51.85,51.9,51.75,51.8
1708943400,51.8,52,51.75,51.95
1708945200,51.9,52.1,51.9,51.95
1708947000,52,52,51.85,51.95
1708948800,51.9,52,51.8,52
1708950600,51.95,52.1,51.9,52
1708952400,52,52.05,51.9,52
1708954200,51.95,52.15,51.95,52.1
1708956000,52.1,52.15,51.6,51.7
1708957800,51.7,51.8,51.6,51.65
1708959600,51.65,51.65,51.55,51.55
1709015400,51.55,51.55,51.55,51.55
1709017200,51.5,51.6,50.9,51.05
1709019000,51.05,51.1,50.75,50.9
1709020800,50.9,51,50.75,50.8
1709022600,50.75,51.1,50.65,51
1709024400,51.05,51.1,50.8,50.95
1709026200,50.95,50.95,50.8,50.9
1709028000,50.85,50.95,50.85,50.9
1709029800,50.95,51.05,50.85,51
1709031600,51,51.1,50.95,51.1
1709033400,51.05,51.1,50.95,51.05
1709035200,51.05,51.1,50.9,51
1709037000,51.05,51.4,50.9,51.3
1709038800,51.3,51.5,51.15,51.25
1709040600,51.25,51.25,50.9,50.95
1709042400,50.95,51.05,50.85,50.9
1709044200,50.9,50.9,50.6,50.75
1709046000,50.7,50.7,50.7,50.7
1709101800,50.7,50.7,50.7,50.7
1709103600,50.75,51.3,50.7,50.9
1709105400,50.95,51.3,50.9,51.1
1709107200,51.1,51.15,50.8,50.85
1709109000,50.85,51.1,50.8,51
1709110800,50.95,51.05,50.85,50.9
1709112600,50.9,51.1,50.85,50.95
1709114400,50.95,51.1,50.85,51.05
1709116200,51.1,51.2,50.95,51.05
1709118000,51,51.2,50.95,51.15
1709119800,51.15,51.2,50.9,50.9
1709121600,50.95,51,50.7,50.8
1709123400,50.8,50.85,50.55,50.6
1709125200,50.6,50.8,50.55,50.6
1709127000,50.6,50.8,50.5,50.8
1709128800,50.8,50.8,50.5,50.5
1709130600,50.55,50.7,50.4,50.5
1709132400,50.55,50.55,50.55,50.55
1709188200,50.7,50.7,50.7,50.7
1709190000,50.75,50.95,50.7,50.95
1709191800,50.9,51.1,50.7,50.8
1709193600,50.75,51.1,50.7,51.05
1709195400,51.05,51.35,51,51.35
1709197200,51.35,51.5,51.25,51.45
1709199000,51.45,51.55,51.15,51.15
1709200800,51.2,51.25,51.05,51.2
1709202600,51.15,51.25,50.9,50.95
1709204400,50.9,51.15,50.9,51.15
1709206200,51.15,51.5,51.1,51.45
1709208000,51.5,51.5,51.35,51.5
1709209800,51.45,51.65,51.3,51.35
1709211600,51.35,51.45,51.3,51.35
1709213400,51.35,51.4,51.1,51.1
1709215200,51.15,51.25,50.95,51.15
1709217000,51.1,51.4,51.1,51.35
1709218800,51.3,51.3,51.15,51.15
1709274600,51.3,51.3,51.3,51.3
1709276400,51.3,51.45,51.15,51.3
1709278200,51.25,51.35,50.9,51.2
1709280000,51.15,51.25,51,51.05
1709281800,51.05,51.15,50.95,51
1709283600,50.95,51.05,50.75,50.9
1709285400,50.95,51,50.8,50.85
1709287200,50.85,50.9,50.8,50.85
1709289000,50.85,50.85,50.7,50.75
1709290800,50.75,50.8,50.6,50.7
1709292600,50.7,50.8,50.6,50.65
1709294400,50.7,50.75,50.35,50.55
1709296200,50.55,50.7,50.45,50.65
1709298000,50.65,50.65,50.45,50.55
1709299800,50.5,50.55,50.25,50.3
1709301600,50.3,50.55,50.25,50.4
1709303400,50.4,50.4,50.15,50.2
1709305200,50.35,50.35,50.35,50.35
1709533800,50.9,50.9,50.9,50.9
1709535600,50.85,51.25,50.5,51.25
1709537400,51.25,51.5,51.1,51.25
1709539200,51.2,51.25,50.75,51
1709541000,50.95,51.25,50.9,51.25
1709542800,51.2,51.4,51.2,51.3
1709544600,51.3,51.55,51.3,51.4
1709546400,51.35,51.55,51.25,51.45
1709548200,51.5,51.7,51.4,51.55
1709550000,51.55,51.85,51.55,51.8
1709551800,51.75,52,51.75,51.9
1709553600,51.9,52,51.6,51.65
1709555400,51.6,51.65,51.25,51.5
1709557200,51.45,51.5,51.1,51.35
1709559000,51.3,51.5,51.25,51.45
1709560800,51.45,51.6,51.2,51.4
1709562600,51.4,51.4,50.85,50.85
1709564400,50.9,50.9,50.8,50.8
1709620200,49.68,49.68,49.68,49.68
1709622000,49.66,49.9,49.46,49.54
1709623800,49.52,49.54,49.32,49.34
1709625600,49.34,49.46,49.28,49.42
1709627400,49.42,49.52,49.4,49.5
1709629200,49.48,49.52,49.46,49.48
1709631000,49.46,49.5,49.42,49.46
1709632800,49.46,49.48,49.34,49.36
1709634600,49.36,49.4,49.26,49.3
1709636400,49.3,49.32,49.24,49.26
1709638200,49.26,49.28,49.1,49.14
1709640000,49.16,49.22,49.1,49.1
1709641800,49.1,49.16,49.08,49.12
1709643600,49.12,49.14,48.92,48.92
1709645400,48.94,48.98,48.84,48.92
1709647200,48.92,49.04,48.88,49.04
1709649000,49.04,49.04,48.82,48.84
1709650800,48.9,48.9,48.9,48.9
1709706600,48.9,48.9,48.9,48.9
1709708400,48.9,49.1,48.78,49.08
1709710200,49.08,49.1,48.84,48.92
1709712000,48.92,48.94,48.56,48.64
1709713800,48.64,48.72,48.6,48.7
1709715600,48.7,48.76,48.52,48.54
1709717400,48.54,48.6,48.34,48.48
1709719200,48.46,48.62,48.46,48.56
1709721000,48.56,48.58,48.48,48.52
1709722800,48.52,48.6,48.48,48.52
1709724600,48.5,48.52,48.38,48.42
1709726400,48.44,48.46,48.36,48.42
1709728200,48.42,48.42,48.26,48.34
1709730000,48.34,48.42,48.26,48.38
1709731800,48.4,48.4,48.12,48.18
1709733600,48.18,48.2,47.98,48.02
1709735400,48.06,48.14,47.92,47.96
1709737200,47.96,47.96,47.9,47.9
1709793000,48.02,48.02,48.02,48.02
1709794800,48.04,48.76,48.04,48.68
1709796600,48.68,48.72,48.52,48.58
1709798400,48.58,48.7,48.56,48.66
1709800200,48.66,48.72,48.62,48.64
1709802000,48.66,48.72,48.62,48.68
1709803800,48.68,48.7,48.64,48.68
1709805600,48.66,48.74,48.64,48.7
1709807400,48.72,48.8,48.7,48.74
1709809200,48.74,48.78,48.7,48.76
1709811000,48.76,48.88,48.74,48.82
1709812800,48.84,48.9,48.8,48.9
1709814600,48.88,48.98,48.8,48.94
1709816400,48.94,48.98,48.78,48.86
1709818200,48.86,48.92,48.78,48.82
1709820000,48.82,48.88,48.74,48.84
1709821800,48.84,49.02,48.84,48.94
1709823600,49,49,49,49
1709879400,49,49,49,49
1709881200,49.02,49.14,48.94,48.96
1709883000,48.96,48.98,48.72,48.86
1709884800,48.84,48.92,48.76,48.82
1709886600,48.8,48.84,48.74,48.78
1709888400,48.76,48.84,48.6,48.8
1709890200,48.82,48.88,48.76,48.84
1709892000,48.84,48.86,48.76,48.82
1709893800,48.8,48.88,48.78,48.82
1709895600,48.82,49.1,48.78,49.04
1709897400,49.04,49.1,48.88,48.96
1709899200,48.96,49,48.9,48.98
1709901000,48.98,49.02,48.82,48.86
1709902800,48.86,48.88,48.78,48.88
1709904600,48.88,49.18,48.84,49.14
1709906400,49.16,49.18,49,49.06
1709908200,49.06,49.12,49,49.04
1709910000,49.04,49.04,49.04,49.04
1710138600,50,50,50,50
1710140400,50,50.05,49.7,49.76
1710142200,49.74,49.84,49.66,49.68
1710144000,49.66,49.68,49.48,49.56
1710145800,49.54,49.56,49.44,49.48
1710147600,49.46,49.56,49.42,49.5
1710149400,49.5,49.58,49.5,49.52
1710151200,49.52,49.56,49.42,49.46
1710153000,49.46,49.48,49.24,49.32
1710154800,49.3,49.32,49.12,49.14
1710156600,49.16,49.38,49.08,49.38
1710158400,49.38,49.64,49.34,49.54
1710160200,49.54,49.68,49.52,49.56
1710162000,49.56,49.6,49.36,49.46
1710163800,49.46,49.5,49.34,49.36
1710165600,49.36,49.42,49.18,49.18
1710167400,49.18,49.34,49.02,49.04
1710169200,49,49,49,49
1710225000,49.02,49.02,49.02,49.02
1710226800,49.04,49.14,48.9,49.06
1710228600,49.06,49.14,48.92,49.1
1710230400,49.1,49.12,48.88,48.94
1710232200,48.92,48.98,48.82,48.92
1710234000,48.9,49.02,48.88,48.96
1710235800,48.96,49,48.88,48.9
1710237600,48.88,49,48.88,48.94
1710239400,48.96,49.04,48.88,49.04
1710241200,49.02,49.06,48.88,48.92
1710243000,48.9,48.96,48.88,48.9
1710244800,48.92,49.08,48.88,49.02
1710246600,49.02,49.04,48.64,48.66
1710248400,48.64,48.64,48.22,48.36
1710250200,48.36,48.36,48.06,48.1
1710252000,48.1,48.32,47.98,48.12
1710253800,48.12,48.24,48,48.02
1710255600,48.02,48.08,48.02,48.08
1710311400,48.1,48.1,48.1,48.1
1710313200,48.12,48.32,47.92,47.94
1710315000,47.94,47.94,47.62,47.7
1710316800,47.72,47.72,47.56,47.62
1710318600,47.6,47.7,47.5,47.54
1710320400,47.5,47.58,47.46,47.5
1710322200,47.48,47.56,47.44,47.46
1710324000,47.46,47.62,47.44,47.58
1710325800,47.58,47.64,47.5,47.56
1710327600,47.58,47.66,47.5,47.56
1710329400,47.56,47.94,47.52,47.9
1710331200,47.92,48.04,47.88,47.92
1710333000,47.9,47.92,47.74,47.74
1710334800,47.74,47.84,47.64,47.74
1710336600,47.74,47.8,47.56,47.58
1710338400,47.58,47.72,47.54,47.68
1710340200,47.68,47.7,47.24,47.26
1710342000,47.24,47.24,47.24,47.24
1710397800,47.3,47.3,47.3,47.3
1710399600,47.32,47.48,47.12,47.38
1710401400,47.38,47.56,47.34,47.44
1710403200,47.44,47.68,47.42,47.64
1710405000,47.64,47.64,47.42,47.54
1710406800,47.54,47.54,47.38,47.38
1710408600,47.4,47.62,47.36,47.58
1710410400,47.56,47.6,47.44,47.5
1710412200,47.5,47.52,47.42,47.5
1710414000,47.5,47.54,47.42,47.52
1710415800,47.54,47.88,47.42,47.8
1710417600,47.8,47.86,47.64,47.74
1710419400,47.74,47.82,47.58,47.66
1710421200,47.68,47.84,47.58,47.62
1710423000,47.62,47.82,47.62,47.68
1710424800,47.7,47.72,47.4,47.54
1710426600,47.52,47.7,47.48,47.66
1710428400,47.78,47.78,47.78,47.78
1710484200,47.78,47.78,47.78,47.78
1710486000,47.8,47.9,47.48,47.66
1710487800,47.66,47.66,47.5,47.62
1710489600,47.62,47.66,47.46,47.52
1710491400,47.52,47.66,47.5,47.56
1710493200,47.56,47.58,47.48,47.56
1710495000,47.56,47.58,47.5,47.54
1710496800,47.54,47.62,47.48,47.54
1710498600,47.54,47.56,47.48,47.52
1710500400,47.52,47.52,47.42,47.5
1710502200,47.5,47.56,47.42,47.52
1710504000,47.52,47.52,47.24,47.28
1710505800,47.28,47.34,47.2,47.3
1710507600,47.3,47.4,47.2,47.22
1710509400,47.22,47.4,47.2,47.34
1710511200,47.34,47.34,47.08,47.18
1710513000,47.18,47.28,47.1,47.2
1710514800,47.2,47.5,47.2,47.5
1710743400,47.5,47.5,47.5,47.5
1710745200,47.52,47.72,47.3,47.38
1710747000,47.38,47.42,47.28,47.36
1710748800,47.34,47.36,47.14,47.28
1710750600,47.28,47.64,47.28,47.54
1710752400,47.56,47.56,47.3,47.32
1710754200,47.3,47.44,47.26,47.34
1710756000,47.36,47.62,47.28,47.6
1710757800,47.6,47.72,47.5,47.56
1710759600,47.56,47.6,47.4,47.42
1710761400,47.42,47.5,47.32,47.36
1710763200,47.34,47.46,47.3,47.44
1710765000,47.44,47.44,47.3,47.34
1710766800,47.34,47.38,47.22,47.3
1710768600,47.28,47.44,47.28,47.32
1710770400,47.3,47.4,47.1,47.14
1710772200,47.16,47.22,46.98,47
1710774000,47,47,46.88,46.88
1710829800,46.88,46.88,46.88,46.88
1710831600,46.88,47.14,46.82,46.98
1710833400,46.98,47.1,46.8,47.1
1710835200,47.1,47.1,46.88,46.98
1710837000,46.98,47.14,46.9,47.1
1710838800,47.1,47.14,47.04,47.12
1710840600,47.12,47.24,47.04,47.24
1710842400,47.24,47.54,47.22,47.44
1710844200,47.44,47.52,47.4,47.48
1710846000,47.48,47.5,47.32,47.34
1710847800,47.34,47.4,47.28,47.36
1710849600,47.38,47.4,47.32,47.36
1710851400,47.38,47.4,47.3,47.32
1710853200,47.34,47.4,47.32,47.36
1710855000,47.34,47.48,47.28,47.3
1710856800,47.28,47.34,47.2,47.32
1710858600,47.32,47.42,47.24,47.38
1710860400,47.32,47.32,47.32,47.32
1710916200,47.3,47.3,47.3,47.3
1710918000,47.3,47.68,47.26,47.36
1710919800,47.38,47.6,47.34,47.6
1710921600,47.6,47.64,47.42,47.52
1710923400,47.5,47.68,47.46,47.62
1710925200,47.62,47.66,47.5,47.54
1710927000,47.54,47.56,47.22,47.3
1710928800,47.3,47.32,47.22,47.26
1710930600,47.24,47.3,47.1,47.12
1710932400,47.1,47.2,47.06,47.16
1710934200,47.16,47.2,47.12,47.2
1710936000,47.2,47.26,47.16,47.24
1710937800,47.24,47.24,47.14,47.22
1710939600,47.22,47.24,46.94,47.08
1710941400,47.06,47.4,47.04,47.38
1710943200,47.4,47.46,47.16,47.18
1710945000,47.18,47.2,47,47.08
1710946800,47.08,47.08,47.08,47.08
1711002600,47.46,47.46,47.46,47.46
1711004400,47.48,47.74,47.46,47.52
1711006200,47.54,47.56,47.42,47.52
1711008000,47.5,47.62,47.46,47.58
1711009800,47.6,47.6,47.48,47.5
1711011600,47.5,47.5,47.34,47.38
1711013400,47.4,47.48,47.38,47.44
1711015200,47.44,47.5,47.42,47.44
1711017000,47.42,47.46,47.36,47.38
1711018800,47.38,47.4,46.9,47.18
1711020600,47.18,47.32,47.1,47.16
1711022400,47.16,47.24,47.04,47.06
1711024200,47.06,47.22,47.04,47.14
1711026000,47.14,47.24,47.1,47.14
1711027800,47.14,47.28,47.06,47.24
1711029600,47.24,47.3,47.14,47.16
1711031400,47.18,47.22,47.02,47.04
1711033200,47.08,47.08,47.08,47.08
1711089000,47.2,47.2,47.2,47.2
1711090800,47.16,47.26,47.08,47.2
1711092600,47.2,47.52,47.08,47.42
1711094400,47.42,47.48,47.34,47.44
1711096200,47.44,47.62,47.4,47.58
1711098000,47.58,47.9,47.56,47.86
1711099800,47.86,47.86,47.6,47.64
1711101600,47.64,47.76,47.62,47.66
1711103400,47.68,47.8,47.64,47.76
1711105200,47.76,48.14,47.74,48.06
1711107000,48.06,48.56,48.04,48.26
1711108800,48.24,48.34,48,48.26
1711110600,48.26,48.38,48.02,48.04
1711112400,48.04,48.08,47.7,47.78
1711114200,47.76,47.88,47.66,47.66
1711116000,47.68,47.88,47.62,47.68
1711117800,47.68,47.84,47.64,47.7
1711119600,47.76,47.76,47.76,47.76
1711348200,47.62,47.62,47.62,47.62
1711350000,47.6,48.32,47.48,48.26
1711351800,48.24,48.4,48.18,48.26
1711353600,48.28,48.28,48.1,48.16
1711355400,48.16,48.28,48.04,48.24
1711357200,48.22,48.3,48.14,48.16
1711359000,48.16,48.3,48.12,48.24
1711360800,48.22,48.26,48.16,48.24
1711362600,48.26,48.42,48.24,48.38
1711364400,48.4,48.4,48.26,48.3
1711366200,48.3,48.36,48.18,48.26
1711368000,48.26,48.3,48.08,48.12
1711369800,48.12,48.18,47.98,48.04
1711371600,48.04,48.06,47.84,47.88
1711373400,47.86,47.92,47.68,47.74
1711375200,47.74,47.76,47.36,47.5
1711377000,47.5,47.5,47.06,47.1
1711378800,47.1,47.1,47.06,47.06
1711434600,47.06,47.06,47.06,47.06
1711436400,47.08,47.26,46.9,46.94
1711438200,46.92,47.08,46.82,47
1711440000,47,47,46.7,46.74
1711441800,46.72,46.78,46.5,46.54
1711443600,46.52,46.56,46.28,46.36
1711445400,46.34,46.42,46.12,46.14
1711447200,46.12,46.16,46,46.06
1711449000,46.08,46.12,45.96,46.02
1711450800,46.02,46.18,45.96,46.16
1711452600,46.16,46.16,46,46.08
1711454400,46.1,46.18,46.02,46.08
1711456200,46.1,46.16,45.94,46.1
1711458000,46.1,46.16,45.94,46
1711459800,46,46,45.78,45.82
1711461600,45.82,45.94,45.62,45.66
1711463400,45.64,45.72,45.52,45.54
1711465200,45.56,45.56,45.56,45.56
1711521000,45.64,45.64,45.64,45.64
1711522800,45.64,45.76,45.12,45.16
1711524600,45.16,45.24,44.96,45.18
1711526400,45.18,45.26,44.96,45.08
1711528200,45.08,45.12,45,45.02
1711530000,45.04,45.2,45.02,45.12
1711531800,45.1,45.28,45.08,45.26
1711533600,45.26,45.38,45.2,45.2
1711535400,45.22,45.48,45.2,45.32
1711537200,45.32,45.44,45.26,45.28
1711539000,45.3,45.34,45.22,45.32
1711540800,45.32,45.36,45.24,45.28
1711542600,45.26,45.48,45.26,45.44
1711544400,45.44,45.48,45.2,45.22
1711546200,45.24,45.3,45.12,45.12
1711548000,45.14,45.28,45.06,45.1
1711549800,45.12,45.22,44.96,45.02
1711551600,45.02,45.02,45.02,45.02
1711607400,45.1,45.1,45.1,45.1
1711609200,45.12,45.58,45.12,45.54
1711611000,45.52,45.66,45.46,45.66
1711612800,45.64,45.72,45.4,45.48
1711614600,45.48,45.5,45.32,45.48
1711616400,45.46,45.48,45.3,45.32
1711618200,45.32,45.34,45.2,45.28
1711620000,45.28,45.32,45.2,45.3
1711621800,45.3,45.34,45.24,45.28
1711623600,45.26,45.36,45.24,45.36
1711625400,45.34,45.5,45.34,45.48
1711627200,45.48,45.6,45.42,45.54
1711629000,45.54,45.6,45.48,45.54
1711630800,45.52,45.6,45.42,45.46
1711632600,45.46,45.62,45.36,45.4
1711634400,45.38,45.42,45.3,45.36
1711636200,45.36,45.38,45.24,45.36
1711638000,45.48,45.48,45.48,45.48
1711693800,45.74,45.74,45.74,45.74
1711695600,45.74,46.34,45.72,46.28
1711697400,46.28,46.5,45.96,45.98
1711699200,45.96,46.02,45.82,45.86
1711701000,45.86,45.96,45.74,45.8
1711702800,45.78,45.78,45.68,45.76
1711704600,45.76,45.9,45.7,45.9
1711706400,45.9,46.24,45.88,46.08
1711708200,46.08,46.16,46,46.06
1711710000,46.04,46.08,45.9,45.96
1711711800,45.96,46.04,45.94,45.96
1711713600,45.96,46.08,45.94,45.98
1711715400,45.96,46,45.76,45.8
1711717200,45.8,45.84,45.66,45.82
1711719000,45.82,45.94,45.76,45.92
1711720800,45.92,46.12,45.86,46.06
1711722600,46.08,46.26,46.06,46.16
1711724400,46.16,46.24,46.16,46.24
1711953000,47.62,47.62,47.62,47.62
1711954800,47.64,47.82,47.24,47.4
1711956600,47.4,47.4,46.92,46.92
1711958400,46.94,46.94,46.32,46.38
1711960200,46.36,46.56,46.16,46.26
1711962000,46.26,46.36,45.98,46.1
1711963800,46.08,46.12,45.86,45.9
1711965600,45.9,46.08,45.82,46
1711967400,46,46.14,45.92,45.94
1711969200,45.94,46.42,45.92,46.3
1711971000,46.3,46.38,46.2,46.34
1711972800,46.34,46.64,46.26,46.5
1711974600,46.52,46.7,46.42,46.52
1711976400,46.52,46.86,46.44,46.82
1711978200,46.84,46.9,46.64,46.88
1711980000,46.88,46.92,46.62,46.72
1711981800,46.72,46.76,46.4,46.44
1711983600,46.44,46.44,46.44,46.44
1712039400,46.58,46.58,46.58,46.58
1712041200,46.58,47.06,46.58,46.88
1712043000,46.88,46.9,46.58,46.62
1712044800,46.62,46.66,46.46,46.52
1712046600,46.52,46.52,46.08,46.12
1712048400,46.12,46.16,46.06,46.12
1712050200,46.1,46.14,46.02,46.04
1712052000,46.04,46.08,45.72,45.8
1712053800,45.78,45.9,45.72,45.72
1712055600,45.74,45.84,45.62,45.72
1712057400,45.72,45.86,45.66,45.86
1712059200,45.86,45.9,45.66,45.76
1712061000,45.74,45.78,45.52,45.54
1712062800,45.54,45.64,45.32,45.36
1712064600,45.36,45.46,45.22,45.24
1712066400,45.24,45.32,45.04,45.06
1712068200,45.06,45.1,44.86,45
1712070000,44.98,45,44.98,44.98
1712125800,44.98,44.98,44.98,44.98
1712127600,44.98,45,44.56,44.62
1712129400,44.62,44.78,44.6,44.68
1712131200,44.66,44.82,44.6,44.62
1712133000,44.64,44.7,44.36,44.4
1712134800,44.4,44.5,44.34,44.46
1712136600,44.46,44.7,44.46,44.68
1712138400,44.68,45.28,44.64,45.1
1712140200,45.12,45.12,44.92,44.94
1712142000,44.94,45.08,44.7,45.08
1712143800,45.08,45.18,44.7,44.76
1712145600,44.74,45.06,44.7,44.94
1712147400,44.94,45.12,44.92,44.96
1712149200,44.98,45.04,44.82,44.92
1712151000,44.92,44.98,44.82,44.88
1712152800,44.9,44.98,44.86,44.9
1712154600,44.88,44.9,44.7,44.76
1712156400,44.6,44.6,44.6,44.6
1712212200,44.64,44.64,44.64,44.64
1712214000,44.64,45.4,44.64,45.3
1712215800,45.32,45.38,45.08,45.2
1712217600,45.2,45.76,45.14,45.54
1712219400,45.58,45.78,45.46,45.72
1712221200,45.74,45.9,45.54,45.9
1712223000,45.86,46.42,45.86,46.42
1712224800,46.42,46.6,46.32,46.42
1712226600,46.44,46.56,46.28,46.34
1712228400,46.34,46.5,46.24,46.48
1712230200,46.48,46.54,46.38,46.44
1712232000,46.42,46.48,46.28,46.36
1712233800,46.38,46.5,46.26,46.26
1712235600,46.26,46.42,46.22,46.34
1712237400,46.34,46.52,46.22,46.32
1712239200,46.32,46.5,46.24,46.38
1712241000,46.4,46.46,46.24,46.44
1712242800,46.44,46.44,46.44,46.44
1712298600,46.6,46.6,46.6,46.6
1712300400,46.62,47.32,46.62,46.88
1712302200,46.88,47.58,46.88,47.46
1712304000,47.46,47.54,47.34,47.54
1712305800,47.54,47.58,47.28,47.44
1712307600,47.42,47.54,47.22,47.34
1712309400,47.36,47.46,47.24,47.44
1712311200,47.44,47.54,47.36,47.48
1712313000,47.48,47.5,47.4,47.44
1712314800,47.46,47.78,47.4,47.6
1712316600,47.62,47.72,47.42,47.68
1712318400,47.68,47.76,47.58,47.74
1712320200,47.74,47.74,47.4,47.62
1712322000,47.6,48.14,47.6,48.12
1712323800,48.14,48.5,48.06,48.16
1712325600,48.16,48.46,48.02,48.34
1712327400,48.34,48.56,48.32,48.44
1712329200,48.72,48.72,48.72,48.72
1712557800,48.74,48.74,48.74,48.74
1712559600,48.74,48.94,48.26,48.76
1712561400,48.8,48.94,48.66,48.86
1712563200,48.84,49.12,48.76,48.88
1712565000,48.92,48.92,48.68,48.84
1712566800,48.84,48.84,48.7,48.84
1712568600,48.84,48.92,48.82,48.92
1712570400,48.92,48.94,48.86,48.9
1712572200,48.9,49,48.86,48.96
1712574000,48.96,49.1,48.92,48.98
1712575800,48.96,49,48.8,48.82
1712577600,48.82,48.92,48.76,48.86
1712579400,48.86,48.98,48.78,48.94
1712581200,48.92,48.96,48.84,48.94
1712583000,48.96,49,48.86,48.98
1712584800,48.98,49.04,48.94,48.98
1712586600,49,49.02,48.88,48.92
1712588400,48.94,48.94,48.94,48.94
1712644200,48.98,48.98,48.98,48.98
1712646000,49,49.22,48.92,49.1
1712647800,49.1,49.42,49.08,49.34
1712649600,49.36,49.36,49.2,49.28
1712651400,49.28,49.62,49.24,49.46
1712653200,49.46,49.54,49.26,49.34
1712655000,49.2,49.2,49.2,49.2
1713162600,49.02,49.02,49.02,49.02
1713164400,49,49,48.5,48.7
1713166200,48.7,48.7,48.12,48.26
1713168000,48.26,48.64,48.22,48.48
1713169800,48.5,48.64,48.46,48.48
1713171600,48.48,48.54,48.34,48.36
1713173400,48.38,48.46,48.3,48.32
1713175200,48.32,48.38,48.28,48.32
1713177000,48.34,48.34,48.16,48.2
1713178800,48.16,48.22,48.08,48.08
1713180600,48.1,48.16,48,48.12
1713182400,48.1,48.14,47.94,47.98
1713184200,47.98,48.04,47.94,47.98
1713186000,48,48.06,47.94,48.02
1713187800,48.04,48.08,47.96,48
1713189600,48,48.04,47.82,47.92
1713191400,47.92,47.92,47.76,47.78
1713193200,47.66,47.66,47.66,47.66
1713249000,47.34,47.34,47.34,47.34
1713250800,47.36,47.42,47.14,47.2
1713252600,47.2,47.24,47.04,47.08
1713254400,47.08,47.36,47.06,47.3
1713256200,47.3,47.58,47.22,47.4
1713258000,47.4,47.42,47.22,47.28
1713259800,47.26,47.5,47.22,47.5
1713261600,47.5,47.52,47.36,47.4
1713263400,47.44,47.56,47.32,47.5
1713265200,47.5,47.58,47.38,47.58
1713267000,47.58,47.78,47.56,47.58
1713268800,47.6,47.6,47.32,47.4
1713270600,47.4,47.4,47.2,47.26
1713272400,47.28,47.3,47.18,47.28
1713274200,47.28,47.28,47.04,47.14
1713276000,47.12,47.46,47.06,47.32
1713277800,47.34,47.44,47.2,47.24
1713279600,47.26,47.26,47.26,47.26
1713335400,47.42,47.42,47.42,47.42
1713337200,47.44,47.86,47.44,47.74
1713339000,47.74,47.78,47.6,47.7
1713340800,47.72,47.76,47.52,47.56
1713342600,47.54,47.56,47.44,47.46
1713344400,47.46,47.52,47.34,47.38
1713346200,47.36,47.44,47.32,47.38
1713348000,47.36,47.38,47.18,47.26
1713349800,47.24,47.34,47.22,47.26
1713351600,47.24,47.26,47.08,47.14
1713353400,47.12,47.18,47.04,47.06
1713355200,47.06,47.12,47,47.08
1713357000,47.08,47.1,46.92,46.94
1713358800,46.92,46.98,46.82,46.88
1713360600,46.86,46.88,46.72,46.72
1713362400,46.72,46.82,46.62,46.7
1713364200,46.68,46.94,46.68,46.82
1713366000,46.7,46.7,46.7,46.7
1713421800,46.82,46.82,46.82,46.82
1713423600,46.84,47,46.72,46.8
1713425400,46.8,46.82,46.66,46.7
1713427200,46.72,46.74,46.62,46.62
1713429000,46.64,46.78,46.58,46.76
1713430800,46.76,46.76,46.56,46.6
1713432600,46.6,46.74,46.58,46.72
1713434400,46.72,46.72,46.6,46.6
1713436200,46.62,46.66,46.56,46.6
1713438000,46.62,46.7,46.6,46.7
1713439800,46.7,46.72,46.56,46.66
1713441600,46.66,46.76,46.62,46.68
1713443400,46.68,46.68,46.56,46.6
1713445200,46.58,46.64,46.52,46.52
1713447000,46.52,46.6,46.46,46.56
1713448800,46.56,46.68,46.48,46.52
1713450600,46.52,46.92,46.5,46.78
1713452400,46.78,46.78,46.66,46.66
1713508200,46.3,46.3,46.3,46.3
1713510000,46.32,46.62,46.32,46.56
1713511800,46.56,46.58,46.38,46.46
1713513600,46.46,46.48,46.36,46.48
1713515400,46.48,46.58,46.42,46.48
1713517200,46.48,46.54,46.44,46.54
1713519000,46.54,46.78,46.52,46.68
1713520800,46.66,46.74,46.56,46.6
1713522600,46.58,46.88,46.58,46.76
1713524400,46.74,46.78,46.7,46.74
1713526200,46.74,46.98,46.7,46.9
1713528000,46.88,47.36,46.82,47.34
1713529800,47.34,47.42,47.16,47.26
1713531600,47.26,47.68,47.26,47.44
1713533400,47.44,47.56,47.3,47.4
1713535200,47.4,47.46,47.28,47.36
1713537000,47.36,47.42,47.1,47.1
1713538800,47.2,47.2,47.2,47.2
1713767400,47.4,47.4,47.4,47.4
1713769200,47.42,47.84,47.4,47.74
1713771000,47.76,47.78,47.64,47.7
1713772800,47.7,48.28,47.62,48.26
1713774600,48.28,48.68,48.22,48.48
1713776400,48.5,48.52,48.26,48.34
1713778200,48.32,48.44,48.24,48.28
1713780000,48.28,48.34,48.18,48.26
1713781800,48.26,48.38,48.22,48.3
1713783600,48.28,48.36,48.12,48.26
1713785400,48.26,48.28,48.14,48.18
1713787200,48.16,48.26,48.1,48.24
1713789000,48.24,48.26,48.06,48.14
1713790800,48.14,48.24,48.1,48.14
1713792600,48.16,48.2,47.98,48.18
1713794400,48.16,48.32,48.04,48.24
1713796200,48.22,48.3,48.06,48.1
1713798000,48.08,48.08,48.08,48.08
1713940200,48.6,48.6,48.6,48.6
1713942000,48.62,49.08,48.52,49.04
1713943800,49.02,49.26,48.94,49.02
1713945600,49.02,49.16,48.94,48.94
1713947400,48.96,49.06,48.9,48.96
1713949200,48.96,49.08,48.96,49.06
1713951000,49.06,49.2,49.06,49.14
1713952800,49.14,49.16,48.9,48.94
1713954600,48.94,48.96,48.78,48.86
1713956400,48.82,48.88,48.68,48.76
1713958200,48.74,48.84,48.54,48.58
1713960000,48.56,48.62,48.52,48.56
1713961800,48.56,48.82,48.52,48.78
1713963600,48.76,48.86,48.66,48.78
1713965400,48.78,48.82,48.56,48.76
1713967200,48.76,48.88,48.7,48.78
1713969000,48.78,48.9,48.74,48.8
1713970800,48.8,48.82,48.8,48.82
1714026600,48.92,48.92,48.92,48.92
1714028400,48.92,49.22,48.86,48.94
1714030200,48.94,48.94,48.72,48.74
1714032000,48.74,48.82,48.7,48.8
1714033800,48.78,48.92,48.76,48.92
1714035600,48.9,48.98,48.88,48.96
1714037400,48.96,49.02,48.88,48.92
1714039200,48.92,49,48.86,48.9
1714041000,48.9,48.96,48.88,48.96
1714042800,48.94,49.22,48.82,48.88
1714044600,48.9,49.14,48.82,49.06
1714046400,49.06,49.52,49.04,49.24
1714048200,49.24,49.26,48.92,48.98
1714050000,48.96,49.02,48.68,48.92
1714051800,48.92,48.92,48.56,48.58
1714053600,48.56,48.86,48.54,48.86
1714055400,48.86,48.9,48.68,48.74
1714057200,48.7,48.7,48.7,48.7
1714113000,48.84,48.84,48.84,48.84
1714114800,48.84,49.4,48.8,49.26
1714116600,49.24,49.32,49.12,49.3
1714118400,49.28,49.36,49.18,49.32
1714120200,49.34,49.8,49.32,49.78
1714122000,49.78,50.2,49.66,50.15
1714123800,50.15,50.4,50.05,50.25
1714125600,50.3,50.35,50.15,50.25
1714127400,50.2,50.3,50.15,50.25
1714129200,50.2,50.4,50.2,50.35
1714131000,50.35,50.35,50,50.05
1714132800,50.05,50.3,50,50.2
1714134600,50.2,50.3,50.1,50.2
1714136400,50.25,50.7,50.2,50.55
1714138200,50.55,50.75,50.4,50.5
1714140000,50.5,50.75,50.35,50.55
1714141800,50.55,50.6,50.2,50.35
1714143600,50.45,50.45,50.45,50.45
1714372200,51,51,51,51
1714374000,50.95,51.3,50.45,50.45
1714375800,50.5,51.1,50.4,51.1
1714377600,51.05,51.1,50.8,50.9
1714379400,50.95,51,50.65,50.85
1714381200,50.8,51.05,50.75,50.9
1714383000,50.9,50.9,50.55,50.75
1714384800,50.75,50.85,50.7,50.8
1714386600,50.85,51,50.7,50.85
1714388400,50.8,50.9,50.65,50.75
1714390200,50.75,50.8,50.5,50.55
1714392000,50.5,50.6,50.45,50.5
1714393800,50.5,50.75,50.45,50.6
1714395600,50.6,50.85,50.6,50.7
1714397400,50.75,50.8,50.65,50.75
1714399200,50.8,51.05,50.65,51
1714401000,51,51.3,50.9,51.25
1714402800,51.35,51.35,51.35,51.35
1714458600,51.35,51.35,51.35,51.35
1714460400,51.35,51.8,50.95,51.1
1714462200,51.1,51.2,50.9,51.05
1714464000,51.05,51.15,50.7,50.8
1714465800,50.85,50.85,50.6,50.65
1714467600,50.65,50.75,50.6,50.6
1714469400,50.6,50.7,50.55,50.7
1714471200,50.65,50.85,50.65,50.7
1714473000,50.65,50.7,50.55,50.6
1714474800,50.65,50.7,50.5,50.65
1714476600,50.65,50.65,50.5,50.5
1714478400,50.55,50.6,50.4,50.45
1714480200,50.5,50.55,50.4,50.4
1714482000,50.45,50.55,50.15,50.5
1714483800,50.5,50.6,50.4,50.5
1714485600,50.5,50.6,50.35,50.45
1714487400,50.4,50.5,50.3,50.45
1714489200,50.4,50.4,50.4,50.4
1714631400,50.6,50.6,50.6,50.6
1714633200,50.65,51.4,50.65,51.3
1714635000,51.3,51.5,51.25,51.4
1714636800,51.45,51.6,51.3,51.4
1714638600,51.4,51.45,51.2,51.3
1714640400,51.25,51.3,51.15,51.2
1714642200,51.25,51.8,51.2,51.6
1714644000,51.6,51.65,51.35,51.45
1714645800,51.45,51.5,51.3,51.35
1714647600,51.3,51.5,51.2,51.45
1714649400,51.45,51.7,51.25,51.45
1714651200,51.4,51.7,51.35,51.7
1714653000,51.65,51.8,51.5,51.75
1714654800,51.75,52.1,51.75,51.8
1714656600,51.75,52.15,51.7,52.1
1714658400,52.05,52.1,51.85,51.9
1714660200,51.85,52.05,51.8,52
1714662000,51.8,51.8,51.8,51.8
1714717800,51.8,51.8,51.8,51.8
1714719600,51.85,52.2,51.7,51.95
1714721400,51.95,52.45,51.9,52.3
1714723200,52.35,52.5,52.2,52.3
1714725000,52.3,52.3,52.05,52.1
1714726800,52.1,52.25,52,52.2
1714728600,52.2,52.2,52,52.1
1714730400,52.1,52.15,52,52.05
1714732200,52.1,52.1,51.85,51.95
1714734000,51.95,52,51.85,51.9
1714735800,51.9,51.95,51.6,51.65
1714737600,51.65,51.65,51.4,51.45
1714739400,51.45,51.6,51.25,51.45
1714741200,51.45,51.45,51.15,51.4
1714743000,51.35,51.55,51.25,51.5
1714744800,51.55,51.65,51.35,51.55
1714746600,51.6,51.6,51.3,51.4
1714748400,51.35,51.4,51.35,51.4
1714977000,51.6,51.6,51.6,51.6
1714978800,51.55,51.85,51.3,51.55
1714980600,51.5,51.55,51.25,51.35
1714982400,51.3,51.6,51.25,51.45
1714984200,51.45,51.5,51.35,51.5
1714986000,51.45,51.5,51.3,51.4
1714987800,51.4,51.55,51.35,51.5
1714989600,51.5,51.65,51.45,51.6
1714991400,51.6,51.6,51.45,51.5
1714993200,51.5,52,51.45,51.95
1714995000,51.95,52,51.65,51.75
1714996800,51.75,51.8,51.65,51.7
1714998600,51.7,51.8,51.5,51.6
1715000400,51.55,51.6,51.4,51.4
1715002200,51.4,51.75,51.35,51.65
1715004000,51.65,51.75,51.55,51.6
1715005800,51.6,51.65,51.25,51.35
1715007600,51.2,51.2,51.2,51.2
1715063400,51.4,51.4,51.4,51.4
1715065200,51.4,51.7,51.2,51.35
1715067000,51.35,51.6,51.3,51.5
1715068800,51.55,51.75,51.5,51.65
1715070600,51.65,51.75,51.35,51.45
1715072400,51.4,51.45,51.1,51.15
1715074200,51.15,51.25,51,51
1715076000,51,51.1,50.9,51
1715077800,50.95,51,50.7,50.7
1715079600,50.7,50.85,50.6,50.75
1715081400,50.8,50.95,50.75,50.9
1715083200,50.9,51,50.8,50.85
1715085000,50.85,51.05,50.8,50.9
1715086800,50.9,51.25,50.75,51.2
1715088600,51.2,52.35,51.15,52.1
1715090400,52.1,52.6,52,52.25
1715092200,52.25,52.45,52,52.05
1715094000,52.15,52.15,52.15,52.15
1715149800,52.2,52.2,52.2,52.2
1715151600,52.2,52.6,52.1,52.15
1715153400,52.15,52.45,52.05,52.15
1715155200,52.1,52.3,52.05,52.25
1715157000,52.25,52.25,51.9,51.95
1715158800,51.95,52.1,51.85,52.1
1715160600,52.05,52.1,51.9,51.95
1715162400,51.95,52.1,51.85,51.9
1715164200,51.9,51.95,51.7,51.75
1715166000,51.75,51.85,51.7,51.85
1715167800,51.8,52,51.7,51.95
1715169600,51.9,52.1,51.85,51.95
1715171400,52,52.05,51.7,51.7
1715173200,51.7,51.9,51.65,51.9
1715175000,51.85,51.9,51.7,51.85
1715176800,51.85,51.9,51.6,51.65
1715178600,51.65,51.8,51.4,51.45
1715180400,51.45,51.45,51.45,51.45
1715236200,51.55,51.55,51.55,51.55
1715238000,51.6,51.95,51.55,51.8
1715239800,51.8,51.95,51.65,51.7
1715241600,51.7,51.8,51.6,51.7
1715243400,51.75,51.75,51.35,51.45
1715245200,51.45,51.5,51.2,51.35
1715247000,51.35,51.35,51.15,51.15
1715248800,51.2,51.3,51,51.25
1715250600,51.25,51.35,51.2,51.25
1715252400,51.25,51.4,51.2,51.2
1715254200,51.25,51.65,51.2,51.65
1715256000,51.65,51.95,51.6,51.95
1715257800,51.95,52.25,51.85,52.1
1715259600,52.1,52.25,52.05,52.15
1715261400,52.15,52.15,51.9,52.05
1715263200,52.05,52.15,51.9,52.1
1715265000,52.1,52.4,51.9,52.05
1715266800,52,52,52,52
1715322600,52,52,52,52
1715324400,52.05,52.95,51.9,52.75
1715326200,52.8,53.3,52.75,53.2
1715328000,53.2,53.4,53.05,53.25
1715329800,53.25,53.45,53.2,53.35
1715331600,53.35,53.7,53.2,53.6
1715333400,53.55,53.65,53.45,53.55
1715335200,53.55,53.65,53.45,53.65
1715337000,53.6,53.75,53.35,53.45
1715338800,53.45,53.5,53.3,53.4
1715340600,53.4,53.45,53.3,53.45
1715342400,53.45,53.45,53.1,53.2
1715344200,53.15,53.2,53,53.05
1715346000,53.1,53.55,53,53.5
1715347800,53.5,53.55,53.25,53.4
1715349600,53.4,53.45,53.05,53.1
1715351400,53.05,53.2,52.85,53.1
1715353200,53.05,53.05,52.95,52.95
1715581800,53.3,53.3,53.3,53.3
1715583600,53.25,54.35,53.25,53.7
1715585400,53.7,53.95,53.6,53.8
1715587200,53.8,54.15,53.7,54.05
1715589000,54,54.05,53.65,53.7
1715590800,53.7,53.7,53.45,53.6
1715592600,53.65,53.75,53.3,53.4
1715594400,53.4,53.4,53.05,53.25
1715596200,53.25,53.45,53.15,53.4
1715598000,53.35,53.55,53.05,53.2
1715599800,53.2,53.35,52.85,53.25
1715601600,53.2,53.25,53,53.05
1715603400,53.1,53.2,52.8,52.9
1715605200,52.9,53,52.4,52.5
1715607000,52.55,52.85,52.5,52.8
1715608800,52.8,52.85,52.65,52.7
1715610600,52.7,52.7,52.25,52.3
1715612400,52.35,52.35,52.35,52.35
1715668200,52.35,52.35,52.35,52.35
1715670000,52.4,52.45,51.9,52.05
1715671800,52.1,52.15,51.85,51.9
1715673600,51.9,51.95,51.65,51.8
1715675400,51.85,51.85,51.65,51.8
1715677200,51.8,52.05,51.7,52.05
1715679000,52.05,52.15,52,52.15
1715680800,52.15,52.25,52.05,52.1
1715682600,52.1,52.25,52,52.1
1715684400,52.1,52.4,51.95,52.3
1715686200,52.3,52.4,52.2,52.2
1715688000,52.2,53.25,52.2,53.25
1715689800,53.25,53.85,53.1,53.8
1715691600,53.85,54.05,53.7,53.9
1715693400,53.95,54,53.6,53.75
1715695200,53.75,53.75,53.25,53.35
1715697000,53.3,53.35,52.8,53
1715698800,52.85,52.85,52.85,52.85
1715754600,52.85,52.85,52.85,52.85
1715756400,52.85,52.85,52.25,52.55
1715758200,52.6,52.6,52.15,52.2
1715760000,52.2,52.35,52,52
1715761800,52.05,52.25,51.95,52.15
1715763600,52.15,52.2,52.05,52.15
1715765400,52.15,52.15,52,52.05
1715767200,52,52.05,51.45,51.75
1715769000,51.75,51.85,51.7,51.8
1715770800,51.75,52,51.65,51.95
1715772600,51.95,52,51.8,51.9
1715774400,51.85,51.95,51.75,51.8
1715776200,51.8,52,51.75,51.8
1715778000,51.75,51.9,51.65,51.75
1715779800,51.75,51.95,51.6,51.65
1715781600,51.65,52.05,51.55,51.95
1715783400,51.9,52.15,51.6,51.65
1715785200,51.65,51.65,51.65,51.65
1715841000,51.85,51.85,51.85,51.85
1715842800,51.9,52.4,51.85,52.25
1715844600,52.25,52.35,51.95,52
1715846400,51.95,51.95,51.5,51.6
1715848200,51.6,51.8,51.5,51.7
1715850000,51.7,51.8,51.6,51.8
1715851800,51.8,51.85,51.7,51.75
1715853600,51.75,51.85,51.7,51.7
1715855400,51.65,51.9,51.65,51.7
1715857200,51.7,51.8,51.7,51.75
1715859000,51.75,52,51.65,52
1715860800,51.95,52,51.8,51.9
1715862600,51.9,52.05,51.8,51.85
1715864400,51.9,51.95,51.6,51.75
1715866200,51.75,51.85,51.7,51.85
1715868000,51.8,51.95,51.75,51.95
1715869800,51.95,52.2,51.9,52.05
1715871600,52.25,52.25,52.25,52.25
1715927400,52.5,52.5,52.5,52.5
1715929200,52.45,53.2,52.45,53.05
1715931000,53.05,53.55,52.95,53.2
1715932800,53.2,53.4,53,53.15
1715934600,53.15,53.35,53.15,53.25
1715936400,53.25,53.35,53.15,53.25
1715938200,53.25,53.35,53.2,53.25
1715940000,53.3,53.55,53.25,53.45
1715941800,53.4,53.5,53.3,53.45
1715943600,53.5,53.5,53.2,53.25
1715945400,53.3,53.4,53.15,53.35
1715947200,53.35,53.4,53.2,53.25
1715949000,53.2,53.5,53.2,53.5
1715950800,53.5,53.6,53.4,53.5
1715952600,53.5,53.5,53.2,53.25
1715954400,53.25,53.5,53.15,53.3
1715956200,53.3,53.45,53.1,53.15
1715958000,53.25,53.25,53.25,53.25
1716186600,53.4,53.4,53.4,53.4
1716188400,53.4,54.55,53.3,54.5
1716190200,54.55,54.6,54.35,54.55
1716192000,54.55,54.65,54.4,54.5
1716193800,54.5,54.55,54.3,54.4
1716195600,54.35,54.35,54.1,54.15
1716197400,54.15,54.2,53.95,54
1716199200,54,54.5,54,54.4
1716201000,54.4,54.4,54.25,54.25
1716202800,54.25,54.3,53.9,53.95
1716204600,53.95,54.05,53.75,53.8
1716206400,53.8,53.95,53.7,53.9
1716208200,53.9,53.9,53.65,53.7
1716210000,53.7,53.9,53.6,53.65
1716211800,53.65,54,53.6,53.95
1716213600,53.95,54.1,53.8,54.05
1716215400,54.05,54.1,53.75,53.9
1716217200,53.9,53.9,53.9,53.9
1716273000,54,54,54,54
1716274800,54,54.35,53.45,54.25
1716276600,54.25,54.85,54.25,54.65
1716278400,54.65,54.75,54,54.25
1716280200,54.2,54.9,54.15,54.9
1716282000,54.9,55.15,54.7,54.95
1716283800,54.95,55.65,54.85,55.55
1716285600,55.6,56.4,55.55,55.85
1716287400,55.9,55.9,55.4,55.55
1716289200,55.55,55.55,55.25,55.45
1716291000,55.45,55.7,55.3,55.5
1716292800,55.5,55.55,54.45,54.7
1716294600,54.7,54.85,54.4,54.7
1716296400,54.65,54.85,54.4,54.6
1716298200,54.55,55.45,54.4,55.2
1716300000,55.2,55.35,54.9,55
1716301800,55,55.05,54.75,54.85
1716303600,55,55,55,55
1716359400,55.1,55.1,55.1,55.1
1716361200,55.1,55.45,54.8,55.05
1716363000,55.05,55.1,54.85,55
1716364800,55,55.45,54.9,55
1716366600,54.95,55.25,54.85,54.85
1716368400,54.85,54.95,54.75,54.8
1716370200,54.75,54.9,54.75,54.85
1716372000,54.8,55,54.8,54.85
1716373800,54.9,55.25,54.85,55.05
1716375600,55.05,55.1,54.6,54.75
1716377400,54.7,55,54.5,54.55
1716379200,54.55,54.65,54.4,54.5
1716381000,54.55,54.8,54.3,54.3
1716382800,54.35,54.65,54.25,54.6
1716384600,54.65,55.1,54.6,54.75
1716386400,54.75,55.2,54.7,54.9
1716388200,54.95,55.25,54.85,55.2
1716390000,55.25,55.25,55.25,55.25
1716445800,54.55,54.55,54.55,54.55
1716447600,54.6,55.25,54.6,55.1
1716449400,55.1,55.1,54.8,54.8
1716451200,54.8,55.15,54.75,54.9
1716453000,54.95,55,54.4,54.7
1716454800,54.7,54.9,54.6,54.75
1716456600,54.7,54.9,54.7,54.75
1716458400,54.75,54.95,54.7,54.8
1716460200,54.8,55.15,54.8,55.05
1716462000,55.1,55.65,54.9,55.2
1716463800,55.25,55.5,55.05,55.05
1716465600,55.05,55.15,54.85,54.9
1716467400,54.9,55.05,54.7,54.8
1716469200,54.8,54.95,54.7,54.75
1716471000,54.75,54.95,54.4,54.7
1716472800,54.65,54.7,54.3,54.6
1716474600,54.55,54.65,54.15,54.2
1716476400,54.4,54.4,54.4,54.4
1716532200,54.4,54.4,54.4,54.4
1716534000,54.35,54.45,54,54.2
1716535800,54.25,54.45,54.05,54.05
1716537600,54.05,54.1,53.7,53.85
1716539400,53.85,53.85,53.7,53.8
1716541200,53.8,53.85,53.7,53.8
1716543000,53.8,53.8,53.6,53.65
1716544800,53.7,53.75,53.55,53.6
1716546600,53.55,53.7,53.45,53.6
1716548400,53.65,53.7,53.5,53.55
1716550200,53.55,53.9,53.55,53.75
1716552000,53.75,53.9,53.65,53.7
1716553800,53.75,53.85,53.55,53.65
1716555600,53.65,54.05,53.6,53.9
1716557400,53.9,54,53.7,53.8
1716559200,53.8,54.05,53.7,54
1716561000,54,54.05,53.6,53.65
1716562800,53.55,53.55,53.55,53.55
1716791400,53.85,53.85,53.85,53.85
1716793200,53.85,54.45,53.55,53.65
1716795000,53.65,53.9,53.45,53.55
1716796800,53.5,53.7,53.35,53.65
1716798600,53.7,54.1,53.6,54.05
1716800400,54.05,54.3,54,54
1716802200,54.05,54.1,53.9,54
1716804000,53.95,54.05,53.7,53.8
1716805800,53.8,53.9,53.65,53.75
1716807600,53.75,53.85,53.65,53.8
1716809400,53.85,54.05,53.75,54
1716811200,54.05,54.25,53.8,53.8
1716813000,53.8,53.95,53.25,53.3
1716814800,53.3,53.45,53.15,53.4
1716816600,53.4,53.7,53.3,53.5
1716818400,53.5,54.2,53.45,53.8
1716820200,53.8,54.1,53.65,54.05
1716822000,54.05,54.2,54.05,54.2
1716877800,54.05,54.05,54.05,54.05
1716879600,54.05,54.55,54,54.15
1716881400,54.15,54.35,54,54
1716883200,53.95,54.2,53.85,54.05
1716885000,54.05,54.1,53.9,53.9
1716886800,53.95,54,53.7,53.8
1716888600,53.85,53.95,53.7,53.9
1716890400,53.9,53.95,53.75,53.8
1716892200,53.8,53.85,53.6,53.75
1716894000,53.7,53.75,53.6,53.65
1716895800,53.6,53.75,53.55,53.6
1716897600,53.6,53.85,53.5,53.8
1716899400,53.75,54.05,53.7,54
1716901200,53.95,54.4,53.95,54.3
1716903000,54.3,54.95,54.3,54.7
1716904800,54.7,54.75,54.45,54.5
1716906600,54.5,54.6,54.15,54.35
1716908400,54.25,54.25,54.25,54.25
1716964200,54.15,54.15,54.15,54.15
1716966000,54.2,54.55,54.15,54.15
1716967800,54.15,54.55,54.05,54.05
1716969600,54.05,54.2,53.9,54
1716971400,53.95,54.3,53.95,54.2
1716973200,54.2,54.2,54.05,54.05
1716975000,54.05,54.15,53.95,54
1716976800,54,54.05,53.95,54
1716978600,54,54.2,53.95,54
1716980400,53.95,54.05,53.9,53.95
1716982200,53.95,54.15,53.9,54.05
1716984000,54.1,54.1,53.7,53.8
1716985800,53.75,53.85,53.55,53.8
1716987600,53.75,53.95,53.7,53.8
1716989400,53.75,54,53.7,53.8
1716991200,53.8,53.95,53.6,53.65
1716993000,53.65,53.7,53.15,53.25
1716994800,53.2,53.2,53.1,53.1
1717050600,53.35,53.35,53.35,53.35
1717052400,53.4,53.6,53.1,53.15
1717054200,53.2,53.35,53,53.25
1717056000,53.25,53.45,53.2,53.35
1717057800,53.35,53.5,53.1,53.45
1717059600,53.45,53.5,53.3,53.4
1717061400,53.4,53.4,53.15,53.35
1717063200,53.4,53.55,53.15,53.2
1717065000,53.2,53.35,53.15,53.3
1717066800,53.3,53.6,53.15,53.45
1717068600,53.45,53.75,53.2,53.65
1717070400,53.65,53.7,53.35,53.45
1717072200,53.45,53.6,53.1,53.15
1717074000,53.15,53.45,53.1,53.25
1717075800,53.25,53.65,53.2,53.6
1717077600,53.6,53.7,53.05,53.15
1717079400,53.15,53.25,53.1,53.2
1717081200,53.2,53.2,53.2,53.2
1717137000,52.75,52.75,52.75,52.75
1717138800,52.7,53.4,52.65,53.35
1717140600,53.35,53.35,52.75,53.15
1717142400,53.15,53.3,52.75,52.85
1717144200,52.85,52.85,52.35,52.5
1717146000,52.5,52.5,52.05,52.1
1717147800,52.1,52.15,51.8,51.95
1717149600,51.95,52.25,51.85,52.2
1717151400,52.2,52.35,51.85,51.95
1717153200,51.95,52.05,51.8,51.95
1717155000,51.95,51.95,51.5,51.5
1717156800,51.55,51.65,51.3,51.45
1717158600,51.4,51.5,51,51
1717160400,51.05,51.05,50.5,50.6
1717162200,50.6,50.7,50.35,50.6
1717164000,50.6,50.65,50.15,50.15
1717165800,50.35,50.45,50.15,50.3
1717167600,49.66,49.66,49.66,49.66
1717396200,49.6,49.6,49.6,49.6
1717398000,49.58,49.64,48.62,48.68
1717399800,48.7,49.04,48.52,48.92
1717401600,48.92,49.26,48.9,49.1
1717403400,49.1,49.28,49,49.12
1717405200,49.12,49.16,48.8,48.9
1717407000,48.9,49.08,48.82,49.02
1717408800,49.02,49.06,48.78,49.02
1717410600,49.04,49.1,48.94,48.98
1717412400,49,49.04,48.82,49
1717414200,49,49,48.7,48.94
1717416000,48.94,49.16,48.84,49.14
1717417800,49.14,49.28,49.06,49.22
1717419600,49.22,49.36,49.14,49.26
1717421400,49.26,49.3,48.72,48.74
1717423200,48.72,48.92,48.62,48.86
1717425000,48.88,49,48.78,48.96
1717426800,48.96,48.96,48.96,48.96
1717482600,49.08,49.08,49.08,49.08
1717484400,49.08,49.48,49.06,49.36
1717486200,49.36,49.42,48.98,49.02
1717488000,49.04,49.2,49.02,49.14
1717489800,49.16,49.24,49.04,49.04
1717491600,49.04,49.08,48.88,49
1717493400,49.02,49.1,48.94,49.02
1717495200,49.02,49.02,48.88,48.92
1717497000,48.92,48.92,48.58,48.64
1717498800,48.62,48.72,48.6,48.7
1717500600,48.68,48.82,48.64,48.72
1717502400,48.7,48.76,48.62,48.7
1717504200,48.7,48.78,48.66,48.76
1717506000,48.76,48.84,48.72,48.78
1717507800,48.78,48.88,48.72,48.8
1717509600,48.78,48.84,48.72,48.76
1717511400,48.78,48.8,48.22,48.24
1717513200,48.24,48.24,48.24,48.24
1717569000,49.06,49.06,49.06,49.06
1717570800,49.06,49.3,48.78,48.82
1717572600,48.82,49.18,48.68,49.04
1717574400,49.04,49.2,48.96,49.06
1717576200,49.06,49.08,48.7,48.72
1717578000,48.7,48.88,48.58,48.78
1717579800,48.78,48.88,48.72,48.76
1717581600,48.76,48.94,48.72,48.84
1717583400,48.84,48.84,48.58,48.64
1717585200,48.64,48.78,48.62,48.74
1717587000,48.74,48.78,48.62,48.68
1717588800,48.66,48.68,48.46,48.52
1717590600,48.52,48.6,48.32,48.4
1717592400,48.38,48.66,48.2,48.3
1717594200,48.3,48.72,48.14,48.68
1717596000,48.68,48.8,48.24,48.38
1717597800,48.4,48.48,48.28,48.36
1717599600,48.38,48.38,48.38,48.38
1717655400,48.5,48.5,48.5,48.5
1717657200,48.52,49.08,48.5,48.94
1717659000,48.94,49,48.74,48.92
1717660800,48.92,49.14,48.9,49.08
1717662600,49.08,49.18,48.86,48.88
1717664400,48.88,49,48.66,48.8
1717666200,48.82,49.1,48.78,48.98
1717668000,48.98,49.02,48.86,48.94
1717669800,48.94,48.96,48.82,48.88
1717671600,48.88,48.96,48.84,48.88
1717673400,48.88,48.88,48.66,48.74
1717675200,48.74,48.88,48.72,48.86
1717677000,48.86,48.92,48.56,48.6
1717678800,48.58,48.6,48.44,48.54
1717680600,48.52,48.62,48.32,48.48
1717682400,48.48,48.56,48.4,48.48
1717684200,48.48,48.74,48.34,48.38
1717686000,48.4,48.4,48.4,48.4
1717741800,48.6,48.6,48.6,48.6
1717743600,48.6,48.7,48.38,48.46
1717745400,48.48,48.6,48.38,48.44
1717747200,48.42,48.56,48.36,48.52
1717749000,48.54,48.6,48.4,48.44
1717750800,48.44,48.6,48.42,48.46
1717752600,48.46,48.56,48.42,48.52
1717754400,48.52,48.62,48.46,48.54
1717756200,48.56,48.58,48.48,48.5
1717758000,48.52,48.6,48.5,48.54
1717759800,48.54,48.62,48.5,48.62
1717761600,48.62,48.74,48.52,48.54
1717763400,48.56,48.56,48.12,48.24
1717765200,48.22,48.38,48.2,48.26
1717767000,48.26,48.36,48.12,48.16
1717768800,48.14,48.2,48.04,48.12
1717770600,48.12,48.2,48.04,48.14
1717772400,48.14,48.2,48.14,48.2
1718001000,48.14,48.14,48.14,48.14
1718002800,48.14,48.34,47.84,47.92
1718004600,47.9,48.02,47.8,48.02
1718006400,48.02,48.02,47.84,47.9
1718008200,47.92,47.94,47.8,47.92
1718010000,47.92,47.92,47.74,47.84
1718011800,47.84,47.94,47.8,47.86
1718013600,47.86,47.96,47.8,47.82
1718015400,47.84,47.86,47.74,47.78
1718017200,47.78,47.8,47.72,47.74
1718019000,47.72,47.82,47.68,47.76
1718020800,47.76,47.78,47.6,47.68
1718022600,47.68,47.72,47.62,47.66
1718024400,47.66,47.84,47.58,47.66
1718026200,47.64,47.76,47.62,47.7
1718028000,47.72,47.72,47.48,47.52
1718029800,47.52,47.52,47.24,47.28
1718031600,47.28,47.28,47.28,47.28
1718087400,47.3,47.3,47.3,47.3
1718089200,47.32,47.64,47.32,47.64
1718091000,47.64,47.86,47.5,47.8
1718092800,47.78,47.82,47.64,47.64
1718094600,47.64,47.68,47.5,47.5
1718096400,47.5,47.6,47.44,47.6
1718098200,47.56,47.84,47.56,47.8
1718100000,47.78,48.06,47.74,47.94
1718101800,47.94,48.06,47.76,47.78
1718103600,47.78,47.84,47.62,47.74
1718105400,47.72,47.92,47.7,47.78
1718107200,47.78,47.78,47.5,47.54
1718109000,47.52,47.72,47.44,47.52
1718110800,47.5,47.62,47.42,47.56
1718112600,47.54,47.56,47.4,47.44
1718114400,47.46,47.54,47.3,47.32
1718116200,47.34,47.36,47.04,47.08
1718118000,47.04,47.04,47.04,47.04
1718173800,47.2,47.2,47.2,47.2
1718175600,47.18,47.24,47.04,47.18
1718177400,47.18,47.2,47.02,47.2
1718179200,47.2,47.64,47.16,47.48
1718181000,47.48,47.5,47.14,47.2
1718182800,47.18,47.28,47.06,47.12
1718184600,47.12,47.14,47.04,47.04
1718186400,47.06,47.2,47.04,47.18
1718188200,47.18,47.28,47.16,47.26
1718190000,47.28,47.36,47.26,47.32
1718191800,47.32,47.38,47.14,47.16
1718193600,47.18,47.24,47.14,47.24
1718195400,47.24,47.3,47.06,47.12
1718197200,47.14,47.68,47.08,47.38
1718199000,47.38,47.38,47.14,47.3
1718200800,47.28,47.84,47.2,47.72
1718202600,47.74,47.86,47.56,47.7
1718204400,47.42,47.42,47.42,47.42
1718260200,48.2,48.2,48.2,48.2
1718262000,48.2,48.56,48.08,48.38
1718263800,48.4,48.42,48.3,48.32
1718265600,48.32,48.38,48.24,48.3
1718267400,48.3,48.34,48.16,48.2
1718269200,48.2,48.28,48.16,48.22
1718271000,48.22,48.24,48.12,48.22
1718272800,48.22,48.24,48.02,48.12
1718274600,48.1,48.18,48.08,48.14
1718276400,48.12,48.32,48.06,48.08
1718278200,48.08,48.2,48.08,48.12
1718280000,48.12,48.28,48.1,48.24
1718281800,48.24,48.3,48.14,48.3
1718283600,48.28,48.38,48.26,48.36
1718285400,48.34,48.38,48.28,48.34
1718287200,48.32,48.34,48.14,48.18
1718289000,48.2,48.34,48.18,48.18
1718290800,48.1,48.1,48.1,48.1
1718346600,48.48,48.48,48.48,48.48
1718348400,48.48,49.16,48.48,48.98
1718350200,49,49.02,48.66,48.68
1718352000,48.68,49.04,48.66,48.92
1718353800,48.94,49.04,48.9,48.92
1718355600,48.92,49.1,48.84,48.94
1718357400,48.94,48.96,48.72,48.78
1718359200,48.78,48.8,48.46,48.52
1718361000,48.52,48.62,48.44,48.6
1718362800,48.6,48.6,48.44,48.56
1718364600,48.56,48.6,48.4,48.42
1718366400,48.42,48.42,48.22,48.36
1718368200,48.38,48.44,48.32,48.44
1718370000,48.44,48.48,48.34,48.34
1718371800,48.36,48.44,48.26,48.32
1718373600,48.32,48.4,48.22,48.34
1718375400,48.36,48.36,48.06,48.18
1718377200,48.2,48.36,48.2,48.36
1718865000,48.8,48.8,48.8,48.8
1718866800,48.8,49.08,48.62,48.72
1718868600,48.72,48.8,48.66,48.72
1718870400,48.7,49.12,48.7,49.08
1718872200,49.1,49.16,48.88,48.94
1718874000,48.92,49.02,48.92,48.94
1718875800,48.92,48.98,48.92,48.98
1718877600,48.96,49.16,48.96,49.1
1718879400,49.1,49.1,48.9,48.96
1718881200,48.94,49.02,48.94,48.98
1718883000,48.98,49.06,48.88,49.02
1718884800,49.02,49.04,48.82,48.82
1718886600,48.84,48.9,48.76,48.82
1718888400,48.84,48.98,48.82,48.96
1718890200,48.96,49.28,48.92,49.14
1718892000,49.14,49.16,49,49.1
1718893800,49.1,49.22,49.06,49.22
1718895600,49.34,49.34,49.34,49.34
1718951400,49.34,49.34,49.34,49.34
1718953200,49.34,49.52,49.04,49.18
1718955000,49.16,49.2,49,49.04
1718956800,49.02,49.06,48.94,49
1718958600,49,49.08,48.94,49
1718960400,49,49.12,48.96,48.98
1718962200,48.96,49.08,48.94,49
1718964000,49,49.04,48.96,49.04
1718965800,49.04,49.1,49,49.04
1718967600,49.04,49.04,48.92,48.94
1718969400,48.96,48.98,48.9,48.96
1718971200,48.96,49,48.92,48.98
1718973000,48.98,49.06,48.96,49.02
1718974800,49.02,49.1,49.02,49.02
1718976600,49.02,49.04,48.86,48.96
1718978400,48.96,49.02,48.94,48.96
1718980200,48.98,49.02,48.94,48.98
1718982000,48.82,48.82,48.82,48.82
1719210600,48.82,48.82,48.82,48.82
1719212400,48.84,48.96,48.74,48.78
1719214200,48.8,48.88,48.76,48.78
1719216000,48.78,48.8,48.58,48.64
1719217800,48.62,48.66,48.42,48.5
1719219600,48.5,48.58,48.44,48.52
1719221400,48.54,48.76,48.54,48.7
1719223200,48.72,48.76,48.52,48.58
1719225000,48.58,48.6,48.48,48.48
1719226800,48.48,48.6,48.48,48.56
1719228600,48.56,48.64,48.46,48.52
1719230400,48.52,48.56,48.46,48.52
1719232200,48.5,48.52,48.42,48.44
1719234000,48.44,48.5,48.32,48.34
1719235800,48.34,48.34,48.26,48.3
1719237600,48.32,48.58,48.28,48.58
1719239400,48.58,48.68,48.48,48.54
1719241200,48.64,48.64,48.64,48.64
1719297000,48.64,48.64,48.64,48.64
1719298800,48.62,48.86,48.56,48.8
1719300600,48.8,48.82,48.62,48.7
1719302400,48.72,48.78,48.62,48.7
1719304200,48.7,49,48.64,48.96
1719306000,48.98,48.98,48.68,48.74
1719307800,48.74,48.78,48.56,48.58
1719309600,48.58,48.6,48.16,48.18
1719311400,48.18,48.42,48.12,48.26
1719313200,48.28,48.54,48.22,48.36
1719315000,48.36,48.36,48.2,48.24
1719316800,48.24,48.3,48.18,48.28
1719318600,48.28,48.4,48.24,48.3
1719320400,48.3,48.46,48.28,48.32
1719322200,48.3,48.34,48.2,48.22
1719324000,48.22,48.28,48.16,48.24
1719325800,48.26,48.26,47.94,47.96
1719327600,47.94,47.94,47.8,47.8
1719383400,47.78,47.78,47.78,47.78
1719385200,47.8,47.98,47.68,47.7
1719387000,47.68,47.7,47.48,47.54
1719388800,47.52,47.7,47.5,47.68
1719390600,47.66,47.7,47.58,47.62
1719392400,47.6,47.78,47.54,47.76
1719394200,47.76,47.84,47.72,47.72
1719396000,47.74,47.96,47.72,47.9
1719397800,47.88,47.94,47.84,47.9
1719399600,47.88,47.9,47.74,47.76
1719401400,47.76,48.18,47.76,48.12
1719403200,48.12,48.12,48,48.02
1719405000,48.02,48.06,47.94,47.98
1719406800,47.98,48.26,47.94,48.12
1719408600,48.12,48.2,48.06,48.14
1719410400,48.14,48.28,48.02,48.06
1719412200,48.06,48.14,47.84,47.86
1719414000,47.72,47.72,47.72,47.72
1719469800,47.96,47.96,47.96,47.96
1719471600,47.96,48.16,47.88,47.98
1719473400,47.98,48.12,47.84,48.02
1719475200,48.02,48.14,47.94,48.06
1719477000,48.04,48.12,48.02,48.08
1719478800,48.1,48.22,48.08,48.18
1719480600,48.16,48.18,48.08,48.14
1719482400,48.14,48.18,48.1,48.16
1719484200,48.14,48.18,48.08,48.1
1719486000,48.12,48.14,47.94,47.96
1719487800,47.96,48.12,47.92,48.02
1719489600,48.02,48.12,48,48.04
1719491400,48.04,48.34,47.94,48.2
1719493200,48.2,48.5,48.2,48.48
1719495000,48.48,48.6,48.48,48.58
1719496800,48.6,48.78,48.5,48.52
1719498600,48.52,48.56,48.42,48.54
1719500400,48.54,48.56,48.54,48.56
1719556200,48.6,48.6,48.6,48.6
1719558000,48.6,48.98,48.58,48.66
1719559800,48.66,48.98,48.62,48.78
1719561600,48.78,48.98,48.7,48.88
1719563400,48.88,48.92,48.72,48.84
1719565200,48.84,48.9,48.58,48.72
1719567000,48.72,49.12,48.7,48.92
1719568800,48.92,48.94,48.78,48.84
1719570600,48.86,48.9,48.72,48.82
1719572400,48.8,49.28,48.76,49.28
1719574200,49.28,49.36,49.08,49.28
1719576000,49.28,49.58,49.22,49.48
1719577800,49.46,49.96,49.44,49.94
1719579600,49.94,50.55,49.92,50.5
1719581400,50.45,50.7,50.35,50.45
1719583200,50.5,50.65,50.15,50.2
1719585000,50.2,50.2,49.52,49.96
1719586800,49.94,50.2,49.94,50.2
1719815400,50.75,50.75,50.75,50.75
1719817200,50.75,51.05,50.45,50.55
1719819000,50.55,50.55,49.98,50.1
1719820800,50.1,50.6,50.05,50.45
1719822600,50.4,50.5,49.86,49.9
1719824400,49.9,50.1,49.8,49.84
1719826200,49.82,49.84,49.18,49.2
1719828000,49.2,49.4,49.04,49.1
1719829800,49.12,49.3,49.06,49.1
1719831600,49.08,49.18,48.96,49.08
1719833400,49.06,49.24,49.04,49.22
1719835200,49.22,49.26,48.94,49.06
1719837000,49.06,49.08,48.78,48.82
1719838800,48.8,48.84,48.54,48.66
1719840600,48.66,48.72,48.22,48.22
1719842400,48.2,48.2,47.76,47.9
1719844200,47.88,48.2,47.76,48.16
1719846000,48.16,48.26,48.16,48.26
1719901800,48.24,48.24,48.24,48.24
1719903600,48.24,48.4,47.82,48.02
1719905400,48.02,48.34,48,48.3
1719907200,48.28,48.5,48.08,48.18
1719909000,48.18,48.26,48,48.1
1719910800,48.08,48.2,47.98,48.02
1719912600,48.02,48.18,48,48.06
1719914400,48.04,48.18,47.96,48.1
1719916200,48.1,48.12,47.98,47.98
1719918000,48,48.02,47.78,47.96
1719919800,47.94,48.08,47.86,48.04
1719921600,48.04,48.2,48,48.12
1719923400,48.12,48.36,48.04,48.26
1719925200,48.26,48.62,48.26,48.42
1719927000,48.44,48.48,48.2,48.24
1719928800,48.22,48.32,47.94,48.08
1719930600,48.08,48.42,48.06,48.42
1719932400,48.48,48.48,48.48,48.48
1719988200,48.64,48.64,48.64,48.64
1719990000,48.64,49.12,48.64,49.08
1719991800,49.1,49.16,48.94,49.04
1719993600,49.04,49.2,48.88,48.9
1719995400,48.9,49.08,48.82,49
1719997200,49,49.46,48.9,49.26
1719999000,49.26,49.34,49.02,49.02
1720000800,49.02,49.04,48.88,48.88
1720002600,48.88,48.94,48.8,48.82
1720004400,48.84,48.9,48.7,48.76
1720006200,48.74,49.46,48.7,48.82
1720008000,48.84,49.12,48.7,48.92
1720009800,48.92,48.98,48.8,48.8
1720011600,48.8,49.36,48.8,49.08
1720013400,49.08,49.6,49.04,49.58
1720015200,49.56,50,49.54,49.7
1720017000,49.72,50.1,49.66,50.1
1720018800,49.94,49.94,49.94,49.94
1720074600,49.96,49.96,49.96,49.96
1720076400,49.96,50.65,49.94,50.5
1720078200,50.55,51,50.25,50.85
1720080000,50.8,50.95,50.6,50.7
1720081800,50.7,50.75,50.5,50.65
1720083600,50.65,51.7,50.6,51.45
1720085400,51.45,51.5,51.15,51.2
1720087200,51.2,51.25,51.05,51.15
1720089000,51.15,51.15,50.95,51.05
1720090800,51.1,51.15,50.95,51.15
1720092600,51.15,51.3,50.9,51.25
1720094400,51.2,51.5,51.05,51.45
1720096200,51.45,51.5,51.2,51.3
1720098000,51.35,51.6,51.1,51.5
1720099800,51.5,51.55,51.15,51.35
1720101600,51.35,51.4,51.05,51.2
1720103400,51.2,51.4,51.05,51.25
1720105200,51.3,51.3,51.3,51.3
1720161000,51.3,51.3,51.3,51.3
1720162800,51.35,51.65,51.15,51.35
1720164600,51.3,51.6,51.15,51.45
1720166400,51.45,51.9,51.35,51.55
1720168200,51.5,51.6,51.4,51.5
1720170000,51.5,51.75,51.5,51.65
1720171800,51.65,51.7,51.55,51.6
1720173600,51.55,51.65,51.35,51.45
1720175400,51.4,51.5,51.2,51.3
1720177200,51.3,51.45,51.2,51.3
1720179000,51.3,51.4,51.2,51.3
1720180800,51.3,51.4,51.25,51.25
1720182600,51.3,51.65,51.25,51.35
1720184400,51.35,51.4,51.1,51.2
1720186200,51.2,51.3,51.1,51.25
1720188000,51.25,51.4,51.05,51.35
1720189800,51.4,51.7,51.1,51.6
1720191600,51.6,51.6,51.55,51.6
1720420200,51.4,51.4,51.4,51.4
1720422000,51.35,51.45,50.9,51
1720423800,51,51.05,50.7,50.8
1720425600,50.75,50.85,50.65,50.75
1720427400,50.8,51.05,50.65,51
1720429200,51,51,50.75,50.9
1720431000,50.9,51.2,50.8,51.05
1720432800,51.05,51.05,50.8,50.85
1720434600,50.9,51,50.75,50.8
1720436400,50.8,50.95,50.7,50.9
1720438200,50.85,50.95,50.75,50.85
1720440000,50.85,50.85,50.7,50.8
1720441800,50.8,50.9,50.7,50.85
1720443600,50.85,50.9,50.4,50.55
1720445400,50.55,50.55,50.3,50.4
1720447200,50.45,50.6,50.35,50.55
1720449000,50.55,50.65,50.25,50.5
1720450800,50.35,50.35,50.35,50.35
1720506600,50.4,50.4,50.4,50.4
1720508400,50.4,50.75,50.3,50.35
1720510200,50.35,50.55,50.25,50.3
1720512000,50.3,50.35,49.98,50.15
1720513800,50.1,50.4,50,50.2
1720515600,50.2,50.2,50.05,50.15
1720517400,50.2,50.25,50.1,50.2
1720519200,50.2,50.35,50.15,50.3
1720521000,50.25,50.3,50.1,50.2
1720522800,50.2,50.35,50.1,50.2
1720524600,50.2,50.2,50.05,50.15
1720526400,50.15,50.15,49.92,49.94
1720528200,49.94,49.96,49.82,49.86
1720530000,49.88,49.92,49.82,49.88
1720531800,49.88,49.9,49.76,49.88
1720533600,49.88,49.94,49.76,49.84
1720535400,49.86,49.9,49.72,49.74
1720537200,49.76,49.76,49.76,49.76
1720593000,49.84,49.84,49.84,49.84
1720594800,49.86,50.15,49.76,49.82
1720596600,49.82,50.2,49.82,50
1720598400,50,50.15,49.9,49.9
1720600200,49.9,50.05,49.88,50.05
1720602000,50,50.15,50,50.05
1720603800,50.05,50.05,49.98,50
1720605600,50,50.1,49.94,49.98
1720607400,49.96,50.05,49.9,49.92
1720609200,49.9,49.96,49.8,49.88
1720611000,49.86,49.88,49.74,49.8
1720612800,49.8,49.84,49.76,49.8
1720614600,49.8,49.8,49.54,49.6
1720616400,49.6,49.74,49.44,49.52
1720618200,49.52,49.6,49.46,49.54
1720620000,49.56,49.9,49.5,49.88
1720621800,49.9,49.94,49.52,49.56
1720623600,49.56,49.56,49.48,49.48
1720679400,49.72,49.72,49.72,49.72
1720681200,49.74,50.15,49.64,50.1
1720683000,50.1,50.4,50.05,50.35
1720684800,50.35,50.45,50.05,50.1
1720686600,50.1,50.3,50.1,50.3
1720688400,50.25,50.3,50.2,50.2
1720690200,50.25,50.25,50.1,50.2
1720692000,50.2,50.2,50.05,50.1
1720693800,50.05,50.15,50.05,50.1
1720695600,50.15,50.25,50.1,50.2
1720697400,50.2,50.45,50.15,50.35
1720699200,50.3,50.55,50.3,50.45
1720701000,50.4,50.65,50.35,50.4
1720702800,50.4,50.5,50.35,50.4
1720704600,50.4,50.55,50.35,50.45
1720706400,50.5,50.55,50.4,50.45
1720708200,50.5,50.55,50.35,50.55
1720710000,50.5,50.5,50.5,50.5
1720765800,50.55,50.55,50.55,50.55
1720767600,50.6,50.85,50.2,50.3
1720769400,50.3,50.3,50.05,50.1
1720771200,50.1,50.3,50.1,50.3
1720773000,50.3,50.3,50.15,50.15
1720774800,50.15,50.25,50.05,50.2
1720776600,50.2,50.35,50.15,50.2
1720778400,50.2,50.2,49.96,49.98
1720780200,49.98,49.98,49.82,49.9
1720782000,49.9,49.96,49.78,49.86
1720783800,49.88,49.9,49.78,49.86
1720785600,49.86,49.96,49.82,49.86
1720787400,49.86,49.86,49.76,49.86
1720789200,49.86,49.94,49.82,49.92
1720791000,49.92,50.25,49.9,50.2
1720792800,50.15,50.2,50,50.1
1720794600,50.05,50.25,50,50.1
1720796400,50,50,50,50
1721111400,50.1,50.1,50.1,50.1
1721113200,50.1,50.3,50,50.3
1721115000,50.3,50.4,50.15,50.15
1721116800,50.15,50.15,49.94,50.05
1721118600,50,50.05,49.9,49.96
1721120400,49.96,49.98,49.92,49.98
1721122200,49.98,50,49.9,49.92
1721124000,49.94,49.96,49.88,49.92
1721125800,49.92,49.94,49.88,49.92
1721127600,49.92,49.92,49.74,49.82
1721129400,49.82,49.84,49.76,49.82
1721131200,49.82,49.82,49.72,49.76
1721133000,49.76,49.8,49.72,49.78
1721134800,49.8,49.9,49.78,49.8
1721136600,49.8,49.94,49.76,49.94
1721138400,49.94,50.15,49.88,50
1721140200,50.05,50.1,49.98,50
1721142000,49.98,50,49.98,50
1721197800,50.05,50.05,50.05,50.05
1721199600,50.1,50.4,50.05,50.3
1721201400,50.25,50.8,50.25,50.5
1721203200,50.5,50.55,50.4,50.5
1721205000,50.55,50.7,50.5,50.6
1721206800,50.55,50.6,50.45,50.45
1721208600,50.5,50.5,50.35,50.45
1721210400,50.4,50.5,50.3,50.3
1721212200,50.35,50.4,50.2,50.35
1721214000,50.3,50.5,50.3,50.35
1721215800,50.35,50.5,50.3,50.45
1721217600,50.4,50.55,50.4,50.45
1721219400,50.5,50.5,50.35,50.45
1721221200,50.4,50.55,50.4,50.45
1721223000,50.45,50.65,50.4,50.65
1721224800,50.65,50.7,50.5,50.65
1721226600,50.6,50.9,50.5,50.9
1721228400,50.65,50.65,50.65,50.65
1721284200,51,51,51,51
1721286000,51,51,50.65,50.75
1721287800,50.7,51,50.6,50.95
1721289600,51,51.05,50.7,50.75
1721291400,50.7,50.75,50.65,50.75
1721293200,50.75,50.9,50.7,50.85
1721295000,50.8,50.85,50.75,50.8
1721296800,50.8,50.85,50.7,50.8
1721298600,50.8,50.85,50.7,50.7
1721300400,50.7,50.85,50.7,50.8
1721302200,50.75,50.8,50.7,50.75
1721304000,50.8,50.85,50.7,50.8
1721305800,50.8,50.95,50.75,50.9
1721307600,50.85,50.95,50.7,50.75
1721309400,50.8,50.85,50.7,50.75
1721311200,50.75,50.85,50.6,50.65
1721313000,50.65,50.65,50.1,50.15
1721314800,50.15,50.2,50.15,50.2
1721370600,49.92,49.92,49.92,49.92
1721372400,49.92,50.15,49.84,49.92
1721374200,49.94,49.98,49.52,49.6
1721376000,49.6,49.64,49.34,49.4
1721377800,49.38,49.56,49.36,49.52
1721379600,49.52,49.58,49.48,49.5
1721381400,49.5,49.58,49.48,49.52
1721383200,49.54,49.58,49.5,49.56
1721385000,49.56,49.74,49.54,49.7
1721386800,49.7,49.84,49.66,49.72
1721388600,49.74,49.76,49.56,49.6
1721390400,49.6,49.72,49.56,49.7
1721392200,49.7,49.76,49.62,49.72
1721394000,49.72,49.76,49.6,49.66
1721395800,49.66,49.7,49.6,49.62
1721397600,49.62,49.64,49.48,49.56
1721399400,49.54,49.68,49.52,49.62
1721401200,49.64,49.64,49.64,49.64
1721629800,49.62,49.62,49.62,49.62
1721631600,49.6,49.78,49.54,49.76
1721633400,49.74,49.94,49.68,49.84
1721635200,49.84,50.05,49.8,50.05
1721637000,50,50.15,49.88,49.92
1721638800,49.9,49.96,49.86,49.96
1721640600,49.96,49.98,49.9,49.98
1721642400,49.96,50.1,49.94,50
1721644200,50.05,50.05,49.86,49.88
1721646000,49.9,49.94,49.7,49.8
1721647800,49.8,49.86,49.76,49.8
1721649600,49.8,49.84,49.76,49.82
1721651400,49.82,49.86,49.78,49.8
1721653200,49.82,49.86,49.78,49.8
1721655000,49.82,49.82,49.64,49.66
1721656800,49.64,49.68,49.44,49.52
1721658600,49.52,49.52,49.32,49.36
1721660400,49.28,49.28,49.28,49.28
1721716200,49.26,49.26,49.26,49.26
1721718000,49.24,49.5,49.22,49.24
1721719800,49.24,49.26,48.98,49
1721721600,48.98,49.22,48.92,49.22
1721723400,49.2,49.28,49.16,49.18
1721725200,49.18,49.24,49.18,49.24
1721727000,49.24,49.26,49.14,49.24
1721728800,49.24,49.34,49.22,49.3
1721730600,49.3,49.3,49.2,49.28
1721732400,49.28,49.42,49.12,49.16
1721734200,49.18,49.26,49.14,49.24
1721736000,49.24,49.24,49.02,49.06
1721737800,49.06,49.12,49.02,49.06
1721739600,49.08,49.16,49.06,49.14
1721741400,49.12,49.32,49.1,49.3
1721743200,49.3,49.34,49.1,49.12
1721745000,49.12,49.16,48.86,48.9
1721746800,48.9,48.9,48.9,48.9
1721802600,48.8,48.8,48.8,48.8
1721804400,48.8,49.04,48.8,48.96
1721806200,48.96,48.98,48.86,48.9
1721808000,48.9,48.94,48.74,48.84
1721809800,48.84,48.96,48.8,48.86
1721811600,48.84,49,48.84,48.96
1721813400,48.98,49.1,48.92,49.08
1721815200,49.06,49.08,48.96,49.04
1721817000,49.04,49.08,48.98,49
1721818800,49,49.26,48.96,49.1
1721820600,49.1,49.14,49.02,49.12
1721822400,49.12,49.16,49,49.08
1721824200,49.1,49.24,49.02,49.18
1721826000,49.18,49.18,49.04,49.12
1721827800,49.14,49.2,48.9,48.92
1721829600,48.92,49,48.82,48.92
1721831400,48.94,48.94,48.58,48.66
1721833200,48.64,48.68,48.64,48.68
1721889000,48.62,48.62,48.62,48.62
1721890800,48.62,48.82,48.58,48.76
1721892600,48.76,48.88,48.72,48.8
1721894400,48.78,48.84,48.74,48.82
1721896200,48.82,48.82,48.72,48.76
1721898000,48.76,48.78,48.66,48.7
1721899800,48.68,48.76,48.66,48.72
1721901600,48.72,48.9,48.72,48.84
1721903400,48.82,49,48.82,48.9
1721905200,48.9,48.96,48.78,48.8
1721907000,48.8,48.92,48.74,48.8
1721908800,48.8,48.86,48.72,48.78
1721910600,48.78,48.84,48.64,48.76
1721912400,48.76,48.82,48.46,48.5
1721914200,48.5,48.54,48.36,48.44
1721916000,48.44,48.54,48.34,48.38
1721917800,48.36,48.4,48.12,48.2
1721919600,48.24,48.24,48.24,48.24
1721975400,48.32,48.32,48.32,48.32
1721977200,48.32,48.62,48.3,48.5
1721979000,48.48,48.58,48.42,48.5
1721980800,48.5,48.52,48.38,48.44
1721982600,48.44,48.46,48.24,48.24
1721984400,48.26,48.26,48.16,48.22
1721986200,48.22,48.24,48.16,48.2
1721988000,48.2,48.28,48.18,48.26
1721989800,48.24,48.32,48.2,48.28
1721991600,48.26,48.3,48.18,48.22
1721993400,48.22,48.28,48.16,48.22
1721995200,48.22,48.28,48.18,48.24
1721997000,48.24,48.32,48.22,48.26
1721998800,48.26,48.34,48.24,48.28
1722000600,48.28,48.28,48.18,48.24
1722002400,48.22,48.3,48.16,48.22
1722004200,48.22,48.26,48.14,48.2
1722006000,48.18,48.22,48.18,48.22
1722234600,47.9,47.9,47.9,47.9
1722236400,47.9,48.02,47.62,47.74
1722238200,47.76,47.76,47.64,47.68
1722240000,47.7,47.7,47.54,47.62
1722241800,47.62,47.7,47.58,47.64
1722243600,47.66,47.74,47.64,47.7
1722245400,47.7,47.74,47.68,47.72
1722247200,47.72,47.72,47.64,47.68
1722249000,47.68,47.78,47.66,47.74
1722250800,47.74,47.76,47.6,47.66
1722252600,47.64,47.66,47.42,47.46
1722254400,47.46,47.52,47.4,47.48
1722256200,47.46,47.48,47.4,47.4
1722258000,47.42,47.44,47.34,47.38
1722259800,47.38,47.38,47.1,47.26
1722261600,47.26,47.26,47.14,47.18
1722263400,47.18,47.24,47,47.06
1722265200,47.06,47.06,47.06,47.06
1722321000,47.16,47.16,47.16,47.16
1722322800,47.16,47.42,47.14,47.22
1722324600,47.24,47.44,47.22,47.4
1722326400,47.4,47.44,47.2,47.34
1722328200,47.34,47.4,47.24,47.3
1722330000,47.28,47.32,47.2,47.3
1722331800,47.32,47.38,47.28,47.36
1722333600,47.36,47.38,47.26,47.26
1722335400,47.28,47.34,47.26,47.28
1722337200,47.28,47.3,47.22,47.26
1722339000,47.26,47.3,47.18,47.2
1722340800,47.18,47.2,46.9,47
1722342600,47.02,47.24,47,47.16
1722344400,47.16,47.32,47.12,47.18
1722346200,47.18,47.24,47.08,47.2
1722348000,47.2,47.4,47.12,47.14
1722349800,47.16,47.26,47.08,47.18
1722351600,47.18,47.18,47.18,47.18
1722407400,47.12,47.12,47.12,47.12
1722409200,47.12,47.18,46.86,47.16
1722411000,47.16,47.32,47,47.28
1722412800,47.28,47.28,47.08,47.14
1722414600,47.14,47.18,46.98,47.04
1722416400,47.04,47.1,46.94,47.04
1722418200,47.04,47.06,46.94,46.98
1722420000,46.98,47,46.9,46.94
1722421800,46.96,47.08,46.92,46.98
1722423600,47,47.04,46.92,46.96
1722425400,46.96,46.98,46.82,46.98
1722427200,46.96,47.12,46.96,47.06
1722429000,47.06,47.22,47.04,47.22
1722430800,47.22,47.26,47.04,47.1
1722432600,47.1,47.1,46.96,47.06
1722434400,47.06,47.2,46.94,46.98
1722436200,46.96,46.98,46.82,46.86
1722438000,47.04,47.04,47.04,47.04
1722493800,47.38,47.38,47.38,47.38
1722495600,47.4,47.76,47.4,47.64
1722497400,47.64,47.66,47.56,47.62
1722499200,47.64,47.72,47.58,47.7
1722501000,47.7,47.78,47.58,47.64
1722502800,47.64,47.74,47.56,47.7
1722504600,47.68,47.72,47.62,47.72
1722506400,47.72,47.78,47.66,47.76
1722508200,47.76,47.86,47.7,47.78
1722510000,47.78,47.9,47.76,47.8
1722511800,47.82,47.84,47.72,47.76
1722513600,47.78,48,47.76,47.92
1722515400,47.92,47.94,47.76,47.78
1722517200,47.78,47.84,47.76,47.8
1722519000,47.8,47.8,47.68,47.74
1722520800,47.74,47.8,47.66,47.72
1722522600,47.72,47.78,47.66,47.76
1722524400,47.8,47.8,47.8,47.8
1722580200,47.02,47.02,47.02,47.02
1722582000,47.02,47.48,47.02,47.3
1722583800,47.3,47.3,47.06,47.18
1722585600,47.18,47.18,47.04,47.04
1722587400,47.06,47.16,47.04,47.12
1722589200,47.12,47.14,47.02,47.1
1722591000,47.1,47.14,47.06,47.1
1722592800,47.08,47.12,47.04,47.06
1722594600,47.08,47.1,47.02,47.08
1722596400,47.1,47.1,46.94,46.98
1722598200,46.98,47.08,46.94,46.98
1722600000,46.96,47.06,46.92,47
1722601800,47.02,47.02,46.72,46.78
1722603600,46.78,46.8,46.62,46.78
1722605400,46.78,46.78,46.54,46.58
1722607200,46.58,46.58,46.24,46.34
1722609000,46.34,46.64,46.3,46.42
1722610800,46.48,46.48,46.48,46.48
1722839400,45.78,45.78,45.78,45.78
1722841200,45.02,45.02,45.02,45.02
1722843000,44.92,45.02,43.22,44.46
1722844800,44.5,44.66,44.02,44.16
1722846600,44.16,44.54,44,44.48
1722848400,44.48,44.48,44.16,44.22
1722850200,44.22,44.3,44.18,44.28
1722852000,44.26,44.3,44.14,44.16
1722853800,44.14,44.22,44.02,44.04
1722855600,44.06,44.08,43.9,44.02
1722857400,44,44.06,43.68,43.74
1722859200,43.72,43.78,43.46,43.58
1722861000,43.58,43.58,43.24,43.5
1722862800,43.5,43.82,43.38,43.6
1722864600,43.62,43.82,43.48,43.78
1722866400,43.76,43.94,43.62,43.74
1722868200,43.74,43.82,43.42,43.5
1722870000,43.4,43.4,43.4,43.4
1722925800,44.24,44.24,44.24,44.24
1722927600,44.24,44.4,44.06,44.22
1722929400,44.2,44.32,44,44.04
1722931200,44.02,44.06,43.82,43.94
1722933000,43.92,44.02,43.86,43.88
1722934800,43.88,43.92,43.74,43.84
1722936600,43.84,43.94,43.8,43.9
1722938400,43.9,43.92,43.82,43.92
1722940200,43.9,43.94,43.82,43.84
1722942000,43.82,43.92,43.8,43.88
1722943800,43.86,43.94,43.84,43.94
1722945600,43.94,44,43.88,43.92
1722947400,43.9,43.92,43.68,43.72
1722949200,43.7,43.74,43.24,43.3
1722951000,43.3,43.32,43,43.16
1722952800,43.16,43.3,43.08,43.12
1722954600,43.12,43.16,42.8,42.9
1722956400,42.9,42.9,42.82,42.82
1723012200,43.22,43.22,43.22,43.22
1723014000,43.22,43.8,43.08,43.24
1723015800,43.24,43.46,43.22,43.36
1723017600,43.36,43.6,43.36,43.52
1723019400,43.54,43.72,43.48,43.68
1723021200,43.7,43.86,43.7,43.8
1723023000,43.82,43.84,43.74,43.8
1723024800,43.8,43.94,43.8,43.82
1723026600,43.82,43.9,43.72,43.9
1723028400,43.88,43.92,43.78,43.9
1723030200,43.9,43.92,43.76,43.86
1723032000,43.84,43.86,43.56,43.62
1723033800,43.62,43.8,43.54,43.74
1723035600,43.76,43.8,43.68,43.74
1723037400,43.76,43.92,43.7,43.88
1723039200,43.88,44.18,43.78,43.9
1723041000,43.88,43.96,43.78,43.84
1723042800,43.76,43.76,43.76,43.76
1723098600,43.68,43.68,43.68,43.68
1723100400,43.68,44.2,43.66,44.02
1723102200,44.04,44.06,43.74,44.06
1723104000,44.06,44.12,43.98,44.06
1723105800,44.04,44.06,43.88,43.94
1723107600,43.94,44.08,43.84,44.02
1723109400,44.02,44.12,43.98,44.1
1723111200,44.12,44.12,43.98,44.12
1723113000,44.12,44.26,44.08,44.16
1723114800,44.16,44.16,44.04,44.14
1723116600,44.14,44.2,44.04,44.18
1723118400,44.18,44.22,44.02,44.04
1723120200,44.04,44.36,44.04,44.34
1723122000,44.36,44.42,44.2,44.24
1723123800,44.22,44.26,44.16,44.22
1723125600,44.24,44.32,44.22,44.26
1723127400,44.26,44.36,44.14,44.28
1723129200,44.36,44.36,44.36,44.36
1723185000,44.54,44.54,44.54,44.54
1723186800,44.54,44.8,44.44,44.54
1723188600,44.54,44.56,44.36,44.38
1723190400,44.38,44.38,43.98,44
1723192200,44,44.06,43.9,43.96
1723194000,43.96,44.08,43.94,44.02
1723195800,44.02,44.02,43.7,43.76
1723197600,43.74,43.86,43.7,43.84
1723199400,43.82,43.94,43.8,43.86
1723201200,43.86,44,43.86,43.9
1723203000,43.9,43.96,43.8,43.96
1723204800,43.96,43.98,43.8,43.82
1723206600,43.84,43.86,43.54,43.62
1723208400,43.64,43.72,43.58,43.68
1723210200,43.68,43.7,43.54,43.64
1723212000,43.64,43.8,43.48,43.62
1723213800,43.62,43.62,43.44,43.46
1723215600,43.4,43.4,43.4,43.4
1723444200,43.6,43.6,43.6,43.6
1723446000,43.62,43.96,43.6,43.86
1723447800,43.86,44.06,43.76,44.02
1723449600,44.02,44.04,43.84,43.92
1723451400,43.92,43.94,43.76,43.78
1723453200,43.78,43.78,43.66,43.66
1723455000,43.66,43.7,43.6,43.66
1723456800,43.64,43.72,43.58,43.64
1723458600,43.66,43.72,43.46,43.46
1723460400,43.48,43.54,43.16,43.2
1723462200,43.18,43.3,43.1,43.3
1723464000,43.3,43.34,43.14,43.2
1723465800,43.2,43.22,43.1,43.16
1723467600,43.18,43.28,43.04,43.16
1723469400,43.16,43.24,42.9,42.92
1723471200,42.92,43.02,42.9,43
1723473000,42.98,43.02,42.7,42.72
1723474800,42.78,42.78,42.78,42.78
1723530600,42.78,42.78,42.78,42.78
1723532400,42.78,43.02,42.74,42.82
1723534200,42.82,43.02,42.76,42.9
1723536000,42.88,42.94,42.78,42.8
1723537800,42.8,42.92,42.78,42.9
1723539600,42.9,42.94,42.78,42.78
1723541400,42.78,42.88,42.76,42.86
1723543200,42.86,42.9,42.76,42.86
1723545000,42.86,42.94,42.84,42.86
1723546800,42.86,43.1,42.84,42.86
1723548600,42.86,42.9,42.8,42.86
1723550400,42.86,42.92,42.76,42.84
1723552200,42.84,42.9,42.8,42.86
1723554000,42.88,42.9,42.58,42.64
1723555800,42.64,42.64,42.4,42.6
1723557600,42.6,43.02,42.5,42.86
1723559400,42.86,43.08,42.7,42.94
1723561200,43,43,43,43
1723617000,43.46,43.46,43.46,43.46
1723618800,43.46,43.66,43.16,43.3
1723620600,43.3,43.34,43.18,43.18
1723622400,43.18,43.2,42.98,43.02
1723624200,43.02,43.1,43,43.02
1723626000,43,43.08,43,43.04
1723627800,43.04,43.1,43,43.06
1723629600,43.06,43.12,43.02,43.06
1723631400,43.04,43.16,43.04,43.1
1723633200,43.08,43.12,42.96,42.96
1723635000,42.98,43,42.88,42.96
1723636800,42.96,43.1,42.94,43.1
1723638600,43.1,43.18,42.76,42.8
1723640400,42.78,42.86,42.66,42.76
1723642200,42.76,42.8,42.52,42.62
1723644000,42.6,42.7,42.58,42.64
1723645800,42.64,42.66,42.36,42.4
1723647600,42.36,42.36,42.36,42.36
1723703400,42.54,42.54,42.54,42.54
1723705200,42.54,42.74,42.38,42.42
1723707000,42.4,42.62,42.36,42.58
1723708800,42.58,42.76,42.52,42.74
1723710600,42.74,42.94,42.68,42.9
1723712400,42.9,42.92,42.78,42.78
1723714200,42.78,42.92,42.74,42.88
1723716000,42.86,42.9,42.78,42.82
1723717800,42.84,43.06,42.82,42.88
1723719600,42.86,42.92,42.82,42.88
1723721400,42.9,42.96,42.84,42.88
1723723200,42.88,42.98,42.84,42.92
1723725000,42.9,43.46,42.9,43.46
1723726800,43.42,43.58,43.34,43.5
1723728600,43.5,43.56,43.4,43.52
1723730400,43.54,43.62,43.44,43.52
1723732200,43.52,43.66,43.42,43.42
1723734000,43.56,43.56,43.56,43.56
1723789800,43.56,43.56,43.56,43.56
1723791600,43.56,43.8,43.52,43.6
1723793400,43.6,43.62,43.28,43.32
1723795200,43.34,43.42,43.26,43.38
1723797000,43.38,43.52,43.32,43.38
1723798800,43.38,43.46,43.32,43.38
1723800600,43.38,43.4,43.34,43.36
1723802400,43.36,43.4,43.24,43.26
1723804200,43.24,43.28,43.02,43.08
1723806000,43.1,43.14,43.02,43.08
1723807800,43.06,43.1,42.98,43
1723809600,43.02,43.46,42.98,43.18
1723811400,43.16,43.2,42.98,43.04
1723813200,43.04,43.12,42.84,42.86
1723815000,42.84,43.02,42.74,42.78
1723816800,42.78,42.92,42.74,42.82
1723818600,42.82,42.84,42.72,42.74
1723820400,42.86,42.86,42.86,42.86
1724049000,42.88,42.88,42.88,42.88
1724050800,42.9,43.08,42.7,43.04
1724052600,43.04,43.08,42.94,42.98
1724054400,42.96,42.96,42.76,42.94
1724056200,42.92,42.98,42.84,42.86
1724058000,42.88,42.96,42.84,42.92
1724059800,42.92,43.18,42.88,43.18
1724061600,43.18,43.28,43.06,43.06
1724063400,43.06,43.12,42.98,43.02
1724065200,43.02,43.28,43,43.22
1724067000,43.22,43.34,43.14,43.18
1724068800,43.16,43.38,43.14,43.26
1724070600,43.26,43.34,43.2,43.24
1724072400,43.22,43.3,43.2,43.28
1724074200,43.28,43.48,43.26,43.34
1724076000,43.36,43.54,43.32,43.4
1724077800,43.4,43.66,43.38,43.64
1724079600,43.66,43.66,43.66,43.66
1724135400,43.56,43.56,43.56,43.56
1724137200,43.54,43.92,43.44,43.74
1724139000,43.74,43.8,43.52,43.62
1724140800,43.62,43.84,43.56,43.82
1724142600,43.84,43.94,43.76,43.84
1724144400,43.84,44.1,43.82,43.84
1724146200,43.84,43.88,43.62,43.74
1724148000,43.74,43.82,43.66,43.82
1724149800,43.82,43.86,43.76,43.8
1724151600,43.8,43.98,43.66,43.78
1724153400,43.78,43.84,43.6,43.7
1724155200,43.68,43.72,43.46,43.48
1724157000,43.5,43.6,43.24,43.56
1724158800,43.56,43.74,43.5,43.62
1724160600,43.62,43.68,43.5,43.54
1724162400,43.54,43.6,43.48,43.56
1724164200,43.54,43.68,43.52,43.58
1724166000,43.66,43.66,43.66,43.66
1724221800,43.66,43.66,43.66,43.66
1724223600,43.68,43.88,43.54,43.7
1724225400,43.7,43.92,43.68,43.86
1724227200,43.86,43.9,43.74,43.84
1724229000,43.84,43.98,43.8,43.94
1724230800,43.94,44.02,43.9,43.96
1724232600,43.96,43.96,43.88,43.92
1724234400,43.92,44,43.88,43.9
1724236200,43.92,43.94,43.76,43.84
1724238000,43.84,43.88,43.68,43.74
1724239800,43.74,43.8,43.72,43.72
1724241600,43.72,43.76,43.52,43.62
1724243400,43.62,43.62,43.3,43.44
1724245200,43.44,43.44,43.06,43.16
1724247000,43.16,43.18,43,43.18
1724248800,43.18,43.2,43.1,43.14
1724250600,43.12,43.14,42.96,43.06
1724252400,43.1,43.1,43.1,43.1
1724308200,43.24,43.24,43.24,43.24
1724310000,43.26,43.48,43.26,43.46
1724311800,43.46,43.5,43.34,43.36
1724313600,43.36,43.38,43.22,43.26
1724315400,43.26,43.28,43.18,43.24
1724317200,43.26,43.38,43.18,43.26
1724319000,43.28,43.36,43.2,43.24
1724320800,43.24,43.3,43.18,43.24
1724322600,43.22,43.32,43.22,43.24
1724324400,43.22,43.34,43.18,43.3
1724326200,43.3,43.38,43.28,43.32
1724328000,43.32,43.4,43.24,43.24
1724329800,43.24,43.26,43.18,43.2
1724331600,43.2,43.22,43.12,43.2
1724333400,43.18,43.2,43.02,43.12
1724335200,43.14,43.26,43.08,43.12
1724337000,43.14,43.28,43.04,43.18
1724338800,43.22,43.22,43.22,43.22
1724394600,43.18,43.18,43.18,43.18
1724396400,43.2,43.36,43.12,43.22
1724398200,43.22,43.22,43.02,43.04
1724400000,43.04,43.08,42.98,43.06
1724401800,43.04,43.1,43.02,43.06
1724403600,43.08,43.1,43,43.02
1724405400,43,43.04,42.86,42.88
1724407200,42.9,42.94,42.86,42.92
1724409000,42.92,43.02,42.88,43
1724410800,42.98,43.12,42.98,43.04
1724412600,43.04,43.04,42.82,42.84
1724414400,42.84,42.92,42.8,42.84
1724416200,42.88,42.88,42.7,42.78
1724418000,42.78,42.88,42.72,42.8
1724419800,42.82,42.82,42.7,42.78
1724421600,42.78,43.02,42.78,42.86
1724423400,42.84,42.86,42.3,42.32
1724425200,42.32,42.32,42.3,42.3
1724653800,42.52,42.52,42.52,42.52
1724655600,42.52,42.74,42.04,42.14
1724657400,42.14,42.26,42.1,42.1
1724659200,42.1,42.24,42.02,42.06
1724661000,42.04,42.36,42.02,42.24
1724662800,42.24,42.34,42.18,42.26
1724664600,42.26,42.48,42.24,42.3
1724666400,42.32,42.36,42.1,42.12
1724668200,42.12,42.28,42.08,42.18
1724670000,42.16,42.28,42.14,42.22
1724671800,42.22,42.26,42.16,42.26
1724673600,42.26,42.5,42.26,42.3
1724675400,42.3,42.58,42.28,42.5
1724677200,42.48,42.68,42.44,42.58
1724679000,42.58,42.6,42.36,42.38
1724680800,42.38,42.4,41.98,42.04
1724682600,42.04,42.08,41.76,41.82
1724684400,41.82,41.94,41.82,41.94
1724740200,41.84,41.84,41.84,41.84
1724742000,41.84,42.1,41.82,42.04
1724743800,42.04,42.08,41.88,41.94
1724745600,41.96,42.06,41.94,42.02
1724747400,42.02,42.14,42,42.08
1724749200,42.08,42.08,41.98,42
1724751000,42,42.02,41.88,41.9
1724752800,41.88,42.1,41.84,42.04
1724754600,42.06,42.12,42,42.06
1724756400,42.04,42.56,42.04,42.5
1724758200,42.52,43.1,42.5,43.06
1724760000,43.06,43.2,42.72,42.84
1724761800,42.84,42.92,42.7,42.72
1724763600,42.72,42.84,42.58,42.78
1724765400,42.76,42.84,42.62,42.68
1724767200,42.66,42.94,42.58,42.92
1724769000,42.92,43.12,42.88,43.02
1724770800,43.1,43.1,43.1,43.1
1724826600,43.1,43.1,43.1,43.1
1724828400,43.1,43.4,42.92,43.36
1724830200,43.34,43.38,43.14,43.28
1724832000,43.3,43.3,43.14,43.14
1724833800,43.16,43.24,43,43.04
1724835600,43.04,43.18,43.04,43.14
1724837400,43.14,43.22,43.06,43.12
1724839200,43.12,43.24,43.06,43.24
1724841000,43.24,43.26,43.14,43.16
1724842800,43.14,43.28,43.14,43.2
1724844600,43.24,43.3,43.12,43.22
1724846400,43.2,43.26,43.12,43.18
1724848200,43.18,43.28,43.14,43.24
1724850000,43.24,43.28,43.14,43.28
1724851800,43.28,43.46,43.26,43.38
1724853600,43.4,43.44,43.18,43.36
1724855400,43.38,43.4,43.18,43.22
1724857200,43.28,43.28,43.28,43.28
1724913000,43.22,43.22,43.22,43.22
1724914800,43.24,43.56,43.18,43.4
1724916600,43.4,43.52,43.32,43.5
1724918400,43.52,43.62,43.28,43.3
1724920200,43.3,43.3,42.96,43.02
1724922000,43.02,43.04,42.82,42.96
1724923800,42.96,43.12,42.94,43.06
1724925600,43.06,43.46,43.02,43.46
1724927400,43.46,43.58,43.12,43.16
1724929200,43.18,43.48,43.12,43.36
1724931000,43.34,43.56,43.34,43.44
1724932800,43.44,43.58,43.42,43.48
1724934600,43.48,43.68,43.42,43.66
1724936400,43.66,43.72,43.52,43.6
1724938200,43.6,43.66,43.46,43.58
1724940000,43.58,43.6,43.38,43.42
1724941800,43.42,43.52,43.38,43.44
1724943600,43.42,43.42,43.42,43.42
1725258600,43.2,43.2,43.2,43.2
1725260400,43.22,43.72,43.2,43.44
1725262200,43.46,43.52,43.3,43.44
1725264000,43.44,43.68,43.38,43.62
1725265800,43.62,44,43.62,43.8
1725267600,43.8,43.88,43.66,43.72
1725269400,43.72,43.76,43.62,43.72
1725271200,43.7,43.78,43.6,43.64
1725273000,43.64,43.66,43.58,43.66
1725274800,43.66,43.68,43.6,43.66
1725276600,43.64,43.7,43.62,43.66
1725278400,43.66,43.68,43.56,43.6
1725280200,43.6,43.68,43.6,43.68
1725282000,43.68,43.68,43.54,43.56
1725283800,43.56,43.56,43.48,43.54
1725285600,43.54,43.64,43.48,43.56
1725287400,43.56,43.62,43.5,43.56
1725289200,43.56,43.56,43.56,43.56
1725345000,43.64,43.64,43.64,43.64
1725346800,43.64,43.74,43.46,43.62
1725348600,43.62,43.62,43.42,43.46
1725350400,43.46,43.5,43.38,43.42
1725352200,43.4,43.42,43.28,43.36
1725354000,43.36,43.36,43.26,43.28
1725355800,43.3,43.38,43.26,43.34
1725357600,43.34,43.38,43.3,43.32
1725359400,43.32,43.32,43.18,43.26
1725361200,43.26,43.28,43.12,43.16
1725363000,43.14,43.26,43.14,43.2
1725364800,43.18,43.24,43.08,43.1
1725366600,43.1,43.18,43.06,43.08
1725368400,43.1,43.14,43.04,43.06
1725370200,43.06,43.08,42.82,42.82
1725372000,42.84,42.92,42.76,42.9
1725373800,42.9,42.96,42.76,42.8
1725375600,42.78,42.82,42.78,42.82
1725431400,42.46,42.46,42.46,42.46
1725433200,42.46,42.64,42.4,42.54
1725435000,42.52,42.56,42.46,42.46
1725436800,42.48,42.54,42.46,42.54
1725438600,42.52,42.56,42.46,42.48
1725440400,42.48,42.48,42.36,42.4
1725442200,42.4,42.42,42.34,42.36
1725444000,42.38,42.42,42.34,42.36
1725445800,42.36,42.42,42.34,42.4
1725447600,42.42,42.44,42.18,42.22
1725449400,42.22,42.28,42.16,42.28
1725451200,42.26,42.28,42.18,42.2
1725453000,42.2,42.2,42.04,42.1
1725454800,42.08,42.12,42,42.04
1725456600,42.04,42.1,42,42.06
1725458400,42.06,42.08,41.92,41.96
1725460200,41.96,42.26,41.88,42.22
1725462000,42.3,42.3,42.3,42.3
1725517800,42.44,42.44,42.44,42.44
1725519600,42.44,42.74,42.26,42.32
1725521400,42.32,42.36,42.18,42.3
1725523200,42.3,42.46,42.24,42.44
1725525000,42.44,42.54,42.38,42.42
1725526800,42.42,42.5,42.3,42.34
1725528600,42.34,42.4,42.3,42.36
1725530400,42.34,42.38,42.3,42.32
1725532200,42.34,42.42,42.32,42.36
1725534000,42.34,42.38,42.28,42.3
1725535800,42.28,42.38,42.26,42.3
1725537600,42.3,42.34,42.18,42.24
1725539400,42.24,42.4,42.22,42.28
1725541200,42.28,42.28,42.22,42.24
1725543000,42.24,42.32,42.22,42.24
1725544800,42.26,42.36,42.24,42.26
1725546600,42.24,42.4,42.12,42.22
1725548400,42.2,42.2,42.2,42.2
1725604200,42.2,42.2,42.2,42.2
1725606000,42.2,42.34,42.02,42.1
1725607800,42.1,42.24,42.06,42.18
1725609600,42.18,42.26,42.12,42.24
1725611400,42.24,42.32,42.18,42.26
1725613200,42.26,42.26,42.14,42.22
1725615000,42.22,42.24,42.16,42.18
1725616800,42.18,42.24,42.16,42.22
1725618600,42.22,42.28,42.18,42.18
1725620400,42.18,42.22,42.08,42.1
1725622200,42.08,42.14,42.06,42.08
1725624000,42.08,42.16,42.04,42.16
1725625800,42.16,42.38,42.12,42.2
1725627600,42.2,42.26,42.08,42.12
1725629400,42.1,42.12,41.98,42.04
1725631200,42.02,42.12,41.96,42
1725633000,42,42.08,41.84,41.86
1725634800,41.74,41.74,41.74,41.74
1725863400,41.86,41.86,41.86,41.86
1725865200,41.86,42.04,41.78,41.86
1725867000,41.86,42,41.82,41.98
1725868800,41.98,41.98,41.8,41.82
1725870600,41.8,41.88,41.76,41.8
1725872400,41.78,41.88,41.76,41.76
1725874200,41.76,41.92,41.74,41.82
1725876000,41.84,41.98,41.82,41.94
1725877800,41.96,41.98,41.88,41.88
1725879600,41.88,41.96,41.84,41.88
1725881400,41.88,42,41.84,41.96
1725883200,41.94,41.98,41.74,41.84
1725885000,41.84,41.88,41.78,41.8
1725886800,41.8,41.8,41.5,41.56
1725888600,41.56,41.62,41.48,41.58
1725890400,41.56,41.66,41.48,41.54
1725892200,41.54,41.6,41.32,41.34
1725894000,41.2,41.2,41.2,41.2
1725949800,41.34,41.34,41.34,41.34
1725951600,41.36,41.5,41.24,41.34
1725953400,41.34,41.42,41.26,41.3
1725955200,41.3,41.32,41.2,41.24
1725957000,41.24,41.26,41.14,41.18
1725958800,41.18,41.18,41.04,41.08
1725960600,41.1,41.14,41.06,41.14
1725962400,41.14,41.14,41.04,41.08
1725964200,41.08,41.1,40.94,41
1725966000,41,41.02,40.9,40.94
1725967800,40.96,41,40.86,40.88
1725969600,40.88,40.88,40.74,40.76
1725971400,40.76,40.94,40.68,40.88
1725973200,40.88,40.9,40.82,40.86
1725975000,40.86,40.94,40.6,40.78
1725976800,40.78,41,40.7,40.98
1725978600,41,41.04,40.74,40.8
1725980400,40.7,40.7,40.7,40.7
1726036200,40.66,40.66,40.66,40.66
1726038000,40.64,40.72,40.4,40.48
1726039800,40.48,40.56,40.4,40.42
1726041600,40.42,40.5,40.4,40.48
1726043400,40.48,40.48,40.34,40.36
1726045200,40.34,40.42,40.32,40.38
1726047000,40.38,40.42,40.36,40.42
1726048800,40.42,40.44,40.36,40.4
1726050600,40.38,40.4,40.32,40.4
1726052400,40.4,40.4,40.3,40.34
1726054200,40.32,40.36,40.28,40.36
1726056000,40.34,40.46,40.3,40.44
1726057800,40.44,40.46,40.34,40.44
1726059600,40.46,40.56,40.04,40.06
1726061400,40.04,40.08,39.9,39.98
1726063200,39.98,40.02,39.9,39.94
1726065000,39.94,39.96,39.68,39.72
1726066800,39.72,39.72,39.62,39.62
1726122600,40.1,40.1,40.1,40.1
1726124400,40.1,40.2,39.94,40.04
1726126200,40.04,40.18,39.94,40.12
1726128000,40.14,40.28,40.12,40.2
1726129800,40.2,40.26,40.14,40.2
1726131600,40.2,40.32,40.16,40.24
1726133400,40.24,40.28,40.16,40.28
1726135200,40.26,40.38,40.26,40.3
1726137000,40.3,40.32,40.22,40.24
1726138800,40.24,40.26,40.12,40.18
1726140600,40.18,40.44,40.12,40.44
1726142400,40.44,40.74,40.42,40.52
1726144200,40.52,40.52,40.28,40.36
1726146000,40.36,40.36,39.62,39.84
1726147800,39.86,39.86,39.5,39.7
1726149600,39.7,40.04,39.54,39.96
1726151400,40,40.6,39.96,40.54
1726153200,40.54,40.54,40.54,40.54
1726209000,40.54,40.54,40.54,40.54
1726210800,40.54,40.66,40.42,40.54
1726212600,40.54,40.6,40.32,40.36
1726214400,40.34,40.38,40.2,40.24
1726216200,40.22,40.34,40.16,40.32
1726218000,40.3,40.4,40.26,40.3
1726219800,40.3,40.38,40.26,40.34
1726221600,40.34,40.46,40.32,40.36
1726223400,40.36,40.54,40.32,40.38
1726225200,40.36,40.48,40.28,40.44
1726227000,40.46,40.56,40.44,40.5
1726228800,40.5,40.86,40.5,40.82
1726230600,40.84,40.9,40.68,40.76
1726232400,40.76,40.96,40.72,40.88
1726234200,40.88,41.2,40.86,41.12
1726236000,41.12,41.5,41.04,41.4
1726237800,41.38,41.54,41.24,41.48
1726239600,41.48,41.5,41.48,41.5
1726468200,41.5,41.5,41.5,41.5
1726470000,41.5,41.66,41.42,41.46
1726471800,41.44,41.48,41.36,41.4
1726473600,41.4,41.42,41.28,41.32
1726475400,41.32,41.36,41.28,41.3
1726477200,41.32,41.38,41.24,41.28
1726479000,41.28,41.3,41.18,41.26
1726480800,41.24,41.26,41.04,41.06
1726482600,41.06,41.08,41,41.04
1726484400,41.04,41.04,40.84,40.88
1726486200,40.9,40.96,40.88,40.92
1726488000,40.92,41.02,40.88,40.92
1726489800,40.92,40.96,40.88,40.9
1726491600,40.9,40.98,40.86,40.88
1726493400,40.9,40.9,40.68,40.86
1726495200,40.86,40.96,40.8,40.8
1726497000,40.8,40.96,40.76,40.8
1726498800,40.82,40.82,40.82,40.82
1726554600,40.96,40.96,40.96,40.96
1726556400,40.96,41.14,40.94,41.12
1726558200,41.1,41.2,41,41.18
1726560000,41.14,41.3,41.14,41.22
1726561800,41.24,41.34,41.2,41.22
1726563600,41.24,41.32,41.22,41.28
1726565400,41.26,41.32,41.2,41.32
1726567200,41.3,41.48,41.3,41.4
1726569000,41.4,41.44,41.34,41.38
1726570800,41.38,41.46,41.32,41.34
1726572600,41.34,41.38,41.26,41.36
1726574400,41.38,41.5,41.34,41.38
1726576200,41.36,41.46,41.3,41.44
1726578000,41.44,41.46,41.34,41.36
1726579800,41.38,41.54,41.32,41.52
1726581600,41.54,41.58,41.42,41.48
1726583400,41.48,41.66,41.42,41.46
1726585200,41.48,41.48,41.48,41.48
1726641000,41.18,41.18,41.18,41.18
1726642800,41.2,41.48,41.2,41.24
1726644600,41.24,41.26,41.08,41.2
1726646400,41.2,41.22,41.1,41.16
1726648200,41.18,41.2,41.1,41.14
1726650000,41.14,41.16,41.1,41.14
1726651800,41.14,41.3,41.08,41.28
1726653600,41.28,41.3,41.18,41.24
1726655400,41.22,41.24,40.98,41
1726657200,40.98,41.06,40.9,41.06
1726659000,41.06,41.12,41,41.02
1726660800,41.02,41.08,41,41.06
1726662600,41.06,41.1,41.02,41.06
1726664400,41.06,41.1,41,41.06
1726666200,41.08,41.42,41.02,41.3
1726668000,41.3,41.3,41.12,41.2
1726669800,41.2,41.3,41.1,41.18
1726671600,41.18,41.18,41.18,41.18
1726727400,41.6,41.6,41.6,41.6
1726729200,41.62,41.96,41.4,41.46
1726731000,41.46,41.56,41.42,41.46
1726732800,41.46,41.58,41.46,41.56
1726734600,41.56,41.64,41.52,41.62
1726736400,41.6,41.62,41.54,41.58
1726738200,41.56,41.72,41.52,41.68
1726740000,41.7,41.8,41.64,41.7
1726741800,41.7,41.72,41.62,41.7
1726743600,41.7,41.8,41.58,41.74
1726745400,41.74,41.82,41.62,41.64
1726747200,41.62,41.72,41.62,41.64
1726749000,41.64,41.7,41.56,41.66
1726750800,41.66,41.94,41.66,41.94
1726752600,41.94,42.12,41.9,41.96
1726754400,41.94,42.04,41.86,41.92
1726756200,41.92,42,41.84,41.9
1726758000,41.9,41.9,41.9,41.9
1726813800,41.9,41.9,41.9,41.9
1726815600,41.9,42.5,41.88,42.4
1726817400,42.42,42.46,42.26,42.36
1726819200,42.34,42.46,42.28,42.42
1726821000,42.4,42.48,42.32,42.34
1726822800,42.32,42.38,42.28,42.3
1726824600,42.32,42.36,42.28,42.3
1726826400,42.3,42.34,42.22,42.24
1726828200,42.24,42.28,42.16,42.22
1726830000,42.22,42.24,42.02,42.08
1726831800,42.08,42.16,42.06,42.14
1726833600,42.14,42.26,42.12,42.22
1726835400,42.22,42.32,42.2,42.3
1726837200,42.3,42.46,42.26,42.32
1726839000,42.32,42.34,42.08,42.24
1726840800,42.26,42.38,42.24,42.32
1726842600,42.3,42.34,42.2,42.26
1726844400,42.2,42.2,42.2,42.2
1727073000,42.44,42.44,42.44,42.44
1727074800,42.44,42.7,42.4,42.4
1727076600,42.42,42.46,42.04,42.04
1727078400,42.06,42.2,41.98,42.18
1727080200,42.18,42.2,42.08,42.14
1727082000,42.14,42.14,42.06,42.1
1727083800,42.1,42.14,41.98,42.02
1727085600,42.02,42.1,41.94,42.08
1727087400,42.08,42.1,42,42.04
1727089200,42.04,42.2,42.02,42.16
1727091000,42.16,42.18,42.08,42.1
1727092800,42.1,42.14,42.04,42.04
1727094600,42.04,42.2,42,42.12
1727096400,42.1,42.14,41.98,42
1727098200,42,42.2,41.96,42.12
1727100000,42.1,42.26,42.04,42.08
1727101800,42.08,42.1,41.94,42
1727103600,42.1,42.1,42.1,42.1
1727159400,42.18,42.18,42.18,42.18
1727161200,42.18,42.46,42.1,42.46
1727163000,42.46,42.86,42.46,42.84
1727164800,42.84,43.02,42.82,42.92
1727166600,42.92,43,42.88,42.92
1727168400,42.92,43.04,42.88,43
1727170200,43.02,43.08,42.92,42.96
1727172000,42.96,43.1,42.88,42.98
1727173800,42.98,43.02,42.86,42.96
1727175600,42.96,43,42.88,42.92
1727177400,42.92,42.98,42.88,42.94
1727179200,42.94,43.02,42.92,42.98
1727181000,42.98,43,42.9,42.96
1727182800,42.94,43.02,42.9,42.96
1727184600,42.96,43.04,42.9,42.96
1727186400,42.98,42.98,42.82,42.86
1727188200,42.86,42.94,42.56,42.7
1727190000,42.66,42.66,42.66,42.66
1727245800,42.66,42.66,42.66,42.66
1727247600,42.68,42.88,42.46,42.48
1727249400,42.5,42.5,42.34,42.38
1727251200,42.38,42.46,42.32,42.36
1727253000,42.34,42.72,42.32,42.6
1727254800,42.6,42.6,42.48,42.48
1727256600,42.48,42.58,42.46,42.52
1727258400,42.54,42.58,42.46,42.52
1727260200,42.54,42.56,42.48,42.54
1727262000,42.56,42.7,42.5,42.56
1727263800,42.56,42.66,42.46,42.46
1727265600,42.46,42.48,42.1,42.12
1727267400,42.12,42.38,42.06,42.08
1727269200,42.08,42.32,42.04,42.28
1727271000,42.28,42.3,42.12,42.2
1727272800,42.18,42.22,41.94,42.02
1727274600,42.02,42.06,41.9,41.98
1727276400,41.96,42.04,41.96,42.04
1727332200,42.12,42.12,42.12,42.12
1727334000,42.14,42.46,42.02,42.12
1727335800,42.12,42.36,42.06,42.3
1727337600,42.3,42.46,42.28,42.44
1727339400,42.44,42.84,42.44,42.76
1727341200,42.76,42.78,42.64,42.68
1727343000,42.7,42.74,42.62,42.66
1727344800,42.66,42.68,42.62,42.66
1727346600,42.66,42.66,42.56,42.56
1727348400,42.56,42.62,42.26,42.28
1727350200,42.3,42.46,42.24,42.34
1727352000,42.32,42.34,41.76,41.78
1727353800,41.78,41.86,41.66,41.76
1727355600,41.76,41.98,41.74,41.88
1727357400,41.9,41.94,41.84,41.84
1727359200,41.86,41.9,41.6,41.7
1727361000,41.72,41.84,41.56,41.68
1727362800,41.7,41.7,41.7,41.7
1727418600,41.7,41.7,41.7,41.7
1727420400,41.7,41.82,41.58,41.74
1727422200,41.74,41.96,41.7,41.96
1727424000,41.96,42.02,41.86,41.92
1727425800,41.94,41.98,41.82,41.86
1727427600,41.88,42.04,41.82,41.96
1727429400,41.94,41.98,41.76,41.76
1727431200,41.78,41.86,41.74,41.82
1727433000,41.82,41.98,41.78,41.9
1727434800,41.9,42.08,41.88,42.04
1727436600,42.04,42.32,42.02,42.22
1727438400,42.22,42.3,42.18,42.24
1727440200,42.22,42.34,42.06,42.32
1727442000,42.32,42.36,42.14,42.2
1727443800,42.2,42.32,42.12,42.2
1727445600,42.2,42.22,42.08,42.16
1727447400,42.18,42.76,42.14,42.62
1727449200,42.62,42.68,42.6,42.68
1727677800,42.44,42.44,42.44,42.44
1727679600,42.44,42.88,42.42,42.86
1727681400,42.84,42.86,42.52,42.62
1727683200,42.64,42.72,42.5,42.54
1727685000,42.54,42.66,42.48,42.54
1727686800,42.54,42.64,42.4,42.56
1727688600,42.54,42.76,42.5,42.7
1727690400,42.68,43,42.64,42.84
1727692200,42.86,43.36,42.8,43.22
1727694000,43.22,43.54,43.14,43.3
1727695800,43.32,43.42,43.12,43.34
1727697600,43.34,43.36,43.08,43.12
1727699400,43.12,43.5,43.06,43.42
1727701200,43.4,43.52,43.3,43.48
1727703000,43.5,43.58,43.42,43.5
1727704800,43.48,43.5,43.26,43.36
1727706600,43.38,43.4,43.16,43.22
1727708400,43.1,43.1,43.1,43.1
1727764200,43.2,43.2,43.2,43.2
1727766000,43.22,43.4,42.72,42.84
1727767800,42.84,42.94,42.76,42.8
1727769600,42.78,42.82,42.64,42.76
1727771400,42.76,42.86,42.7,42.72
1727773200,42.74,42.74,42.54,42.58
1727775000,42.58,42.6,42.34,42.44
1727776800,42.44,42.54,42.38,42.42
1727778600,42.42,42.6,42.3,42.5
1727780400,42.5,42.62,42.44,42.56
1727782200,42.56,42.6,42.48,42.54
1727784000,42.54,42.56,42.42,42.46
1727785800,42.46,42.66,42.38,42.64
1727787600,42.64,42.88,42.54,42.62
1727789400,42.6,42.62,41.06,41.3
1727791200,41.32,41.32,40.74,40.78
1727793000,40.78,41.32,40.6,41.12
1727794800,41.12,41.12,41.12,41.12
1727850600,41,41,41,41
1727852400,41.02,41.42,40.76,40.82
1727854200,40.82,41.04,40.8,40.92
1727856000,40.94,41,40.8,40.84
1727857800,40.84,41.02,40.8,40.94
1727859600,40.96,41,40.86,40.9
1727861400,40.9,40.9,40.78,40.82
1727863200,40.84,40.9,40.78,40.88
1727865000,40.86,40.92,40.62,40.72
1727866800,40.7,40.86,40.68,40.82
1727868600,40.82,40.88,40.68,40.82
1727870400,40.82,41,40.78,40.92
1727872200,40.92,41.02,40.9,41.02
1727874000,41.02,41.12,40.78,40.82
1727875800,40.82,40.84,40.3,40.38
1727877600,40.36,40.42,39.98,40.18
1727879400,40.2,40.46,39.88,39.92
1727881200,39.86,39.86,39.86,39.86
1727937000,39.98,39.98,39.98,39.98
1727938800,40,40.24,39.7,40.12
1727940600,40.1,40.22,40.02,40.22
1727942400,40.22,40.36,40.04,40.1
1727944200,40.1,40.18,40.02,40.12
1727946000,40.14,40.26,40.1,40.22
1727947800,40.22,40.28,40.1,40.14
1727949600,40.14,40.24,40.08,40.12
1727951400,40.12,40.16,40.08,40.12
1727953200,40.12,40.38,40.08,40.22
1727955000,40.24,40.36,40.08,40.12
1727956800,40.1,40.16,39.98,40.08
1727958600,40.08,40.1,39.88,39.92
1727960400,39.92,39.98,39.76,39.82
1727962200,39.82,39.94,39.6,39.62
1727964000,39.64,39.74,39.52,39.58
1727965800,39.6,39.6,39.12,39.18
1727967600,39.18,39.18,39.12,39.12
1728023400,39.34,39.34,39.34,39.34
1728025200,39.34,39.46,39.18,39.26
1728027000,39.26,39.34,39.06,39.18
1728028800,39.16,39.34,39.08,39.1
1728030600,39.08,39.14,38.98,39.1
1728032400,39.1,39.2,39.04,39.06
1728034200,39.06,39.12,39,39.1
1728036000,39.08,39.16,39,39.08
1728037800,39.08,39.1,38.92,38.98
1728039600,38.98,39.08,38.92,39
1728041400,39,39.2,38.96,39.18
1728043200,39.2,39.24,38.92,39.04
1728045000,39.04,39.44,39,39.34
1728046800,39.34,39.36,39.1,39.2
1728048600,39.2,39.28,39.12,39.16
1728050400,39.14,39.52,39.14,39.48
1728052200,39.5,39.62,39.3,39.58
1728054000,39.6,39.76,39.6,39.76
1728282600,39.82,39.82,39.82,39.82
1728284400,39.84,40.22,39.78,40.12
1728286200,40.12,40.16,39.84,39.9
1728288000,39.9,40.08,39.84,40.06
1728289800,40.06,40.06,39.9,39.94
1728291600,39.94,40.06,39.86,40.06
1728293400,40.04,40.14,40.02,40.06
1728295200,40.08,40.12,40,40.08
1728297000,40.08,40.14,40.02,40.04
1728298800,40.04,40.16,40,40.1
1728300600,40.1,40.1,39.84,39.86
1728302400,39.86,39.94,39.78,39.82
1728304200,39.82,39.92,39.58,39.62
1728306000,39.62,39.7,39.54,39.68
1728307800,39.68,39.68,39.3,39.34
1728309600,39.3,39.34,39.16,39.2
1728311400,39.2,39.3,39.12,39.2
1728313200,39.24,39.24,39.24,39.24
1728369000,39.18,39.18,39.18,39.18
1728370800,39.18,39.4,39.06,39.14
1728372600,39.14,39.36,39.1,39.36
1728374400,39.36,39.44,39.22,39.3
1728376200,39.3,39.48,39.28,39.36
1728378000,39.36,39.46,39.34,39.42
1728379800,39.42,39.44,39.28,39.32
1728381600,39.32,39.44,39.24,39.38
1728383400,39.4,39.4,39.2,39.24
1728385200,39.22,39.34,39.18,39.3
1728387000,39.3,39.32,39.2,39.28
1728388800,39.26,39.62,39.26,39.58
1728390600,39.58,39.64,39.36,39.46
1728392400,39.46,39.68,39.4,39.66
1728394200,39.66,39.72,39.44,39.44
1728396000,39.46,39.48,39.08,39.22
1728397800,39.22,39.26,39.12,39.2
1728399600,39.16,39.16,39.16,39.16
1728455400,39.14,39.14,39.14,39.14
1728457200,39.14,39.26,38.92,38.96
1728459000,38.94,39,38.84,38.92
1728460800,38.9,38.96,38.86,38.86
1728462600,38.88,38.94,38.82,38.9
1728464400,38.92,38.94,38.82,38.92
1728466200,38.92,38.92,38.86,38.88
1728468000,38.88,38.9,38.84,38.9
1728469800,38.9,38.9,38.76,38.78
1728471600,38.78,38.86,38.74,38.78
1728473400,38.78,38.8,38.68,38.78
1728475200,38.78,38.94,38.72,38.88
1728477000,38.88,39,38.86,38.96
1728478800,38.96,39.04,38.88,39
1728480600,39.02,39.16,38.96,39.08
1728482400,39.08,39.34,38.88,39.24
1728484200,39.24,39.44,39.22,39.4
1728486000,39.48,39.48,39.48,39.48
1728541800,39.48,39.48,39.48,39.48
1728543600,39.5,39.72,39.4,39.48
1728545400,39.46,39.64,39.44,39.56
1728547200,39.58,39.76,39.54,39.7
1728549000,39.7,39.86,39.64,39.64
1728550800,39.66,39.72,39.62,39.68
1728552600,39.68,39.8,39.6,39.6
1728554400,39.6,39.68,39.58,39.58
1728556200,39.6,39.6,39.44,39.48
1728558000,39.46,39.62,39.4,39.56
1728559800,39.58,39.58,39.34,39.34
1728561600,39.36,39.36,39.2,39.32
1728563400,39.34,39.36,39.06,39.12
1728565200,39.12,39.16,38.9,39.02
1728567000,39.02,39.02,38.8,38.82
1728568800,38.8,38.9,38.74,38.82
1728570600,38.82,38.88,38.6,38.66
1728572400,38.6,38.6,38.6,38.6
1728628200,38.64,38.64,38.64,38.64
1728630000,38.66,38.98,38.66,38.9
1728631800,38.9,38.96,38.82,38.94
1728633600,38.94,39.2,38.92,39.1
1728635400,39.1,39.16,38.9,38.98
1728637200,38.98,39.04,38.84,39.02
1728639000,39,39.04,38.84,38.9
1728640800,38.88,38.94,38.84,38.86
1728642600,38.86,38.88,38.54,38.72
1728644400,38.72,38.78,38.48,38.56
1728646200,38.54,38.68,38.44,38.48
1728648000,38.48,38.56,38.2,38.3
1728649800,38.3,38.46,38.28,38.42
1728651600,38.42,38.44,38.12,38.14
1728653400,38.14,38.24,37.94,37.98
1728655200,37.96,38.06,37.86,37.94
1728657000,37.94,37.96,37.7,37.72
1728658800,37.72,37.78,37.72,37.78
1728887400,37.9,37.9,37.9,37.9
1728889200,37.9,37.96,37.76,37.78
1728891000,37.78,37.9,37.62,37.7
1728892800,37.68,37.68,37.5,37.58
1728894600,37.58,37.92,37.48,37.9
1728896400,37.9,38.04,37.86,37.98
1728898200,37.98,38.16,37.9,38.06
1728900000,38.06,38.06,37.84,37.94
1728901800,37.94,37.98,37.84,37.9
1728903600,37.9,38.12,37.8,38.1
1728905400,38.1,38.12,37.8,37.92
1728907200,37.94,37.94,37.82,37.84
1728909000,37.84,37.98,37.82,37.88
1728910800,37.88,37.88,37.78,37.84
1728912600,37.84,37.98,37.6,37.92
1728914400,37.92,38.06,37.76,37.78
1728916200,37.78,37.96,37.62,37.66
1728918000,37.66,37.66,37.66,37.66
1728973800,37.72,37.72,37.72,37.72
1728975600,37.74,37.88,37.68,37.8
1728977400,37.8,38,37.78,37.96
1728979200,37.98,37.98,37.82,37.86
1728981000,37.88,38,37.82,37.88
1728982800,37.88,37.92,37.82,37.86
1728984600,37.84,38.12,37.84,38.06
1728986400,38.08,38.28,38.06,38.24
1728988200,38.26,38.4,38.24,38.3
1728990000,38.28,38.3,38.12,38.16
1728991800,38.18,38.18,37.96,38.1
1728993600,38.08,38.2,37.96,38.06
1728995400,38.06,38.08,37.9,37.98
1728997200,37.96,38.26,37.96,38.18
1728999000,38.18,38.36,38,38.16
1729000800,38.14,38.48,38.14,38.44
1729002600,38.44,38.62,38.4,38.56
1729004400,38.56,38.56,38.56,38.56
1729060200,38.36,38.36,38.36,38.36
1729062000,38.36,39.54,38.36,39.54
1729063800,39.54,39.82,39.4,39.5
1729065600,39.5,39.64,39.26,39.28
1729067400,39.26,39.42,39.24,39.32
1729069200,39.32,39.36,39.2,39.28
1729071000,39.26,39.52,39.26,39.3
1729072800,39.3,39.34,39.2,39.34
1729074600,39.34,39.34,39.22,39.28
1729076400,39.28,39.4,39.12,39.28
1729078200,39.3,39.52,39.24,39.34
1729080000,39.34,39.42,39.26,39.32
1729081800,39.32,39.36,39.2,39.24
1729083600,39.22,39.54,39.22,39.3
1729085400,39.28,39.48,39.26,39.34
1729087200,39.36,39.48,39.28,39.44
1729089000,39.44,40.08,39.42,39.98
1729090800,40.04,40.04,40.04,40.04
1729146600,39.8,39.8,39.8,39.8
1729148400,39.82,40.74,39.8,40.72
1729150200,40.72,41.18,40.7,41.04
1729152000,41.06,41.16,40.86,40.9
1729153800,40.9,41,40.86,40.96
1729155600,40.96,41.02,40.82,40.9
1729157400,40.9,40.94,40.84,40.9
1729159200,40.9,41.08,40.86,40.88
1729161000,40.88,40.92,40.78,40.86
1729162800,40.86,40.86,40.52,40.72
1729164600,40.72,40.72,40.52,40.54
1729166400,40.54,40.58,40.28,40.54
1729168200,40.54,40.56,40.42,40.52
1729170000,40.52,41.04,40.46,41.04
1729171800,41.04,41.28,40.9,41.14
1729173600,41.14,41.24,40.9,41.02
1729175400,41.02,41.16,40.72,41.06
1729177200,41.06,41.14,41.06,41.14
1729233000,41.08,41.08,41.08,41.08
1729234800,41.08,41.34,41.04,41.12
1729236600,41.12,41.12,40.84,40.86
1729238400,40.86,40.9,40.6,40.74
1729240200,40.72,40.74,40.52,40.56
1729242000,40.54,40.62,40.42,40.52
1729243800,40.5,40.52,40.26,40.32
1729245600,40.32,40.34,40,40.08
1729247400,40.08,40.24,40.04,40.2
1729249200,40.2,40.26,40.14,40.16
1729251000,40.18,40.22,40.06,40.1
1729252800,40.1,40.22,40,40.08
1729254600,40.08,40.32,40.06,40.1
1729256400,40.1,40.12,39.82,39.9
1729258200,39.9,39.92,39.74,39.76
1729260000,39.76,39.82,39.6,39.72
1729261800,39.72,39.74,39.48,39.62
1729263600,39.64,39.64,39.64,39.64
1729492200,39.5,39.5,39.5,39.5
1729494000,39.54,39.92,39.5,39.9
1729495800,39.9,40.02,39.84,39.88
1729497600,39.86,40.12,39.8,39.96
1729499400,39.96,40.04,39.88,39.96
1729501200,39.94,40.02,39.88,39.94
1729503000,39.94,39.98,39.82,39.86
1729504800,39.84,39.98,39.82,39.86
1729506600,39.86,39.92,39.66,39.76
1729508400,39.74,39.86,39.6,39.68
1729510200,39.7,39.88,39.64,39.8
1729512000,39.78,39.86,39.48,39.52
1729513800,39.52,39.84,39.42,39.64
1729515600,39.62,39.76,39.58,39.64
1729517400,39.62,39.66,39.26,39.28
1729519200,39.3,39.4,39.12,39.22
1729521000,39.22,39.28,38.76,38.86
1729522800,38.82,38.82,38.82,38.82
1729578600,38.9,38.9,38.9,38.9
1729580400,38.92,39.16,38.86,38.9
1729582200,38.9,39.12,38.9,39.06
1729584000,39.06,39.2,38.92,39.14
1729585800,39.14,39.16,39.04,39.06
1729587600,39.06,39.08,38.9,38.92
1729589400,38.92,38.92,38.74,38.92
1729591200,38.92,38.94,38.8,38.84
1729593000,38.82,38.82,38.66,38.7
1729594800,38.72,38.74,38.64,38.66
1729596600,38.64,38.7,38.56,38.68
1729598400,38.68,39.36,38.64,39.24
1729600200,39.24,39.4,39.1,39.28
1729602000,39.28,39.7,39.28,39.5
1729603800,39.48,39.64,39.22,39.28
1729605600,39.26,39.5,39.24,39.46
1729607400,39.46,39.5,39.38,39.4
1729609200,39.42,39.64,39.42,39.64
1729665000,39.42,39.42,39.42,39.42
1729666800,39.42,39.64,39.3,39.34
1729668600,39.34,39.38,39.24,39.24
1729670400,39.24,39.28,39.02,39.06
1729672200,39.06,39.12,38.98,39.08
1729674000,39.08,39.14,39.06,39.1
1729675800,39.1,39.16,39.06,39.1
1729677600,39.12,39.14,38.96,39
1729679400,39,39.04,38.86,38.88
1729681200,38.88,38.88,38.72,38.86
1729683000,38.84,38.86,38.74,38.82
1729684800,38.8,39.1,38.8,39.1
1729686600,39.08,39.32,38.76,38.76
1729688400,38.76,38.78,38.32,38.42
1729690200,38.4,38.78,38.38,38.72
1729692000,38.7,38.76,38.48,38.58
1729693800,38.56,38.74,38.4,38.42
1729695600,38.4,38.4,38.4,38.4
1729751400,38.64,38.64,38.64,38.64
1729753200,38.66,39.16,38.66,38.98
1729755000,38.96,39.3,38.94,39.2
1729756800,39.2,39.26,39.12,39.26
1729758600,39.24,39.34,39.16,39.3
1729760400,39.3,39.4,39.2,39.24
1729762200,39.24,39.26,39.14,39.24
1729764000,39.22,39.32,39.2,39.26
1729765800,39.24,39.48,39.24,39.38
1729767600,39.38,39.38,39.24,39.24
1729769400,39.26,39.4,39.24,39.3
1729771200,39.32,39.38,39.2,39.28
1729773000,39.3,39.4,39.26,39.32
1729774800,39.3,39.38,39.2,39.22
1729776600,39.2,39.26,38.94,39.1
1729778400,39.1,39.18,38.88,38.98
1729780200,38.98,39.18,38.92,39.16
1729782000,39.2,39.2,39.2,39.2
1729837800,39,39,39,39
1729839600,39,39.2,38.86,38.94
1729841400,38.92,39.04,38.82,38.96
1729843200,38.98,39.02,38.78,38.84
1729845000,38.86,38.94,38.78,38.92
1729846800,38.94,39.3,38.9,39.3
1729848600,39.3,39.46,39.24,39.28
1729850400,39.28,39.34,39.22,39.28
1729852200,39.3,39.48,39.28,39.34
1729854000,39.36,39.56,39.22,39.44
1729855800,39.46,39.5,39.3,39.38
1729857600,39.38,39.46,39.2,39.24
1729859400,39.24,39.24,39.02,39.1
1729861200,39.08,39.16,39.02,39.16
1729863000,39.16,39.18,38.88,39
1729864800,38.98,39.64,38.96,39.64
1729866600,39.64,39.74,39.38,39.54
1729868400,39.52,39.52,39.5,39.5
1730097000,39.58,39.58,39.58,39.58
1730098800,39.56,39.94,39.52,39.84
1730100600,39.84,39.86,39.66,39.8
1730102400,39.8,39.98,39.74,39.92
1730104200,39.9,39.92,39.82,39.86
1730106000,39.86,39.86,39.74,39.76
1730107800,39.96,39.96,39.96,39.96
1730269800,39.92,39.92,39.92,39.92
1730271600,39.92,40.06,39.8,40
1730273400,40,40.02,39.84,39.9
1730275200,39.86,39.98,39.8,39.98
1730277000,39.98,40.1,39.94,39.98
1730278800,39.98,40.02,39.9,39.96
1730280600,39.96,39.98,39.88,39.9
1730282400,39.88,39.94,39.86,39.92
1730284200,39.92,39.98,39.88,39.88
1730286000,39.9,40.06,39.86,40.04
1730287800,40.06,40.24,40,40.2
1730289600,40.2,40.24,40,40.04
1730291400,40.04,40.28,40,40.12
1730293200,40.1,40.18,40.06,40.14
1730295000,40.14,40.38,40.12,40.34
1730296800,40.36,40.44,40.28,40.36
1730298600,40.36,40.38,40.16,40.24
1730300400,40.24,40.24,40.24,40.24
1730356200,40,40,40,40
1730358000,40.02,40.3,40.02,40.08
1730359800,40.08,40.08,39.84,39.94
1730361600,39.94,40.14,39.94,40.14
1730363400,40.12,40.14,39.92,39.92
1730365200,39.94,39.96,39.82,39.86
1730367000,39.86,39.92,39.68,39.72
1730368800,39.7,39.72,39.54,39.66
1730370600,39.66,39.68,39.58,39.66
1730372400,39.66,39.7,39.56,39.58
1730374200,39.6,39.62,39.5,39.52
1730376000,39.5,39.56,39.44,39.54
1730377800,39.54,39.56,39.4,39.42
1730379600,39.44,39.5,39.34,39.46
1730381400,39.46,39.52,39.34,39.34
1730383200,39.34,39.38,39.26,39.32
1730385000,39.32,39.34,39.02,39.1
1730386800,39.14,39.14,39.14,39.14
1730442600,39.2,39.2,39.2,39.2
1730444400,39.22,39.56,39.22,39.54
1730446200,39.54,39.58,39.44,39.52
1730448000,39.52,39.82,39.52,39.78
1730449800,39.8,39.82,39.66,39.74
1730451600,39.76,39.78,39.14,39.16
1730453400,39.18,39.44,39.1,39.38
1730455200,39.36,39.42,39.32,39.32
1730457000,39.34,39.42,39.28,39.32
1730458800,39.34,39.36,39.28,39.32
1730460600,39.32,39.46,39.32,39.36
1730462400,39.36,39.42,39.28,39.42
1730464200,39.42,39.5,39.36,39.4
1730466000,39.4,39.46,39.32,39.42
1730467800,39.42,39.44,39.18,39.26
1730469600,39.24,39.4,39.2,39.34
1730471400,39.36,39.46,39.3,39.4
1730473200,39.4,39.4,39.34,39.34
1730701800,38.9,38.9,38.9,38.9
1730703600,38.9,39.02,38.74,38.84
1730705400,38.84,38.84,38.74,38.78
1730707200,38.78,38.88,38.76,38.84
1730709000,38.82,38.86,38.72,38.76
1730710800,38.76,38.8,38.7,38.72
1730712600,38.72,38.74,38.68,38.7
1730714400,38.7,38.74,38.68,38.74
1730716200,38.74,38.74,38.58,38.6
1730718000,38.6,38.6,38.48,38.52
1730719800,38.52,38.52,38.3,38.34
1730721600,38.32,38.46,38.32,38.44
1730723400,38.44,38.5,38.36,38.38
1730725200,38.34,38.48,38.32,38.4
1730727000,38.4,38.46,38.26,38.3
1730728800,38.3,38.42,38.1,38.22
1730730600,38.22,38.22,38.06,38.12
1730732400,38.3,38.3,38.3,38.3
1730788200,38.32,38.32,38.32,38.32
1730790000,38.34,38.48,38.22,38.22
1730791800,38.22,38.22,37.98,38.02
1730793600,38,38.28,37.96,38.26
1730795400,38.26,38.38,38.18,38.36
1730797200,38.36,38.52,38.32,38.44
1730799000,38.44,38.48,38.3,38.36
1730800800,38.36,38.36,38.24,38.34
1730802600,38.34,38.4,38.14,38.3
1730804400,38.3,38.4,38.28,38.38
1730806200,38.38,38.46,38.34,38.38
1730808000,38.38,38.66,38.34,38.58
1730809800,38.6,38.66,38.44,38.52
1730811600,38.5,38.54,38.36,38.42
1730813400,38.44,38.5,38.32,38.46
1730815200,38.46,38.86,38.44,38.72
1730817000,38.74,38.9,38.6,38.68
1730818800,38.62,38.62,38.62,38.62
1730874600,38.62,38.62,38.62,38.62
1730876400,38.64,38.98,38.4,38.42
1730878200,38.44,38.94,38.32,38.9
1730880000,38.92,39.84,38.88,39.72
1730881800,39.72,39.8,39.62,39.78
1730883600,39.8,39.94,39.72,39.94
1730885400,39.92,39.96,39.76,39.88
1730887200,39.88,39.96,39.82,39.84
1730889000,39.84,39.88,39.76,39.84
1730890800,39.84,39.86,39.7,39.78
1730892600,39.8,39.82,39.38,39.44
1730894400,39.42,39.64,39.4,39.6
1730896200,39.58,39.68,39.54,39.6
1730898000,39.62,39.82,39.6,39.78
1730899800,39.78,39.86,39.64,39.72
1730901600,39.72,39.82,39.64,39.68
1730903400,39.68,39.76,39.62,39.72
1730905200,39.72,39.72,39.58,39.58
1730961000,39.58,39.58,39.58,39.58
1730962800,39.6,39.96,39.52,39.74
1730964600,39.74,39.74,39.26,39.46
1730966400,39.48,39.5,39.32,39.44
1730968200,39.44,39.58,39.4,39.48
1730970000,39.5,39.56,39.4,39.44
1730971800,39.46,39.5,39.38,39.46
1730973600,39.44,39.48,39.38,39.44
1730975400,39.44,39.46,39.38,39.4
1730977200,39.38,39.46,39.36,39.4
1730979000,39.42,39.48,39.34,39.42
1730980800,39.42,39.48,39.18,39.26
1730982600,39.24,39.36,39.2,39.28
1730984400,39.28,39.36,39.26,39.32
1730986200,39.3,39.32,39.1,39.18
1730988000,39.2,39.64,39.1,39.6
1730989800,39.62,40.04,39.58,39.86
1730991600,40.06,40.06,40.06,40.06
1731047400,39.9,39.9,39.9,39.9
1731049200,39.9,40.1,39.76,39.82
1731051000,39.82,39.98,39.78,39.84
1731052800,39.86,40.36,39.82,40.32
1731054600,40.34,40.6,40.3,40.44
1731056400,40.44,40.68,40.44,40.56
1731058200,40.58,40.66,40.44,40.48
1731060000,40.46,40.48,40.32,40.38
1731061800,40.4,40.44,40.24,40.32
1731063600,40.3,40.54,40.26,40.48
1731065400,40.48,40.54,40.38,40.46
1731067200,40.46,40.74,40.4,40.72
1731069000,40.72,40.74,40.56,40.64
1731070800,40.62,40.78,40.54,40.76
1731072600,40.76,40.76,40.6,40.68
1731074400,40.68,40.8,40.62,40.76
1731076200,40.76,40.82,40.58,40.76
1731078000,40.8,40.8,40.8,40.8
1731306600,40.2,40.2,40.2,40.2
1731308400,40.2,40.7,40.18,40.26
1731310200,40.26,40.68,40.24,40.64
1731312000,40.66,40.72,40.32,40.34
1731313800,40.32,40.46,40.3,40.4
1731315600,40.4,40.54,40.38,40.46
1731317400,40.46,40.6,40.44,40.5
1731319200,40.5,40.54,40.4,40.44
1731321000,40.44,40.46,40.18,40.26
1731322800,40.26,40.4,40.2,40.36
1731324600,40.38,40.42,40.26,40.3
1731326400,40.3,40.38,40.22,40.24
1731328200,40.24,40.28,40.14,40.22
1731330000,40.24,40.32,40.2,40.26
1731331800,40.26,40.58,40.24,40.58
1731333600,40.58,40.66,40.3,40.3
1731335400,40.3,40.36,40.14,40.26
1731337200,40.28,40.34,40.28,40.34
1731393000,40.3,40.3,40.3,40.3
1731394800,40.28,40.48,40.24,40.38
1731396600,40.4,40.66,40.3,40.58
1731398400,40.6,40.66,40.4,40.4
1731400200,40.42,40.6,40.38,40.48
1731402000,40.5,40.66,40.46,40.64
1731403800,40.62,40.66,40.44,40.48
1731405600,40.48,40.5,40.3,40.4
1731407400,40.4,40.4,40.2,40.24
1731409200,40.24,40.28,40.1,40.14
1731411000,40.12,40.14,39.98,40.02
1731412800,40.02,40.14,40,40.02
1731414600,40.02,40.16,40,40.06
1731416400,40.06,40.16,40.04,40.14
1731418200,40.16,40.44,40.14,40.36
1731420000,40.36,40.38,40.14,40.28
1731421800,40.28,40.3,40.14,40.2
1731423600,40.04,40.04,40.04,40.04
1731479400,40,40,40,40
1731481200,39.98,40.1,39.78,39.82
1731483000,39.82,39.86,39.62,39.66
1731484800,39.66,39.88,39.62,39.8
1731486600,39.78,39.88,39.78,39.86
1731488400,39.86,39.9,39.8,39.82
1731490200,39.84,39.9,39.76,39.78
1731492000,39.78,39.88,39.76,39.84
1731493800,39.82,39.9,39.8,39.86
1731495600,39.88,40,39.8,39.96
1731497400,39.96,40.2,39.88,40.14
1731499200,40.14,40.6,40.14,40.56
1731501000,40.58,40.6,40.38,40.4
1731502800,40.4,40.5,40.36,40.46
1731504600,40.46,41.08,40.46,41.08
1731506400,41.06,41.12,40.76,40.82
1731508200,40.82,40.88,40.38,40.46
1731510000,40.42,40.42,40.42,40.42
1731565800,40.52,40.52,40.52,40.52
1731567600,40.52,40.84,40.52,40.78
1731569400,40.78,40.96,40.76,40.84
1731571200,40.84,40.92,40.56,40.64
1731573000,40.62,40.66,40.5,40.56
1731574800,40.58,40.74,40.44,40.72
1731576600,40.74,40.76,40.56,40.6
1731578400,40.58,40.78,40.52,40.66
1731580200,40.66,40.7,40.58,40.66
1731582000,40.66,40.78,40.64,40.7
1731583800,40.68,40.72,40.6,40.62
1731585600,40.62,40.72,40.5,40.58
1731587400,40.56,40.58,40.34,40.52
1731589200,40.52,40.66,40.5,40.62
1731591000,40.62,41.08,40.56,40.98
1731592800,41,41.06,40.6,40.7
1731594600,40.7,41.06,40.66,41.04
1731596400,41.06,41.14,41.06,41.14
1731652200,41.22,41.22,41.22,41.22
1731654000,41.24,41.44,41.14,41.36
1731655800,41.34,41.56,41.34,41.44
1731657600,41.44,41.46,41.26,41.28
1731659400,41.3,41.52,41.26,41.42
1731661200,41.42,41.44,41.26,41.36
1731663000,41.36,41.46,41.28,41.32
1731664800,41.32,41.38,41.14,41.24
1731666600,41.24,41.34,41.22,41.22
1731668400,41.22,41.26,41,41.06
1731670200,41.06,41.1,40.92,40.92
1731672000,40.92,41.02,40.88,40.98
1731673800,40.98,41.2,40.96,41.18
1731675600,41.18,41.24,41.08,41.14
1731677400,41.14,41.14,40.94,41
1731679200,40.98,41.2,40.96,41.1
1731681000,41.08,41.14,40.78,40.84
1731682800,40.88,40.88,40.88,40.88
1731911400,40.92,40.92,40.92,40.92
1731913200,40.94,41.34,40.4,40.46
1731915000,40.44,40.56,40.38,40.4
1731916800,40.4,40.6,40.36,40.58
1731918600,40.6,40.6,40.42,40.58
1731920400,40.58,40.64,40.48,40.62
1731922200,40.62,40.84,40.58,40.64
1731924000,40.62,40.82,40.56,40.6
1731925800,40.58,40.68,40.58,40.6
1731927600,40.62,40.72,40.52,40.7
1731929400,40.7,40.74,40.6,40.64
1731931200,40.64,40.72,40.6,40.64
1731933000,40.64,40.76,40.56,40.66
1731934800,40.68,40.74,40.6,40.66
1731936600,40.66,40.82,40.66,40.7
1731938400,40.7,41.18,40.62,41.04
1731940200,41.04,41.16,40.8,40.88
1731942000,40.86,40.86,40.86,40.86
1731997800,40.96,40.96,40.96,40.96
1731999600,40.98,41.14,40.9,40.96
1732001400,40.94,41,40.58,40.6
1732003200,40.58,40.62,40.34,40.48
1732005000,40.48,40.52,40.34,40.42
1732006800,40.4,40.52,40.3,40.36
1732008600,40.36,40.36,40.02,40.02
1732010400,40.04,40.14,40.02,40.06
1732012200,40.06,40.08,39.94,39.98
1732014000,39.98,40.02,39.88,39.92
1732015800,39.92,39.96,39.86,39.88
1732017600,39.88,40,39.88,39.98
1732019400,39.96,40,39.84,39.88
1732021200,39.88,39.96,39.84,39.94
1732023000,39.94,39.94,39.72,39.84
1732024800,39.82,40.08,39.74,40
1732026600,40.02,40.06,39.9,39.96
1732028400,39.92,39.92,39.92,39.92
1732084200,40.12,40.12,40.12,40.12
1732086000,40.12,40.4,39.98,40
1732087800,39.98,40.16,39.88,40.08
1732089600,40.08,40.1,39.96,39.96
1732091400,39.96,40.08,39.94,40.04
1732093200,40.02,40.04,39.94,39.96
1732095000,39.96,40,39.9,39.94
1732096800,39.92,40.02,39.9,39.92
1732098600,39.94,39.98,39.9,39.92
1732100400,39.92,39.94,39.78,39.86
1732102200,39.88,39.96,39.82,39.92
1732104000,39.92,39.96,39.86,39.94
1732105800,39.94,40.02,39.82,39.86
1732107600,39.86,39.92,39.78,39.92
1732109400,39.92,39.92,39.72,39.74
1732111200,39.74,39.76,39.32,39.38
1732113000,39.36,39.38,38.86,38.94
1732114800,38.94,38.94,38.94,38.94
1732170600,39,39,39,39
1732172400,39.02,39.3,39,39.06
1732174200,39.04,39.22,39.04,39.16
1732176000,39.16,39.24,39.12,39.18
1732177800,39.18,39.24,39.12,39.2
1732179600,39.2,39.28,39.16,39.2
1732181400,39.18,39.24,39.14,39.18
1732183200,39.22,39.38,39.2,39.22
1732185000,39.22,39.24,39.1,39.24
1732186800,39.24,39.74,39.1,39.68
1732188600,39.68,39.94,39.64,39.9
1732190400,39.9,40.04,39.86,39.94
1732192200,39.96,40.1,39.94,40
1732194000,40,40.06,39.9,39.9
1732195800,39.9,40.1,39.82,40.08
1732197600,40.1,40.3,40.04,40.22
1732199400,40.2,40.22,40.08,40.16
1732201200,40.18,40.18,40.18,40.18
1732257000,40.16,40.16,40.16,40.16
1732258800,40.14,40.38,40.02,40.04
1732260600,40.04,40.28,39.88,40.22
1732262400,40.22,40.44,40.18,40.4
1732264200,40.4,40.82,40.4,40.72
1732266000,40.72,40.78,40.44,40.5
1732267800,40.48,40.5,40.28,40.42
1732269600,40.42,40.48,40.18,40.22
1732271400,40.22,40.42,40.18,40.34
1732273200,40.3,40.38,40.18,40.3
1732275000,40.28,40.34,40.2,40.32
1732276800,40.32,40.5,40.28,40.38
1732278600,40.36,40.54,40.32,40.46
1732280400,40.46,40.66,40.4,40.54
1732282200,40.54,40.68,40.52,40.6
1732284000,40.58,40.66,40.44,40.58
1732285800,40.58,40.7,40.44,40.66
1732287600,40.74,40.74,40.74,40.74
1732516200,40.98,40.98,40.98,40.98
1732518000,40.98,41.12,40.76,40.94
1732519800,40.96,41.06,40.84,40.96
1732521600,40.96,41.16,40.96,41
1732523400,41,41.08,40.94,40.96
1732525200,40.96,41.26,40.9,41.24
1732527000,41.26,41.3,41.04,41.08
1732528800,41.08,41.22,41.06,41.12
1732530600,41.14,41.14,41.04,41.08
1732532400,41.1,41.22,41.08,41.12
1732534200,41.12,41.18,41.08,41.12
1732536000,41.14,41.16,40.92,41.08
1732537800,41.08,41.42,41.04,41.38
1732539600,41.4,41.68,41.24,41.34
1732541400,41.32,41.42,41.28,41.4
1732543200,41.38,41.46,41.26,41.28
1732545000,41.28,41.34,41.2,41.24
1732546800,41.04,41.04,41.04,41.04
1732602600,40.96,40.96,40.96,40.96
1732604400,40.94,41.1,40.6,40.62
1732606200,40.64,40.84,40.62,40.64
1732608000,40.64,40.72,40.54,40.7
1732609800,40.7,40.78,40.66,40.68
1732611600,40.7,40.74,40.66,40.72
1732613400,40.72,40.72,40.66,40.7
1732615200,40.68,40.74,40.66,40.68
1732617000,40.66,40.76,40.54,40.58
1732618800,40.6,40.66,40.54,40.56
1732620600,40.56,40.7,40.52,40.66
1732622400,40.66,40.66,40.38,40.48
1732624200,40.46,40.48,40.34,40.42
1732626000,40.44,40.48,40.4,40.46
1732627800,40.48,40.5,40.36,40.4
1732629600,40.4,40.5,40.36,40.4
1732631400,40.42,40.62,40.4,40.48
1732633200,40.54,40.54,40.54,40.54
1732689000,40.74,40.74,40.74,40.74
1732690800,40.74,41.08,40.68,40.98
1732692600,40.98,41.12,40.76,40.76
1732694400,40.76,40.78,40.34,40.5
1732696200,40.5,40.6,40.48,40.52
1732698000,40.54,40.62,40.44,40.52
1732699800,40.52,40.56,40.46,40.54
1732701600,40.52,40.58,40.46,40.54
1732703400,40.56,40.58,40.5,40.56
1732705200,40.56,40.56,40.34,40.38
1732707000,40.38,40.46,40.36,40.38
1732708800,40.36,40.38,40.26,40.32
1732710600,40.32,40.42,40.26,40.3
1732712400,40.3,40.36,40.18,40.32
1732714200,40.32,40.48,40.32,40.4
1732716000,40.42,40.56,40.38,40.46
1732717800,40.46,40.52,40.26,40.34
1732719600,40.36,40.36,40.34,40.34
1732775400,40.22,40.22,40.22,40.22
1732777200,40.24,40.44,40.24,40.4
1732779000,40.42,40.52,40.32,40.36
1732780800,40.38,40.44,40.32,40.42
1732782600,40.44,40.46,40.28,40.28
1732784400,40.28,40.34,40.26,40.28
1732786200,40.28,40.34,40.24,40.3
1732788000,40.3,40.32,40.24,40.28
1732789800,40.28,40.4,40.24,40.38
1732791600,40.38,40.42,40.14,40.24
1732793400,40.24,40.28,40.16,40.2
1732795200,40.2,40.26,40.1,40.14
1732797000,40.14,40.18,40.08,40.16
1732798800,40.16,40.4,40.14,40.36
1732800600,40.36,40.46,40.34,40.34
1732802400,40.34,40.4,40.18,40.24
1732804200,40.24,40.38,40.18,40.32
1732806000,40.36,40.36,40.36,40.36
1732861800,40.36,40.36,40.36,40.36
1732863600,40.36,40.46,40.08,40.12
1732865400,40.1,40.14,40.04,40.12
1732867200,40.14,40.14,40.06,40.1
1732869000,40.08,40.1,39.98,40
1732870800,40,40.04,39.98,40.04
1732872600,40.02,40.04,40,40.02
1732874400,40.04,40.14,40.04,40.12
1732876200,40.12,40.12,40.04,40.1
1732878000,40.1,40.16,40.06,40.12
1732879800,40.14,40.36,40.1,40.26
1732881600,40.26,40.6,40.24,40.44
1732883400,40.44,40.48,40.36,40.38
1732885200,40.38,40.68,40.32,40.58
1732887000,40.6,40.98,40.56,40.78
1732888800,40.8,40.82,40.14,40.3
1732890600,40.3,40.74,40.24,40.68
1732892400,40.56,40.56,40.56,40.56
1733121000,40.38,40.38,40.38,40.38
1733122800,40.36,41.2,40.24,41.08
1733124600,41.08,41.42,41.02,41.12
1733126400,41.1,41.26,41.08,41.18
1733128200,41.18,41.28,41.1,41.12
1733130000,41.12,41.26,41.1,41.24
1733131800,41.24,41.42,41.24,41.3
1733133600,41.32,41.32,41.12,41.24
1733135400,41.24,41.4,41.22,41.26
1733137200,41.26,41.3,41.24,41.26
1733139000,41.28,41.28,41.14,41.18
1733140800,41.2,41.22,41.12,41.12
1733142600,41.12,41.16,41,41.1
1733144400,41.08,41.16,40.96,40.98
1733146200,41,41.3,40.96,41.22
1733148000,41.22,41.46,41.2,41.32
1733149800,41.32,41.4,41.24,41.32
1733151600,41.22,41.22,41.22,41.22
1733207400,41.24,41.24,41.24,41.24
1733209200,41.26,41.76,40.94,41.64
1733211000,41.64,41.68,41.42,41.52
1733212800,41.5,41.76,41.5,41.76
1733214600,41.74,41.78,41.58,41.7
1733216400,41.72,41.78,41.68,41.68
1733218200,41.68,41.7,41.44,41.6
1733220000,41.6,41.64,41.48,41.5
1733221800,41.5,41.54,41.32,41.38
1733223600,41.38,41.46,41.32,41.38
1733225400,41.36,41.48,41.36,41.38
1733227200,41.38,41.48,41.36,41.44
1733229000,41.44,41.5,41.4,41.46
1733230800,41.48,41.48,41.4,41.46
1733232600,41.44,41.48,41.3,41.3
1733234400,41.3,41.36,41.12,41.22
1733236200,41.22,41.26,41.02,41.12
1733238000,41.1,41.1,41.1,41.1
1733293800,41.16,41.16,41.16,41.16
1733295600,41.16,41.48,41.14,41.46
1733297400,41.48,41.52,41.3,41.36
1733299200,41.36,41.4,41.28,41.36
1733301000,41.38,41.58,41.38,41.46
1733302800,41.46,41.48,41.3,41.4
1733304600,41.42,41.44,41.32,41.34
1733306400,41.34,41.36,41.24,41.28
1733308200,41.28,41.32,41.26,41.3
1733310000,41.3,41.4,41.26,41.4
1733311800,41.4,41.74,41.36,41.72
1733313600,41.72,41.72,41.46,41.48
1733315400,41.48,41.48,41.36,41.42
1733317200,41.42,41.42,41.26,41.32
1733319000,41.32,41.56,41.28,41.48
1733320800,41.48,41.52,41.38,41.5
1733322600,41.5,41.54,41.36,41.38
1733324400,41.32,41.32,41.32,41.32
1733380200,41.44,41.44,41.44,41.44
1733382000,41.46,41.64,41.32,41.42
1733383800,41.42,41.62,41.38,41.46
1733385600,41.46,41.46,41.34,41.44
1733387400,41.44,41.52,41.42,41.5
1733389200,41.5,41.52,41.46,41.48
1733391000,41.46,41.54,41.44,41.52
1733392800,41.52,41.56,41.46,41.5
1733394600,41.48,41.56,41.44,41.56
1733396400,41.56,41.58,41.46,41.48
1733398200,41.48,41.52,41.38,41.4
1733400000,41.4,41.46,41.38,41.42
1733401800,41.4,41.46,41.2,41.26
1733403600,41.24,41.28,41.1,41.22
1733405400,41.24,41.3,41.2,41.3
1733407200,41.3,41.5,41.28,41.44
1733409000,41.44,41.44,41.3,41.34
1733410800,41.36,41.36,41.36,41.36
1733466600,41.7,41.7,41.7,41.7
1733468400,41.72,41.8,41.52,41.64
1733470200,41.64,41.84,41.56,41.62
1733472000,41.62,41.8,41.58,41.76
1733473800,41.74,41.82,41.7,41.78
1733475600,41.76,41.8,41.68,41.78
1733477400,41.78,42,41.76,41.88
1733479200,41.86,41.9,41.84,41.84
1733481000,41.86,41.88,41.76,41.84
1733482800,41.84,41.86,41.68,41.7
1733484600,41.7,41.78,41.62,41.76
1733486400,41.78,41.78,41.68,41.7
1733488200,41.7,41.76,41.62,41.68
1733490000,41.68,41.74,41.62,41.66
1733491800,41.66,41.7,41.6,41.66
1733493600,41.64,41.66,41.52,41.58
1733495400,41.58,41.68,41.52,41.6
1733497200,41.64,41.64,41.64,41.64
1733725800,42,42,42,42
1733727600,42.02,42.76,42,42.58
1733729400,42.6,42.94,42.58,42.94
1733731200,42.94,43.02,42.8,42.84
1733733000,42.86,42.86,42.64,42.78
1733734800,42.8,42.94,42.76,42.86
1733736600,42.86,42.96,42.84,42.9
1733738400,42.9,43.02,42.86,42.98
1733740200,42.98,43.12,42.96,43.06
1733742000,43.06,43.06,42.9,42.96
1733743800,42.96,42.96,42.84,42.94
1733745600,42.94,43.1,42.92,43.04
1733747400,43.04,43.06,42.96,42.98
1733749200,42.98,43.16,42.96,43.06
1733751000,43.06,43.4,43,43.18
1733752800,43.18,43.24,43,43.06
1733754600,43.06,43.12,42.96,43.12
1733756400,43.2,43.2,43.2,43.2
1733812200,43.08,43.08,43.08,43.08
1733814000,43.06,43.2,42.84,42.9
1733815800,42.88,42.96,42.8,42.84
1733817600,42.84,42.96,42.54,42.56
1733819400,42.56,42.7,42.54,42.68
1733821200,42.68,42.76,42.64,42.68
1733823000,42.66,42.74,42.64,42.72
1733824800,42.72,42.74,42.58,42.62
1733826600,42.62,42.66,42.56,42.64
1733828400,42.64,42.7,42.48,42.52
1733830200,42.52,42.74,42.5,42.7
1733832000,42.7,42.72,42.52,42.52
1733833800,42.54,42.54,42.14,42.4
1733835600,42.4,42.44,42.1,42.12
1733837400,42.12,42.38,42.1,42.34
1733839200,42.34,42.36,42.16,42.3
1733841000,42.3,42.38,42.22,42.32
1733842800,42.4,42.4,42.4,42.4
1733898600,42.4,42.4,42.4,42.4
1733900400,42.42,42.54,42.12,42.34
1733902200,42.3,42.76,42.28,42.66
1733904000,42.66,42.96,42.66,42.82
1733905800,42.8,42.88,42.72,42.76
1733907600,42.76,42.78,42.48,42.48
1733909400,42.48,42.58,42.42,42.46
1733911200,42.46,42.56,42.38,42.52
1733913000,42.52,42.68,42.3,42.64
1733914800,42.64,42.72,42.6,42.66
1733916600,42.66,42.72,42.6,42.62
1733918400,42.62,42.68,42.56,42.64
1733920200,42.62,42.68,42.54,42.54
1733922000,42.54,42.76,42.54,42.74
1733923800,42.72,42.9,42.68,42.78
1733925600,42.8,42.82,42.5,42.62
1733927400,42.62,42.7,42.52,42.58
1733929200,42.54,42.54,42.54,42.54
1733985000,42.96,42.96,42.96,42.96
1733986800,42.96,43.12,42.78,42.98
1733988600,43,43.02,42.88,42.92
1733990400,42.9,43,42.88,42.98
1733992200,43,43.06,42.94,43.04
1733994000,43.02,43.06,42.9,42.92
1733995800,42.92,43,42.9,42.96
1733997600,42.96,42.96,42.88,42.92
1733999400,42.9,42.92,42.84,42.88
1734001200,42.86,42.9,42.8,42.84
1734003000,42.84,42.86,42.58,42.6
1734004800,42.58,42.64,42.44,42.56
1734006600,42.56,42.58,42.32,42.42
1734008400,42.42,42.62,42.38,42.56
1734010200,42.56,42.56,42.36,42.38
1734012000,42.38,42.44,42.3,42.34
1734013800,42.34,42.38,42.12,42.18
1734015600,42.18,42.32,42.18,42.32
1734071400,42.08,42.08,42.08,42.08
1734073200,42.1,42.3,42.08,42.26
1734075000,42.26,42.4,42.16,42.26
1734076800,42.24,42.3,42.14,42.28
1734078600,42.28,42.34,42.24,42.32
1734080400,42.32,42.32,42.18,42.24
1734082200,42.24,42.34,42.22,42.32
1734084000,42.32,42.5,42.3,42.48
1734085800,42.46,43.04,42.42,42.84
1734087600,42.84,42.96,42.82,42.94
1734089400,42.92,43.02,42.8,42.9
1734091200,42.88,42.9,42.72,42.72
1734093000,42.74,42.76,42.54,42.62
1734094800,42.62,42.7,42.52,42.6
1734096600,42.6,42.74,42.56,42.7
1734098400,42.68,42.84,42.64,42.82
1734100200,42.82,43.08,42.78,43
1734102000,43.08,43.08,43.08,43.08
1734330600,42.06,42.06,42.06,42.06
1734332400,42.04,42.2,41.84,42
1734334200,42,42.14,41.92,41.96
1734336000,41.96,42.02,41.9,41.94
1734337800,41.92,42,41.9,41.94
1734339600,41.92,41.94,41.8,41.84
1734341400,41.84,41.86,41.76,41.82
1734343200,41.82,41.88,41.8,41.84
1734345000,41.84,41.88,41.76,41.86
1734346800,41.86,41.9,41.78,41.88
1734348600,41.88,41.88,41.84,41.86
1734350400,41.86,41.98,41.84,41.92
1734352200,41.92,41.96,41.88,41.9
1734354000,41.9,41.92,41.82,41.84
1734355800,41.84,41.88,41.8,41.82
1734357600,41.84,41.86,41.8,41.86
1734359400,41.84,41.86,41.78,41.8
1734361200,41.8,41.8,41.8,41.8
1734417000,41.8,41.8,41.8,41.8
1734418800,41.82,41.98,41.7,41.76
1734420600,41.78,41.8,41.68,41.72
1734422400,41.72,41.72,41.24,41.3
1734424200,41.32,41.32,41.16,41.24
1734426000,41.24,41.28,41.14,41.16
1734427800,41.16,41.2,41.08,41.14
1734429600,41.14,41.2,41.08,41.16
1734431400,41.18,41.32,41.14,41.26
1734433200,41.26,41.28,40.98,41.1
1734435000,41.1,41.16,40.96,41.04
1734436800,41.04,41.06,41,41.02
1734438600,41.04,41.04,40.98,41.02
1734440400,41.02,41.08,40.96,41.08
1734442200,41.08,41.34,41.04,41.26
1734444000,41.26,41.3,41.14,41.2
1734445800,41.18,41.28,41.14,41.22
1734447600,41.18,41.18,41.18,41.18
1734503400,41.38,41.38,41.38,41.38
1734505200,41.34,41.44,41.2,41.24
1734507000,41.24,41.34,41.22,41.26
1734508800,41.24,41.28,41.2,41.28
1734510600,41.26,41.3,41.22,41.26
1734512400,41.26,41.4,41.26,41.3
1734514200,41.28,41.36,41.28,41.32
1734516000,41.34,41.52,41.28,41.4
1734517800,41.4,41.44,41.32,41.34
1734519600,41.34,41.44,41.24,41.38
1734521400,41.4,41.4,41.28,41.32
1734523200,41.32,41.44,41.26,41.4
1734525000,41.4,41.56,41.4,41.54
1734526800,41.52,41.66,41.48,41.64
1734528600,41.64,41.72,41.58,41.64
1734530400,41.62,41.66,41.5,41.6
1734532200,41.6,41.88,41.54,41.8
1734534000,41.72,41.72,41.72,41.72
1734589800,41.74,41.74,41.74,41.74
1734591600,41.74,42.1,41.6,41.86
1734593400,41.86,42.08,41.72,41.8
1734595200,41.78,41.88,41.7,41.78
1734597000,41.78,42.08,41.78,42.02
1734598800,42.02,42.16,41.92,42.12
1734600600,42.14,42.22,42.02,42.04
1734602400,42.04,42.12,41.96,41.96
1734604200,41.96,42.04,41.94,41.98
1734606000,41.96,42.28,41.9,42.2
1734607800,42.18,42.24,42.06,42.2
1734609600,42.2,42.46,42.14,42.44
1734611400,42.42,42.44,42.3,42.38
1734613200,42.38,42.58,42.36,42.44
1734615000,42.44,42.52,42.14,42.26
1734616800,42.26,42.4,42.14,42.18
1734618600,42.16,42.32,42.1,42.26
1734620400,42.26,42.26,42.26,42.26
1734676200,42.38,42.38,42.38,42.38
1734678000,42.38,42.54,42.24,42.28
1734679800,42.28,42.34,42.14,42.26
1734681600,42.26,42.78,42.22,42.62
1734683400,42.62,42.7,42.5,42.66
1734685200,42.66,42.82,42.56,42.74
1734687000,42.76,42.92,42.68,42.74
1734688800,42.74,42.94,42.7,42.92
1734690600,42.92,43.64,42.9,43.52
1734692400,43.52,43.56,43.24,43.34
1734694200,43.34,43.52,43.32,43.46
1734696000,43.46,43.52,43.24,43.4
1734697800,43.38,43.4,43.22,43.3
1734699600,43.28,43.54,43.2,43.48
1734701400,43.5,44.04,43.48,43.9
1734703200,43.9,43.92,43.72,43.84
1734705000,43.82,44.08,43.5,43.62
1734706800,43.6,43.6,43.6,43.6
1734935400,43.84,43.84,43.84,43.84
1734937200,43.86,44.22,43.68,43.68
1734939000,43.7,44.12,43.44,43.78
1734940800,43.78,44.3,43.78,44.1
1734942600,44.12,44.46,44.06,44.46
1734944400,44.48,44.52,44.34,44.42
1734946200,44.4,44.92,44.36,44.9
1734948000,44.9,45,44.78,44.88
1734949800,44.88,44.96,44.78,44.82
1734951600,44.8,44.88,44.64,44.74
1734953400,44.76,44.8,44.64,44.64
1734955200,44.64,44.82,44.56,44.66
1734957000,44.66,44.78,44.6,44.72
1734958800,44.74,44.78,44.64,44.66
1734960600,44.66,44.72,44.42,44.52
1734962400,44.52,44.56,44.42,44.5
1734964200,44.52,44.68,44,44.28
1734966000,44.28,44.28,44.28,44.28
1735021800,44.24,44.24,44.24,44.24
1735023600,44.22,44.34,44,44.14
1735025400,44.16,44.16,43.74,44.1
1735027200,44.1,44.14,43.78,43.88
1735029000,43.88,44.14,43.82,44.12
1735030800,44.12,44.16,43.92,43.96
1735032600,43.96,43.98,43.72,43.84
1735034400,43.84,43.94,43.66,43.9
1735036200,43.9,44.12,43.86,43.96
1735038000,43.96,44,43.72,43.82
1735039800,43.82,43.82,43.36,43.42
1735041600,43.4,43.52,43.28,43.44
1735043400,43.44,43.54,43.36,43.38
1735045200,43.38,43.48,43.24,43.38
1735047000,43.38,43.48,43.28,43.44
1735048800,43.44,43.52,43.1,43.16
1735050600,43.16,43.48,43.14,43.36
1735052400,43.34,43.38,43.34,43.38
1735108200,43.78,43.78,43.78,43.78
1735110000,43.78,43.94,43.68,43.86
1735111800,43.86,43.9,43.78,43.8
1735113600,43.8,43.84,43.66,43.74
1735115400,43.76,43.92,43.74,43.8
1735117200,43.8,43.82,43.6,43.74
1735119000,43.76,43.88,43.72,43.88
1735120800,43.86,43.88,43.8,43.84
1735122600,43.82,43.86,43.8,43.82
1735124400,43.84,43.88,43.78,43.82
1735126200,43.82,43.84,43.74,43.78
1735128000,43.8,43.8,43.66,43.7
1735129800,43.7,43.78,43.68,43.74
1735131600,43.76,43.84,43.68,43.68
1735133400,43.7,43.78,43.66,43.68
1735135200,43.66,43.78,43.66,43.74
1735137000,43.76,43.84,43.52,43.54
1735138800,43.44,43.44,43.44,43.44
1735194600,43.56,43.56,43.56,43.56
1735196400,43.56,43.66,43.46,43.52
1735198200,43.5,43.6,43.4,43.6
1735200000,43.6,43.66,43.46,43.5
1735201800,43.5,43.52,43.16,43.2
1735203600,43.18,43.34,43.14,43.32
1735205400,43.34,43.48,43.3,43.42
1735207200,43.44,43.5,43.36,43.38
1735209000,43.38,43.44,43.36,43.42
1735210800,43.4,43.6,43.24,43.5
1735212600,43.5,43.56,43.24,43.28
1735214400,43.26,43.44,43.2,43.4
1735216200,43.38,43.44,43.36,43.36
1735218000,43.36,43.38,43.26,43.26
1735219800,43.28,43.32,43.18,43.22
1735221600,43.22,43.28,43.08,43.24
1735223400,43.24,43.48,43.14,43.46
1735225200,43.4,43.4,43.4,43.4
1735281000,43.7,43.7,43.7,43.7
1735282800,43.7,44.56,43.7,44.04
1735284600,44.04,44.08,43.72,43.78
1735286400,43.78,43.98,43.76,43.84
1735288200,43.84,43.98,43.78,43.96
1735290000,43.98,44.04,43.9,43.96
1735291800,43.96,44.04,43.92,44.04
1735293600,44.02,44.1,44,44.06
1735295400,44.04,44.1,44,44.04
1735297200,44.02,44.04,43.94,43.96
1735299000,43.98,43.98,43.92,43.94
1735300800,43.94,43.96,43.72,43.84
1735302600,43.82,43.94,43.76,43.92
1735304400,43.92,43.94,43.82,43.88
1735306200,43.9,43.96,43.86,43.94
1735308000,43.92,44.02,43.86,43.86
1735309800,43.86,43.92,43.68,43.72
1735311600,43.7,43.7,43.7,43.7
1735540200,43.74,43.74,43.74,43.74
1735542000,43.76,43.86,43.62,43.66
1735543800,43.64,43.88,43.58,43.84
1735545600,43.82,44.26,43.82,43.96
1735547400,43.96,44,43.86,43.9
1735549200,43.88,43.94,43.84,43.84
1735551000,43.84,43.86,43.66,43.7
1735552800,43.7,43.86,43.68,43.8
1735554600,43.82,43.82,43.54,43.56
1735556400,43.58,43.62,43.54,43.56
1735558200,43.56,43.62,43.52,43.54
1735560000,43.54,43.6,43.52,43.56
1735561800,43.54,43.56,43.36,43.38
1735563600,43.38,43.48,43.32,43.42
1735565400,43.44,43.46,43.38,43.44
1735567200,43.46,43.56,43.24,43.26
1735569000,43.24,43.26,42.76,42.84
1735570800,42.84,42.84,42.8,42.8
1735626600,42.7,42.7,42.7,42.7
1735628400,42.68,42.68,42.24,42.28
1735630200,42.28,42.28,41.62,41.64
1735632000,41.62,41.74,41.54,41.74
1735633800,41.74,41.74,41.46,41.5
1735635600,41.5,41.84,41.44,41.82
1735637400,41.8,41.92,41.72,41.88
1735639200,41.86,41.96,41.86,41.9
1735641000,41.9,42.28,41.88,42.22
1735642800,42.2,42.54,42.2,42.26
1735644600,42.26,42.4,42.24,42.34
1735646400,42.34,42.44,42.26,42.42
1735648200,42.44,42.46,42.3,42.32
1735650000,42.34,42.38,42.28,42.34
1735651800,42.32,42.36,42.12,42.16
1735653600,42.14,42.16,41.96,41.98
1735655400,41.98,42,41.76,41.9
1735657200,41.52,41.52,41.52,41.52
1735799400,41.76,41.76,41.76,41.76
1735801200,41.74,41.96,41.52,41.82
1735803000,41.84,41.96,41.6,41.6
1735804800,41.6,41.72,41.54,41.56
1735806600,41.54,41.56,41.4,41.5
1735808400,41.48,41.62,41.42,41.58
1735810200,41.56,41.64,41.54,41.56
1735812000,41.56,41.56,41.38,41.46
1735813800,41.46,41.7,41.46,41.6
1735815600,41.58,41.6,41.5,41.5
1735817400,41.5,41.62,41.48,41.6
1735819200,41.6,41.62,41.5,41.6
1735821000,41.6,41.62,41.52,41.58
1735822800,41.58,41.76,41.54,41.66
1735824600,41.66,41.7,41.62,41.66
1735826400,41.66,41.86,41.64,41.72
1735828200,41.72,41.78,41.66,41.66
1735830000,41.68,41.68,41.68,41.68
1735885800,41.76,41.76,41.76,41.76
1735887600,41.76,42.34,41.72,42.18
1735889400,42.2,42.4,42.16,42.24
1735891200,42.26,42.36,42.14,42.14
1735893000,42.16,42.26,42.12,42.16
1735894800,42.16,42.26,42.14,42.2
1735896600,42.2,42.22,42.12,42.16
1735898400,42.14,42.16,42.06,42.12
1735900200,42.14,42.28,42.12,42.22
1735902000,42.24,42.54,42.22,42.4
1735903800,42.42,42.46,42.32,42.4
1735905600,42.38,42.52,42.36,42.52
1735907400,42.52,42.56,42.42,42.44
1735909200,42.42,42.48,42.34,42.48
1735911000,42.48,42.48,42.4,42.42
1735912800,42.42,42.48,42.34,42.42
1735914600,42.42,42.54,42.36,42.52
1735916400,42.52,42.54,42.52,42.54
1736145000,42.62,42.62,42.62,42.62
1736146800,42.64,42.76,42.5,42.6
1736148600,42.62,42.72,42.58,42.64
1736150400,42.64,42.82,42.62,42.74
1736152200,42.72,42.82,42.68,42.72
1736154000,42.74,42.98,42.72,42.82
1736155800,42.82,42.94,42.78,42.84
1736157600,42.84,43,42.82,42.92
1736159400,42.92,42.92,42.78,42.8
1736161200,42.8,42.92,42.74,42.88
1736163000,42.88,42.98,42.76,42.82
1736164800,42.82,42.86,42.74,42.82
1736166600,42.8,42.98,42.78,42.9
1736168400,42.9,42.92,42.8,42.88
1736170200,42.86,42.88,42.62,42.68
1736172000,42.68,42.68,41.52,41.94
1736173800,41.94,42.22,41.86,42.12
1736175600,42.12,42.14,42.12,42.14
1736231400,42.16,42.16,42.16,42.16
1736233200,42.14,42.36,41.94,42.18
1736235000,42.18,42.62,42.12,42.48
1736236800,42.46,42.54,42.28,42.38
1736238600,42.36,42.44,42.3,42.38
1736240400,42.36,42.44,42.22,42.42
1736242200,42.44,42.58,42.3,42.34
1736244000,42.34,42.42,42.22,42.42
1736245800,42.42,42.44,42.36,42.44
1736247600,42.42,42.42,42.22,42.24
1736249400,42.26,42.32,42.16,42.24
1736251200,42.22,42.34,42.22,42.24
1736253000,42.26,42.36,42.22,42.26
1736254800,42.26,42.5,42.24,42.4
1736256600,42.4,42.46,42.3,42.34
1736258400,42.34,42.42,41.96,42.08
1736260200,42.06,42.18,41.86,41.94
1736262000,41.88,41.88,41.88,41.88
1736317800,41.9,41.9,41.9,41.9
1736319600,41.9,41.96,41.64,41.72
1736321400,41.72,41.98,41.66,41.92
1736323200,41.94,42.12,41.86,41.9
1736325000,41.92,42.04,41.76,41.78
1736326800,41.8,41.88,41.72,41.74
1736328600,41.72,41.74,41.62,41.66
1736330400,41.66,41.74,41.64,41.72
1736332200,41.72,41.78,41.66,41.76
1736334000,41.76,41.8,41.66,41.74
1736335800,41.74,41.76,41.54,41.66
1736337600,41.66,41.68,41.48,41.5
1736339400,41.5,41.64,41.46,41.56
1736341200,41.56,41.74,41.56,41.64
1736343000,41.64,41.7,41.46,41.52
1736344800,41.5,41.54,41.4,41.48
1736346600,41.48,41.48,41.24,41.26
1736348400,41.26,41.26,41.26,41.26
1736404200,41.4,41.4,41.4,41.4
1736406000,41.42,41.68,41.18,41.22
1736407800,41.22,41.26,41.06,41.1
1736409600,41.1,41.14,41,41.12
1736411400,41.1,41.12,41,41.04
1736413200,41.04,41.2,41.04,41.18
1736415000,41.16,41.3,41.14,41.22
1736416800,41.22,41.3,41.18,41.28
1736418600,41.28,41.3,41.18,41.22
1736420400,41.2,41.26,41.14,41.24
1736422200,41.26,41.32,41.22,41.26
1736424000,41.28,41.34,41.24,41.28
1736425800,41.26,41.3,41.12,41.18
1736427600,41.18,41.24,41.1,41.16
1736429400,41.16,41.24,41.06,41.18
1736431200,41.2,41.4,41.18,41.24
1736433000,41.24,41.38,41.22,41.26
1736434800,41.3,41.3,41.3,41.3
1736490600,41.34,41.34,41.34,41.34
1736492400,41.34,41.48,41.2,41.4
1736494200,41.38,41.54,41.38,41.46
1736496000,41.46,41.58,41.44,41.44
1736497800,41.44,41.54,41.42,41.48
1736499600,41.5,41.54,41.46,41.52
1736501400,41.52,41.54,41.44,41.46
1736503200,41.44,41.48,41.42,41.42
1736505000,41.44,41.44,41.18,41.22
1736506800,41.2,41.36,41.16,41.3
1736508600,41.32,41.32,41.2,41.22
1736510400,41.24,41.28,41.2,41.22
1736512200,41.2,41.3,41.16,41.26
1736514000,41.26,41.28,41.18,41.24
1736515800,41.24,41.24,40.6,40.7
1736517600,40.68,40.8,40.48,40.58
1736519400,40.58,40.6,40.28,40.36
1736521200,40.28,40.28,40.28,40.28
1736749800,40.26,40.26,40.26,40.26
1736751600,40.28,40.44,40.14,40.36
1736753400,40.36,40.42,40.24,40.3
1736755200,40.3,40.38,40.16,40.18
1736757000,40.18,40.24,40.08,40.16
1736758800,40.14,40.18,40.02,40.1
1736760600,40.12,40.12,40.02,40.06
1736762400,40.04,40.06,39.96,40.02
1736764200,40.02,40.1,40.02,40.06
1736766000,40.06,40.06,39.88,39.96
1736767800,39.98,40.04,39.92,39.98
1736769600,39.98,40.06,39.92,40.04
1736771400,40.04,40.12,39.98,40.08
1736773200,40.08,40.12,39.94,39.98
1736775000,39.98,39.98,39.88,39.94
1736776800,39.94,39.94,39.6,39.64
1736778600,39.64,39.68,39.34,39.38
1736780400,39.36,39.36,39.32,39.32
1736836200,39.5,39.5,39.5,39.5
1736838000,39.5,39.7,39.44,39.54
1736839800,39.56,39.78,39.5,39.68
1736841600,39.68,39.78,39.68,39.72
1736843400,39.72,39.86,39.7,39.78
1736845200,39.8,39.82,39.72,39.82
1736847000,39.82,39.84,39.74,39.78
1736848800,39.8,39.9,39.78,39.82
1736850600,39.82,39.84,39.74,39.76
1736852400,39.76,39.78,39.62,39.62
1736854200,39.62,39.64,39.28,39.32
1736856000,39.32,39.32,39.18,39.3
1736857800,39.3,39.3,39.1,39.18
1736859600,39.18,39.46,39.14,39.24
1736861400,39.26,39.6,39.26,39.38
1736863200,39.38,39.4,39.26,39.38
1736865000,39.38,39.44,39.14,39.16
1736866800,39.18,39.18,39.18,39.18
1736922600,39.22,39.22,39.22,39.22
1736924400,39.24,39.46,39.22,39.4
1736926200,39.4,39.46,39.32,39.36
1736928000,39.36,39.38,39.06,39.12
1736929800,39.1,39.16,39.04,39.12
1736931600,39.12,39.12,38.92,38.94
1736933400,38.94,39.04,38.92,39
1736935200,39,39.04,38.94,39
1736937000,38.98,39.06,38.96,39.04
1736938800,39.04,39.14,39,39.04
1736940600,39.06,39.08,39,39.08
1736942400,39.08,39.18,39.06,39.06
1736944200,39.06,39.08,38.94,39.08
1736946000,39.06,39.08,38.98,39.06
1736947800,39.06,39.36,38.86,38.86
1736949600,38.86,39.02,38.78,38.94
1736951400,38.94,39.22,38.8,39.18
1736953200,39.18,39.18,39.18,39.18
1737009000,39.6,39.6,39.6,39.6
1737010800,39.6,39.76,39.38,39.4
1737012600,39.4,39.44,39.32,39.32
1737014400,39.32,39.38,39.22,39.24
1737016200,39.22,39.26,39.04,39.08
1737018000,39.08,39.12,38.98,39
1737019800,38.98,39.08,38.94,39.04
1737021600,39.04,39.06,38.94,39.06
1737023400,39.04,39.08,38.98,39.06
1737025200,39.04,39.12,39.02,39.08
1737027000,39.08,39.16,39.06,39.06
1737028800,39.06,39.1,39.02,39.08
1737030600,39.08,39.14,39,39
1737032400,39,39.06,39,39.02
1737034200,39.04,39.06,38.84,38.94
1737036000,38.92,39.14,38.9,39.08
1737037800,39.08,39.28,39.06,39.26
1737039600,39.22,39.24,39.22,39.24
1737095400,39.32,39.32,39.32,39.32
1737097200,39.34,39.38,39.12,39.22
1737099000,39.2,39.42,39.2,39.26
1737100800,39.26,39.34,39.26,39.32
1737102600,39.3,39.34,39.2,39.3
1737104400,39.3,39.36,39.26,39.32
1737106200,39.32,39.6,39.3,39.5
1737108000,39.5,39.6,39.5,39.56
1737109800,39.56,39.56,39.42,39.54
1737111600,39.54,39.56,39.46,39.46
1737113400,39.46,39.48,39.42,39.48
1737115200,39.48,39.48,39.38,39.4
1737117000,39.4,39.42,39.28,39.34
1737118800,39.32,39.48,39.32,39.46
1737120600,39.48,39.84,39.44,39.76
1737122400,39.74,39.84,39.62,39.82
1737124200,39.8,39.82,39.66,39.66
1737126000,39.72,39.72,39.72,39.72
1737354600,39.92,39.92,39.92,39.92
1737356400,39.9,39.96,39.72,39.74
1737358200,39.74,39.82,39.66,39.76
1737360000,39.74,39.82,39.72,39.82
1737361800,39.82,39.86,39.74,39.8
1737363600,39.8,39.84,39.74,39.74
1737365400,39.74,39.78,39.72,39.74
1737367200,39.76,39.76,39.3,39.3
1737369000,39.3,39.38,39.12,39.36
1737370800,39.34,39.42,39.32,39.34
1737372600,39.34,39.36,39.2,39.22
1737374400,39.22,39.3,39.14,39.16
1737376200,39.14,39.18,39.12,39.14
1737378000,39.14,39.32,39.12,39.26
1737379800,39.3,39.42,39.26,39.36
1737381600,39.34,39.38,39.32,39.34
1737383400,39.34,39.4,39.34,39.4
1737385200,39.42,39.42,39.42,39.42
1737441000,39.34,39.34,39.34,39.34
1737442800,39.32,39.38,39.16,39.26
1737444600,39.24,39.4,39.2,39.36
1737446400,39.36,39.44,39.26,39.3
1737448200,39.3,39.3,39.16,39.2
1737450000,39.2,39.22,39.14,39.16
1737451800,39.14,39.2,39.14,39.16
1737453600,39.16,39.16,39.04,39.1
1737455400,39.1,39.2,39.08,39.16
1737457200,39.16,39.22,39.14,39.14
1737459000,39.16,39.16,39.08,39.1
1737460800,39.12,39.12,38.98,39.02
1737462600,39.02,39.08,38.98,39.04
1737464400,39.04,39.1,39,39.06
1737466200,39.08,39.2,39.04,39.1
1737468000,39.1,39.1,38.92,39
1737469800,39,39.02,38.9,38.96
1737471600,38.96,38.96,38.94,38.94
1737527400,38.96,38.96,38.96,38.96
1737529200,38.94,39.12,38.8,38.9
1737531000,38.88,38.98,38.84,38.84
1737532800,38.84,38.86,38.72,38.82
1737534600,38.82,38.9,38.78,38.82
1737536400,38.82,38.88,38.8,38.88
1737538200,38.88,38.9,38.82,38.84
1737540000,38.84,38.88,38.82,38.88
1737541800,38.88,38.88,38.84,38.88
1737543600,38.88,38.88,38.82,38.86
1737545400,38.86,39.08,38.84,39.08
1737547200,39.08,39.1,38.9,38.92
1737549000,38.92,39,38.9,38.96
1737550800,38.94,39.02,38.92,38.98
1737552600,39,39.04,38.94,39.02
1737554400,39,39.04,38.94,38.98
1737556200,38.98,39.16,38.98,39.1
1737558000,39.04,39.04,39.04,39.04
1737613800,39.14,39.14,39.14,39.14
1737615600,39.14,39.3,39.14,39.2
1737617400,39.2,39.24,39.12,39.14
1737619200,39.14,39.24,39.06,39.22
1737621000,39.22,39.36,39.22,39.3
1737622800,39.28,39.4,39.24,39.4
1737624600,39.4,39.54,39.36,39.48
1737626400,39.5,39.6,39.46,39.58
1737628200,39.58,39.6,39.44,39.5
1737630000,39.5,39.52,39.38,39.48
1737631800,39.46,39.48,39.32,39.34
1737633600,39.34,39.42,39.24,39.38
1737635400,39.4,39.42,39.32,39.34
1737637200,39.34,39.38,39.16,39.22
1737639000,39.22,39.32,39.2,39.26
1737640800,39.26,39.3,39.12,39.18
1737642600,39.2,39.24,39.12,39.22
1737644400,39.16,39.16,39.16,39.16
1737700200,39.18,39.18,39.18,39.18
1737702000,39.2,39.32,39.12,39.22
1737703800,39.24,39.24,39.02,39.02
1737705600,39.02,39.12,38.98,39.1
1737707400,39.1,39.18,39.08,39.14
1737709200,39.14,39.18,39.1,39.18
1737711000,39.2,39.24,39.14,39.18
1737712800,39.18,39.24,39.12,39.22
1737714600,39.2,39.26,39.18,39.26
1737716400,39.24,39.3,39.2,39.22
1737718200,39.22,39.26,39.18,39.2
1737720000,39.2,39.22,39.14,39.16
1737721800,39.16,39.18,39.1,39.1
1737723600,39.12,39.18,39.1,39.14
1737725400,39.16,39.18,39.1,39.12
1737727200,39.14,39.38,39.08,39.36
1737729000,39.34,39.5,39.26,39.28
1737730800,39.36,39.36,39.36,39.36
1737959400,39.16,39.16,39.16,39.16
1737961200,39.16,39.2,38.8,38.98
1737963000,38.98,39.12,38.86,38.88
1737964800,38.88,38.98,38.86,38.98
1737966600,38.96,39,38.9,38.92
1737968400,38.92,38.92,38.72,38.74
1737970200,38.72,38.78,38.68,38.76
1737972000,38.76,38.76,38.66,38.7
1737973800,38.7,38.76,38.68,38.74
1737975600,38.74,38.76,38.62,38.66
1737977400,38.66,38.74,38.62,38.62
1737979200,38.64,38.66,38.56,38.6
1737981000,38.6,38.64,38.54,38.62
1737982800,38.62,38.66,38.54,38.56
1737984600,38.54,38.56,38.42,38.52
1737986400,38.5,38.54,38.46,38.46
1737988200,38.48,38.58,38.44,38.46
1737990000,38.46,38.46,38.46,38.46
1738045800,38.52,38.52,38.52,38.52
1738047600,38.52,38.66,38.2,38.34
1738049400,38.34,38.52,38.28,38.5
1738051200,38.48,38.82,38.44,38.78
1738053000,38.76,38.94,38.72,38.92
1738054800,38.92,39.1,38.9,39.08
1738056600,39.06,39.24,39.02,39.12
1738058400,39.12,39.42,39.1,39.4
1738060200,39.4,39.5,39.28,39.3
1738062000,39.3,39.42,39.24,39.38
1738063800,39.38,39.5,39.36,39.48
1738065600,39.5,39.56,39.4,39.42
1738067400,39.42,39.62,39.34,39.56
1738069200,39.56,39.84,39.5,39.8
1738071000,39.8,40,39.74,39.96
1738072800,39.96,40.02,39.86,39.94
1738074600,39.94,40.12,39.76,39.78
1738076400,39.78,39.8,39.78,39.8
1738132200,39.7,39.7,39.7,39.7
1738134000,39.7,39.76,39.34,39.36
1738135800,39.38,39.38,38.9,38.92
1738137600,38.92,39.08,38.88,39.06
1738139400,39.06,39.14,38.86,38.9
1738141200,38.9,39.04,38.9,39.02
1738143000,39.02,39.36,39,39.28
1738144800,39.28,39.36,39.18,39.24
1738146600,39.24,39.34,39.06,39.18
1738148400,39.18,39.2,39.1,39.16
1738150200,39.14,39.16,39.06,39.1
1738152000,39.1,39.12,38.98,38.98
1738153800,39,39.06,38.96,39
1738155600,38.98,39.1,38.98,39.06
1738157400,39.04,39.36,39.04,39.22
1738159200,39.24,39.26,39.14,39.22
1738161000,39.2,39.22,38.92,38.96
1738162800,38.86,38.86,38.86,38.86
1738218600,38.82,38.82,38.82,38.82
1738220400,38.82,38.98,38.78,38.82
1738222200,38.82,38.96,38.76,38.86
1738224000,38.86,39.16,38.82,38.92
1738225800,38.92,38.94,38.84,38.92
1738227600,38.94,38.94,38.86,38.94
1738229400,38.92,38.96,38.86,38.9
1738231200,38.9,38.94,38.82,38.92
1738233000,38.92,38.98,38.9,38.92
1738234800,38.9,38.92,38.86,38.88
1738236600,38.88,38.88,38.8,38.82
1738238400,38.82,38.9,38.78,38.88
1738240200,38.88,38.9,38.74,38.74
1738242000,38.76,38.82,38.7,38.76
1738243800,38.76,38.8,38.74,38.78
1738245600,38.76,38.78,38.62,38.68
1738247400,38.68,38.7,38.54,38.54
1738249200,38.5,38.5,38.5,38.5
1738305000,38.58,38.58,38.58,38.58
1738306800,38.58,38.72,38.52,38.56
1738308600,38.58,38.68,38.54,38.62
1738310400,38.64,38.68,38.5,38.54
1738312200,38.54,38.58,38.5,38.5
1738314000,38.52,38.54,38.42,38.44
1738315800,38.44,38.48,38.3,38.32
1738317600,38.32,38.42,38.28,38.38
1738319400,38.38,38.4,38.28,38.3
1738321200,38.28,38.36,38.28,38.34
1738323000,38.32,38.38,38.3,38.38
1738324800,38.38,38.38,38.18,38.2
1738326600,38.18,38.26,38.12,38.14
1738328400,38.16,38.2,38.12,38.16
1738330200,38.18,38.32,38.1,38.28
1738332000,38.28,38.32,38.18,38.22
1738333800,38.24,38.24,38.14,38.16
1738335600,38.02,38.02,38.02,38.02
1738564200,37.58,37.58,37.58,37.58
1738566000,37.56,37.68,37.22,37.34
1738567800,37.34,37.4,37.28,37.34
1738569600,37.32,37.42,37.3,37.38
1738571400,37.38,37.38,37.28,37.3
1738573200,37.28,37.32,37.2,37.3
1738575000,37.3,37.32,37.24,37.28
1738576800,37.28,37.32,37.26,37.32
1738578600,37.32,37.34,37.26,37.28
1738580400,37.3,37.3,37.24,37.28
1738582200,37.28,37.3,37.22,37.26
1738584000,37.26,37.3,37.24,37.28
1738585800,37.3,37.32,37.24,37.28
1738587600,37.26,37.28,37.14,37.16
1738589400,37.16,37.18,37.04,37.06
1738591200,37.08,37.08,36.86,36.92
1738593000,36.92,37.06,36.86,36.88
1738594800,36.92,36.92,36.92,36.92
1738650600,37.04,37.04,37.04,37.04
1738652400,37.04,37.12,37,37.06
1738654200,37.06,37.12,37.02,37.04
1738656000,37.06,37.08,36.86,36.94
1738657800,36.94,36.98,36.86,36.94
1738659600,36.94,36.98,36.9,36.94
1738661400,36.92,37,36.9,36.92
1738663200,36.92,36.96,36.9,36.92
1738665000,36.92,36.94,36.9,36.94
1738666800,36.92,36.96,36.9,36.94
1738668600,36.96,36.96,36.72,36.74
1738670400,36.72,36.96,36.72,36.96
1738672200,36.94,37.2,36.94,37.12
1738674000,37.12,37.3,37.08,37.24
1738675800,37.24,37.26,37.12,37.14
1738677600,37.12,37.24,37.12,37.16
1738679400,37.18,37.18,36.86,36.96
1738681200,36.9,36.9,36.9,36.9
1738737000,37,37,37,37
1738738800,37.02,37.08,36.9,36.96
1738740600,36.98,37,36.78,36.84
1738742400,36.86,36.92,36.82,36.88
1738744200,36.9,36.92,36.84,36.9
1738746000,36.92,36.92,36.82,36.9
1738747800,36.9,36.96,36.82,36.84
1738749600,36.84,36.96,36.8,36.94
1738751400,36.94,37.08,36.92,37
1738753200,37,37.06,36.94,36.94
1738755000,36.94,37.02,36.92,36.98
1738756800,37,37.3,36.96,37.26
1738758600,37.26,37.3,37.04,37.06
1738760400,37.08,37.12,36.58,36.62
1738762200,36.62,36.8,36.42,36.68
1738764000,36.68,36.72,36.5,36.62
1738765800,36.62,36.88,36.56,36.78
1738767600,36.74,36.74,36.74,36.74
1738823400,36.9,36.9,36.9,36.9
1738825200,36.92,37.28,36.92,37.06
1738827000,37.06,37.1,36.96,37.06
1738828800,37.08,37.2,37.02,37.18
1738830600,37.2,37.34,37.1,37.32
1738832400,37.32,37.54,37.32,37.36
1738834200,37.36,37.4,37.26,37.32
1738836000,37.3,37.44,37.26,37.44
1738837800,37.42,37.42,37.3,37.34
1738839600,37.32,37.5,37.3,37.48
1738841400,37.48,37.5,37.3,37.38
1738843200,37.36,37.46,37.32,37.36
1738845000,37.34,37.34,37.24,37.3
1738846800,37.32,37.36,37.18,37.26
1738848600,37.24,37.32,37.22,37.28
1738850400,37.28,37.44,37.26,37.34
1738852200,37.34,37.4,37.26,37.34
1738854000,37.36,37.36,37.36,37.36
1738909800,37.28,37.28,37.28,37.28
1738911600,37.28,37.46,37.2,37.36
1738913400,37.38,37.72,37.3,37.72
1738915200,37.7,37.76,37.56,37.58
1738917000,37.58,37.86,37.56,37.74
1738918800,37.74,37.78,37.7,37.74
1738920600,37.76,37.78,37.72,37.74
1738922400,37.76,37.8,37.68,37.72
1738924200,37.72,37.74,37.6,37.68
1738926000,37.68,37.76,37.58,37.7
1738927800,37.72,37.76,37.7,37.72
1738929600,37.72,37.8,37.68,37.78
1738931400,37.78,37.78,37.62,37.66
1738933200,37.66,37.72,37.58,37.66
1738935000,37.66,37.88,37.6,37.84
1738936800,37.84,37.94,37.74,37.88
1738938600,37.88,37.92,37.82,37.84
1738940400,37.84,37.84,37.84,37.84
1739169000,37.84,37.84,37.84,37.84
1739170800,37.86,38.14,37.84,37.94
1739172600,37.94,37.96,37.68,37.7
1739174400,37.68,37.78,37.66,37.68
1739176200,37.66,37.68,37.56,37.6
1739178000,37.6,37.7,37.58,37.66
1739179800,37.66,37.7,37.62,37.64
1739181600,37.64,37.64,37.52,37.6
1739183400,37.58,37.62,37.5,37.58
1739185200,37.58,37.6,37.5,37.52
1739187000,37.52,37.56,37.46,37.54
1739188800,37.54,37.54,37.42,37.46
1739190600,37.46,37.54,37.42,37.52
1739192400,37.52,37.54,37.42,37.48
1739194200,37.48,37.48,37.42,37.46
1739196000,37.44,37.5,37.44,37.46
1739197800,37.48,37.48,37.28,37.34
1739199600,37.38,37.38,37.38,37.38
1739255400,37.34,37.34,37.34,37.34
1739257200,37.34,37.42,37.18,37.2
1739259000,37.2,37.38,37.18,37.28
1739260800,37.28,37.3,37,37.08
1739262600,37.06,37.1,36.98,37.1
1739264400,37.1,37.14,37.04,37.08
1739266200,37.08,37.12,36.92,36.94
1739268000,36.94,37,36.9,36.98
1739269800,37,37,36.92,36.98
1739271600,36.98,37,36.88,36.98
1739273400,36.98,37.1,36.96,37.06
1739275200,37.06,37.1,37,37.06
1739277000,37.08,37.14,37.06,37.14
1739278800,37.14,37.16,37.06,37.1
1739280600,37.08,37.16,37,37
1739282400,37.02,37.08,37,37.02
1739284200,37.02,37.12,36.96,37.08
1739286000,37.12,37.12,37.12,37.12
1739341800,37.16,37.16,37.16,37.16
1739343600,37.18,37.34,37.04,37.12
1739345400,37.1,37.12,36.98,37
1739347200,36.98,37.06,36.94,37.02
1739349000,37.02,37.04,36.98,37
1739350800,37,37.04,36.96,36.98
1739352600,36.98,37,36.92,36.96
1739354400,36.98,37,36.9,37
1739356200,36.98,37.02,36.86,36.9
1739358000,36.9,36.9,36.8,36.88
1739359800,36.86,36.96,36.86,36.96
1739361600,36.96,37.06,36.94,37.02
1739363400,37.02,37.04,36.94,36.98
1739365200,36.98,37.02,36.88,36.94
1739367000,36.92,36.94,36.74,36.9
1739368800,36.88,36.98,36.84,36.9
1739370600,36.9,36.94,36.8,36.88
1739372400,36.74,36.74,36.74,36.74
1739428200,37.1,37.1,37.1,37.1
1739430000,37.12,37.4,37.1,37.34
1739431800,37.36,37.52,37.32,37.48
1739433600,37.48,37.64,37.46,37.62
1739435400,37.62,37.82,37.62,37.7
1739437200,37.72,37.72,37.54,37.64
1739439000,37.64,37.7,37.6,37.64
1739440800,37.64,37.68,37.58,37.6
1739442600,37.6,37.72,37.6,37.62
1739444400,37.62,37.64,37.52,37.56
1739446200,37.56,37.62,37.48,37.5
1739448000,37.48,37.56,37.4,37.48
1739449800,37.48,37.5,37.36,37.42
1739451600,37.44,37.48,37.36,37.38
1739453400,37.38,37.4,37.3,37.36
1739455200,37.34,37.44,37.32,37.32
1739457000,37.32,37.48,37.28,37.32
1739458800,37.32,37.32,37.32,37.32
1739514600,37.46,37.46,37.46,37.46
1739516400,37.46,37.76,37.44,37.68
1739518200,37.68,37.72,37.58,37.58
1739520000,37.58,37.62,37.46,37.52
1739521800,37.54,37.64,37.52,37.6
1739523600,37.6,37.78,37.6,37.76
1739525400,37.76,37.86,37.7,37.78
1739527200,37.78,38,37.76,37.98
1739529000,37.98,38.08,37.9,37.9
1739530800,37.9,38.02,37.88,37.88
1739532600,37.9,37.92,37.58,37.64
1739534400,37.66,37.72,37.52,37.58
1739536200,37.58,37.64,37.5,37.54
1739538000,37.56,37.64,37.54,37.56
1739539800,37.58,37.64,37.52,37.6
1739541600,37.6,37.74,37.54,37.66
1739543400,37.66,37.7,37.54,37.54
1739545200,37.54,37.54,37.54,37.54
1739773800,37.54,37.54,37.54,37.54
1739775600,37.52,37.6,37.38,37.52
1739777400,37.52,37.78,37.48,37.58
1739779200,37.58,37.58,37.38,37.48
1739781000,37.46,37.56,37.44,37.54
1739782800,37.54,37.56,37.36,37.4
1739784600,37.38,37.46,37.36,37.46
1739786400,37.44,37.5,37.4,37.44
1739788200,37.44,37.48,37.4,37.44
1739790000,37.46,37.46,37.38,37.4
1739791800,37.4,37.44,37.32,37.34
1739793600,37.34,37.42,37.32,37.38
1739795400,37.38,37.42,37.34,37.4
1739797200,37.4,37.42,37.34,37.4
1739799000,37.38,37.44,37.3,37.36
1739800800,37.36,37.38,37.24,37.28
1739802600,37.28,37.34,37.22,37.24
1739804400,37.26,37.26,37.26,37.26
1739860200,37.26,37.26,37.26,37.26
1739862000,37.26,37.36,37.1,37.24
1739863800,37.24,37.38,37.2,37.22
1739865600,37.22,37.24,37.08,37.14
1739867400,37.14,37.2,37.12,37.18
1739869200,37.18,37.22,37.12,37.14
1739871000,37.16,37.18,37.04,37.04
1739872800,37.04,37.1,37.02,37.04
1739874600,37.04,37.1,37.02,37.1
1739876400,37.1,37.1,37,37.04
1739878200,37.04,37.08,37,37.08
1739880000,37.06,37.1,37.02,37.04
1739881800,37.04,37.08,37,37
1739883600,37,37.06,36.98,37.02
1739885400,37.02,37.3,37,37.3
1739887200,37.3,37.44,37.2,37.24
1739889000,37.26,37.28,37.1,37.12
1739890800,37.12,37.14,37.12,37.14
1739946600,37.14,37.14,37.14,37.14
1739948400,37.14,37.52,37.12,37.26
1739950200,37.24,37.26,37.08,37.2
1739952000,37.2,37.22,37.06,37.08
1739953800,37.06,37.12,36.98,37.02
1739955600,37.02,37.06,37,37.04
1739957400,37.04,37.08,37,37.04
1739959200,37.04,37.06,36.96,37.06
1739961000,37.04,37.06,36.98,37
1739962800,37,37.02,36.92,36.94
1739964600,36.96,37.02,36.9,36.92
1739966400,36.92,36.98,36.92,36.96
1739968200,36.96,36.98,36.9,36.9
1739970000,36.9,36.94,36.74,36.78
1739971800,36.78,36.78,36.52,36.66
1739973600,36.66,36.74,36.6,36.64
1739975400,36.64,36.64,36.36,36.38
1739977200,36.4,36.42,36.4,36.42
1740033000,36.54,36.54,36.54,36.54
1740034800,36.56,36.84,36.54,36.7
1740036600,36.68,36.78,36.62,36.7
1740038400,36.7,36.7,36.54,36.68
1740040200,36.68,36.68,36.6,36.68
1740042000,36.66,36.68,36.6,36.66
1740043800,36.66,36.68,36.6,36.62
1740045600,36.6,36.68,36.56,36.64
1740047400,36.64,36.68,36.6,36.68
1740049200,36.68,36.72,36.64,36.68
1740051000,36.68,36.68,36.6,36.62
1740052800,36.62,36.7,36.62,36.66
1740054600,36.66,36.7,36.64,36.66
1740056400,36.66,36.76,36.6,36.66
1740058200,36.66,36.7,36.56,36.58
1740060000,36.6,36.68,36.58,36.64
1740061800,36.66,36.68,36.48,36.52
1740063600,36.5,36.5,36.5,36.5
1740119400,36.58,36.58,36.58,36.58
1740121200,36.56,36.68,36.5,36.64
1740123000,36.64,36.76,36.62,36.68
1740124800,36.68,36.7,36.52,36.58
1740126600,36.58,36.64,36.52,36.54
1740128400,36.56,36.58,36.52,36.56
1740130200,36.56,36.64,36.54,36.58
1740132000,36.58,36.64,36.56,36.6
1740133800,36.6,36.64,36.52,36.54
1740135600,36.56,36.56,36.38,36.42
1740137400,36.42,36.52,36.4,36.5
1740139200,36.48,36.58,36.46,36.5
1740141000,36.5,36.5,36.38,36.42
1740142800,36.42,36.44,36.14,36.2
1740144600,36.22,36.24,36.04,36.06
1740146400,36.04,36.16,35.82,35.84
1740148200,35.84,35.94,35.5,35.88
1740150000,36.02,36.02,36.02,36.02
1740378600,36.4,36.4,36.4,36.4
1740380400,36.4,36.5,36.16,36.48
1740382200,36.48,36.52,36.32,36.36
1740384000,36.36,36.42,36.24,36.3
1740385800,36.3,36.34,36.26,36.32
1740387600,36.34,36.58,36.32,36.46
1740389400,36.46,36.5,36.38,36.48
1740391200,36.48,36.52,36.44,36.5
1740393000,36.52,36.54,36.4,36.5
1740394800,36.5,36.58,36.46,36.56
1740396600,36.54,36.7,36.52,36.68
1740398400,36.68,36.78,36.64,36.68
1740400200,36.68,36.7,36.54,36.56
1740402000,36.56,36.6,36.48,36.56
1740403800,36.56,36.56,36.44,36.52
1740405600,36.52,36.54,36.32,36.4
1740407400,36.4,36.42,35.94,36.12
1740409200,36.1,36.1,36.1,36.1
1740465000,36.14,36.14,36.14,36.14
1740466800,36.14,36.2,36,36.1
1740468600,36.1,36.16,36,36.02
1740470400,36.02,36.1,36,36.06
1740472200,36.08,36.16,36.02,36.04
1740474000,36.04,36.06,35.86,35.86
1740475800,35.84,35.88,35.78,35.82
1740477600,35.8,35.9,35.8,35.84
1740479400,35.86,35.94,35.78,35.94
1740481200,35.94,35.96,35.86,35.86
1740483000,35.88,35.92,35.82,35.9
1740484800,35.92,36.02,35.88,36
1740486600,36,36.1,35.94,35.98
1740488400,35.96,36.02,35.88,35.9
1740490200,35.9,35.96,35.82,35.9
1740492000,35.9,35.94,35.76,35.92
1740493800,35.92,35.94,35.7,35.8
1740495600,35.78,35.78,35.76,35.76
1740551400,35.78,35.78,35.78,35.78
1740553200,35.78,35.88,35.72,35.76
1740555000,35.78,35.78,35.66,35.7
1740556800,35.7,35.76,35.66,35.74
1740558600,35.74,35.82,35.72,35.8
1740560400,35.8,35.8,35.68,35.78
1740562200,35.78,35.8,35.72,35.8
1740564000,35.8,35.82,35.6,35.66
1740565800,35.66,35.72,35.64,35.68
1740567600,35.66,35.7,35.62,35.68
1740569400,35.68,35.86,35.62,35.78
1740571200,35.8,36.14,35.78,36.02
1740573000,36,36.02,35.88,35.88
1740574800,35.9,36.08,35.88,36.06
1740576600,36.08,36.18,36,36.1
1740578400,36.1,36.2,35.96,36.04
1740580200,36.04,36.1,35.96,36.02
1740582000,36,36,36,36
1740637800,36.26,36.26,36.26,36.26
1740639600,36.24,36.34,36.06,36.08
1740641400,36.08,36.14,35.98,36
1740643200,35.98,36.04,35.74,35.94
1740645000,35.96,36.16,35.96,36.14
1740646800,36.14,36.22,36.08,36.18
1740648600,36.18,36.56,36.16,36.56
1740650400,36.56,36.8,36.54,36.7
1740652200,36.72,36.76,36.58,36.7
1740654000,36.7,36.8,36.64,36.74
1740655800,36.76,36.76,36.64,36.66
1740657600,36.66,36.74,36.6,36.72
1740659400,36.72,36.82,36.68,36.78
1740661200,36.78,36.8,36.66,36.68
1740663000,36.68,36.72,36.56,36.64
1740664800,36.64,36.76,36.38,36.4
1740666600,36.4,36.6,36.36,36.54
1740668400,36.54,36.54,36.54,36.54
1740724200,35.78,35.78,35.78,35.78
1740726000,35.76,35.88,35.52,35.66
1740727800,35.68,35.7,35.54,35.58
1740729600,35.58,35.62,35.52,35.56
1740731400,35.56,35.58,35.52,35.58
1740733200,35.58,35.58,35.5,35.54
1740735000,35.56,35.56,35.44,35.46
1740736800,35.44,35.48,35.4,35.46
1740738600,35.48,35.54,35.44,35.48
1740740400,35.48,35.54,35.42,35.52
1740742200,35.52,35.54,35.46,35.48
1740744000,35.48,35.52,35.44,35.5
1740745800,35.5,35.54,35.44,35.46
1740747600,35.46,35.48,35.4,35.42
1740749400,35.42,35.5,35.42,35.5
1740751200,35.5,35.52,35.4,35.42
1740753000,35.4,35.44,35.36,35.36
1740754800,35.46,35.46,35.46,35.46
1740983400,35.62,35.62,35.62,35.62
1740985200,35.64,35.9,35.64,35.7
1740987000,35.7,35.78,35.64,35.64
1740988800,35.64,35.66,35.58,35.64
1740990600,35.62,35.76,35.6,35.72
1740992400,35.74,35.78,35.64,35.76
1740994200,35.74,36.1,35.72,36.06
1740996000,36.06,36.14,35.88,35.92
1740997800,35.92,35.94,35.84,35.86
1740999600,35.88,35.88,35.8,35.86
1741001400,35.86,35.86,35.8,35.86
1741003200,35.86,35.88,35.72,35.74
1741005000,35.74,35.78,35.68,35.76
1741006800,35.76,35.8,35.66,35.7
1741008600,35.7,35.7,35.62,35.64
1741010400,35.66,35.7,35.58,35.64
1741012200,35.64,35.64,35.5,35.54
1741014000,35.52,35.52,35.52,35.52
1741069800,35.58,35.58,35.58,35.58
1741071600,35.58,35.72,35.44,35.54
1741073400,35.54,35.74,35.54,35.58
1741075200,35.58,35.58,35.46,35.5
1741077000,35.5,35.54,35.46,35.52
1741078800,35.52,35.54,35.48,35.54
1741080600,35.54,35.56,35.48,35.48
1741082400,35.48,35.56,35.46,35.54
1741084200,35.52,35.6,35.5,35.54
1741086000,35.54,35.56,35.48,35.52
1741087800,35.54,35.54,35.44,35.5
1741089600,35.5,35.54,35.46,35.48
1741091400,35.46,35.5,35.42,35.44
1741093200,35.42,35.46,35.4,35.44
1741095000,35.44,35.48,35.4,35.42
1741096800,35.42,35.46,35.4,35.4
1741098600,35.42,35.44,35.3,35.34
1741100400,35.3,35.3,35.3,35.3
1741156200,35.58,35.58,35.58,35.58
1741158000,35.58,35.78,35.58,35.58
1741159800,35.58,35.66,35.54,35.6
1741161600,35.6,35.7,35.56,35.62
1741163400,35.64,35.66,35.6,35.66
1741165200,35.66,35.86,35.62,35.84
1741167000,35.82,36.06,35.82,35.98
1741168800,35.98,36.12,35.96,36.06
1741170600,36.04,36.34,35.98,36.26
1741172400,36.24,36.34,36.2,36.3
1741174200,36.3,36.36,36.24,36.36
1741176000,36.38,36.5,36.3,36.4
1741177800,36.38,36.7,36.36,36.6
1741179600,36.62,36.62,36.48,36.58
1741181400,36.56,36.74,36.56,36.74
1741183200,36.74,36.74,36.46,36.46
1741185000,36.46,36.6,36.42,36.6
1741186800,36.6,36.6,36.6,36.6
1741242600,36.88,36.88,36.88,36.88
1741244400,36.9,37.22,36.8,37.16
1741246200,37.16,37.2,37,37.04
1741248000,37.04,37.62,37.02,37.56
1741249800,37.58,37.58,37.18,37.24
1741251600,37.24,37.4,37.2,37.38
1741253400,37.38,37.56,37.36,37.5
1741255200,37.48,37.84,37.48,37.74
1741257000,37.72,38,37.72,37.92
1741258800,37.9,38.36,37.6,38.18
1741260600,38.18,38.46,38.1,38.44
1741262400,38.44,38.54,38.2,38.4
1741264200,38.4,38.4,38.22,38.28
1741266000,38.26,38.48,38.24,38.42
1741267800,38.4,38.5,38.34,38.48
1741269600,38.48,39.4,38.46,39.1
1741271400,39.1,39.26,38.94,39.18
1741273200,39.22,39.22,39.22,39.22
1741329000,39.16,39.16,39.16,39.16
1741330800,39.16,39.24,38.9,39.16
1741332600,39.16,39.68,39.1,39.62
1741334400,39.6,39.72,39.3,39.34
1741336200,39.34,39.34,39.1,39.24
1741338000,39.24,39.34,39.24,39.24
1741339800,39.24,39.26,39.12,39.12
1741341600,39.12,39.2,39.04,39.06
1741343400,39.06,39.34,39.04,39.18
1741345200,39.2,39.22,39,39.06
1741347000,39.06,39.14,38.96,39
1741348800,39,39.04,38.9,38.94
1741350600,38.94,39,38.88,38.96
1741352400,38.96,39.04,38.86,38.98
1741354200,38.96,39.32,38.94,39.02
1741356000,39,39.08,38.94,39
1741357800,39.02,39.3,39,39.2
1741359600,39.26,39.26,39.26,39.26
1741588200,39.5,39.5,39.5,39.5
1741590000,39.5,39.82,39.4,39.68
1741591800,39.68,39.72,39.52,39.7
1741593600,39.68,39.7,39.3,39.34
1741595400,39.32,39.34,38.96,38.96
1741597200,38.96,39,38.86,38.98
1741599000,38.96,39.12,38.96,39.06
1741600800,39.06,39.08,38.98,39.04
1741602600,39.04,39.1,38.96,39.06
1741604400,39.04,39.08,39.02,39.04
1741606200,39.04,39.18,39,39.06
1741608000,39.04,39.34,39.04,39.12
1741609800,39.12,39.22,39.06,39.2
1741611600,39.2,39.24,39.04,39.12
1741613400,39.1,39.32,39.08,39.3
1741615200,39.3,39.3,39.04,39.1
1741617000,39.1,39.26,38.96,39.14
1741618800,39.3,39.3,39.3,39.3
1741674600,39.2,39.2,39.2,39.2
1741676400,39.18,39.38,38.86,39.26
1741678200,39.28,39.32,39.14,39.28
1741680000,39.28,39.6,39.28,39.58
1741681800,39.6,39.92,39.58,39.9
1741683600,39.88,40.24,39.88,40.22
1741685400,40.22,40.56,40.18,40.22
1741687200,40.22,40.42,40.16,40.3
1741689000,40.3,40.34,40.1,40.14
1741690800,40.12,40.18,40,40.14
1741692600,40.12,40.32,40.12,40.26
1741694400,40.24,40.28,40.16,40.22
1741696200,40.2,40.2,39.7,39.78
1741698000,39.78,39.92,39.66,39.76
1741699800,39.76,40.16,39.74,40
1741701600,40.02,40.1,39.82,39.84
1741703400,39.82,39.92,39.72,39.8
1741705200,39.68,39.68,39.68,39.68
1741761000,40,40,40,40
1741762800,40,40.14,39.74,39.84
1741764600,39.84,39.98,39.78,39.78
1741766400,39.78,40.24,39.74,40.12
1741768200,40.12,40.44,40.1,40.42
1741770000,40.44,40.46,40.28,40.4
1741771800,40.42,40.62,40.4,40.58
1741773600,40.58,40.8,40.5,40.76
1741775400,40.76,40.84,40.68,40.68
1741777200,40.68,40.7,40.56,40.64
1741779000,40.64,40.64,40.4,40.42
1741780800,40.44,40.52,40.42,40.48
1741782600,40.48,40.6,40.42,40.44
1741784400,40.44,40.52,40.42,40.44
1741786200,40.42,40.54,40.36,40.44
1741788000,40.46,40.48,40.34,40.38
1741789800,40.4,40.48,40.38,40.44
1741791600,40.44,40.44,40.44,40.44
1741847400,40.66,40.66,40.66,40.66
1741849200,40.68,40.84,40.5,40.6
1741851000,40.62,40.68,40.54,40.6
1741852800,40.58,40.72,40.58,40.68
1741854600,40.66,40.68,40.54,40.58
1741856400,40.56,40.58,40.48,40.52
1741858200,40.52,40.62,40.5,40.52
1741860000,40.5,40.52,40.32,40.46
1741861800,40.46,40.48,40.3,40.36
1741863600,40.38,40.42,40.34,40.38
1741865400,40.38,40.42,40.26,40.32
1741867200,40.32,40.32,40.06,40.08
1741869000,40.08,40.1,39.86,39.96
1741870800,39.98,40.06,39.9,39.98
1741872600,39.98,40,39.82,39.9
1741874400,39.88,40.04,39.8,39.98
1741876200,39.96,40.12,39.9,40.08
1741878000,40.08,40.1,40.08,40.1
1741933800,40.18,40.18,40.18,40.18
1741935600,40.18,40.3,40,40.06
1741937400,40.04,40.22,40.04,40.1
1741939200,40.1,40.2,40.06,40.18
1741941000,40.2,40.38,40.16,40.38
1741942800,40.36,40.46,40.26,40.34
1741944600,40.32,40.36,40.28,40.34
1741946400,40.34,40.36,40.3,40.32
1741948200,40.32,40.44,40.24,40.36
1741950000,40.34,40.44,40.32,40.38
1741951800,40.38,40.54,40.36,40.5
1741953600,40.5,40.64,40.42,40.64
1741955400,40.64,40.64,40.42,40.46
1741957200,40.46,40.64,40.42,40.6
1741959000,40.6,40.78,40.54,40.56
1741960800,40.54,40.68,40.48,40.58
1741962600,40.58,40.68,40.54,40.58
1741964400,40.7,40.7,40.7,40.7
1742193000,40.78,40.78,40.78,40.78
1742194800,40.78,40.94,40.64,40.9
1742196600,40.9,40.9,40.68,40.7
1742198400,40.68,40.84,40.48,40.82
1742200200,40.82,41.08,40.82,41
1742202000,41,41.04,40.94,41
1742203800,41,41.16,40.98,41
1742205600,41,41.08,40.94,40.96
1742207400,40.96,40.96,40.8,40.88
1742209200,40.88,40.88,40.8,40.86
1742211000,40.86,40.98,40.84,40.94
1742212800,40.96,41,40.86,40.88
1742214600,40.88,40.96,40.74,40.76
1742216400,40.74,40.98,40.72,40.92
1742218200,40.92,41.08,40.74,40.86
1742220000,40.84,40.84,40.7,40.82
1742221800,40.82,40.88,40.54,40.6
1742223600,40.58,40.58,40.58,40.58
1742279400,40.92,40.92,40.92,40.92
1742281200,40.94,41.56,40.56,40.64
1742283000,40.64,40.96,40.6,40.86
1742284800,40.86,40.96,40.8,40.86
1742286600,40.86,40.94,40.74,40.94
1742288400,40.92,40.96,40.84,40.88
1742290200,40.86,40.9,40.76,40.9
1742292000,40.88,40.98,40.86,40.9
1742293800,40.9,40.92,40.84,40.88
1742295600,40.88,40.92,40.76,40.76
1742297400,40.78,40.82,40.72,40.74
1742299200,40.76,40.88,40.72,40.82
1742301000,40.82,40.84,40.64,40.68
1742302800,40.7,40.8,40.66,40.78
1742304600,40.78,40.88,40.72,40.84
1742306400,40.84,40.92,40.8,40.88
1742308200,40.88,40.88,40.72,40.74
1742310000,40.72,40.72,40.72,40.72
1742365800,38.5,38.5,38.5,38.5
1742367600,38.5,38.5,38.5,38.5
1742369400,38.5,40.38,38.5,40.24
1742371200,40.24,40.32,39,40.12
1742373000,40.1,40.32,39.72,39.74
1742374800,39.74,40.36,39.58,40.08
1742376600,40.08,40.08,39.58,39.76
1742378400,39.74,39.82,39.16,39.2
1742380200,39.18,39.32,39,39.16
1742382000,39.14,39.14,38.94,38.94
1742383800,38.94,39.54,38.8,39.3
1742385600,39.28,39.36,38.36,38.46
1742387400,38.46,38.56,38.14,38.28
1742389200,38.28,38.42,37.82,37.88
1742391000,37.86,38.02,37.68,37.74
1742392800,37.72,37.76,37.04,37.14
1742394600,37.14,37.38,37.08,37.34
1742396400,37.6,37.6,37.6,37.6
1742452200,38,38,38,38
1742454000,37.98,39,37.82,38.9
1742455800,38.9,39.78,38.86,39.68
1742457600,39.68,39.96,39.34,39.94
1742459400,39.96,40.16,39.7,39.7
1742461200,39.72,39.78,39.56,39.66
1742463000,39.68,39.68,39.42,39.5
1742464800,39.5,39.5,39.04,39.18
1742466600,39.16,39.34,38.96,39.28
1742468400,39.28,39.34,38.84,38.88
1742470200,38.86,38.98,38.74,38.84
1742472000,38.84,38.94,38.68,38.86
1742473800,38.86,38.9,38.2,38.26
1742475600,38.26,38.3,37.68,37.82
1742477400,37.82,38.7,37.76,38.24
1742479200,38.26,38.36,38.08,38.28
1742481000,38.26,38.94,38.22,38.4
1742482800,38.5,38.5,38.5,38.5
1742538600,37.88,37.88,37.88,37.88
1742540400,37.9,38.08,36.68,37.38
1742542200,37.38,37.42,36.72,36.74
1742544000,36.7,36.72,35.66,35.8
1742545800,35.8,36.24,35.74,35.78
1742547600,35.78,35.98,35.3,35.32
1742549400,35.3,35.9,35.28,35.76
1742551200,35.8,35.98,35.48,35.84
1742553000,35.82,36.28,35.72,35.84
1742554800,35.84,36.06,35.64,35.68
1742556600,35.66,35.76,35.22,35.36
1742558400,35.36,35.48,35,35.04
1742560200,35.04,35.18,35,35.1
1742562000,35.08,35.1,34.78,34.96
1742563800,34.96,35.34,34.8,35.28
1742565600,35.28,35.56,35,35.5
1742567400,35.5,35.6,35,35.24
1742569200,35.1,35.1,35.1,35.1
1742797800,35.8,35.8,35.8,35.8
1742799600,35.8,36.4,35.68,36
1742801400,36,36.34,35.96,36.18
1742803200,36.16,36.58,36.12,36.34
1742805000,36.36,36.36,36.1,36.16
1742806800,36.16,36.22,35.98,36
1742808600,36.02,36.08,35.62,35.76
1742810400,35.76,35.88,35.46,35.56
1742812200,35.56,35.66,34.84,34.9
1742814000,34.9,35.28,34.76,34.9
1742815800,34.88,35.4,34.68,35.32
1742817600,35.32,35.72,35.16,35.4
1742819400,35.42,35.62,35.24,35.54
1742821200,35.54,35.98,35.5,35.8
1742823000,35.8,35.86,35.2,35.38
1742824800,35.36,36.18,35.36,35.98
1742826600,35.96,36.36,35.8,36.22
1742828400,36.24,36.26,36.24,36.26
1742884200,36.8,36.8,36.8,36.8
1742886000,36.82,37.06,36.7,36.86
1742887800,36.84,37,36.78,36.84
1742889600,36.84,37.12,36.84,36.98
1742891400,36.98,37.12,36.74,37.06
1742893200,37.06,37.48,37,37.38
1742895000,37.4,38.14,37.28,38
1742896800,38,38.02,37.5,37.58
1742898600,37.56,37.68,37.48,37.56
1742900400,37.58,37.7,37.38,37.68
1742902200,37.68,37.78,37.42,37.52
1742904000,37.52,37.58,37.34,37.44
1742905800,37.44,37.48,37.12,37.34
1742907600,37.34,37.74,37.24,37.74
1742909400,37.74,37.88,37.58,37.78
1742911200,37.78,38.2,37.78,38.08
1742913000,38.08,38.36,38,38.1
1742914800,38.1,38.1,38.1,38.1
1742970600,37.5,37.5,37.5,37.5
1742972400,37.48,37.9,37.3,37.76
1742974200,37.76,37.84,37.52,37.58
1742976000,37.56,37.98,37.52,37.9
1742977800,37.88,37.94,37.64,37.88
1742979600,37.88,38.1,37.88,37.96
1742981400,37.96,37.96,37.72,37.8
1742983200,37.78,37.8,37.46,37.48
1742985000,37.48,37.58,37.32,37.34
1742986800,37.34,37.44,37.26,37.3
1742988600,37.3,37.4,37.14,37.28
1742990400,37.28,37.46,37.26,37.38
1742992200,37.36,37.38,37.12,37.14
1742994000,37.14,37.5,37.12,37.36
1742995800,37.4,37.78,37.34,37.48
1742997600,37.46,37.94,37.36,37.9
1742999400,37.92,37.96,37.56,37.78
1743001200,37.88,37.88,37.88,37.88
1743057000,38,38,38,38
1743058800,38.02,38.48,38.02,38.36
1743060600,38.34,38.4,38.26,38.28
1743062400,38.3,38.3,38.06,38.16
1743064200,38.16,38.34,38.08,38.24
1743066000,38.24,38.3,38.12,38.14
1743067800,38.16,38.34,38.08,38.1
1743069600,38.1,38.12,37.94,37.96
1743071400,37.96,37.96,37.66,37.84
1743073200,37.84,38,37.82,37.9
1743075000,37.94,38.04,37.76,37.8
1743076800,37.8,37.82,37.64,37.66
1743078600,37.66,37.7,37.2,37.26
1743080400,37.24,37.34,37.08,37.12
1743082200,37.12,37.32,37.1,37.16
1743084000,37.16,37.28,37.06,37.22
1743085800,37.24,37.24,37.02,37.16
1743087600,37.3,37.3,37.3,37.3
1743143400,37.2,37.2,37.2,37.2
1743145200,37.18,37.2,36.92,37.06
1743147000,37.06,37.08,36.86,36.88
1743148800,36.88,36.94,36.76,36.94
1743150600,36.94,37,36.8,36.98
1743152400,36.98,37,36.86,36.96
1743154200,36.96,37.04,36.86,36.94
1743156000,36.92,36.96,36.84,36.88
1743157800,36.88,36.96,36.74,36.82
1743159600,36.82,37,36.8,36.98
1743161400,37,37.28,36.88,37.24
1743163200,37.22,37.4,37.2,37.38
1743165000,37.36,37.48,37.2,37.32
1743166800,37.32,37.82,37.3,37.64
1743168600,37.64,37.86,37.62,37.7
1743170400,37.7,37.96,37.54,37.88
1743172200,37.88,38.18,37.84,38.16
1743174000,38.58,38.58,38.58,38.58
1743575400,38.02,38.02,38.02,38.02
1743577200,38.02,38.24,37.8,37.96
1743579000,37.96,38.16,37.9,38.1
1743580800,38.1,38.14,37.9,38.02
1743582600,38.02,38.02,37.84,37.94
1743584400,37.92,38.02,37.9,38
1743586200,38,38.02,37.84,37.86
1743588000,37.86,37.86,37.7,37.76
1743589800,37.76,37.8,37.66,37.68
1743591600,37.66,37.68,37.56,37.64
1743593400,37.64,37.68,37.56,37.6
1743595200,37.6,37.66,37.54,37.6
1743597000,37.6,37.64,37.52,37.6
1743598800,37.58,37.66,37.46,37.54
1743600600,37.52,37.7,37.52,37.66
1743602400,37.66,37.74,37.6,37.62
1743604200,37.6,37.64,37.44,37.46
1743606000,37.46,37.46,37.46,37.46
1743661800,37.46,37.46,37.46,37.46
1743663600,37.44,37.78,37.44,37.58
1743665400,37.6,37.62,37.5,37.58
1743667200,37.58,37.64,37.48,37.52
1743669000,37.5,37.54,37.46,37.48
1743670800,37.5,37.56,37.42,37.52
1743672600,37.54,37.56,37.46,37.5
1743674400,37.52,37.56,37.48,37.52
1743676200,37.52,37.58,37.48,37.5
1743678000,37.5,37.54,37.48,37.52
1743679800,37.52,37.54,37.48,37.52
1743681600,37.5,37.54,37.46,37.52
1743683400,37.52,37.52,37.24,37.24
1743685200,37.24,37.3,37.2,37.22
1743687000,37.22,37.34,37.2,37.24
1743688800,37.22,37.26,37.08,37.16
1743690600,37.14,37.18,36.84,36.86
1743692400,36.92,36.92,36.92,36.92
1743748200,36.92,36.92,36.92,36.92
1743750000,36.92,37,36.66,36.74
1743751800,36.74,36.78,36.66,36.76
1743753600,36.76,36.82,36.68,36.8
1743755400,36.8,36.94,36.74,36.84
1743757200,36.84,36.9,36.72,36.78
1743759000,36.78,36.86,36.74,36.86
1743760800,36.86,36.92,36.7,36.7
1743762600,36.7,36.76,36.4,36.5
1743764400,36.5,36.58,36.4,36.42
1743766200,36.42,36.62,36.38,36.58
1743768000,36.6,36.62,36.44,36.6
1743769800,36.58,36.68,36.5,36.56
1743771600,36.56,36.66,36.48,36.56
1743773400,36.56,36.7,36.52,36.66
1743775200,36.66,36.72,36.56,36.62
1743777000,36.62,36.64,36.52,36.54
1743778800,36.54,36.54,36.54,36.54
1744007400,35.26,35.26,35.26,35.26
1744009200,35.24,35.34,34.82,35.02
1744011000,35.02,35.22,34.98,35.12
1744012800,35.12,35.18,35,35.08
1744014600,35.1,35.12,35.02,35.08
1744016400,35.06,35.08,34.96,35.02
1744018200,35,35.14,35,35.06
1744020000,35.08,35.3,35.06,35.2
1744021800,35.2,35.5,35.12,35.22
1744023600,35.22,35.4,35.18,35.36
1744025400,35.34,35.44,35.3,35.36
1744027200,35.36,35.58,35.24,35.5
1744029000,35.5,35.76,35.36,35.68
1744030800,35.66,35.68,35.5,35.58
1744032600,35.58,35.88,35.42,35.84
1744034400,35.82,36.38,35.72,36.1
1744036200,36.1,36.1,35.7,35.92
1744038000,35.92,35.92,35.92,35.92
1744093800,36.48,36.48,36.48,36.48
1744095600,36.46,36.52,36.16,36.22
1744097400,36.22,36.34,36.2,36.24
1744099200,36.22,36.44,36.2,36.32
1744101000,36.32,36.4,36.22,36.26
1744102800,36.24,36.3,36.18,36.2
1744104600,36.18,36.28,36.12,36.2
1744106400,36.22,36.24,36.06,36.12
1744108200,36.1,36.26,36.08,36.14
1744110000,36.14,36.36,36.1,36.26
1744111800,36.28,36.36,36.18,36.3
1744113600,36.32,36.42,36.24,36.36
1744115400,36.36,36.38,36.22,36.28
1744117200,36.28,36.48,36.22,36.48
1744119000,36.48,36.5,36.34,36.42
1744120800,36.42,36.5,36.32,36.4
1744122600,36.38,36.4,36.2,36.22
1744124400,36.2,36.2,36.2,36.2
1744180200,35.68,35.68,35.68,35.68
1744182000,35.68,36.08,35.56,36.02
1744183800,36.04,36.04,35.86,35.88
1744185600,35.88,35.96,35.8,35.84
1744187400,35.84,36.02,35.78,36
1744189200,35.98,36.26,35.9,36.02
1744191000,36.02,36.1,35.94,36
1744192800,36,36.04,35.94,35.96
1744194600,35.98,36.04,35.86,35.96
1744196400,35.96,36.02,35.72,35.78
1744198200,35.76,35.82,35.5,35.64
1744200000,35.64,35.7,35.56,35.66
1744201800,35.66,35.76,35.62,35.66
1744203600,35.68,35.86,35.64,35.74
1744205400,35.74,36.04,35.72,35.98
1744207200,36,36.36,35.96,36.1
1744209000,36.08,36.22,35.82,35.82
1744210800,35.84,36.2,35.84,36.2
1744266600,37.5,37.5,37.5,37.5
1744268400,37.5,37.64,37,37.04
1744270200,37.04,37.1,36.88,36.94
1744272000,36.96,37.14,36.94,36.96
1744273800,36.94,36.96,36.86,36.9
1744275600,36.92,36.98,36.88,36.92
1744277400,36.92,36.96,36.86,36.88
1744279200,36.88,36.96,36.78,36.86
1744281000,36.86,36.88,36.78,36.86
1744282800,36.84,36.88,36.74,36.78
1744284600,36.78,36.84,36.64,36.74
1744286400,36.72,36.86,36.7,36.78
1744288200,36.8,36.86,36.74,36.78
1744290000,36.8,36.9,36.72,36.76
1744291800,36.76,36.76,36.5,36.5
1744293600,36.5,36.52,36.22,36.26
1744295400,36.26,36.4,36.22,36.22
1744297200,36.02,36.02,36.02,36.02
1744353000,35.84,35.84,35.84,35.84
1744354800,35.88,36.24,35.88,35.98
1744356600,35.98,36.12,35.94,35.98
1744358400,35.98,36,35.78,35.86
1744360200,35.84,35.94,35.76,35.94
1744362000,35.92,36.02,35.9,35.96
1744363800,35.96,36.04,35.9,36
1744365600,36,36.08,35.96,36.08
1744367400,36.06,36.2,35.98,36.1
1744369200,36.1,36.14,35.9,35.92
1744371000,35.9,36.12,35.88,36.08
1744372800,36.08,36.32,36.08,36.3
1744374600,36.3,36.36,36.12,36.18
1744376400,36.18,36.22,36.02,36.06
1744378200,36.04,36.4,36,36.14
1744380000,36.12,36.22,36.06,36.12
1744381800,36.1,36.36,36.1,36.3
1744383600,36.36,36.36,36.36,36.36
1744612200,36.6,36.6,36.6,36.6
1744614000,36.6,36.86,36.54,36.86
1744615800,36.84,36.9,36.78,36.84
1744617600,36.84,36.88,36.78,36.84
1744619400,36.82,36.88,36.78,36.88
1744621200,36.88,36.94,36.78,36.8
1744623000,36.8,36.88,36.8,36.84
1744624800,36.84,36.86,36.78,36.82
1744626600,36.82,36.86,36.8,36.84
1744628400,36.86,36.88,36.76,36.8
1744630200,36.8,36.82,36.64,36.64
1744632000,36.64,36.7,36.46,36.64
1744633800,36.66,36.74,36.62,36.72
1744635600,36.72,36.82,36.68,36.76
1744637400,36.76,36.82,36.7,36.76
1744639200,36.76,36.8,36.58,36.6
1744641000,36.58,36.62,36.44,36.54
1744642800,36.56,36.56,36.56,36.56
1744698600,36.46,36.46,36.46,36.46
1744700400,36.5,36.62,36.36,36.54
1744702200,36.54,36.68,36.5,36.52
1744704000,36.52,36.52,36.44,36.5
1744705800,36.5,36.52,36.44,36.5
1744707600,36.5,36.54,36.46,36.5
1744709400,36.5,36.64,36.48,36.6
1744711200,36.58,36.6,36.5,36.58
1744713000,36.56,36.6,36.38,36.4
1744714800,36.4,36.5,36.36,36.48
1744716600,36.46,36.5,36.42,36.44
1744718400,36.44,36.44,36.26,36.36
1744720200,36.36,36.38,36.28,36.36
1744722000,36.36,36.36,36.24,36.28
1744723800,36.28,36.3,36.18,36.18
1744725600,36.2,36.22,35.96,36
1744727400,35.98,36.06,35.96,36.02
1744729200,36.06,36.06,36.06,36.06
1744785000,35.78,35.78,35.78,35.78
1744786800,35.78,36.08,35.58,35.64
1744788600,35.62,35.66,35.58,35.64
1744790400,35.64,35.72,35.5,35.6
1744792200,35.62,35.7,35.54,35.62
1744794000,35.62,35.66,35.54,35.6
1744795800,35.6,35.62,35.48,35.5
1744797600,35.5,35.58,35.44,35.58
1744799400,35.56,35.66,35.54,35.62
1744801200,35.64,35.64,35.42,35.48
1744803000,35.46,35.52,35.44,35.5
1744804800,35.5,35.56,35.46,35.48
1744806600,35.48,35.56,35.44,35.5
1744808400,35.52,35.58,35.46,35.52
1744810200,35.54,35.58,35.5,35.54
1744812000,35.54,35.58,35.34,35.38
1744813800,35.36,35.46,35.32,35.4
1744815600,35.44,35.44,35.44,35.44
1744871400,35.24,35.24,35.24,35.24
1744873200,35.26,35.7,35.26,35.66
1744875000,35.68,35.78,35.62,35.72
1744876800,35.74,35.74,35.64,35.66
1744878600,35.66,35.7,35.54,35.58
1744880400,35.58,35.64,35.54,35.56
1744882200,35.56,35.62,35.54,35.62
1744884000,35.62,35.62,35.38,35.5
1744885800,35.5,35.6,35.48,35.58
1744887600,35.58,35.6,35.1,35.22
1744889400,35.2,35.22,35.04,35.06
1744891200,35.04,35.14,35,35.12
1744893000,35.14,35.5,35.1,35.46
1744894800,35.48,35.52,35.24,35.44
1744896600,35.44,35.46,35.28,35.34
1744898400,35.32,35.54,35.26,35.46
1744900200,35.48,35.5,35.3,35.36
1744902000,35.44,35.44,35.44,35.44
1744957800,35.44,35.44,35.44,35.44
1744959600,35.46,35.5,35.22,35.28
1744961400,35.28,35.3,35.2,35.22
1744963200,35.22,35.3,35.2,35.28
1744965000,35.26,35.28,35.2,35.26
1744966800,35.26,35.26,35.14,35.16
1744968600,35.18,35.22,35.14,35.2
1744970400,35.18,35.24,35.18,35.22
1744972200,35.24,35.24,35.16,35.2
1744974000,35.2,35.2,35.1,35.14
1744975800,35.14,35.2,35.08,35.14
1744977600,35.12,35.16,35.08,35.14
1744979400,35.14,35.18,35.08,35.12
1744981200,35.12,35.22,35.06,35.18
1744983000,35.18,35.22,35.1,35.16
1744984800,35.16,35.18,35.1,35.14
1744986600,35.12,35.18,35.04,35.08
1744988400,35.16,35.16,35.16,35.16
1745217000,35.1,35.1,35.1,35.1
1745218800,35.08,35.14,34.98,34.98
1745220600,34.98,35.08,34.92,35.08
1745222400,35.08,35.1,34.98,35.02
1745224200,35.02,35.08,35,35.06
1745226000,35.04,35.08,34.96,35
1745227800,35,35.08,34.98,35.04
1745229600,35.04,35.14,35.02,35.04
1745231400,35.04,35.06,35,35.04
1745233200,35.04,35.08,34.98,35.06
1745235000,35.06,35.08,35.02,35.04
1745236800,35.04,35.28,35.02,35.2
1745238600,35.22,35.4,35.14,35.32
1745240400,35.32,35.4,35.2,35.24
1745242200,35.22,35.3,35.14,35.22
1745244000,35.22,35.22,34.86,34.9
1745245800,34.88,35.06,34.8,34.98
1745247600,35.04,35.04,35.04,35.04
1745303400,35.08,35.08,35.08,35.08
1745305200,35.08,35.2,34.98,35.04
1745307000,35.02,35.14,34.94,34.96
1745308800,34.94,35.04,34.88,35
1745310600,35,35.02,34.92,35
1745312400,35,35,34.94,34.98
1745314200,34.96,35,34.92,34.98
1745316000,34.98,35.02,34.92,34.94
1745317800,34.94,34.96,34.84,34.88
1745319600,34.9,34.92,34.84,34.92
1745321400,34.9,34.94,34.86,34.9
1745323200,34.9,34.92,34.82,34.92
1745325000,34.92,34.94,34.86,34.9
1745326800,34.9,34.94,34.86,34.9
1745328600,34.9,34.94,34.84,34.88
1745330400,34.88,35.1,34.86,34.94
1745332200,34.92,34.94,34.8,34.82
1745334000,34.82,34.82,34.82,34.82
1745476200,34.9,34.9,34.9,34.9
1745478000,34.92,35.02,34.82,34.86
1745479800,34.86,34.9,34.8,34.86
1745481600,34.86,34.86,34.82,34.82
1745483400,34.84,34.84,34.78,34.82
1745485200,34.8,34.84,34.8,34.82
1745487000,34.82,34.84,34.8,34.82
1745488800,34.84,34.86,34.82,34.84
1745490600,34.84,34.9,34.82,34.88
1745492400,34.88,34.94,34.84,34.9
1745494200,34.88,34.96,34.86,34.94
1745496000,34.94,34.96,34.88,34.92
1745497800,34.92,35.26,34.88,35.18
1745499600,35.2,35.28,35.14,35.2
1745501400,35.18,35.24,35.12,35.12
1745503200,35.14,35.26,35.08,35.22
1745505000,35.22,35.32,35.18,35.2
1745506800,35.24,35.24,35.24,35.24
1745562600,35.3,35.3,35.3,35.3
1745564400,35.28,35.32,35.18,35.22
1745566200,35.24,35.4,35.22,35.22
1745568000,35.22,35.26,35.16,35.18
1745569800,35.18,35.22,35.16,35.2
1745571600,35.2,35.22,35.14,35.18
1745573400,35.2,35.36,35.14,35.32
1745575200,35.3,35.42,35.3,35.34
1745577000,35.34,35.4,35.24,35.24
1745578800,35.26,35.3,35.2,35.3
1745580600,35.3,35.3,35.1,35.16
1745582400,35.14,35.2,35.12,35.14
1745584200,35.14,35.2,35.12,35.14
1745586000,35.14,35.3,35.14,35.28
1745587800,35.28,35.36,35.24,35.3
1745589600,35.3,35.3,35.16,35.2
1745591400,35.2,35.38,35.14,35.26
1745593200,35.28,35.28,35.28,35.28
1745821800,35.26,35.26,35.26,35.26
1745823600,35.26,35.28,35.08,35.1
1745825400,35.1,35.32,35.08,35.24
1745827200,35.24,35.26,35.04,35.16
1745829000,35.16,35.26,35.12,35.16
1745830800,35.14,35.2,35.06,35.2
1745832600,35.2,35.34,35.14,35.16
1745834400,35.16,35.2,34.96,34.98
1745836200,34.98,35,34.84,34.92
1745838000,34.92,35,34.88,34.96
1745839800,34.96,35.24,34.92,35.16
1745841600,35.16,35.2,35.04,35.08
1745843400,35.1,35.14,35.02,35.04
1745845200,35.06,35.16,35.04,35.08
1745847000,35.1,35.52,35.08,35.42
1745848800,35.42,35.42,35.1,35.16
1745850600,35.14,35.36,35.14,35.18
1745852400,35.16,35.16,35.16,35.16
1745908200,35,35,35,35
1745910000,35.04,35.16,34.94,35.1
1745911800,35.12,35.16,35.06,35.12
1745913600,35.12,35.12,34.98,35.06
1745915400,35.06,35.1,34.98,35
1745917200,35.02,35.06,34.92,35.04
1745919000,35.06,35.06,34.92,34.94
1745920800,34.94,34.96,34.86,34.94
1745922600,34.96,34.98,34.88,34.96
1745924400,34.94,35,34.92,35
1745926200,34.98,35.04,34.96,35
1745928000,34.98,35.08,34.94,35.08
1745929800,35.06,35.26,35.04,35.16
1745931600,35.14,35.18,34.84,34.96
1745933400,34.98,35.1,34.84,34.9
1745935200,34.92,34.98,34.82,34.9
1745937000,34.92,35,34.88,34.94
1745938800,34.86,34.86,34.86,34.86
1745994600,34.86,34.86,34.86,34.86
1745996400,34.86,35.14,34.82,34.96
1745998200,34.96,34.98,34.84,34.88
1746000000,34.86,34.88,34.66,34.66
1746001800,34.68,34.72,34.64,34.66
1746003600,34.68,34.68,34.54,34.6
1746005400,34.62,34.72,34.58,34.6
1746007200,34.62,34.62,34.52,34.52
1746009000,34.54,34.56,34.44,34.54
1746010800,34.56,34.56,34.44,34.46
1746012600,34.44,34.58,34.38,34.54
1746014400,34.54,34.58,34.48,34.56
1746016200,34.54,34.62,34.48,34.5
1746018000,34.48,34.5,34.38,34.44
1746019800,34.42,34.46,34.34,34.38
1746021600,34.36,34.46,34.3,34.4
1746023400,34.42,34.42,34.24,34.24
1746025200,34.22,34.22,34.2,34.2
1746167400,34.26,34.26,34.26,34.26
1746169200,34.28,34.4,34.2,34.26
1746171000,34.26,34.34,34.2,34.24
1746172800,34.26,34.3,34.16,34.24
1746174600,34.24,34.28,34.2,34.28
1746176400,34.26,34.38,34.24,34.36
1746178200,34.36,34.5,34.34,34.44
1746180000,34.42,34.44,34.32,34.38
1746181800,34.38,34.4,34.3,34.32
1746183600,34.3,34.34,34.26,34.3
1746185400,34.28,34.36,34.24,34.34
1746187200,34.32,34.36,34.3,34.34
1746189000,34.32,34.44,34.32,34.42
1746190800,34.44,34.44,34.32,34.34
1746192600,34.34,34.36,34.28,34.34
1746194400,34.34,34.38,34.28,34.3
1746196200,34.32,34.36,34.22,34.24
1746198000,34.26,34.26,34.26,34.26
1746426600,34.32,34.32,34.32,34.32
1746428400,34.34,34.46,34.1,34.14
1746430200,34.14,34.14,34.02,34.06
1746432000,34.06,34.12,33.96,33.98
1746433800,33.96,34.02,33.9,33.94
1746435600,33.92,33.96,33.9,33.94
1746437400,33.94,33.98,33.92,33.94
1746439200,33.94,33.96,33.9,33.92
1746441000,33.92,33.94,33.88,33.94
1746442800,33.94,33.94,33.9,33.94
1746444600,33.94,34,33.88,33.92
1746446400,33.94,33.98,33.9,33.98
1746448200,33.98,33.98,33.92,33.96
1746450000,33.96,33.96,33.82,33.86
1746451800,33.88,33.92,33.86,33.9
1746453600,33.9,33.92,33.84,33.88
1746455400,33.86,33.88,33.74,33.74
1746457200,33.74,33.74,33.74,33.74
1746513000,33.78,33.78,33.78,33.78
1746514800,33.78,33.92,33.72,33.84
1746516600,33.84,33.96,33.8,33.94
1746518400,33.94,33.96,33.82,33.84
1746520200,33.86,33.96,33.8,33.96
1746522000,33.94,34,33.84,33.9
1746523800,33.9,33.94,33.86,33.9
1746525600,33.92,33.94,33.84,33.9
1746527400,33.9,33.92,33.84,33.88
1746529200,33.88,33.92,33.82,33.84
1746531000,33.84,33.86,33.74,33.78
1746532800,33.78,33.84,33.68,33.72
1746534600,33.72,33.8,33.7,33.8
1746536400,33.78,33.82,33.72,33.78
1746538200,33.78,33.78,33.68,33.68
1746540000,33.66,33.72,33.66,33.68
1746541800,33.68,33.72,33.64,33.7
1746543600,33.68,33.68,33.68,33.68
1746599400,33.64,33.64,33.64,33.64
1746601200,33.66,33.88,33.52,33.58
1746603000,33.58,33.6,33.48,33.48
1746604800,33.5,33.56,33.44,33.54
1746606600,33.54,33.54,33.48,33.5
1746608400,33.48,33.54,33.48,33.52
1746610200,33.5,33.54,33.5,33.52
1746612000,33.52,33.56,33.5,33.54
1746613800,33.54,33.56,33.5,33.54
1746615600,33.54,33.58,33.5,33.52
1746617400,33.54,33.54,33.48,33.5
1746619200,33.5,33.52,33.42,33.44
1746621000,33.42,33.46,33.22,33.24
1746622800,33.22,33.26,33.08,33.12
1746624600,33.1,33.2,33.04,33.18
1746626400,33.16,33.16,32.9,32.94
1746628200,32.92,33.06,32.9,33.04
1746630000,33.04,33.04,33.04,33.04
1746685800,33.1,33.1,33.1,33.1
1746687600,33.12,33.26,33.02,33.06
1746689400,33.06,33.16,33.02,33.14
1746691200,33.14,33.44,33.1,33.4
1746693000,33.4,33.48,33.34,33.4
1746694800,33.4,33.4,33.22,33.3
1746696600,33.28,33.38,33.26,33.3
1746698400,33.3,33.36,33.26,33.3
1746700200,33.3,33.36,33.26,33.3
1746702000,33.3,33.32,33.18,33.28
1746703800,33.28,33.44,33.28,33.44
1746705600,33.42,33.52,33.36,33.4
1746707400,33.4,33.42,33.32,33.34
1746709200,33.34,33.38,33.32,33.38
1746711000,33.38,33.4,33.22,33.28
1746712800,33.3,33.5,33.26,33.46
1746714600,33.44,33.5,33.38,33.4
1746716400,33.4,33.4,33.4,33.4
1746772200,33.4,33.4,33.4,33.4
1746774000,33.4,33.82,33.4,33.74
1746775800,33.72,33.88,33.68,33.78
1746777600,33.8,33.84,33.72,33.8
1746779400,33.78,33.8,33.66,33.66
1746781200,33.66,33.8,33.64,33.78
1746783000,33.8,33.82,33.74,33.8
1746784800,33.8,33.86,33.8,33.82
1746786600,33.82,34,33.82,33.94
1746788400,33.96,34.04,33.9,33.94
1746790200,33.94,34.06,33.94,34.02
1746792000,34.04,34.26,34.02,34.26
1746793800,34.24,34.28,34.14,34.18
1746795600,34.16,34.28,34.12,34.22
1746797400,34.2,34.22,34.04,34.06
1746799200,34.04,34.12,33.98,34.08
1746801000,34.08,34.18,34.04,34.1
1746802800,34.16,34.16,34.16,34.16
1747031400,36,36,36,36
1747033200,36.02,36.12,35.6,35.96
1747035000,35.94,36.08,35.84,35.88
1747036800,35.88,36.08,35.86,36.04
1747038600,36.04,36.66,36.04,36.56
1747040400,36.56,36.58,36.36,36.38
1747042200,36.36,36.42,36.24,36.24
1747044000,36.26,36.36,36.24,36.32
1747045800,36.32,36.38,36.3,36.36
1747047600,36.36,36.42,36.3,36.38
1747049400,36.36,36.5,36.36,36.44
1747051200,36.44,36.6,36.42,36.6
1747053000,36.58,36.98,36.58,36.88
1747054800,36.88,37.56,36.86,37.24
1747056600,37.24,37.4,37.2,37.38
1747058400,37.38,37.56,37.34,37.52
1747060200,37.52,37.56,37.38,37.42
1747062000,37.52,37.52,37.52,37.52
1747117800,37.6,37.6,37.6,37.6
1747119600,37.58,37.76,36.86,37.04
1747121400,37.04,37.18,36.96,37
1747123200,37.02,37.08,36.8,37.02
1747125000,37.02,37.04,36.92,36.94
1747126800,36.96,37.02,36.88,36.94
1747128600,36.92,36.94,36.84,36.88
1747130400,36.88,36.9,36.76,36.8
1747132200,36.8,36.82,36.62,36.64
1747134000,36.64,36.8,36.62,36.76
1747135800,36.76,36.84,36.72,36.78
1747137600,36.76,36.92,36.74,36.8
1747139400,36.8,36.86,36.7,36.72
1747141200,36.72,36.82,36.68,36.82
1747143000,36.8,36.84,36.7,36.76
1747144800,36.76,36.82,36.7,36.74
1747146600,36.72,36.76,36.62,36.72
1747148400,36.7,36.7,36.7,36.7
1747204200,36.7,36.7,36.7,36.7
1747206000,36.7,36.94,36.66,36.78
1747207800,36.78,36.8,36.68,36.76
1747209600,36.76,37.36,36.72,37.18
1747211400,37.18,37.32,36.96,37
1747213200,37,37.02,36.88,37
1747215000,37,37.04,36.88,36.92
1747216800,36.92,36.98,36.82,36.86
1747218600,36.84,36.94,36.82,36.94
1747220400,36.94,37.06,36.9,36.94
1747222200,36.92,37,36.84,36.94
1747224000,36.94,37.12,36.84,37.12
1747225800,37.12,37.48,37.04,37.44
1747227600,37.42,37.84,37.4,37.8
1747229400,37.8,37.88,37.5,37.54
1747231200,37.52,37.68,37.46,37.5
1747233000,37.5,37.56,37.36,37.48
1747234800,37.46,37.46,37.46,37.46
1747290600,37.34,37.34,37.34,37.34
1747292400,37.36,37.56,37.28,37.36
1747294200,37.36,37.36,37.04,37.16
1747296000,37.16,37.28,37.06,37.12
1747297800,37.12,37.16,36.98,37.14
1747299600,37.14,37.14,37.02,37.04
1747301400,37.04,37.06,36.92,36.96
1747303200,36.96,37.02,36.92,36.98
1747305000,36.98,37,36.82,36.88
1747306800,36.86,36.92,36.74,36.78
1747308600,36.76,36.84,36.64,36.8
1747310400,36.78,36.82,36.68,36.72
1747312200,36.7,36.8,36.62,36.66
1747314000,36.66,36.7,36.58,36.7
1747315800,36.68,36.76,36.42,36.44
1747317600,36.42,36.48,36.26,36.32
1747319400,36.32,36.4,36.16,36.24
1747321200,36.24,36.5,36.24,36.5
1747377000,36.16,36.16,36.16,36.16
1747378800,36.18,36.48,36.18,36.28
1747380600,36.26,36.42,36.2,36.24
1747382400,36.24,36.26,36.08,36.14
1747384200,36.14,36.3,36.14,36.28
1747386000,36.3,36.4,36.22,36.26
1747387800,36.24,36.28,36.2,36.22
1747389600,36.22,36.26,36.18,36.2
1747391400,36.2,36.22,36,36.04
1747393200,36.04,36.1,35.94,35.98
1747395000,35.98,35.98,35.9,35.96
1747396800,35.96,36.06,35.92,35.96
1747398600,35.96,35.96,35.7,35.82
1747400400,35.82,35.96,35.78,35.94
1747402200,35.94,36.48,35.94,36.36
1747404000,36.36,37.06,36.34,36.92
1747405800,36.92,37.1,36.9,36.98
1747407600,37.02,37.02,37.02,37.02
1747722600,36.8,36.8,36.8,36.8
1747724400,36.8,37,36.58,36.62
1747726200,36.6,36.98,36.52,36.72
1747728000,36.72,36.76,36.62,36.66
1747729800,36.66,36.66,36.5,36.54
1747731600,36.54,36.54,36.44,36.5
1747733400,36.5,36.62,36.46,36.56
1747735200,36.58,36.62,36.52,36.54
1747737000,36.54,36.78,36.46,36.72
1747738800,36.72,36.78,36.44,36.58
1747740600,36.56,36.58,36.5,36.5
1747742400,36.52,36.54,36.48,36.5
1747744200,36.5,36.54,36.24,36.36
1747746000,36.34,36.48,36.32,36.4
1747747800,36.4,36.42,36.34,36.38
1747749600,36.38,36.38,36.2,36.24
1747751400,36.24,36.3,36.14,36.16
1747753200,36.24,36.24,36.24,36.24
1747809000,36,36,36,36
1747810800,36.16,36.2,35.86,35.86
1747812600,35.88,35.94,35.82,35.88
1747814400,35.86,36.06,35.86,36.02
1747816200,36,36.08,35.92,35.96
1747818000,35.96,35.96,35.84,35.86
1747819800,35.86,35.9,35.84,35.86
1747821600,35.86,35.88,35.82,35.82
1747823400,35.82,35.88,35.8,35.86
1747825200,35.84,35.86,35.82,35.84
1747827000,35.82,35.9,35.8,35.88
1747828800,35.9,35.94,35.86,35.9
1747830600,35.9,35.96,35.82,35.88
1747832400,35.88,35.96,35.86,35.88
1747834200,35.88,36,35.84,36
1747836000,36.02,36.14,35.82,35.84
1747837800,35.84,35.86,35.72,35.82
1747839600,35.72,35.72,35.72,35.72
1747895400,35.72,35.72,35.72,35.72
1747897200,35.74,36.02,35.6,35.66
1747899000,35.66,35.76,35.58,35.6
1747900800,35.6,35.64,35.48,35.62
1747902600,35.62,35.78,35.58,35.62
1747904400,35.62,35.68,35.5,35.56
1747906200,35.56,35.6,35.5,35.54
1747908000,35.54,35.54,35.36,35.4
1747909800,35.4,35.44,35.18,35.28
1747911600,35.28,35.32,35.22,35.3
1747913400,35.3,35.68,35.28,35.6
1747915200,35.58,35.62,35.44,35.48
1747917000,35.5,35.88,35.5,35.78
1747918800,35.78,36.12,35.78,36
1747920600,36.02,36.1,35.94,36
1747922400,36,36.06,35.78,35.86
1747924200,35.84,36.12,35.78,36.02
1747926000,36.06,36.06,36.06,36.06
1747981800,35.76,35.76,35.76,35.76
1747983600,35.76,35.96,35.5,35.52
1747985400,35.52,35.78,35.42,35.66
1747987200,35.66,35.8,35.64,35.7
1747989000,35.68,35.8,35.62,35.66
1747990800,35.64,35.66,35.56,35.62
1747992600,35.6,35.62,35.52,35.58
1747994400,35.58,35.62,35.52,35.58
1747996200,35.6,35.62,35.52,35.56
1747998000,35.54,35.58,35.5,35.56
1747999800,35.56,35.62,35.26,35.28
1748001600,35.24,35.38,35.22,35.36
1748003400,35.36,35.36,35.18,35.32
1748005200,35.32,35.4,35.24,35.32
1748007000,35.3,35.42,35.24,35.26
1748008800,35.26,35.3,35.16,35.2
1748010600,35.18,35.32,35.08,35.18
1748012400,35.14,35.14,35.14,35.14
1748241000,35.16,35.16,35.16,35.16
1748242800,35.18,35.4,35.16,35.24
1748244600,35.24,35.38,35.24,35.34
1748246400,35.34,35.6,35.22,35.46
1748248200,35.46,35.56,35.2,35.24
1748250000,35.24,35.4,35.2,35.34
1748251800,35.34,35.4,35.32,35.36
1748253600,35.36,35.42,35.32,35.4
1748255400,35.4,35.42,35.36,35.38
1748257200,35.38,35.4,35.28,35.3
1748259000,35.28,35.34,35.26,35.3
1748260800,35.3,35.3,35.16,35.18
1748262600,35.18,35.26,35.12,35.24
1748264400,35.22,35.34,35.22,35.3
1748266200,35.32,35.4,35.24,35.28
1748268000,35.3,35.36,35.22,35.3
1748269800,35.28,35.32,35.14,35.22
1748271600,35.22,35.22,35.22,35.22
1748327400,35.22,35.22,35.22,35.22
1748329200,35.22,35.32,35.08,35.28
1748331000,35.28,35.28,35.16,35.2
1748332800,35.2,35.26,35.06,35.06
1748334600,35.06,35.08,34.9,35.04
1748336400,35.04,35.1,34.96,34.98
1748338200,34.98,34.98,34.84,34.92
1748340000,34.92,34.96,34.9,34.94
1748341800,34.92,34.96,34.86,34.9
1748343600,34.9,34.94,34.84,34.86
1748345400,34.86,34.9,34.82,34.86
1748347200,34.86,34.96,34.84,34.9
1748349000,34.9,34.94,34.84,34.86
1748350800,34.84,34.92,34.82,34.84
1748352600,34.82,34.88,34.78,34.88
1748354400,34.88,34.88,34.78,34.82
1748356200,34.82,34.86,34.7,34.76
1748358000,34.74,34.74,34.74,34.74
1748413800,34.66,34.66,34.66,34.66
1748415600,34.7,34.88,34.52,34.56
1748417400,34.58,34.76,34.56,34.68
1748419200,34.66,34.7,34.6,34.62
1748421000,34.62,34.72,34.58,34.58
1748422800,34.58,34.74,34.58,34.64
1748424600,34.64,34.64,34.5,34.54
1748426400,34.54,34.56,34.5,34.52
1748428200,34.52,34.54,34.48,34.52
1748430000,34.5,34.54,34.42,34.46
1748431800,34.48,34.48,34.32,34.4
1748433600,34.4,34.46,34.36,34.42
1748435400,34.42,34.46,34.34,34.42
1748437200,34.42,34.46,34.34,34.36
1748439000,34.36,34.38,34.26,34.34
1748440800,34.32,34.34,34.14,34.24
1748442600,34.26,34.3,34.12,34.26
1748444400,34.32,34.32,34.32,34.32
1748500200,34.5,34.5,34.5,34.5
1748502000,34.52,34.68,34.28,34.36
1748503800,34.36,34.42,34.26,34.32
1748505600,34.3,34.38,34.3,34.34
1748507400,34.32,34.36,34.24,34.32
1748509200,34.3,34.34,34.22,34.3
1748511000,34.28,34.34,34.24,34.32
1748512800,34.3,34.36,34.28,34.3
1748514600,34.32,34.34,34.24,34.32
1748516400,34.34,34.38,34.28,34.32
1748518200,34.34,34.38,34.3,34.32
1748520000,34.32,34.36,34.3,34.34
1748521800,34.34,34.4,34.32,34.36
1748523600,34.36,34.42,34.32,34.42
1748525400,34.4,34.42,34.1,34.2
1748527200,34.2,34.28,34.14,34.26
1748529000,34.26,34.3,34.16,34.18
1748530800,34.22,34.22,34.22,34.22
1748586600,33.56,33.56,33.56,33.56
1748588400,33.54,33.62,33.32,33.36
1748590200,33.36,33.38,33.16,33.38
1748592000,33.36,33.38,33.22,33.3
1748593800,33.32,33.32,33.1,33.12
1748595600,33.12,33.18,33.04,33.1
1748597400,33.12,33.18,33.08,33.1
1748599200,33.12,33.16,33.08,33.14
1748601000,33.14,33.2,33.1,33.16
1748602800,33.16,33.2,33.12,33.18
1748604600,33.16,33.2,33.08,33.16
1748606400,33.14,33.18,32.98,33
1748608200,32.98,33.18,32.96,33.16
1748610000,33.14,33.18,33.04,33.06
1748611800,33.04,33.06,32.96,33.02
1748613600,33.02,33.06,32.96,33.04
1748615400,33.04,33.04,32.9,32.9
1748617200,33,33,33,33
1748845800,32.96,32.96,32.96,32.96
1748847600,32.98,33.14,32.84,32.96
1748849400,32.96,33.04,32.92,33
1748851200,33.02,33.04,32.98,33.02
1748853000,33.02,33.02,32.96,32.98
1748854800,33,33.04,32.98,33.02
1748856600,33.02,33.04,32.92,33.02
1748858400,33.02,33.16,33,33.06
1748860200,33.06,33.2,33.04,33.1
1748862000,33.12,33.12,33.04,33.06
1748863800,33.04,33.18,33.04,33.16
1748865600,33.16,33.18,33.04,33.12
1748867400,33.12,33.12,32.98,33.02
1748869200,33.04,33.04,32.7,32.82
1748871000,32.82,32.86,32.74,32.76
1748872800,32.76,32.8,32.7,32.78
1748874600,32.78,32.9,32.7,32.72
1748876400,32.74,32.74,32.74,32.74
1748932200,32.96,32.96,32.96,32.96
1748934000,32.96,33.44,32.96,33.36
1748935800,33.38,33.54,33.32,33.46
1748937600,33.46,33.64,33.44,33.6
1748939400,33.6,33.6,33.5,33.58
1748941200,33.58,33.7,33.52,33.56
1748943000,33.56,33.6,33.5,33.54
1748944800,33.52,33.54,33.48,33.52
1748946600,33.5,33.52,33.4,33.52
1748948400,33.52,33.56,33.48,33.52
1748950200,33.52,33.58,33.46,33.52
1748952000,33.52,33.54,33.48,33.5
1748953800,33.52,33.54,33.46,33.48
1748955600,33.48,33.5,33.4,33.46
1748957400,33.46,33.68,33.44,33.68
1748959200,33.66,33.8,33.58,33.76
1748961000,33.78,33.92,33.76,33.8
1748962800,33.9,33.9,33.9,33.9
1749018600,33.76,33.76,33.76,33.76
1749020400,33.74,33.86,33.62,33.68
1749022200,33.68,33.76,33.64,33.72
1749024000,33.7,33.86,33.7,33.82
1749025800,33.82,33.88,33.74,33.78
1749027600,33.8,33.8,33.66,33.72
1749029400,33.74,33.84,33.7,33.84
1749031200,33.82,33.84,33.72,33.8
1749033000,33.78,33.86,33.78,33.82
1749034800,33.82,34.04,33.8,33.98
1749036600,33.98,34.02,33.96,34
1749038400,33.98,34.18,33.96,34.18
1749040200,34.18,34.2,34,34
1749042000,34,34.04,33.92,34.02
1749043800,34.02,34.1,34,34.08
1749045600,34.08,34.14,34,34.1
1749047400,34.1,34.26,34.08,34.12
1749049200,34.14,34.14,34.14,34.14
1749105000,33.98,33.98,33.98,33.98
1749106800,33.98,34.04,33.9,33.96
1749108600,33.94,33.98,33.82,33.96
1749110400,33.96,33.98,33.9,33.92
1749112200,33.9,34,33.84,33.96
1749114000,33.96,34.04,33.94,34.04
1749115800,34.08,34.08,34.08,34.08
1749537000,34.24,34.24,34.24,34.24
1749538800,34.26,34.44,34.2,34.32
1749540600,34.32,34.46,34.28,34.44
1749542400,34.44,34.5,34.42,34.46
1749544200,34.46,34.48,34.36,34.38
1749546000,34.4,34.4,34.22,34.28
1749547800,34.28,34.32,34.2,34.32
1749549600,34.32,34.4,34.28,34.32
1749551400,34.32,34.34,34.28,34.34
1749553200,34.32,34.4,34.26,34.32
1749555000,34.32,34.32,34.22,34.28
1749556800,34.28,34.3,34.24,34.28
1749558600,34.28,34.3,34.24,34.26
1749560400,34.26,34.3,34.2,34.28
1749562200,34.28,34.42,34.24,34.38
1749564000,34.38,34.4,34.28,34.34
1749565800,34.34,34.36,34.3,34.34
1749567600,34.32,34.32,34.32,34.32
1749623400,34.12,34.12,34.12,34.12
1749625200,34.12,34.46,34.1,34.36
1749627000,34.34,34.48,34.34,34.4
1749628800,34.38,34.42,34.2,34.24
1749630600,34.24,34.3,34.22,34.28
1749632400,34.3,34.34,34.26,34.34
1749634200,34.32,34.36,34.3,34.32
1749636000,34.32,34.34,34.3,34.34
1749637800,34.34,34.4,34.32,34.36
1749639600,34.36,34.38,34.3,34.36
1749641400,34.36,34.56,34.34,34.48
1749643200,34.48,34.54,34.32,34.36
1749645000,34.36,34.46,34.34,34.42
1749646800,34.44,34.46,34.38,34.42
1749648600,34.4,34.44,34.36,34.42
1749650400,34.42,34.52,34.38,34.4
1749652200,34.4,34.42,34.34,34.36
1749654000,34.34,34.34,34.34,34.34
1749709800,34.04,34.04,34.04,34.04
1749711600,34.04,34.04,33.88,33.98
1749713400,33.98,34.04,33.84,33.96
1749715200,33.94,33.96,33.7,33.76
1749717000,33.72,33.74,33.66,33.72
1749718800,33.72,33.72,33.56,33.58
1749720600,33.58,33.64,33.56,33.64
1749722400,33.62,33.66,33.58,33.64
1749724200,33.64,33.68,33.58,33.6
1749726000,33.6,33.62,33.56,33.58
1749727800,33.58,33.6,33.32,33.38
1749729600,33.38,33.48,33.32,33.44
1749731400,33.46,33.52,33.4,33.46
1749733200,33.46,33.52,33.38,33.42
1749735000,33.4,33.48,33.38,33.44
1749736800,33.42,33.48,33.4,33.42
1749738600,33.42,33.5,33.38,33.4
1749740400,33.5,33.5,33.5,33.5
1749796200,32.1,32.1,32.1,32.1
1749798000,32.14,32.36,31.94,32.16
1749799800,32.16,32.42,32.14,32.42
1749801600,32.4,32.46,32.22,32.34
1749803400,32.34,32.38,32.24,32.36
1749805200,32.36,32.38,32.28,32.32
1749807000,32.3,32.36,32.2,32.22
1749808800,32.22,32.22,32.04,32.06
1749810600,32.06,32.08,32.02,32.06
1749812400,32.06,32.08,31.96,32.04
1749814200,32.02,32.1,31.98,32.06
1749816000,32.04,32.1,32,32.08
1749817800,32.08,32.18,32.06,32.14
1749819600,32.14,32.28,32.1,32.16
1749821400,32.16,32.32,32.1,32.12
1749823200,32.12,32.28,32.1,32.2
1749825000,32.2,32.76,32.2,32.72
1749826800,32.9,32.9,32.9,32.9
1750055400,32.74,32.74,32.74,32.74
1750057200,32.72,32.82,32.4,32.58
1750059000,32.56,32.66,32.48,32.54
1750060800,32.54,32.56,32.44,32.54
1750062600,32.54,32.82,32.52,32.68
1750064400,32.68,32.7,32.56,32.62
1750066200,32.62,32.72,32.6,32.66
1750068000,32.68,32.78,32.66,32.74
1750069800,32.72,32.76,32.64,32.74
1750071600,32.74,32.76,32.64,32.68
1750073400,32.68,32.76,32.6,32.74
1750075200,32.74,32.86,32.68,32.7
1750077000,32.7,32.76,32.5,32.58
1750078800,32.58,32.62,32.48,32.6
1750080600,32.6,33.12,32.56,33.02
1750082400,33.04,33.16,32.98,33.12
1750084200,33.12,33.18,32.84,32.9
1750086000,32.76,32.76,32.76,32.76
1750141800,32.76,32.76,32.76,32.76
1750143600,32.74,32.86,32.6,32.7
1750145400,32.7,32.82,32.68,32.74
1750147200,32.74,32.74,32.58,32.64
1750149000,32.64,32.88,32.6,32.82
1750150800,32.8,33.32,32.76,33.16
1750152600,33.14,33.2,32.98,33
1750154400,33,33.02,32.84,32.94
1750156200,32.92,33,32.86,32.9
1750158000,32.9,32.96,32.78,32.84
1750159800,32.84,32.86,32.74,32.78
1750161600,32.78,32.8,32.7,32.74
1750163400,32.72,32.76,32.64,32.68
1750165200,32.7,32.8,32.68,32.8
1750167000,32.8,32.84,32.74,32.8
1750168800,32.8,32.9,32.74,32.74
1750170600,32.72,32.8,32.68,32.74
1750172400,32.76,32.76,32.76,32.76
1750228200,32.5,32.5,32.5,32.5
1750230000,32.5,32.64,32.4,32.44
1750231800,32.44,32.48,32.36,32.4
1750233600,32.4,32.42,32.22,32.26
1750235400,32.28,32.34,32.22,32.3
1750237200,32.3,32.34,32.28,32.34
1750239000,32.34,32.4,32.32,32.34
1750240800,32.32,32.42,32.28,32.38
1750242600,32.38,32.42,32.34,32.38
1750244400,32.4,32.46,32.36,32.44
1750246200,32.44,32.46,32.38,32.44
1750248000,32.44,32.5,32.42,32.46
1750249800,32.46,32.48,32.28,32.32
1750251600,32.32,32.38,32.3,32.38
1750253400,32.38,32.42,32.32,32.38
1750255200,32.36,32.64,32.36,32.56
1750257000,32.56,32.7,32.44,32.44
1750258800,32.48,32.48,32.48,32.48
1750314600,32.48,32.48,32.48,32.48
1750316400,32.48,32.62,32.46,32.58
1750318200,32.58,32.64,32.52,32.64
1750320000,32.64,32.66,32.56,32.6
1750321800,32.6,32.64,32.52,32.58
1750323600,32.56,32.8,32.56,32.72
1750325400,32.7,32.74,32.64,32.7
1750327200,32.7,32.72,32.5,32.6
1750329000,32.58,32.7,32.56,32.62
1750330800,32.62,32.64,32.34,32.44
1750332600,32.42,32.46,32.32,32.44
1750334400,32.44,32.44,32.34,32.4
1750336200,32.4,32.4,32.26,32.3
1750338000,32.3,32.34,32.26,32.32
1750339800,32.32,32.36,32.14,32.18
1750341600,32.18,32.2,32.06,32.16
1750343400,32.16,32.2,32.08,32.16
1750345200,32.08,32.08,32.08,32.08
1750401000,32.4,32.4,32.4,32.4
1750402800,32.4,32.52,32.36,32.42
1750404600,32.42,32.52,32.4,32.44
1750406400,32.44,32.48,32.38,32.46
1750408200,32.44,32.46,32.4,32.46
1750410000,32.44,32.66,32.42,32.52
1750411800,32.52,32.62,32.48,32.58
1750413600,32.58,32.6,32.52,32.56
1750415400,32.54,32.56,32.46,32.52
1750417200,32.52,32.54,32.4,32.46
1750419000,32.46,32.56,32.44,32.5
1750420800,32.52,32.78,32.5,32.68
1750422600,32.68,32.86,32.62,32.84
1750424400,32.84,32.88,32.5,32.58
1750426200,32.58,32.74,32.54,32.66
1750428000,32.68,32.84,32.6,32.66
1750429800,32.66,32.74,32.54,32.6
1750431600,32.5,32.5,32.5,32.5
1750660200,32.3,32.3,32.3,32.3
1750662000,32.28,32.46,32.24,32.3
1750663800,32.3,32.36,32.22,32.28
1750665600,32.28,32.42,32.2,32.32
1750667400,32.34,32.46,32.32,32.42
1750669200,32.44,32.58,32.4,32.42
1750671000,32.42,32.46,32.34,32.4
1750672800,32.4,32.44,32.32,32.4
1750674600,32.4,32.46,32.38,32.4
1750676400,32.4,32.42,32.36,32.38
1750678200,32.38,32.4,32.34,32.36
1750680000,32.36,32.56,32.32,32.5
1750681800,32.5,32.56,32.46,32.5
1750683600,32.5,32.5,32.4,32.44
1750685400,32.46,32.48,32.32,32.36
1750687200,32.34,32.46,32.32,32.4
1750689000,32.4,32.52,32.4,32.46
1750690800,32.48,32.48,32.48,32.48
1750746600,33.5,33.5,33.5,33.5
1750748400,33.5,33.6,33.3,33.36
1750750200,33.36,33.38,33.02,33.04
1750752000,33.06,33.18,33.02,33.16
1750753800,33.16,33.22,33.1,33.2
1750755600,33.2,33.26,33.12,33.22
1750757400,33.22,33.38,33.22,33.24
1750759200,33.24,33.3,33.22,33.28
1750761000,33.28,33.28,33.1,33.16
1750762800,33.16,33.24,33.14,33.18
1750764600,33.18,33.44,33.18,33.38
1750766400,33.38,33.42,33.26,33.3
1750768200,33.28,33.42,33.26,33.32
1750770000,33.3,33.36,33.26,33.34
1750771800,33.34,33.56,33.34,33.5
1750773600,33.52,33.64,33.46,33.56
1750775400,33.54,33.6,33.52,33.56
1750777200,33.5,33.5,33.5,33.5
1750833000,33.6,33.6,33.6,33.6
1750834800,33.62,33.7,33.52,33.62
1750836600,33.64,33.8,33.62,33.72
1750838400,33.72,33.76,33.64,33.76
1750840200,33.76,33.76,33.56,33.62
1750842000,33.62,33.72,33.6,33.64
1750843800,33.64,33.66,33.6,33.64
1750845600,33.64,33.7,33.6,33.64
1750847400,33.64,33.88,33.62,33.86
1750849200,33.88,34.22,33.82,34.12
1750851000,34.1,34.26,34.06,34.08
1750852800,34.1,34.1,34,34.02
1750854600,34.02,34.06,33.9,34.04
1750856400,34.04,34.2,34,34.14
1750858200,34.16,34.24,34.06,34.1
1750860000,34.1,34.14,33.92,33.92
1750861800,33.94,34.2,33.88,34.12
1750863600,34.1,34.1,34.08,34.08
1750919400,34.18,34.18,34.18,34.18
1750921200,34.16,34.4,34.14,34.24
1750923000,34.26,34.84,34.26,34.82
1750924800,34.8,34.86,34.7,34.78
1750926600,34.78,34.86,34.74,34.78
1750928400,34.78,34.84,34.7,34.72
1750930200,34.72,34.74,34.64,34.7
1750932000,34.7,34.82,34.66,34.8
1750933800,34.8,34.88,34.74,34.82
1750935600,34.8,34.82,34.74,34.76
1750937400,34.76,34.8,34.74,34.8
1750939200,34.8,34.92,34.76,34.88
1750941000,34.9,34.92,34.7,34.72
1750942800,34.72,34.82,34.64,34.78
1750944600,34.76,34.88,34.6,34.86
1750946400,34.84,34.88,34.58,34.62
1750948200,34.6,34.66,34.42,34.46
1750950000,34.5,34.5,34.5,34.5
1751005800,34.54,34.54,34.54,34.54
1751007600,34.54,34.64,34.18,34.26
1751009400,34.26,34.34,34.08,34.12
1751011200,34.14,34.14,33.94,34
1751013000,34,34.16,33.98,34.1
1751014800,34.1,34.22,34.08,34.16
1751016600,34.16,34.16,33.92,34
1751018400,34,34.1,33.96,34.06
1751020200,34.06,34.12,34.02,34.04
1751022000,34.04,34.3,33.98,34.28
1751023800,34.28,34.6,34.24,34.36
1751025600,34.36,34.36,34.12,34.26
1751027400,34.28,34.4,34.26,34.32
1751029200,34.34,34.5,34.3,34.36
1751031000,34.38,34.78,34.38,34.66
1751032800,34.68,34.72,34.5,34.58
1751034600,34.6,34.74,34.44,34.46
1751036400,34.54,34.54,34.54,34.54
1751265000,34.7,34.7,34.7,34.7
1751266800,34.66,34.9,34.48,34.72
1751268600,34.7,34.76,34.62,34.7
1751270400,34.66,35,34.6,34.96
1751272200,34.94,35.44,34.92,35.4
1751274000,35.4,35.66,35.4,35.56
1751275800,35.58,35.72,35.46,35.66
1751277600,35.66,35.76,35.6,35.74
1751279400,35.76,36.2,35.72,36
1751281200,36,36.08,35.82,35.94
1751283000,35.96,36.1,35.92,36
1751284800,36,36,35.76,35.86
1751286600,35.84,35.96,35.82,35.88
1751288400,35.88,35.96,35.84,35.9
1751290200,35.88,35.98,35.86,35.94
1751292000,35.92,36,35.86,35.92
1751293800,35.94,35.98,35.66,35.9
1751295600,35.9,36.04,35.9,36.04
1751351400,36.2,36.2,36.2,36.2
1751353200,36.2,36.24,35.92,36.2
1751355000,36.2,36.36,36.16,36.24
1751356800,36.24,36.3,36.08,36.14
1751358600,36.12,36.16,36.02,36.08
1751360400,36.08,36.1,35.94,36.1
1751362200,36.1,36.1,36,36.04
1751364000,36.02,36.04,35.94,35.96
1751365800,35.98,35.98,35.84,35.88
1751367600,35.88,35.94,35.8,35.9
1751369400,35.9,35.92,35.76,35.8
1751371200,35.78,35.9,35.64,35.86
1751373000,35.86,36.04,35.84,35.94
1751374800,35.92,35.96,35.84,35.96
1751376600,35.96,36.26,35.96,36.16
1751378400,36.16,36.28,36.04,36.1
1751380200,36.1,36.12,35.96,36.04
1751382000,36,36,36,36
1751437800,36.04,36.04,36.04,36.04
1751439600,36.02,36.22,35.94,36.16
1751441400,36.14,36.24,36.06,36.06
1751443200,36.08,36.3,36.02,36.24
1751445000,36.24,36.54,36.24,36.42
1751446800,36.42,36.84,36.42,36.82
1751448600,36.84,36.92,36.6,36.62
1751450400,36.64,36.86,36.62,36.82
1751452200,36.82,37.1,36.76,37
1751454000,37,37.04,36.74,36.78
1751455800,36.78,36.8,36.68,36.74
1751457600,36.72,36.8,36.7,36.76
1751459400,36.74,36.76,36.38,36.52
1751461200,36.5,36.52,36.2,36.4
1751463000,36.4,36.42,36.26,36.36
1751464800,36.36,36.52,36.34,36.38
1751466600,36.36,36.44,36.26,36.36
1751468400,36.28,36.28,36.28,36.28
1751524200,36.72,36.72,36.72,36.72
1751526000,36.74,36.96,36.68,36.94
1751527800,36.94,37.54,36.9,37.04
1751529600,37.04,37.12,36.78,36.8
1751531400,36.8,36.94,36.7,36.74
1751533200,36.74,37.02,36.7,36.92
1751535000,36.92,36.96,36.82,36.84
1751536800,36.84,36.96,36.84,36.9
1751538600,36.9,36.9,36.86,36.88
1751540400,36.88,36.98,36.86,36.98
1751542200,36.98,36.98,36.88,36.92
1751544000,36.92,37,36.86,36.88
1751545800,36.9,37.04,36.88,37.04
1751547600,37.04,37.06,36.94,37
1751549400,37,37.04,36.88,36.98
1751551200,36.98,37.06,36.86,36.9
1751553000,36.9,36.94,36.84,36.92
1751554800,37,37,37,37
1751610600,37.34,37.34,37.34,37.34
1751612400,37.34,37.44,37.1,37.24
1751614200,37.24,37.34,37.18,37.26
1751616000,37.24,37.36,37.18,37.24
1751617800,37.24,37.28,37.2,37.26
1751619600,37.26,37.3,37.18,37.2
1751621400,37.22,37.22,37.18,37.2
1751623200,37.2,37.2,37.1,37.12
1751625000,37.14,37.16,37.04,37.08
1751626800,37.06,37.08,36.78,36.82
1751628600,36.82,36.84,36.72,36.76
1751630400,36.74,37,36.7,36.96
1751632200,36.96,36.96,36.8,36.84
1751634000,36.84,36.94,36.82,36.86
1751635800,36.88,37,36.86,36.92
1751637600,36.92,37.24,36.9,37.08
1751639400,37.1,37.16,36.98,37.02
1751641200,37.06,37.06,37.06,37.06
1751869800,36.42,36.42,36.42,36.42
1751871600,36.42,36.5,36.34,36.42
1751873400,36.42,36.42,35.94,35.96
1751875200,35.96,36.02,35.9,35.94
1751877000,35.94,35.96,35.72,35.76
1751878800,35.76,35.84,35.66,35.82
1751880600,35.8,35.86,35.76,35.84
1751882400,35.86,35.88,35.8,35.88
1751884200,35.86,35.88,35.82,35.88
1751886000,35.88,35.92,35.82,35.86
1751887800,35.86,35.88,35.84,35.86
1751889600,35.88,35.9,35.82,35.82
1751891400,35.84,36,35.82,35.84
1751893200,35.84,35.88,35.84,35.86
1751895000,35.88,35.9,35.82,35.84
1751896800,35.84,35.88,35.8,35.82
1751898600,35.84,35.84,35.66,35.7
1751900400,35.72,35.72,35.72,35.72
1751956200,35.86,35.86,35.86,35.86
1751958000,35.88,35.92,35.68,35.76
1751959800,35.78,35.78,35.68,35.76
1751961600,35.76,35.78,35.66,35.72
1751963400,35.72,35.72,35.58,35.66
1751965200,35.66,35.66,35.36,35.44
1751967000,35.42,35.44,35.2,35.22
1751968800,35.22,35.22,34.9,34.92
1751970600,34.9,34.96,34.78,34.92
1751972400,34.94,34.96,34.86,34.96
1751974200,34.96,35,34.9,34.94
1751976000,34.96,34.98,34.8,34.86
1751977800,34.86,34.94,34.82,34.88
1751979600,34.88,34.98,34.86,34.92
1751981400,34.92,35.12,34.86,34.98
1751983200,34.98,34.98,34.78,34.82
1751985000,34.82,34.86,34.72,34.74
1751986800,34.82,34.82,34.82,34.82
1752042600,34.72,34.72,34.72,34.72
1752044400,34.78,35.04,34.74,35.04
1752046200,35.04,35.3,35.02,35.26
1752048000,35.26,35.28,35.18,35.24
1752049800,35.24,35.26,35.14,35.2
1752051600,35.2,35.24,35.16,35.2
1752053400,35.22,35.32,35.22,35.26
1752055200,35.24,35.36,35.24,35.26
1752057000,35.28,35.36,35.26,35.36
1752058800,35.36,35.4,35.28,35.3
1752060600,35.28,35.44,35.26,35.34
1752062400,35.32,35.38,35.24,35.32
1752064200,35.32,35.4,35.28,35.38
1752066000,35.4,35.42,35.34,35.4
1752067800,35.4,35.4,35.28,35.34
1752069600,35.34,35.4,35.28,35.38
1752071400,35.36,35.38,35.24,35.28
1752073200,35.3,35.3,35.3,35.3
1752129000,36.04,36.04,36.04,36.04
1752130800,36.06,36.08,35.82,35.92
1752132600,35.92,36,35.82,35.98
1752134400,35.98,36.12,35.96,36.02
1752136200,36,36.2,36,36.16
1752138000,36.16,36.16,36.08,36.12
1752139800,36.12,36.16,36.04,36.1
1752141600,36.12,36.14,36.06,36.1
1752143400,36.1,36.14,36.02,36.06
1752145200,36.06,36.08,36,36.08
1752147000,36.08,36.08,35.98,36
1752148800,36,36.02,35.96,35.98
1752150600,35.96,36.02,35.9,36.02
1752152400,36,36.1,36,36.06
1752154200,36.08,36.08,36.02,36.02
1752156000,36.02,36.16,36,36.02
1752157800,36.02,36.12,35.92,35.96
1752159600,36.02,36.02,36.02,36.02
1752215400,36.2,36.2,36.2,36.2
1752217200,36.22,36.56,36.22,36.5
1752219000,36.52,36.7,36.42,36.46
1752220800,36.46,36.48,36.4,36.44
1752222600,36.44,36.46,36.38,36.44
1752224400,36.44,36.44,36.36,36.36
1752226200,36.36,36.44,36.34,36.4
1752228000,36.42,36.42,36.34,36.38
1752229800,36.36,36.38,36.28,36.34
1752231600,36.34,36.36,36.04,36.08
1752233400,36.08,36.08,35.7,35.88
1752235200,35.88,36.08,35.84,35.98
1752237000,35.96,36.12,35.92,36.12
1752238800,36.1,36.3,36.08,36.14
1752240600,36.14,36.22,36.1,36.22
1752242400,36.22,36.38,36.14,36.14
1752244200,36.16,36.2,36.02,36.1
1752246000,36.1,36.1,36.1,36.1
1752474600,36.2,36.2,36.2,36.2
1752476400,36.18,36.24,35.82,35.88
1752478200,35.86,35.96,35.68,35.7
1752480000,35.7,35.7,35.54,35.6
1752481800,35.58,35.68,35.56,35.66
1752483600,35.66,35.72,35.6,35.7
1752485400,35.7,35.72,35.62,35.68
1752487200,35.66,35.68,35.6,35.68
1752489000,35.68,35.72,35.62,35.66
1752490800,35.62,35.72,35.62,35.68
1752492600,35.68,35.68,35.6,35.64
1752494400,35.64,35.66,35.58,35.6
1752496200,35.58,35.62,35.52,35.54
1752498000,35.54,35.6,35.52,35.58
1752499800,35.58,35.62,35.52,35.58
1752501600,35.58,35.76,35.54,35.7
1752503400,35.68,35.7,35.6,35.64
1752505200,35.64,35.7,35.64,35.7
1752647400,35.68,35.68,35.68,35.68
1752649200,35.66,36.02,35.56,35.98
1752651000,36,36.08,35.92,36.04
1752652800,36.04,36.08,35.94,36
1752654600,36,36.04,35.94,35.96
1752656400,35.98,36.04,35.96,35.96
1752658200,35.98,36.02,35.94,35.98
1752660000,35.96,36.06,35.94,36.04
1752661800,36.04,36.06,35.92,36.06
1752663600,36.06,36.36,36.04,36.28
1752665400,36.3,36.3,36,36.02
1752667200,36.02,36.06,35.92,36
1752669000,36,36.02,35.44,35.58
1752670800,35.58,35.6,34.98,35.34
1752672600,35.32,35.46,35.26,35.4
1752674400,35.4,35.54,35.28,35.54
1752676200,35.54,35.78,35.48,35.58
1752678000,35.5,35.5,35.5,35.5
1752733800,35.72,35.72,35.72,35.72
1752735600,35.72,36.04,35.7,36.02
1752737400,36.02,36.18,36,36.02
1752739200,36.02,36.04,35.94,36
1752741000,36,36.04,35.92,35.94
1752742800,35.94,36.04,35.74,35.76
1752744600,35.76,35.94,35.76,35.9
1752746400,35.9,36,35.88,35.9
1752748200,35.88,36,35.86,35.94
1752750000,35.96,35.96,35.88,35.9
1752751800,35.9,35.92,35.8,35.92
1752753600,35.88,36.24,35.86,36.16
1752755400,36.18,36.22,36.06,36.16
1752757200,36.16,36.28,36.12,36.28
1752759000,36.28,36.44,36.22,36.24
1752760800,36.22,36.34,36.22,36.28
1752762600,36.26,36.32,36.2,36.28
1752764400,36.26,36.26,36.26,36.26
1752820200,36.2,36.2,36.2,36.2
1752822000,36.2,36.38,36.08,36.14
1752823800,36.14,36.18,36.06,36.1
1752825600,36.1,36.14,36.06,36.08
1752827400,36.08,36.08,35.94,36
1752829200,35.98,36.08,35.96,36.06
1752831000,36.08,36.1,36.02,36.04
1752832800,36.04,36.16,36.02,36.1
1752834600,36.1,36.1,36,36.08
1752836400,36.08,36.1,36.02,36.08
1752838200,36.08,36.16,36.04,36.1
1752840000,36.12,36.3,36.1,36.24
1752841800,36.22,36.4,36.22,36.32
1752843600,36.32,36.48,36.22,36.38
1752845400,36.4,36.44,36.28,36.34
1752847200,36.34,36.36,36.24,36.28
1752849000,36.3,36.42,36.26,36.28
1752850800,36.3,36.3,36.3,36.3
1753079400,36.78,36.78,36.78,36.78
1753081200,36.78,37.66,36.78,37.52
1753083000,37.54,38.06,37.52,37.8
1753084800,37.82,37.82,37.62,37.76
1753086600,37.76,37.8,37.7,37.74
1753088400,37.74,37.78,37.62,37.66
1753090200,37.66,37.76,37.6,37.62
1753092000,37.6,37.64,37.5,37.54
1753093800,37.52,37.6,37.46,37.58
1753095600,37.58,37.6,37.52,37.6
1753097400,37.58,37.64,37.52,37.58
1753099200,37.58,37.66,37.5,37.52
1753101000,37.52,37.56,37.44,37.46
1753102800,37.48,37.48,37.34,37.46
1753104600,37.46,37.54,37.42,37.5
1753106400,37.5,37.56,37.46,37.5
1753108200,37.5,37.56,37.4,37.5
1753110000,37.46,37.46,37.46,37.46
1753165800,37.52,37.52,37.52,37.52
1753167600,37.52,37.62,37.26,37.34
1753169400,37.32,37.42,37.24,37.42
1753171200,37.4,38.06,37.4,37.66
1753173000,37.68,37.74,37.62,37.68
1753174800,37.68,37.76,37.58,37.72
1753176600,37.72,37.74,37.64,37.68
1753178400,37.66,37.9,37.66,37.68
1753180200,37.7,37.74,37.64,37.68
1753182000,37.7,37.7,37.56,37.62
1753183800,37.62,37.62,37.36,37.38
1753185600,37.36,37.42,37.26,37.38
1753187400,37.36,37.44,37.32,37.4
1753189200,37.42,37.6,37.4,37.48
1753191000,37.48,37.52,37.16,37.26
1753192800,37.26,37.36,37.24,37.24
1753194600,37.24,37.4,37.08,37.28
1753196400,37.3,37.4,37.3,37.4
1753252200,37.46,37.46,37.46,37.46
1753254000,37.46,37.46,37.02,37.22
1753255800,37.22,37.28,37.14,37.16
1753257600,37.16,37.34,37.14,37.3
1753259400,37.32,37.6,37.3,37.5
1753261200,37.5,37.58,37.38,37.38
1753263000,37.38,37.44,37.32,37.44
1753264800,37.42,37.52,37.34,37.48
1753266600,37.5,37.56,37.4,37.42
1753268400,37.44,37.48,37.36,37.38
1753270200,37.36,37.4,37.28,37.34
1753272000,37.34,37.36,37.22,37.26
1753273800,37.26,37.7,37.24,37.48
1753275600,37.48,37.56,37.44,37.54
1753277400,37.54,37.66,37.48,37.62
1753279200,37.62,37.64,37.54,37.58
1753281000,37.56,37.6,37.36,37.56
1753282800,37.6,37.6,37.6,37.6
1753338600,37.7,37.7,37.7,37.7
1753340400,37.7,37.82,37.54,37.62
1753342200,37.64,38.1,37.6,37.94
1753344000,37.94,38,37.82,37.86
1753345800,37.86,38,37.8,37.86
1753347600,37.86,37.86,37.7,37.78
1753349400,37.78,37.82,37.74,37.76
1753351200,37.74,37.82,37.74,37.78
1753353000,37.78,37.78,37.68,37.74
1753354800,37.74,38,37.54,37.72
1753356600,37.7,38.28,37.68,37.9
1753358400,37.9,38.02,37.82,37.96
1753360200,37.94,38.12,37.94,38.08
1753362000,38.08,38.12,37.92,37.94
1753363800,37.94,38.06,37.88,37.94
1753365600,37.96,38.06,37.94,38.04
1753367400,38.04,38.1,37.72,37.8
1753369200,37.8,37.8,37.8,37.8
1753425000,37.98,37.98,37.98,37.98
1753426800,37.96,38.26,37.8,37.9
1753428600,37.88,37.96,37.76,37.78
1753430400,37.76,37.8,37.56,37.58
1753432200,37.58,37.58,37.32,37.4
1753434000,37.4,37.44,37.36,37.42
1753435800,37.42,37.42,37.34,37.34
1753437600,37.34,37.36,37.22,37.3
1753439400,37.28,37.34,37.28,37.3
1753441200,37.3,37.32,37.16,37.18
1753443000,37.18,37.32,37.16,37.32
1753444800,37.32,37.42,37.26,37.32
1753446600,37.32,37.38,37.2,37.24
1753448400,37.22,37.24,37.04,37.14
1753450200,37.14,37.42,37.14,37.22
1753452000,37.24,37.26,37.04,37.12
1753453800,37.12,37.26,37.08,37.12
1753455600,37.3,37.3,37.3,37.3
1753684200,37.28,37.28,37.28,37.28
1753686000,37.28,37.28,36.92,37.06
1753687800,37.06,37.12,36.96,37.02
1753689600,37.02,37.04,36.78,36.84
1753691400,36.84,36.86,36.78,36.82
1753693200,36.82,36.92,36.76,36.88
1753695000,36.88,36.9,36.78,36.82
1753696800,36.8,36.9,36.74,36.84
1753698600,36.84,36.86,36.8,36.84
1753700400,36.84,36.9,36.82,36.86
1753702200,36.86,36.88,36.76,36.8
1753704000,36.78,36.86,36.78,36.84
1753705800,36.84,36.88,36.82,36.84
1753707600,36.86,36.86,36.76,36.78
1753709400,36.76,36.78,36.64,36.68
1753711200,36.68,36.74,36.62,36.7
1753713000,36.7,36.78,36.62,36.68
1753714800,36.68,36.68,36.68,36.68
1753770600,36.68,36.68,36.68,36.68
1753772400,36.68,36.92,36.62,36.64
1753774200,36.64,36.8,36.54,36.54
1753776000,36.56,36.68,36.46,36.64
1753777800,36.64,36.74,36.62,36.7
1753779600,36.72,36.8,36.64,36.78
1753781400,36.78,36.8,36.74,36.76
1753783200,36.76,36.8,36.68,36.72
1753785000,36.74,36.76,36.66,36.66
1753786800,36.66,36.72,36.6,36.6
1753788600,36.62,36.8,36.6,36.76
1753790400,36.76,36.78,36.7,36.74
1753792200,36.72,36.74,36.58,36.58
1753794000,36.58,36.64,36.54,36.56
1753795800,36.54,36.64,36.5,36.58
1753797600,36.58,36.62,36.42,36.44
1753799400,36.44,36.44,36.32,36.42
1753801200,36.4,36.4,36.4,36.4
1753857000,36.4,36.4,36.4,36.4
1753858800,36.4,36.52,36.26,36.46
1753860600,36.46,36.58,36.44,36.58
1753862400,36.58,36.9,36.56,36.84
1753864200,36.84,37.06,36.78,36.92
1753866000,36.94,37.12,36.9,37.06
1753867800,37.08,37.18,37,37.02
1753869600,37.02,37.04,36.88,36.88
1753871400,36.88,37,36.86,36.94
1753873200,36.94,36.96,36.88,36.94
1753875000,36.92,37.1,36.9,37
1753876800,37.02,37.12,36.98,36.98
1753878600,37,37.08,36.96,37.02
1753880400,37.04,37.16,36.9,37.12
1753882200,37.14,37.34,37.12,37.18
1753884000,37.2,37.22,37.04,37.08
1753885800,37.06,37.1,37,37.06
1753887600,37.08,37.08,37.08,37.08
1753943400,37,37,37,37
1753945200,37.02,37.14,36.88,37
1753947000,37,37.24,36.96,37.12
1753948800,37.12,37.14,36.8,36.88
1753950600,36.9,36.92,36.82,36.84
1753952400,36.86,36.92,36.78,36.82
1753954200,36.84,36.96,36.8,36.88
1753956000,36.92,36.94,36.82,36.86
1753957800,36.84,36.86,36.64,36.68
1753959600,36.66,36.68,36.48,36.58
1753961400,36.56,36.62,36.52,36.58
1753963200,36.56,36.66,36.52,36.62
1753965000,36.6,36.68,36.58,36.66
1753966800,36.66,36.7,36.58,36.6
1753968600,36.58,36.72,36.56,36.7
1753970400,36.68,36.76,36.62,36.66
1753972200,36.66,36.8,36.64,36.78
1753974000,36.76,36.76,36.76,36.76
1754029800,36.66,36.66,36.66,36.66
1754031600,36.66,37.18,36.64,36.92
1754033400,36.94,37.06,36.88,37.02
1754035200,37,37.3,36.98,37.06
1754037000,37.06,37.08,36.94,37.06
1754038800,37.08,37.24,37,37.24
1754040600,37.22,37.38,37.18,37.28
1754042400,37.28,37.4,37.22,37.36
1754044200,37.34,37.38,37.24,37.3
1754046000,37.3,37.46,37.14,37.38
1754047800,37.4,37.4,37.28,37.36
1754049600,37.36,37.5,37.32,37.34
1754051400,37.32,37.42,37.22,37.26
1754053200,37.26,37.4,37.2,37.24
1754055000,37.24,37.28,37.14,37.16
1754056800,37.14,37.24,37.02,37.2
1754058600,37.18,37.34,37.12,37.28
1754060400,37.42,37.42,37.42,37.42
1754289000,37.66,37.66,37.66,37.66
1754290800,37.66,38,37.5,37.84
1754292600,37.84,37.98,37.72,37.74
1754294400,37.74,37.82,37.72,37.76
1754296200,37.76,37.8,37.72,37.74
1754298000,37.72,37.86,37.7,37.78
1754299800,37.78,37.96,37.76,37.82
1754301600,37.84,37.86,37.7,37.76
1754303400,37.74,37.78,37.58,37.64
1754305200,37.64,37.66,37.48,37.56
1754307000,37.56,37.58,37.48,37.52
1754308800,37.52,37.64,37.5,37.56
1754310600,37.58,37.64,37.54,37.6
1754312400,37.58,37.68,37.58,37.68
1754314200,37.66,37.74,37.54,37.6
1754316000,37.6,37.68,37.52,37.54
1754317800,37.54,37.66,37.5,37.58
1754319600,37.52,37.52,37.52,37.52
1754375400,37.54,37.54,37.54,37.54
1754377200,37.56,37.78,37.54,37.62
1754379000,37.62,37.66,37.54,37.58
1754380800,37.6,37.68,37.58,37.62
1754382600,37.64,37.7,37.58,37.66
1754384400,37.66,37.68,37.58,37.6
1754386200,37.6,37.64,37.54,37.54
1754388000,37.56,37.6,37.52,37.58
1754389800,37.58,37.58,37.42,37.44
1754391600,37.42,37.5,37.42,37.46
1754393400,37.48,37.5,37.44,37.48
1754395200,37.48,37.5,37.4,37.42
1754397000,37.42,37.48,37.4,37.46
1754398800,37.44,37.54,37.44,37.5
1754400600,37.48,37.62,37.48,37.58
1754402400,37.58,37.62,37.46,37.5
1754404200,37.5,37.6,37.48,37.5
1754406000,37.44,37.44,37.44,37.44
1754461800,37.94,37.94,37.94,37.94
1754463600,37.96,38.34,37.9,38.12
1754465400,38.12,39.38,38.08,39.1
1754467200,39.12,39.74,39.06,39.62
1754469000,39.62,39.94,39.3,39.42
1754470800,39.42,39.54,39.32,39.36
1754472600,39.38,39.46,39.32,39.34
1754474400,39.36,39.44,39.28,39.34
1754476200,39.36,39.4,39.26,39.26
1754478000,39.26,39.5,39.26,39.48
1754479800,39.46,39.6,39.44,39.46
1754481600,39.48,39.52,39.42,39.5
1754483400,39.5,39.52,39.36,39.4
1754485200,39.4,39.78,39.38,39.68
1754487000,39.66,40.16,39.66,39.88
1754488800,39.88,39.98,39.66,39.92
1754490600,39.92,40.04,39.74,39.8
1754492400,39.78,39.78,39.78,39.78
1754548200,39.98,39.98,39.98,39.98
1754550000,39.98,40.22,39.42,39.44
1754551800,39.44,39.82,39.38,39.64
1754553600,39.62,39.82,39.56,39.66
1754555400,39.66,39.86,39.58,39.8
1754557200,39.82,39.82,39.62,39.72
1754559000,39.74,39.86,39.7,39.76
1754560800,39.78,39.78,39.66,39.68
1754562600,39.68,39.7,39.62,39.68
1754564400,39.68,39.7,39.58,39.62
1754566200,39.64,40.24,39.58,39.86
1754568000,39.86,39.98,39.78,39.8
1754569800,39.8,39.82,39.66,39.74
1754571600,39.74,39.8,39.7,39.78
1754573400,39.76,39.78,39.54,39.54
1754575200,39.54,39.58,39.4,39.5
1754577000,39.48,39.54,39.38,39.46
1754578800,39.46,39.46,39.46,39.46
1754634600,39,39,39,39
1754636400,38.98,39.1,38.8,38.96
1754638200,38.94,39.3,38.9,39.24
1754640000,39.26,39.46,39.14,39.42
1754641800,39.4,39.42,39.2,39.22
1754643600,39.22,39.7,39.22,39.56
1754645400,39.56,39.84,39.5,39.72
1754647200,39.7,39.8,39.68,39.78
1754649000,39.76,39.78,39.56,39.62
1754650800,39.6,39.9,39.6,39.78
1754652600,39.8,40.32,39.76,40.22
1754654400,40.24,40.64,40.16,40.3
1754656200,40.32,40.34,40.12,40.18
1754658000,40.16,40.22,39.96,40.12
1754659800,40.12,40.14,39.56,39.7
1754661600,39.7,39.86,39.6,39.66
1754663400,39.64,39.74,39.6,39.68
1754665200,39.7,39.7,39.7,39.7
1754893800,39.98,39.98,39.98,39.98
1754895600,39.98,39.98,39.62,39.66
1754897400,39.66,39.82,39.58,39.7
1754899200,39.72,39.9,39.7,39.84
1754901000,39.82,40.18,39.8,39.94
1754902800,39.94,40.3,39.92,40.16
1754904600,40.16,40.16,40.02,40.16
1754906400,40.14,40.6,40.1,40.34
1754908200,40.34,40.38,40.28,40.3
1754910000,40.3,40.4,40.28,40.28
1754911800,40.28,40.34,40.26,40.26
1754913600,40.26,40.32,40.24,40.3
1754915400,40.28,40.3,40.16,40.24
1754917200,40.24,40.4,40.24,40.26
1754919000,40.28,40.3,40.12,40.18
1754920800,40.18,40.2,40.04,40.12
1754922600,40.1,40.2,40.04,40.14
1754924400,40.22,40.22,40.22,40.22
1754980200,40.36,40.36,40.36,40.36
1754982000,40.36,40.36,39.82,39.86
1754983800,39.86,39.98,39.82,39.88
1754985600,39.88,39.9,39.52,39.64
1754987400,39.66,39.66,39.5,39.58
1754989200,39.56,39.76,39.48,39.5
1754991000,39.48,39.54,39.44,39.46
1754992800,39.44,39.58,39.42,39.54
1754994600,39.52,39.6,39.48,39.52
1754996400,39.52,39.54,39.42,39.52
1754998200,39.5,39.64,39.5,39.62
1755000000,39.64,39.64,39.52,39.54
1755001800,39.56,39.72,39.52,39.58
1755003600,39.58,39.68,39.44,39.66
1755005400,39.68,39.7,39.6,39.64
1755007200,39.66,39.68,39.54,39.64
1755009000,39.62,39.74,39.48,39.52
1755010800,39.52,39.52,39.52,39.52
1755066600,39.58,39.58,39.58,39.58
1755068400,39.6,39.7,39.4,39.54
1755070200,39.56,39.6,39.44,39.46
1755072000,39.46,39.68,39.44,39.56
1755073800,39.58,39.6,39.5,39.56
1755075600,39.54,39.58,39.44,39.5
1755077400,39.48,39.5,39.32,39.38
1755079200,39.36,39.42,39.3,39.34
1755081000,39.32,39.46,39.3,39.44
1755082800,39.44,39.46,39.36,39.46
1755084600,39.44,39.98,39.36,39.76
1755086400,39.76,39.78,39.52,39.58
1755088200,39.58,39.58,39.42,39.46
1755090000,39.46,39.58,39.36,39.38
1755091800,39.38,39.42,39.3,39.32
1755093600,39.3,39.4,39.26,39.28
1755095400,39.28,39.3,39.14,39.18
1755097200,39.18,39.18,39.16,39.16
1755153000,39.14,39.14,39.14,39.14
1755154800,39.14,39.36,39.06,39.34
1755156600,39.32,39.38,39.24,39.28
1755158400,39.28,39.34,39.18,39.28
1755160200,39.3,39.52,39.24,39.48
1755162000,39.48,39.84,39.48,39.64
1755163800,39.64,39.86,39.56,39.82
1755165600,39.8,39.94,39.78,39.86
1755167400,39.84,40.04,39.82,39.86
1755169200,39.86,39.92,39.8,39.82
1755171000,39.82,39.96,39.78,39.92
1755172800,39.92,40.08,39.9,39.98
1755174600,39.96,39.98,39.66,39.7
1755176400,39.7,39.7,39.44,39.54
1755178200,39.54,39.68,39.5,39.62
1755180000,39.64,39.76,39.54,39.64
1755181800,39.62,39.76,39.52,39.62
1755183600,39.6,39.6,39.6,39.6
1755239400,39.64,39.64,39.64,39.64
1755241200,39.64,39.7,39.38,39.42
1755243000,39.4,39.66,39.22,39.48
1755244800,39.48,39.92,39.44,39.9
1755246600,39.88,40.22,39.8,40.06
1755248400,40.06,40.08,39.82,39.86
1755250200,39.86,39.94,39.82,39.88
1755252000,39.88,39.9,39.82,39.84
1755253800,39.82,39.92,39.82,39.84
1755255600,39.84,39.94,39.78,39.92
1755257400,39.92,39.92,39.76,39.84
1755259200,39.82,40.14,39.82,40.12
1755261000,40.14,40.18,40.02,40.16
1755262800,40.14,40.42,40.12,40.24
1755264600,40.24,40.28,40.1,40.16
1755266400,40.16,40.2,39.94,39.96
1755268200,39.94,40.02,39.86,39.98
1755270000,39.98,39.98,39.98,39.98
1755498600,41,41,41,41
1755500400,41.02,41.72,40.84,41.56
1755502200,41.54,42.62,41.52,42.6
1755504000,42.58,43.04,42.54,42.74
1755505800,42.74,42.82,42.5,42.68
1755507600,42.68,42.96,42.58,42.64
1755509400,42.64,42.76,42.52,42.68
1755511200,42.7,42.9,42.64,42.88
1755513000,42.88,42.88,42.7,42.76
1755514800,42.76,42.86,42.56,42.6
1755516600,42.6,42.72,42.56,42.58
1755518400,42.6,42.72,42.52,42.7
1755520200,42.68,42.74,42.56,42.6
1755522000,42.62,42.7,42.6,42.68
1755523800,42.66,42.68,42.48,42.6
1755525600,42.6,42.74,42.56,42.58
1755527400,42.58,42.58,42.36,42.5
1755529200,42.5,42.5,42.5,42.5
1755585000,42.5,42.5,42.5,42.5
1755586800,42.52,42.52,42.22,42.28
1755588600,42.26,42.62,42,42.12
1755590400,42.12,42.14,41.88,41.94
1755592200,41.94,42,41.82,41.92
1755594000,41.92,42.3,41.92,42.02
1755595800,42.02,42.6,42.02,42.3
1755597600,42.28,42.44,42.24,42.44
1755599400,42.44,42.48,42.3,42.36
1755601200,42.36,42.52,42.34,42.48
1755603000,42.46,42.56,42.24,42.3
1755604800,42.28,42.34,41.92,41.98
1755606600,41.96,42.02,41.88,41.96
1755608400,41.96,41.98,41.78,41.86
1755610200,41.84,41.92,41.58,41.64
1755612000,41.66,41.7,41.42,41.52
1755613800,41.5,41.62,41.38,41.46
1755615600,41.48,41.48,41.48,41.48
1755671400,41.4,41.4,41.4,41.4
1755673200,41.38,41.42,41.08,41.26
1755675000,41.26,41.46,41.18,41.44
1755676800,41.44,41.84,41.38,41.76
1755678600,41.78,42,41.6,41.94
1755680400,41.94,42.32,41.94,42.2
1755682200,42.2,42.24,42.04,42.16
1755684000,42.14,42.26,42.12,42.24
1755685800,42.24,42.38,42.22,42.38
1755687600,42.36,42.38,42.14,42.14
1755689400,42.16,42.2,42.08,42.18
1755691200,42.18,42.22,42.12,42.16
1755693000,42.16,42.34,42.14,42.3
1755694800,42.3,42.32,41.98,42.08
1755696600,42.08,42.1,41.86,41.98
1755698400,41.96,42.1,41.92,42.04
1755700200,42.04,42.08,41.94,41.98
1755702000,41.92,41.92,41.92,41.92
1755757800,41.92,41.92,41.92,41.92
1755759600,41.92,42.44,41.92,42.26
1755761400,42.26,42.4,42.16,42.3
1755763200,42.32,42.52,42.26,42.34
1755765000,42.32,42.38,42.16,42.24
1755766800,42.24,42.38,42.2,42.3
1755768600,42.26,42.32,42.14,42.26
1755770400,42.26,42.32,42.16,42.28
1755772200,42.28,42.3,42.1,42.12
1755774000,42.12,42.24,42.06,42.12
1755775800,42.1,42.2,42.1,42.16
1755777600,42.16,42.46,42.14,42.38
1755779400,42.38,42.4,42.18,42.38
1755781200,42.36,42.42,42.34,42.36
1755783000,42.38,42.74,42.32,42.66
1755784800,42.66,43.06,42.62,42.88
1755786600,42.88,42.94,42.8,42.84
1755788400,42.74,42.74,42.74,42.74
1755844200,42.94,42.94,42.94,42.94
1755846000,42.9,43.18,42.78,43
1755847800,43,43.1,42.84,42.96
1755849600,42.96,43.04,42.9,42.96
1755851400,42.98,43.06,42.9,42.96
1755853200,42.98,43.14,42.94,43.08
1755855000,43.1,43.18,43.02,43.12
1755856800,43.12,43.14,42.96,43
1755858600,43,43.1,42.96,43.06
1755860400,43.06,43.18,43,43.04
1755862200,43.04,43.12,42.98,43.02
1755864000,43,43.02,42.82,42.86
1755865800,42.86,42.9,42.58,42.76
1755867600,42.76,42.92,42.74,42.86
1755869400,42.84,42.92,42.74,42.78
1755871200,42.8,43.1,42.8,42.9
1755873000,42.9,43.18,42.9,43.14
1755874800,43.1,43.1,43.1,43.1
1756103400,43.6,43.6,43.6,43.6
1756105200,43.6,43.88,43.36,43.42
1756107000,43.42,43.66,43.34,43.54
1756108800,43.54,43.58,43.3,43.54
1756110600,43.52,43.58,43.46,43.54
1756112400,43.56,43.64,43.54,43.6
1756114200,43.62,43.8,43.52,43.8
1756116000,43.8,44.2,43.8,44.04
1756117800,44.04,44.2,43.92,43.94
1756119600,43.92,44,43.7,43.78
1756121400,43.78,43.78,43.6,43.72
1756123200,43.72,43.8,43.68,43.76
1756125000,43.78,43.78,43.6,43.7
1756126800,43.68,43.94,43.64,43.84
1756128600,43.84,43.86,43.7,43.78
1756130400,43.78,43.88,43.74,43.76
1756132200,43.76,43.84,43.66,43.72
1756134000,43.68,43.68,43.68,43.68
1756189800,43.66,43.66,43.66,43.66
1756191600,43.64,43.66,42.98,43.06
1756193400,43.04,43.48,43,43.02
1756195200,43.02,43.16,42.98,43.12
1756197000,43.12,43.14,42.86,42.94
1756198800,42.92,43.04,42.88,42.98
1756200600,43.02,43.08,42.98,43
1756202400,43,43.04,42.94,43
1756204200,43.02,43.22,43,43.14
1756206000,43.14,43.34,43.1,43.26
1756207800,43.26,43.26,43.1,43.12
1756209600,43.12,43.2,43.08,43.14
1756211400,43.14,43.26,43.12,43.2
1756213200,43.2,43.3,43.18,43.28
1756215000,43.28,43.72,43.22,43.54
1756216800,43.56,43.6,43.38,43.42
1756218600,43.42,43.46,42.96,43
1756220400,42.06,42.06,42.06,42.06
1756276200,42.3,42.3,42.3,42.3
1756278000,42.3,42.38,41.98,42.04
1756279800,42.04,42.04,41.58,41.76
1756281600,41.76,41.86,41.56,41.6
1756283400,41.6,41.6,41.26,41.4
1756285200,41.4,41.46,41.28,41.38
1756287000,41.38,41.42,41.3,41.32
1756288800,41.32,41.32,41.2,41.3
1756290600,41.28,41.32,41.2,41.26
1756292400,41.26,41.3,41.18,41.22
1756294200,41.24,41.3,41.08,41.16
1756296000,41.14,41.18,40.98,41.04
1756297800,41.04,41.14,41,41.12
1756299600,41.14,41.2,41.02,41.12
1756301400,41.12,41.18,41.06,41.08
1756303200,41.1,41.1,40.9,40.98
1756305000,40.98,41.02,40.8,41.02
1756306800,40.94,40.94,40.94,40.94
1756362600,41,41,41,41
1756364400,41.02,41.32,41.02,41.16
1756366200,41.16,41.42,41.1,41.26
1756368000,41.26,41.38,41.22,41.26
1756369800,41.26,41.26,41.06,41.12
1756371600,41.1,41.14,40.98,41.04
1756373400,41.04,41.06,40.98,41
1756375200,41,41.04,40.84,40.98
1756377000,40.98,41,40.82,40.9
1756378800,40.9,41.08,40.88,40.92
1756380600,40.94,40.94,40.84,40.88
1756382400,40.88,40.88,40.66,40.78
1756384200,40.78,40.78,40.66,40.74
1756386000,40.74,40.86,40.74,40.8
1756387800,40.8,40.82,40.62,40.68
1756389600,40.66,40.84,40.62,40.7
1756391400,40.68,40.82,40.52,40.7
1756393200,40.74,40.74,40.74,40.74
1756449000,40.92,40.92,40.92,40.92
1756450800,40.94,41.06,40.84,40.88
1756452600,40.86,40.88,40.7,40.72
1756454400,40.7,40.74,40.58,40.6
1756456200,40.62,40.68,40.56,40.64
1756458000,40.66,40.68,40.5,40.6
1756459800,40.62,40.7,40.58,40.7
1756461600,40.7,40.72,40.64,40.68
1756463400,40.7,41.12,40.66,40.94
1756465200,40.96,40.98,40.82,40.9
1756467000,40.88,40.94,40.74,40.86
1756468800,40.86,41,40.78,40.82
1756470600,40.8,40.96,40.78,40.88
1756472400,40.88,41.04,40.82,40.92
1756474200,40.9,40.94,40.62,40.66
1756476000,40.64,40.74,40.52,40.56
1756477800,40.54,40.72,40.52,40.62
1756479600,40.62,40.7,40.62,40.7
1756708200,40.86,40.86,40.86,40.86
1756710000,40.86,40.96,40.74,40.9
1756711800,40.9,40.94,40.72,40.88
1756713600,40.88,41,40.78,40.88
1756715400,40.88,41.04,40.76,41
1756717200,40.98,41.06,40.78,40.78
1756719000,40.8,40.82,40.64,40.76
1756720800,40.76,40.78,40.58,40.64
1756722600,40.64,40.68,40.5,40.62
1756724400,40.62,40.72,40.58,40.66
1756726200,40.66,40.66,40.54,40.6
1756728000,40.6,40.72,40.54,40.68
1756729800,40.7,40.72,40.6,40.68
1756731600,40.68,40.7,40.5,40.6
1756733400,40.6,40.72,40.56,40.66
1756735200,40.64,40.7,40.6,40.68
1756737000,40.68,40.7,40.5,40.58
1756738800,40.58,40.58,40.58,40.58
1756794600,40.8,40.8,40.8,40.8
1756796400,40.78,41.42,40.74,41.34
1756798200,41.34,41.36,41,41.08
1756800000,41.06,41.2,40.86,40.96
1756801800,40.96,41.04,40.82,40.92
1756803600,40.94,40.98,40.84,40.92
1756805400,40.92,40.96,40.88,40.96
1756807200,40.96,41.08,40.94,41.04
1756809000,41.04,41.04,40.84,40.86
1756810800,40.88,41.04,40.84,41.02
1756812600,41,41.04,40.9,40.98
1756814400,40.98,41.14,40.94,41.08
1756816200,41.08,41.1,38.76,38.76
1756818000,38.7,38.8,37.62,38.58
1756819800,38.58,39.08,38.54,38.86
1756821600,38.82,39.06,38.62,38.72
1756823400,38.72,38.98,38.7,38.94
1756825200,38.92,38.92,38.92,38.92
1756881000,38.92,38.92,38.92,38.92
1756882800,38.92,39.06,38.34,38.84
1756884600,38.84,38.84,37.94,38.1
1756886400,38.12,38.14,37.74,37.98
1756888200,37.96,38.36,37.86,38.24
1756890000,38.24,38.28,38.06,38.12
1756891800,38.12,38.26,38,38.16
1756893600,38.16,38.24,37.98,38.04
1756895400,38.04,38.22,38.02,38.1
1756897200,38.1,38.14,37.92,38
1756899000,38.02,38.22,37.88,38.18
1756900800,38.18,38.18,37.94,38
1756902600,38,38.12,37.92,38.1
1756904400,38.12,38.38,38.04,38.3
1756906200,38.3,38.42,38.18,38.3
1756908000,38.3,38.36,38.12,38.26
1756909800,38.26,38.32,38.16,38.24
1756911600,38.24,38.26,38.24,38.26
1756967400,38.26,38.26,38.26,38.26
1756969200,38.24,38.46,38.18,38.3
1756971000,38.28,38.38,38.12,38.28
1756972800,38.26,38.42,38.24,38.32
1756974600,38.3,38.34,38.2,38.34
1756976400,38.32,38.44,38.24,38.28
1756978200,38.26,38.3,38,38.12
1756980000,38.12,38.28,38.02,38.16
1756981800,38.16,38.34,38.16,38.28
1756983600,38.28,38.32,38.22,38.26
1756985400,38.24,38.3,38.12,38.16
1756987200,38.14,38.28,38.14,38.26
1756989000,38.26,38.28,38.16,38.16
1756990800,38.16,38.24,38.04,38.06
1756992600,38.06,38.1,37.86,37.96
1756994400,37.96,38.08,37.9,38.08
1756996200,38.08,38.26,38.04,38.14
1756998000,38.16,38.16,38.16,38.16
1757053800,38.32,38.32,38.32,38.32
1757055600,38.34,38.4,38.18,38.2
1757057400,38.24,38.26,37.84,37.96
1757059200,37.96,38.08,37.86,37.94
1757061000,37.96,38.28,37.94,38.1
1757062800,38.1,38.16,37.96,38.06
1757064600,38.08,38.08,37.98,38.04
1757066400,38.04,38.22,37.96,38.04
1757068200,38.02,38.08,37.84,37.88
1757070000,37.88,37.98,37.86,37.96
1757071800,37.96,38.14,37.96,37.98
1757073600,37.96,38.04,37.84,38.02
1757075400,38.02,38.18,37.94,38.02
1757077200,38,38.18,37.94,38.02
1757079000,38.02,38.62,37.92,38.38
1757080800,38.38,38.48,37.96,38
1757082600,38.02,38.08,37.62,37.68
1757084400,37.68,37.68,37.68,37.68
1757313000,37.12,37.12,37.12,37.12
1757314800,37.12,37.26,36.78,37.14
1757316600,37.16,37.22,36.82,36.86
1757318400,36.86,37.2,36.74,37
1757320200,37,37.02,36.8,36.82
1757322000,36.82,36.88,36.76,36.78
1757323800,36.78,36.84,36.74,36.78
1757325600,36.8,36.84,36.62,36.7
1757327400,36.72,36.86,36.7,36.78
1757329200,36.78,36.9,36.72,36.82
1757331000,36.8,36.9,36.62,36.72
1757332800,36.72,36.92,36.62,36.76
1757334600,36.76,36.82,36.58,36.74
1757336400,36.72,36.78,36.6,36.7
1757338200,36.72,36.9,36.66,36.8
1757340000,36.8,36.88,36.68,36.74
1757341800,36.74,36.8,36.54,36.56
1757343600,36.58,36.58,36.58,36.58
1757399400,36.76,36.76,36.76,36.76
1757401200,36.76,37.06,36.66,36.94
1757403000,36.94,37.14,36.9,37.14
1757404800,37.14,37.48,37,37.08
1757406600,37.08,37.12,36.9,36.98
1757408400,36.98,37.04,36.76,36.8
1757410200,36.8,36.86,36.7,36.74
1757412000,36.72,37.04,36.72,36.9
1757413800,36.9,36.96,36.74,36.88
1757415600,36.88,36.94,36.82,36.84
1757417400,36.84,36.9,36.76,36.82
1757419200,36.82,37,36.8,36.96
1757421000,36.96,36.98,36.72,36.82
1757422800,36.8,36.82,36.36,36.62
1757424600,36.62,36.62,36.14,36.52
1757426400,36.52,36.62,36.44,36.56
1757428200,36.56,36.58,36.34,36.38
1757430000,36.34,36.34,36.34,36.34
1757485800,36.64,36.64,36.64,36.64
1757487600,36.64,36.76,36.46,36.76
1757489400,36.76,36.9,36.68,36.74
1757491200,36.72,36.74,36.36,36.44
1757493000,36.44,36.52,36.24,36.38
1757494800,36.38,36.54,36.3,36.52
1757496600,36.52,36.56,36.42,36.48
1757498400,36.48,36.5,36.38,36.42
1757500200,36.46,36.52,36.38,36.46
1757502000,36.46,36.6,36.4,36.58
1757503800,36.58,36.68,36.44,36.54
1757505600,36.54,36.56,36.44,36.5
1757507400,36.5,36.64,36.44,36.48
1757509200,36.48,36.68,36.46,36.68
1757511000,36.66,36.76,36.56,36.6
1757512800,36.6,36.68,36.58,36.64
1757514600,36.64,36.74,36.54,36.62
1757516400,36.72,36.72,36.72,36.72
1757572200,36.7,36.7,36.7,36.7
1757574000,36.7,37.08,36.66,36.96
1757575800,36.96,37.16,36.94,37.14
1757577600,37.14,37.16,36.94,36.98
1757579400,36.98,37,36.9,36.92
1757581200,36.92,37,36.9,36.96
1757583000,36.98,37.02,36.94,37
1757584800,37,37.64,37,37.44
1757586600,37.44,37.54,37.38,37.48
1757588400,37.5,37.66,37.16,37.24
1757590200,37.22,37.34,37,37.22
1757592000,37.22,37.28,36.96,37
1757593800,37,37.16,36.92,37.1
1757595600,37.1,37.26,36.96,37.24
1757597400,37.22,37.36,37.08,37.18
1757599200,37.16,37.22,36.66,36.74
1757601000,36.72,36.74,36.46,36.5
1757602800,36.48,36.48,36.48,36.48
1757658600,36.5,36.5,36.5,36.5
1757660400,36.5,36.76,36.18,36.48
1757662200,36.46,36.56,36.34,36.46
1757664000,36.46,36.58,36.38,36.42
1757665800,36.42,36.42,36.24,36.28
1757667600,36.26,36.26,35.98,36.1
1757669400,36.08,36.16,36.04,36.1
1757671200,36.1,36.16,36,36.12
1757673000,36.1,36.34,36.1,36.24
1757674800,36.24,36.3,35.88,35.94
1757676600,35.94,36.08,35.88,35.98
1757678400,35.96,36.02,35.8,35.92
1757680200,35.92,36.16,35.9,36.04
1757682000,36.04,36.06,35.92,35.98
1757683800,35.96,36.16,35.96,36.1
1757685600,36.12,36.42,36.1,36.34
1757687400,36.34,36.62,36.24,36.26
1757689200,36.3,36.3,36.3,36.3
1757917800,36.08,36.08,36.08,36.08
1757919600,36.12,36.78,36.1,36.56
1757921400,36.56,36.58,36.26,36.28
1757923200,36.28,38.6,35.7,37.98
1757925000,37.98,38.16,37.74,37.86
1757926800,37.86,38.2,37.84,38.1
1757928600,38.06,38.3,38,38.02
1757930400,38.04,38.1,37.98,38
1757932200,38,38.08,37.96,38.04
1757934000,38.02,38.16,37.98,38.08
1757935800,38.08,38.18,38.06,38.14
1757937600,38.14,38.22,38.1,38.16
1757939400,38.16,38.5,38.14,38.42
1757941200,38.44,38.48,38.32,38.4
1757943000,38.42,38.46,38.32,38.44
1757944800,38.44,38.76,38.42,38.6
1757946600,38.6,38.78,38.6,38.7
1757948400,38.8,38.8,38.8,38.8
1758004200,38.82,38.82,38.82,38.82
1758006000,38.8,38.84,38.54,38.64
1758007800,38.66,38.98,38.6,38.76
1758009600,38.8,38.86,38.66,38.7
1758011400,38.7,38.78,38.54,38.56
1758013200,38.54,38.62,38.36,38.38
1758015000,38.38,38.42,38.2,38.26
1758016800,38.26,38.5,38.24,38.38
1758018600,38.38,38.42,38.3,38.34
1758020400,38.36,38.44,38.28,38.34
1758022200,38.34,38.52,38.3,38.42
1758024000,38.42,38.6,38.38,38.48
1758025800,38.5,38.66,38.44,38.66
1758027600,38.66,38.9,38.6,38.84
1758029400,38.84,38.88,38.72,38.82
1758031200,38.82,38.84,38.6,38.66
1758033000,38.66,38.84,38.64,38.76
1758034800,38.76,38.76,38.76,38.76
1758090600,38.76,38.76,38.76,38.76
1758092400,38.78,38.96,38.5,38.86
1758094200,38.86,38.9,38.62,38.64
1758096000,38.64,38.68,38.52,38.62
1758097800,38.6,38.66,38.58,38.66
1758099600,38.66,38.68,38.54,38.56
1758101400,38.56,38.58,38.48,38.5
1758103200,38.5,38.66,38.5,38.6
1758105000,38.6,38.62,38.48,38.52
1758106800,38.52,38.76,38.5,38.72
1758108600,38.74,38.78,38.56,38.58
1758110400,38.58,38.7,38.54,38.66
1758112200,38.66,38.66,38.54,38.62
1758114000,38.64,38.74,38.6,38.66
1758115800,38.66,38.7,38.44,38.46
1758117600,38.46,38.48,38.34,38.44
1758119400,38.44,38.46,38.2,38.3
1758121200,38.34,38.34,38.34,38.34
1758177000,38.52,38.52,38.52,38.52
1758178800,38.52,38.86,38.5,38.78
1758180600,38.78,38.92,38.78,38.9
1758182400,38.9,39.54,38.86,39.42
1758184200,39.42,39.58,39.32,39.54
1758186000,39.54,39.68,39.48,39.6
1758187800,39.6,39.62,39.4,39.42
1758189600,39.44,39.5,39.36,39.4
1758191400,39.4,39.4,39.3,39.32
1758193200,39.32,39.38,39.2,39.24
1758195000,39.24,39.26,39.14,39.18
1758196800,39.18,39.2,39.1,39.14
1758198600,39.14,39.24,39.12,39.2
1758200400,39.22,39.26,38.94,39.08
1758202200,39.08,39.1,38.7,38.76
1758204000,38.78,38.9,38.7,38.84
1758205800,38.84,38.86,38.4,38.5
1758207600,38.52,38.52,38.52,38.52
1758263400,38.6,38.6,38.6,38.6
1758265200,38.6,38.64,38.5,38.58
1758267000,38.58,38.62,38.54,38.58
1758268800,38.58,38.68,38.56,38.66
1758270600,38.68,38.88,38.62,38.7
1758272400,38.7,38.92,38.68,38.74
1758274200,38.76,38.8,38.66,38.68
1758276000,38.7,38.7,38.54,38.6
1758277800,38.58,38.66,38.56,38.6
1758279600,38.6,38.62,38.5,38.6
1758281400,38.6,38.64,38.54,38.56
1758283200,38.58,38.88,38.58,38.76
1758285000,38.78,39.38,38.42,39.34
1758286800,39.36,39.46,39.08,39.22
1758288600,39.2,39.32,39.12,39.16
1758290400,39.16,39.18,38.8,39.06
1758292200,39.06,39.52,39.06,39.5
1758294000,39.28,39.28,39.28,39.28
1758522600,40.16,40.16,40.16,40.16
1758524400,40.16,40.34,40.08,40.24
1758526200,40.22,40.48,40.22,40.4
1758528000,40.4,40.48,40.32,40.38
1758529800,40.36,40.54,40.32,40.42
1758531600,40.44,40.72,40.42,40.62
1758533400,40.62,40.64,40.48,40.54
1758535200,40.54,40.6,40.46,40.48
1758537000,40.46,40.5,40.32,40.36
1758538800,40.36,40.42,40.28,40.3
1758540600,40.3,40.34,40.12,40.24
1758542400,40.22,40.26,40,40.08
1758544200,40.08,40.16,39.96,40.1
1758546000,40.12,40.16,40.04,40.08
1758547800,40.08,40.2,40.08,40.14
1758549600,40.14,40.18,40.08,40.12
1758551400,40.12,40.24,40.06,40.18
1758553200,40.18,40.18,40.18,40.18
1758609000,39.66,39.66,39.66,39.66
1758610800,39.66,40.28,39.34,40.16
1758612600,40.14,40.18,39.96,40.1
1758614400,40.1,40.52,40.04,40.32
1758616200,40.32,40.4,40.28,40.34
1758618000,40.34,40.38,40.2,40.2
1758619800,40.22,40.26,40.08,40.12
1758621600,40.12,40.42,40.06,40.3
1758623400,40.3,40.5,40.22,40.48
1758625200,40.46,40.78,40.3,40.38
1758627000,40.4,40.6,40.22,40.56
1758628800,40.56,40.62,40.42,40.6
1758630600,40.62,40.64,40.18,40.24
1758632400,40.24,40.46,40.04,40.42
1758634200,40.42,40.56,40.4,40.46
1758636000,40.48,40.82,40.4,40.68
1758637800,40.68,40.94,40.6,40.86
1758639600,40.7,40.7,40.7,40.7
1758695400,40.78,40.78,40.78,40.78
1758697200,40.76,40.8,39.9,40.04
1758699000,40.02,40.38,39.98,40.2
1758700800,40.2,40.3,39.28,39.58
1758702600,39.6,39.82,39.46,39.72
1758704400,39.72,39.82,39.38,39.48
1758706200,39.48,39.64,39.46,39.6
1758708000,39.6,39.72,39.46,39.68
1758709800,39.7,40.28,39.68,39.92
1758711600,39.94,39.98,39.66,39.72
1758713400,39.72,39.72,39.48,39.6
1758715200,39.6,39.74,39.6,39.66
1758717000,39.68,39.76,39.64,39.76
1758718800,39.74,39.76,39.54,39.6
1758720600,39.6,39.72,39.6,39.64
1758722400,39.64,39.64,39.52,39.62
1758724200,39.6,39.82,39.52,39.72
1758726000,39.7,39.7,39.7,39.7
1758781800,39.94,39.94,39.94,39.94
1758783600,39.94,40.32,39.94,40.14
1758785400,40.14,40.34,40.14,40.2
1758787200,40.22,40.26,40.04,40.06
1758789000,40.06,40.2,40.04,40.08
1758790800,40.08,40.1,39.96,39.98
1758792600,39.96,39.98,39.72,39.84
1758794400,39.84,39.84,39.6,39.68
1758796200,39.68,39.86,39.62,39.84
1758798000,39.84,39.84,39.6,39.64
1758799800,39.62,39.64,39.48,39.48
1758801600,39.48,39.54,39.42,39.5
1758803400,39.48,39.5,39.36,39.4
1758805200,39.42,39.88,39.4,39.82
1758807000,39.82,39.84,39.68,39.74
1758808800,39.76,39.82,39.66,39.78
1758810600,39.78,40,39.74,39.96
1758812400,39.96,39.96,39.96,39.96
1758868200,39.9,39.9,39.9,39.9
1758870000,39.9,39.94,39.5,39.56
1758871800,39.56,39.66,39.26,39.26
1758873600,39.28,39.5,39.24,39.46
1758875400,39.44,39.56,39.3,39.34
1758877200,39.34,39.48,39.3,39.48
1758879000,39.48,39.58,39.46,39.5
1758880800,39.5,39.52,39.42,39.46
1758882600,39.46,39.46,39.36,39.38
1758884400,39.4,39.4,39.14,39.22
1758886200,39.2,39.28,39.16,39.2
1758888000,39.2,39.22,39.12,39.18
1758889800,39.18,39.28,39.14,39.16
1758891600,39.18,39.18,38.62,38.76
1758893400,38.76,38.78,38.4,38.46
1758895200,38.46,38.54,38.34,38.38
1758897000,38.38,38.48,38.2,38.22
1758898800,38.22,38.22,38.14,38.14
1759127400,37.86,37.86,37.86,37.86
1759129200,37.84,37.92,37.42,37.9
1759131000,37.92,38.04,37.82,37.96
1759132800,37.96,37.98,37.62,37.72
1759134600,37.74,37.8,37.7,37.76
1759136400,37.76,37.82,37.72,37.76
1759138200,37.78,37.86,37.74,37.76
1759140000,37.74,37.84,37.74,37.8
1759141800,37.78,37.82,37.7,37.72
1759143600,37.74,37.84,37.72,37.76
1759145400,37.76,37.82,37.72,37.78
1759147200,37.78,37.9,37.64,37.68
1759149000,37.66,37.78,37.64,37.76
1759150800,37.78,37.78,37.44,37.52
1759152600,37.52,37.78,37.46,37.78
1759154400,37.78,37.78,37.6,37.72
1759156200,37.72,37.76,37.48,37.5
1759158000,37.54,37.54,37.54,37.54
1759213800,37.54,37.54,37.54,37.54
1759215600,37.54,37.92,37.48,37.82
1759217400,37.8,37.84,37.64,37.72
1759219200,37.7,37.82,37.68,37.74
1759221000,37.72,37.82,37.54,37.58
1759222800,37.56,37.62,37.32,37.4
1759224600,37.38,37.6,37.3,37.52
1759226400,37.54,37.68,37.5,37.56
1759228200,37.58,37.72,37.3,37.32
1759230000,37.34,37.46,37.32,37.4
1759231800,37.4,37.52,37.2,37.32
1759233600,37.32,37.38,37.26,37.3
1759235400,37.32,37.48,37.24,37.4
1759237200,37.38,37.48,37.32,37.38
1759239000,37.36,37.42,37.32,37.42
1759240800,37.42,37.64,37.16,37.4
1759242600,37.38,37.42,37.26,37.32
1759244400,37.32,37.32,37.32,37.32
1759300200,37.32,37.32,37.32,37.32
1759302000,37.32,37.34,37.02,37.18
1759303800,37.18,37.24,37.12,37.2
1759305600,37.2,37.2,36.98,37
1759307400,37,37.02,36.84,36.9
1759309200,36.88,36.94,36.82,36.88
1759311000,36.88,36.88,36.74,36.84
1759312800,36.84,36.84,36.7,36.74
1759314600,36.74,36.86,36.72,36.8
1759316400,36.8,36.82,36.66,36.72
1759318200,36.72,37.02,36.72,36.86
1759320000,36.84,37.24,36.82,37.24
1759321800,37.22,37.48,37.18,37.38
1759323600,37.38,37.7,37.28,37.6
1759325400,37.58,37.62,37.32,37.36
1759327200,37.38,37.46,37.3,37.34
1759329000,37.34,37.54,37.24,37.48
1759330800,37.48,37.48,37.48,37.48
1759386600,37.48,37.48,37.48,37.48
1759388400,37.46,37.48,36.98,37.08
1759390200,37.08,37.1,36.58,36.66
1759392000,36.66,36.74,36.58,36.68
1759393800,36.68,36.68,36.56,36.58
1759395600,36.58,36.58,35.62,35.66
1759397400,35.68,36,35.62,35.9
1759399200,35.88,36.04,35.86,36
1759401000,36,36.1,35.94,36.08
1759402800,36.08,36.12,36.02,36.06
1759404600,36.06,36.12,35.92,35.96
1759406400,35.94,36.02,35.88,35.94
1759408200,35.92,36.06,35.92,35.98
1759410000,35.98,36.1,35.96,36.02
1759411800,36.02,36.06,35.88,35.92
1759413600,35.92,35.94,35.84,35.92
1759415400,35.92,35.96,35.82,35.84
1759417200,35.86,35.88,35.84,35.88
1759473000,36.1,36.1,36.1,36.1
1759474800,36.1,36.14,35.86,36.08
1759476600,36.08,36.3,36.02,36.04
1759478400,36.04,36.08,35.84,35.88
1759480200,35.88,35.94,35.86,35.86
1759482000,35.86,35.94,35.84,35.94
1759483800,35.94,36,35.88,35.96
1759485600,35.96,36.02,35.9,35.94
1759487400,35.94,36.04,35.94,35.96
1759489200,35.96,35.98,35.88,35.92
1759491000,35.92,35.98,35.8,35.84
1759492800,35.86,35.92,35.8,35.88
1759494600,35.88,35.9,35.84,35.88
1759496400,35.88,35.9,35.78,35.9
1759498200,35.9,35.92,35.78,35.84
1759500000,35.84,35.84,35.76,35.78
1759501800,35.78,35.8,35.48,35.6
1759503600,35.6,35.6,35.6,35.6
1759732200,35.72,35.72,35.72,35.72
1759734000,35.72,35.78,35.64,35.7
1759735800,35.72,35.72,35.6,35.7
1759737600,35.7,35.76,35.68,35.7
1759739400,35.72,35.74,35.64,35.66
1759741200,35.68,35.72,35.54,35.6
1759743000,35.58,35.6,35.5,35.56
1759744800,35.56,35.58,35.42,35.54
1759746600,35.54,35.6,35.5,35.52
1759748400,35.52,35.56,35.42,35.5
1759750200,35.48,35.52,35.36,35.38
1759752000,35.38,35.46,35.32,35.44
1759753800,35.44,35.52,35.4,35.5
1759755600,35.5,35.56,35.36,35.36
1759757400,35.38,35.5,35.22,35.48
1759759200,35.48,35.5,35.36,35.4
1759761000,35.4,35.4,35.06,35.14
1759762800,35.14,35.14,35.14,35.14
1759818600,35.16,35.16,35.16,35.16
1759820400,35.16,35.42,35.12,35.3
1759822200,35.3,35.32,35.12,35.2
1759824000,35.18,35.28,35.06,35.28
1759825800,35.26,35.32,35.22,35.26
1759827600,35.26,35.48,35.26,35.42
1759829400,35.42,35.54,35.38,35.42
1759831200,35.42,35.66,35.42,35.56
1759833000,35.58,35.58,35.48,35.5
1759834800,35.52,35.52,35.44,35.46
1759836600,35.44,35.56,35.4,35.42
1759838400,35.44,35.52,35.42,35.44
1759840200,35.44,35.46,35.24,35.4
1759842000,35.4,35.5,35.3,35.38
1759843800,35.36,35.46,35.28,35.46
1759845600,35.46,35.48,35.22,35.34
1759847400,35.36,35.5,35.32,35.34
1759849200,35.32,35.32,35.32,35.32
1759905000,35.26,35.26,35.26,35.26
1759906800,35.24,35.54,35.22,35.52
1759908600,35.54,35.64,35.44,35.6
1759910400,35.6,35.64,35.52,35.54
1759912200,35.54,35.56,35.4,35.54
1759914000,35.52,35.58,35.42,35.46
1759915800,35.46,35.48,35.3,35.34
1759917600,35.34,35.34,35.16,35.32
1759919400,35.3,35.32,35.24,35.26
1759921200,35.26,35.3,35.24,35.28
1759923000,35.3,35.4,35.24,35.3
1759924800,35.3,35.32,35.1,35.1
1759926600,35.1,35.16,34.96,35.04
1759928400,35.04,35.14,35.02,35.14
1759930200,35.14,35.2,35.06,35.16
1759932000,35.16,35.18,35.06,35.1
1759933800,35.08,35.1,34.98,35.02
1759935600,35.02,35.02,35,35
1759991400,35.4,35.4,35.4,35.4
1759993200,35.4,35.5,35.26,35.38
1759995000,35.4,35.4,35.12,35.24
1759996800,35.24,35.3,35.14,35.26
1759998600,35.26,35.26,35.1,35.2
1760000400,35.18,35.24,35.16,35.16
1760002200,35.18,35.32,35.16,35.3
1760004000,35.28,35.34,35.26,35.26
1760005800,35.26,35.28,35.14,35.2
1760007600,35.18,35.2,34.9,35.08
1760009400,35.1,35.18,35,35.02
1760011200,35.02,35.12,35,35.02
1760013000,35,35.18,34.98,35.16
1760014800,35.16,35.5,35.14,35.38
1760016600,35.38,35.4,35.14,35.2
1760018400,35.2,35.24,35.08,35.14
1760020200,35.14,35.14,34.82,34.9
1760022000,35,35,35,35
1760077800,35.04,35.04,35.04,35.04
1760079600,35.04,35.26,34.98,35.2
1760081400,35.2,35.32,35.18,35.26
1760083200,35.26,35.32,35.12,35.16
1760085000,35.16,35.2,34.98,35.04
1760086800,35.04,35.1,35.02,35.04
1760088600,35.04,35.06,34.94,34.98
1760090400,34.96,35.1,34.92,35.02
1760092200,35.02,35.04,35,35.02
1760094000,35.02,35.06,34.94,34.98
1760095800,34.98,35,34.92,34.98
1760097600,34.98,35.06,34.98,35
1760099400,34.98,35,34.74,34.82
1760101200,34.82,34.88,34.78,34.86
1760103000,34.86,34.96,34.7,34.92
1760104800,34.92,35.02,34.84,34.96
1760106600,34.96,35.12,34.9,35.04
1760108400,35.04,35.04,35.04,35.04
1760337000,34.7,34.7,34.7,34.7
1760338800,34.68,34.74,34.46,34.52
1760340600,34.52,34.6,34.44,34.56
1760342400,34.56,34.7,34.48,34.68
1760344200,34.7,34.88,34.66,34.84
1760346000,34.84,34.9,34.74,34.78
1760347800,34.78,34.82,34.74,34.8
1760349600,34.78,34.82,34.72,34.78
1760351400,34.78,34.8,34.68,34.76
1760353200,34.76,34.76,34.62,34.64
1760355000,34.66,34.74,34.6,34.62
1760356800,34.62,34.7,34.56,34.6
1760358600,34.6,34.64,34.56,34.6
1760360400,34.58,34.66,34.32,34.46
1760362200,34.44,34.5,34.42,34.42
1760364000,34.44,34.48,34.36,34.44
1760365800,34.44,34.48,34.38,34.44
1760367600,34.46,34.46,34.46,34.46
1760423400,34.62,34.62,34.62,34.62
1760425200,34.64,34.9,34.38,34.44
1760427000,34.46,34.48,34.04,34.14
1760428800,34.14,34.24,34.12,34.16
1760430600,34.16,34.28,34.14,34.2
1760432400,34.22,34.32,34.2,34.24
1760434200,34.26,34.4,34.2,34.28
1760436000,34.28,34.34,34.2,34.2
1760437800,34.2,34.24,33.96,34.08
1760439600,34.08,34.12,34.02,34.06
1760441400,34.08,34.12,33.94,33.96
1760443200,33.96,34.08,33.92,34.02
1760445000,34.02,34.12,33.96,34.04
1760446800,34.04,34.04,33.66,33.78
1760448600,33.8,33.88,33.74,33.84
1760450400,33.84,33.96,33.8,33.84
1760452200,33.82,33.86,33.68,33.7
1760454000,33.68,33.68,33.68,33.68
1760509800,33.94,33.94,33.94,33.94
1760511600,33.94,34,33.58,33.76
1760513400,33.74,33.92,33.7,33.72
1760515200,33.72,33.8,33.56,33.64
1760517000,33.66,34.42,33.64,34.02
1760518800,34,34.02,33.82,33.96
1760520600,33.96,34.08,33.94,33.94
1760522400,33.96,34.2,33.94,34.14
1760524200,34.12,34.74,34.1,34.44
1760526000,34.42,34.46,34.28,34.34
1760527800,34.34,34.4,34.3,34.36
1760529600,34.36,34.52,34.12,34.28
1760531400,34.26,34.64,34.24,34.58
1760533200,34.58,34.74,34.54,34.56
1760535000,34.56,34.62,34.34,34.38
1760536800,34.38,34.58,34.38,34.54
1760538600,34.54,34.66,34.4,34.6
1760540400,34.52,34.52,34.52,34.52
1760596200,33.8,33.8,33.8,33.8
1760598000,33.78,34.08,33.44,33.9
1760599800,33.9,34,33.54,33.68
1760601600,33.68,33.86,33.64,33.84
1760603400,33.84,34.04,33.84,33.9
1760605200,33.9,34,33.86,33.96
1760607000,33.94,34.02,33.84,33.9
1760608800,33.88,34,33.76,33.98
1760610600,33.96,34.02,33.9,33.96
1760612400,33.96,33.98,33.9,33.92
1760614200,33.94,33.94,33.7,33.76
1760616000,33.76,33.84,33.74,33.8
1760617800,33.78,33.8,33.56,33.64
1760619600,33.62,33.72,33.56,33.58
1760621400,33.58,33.6,33.54,33.58
1760623200,33.58,33.58,33.34,33.36
1760625000,33.34,33.44,33.28,33.3
1760626800,33.38,33.38,33.38,33.38
1760682600,33.24,33.24,33.24,33.24
1760684400,33.24,33.34,33.06,33.12
1760686200,33.1,33.14,32.92,32.92
1760688000,32.94,32.94,32.74,32.9
1760689800,32.88,32.9,32.58,32.72
1760691600,32.72,32.76,32.56,32.68
1760693400,32.68,32.74,32.64,32.72
1760695200,32.72,32.8,32.66,32.7
1760697000,32.7,32.76,32.68,32.74
1760698800,32.72,32.92,32.68,32.84
1760700600,32.86,32.94,32.76,32.86
1760702400,32.86,33,32.78,32.82
1760704200,32.8,32.96,32.78,32.82
1760706000,32.84,33.06,32.76,33
1760707800,33.02,33.16,33,33.14
1760709600,33.14,33.2,32.8,32.82
1760711400,32.82,32.92,32.74,32.86
1760713200,32.84,32.88,32.84,32.88
1760941800,32.92,32.92,32.92,32.92
1760943600,32.94,33.1,32.78,32.84
1760945400,32.84,32.86,32.44,32.5
1760947200,32.48,32.66,32.48,32.6
1760949000,32.6,32.76,32.58,32.68
1760950800,32.66,32.98,32.66,32.88
1760952600,32.88,33.1,32.86,32.92
1760954400,32.9,32.94,32.82,32.94
1760956200,32.94,33,32.84,32.86
1760958000,32.84,33,32.74,32.96
1760959800,32.96,33.14,32.92,33.14
1760961600,33.14,33.22,33.04,33.12
1760963400,33.14,33.24,33.04,33.04
1760965200,33.06,33.14,33,33.12
1760967000,33.1,33.3,33.1,33.28
1760968800,33.28,33.4,33.18,33.22
1760970600,33.22,33.38,33.2,33.24
1760972400,33.24,33.32,33.24,33.32
1761028200,32.7,32.7,32.7,32.7
1761030000,32.7,32.98,32.64,32.98
1761031800,32.98,33.1,32.88,32.94
1761033600,32.94,32.94,32.78,32.8
1761035400,32.8,32.88,32.78,32.84
1761037200,32.84,33.08,32.82,33.08
1761039000,33.06,33.28,33.06,33.12
1761040800,33.1,33.4,33.1,33.32
1761042600,33.3,33.4,33.22,33.26
1761044400,33.28,33.34,33.24,33.32
1761046200,33.32,33.44,33.3,33.34
1761048000,33.32,33.52,33.3,33.38
1761049800,33.38,33.74,33.36,33.74
1761051600,33.74,33.9,33.66,33.86
1761053400,33.88,33.92,33.6,33.64
1761055200,33.64,33.74,33.52,33.68
1761057000,33.7,33.7,33.5,33.54
1761058800,33.52,33.52,33.52,33.52
1761114600,33.92,33.92,33.92,33.92
1761116400,33.92,34.76,33.9,34.42
1761118200,34.44,34.44,34.14,34.28
1761120000,34.26,34.28,34.1,34.22
1761121800,34.22,34.24,34,34.04
1761123600,34.04,34.04,33.82,33.84
1761125400,33.86,33.9,33.72,33.78
1761127200,33.8,33.8,33.62,33.64
1761129000,33.66,33.78,33.64,33.66
1761130800,33.68,33.72,33.56,33.62
1761132600,33.6,33.8,33.58,33.64
1761134400,33.66,33.8,33.62,33.78
1761136200,33.76,34.16,33.76,34.06
1761138000,34.06,34.26,34,34.14
1761139800,34.12,34.22,34.08,34.14
1761141600,34.12,34.4,34.1,34.12
1761143400,34.14,34.28,34.1,34.1
1761145200,34.1,34.1,34.1,34.1
1761201000,34.1,34.1,34.1,34.1
1761202800,34.12,34.22,33.98,34.12
1761204600,34.14,34.28,34.08,34.16
1761206400,34.14,34.3,34.14,34.24
1761208200,34.24,34.46,34.22,34.42
1761210000,34.44,34.44,34.3,34.4
1761211800,34.38,34.4,34.24,34.3
1761213600,34.28,34.38,34.2,34.24
1761215400,34.24,34.4,34.18,34.38
1761217200,34.36,34.56,34.14,34.48
1761219000,34.48,34.62,34.42,34.62
1761220800,34.6,34.64,34.46,34.52
1761222600,34.52,34.54,34.4,34.52
1761224400,34.52,34.64,34.4,34.6
1761226200,34.6,34.7,34.54,34.58
1761228000,34.58,34.66,34.54,34.62
1761229800,34.62,34.64,34.4,34.5
1761231600,34.54,34.54,34.54,34.54
1761287400,34.7,34.7,34.7,34.7
1761289200,34.7,34.94,34.62,34.84
1761291000,34.82,35.04,34.66,34.82
1761292800,34.84,36.54,34.74,36.44
1761294600,36.46,36.96,36.22,36.3
1761296400,36.3,36.46,36.12,36.14
1761298200,36.16,36.24,36.06,36.18
1761300000,36.2,36.26,36.06,36.16
1761301800,36.18,36.36,36.12,36.16
1761303600,36.16,36.22,35.96,36
1761305400,35.98,36.06,35.88,36.02
1761307200,36.02,36.32,35.96,36.3
1761309000,36.28,36.38,36.06,36.34
1761310800,36.34,36.38,36.1,36.22
1761312600,36.22,36.24,36.04,36.2
1761314400,36.2,36.28,35.86,35.96
1761316200,35.96,36.06,35.88,35.88
1761318000,35.82,35.82,35.82,35.82
1761546600,35.82,35.82,35.82,35.82
1761548400,35.82,36.04,35.76,35.94
1761550200,35.94,36.14,35.86,35.96
1761552000,35.96,36.1,35.92,36.06
1761553800,36.06,36.12,35.94,36.02
1761555600,36,36.12,36,36.08
1761557400,36.08,36.08,35.9,35.96
1761559200,35.96,35.98,35.78,35.94
1761561000,35.94,35.98,35.86,35.94
1761562800,35.94,35.96,35.84,35.86
1761564600,35.86,36.02,35.82,35.82
1761566400,35.84,35.92,35.76,35.86
1761568200,35.84,35.9,35.8,35.86
1761570000,35.86,35.92,35.72,35.86
1761571800,35.84,35.94,35.74,35.88
1761573600,35.9,36.02,35.88,35.96
1761575400,35.96,35.96,35.7,35.72
1761577200,35.72,35.72,35.72,35.72
1761633000,35.66,35.66,35.66,35.66
1761634800,35.66,35.88,35.62,35.64
1761636600,35.64,35.74,35.6,35.64
1761638400,35.64,36.06,35.64,36.04
1761640200,36.04,36.12,35.92,36.04
1761642000,36.06,36.36,36.04,36.22
1761643800,36.26,36.26,36.26,36.26
1761805800,36.26,36.26,36.26,36.26
1761807600,36.26,36.42,35.94,35.96
1761809400,35.96,36.16,35.94,36.06
1761811200,36.06,36.26,36.06,36.18
1761813000,36.18,36.18,36,36.1
1761814800,36.12,36.18,36.02,36.12
1761816600,36.12,36.5,36.12,36.44
1761818400,36.44,36.68,36.44,36.64
1761820200,36.64,36.68,36.46,36.56
1761822000,36.56,36.78,36.56,36.68
1761823800,36.66,36.72,36.54,36.7
1761825600,36.68,36.72,36.64,36.72
1761827400,36.7,36.74,36.66,36.72
1761829200,36.72,36.82,36.68,36.78
1761831000,36.78,36.82,36.68,36.8
1761832800,36.8,36.88,36.6,36.62
1761834600,36.62,36.72,36.6,36.72
1761836400,36.76,36.76,36.76,36.76
1761892200,36.76,36.76,36.76,36.76
1761894000,36.74,36.76,36.42,36.48
1761895800,36.46,36.52,36.3,36.32
1761897600,36.34,36.86,36.32,36.76
1761899400,36.78,36.9,36.72,36.76
1761901200,36.78,36.88,36.74,36.86
1761903000,36.88,37,36.8,36.94
1761904800,36.96,37.08,36.92,36.94
1761906600,36.96,37.06,36.86,36.88
1761908400,36.86,36.94,36.82,36.94
1761910200,36.92,36.98,36.82,36.9
1761912000,36.88,36.92,36.7,36.8
1761913800,36.78,36.78,36.6,36.78
1761915600,36.76,36.82,36.64,36.68
1761917400,36.7,36.88,36.58,36.8
1761919200,36.82,36.84,36.68,36.72
1761921000,36.72,36.86,36.64,36.8
1761922800,36.78,36.78,36.78,36.78
1762151400,36.8,36.8,36.8,36.8
1762153200,36.82,37.36,36.7,37.28
1762155000,37.26,37.28,37.18,37.22
1762156800,37.2,37.24,37.1,37.22
1762158600,37.2,37.28,37.1,37.24
1762160400,37.26,37.34,37.22,37.34
1762162200,37.34,37.5,37.32,37.4
1762164000,37.4,37.44,37.34,37.36
1762165800,37.36,37.38,37.26,37.3
1762167600,37.3,37.46,37.28,37.44
1762169400,37.44,37.66,37.44,37.6
1762171200,37.6,37.62,37.38,37.42
1762173000,37.4,37.44,37.22,37.28
1762174800,37.28,37.3,37.2,37.28
1762176600,37.28,37.34,37.02,37.12
1762178400,37.12,37.22,37.04,37.04
1762180200,37.04,37.32,36.96,37.24
1762182000,37.2,37.2,37.2,37.2
1762237800,37.08,37.08,37.08,37.08
1762239600,37.08,37.18,36.88,36.96
1762241400,36.98,37.04,36.86,37
1762243200,37,37.5,36.9,37.28
1762245000,37.28,37.42,37.16,37.34
1762246800,37.34,37.52,37.3,37.32
1762248600,37.34,37.34,37.18,37.2
1762250400,37.22,37.24,36.96,37.04
1762252200,37.02,37.16,37,37.14
1762254000,37.14,37.34,37.12,37.34
1762255800,37.34,37.34,37.06,37.1
1762257600,37.08,37.12,37.02,37.1
1762259400,37.1,37.1,36.9,36.92
1762261200,36.9,37.12,36.86,37.04
1762263000,37.04,37.06,36.92,36.96
1762264800,36.98,37.02,36.88,36.94
1762266600,36.92,37,36.8,37
1762268400,37,37,36.98,36.98
1762324200,36.94,36.94,36.94,36.94
1762326000,36.92,36.94,36.46,36.72
1762327800,36.72,36.78,36.42,36.76
1762329600,36.76,37.18,36.7,37.18
1762331400,37.18,37.24,37.04,37.18
1762333200,37.18,37.26,36.88,36.92
1762335000,36.92,36.94,36.68,36.68
1762336800,36.68,36.7,36.4,36.58
1762338600,36.58,36.96,36.58,36.82
1762340400,36.82,36.9,36.8,36.82
1762342200,36.82,37.08,36.8,37.02
1762344000,37.02,37.12,36.84,36.9
1762345800,36.92,36.98,36.78,36.96
1762347600,36.98,37.06,36.9,37.04
1762349400,37.04,37.24,36.98,37.14
1762351200,37.14,37.2,36.92,36.94
1762353000,36.94,37.06,36.9,36.94
1762354800,36.9,36.9,36.9,36.9
1762410600,37,37,37,37
1762412400,37.02,37.3,37.02,37.18
1762414200,37.18,37.22,36.96,37
1762416000,37,37.06,36.9,37
1762417800,37,37,36.84,36.94
1762419600,36.94,37.06,36.86,36.94
1762421400,36.94,37.26,36.92,37.16
1762423200,37.18,37.3,37.16,37.24
1762425000,37.24,37.42,37.2,37.32
1762426800,37.34,37.58,37.26,37.58
1762428600,37.58,37.58,37.44,37.46
1762430400,37.46,37.68,37.46,37.62
1762432200,37.64,37.72,37.54,37.72
1762434000,37.7,37.88,37.6,37.62
1762435800,37.64,37.7,37.56,37.66
1762437600,37.66,37.68,37.52,37.58
1762439400,37.58,37.66,37.54,37.58
1762441200,37.62,37.62,37.62,37.62
1762497000,37.48,37.48,37.48,37.48
1762498800,37.48,37.6,37.22,37.34
1762500600,37.34,37.36,37.1,37.1
1762502400,37.08,37.32,36.56,36.64
1762504200,36.64,36.64,36.3,36.32
1762506000,36.32,36.42,36.22,36.28
1762507800,36.26,36.32,36.22,36.24
1762509600,36.22,36.26,36.08,36.18
1762511400,36.2,36.28,36.18,36.28
1762513200,36.26,36.36,36.22,36.24
1762515000,36.26,36.26,36.04,36.1
1762516800,36.08,36.2,36.06,36.14
1762518600,36.16,36.16,35.96,36.04
1762520400,36.04,36.12,35.96,36.1
1762522200,36.08,36.18,35.84,35.92
1762524000,35.9,35.98,35.68,35.82
1762525800,35.82,36.1,35.8,36.02
1762527600,36,36,36,36
1762756200,36.46,36.46,36.46,36.46
1762758000,36.44,36.52,36.2,36.5
1762759800,36.5,36.86,36.46,36.72
1762761600,36.74,36.8,36.26,36.28
1762763400,36.26,36.36,36.18,36.24
1762765200,36.2,36.32,36.1,36.1
1762767000,36.1,36.16,36.08,36.08
1762768800,36.06,36.14,35.9,35.96
1762770600,35.96,36.06,35.9,36
1762772400,35.98,36.16,35.98,36.12
1762774200,36.12,36.12,36.04,36.06
1762776000,36.06,36.08,35.94,35.96
1762777800,35.94,35.96,35.56,35.66
1762779600,35.66,35.9,35.64,35.86
1762781400,35.86,35.9,35.62,35.66
1762783200,35.66,35.86,35.64,35.76
1762785000,35.76,35.88,35.7,35.76
1762786800,35.8,35.8,35.68,35.68
1762842600,35.52,35.52,35.52,35.52
1762844400,35.6,35.76,35.58,35.62
1762846200,35.62,35.72,35.44,35.66
1762848000,35.66,35.8,35.6,35.74
1762849800,35.76,36.06,35.72,35.98
1762851600,35.98,36.32,35.96,36.3
1762853400,36.32,36.44,36.28,36.28
1762855200,36.26,36.36,36.24,36.32
1762857000,36.32,36.4,36.24,36.26
1762858800,36.24,36.26,35.98,36
1762860600,36,36.06,35.8,35.92
1762862400,35.92,36,34.38,34.66
1762864200,34.68,35.68,34.12,35.5
1762866000,35.5,35.78,35.2,35.44
1762867800,35.44,35.54,35.3,35.38
1762869600,35.36,35.64,35.3,35.4
1762871400,35.38,35.4,35.2,35.3
1762873200,35.2,35.2,35.2,35.2
1762929000,35.34,35.34,35.34,35.34
1762930800,35.34,35.4,35.06,35.14
1762932600,35.14,35.32,35.12,35.2
1762934400,35.2,35.6,35.18,35.6
1762936200,35.62,35.66,35.48,35.62
1762938000,35.6,35.82,35.58,35.64
1762939800,35.64,35.7,35.58,35.62
1762941600,35.62,35.7,35.5,35.5
1762943400,35.52,35.6,35.48,35.58
1762945200,35.58,35.7,35.54,35.58
1762947000,35.56,35.64,35.42,35.44
1762948800,35.44,35.46,35.3,35.34
1762950600,35.34,35.36,35.18,35.22
1762952400,35.22,35.28,35.02,35.18
1762954200,35.18,35.28,35.1,35.14
1762956000,35.12,35.28,35.08,35.14
1762957800,35.14,35.44,35.1,35.34
1762959600,35.36,35.36,35.36,35.36
1763015400,35.46,35.46,35.46,35.46
1763017200,35.46,35.78,35.32,35.36
1763019000,35.36,35.44,35.22,35.38
1763020800,35.4,35.64,35.34,35.58
1763022600,35.58,35.68,35.52,35.66
1763024400,35.66,35.74,35.56,35.58
1763026200,35.58,35.6,35.46,35.48
1763028000,35.48,35.52,35.34,35.48
1763029800,35.48,35.48,35.22,35.26
1763031600,35.26,35.54,35.24,35.4
1763033400,35.38,35.66,35.36,35.62
1763035200,35.6,35.88,35.56,35.82
1763037000,35.82,35.86,35.7,35.74
1763038800,35.74,35.78,35.58,35.58
1763040600,35.6,35.66,35.44,35.5
1763042400,35.48,35.56,35.3,35.4
1763044200,35.4,35.52,35.3,35.44
1763046000,35.4,35.4,35.4,35.4
1763101800,35.2,35.2,35.2,35.2
1763103600,35.2,35.42,35.06,35.3
1763105400,35.28,35.46,35.16,35.36
1763107200,35.34,35.5,35.22,35.34
1763109000,35.34,35.52,35.34,35.4
1763110800,35.4,35.7,35.4,35.58
1763112600,35.56,35.72,35.56,35.72
1763114400,35.7,35.72,35.52,35.56
1763116200,35.58,35.68,35.52,35.64
1763118000,35.64,35.64,35.4,35.5
1763119800,35.5,35.62,35.4,35.5
1763121600,35.48,35.5,35.26,35.36
1763123400,35.34,35.36,35.18,35.2
1763125200,35.2,35.28,35.1,35.2
1763127000,35.2,35.44,35.18,35.38
1763128800,35.38,35.5,35.32,35.34
1763130600,35.36,35.64,35.32,35.62
1763132400,35.62,35.68,35.62,35.68
1763361000,35.76,35.76,35.76,35.76
1763362800,35.78,36.04,35.68,35.76
1763364600,35.78,35.92,35.66,35.66
1763366400,35.66,36,35.6,35.98
1763368200,36,36.04,35.92,36
1763370000,36,36.06,35.8,35.82
1763371800,35.82,36,35.78,36
1763373600,36,36.08,35.92,35.98
1763375400,35.98,36.22,35.98,36.22
1763377200,36.22,36.26,36.1,36.16
1763379000,36.14,36.24,36.06,36.08
1763380800,36.08,36.24,36.06,36.2
1763382600,36.18,36.22,36.02,36.1
1763384400,36.1,36.1,35.8,35.86
1763386200,35.86,35.86,35.48,35.56
1763388000,35.54,35.86,35.5,35.66
1763389800,35.64,35.78,35.64,35.72
1763391600,35.82,35.82,35.82,35.82
1763447400,35.62,35.62,35.62,35.62
1763449200,35.6,35.74,35.42,35.72
1763451000,35.72,35.94,35.7,35.92
1763452800,35.94,36,35.66,35.7
1763454600,35.7,35.84,35.68,35.82
1763456400,35.82,35.88,35.7,35.74
1763458200,35.74,35.78,35.56,35.6
1763460000,35.6,35.62,35.48,35.56
1763461800,35.56,35.76,35.52,35.76
1763463600,35.76,35.8,35.66,35.68
1763465400,35.68,35.7,35.58,35.62
1763467200,35.64,35.64,35.56,35.6
1763469000,35.58,35.72,35.48,35.52
1763470800,35.5,35.62,35.48,35.54
1763472600,35.52,35.62,35.5,35.52
1763474400,35.5,35.54,35.28,35.4
1763476200,35.4,35.66,35.4,35.52
1763478000,35.52,35.58,35.52,35.58
1763533800,35.7,35.7,35.7,35.7
1763535600,35.7,35.8,35.58,35.66
1763537400,35.64,35.94,35.62,35.86
1763539200,35.86,36.14,35.84,36.14
1763541000,36.14,36.16,35.86,35.88
1763542800,35.88,35.98,35.86,35.96
1763544600,35.96,36,35.86,35.9
1763546400,35.9,35.94,35.76,35.8
1763548200,35.82,35.84,35.72,35.84
1763550000,35.84,36.06,35.82,35.96
1763551800,35.96,36.12,35.94,36.1
1763553600,36.08,36.24,35.96,36.14
1763555400,36.14,36.3,36.12,36.22
1763557200,36.24,36.28,36.14,36.2
1763559000,36.2,36.22,36.08,36.18
1763560800,36.18,36.24,36.02,36.06
1763562600,36.04,36.16,36,36.16
1763564400,36.16,36.16,36.16,36.16
1763620200,36.38,36.38,36.38,36.38
1763622000,36.4,36.56,36.26,36.42
1763623800,36.42,36.44,36.3,36.3
1763625600,36.32,36.42,36.26,36.36
1763627400,36.34,36.34,36.2,36.24
1763629200,36.24,36.3,36.16,36.2
1763631000,36.2,36.26,36.12,36.24
1763632800,36.22,36.24,36.16,36.18
1763634600,36.18,36.2,36.02,36.1
1763636400,36.1,36.14,36,36.02
1763638200,36.02,36.06,35.92,35.92
1763640000,35.92,35.98,35.86,35.96
1763641800,35.96,36.06,35.96,36.02
1763643600,36,36.06,35.94,36.04
1763645400,36.04,36.16,36,36.12
1763647200,36.1,36.14,35.94,35.96
1763649000,35.96,36.2,35.94,36.1
1763650800,36.14,36.14,36.14,36.14
1763706600,35.92,35.92,35.92,35.92
1763708400,35.92,36,35.76,35.86
1763710200,35.84,35.86,35.62,35.64
1763712000,35.64,35.86,35.6,35.78
1763713800,35.76,35.84,35.7,35.8
1763715600,35.8,35.88,35.72,35.74
1763717400,35.74,35.76,35.6,35.7
1763719200,35.7,35.7,35.54,35.58
1763721000,35.58,35.72,35.54,35.62
1763722800,35.64,35.76,35.64,35.74
1763724600,35.74,35.82,35.68,35.8
1763726400,35.8,35.86,35.72,35.76
1763728200,35.76,35.96,35.72,35.88
1763730000,35.88,35.9,35.72,35.78
1763731800,35.78,35.94,35.72,35.94
1763733600,35.94,36,35.84,35.86
1763735400,35.86,36.24,35.84,36.2
1763737200,36.22,36.22,36.22,36.22
1763965800,36,36,36,36
1763967600,36,36.2,35.66,36.08
1763969400,36.1,36.16,35.92,35.94
1763971200,35.94,36.2,35.9,36.06
1763973000,36.04,36.28,35.82,36.22
1763974800,36.22,36.22,36.04,36.06
1763976600,36.06,36.22,36.06,36.14
1763978400,36.16,36.16,36,36.06
1763980200,36.06,36.14,36,36.02
1763982000,36.02,36.04,35.92,36.02
1763983800,36.02,36.22,35.98,36.16
1763985600,36.16,36.36,36.1,36.32
1763987400,36.3,36.4,36.24,36.3
1763989200,36.3,36.32,36.2,36.32
1763991000,36.3,36.54,36.3,36.38
1763992800,36.36,36.42,36.22,36.26
1763994600,36.28,36.42,36.24,36.28
1763996400,36.26,36.26,36.26,36.26
1764052200,36.4,36.4,36.4,36.4
1764054000,36.4,36.62,36.28,36.34
1764055800,36.32,36.38,36.16,36.2
1764057600,36.2,36.44,36.1,36.42
1764059400,36.4,36.76,36.38,36.6
1764061200,36.62,36.62,36.42,36.44
1764063000,36.42,36.6,36.3,36.52
1764064800,36.52,36.64,36.44,36.64
1764066600,36.64,36.64,36.34,36.34
1764068400,36.34,36.38,36.22,36.36
1764070200,36.38,36.42,36.3,36.32
1764072000,36.32,36.44,36.28,36.3
1764073800,36.3,37.22,36.28,37.02
1764075600,37.02,37.26,36.86,37.02
1764077400,37.02,37.02,36.76,36.82
1764079200,36.82,37.06,36.66,36.76
1764081000,36.76,36.78,36.62,36.68
1764082800,36.72,36.72,36.72,36.72
1764138600,36.72,36.72,36.72,36.72
1764140400,36.74,36.92,36.58,36.82
1764142200,36.84,37.06,36.84,37.02
1764144000,37.02,37.14,36.74,36.82
1764145800,36.82,37.1,36.78,36.96
1764147600,36.96,37.02,36.92,36.94
1764149400,36.94,37.06,36.9,36.9
1764151200,36.9,36.96,36.62,36.66
1764153000,36.64,36.78,36.6,36.7
1764154800,36.72,36.74,36.66,36.72
1764156600,36.72,36.72,36.54,36.64
1764158400,36.64,36.82,36.58,36.76
1764160200,36.76,36.88,36.74,36.78
1764162000,36.8,36.82,36.72,36.74
1764163800,36.74,37,36.74,36.92
1764165600,36.92,36.94,36.84,36.84
1764167400,36.86,36.94,36.72,36.72
1764169200,36.86,36.86,36.86,36.86
1764225000,37,37,37,37
1764226800,37,37.12,36.86,36.96
1764228600,36.96,37.06,36.92,37.04
1764230400,37.06,37.14,36.96,37.1
1764232200,37.1,37.14,36.98,37.08
1764234000,37.08,37.08,36.96,37.04
1764235800,37.04,37.04,36.92,36.96
1764237600,36.96,37.04,36.94,37
1764239400,37,37.06,36.9,36.92
1764241200,36.9,36.96,36.86,36.92
1764243000,36.92,37,36.9,36.98
1764244800,37,37.06,36.88,36.94
1764246600,36.94,37.02,36.9,36.92
1764248400,36.92,37.02,36.88,37.02
1764250200,37.02,37.22,36.72,36.74
1764252000,36.72,36.88,36.66,36.8
1764253800,36.8,36.84,36.68,36.68
1764255600,36.6,36.6,36.6,36.6
1764311400,36.62,36.62,36.62,36.62
1764313200,36.62,36.76,36.52,36.72
1764315000,36.72,36.78,36.6,36.64
1764316800,36.62,36.88,36.58,36.88
1764318600,36.86,37.2,36.82,37.1
1764320400,37.08,37.1,37,37.04
1764322200,37.06,37.1,36.96,37
1764324000,37.02,37.02,36.94,36.96
1764325800,36.98,37.08,36.94,37.04
1764327600,37.06,37.16,37.02,37.16
1764329400,37.16,37.24,37.12,37.12
1764331200,37.14,37.18,37.04,37.14
1764333000,37.12,37.3,37.12,37.18
1764334800,37.16,37.2,37.12,37.18
1764336600,37.16,37.22,37.12,37.16
1764338400,37.14,37.32,37.12,37.2
1764340200,37.18,37.38,37.08,37.28
1764342000,37.32,37.32,37.32,37.32
1764570600,37.34,37.34,37.34,37.34
1764572400,37.36,37.46,37.06,37.12
1764574200,37.14,37.36,37.08,37.34
1764576000,37.34,37.5,37.3,37.42
1764577800,37.42,37.44,37.28,37.34
1764579600,37.34,37.6,37.32,37.6
1764581400,37.6,37.64,37.54,37.56
1764583200,37.56,37.68,37.54,37.54
1764585000,37.56,37.6,37.48,37.52
1764586800,37.52,37.6,37.46,37.5
1764588600,37.5,37.52,37.42,37.46
1764590400,37.44,37.46,37.34,37.36
1764592200,37.34,37.4,37.28,37.38
1764594000,37.38,37.58,37.36,37.58
1764595800,37.58,37.6,37.46,37.52
1764597600,37.52,37.86,37.5,37.7
1764599400,37.7,37.72,37.54,37.58
1764601200,37.56,37.56,37.54,37.54
1764657000,37.58,37.58,37.58,37.58
1764658800,37.58,38.1,37.46,37.96
1764660600,37.96,38.18,37.72,37.84
1764662400,37.86,38.02,37.7,38
1764664200,38.02,38.14,37.86,37.88
1764666000,37.86,37.9,37.72,37.78
1764667800,37.76,37.78,37.64,37.72
1764669600,37.7,37.78,37.68,37.74
1764671400,37.76,37.76,37.62,37.66
1764673200,37.64,37.68,37.54,37.62
1764675000,37.6,37.66,37.54,37.64
1764676800,37.64,37.72,37.6,37.68
1764678600,37.66,37.68,37.56,37.62
1764680400,37.62,37.66,37.54,37.62
1764682200,37.62,37.64,37.32,37.46
1764684000,37.46,37.48,37.34,37.38
1764685800,37.36,37.5,37.34,37.44
1764687600,37.4,37.4,37.4,37.4
1764743400,37.52,37.52,37.52,37.52
1764745200,37.54,38.02,37.44,37.78
1764747000,37.76,37.88,37.66,37.82
1764748800,37.82,37.86,37.68,37.72
1764750600,37.74,37.78,37.5,37.62
1764752400,37.62,37.76,37.52,37.7
1764754200,37.68,38.12,37.66,38.02
1764756000,38.02,38.06,37.92,37.96
1764757800,37.96,37.96,37.62,37.68
1764759600,37.68,37.72,37.48,37.56
1764761400,37.56,37.66,37.56,37.6
1764763200,37.6,37.88,37.54,37.76
1764765000,37.76,37.8,37.62,37.68
1764766800,37.68,37.76,37.48,37.54
1764768600,37.52,37.74,37.52,37.6
1764770400,37.58,37.64,37.48,37.52
1764772200,37.52,37.62,37.4,37.5
1764774000,37.44,37.44,37.44,37.44
1764829800,37.5,37.5,37.5,37.5
1764831600,37.5,37.72,37.48,37.64
1764833400,37.64,37.68,37.38,37.46
1764835200,37.46,37.54,37.32,37.5
1764837000,37.48,37.52,37.2,37.26
1764838800,37.26,37.32,37.22,37.26
1764840600,37.26,37.26,37.12,37.18
1764842400,37.18,37.22,37.1,37.16
1764844200,37.16,37.18,36.98,37
1764846000,37,37,36.7,36.78
1764847800,36.76,36.84,36.68,36.76
1764849600,36.76,36.82,36.7,36.76
1764851400,36.74,36.9,36.66,36.82
1764853200,36.8,36.86,36.7,36.72
1764855000,36.72,36.82,36.66,36.72
1764856800,36.7,36.8,36.66,36.7
1764858600,36.7,36.76,36.62,36.64
1764860400,36.6,36.6,36.6,36.6
1764916200,36.54,36.54,36.54,36.54
1764918000,36.58,36.72,36.48,36.62
1764919800,36.62,36.94,36.6,36.92
1764921600,36.92,37.26,36.88,37.22
1764923400,37.22,37.26,37.14,37.18
1764925200,37.16,37.18,36.96,37.02
1764927000,37.02,37.04,36.9,36.98
1764928800,36.98,37.02,36.96,37
1764930600,37,37.22,36.98,37.2
1764932400,37.2,37.22,36.98,37.02
1764934200,37,37.02,36.84,36.94
1764936000,36.94,36.98,36.84,36.96
1764937800,36.96,36.96,36.86,36.9
1764939600,36.9,36.96,36.9,36.94
1764941400,36.94,36.96,36.84,36.92
1764943200,36.92,37.1,36.9,37.04
1764945000,37.04,37.9,36.98,37.66
1764946800,37.66,37.76,37.66,37.76
1765175400,38.1,38.1,38.1,38.1
1765177200,38.12,41.52,38.06,41.52
1765179000,41.52,41.52,41.52,41.52
1765180800,41.52,41.52,41.52,41.52
1765182600,41.52,41.52,41.52,41.52
1765184400,41.52,41.52,41.52,41.52
1765186200,41.52,41.52,41.52,41.52
1765188000,41.52,41.52,41.52,41.52
1765189800,41.52,41.52,41.52,41.52
1765191600,41.52,41.52,41.52,41.52
1765193400,41.52,41.52,41.52,41.52
1765195200,41.52,41.52,41.52,41.52
1765197000,41.52,41.52,41.52,41.52
1765198800,41.52,41.52,41.52,41.52
1765200600,41.52,41.52,41.52,41.52
1765202400,41.52,41.52,41.52,41.52
1765204200,41.52,41.52,41.52,41.52
1765206000,41.52,41.52,41.52,41.52
1765261800,42.4,42.4,42.4,42.4
1765263600,42.38,42.7,41.58,42.28
1765265400,42.3,42.48,42.18,42.26
1765267200,42.24,42.26,41.42,41.94
1765269000,41.94,42.06,41.62,41.66
1765270800,41.64,42.02,41.62,41.94
1765272600,41.94,42.06,41.66,41.72
1765274400,41.7,41.78,41.66,41.7
1765276200,41.7,41.76,41.64,41.7
1765278000,41.7,41.94,41.48,41.92
1765279800,41.92,43,41.88,42.92
1765281600,42.92,43.18,42.66,42.8
1765283400,42.82,42.84,42.58,42.64
1765285200,42.64,42.68,42.16,42.26
1765287000,42.22,42.24,41.9,42.02
1765288800,42.02,42.1,41.84,41.92
1765290600,41.92,41.98,41.64,41.7
1765292400,41.7,41.7,41.7,41.7
1765348200,41.72,41.72,41.72,41.72
1765350000,41.7,41.94,41.54,41.7
1765351800,41.72,41.88,41.68,41.78
1765353600,41.8,41.88,41.6,41.78
1765355400,41.78,42,41.72,41.9
1765357200,41.9,41.9,41.66,41.76
1765359000,41.76,41.86,41.72,41.78
1765360800,41.78,41.92,41.68,41.7
1765362600,41.7,41.86,41.68,41.72
1765364400,41.72,41.8,41.72,41.76
1765366200,41.78,42.04,41.76,41.9
1765368000,41.9,42.12,41.82,42
1765369800,42,42.08,41.92,41.96
1765371600,41.94,42,41.84,41.9
1765373400,41.9,41.96,41.24,41.26
1765375200,41.26,41.3,41.06,41.08
1765377000,41.06,41.16,40.68,40.76
1765378800,40.58,40.58,40.58,40.58
1765434600,40.64,40.64,40.64,40.64
1765436400,40.64,40.88,40.54,40.6
1765438200,40.6,40.6,40.42,40.52
1765440000,40.5,40.52,40.14,40.2
1765441800,40.2,40.3,39.8,40.04
1765443600,40.04,40.14,39.9,39.98
1765445400,40,40.1,39.98,40.04
1765447200,40.06,40.06,39.92,40
1765449000,40,40.1,39.94,40.02
1765450800,40.02,40.16,39.9,40.1
1765452600,40.1,40.28,40.06,40.14
1765454400,40.16,40.48,40.12,40.36
1765456200,40.34,40.38,39.96,40.08
1765458000,40.1,40.1,39.84,39.9
1765459800,39.88,39.92,39.52,39.6
1765461600,39.6,39.84,39.48,39.62
1765463400,39.62,39.66,39.5,39.58
1765465200,39.54,39.68,39.54,39.68
1765521000,39.76,39.76,39.76,39.76
1765522800,39.78,40.3,39.78,40.2
1765524600,40.2,40.34,40,40.08
1765526400,40.06,40.4,40.06,40.32
1765528200,40.34,40.66,40.22,40.24
1765530000,40.22,40.26,40.06,40.18
1765531800,40.18,40.24,40.08,40.18
1765533600,40.18,40.28,40.14,40.26
1765535400,40.24,40.32,40.12,40.14
1765537200,40.14,40.14,40.1,40.14
1765539000,40.12,40.14,40.06,40.1
1765540800,40.1,40.1,39.88,39.94
1765542600,39.94,40.12,39.94,40.04
1765544400,40.04,40.14,40.04,40.08
1765546200,40.08,40.22,40.08,40.14
1765548000,40.14,40.16,40.04,40.1
1765549800,40.1,40.1,39.9,40.02
1765551600,40.06,40.06,40.06,40.06
1765780200,40.1,40.1,40.1,40.1
1765782000,40.1,40.16,39.82,39.9
1765783800,39.9,40.5,39.88,40.38
1765785600,40.36,40.54,40.28,40.38
1765787400,40.38,40.4,40.26,40.3
1765789200,40.3,40.46,40.2,40.44
1765791000,40.44,40.64,40.3,40.36
1765792800,40.34,40.54,40.3,40.5
1765794600,40.52,40.64,40.44,40.52
1765796400,40.52,40.62,40.48,40.56
1765798200,40.58,40.6,40.4,40.44
1765800000,40.46,40.46,40.38,40.44
1765801800,40.46,40.58,40.44,40.46
1765803600,40.46,40.52,40.38,40.44
1765805400,40.44,40.46,40.26,40.34
1765807200,40.34,40.4,40.22,40.24
1765809000,40.24,40.38,40.24,40.34
1765810800,40.36,40.36,40.36,40.36
1765866600,40.6,40.6,40.6,40.6
1765868400,40.6,40.68,39.98,40.04
1765870200,40.04,40.04,39.72,39.8
1765872000,39.78,39.86,39.4,39.4
1765873800,39.42,39.5,39.34,39.38
1765875600,39.36,39.38,38.84,38.9
1765877400,38.9,39.1,38.86,38.98
1765879200,39,39.28,38.94,39.24
1765881000,39.22,39.24,39.08,39.16
1765882800,39.16,39.38,39.08,39.34
1765884600,39.32,39.5,39.3,39.4
1765886400,39.38,39.5,39.34,39.46
1765888200,39.46,39.58,39.4,39.46
1765890000,39.46,39.68,39.4,39.52
1765891800,39.52,39.56,39.3,39.32
1765893600,39.32,39.52,39.28,39.44
1765895400,39.44,39.56,39.4,39.46
1765897200,39.5,39.5,39.5,39.5
1765953000,39.42,39.42,39.42,39.42
1765954800,39.44,39.9,39.38,39.78
1765956600,39.8,39.8,39.5,39.68
1765958400,39.68,39.76,39.46,39.48
1765960200,39.48,39.5,39.28,39.3
1765962000,39.32,39.36,39.18,39.26
1765963800,39.26,39.36,39.2,39.2
1765965600,39.2,39.34,39.16,39.3
1765967400,39.3,39.32,39.18,39.2
1765969200,39.22,39.3,39.2,39.28
1765971000,39.28,39.64,39.26,39.56
1765972800,39.54,39.76,39.5,39.58
1765974600,39.58,39.68,39.54,39.64
1765976400,39.64,39.82,39.62,39.8
1765978200,39.8,39.82,39.6,39.6
1765980000,39.62,39.76,39.58,39.64
1765981800,39.66,39.72,39.5,39.62
1765983600,39.62,39.62,39.62,39.62
1766039400,39.68,39.68,39.68,39.68
1766041200,39.68,39.8,39.6,39.72
1766043000,39.7,39.72,39.5,39.64
1766044800,39.66,39.88,39.64,39.74
1766046600,39.74,39.74,39.5,39.56
1766048400,39.56,39.6,39.36,39.46
1766050200,39.46,39.5,39.32,39.34
1766052000,39.32,39.56,39.32,39.48
1766053800,39.46,39.52,39.4,39.48
1766055600,39.5,39.52,39.36,39.4
1766057400,39.4,39.44,39.36,39.4
1766059200,39.4,39.48,39.36,39.38
1766061000,39.38,39.4,39.28,39.3
1766062800,39.3,39.42,39.26,39.3
1766064600,39.3,39.48,39.28,39.3
1766066400,39.3,39.42,39.24,39.26
1766068200,39.26,39.34,39.2,39.3
1766070000,39.3,39.3,39.3,39.3
1766125800,39.3,39.3,39.3,39.3
1766127600,39.32,39.38,38.96,39
1766129400,38.98,39.1,38.88,39.08
1766131200,39.08,39.16,39,39.08
1766133000,39.08,39.14,39,39.08
1766134800,39.06,39.16,39,39.04
1766136600,39.04,39.08,39,39.06
1766138400,39.06,39.06,38.94,38.96
1766140200,38.94,39.04,38.88,38.9
1766142000,38.9,38.92,38.84,38.86
1766143800,38.88,38.92,38.8,38.92
1766145600,38.92,39.02,38.9,39
1766147400,39,39.18,39,39.08
1766149200,39.08,39.1,39,39.02
1766151000,39.02,39.04,38.92,38.96
1766152800,38.96,39.02,38.88,38.94
1766154600,38.96,38.98,38.86,38.9
1766156400,38.82,38.82,38.82,38.82
1766385000,38.96,38.96,38.96,38.96
1766386800,38.96,39.26,38.96,39.12
1766388600,39.1,39.16,39.02,39.06
1766390400,39.06,39.18,39,39.12
1766392200,39.12,39.24,39,39.12
1766394000,39.14,39.18,39.06,39.12
1766395800,39.12,39.3,39.06,39.08
1766397600,39.08,39.22,39.08,39.12
1766399400,39.12,39.14,39.02,39.14
1766401200,39.14,39.16,39.06,39.1
1766403000,39.1,39.1,38.98,39.02
1766404800,39.02,39.16,38.98,39.14
1766406600,39.14,39.18,39,39
1766408400,39.02,39.02,38.78,38.82
1766410200,38.8,38.82,38.64,38.72
1766412000,38.72,38.88,38.7,38.86
1766413800,38.84,38.94,38.82,38.92
1766415600,38.9,38.9,38.9,38.9
1766471400,38.76,38.76,38.76,38.76
1766473200,38.76,38.8,38.56,38.76
1766475000,38.74,38.76,38.62,38.76
1766476800,38.76,38.92,38.54,38.82
1766478600,38.82,38.84,38.72,38.76
1766480400,38.76,38.78,38.52,38.56
1766482200,38.54,38.58,38.42,38.52
1766484000,38.52,38.52,38.42,38.48
1766485800,38.48,38.48,38.34,38.4
1766487600,38.38,38.56,38.34,38.38
1766489400,38.38,38.48,38.34,38.38
1766491200,38.4,38.42,38.32,38.36
1766493000,38.34,38.42,38.28,38.3
1766494800,38.3,38.34,38.2,38.26
1766496600,38.26,38.34,38.18,38.2
1766498400,38.18,38.34,38.18,38.28
1766500200,38.3,38.34,38.2,38.22
1766502000,38.3,38.3,38.3,38.3
1766557800,38.3,38.3,38.3,38.3
1766559600,38.28,38.54,38.26,38.32
1766561400,38.32,38.44,38.28,38.4
1766563200,38.4,38.44,38.32,38.36
1766565000,38.34,38.4,38.26,38.3
1766566800,38.3,38.46,38.26,38.4
1766568600,38.4,38.52,38.34,38.48
1766570400,38.48,38.68,38.4,38.62
1766572200,38.62,38.76,38.52,38.74
1766574000,38.74,39.08,38.7,38.7
1766575800,38.72,38.8,38.62,38.64
1766577600,38.62,38.72,38.5,38.64
1766579400,38.66,39.02,38.62,38.86
1766581200,38.86,39,38.8,38.84
1766583000,38.86,38.9,38.76,38.86
1766584800,38.88,39.04,38.84,38.9
1766586600,38.9,38.96,38.8,38.86
1766588400,38.88,38.88,38.88,38.88
1766644200,39,39,39,39
1766646000,39,39.3,39,39.18
1766647800,39.18,39.18,39.06,39.08
1766649600,39.08,39.12,39.06,39.12
1766651400,39.1,39.22,39.1,39.12
1766653200,39.12,39.12,39.04,39.08
1766655000,39.08,39.14,39.06,39.08
1766656800,39.08,39.16,39.06,39.16
1766658600,39.16,39.2,39.12,39.2
1766660400,39.2,40.16,39.16,39.84
1766662200,39.86,39.9,39.6,39.7
1766664000,39.7,39.78,39.48,39.52
1766665800,39.52,39.58,39.44,39.54
1766667600,39.54,40.24,39.54,40.16
1766669400,40.16,40.28,39.86,39.9
1766671200,39.9,39.94,39.76,39.78
1766673000,39.78,40.08,39.6,39.66
1766674800,39.68,39.68,39.68,39.68
1766730600,39.62,39.62,39.62,39.62
1766732400,39.62,39.66,39.04,39.06
1766734200,39.06,39.12,38.84,38.96
1766736000,38.96,38.96,38.78,38.9
1766737800,38.9,38.94,38.76,38.76
1766739600,38.76,38.82,38.66,38.78
1766741400,38.78,38.82,38.64,38.68
1766743200,38.68,38.7,38.58,38.66
1766745000,38.66,38.66,38.38,38.54
1766746800,38.56,38.56,38.44,38.44
1766748600,38.46,38.46,38.26,38.3
1766750400,38.3,38.4,38.28,38.4
1766752200,38.4,38.44,38.24,38.34
1766754000,38.34,38.44,38.26,38.28
1766755800,38.3,38.54,38.2,38.38
1766757600,38.38,38.56,38.26,38.5
1766759400,38.5,38.58,38.42,38.52
1766761200,38.48,38.48,38.48,38.48
1766989800,38.58,38.58,38.58,38.58
1766991600,38.6,38.92,38.48,38.52
1766993400,38.52,38.82,38.52,38.68
1766995200,38.68,38.68,38.4,38.5
1766997000,38.5,38.58,38.26,38.32
1766998800,38.3,38.44,38.18,38.36
1767000600,38.36,38.4,38.2,38.26
1767002400,38.24,38.24,38.08,38.12
1767004200,38.1,38.34,38.1,38.32
1767006000,38.32,38.44,38.28,38.4
1767007800,38.4,38.42,38.26,38.28
1767009600,38.28,38.4,38.24,38.38
1767011400,38.38,38.48,38.28,38.3
1767013200,38.3,38.48,38.26,38.38
1767015000,38.36,38.38,38.16,38.3
1767016800,38.28,38.32,38.18,38.24
1767018600,38.24,38.38,38.2,38.28
1767020400,38.28,38.28,38.28,38.28
1767076200,38.22,38.22,38.22,38.22
1767078000,38.26,38.48,38.16,38.18
1767079800,38.18,38.28,37.98,38
1767081600,38,38.18,37.96,37.98
1767083400,37.98,38,37.84,37.9
1767085200,37.88,38.16,37.88,38.04
1767087000,38.04,38.1,37.94,37.96
1767088800,37.96,38.1,37.96,38.06
1767090600,38.06,38.42,38.06,38.34
1767092400,38.34,38.42,38.28,38.34
1767094200,38.36,38.5,38.3,38.32
1767096000,38.32,38.42,38.26,38.3
1767097800,38.3,38.36,38.2,38.36
1767099600,38.36,38.56,38.32,38.46
1767101400,38.46,38.5,38.32,38.48
1767103200,38.5,38.54,38.36,38.44
1767105000,38.42,38.46,38.32,38.4
1767106800,38.4,38.4,38.4,38.4
1767162600,38.48,38.48,38.48,38.48
1767164400,38.48,39.06,38.48,39.02
1767166200,39,39.06,38.82,38.98
1767168000,38.98,39.02,38.84,38.94
1767169800,38.92,39.04,38.82,38.86
1767171600,38.88,38.94,38.84,38.88
1767173400,38.86,38.94,38.84,38.88
1767175200,38.88,38.92,38.84,38.84
1767177000,38.86,38.9,38.74,38.82
1767178800,38.82,38.88,38.7,38.8
1767180600,38.8,38.84,38.72,38.74
1767182400,38.74,38.82,38.68,38.76
1767184200,38.78,38.8,38.7,38.74
1767186000,38.76,38.78,38.7,38.76
1767187800,38.74,38.76,38.6,38.62
1767189600,38.64,38.66,38.5,38.5
1767191400,38.5,38.54,38.26,38.4
1767193200,38.38,38.38,38.38,38.38
1767335400,39,39,39,39
1767337200,39,39.1,38.7,38.8
1767339000,38.82,38.92,38.8,38.84
1767340800,38.84,39.1,38.82,38.94
1767342600,38.94,39.08,38.92,39.02
1767344400,39.02,39.16,38.92,38.94
1767346200,38.94,38.98,38.8,38.86
1767348000,38.86,39,38.74,38.88
1767349800,38.88,38.98,38.86,38.96
1767351600,38.96,39.06,38.92,39.02
1767353400,39.02,39.04,38.9,38.96
1767355200,38.96,38.96,38.88,38.94
1767357000,38.94,38.96,38.9,38.92
1767358800,38.92,38.96,38.84,38.88
1767360600,38.88,39.06,38.86,39
1767362400,39.02,39.04,38.98,39
1767364200,39,39.1,38.98,39.06
1767366000,39.14,39.14,39.14,39.14
1767594600,39.18,39.18,39.18,39.18
1767596400,39.18,39.3,38.98,39.16
1767598200,39.16,39.18,39.06,39.14
1767600000,39.12,39.6,39.06,39.54
1767601800,39.54,39.68,39.34,39.4
1767603600,39.38,39.4,39.3,39.34
1767605400,39.36,39.44,39.34,39.4
1767607200,39.38,39.48,39.34,39.46
1767609000,39.46,39.46,39.28,39.3
1767610800,39.32,39.36,39.2,39.24
1767612600,39.26,39.28,39.14,39.14
1767614400,39.14,39.28,39.12,39.22
1767616200,39.22,39.3,39.2,39.28
1767618000,39.28,39.32,39.22,39.28
1767619800,39.26,39.34,39.2,39.26
1767621600,39.26,39.5,39.24,39.48
1767623400,39.48,39.64,39.46,39.48
1767625200,39.48,39.48,39.48,39.48
1767681000,39.6,39.6,39.6,39.6
1767682800,39.62,39.82,39.48,39.7
1767684600,39.68,40.02,39.68,40
1767686400,40.02,40.22,39.98,40
1767688200,40,40.06,39.9,39.94
1767690000,39.94,40.2,39.88,40.06
1767691800,40.06,40.18,40,40.06
1767693600,40.06,40.06,39.88,39.94
1767695400,39.92,40.12,39.9,40.06
1767697200,40.06,40.18,40.02,40.02
1767699000,40.04,40.08,39.98,40
1767700800,40,40.1,39.96,40
1767702600,40,40.04,39.92,40
1767704400,40,40.1,39.96,40.06
1767706200,40.04,40.18,40.02,40.1
1767708000,40.1,40.28,40.1,40.24
1767709800,40.22,40.36,40.2,40.26
1767711600,40.24,40.24,40.24,40.24
1767767400,40.34,40.34,40.34,40.34
1767769200,40.34,40.44,40.02,40.32
1767771000,40.32,40.48,40.28,40.44
1767772800,40.44,40.5,40.32,40.44
1767774600,40.44,40.58,40.34,40.48
1767776400,40.48,40.56,40.44,40.5
1767778200,40.5,40.52,40.32,40.34
1767780000,40.34,40.36,40.12,40.18
1767781800,40.2,40.26,40.14,40.22
1767783600,40.22,40.3,40.14,40.22
1767785400,40.22,40.36,40.2,40.24
1767787200,40.24,40.28,40.08,40.12
1767789000,40.1,40.22,39.94,40.16
1767790800,40.16,40.24,40.1,40.16
1767792600,40.16,40.22,39.9,40.06
1767794400,40.06,40.08,39.9,40
1767796200,40.02,40.08,39.88,39.88
1767798000,39.88,39.88,39.88,39.88
1767853800,39.9,39.9,39.9,39.9
1767855600,39.9,40.1,39.74,39.76
1767857400,39.74,39.82,39.56,39.76
1767859200,39.76,39.92,39.72,39.74
1767861000,39.76,39.9,39.74,39.84
1767862800,39.84,39.9,39.82,39.84
1767864600,39.82,39.82,39.64,39.66
1767866400,39.68,39.74,39.52,39.56
1767868200,39.58,39.58,39.36,39.4
1767870000,39.4,39.46,39.38,39.42
1767871800,39.44,39.58,39.36,39.52
1767873600,39.52,39.58,39.42,39.44
1767875400,39.44,39.54,39.4,39.52
1767877200,39.52,39.7,39.5,39.66
1767879000,39.66,40.08,39.6,40.08
1767880800,40.08,40.22,39.9,39.94
1767882600,39.92,40.02,39.68,39.9
1767884400,39.92,39.92,39.92,39.92
1767940200,40.04,40.04,40.04,40.04
1767942000,40.04,40.14,39.72,40
1767943800,40,40.24,39.96,40.08
1767945600,40.08,40.14,39.8,39.8
1767947400,39.78,39.84,39.44,39.5
1767949200,39.5,39.7,39.44,39.68
1767951000,39.68,39.78,39.54,39.62
1767952800,39.62,39.68,39.46,39.54
1767954600,39.56,39.56,39.36,39.42
1767956400,39.38,39.48,39.22,39.38
1767958200,39.38,39.42,39.3,39.4
1767960000,39.4,39.44,39.3,39.32
1767961800,39.34,39.38,39.2,39.36
1767963600,39.32,39.34,39.1,39.18
1767965400,39.18,39.32,39.1,39.22
1767967200,39.22,39.26,39.06,39.18
1767969000,39.18,39.28,39.08,39.14
1767970800,39.22,39.22,39.22,39.22
1768199400,39.24,39.24,39.24,39.24
1768201200,39.24,39.46,38.92,39.46
1768203000,39.44,39.54,39.4,39.46
1768204800,39.44,39.58,39.38,39.42
1768206600,39.44,39.46,39.32,39.4
1768208400,39.4,39.7,39.4,39.64
1768210200,39.64,39.72,39.46,39.56
1768212000,39.56,39.68,39.52,39.6
1768213800,39.58,39.6,39.42,39.46
1768215600,39.44,39.76,39.44,39.72
1768217400,39.72,39.78,39.62,39.76
1768219200,39.74,39.8,39.66,39.8
1768221000,39.8,39.84,39.66,39.74
1768222800,39.74,39.82,39.58,39.6
1768224600,39.62,39.7,39.42,39.64
1768226400,39.66,39.76,39.52,39.74
1768228200,39.74,39.82,39.48,39.5
1768230000,39.5,39.5,39.5,39.5
1768285800,39.52,39.52,39.52,39.52
1768287600,39.54,39.8,39.46,39.72
1768289400,39.72,39.78,39.52,39.54
1768291200,39.54,39.76,39.52,39.74
1768293000,39.72,39.76,39.32,39.48
1768294800,39.46,39.52,39.3,39.32
1768296600,39.34,39.42,39.24,39.4
1768298400,39.4,39.4,39.3,39.36
1768300200,39.36,39.36,38.98,39
1768302000,39.02,39.16,38.96,39.02
1768303800,39.04,39.12,38.96,39.12
1768305600,39.12,39.2,39.08,39.18
1768307400,39.18,39.44,39.18,39.4
1768309200,39.4,39.54,39.34,39.44
1768311000,39.44,39.52,39.32,39.38
1768312800,39.38,39.44,39.34,39.42
1768314600,39.42,39.42,39.1,39.12
1768316400,39.18,39.18,39.18,39.18
1768372200,39.22,39.22,39.22,39.22
1768374000,39.22,39.3,39,39.1
1768375800,39.1,39.26,38.94,38.96
1768377600,38.96,39.18,38.94,39.14
1768379400,39.14,39.16,39.08,39.1
1768381200,39.1,39.36,38.9,39.24
1768383000,39.26,39.34,39.18,39.26
1768384800,39.28,39.32,39.14,39.14
1768386600,39.16,39.16,38.92,39.02
1768388400,39.02,39.26,39,39.1
1768390200,39.1,39.12,38.82,38.86
1768392000,38.84,38.86,38.54,38.68
1768393800,38.68,38.82,38.62,38.76
1768395600,38.78,38.78,38.52,38.58
1768397400,38.56,38.66,38.42,38.46
1768399200,38.46,38.58,38.42,38.44
1768401000,38.44,38.56,38.42,38.46
1768402800,38.48,38.48,38.48,38.48
1768458600,38.48,38.48,38.48,38.48
1768460400,38.48,38.92,38.4,38.72
1768462200,38.72,38.88,38.7,38.8
1768464000,38.82,39,38.8,38.94
1768465800,38.96,38.98,38.32,38.32
1768467600,38.34,38.44,38.14,38.36
1768469400,38.36,38.46,38.32,38.42
1768471200,38.42,38.52,38.38,38.46
1768473000,38.44,38.54,38.44,38.52
1768474800,38.52,38.54,38.48,38.52
1768476600,38.54,38.56,38.18,38.2
1768478400,38.18,38.28,38.04,38.12
1768480200,38.12,38.18,38.06,38.14
1768482000,38.16,38.36,38.12,38.32
1768483800,38.32,38.5,38.3,38.4
1768485600,38.4,38.62,38.32,38.6
1768487400,38.6,38.8,38.58,38.7
1768489200,38.72,38.72,38.72,38.72
1768545000,38.72,38.72,38.72,38.72
1768546800,38.74,39.06,38.64,38.82
1768548600,38.8,38.84,38.64,38.7
1768550400,38.7,39.08,38.66,38.94
1768552200,38.94,39.14,38.92,39.02
1768554000,39.02,39.08,38.94,39.08
1768555800,39.08,39.24,39.02,39.2
1768557600,39.2,39.28,39.04,39.24
1768559400,39.24,39.36,39.08,39.14
1768561200,39.12,39.22,39.08,39.18
1768563000,39.16,39.36,39.16,39.26
1768564800,39.26,39.26,39.02,39.04
1768566600,39.04,39.66,39.04,39.62
1768568400,39.6,39.64,39.38,39.42
1768570200,39.42,39.64,39.24,39.6
1768572000,39.6,39.76,39.58,39.68
1768573800,39.7,39.72,39.56,39.66
1768575600,39.66,39.66,39.66,39.66
1768804200,40.1,40.1,40.1,40.1
1768806000,40.1,40.3,39.94,40.2
1768807800,40.2,40.26,40.04,40.08
1768809600,40.08,40.3,40.08,40.26
1768811400,40.26,40.28,40.08,40.1
1768813200,40.12,40.14,39.96,39.98
1768815000,40,40.02,39.84,39.94
1768816800,39.96,39.98,39.76,39.94
1768818600,39.92,39.94,39.82,39.84
1768820400,39.82,40.04,39.8,39.98
1768822200,39.98,40,39.78,39.96
1768824000,39.94,39.98,39.86,39.96
1768825800,39.98,40.12,39.96,40.04
1768827600,40.06,40.08,39.96,39.98
1768829400,39.98,40.06,39.9,40.02
1768831200,40.02,40.02,39.86,40
1768833000,40,40.02,39.84,39.86
1768834800,39.9,39.9,39.9,39.9
1768890600,39.8,39.8,39.8,39.8
1768892400,39.8,39.82,39.4,39.42
1768894200,39.42,39.56,39.36,39.5
1768896000,39.52,39.6,39.36,39.48
1768897800,39.48,39.48,39.24,39.28
1768899600,39.28,39.28,39.1,39.12
1768901400,39.14,39.14,39.06,39.08
1768903200,39.06,39.3,39.06,39.28
1768905000,39.28,39.36,39.2,39.28
1768906800,39.28,39.52,39.26,39.38
1768908600,39.36,39.4,39.26,39.38
1768910400,39.38,39.4,39.18,39.24
1768912200,39.24,39.56,39.22,39.44
1768914000,39.46,39.48,39.34,39.38
1768915800,39.4,39.4,38.96,39.08
1768917600,39.06,39.08,38.8,38.84
1768919400,38.84,38.9,38.74,38.86
1768921200,38.98,38.98,38.98,38.98
1768977000,38.96,38.96,38.96,38.96
1768978800,38.94,39.04,38.72,38.96
1768980600,38.96,38.96,38.72,38.78
1768982400,38.78,38.8,38.56,38.66
1768984200,38.66,38.68,38.5,38.52
1768986000,38.5,38.68,38.48,38.6
1768987800,38.58,38.64,38.52,38.6
1768989600,38.6,38.62,38.52,38.54
1768991400,38.56,38.58,38.46,38.5
1768993200,38.54,38.62,38.5,38.6
1768995000,38.6,38.64,38.44,38.48
1768996800,38.48,38.54,38.42,38.52
1768998600,38.52,38.64,38.44,38.54
1769000400,38.54,38.66,38.52,38.58
1769002200,38.58,38.8,38.56,38.74
1769004000,38.76,38.98,38.74,38.82
1769005800,38.84,38.98,38.8,38.92
1769007600,38.9,38.94,38.9,38.94
1769063400,39.14,39.14,39.14,39.14
1769065200,39.14,39.58,39.14,39.42
1769067000,39.42,39.5,39.32,39.38
1769068800,39.38,39.56,39.38,39.44
1769070600,39.42,39.46,39.36,39.38
1769072400,39.4,39.46,39.32,39.38
1769074200,39.4,39.48,39.36,39.4
1769076000,39.38,39.4,39.32,39.36
1769077800,39.36,39.42,39.26,39.28
1769079600,39.3,39.3,38.9,39.1
1769081400,39.1,39.16,38.9,38.9
1769083200,38.92,39.04,38.82,38.96
1769085000,38.94,39.04,38.92,38.98
1769086800,38.98,39.18,38.96,39.12
1769088600,39.12,39.16,39.02,39.08
1769090400,39.08,39.26,38.98,39.26
1769092200,39.28,39.68,39.22,39.64
1769094000,39.66,39.66,39.66,39.66
1769149800,40,40,40,40
1769151600,40.02,40.4,40.02,40.4
1769153400,40.42,40.5,40.14,40.4
1769155200,40.4,40.5,40.16,40.22
1769157000,40.24,40.46,40.16,40.42
1769158800,40.42,40.44,40.3,40.32
1769160600,40.32,40.34,40.22,40.32
1769162400,40.32,40.38,40.26,40.28
1769164200,40.28,40.3,40.18,40.22
1769166000,40.22,40.28,40.14,40.16
1769167800,40.14,40.32,40.12,40.32
1769169600,40.32,40.5,40.26,40.42
1769171400,40.42,40.44,40.28,40.28
1769173200,40.28,40.42,40.28,40.32
1769175000,40.34,40.4,40.2,40.22
1769176800,40.24,40.28,40.12,40.14
1769178600,40.14,40.28,40.12,40.28
1769180400,40.28,40.28,40.28,40.28
1769409000,39.9,39.9,39.9,39.9
1769410800,39.9,40.74,39.7,40.72
1769412600,40.72,40.8,40.46,40.5
1769414400,40.5,40.52,40.36,40.46
1769416200,40.46,40.6,40.32,40.56
1769418000,40.56,40.82,40.54,40.72
1769419800,40.7,40.76,40.64,40.7
1769421600,40.7,40.92,40.64,40.8
1769423400,40.8,40.82,40.72,40.72
1769425200,40.72,40.78,40.54,40.54
1769427000,40.54,40.74,40.52,40.7
1769428800,40.7,40.86,40.62,40.68
1769430600,40.68,40.74,40.6,40.72
1769432400,40.7,40.84,40.66,40.76
1769434200,40.76,40.78,40.62,40.68
1769436000,40.68,40.76,40.6,40.76
1769437800,40.74,40.98,40.74,40.92
1769439600,40.92,40.92,40.92,40.92
1769495400,41.04,41.04,41.04,41.04
1769497200,41.02,41.06,40.72,40.74
1769499000,40.74,41.02,40.72,40.8
1769500800,40.8,40.98,40.48,40.8
1769502600,40.8,40.86,40.54,40.62
1769504400,40.6,40.84,40.58,40.64
1769506200,40.66,40.68,40.48,40.54
1769508000,40.54,40.54,40.36,40.38
1769509800,40.38,40.48,40.36,40.44
1769511600,40.42,40.72,40.4,40.66
1769513400,40.66,40.82,40.6,40.66
1769515200,40.66,40.76,40.56,40.62
1769517000,40.62,40.76,40.58,40.68
1769518800,40.7,40.78,40.62,40.76
1769520600,40.76,40.76,40.44,40.46
1769522400,40.44,40.64,40.36,40.46
1769524200,40.44,40.62,40.42,40.58
1769526000,40.62,40.62,40.62,40.62
1769581800,40.62,40.62,40.62,40.62
1769583600,40.64,41.24,40.64,41.18
1769585400,41.2,41.22,41.08,41.16
1769587200,41.16,41.52,41.14,41.46
1769589000,41.46,41.56,41.32,41.42
1769590800,41.42,41.54,41.36,41.44
1769592600,41.44,41.6,41.36,41.58
1769594400,41.58,41.7,41.44,41.5
1769596200,41.5,41.54,41.46,41.5
1769598000,41.5,41.52,41.32,41.42
1769599800,41.42,41.48,41.36,41.46
1769601600,41.44,41.52,41.34,41.42
1769603400,41.4,41.52,41.26,41.32
1769605200,41.32,41.5,41.26,41.46
1769607000,41.46,41.66,41.46,41.62
1769608800,41.62,41.72,41.56,41.7
1769610600,41.7,41.76,41.54,41.56
1769612400,41.62,41.62,41.62,41.62
1769668200,42.46,42.46,42.46,42.46
1769670000,42.46,42.56,41.92,42.42
1769671800,42.42,42.54,42.2,42.48
1769673600,42.48,42.68,42.34,42.48
1769675400,42.48,42.54,42.38,42.44
1769677200,42.46,42.6,42.4,42.54
1769679000,42.56,42.66,42.44,42.56
1769680800,42.56,43.06,42.5,43.02
1769682600,43.02,43.2,42.86,43.14
1769684400,43.14,44.86,43.1,44.7
1769686200,44.7,45.66,44.68,45.62
1769688000,45.64,45.78,45.18,45.78
1769689800,45.78,45.78,45.12,45.78
1769691600,45.78,45.78,45.78,45.78
1769693400,45.78,45.78,45.78,45.78
1769695200,45.78,45.78,45.78,45.78
1769697000,45.78,45.78,45.78,45.78
1769698800,45.78,45.78,45.78,45.78
1769754600,46.32,46.32,46.32,46.32
1769756400,46.32,48.16,45.5,46.28
1769758200,46.28,46.74,46.06,46.32
1769760000,46.34,46.44,45.2,45.6
1769761800,45.6,45.78,45.38,45.52
1769763600,45.54,45.6,45.24,45.34
1769765400,45.34,45.52,44.86,45.04
1769767200,45.04,45.18,44.86,44.98
1769769000,44.98,45.12,44.96,45.08
1769770800,45.1,45.68,44.86,45.26
1769772600,45.26,45.56,45.2,45.28
1769774400,45.26,45.56,45.1,45.16
1769776200,45.16,45.34,45,45.26
1769778000,45.24,45.44,45.12,45.22
1769779800,45.22,45.48,45.08,45.4
1769781600,45.4,45.58,45.26,45.36
1769783400,45.36,45.5,45.16,45.18
1769785200,45.5,45.5,45.5,45.5
1770013800,44.26,44.26,44.26,44.26
1770015600,44.3,44.6,43.58,43.76
1770017400,43.76,43.76,43.4,43.44
1770019200,43.44,43.86,43.34,43.74
1770021000,43.74,44.14,43.72,44.14
1770022800,44.14,44.48,44.12,44.32
1770024600,44.32,45.04,44.3,45.04
1770026400,45.06,45.48,45,45.1
1770028200,45.08,45.36,44.98,45.2
1770030000,45.22,46.78,45.2,46.68
1770031800,46.66,46.9,46,46.3
1770033600,46.32,46.56,46.1,46.1
1770035400,46.12,46.2,45.88,46.14
1770037200,46.14,46.2,45.78,45.92
1770039000,45.9,46.1,45.76,45.8
1770040800,45.8,46.06,45.48,45.52
1770042600,45.54,45.66,45.34,45.42
1770044400,45.4,45.4,45.36,45.36
1770100200,45.84,45.84,45.84,45.84
1770102000,45.82,46.2,45.34,46
1770103800,46,46.5,45.98,46.28
1770105600,46.26,46.62,46.22,46.46
1770107400,46.46,46.56,46.1,46.28
1770109200,46.26,46.36,46.04,46.22
1770111000,46.22,46.22,45.86,45.88
1770112800,45.88,46.24,45.82,46.2
1770114600,46.2,46.3,46.08,46.22
1770116400,46.22,46.72,46.14,46.44
1770118200,46.44,46.64,46.32,46.4
1770120000,46.4,46.42,46.1,46.12
1770121800,46.12,46.26,46.06,46.22
1770123600,46.22,46.52,46.16,46.24
1770125400,46.24,46.38,46.18,46.34
1770127200,46.34,46.34,45.68,45.74
1770129000,45.74,46.24,45.62,46.12
1770130800,46.18,46.18,46.18,46.18
1770186600,46.88,46.88,46.88,46.88
1770188400,46.88,47.22,46.7,47.18
1770190200,47.2,47.46,46.86,46.94
1770192000,46.92,47.1,46.58,46.94
1770193800,46.92,46.94,46.44,46.64
1770195600,46.64,46.7,46.32,46.36
1770197400,46.34,46.46,46.26,46.42
1770199200,46.44,46.44,46.12,46.22
1770201000,46.22,46.32,45.98,46.06
1770202800,46.08,46.14,45.96,46.08
1770204600,46.06,46.24,45.98,46.1
1770206400,46.1,46.2,46.02,46.2
1770208200,46.2,46.32,46.06,46.14
1770210000,46.14,46.3,46.08,46.12
1770211800,46.14,46.56,46.04,46.5
1770213600,46.48,46.76,46.34,46.46
1770215400,46.46,46.68,46.3,46.34
1770217200,46.34,46.34,46.34,46.34
1770273000,46.2,46.2,46.2,46.2
1770274800,46.18,46.72,45.88,46.7
1770276600,46.72,48.04,46.7,47.52
1770278400,47.52,47.58,47.26,47.28
1770280200,47.3,47.32,46.72,46.84
1770282000,46.84,46.84,46.62,46.64
1770283800,46.66,46.66,46.44,46.5
1770285600,46.5,49.5,46.4,48.74
1770287400,48.74,48.94,47.82,47.96
1770289200,47.96,48.2,47.88,47.96
1770291000,47.94,48.12,47.7,47.96
1770292800,47.96,48.06,47.6,47.72
1770294600,47.72,47.98,47.54,47.98
1770296400,47.96,48.12,47.68,47.82
1770298200,47.82,48.02,47.6,47.72
1770300000,47.72,47.92,47.52,47.9
1770301800,47.9,48.32,47.38,47.44
1770303600,47.54,47.54,47.54,47.54
1770359400,47.54,47.54,47.54,47.54
1770361200,47.52,47.76,47.08,47.32
1770363000,47.32,47.34,46.54,46.7
1770364800,46.72,46.76,46.28,46.48
1770366600,46.48,46.52,46.24,46.48
1770368400,46.46,46.46,46.2,46.32
1770370200,46.32,46.8,46.28,46.7
1770372000,46.7,46.78,46.58,46.7
1770373800,46.7,46.9,46.58,46.82
1770375600,46.84,47.16,46.72,46.94
1770377400,46.94,46.96,46.58,46.84
1770379200,46.82,46.94,46.64,46.78
1770381000,46.76,46.78,46.22,46.24
1770382800,46.24,46.94,46.2,46.8
1770384600,46.78,46.78,46.52,46.54
1770386400,46.56,47.38,46.52,47.3
1770388200,47.32,47.84,47,47.34
1770390000,47.52,47.52,47.52,47.52
1770618600,48.2,48.2,48.2,48.2
1770620400,48.22,48.46,47.58,47.98
1770622200,47.98,48.18,47.68,48.16
1770624000,48.18,48.24,47.92,47.96
1770625800,47.96,48.28,47.94,48.14
1770627600,48.14,48.16,47.74,48.04
1770629400,48.02,48.04,47.86,48.02
1770631200,48.02,48.6,47.92,48.46
1770633000,48.46,48.48,48.14,48.14
1770634800,48.14,48.68,48.12,48.44
1770636600,48.44,48.46,48.18,48.28
1770638400,48.26,48.4,48.16,48.22
1770640200,48.22,48.28,48.14,48.2
1770642000,48.2,48.36,48.18,48.32
1770643800,48.34,48.48,48.28,48.4
1770645600,48.42,48.52,48.32,48.38
1770647400,48.4,48.48,48.28,48.4
1770649200,48.28,48.28,48.28,48.28
1770705000,48.48,48.48,48.48,48.48
1770706800,48.46,48.48,47.92,47.92
1770708600,47.94,48.18,47.64,47.68
1770710400,47.7,47.96,47.62,47.9
1770712200,47.9,48.14,47.8,47.86
1770714000,47.86,48.36,47.84,48.1
1770715800,48.08,48.1,47.88,47.94
1770717600,47.92,48.1,47.84,47.88
1770719400,47.88,48,47.8,47.98
1770721200,47.98,48.04,47.84,47.88
1770723000,47.88,48.02,47.76,47.78
1770724800,47.8,47.82,47.14,47.56
1770726600,47.56,47.7,47.38,47.42
1770728400,47.42,47.7,47.42,47.54
1770730200,47.54,47.6,47.16,47.2
1770732000,47.2,47.36,47.14,47.28
1770733800,47.3,47.34,47.04,47.08
1770735600,47.12,47.12,47.12,47.12
1770791400,46.76,46.76,46.76,46.76
1770793200,46.82,47.4,46.68,47.36
1770795000,47.38,47.42,47.14,47.26
1770796800,47.26,47.48,47.14,47.28
1770798600,47.3,47.6,47.26,47.5
1770800400,47.52,47.76,47.48,47.6
1770802200,47.6,47.62,47.26,47.46
1770804000,47.46,47.46,47.28,47.34
1770805800,47.34,47.38,47.22,47.32
1770807600,47.32,47.74,47.28,47.64
1770809400,47.62,47.74,47.52,47.6
1770811200,47.62,47.7,47.52,47.58
1770813000,47.58,48.08,47.56,47.9
1770814800,47.92,48.24,47.8,48.22
1770816600,48.2,48.3,47.9,47.98
1770818400,47.98,48.02,47.64,47.84
1770820200,47.82,47.9,47.62,47.7
1770822000,47.68,47.68,47.68,47.68
1770877800,47.84,47.84,47.84,47.84
1770879600,47.82,48.06,47.8,47.88
1770881400,47.9,48.18,47.78,48.14
1770883200,48.16,48.34,47.9,48.24
1770885000,48.22,48.3,48.06,48.18
1770886800,48.18,48.2,48.04,48.06
1770888600,48.04,48.42,48.04,48.36
1770890400,48.38,48.66,48.3,48.52
1770892200,48.54,48.66,48.42,48.64
1770894000,48.64,48.64,48.36,48.52
1770895800,48.5,48.76,48.46,48.74
1770897600,48.74,48.76,48.5,48.54
1770899400,48.54,49.08,48.48,49.02
1770901200,49.04,49.42,48.98,49.22
1770903000,49.22,49.32,48.96,49.02
1770904800,49.02,49.26,48.96,49.18
1770906600,49.18,49.28,49.04,49.1
1770908400,49,49,49,49
1770964200,49,49,49,49
1770966000,49.02,49.78,48.96,49.4
1770967800,49.4,49.8,49.28,49.52
1770969600,49.52,49.6,49.32,49.4
1770971400,49.4,49.66,49.18,49.42
1770973200,49.42,49.6,49.26,49.32
1770975000,49.3,49.42,49.28,49.36
1770976800,49.36,49.38,49.18,49.38
1770978600,49.36,49.38,49.08,49.14
1770980400,49.16,49.44,49.12,49.4
1770982200,49.4,49.52,49.3,49.52
1770984000,49.52,49.62,49.26,49.4
1770985800,49.42,49.62,49.36,49.4
1770987600,49.4,49.62,49.38,49.54
1770989400,49.52,49.64,49.44,49.56
1770991200,49.54,49.74,49.38,49.6
1770993000,49.62,49.74,49.5,49.54
1770994800,49.54,49.54,49.54,49.54
1771223400,50.05,50.05,50.05,50.05
1771225200,50.1,50.85,50.1,50.65
1771227000,50.7,50.7,49.98,50.1
1771228800,50.1,50.2,49.66,49.92
1771230600,49.92,50,49.78,49.92
1771232400,49.92,50,49.76,49.94
1771234200,49.96,50.15,49.78,50
1771236000,50,50.2,49.92,50.15
1771237800,50.2,50.2,50.05,50.15
1771239600,50.1,50.25,50.05,50.1
1771241400,50.1,50.2,49.94,50.1
1771243200,50.05,50.1,49.86,50
1771245000,50,50,49.62,49.92
1771246800,49.92,50.45,49.88,50.4
1771248600,50.45,50.65,50.15,50.35
1771250400,50.3,50.6,50.25,50.55
1771252200,50.55,50.9,50.5,50.8
1771254000,50.8,50.8,50.8,50.8
1771309800,49.9,49.9,49.9,49.9
1771311600,49.88,49.88,49.06,49.1
1771313400,49.1,49.12,48.8,48.98
1771315200,48.98,49.08,48.7,48.9
1771317000,48.9,48.92,48.4,48.56
1771318800,48.56,48.58,48.42,48.52
1771320600,48.52,48.54,48.24,48.36
1771322400,48.36,48.54,48.32,48.54
1771324200,48.54,48.58,48.44,48.5
1771326000,48.48,48.72,48.44,48.6
1771327800,48.6,48.64,48.46,48.52
1771329600,48.52,48.68,48.5,48.6
1771331400,48.6,48.66,48.56,48.6
1771333200,48.62,48.64,48.36,48.48
1771335000,48.46,48.74,48.32,48.66
1771336800,48.68,48.7,48.16,48.18
1771338600,48.18,48.32,48.08,48.1
1771340400,48.02,48.02,48.02,48.02
1771396200,48.2,48.2,48.2,48.2
1771398000,48.2,48.62,48.2,48.5
1771399800,48.5,48.62,48.28,48.36
1771401600,48.36,48.54,48.3,48.38
1771403400,48.4,48.46,48.26,48.32
1771405200,48.3,48.32,48.14,48.18
1771407000,48.18,48.26,47.96,48
1771408800,48,48.26,47.92,48.22
1771410600,48.22,48.36,48.2,48.26
1771412400,48.26,48.38,48.24,48.28
1771414200,48.28,48.28,48.08,48.16
1771416000,48.16,48.18,47.56,47.72
1771417800,47.7,47.74,46.46,46.88
1771419600,46.88,46.96,46.56,46.66
1771421400,46.64,46.7,46.42,46.58
1771423200,46.58,46.64,46.2,46.48
1771425000,46.48,46.48,46.1,46.18
1771426800,46.18,46.34,46.18,46.34
1771482600,46.6,46.6,46.6,46.6
1771484400,46.6,46.8,46.32,46.4
1771486200,46.4,46.74,46.32,46.5
1771488000,46.46,46.56,46.1,46.28
1771489800,46.3,46.34,46.08,46.08
1771491600,46.1,46.12,45.78,45.88
1771493400,45.88,45.92,45.64,45.66
1771495200,45.68,45.86,45.54,45.8
1771497000,45.82,45.88,45.54,45.6
1771498800,45.58,45.64,45.32,45.34
1771500600,45.34,45.38,45.02,45.16
1771502400,45.16,45.4,45.14,45.32
1771504200,45.34,45.4,45.14,45.14
1771506000,45.16,45.22,45.02,45.06
1771507800,45.08,45.12,44.88,44.94
1771509600,44.92,45.08,44.8,44.82
1771511400,44.82,44.98,44.5,44.88
1771513200,44.88,44.88,44.8,44.8
1771569000,44.96,44.96,44.96,44.96
1771570800,44.98,45.94,44.98,45.86
1771572600,45.84,45.96,45.52,45.58
1771574400,45.58,45.8,45.5,45.66
1771576200,45.66,45.78,45.52,45.62
1771578000,45.64,45.8,45.54,45.72
1771579800,45.7,45.84,45.52,45.58
1771581600,45.56,45.7,45.46,45.7
1771583400,45.7,45.72,45.44,45.5
1771585200,45.5,45.64,45.46,45.52
1771587000,45.5,45.72,45.4,45.58
1771588800,45.58,45.84,45.5,45.74
1771590600,45.72,45.82,45.62,45.78
1771592400,45.76,46.22,45.72,45.98
1771594200,45.98,46,45.7,45.78
1771596000,45.8,45.86,45.64,45.78
1771597800,45.78,45.92,45.74,45.82
1771599600,46,46,46,46
1771828200,46.5,46.5,46.5,46.5
1771830000,46.48,46.68,46.12,46.2
1771831800,46.2,46.52,46.2,46.48
1771833600,46.5,46.62,46.46,46.48
1771835400,46.48,47.2,46.44,47.1
1771837200,47.08,47.34,47,47.22
1771839000,47.22,47.42,47.16,47.26
1771840800,47.3,47.34,47.04,47.16
1771842600,47.18,47.4,47.08,47.12
1771844400,47.12,47.28,47.08,47.24
1771846200,47.22,47.32,47.1,47.14
1771848000,47.14,47.42,47.1,47.3
1771849800,47.28,47.36,47.18,47.22
1771851600,47.22,47.22,47.04,47.14
1771853400,47.14,47.3,47.08,47.16
1771855200,47.18,47.34,47.1,47.16
1771857000,47.14,47.24,46.98,47.04
1771858800,47,47,47,47
1771914600,46.88,46.88,46.88,46.88
1771916400,46.88,47.12,46.62,46.78
1771918200,46.78,46.82,46.44,46.46
1771920000,46.48,46.5,46.02,46.3
1771921800,46.32,46.34,46.04,46.3
1771923600,46.3,46.46,46.14,46.28
1771925400,46.28,46.88,46.22,46.6
1771927200,46.6,46.72,46.48,46.66
1771929000,46.66,46.92,46.56,46.8
1771930800,46.8,46.92,46.6,46.72
1771932600,46.7,46.72,46.56,46.6
1771934400,46.62,46.78,46.56,46.68
1771936200,46.66,46.74,46.5,46.52
1771938000,46.52,46.72,46.4,46.52
1771939800,46.52,46.7,46.4,46.46
1771941600,46.44,46.54,46.28,46.44
1771943400,46.46,46.5,46.32,46.4
1771945200,46.28,46.28,46.28,46.28
1772001000,46.5,46.5,46.5,46.5
1772002800,46.5,46.72,46,46.12
1772004600,46.12,46.16,45.68,45.72
1772006400,45.72,45.88,45.32,45.56
1772008200,45.54,45.78,45.52,45.76
1772010000,45.76,45.88,45.66,45.76
1772011800,45.76,46,45.72,45.88
1772013600,45.88,45.98,45.76,45.86
1772015400,45.84,46.18,45.84,45.88
1772017200,45.9,45.9,45.76,45.82
1772019000,45.8,45.86,45.44,45.58
1772020800,45.56,45.64,45.4,45.5
1772022600,45.52,45.7,45.5,45.64
1772024400,45.64,45.8,45.6,45.74
1772026200,45.74,45.88,45.62,45.74
1772028000,45.72,45.92,45.64,45.84
1772029800,45.84,45.88,45.68,45.72
1772031600,45.74,45.74,45.74,45.74
1772087400,45.74,45.74,45.74,45.74
1772089200,45.76,45.84,45.38,45.4
1772091000,45.4,45.46,45.34,45.36
1772092800,45.36,45.4,45.14,45.3
1772094600,45.3,45.48,45.3,45.42
1772096400,45.44,45.6,45.32,45.56
1772098200,45.56,45.7,45.44,45.64
1772100000,45.64,45.9,45.48,45.82
1772101800,45.82,46.28,45.74,46.24
1772103600,46.24,46.44,46,46.04
1772105400,46.06,46.08,45.9,45.92
1772107200,45.92,46.12,45.9,46
1772109000,46,46.08,45.86,45.92
1772110800,45.92,46.1,45.88,46.1
1772112600,46.1,46.14,46,46.04
1772114400,46.04,46.1,45.88,45.94
1772116200,45.92,46.08,45.78,45.82
1772118000,45.82,46.04,45.82,46.04
1772173800,46.22,46.22,46.22,46.22
1772175600,46.22,46.4,45.8,45.84
1772177400,45.86,45.92,45.66,45.8
1772179200,45.78,46.24,45.72,46.18
1772181000,46.2,46.3,45.96,46.1
1772182800,46.1,46.14,45.92,45.94
1772184600,45.96,45.98,45.88,45.96
1772186400,45.98,46,45.7,45.78
1772188200,45.76,45.9,45.72,45.76
1772190000,45.78,45.8,45.42,45.56
1772191800,45.54,45.66,45.02,45.12
1772193600,45.14,45.16,44.6,44.76
1772195400,44.74,44.78,44.64,44.74
1772197200,44.72,44.84,44.38,44.38
1772199000,44.4,44.56,44.22,44.44
1772200800,44.4,44.96,44.38,44.86
1772202600,44.86,44.98,44.72,44.78
1772204400,44.78,44.86,44.78,44.86
1772433000,40.54,40.54,40.54,40.54
1772434800,40.58,43,40.58,42.62
1772436600,42.62,42.76,42.04,42.14
1772438400,42.16,42.46,42.06,42.18
1772440200,42.18,42.26,42.08,42.16
1772442000,42.16,42.46,42.06,42.38
1772443800,42.38,42.7,42.36,42.58
1772445600,42.62,42.76,42.5,42.72
1772447400,42.72,42.82,42.62,42.74
1772449200,42.74,42.84,42.62,42.68
1772451000,42.68,42.84,42.5,42.54
1772452800,42.52,42.56,42.14,42.32
1772454600,42.34,42.58,42.26,42.56
1772456400,42.58,43.04,42.54,42.88
1772458200,42.86,42.9,42.6,42.66
1772460000,42.7,42.72,42.3,42.46
1772461800,42.44,42.6,42.34,42.54
1772463600,42.44,42.44,42.44,42.44
1772519400,42.16,42.16,42.16,42.16
1772521200,42.24,42.74,42.16,42.38
1772523000,42.38,42.56,42.3,42.42
1772524800,42.42,42.68,42.4,42.5
1772526600,42.5,42.66,42.42,42.48
1772528400,42.48,42.52,42.3,42.3
1772530200,42.3,42.32,42.04,42.08
1772532000,42.08,42.1,41.82,41.88
1772533800,41.88,41.9,41.58,41.66
1772535600,41.66,41.74,41.48,41.64
1772537400,41.62,41.7,41.54,41.62
1772539200,41.6,41.88,41.56,41.76
1772541000,41.78,41.94,41.72,41.82
1772542800,41.82,41.92,41.66,41.74
1772544600,41.74,41.74,41.5,41.52
1772546400,41.5,41.72,41.24,41.28
1772548200,41.3,41.44,41.14,41.26
1772550000,41.2,41.2,41.2,41.2
1772605800,41.22,41.22,41.22,41.22
1772607600,41.24,41.44,41.02,41.14
1772609400,41.16,41.38,41.14,41.32
1772611200,41.32,41.62,41.08,41.1
1772613000,41.08,41.14,40.94,40.94
1772614800,40.94,41.1,40.88,41.04
1772616600,41.04,41.14,41,41.1
1772618400,41.1,41.6,41.06,41.46
1772620200,41.48,41.54,41.38,41.46
1772622000,41.46,41.88,41.3,41.32
1772623800,41.32,41.46,40.8,40.94
1772625600,40.94,41.24,40.92,41.22
1772627400,41.24,41.34,41.1,41.22
1772629200,41.22,41.6,41.18,41.3
1772631000,41.3,41.34,40.98,41.02
1772632800,41.02,41.08,40.7,41.02
1772634600,41.02,41.2,40.96,41.08
1772636400,41.22,41.22,41.22,41.22
1772692200,41.5,41.5,41.5,41.5
1772694000,41.5,41.9,41.48,41.74
1772695800,41.78,41.88,41.56,41.6
1772697600,41.58,41.62,41.42,41.44
1772699400,41.42,41.48,41.38,41.4
1772701200,41.42,41.64,41.38,41.54
1772703000,41.54,41.54,41.44,41.52
1772704800,41.52,41.58,41.48,41.5
1772706600,41.5,41.54,41.42,41.52
1772708400,41.52,41.56,41.42,41.5
1772710200,41.5,41.54,41.4,41.46
1772712000,41.46,41.48,41.22,41.46
1772713800,41.46,41.58,41.44,41.56
1772715600,41.56,41.58,41.46,41.54
1772717400,41.54,41.58,41.44,41.54
1772719200,41.54,41.56,41.22,41.28
1772721000,41.24,41.28,41.18,41.28
1772722800,41.26,41.26,41.22,41.22
1772778600,41,41,41,41
1772780400,41,41.5,41,41.32
1772782200,41.34,41.34,40.82,40.9
1772784000,40.9,40.9,40.52,40.56
1772785800,40.56,40.82,40.54,40.72
1772787600,40.74,40.78,40.54,40.56
1772789400,40.56,40.66,40.52,40.6
1772791200,40.6,40.7,40.54,40.66
1772793000,40.68,40.76,40.6,40.62
1772794800,40.6,40.72,40.52,40.64
1772796600,40.64,40.68,40.5,40.58
1772798400,40.6,40.64,40.48,40.58
1772800200,40.56,40.6,40.44,40.52
1772802000,40.52,40.58,40.42,40.54
1772803800,40.52,40.56,40.38,40.38
1772805600,40.38,40.5,40.32,40.32
1772807400,40.32,40.54,40.3,40.48
1772809200,40.4,40.4,40.4,40.4
1773037800,39.2,39.2,39.2,39.2
1773039600,39.22,39.64,39.08,39.16
1773041400,39.14,39.24,39,39.2
1773043200,39.2,39.26,38.9,38.98
1773045000,38.98,39.12,38.92,38.96
1773046800,38.94,39.48,38.9,39.46
1773048600,39.48,39.7,39.42,39.58
1773050400,39.56,39.64,39.46,39.56
1773052200,39.58,39.64,39.46,39.56
1773054000,39.54,39.9,39.54,39.82
1773055800,39.82,39.84,39.62,39.68
1773057600,39.68,40.04,39.54,40.04
1773059400,40.04,40.28,40.02,40.24
1773061200,40.26,40.32,39.84,40.02
1773063000,40,40.12,39.8,39.96
1773064800,39.96,40.02,39.72,39.9
1773066600,39.9,40.56,39.88,40.5
1773068400,40.52,40.58,40.52,40.58
1773124200,41.7,41.7,41.7,41.7
1773126000,41.7,41.82,41.28,41.38
1773127800,41.38,41.42,41.14,41.4
1773129600,41.38,41.54,41.26,41.38
1773131400,41.38,41.68,41.36,41.62
1773133200,41.6,41.78,41.54,41.66
1773135000,41.64,42.08,41.62,42.04
1773136800,42.04,42.08,41.88,41.88
1773138600,41.88,41.98,41.8,41.94
1773140400,41.94,42.14,41.88,42.08
1773142200,42.04,42.26,42.04,42.1
1773144000,42.1,42.1,41.66,41.72
1773145800,41.7,41.9,41.7,41.88
1773147600,41.88,41.9,41.74,41.86
1773149400,41.86,41.98,41.74,41.82
1773151200,41.84,42.1,41.82,42
1773153000,41.98,42.34,41.98,42.26
1773154800,42.16,42.16,42.16,42.16
1773210600,42.14,42.14,42.14,42.14
1773212400,42.14,42.32,41.96,42.16
1773214200,42.14,42.18,41.8,41.86
1773216000,41.86,42.02,41.78,42
1773217800,42,42,41.74,41.84
1773219600,41.84,41.96,41.74,41.88
1773221400,41.86,42.02,41.8,41.86
1773223200,41.86,41.94,41.8,41.82
1773225000,41.8,41.86,41.8,41.82
1773226800,41.84,42.02,41.8,41.92
1773228600,41.92,41.98,41.6,41.62
1773230400,41.62,41.72,41.58,41.62
1773232200,41.62,41.66,41.48,41.52
1773234000,41.5,41.58,41.36,41.54
1773235800,41.56,41.56,41.32,41.56
1773237600,41.56,41.92,41.54,41.62
1773239400,41.62,41.92,41.54,41.9
1773241200,41.94,41.94,41.94,41.94
1773297000,41.58,41.58,41.58,41.58
1773298800,41.58,41.88,41.52,41.7
1773300600,41.68,41.84,41.64,41.76
1773302400,41.74,41.8,41.6,41.64
1773304200,41.66,41.8,41.58,41.76
1773306000,41.76,42.04,41.76,41.88
1773307800,41.88,41.94,41.8,41.82
1773309600,41.84,41.9,41.76,41.8
1773311400,41.78,41.96,41.78,41.84
1773313200,41.86,42.16,41.8,42.16
1773315000,42.14,42.42,42.1,42.34
1773316800,42.34,42.4,42.24,42.34
1773318600,42.32,42.44,42.18,42.2
1773320400,42.2,42.26,41.94,41.98
1773322200,41.98,42.04,41.8,41.8
1773324000,41.8,41.9,41.72,41.76
1773325800,41.76,42.1,41.74,41.98
1773327600,41.96,42,41.96,42
1773383400,41.6,41.6,41.6,41.6
1773385200,41.6,41.8,41.28,41.32
1773387000,41.32,41.36,41.12,41.12
1773388800,41.1,41.14,40.96,41
1773390600,41,41.2,40.92,41.14
1773392400,41.16,41.34,41.12,41.26
1773394200,41.24,41.36,41.2,41.3
1773396000,41.3,41.56,41.3,41.48
1773397800,41.48,41.54,41.42,41.46
1773399600,41.44,41.62,41.42,41.56
1773401400,41.56,41.76,41.54,41.72
1773403200,41.72,41.88,41.62,41.66
1773405000,41.64,41.74,41.6,41.66
1773406800,41.66,41.84,41.6,41.78
1773408600,41.78,42.06,41.74,41.84
1773410400,41.84,41.9,41.7,41.82
1773412200,41.8,41.94,41.54,41.62
1773414000,41.62,41.62,41.58,41.58
1773642600,42.32,42.32,42.32,42.32
1773644400,42.34,42.78,42.16,42.22
1773646200,42.22,42.56,42.1,42.48
1773648000,42.48,42.58,42.24,42.32
1773649800,42.32,42.34,42,42.08
1773651600,42.1,42.18,41.82,41.84
1773653400,41.84,41.94,41.72,41.76
1773655200,41.78,41.88,41.72,41.82
1773657000,41.82,41.9,41.64,41.88
1773658800,41.88,42,41.82,41.92
1773660600,41.92,41.94,41.76,41.88
1773662400,41.88,42.08,41.82,42.06
1773664200,42.06,42.26,42.02,42.2
1773666000,42.22,42.6,42.18,42.34
1773667800,42.34,42.62,42.26,42.52
1773669600,42.52,42.56,42.32,42.4
1773671400,42.38,42.6,42.24,42.38
1773673200,42.48,42.48,42.48,42.48
1773729000,42.84,42.84,42.84,42.84
1773730800,42.84,43.4,42.84,43.24
1773732600,43.26,44.06,43.24,43.62
1773734400,43.62,43.9,43.52,43.68
1773736200,43.7,43.74,43.42,43.6
1773738000,43.58,43.62,43.38,43.52
1773739800,43.52,43.86,43.52,43.76
1773741600,43.78,43.84,43.6,43.7
1773743400,43.7,43.72,43.58,43.62
1773745200,43.6,43.86,43.5,43.7
1773747000,43.7,43.88,43.66,43.72
1773748800,43.74,43.96,43.64,43.86
1773750600,43.86,44.18,43.86,43.98
1773752400,44,44.1,43.94,44.02
1773754200,44.04,44.16,43.98,44.16
1773756000,44.16,44.3,44.02,44.26
1773757800,44.24,44.38,44.08,44.24
1773759600,44.28,44.28,44.28,44.28
1773815400,44.5,44.5,44.5,44.5
1773817200,44.46,45,44.46,44.76
1773819000,44.74,44.82,44.32,44.72
1773820800,44.72,44.76,44.24,44.3
1773822600,44.3,44.32,43.82,43.84
1773824400,43.82,44,43.62,43.98
1773826200,43.98,43.98,43.76,43.88
1773828000,43.86,43.94,43.78,43.9
1773829800,43.9,43.9,43.72,43.76
1773831600,43.76,43.86,43.52,43.52
1773833400,43.52,43.72,43.48,43.66
1773835200,43.64,43.72,43.54,43.6
1773837000,43.6,43.62,43.22,43.36
1773838800,43.34,43.74,43.32,43.58
1773840600,43.58,43.88,43.52,43.86
1773842400,43.86,43.9,43.58,43.64
1773844200,43.64,43.86,43.62,43.78
1773846000,43.78,43.82,43.78,43.82
1773901800,43.48,43.48,43.48,43.48
1773903600,43.5,46.1,43.46,45.94
1773905400,45.92,47.08,45.14,45.2
1773907200,45.16,45.46,44.7,45.14
1773909000,45.12,45.2,44.8,45.02
1773910800,45.02,45.12,44.66,44.72
1773912600,44.26,44.26,44.26,44.26
1774247400,43.7,43.7,43.7,43.7
1774249200,43.7,45.76,43.66,45.44
1774251000,46.06,46.8,45.7,46.3
1774252800,46.3,46.5,46.08,46.34
1774254600,46.36,48.24,46.34,48
1774256400,47.98,48,47.24,47.3
1774258200,47.28,47.5,47.04,47.38
1774260000,47.38,47.6,47.26,47.38
1774261800,47.36,47.38,47.1,47.26
1774263600,47.26,48.06,46.98,47.78
1774265400,47.78,47.98,47.06,47.2
1774267200,47.2,47.34,46.74,47.14
1774269000,47.14,48.06,46.98,47.84
1774270800,47.82,48.48,47.62,48.24
1774272600,48.26,48.46,47.9,48.46
1774274400,48.44,48.68,48.32,48.62
1774276200,48.6,48.68,48.56,48.68
1774278000,48.68,48.68,48.68,48.68
1774333800,48.6,48.6,48.6,48.6
1774335600,48.62,50.3,48.16,48.32
1774337400,48.3,49.28,48.18,48.66
1774339200,48.66,48.7,48.26,48.44
1774341000,48.42,48.48,48.2,48.2
1774342800,48.22,48.26,48.04,48.16
1774344600,48.16,48.28,48,48.1
1774346400,48.12,48.18,47.88,47.94
1774348200,47.92,47.98,47.74,47.78
1774350000,47.78,48.04,47.64,47.94
1774351800,47.94,49.22,47.92,48.96
1774353600,48.96,49.24,48.54,48.82
1774355400,48.82,48.84,48.14,48.18
1774357200,48.18,48.18,47.86,47.92
1774359000,47.9,47.98,47.72,47.88
1774360800,47.88,48.02,47.4,47.46
1774362600,47.46,47.7,47.36,47.44
1774364400,47.44,47.44,47.44,47.44
1774420200,47.98,47.98,47.98,47.98
1774422000,47.98,48.14,47.72,47.78
1774423800,47.78,48.6,47.76,48.44
1774425600,48.44,49,48.42,48.88
1774427400,48.88,49,48.66,48.74
1774429200,48.76,48.86,48.16,48.2
1774431000,48.18,48.4,47.94,47.98
1774432800,48,48.04,47.78,47.82
1774434600,47.82,47.92,47.64,47.64
1774436400,47.64,47.78,47.5,47.66
1774438200,47.66,47.68,47.5,47.54
1774440000,47.54,47.92,47.16,47.18
1774441800,47.18,47.7,46.96,47.34
1774443600,47.34,47.58,47.26,47.5
1774445400,47.48,47.66,47.3,47.34
1774447200,47.34,47.44,47.1,47.26
1774449000,47.26,47.28,47,47.08
1774450800,47.1,47.16,47.1,47.16
1774506600,47.04,47.04,47.04,47.04
1774508400,47.08,47.88,47.08,47.64
1774510200,47.66,47.7,47.52,47.54
1774512000,47.54,47.64,47.18,47.3
1774513800,47.28,47.28,47.04,47.1
1774515600,47.1,47.26,46.9,46.9
1774517400,46.92,46.94,46.7,46.72
1774519200,46.7,46.86,46.56,46.62
1774521000,46.64,46.7,46.36,46.36
1774522800,46.38,46.4,46.12,46.18
1774524600,46.18,46.36,46.1,46.1
1774526400,46.1,46.3,46.1,46.14
1774528200,46.14,46.2,45.9,45.9
1774530000,45.94,46,45.66,45.68
1774531800,45.68,46.12,45.66,45.78
1774533600,45.76,45.96,45.7,45.72
1774535400,45.74,45.84,45.36,45.44
1774537200,45.46,45.46,45.32,45.32
1774593000,45.68,45.68,45.68,45.68
1774594800,45.68,46.14,45.5,45.7
1774596600,45.7,45.74,45.22,45.38
1774598400,45.38,45.44,45.02,45.18
1774600200,45.18,45.26,44.92,44.96
1774602000,44.96,44.98,44.8,44.88
1774603800,44.9,45.28,44.8,45.26
1774605600,45.28,45.44,45.22,45.28
1774607400,45.26,45.34,44.92,44.94
1774609200,44.94,45.14,44.86,45
1774611000,45,45.14,44.94,44.98
1774612800,45,45.24,44.94,45.08
1774614600,45.08,45.1,44.92,45
1774616400,44.98,45.02,44.82,44.86
1774618200,44.84,45,44.54,44.68
1774620000,44.66,45.08,44.64,45.02
1774621800,45,45.26,44.78,44.88
1774623600,44.88,44.88,44.88,44.88
1774852200,44.8,44.8,44.8,44.8
1774854000,44.8,44.88,43.88,43.94
1774855800,43.94,43.98,43.48,43.8
1774857600,43.8,43.86,43.7,43.84
1774859400,43.84,44.18,43.82,44.12
1774861200,44.14,44.26,43.92,43.98
1774863000,43.96,44.06,43.94,44.02
1774864800,44.02,44.18,44,44.18
1774866600,44.18,44.32,44.14,44.22
1774868400,44.26,44.38,44.16,44.32
1774870200,44.32,44.48,44.26,44.42
1774872000,44.42,44.54,44.2,44.22
1774873800,44.22,44.28,43.9,43.92
1774875600,43.92,43.98,43.66,43.72
1774877400,43.72,43.76,43.42,43.54
1774879200,43.52,43.56,43,43.02
1774881000,43.02,43.2,43,43.12
1774882800,43.1,43.1,43.1,43.1
1774938600,43.2,43.2,43.2,43.2
1774940400,43.2,44.3,43.18,44
1774942200,44,44.44,43.98,44.24
1774944000,44.26,44.3,43.84,43.88
1774945800,43.86,44.12,43.84,43.96
1774947600,43.96,44.12,43.94,44.1
1774949400,44.08,44.32,44.02,44.22
1774951200,44.24,44.24,43.86,43.9
1774953000,43.92,43.98,43.64,43.94
1774954800,43.92,44.24,43.82,44.16
1774956600,44.18,44.32,44,44.04
1774958400,44.02,44.12,43.8,43.84
1774960200,43.86,44.06,43.82,43.98
1774962000,44,44.1,43.86,44.02
1774963800,44.02,44.64,43.92,44.36
1774965600,44.36,44.5,44.06,44.38
1774967400,44.38,44.42,43.88,43.9
1774969200,43.9,43.98,43.9,43.98
1775025000,45.04,45.04,45.04,45.04
1775026800,45.02,45.48,44.92,45.38
1775028600,45.38,45.66,45.24,45.34
1775030400,45.36,45.38,45.2,45.3
1775032200,45.3,45.42,45.12,45.2
1775034000,45.2,45.24,44.88,44.94
1775035800,44.96,45,44.72,44.8
1775037600,44.8,44.82,44.66,44.8
1775039400,44.8,44.88,44.72,44.84
1775041200,44.82,44.86,44.56,44.58
1775043000,44.56,44.66,44.52,44.6
1775044800,44.58,44.62,44.42,44.5
1775046600,44.5,44.68,44.44,44.46
1775048400,44.44,44.5,44.26,44.46
1775050200,44.48,44.72,44.44,44.6
1775052000,44.58,44.7,44.48,44.52
1775053800,44.54,44.88,44.5,44.74
1775055600,44.62,44.62,44.62,44.62
1775111400,43.88,43.88,43.88,43.88
1775113200,43.88,44.38,43.8,44.36
1775115000,44.38,44.4,44.14,44.16
1775116800,44.18,44.22,43.98,44.04
1775118600,44.04,44.12,44.02,44.06
1775120400,44.06,44.42,43.86,44.38
1775122200,44.38,44.4,44.2,44.24
1775124000,44.22,44.28,44.18,44.22
1775125800,44.24,44.36,44.22,44.26
1775127600,44.26,44.28,44.08,44.18
1775129400,44.18,44.32,44.16,44.18
1775131200,44.18,44.22,44,44.04
1775133000,44.04,44.16,43.96,44.1
1775134800,44.08,44.12,43.9,44
1775136600,44,44.38,43.98,44.36
1775138400,44.36,44.42,44.14,44.2
1775140200,44.2,44.7,44.14,44.58
1775142000,44.68,44.68,44.68,44.68
1775197800,44.76,44.76,44.76,44.76
1775199600,44.76,44.9,44.52,44.82
1775201400,44.86,44.86,44.62,44.64
1775203200,44.64,44.76,44.54,44.66
1775205000,44.66,44.68,44.5,44.6
1775206800,44.6,44.6,44.26,44.34
1775208600,44.32,44.38,44.26,44.32
1775210400,44.32,44.34,44.18,44.2
1775212200,44.22,44.24,44.1,44.2
1775214000,44.2,44.24,44.08,44.18
1775215800,44.18,44.28,44.12,44.16
1775217600,44.18,44.18,43.94,43.96
1775219400,43.98,44.04,43.62,43.68
1775221200,43.68,43.78,43.64,43.78
1775223000,43.78,44.1,43.72,44.1
1775224800,44.12,44.16,43.88,43.9
1775226600,43.88,44.08,43.86,44
1775228400,44,44,44,44
1775457000,44.14,44.14,44.14,44.14
1775458800,44.16,44.3,43.96,43.98
1775460600,43.98,44.5,43.94,44.38
1775462400,44.38,44.52,44.24,44.5
1775464200,44.5,44.52,44.4,44.42
1775466000,44.44,44.62,44.42,44.52
1775467800,44.54,44.6,44.24,44.28
1775469600,44.28,44.44,44.2,44.38
1775471400,44.4,44.56,44.36,44.5
1775473200,44.52,44.52,44.36,44.4
1775475000,44.38,44.52,44.34,44.46
1775476800,44.46,44.48,44.4,44.44
1775478600,44.42,44.64,44.4,44.52
1775480400,44.54,45.18,44.48,44.92
1775482200,44.92,45.1,44.84,44.86
1775484000,44.86,45.12,44.8,44.98
1775485800,44.98,45.04,44.76,44.82
1775487600,44.82,44.82,44.8,44.8
1775543400,44.72,44.72,44.72,44.72
1775545200,44.72,45.44,44.68,44.92
1775547000,44.94,45.06,44.78,44.98
1775548800,44.98,45.28,44.92,45.28
1775550600,45.28,45.54,45.24,45.44
1775552400,45.44,45.52,45.22,45.3
1775554200,45.3,45.3,44.96,45.06
1775556000,45.06,45.22,44.96,45.1
1775557800,45.12,45.12,44.8,44.84
1775559600,44.82,45.08,44.72,44.94
1775561400,44.9,44.92,44.16,44.18
1775563200,44.2,44.26,43.76,43.9
1775565000,43.9,43.98,43.84,43.84
1775566800,43.84,43.88,43.72,43.8
1775568600,43.8,43.82,43.52,43.54
1775570400,43.54,44.02,43.52,44.02
1775572200,44,44.12,43.8,43.82
1775574000,43.8,43.8,43.8,43.8
1775629800,45.94,45.94,45.94,45.94
1775631600,45.94,46.18,45.54,46.02
1775633400,46,46.36,45.8,45.92
1775635200,45.92,46.48,45.9,46.36
1775637000,46.34,46.94,46.3,46.82
1775638800,46.84,47.1,46.84,46.94
1775640600,46.96,46.96,46.72,46.78
1775642400,46.78,47.18,46.76,46.98
1775644200,46.98,47.1,46.82,47.1
1775646000,47.1,47.42,46.88,47.04
1775647800,47.06,47.24,46.9,47.14
1775649600,47.12,47.28,46.9,47.06
1775651400,47.08,47.18,46.94,47.16
1775653200,47.14,47.82,47.12,47.54
1775655000,47.54,47.78,47.42,47.46
1775656800,47.46,47.56,46.96,47.02
1775658600,47.02,47.04,46.56,46.72
1775660400,46.7,46.7,46.7,46.7
1775716200,46.58,46.58,46.58,46.58
1775718000,46.56,47.06,46.3,46.54
1775719800,46.54,46.56,46.32,46.34
1775721600,46.32,46.58,46.28,46.42
1775723400,46.42,46.6,46.4,46.42
1775725200,46.44,46.94,46.4,46.7
1775727000,46.72,46.84,46.64,46.82
1775728800,46.84,46.92,46.6,46.7
1775730600,46.7,46.72,46.34,46.38
1775732400,46.38,46.4,46.12,46.22
1775734200,46.24,46.7,46.2,46.48
1775736000,46.48,46.5,46.34,46.44
1775737800,46.44,46.74,46.38,46.74
1775739600,46.74,46.78,46.46,46.52
1775741400,46.52,46.72,46.4,46.62
1775743200,46.6,46.62,46.36,46.44
1775745000,46.46,46.5,46.22,46.32
1775746800,46.42,46.42,46.42,46.42
1775802600,46.82,46.82,46.82,46.82
1775804400,46.82,47.04,46.7,46.98
1775806200,46.98,47.16,46.9,46.94
1775808000,46.92,47.14,46.92,47.02
1775809800,47.02,47.2,46.88,46.94
1775811600,46.92,47.44,46.9,47.42
1775813400,47.42,47.44,47.22,47.24
1775815200,47.22,47.82,47.18,47.32
1775817000,47.32,47.32,47.16,47.28
1775818800,47.26,47.42,47.18,47.22
1775820600,47.22,47.34,47.08,47.1
1775822400,47.12,47.38,47.08,47.34
1775824200,47.34,47.4,47.08,47.36
1775826000,47.34,47.42,47.28,47.42
1775827800,47.4,47.42,47.2,47.3
1775829600,47.3,47.58,47.26,47.42
1775831400,47.4,47.46,47.36,47.38
1775833200,47.44,47.44,47.44,47.44
1776061800,46.62,46.62,46.62,46.62
1776063600,46.6,48.12,46.54,47.84
1776065400,47.88,48.06,47.62,47.82
1776067200,47.8,47.9,47.58,47.68
1776069000,47.68,47.72,47.48,47.52
1776070800,47.52,47.62,47.36,47.62
1776072600,47.62,47.62,47.44,47.5
1776074400,47.5,47.66,47.42,47.6
1776076200,47.62,47.64,47.52,47.58
1776078000,47.58,47.78,47.58,47.68
1776079800,47.7,47.8,47.6,47.6
1776081600,47.6,47.66,47.44,47.5
1776083400,47.48,47.72,47.48,47.6
1776085200,47.6,47.62,47.44,47.56
1776087000,47.56,47.82,47.36,47.82
1776088800,47.8,47.86,47.66,47.7
1776090600,47.68,47.84,47.6,47.7
1776092400,47.76,47.76,47.76,47.76
1776148200,48.5,48.5,48.5,48.5
1776150000,48.5,49.08,48.5,48.9
1776151800,48.9,48.96,48.58,48.7
1776153600,48.7,48.78,48.62,48.68
1776155400,48.7,48.72,48.48,48.54
1776157200,48.56,48.72,48.48,48.52
1776159000,48.52,48.6,48.44,48.44
1776160800,48.44,48.48,48.16,48.2
1776162600,48.18,48.24,48,48.18
1776164400,48.18,48.52,48.02,48.14
1776166200,48.14,48.38,48.08,48.36
1776168000,48.36,48.36,48.08,48.16
1776169800,48.16,48.3,47.9,48.1
1776171600,48.14,48.14,47.82,47.88
1776173400,47.88,48.1,47.8,48.08
1776175200,48.08,48.68,48.06,48.26
1776177000,48.26,48.32,47.98,48.06
1776178800,48.02,48.08,48.02,48.08
1776234600,48.24,48.24,48.24,48.24
1776236400,48.26,48.36,47.94,48.28
1776238200,48.28,48.34,48,48.06
1776240000,48.04,48.18,47.94,48.18
1776241800,48.18,48.18,47.9,47.92
1776243600,47.92,47.92,47.74,47.84
1776245400,47.84,47.92,47.8,47.86
1776247200,47.86,47.94,47.78,47.78
1776249000,47.78,48.28,47.78,48.16
1776250800,48.18,48.28,48.02,48.16
1776252600,48.16,48.46,48.08,48.22
1776254400,48.22,48.24,48.06,48.12
1776256200,48.12,48.22,48.08,48.16
1776258000,48.14,48.34,48.1,48.24
1776259800,48.26,48.5,48.14,48.24
1776261600,48.24,48.48,48.24,48.32
1776263400,48.3,48.3,48.18,48.24
1776265200,48.22,48.22,48.22,48.22
1776321000,48.58,48.58,48.58,48.58
1776322800,48.58,49.14,48.58,48.94
1776324600,48.94,49.04,48.7,48.8
1776326400,48.78,48.84,48.36,48.4
1776328200,48.38,48.5,48.2,48.42
1776330000,48.38,48.42,48.22,48.22
1776331800,48.24,48.36,48.16,48.2
1776333600,48.18,48.26,48.1,48.12
1776335400,48.1,48.14,47.82,48
1776337200,47.98,48.06,47.94,47.96
1776339000,47.98,48.02,47.8,47.88
1776340800,47.88,48.04,47.76,48.02
1776342600,48.02,48.04,47.24,47.24
1776344400,47.26,47.38,47.16,47.24
1776346200,47.24,47.32,46.74,46.8
1776348000,46.8,47,46.74,46.86
1776349800,46.86,47,46.8,46.88
1776351600,46.88,46.9,46.88,46.9
1776407400,46.92,46.92,46.92,46.92
1776409200,46.94,47.14,46.8,46.84
1776411000,46.86,47.14,46.82,47.06
1776412800,47.04,47.28,47,47.08
1776414600,47.08,47.24,47.08,47.12
1776416400,47.12,47.16,47,47.12
1776418200,47.1,47.18,47,47.1
1776420000,47.08,47.12,47,47.04
1776421800,47.04,47.26,46.96,47.2
1776423600,47.18,47.44,47.14,47.2
1776425400,47.2,47.24,47.02,47.22
1776427200,47.22,47.3,47.1,47.24
1776429000,47.22,48.04,47.16,47.72
1776430800,47.74,48.24,47.7,47.96
1776432600,47.98,48.14,47.82,48.12
1776434400,48.12,48.48,48.1,48.26
1776436200,48.26,48.36,48.18,48.3
1776438000,48.34,48.34,48.34,48.34
1776666600,47.9,47.9,47.9,47.9
1776668400,47.88,48.18,47.58,47.98
1776670200,47.94,47.98,47.8,47.88
1776672000,47.86,47.92,47.76,47.84
1776673800,47.84,48.06,47.8,48.06
1776675600,48.06,48.16,47.92,47.96
1776677400,47.98,48.04,47.86,47.94
1776679200,47.92,48.04,47.9,47.96
1776681000,47.96,47.98,47.8,47.9
1776682800,47.88,47.9,47.68,47.72
1776684600,47.72,48.08,47.68,48.08
1776686400,48.06,48.28,47.9,48.16
1776688200,48.14,48.26,47.94,48
1776690000,48,48.1,47.84,48.08
1776691800,48.08,48.16,47.92,48.06
1776693600,48.06,48.34,48,48.08
1776695400,48.08,48.14,47.66,47.86
1776697200,47.88,47.88,47.88,47.88
1776753000,48.08,48.08,48.08,48.08
1776754800,48.1,48.34,48.08,48.22
1776756600,48.24,48.32,48.04,48.1
1776758400,48.12,48.2,48.04,48.18
1776760200,48.14,48.18,47.98,47.98
1776762000,48,48.04,47.58,47.68
1776763800,47.68,47.8,47.66,47.8
1776765600,47.8,47.84,47.64,47.66
1776767400,47.68,48.02,47.64,47.68
1776769200,47.7,47.72,47.26,47.42
1776771000,47.42,47.46,47.2,47.22
1776772800,47.22,47.32,47.16,47.28
1776774600,47.3,47.4,47.16,47.18
1776776400,47.18,47.4,47.16,47.34
1776778200,47.34,47.46,47.3,47.4
1776780000,47.4,47.56,47.36,47.38
1776781800,47.4,47.46,47.22,47.24
1776783600,47.24,47.24,47.22,47.22
1776839400,47.5,47.5,47.5,47.5
1776841200,47.52,47.84,47.32,47.4
1776843000,47.38,47.5,47.2,47.22
1776844800,47.24,47.26,46.96,47.02
1776846600,47.02,47.1,46.86,47.06
1776848400,47.04,47.14,46.94,47
1776850200,47,47.14,46.92,47.04
1776852000,47.02,47.24,46.98,47.16
1776853800,47.16,47.26,47.08,47.12
1776855600,47.14,47.32,46.82,47.04
1776857400,47.04,47.1,46.66,46.68
1776859200,46.68,46.78,46.64,46.66
1776861000,46.66,46.7,46.56,46.6
1776862800,46.6,46.98,46.58,46.88
1776864600,46.86,47,46.76,46.96
1776866400,46.96,47.24,46.86,46.98
1776868200,46.96,47.34,46.96,47.32
1776870000,47.4,47.4,47.4,47.4
1777012200,47.28,47.28,47.28,47.28
1777014000,47.26,47.78,47.2,47.42
1777015800,47.42,47.7,47.3,47.62
1777017600,47.62,48.2,47.6,47.78
1777019400,47.76,47.9,47.68,47.78
1777021200,47.78,47.82,47.62,47.76
1777023000,47.74,48.06,47.64,48.02
1777024800,48.04,48.14,47.86,47.9
1777026600,47.92,47.98,47.8,47.82
1777028400,47.8,48.04,47.78,47.9
1777030200,47.92,48.24,47.88,48.18
1777032000,48.18,48.22,47.96,48.02
1777033800,48.02,48.18,47.86,48.08
1777035600,48.08,48.22,48,48.02
1777037400,48.02,48.02,47.82,47.96
1777039200,47.96,48.16,47.9,47.98
1777041000,48,48.12,47.86,47.9
1777042800,47.88,47.88,47.88,47.88
1777271400,48,48,48,48
1777273200,48.02,48.24,47.86,47.9
1777275000,47.9,48.3,47.82,48.06
1777276800,48.06,48.18,47.96,48.16
1777278600,48.14,48.22,48.06,48.1
1777280400,48.1,48.36,48.06,48.12
1777282200,48.12,48.22,48.1,48.16
1777284000,48.16,48.28,48.1,48.24
1777285800,48.22,48.76,48.22,48.62
1777287600,48.62,48.82,48.56,48.68
1777289400,48.68,48.7,48.42,48.46
1777291200,48.46,48.58,48.08,48.1
1777293000,48.1,48.22,47.98,48.04
1777294800,48.04,48.26,48.02,48.14
1777296600,48.14,48.22,47.64,47.78
1777298400,47.78,47.8,47.32,47.34
1777300200,47.34,47.44,47.18,47.2
1777302000,47.2,47.2,47.2,47.2
1777357800,47.14,47.14,47.14,47.14
1777359600,47.12,47.24,46.8,47.04
1777361400,47.04,47.12,46.68,46.92
1777363200,46.92,46.94,46.66,46.78
1777365000,46.78,46.84,46.74,46.78
1777366800,46.78,46.88,46.7,46.88
1777368600,46.86,47.12,46.76,47.04
1777370400,47.06,47.16,46.94,46.96
1777372200,46.96,47.02,46.86,46.86
1777374000,46.86,46.96,46.72,46.8
1777375800,46.78,46.82,46.68,46.68
1777377600,46.68,46.84,46.6,46.82
1777379400,46.82,47.36,46.76,47.16
1777381200,47.18,47.22,46.8,46.88
1777383000,46.88,46.9,46.78,46.82
1777384800,46.82,46.84,46.4,46.44
1777386600,46.44,46.6,46.3,46.42
1777388400,46.44,46.44,46.44,46.44
1777444200,46.6,46.6,46.6,46.6
1777446000,46.62,46.88,46.62,46.76
1777447800,46.74,46.78,46.58,46.6
1777449600,46.6,46.62,46.18,46.36
1777451400,46.36,46.38,46.24,46.34
1777453200,46.36,46.54,46.34,46.5
1777455000,46.48,46.62,46.34,46.4
1777456800,46.4,46.46,46.32,46.4
1777458600,46.4,46.42,46,46.04
1777460400,46.06,46.1,45.84,45.94
1777462200,45.94,46.08,45.86,46.04
1777464000,46.04,46.14,45.84,45.94
1777465800,45.94,45.94,45.68,45.78
1777467600,45.76,45.88,45.72,45.78
1777469400,45.78,45.82,45.56,45.56
1777471200,45.58,45.8,45.54,45.8
1777473000,45.78,46,45.78,45.84
1777474800,45.88,45.88,45.88,45.88
1777530600,45.66,45.66,45.66,45.66
1777532400,45.66,45.92,45.62,45.68
1777534200,45.7,46.22,45.64,46.12
1777536000,46.12,46.4,46.1,46.3
1777537800,46.32,46.84,46.28,46.8
1777539600,46.78,46.84,46.56,46.84
1777541400,46.82,47.28,46.8,47.18
1777543200,47.18,47.28,47.02,47.1
1777545000,47.08,47.2,46.98,47.1
1777546800,47.12,47.24,46.98,47.16
1777548600,47.16,47.38,47.12,47.2
1777550400,47.2,47.4,47.12,47.36
1777552200,47.38,47.5,47.24,47.38
1777554000,47.34,48.08,47.34,47.94
1777555800,47.94,47.98,47.74,47.9
1777557600,47.88,47.92,47.4,47.58
1777559400,47.6,47.92,47.4,47.9
1777561200,47.92,47.92,47.86,47.86
1777876200,48.08,48.08,48.08,48.08
1777878000,48.08,48.26,46.7,46.7
1777879800,46.7,46.88,46.62,46.76
1777881600,46.74,46.86,46.64,46.7
1777883400,46.7,46.82,46.64,46.78
1777885200,46.78,46.94,46.54,46.58
1777887000,46.58,46.68,46.44,46.46
1777888800,46.46,46.5,45.88,46.06
1777890600,46.06,46.28,46.02,46.08
1777892400,46.04,46.1,45.84,45.9
1777894200,45.88,46.2,45.88,46.12
1777896000,46.12,46.12,45.92,46.02
1777897800,46.02,46.18,45.96,46.1
1777899600,46.1,46.18,46,46.08
1777901400,46.08,46.24,46.06,46.18
1777903200,46.16,46.22,45.98,46
1777905000,46.02,46.1,45.98,46.02
1777906800,46,46,46,46
1777962600,46.2,46.2,46.2,46.2
1777964400,46.2,46.74,46.2,46.66
1777966200,46.64,46.9,46.3,46.4
1777968000,46.4,46.92,46.38,46.92
1777969800,46.92,47.06,46.54,47
1777971600,47.02,47.82,46.92,47.6
1777973400,47.6,48.72,47.5,48.12
1777975200,48.12,48.2,47.96,48
1777977000,47.98,48.12,47.88,47.96
1777978800,47.96,48.06,47.88,47.94
1777980600,47.92,48,47.42,47.52
1777982400,47.52,47.54,47.26,47.34
1777984200,47.32,47.42,47.2,47.42
1777986000,47.42,47.98,47.4,47.9
1777987800,47.9,48.18,47.78,48.02
1777989600,48,48.08,47.8,48.02
1777991400,48.02,48.06,47.82,47.94
1777993200,47.86,47.86,47.86,47.86
1778049000,48.38,48.38,48.38,48.38
1778050800,48.4,48.68,48.1,48.6
1778052600,48.62,49.12,48.42,48.86
1778054400,48.88,49.56,48.82,49.38
1778056200,49.4,49.84,49.26,49.74
1778058000,49.74,51.1,49.68,51.05
1778059800,51,51.45,50.6,50.8
1778061600,50.8,50.8,50,50.05
1778063400,50.1,50.95,49.88,50.85
1778065200,50.9,52.05,50.7,51.5
1778067000,51.5,51.55,50.85,50.9
1778068800,50.9,51.1,50.6,50.7
1778070600,50.7,50.8,50.45,50.7
1778072400,50.7,50.9,50.5,50.55
1778074200,50.55,52.6,50.25,50.55
1778076000,50.6,50.7,49.7,49.76
1778077800,49.74,49.92,49.4,49.68
1778079600,49.62,49.62,49.62,49.62
1778135400,49.94,49.94,49.94,49.94
1778137200,49.96,50.85,49.9,50.35
1778139000,50.4,50.45,49.94,50.05
1778140800,50.05,50.35,49.96,50.1
1778142600,50.1,50.4,50.05,50.15
1778144400,50.1,50.2,50,50.05
1778146200,50.1,50.25,50.05,50.1
1778148000,50.05,50.2,50,50.05
1778149800,50.05,50.1,49.8,49.92
1778151600,49.92,50.2,49.88,49.94
1778153400,49.94,50.15,49.72,49.76
1778155200,49.74,50.1,49.68,50.1
1778157000,50.05,50.15,49.62,49.66
1778158800,49.64,49.66,48.98,49.36
1778160600,49.36,49.36,48.74,49.02
1778162400,49.04,49.22,48.96,49.12
1778164200,49.12,49.14,48.88,48.98
1778166000,48.98,49.12,48.98,49.12
1778221800,49.12,49.12,49.12,49.12
1778223600,49.12,49.54,49.06,49.4
1778225400,49.38,49.92,49.38,49.7
1778227200,49.7,50.5,49.68,50.4
1778229000,50.45,51.25,50.3,50.95
1778230800,50.95,51.25,50.85,51
1778232600,51,51,50.6,50.7
1778234400,50.65,50.8,50.5,50.7
1778236200,50.7,51.45,50.65,51.05
1778238000,51.05,52,51.05,51.7
1778239800,51.7,52.3,51.45,52.1
1778241600,52.1,52.25,51.65,51.7
1778243400,51.7,52.3,51.7,52.1
1778245200,52.1,52.55,51.95,52
1778247000,52.05,52.55,52.05,52.45
1778248800,52.45,52.45,51.9,51.95
1778250600,51.9,52.25,51.75,51.8
1778252400,51.85,51.85,51.8,51.8
1778481000,51.8,51.8,51.8,51.8
1778482800,51.85,53.15,51.75,52.45
1778484600,52.4,53.35,52.15,52.95
1778486400,52.95,53.65,52.85,53.05
1778488200,53,54.1,53,53.65
1778490000,53.6,53.75,53.15,53.25
1778491800,53.25,53.25,52.7,52.75
1778493600,52.7,52.8,52.55,52.7
1778495400,52.7,52.75,52.5,52.7
1778497200,52.7,53.1,52.6,52.85
1778499000,52.85,53.15,52.75,53.15
1778500800,53.1,53.45,52.95,53.4
1778502600,53.4,53.45,52.85,52.85
1778504400,52.85,53.25,52.85,53.25
1778506200,53.25,53.3,52.9,53.1
1778508000,53.05,53.2,52.55,52.6
1778509800,52.6,52.8,52.2,52.35
1778511600,52.4,52.4,52.35,52.35
1778567400,51.85,51.85,51.85,51.85
1778569200,51.85,52.45,51.7,52
1778571000,52.05,52.45,51.55,51.7
1778572800,51.7,52.55,51.6,52.5
1778574600,52.45,53.5,52.4,53.25
1778576400,53.3,53.3,52.15,52.25
1778578200,52.25,52.55,52.1,52.25
1778580000,52.25,52.5,52.2,52.45
1778581800,52.45,52.5,52.15,52.35
1778583600,52.35,52.35,52.1,52.15
1778585400,52.15,52.15,51.7,51.75
1778587200,51.75,52,51.7,52
1778589000,51.95,52.55,51.95,52.3
1778590800,52.3,52.4,51.75,51.95
1778592600,51.95,52.1,51.75,51.85
1778594400,51.85,52.2,51.65,51.7
1778596200,51.75,51.75,51.05,51.15
1778598000,51.1,51.15,51.1,51.15
1778653800,51.8,51.8,51.8,51.8
1778655600,51.75,51.8,50.6,50.85
1778657400,50.85,50.9,50.35,50.5
1778659200,50.45,50.75,50.25,50.65
1778661000,50.6,50.7,50.1,50.35
1778662800,50.35,50.5,50.15,50.4
1778664600,50.45,50.95,50.15,50.85
1778666400,50.85,50.85,50.55,50.6
1778668200,50.55,50.65,50.4,50.45
1778670000,50.45,50.55,50.15,50.25
1778671800,50.3,50.3,49.94,50.1
1778673600,50.1,50.25,50.05,50.05
1778675400,50.1,50.1,49.82,50.05
1778677200,50.1,50.95,50.05,50.65
1778679000,50.6,50.7,50.15,50.55
1778680800,50.55,50.85,50.25,50.45
1778682600,50.4,51,50.25,50.4
1778684400,50.5,50.5,50.5,50.5
1778740200,51.05,51.05,51.05,51.05
1778742000,51.05,51.35,50.5,50.75
1778743800,50.7,51.1,50.5,50.5
1778745600,50.55,50.8,50.4,50.6
1778747400,50.65,50.85,50.5,50.65
1778749200,50.65,50.8,50,50.05
1778751000,50.05,50.05,49.28,49.46
1778752800,49.44,49.68,49.4,49.66
1778754600,49.66,49.74,49.34,49.66
1778756400,49.66,49.76,49.46,49.54
1778758200,49.56,49.64,49.36,49.38
1778760000,49.38,49.54,49.26,49.26
1778761800,49.28,49.34,49.18,49.24
1778763600,49.24,49.24,49.16,49.18
1778765400,49.18,49.2,49,49.04
1778767200,49.04,49.12,48.94,49.1
1778769000,49.1,49.28,48.94,49.02
1778770800,49.02,49.02,49.02,49.02
1778826600,48.78,48.78,48.78,48.78
1778828400,48.76,48.8,48.26,48.28
1778830200,48.28,48.28,47.96,48.12
1778832000,48.12,48.26,47.92,47.98
1778833800,47.98,48.16,47.92,48.08
1778835600,48.08,48.08,47.94,48
1778837400,48,48.34,47.96,48.32
1778839200,48.32,48.98,48.32,48.72
1778841000,48.72,49.1,48.68,48.72
1778842800,48.72,48.74,48.5,48.6
1778844600,48.62,48.64,48.38,48.42
1778846400,48.42,48.44,48.1,48.12
1778848200,48.14,48.28,48.08,48.22
1778850000,48.22,48.38,48.02,48.26
1778851800,48.24,48.24,47.88,48.1
1778853600,48.1,48.44,48.08,48.42
1778855400,48.42,48.52,48.26,48.34
1778857200,48.32,48.32,48.2,48.2
1779085800,48.12,48.12,48.12,48.12
1779087600,48.12,48.54,47.18,47.28
1779089400,47.26,47.3,46.88,47.06
1779091200,47.04,47.18,46.94,47.06
1779093000,47.06,47.08,46.9,47
1779094800,47,47.02,46.24,46.56
1779096600,46.56,46.62,46.42,46.48
1779098400,46.48,46.56,46.38,46.48
1779100200,46.46,46.66,46.42,46.48
1779102000,46.46,46.54,46.4,46.42
1779103800,46.42,46.94,46.42,46.8
1779105600,46.8,46.82,46.68,46.76
1779107400,46.74,47.28,46.72,47.28
1779109200,47.28,47.3,46.86,46.9
1779111000,46.9,47.08,46.62,46.76
1779112800,46.78,46.8,46.3,46.34
1779114600,46.34,46.36,45.96,46.06
1779116400,46.04,46.04,45.9,45.9
1779258600,45.84,45.84,45.84,45.84
1779260400,45.82,45.9,45.38,45.64
1779262200,45.64,45.98,45.62,45.82
1779264000,45.82,45.98,45.66,45.94
1779265800,45.94,45.98,45.7,45.74
1779267600,45.74,45.8,45.7,45.7
1779269400,45.72,45.82,45.64,45.76
1779271200,45.76,45.94,45.72,45.92
1779273000,45.9,45.92,45.72,45.74
1779274800,45.74,45.74,45.56,45.6
1779276600,45.6,45.74,45.6,45.7
1779278400,45.68,45.76,45.68,45.74
1779280200,45.74,45.8,45.48,45.58
1779282000,45.56,45.6,45.46,45.48
1779283800,45.48,45.82,45.42,45.52
1779285600,45.54,46.08,45.2,46.08
1779287400,46.06,46.32,45.82,46.2
1779289200,46.2,46.24,46.18,46.18
1779345000,46.3,46.3,46.3,46.3
1779346800,46.3,46.34,45.66,45.68
1779348600,45.68,45.84,45.62,45.68
1779350400,45.68,46.04,45.64,45.82
1779352200,45.8,45.82,45.66,45.7
1779354000,45.72,45.86,45.7,45.8
1779355800,45.8,45.92,45.54,45.62
1779357600,45.62,45.64,45.44,45.46
1779359400,45.44,45.46,45.2,45.2
1779361200,45.22,45.26,45.08,45.16
1779363000,45.16,45.22,45.04,45.14
1779364800,45.14,45.2,45.06,45.08
1779366600,45.08,45.16,44.96,45
1779368400,45,45.2,44.84,44.98
1779370200,44.98,44.98,44.66,44.74
1779372000,44.74,44.76,44,44
1779373800,42.5,43.06,42.2,43
1779375600,42.9,42.9,42.9,42.9
1779431400,42.14,42.14,42.14,42.14
1779433200,42.14,43.5,42.14,43.48
1779435000,43.48,43.54,42.94,43.54
1779436800,43.5,43.64,43.12,43.2
1779438600,43.22,43.4,43.04,43.3
1779440400,43.3,43.54,43.12,43.54
1779442200,43.54,44.02,43.54,43.82
1779444000,43.82,43.88,43.48,43.88
1779445800,43.88,44.08,43.48,43.6
1779447600,43.58,43.78,43.28,43.46
1779449400,43.46,44.28,43.46,44.28
1779451200,44.28,44.82,44.1,44.82
1779453000,44.82,45.18,44.8,45.08
1779454800,45.1,45.38,44.92,44.94
1779456600,44.92,45.02,44.6,44.74
1779458400,44.72,45.12,44.4,44.48
1779460200,44.48,45.52,44.46,45.28
1779462000,45.24,45.24,45.24,45.24
1779690600,45.42,45.42,45.42,45.42
1779692400,45.42,46.3,45.38,46.04
1779694200,46.04,46.16,45.8,46.02
1779696000,46.04,46.26,45.94,46.16
1779697800,46.14,46.5,46.06,46.08
1779699600,46.08,46.16,45.92,45.98
1779701400,46,46.56,45.98,46.34
1779703200,46.32,46.72,46.32,46.56
1779705000,46.58,47.18,46.56,47.08
1779706800,47.08,47.16,46.62,46.8
1779708600,46.78,46.86,46.56,46.66
1779710400,46.68,47.14,46.6,46.92
1779712200,46.9,46.98,46.72,46.76
1779714000,46.76,46.94,46.5,46.54
1779715800,46.52,46.72,46.44,46.6
1779717600,46.58,46.88,46.58,46.8
1779719400,46.8,46.88,46.56,46.64
1779721200,46.64,46.72,46.64,46.72
1779777000,46.7,46.7,46.7,46.7
1779778800,46.72,46.86,46.26,46.28
1779780600,46.28,46.38,46.14,46.18
1779782400,46.2,46.38,46.18,46.22
1779784200,46.2,46.24,46.06,46.1
1779786000,46.1,46.26,46,46.1
1779787800,46.06,46.06,45.8,45.8
1780295400,45.66,45.66,45.66,45.66
1780297200,45.66,46.24,45.66,45.8
1780299000,45.82,46,45.6,45.96
1780300800,45.96,46.04,45.82,45.86
1780302600,45.88,46.18,45.8,45.92
1780304400,45.92,46.06,45.88,45.94
1780306200,45.94,46.04,45.9,46.02
1780308000,46,46.4,46,46.22
1780309800,46.22,46.58,46.22,46.28
1780311600,46.3,46.36,46.08,46.1
1780313400,46.1,46.22,46.02,46.06
1780315200,46.04,46.14,45.94,46.08
1780317000,46.1,46.34,46.08,46.26
1780318800,46.24,46.38,45.38,45.38
1780320600,45.4,45.6,45.12,45.14
1780322400,45.18,45.7,45.14,45.56
1780324200,45.56,45.66,45.48,45.54
1780326000,45.52,45.52,45.5,45.5
1780381800,45.92,45.92,45.92,45.92
1780383600,45.92,46.7,45.92,46.48
1780385400,46.46,46.86,46.4,46.8
1780387200,46.82,46.88,46.62,46.68
1780389000,46.68,47.02,46.66,46.78
1780390800,46.8,46.94,46.72,46.82
1780392600,46.82,47.08,46.68,46.96
1780394400,46.96,47.28,46.92,47.06
1780396200,47.06,47.1,46.96,47.06
1780398000,47.06,47.26,47,47.18
1780399800,47.16,47.24,47.08,47.16
1780401600,47.14,47.34,47,47.2
1780403400,47.2,47.3,47.06,47.22
1780405200,47.22,47.26,47.02,47.04
1780407000,47.06,47.14,46.92,46.98
1780408800,47,47.08,46.8,46.94
1780410600,46.94,47.28,46.9,47.08
1780412400,47.1,47.1,47.1,47.1
1780468200,46.84,46.84,46.84,46.84
1780470000,46.84,47.52,46.72,47.44
1780471800,47.42,47.44,46.9,47
1780473600,47,47,46.74,46.9
1780475400,46.9,46.92,46.76,46.78
1780477200,46.78,46.8,46.52,46.66
1780479000,46.66,46.74,46.46,46.46
1780480800,46.48,46.86,46.46,46.8
1780482600,46.8,46.96,46.76,46.8
1780484400,46.78,46.96,46.72,46.88
1780486200,46.88,47.16,46.86,47.1
1780488000,47.1,47.12,46.9,46.98
1780489800,47,47,46.8,46.84
1780491600,46.84,46.9,46.3,46.66
1780493400,46.66,46.66,46.1,46.32
1780495200,46.32,46.48,46.2,46.3
1780497000,46.3,46.4,46.22,46.24
1780498800,46.26,46.32,46.24,46.32
1780554600,46.52,46.52,46.52,46.52
1780556400,46.52,46.72,46.46,46.52
1780558200,46.52,46.56,46,46.02
1780560000,46,46.02,45.36,45.38
1780561800,45.38,45.48,45.18,45.3
1780563600,45.28,45.42,45.14,45.28
1780565400,45.28,45.5,45.2,45.38
1780567200,45.36,45.38,45.16,45.22
1780569000,45.22,45.26,45.12,45.16
1780570800,45.16,45.4,45.08,45.38
1780572600,45.38,45.62,45.08,45.6
1780574400,45.62,45.78,45.54,45.76
1780576200,45.74,45.8,45.52,45.58
1780578000,45.56,45.62,45.38,45.42
1780579800,45.42,45.44,45.12,45.24
1780581600,45.24,45.28,45.14,45.22
1780583400,45.24,45.44,45.2,45.34
1780585200,45.48,45.48,45.48,45.48
1780641000,45.46,45.46,45.46,45.46
1780642800,45.48,45.62,45.18,45.28
1780644600,45.26,45.52,45.24,45.3
1780646400,45.28,45.28,44.84,44.96
1780648200,44.94,45.1,44.92,44.96
1780650000,44.96,45.24,44.92,44.98
1780651800,44.98,45.16,44.96,45.08
1780653600,45.1,45.18,44.94,45.06
1780655400,45.06,45.78,45.04,45.6
1780657200,45.6,45.68,45.3,45.64
1780659000,45.62,45.68,45.42,45.44
1780660800,45.46,45.54,45.3,45.34
1780662600,45.32,45.36,44.92,45
1780664400,44.98,45.24,44.98,45.04
1780666200,45.04,45.08,44.7,44.7
1780668000,44.7,44.92,44.66,44.88
1780669800,44.9,44.98,44.74,44.82
1780671600,44.8,44.8,44.8,44.8
1780900200,44.24,44.24,44.24,44.24
1780902000,44.26,44.48,43.94,44.44
1780903800,44.46,44.76,44.42,44.5
1780905600,44.52,44.66,44.44,44.62
1780907400,44.64,44.68,44.42,44.46
1780909200,44.44,44.48,44.32,44.36
1780911000,44.36,44.58,44.34,44.4
1780912800,44.4,44.48,44.32,44.38
1780914600,44.4,44.6,44.36,44.58
1780916400,44.58,45.14,44.48,45.14
1780918200,45.12,45.18,44.84,44.94
1780920000,44.96,45.08,44.88,44.98
1780921800,45,45.06,44.9,45.06
1780923600,45.06,45.12,44.98,45.06
1780925400,45.06,45.16,44.92,44.96
1780927200,44.96,45.26,44.96,45.02
1780929000,45,45.18,45,45.12
1780930800,45.02,45.02,45.02,45.02
1780986600,45.1,45.1,45.1,45.1
1780988400,45.12,45.38,45.06,45.08
1780990200,45.06,45.1,44.86,44.9
1780992000,44.9,45.16,44.84,45.16
1780993800,45.14,45.34,45.06,45.24
1780995600,45.24,45.3,45.18,45.22
1780997400,45.24,45.48,45.24,45.32
1780999200,45.32,45.32,45.14,45.18
1781001000,45.2,45.28,45.08,45.1
1781002800,45.1,45.2,45.02,45.14
1781004600,45.14,45.16,44.94,45
1781006400,45,45.04,44.64,44.64
1781008200,44.64,44.64,44.44,44.46
1781010000,44.46,44.94,44.4,44.88
1781011800,44.86,45.28,44.74,44.86
1781013600,44.84,44.98,44.54,44.64
1781015400,44.64,44.64,44.32,44.42
1781017200,44.42,44.42,44.34,44.34
1781073000,44.34,44.34,44.34,44.34
1781074800,44.36,44.68,44.1,44.52
1781076600,44.52,44.58,44.36,44.46
1781078400,44.48,44.5,44.26,44.32
1781080200,44.32,44.52,44.26,44.26
1781082000,44.26,44.54,44.2,44.52
1781083800,44.52,44.6,44.42,44.5
1781085600,44.5,44.5,44.36,44.4
1781087400,44.42,44.52,44.34,44.4
1781089200,44.42,44.46,44.08,44.12
1781091000,44.12,44.24,43.84,44.2
1781092800,44.2,44.26,44.1,44.18
1781094600,44.18,44.5,44.16,44.24
1781096400,44.24,44.24,44.06,44.08
1781098200,44.1,44.56,44.06,44.42
1781100000,44.42,44.42,44.16,44.18
1781101800,44.16,44.28,44.14,44.18
1781103600,44.2,44.2,44.2,44.2
1781159400,44.22,44.22,44.22,44.22
1781161200,44.24,44.58,44.1,44.58
1781163000,44.58,44.64,44.38,44.42
1781164800,44.42,44.46,44.34,44.34
1781166600,44.36,44.4,44.26,44.28
1781168400,44.26,44.3,44.02,44.04
1781170200,44.02,44.08,43.96,44
1781172000,43.98,44.04,43.9,43.94
1781173800,43.96,44.1,43.92,44.02
1781175600,44,44.4,43.96,44.38
1781177400,44.38,44.46,44,44.14
1781179200,44.14,44.28,43.48,43.56
1781181000,43.54,43.54,43.08,43.22
1781182800,43.2,43.24,42.94,43.02
1781184600,43.02,43.48,42.98,43.38
1781186400,43.38,43.4,43.18,43.3
1781188200,43.3,43.68,43.24,43.62
1781190000,43.66,43.66,43.66,43.66
1781245800,44.34,44.34,44.34,44.34
1781247600,44.34,44.66,44.14,44.38
1781249400,44.36,44.44,44.22,44.34
1781251200,44.34,45.32,44.34,45.28
1781253000,45.26,45.48,45.16,45.38
1781254800,45.4,45.56,45.32,45.46
1781256600,45.46,45.46,45.22,45.24
1781258400,45.26,45.34,45.02,45.08
1781260200,45.08,45.52,45.06,45.5
1781262000,45.48,45.64,45.42,45.44
1781263800,45.44,45.46,45.3,45.38
1781265600,45.38,45.4,45.24,45.28
1781267400,45.28,45.4,45.08,45.16
1781269200,45.14,45.16,45,45.06
1781271000,45.06,45.12,44.36,44.36
1781272800,44.38,44.56,44.3,44.44
1781274600,44.46,44.7,44.36,44.68
1781276400,44.76,44.76,44.76,44.76
1781505000,46.6,46.6,46.6,46.6
1781506800,46.6,46.68,45.96,46.04
1781508600,46.04,46.22,45.98,46
1781510400,46,46.1,45.9,46.04
1781512200,46.04,46.4,46,46.26
1781514000,46.26,46.36,46.18,46.2
1781515800,46.2,46.52,46.08,46.2
1781517600,46.2,46.34,46.14,46.32
1781519400,46.32,46.5,46.3,46.48
1781521200,46.48,46.5,46.26,46.48
1781523000,46.48,46.66,46.44,46.6
1781524800,46.6,46.64,46.42,46.56
1781526600,46.56,46.64,46.52,46.58
1781528400,46.58,46.6,46.3,46.58
1781530200,46.6,46.74,46.48,46.56
1781532000,46.56,46.58,46.36,46.4
1781533800,46.42,46.5,46.38,46.4
1781535600,46.4,46.4,46.4,46.4
1781591400,46.38,46.38,46.38,46.38
1781593200,46.38,46.5,46.18,46.36
1781595000,46.36,46.4,46.24,46.3
1781596800,46.28,46.4,46.14,46.2
1781598600,46.22,46.24,46.1,46.24
1781600400,46.22,46.34,46.18,46.34
1781602200,46.34,46.36,46.22,46.24
1781604000,46.22,46.46,46.16,46.38
1781605800,46.38,46.42,46.24,46.28
1781607600,46.28,46.3,45.78,45.86
1781609400,45.86,45.94,45.64,45.66
1781611200,45.66,45.78,45.56,45.7
1781613000,45.72,46.04,45.72,45.86
1781614800,45.86,45.96,45.82,45.94
1781616600,45.94,46.02,45.78,45.84
1781618400,45.84,45.86,45.64,45.76
1781620200,45.76,45.9,45.74,45.88
1781622000,45.94,45.94,45.94,45.94
1781677800,46.1,46.1,46.1,46.1
1781679600,46.1,46.38,45.7,45.78
1781681400,45.78,45.88,45.7,45.72
1781683200,45.7,45.86,45.68,45.82
1781685000,45.82,45.84,45.4,45.48
1781686800,45.48,45.54,45.44,45.52
1781688600,45.52,45.56,45.48,45.5
1781690400,45.5,45.62,45.46,45.6
1781692200,45.6,45.66,45.54,45.56
1781694000,45.56,45.58,45.3,45.32
1781695800,45.3,45.32,45.08,45.14
1781697600,45.16,45.3,45.06,45.12
1781699400,45.1,45.16,44.96,45.04
1781701200,45.02,45.3,44.98,45.22
1781703000,45.24,45.26,44.94,44.96
1781704800,44.96,45,44.82,44.98
1781706600,44.96,45.06,44.86,44.98
1781708400,44.98,44.98,44.9,44.9
1781764200,45.2,45.2,45.2,45.2
1781766000,45.2,46.12,45.16,46.1
1781767800,46.1,46.24,45.9,46.06
1781769600,46.06,46.26,45.96,46.26
1781771400,46.24,46.38,46.16,46.28
1781773200,46.3,46.54,46.24,46.32
1781775000,46.32,46.46,46.28,46.4
1781776800,46.4,46.68,46.32,46.36
1781778600,46.36,46.38,46.14,46.18
1781780400,46.2,46.2,46,46.1
1781782200,46.08,46.18,45.9,46.02
1781784000,46.04,46.2,45.9,46.14
1781785800,46.14,46.74,46.1,46.74
1781787600,46.74,46.9,46.56,46.88
1781789400,46.88,46.88,46.72,46.78
1781791200,46.78,47.06,46.78,47.02
1781793000,47.04,47.38,46.86,47.34
1781794800,47.4,47.4,47.4,47.4
1781850600,46.9,46.9,46.9,46.9
1781852400,46.88,47.16,46.54,46.84
1781854200,46.84,47,46.76,46.92
1781856000,46.9,48.06,46.88,47.74
1781857800,47.76,48.14,47.6,48
1781859600,48,48.12,47.5,47.56
1781861400,47.54,47.62,47.3,47.56
1781863200,47.56,47.58,47.38,47.52
1781865000,47.5,47.52,47.12,47.18
1781866800,47.2,47.26,46.86,47
1781868600,47,47.14,46.9,47.1
1781870400,47.08,47.18,46.9,47.1
1781872200,47.1,47.54,46.92,47.08
1781874000,47.06,47.3,46.84,46.86
1781875800,46.88,47,46.74,46.78
1781877600,46.78,46.92,46.74,46.78
1781879400,46.8,46.86,45.82,46.36
1781881200,46.28,46.28,46.28,46.28
1782109800,46.48,46.48,46.48,46.48
1782111600,46.48,46.7,46.32,46.58
1782113400,46.58,46.64,46.46,46.48
1782115200,46.48,46.8,46.44,46.74
1782117000,46.74,46.96,46.66,46.92
1782118800,46.92,47.18,46.84,46.96
1782120600,46.96,46.96,46.64,46.66
1782122400,46.66,46.78,46.64,46.7
1782124200,46.72,46.78,46.66,46.68
1782126000,46.68,46.86,46.4,46.48
1782127800,46.5,46.6,46.42,46.46
1782129600,46.44,46.56,46.42,46.44
1782131400,46.46,46.54,46.26,46.28
1782133200,46.28,46.4,46.06,46.34
1782135000,46.34,46.4,46.1,46.2
1782136800,46.22,46.3,46.14,46.2
1782138600,46.18,46.32,46.18,46.28
1782140400,46.3,46.32,46.3,46.32
1782196200,45.9,45.9,45.9,45.9
1782198000,45.9,46.08,45.7,45.76
1782199800,45.76,45.76,45.42,45.42
1782201600,45.44,45.52,45.3,45.36
1782203400,45.34,45.5,45.32,45.48
1782205200,45.46,45.54,45.32,45.42
1782207000,45.42,45.5,45.34,45.4
1782208800,45.4,45.5,45.36,45.44
1782210600,45.44,45.44,45.36,45.42
1782212400,45.42,45.58,45.4,45.48
1782214200,45.48,45.48,45.22,45.26
1782216000,45.26,45.28,45.04,45.06
1782217800,45.04,45.14,44.96,45.06
1782219600,45.06,45.16,45.04,45.12
1782221400,45.1,45.22,45.06,45.22
1782223200,45.22,45.28,45.1,45.14
1782225000,45.12,45.16,45,45.1
1782226800,45.14,45.14,45.14,45.14
1782282600,45.2,45.2,45.2,45.2
1782284400,45.2,45.44,45.12,45.22
1782286200,45.24,45.44,45.16,45.3
1782288000,45.3,45.54,45.22,45.3
1782289800,45.3,45.42,45.22,45.3
1782291600,45.3,45.46,45.26,45.38
1782293400,45.36,45.42,45.22,45.28
1782295200,45.26,45.28,45.14,45.24
1782297000,45.24,45.26,45.06,45.08
1782298800,45.06,45.16,44.9,44.96
1782300600,44.94,45.12,44.94,45
1782302400,45.02,45.08,44.92,44.98
1782304200,44.98,45.18,44.9,45.16
1782306000,45.18,45.28,44.96,45.06
1782307800,45.08,45.32,44.98,45.3
1782309600,45.3,45.34,45.08,45.3
1782311400,45.32,45.42,45.08,45.2
1782313200,45.1,45.1,45.1,45.1
1782369000,45.5,45.5,45.5,45.5
1782370800,45.52,45.88,45.48,45.7
1782372600,45.7,45.72,45.28,45.44
1782374400,45.44,45.56,45.42,45.44
1782376200,45.44,45.46,45.08,45.3
1782378000,45.3,45.38,44.8,44.88
1782379800,44.88,44.96,44.78,44.78
1782381600,44.8,44.92,44.74,44.78
1782383400,44.78,44.78,44.52,44.7
1782385200,44.7,44.72,44.4,44.56
1782387000,44.56,44.56,44.32,44.34
1782388800,44.34,44.46,44.28,44.42
1782390600,44.42,44.6,44.3,44.46
1782392400,44.46,44.48,44.32,44.38
1782394200,44.38,44.42,44.2,44.34
1782396000,44.34,44.44,44.24,44.28
1782397800,44.28,44.32,44.08,44.14
1782399600,44.16,44.24,44.16,44.24
1782455400,44.16,44.16,44.16,44.16
1782457200,44.18,44.42,44.12,44.24
1782459000,44.26,44.5,44.26,44.46
1782460800,44.48,44.66,44.42,44.66
1782462600,44.66,44.68,44.4,44.4
1782464400,44.4,44.56,44.38,44.48
1782466200,44.48,44.54,44.42,44.42
1782468000,44.4,44.46,44.32,44.46
1782469800,44.46,44.52,44.34,44.48
1782471600,44.48,44.62,44.46,44.56
1782473400,44.56,44.6,44.34,44.36
1782475200,44.34,44.5,44.32,44.44
1782477000,44.44,44.62,44.4,44.58
1782478800,44.58,44.6,44.4,44.52
1782480600,44.52,44.62,44.34,44.6
1782482400,44.6,44.8,44.56,44.76
1782484200,44.78,45.3,44.76,45.26
1782486000,45.32,45.32,45.32,45.32
1782714600,45.48,45.48,45.48,45.48
1782716400,45.48,45.54,45.24,45.52
1782718200,45.5,45.52,45.32,45.4
1782720000,45.4,45.48,45.16,45.24
1782721800,45.24,45.28,45,45.06
1782723600,45.04,45.2,44.94,45.12
1782725400,45.12,45.2,44.94,45.1
1782727200,45.1,45.38,45.06,45.3
1782729000,45.3,45.52,45.24,45.38
1782730800,45.4,45.62,45.16,45.56
1782732600,45.56,45.66,45.4,45.48
1782734400,45.5,45.52,45.28,45.3
1782736200,45.28,45.32,45.12,45.14
1782738000,45.14,45.18,44.96,45.06
1782739800,45.04,45.3,45.02,45.08
1782741600,45.08,45.1,44.94,45.04
1782743400,45.06,45.18,44.96,44.98
1782745200,44.98,44.98,44.94,44.94
1782801000,45,45,45,45
1782802800,45,45.58,44.92,45.52
1782804600,45.52,45.58,45.22,45.34
1782806400,45.34,45.36,45.18,45.24
1782808200,45.22,45.28,44.94,45
1782810000,45.02,45.1,44.96,45.08
1782811800,45.06,45.08,44.98,44.98
1782813600,44.98,45.04,44.96,44.98
1782815400,44.98,45.12,44.96,45.04
1782817200,45.02,45.1,44.84,44.9
1782819000,44.9,44.94,44.66,44.72
1782820800,44.72,44.74,44.5,44.56
1782822600,44.56,44.62,44.5,44.58
1782824400,44.6,44.6,44.32,44.42
1782826200,44.42,44.46,44.32,44.46
1782828000,44.46,44.46,44.1,44.2
1782829800,44.18,44.5,44.18,44.38
1782831600,44.38,44.38,44.3,44.3
1782887400,44.3,44.3,44.3,44.3
1782889200,44.3,44.62,43.86,44.52
1782891000,44.52,44.72,44.28,44.68
1782892800,44.68,44.7,44.52,44.54
1782894600,44.54,44.68,44.46,44.58
1782896400,44.58,44.62,44.44,44.62
1782898200,44.6,44.66,44.54,44.66
1782900000,44.66,45.16,44.66,44.82
1782901800,44.84,44.92,44.78,44.88
1782903600,44.88,45.1,44.72,45.08
1782905400,45.1,45.18,44.94,45
1782907200,45,45.02,44.86,44.9
1782909000,44.9,45.08,44.86,44.9
1782910800,44.88,44.98,44.7,44.96
1782912600,44.98,45.02,44.88,44.96
1782914400,44.96,45.16,44.92,45.02
1782916200,45.02,45.04,44.82,44.86
1782918000,44.86,44.86,44.86,44.86
1782973800,45.06,45.06,45.06,45.06
1782975600,45.04,45.22,44.9,45.08
1782977400,45.1,45.3,45.04,45.06
1782979200,45.06,45.32,45,45.04
1782981000,45.02,45.14,44.98,45.08
1782982800,45.08,45.08,44.8,44.88
1782984600,44.88,44.96,44.84,44.92
1782986400,44.9,44.9,44.66,44.7
1782988200,44.72,44.76,44.5,44.52
1782990000,44.52,44.54,44.4,44.44
1782991800,44.46,44.54,44.4,44.44
1782993600,44.44,44.48,44.4,44.46
1782995400,44.44,44.72,44.44,44.6
1782997200,44.6,44.68,44.42,44.46
1782999000,44.46,44.58,44.4,44.54
1783000800,44.52,44.54,44.38,44.44
1783002600,44.46,44.54,44.3,44.46
1783004400,44.44,44.5,44.44,44.5
1783060200,44.68,44.68,44.68,44.68
1783062000,44.68,44.82,44.26,44.34
1783063800,44.34,44.66,44.24,44.54
1783065600,44.54,44.54,44.2,44.24
1783067400,44.22,44.42,44.22,44.32
1783069200,44.32,44.4,44.18,44.22
1783071000,44.22,44.28,44.14,44.26
1783072800,44.24,44.3,44.12,44.24
1783074600,44.22,44.36,44.2,44.26
1783076400,44.26,44.36,44.04,44.34
1783078200,44.36,44.44,44.3,44.38
1783080000,44.4,44.4,44.26,44.38
1783081800,44.38,44.38,44.02,44.3
1783083600,44.3,44.58,44.28,44.5
1783085400,44.5,44.52,44.36,44.38
1783087200,44.4,44.46,44.18,44.36
1783089000,44.38,44.42,44.3,44.38
1783090800,44.34,44.34,44.34,44.34
1783319400,44.44,44.44,44.44,44.44
1783321200,44.46,44.76,44.32,44.68
1783323000,44.68,44.72,44.5,44.6
1783324800,44.6,44.72,44.52,44.7
1783326600,44.72,44.74,44.54,44.62
1783328400,44.62,44.62,44.44,44.48
1783330200,44.46,44.48,44.26,44.3
1783332000,44.28,44.48,44.28,44.34
1783333800,44.34,44.5,44.22,44.24
1783335600,44.26,44.3,44.12,44.2
1783337400,44.2,44.24,43.76,43.88
1783339200,43.88,44,43.76,43.86
1783341000,43.86,43.88,43.54,43.74
1783342800,43.72,43.74,43.5,43.56
1783344600,43.56,43.6,43.44,43.54
1783346400,43.52,43.6,43.2,43.46
1783348200,43.44,43.48,43.34,43.44
1783350000,43.44,43.48,43.44,43.48
1783405800,43.46,43.46,43.46,43.46
1783407600,43.48,43.74,43.32,43.56
1783409400,43.56,43.64,43.48,43.56
1783411200,43.58,43.58,43.3,43.32
1783413000,43.34,43.4,43.28,43.34
1783414800,43.34,43.34,43.2,43.24
1783416600,43.24,43.28,43.18,43.24
1783418400,43.22,43.24,43.04,43.08
1783420200,43.08,43.42,43.06,43.38
1783422000,43.42,43.44,43.16,43.18
1783423800,43.18,43.32,43.14,43.3
1783425600,43.32,43.36,43.24,43.28
1783427400,43.28,43.32,43.22,43.26
1783429200,43.26,43.54,43.2,43.26
1783431000,43.28,43.4,43.24,43.3
1783432800,43.3,43.44,43.08,43.14
1783434600,43.14,43.18,42.96,43.1
1783436400,43.16,43.16,43.16,43.16
1783492200,43,43,43,43
1783494000,42.98,42.98,42.44,42.62
1783495800,42.62,42.68,42.5,42.66
1783497600,42.66,42.68,42,42.02
1783499400,42.02,42.08,41.8,41.84
1783501200,41.86,41.94,41.72,41.92
1783503000,41.94,42.02,41.88,41.92
1783504800,41.92,41.98,41.78,41.86
1783506600,41.86,41.9,41.74,41.8
1783508400,41.78,41.86,41.76,41.78
1783510200,41.8,41.98,41.76,41.94
1783512000,41.94,42.02,41.9,41.94
1783513800,41.96,41.98,41.84,41.88
1783515600,41.88,41.96,41.74,41.84
1783517400,41.84,41.88,41.74,41.82
1783519200,41.84,41.86,41.72,41.74
1783521000,41.74,41.76,41.58,41.62
1783522800,41.62,41.62,41.62,41.62
1783578600,42,42,42,42
1783580400,42.02,42.46,41.94,42.34
1783582200,42.34,43.44,42.32,43.04
1783584000,43.06,43.16,42.98,43.1
1783585800,43.1,43.12,42.82,42.88
1783587600,42.88,42.92,42.72,42.74
1783589400,42.76,42.84,42.66,42.78
1783591200,42.78,42.78,42.54,42.56
1783593000,42.54,42.56,42.22,42.4
1783594800,42.42,42.42,42.08,42.12
1783596600,42.14,42.18,42.02,42.12
1783598400,42.12,42.2,42.04,42.18
1783600200,42.2,42.26,42.06,42.1
1783602000,42.1,42.22,42.02,42.18
1783603800,42.2,42.26,42.1,42.24
1783605600,42.24,42.24,41.88,42.02
1783607400,42.02,42.18,41.96,42.16
1783609200,42.16,42.22,42.16,42.22
1783665000,42.16,42.16,42.16,42.16
1783666800,42.14,42.68,42.1,42.66
1783668600,42.68,43,42.66,42.84
1783670400,42.86,43.06,42.82,43
1783672200,43,43.04,42.88,42.94
1783674000,42.94,43.5,42.9,43.46
1783675800,43.44,43.78,43.36,43.7
1783677600,43.7,43.76,43.18,43.3
1783679400,43.3,43.4,43.28,43.36
1783681200,43.34,43.44,43.28,43.34
1783683000,43.34,43.52,43.26,43.36
1783684800,43.36,43.66,43.32,43.58
1783686600,43.58,43.64,43.3,43.44
1783688400,43.44,43.64,43.34,43.54
1783690200,43.54,43.68,43.42,43.58
1783692000,43.58,43.62,43.52,43.58
1783693800,43.58,43.58,43.26,43.46
1783695600,43.44,43.44,43.44,43.44
1783924200,43.44,43.44,43.44,43.44
1783926000,43.42,43.44,42.92,43.22
1783927800,43.2,43.46,43.18,43.28
1783929600,43.26,43.4,43.14,43.16
1783931400,43.16,43.18,42.92,42.94
1783933200,42.94,43.04,42.88,42.98
1783935000,43,43.14,42.96,43.12
1783936800,43.12,43.16,43.04,43.04
1783938600,43.06,43.14,43.02,43.06
1783940400,43.06,43.16,43.02,43.06
1783942200,43.06,43.1,42.94,42.98
1783944000,42.98,42.98,42.82,42.9
1783945800,42.88,43.18,42.88,43.12
1783947600,43.12,43.24,43.06,43.2
1783949400,43.2,43.38,43.1,43.36
1783951200,43.36,43.42,43.12,43.22
1783953000,43.22,43.26,43.06,43.12
1783954800,43.12,43.14,43.12,43.14
1784010600,43,43,43,43
1784012400,43.04,43.1,42.66,42.8
1784014200,42.8,42.9,42.72,42.88
1784016000,42.9,43.28,42.8,43.28
1784017800,43.26,43.44,43.24,43.3
1784019600,43.3,43.5,43.28,43.38
1784021400,43.38,43.44,43.3,43.4
1784023200,43.4,43.48,43.22,43.42
1784025000,43.4,43.7,43.34,43.46
1784026800,43.46,43.52,43.34,43.48
1784028600,43.48,43.54,43.36,43.52
1784030400,43.52,43.54,43.36,43.46
1784032200,43.46,43.7,43.4,43.42
1784034000,43.42,43.58,43.4,43.58
1784035800,43.58,43.64,43.52,43.56
1784037600,43.58,43.84,43.58,43.72
1784039400,43.72,43.76,43.6,43.6
1784041200,43.6,43.6,43.6,43.6
1784183400,43.6,43.6,43.6,43.6
1784185200,43.62,44.3,43.6,44.14
1784187000,44.14,44.34,44.06,44.2
1784188800,44.22,45.38,44.18,45.02
1784190600,45.02,45.04,44.72,44.8
1784192400,44.8,45.22,44.66,45.1
1784194200,45.1,45.14,44.86,44.92
1784196000,44.92,45.02,44.84,44.84
1784197800,44.84,45.08,44.82,45.04
1784199600,45.04,45.06,44.88,44.98
1784201400,45,45,44.82,44.98
1784203200,44.96,45.04,44.86,44.88
1784205000,44.88,45.02,44.76,44.92
1784206800,44.9,45.16,44.9,45.12
1784208600,45.14,45.16,45.04,45.12
1784210400,45.14,45.26,45.02,45.08
1784212200,45.1,45.14,45,45.04
1784214000,45,45,45,45
1784269800,44.68,44.68,44.68,44.68
1784271600,44.68,45.16,44.52,44.62
1784273400,44.62,44.86,44.56,44.78
1784275200,44.78,44.86,44.58,44.76
1784277000,44.76,44.84,44.56,44.78
1784278800,44.78,44.78,44.58,44.66
1784280600,44.66,44.66,44.42,44.46
1784282400,44.46,44.48,44.08,44.12
1784284200,44.1,44.3,44.1,44.28
1784286000,44.28,44.4,44.26,44.3
1784287800,44.3,44.44,44.24,44.42
1784289600,44.44,44.5,44.24,44.26
1784291400,44.28,44.48,44.26,44.44
1784293200,44.44,44.5,44.42,44.46
1784295000,44.46,44.64,44.44,44.64
1784296800,44.64,44.64,44.42,44.46
1784298600,44.44,44.46,44.1,44.12
1784300400,44.12,44.2,44.12,44.2
1784529000,44.1,44.1,44.1,44.1
1784530800,44.1,44.5,43.96,44.46
1784532600,44.46,44.64,44.34,44.54
1784534400,44.52,44.76,44.42,44.72
1784536200,44.72,44.74,44.38,44.42
1784538000,44.42,44.56,44.4,44.44
1784539800,44.44,44.78,44.4,44.58
1784541600,44.6,44.7,44.58,44.62
1784543400,44.64,44.78,44.62,44.7
1784545200,44.72,44.78,44.58,44.6
1784547000,44.6,44.96,44.6,44.78
1784548800,44.78,44.92,44.62,44.84
1784550600,44.84,44.92,44.72,44.9
1784552400,44.9,44.92,44.74,44.8
1784554200,44.8,44.92,44.56,44.72
1784556000,44.72,44.82,44.66,44.66
1784557800,44.66,44.66,44.54,44.6
1784559600,44.5,44.5,44.5,44.5
1784615400,44.84,44.84,44.84,44.84
1784617200,44.84,44.94,44.16,44.26
1784619000,44.26,44.44,44.2,44.26
1784620800,44.26,44.28,44.06,44.18
1784622600,44.18,44.28,44.12,44.26
1784624400,44.28,44.38,44.18,44.22
1784626200,44.22,44.22,44.06,44.08
1784628000,44.1,44.2,44.06,44.14
1784629800,44.12,44.14,43.92,43.98
1784631600,43.98,43.98,43.52,43.54
1784633400,43.52,43.68,43.4,43.42
1784635200,43.44,43.48,43.2,43.24
1784637000,43.24,43.34,43.1,43.28
1784638800,43.28,43.36,43.26,43.3
1784640600,43.3,43.34,43.18,43.2
1784642400,43.2,43.24,43.1,43.2
1784644200,43.22,43.26,43.12,43.18
1784646000,43.18,43.18,43.18,43.18
1784701800,43.22,43.22,43.22,43.22
1784703600,43.2,43.7,43.1,43.66
1784705400,43.66,43.68,43.3,43.54
1784707200,43.54,43.74,43.42,43.52
1784709000,43.52,43.56,43.34,43.38
1784710800,43.38,43.56,43.32,43.42
1784712600,43.44,43.44,43.2,43.3
1784714400,43.3,43.48,43.26,43.46
1784716200,43.46,43.48,43.26,43.38
1784718000,43.38,43.64,43.32,43.54
1784719800,43.54,43.54,43.32,43.32
1784721600,43.34,43.4,43.3,43.38
1784723400,43.38,43.46,43.28,43.42
1784725200,43.44,43.5,43.38,43.48
1784727000,43.48,43.54,43.42,43.44
1784728800,43.44,43.74,43.44,43.54
1784730600,43.54,43.62,43.5,43.56
1784732400,43.62,43.62,43.62,43.62
1784788200,43.62,43.62,43.62,43.62
1784790000,43.62,43.98,43.38,43.82
1784791800,43.82,43.94,43.72,43.84
1784793600,43.84,44.1,43.84,43.94
1784795400,43.92,44.16,43.92,44.1
1784797200,44.1,44.4,44.1,44.32
1784799000,44.34,44.36,44.24,44.34
1784800800,44.36,44.4,44.14,44.16
1784802600,44.16,44.24,44.12,44.18
1784804400,44.18,44.28,43.98,43.98
1784806200,43.98,44.1,43.88,44.08
1784808000,44.08,44.08,43.76,43.8
1784809800,43.78,43.94,43.7,43.86
1784811600,43.88,43.94,43.66,43.84
1784813400,43.86,43.94,43.76,43.78
1784815200,43.78,43.9,43.74,43.86
1784817000,43.88,43.88,43.72,43.76
1784818800,43.68,43.68,43.68,43.68
1784874600,43.7,43.7,43.7,43.7
1784876400,43.72,43.86,43.58,43.78
1784878200,43.78,44.02,43.52,43.54
1784880000,43.52,43.64,43.42,43.6
1784881800,43.6,43.62,43.24,43.28
1784883600,43.3,43.3,43.12,43.14
1784885400,43.12,43.22,42.96,43.16
1784887200,43.18,43.22,43.08,43.12
1784889000,43.12,43.42,43.12,43.24
1784890800,43.24,43.26,43.1,43.26
1784892600,43.24,43.36,43.2,43.36
1784894400,43.34,43.36,43.2,43.2
1784896200,43.18,43.26,43.08,43.1
1784898000,43.1,43.24,43.02,43.22
1784899800,43.22,43.26,43,43.06
1784901600,43.08,43.54,43.08,43.42
1784903400,43.44,43.44,43.26,43.34
1784905200,43.42,43.42,43.42,43.42
1785133800,43.9,43.9,43.9,43.9
1785135600,43.92,44.24,43.9,44
1785137400,44,44.02,43.58,43.6
1785139200,43.6,43.72,43.56,43.72
1785141000,43.7,43.76,43.62,43.66
1785142800,43.68,43.68,43.5,43.52
1785144600,43.5,43.58,43.42,43.56
1785146400,43.56,43.58,43.42,43.46
1785148200,43.48,43.48,43.3,43.32
1785150000,43.34,43.48,43.2,43.32
1785151800,43.32,43.56,43.32,43.54