time,open,high,low,close
1641191400,20.18,20.18,20.18,20.18
1641193200,20.2,20.34,19.83,19.87
1641195000,19.87,20.28,19.83,20.26
1641196800,20.26,20.64,20.18,20.58
1641198600,20.58,20.72,20.58,20.72
1641200400,20.72,21.08,20.72,21.02
1641202200,21.02,21.08,20.86,20.96
1641204000,20.96,21.02,20.86,20.9
1641205800,20.92,20.98,20.78,20.9
1641207600,20.92,20.98,20.7,20.78
1641209400,20.8,20.88,20.7,20.84
1641211200,20.86,21.1,20.82,20.98
1641213000,20.96,21.06,20.92,20.96
1641214800,20.98,21.36,20.96,21.34
1641216600,21.34,21.4,21.18,21.3
1641218400,21.32,21.44,21.2,21.3
1641220200,21.3,21.88,21.26,21.84
1641222000,21.84,21.84,21.84,21.84
1641277800,21.9,21.9,21.9,21.9
1641279600,21.9,22.82,21.76,22.82
1641281400,22.82,23.42,22.74,23.18
1641283200,23.2,23.22,22.82,22.86
1641285000,22.86,23.12,22.82,23.02
1641286800,23,23.02,22.84,22.98
1641288600,22.98,23.16,22.86,22.88
1641290400,22.86,22.98,22.84,22.88
1641292200,22.88,23.08,22.78,22.8
1641294000,22.82,23,22.8,22.96
1641295800,22.96,23.04,22.88,22.96
1641297600,22.96,23.16,22.92,23.02
1641299400,23.02,23.04,22.42,22.64
1641301200,22.66,22.8,22.38,22.8
1641303000,22.78,22.86,22.34,22.5
1641304800,22.48,22.68,22.22,22.6
1641306600,22.6,22.92,22.44,22.76
1641308400,22.76,22.8,22.76,22.8
1641364200,22.1,22.1,22.1,22.1
1641366000,22.24,23.28,22.24,23.12
1641367800,23.12,23.28,23.04,23.04
1641369600,23.04,23.14,22.96,23.02
1641371400,23.02,23.24,23,23.14
1641373200,23.14,23.32,23.12,23.24
1641375000,23.22,23.26,23.04,23.06
1641376800,23.04,23.12,22.98,23.04
1641378600,23.02,23.14,23.02,23.1
1641380400,23.1,23.26,23.06,23.2
1641382200,23.22,23.3,23.14,23.26
1641384000,23.26,23.64,23.16,23.62
1641385800,23.6,23.72,23.58,23.64
1641387600,23.64,23.96,23.62,23.94
1641389400,23.94,24,23.76,23.9
1641391200,23.9,24.04,23.82,23.98
1641393000,23.96,24.12,23.82,23.94
1641394800,23.9,23.9,23.9,23.9
1641450600,23.62,23.62,23.62,23.62
1641452400,23.64,24.84,23.64,24.84
1641454200,24.82,24.86,24.56,24.82
1641456000,24.84,24.94,24.72,24.82
1641457800,24.82,24.94,24.68,24.84
1641459600,24.86,25.34,24.84,25.28
1641461400,25.28,25.34,25.16,25.24
1641463200,25.22,25.26,24.8,24.9
1641465000,24.9,25.04,24.82,25
1641466800,25,25.32,24.88,25.18
1641468600,25.18,25.36,25.12,25.18
1641470400,25.18,25.24,25.06,25.08
1641472200,25.1,25.24,25.02,25.22
1641474000,25.2,25.32,25.08,25.12
1641475800,25.12,25.18,25.04,25.14
1641477600,25.14,25.14,24.84,24.9
1641479400,24.9,25.14,24.7,24.86
1641481200,24.86,24.86,24.86,24.86
1641537000,25.24,25.24,25.24,25.24
1641538800,25.26,25.58,25.2,25.36
1641540600,25.36,25.4,25.12,25.14
1641542400,25.14,25.14,24.64,24.8
1641544200,24.78,24.86,24.44,24.54
1641546000,24.54,24.84,24.5,24.78
1641547800,24.78,24.82,24.64,24.66
1641549600,24.66,24.68,24.54,24.66
1641551400,24.66,24.66,24.48,24.6
1641553200,24.6,24.6,24.02,24.3
1641555000,24.3,24.54,24.18,24.52
1641556800,24.52,24.58,24.28,24.34
1641558600,24.34,24.36,24.14,24.36
1641560400,24.36,24.52,24.32,24.46
1641562200,24.44,24.52,24.28,24.42
1641564000,24.4,25.12,24.4,24.98
1641565800,24.96,25.06,24.74,24.98
1641567600,24.96,24.96,24.94,24.94
1641796200,25.38,25.38,25.38,25.38
1641798000,25.4,25.88,25.02,25.86
1641799800,25.84,26.22,25.74,26.04
1641801600,26.06,26.6,26.04,26.56
1641803400,26.54,26.62,26.24,26.32
1641805200,26.32,26.5,26.32,26.42
1641807000,26.44,26.58,26.4,26.44
1641808800,26.44,26.78,26.44,26.76
1641810600,26.78,26.92,26.76,26.88
1641812400,26.88,26.96,26.78,26.84
1641814200,26.84,26.86,26.66,26.72
1641816000,26.74,26.86,26.58,26.8
1641817800,26.82,26.88,26.7,26.8
1641819600,26.8,26.94,26.72,26.92
1641821400,26.9,26.92,26.72,26.76
1641823200,26.76,27.12,26.66,27.06
1641825000,27.06,27.38,26.86,26.92
1641826800,26.7,26.7,26.7,26.7
1641882600,27.3,27.3,27.3,27.3
1641884400,27.26,27.68,26.94,27.04
1641886200,27.04,27.18,26.74,27.02
1641888000,27.04,27.08,26.34,26.46
1641889800,26.48,26.62,26.3,26.4
1641891600,26.38,26.62,26.22,26.58
1641893400,26.58,27,26.58,26.94
1641895200,26.94,27.22,26.9,27.2
1641897000,27.2,27.22,26.92,27.08
1641898800,27.1,27.26,26.96,27.18
1641900600,27.18,27.36,27.1,27.34
1641902400,27.34,27.38,27.08,27.12
1641904200,27.12,27.2,26.98,27.1
1641906000,27.12,27.26,27,27.12
1641907800,27.14,27.16,27.04,27.1
1641909600,27.08,27.16,26.88,27.12
1641911400,27.12,27.16,26.82,26.9
1641913200,26.9,26.9,26.9,26.9
1641969000,27.38,27.38,27.38,27.38
1641970800,27.36,27.4,26.98,27.04
1641972600,27.02,27.16,26.78,26.86
1641974400,26.84,27,26.8,26.94
1641976200,26.94,26.98,26.82,26.94
1641978000,26.94,27.42,26.94,27.32
1641979800,27.34,27.34,27.1,27.18
1641981600,27.18,27.2,27.06,27.12
1641983400,27.12,27.22,27.1,27.12
1641985200,27.14,27.28,27.12,27.14
1641987000,27.14,27.2,27.04,27.06
1641988800,27.06,27.08,26.8,26.96
1641990600,26.94,27.02,26.92,26.94
1641992400,26.94,27,26.88,26.98
1641994200,26.98,27.12,26.94,27
1641996000,27,27.08,26.82,26.94
1641997800,26.94,26.96,26.82,26.86
1641999600,26.84,26.88,26.84,26.88
1642055400,26.8,26.8,26.8,26.8
1642057200,26.8,27.52,26.78,27.38
1642059000,27.38,27.64,27.34,27.56
1642060800,27.56,28.52,27.54,28.32
1642062600,28.32,28.5,28.3,28.38
1642064400,28.38,28.5,28.32,28.42
1642066200,28.44,28.9,28.38,28.86
1642068000,28.86,28.88,28.72,28.76
1642069800,28.76,28.94,28.76,28.84
1642071600,28.84,28.86,28.68,28.68
1642073400,28.7,28.72,28.5,28.68
1642075200,28.66,28.9,28.56,28.88
1642077000,28.88,28.9,28.74,28.8
1642078800,28.8,28.82,28.64,28.66
1642080600,28.66,28.84,28.54,28.54
1642082400,28.56,28.62,28.12,28.12
1642084200,28.12,28.68,28.1,28.64
1642086000,28.64,28.78,28.64,28.78
1642141800,28.8,28.8,28.8,28.8
1642143600,28.8,29.08,28.48,28.54
1642145400,28.54,29.14,28.48,29.1
1642147200,29.1,29.3,28.72,28.88
1642149000,28.9,28.9,28.5,28.6
1642150800,28.62,28.66,28.4,28.54
1642152600,28.52,28.62,28.4,28.44
1642154400,28.44,28.64,28.2,28.46
1642156200,28.44,28.5,28.28,28.4
1642158000,28.4,28.48,28.32,28.4
1642159800,28.4,28.42,28.32,28.34
1642161600,28.32,28.42,28.26,28.3
1642163400,28.3,28.38,28.2,28.26
1642165200,28.26,28.3,27.88,28.12
1642167000,28.1,28.24,28,28.14
1642168800,28.14,28.52,28.08,28.42
1642170600,28.42,28.42,28.1,28.14
1642172400,28.22,28.22,28.22,28.22
1642401000,28.44,28.44,28.44,28.44
1642402800,28.44,28.48,28.12,28.2
1642404600,28.18,28.42,28.14,28.32
1642406400,28.32,28.72,28.3,28.64
1642408200,28.64,28.68,28.34,28.4
1642410000,28.4,28.44,28.32,28.32
1642411800,28.32,28.36,28.16,28.22
1642413600,28.22,28.26,28.16,28.24
1642415400,28.22,28.38,28.2,28.38
1642417200,28.38,28.58,28.32,28.52
1642419000,28.52,28.58,28.38,28.42
1642420800,28.42,28.46,28.32,28.36
1642422600,28.36,28.48,28.3,28.46
1642424400,28.48,28.48,28.24,28.38
1642426200,28.38,28.68,28.34,28.56
1642428000,28.56,28.66,28.4,28.4
1642429800,28.42,28.5,28.22,28.24
1642431600,28.24,28.28,28.22,28.28
1642487400,28.28,28.28,28.28,28.28
1642489200,28.26,28.48,27.9,28.46
1642491000,28.46,28.56,28.28,28.32
1642492800,28.32,28.34,28.04,28.14
1642494600,28.12,28.2,28,28.04
1642496400,28.04,28.04,27.54,27.7
1642498200,27.7,27.7,27.4,27.64
1642500000,27.64,27.82,27.58,27.78
1642501800,27.78,27.88,27.64,27.78
1642503600,27.76,27.88,27.58,27.7
1642505400,27.7,27.8,27.66,27.72
1642507200,27.72,27.82,27.64,27.7
1642509000,27.68,27.7,27.58,27.64
1642510800,27.64,27.64,27.34,27.46
1642512600,27.48,27.6,27.3,27.4
1642514400,27.4,27.4,26.88,26.88
1642573800,26.5,26.5,26.5,26.5
1642575600,26.5,27.1,26.14,26.46
1642577400,26.46,26.78,26.3,26.48
1642579200,26.48,27.22,26.42,26.98
1642581000,26.98,27.18,26.84,27.02
1642582800,27.04,27.14,26.78,26.8
1642584600,26.8,27.02,26.76,26.88
1642586400,26.88,26.98,26.76,26.78
1642588200,26.78,26.88,26.42,26.48
1642590000,26.48,26.58,26.22,26.5
1642591800,26.48,26.74,26.48,26.72
1642593600,26.7,26.78,26.52,26.6
1642595400,26.6,26.86,26.58,26.78
1642597200,26.78,27.52,26.78,27.28
1642599000,27.28,27.42,27.22,27.36
1642600800,27.36,27.62,27.2,27.44
1642602600,27.42,27.48,27.24,27.4
1642604400,27.38,27.4,27.38,27.4
1642660200,27.96,27.96,27.96,27.96
1642662000,27.96,28.14,27.7,27.88
1642663800,27.9,27.98,27.78,27.94
1642665600,27.94,27.96,27.6,27.72
1642667400,27.72,27.84,27.64,27.8
1642669200,27.8,27.82,27.54,27.66
1642671000,27.68,27.94,27.62,27.92
1642672800,27.9,27.94,27.78,27.84
1642674600,27.84,27.86,27.76,27.82
1642676400,27.84,28.4,27.74,28.3
1642678200,28.3,28.66,28.04,28.2
1642680000,28.18,28.44,28.02,28.3
1642681800,28.28,28.34,28.06,28.22
1642683600,28.22,28.46,28.14,28.32
1642685400,28.34,28.5,28.16,28.46
1642687200,28.46,28.56,27.64,27.64
1642689000,27.66,28.08,27.32,28.06
1642690800,28.1,28.1,28.1,28.1
1642746600,28.2,28.2,28.2,28.2
1642748400,28.22,28.34,27.64,27.76
1642750200,27.76,28.1,27.72,28.04
1642752000,28.04,28.1,27.82,27.96
1642753800,27.96,28.04,27.62,27.72
1642755600,27.72,27.8,27.56,27.7
1642757400,27.7,27.72,27.54,27.6
1642759200,27.6,27.72,27.5,27.68
1642761000,27.68,27.74,27.56,27.58
1642762800,27.58,27.58,27.24,27.34
1642764600,27.34,27.38,27.14,27.28
1642766400,27.28,27.54,27.28,27.44
1642768200,27.42,27.46,27.28,27.34
1642770000,27.36,27.42,27.06,27.16
1642771800,27.14,27.24,26.9,27.1
1642773600,27.1,27.62,27.1,27.44
1642775400,27.44,27.64,27.36,27.54
1642777200,27.52,27.52,27.5,27.5
1643005800,27.14,27.14,27.14,27.14
1643007600,27.14,27.3,26.9,27.26
1643009400,27.24,27.28,27.02,27.26
1643011200,27.26,27.9,27.22,27.8
1643013000,27.8,28.1,27.74,28.1
1643014800,28.1,28.16,27.86,27.96
1643016600,27.96,28.04,27.7,27.74
1643018400,27.72,27.74,27.42,27.54
1643020200,27.52,27.54,26.74,26.82
1643022000,26.8,27.1,26.48,26.8
1643023800,26.78,27.06,26.64,26.78
1643025600,26.78,26.78,26.56,26.7
1643027400,26.7,26.74,25.86,26.18
1643029200,26.18,26.54,26.08,26.36
1643031000,26.34,26.4,26.06,26.2
1643032800,26.2,26.48,26.14,26.46
1643034600,26.46,26.68,26,26.02
1643092200,26.42,26.42,26.42,26.42
1643094000,26.42,26.48,25.64,25.74
1643095800,25.76,26.12,25.74,26.02
1643097600,26.02,26.16,25.5,25.52
1643099400,25.5,25.8,25.28,25.66
1643101200,25.68,25.94,25.56,25.84
1643103000,25.86,26.22,25.84,26.08
1643104800,26.08,26.44,26.06,26.26
1643106600,26.28,26.28,25.96,26.06
1643108400,26.08,26.12,25.64,25.76
1643110200,25.76,25.82,25.44,25.78
1643112000,25.78,25.9,25.68,25.74
1643113800,25.74,26.26,25.74,26.24
1643115600,26.26,26.34,26.12,26.18
1643117400,26.18,26.46,26.08,26.3
1643119200,26.3,26.62,26.26,26.42
1643121000,26.42,26.44,26.04,26.24
1643122800,26.12,26.12,26.12,26.12
1643178600,26.2,26.2,26.2,26.2
1643180400,26.22,26.74,26.22,26.72
1643182200,26.72,27.04,26.7,26.86
1643184000,26.86,27.38,26.84,27.36
1643185800,27.36,27.48,27.26,27.46
1643187600,27.48,27.62,27.4,27.56
1643189400,27.56,27.66,27.34,27.42
1643191200,27.42,27.68,27.36,27.68
1643193000,27.68,27.74,27.62,27.7
1643194800,27.68,27.74,27.54,27.68
1643196600,27.66,27.9,27.64,27.84
1643198400,27.84,27.86,27.66,27.68
1643200200,27.7,27.72,27.3,27.5
1643202000,27.48,27.66,27.38,27.64
1643203800,27.64,27.7,27.4,27.52
1643205600,27.52,27.54,27.22,27.26
1643207400,27.28,27.3,26.92,27.24
1643209200,27.24,27.24,27.22,27.22
1643265000,26.86,26.86,26.86,26.86
1643266800,26.86,27.68,26.72,27.46
1643268600,27.46,27.84,27.36,27.74
1643270400,27.72,27.86,27.52,27.62
1643272200,27.62,27.72,27.46,27.62
1643274000,27.62,28.22,27.62,28.2
1643275800,28.2,28.32,28.06,28.3
1643277600,28.3,28.38,28.18,28.2
1643279400,28.18,28.26,28.06,28.08
1643281200,28.08,28.3,28.04,28.16
1643283000,28.16,28.24,28.02,28.2
1643284800,28.2,28.24,28.08,28.16
1643286600,28.14,28.3,27.96,28.24
1643288400,28.26,28.68,28.2,28.56
1643290200,28.56,28.66,28.46,28.58
1643292000,28.56,28.7,28.4,28.6
1643293800,28.6,28.78,28.54,28.64
1643295600,28.64,28.66,28.64,28.64
1643351400,28.76,28.76,28.76,28.76
1643353200,28.76,29.44,28.72,29.26
1643355000,29.26,29.3,29.1,29.24
1643356800,29.24,29.24,28.88,29
1643358600,29,29.08,28.66,28.86
1643360400,28.86,28.9,28.48,28.54
1643362200,28.56,28.74,28.34,28.46
1643364000,28.44,28.52,28.26,28.36
1643365800,28.36,28.46,28.14,28.32
1643367600,28.32,28.4,28.14,28.4
1643369400,28.4,28.44,28.24,28.36
1643371200,28.36,28.38,28.14,28.18
1643373000,28.18,28.32,28.04,28.14
1643374800,28.14,28.4,28.06,28.32
1643376600,28.32,28.46,28.26,28.32
1643378400,28.32,28.42,28.26,28.34
1643380200,28.36,28.44,28,28.4
1643382000,28.38,28.4,28.16,28.16
1643610600,28.72,28.72,28.72,28.72
1643612400,28.74,28.84,28.34,28.36
1643614200,28.36,28.44,28.24,28.28
1643616000,28.28,28.56,28.26,28.38
1643617800,28.38,28.74,28.36,28.64
1643619600,28.64,28.8,28.62,28.76
1643621400,28.74,28.8,28.66,28.7
1643623200,28.72,28.86,28.62,28.84
1643625000,28.84,29.06,28.74,28.86
1643626800,28.86,28.96,28.72,28.9
1643628600,28.9,28.98,28.84,28.94
1643630400,28.94,28.96,28.64,28.72
1643632200,28.72,28.86,28.68,28.78
1643634000,28.78,28.82,28.7,28.8
1643635800,28.8,28.92,28.78,28.78
1643637600,28.78,28.82,28.64,28.78
1643639400,28.78,28.78,28.66,28.78
1643641200,28.78,28.78,28.72,28.72
1643697000,29.04,29.04,29.04,29.04
1643698800,29.02,29.2,28.9,29
1643700600,29,29.04,28.9,29
1643702400,29,29.02,28.84,28.94
1643704200,28.94,29,28.88,28.92
1643706000,28.92,28.96,28.84,28.84
1643707800,28.86,28.88,28.76,28.8
1643709600,28.8,28.84,28.72,28.74
1643711400,28.72,28.76,28.66,28.76
1643713200,28.76,28.82,28.72,28.76
1643715000,28.78,28.8,28.66,28.68
1643716800,28.68,28.7,28.36,28.46
1643718600,28.44,28.54,28.32,28.54
1643720400,28.54,28.58,28.36,28.44
1643722200,28.44,28.54,28.34,28.4
1643724000,28.4,28.42,28.26,28.3
1643725800,28.3,28.46,28.18,28.4
1643727600,28.32,28.32,28.32,28.32
1643783400,28.42,28.42,28.42,28.42
1643785200,28.44,28.72,28.28,28.7
1643787000,28.7,28.72,28.56,28.58
1643788800,28.58,28.62,28.44,28.46
1643790600,28.46,28.48,28.22,28.3
1643792400,28.32,28.38,28.3,28.34
1643794200,28.34,28.4,28.22,28.24
1643796000,28.26,28.26,27.94,28
1643797800,28,28.24,27.98,28.14
1643799600,28.14,28.16,27.88,28.02
1643801400,28.02,28.26,28,28.18
1643803200,28.18,28.26,28.14,28.24
1643805000,28.24,28.36,28.08,28.32
1643806800,28.32,28.34,28.12,28.18
1643808600,28.18,28.18,28,28.02
1643810400,28.04,28.04,27.9,27.96
1643812200,27.96,27.98,27.66,27.74
1643814000,27.8,27.8,27.8,27.8
1643869800,27.78,27.78,27.78,27.78
1643871600,27.78,28.1,27.72,27.86
1643873400,27.84,28.14,27.82,27.9
1643875200,27.9,27.98,27.6,27.94
1643877000,27.96,28.2,27.92,28.1
1643878800,28.1,28.36,28.02,28.26
1643880600,28.26,28.38,28.02,28.04
1643882400,28.06,28.16,28.04,28.1
1643884200,28.1,28.12,27.96,27.96
1643886000,27.96,28.02,27.86,27.92
1643887800,27.92,27.96,27.78,27.96
1643889600,27.96,28.04,27.88,27.92
1643891400,27.94,28.08,27.86,27.94
1643893200,27.94,28.02,27.82,28.02
1643895000,28.04,28.08,27.6,27.68
1643896800,27.68,27.72,27.48,27.58
1643898600,27.58,27.6,26.88,27.02
1643900400,27,27.02,27,27.02
1643956200,27.18,27.18,27.18,27.18
1643958000,27.2,27.3,27,27.12
1643959800,27.12,27.24,27.08,27.16
1643961600,27.16,27.32,27.12,27.14
1643963400,27.14,27.14,26.6,26.96
1643965200,26.96,27.08,26.88,27.02
1643967000,27.04,27.12,26.94,27.02
1643968800,27,27.02,26.86,26.98
1643970600,26.98,27.04,26.94,26.98
1643972400,26.96,27.02,26.74,26.82
1643974200,26.82,26.86,26.62,26.78
1643976000,26.76,26.88,26.64,26.84
1643977800,26.86,26.98,26.8,26.94
1643979600,26.94,27.04,26.86,26.94
1643981400,26.96,26.96,26.7,26.78
1643983200,26.8,27,26.74,26.94
1643985000,26.94,26.94,26.64,26.74
1643986800,26.74,26.78,26.66,26.66
1644215400,26.7,26.7,26.7,26.7
1644217200,26.7,26.84,26.38,26.42
1644219000,26.4,26.48,26.34,26.44
1644220800,26.44,26.54,26.18,26.3
1644222600,26.28,26.4,26.18,26.4
1644224400,26.38,26.56,26.36,26.5
1644226200,26.48,26.58,26.4,26.48
1644228000,26.48,26.92,26.46,26.86
1644229800,26.86,27.04,26.82,26.98
1644231600,26.98,27.26,26.92,27.24
1644233400,27.24,27.42,27.18,27.3
1644235200,27.3,27.46,27.24,27.3
1644237000,27.28,27.48,27.28,27.46
1644238800,27.46,27.74,27.42,27.66
1644240600,27.64,27.96,27.64,27.94
1644242400,27.94,28.02,27.82,27.96
1644244200,27.96,28.26,27.82,28.16
1644246000,28.26,28.26,28.26,28.26
1644301800,28.24,28.24,28.24,28.24
1644303600,28.24,28.46,28,28.1
1644305400,28.1,28.18,27.92,28.04
1644307200,28.04,28.66,28,28.54
1644309000,28.56,28.58,28.4,28.42
1644310800,28.42,28.56,28.4,28.44
1644312600,28.46,28.58,28.38,28.4
1644314400,28.4,28.44,28.3,28.42
1644316200,28.42,28.6,28.34,28.56
1644318000,28.56,28.58,28.14,28.2
1644319800,28.2,28.44,28.12,28.38
1644321600,28.38,28.44,28.3,28.4
1644323400,28.42,28.58,28.36,28.52
1644325200,28.52,28.86,28.46,28.8
1644327000,28.82,29,28.66,28.96
1644328800,28.96,29.06,28.8,28.96
1644330600,28.96,28.96,28.5,28.74
1644332400,28.78,28.78,28.78,28.78
1644388200,28.98,28.98,28.98,28.98
1644390000,28.98,29.18,28.8,29.1
1644391800,29.12,29.2,28.94,29.02
1644393600,29,29.3,28.94,29.26
1644395400,29.26,29.9,29.22,29.82
1644397200,29.8,29.98,29.78,29.98
1644399000,29.98,30.02,29.8,29.82
1644400800,29.82,29.86,29.72,29.78
1644402600,29.78,29.86,29.72,29.82
1644404400,29.84,29.84,29.7,29.74
1644406200,29.76,29.82,29.7,29.8
1644408000,29.78,29.82,29.54,29.68
1644409800,29.66,29.86,29.6,29.86
1644411600,29.86,29.96,29.76,29.84
1644413400,29.82,29.9,29.76,29.78
1644415200,29.78,29.92,29.72,29.9
1644417000,29.9,29.96,29.74,29.82
1644418800,29.82,29.84,29.82,29.84
1644474600,29.9,29.9,29.9,29.9
1644476400,29.9,30.02,29.74,29.84
1644478200,29.84,29.88,29.64,29.68
1644480000,29.66,29.86,29.64,29.8
1644481800,29.8,29.8,29.38,29.56
1644483600,29.56,29.7,29.52,29.64
1644485400,29.66,29.92,29.62,29.88
1644487200,29.88,30.02,29.78,29.92
1644489000,29.9,30,29.82,29.86
1644490800,29.86,29.88,29.74,29.86
1644492600,29.84,29.92,29.8,29.82
1644494400,29.82,29.84,29.76,29.8
1644496200,29.78,29.86,29.74,29.82
1644498000,29.82,29.94,29.8,29.82
1644499800,29.82,29.84,29.54,29.8
1644501600,29.8,29.84,29.68,29.7
1644503400,29.7,29.86,29.68,29.74
1644505200,29.74,29.8,29.74,29.8
1644561000,29.58,29.58,29.58,29.58
1644562800,29.58,29.82,29.58,29.64
1644564600,29.66,29.72,29.54,29.62
1644566400,29.62,30.48,29.6,30.42
1644568200,30.42,30.44,30.16,30.2
1644570000,30.2,30.22,30.02,30.1
1644571800,30.1,30.1,29.52,29.62
1644573600,29.62,29.62,28.76,29.16
1644575400,29.14,29.22,28.92,29.08
1644577200,29.06,29.18,28.62,28.72
1644579000,28.72,28.74,28.3,28.7
1644580800,28.7,28.92,28.62,28.82
1644582600,28.82,29.22,28.8,29.06
1644584400,29.06,29.36,29.04,29.22
1644586200,29.24,29.52,29.16,29.5
1644588000,29.5,29.88,29.2,29.5
1644589800,29.48,29.7,29.2,29.56
1644591600,29.62,29.62,29.62,29.62
1644820200,28.96,28.96,28.96,28.96
1644822000,28.96,29.3,28.7,28.84
1644823800,28.82,28.82,28.54,28.74
1644825600,28.74,28.8,28.42,28.48
1644827400,28.46,28.48,28.12,28.34
1644829200,28.34,28.58,28.24,28.52
1644831000,28.5,28.6,28.36,28.56
1644832800,28.56,28.66,28.42,28.66
1644834600,28.66,28.72,28.54,28.66
1644836400,28.68,28.7,28.48,28.62
1644838200,28.6,28.66,28.46,28.64
1644840000,28.64,28.68,28.46,28.5
1644841800,28.48,29.12,28.46,29.08
1644843600,29.06,29.44,29.06,29.3
1644845400,29.32,29.32,28.92,29
1644847200,29,29.12,28.8,28.82
1644849000,28.82,28.92,28.52,28.7
1644850800,28.7,28.7,28.6,28.6
1644906600,28.74,28.74,28.74,28.74
1644908400,28.76,28.92,28.74,28.78
1644910200,28.76,28.78,28.54,28.72
1644912000,28.74,29.44,28.68,29.32
1644913800,29.34,29.48,29.28,29.34
1644915600,29.34,29.56,29.32,29.5
1644917400,29.48,29.5,29.38,29.44
1644919200,29.44,29.48,29.34,29.42
1644921000,29.4,29.58,29.4,29.52
1644922800,29.5,29.6,29.5,29.5
1644924600,29.5,29.76,29.48,29.68
1644926400,29.68,29.7,29.44,29.58
1644928200,29.58,29.66,29.48,29.64
1644930000,29.66,29.68,29.54,29.64
1644931800,29.62,29.7,29.36,29.38
1644933600,29.36,29.66,29.34,29.56
1644935400,29.56,30.02,29.54,29.98
1644937200,29.96,29.98,29.96,29.96
1644993000,30.08,30.08,30.08,30.08
1644994800,30.08,30.22,29.9,29.98
1644996600,29.96,30.04,29.94,30
1644998400,29.98,30.2,29.96,30.14
1645000200,30.14,30.16,30.02,30.08
1645002000,30.08,30.12,29.78,29.92
1645003800,29.92,29.98,29.86,29.86
1645005600,29.86,29.9,29.76,29.8
1645007400,29.8,30,29.76,29.94
1645009200,29.94,29.98,29.88,29.92
1645011000,29.9,30.06,29.86,29.88
1645012800,29.9,29.94,29.84,29.9
1645014600,29.92,29.92,29.82,29.86
1645016400,29.88,29.96,29.82,29.9
1645018200,29.88,29.92,29.76,29.78
1645020000,29.78,29.78,29.54,29.7
1645021800,29.7,29.84,29.52,29.58
1645023600,29.6,29.6,29.6,29.6
1645079400,29.7,29.7,29.7,29.7
1645081200,29.72,29.82,29.64,29.74
1645083000,29.74,30.24,29.72,30.22
1645084800,30.24,30.44,29.86,29.92
1645086600,29.92,30.04,29.44,29.78
1645088400,29.76,29.84,29.64,29.7
1645090200,29.7,29.84,29.66,29.8
1645092000,29.78,29.84,29.7,29.8
1645093800,29.8,29.8,29.72,29.8
1645095600,29.8,29.96,29.58,29.66
1645097400,29.66,29.76,29.6,29.68
1645099200,29.68,29.82,29.66,29.8
1645101000,29.8,29.8,29.66,29.72
1645102800,29.72,29.74,29.42,29.56
1645104600,29.56,29.62,29.32,29.36
1645106400,29.34,29.58,29.14,29.18
1645108200,29.18,29.28,28.62,28.72
1645110000,28.74,28.74,28.74,28.74
1645165800,29.24,29.24,29.24,29.24
1645167600,29.26,29.32,29,29.06
1645169400,29.08,29.38,29.08,29.14
1645171200,29.14,29.48,29.1,29.4
1645173000,29.4,29.6,29.32,29.36
1645174800,29.34,29.38,29.18,29.24
1645176600,29.22,29.34,29.22,29.3
1645178400,29.32,29.36,29.22,29.3
1645180200,29.3,29.32,29.24,29.24
1645182000,29.26,29.34,29.12,29.2
1645183800,29.22,29.3,29.18,29.22
1645185600,29.2,29.28,29.18,29.26
1645187400,29.24,29.28,29.04,29.12
1645189200,29.14,29.14,28.7,28.84
1645191000,28.84,28.88,28.64,28.8
1645192800,28.78,28.84,28.72,28.8
1645194600,28.82,29.36,28.7,29.26
1645196400,29.24,29.4,29.24,29.4
1645425000,29.9,29.9,29.9,29.9
1645426800,29.9,29.94,29.6,29.8
1645428600,29.82,30.04,29.58,29.7
1645430400,29.7,29.92,29.66,29.86
1645432200,29.84,29.9,29.66,29.74
1645434000,29.74,29.76,29.6,29.66
1645435800,29.66,29.74,29.64,29.66
1645437600,29.66,29.7,29.44,29.52
1645439400,29.52,29.54,29.38,29.5
1645441200,29.52,29.56,29.38,29.38
1645443000,29.4,29.42,29.1,29.38
1645444800,29.38,29.52,29.26,29.52
1645446600,29.52,29.54,29.2,29.26
1645448400,29.28,29.32,28.92,29.14
1645450200,29.14,29.24,29.02,29.1
1645452000,29.1,29.76,29.08,29.52
1645453800,29.52,29.58,29.18,29.48
1645455600,29.5,29.5,29.44,29.44
1645511400,28.58,28.58,28.58,28.58
1645513200,28.56,28.58,28.28,28.4
1645515000,28.38,28.62,28.34,28.56
1645516800,28.54,28.68,28.5,28.6
1645518600,28.6,28.7,28.46,28.68
1645520400,28.68,28.74,28.64,28.68
1645522200,28.68,28.7,28.58,28.58
1645524000,28.58,28.86,28.56,28.8
1645525800,28.8,29.06,28.72,29
1645527600,29.02,29.08,28.84,28.96
1645529400,28.96,29.08,28.88,29.02
1645531200,29,29.06,28.82,29
1645533000,29,29.14,28.94,28.98
1645534800,28.98,29.14,28.94,29.06
1645536600,29.06,29.18,28.98,29.14
1645538400,29.14,29.14,28.84,28.94
1645540200,28.94,29,28.76,28.94
1645542000,28.94,28.94,28.88,28.88
1645597800,29.08,29.08,29.08,29.08
1645599600,29.08,29.18,28.96,29.02
1645601400,29.02,29.06,28.94,29
1645603200,29,29.04,28.8,28.8
1645605000,28.8,28.94,28.78,28.86
1645606800,28.84,28.94,28.78,28.94
1645608600,28.94,29.12,28.84,28.9
1645610400,28.88,28.98,28.82,28.94
1645612200,28.94,28.96,28.9,28.92
1645614000,28.9,28.92,28.8,28.84
1645615800,28.84,28.84,28.62,28.68
1645617600,28.7,28.7,28.26,28.4
1645619400,28.38,28.54,28.34,28.34
1645621200,28.36,28.4,28.24,28.3
1645623000,28.32,28.52,28.18,28.42
1645624800,28.42,28.42,28.2,28.4
1645626600,28.4,28.5,28.18,28.2
1645628400,28.18,28.18,28.08,28.08
1645684200,25.3,25.3,25.3,25.3
1645686000,25.32,25.32,25.32,25.32
1645687800,25.34,25.9,25.3,25.66
1645689600,25.66,25.84,25.48,25.62
1645691400,25.62,25.7,25.34,25.36
1645693200,25.36,25.46,25.32,25.38
1645695000,25.38,25.4,25.28,25.28
1645696800,25.28,25.28,25.28,25.28
1645698600,25.28,25.28,25.28,25.28
1645700400,25.28,25.28,25.28,25.28
1645702200,25.28,25.28,25.28,25.28
1645704000,25.28,25.28,25.28,25.28
1645705800,25.28,25.28,25.28,25.28
1645707600,25.28,25.28,25.28,25.28
1645709400,25.28,25.28,25.28,25.28
1645711200,25.28,25.28,25.28,25.28
1645713000,25.28,25.28,25.28,25.28
1645714800,25.28,25.28,25.28,25.28
1645770600,25.16,25.16,25.16,25.16
1645772400,25.14,25.44,23.92,23.92
1645774200,24.2,24.66,24.1,24.5
1645776000,24.54,25.42,24.5,25.1
1645777800,25.1,25.44,25.08,25.36
1645779600,25.36,25.76,25.24,25.54
1645781400,25.52,25.86,25.34,25.78
1645783200,25.8,26.34,25.74,26
1645785000,25.98,26.6,25.98,26.36
1645786800,26.36,26.66,26.34,26.66
1645788600,26.64,27.26,26.64,26.96
1645790400,26.96,27.26,26.76,27.06
1645792200,27.06,27.5,26.96,27.5
1645794000,27.48,27.5,27.2,27.28
1645795800,27.3,27.46,27.24,27.38
1645797600,27.38,27.54,27.28,27.44
1645799400,27.42,27.52,27.18,27.32
1645801200,27.34,27.34,27.3,27.3
1646029800,26.44,26.44,26.44,26.44
1646031600,26.44,27.02,26.3,26.58
1646033400,26.58,27.14,26.54,26.98
1646035200,26.98,27.06,26.7,26.8
1646037000,26.8,26.8,26.18,26.22
1646038800,26.24,26.56,26.14,26.54
1646040600,26.54,26.6,26.3,26.32
1646042400,26.32,26.42,26.2,26.4
1646044200,26.4,26.4,26.12,26.28
1646046000,26.28,26.42,26.28,26.4
1646047800,26.4,26.5,26.28,26.3
1646049600,26.3,26.56,26.28,26.44
1646051400,26.42,26.46,26.12,26.14
1646053200,26.14,26.18,25.44,25.58
1646055000,25.58,25.94,25.56,25.66
1646056800,25.66,25.8,25.58,25.66
1646058600,25.68,25.92,25.58,25.62
1646060400,25.62,25.62,25.6,25.62
1646116200,26.42,26.42,26.42,26.42
1646118000,26.42,26.52,26.18,26.26
1646119800,26.26,26.32,26,26.24
1646121600,26.24,26.56,26.2,26.5
1646123400,26.5,26.68,26.42,26.46
1646125200,26.46,26.46,26.08,26.12
1646127000,26.12,26.2,25.9,26.02
1646128800,26.02,26.06,25.42,25.54
1646130600,25.54,25.68,25.2,25.22
1646132400,25.22,25.5,25.2,25.34
1646134200,25.34,25.4,25.1,25.1
1646136000,25.16,25.24,24.7,25.04
1646137800,25.04,25.08,24.86,24.98
1646139600,24.98,25.02,24.74,24.86
1646141400,24.86,25.64,24.8,25.28
1646143200,25.28,25.42,25.04,25.1
1646145000,25.1,25.34,25.06,25.2
1646146800,25.26,25.26,25.26,25.26
1646202600,25.26,25.26,25.26,25.26
1646204400,25.26,25.7,25.02,25.42
1646206200,25.42,25.48,25.26,25.3
1646208000,25.3,25.34,25.12,25.22
1646209800,25.22,25.28,25,25.02
1646211600,25.04,25.2,25.02,25.18
1646213400,25.18,25.56,25.16,25.48
1646215200,25.48,25.74,25.38,25.52
1646217000,25.52,25.62,25.44,25.58
1646218800,25.6,25.68,25.22,25.28
1646220600,25.28,25.62,25.26,25.52
1646222400,25.54,26.18,25.52,26.16
1646224200,26.16,26.2,25.78,25.98
1646226000,25.98,26,25.68,25.7
1646227800,25.72,25.76,25.46,25.6
1646229600,25.6,25.82,25.5,25.76
1646231400,25.78,26.14,25.7,26
1646233200,26.02,26.02,25.98,25.98
1646289000,26.26,26.26,26.26,26.26
1646290800,26.26,26.44,26.06,26.3
1646292600,26.32,26.32,26.18,26.18
1646294400,26.18,26.22,25.8,25.98
1646296200,25.98,26.16,25.86,26.12
1646298000,26.14,26.24,26.02,26.14
1646299800,26.16,26.2,26.08,26.12
1646301600,26.1,26.14,25.92,25.96
1646303400,25.96,26.02,25.9,25.94
1646305200,25.94,25.98,25.92,25.96
1646307000,25.96,25.98,25.76,25.82
1646308800,25.8,25.92,25.8,25.88
1646310600,25.86,26.08,25.84,25.96
1646312400,25.94,26.02,25.9,25.94
1646314200,25.94,26.36,25.92,26.34
1646316000,26.34,26.5,26.1,26.16
1646317800,26.16,26.18,25.78,26.02
1646319600,26.02,26.02,25.94,25.94
1646375400,25.66,25.66,25.66,25.66
1646377200,25.64,25.86,25.56,25.64
1646379000,25.64,25.88,25.62,25.8
1646380800,25.78,25.86,25.54,25.58
1646382600,25.58,25.58,25.46,25.5
1646384400,25.48,25.56,25.28,25.34
1646386200,25.34,25.38,25.16,25.32
1646388000,25.32,25.36,25.24,25.34
1646389800,25.32,25.4,25.28,25.3
1646391600,25.3,25.48,25.26,25.46
1646393400,25.44,25.48,25.36,25.42
1646395200,25.44,25.44,25.26,25.28
1646397000,25.26,25.38,25.26,25.34
1646398800,25.34,25.36,25.26,25.32
1646400600,25.34,25.4,25.26,25.32
1646402400,25.3,25.66,25.3,25.48
1646404200,25.5,25.5,25.28,25.3
1646406000,25.3,25.3,25.3,25.3
1646634600,24.9,24.9,24.9,24.9
1646636400,24.9,25.26,24.8,25.18
1646638200,25.18,25.2,24.98,25.02
1646640000,25.02,25.08,24.64,24.68
1646641800,24.68,24.72,24.62,24.7
1646643600,24.72,24.82,24.66,24.76
1646645400,24.78,24.78,24.62,24.72
1646647200,24.72,24.78,24.54,24.7
1646649000,24.7,24.82,24.66,24.68
1646650800,24.68,24.78,24.5,24.74
1646652600,24.76,25.04,24.7,24.88
1646654400,24.9,25.22,24.86,25.18
1646656200,25.18,25.56,25.16,25.5
1646658000,25.5,25.54,25.2,25.36
1646659800,25.36,25.8,25.34,25.78
1646661600,25.78,26.08,25.68,25.9
1646663400,25.92,25.98,25.66,25.92
1646665200,25.92,25.92,25.9,25.9
1646721000,25.52,25.52,25.52,25.52
1646722800,25.52,25.72,25.32,25.4
1646724600,25.4,25.46,25.28,25.42
1646726400,25.4,25.68,25.34,25.64
1646728200,25.64,26.14,25.5,25.9
1646730000,25.88,26.24,25.88,26.18
1646731800,26.18,26.28,25.92,26
1646733600,26,26,25.8,25.94
1646735400,25.94,26.04,25.86,25.94
1646737200,25.92,26.06,25.92,26.06
1646739000,26.06,26.06,25.9,25.98
1646740800,25.98,26.18,25.94,26
1646742600,26,26.06,25.92,26
1646744400,25.98,26.02,25.74,25.84
1646746200,25.86,25.9,25.78,25.84
1646748000,25.84,25.88,25.78,25.82
1646749800,25.84,25.84,25.48,25.5
1646751600,25.5,25.5,25.3,25.3
1646807400,25.9,25.9,25.9,25.9
1646809200,25.88,26.08,25.8,26.04
1646811000,26.04,26.28,25.96,26.14
1646812800,26.14,26.48,26.12,26.28
1646814600,26.3,26.48,26.18,26.22
1646816400,26.22,26.28,26.06,26.12
1646818200,26.1,26.22,26.08,26.12
1646820000,26.1,26.16,25.86,25.98
1646821800,25.96,26.24,25.96,26.22
1646823600,26.24,26.36,26.08,26.1
1646825400,26.12,26.12,25.82,25.94
1646827200,25.94,26.06,25.94,26.02
1646829000,26.02,26.04,25.84,25.94
1646830800,25.96,26.06,25.94,26.04
1646832600,26.04,26.3,26,26.1
1646834400,26.08,26.26,25.92,26.26
1646836200,26.26,26.3,26.02,26.16
1646838000,26.16,26.16,26.14,26.14
1646893800,26.54,26.54,26.54,26.54
1646895600,26.54,26.8,26.4,26.54
1646897400,26.52,26.6,26.46,26.52
1646899200,26.52,26.54,26.34,26.36
1646901000,26.36,26.44,26.28,26.34
1646902800,26.34,26.56,26.34,26.42
1646904600,26.44,26.48,26.1,26.24
1646906400,26.24,26.32,26,26.22
1646908200,26.22,26.24,26.1,26.12
1646910000,26.12,26.12,25.86,26.06
1646911800,26.04,26.06,25.9,25.96
1646913600,25.94,26.02,25.88,26
1646915400,26,26,25.74,25.88
1646917200,25.88,25.88,25.7,25.78
1646919000,25.8,25.92,25.78,25.88
1646920800,25.88,25.94,25.78,25.86
1646922600,25.86,25.88,25.68,25.74
1646924400,25.74,25.74,25.74,25.74
1646980200,25.72,25.72,25.72,25.72
1646982000,25.72,26.14,25.62,26.08
1646983800,26.08,26.24,26.04,26.22
1646985600,26.22,26.4,26.16,26.38
1646987400,26.38,26.42,26.28,26.32
1646989200,26.32,26.36,26.12,26.18
1646991000,26.18,26.2,26.08,26.18
1646992800,26.18,26.22,26.1,26.16
1646994600,26.16,26.16,26,26.06
1646996400,26.04,26.7,26.02,26.64
1646998200,26.64,26.92,26.48,26.76
1647000000,26.76,26.82,26.68,26.76
1647001800,26.76,26.86,26.46,26.58
1647003600,26.6,26.8,26.58,26.74
1647005400,26.74,26.94,26.66,26.88
1647007200,26.88,26.94,26.62,26.66
1647009000,26.64,26.68,26.44,26.46
1647010800,26.46,26.46,26.42,26.42
1647239400,26.6,26.6,26.6,26.6
1647241200,26.6,26.76,26.48,26.58
1647243000,26.56,26.76,26.54,26.68
1647244800,26.66,26.76,26.66,26.7
1647246600,26.7,26.76,26.68,26.72
1647248400,26.72,26.88,26.68,26.82
1647250200,26.84,26.88,26.76,26.84
1647252000,26.82,26.92,26.82,26.84
1647253800,26.82,26.86,26.78,26.82
1647255600,26.82,26.86,26.78,26.8
1647257400,26.8,26.84,26.72,26.76
1647259200,26.76,26.78,26.64,26.7
1647261000,26.7,26.72,26.62,26.64
1647262800,26.64,26.72,26.62,26.7
1647264600,26.68,26.7,26.58,26.6
1647266400,26.6,26.74,26.56,26.72
1647268200,26.74,26.74,26.6,26.62
1647270000,26.62,26.62,26.62,26.62
1647325800,26.68,26.68,26.68,26.68
1647327600,26.68,26.82,26.6,26.66
1647329400,26.66,26.68,26.6,26.62
1647331200,26.6,26.68,26.4,26.46
1647333000,26.44,26.5,26.34,26.38
1647334800,26.38,26.44,26.34,26.44
1647336600,26.42,26.5,26.42,26.44
1647338400,26.46,26.52,26.42,26.46
1647340200,26.44,26.52,26.44,26.48
1647342000,26.46,26.54,26.46,26.5
1647343800,26.5,26.6,26.48,26.6
1647345600,26.6,27.08,26.58,27.02
1647347400,27.02,27.5,27,27.5
1647349200,27.5,27.74,27.46,27.62
1647351000,27.62,27.92,27.6,27.84
1647352800,27.86,27.96,27.62,27.78
1647354600,27.8,27.8,27.5,27.66
1647356400,27.66,27.66,27.66,27.66
1647412200,27.84,27.84,27.84,27.84
1647414000,27.84,27.88,27.6,27.76
1647415800,27.76,27.82,27.7,27.8
1647417600,27.8,28.16,27.78,27.94
1647419400,27.94,28.26,27.76,27.8
1647421200,27.78,27.9,27.76,27.86
1647423000,27.86,27.92,27.72,27.76
1647424800,27.78,27.88,27.74,27.82
1647426600,27.84,28.02,27.78,27.84
1647428400,27.84,27.86,27.8,27.86
1647430200,27.84,27.96,27.84,27.9
1647432000,27.9,28,27.84,27.88
1647433800,27.86,27.9,27.72,27.74
1647435600,27.74,27.76,27.58,27.68
1647437400,27.68,27.8,27.68,27.7
1647439200,27.72,27.86,27.64,27.72
1647441000,27.72,27.8,27.62,27.72
1647442800,27.7,27.7,27.7,27.7
1647498600,28,28,28,28
1647500400,28.02,28.08,27.9,28
1647502200,28,28.08,27.9,28.08
1647504000,28.08,28.12,27.94,27.98
1647505800,27.98,28,27.82,27.84
1647507600,27.84,27.94,27.84,27.88
1647509400,27.88,27.9,27.8,27.88
1647511200,27.88,27.9,27.74,27.84
1647513000,27.82,27.88,27.76,27.82
1647514800,27.82,27.94,27.76,27.84
1647516600,27.84,27.92,27.82,27.84
1647518400,27.82,27.94,27.78,27.88
1647520200,27.9,27.9,27.84,27.86
1647522000,27.84,27.88,27.74,27.84
1647523800,27.82,27.9,27.76,27.8
1647525600,27.8,27.88,27.76,27.82
1647527400,27.8,27.86,27.74,27.84
1647529200,27.86,27.86,27.86,27.86
1647585000,27.88,27.88,27.88,27.88
1647586800,27.88,27.94,27.8,27.88
1647588600,27.86,28.32,27.84,28.16
1647590400,28.14,28.2,28.04,28.06
1647592200,28.04,28.06,27.98,28
1647594000,28,28.06,27.94,28
1647595800,28.02,28.08,27.98,28
1647597600,28.02,28.08,28,28.08
1647599400,28.06,28.08,28.02,28.06
1647601200,28.06,28.12,28,28.08
1647603000,28.08,28.1,28.02,28.06
1647604800,28.06,28.06,27.98,28.02
1647606600,28.02,28.06,27.92,27.94
1647608400,27.92,27.92,27.64,27.7
1647610200,27.72,27.84,27.68,27.8
1647612000,27.8,27.86,27.7,27.8
1647613800,27.82,27.82,27.72,27.76
1647615600,27.78,27.78,27.72,27.72
1647844200,27.9,27.9,27.9,27.9
1647846000,27.9,28,27.84,27.9
1647847800,27.9,28.08,27.88,28.04
1647849600,28.06,28.1,27.94,27.96
1647851400,27.96,28.02,27.94,27.96
1647853200,27.96,27.98,27.84,27.88
1647855000,27.9,27.94,27.88,27.92
1647856800,27.9,27.96,27.9,27.92
1647858600,27.9,27.96,27.86,27.9
1647860400,27.9,27.92,27.88,27.88
1647862200,27.88,27.98,27.88,27.92
1647864000,27.94,27.94,27.86,27.88
1647865800,27.88,27.9,27.86,27.88
1647867600,27.88,27.96,27.86,27.92
1647869400,27.92,28,27.86,27.88
1647871200,27.86,27.9,27.78,27.8
1647873000,27.8,27.92,27.76,27.9
1647874800,27.9,27.92,27.9,27.92
1647930600,27.92,27.92,27.92,27.92
1647932400,27.94,28.26,27.88,28.22
1647934200,28.22,28.3,28.18,28.22
1647936000,28.22,28.44,28.22,28.4
1647937800,28.4,28.42,28.24,28.3
1647939600,28.32,28.42,28.3,28.38
1647941400,28.38,28.56,28.32,28.5
1647943200,28.5,28.52,28.4,28.42
1647945000,28.42,28.42,28.32,28.34
1647946800,28.34,28.44,28.32,28.36
1647948600,28.38,28.42,28.36,28.38
1647950400,28.4,28.48,28.36,28.46
1647952200,28.48,28.48,28.36,28.38
1647954000,28.38,28.48,28.36,28.42
1647955800,28.42,28.58,28.4,28.52
1647957600,28.52,28.52,28.4,28.46
1647959400,28.46,28.64,28.44,28.54
1647961200,28.52,28.54,28.52,28.52
1648017000,28.64,28.64,28.64,28.64
1648018800,28.64,28.72,28.52,28.64
1648020600,28.66,28.7,28.52,28.58
1648022400,28.58,28.74,28.54,28.6
1648024200,28.6,28.64,28.56,28.58
1648026000,28.58,28.64,28.54,28.56
1648027800,28.56,28.62,28.48,28.56
1648029600,28.56,28.64,28.54,28.58
1648031400,28.6,28.64,28.58,28.62
1648033200,28.62,28.62,28.58,28.6
1648035000,28.6,28.64,28.58,28.58
1648036800,28.6,28.6,28.52,28.52
1648038600,28.54,28.54,28.2,28.36
1648040400,28.36,28.38,28.2,28.32
1648042200,28.32,28.42,28.1,28.38
1648044000,28.38,28.44,28.28,28.3
1648045800,28.3,28.34,28.18,28.2
1648047600,28.1,28.1,28.1,28.1
1648103400,28.22,28.22,28.22,28.22
1648105200,28.22,28.4,28.18,28.28
1648107000,28.28,28.36,28.26,28.36
1648108800,28.34,28.38,28.28,28.3
1648110600,28.28,28.34,28.28,28.3
1648112400,28.32,28.5,28.28,28.3
1648114200,28.28,28.34,28.24,28.3
1648116000,28.3,28.32,28.12,28.16
1648117800,28.16,28.18,28,28.1
1648119600,28.12,28.14,28.02,28.12
1648121400,28.12,28.14,28,28.1
1648123200,28.1,28.12,28.04,28.08
1648125000,28.06,28.14,28.06,28.08
1648126800,28.08,28.12,28.04,28.08
1648128600,28.1,28.16,28.02,28.06
1648130400,28.08,28.1,27.92,28.04
1648132200,28.04,28.22,28.02,28.08
1648134000,28.12,28.12,28.12,28.12
1648189800,28.3,28.3,28.3,28.3
1648191600,28.3,28.36,28.18,28.22
1648193400,28.2,28.38,28.2,28.34
1648195200,28.34,28.38,28.26,28.26
1648197000,28.26,28.34,28.16,28.26
1648198800,28.24,28.28,28.22,28.24
1648200600,28.24,28.26,28.22,28.24
1648202400,28.24,28.28,28.22,28.24
1648204200,28.22,28.26,28.18,28.22
1648206000,28.22,28.24,28.2,28.24
1648207800,28.24,28.4,28.2,28.34
1648209600,28.34,28.34,28.24,28.3
1648211400,28.3,28.34,28.26,28.3
1648213200,28.3,28.32,28.24,28.28
1648215000,28.26,28.32,28.26,28.3
1648216800,28.3,28.3,28.22,28.3
1648218600,28.3,28.36,27.98,28.16
1648220400,28.16,28.18,28.14,28.16
1648449000,28.46,28.46,28.46,28.46
1648450800,28.46,28.96,28.46,28.74
1648452600,28.76,28.8,28.64,28.66
1648454400,28.66,28.74,28.64,28.74
1648456200,28.72,28.92,28.72,28.9
1648458000,28.92,29.12,28.8,29.1
1648459800,29.1,29.22,29.06,29.1
1648461600,29.1,29.18,29.04,29.08
1648463400,29.08,29.24,29.08,29.16
1648465200,29.16,29.24,29.1,29.2
1648467000,29.2,29.2,28.98,29.06
1648468800,29.04,29.18,29,29.02
1648470600,29.04,29.14,28.92,29.12
1648472400,29.12,29.14,28.9,28.94
1648474200,28.94,29.12,28.92,29.12
1648476000,29.12,29.12,28.88,28.94
1648477800,28.94,29.16,28.88,29.06
1648479600,29.06,29.06,29.06,29.06
1648535400,29.38,29.38,29.38,29.38
1648537200,29.36,29.44,29.26,29.38
1648539000,29.36,29.42,29.34,29.36
1648540800,29.36,29.4,29.28,29.34
1648542600,29.32,29.4,29.32,29.34
1648544400,29.36,29.48,29.34,29.36
1648546200,29.36,29.44,29.36,29.36
1648548000,29.38,29.4,29.36,29.36
1648549800,29.38,29.42,29.36,29.4
1648551600,29.42,29.42,29.32,29.34
1648553400,29.34,30.26,29.28,30.12
1648555200,30.12,31.52,30.06,31.34
1648557000,31.36,31.78,31.26,31.4
1648558800,31.42,31.52,31.12,31.16
1648560600,31.16,31.36,31.1,31.18
1648562400,31.18,31.5,31.16,31.38
1648564200,31.4,31.8,31.32,31.58
1648566000,31.56,31.64,31.56,31.64
1648621800,31.62,31.62,31.62,31.62
1648623600,31.6,32.1,31.18,31.5
1648625400,31.5,31.56,31.42,31.52
1648627200,31.5,31.56,31.3,31.32
1648629000,31.3,31.42,31.28,31.38
1648630800,31.36,31.54,31.36,31.48
1648632600,31.5,31.74,31.48,31.66
1648634400,31.66,31.66,31.5,31.52
1648636200,31.52,31.64,31.52,31.58
1648638000,31.6,31.62,31.52,31.56
1648639800,31.58,31.62,31.5,31.58
1648641600,31.56,31.6,31.42,31.58
1648643400,31.6,32.1,31.58,32
1648645200,32,32.06,31.76,31.9
1648647000,31.9,31.92,31.78,31.86
1648648800,31.84,32.2,31.8,32.08
1648650600,32.08,32.26,31.9,32.18
1648652400,32.18,32.18,32.18,32.18
1648708200,32.34,32.34,32.34,32.34
1648710000,32.34,32.72,32.08,32.64
1648711800,32.64,32.84,32.5,32.52
1648713600,32.52,32.58,32.32,32.38
1648715400,32.4,32.44,32.34,32.34
1648717200,32.34,32.4,32.26,32.34
1648719000,32.34,32.48,32.32,32.44
1648720800,32.42,32.44,32.34,32.38
1648722600,32.36,32.66,32.28,32.62
1648724400,32.62,32.66,32.42,32.56
1648726200,32.56,32.7,32.5,32.64
1648728000,32.64,32.74,32.62,32.66
1648729800,32.66,32.7,32.56,32.66
1648731600,32.68,32.88,32.56,32.62
1648733400,32.62,32.62,32.36,32.54
1648735200,32.52,32.54,32.34,32.44
1648737000,32.44,32.52,32,32.26
1648738800,32.26,32.26,32.24,32.26
1648794600,32.48,32.48,32.48,32.48
1648796400,32.46,33.22,32.36,33.12
1648798200,33.12,33.14,32.88,33.02
1648800000,33.04,33.1,33,33.04
1648801800,33.04,33.06,32.88,32.92
1648803600,32.9,32.96,32.76,32.88
1648805400,32.86,33,32.84,32.96
1648807200,32.96,32.98,32.76,32.86
1648809000,32.86,32.88,32.62,32.7
1648810800,32.7,32.78,32.68,32.74
1648812600,32.72,32.78,32.68,32.74
1648814400,32.76,32.82,32.68,32.78
1648816200,32.78,32.78,32.64,32.72
1648818000,32.7,32.8,32.68,32.78
1648819800,32.76,32.76,32.64,32.74
1648821600,32.72,32.74,32.64,32.68
1648823400,32.7,32.92,32.62,32.78
1648825200,32.78,32.78,32.78,32.78
1649053800,32.88,32.88,32.88,32.88
1649055600,32.9,33.12,32.88,32.98
1649057400,32.96,33.02,32.78,32.86
1649059200,32.86,33,32.74,32.94
1649061000,32.94,33.08,32.94,32.98
1649062800,33,33.02,32.94,33
1649064600,33,33.04,32.9,32.98
1649066400,32.98,33,32.9,32.92
1649068200,32.94,33.06,32.92,33.02
1649070000,33.02,33.1,32.96,33.04
1649071800,33.02,33.04,32.88,32.98
1649073600,33,33.18,32.96,33.16
1649075400,33.16,33.34,33.14,33.28
1649077200,33.28,33.3,33.16,33.28
1649079000,33.26,33.34,33.22,33.26
1649080800,33.24,33.3,33.02,33.14
1649082600,33.16,33.48,33.14,33.38
1649084400,33.38,33.46,33.36,33.46
1649140200,33.76,33.76,33.76,33.76
1649142000,33.76,34.3,33.6,34.16
1649143800,34.16,34.46,33.94,34.34
1649145600,34.34,34.44,34.3,34.4
1649147400,34.42,34.46,34.32,34.4
1649149200,34.38,34.78,34.36,34.68
1649151000,34.7,34.98,34.64,34.86
1649152800,34.86,34.88,34.66,34.68
1649154600,34.66,34.76,34.58,34.7
1649156400,34.7,34.88,34.7,34.84
1649158200,34.84,35.26,34.82,35.18
1649160000,35.18,35.22,35.04,35.08
1649161800,35.08,35.08,34.88,34.94
1649163600,34.92,34.96,34.74,34.76
1649165400,34.76,34.82,34.34,34.44
1649167200,34.46,34.5,33.72,34.28
1649169000,34.26,34.6,34.18,34.58
1649170800,34.58,34.58,34.5,34.5
1649226600,35,35,35,35
1649228400,35,35.08,34.74,34.88
1649230200,34.86,34.94,34.6,34.78
1649232000,34.76,34.82,34.54,34.74
1649233800,34.74,34.94,34.74,34.9
1649235600,34.9,34.94,34.8,34.9
1649237400,34.92,34.94,34.84,34.9
1649239200,34.88,34.9,34.82,34.88
1649241000,34.9,34.92,34.74,34.82
1649242800,34.8,34.86,34.72,34.86
1649244600,34.84,34.86,34.64,34.76
1649246400,34.78,34.86,34.7,34.8
1649248200,34.8,35.02,34.74,34.8
1649250000,34.8,34.86,34.66,34.74
1649251800,34.74,34.76,34.26,34.46
1649253600,34.44,34.66,34.36,34.64
1649255400,34.64,34.7,34.5,34.62
1649257200,34.6,34.62,34.58,34.62
1649313000,34.88,34.88,34.88,34.88
1649314800,34.86,34.92,34.38,34.74
1649316600,34.72,34.74,34.64,34.7
1649318400,34.68,34.72,34.64,34.7
1649320200,34.7,34.74,34.66,34.74
1649322000,34.72,34.74,34.68,34.7
1649323800,34.72,34.72,34.64,34.7
1649325600,34.68,34.72,34.66,34.7
1649327400,34.7,34.72,34.66,34.68
1649329200,34.68,34.86,34.58,34.66
1649331000,34.66,34.78,34.62,34.72
1649332800,34.72,34.74,34.66,34.72
1649334600,34.72,34.78,34.68,34.7
1649336400,34.7,34.72,34.64,34.68
1649338200,34.7,35.22,34.66,35.1
1649340000,35.1,35.38,35.06,35.24
1649341800,35.24,35.64,35.22,35.64
1649343600,35.62,35.62,35.62,35.62
1649399400,35.8,35.8,35.8,35.8
1649401200,35.8,35.84,35.52,35.62
1649403000,35.62,35.68,35.54,35.68
1649404800,35.66,35.68,35.42,35.46
1649406600,35.44,35.56,35.36,35.54
1649408400,35.54,35.64,35.52,35.6
1649410200,35.6,35.68,35.56,35.66
1649412000,35.64,35.7,35.6,35.62
1649413800,35.64,35.72,35.62,35.66
1649415600,35.66,35.68,35.3,35.44
1649417400,35.44,35.48,35.26,35.34
1649419200,35.32,35.34,35.16,35.28
1649421000,35.28,35.28,35.1,35.18
1649422800,35.18,35.24,34.96,35.22
1649424600,35.22,35.46,35.2,35.34
1649426400,35.34,35.42,35.26,35.28
1649428200,35.3,35.42,35.24,35.36
1649430000,35.34,35.34,35.32,35.32
1649658600,35.36,35.36,35.36,35.36
1649660400,35.34,35.86,35.14,35.48
1649662200,35.48,35.5,35.36,35.42
1649664000,35.42,35.54,35.38,35.44
1649665800,35.44,35.48,35.26,35.34
1649667600,35.34,35.5,35.24,35.44
1649669400,35.44,36.52,35.42,36.46
1649671200,36.46,36.96,36.44,36.62
1649673000,36.62,36.72,36.5,36.7
1649674800,36.7,36.76,36.64,36.7
1649676600,36.68,36.9,36.6,36.68
1649678400,36.68,36.7,36.36,36.46
1649680200,36.44,36.52,36.2,36.42
1649682000,36.4,36.5,36.3,36.48
1649683800,36.46,36.52,36.34,36.44
1649685600,36.42,36.68,36.24,36.32
1649687400,36.32,36.46,36.2,36.26
1649689200,36.26,36.26,36.16,36.16
1649745000,36.26,36.26,36.26,36.26
1649746800,36.26,36.72,36.12,36.68
1649748600,36.66,36.82,36.46,36.68
1649750400,36.68,36.8,36.6,36.66
1649752200,36.66,36.78,36.58,36.66
1649754000,36.64,36.7,36.44,36.68
1649755800,36.66,36.72,36.64,36.66
1649757600,36.66,36.78,36.58,36.66
1649759400,36.66,36.7,36.62,36.64
1649761200,36.64,37.26,36.64,37.18
1649763000,37.18,37.42,36.96,37.32
1649764800,37.3,37.38,37.18,37.36
1649766600,37.36,37.5,37.32,37.46
1649768400,37.46,37.5,37.16,37.24
1649770200,37.26,37.3,37.04,37.12
1649772000,37.12,37.18,36.96,37.12
1649773800,37.1,37.3,37,37.16
1649775600,37.18,37.24,37.16,37.24
1649831400,37.5,37.5,37.5,37.5
1649833200,37.52,37.54,37.18,37.22
1649835000,37.2,37.34,37.16,37.3
1649836800,37.3,37.36,37.24,37.28
1649838600,37.28,37.5,37.26,37.38
1649840400,37.38,37.42,37.28,37.32
1649842200,37.32,37.4,37.3,37.36
1649844000,37.36,37.46,37.12,37.28
1649845800,37.28,37.32,37.24,37.32
1649847600,37.3,37.38,37.26,37.28
1649849400,37.28,37.38,37.28,37.34
1649851200,37.34,37.38,37.2,37.26
1649853000,37.26,37.26,36.54,36.66
1649854800,36.66,36.78,36.28,36.72
1649856600,36.7,37.22,36.64,37.16
1649858400,37.18,37.3,36.96,37.18
1649860200,37.18,37.2,36.82,37.04
1649862000,37.02,37.02,36.98,36.98
1649917800,37.7,37.7,37.7,37.7
1649919600,37.72,38.14,37.5,38.04
1649921400,38.04,38.04,37.6,37.7
1649923200,37.7,37.74,37.28,37.34
1649925000,37.32,37.34,37.18,37.28
1649926800,37.26,37.26,36.82,36.92
1649928600,36.92,37.12,36.92,37.06
1649930400,37.06,37.14,37.02,37.12
1649932200,37.12,37.16,37.04,37.12
1649934000,37.12,37.28,37.1,37.26
1649935800,37.26,37.28,37.06,37.18
1649937600,37.18,37.24,37.12,37.2
1649939400,37.2,37.34,37.06,37.24
1649941200,37.24,37.3,37.2,37.3
1649943000,37.3,37.58,37.3,37.36
1649944800,37.36,37.5,37.26,37.34
1649946600,37.34,37.36,37.16,37.26
1649948400,37.36,37.36,37.36,37.36
1650004200,37.36,37.36,37.36,37.36
1650006000,37.36,37.8,37.24,37.54
1650007800,37.54,37.64,37.42,37.46
1650009600,37.44,37.66,37.38,37.54
1650011400,37.52,37.56,37.32,37.38
1650013200,37.36,37.48,37.36,37.42
1650015000,37.44,37.46,37.38,37.42
1650016800,37.42,37.42,37.3,37.4
1650018600,37.4,37.46,37.36,37.4
1650020400,37.38,37.46,37.38,37.42
1650022200,37.4,37.46,37.3,37.38
1650024000,37.4,37.44,37.36,37.44
1650025800,37.44,37.66,37.36,37.66
1650027600,37.68,37.7,37.4,37.48
1650029400,37.46,37.58,37.44,37.54
1650031200,37.54,37.58,37.42,37.54
1650033000,37.52,37.96,37.5,37.72
1650034800,37.74,37.74,37.74,37.74
1650263400,37.98,37.98,37.98,37.98
1650265200,37.96,37.98,37.6,37.7
1650267000,37.7,37.72,37.5,37.64
1650268800,37.62,37.84,37.56,37.74
1650270600,37.76,38.06,37.74,37.88
1650272400,37.88,37.88,37.76,37.78
1650274200,37.8,37.9,37.78,37.86
1650276000,37.86,37.88,37.74,37.84
1650277800,37.82,37.86,37.78,37.8
1650279600,37.82,37.9,37.78,37.9
1650281400,37.9,37.9,37.8,37.84
1650283200,37.84,37.88,37.76,37.82
1650285000,37.8,37.86,37.78,37.8
1650286800,37.8,37.82,37.72,37.76
1650288600,37.76,37.82,37.74,37.78
1650290400,37.78,37.84,37.72,37.82
1650292200,37.82,37.84,37.64,37.7
1650294000,37.7,37.7,37.64,37.64
1650349800,37.82,37.82,37.82,37.82
1650351600,37.84,38.12,37.64,38.08
1650353400,38.08,38.08,37.9,37.98
1650355200,37.96,38,37.78,37.9
1650357000,37.88,37.92,37.8,37.8
1650358800,37.82,37.88,37.8,37.84
1650360600,37.82,37.9,37.82,37.86
1650362400,37.84,37.9,37.82,37.88
1650364200,37.86,37.88,37.8,37.84
1650366000,37.84,37.9,37.82,37.88
1650367800,37.86,38.04,37.82,37.94
1650369600,37.94,37.96,37.7,37.84
1650371400,37.86,37.9,37.7,37.74
1650373200,37.72,37.76,37.48,37.72
1650375000,37.72,37.8,37.58,37.72
1650376800,37.74,38.28,37.68,38.12
1650378600,38.14,38.68,38.12,38.68
1650380400,38.68,38.76,38.68,38.76
1650436200,38.82,38.82,38.82,38.82
1650438000,38.82,39.56,38.56,39.48
1650439800,39.46,39.58,39.12,39.18
1650441600,39.16,39.22,38.7,38.88
1650443400,38.88,38.98,38.84,38.88
1650445200,38.86,38.94,38.82,38.86
1650447000,38.86,38.94,38.82,38.84
1650448800,38.86,38.86,38.72,38.84
1650450600,38.84,38.84,38.76,38.84
1650452400,38.84,38.88,38.74,38.82
1650454200,38.8,38.92,38.72,38.9
1650456000,38.88,38.92,38.84,38.9
1650457800,38.9,38.94,38.82,38.88
1650459600,38.88,39,38.8,38.94
1650461400,38.96,39,38.74,38.84
1650463200,38.84,38.94,38.8,38.84
1650465000,38.86,39,38.78,38.86
1650466800,38.86,38.86,38.86,38.86
1650522600,38.88,38.88,38.88,38.88
1650524400,38.88,39.06,38.62,38.94
1650526200,38.92,39.2,38.88,39.16
1650528000,39.16,39.26,39.06,39.18
1650529800,39.2,39.4,39.16,39.36
1650531600,39.38,39.4,39.32,39.38
1650533400,39.38,39.64,39.34,39.6
1650535200,39.6,39.82,39.56,39.76
1650537000,39.74,39.82,39.7,39.74
1650538800,39.76,39.92,39.72,39.86
1650540600,39.86,39.96,39.82,39.84
1650542400,39.84,39.88,39.78,39.86
1650544200,39.86,39.88,39.78,39.88
1650546000,39.86,40.04,39.84,39.94
1650547800,39.96,40.1,39.94,39.98
1650549600,40,40.22,39.94,40.18
1650551400,40.16,40.24,40.08,40.14
1650553200,40.18,40.18,40.18,40.18
1650609000,40.02,40.02,40.02,40.02
1650610800,40.02,40.52,39.74,39.78
1650612600,39.76,39.94,39.7,39.92
1650614400,39.92,39.98,39.86,39.94
1650616200,39.92,39.94,39.8,39.84
1650618000,39.82,39.9,39.8,39.86
1650619800,39.86,40.08,39.86,39.86
1650621600,39.86,39.92,39.86,39.88
1650623400,39.88,39.94,39.86,39.9
1650625200,39.88,40.12,39.86,40.08
1650627000,40.1,40.58,40.06,40.54
1650628800,40.54,41.4,40.46,41.2
1650630600,41.24,41.24,40.86,41.2
1650632400,41.18,41.2,40.98,41.04
1650634200,41.02,41.38,40.76,41.34
1650636000,41.36,41.44,40.22,40.72
1650637800,40.7,40.8,39.28,39.66
1650639600,39.58,39.74,39.58,39.74
1650868200,39.7,39.7,39.7,39.7
1650870000,39.68,39.84,38.86,39.28
1650871800,39.26,39.48,39.1,39.26
1650873600,39.26,39.32,39.16,39.24
1650875400,39.24,39.34,38.92,39.1
1650877200,39.1,39.14,38.96,39.1
1650879000,39.1,39.12,39,39.08
1650880800,39.08,39.16,39.04,39.1
1650882600,39.08,39.1,38.94,39.08
1650884400,39.06,39.32,39.04,39.28
1650886200,39.26,39.66,39.26,39.58
1650888000,39.58,40.06,39.5,39.6
1650889800,39.6,39.9,39.58,39.82
1650891600,39.82,39.84,39.6,39.66
1650893400,39.66,39.84,39.38,39.44
1650895200,39.42,39.82,39.3,39.72
1650897000,39.72,39.86,39.52,39.56
1650898800,39.6,39.6,39.6,39.6
1650954600,40.02,40.02,40.02,40.02
1650956400,40.04,40.84,39.74,40.84
1650958200,40.84,41.04,40.78,41
1650960000,41,41.24,40.98,41.08
1650961800,41.08,41.14,40.7,40.84
1650963600,40.86,40.86,40.62,40.66
1650965400,40.68,40.7,40.34,40.4
1650967200,40.4,40.48,40.2,40.3
1650969000,40.3,40.38,39.92,40.04
1650970800,40.04,40.06,39.62,39.94
1650972600,39.94,40.02,39.82,40
1650974400,40,40.2,39.96,40.08
1650976200,40.08,40.26,40,40.08
1650978000,40.06,40.22,39.88,39.96
1650979800,39.98,40,39.2,39.48
1650981600,39.5,39.58,38.7,39.34
1650983400,39.34,39.36,38.64,39.06
1650985200,39.1,39.1,39.1,39.1
1651041000,39.36,39.36,39.36,39.36
1651042800,39.34,39.42,38.76,38.88
1651044600,38.86,39.22,38.82,39.18
1651046400,39.16,39.3,38.96,39.08
1651048200,39.08,39.16,38.9,39.14
1651050000,39.14,39.18,38.86,38.98
1651051800,39,39,38.44,38.68
1651053600,38.68,38.82,38.5,38.66
1651055400,38.68,39.02,38.64,38.96
1651057200,38.98,39,38.84,38.86
1651059000,38.88,39.3,38.84,39.12
1651060800,39.14,39.7,39.1,39.58
1651062600,39.58,39.68,39.26,39.38
1651064400,39.4,39.58,39.22,39.5
1651066200,39.5,40.04,39.44,39.96
1651068000,39.96,40,39.64,39.78
1651069800,39.78,40.52,39.58,40.44
1651071600,40.42,40.5,40.42,40.5
1651127400,41.5,41.5,41.5,41.5
1651129200,41.5,41.78,41.12,41.62
1651131000,41.62,41.72,41.2,41.36
1651132800,41.38,41.48,40.92,41.14
1651134600,41.14,41.24,41,41.18
1651136400,41.16,41.32,41.08,41.16
1651138200,41.16,41.22,41.02,41.08
1651140000,41.06,41.14,40.96,41.04
1651141800,41.02,41.26,41,41.2
1651143600,41.18,41.62,40.94,41.52
1651145400,41.52,41.56,41.12,41.32
1651147200,41.34,41.52,41.24,41.36
1651149000,41.36,41.52,41.32,41.38
1651150800,41.38,41.44,41.06,41.14
1651152600,41.14,41.14,40.38,40.5
1651154400,40.5,40.98,40.4,40.68
1651156200,40.66,40.74,40.4,40.62
1651158000,40.5,40.5,40.5,40.5
1651213800,40.78,40.78,40.78,40.78
1651215600,40.78,41.34,40.6,41.2
1651217400,41.18,41.24,41,41.16
1651219200,41.16,41.22,40.88,41
1651221000,41,41.02,40.84,40.84
1651222800,40.84,40.88,40.56,40.66
1651224600,40.68,40.68,40.48,40.54
1651226400,40.56,40.6,40.3,40.42
1651228200,40.42,40.58,40.32,40.56
1651230000,40.54,40.84,40.5,40.56
1651231800,40.54,40.66,40.48,40.58
1651233600,40.58,40.76,40.52,40.7
1651235400,40.7,40.74,40.54,40.58
1651237200,40.56,40.64,40.38,40.6
1651239000,40.58,41.46,40.56,41.4
1651240800,41.4,41.62,41.02,41.04
1651242600,41.04,41.46,40.98,41.36
1651244400,41.36,41.36,41.26,41.26
1651732200,41.98,41.98,41.98,41.98
1651734000,41.98,42.32,41.82,42.28
1651735800,42.26,42.28,42.16,42.28
1651737600,42.28,42.28,42.16,42.18
1651739400,42.18,42.3,42.14,42.24
1651741200,42.24,42.28,42.16,42.2
1651743000,42.2,42.24,42.2,42.24
1651744800,42.22,42.3,42.22,42.26
1651746600,42.28,42.54,42.26,42.5
1651748400,42.5,42.6,42.46,42.52
1651750200,42.5,42.54,42.46,42.5
1651752000,42.5,42.52,42.44,42.44
1651753800,42.46,42.6,42.44,42.56
1651755600,42.56,42.58,42.34,42.44
1651757400,42.46,42.54,42.32,42.34
1651759200,42.34,42.68,42.24,42.64
1651761000,42.62,42.82,42.44,42.62
1651762800,42.68,42.68,42.68,42.68
1651818600,42.46,42.46,42.46,42.46
1651820400,42.46,42.78,42.28,42.58
1651822200,42.56,42.66,42.38,42.64
1651824000,42.64,42.72,42.46,42.52
1651825800,42.52,42.58,42.42,42.56
1651827600,42.54,42.56,42.3,42.36
1651829400,42.36,42.44,42.28,42.34
1651831200,42.32,42.46,42.28,42.46
1651833000,42.46,42.48,42.34,42.42
1651834800,42.42,42.42,42.3,42.38
1651836600,42.38,42.4,42.3,42.32
1651838400,42.3,42.4,42.28,42.38
1651840200,42.38,42.56,42.34,42.4
1651842000,42.42,42.44,42.12,42.24
1651843800,42.24,42.3,41.86,41.92
1651845600,41.9,42.24,41.9,42.2
1651847400,42.18,42.36,41.98,42.32
1651849200,42.38,42.38,42.38,42.38
1652077800,42.4,42.4,42.4,42.4
1652079600,42.42,43.2,42.3,43.1
1652081400,43.08,43.12,42.84,43.02
1652083200,43.02,43.06,42.6,42.7
1652085000,42.7,42.78,42.54,42.68
1652086800,42.66,42.8,42.62,42.72
1652088600,42.7,42.74,42.56,42.62
1652090400,42.62,42.68,42.48,42.5
1652092200,42.5,42.58,42.24,42.32
1652094000,42.3,42.44,42.24,42.36
1652095800,42.34,42.54,42.32,42.46
1652097600,42.46,42.66,42.36,42.6
1652099400,42.6,42.64,42.46,42.54
1652101200,42.54,42.6,42.4,42.42
1652103000,42.42,42.5,42.32,42.4
1652104800,42.4,42.58,42.34,42.36
1652106600,42.36,42.44,42.26,42.3
1652108400,42.3,42.3,42.3,42.3
1652164200,42.74,42.74,42.74,42.74
1652166000,42.7,42.88,42.56,42.72
1652167800,42.72,42.74,42.58,42.6
1652169600,42.58,42.68,42.52,42.66
1652171400,42.64,42.86,42.64,42.8
1652173200,42.8,42.8,42.74,42.76
1652175000,42.76,42.84,42.64,42.68
1652176800,42.68,42.7,42.6,42.64
1652178600,42.64,42.66,42.52,42.52
1652180400,42.52,42.54,42.38,42.46
1652182200,42.44,42.46,42.34,42.4
1652184000,42.38,42.46,42.36,42.42
1652185800,42.4,42.46,42.34,42.42
1652187600,42.42,42.52,42.4,42.42
1652189400,42.42,42.46,42.28,42.36
1652191200,42.34,42.34,42.14,42.24
1652193000,42.22,42.52,42.16,42.34
1652194800,42.32,42.32,42.2,42.2
1652250600,42.3,42.3,42.3,42.3
1652252400,42.28,42.82,42.2,42.6
1652254200,42.62,42.62,42.38,42.46
1652256000,42.44,42.5,42.36,42.4
1652257800,42.38,42.5,42.34,42.44
1652259600,42.44,42.5,42.38,42.38
1652261400,42.38,42.46,42.32,42.34
1652263200,42.34,42.36,42.16,42.3
1652265000,42.3,42.32,42.22,42.26
1652266800,42.26,42.28,42.1,42.18
1652268600,42.2,42.24,42.12,42.18
1652270400,42.18,42.28,42.14,42.28
1652272200,42.26,42.28,41.68,41.88
1652274000,41.86,41.98,41.58,41.7
1652275800,41.7,42.06,41.68,42
1652277600,42,42.18,41.88,42.12
1652279400,42.1,42.3,42.04,42.22
1652281200,42.2,42.2,42.2,42.2
1652337000,41.74,41.74,41.74,41.74
1652338800,41.74,41.84,41.34,41.58
1652340600,41.58,41.86,41.56,41.72
1652342400,41.72,41.88,41.66,41.8
1652344200,41.8,41.84,41.04,41.26
1652346000,41.28,41.3,40.48,40.92
1652347800,40.9,40.98,40.6,40.76
1652349600,40.76,41,40.72,40.98
1652351400,40.98,41.54,40.9,41.48
1652353200,41.48,41.58,41.34,41.44
1652355000,41.44,41.76,41.36,41.58
1652356800,41.58,41.66,41.46,41.58
1652358600,41.56,41.68,41.12,41.12
1652360400,41.14,41.4,41,41.22
1652362200,41.24,41.34,40.94,41.3
1652364000,41.3,42.06,41.06,41.86
1652365800,41.84,42.1,41.68,41.82
1652367600,41.82,41.86,41.82,41.86
1652423400,42.76,42.76,42.76,42.76
1652425200,42.74,42.76,42.42,42.62
1652427000,42.62,42.82,42.44,42.52
1652428800,42.52,42.54,42.36,42.4
1652430600,42.4,42.42,42.06,42.18
1652432400,42.16,42.16,41.86,42
1652434200,42,42.16,41.92,42.1
1652436000,42.08,42.1,42,42.08
1652437800,42.08,42.24,42,42.18
1652439600,42.18,42.24,42.06,42.12
1652441400,42.14,42.22,42.12,42.22
1652443200,42.2,42.22,42.06,42.14
1652445000,42.16,42.32,42.14,42.22
1652446800,42.22,42.26,41.94,42.16
1652448600,42.18,42.28,42.08,42.16
1652450400,42.16,42.26,42.06,42.22
1652452200,42.22,42.62,42.18,42.5
1652454000,42.52,42.52,42.48,42.48
1652682600,42.48,42.48,42.48,42.48
1652684400,42.48,42.66,42.3,42.6
1652686200,42.6,42.76,42.54,42.68
1652688000,42.7,42.96,42.68,42.92
1652689800,42.92,42.98,42.88,42.92
1652691600,42.94,42.98,42.84,42.9
1652693400,42.9,42.96,42.8,42.86
1652695200,42.86,42.98,42.68,42.7
1652697000,42.68,42.96,42.6,42.76
1652698800,42.76,42.88,42.76,42.82
1652700600,42.84,42.84,42.54,42.76
1652702400,42.74,43.12,42.7,43.06
1652704200,43.08,43.08,42.88,42.92
1652706000,42.94,43,42.9,42.96
1652707800,42.98,43.08,42.84,42.88
1652709600,42.88,43.3,42.86,43.28
1652711400,43.28,43.28,42.7,42.74
1652713200,42.72,42.72,42.72,42.72
1652769000,42.98,42.98,42.98,42.98
1652770800,42.96,43.08,42.66,42.72
1652772600,42.7,42.74,42.34,42.36
1652774400,42.34,42.44,42.04,42.38
1652776200,42.36,42.56,42.36,42.52
1652778000,42.52,42.86,42.52,42.82
1652779800,42.8,42.88,42.62,42.84
1652781600,42.86,42.94,42.8,42.84
1652783400,42.84,42.98,42.78,42.92
1652785200,42.92,42.92,42.68,42.8
1652787000,42.8,42.82,42.7,42.76
1652788800,42.78,42.92,42.74,42.9
1652790600,42.9,42.96,42.82,42.92
1652792400,42.92,42.94,42.82,42.9
1652794200,42.88,43,42.78,42.84
1652796000,42.86,42.96,42.78,42.82
1652797800,42.82,42.82,41.96,42.12
1652799600,42.08,42.08,42.08,42.08
1652855400,42.08,42.08,42.08,42.08
1652857200,42.08,42.6,42.04,42.42
1652859000,42.4,42.42,41.82,41.88
1652860800,41.86,41.88,41.48,41.86
1652862600,41.86,42.04,41.8,41.98
1652864400,41.96,42.08,41.88,41.88
1652866200,41.86,41.96,41.76,41.88
1652868000,41.86,41.98,41.82,41.9
1652869800,41.92,42.04,41.9,42.04
1652871600,42.04,42.16,41.9,41.9
1652873400,41.9,42.08,41.88,42.02
1652875200,42.04,42.2,42,42.18
1652877000,42.18,42.56,42.1,42.36
1652878800,42.38,42.38,42.16,42.24
1652880600,42.26,42.42,42.24,42.28
1652882400,42.3,42.58,42.26,42.38
1652884200,42.36,42.44,42.2,42.32
1652886000,42.4,42.4,42.4,42.4
1653028200,42.28,42.28,42.28,42.28
1653030000,42.28,42.68,42.26,42.64
1653031800,42.64,42.8,42.6,42.7
1653033600,42.72,42.8,42.56,42.64
1653035400,42.64,42.66,42.48,42.56
1653037200,42.54,42.62,42.4,42.5
1653039000,42.5,42.58,42.48,42.58
1653040800,42.58,42.6,42.52,42.56
1653042600,42.54,42.56,42.46,42.54
1653044400,42.52,42.62,42.34,42.52
1653046200,42.52,42.62,42.48,42.62
1653048000,42.6,42.96,42.58,42.96
1653049800,42.96,42.96,42.66,42.8
1653051600,42.82,43.04,42.8,42.98
1653053400,42.98,43,42.7,42.76
1653055200,42.76,42.88,42.7,42.84
1653057000,42.84,42.88,42.68,42.76
1653058800,42.76,42.86,42.76,42.86
1653287400,43.06,43.06,43.06,43.06
1653289200,43.06,43.14,42.6,42.84
1653291000,42.84,42.86,42.66,42.76
1653292800,42.76,43.04,42.74,42.8
1653294600,42.78,42.88,42.76,42.88
1653296400,42.88,42.88,42.8,42.84
1653298200,42.84,43.2,42.84,43.14
1653300000,43.12,43.16,43.02,43.08
1653301800,43.08,43.2,42.9,42.96
1653303600,42.96,43,42.66,42.84
1653305400,42.84,42.86,42.72,42.76
1653307200,42.78,42.84,42.66,42.76
1653309000,42.76,42.96,42.66,42.84
1653310800,42.86,42.92,42.76,42.78
1653312600,42.78,42.86,42.68,42.8
1653314400,42.82,43.14,42.78,43.12
1653316200,43.14,43.16,42.86,42.96
1653318000,42.96,42.96,42.96,42.96
1653373800,43.1,43.1,43.1,43.1
1653375600,43.1,43.2,42.94,43.06
1653377400,43.04,43.1,42.8,42.86
1653379200,42.84,42.9,42.8,42.88
1653381000,42.86,43,42.8,42.98
1653382800,42.96,43,42.94,42.98
1653384600,42.98,43.02,42.92,43
1653386400,42.98,43.04,42.94,43
1653388200,43,43,42.94,42.98
1653390000,42.98,43.02,42.92,43
1653391800,42.98,43,42.88,42.98
1653393600,42.98,43,42.8,42.84
1653395400,42.84,42.84,42.56,42.64
1653397200,42.62,42.72,42.58,42.68
1653399000,42.7,42.74,42.64,42.66
1653400800,42.66,42.66,42.2,42.36
1653402600,42.36,42.44,42.1,42.18
1653404400,42.16,42.16,42.16,42.16
1653460200,42.3,42.3,42.3,42.3
1653462000,42.32,42.42,41.98,42.08
1653463800,42.06,42.24,42.02,42.18
1653465600,42.18,42.2,42.04,42.1
1653467400,42.08,42.18,42.06,42.14
1653469200,42.14,42.14,42.08,42.12
1653471000,42.12,42.32,42.1,42.2
1653472800,42.2,42.22,42.12,42.16
1653474600,42.18,42.18,42.06,42.1
1653476400,42.08,42.16,41.94,41.98
1653478200,42,42,41.68,41.76
1653480000,41.78,41.92,41.74,41.9
1653481800,41.88,42,41.72,41.9
1653483600,41.88,41.98,41.84,41.88
1653485400,41.88,42.12,41.86,42.06
1653487200,42.08,42.68,42.02,42.58
1653489000,42.6,42.62,42.46,42.56
1653490800,42.58,42.66,42.58,42.66
1653546600,42.68,42.68,42.68,42.68
1653548400,42.68,43.18,42.58,43.14
1653550200,43.18,43.2,42.92,43.02
1653552000,43.04,43.04,42.66,42.76
1653553800,42.78,42.84,42.76,42.8
1653555600,42.8,42.88,42.8,42.84
1653557400,42.82,42.86,42.76,42.84
1653559200,42.84,42.88,42.78,42.8
1653561000,42.8,42.9,42.78,42.84
1653562800,42.8,44.02,42.78,43.96
1653564600,43.94,44,43.74,43.92
1653566400,43.92,43.94,43.78,43.86
1653568200,43.88,43.94,43.64,43.72
1653570000,43.74,43.78,43.42,43.6
1653571800,43.6,43.94,43.48,43.88
1653573600,43.88,44.18,43.88,44.04
1653575400,44.04,44.56,44.02,44.36
1653577200,44.36,44.46,44.36,44.46
1653633000,44.46,44.46,44.46,44.46
1653634800,44.46,44.76,44.24,44.62
1653636600,44.62,44.78,44.48,44.56
1653638400,44.56,44.6,44.34,44.42
1653640200,44.42,44.5,44.26,44.38
1653642000,44.36,44.48,44.32,44.32
1653643800,44.32,44.48,44.28,44.4
1653645600,44.4,44.98,44.36,44.92
1653647400,44.92,45.08,44.84,45.04
1653649200,45.04,45.18,44.9,45.08
1653651000,45.08,45.36,45,45.06
1653652800,45.06,45.1,44.5,44.64
1653654600,44.64,44.88,44.5,44.84
1653656400,44.84,44.88,44.62,44.86
1653658200,44.86,45.16,44.76,44.88
1653660000,44.88,45.26,44.88,44.98
1653661800,44.98,45.12,44.86,45.02
1653663600,45.02,45.02,45,45.02
1653892200,45.78,45.78,45.78,45.78
1653894000,45.8,48.18,45.72,48.18
1653895800,48.18,48.48,48.02,48.24
1653897600,48.24,49.26,48.2,49.2
1653899400,49.2,49.2,48.86,49.1
1653901200,49.08,49.12,48.8,48.88
1653903000,48.88,49.18,48.84,49.04
1653904800,49.02,49.1,48.86,48.98
1653906600,49,49.1,48.96,48.98
1653908400,48.98,49.52,48.94,49.52
1653910200,49.52,49.52,49.46,49.52
1653912000,49.52,49.52,49.52,49.52
1653913800,49.52,49.52,49.52,49.52
1653915600,49.52,49.52,49.52,49.52
1653917400,49.52,49.52,49.52,49.52
1653919200,49.52,49.52,49.52,49.52
1653921000,49.52,49.52,49.04,49.52
1653922800,49.5,49.52,49.5,49.52
1653978600,50.7,50.7,50.7,50.7
1653980400,50.7,51,49.18,49.44
1653982200,49.44,49.86,49.44,49.56
1653984000,49.56,49.7,48.9,49
1653985800,49.02,49.16,48.78,48.94
1653987600,48.96,49.48,48.9,49.18
1653989400,49.18,49.2,48.94,48.96
1653991200,48.96,49.32,48.84,49.18
1653993000,49.18,49.24,49,49.1
1653994800,49.1,49.68,49.1,49.46
1653996600,49.46,49.56,49.08,49.22
1653998400,49.24,49.4,48.98,49.14
1654000200,49.14,49.28,49.06,49.22
1654002000,49.24,49.38,49.14,49.2
1654003800,49.2,49.3,48.96,49.08
1654005600,49.1,49.46,49,49.04
1654007400,49.04,49.38,49,49.22
1654009200,49.9,49.9,49.9,49.9
1654065000,49.76,49.76,49.76,49.76
1654066800,49.78,51.1,49.42,50.5
1654068600,50.5,50.6,49.98,50.3
1654070400,50.25,50.3,49.82,49.86
1654072200,49.84,49.98,49.66,49.94
1654074000,49.94,50.1,49.92,50.1
1654075800,50.05,50.15,49.8,49.88
1654077600,49.88,49.92,49.66,49.78
1654079400,49.78,49.8,49.46,49.52
1654081200,49.52,49.72,49.48,49.6
1654083000,49.64,49.74,49.58,49.62
1654084800,49.62,49.72,49.52,49.64
1654086600,49.66,49.82,49.62,49.76
1654088400,49.76,49.8,49.58,49.64
1654090200,49.64,49.84,49.58,49.66
1654092000,49.66,49.74,49.58,49.6
1654093800,49.6,49.72,49.32,49.56
1654095600,49.26,49.26,49.26,49.26
1654151400,49.48,49.48,49.48,49.48
1654153200,49.46,50.15,49.42,50.05
1654155000,50.05,50.05,49.7,49.82
1654156800,49.8,49.92,49.64,49.88
1654158600,49.9,50.05,49.82,49.84
1654160400,49.84,49.96,49.82,49.9
1654162200,49.92,49.96,49.88,49.92
1654164000,49.9,50.35,49.9,50.2
1654165800,50.2,50.3,50.05,50.1
1654167600,50.1,50.2,50,50.05
1654169400,50,50.1,49.9,49.98
1654171200,49.96,50,49.78,49.86
1654173000,49.86,49.9,49.8,49.88
1654174800,49.88,49.9,49.42,49.62
1654176600,49.62,49.62,49.46,49.52
1654178400,49.5,49.7,49.14,49.34
1654180200,49.34,49.6,49.32,49.46
1654182000,49.46,49.6,49.42,49.6
1654237800,49.88,49.88,49.88,49.88
1654239600,49.86,49.88,49.46,49.54
1654241400,49.54,49.7,49.5,49.64
1654243200,49.64,49.82,49.58,49.64
1654245000,49.64,49.64,48.96,49.1
1654246800,49.1,49.14,49,49.06
1654248600,49.06,49.1,48.94,48.96
1654250400,48.96,49.18,48.88,49.1
1654252200,49.08,49.1,48.94,49.04
1654254000,49.04,49.06,48.92,49.02
1654255800,49.02,49.04,48.56,48.6
1654257600,48.6,48.74,48.44,48.7
1654259400,48.7,48.84,48.64,48.68
1654261200,48.68,48.72,48.52,48.58
1654263000,48.58,48.66,48.34,48.4
1654264800,48.4,48.5,48.24,48.48
1654266600,48.5,48.54,47.92,48.16
1654268400,48.16,48.16,47.98,47.98
1654497000,48.18,48.18,48.18,48.18
1654498800,48.18,48.72,48.18,48.56
1654500600,48.56,48.58,48.44,48.52
1654502400,48.52,48.8,48.5,48.6
1654504200,48.6,48.68,48.5,48.58
1654506000,48.58,48.6,48.28,48.44
1654507800,48.46,48.46,47.62,47.76
1654509600,47.74,47.76,47.42,47.6
1654511400,47.58,47.78,47.5,47.7
1654513200,47.7,47.88,47.64,47.8
1654515000,47.78,47.86,47.72,47.78
1654516800,47.78,47.88,47.7,47.76
1654518600,47.76,47.76,47.64,47.7
1654520400,47.7,48.32,47.7,48.08
1654522200,48.08,48.12,47.94,48.04
1654524000,48.04,48.24,47.94,47.96
1654525800,47.96,47.96,47.74,47.86
1654527600,47.86,47.86,47.86,47.86
1654583400,48.04,48.04,48.04,48.04
1654585200,48.06,48.52,47.9,48.06
1654587000,48.06,48.48,48.04,48.36
1654588800,48.38,48.64,48.16,48.26
1654590600,48.26,48.3,48.1,48.14
1654592400,48.14,48.2,48.1,48.12
1654594200,48.12,48.2,48.06,48.2
1654596000,48.2,48.32,48.14,48.3
1654597800,48.3,48.32,48.16,48.16
1654599600,48.18,48.2,47.92,47.98
1654601400,47.98,48.06,47.96,47.98
1654603200,47.98,48.02,47.54,47.66
1654605000,47.66,49.04,47.54,48.76
1654606800,48.74,49.2,48.26,48.36
1654608600,48.38,48.78,48.36,48.6
1654610400,48.6,48.72,48.08,48.26
1654612200,48.26,48.7,48.22,48.48
1654614000,48.46,48.46,48.46,48.46
1654669800,50.1,50.1,50.1,50.1
1654671600,50.1,50.35,49.4,49.44
1654673400,49.44,49.72,49.18,49.2
1654675200,49.2,49.7,49.1,49.54
1654677000,49.54,49.64,49.24,49.42
1654678800,49.42,49.58,49.36,49.48
1654680600,49.46,49.52,49.34,49.42
1654682400,49.44,49.5,49.26,49.44
1654684200,49.44,49.46,49.36,49.4
1654686000,49.42,49.44,48.56,48.92
1654687800,48.92,48.98,48.46,48.6
1654689600,48.6,48.66,48.1,48.26
1654691400,48.28,48.62,48.2,48.32
1654693200,48.3,48.42,48.2,48.28
1654695000,48.28,48.5,48.18,48.4
1654696800,48.4,48.42,47.88,47.96
1654698600,47.98,48.04,46.28,46.62
1654700400,46.6,46.72,46.6,46.72
1654756200,46.74,46.74,46.74,46.74
1654758000,46.74,47.28,46.44,47.08
1654759800,47.1,47.16,46.84,47.06
1654761600,47.06,47.24,46.94,46.96
1654763400,46.98,47.1,46.88,47.08
1654765200,47.08,47.8,47.06,47.38
1654767000,47.38,47.5,46.74,46.92
1654768800,46.9,46.96,46.12,46.42
1654770600,46.42,46.54,45.64,46.18
1654772400,46.16,46.34,45.98,46.16
1654774200,46.16,46.22,45.88,45.94
1654776000,45.94,46.16,45.52,45.82
1654777800,45.8,46.28,45.66,46.14
1654779600,46.14,46.36,45.94,46.1
1654781400,46.12,46.2,45.88,45.92
1654783200,45.92,47.56,45.82,47.1
1654785000,47.1,48.4,47.04,48.1
1654786800,48.12,48.34,48.12,48.34
1654842600,47.9,47.9,47.9,47.9
1654844400,47.9,48.66,47.6,48.16
1654846200,48.14,48.54,47.94,48.34
1654848000,48.36,48.54,48.18,48.26
1654849800,48.26,48.28,48.04,48.24
1654851600,48.24,48.26,48.08,48.14
1654853400,48.14,48.42,48.04,48.06
1654855200,48.06,48.16,47.4,47.66
1654857000,47.66,47.78,47.32,47.52
1654858800,47.54,47.82,47.48,47.52
1654860600,47.54,47.64,47.44,47.58
1654862400,47.58,47.76,47.44,47.62
1654864200,47.62,47.86,47.4,47.46
1654866000,47.46,47.76,47.06,47.26
1654867800,47.26,47.44,47.08,47.34
1654869600,47.34,47.34,46.88,47.24
1654871400,47.22,47.42,46.88,46.98
1654873200,46.96,46.98,46.7,46.7
1655101800,46.5,46.5,46.5,46.5
1655103600,46.48,47.14,46.22,46.88
1655105400,46.9,47.7,46.54,47.42
1655107200,47.42,47.44,46.84,46.92
1655109000,46.94,47.16,46.92,47.04
1655110800,47.04,47.06,46.66,46.7
1655112600,46.7,46.8,46.5,46.7
1655114400,46.7,46.84,46.64,46.8
1655116200,46.8,46.98,46.78,46.96
1655118000,46.96,47.64,46.94,47.52
1655119800,47.52,47.64,47.22,47.36
1655121600,47.32,47.44,47.22,47.32
1655123400,47.32,47.32,46.94,47.16
1655125200,47.16,47.2,46.86,47.04
1655127000,47.06,47.44,47.04,47.22
1655128800,47.22,47.24,46.92,46.98
1655130600,46.98,47.24,46.86,46.94
1655132400,46.92,47,46.92,47
1655188200,47.3,47.3,47.3,47.3
1655190000,47.32,47.8,47.2,47.26
1655191800,47.26,47.32,47.14,47.24
1655193600,47.22,47.24,46.98,47.02
1655195400,47.04,47.18,47.02,47.08
1655197200,47.08,47.1,46.86,46.94
1655199000,46.92,46.98,46.74,46.94
1655200800,46.92,46.94,46.84,46.88
1655202600,46.88,47.12,46.88,47.02
1655204400,47.04,47.12,46.94,46.98
1655206200,46.96,47,46.86,46.94
1655208000,46.94,47.12,46.92,47.08
1655209800,47.06,47.32,47.06,47.14
1655211600,47.14,47.3,47.02,47.2
1655213400,47.18,47.22,46.98,47.16
1655215200,47.18,47.32,46.86,46.98
1655217000,46.98,47.02,46.6,46.9
1655218800,46.9,46.9,46.86,46.86
1655274600,46.98,46.98,46.98,46.98
1655276400,46.98,47.24,46.84,47.04
1655278200,47.04,47.12,46.92,47.02
1655280000,47.02,47.04,46.84,46.98
1655281800,46.96,47,46.88,47
1655283600,47.02,47.02,46.8,46.92
1655285400,46.9,46.92,46.78,46.86
1655287200,46.86,46.88,46.68,46.76
1655289000,46.74,46.86,46.68,46.8
1655290800,46.8,46.84,46.66,46.8
1655292600,46.78,46.98,46.74,46.88
1655294400,46.9,46.94,46.74,46.8
1655296200,46.78,47.7,46.76,47.56
1655298000,47.54,47.92,47.52,47.92
1655299800,47.92,48.28,47.88,48.24
1655301600,48.22,48.96,48.08,48.63999939
1655303400,48.63999939,48.70000076,48.08,48.4
1655305200,48.42,48.44,48.4,48.44
1655361000,48.4,48.4,48.4,48.4
1655362800,48.42,48.76,47.98,48.12
1655364600,48.1,48.12,47.74,47.96
1655366400,47.96,48.12,47.88,48.1
1655368200,48.12,48.2,48.04,48.14
1655370000,48.12,48.14,47.76,47.82
1655371800,47.8,47.94,47.78,47.9
1655373600,47.9,47.96,47.78,47.92
1655375400,47.9,47.92,47.56,47.56
1655377200,47.58,47.6,47.1,47.38
1655379000,47.38,47.58,47.32,47.54
1655380800,47.54,47.74,47.4,47.5
1655382600,47.52,47.64,47.46,47.58
1655384400,47.58,47.68,47.42,47.58
1655386200,47.6,47.66,47.28,47.42
1655388000,47.42,47.44,47.26,47.28
1655389800,47.28,47.4,46.9,47.36
1655391600,47.34,47.34,47.34,47.34
1655447400,47.48,47.48,47.48,47.48
1655449200,47.48,47.52,47.2,47.3
1655451000,47.28,47.34,47.16,47.22
1655452800,47.22,47.38,47.18,47.3
1655454600,47.3,47.96,47.28,47.88
1655456400,47.88,48.02,47.8,47.92
1655458200,47.94,47.98,47.68,47.78
1655460000,47.8,47.88,47.72,47.78
1655461800,47.76,47.86,47.64,47.72
1655463600,47.72,48.06,47.62,47.98
1655465400,47.96,48,47.84,47.96
1655467200,47.94,48.14,47.88,47.94
1655469000,47.94,48.08,47.9,48
1655470800,48,48,47.46,47.56
1655472600,47.56,47.98,47.56,47.94
1655474400,47.94,47.96,47.66,47.7
1655476200,47.68,48.12,47.58,48.08
1655478000,48.18,48.18,48.18,48.18
1655706600,49.14,49.14,49.14,49.14
1655708400,49.16,49.66,49.14,49.24
1655710200,49.22,49.24,48.72,48.98
1655712000,48.96,49.27999878,48.96,49.16
1655713800,49.14,49.5,49.1,49.42
1655715600,49.42,49.6,49.3,49.46
1655717400,49.46,49.62,49.42,49.6
1655719200,49.58,49.64,49.44,49.52
1655721000,49.5,49.52,49.32,49.4
1655722800,49.38,49.98,49.26,49.94
1655724600,49.96,50,49.8,49.98
1655726400,49.96,50,49.7,49.8
1655728200,49.8,49.94,49.68,49.86
1655730000,49.86,50,49.82,49.94
1655731800,49.94,50.25,49.88,50.2
1655733600,50.2,50.95,50.1,50.95
1655735400,50.9,51,50.3,50.7
1655737200,50.85,50.85,50.85,50.85
1655793000,50.95,50.95,50.95,50.95
1655794800,50.9,51,50.25,50.75
1655796600,50.75,51.95,50.75,51.8
1655798400,51.8,52.35,51.75,52.15
1655800200,52.15,52.25,51.85,52.1
1655802000,52.1,52.1,51.85,52
1655803800,52,52.15,51.9,52
1655805600,52,52.05,51.7,51.95
1655807400,51.95,51.95,51.6,51.8
1655809200,51.8,52.1,51.75,51.85
1655811000,51.9,52,51.65,51.75
1655812800,51.75,52.1,51.7,52.05
1655814600,52.05,52.05,51.75,51.9
1655816400,51.85,52.1,51.8,52.05
1655818200,52,52.1,51.85,51.95
1655820000,51.9,52.15,51.75,52.05
1655821800,52,52.1,51.4,51.85
1655823600,51.8,51.9,51.8,51.9
1655879400,51.55,51.55,51.55,51.55
1655881200,51.55,52.1,51.4,51.75
1655883000,51.8,52.8,51.8,52.55
1655884800,52.55,52.8,52.5,52.75
1655886600,52.75,52.9,52.6,52.7
1655888400,52.7,52.7,52.35,52.55
1655890200,52.55,52.6,52.25,52.5
1655892000,52.45,52.6,52.25,52.55
1655893800,52.55,52.75,52.45,52.65
1655895600,52.65,52.65,52.45,52.65
1655897400,52.65,52.65,52.05,52.15
1655899200,52.15,52.2,51.9,52.15
1655901000,52.1,52.15,51.25,51.45
1655902800,51.5,52.05,51.45,51.9
1655904600,51.85,52.45,51.8,52.2
1655906400,52.2,52.35,51.9,52.25
1655908200,52.2,52.25,51.95,52.15
1655910000,52.05,52.05,52.05,52.05
1655965800,52.05,52.05,52.05,52.05
1655967600,52.05,52.3,51.9,52.15
1655969400,52.15,52.35,52.05,52.15
1655971200,52.1,52.2,52,52.15
1655973000,52.15,52.2,52.05,52.2
1655974800,52.15,52.25,52.05,52.05
1655976600,52.05,52.15,52.05,52.1
1655978400,52.05,52.25,52.05,52.2
1655980200,52.2,52.2,52,52.1
1655982000,52.1,52.25,51.5,51.6
1655983800,51.6,51.8,51.4,51.55
1655985600,51.55,51.6,51.2,51.5
1655987400,51.45,51.6,51.25,51.5
1655989200,51.45,51.6,51.4,51.45
1655991000,51.4,51.45,51.05,51.1
1655992800,51.1,51.2,50.6,51.1
1655994600,51.1,51.1,50.65,50.65
1655996400,50.7,50.7,50.55,50.55
1656052200,51,51,51,51
1656054000,51.05,51.45,50.65,51.15
1656055800,51.1,51.2,50.8,50.9
1656057600,50.85,50.95,50.35,50.5
1656059400,50.45,50.55,50,50.4
1656061200,50.4,50.45,50,50.45
1656063000,50.45,50.5,49.74,49.82
1656064800,49.82,49.82,49.16,49.38
1656066600,49.38,49.48,48.96,49.16
1656068400,49.16,49.94,49.16,49.74
1656070200,49.74,49.8,49.62,49.74
1656072000,49.74,49.88,49.7,49.74
1656073800,49.74,49.82,49.62,49.7
1656075600,49.72,50.4,49.7,50.05
1656077400,50.1,50.5,49.88,50.4
1656079200,50.4,50.8,50.15,50.35
1656081000,50.3,50.7,50.05,50.4
1656082800,50.25,50.25,50.25,50.25
1656311400,49.1,49.1,49.1,49.1
1656313200,49.1,50.25,49.08,50.1
1656315000,50.1,50.25,49.98,50.15
1656316800,50.2,50.5,50.05,50.15
1656318600,50.2,50.4,50.05,50.15
1656320400,50.1,50.3,50.05,50.2
1656322200,50.2,50.2,49.74,49.84
1656324000,49.84,49.86,49.5,49.72
1656325800,49.7,49.84,49.64,49.74
1656327600,49.74,49.9,49.74,49.8
1656329400,49.8,49.98,49.66,49.7
1656331200,49.72,49.86,49.68,49.76
1656333000,49.74,50.2,49.68,50.05
1656334800,50.1,50.3,49.84,49.92
1656336600,49.92,49.96,49.68,49.72
1656338400,49.74,50,49.72,49.82
1656340200,49.8,49.9,49.52,49.6
1656342000,49.62,49.62,49.56,49.56
1656397800,49.86,49.86,49.86,49.86
1656399600,49.86,49.98,49.7,49.82
1656401400,49.82,49.86,49.56,49.6
1656403200,49.58,49.62,49.26,49.36
1656405000,49.36,49.42,49.1,49.4
1656406800,49.4,49.56,49.34,49.52
1656408600,49.5,49.62,49.46,49.52
1656410400,49.52,49.54,49.32,49.36
1656412200,49.36,49.44,49.28,49.42
1656414000,49.44,49.44,49.24,49.28
1656415800,49.28,49.3,48.94,49.02
1656417600,49,49.1,48.76,48.92
1656419400,48.94,49.02,48.84,48.9
1656421200,48.9,49.22,48.78,49.14
1656423000,49.16,49.62,49.14,49.34
1656424800,49.34,49.36,48.7,48.88
1656426600,48.88,49.04,48.06,48.22
1656428400,48.24,48.24,48.04,48.04
1656484200,48.06,48.06,48.06,48.06
1656486000,48.06,48.46,47.88,47.96
1656487800,47.96,48.04,47.2,47.36
1656489600,47.34,47.58,46.9,47.16
1656491400,47.16,47.56,47.12,47.46
1656493200,47.46,47.68,47.44,47.6
1656495000,47.58,47.6,47.16,47.38
1656496800,47.38,47.86,47.36,47.68
1656498600,47.68,47.76,47.48,47.54
1656500400,47.54,47.7,47.48,47.58
1656502200,47.58,47.66,47.36,47.62
1656504000,47.62,47.98,47.6,47.84
1656505800,47.86,47.86,47.6,47.72
1656507600,47.7,47.84,47.58,47.64
1656509400,47.64,47.66,47.34,47.44
1656511200,47.44,47.58,46.98,47.1
1656513000,47.08,47.2,46.18,46.22
1656514800,46.22,46.22,46.18,46.18
1656570600,45.94,45.94,45.94,45.94
1656572400,45.92,46.76,45.66,46.24
1656574200,46.22,46.54,46.16,46.26
1656576000,46.28,46.5,46.2,46.24
1656577800,46.26,46.26,45.7,45.9
1656579600,45.88,45.96,45.76,45.94
1656581400,45.92,46.3,45.86,46.22
1656583200,46.22,46.22,45.94,46.12
1656585000,46.1,46.14,45.86,45.9
1656586800,45.9,45.94,45.56,45.72
1656588600,45.72,46.16,45.6,46.06
1656590400,46.08,46.94,46.04,46.92
1656592200,46.96,47.24,46.66,46.86
1656594000,46.86,47.1,46.76,47
1656595800,47,47.08,46.36,46.68
1656597600,46.68,46.76,46.52,46.58
1656599400,46.56,46.72,46.28,46.58
1656601200,46.58,46.8,46.56,46.8
1656657000,47.22,47.22,47.22,47.22
1656658800,47.22,47.56,46.82,47.46
1656660600,47.46,47.9,47.36,47.84
1656662400,47.84,49.16,47.84,48.94
1656664200,48.92,49.04,48.72,48.9
1656666000,48.9,49.02,48.64,49.02
1656667800,49.02,49.08,48.86,48.92
1656669600,48.9,49.02,48.86,48.86
1656671400,48.88,48.98,48.7,48.88
1656673200,48.88,48.9,48.68,48.74
1656675000,48.74,48.98,48.62,48.96
1656676800,48.96,49.46,48.92,49.34
1656678600,49.32,49.4,49.2,49.3
1656680400,49.3,49.36,49.12,49.18
1656682200,49.2,49.38,49.1,49.18
1656684000,49.18,49.42,48.88,49.28
1656685800,49.26,49.34,49.08,49.18
1656687600,49.3,49.3,49.3,49.3
1656916200,49.68,49.68,49.68,49.68
1656918000,49.68,49.8,49.42,49.54
1656919800,49.52,49.56,49.26,49.4
1656921600,49.4,49.48,49.12,49.42
1656923400,49.44,49.5,49.28,49.3
1656925200,49.28,49.38,49.24,49.28
1656927000,49.3,49.36,49.2,49.28
1656928800,49.26,49.36,49.18,49.28
1656930600,49.28,49.32,49.2,49.3
1656932400,49.3,49.34,49.24,49.32
1656934200,49.32,49.4,48.96,49.04
1656936000,49.02,49.1,48.82,48.92
1656937800,48.9,48.98,48.74,48.92
1656939600,48.92,48.94,48.82,48.88
1656941400,48.88,48.94,48.46,48.58
1656943200,48.58,48.6,48.14,48.22
1656945000,48.2,48.2,47.62,47.68
1656946800,47.68,47.68,47.68,47.68
1657002600,47.8,47.8,47.8,47.8
1657004400,47.82,48.16,47.52,47.6
1657006200,47.58,47.9,47.44,47.58
1657008000,47.58,47.58,46.96,47.1
1657009800,47.08,47.1,46.74,46.92
1657011600,46.92,47.2,46.92,47.2
1657013400,47.18,47.5,47.08,47.2
1657015200,47.2,47.24,47.08,47.1
1657017000,47.1,47.12,46.94,47.02
1657018800,47.02,47.04,46.64,46.82
1657020600,46.8,46.84,46.66,46.7
1657022400,46.7,47.18,46.7,47.18
1657024200,47.16,47.46,46.76,46.94
1657026000,46.94,47.22,46.92,46.96
1657027800,46.98,47,46.5,46.58
1657029600,46.58,47.02,46.5,46.98
1657031400,46.98,47.12,46.66,46.94
1657033200,46.94,47,46.94,47
1657089000,47.34,47.34,47.34,47.34
1657090800,47.34,48.3,47.34,48.2
1657092600,48.22,48.94,48.2,48.42
1657094400,48.4,48.54,48.04,48.06
1657096200,48.06,48.06,47.44,47.6
1657098000,47.6,47.66,47.4,47.56
1657099800,47.56,47.58,47.24,47.48
1657101600,47.48,47.48,47.34,47.46
1657103400,47.46,47.46,47.3,47.34
1657105200,47.34,47.36,47.18,47.24
1657107000,47.24,47.36,47.1,47.36
1657108800,47.36,47.5,47.32,47.44
1657110600,47.44,47.66,47.36,47.64
1657112400,47.64,47.92,47.5,47.92
1657114200,47.9,48.1,47.62,47.82
1657116000,47.8,48.7,47.78,48.66
1657117800,48.68,48.78,48.26,48.44
1657119600,48.42,48.42,48.42,48.42
1657175400,48.52,48.52,48.52,48.52
1657177200,48.52,48.8,48.22,48.32
1657179000,48.32,48.54,48.3,48.48
1657180800,48.5,48.58,48.34,48.38
1657182600,48.38,48.38,48.18,48.28
1657184400,48.24,48.34,48.14,48.32
1657186200,48.32,48.78,48.24,48.66
1657188000,48.66,49.36,48.64,49.04
1657189800,49.04,49.08,48.86,48.92
1657191600,48.94,49,48.68,48.84
1657193400,48.82,49.04,48.78,49.04
1657195200,49.02,49.06,48.82,48.86
1657197000,48.86,48.94,48.74,48.88
1657198800,48.88,49.04,48.5,49
1657200600,49,49.3,49,49.18
1657202400,49.2,49.26,49,49.1
1657204200,49.12,49.2,48.94,49.1
1657206000,49.1,49.2,49.1,49.2
1657261800,49.06,49.06,49.06,49.06
1657263600,49.06,49.26,48.92,49.04
1657265400,49.04,49.42,49.02,49.34
1657267200,49.34,49.44,49.26,49.42
1657269000,49.44,49.64,49.38,49.44
1657270800,49.44,49.54,49.28,49.54
1657272600,49.54,49.54,49.54,49.54
1657693800,50.3,50.3,50.3,50.3
1657695600,50.35,51,50,50.15
1657697400,50.2,50.35,49.86,49.92
1657699200,49.92,50.1,49.86,50
1657701000,49.98,50.1,49.9,50
1657702800,49.98,50,49.9,49.98
1657704600,49.96,50.15,49.94,50.15
1657706400,50.15,50.15,50,50.05
1657708200,50.05,50.1,50,50
1657710000,50,50.05,49.9,49.96
1657711800,49.96,50,49.92,49.94
1657713600,49.96,49.96,49.66,49.86
1657715400,49.86,49.86,49.28,49.54
1657717200,49.54,49.68,49.4,49.42
1657719000,49.44,49.68,49.4,49.64
1657720800,49.62,49.62,48.52,48.86
1657722600,48.86,49.3,48.66,49.16
1657724400,49.2,49.2,49.2,49.2
1657780200,49.12,49.12,49.12,49.12
1657782000,49.1,49.3,48.7,48.96
1657783800,48.98,49.24,48.86,48.94
1657785600,48.94,48.94,48.8,48.86
1657787400,48.86,48.88,48.06,48.32
1657789200,48.3,48.6,48.22,48.56
1657791000,48.56,48.74,48.5,48.62
1657792800,48.6,48.62,48.44,48.48
1657794600,48.48,48.58,48.44,48.48
1657796400,48.48,48.6,48.34,48.5
1657798200,48.52,49.12,48.46,49.04
1657800000,49.06,49.6,48.66,48.7
1657801800,48.72,48.86,48.58,48.82
1657803600,48.8,49.04,48.64,48.72
1657805400,48.72,48.78,48.52,48.58
1657807200,48.58,48.58,47.82,48.08
1657809000,48.08,48.1,47.7,47.8
1657810800,47.8,47.94,47.8,47.94
1658125800,49,49,49,49
1658127600,49.02,49.1,48.56,48.86
1658129400,48.86,49.06,48.7,48.78
1658131200,48.8,48.82,48.38,48.54
1658133000,48.54,48.7,48.5,48.7
1658134800,48.68,48.78,48.66,48.74
1658136600,48.74,48.8,48.66,48.8
1658138400,48.8,49.32,48.78,49.2
1658140200,49.2,49.28,49.08,49.24
1658142000,49.24,49.54,49.18,49.48
1658143800,49.48,49.52,49.28,49.4
1658145600,49.4,49.44,49.26,49.38
1658147400,49.38,49.52,49.34,49.42
1658149200,49.42,49.54,49.38,49.48
1658151000,49.48,49.5,49.3,49.48
1658152800,49.48,49.78,49.42,49.58
1658154600,49.58,49.9,49.54,49.88
1658156400,49.86,49.98,49.86,49.98
1658212200,49.76,49.76,49.76,49.76
1658214000,49.76,50.1,49.68,49.92
1658215800,49.92,49.94,49.58,49.72
1658217600,49.72,49.92,49.68,49.8
1658219400,49.8,49.88,49.78,49.86
1658221200,49.84,50.45,49.78,50.1
1658223000,50.1,50.6,50.05,50.6
1658224800,50.55,50.75,50.45,50.7
1658226600,50.65,50.75,50.3,50.55
1658228400,50.55,50.6,50.4,50.6
1658230200,50.6,50.65,50.5,50.6
1658232000,50.6,50.7,50.55,50.7
1658233800,50.7,51.05,50.65,50.85
1658235600,50.85,51,50.8,50.85
1658237400,50.85,51.1,50.75,50.85
1658239200,50.85,51.3,50.75,51.2
1658241000,51.2,51.25,50.85,50.9
1658242800,51.1,51.1,51.1,51.1
1658298600,51.25,51.25,51.25,51.25
1658300400,51.25,51.55,51.2,51.45
1658302200,51.4,51.55,50.85,51.35
1658304000,51.35,51.4,51,51.1
1658305800,51.1,51.2,50.85,50.95
1658307600,50.95,51.15,50.95,51
1658309400,51,51.15,50.95,51.05
1658311200,51.05,51.1,50.9,51
1658313000,51,51,50.5,50.75
1658314800,50.75,50.75,50.55,50.65
1658316600,50.6,50.65,50.3,50.45
1658318400,50.45,50.6,50.25,50.55
1658320200,50.5,50.75,50.5,50.7
1658322000,50.65,50.85,50.6,50.75
1658323800,50.75,51.15,50.65,51.05
1658325600,51.05,51.75,51,51.55
1658327400,51.5,51.65,51.2,51.5
1658329200,51.35,51.35,51.35,51.35
1658385000,51.4,51.4,51.4,51.4
1658386800,51.4,51.65,51.05,51.4
1658388600,51.4,51.55,51.25,51.3
1658390400,51.3,51.45,51.1,51.35
1658392200,51.3,51.55,51.1,51.15
1658394000,51.1,51.35,51.1,51.3
1658395800,51.25,51.5,51.2,51.5
1658397600,51.45,51.8,51.45,51.65
1658399400,51.65,51.75,51.55,51.75
1658401200,51.75,51.9,51.2,51.5
1658403000,51.5,51.65,51.35,51.45
1658404800,51.45,51.65,51.25,51.65
1658406600,51.65,52,51.6,51.9
1658408400,51.9,52.1,51.6,51.75
1658410200,51.75,51.85,51.55,51.75
1658412000,51.7,51.75,51.2,51.35
1658413800,51.4,51.55,51.25,51.5
1658415600,51.5,51.6,51.5,51.6
1658471400,51.75,51.75,51.75,51.75
1658473200,51.75,52,51.6,51.8
1658475000,51.75,51.85,51.7,51.8
1658476800,51.75,51.9,51.55,51.65
1658478600,51.65,51.7,51.4,51.65
1658480400,51.65,51.65,51.6,51.65
1658482200,51.65,51.75,51.6,51.6
1658484000,51.65,51.65,51.45,51.55
1658485800,51.6,51.7,51.55,51.65
1658487600,51.65,51.65,51.55,51.6
1658489400,51.6,51.65,51.5,51.6
1658491200,51.6,51.65,51.5,51.55
1658493000,51.55,51.6,51.3,51.4
1658494800,51.35,51.5,51.1,51.3
1658496600,51.3,51.3,50.25,50.3
1658498400,50.35,50.55,50.2,50.35
1658500200,50.35,50.35,49.2,50.15
1658502000,50.05,50.05,50.05,50.05
1658730600,50.05,50.05,50.05,50.05
1658732400,50.05,50.2,49.46,49.8
1658734200,49.8,49.96,49.7,49.78
1658736000,49.76,50.3,49.74,50.05
1658737800,50,50.15,50,50
1658739600,50.05,50.1,49.98,50.05
1658741400,50.05,50.1,50,50
1658743200,50,50.3,50,50.2
1658745000,50.2,50.45,50.1,50.2
1658746800,50.2,50.3,50.15,50.25
1658748600,50.2,50.25,49.92,50.05
1658750400,50,50.1,49.8,49.94
1658752200,49.94,50.05,49.94,50
1658754000,50,50,49.82,49.88
1658755800,49.86,49.92,49.5,49.74
1658757600,49.74,49.82,49.56,49.66
1658759400,49.66,49.7,49.44,49.62
1658761200,49.64,49.64,49.54,49.54
1658817000,49.74,49.74,49.74,49.74
1658818800,49.76,50.05,49.58,49.9
1658820600,49.92,49.92,49.74,49.84
1658822400,49.82,50.3,49.82,50.15
1658824200,50.15,50.3,50,50
1658826000,50,50.05,49.8,49.86
1658827800,49.84,49.94,49.78,49.86
1658829600,49.86,49.9,49.66,49.76
1658831400,49.74,49.78,49.3,49.42
1658833200,49.4,49.56,49.36,49.54
1658835000,49.54,49.56,49.48,49.48
1658836800,49.48,49.58,49.48,49.54
1658838600,49.54,49.66,49.44,49.62
1658840400,49.62,49.62,49.38,49.42
1658842200,49.42,49.42,49.22,49.28
1658844000,49.28,49.28,48.86,49.14
1658845800,49.14,49.32,48.9,49
1658847600,49,49,49,49
1658903400,49.26,49.26,49.26,49.26
1658905200,49.26,49.64,49.16,49.42
1658907000,49.4,49.46,49.2,49.3
1658908800,49.3,49.58,49.22,49.54
1658910600,49.54,49.62,49.42,49.56
1658912400,49.56,49.62,49.5,49.58
1658914200,49.6,49.82,49.54,49.56
1658916000,49.58,49.58,49.46,49.5
1658917800,49.5,49.58,49.48,49.5
1658919600,49.5,49.52,49.42,49.5
1658921400,49.48,49.64,49.44,49.6
1658923200,49.58,49.66,49.56,49.58
1658925000,49.58,49.62,49.58,49.6
1658926800,49.62,50.05,49.62,49.94
1658928600,49.94,50.1,49.86,49.86
1658930400,49.86,49.94,49.78,49.86
1658932200,49.86,49.98,49.7,49.8
1658934000,49.82,49.82,49.7,49.7
1658989800,50.25,50.25,50.25,50.25
1658991600,50.3,50.45,50.05,50.2
1658993400,50.25,50.75,50.15,50.65
1658995200,50.65,50.75,50.35,50.45
1658997000,50.45,50.75,50.45,50.5
1658998800,50.5,50.6,50.45,50.5
1659000600,50.55,50.65,50.4,50.55
1659002400,50.55,50.6,50.45,50.55
1659004200,50.5,50.6,50.4,50.45
1659006000,50.45,50.55,50.4,50.5
1659007800,50.55,50.55,50.35,50.35
1659009600,50.35,50.45,50.3,50.35
1659011400,50.35,50.4,50.15,50.25
1659013200,50.25,50.3,49.84,50.05
1659015000,50.05,50.05,49.64,49.76
1659016800,49.74,49.88,49.46,49.88
1659018600,49.88,50.05,49.76,49.78
1659020400,49.76,49.78,49.7,49.7
1659076200,49.8,49.8,49.8,49.8
1659078000,49.8,49.96,49.76,49.88
1659079800,49.88,49.9,49.56,49.58
1659081600,49.58,49.82,49.54,49.72
1659083400,49.74,49.78,49.52,49.62
1659085200,49.6,49.7,49.58,49.66
1659087000,49.66,49.72,49.64,49.72
1659088800,49.72,49.78,49.68,49.74
1659090600,49.74,49.9,49.72,49.88
1659092400,49.88,50.1,49.8,49.92
1659094200,49.92,50.1,49.9,50.1
1659096000,50.05,50.3,50.05,50.15
1659097800,50.15,50.35,50.05,50.25
1659099600,50.2,50.25,50.1,50.2
1659101400,50.2,50.2,50.05,50.1
1659103200,50.1,50.45,50.05,50.3
1659105000,50.3,50.5,50.3,50.35
1659106800,50.4,50.4,50.4,50.4
1659335400,50.75,50.75,50.75,50.75
1659337200,50.7,51.2,50.65,51
1659339000,50.95,51.1,50.85,51
1659340800,51,51.05,50.85,50.9
1659342600,50.9,50.95,50.75,50.85
1659344400,50.85,51.05,50.8,51
1659346200,50.95,51.1,50.95,50.95
1659348000,51,51,50.95,51
1659349800,51,51.15,50.9,51.15
1659351600,51.1,51.55,51.1,51.4
1659353400,51.4,51.5,51.35,51.45
1659355200,51.4,51.45,51.25,51.35
1659357000,51.35,51.4,51.15,51.25
1659358800,51.25,51.25,51.1,51.15
1659360600,51.15,51.35,51.1,51.3
1659362400,51.3,51.55,51.2,51.35
1659364200,51.35,51.6,51.3,51.5
1659366000,51.5,51.5,51.5,51.5
1659421800,51.8,51.8,51.8,51.8
1659423600,51.75,52.2,51.65,52.05
1659425400,52.1,52.15,51.95,52
1659427200,52,52.15,51.95,52.05
1659429000,52,52.05,51.65,51.9
1659430800,51.9,52.15,51.85,52
1659432600,52.05,52.15,51.95,52
1659434400,51.95,52.05,51.65,51.9
1659436200,51.95,52,51.85,51.9
1659438000,51.9,52,51.85,51.95
1659439800,51.95,52.15,51.95,52.05
1659441600,52.1,52.8,52,52.8
1659443400,52.8,53.2,52.75,53.1
1659445200,53.05,53.15,52.8,52.9
1659447000,52.95,52.95,52.3,52.5
1659448800,52.5,52.85,52.45,52.85
1659450600,52.8,52.9,51.85,52.5
1659452400,52.35,52.35,52.35,52.35
1659508200,52.95,52.95,52.95,52.95
1659510000,53,53.65,52.8,53.65
1659511800,53.65,54.55,53.45,54.45
1659513600,54.45,54.75,54.4,54.5
1659515400,54.55,54.55,54.05,54.25
1659517200,54.3,54.4,54.25,54.35
1659519000,54.35,54.4,54.25,54.25
1659520800,54.3,54.35,53.9,54
1659522600,54,54,53.75,53.95
1659524400,53.95,54.25,53.9,54.2
1659526200,54.2,54.25,54.1,54.2
1659528000,54.25,54.35,54.05,54.15
1659529800,54.2,54.3,54,54.15
1659531600,54.1,54.15,53.95,54
1659533400,54,54.5,53.9,54.2
1659535200,54.2,54.45,54.05,54.05
1659537000,54.05,54.85,53.9,54.8
1659538800,54.85,55,54.85,55
1659594600,55.7,55.7,55.7,55.7
1659596400,55.65,55.95,55.4,55.8
1659598200,55.8,55.95,55.7,55.8
1659600000,55.8,55.85,55.6,55.75
1659601800,55.7,55.8,55.6,55.8
1659603600,55.8,56,55.45,55.55
1659605400,55.5,55.65,55.5,55.65
1659607200,55.6,55.75,55.6,55.65
1659609000,55.65,55.65,55.2,55.4
1659610800,55.4,55.75,55.35,55.7
1659612600,55.7,56.25,55.65,55.85
1659614400,55.9,56.15,55.8,55.9
1659616200,55.9,56,55.5,55.5
1659618000,55.5,55.6,55.35,55.45
1659619800,55.5,55.65,55.45,55.6
1659621600,55.6,56.05,55.25,56.05
1659623400,56,56.35,55.1,55.3
1659625200,55.3,55.3,55.3,55.3
1659681000,55.65,55.65,55.65,55.65
1659682800,55.65,56.05,55.25,55.45
1659684600,55.5,55.65,55.2,55.55
1659686400,55.55,55.85,55.5,55.7
1659688200,55.7,55.9,55.6,55.8
1659690000,55.8,55.85,55.65,55.7
1659691800,55.7,55.8,55.55,55.75
1659693600,55.7,55.75,55.6,55.7
1659695400,55.7,55.8,55.65,55.7
1659697200,55.7,55.85,55.65,55.8
1659699000,55.75,56.8,55.75,56.75
1659700800,56.75,56.9,56.6,56.65
1659702600,56.6,56.7,55.95,56.5
1659704400,56.55,56.75,56.35,56.6
1659706200,56.6,56.8,56.45,56.5
1659708000,56.5,57,56.5,56.9
1659709800,56.85,58.4,56.85,58.2
1659711600,58.2,58.2,58.2,58.2
1659940200,58.4,58.4,58.4,58.4
1659942000,58.35,58.5,57.6,57.85
1659943800,57.85,58.25,57.85,58.15
1659945600,58.1,58.4,57.95,58.3
1659947400,58.35,58.55,58.25,58.4
1659949200,58.35,58.45,58.25,58.4
1659951000,58.35,58.4,58.15,58.2
1659952800,58.2,58.65,58.15,58.65
1659954600,58.65,58.7,58.35,58.4
1659956400,58.4,58.5,58.3,58.3
1659958200,58.3,58.3,57.9,58.25
1659960000,58.25,58.35,58.2,58.35
1659961800,58.35,58.4,58.25,58.4
1659963600,58.4,58.55,58.3,58.55
1659965400,58.55,59,58.45,58.85
1659967200,58.85,59,58.7,58.8
1659969000,58.8,58.85,58.25,58.7
1659970800,58.75,58.75,58.75,58.75
1660026600,58.75,58.75,58.75,58.75
1660028400,58.75,59.65,58.55,59.45
1660030200,59.45,59.5,59.15,59.35
1660032000,59.3,59.55,59.3,59.4
1660033800,59.4,59.4,59.1,59.15
1660035600,59.15,59.3,58.8,58.85
1660037400,58.8,58.9,58.05,58.4
1660039200,58.35,58.6,58.2,58.35
1660041000,58.35,58.55,58.3,58.45
1660042800,58.4,58.65,58.25,58.45
1660044600,58.4,58.5,58,58.2
1660046400,58.2,58.6,57.9,58.2
1660048200,58.2,58.45,58.1,58.35
1660050000,58.35,58.45,58.25,58.3
1660051800,58.3,58.85,58.2,58.7
1660053600,58.7,59.45,58.55,59.25
1660055400,59.3,59.45,58.9,58.95
1660057200,58.6,58.6,58.6,58.6
1660113000,58.8,58.8,58.8,58.8
1660114800,58.8,59.55,58.6,59.2
1660116600,59.2,59.35,58.85,59
1660118400,58.95,59.1,58.85,58.95
1660120200,58.95,59.2,58.9,59.05
1660122000,59.05,59.1,58.9,59.05
1660123800,59.05,59.05,58.9,58.95
1660125600,58.95,59.05,58.95,59
1660127400,59,59.4,58.95,59.15
1660129200,59.2,59.3,59.15,59.2
1660131000,59.2,59.2,59.1,59.15
1660132800,59.15,59.2,59,59.1
1660134600,59.05,59.9,59.05,59.8
1660136400,59.8,59.9,59.6,59.75
1660138200,59.75,59.85,59.5,59.6
1660140000,59.65,60.15,59.6,60
1660141800,59.95,60.35,59.9,60.15
1660143600,60.1,60.15,60.1,60.15
1660199400,61.9,61.9,61.9,61.9
1660201200,61.85,62.1,60.35,60.9
1660203000,60.9,61.45,60.6,61.25
1660204800,61.25,61.35,60.65,60.65
1660206600,60.65,60.8,60.1,60.45
1660208400,60.4,60.7,60.4,60.65
1660210200,60.65,60.7,60.5,60.6
1660212000,60.6,61.05,60.55,61
1660213800,61,61.05,60.55,60.65
1660215600,60.65,60.95,60.55,60.95
1660217400,60.9,60.95,60.7,60.8
1660219200,60.8,61.5,60.7,61.25
1660221000,61.25,61.4,61.15,61.2
1660222800,61.25,62.45,61.2,62.05
1660224600,62.05,62.45,61.85,62.15
1660226400,62.1,62.15,61.6,61.95
1660228200,61.9,62.05,60.5,61.1
1660230000,61.4,61.4,61.4,61.4
1660285800,61.85,61.85,61.85,61.85
1660287600,61.8,63.35,61.25,63.15
1660289400,63.15,63.3,62.7,63.05
1660291200,63.05,63.05,62.8,62.95
1660293000,62.9,62.95,62.4,62.45
1660294800,62.4,62.65,62.3,62.6
1660296600,62.6,62.9,62.55,62.8
1660298400,62.8,62.9,62.75,62.9
1660300200,62.9,63.05,62.85,63
1660302000,63,63.05,62.75,62.9
1660303800,62.95,63.05,62.8,62.85
1660305600,62.85,63.05,62.75,62.95
1660307400,62.95,63.1,62.85,62.9
1660309200,62.9,62.9,62.65,62.75
1660311000,62.7,62.8,62.3,62.6
1660312800,62.6,62.6,61.6,62.25
1660314600,62.2,62.5,61.95,62.2
1660316400,62.4,62.4,62.4,62.4
1660545000,62.6,62.6,62.6,62.6
1660546800,62.55,63.05,62.1,62.5
1660548600,62.5,62.65,62.25,62.5
1660550400,62.45,62.65,62.15,62.35
1660552200,62.3,62.4,62.25,62.35
1660554000,62.35,62.45,62.2,62.4
1660555800,62.35,62.5,62.2,62.5
1660557600,62.5,62.6,62.4,62.5
1660559400,62.5,62.6,62.45,62.55
1660561200,62.55,62.55,62.45,62.5
1660563000,62.5,62.5,62.2,62.45
1660564800,62.45,62.6,62.4,62.55
1660566600,62.55,62.85,62.5,62.55
1660568400,62.65,62.65,62.25,62.6
1660570200,62.55,63.55,62.55,63.5
1660572000,63.5,63.65,63.1,63.15
1660573800,63.2,63.55,63.1,63.55
1660575600,63.55,63.6,63.55,63.6
1660631400,63.7,63.7,63.7,63.7
1660633200,63.7,64.6,63.6,64.45
1660635000,64.4,64.5,64.1,64.45
1660636800,64.5,64.75,64.45,64.65
1660638600,64.65,64.8,64.45,64.55
1660640400,64.5,64.6,64.45,64.45
1660642200,64.5,64.65,64.45,64.6
1660644000,64.6,64.6,64.25,64.55
1660645800,64.5,64.6,64.45,64.5
1660647600,64.5,64.6,64.4,64.6
1660649400,64.55,64.65,64.4,64.45
1660651200,64.4,64.5,62.95,63.05
1660653000,63,63.9,61.7,63.85
1660654800,63.85,64.4,63.25,64.2
1660656600,64.15,64.7,64.15,64.5
1660658400,64.55,66.05,64.45,65.95
1660660200,65.95,68.05,65.9,67.45
1660662000,67.45,67.85,67.45,67.85
1660717800,68,68,68,68
1660719600,67.95,68.05,66.55,66.85
1660721400,66.85,67.3,66.75,67.3
1660723200,67.3,67.45,66,66.45
1660725000,66.45,67.3,66.45,67.25
1660726800,67.25,68.1,67.15,67.95
1660728600,67.95,68.5,67.55,68.15
1660730400,68.15,68.15,67.65,67.75
1660732200,67.75,68,67.5,67.95
1660734000,67.95,68.25,67.55,67.8
1660735800,67.8,68.05,67.7,67.95
1660737600,67.95,68.15,67.85,68.1
1660739400,68.05,69.1,67.95,68.55
1660741200,68.5,69.05,68.4,68.6
1660743000,68.6,68.85,68.3,68.75
1660744800,68.75,69.1,68.55,68.85
1660746600,68.85,69.05,68.45,68.7
1660748400,68.7,68.7,68.7,68.7
1660804200,68.8,68.8,68.8,68.8
1660806000,68.8,69.05,67.9,68.6
1660807800,68.6,68.7,68.05,68.2
1660809600,68.15,68.4,67.35,68.3
1660811400,68.3,68.4,68.05,68.1
1660813200,68.1,68.25,67.5,67.8
1660815000,67.8,68.05,67.65,67.75
1660816800,67.8,67.95,67.65,67.85
1660818600,67.9,68.3,67.7,68.05
1660820400,68.05,68.05,66.8,67.45
1660822200,67.45,68.05,67.3,68
1660824000,68,68.4,67.75,67.85
1660825800,67.85,68.15,67.75,68.05
1660827600,68,68.75,68,68.45
1660829400,68.45,68.7,68.35,68.6
1660831200,68.6,69.8,68.4,69.65
1660833000,69.65,70.05,69.4,69.75
1660834800,69.65,69.65,69.65,69.65
1660890600,69.55,69.55,69.55,69.55
1660892400,69.5,70.2,68.9,69.9
1660894200,69.9,70.2,69.6,69.8
1660896000,69.75,69.85,69.5,69.85
1660897800,69.8,69.85,69,69.3
1660899600,69.25,69.3,68.95,69.25
1660901400,69.25,69.4,69.2,69.4
1660903200,69.4,69.5,69.15,69.3
1660905000,69.3,69.35,68.55,68.65
1660906800,68.7,69.15,68.55,69.1
1660908600,69.05,69.15,68.75,69
1660910400,69,69.1,68.55,68.85
1660912200,68.85,69.7,68.75,69.35
1660914000,69.35,69.95,69.3,69.9
1660915800,69.9,69.9,69.45,69.65
1660917600,69.65,69.85,69.5,69.65
1660919400,69.7,69.75,68.15,68.3
1660921200,68.3,68.5,68.3,68.5
1661149800,68.5,68.5,68.5,68.5
1661151600,68.5,68.8,67.85,68.1
1661153400,68.1,68.55,68.05,68.2
1661155200,68.2,68.25,67.95,68.05
1661157000,68,68.5,68,68.4
1661158800,68.4,68.45,67.85,68.05
1661160600,68,68.2,68,68.15
1661162400,68.15,68.35,68.1,68.3
1661164200,68.3,68.85,68.25,68.65
1661166000,68.65,68.85,68.55,68.8
1661167800,68.85,69,68.65,68.75
1661169600,68.75,69.35,68.7,69.1
1661171400,69.1,69.1,68.8,69
1661173200,69.05,69.05,68.8,69
1661175000,68.95,69,67.75,68.25
1661176800,68.25,68.25,67.75,67.8
1661178600,67.8,68.2,67.5,67.8
1661180400,67.75,67.75,67.75,67.75
1661236200,67.8,67.8,67.8,67.8
1661238000,67.75,69.05,67.5,68.65
1661239800,68.65,69,68.55,68.85
1661241600,68.8,68.9,68.1,68.35
1661243400,68.3,68.35,67.9,68.25
1661245200,68.25,68.4,68.1,68.2
1661247000,68.2,68.25,67.95,68.1
1661248800,68.15,68.2,68,68.15
1661250600,68.15,68.25,67.9,68.1
1661252400,68.05,68.3,67.7,67.75
1661254200,67.8,67.9,67,67.55
1661256000,67.55,67.65,67.35,67.4
1661257800,67.4,67.55,67.2,67.5
1661259600,67.45,67.65,67.25,67.4
1661261400,67.35,67.95,67.3,67.9
1661263200,67.95,67.95,67.55,67.8
1661265000,67.8,67.95,67.45,67.95
1661266800,67.9,67.9,67.8,67.8
1661322600,68.2,68.2,68.2,68.2
1661324400,68.2,70.4,68.1,69.55
1661326200,69.55,70.25,69.25,69.75
1661328000,69.75,71.7,69.45,71.45
1661329800,71.4,71.5,70.35,70.45
1661331600,70.45,71.05,70.4,70.65
1661333400,70.6,70.65,70.2,70.35
1661335200,70.3,70.75,70.05,70.45
1661337000,70.45,70.5,70,70.15
1661338800,70.1,70.45,70,70.35
1661340600,70.3,70.85,70,70.05
1661342400,70.05,70.1,69.65,70.05
1661344200,70.05,70.3,69.7,70.15
1661346000,70.1,70.25,69.85,70.1
1661347800,70.05,70.15,69.45,69.6
1661349600,69.6,69.7,68.9,69.05
1661351400,69.05,69.3,68.5,68.9
1661353200,68.85,68.9,68.65,68.65
1661409000,69.3,69.3,69.3,69.3
1661410800,69.3,70.15,68.8,69
1661412600,69,70.35,68.85,70.2
1661414400,70.2,71,70.15,70.55
1661416200,70.55,70.65,70.05,70.2
1661418000,70.2,70.3,69.75,70
1661419800,70,70.1,69.95,69.95
1661421600,69.9,70.15,69.8,69.95
1661423400,69.95,70.05,69.8,69.95
1661425200,69.9,70.15,69.85,69.95
1661427000,69.95,70.05,69.75,70.05
1661428800,70.05,70.2,69.9,70
1661430600,69.95,70.3,69.85,69.85
1661432400,69.85,69.95,69.35,69.75
1661434200,69.75,70.2,69.55,70.05
1661436000,70.05,70.15,69.75,69.85
1661437800,69.85,70.1,69.8,70
1661439600,70,70.3,70,70.3
1661495400,70.9,70.9,70.9,70.9
1661497200,70.9,71.1,70.4,70.8
1661499000,70.8,70.8,69.9,69.95
1661500800,69.95,70.1,69.4,69.75
1661502600,69.7,69.95,69.6,69.8
1661504400,69.8,70.2,69.65,69.95
1661506200,69.95,70,69.85,70
1661508000,70,70.05,69.9,69.95
1661509800,69.95,70,69.8,69.9
1661511600,69.9,70.05,69.75,69.8
1661513400,69.8,69.95,69.8,69.85
1661515200,69.9,70.05,69.8,69.85
1661517000,69.85,70.05,69.75,70.05
1661518800,70.05,70.75,69.9,70
1661520600,70,70.45,69.9,70.4
1661522400,70.45,71.15,70.1,70.8
1661524200,70.8,70.8,67.4,69.7
1661526000,69.7,69.7,69.7,69.7
1661754600,69.4,69.4,69.4,69.4
1661756400,69.35,70.15,68.5,69.9
1661758200,69.95,70.85,69.6,70.3
1661760000,70.3,70.35,69.4,69.7
1661761800,69.75,69.85,69.45,69.6
1661763600,69.6,69.75,69.35,69.65
1661765400,69.65,69.8,69.55,69.65
1661767200,69.7,69.8,69.6,69.75
1661769000,69.8,70.1,69.75,70
1661770800,70,70.1,69.85,69.95
1661772600,69.9,69.95,69.75,69.95
1661774400,69.95,70.15,69.8,70.05
1661776200,70.05,70.15,69.95,70.1
1661778000,70.05,70.2,69.9,70.05
1661779800,70,70.75,69.9,70.5
1661781600,70.5,70.5,70.25,70.25
1661783400,70.25,70.75,70.15,70.45
1661785200,70.4,70.45,70.4,70.45
1661927400,71,71,71,71
1661929200,71,72.6,70.7,72.5
1661931000,72.5,72.85,72,72.35
1661932800,72.35,72.6,72.1,72.15
1661934600,72.15,72.45,71.85,72.15
1661936400,72.1,72.25,71.65,71.9
1661938200,71.85,72.2,71.85,72.05
1661940000,72.05,72.15,72,72.1
1661941800,72.1,72.1,71.9,72
1661943600,72,72.1,71.9,72
1661945400,72.05,72.1,71.85,72
1661947200,72,72.05,71.9,72
1661949000,72,72.35,71.9,72.3
1661950800,72.3,73,72.2,72.95
1661952600,72.95,72.95,72.4,72.8
1661954400,72.8,72.85,72,72.75
1661956200,72.75,73.4,72.7,73.4
1661958000,73.4,73.4,73.1,73.1
1662013800,73.1,73.1,73.1,73.1
1662015600,73.05,73.1,71.75,72.05
1662017400,72,72,70.5,70.9
1662019200,70.85,71.45,70.8,71.45
1662021000,71.45,71.5,70.75,71.2
1662022800,71.2,71.95,71.15,71.9
1662024600,71.9,71.95,71.6,71.75
1662026400,71.75,71.8,71.4,71.65
1662028200,71.65,71.9,71.6,71.65
1662030000,71.6,71.8,71.5,71.75
1662031800,71.75,71.75,71.15,71.15
1662033600,71.2,71.4,71.1,71.3
1662035400,71.3,71.65,71.1,71.55
1662037200,71.55,71.7,71.4,71.5
1662039000,71.55,72.7,71.45,71.9
1662040800,71.95,71.95,71.4,71.55
1662042600,71.55,71.75,71.1,71.2
1662044400,71.1,71.1,71.1,71.1
1662100200,71.6,71.6,71.6,71.6
1662102000,71.6,72,71.15,71.75
1662103800,71.75,72.45,71.7,71.85
1662105600,71.9,72.05,71.7,71.85
1662107400,71.85,71.9,71.6,71.65
1662109200,71.65,71.85,71.6,71.7
1662111000,71.65,71.75,71.55,71.6
1662112800,71.6,71.65,71.35,71.45
1662114600,71.45,71.55,71.3,71.45
1662116400,71.45,71.5,71.3,71.35
1662118200,71.35,71.4,71.05,71.3
1662120000,71.35,71.35,71.15,71.3
1662121800,71.3,71.75,71.3,71.6
1662123600,71.6,71.9,71.55,71.75
1662125400,71.75,71.9,71.55,71.55
1662127200,71.55,71.85,71.55,71.8
1662129000,71.75,72.15,71.55,71.75
1662130800,71.8,71.8,71.8,71.8
1662359400,73.1,73.1,73.1,73.1
1662361200,73.1,74.1,72.4,73.7
1662363000,73.7,73.95,73.3,73.55
1662364800,73.55,73.75,73.25,73.55
1662366600,73.5,73.65,73.15,73.25
1662368400,73.25,73.75,73.1,73.7
1662370200,73.7,73.75,73.3,73.4
1662372000,73.4,73.5,73.3,73.45
1662373800,73.45,73.55,73.3,73.4
1662375600,73.4,73.65,73.35,73.45
1662377400,73.4,73.6,73.3,73.35
1662379200,73.35,73.35,72.6,73.2
1662381000,73.25,73.4,73.15,73.35
1662382800,73.35,73.9,73.3,73.85
1662384600,73.85,75,73.6,74.9
1662386400,74.85,76.25,74.8,75.85
1662388200,75.85,75.85,74.95,75
1662390000,75,75.15,75,75.15
1662445800,75.7,75.7,75.7,75.7
1662447600,75.7,75.75,74.6,75.45
1662449400,75.45,75.65,75.05,75.3
1662451200,75.25,75.4,72.6,74.4
1662453000,74.4,74.85,73.8,74.3
1662454800,74.3,74.3,73.7,73.85
1662456600,73.85,74,73.4,74
1662458400,73.95,74.8,73.8,74.75
1662460200,74.75,75.1,74.4,74.6
1662462000,74.6,75,74.4,74.85
1662463800,74.9,75.05,74.75,74.85
1662465600,74.85,75.4,74.5,74.85
1662467400,74.85,74.9,74.4,74.55
1662469200,74.6,74.9,74.5,74.7
1662471000,74.7,74.8,74.25,74.6
1662472800,74.6,74.65,74.15,74.5
1662474600,74.45,74.45,73.5,73.9
1662476400,73.8,73.8,73.65,73.65
1662532200,73.95,73.95,73.95,73.95
1662534000,73.95,75.4,73.8,74.95
1662535800,74.95,75.1,73.95,74
1662537600,74.05,74.3,73.15,74.05
1662539400,74.1,74.25,73.75,73.95
1662541200,73.95,74.25,73.85,74.1
1662543000,74.05,74.55,74.05,74.25
1662544800,74.25,74.25,73.9,74
1662546600,74,74.1,73.65,74
1662548400,74,74.1,73.75,73.95
1662550200,73.9,74.3,73.8,74.05
1662552000,74,74.1,73.75,74.05
1662553800,74,74.65,73.6,74.4
1662555600,74.4,75,74.05,74.4
1662557400,74.4,75.75,74.35,75.7
1662559200,75.7,76.1,74.8,75
1662561000,75,75.2,74.45,74.75
1662562800,74.75,74.75,74.7,74.7
1662618600,75.9,75.9,75.9,75.9
1662620400,75.95,76.05,75.1,75.7
1662622200,75.7,75.75,75.45,75.6
1662624000,75.6,75.95,75.45,75.8
1662625800,75.8,75.85,75.45,75.75
1662627600,75.7,75.75,75.4,75.5
1662629400,75.45,76,75.35,75.85
1662631200,75.85,75.95,75.55,75.65
1662633000,75.6,75.7,75.35,75.5
1662634800,75.5,75.6,75.15,75.4
1662636600,75.4,75.55,75.3,75.5
1662638400,75.45,75.8,75.35,75.4
1662640200,75.35,75.95,75.25,75.6
1662642000,75.65,75.7,74.8,75.1
1662643800,75.1,75.1,73.7,74.1
1662645600,74.1,74.15,73.1,73.5
1662647400,73.55,73.55,72.2,72.5
1662649200,72.45,73,72.45,73
1662705000,73.5,73.5,73.5,73.5
1662706800,73.45,73.75,73,73.2
1662708600,73.15,73.55,72.25,72.85
1662710400,72.85,73.25,72.8,73.1
1662712200,73.1,73.5,73.05,73.45
1662714000,73.45,74.05,73.35,73.95
1662715800,73.95,73.95,73.3,73.35
1662717600,73.35,74.7,73.35,74.65
1662719400,74.65,75,74.35,74.65
1662721200,74.65,74.65,73.75,73.85
1662723000,73.85,73.95,73.45,73.55
1662724800,73.5,74.05,73.3,73.85
1662726600,73.8,73.9,73.65,73.85
1662728400,73.85,74.45,73.75,73.85
1662730200,73.85,74.35,73.7,74.25
1662732000,74.2,74.3,73.3,73.55
1662733800,73.6,73.7,73.35,73.65
1662735600,73.65,73.65,73.4,73.4
1662964200,73.9,73.9,73.9,73.9
1662966000,73.9,74.7,73.15,74.2
1662967800,74.2,74.3,73.8,74.25
1662969600,74.25,74.5,74.05,74.2
1662971400,74.25,74.65,74.2,74.55
1662973200,74.55,74.6,74.25,74.35
1662975000,74.35,74.35,74.05,74.3
1662976800,74.3,75.55,74.2,75.45
1662978600,75.45,75.55,74.7,74.85
1662980400,74.8,75,74.75,74.95
1662982200,75,75.1,74.75,74.8
1662984000,74.8,74.8,74.25,74.65
1662985800,74.6,74.9,74.6,74.7
1662987600,74.75,75.1,74.7,74.95
1662989400,74.9,75.35,74.8,75
1662991200,75,75.4,74.65,75.05
1662993000,75.05,75.2,74.8,75.2
1662994800,75.15,75.15,74.95,74.95
1663050600,75.6,75.6,75.6,75.6
1663052400,75.6,76.7,75.55,76.4
1663054200,76.35,77.85,76,77.85
1663056000,77.8,78.6,77.1,77.3
1663057800,77.25,77.35,76.85,77.1
1663059600,77.1,77.2,76.55,76.6
1663061400,76.65,76.7,75.55,76.1
1663063200,76.15,76.25,74.9,75.5
1663065000,75.5,76.1,75.35,75.9
1663066800,75.95,76.3,75.85,76.2
1663068600,76.15,76.2,75.65,76.05
1663070400,76.05,76.15,75.75,75.9
1663072200,75.9,75.95,74.95,75.05
1663074000,75.05,75.05,73.3,73.4
1663075800,73.35,74.75,73.15,74.4
1663077600,74.35,74.7,73.3,73.4
1663079400,73.45,73.5,71.85,71.9
1663081200,71.1,71.1,71.1,71.1
1663137000,71.1,71.1,71.1,71.1
1663138800,71.1,72.95,70.1,72.5
1663140600,72.5,72.85,70.9,71.1
1663142400,71.1,71.85,70.45,71.25
1663144200,71.3,71.35,69.4,70.2
1663146000,70.2,71.1,70.05,70.95
1663147800,70.95,71.35,70.7,71.15
1663149600,71.15,71.6,70.9,71.3
1663151400,71.3,71.95,71.25,71.7
1663153200,71.7,72.4,71.65,72.3
1663155000,72.3,72.35,71.25,71.3
1663156800,71.3,71.5,70.75,71.35
1663158600,71.3,72.05,71.25,71.85
1663160400,71.85,73.85,71.8,73.05
1663162200,73.05,73.55,72.8,73.1
1663164000,73.1,73.3,71.85,72
1663165800,71.95,74,71.85,74
1663167600,74,74.3,74,74.3
1663223400,74.55,74.55,74.55,74.55
1663225200,74.55,74.95,73.8,74.75
1663227000,74.75,74.85,73.85,74.25
1663228800,74.25,74.35,73.9,74.3
1663230600,74.2,75.45,74.2,75.2
1663232400,75.2,75.35,74.9,75.25
1663234200,75.3,75.5,75.2,75.45
1663236000,75.45,75.45,75.15,75.4
1663237800,75.35,75.9,74.9,75.85
1663239600,75.9,76.5,75.7,76.2
1663241400,76.15,76.3,75.1,75.15
1663243200,75.15,75.35,74.4,74.9
1663245000,74.9,75.4,74.5,74.95
1663246800,75,75.25,74.2,74.85
1663248600,74.85,74.95,73.65,74.4
1663250400,74.35,75.15,74.1,74.45
1663252200,74.45,74.5,73.75,73.9
1663254000,74.15,74.15,74.15,74.15
1663309800,74.45,74.45,74.45,74.45
1663311600,74.4,75.05,74.05,74.9
1663313400,74.9,75,74.1,74.25
1663315200,74.25,74.7,74.25,74.4
1663317000,74.35,74.6,74.15,74.2
1663318800,74.25,74.65,74.1,74.35
1663320600,74.3,74.6,74.15,74.45
1663322400,74.45,74.8,74.3,74.7
1663324200,74.7,75.1,74.6,74.9
1663326000,74.9,75.35,74.8,74.9
1663327800,74.95,75.1,74.65,74.9
1663329600,74.9,74.9,74.35,74.6
1663331400,74.6,74.7,74.35,74.4
1663333200,74.4,74.65,74.25,74.45
1663335000,74.45,74.45,74.05,74.35
1663336800,74.35,74.65,74.25,74.3
1663338600,74.35,74.35,73.8,74.15
1663340400,74.15,74.15,73.95,73.95
1663569000,74.4,74.4,74.4,74.4
1663570800,74.4,74.55,73.95,74.05
1663572600,74.1,74.3,73.75,74.15
1663574400,74.15,74.25,74,74.1
1663576200,74.05,74.2,73.85,73.95
1663578000,74,74.1,73.7,73.95
1663579800,73.9,74,73.15,73.3
1663581600,73.3,73.3,72.9,73.15
1663583400,73.15,73.25,72.9,73.05
1663585200,73.05,73.05,72.4,72.5
1663587000,72.5,72.6,71.8,71.95
1663588800,72,72.05,71.75,71.9
1663590600,71.9,72.2,71.45,72.1
1663592400,72.1,72.1,71.35,71.5
1663594200,71.5,71.5,70.5,70.5
1663596000,70.6,70.6,69.35,69.45
1663599600,68.75,68.75,68.75,68.75
1663655400,69.95,69.95,69.95,69.95
1663657200,69.95,71.75,69.9,71.3
1663659000,71.3,72.2,70.8,71.95
1663660800,71.95,72.05,71.55,71.55
1663662600,71.6,71.65,69.75,69.8
1663664400,69.8,70.05,68,70
1663666200,70,70.2,69.15,69.7
1663668000,69.7,70.35,69.35,70.3
1663669800,70.25,70.7,70,70.6
1663671600,70.65,71.2,70.3,71.05
1663673400,71.05,71.6,70.85,71.35
1663675200,71.4,71.5,70.55,70.8
1663677000,70.8,71.1,70.35,70.9
1663678800,70.9,70.9,70.15,70.3
1663680600,70.35,71.05,69.9,71
1663682400,71.05,71.15,70.35,70.55
1663684200,70.55,72,70.35,72
1663686000,72.45,72.45,72.45,72.45
1663741800,71.8,71.8,71.8,71.8
1663743600,71.8,72.35,70.4,70.5
1663745400,70.5,70.5,69.15,69.2
1663747200,69.2,70.05,68.5,69.9
1663749000,69.9,70.2,69.85,69.95
1663750800,69.95,70.1,69.35,69.65
1663752600,69.65,69.85,69.35,69.4
1663754400,69.4,69.75,69.25,69.5
1663756200,69.5,69.8,69.45,69.75
1663758000,69.75,70.15,69.65,69.95
1663759800,69.9,70.1,69.7,69.9
1663761600,69.9,70.15,69.7,70.1
1663763400,70.1,70.7,69.95,70.5
1663765200,70.5,70.5,70.05,70.3
1663767000,70.3,70.8,70,70.6
1663768800,70.6,70.8,69.75,69.9
1663770600,69.9,69.95,69.35,69.5
1663772400,69.6,69.75,69.6,69.75
1663828200,69.95,69.95,69.95,69.95
1663830000,69.9,70.3,69.15,70.1
1663831800,70.1,70.25,69.85,70.1
1663833600,70.1,70.7,70.05,70.35
1663835400,70.35,70.95,70.35,70.75
1663837200,70.8,70.85,70.2,70.3
1663839000,70.3,70.5,70.2,70.45
1663840800,70.5,70.55,70.3,70.35
1663842600,70.35,70.6,70.15,70.5
1663844400,70.5,71.15,70.2,70.9
1663846200,70.9,70.9,70.2,70.65
1663848000,70.7,72,70.5,71.4
1663849800,71.35,71.6,70.9,71.55
1663851600,71.55,72.15,71.35,71.75
1663853400,71.75,71.85,70.9,71
1663855200,70.95,71.25,70.15,70.8
1663857000,70.8,71.5,70.65,71.5
1663858800,71.3,71.3,71.3,71.3
1663914600,71.55,71.55,71.55,71.55
1663916400,71.55,72,71.1,71.35
1663918200,71.4,71.6,70.8,71.5
1663920000,71.5,72.2,71.4,71.75
1663921800,71.75,71.9,71.65,71.75
1663923600,71.7,73.05,71.7,72.45
1663925400,72.4,72.5,72.15,72.4
1663927200,72.4,72.4,72.25,72.3
1663929000,72.25,72.35,71.45,71.5
1663930800,71.5,71.6,70.75,71.1
1663932600,71.1,71.55,71.05,71.2
1663934400,71.2,71.25,70.85,71.15
1663936200,71.15,71.25,70.6,70.85
1663938000,70.85,71.7,70.7,71.35
1663939800,71.35,71.5,70.85,71
1663941600,71,71.3,70.7,71.2
1663943400,71.2,71.2,70.5,70.85
1663945200,70.85,70.85,70.85,70.85
1664173800,70.75,70.75,70.75,70.75
1664175600,70.7,71.15,70.45,70.7
1664177400,70.7,71.05,70.1,70.15
1664179200,70.2,70.2,69.2,69.7
1664181000,69.65,69.75,69.45,69.65
1664182800,69.6,69.7,68.85,69.3
1664184600,69.3,69.5,69.05,69.4
1664186400,69.4,69.55,69.15,69.45
1664188200,69.4,69.45,69.05,69.1
1664190000,69.05,69.25,69.05,69.25
1664191800,69.25,69.4,68.8,68.9
1664193600,68.9,69.2,68.55,69.1
1664195400,69.1,69.25,68.9,69.05
1664197200,69.05,69.3,68.7,69.05
1664199000,69.05,69.35,68.75,68.9
1664200800,68.85,70.1,68.25,69.7
1664202600,69.7,69.9,68.9,69.3
1664204400,69.35,69.4,69.35,69.4
1664260200,69.95,69.95,69.95,69.95
1664262000,69.9,70.35,69.55,69.8
1664263800,69.8,70.15,69.55,69.75
1664265600,69.75,70.1,69.7,69.95
1664267400,69.95,70.55,69.85,70.5
1664269200,70.5,71.3,70.4,71.1
1664271000,71.1,71.35,71,71.1
1664272800,71.15,71.35,71,71.3
1664274600,71.3,71.5,71.1,71.25
1664276400,71.2,71.65,71.2,71.65
1664278200,71.65,72.15,71.6,71.65
1664280000,71.65,72,71.5,71.75
1664281800,71.75,71.8,71.55,71.6
1664283600,71.55,72.1,71.55,71.6
1664285400,71.6,72.1,71.55,71.8
1664287200,71.75,71.8,70.9,71.1
1664289000,71.1,71.15,70.35,70.95
1664290800,71,71,71,71
1664346600,70.7,70.7,70.7,70.7
1664348400,70.7,71.05,70.2,70.25
1664350200,70.3,70.75,70.25,70.55
1664352000,70.5,71.2,70.25,70.7
1664353800,70.7,70.8,70.15,70.25
1664355600,70.25,70.5,70.15,70.2
1664357400,70.25,70.5,70.05,70.35
1664359200,70.35,70.6,70.25,70.45
1664361000,70.45,70.6,70.3,70.35
1664362800,70.35,70.45,70.1,70.2
1664364600,70.2,70.2,69.55,69.8
1664366400,69.75,69.9,69.45,69.65
1664368200,69.6,69.9,69.4,69.7
1664370000,69.7,69.85,69.35,69.45
1664371800,69.45,69.5,68.9,69.4
1664373600,69.4,69.6,69.1,69.55
1664375400,69.55,69.55,69.1,69.2
1664377200,69.15,69.2,68.95,68.95
1664433000,69.45,69.45,69.45,69.45
1664434800,69.4,69.65,68.45,69
1664436600,69.05,69.3,68.7,69.15
1664438400,69.15,69.4,68.9,69
1664440200,69,69,68.2,68.4
1664442000,68.45,68.95,68.35,68.8
1664443800,68.8,69.2,68.75,69
1664445600,69.05,69.4,69,69.3
1664447400,69.3,70.2,68.9,70
1664449200,70,70.55,69.95,70.3
1664451000,70.3,70.35,69.6,69.7
1664452800,69.7,70.3,69.65,70.05
1664454600,70.05,70.1,69.35,69.5
1664456400,69.45,70.35,69.35,69.85
1664458200,69.8,70.05,68.7,68.7
1664460000,68.75,68.85,66,66
1664461800,65.8,68.55,65.05,68.4
1664463600,68.6,68.6,68.6,68.6
1664519400,68.65,68.65,68.65,68.65
1664521200,68.65,69.1,68.05,68.1
1664523000,68.1,69,68.05,68.8
1664524800,68.8,69.4,68.6,68.9
1664526600,68.9,69.1,68.35,68.55
1664528400,68.6,68.7,68.15,68.3
1664530200,68.25,68.75,68.1,68.55
1664532000,68.55,68.75,68.5,68.5
1664533800,68.55,68.7,68.2,68.3
1664535600,68.25,68.5,67.9,68.4
1664537400,68.4,68.8,68.2,68.75
1664539200,68.75,68.95,68.6,68.85
1664541000,68.85,69.4,68.6,68.65
1664542800,68.65,69,68.5,68.75
1664544600,68.8,68.95,68.2,68.6
1664546400,68.55,68.75,68.35,68.6
1664548200,68.6,70.55,68.6,70.35
1664550000,70.6,70.6,70.6,70.6
1664778600,71.5,71.5,71.5,71.5
1664780400,71.4,72.95,71.3,72.65
1664782200,72.65,73.55,72.6,73.3
1664784000,73.3,73.5,72.9,73.15
1664785800,73.15,75.4,73.05,75.15
1664787600,75.1,75.65,74.75,74.8
1664789400,74.8,75.1,74.7,74.8
1664791200,74.75,75.3,74.6,75
1664793000,75,75.2,74.7,75.1
1664794800,75.1,75.6,75,75.4
1664796600,75.4,75.55,75.05,75.35
1664798400,75.35,75.45,74.75,75.2
1664800200,75.2,75.35,75.05,75.1
1664802000,75.05,75.65,74.95,75.15
1664803800,75.2,76.05,75.05,75.65
1664805600,75.7,77.5,75.6,77.3
1664807400,77.35,77.65,76.95,77.65
1664809200,77.65,77.65,77.65,77.65
1664865000,79.3,79.3,79.3,79.3
1664866800,79.25,79.8,78.35,79.25
1664868600,79.25,81.15,78.65,80.9
1664870400,80.9,81.45,79.05,79.75
1664872200,79.75,79.75,78.8,79.35
1664874000,79.35,79.4,78.2,78.9
1664875800,78.9,79.8,78.85,79.5
1664877600,79.5,79.75,78.95,79.3
1664879400,79.3,79.5,79.2,79.4
1664881200,79.45,79.65,79.2,79.6
1664883000,79.6,80.4,79.55,79.65
1664884800,79.65,80.25,79.6,80.25
1664886600,80.25,80.75,79.8,79.9
1664888400,79.9,80.1,79.5,79.9
1664890200,79.9,80.45,79.8,80.05
1664892000,80.1,81.1,79.75,80.7
1664893800,80.7,81,79.05,80.5
1664895600,80.5,80.8,80.5,80.8
1664951400,81.6,81.6,81.6,81.6
1664953200,81.6,83.4,81,83.4
1664955000,83.4,83.45,82.55,83.2
1664956800,83.25,83.35,81.4,81.85
1664958600,81.8,82.65,81.15,82.25
1664960400,82.25,82.5,81.95,82.4
1664962200,82.35,82.75,82.2,82.5
1664964000,82.5,83.1,82.45,83.05
1664965800,83,83.4,82.85,82.9
1664967600,82.9,83.3,82.85,83.25
1664969400,83.25,83.75,83.05,83.4
1664971200,83.45,83.45,82.8,82.9
1664973000,82.9,82.95,82.35,82.6
1664974800,82.65,82.9,82.45,82.55
1664976600,82.55,83.4,81.95,82.5
1664978400,82.45,82.6,81.55,82.15
1664980200,82.15,84.9,81.95,84.5
1664982000,84.6,84.8,84.6,84.8
1665037800,84.95,84.95,84.95,84.95
1665039600,84.9,84.95,83.45,83.9
1665041400,83.9,84.85,83.7,84.55
1665043200,84.55,85.15,83.85,84.1
1665045000,84.05,84.3,83.65,83.85
1665046800,83.85,84.05,83.5,83.75
1665048600,83.75,83.9,83.4,83.65
1665050400,83.6,84.1,83.5,83.85
1665052200,83.85,84.3,83.8,84.15
1665054000,84.15,84.25,83.75,83.9
1665055800,83.85,84.05,83.7,83.95
1665057600,83.95,85.05,83.95,84.5
1665059400,84.5,84.85,84.15,84.55
1665061200,84.6,84.7,84.25,84.5
1665063000,84.5,84.7,84.4,84.45
1665064800,84.45,84.55,83.7,83.9
1665066600,83.9,85.1,83.4,84.75
1665068400,84.75,84.75,84.7,84.7
1665124200,85.1,85.1,85.1,85.1
1665126000,85.05,86.55,84.4,85.65
1665127800,85.65,85.65,83.6,84.2
1665129600,84.2,84.4,84.05,84.35
1665131400,84.3,84.6,84.25,84.4
1665133200,84.4,84.5,84.1,84.35
1665135000,84.35,84.45,84.05,84.25
1665136800,84.2,84.4,84.15,84.25
1665138600,84.25,84.3,84.1,84.2
1665140400,84.2,84.35,83.7,84.25
1665142200,84.25,84.4,84.1,84.2
1665144000,84.2,84.75,84.05,84.45
1665145800,84.5,85.1,84.15,84.15
1665147600,84.15,84.4,84,84.25
1665149400,84.25,84.4,83.75,84.15
1665151200,84.15,85.6,84.1,85.4
1665153000,85.4,85.55,84.1,84.4
1665154800,84.4,84.4,84.2,84.2
1665383400,84.5,84.5,84.5,84.5
1665385200,84.5,85.75,84.3,85.7
1665387000,85.7,86.1,85.35,85.4
1665388800,85.35,85.75,85,85.35
1665390600,85.35,85.5,85.15,85.5
1665392400,85.45,85.9,85.45,85.7
1665394200,85.7,86.1,85.65,85.8
1665396000,85.8,86,85.7,85.95
1665397800,85.95,86.1,85.75,85.8
1665399600,85.85,86,85.45,85.8
1665401400,85.85,86.35,85.8,86.2
1665403200,86.2,86.25,85.75,85.9
1665405000,85.9,86.15,85.8,86.1
1665406800,86.1,86.45,85.8,86.15
1665408600,86.15,86.35,85.85,86.3
1665410400,86.3,86.3,85.85,86.05
1665412200,86,86.45,85.35,86.3
1665414000,86.35,86.35,86.15,86.15
1665469800,86.3,86.3,86.3,86.3
1665471600,86.25,86.35,85.3,85.65
1665473400,85.7,86.5,85.55,86.15
1665475200,86.15,86.25,85.9,86.05
1665477000,86.05,86.15,85.65,85.85
1665478800,85.85,86.05,85.65,85.9
1665480600,85.95,86,85.75,85.95
1665482400,85.95,86,85.55,85.7
1665484200,85.7,86,85.55,85.85
1665486000,85.9,86.15,85.85,86.05
1665487800,86.05,86.1,85.9,86
1665489600,86,86.15,85.9,86.15
1665491400,86.15,86.45,85.95,85.95
1665493200,85.95,86.15,85.6,85.75
1665495000,85.75,85.85,85.35,85.5
1665496800,85.5,85.7,84.65,84.9
1665498600,84.9,85.5,84.6,84.75
1665500400,84.75,84.75,84.5,84.5
1665556200,84.6,84.6,84.6,84.6
1665558000,84.6,84.85,83.85,84.05
1665559800,84.05,84.5,83.95,84.1
1665561600,84.15,85.25,83.9,84.45
1665563400,84.45,85.15,84.3,85.15
1665565200,85.1,85.9,84.85,85.65
1665567000,85.65,86.05,85.4,85.7
1665568800,85.75,85.95,85.4,85.6
1665570600,85.55,85.7,84.8,84.8
1665572400,84.85,85.75,84.75,85.6
1665574200,85.65,86.05,85.55,85.95
1665576000,85.95,86.05,85.2,85.4
1665577800,85.35,85.8,85.15,85.35
1665579600,85.3,85.3,84.65,85.05
1665581400,85,85.35,84.8,85.2
1665583200,85.25,85.3,84.05,84.15
1665585000,84.15,85.6,84.15,85.05
1665586800,85.1,85.1,85.1,85.1
1665642600,85.6,85.6,85.6,85.6
1665644400,85.65,86.15,85.4,86
1665646200,86,86.35,85.85,85.95
1665648000,85.95,86.25,85.55,85.9
1665649800,85.9,86.85,85.8,86.85
1665651600,86.85,87.1,86.8,86.95
1665653400,86.95,88,86.9,88
1665655200,88,88,87.3,87.45
1665657000,87.45,88.1,87.4,88
1665658800,88,88.3,87.85,87.95
1665660600,87.95,88.1,87.75,87.85
1665662400,87.9,88.05,87.4,87.75
1665664200,87.75,87.85,86.9,87.4
1665666000,87.4,87.7,86.85,87.1
1665667800,87.1,87.6,86.7,87.4
1665669600,87.4,88.3,87.3,87.75
1665671400,87.75,87.85,87.35,87.75
1665673200,87.8,88,87.8,88
1665729000,90.2,90.2,90.2,90.2
1665730800,90.2,90.45,89.45,89.9
1665732600,89.9,90.1,89.3,89.7
1665734400,89.65,90.05,89.5,89.85
1665736200,89.85,90,89.6,89.65
1665738000,89.65,89.8,89.5,89.55
1665739800,89.55,89.7,89.35,89.5
1665741600,89.5,89.7,89.4,89.7
1665743400,89.7,89.85,89.6,89.8
1665745200,89.8,89.95,89.65,89.85
1665747000,89.85,89.85,89.65,89.75
1665748800,89.75,89.9,89.6,89.7
1665750600,89.7,89.85,89.3,89.8
1665752400,89.8,90.1,89.75,89.95
1665754200,89.95,90,89.5,89.7
1665756000,89.75,89.75,88.65,89.15
1665757800,89.15,90.4,89.05,90.1
1665759600,90.1,90.1,90,90
1665988200,90.4,90.4,90.4,90.4
1665990000,90.4,91,89.6,90.85
1665991800,90.8,91.9,90.75,91.65
1665993600,91.65,91.8,91.3,91.65
1665995400,91.65,94.25,91.55,93.85
1665997200,93.85,97.5,93.7,97.05
1665999000,97.05,98.6,97,97.65
1666000800,97.65,98.55,97.45,97.7
1666002600,97.7,97.95,97.15,97.2
1666004400,97.2,97.75,97.05,97.7
1666006200,97.65,98,97.55,97.8
1666008000,97.8,97.8,96.95,97.1
1666009800,97.15,97.6,97.05,97.45
1666011600,97.45,98.5,97.4,98.3
1666013400,98.3,98.65,98.15,98.25
1666015200,98.3,98.9,97.8,98.55
1666017000,98.6,98.75,98.35,98.55
1666018800,98.55,98.55,98.45,98.45
1666074600,99.7,99.7,99.7,99.7
1666076400,99.75,100.5,98.35,98.9
1666078200,98.85,99.35,98.05,98.85
1666080000,98.85,99.05,98.1,98.2
1666081800,98.25,98.55,97.7,98.25
1666083600,98.25,98.5,96.65,96.9
1666085400,96.85,97.55,96.45,97.5
1666087200,97.5,98.05,97.4,97.95
1666089000,98,98.55,97.95,98.2
1666090800,98.2,98.4,97.35,97.5
1666092600,97.5,97.75,97.3,97.6
1666094400,97.6,97.85,96.85,97.15
1666096200,97.2,97.85,97.2,97.4
1666098000,97.4,97.6,96.6,97.2
1666099800,97.25,97.75,96.8,97.65
1666101600,97.65,98.15,96.95,97
1666103400,97.05,97.45,95.9,96.9
1666105200,96.9,97.25,96.9,97.25
1666161000,97.7,97.7,97.7,97.7
1666162800,97.75,99,97.35,98.15
1666164600,98.15,98.3,96.75,97.4
1666166400,97.4,97.7,97.05,97.35
1666168200,97.35,98.05,97.3,97.7
1666170000,97.65,98.35,97.65,98.25
1666171800,98.25,98.45,97.75,97.9
1666173600,97.9,97.95,97.35,97.55
1666175400,97.6,97.65,97.35,97.6
1666177200,97.55,98.25,97.55,98.1
1666179000,98.1,98.4,97.95,98.05
1666180800,98.05,98.05,97.1,97.25
1666182600,97.25,97.3,96.9,97.25
1666184400,97.25,98.1,96.9,97.6
1666186200,97.6,97.95,97,97.25
1666188000,97.25,97.8,97.15,97.65
1666189800,97.6,97.65,97.15,97.3
1666191600,97.4,97.4,97.4,97.4
1666247400,97.6,97.6,97.6,97.6
1666249200,97.6,99.25,97.35,99.15
1666251000,99.2,99.45,98.7,99.05
1666252800,99.05,100.4,99.05,100.2
1666254600,100.2,100.9,99.8,100
1666256400,100,100.2,99.35,99.35
1666258200,99.35,99.65,99.25,99.5
1666260000,99.45,99.65,99.25,99.6
1666261800,99.6,100.1,99.45,99.6
1666263600,99.65,99.95,99.05,99.85
1666265400,99.85,100,99.4,99.45
1666267200,99.45,99.45,98.8,98.9
1666269000,98.95,99.1,98.65,98.9
1666270800,98.9,99.3,98.8,99.1
1666272600,99.1,99.7,98.95,99.45
1666274400,99.45,100.2,99.35,99.95
1666276200,99.9,99.95,98.85,99.25
1666278000,99.25,99.25,99.05,99.05
1666333800,99.05,99.05,99.05,99.05
1666335600,99,99.3,98.15,99.15
1666337400,99.1,99.55,98.9,99.05
1666339200,99,99.3,98.8,98.95
1666341000,98.95,98.95,98.25,98.45
1666342800,98.45,98.8,98.2,98.55
1666344600,98.55,98.8,98.4,98.7
1666346400,98.7,99.2,98.6,98.95
1666348200,98.9,99,98.65,98.7
1666350000,98.65,98.75,98.4,98.45
1666351800,98.4,98.8,98.25,98.55
1666353600,98.55,98.6,97.7,97.7
1666355400,97.7,98.1,97.6,98.05
1666357200,98.05,98.45,97.9,98.15
1666359000,98.15,98.2,97.6,97.95
1666360800,98,98.45,97.95,98.3
1666362600,98.25,98.95,97.85,98
1666364400,97.95,97.95,97.95,97.95
1666593000,98.5,98.5,98.5,98.5
1666594800,98.5,99.2,97.45,97.6
1666596600,97.65,98.2,97.3,97.45
1666598400,97.5,98.2,97.45,97.7
1666600200,97.75,98.85,97.7,98.7
1666602000,98.7,99.5,98.45,99.45
1666603800,99.45,99.75,99.2,99.65
1666605600,99.7,99.7,98.75,98.85
1666607400,98.85,99.05,98.65,99
1666609200,99,99.35,98.85,99
1666611000,99,99.1,98.65,99.1
1666612800,99.1,99.8,98.95,99.4
1666614600,99.4,99.65,99.15,99.6
1666616400,99.5,100.1,99.5,99.7
1666618200,99.7,100.2,99.65,99.9
1666620000,99.85,99.9,99.15,99.4
1666621800,99.4,99.6,99.05,99.45
1666623600,99.45,99.5,99.45,99.5
1666679400,100.1,100.1,100.1,100.1
1666681200,100.1,101.5,99.55,101.1
1666683000,101.1,101.6,100.6,100.8
1666684800,100.9,101.2,100.6,101.2
1666686600,101.2,101.4,100.8,101.1
1666688400,101.1,102,100.9,101.9
1666690200,101.9,102.1,101.6,101.7
1666692000,101.7,101.9,101.4,101.5
1666693800,101.5,101.8,101.5,101.6
1666695600,101.7,101.7,101.2,101.5
1666697400,101.5,101.5,101,101.4
1666699200,101.5,101.8,101.1,101.3
1666701000,101.3,101.4,99.75,100
1666702800,100,101.1,99.9,100.9
1666704600,100.9,101.2,100.3,101
1666706400,101,101.1,100.5,100.7
1666708200,100.8,100.8,99.9,100
1666710000,100,100.5,100,100.5
1666765800,101.2,101.2,101.2,101.2
1666767600,101.1,102.1,100.8,101.2
1666769400,101.3,101.6,101,101.2
1666771200,101.3,101.4,100.5,101
1666773000,101,101.1,100.4,100.5
1666774800,100.6,100.7,100.2,100.4
1666776600,100.5,100.5,99.75,99.9
1666778400,99.9,100.3,99.7,100
1666780200,100,100.2,99.9,100
1666782000,100,100.5,100,100.4
1666783800,100.5,100.6,100,100.4
1666785600,100.4,100.6,99.9,100.2
1666787400,100.1,100.3,99.9,100.3
1666789200,100.3,100.8,100.1,100.5
1666791000,100.6,100.6,99.8,99.8
1666792800,99.85,100.2,99.75,100.1
1666794600,100,100.1,98.8,98.85
1666796400,98.85,98.9,98.8,98.8
1666852200,99.1,99.1,99.1,99.1
1666854000,99.05,99.85,98.95,99.7
1666855800,99.75,99.8,98.4,98.7
1666857600,98.75,98.85,96.5,98.15
1666859400,98.15,98.6,97.9,98.55
1666861200,98.55,99.3,98.3,99.2
1666863000,99.25,99.55,99,99.2
1666864800,99.2,100.3,99.05,100
1666866600,100,100.4,98.8,98.9
1666868400,98.9,99.05,98.6,99
1666870200,99,99.5,98.9,99.45
1666872000,99.45,99.6,98.95,99.15
1666873800,99.15,99.75,99.15,99.7
1666875600,99.75,99.75,99.35,99.4
1666877400,99.4,99.5,98.65,98.7
1666879200,98.7,99.05,98.2,98.3
1666881000,98.35,99.5,98.25,99.2
1666882800,99.4,99.4,99.4,99.4
1666938600,98.7,98.7,98.7,98.7
1666940400,98.7,99.25,98.25,98.55
1666942200,98.55,98.55,97.95,98.1
1666944000,98.1,98.35,98,98.3
1666945800,98.3,98.75,97.85,97.95
1666947600,97.95,98.15,97.1,97.1
1666949400,97.2,97.2,96.95,96.95
1667197800,97.7,97.7,97.7,97.7
1667199600,97.7,97.95,97.25,97.4
1667201400,97.4,98.05,96.8,97.8
1667203200,97.75,98.2,97.4,98.15
1667205000,98.15,98.6,98.1,98.4
1667206800,98.4,98.55,98.1,98.3
1667208600,98.3,98.3,97.9,98.05
1667210400,98.1,98.2,97.9,98.15
1667212200,98.15,98.45,98.15,98.3
1667214000,98.25,99,98.25,98.9
1667215800,98.85,99.4,98.8,99.05
1667217600,99,99.4,98.95,99.15
1667219400,99.15,99.4,99,99.35
1667221200,99.4,99.9,99.25,99.75
1667223000,99.8,100.2,99.65,100
1667224800,100.1,101.5,100,101.1
1667226600,101,101.4,100.5,101.2
1667228400,101.3,101.3,101.3,101.3
1667284200,102.3,102.3,102.3,102.3
1667286000,102.3,103.9,101.7,103.5
1667287800,103.5,104.3,103.2,104.2
1667289600,104.1,104.8,103.7,103.9
1667291400,103.9,104,103,103.7
1667293200,103.7,104.1,103.5,103.7
1667295000,103.7,103.9,103.4,103.8
1667296800,103.8,104,102.8,103
1667298600,103,103.2,102.4,102.9
1667300400,102.9,103,102.5,102.7
1667302200,102.8,103,102.5,102.7
1667304000,102.6,102.7,102.3,102.4
1667305800,102.4,102.7,102,102.5
1667307600,102.5,102.5,101.1,101.8
1667309400,101.8,102.3,101.7,101.8
1667311200,101.7,102.2,101.3,102.2
1667313000,102.3,102.5,101.7,102.2
1667314800,102.3,102.4,102.3,102.4
1667370600,102.7,102.7,102.7,102.7
1667372400,102.7,102.8,101.9,102.3
1667374200,102.4,102.4,101.5,102
1667376000,101.9,102.3,101.8,102.2
1667377800,102.1,102.2,101,101.4
1667379600,101.4,101.5,100.4,100.5
1667381400,100.5,101.4,100.5,101.2
1667383200,101.1,101.4,101,101.3
1667385000,101.2,101.8,101.2,101.6
1667386800,101.6,101.8,101.3,101.4
1667388600,101.4,101.6,101.1,101.5
1667390400,101.4,101.9,101.2,101.8
1667392200,101.8,102.1,101,101.1
1667394000,101.2,101.8,100.9,101.4
1667395800,101.3,101.6,101.1,101.4
1667397600,101.3,101.8,101.1,101.2
1667399400,101.2,101.4,100.7,101.2
1667401200,101.1,101.1,100.8,100.8
1667457000,103,103,103,103
1667458800,102.9,104.1,101.4,101.7
1667460600,101.6,102.2,101,102.1
1667462400,102,102.9,102,102.7
1667464200,102.7,104.5,102.5,104
1667466000,104,104.3,103.3,103.5
1667467800,103.6,103.6,102.8,103
1667469600,102.9,103,102.4,102.7
1667471400,102.7,102.7,101.9,102.4
1667473200,102.4,102.4,101.8,102.2
1667475000,102.2,102.3,101.8,102
1667476800,102,102.3,101.6,102
1667478600,101.9,102.2,101.4,102
1667480400,102,102.3,101.6,102.1
1667482200,102.1,102.8,101.9,102.4
1667484000,102.3,102.5,101.5,101.9
1667485800,101.8,102.5,101.6,102
1667487600,102,102,101.8,101.8
1667543400,102.1,102.1,102.1,102.1
1667545200,102.1,103.2,101.8,102.8
1667547000,102.9,103.4,102.5,102.8
1667548800,102.8,104.2,102.7,103.9
1667550600,103.9,106.3,103.7,106.1
1667552400,106.1,106.4,105,105.9
1667554200,106,106.4,105.8,105.9
1667556000,105.9,106.1,105.5,105.8
1667557800,105.8,106.2,105.2,105.3
1667559600,105.3,105.4,104.6,104.6
1667561400,104.7,104.8,103.9,104.4
1667563200,104.3,105.2,104.3,104.9
1667565000,104.9,105.7,104.8,105.6
1667566800,105.7,106.2,105.5,105.8
1667568600,105.9,105.9,103.5,103.7
1667570400,103.6,104.1,103.2,103.7
1667572200,103.6,104.8,103.5,104.1
1667574000,104.2,104.2,104.2,104.2
1667802600,104.9,104.9,104.9,104.9
1667804400,104.9,105,104.1,104.5
1667806200,104.5,105.2,104.1,104.4
1667808000,104.3,104.7,103.4,103.6
1667809800,103.6,103.9,103,103.6
1667811600,103.7,104.1,103.5,104.1
1667813400,104,104.3,103.8,104.1
1667815200,104.1,104.5,103.4,103.6
1667817000,103.6,103.8,102.8,103.7
1667818800,103.7,104,103.6,103.9
1667820600,104,104,103.5,103.8
1667822400,103.7,105.7,103.5,104.9
1667824200,104.8,105.4,104.6,105.3
1667826000,105.3,105.3,104.6,104.8
1667827800,104.8,105.2,104.7,105
1667829600,105.1,106.6,104.8,106.1
1667831400,106.1,107.6,105.5,106.8
1667833200,106.9,107.2,106.9,107.2
1667889000,107.2,107.2,107.2,107.2
1667890800,107.1,108,105.6,107.5
1667892600,107.6,110.2,107.4,110.1
1667894400,110,112.2,109.8,110.7
1667896200,110.6,110.7,109.7,110.3
1667898000,110.3,111,110,110.9
1667899800,110.9,112,110.9,111.7
1667901600,111.8,114.3,111.2,114.2
1667903400,114.1,115.5,113.2,114.7
1667905200,114.6,115.3,114.5,114.6
1667907000,114.6,115.4,114.4,114.7
1667908800,114.7,114.8,112.7,113.7
1667910600,113.7,114.3,113.4,113.9
1667912400,113.9,114.1,113,113.1
1667914200,113.2,114.9,113.1,114.4
1667916000,114.3,114.5,112.6,112.9
1667917800,112.9,114.1,112.5,113.4
1667919600,113.3,113.3,113,113
1667975400,113,113,113,113
1667977200,112.9,115,112.6,114.6
1667979000,114.6,116.2,114.5,114.7
1667980800,114.7,114.7,113,113.6
1667982600,113.6,114.1,113.1,113.8
1667984400,113.8,114,113,113.3
1667986200,113.3,113.4,112.4,112.7
1667988000,112.7,113.5,112.5,113
1667989800,113,113.2,112.6,113.1
1667991600,113,113.2,112.8,113.1
1667993400,113.1,114,113,113.6
1667995200,113.7,113.8,113.1,113.3
1667997000,113.3,113.4,112.6,112.8
1667998800,112.7,112.8,112,112.2
1668000600,112.3,113,112,112.5
1668002400,112.5,112.7,111.8,112
1668004200,112,112,111,111.2
1668006000,111.3,111.3,111.2,111.2
1668061800,111.3,111.3,111.3,111.3
1668063600,111.4,113.4,111.3,112.6
1668065400,112.6,113,112.2,112.8
1668067200,112.8,114.3,112.4,114.2
1668069000,114.2,114.3,113.6,113.6
1668070800,113.7,113.7,112.7,112.7
1668072600,112.8,113,112.5,112.9
1668074400,112.9,113.4,112.8,112.9
1668076200,112.9,113,112.4,112.6
1668078000,112.6,112.7,111.5,111.7
1668079800,111.8,112.1,111.3,111.4
1668081600,111.4,111.7,110.9,111.5
1668083400,111.5,111.9,111.4,111.7
1668085200,111.6,112.1,111.5,111.8
1668087000,111.9,113.4,111.9,113.3
1668088800,113.4,113.6,112.4,112.6
1668090600,112.6,113.5,112.2,113.2
1668092400,113.2,113.4,113.1,113.4
1668148200,115.1,115.1,115.1,115.1
1668150000,115.2,115.6,114.3,115.4
1668151800,115.4,115.5,113.9,114.1
1668153600,114.2,114.2,113.2,113.4
1668155400,113.3,114.2,112.9,114
1668157200,114,114.2,113.6,113.7
1668159000,113.8,113.9,113.1,113.5
1668160800,113.5,113.9,113.3,113.7
1668162600,113.7,113.8,113.2,113.3
1668164400,113.3,113.9,113.3,113.7
1668166200,113.7,114,113.6,113.7
1668168000,113.7,113.7,112.5,113
1668169800,113,113.1,112.7,112.7
1668171600,112.7,113.1,112.6,112.8
1668173400,112.8,113,112.5,113
1668175200,113,113.7,112.3,112.4
1668177000,112.4,112.4,111.1,112
1668178800,112,112,111.5,111.5
1668407400,107.5,107.5,107.5,107.5
1668409200,107.6,110.4,107.6,109.5
1668411000,109.5,110.9,108.7,110.7
1668412800,110.6,111.7,110.6,111.3
1668414600,111.3,111.4,110.2,110.8
1668416400,110.9,111,109.9,110.3
1668418200,110.3,110.3,109.9,110.3
1668420000,110.3,110.4,109.8,110.4
1668421800,110.4,110.6,110,110.2
1668423600,110.1,110.4,109.8,110.2
1668425400,110.3,110.7,109.6,109.7
1668427200,109.6,109.7,109.2,109.6
1668429000,109.6,110.1,109.5,109.8
1668430800,109.8,109.9,109.5,109.7
1668432600,109.7,110.2,109.5,109.9
1668434400,109.9,110.3,109.2,109.8
1668436200,109.9,109.9,109.1,109.6
1668438000,109.5,109.7,109.5,109.7
1668493800,112.2,112.2,112.2,112.2
1668495600,112.3,113.1,111.7,112
1668497400,112.1,113.1,111.8,112.5
1668499200,112.6,112.8,109.2,110.8
1668501000,110.7,111.1,109.6,110
1668502800,109.9,110,107.9,109.3
1668504600,109.3,110.2,109.1,110
1668506400,109.9,110.4,109.5,109.8
1668508200,109.7,109.9,108.7,109.3
1668510000,109.2,109.5,109,109.1
1668511800,109.1,109.4,108.5,109
1668513600,108.9,109.6,108.7,109.5
1668515400,109.6,110.1,109.4,109.9
1668517200,109.9,110,109.3,109.6
1668519000,109.6,110.2,108.9,109.2
1668520800,109.2,109.5,108.8,109.3
1668522600,109.2,109.7,108.7,109.1
1668524400,109.1,109.1,109,109
1668580200,109.5,109.5,109.5,109.5
1668582000,109.5,109.6,108.5,108.9
1668583800,108.9,108.9,108,108.3
1668585600,108.3,108.4,106.7,107
1668587400,107,108,106.7,107
1668589200,107,107.6,106.9,107.4
1668591000,107.5,107.5,106.4,107.2
1668592800,107.2,107.2,106.6,106.7
1668594600,106.6,106.8,106.4,106.7
1668596400,106.7,106.7,105.2,106.3
1668598200,106.2,106.5,106,106.1
1668600000,106.2,106.3,104.6,105.4
1668601800,105.4,105.4,104.1,105
1668603600,105,105.3,104.3,104.9
1668605400,105,106,104.7,105.6
1668607200,105.6,107,104.1,106.4
1668609000,106.4,106.6,104.7,105
1668610800,105,105,104.6,104.6
1668666600,105,105,105,105
1668668400,104.9,105.1,101.4,102
1668670200,102,107,101.7,106.2
1668672000,106.3,107,105.3,106.6
1668673800,106.6,108.9,106.3,108
1668675600,108,108.4,106.8,108
1668677400,108.1,108.2,107.5,107.5
1668679200,107.5,108,107.1,107.7
1668681000,107.7,108.2,107.4,108
1668682800,108,108.5,107.6,107.7
1668684600,107.7,108.4,107.6,108.2
1668686400,108.2,108.6,107.8,108.3
1668688200,108.4,108.6,107.5,107.6
1668690000,107.5,108.1,107.4,107.7
1668691800,107.7,108.5,106.7,106.8
1668693600,106.8,108,106.6,107.3
1668695400,107.3,107.4,106.7,107.3
1668697200,107.3,107.4,107,107
1668753000,107.5,107.5,107.5,107.5
1668754800,107.5,107.9,106.5,106.8
1668756600,106.9,109,106.7,108.9
1668758400,108.8,109.4,108.4,109
1668760200,109,109.1,107.6,107.9
1668762000,107.8,108.4,107.6,108.1
1668763800,108.2,108.4,107.8,107.9
1668765600,108,108,107.1,107.4
1668767400,107.4,107.8,106.8,106.8
1668769200,106.8,106.9,106,106.9
1668771000,106.8,107,106.2,106.9
1668772800,106.9,107.5,106.5,107.2
1668774600,107.3,107.3,106.5,106.9
1668776400,106.9,107,106.6,106.8
1668778200,106.7,107.1,106.3,106.9
1668780000,106.8,107.1,105.7,105.9
1668781800,105.9,106.7,105.7,106.4
1668783600,106.5,106.6,106.5,106.6
1669012200,106.7,106.7,106.7,106.7
1669014000,106.7,107.8,106.4,107.6
1669015800,107.5,107.7,107.2,107.4
1669017600,107.3,107.4,106.5,107
1669019400,106.9,107,106.6,106.7
1669021200,106.6,106.8,105.8,106.1
1669023000,106.1,106.4,105.8,106.3
1669024800,106.3,106.3,105.6,105.7
1669026600,105.6,105.7,104.7,104.9
1669028400,104.9,105.1,104.4,104.7
1669030200,104.7,105.3,104.7,105.1
1669032000,105.1,105.2,104.8,105.1
1669033800,105.1,105.1,104.5,104.8
1669035600,104.8,105.4,104.7,105.4
1669037400,105.4,105.6,105.1,105.5
1669039200,105.5,106.3,105.4,105.8
1669041000,105.8,106.9,105.7,106.9
1669042800,106.9,106.9,106.8,106.9
1669098600,107.8,107.8,107.8,107.8
1669100400,107.8,108.7,107.4,108.5
1669102200,108.6,109.1,108.4,108.6
1669104000,108.7,109.2,108.2,108.4
1669105800,108.3,108.5,107.9,108.3
1669107600,108.2,108.4,108,108.3
1669109400,108.3,108.5,107.8,108
1669111200,108,108.4,107.6,107.9
1669113000,107.8,107.9,107.2,107.4
1669114800,107.3,107.6,107.2,107.4
1669116600,107.4,108.1,107.3,108
1669118400,107.9,108.4,107.9,108.2
1669120200,108.2,109.1,108.2,108.8
1669122000,108.8,109.5,108.3,109.3
1669123800,109.3,109.9,109,109.3
1669125600,109.3,109.6,108.8,109
1669127400,109,111.1,108.9,111
1669129200,111,111.2,111,111.2
1669185000,111.6,111.6,111.6,111.6
1669186800,111.6,113.5,110.9,112.4
1669188600,112.4,112.7,111.9,112.2
1669190400,112.3,113,111.7,112.4
1669192200,112.4,112.7,112.2,112.7
1669194000,112.7,112.9,112.4,112.7
1669195800,112.6,113.1,112.5,112.8
1669197600,112.9,112.9,112.3,112.6
1669199400,112.6,112.6,111.7,112.2
1669201200,112.1,112.3,111.9,112.3
1669203000,112.3,112.7,112,112.4
1669204800,112.4,112.6,112,112.2
1669206600,112.1,112.2,111.8,112
1669208400,112.1,112.2,111.6,111.8
1669210200,111.8,112.2,111.6,112
1669212000,112,113,112,112.7
1669213800,112.8,113,112.4,112.6
1669215600,112.5,112.5,112.5,112.5
1669271400,112.8,112.8,112.8,112.8
1669273200,112.8,113.5,112.5,113.3
1669275000,113.4,113.4,112.6,112.8
1669276800,112.8,113.3,112.4,112.7
1669278600,112.7,113,112.5,112.7
1669280400,112.7,112.8,112.4,112.7
1669282200,112.6,112.8,112.5,112.7
1669284000,112.8,113,112.6,112.8
1669285800,112.8,112.8,112.5,112.7
1669287600,112.8,113.3,112.2,112.8
1669289400,112.8,113.2,112.7,112.9
1669291200,113,114.5,112.7,114.2
1669293000,114.2,114.3,113.2,113.7
1669294800,113.7,113.7,111.8,112.5
1669296600,112.5,112.8,111.3,112
1669298400,111.9,112.7,111.7,112.5
1669300200,112.6,113,111.5,111.9
1669302000,111.9,111.9,111.5,111.6
1669357800,112,112,112,112
1669359600,112.1,112.6,111.4,111.7
1669361400,111.7,111.8,111.1,111.3
1669363200,111.3,111.5,110.8,110.8
1669365000,110.8,111.2,110.5,111
1669366800,110.9,111.3,110.8,111
1669368600,111.1,111.2,110.8,111.1
1669370400,111.1,111.5,111,111.3
1669372200,111.3,111.9,111.2,111.8
1669374000,111.8,111.9,111.5,111.6
1669375800,111.7,111.7,111.2,111.6
1669377600,111.6,112.2,111.6,111.8
1669379400,111.8,112.1,111.5,111.7
1669381200,111.7,112.1,111.6,112
1669383000,112,113.4,111.8,112.8
1669384800,112.9,113,111.8,112.1
1669386600,112.1,114,111.9,113.8
1669388400,113.8,113.8,113.7,113.8
1669617000,114.5,114.5,114.5,114.5
1669618800,114.5,115.1,114.2,114.6
1669620600,114.7,114.8,114.2,114.5
1669622400,114.5,114.5,113.8,114.1
1669624200,114.1,114.5,113.9,114.2
1669626000,114.2,116.3,114.1,116.2
1669627800,116.1,117.4,116,116.6
1669629600,116.5,116.9,116.4,116.7
1669631400,116.7,117.2,116.5,117.1
1669633200,117.1,117.5,116.5,116.6
1669635000,116.6,116.7,116,116.4
1669636800,116.5,116.7,116.2,116.5
1669638600,116.5,116.5,115.5,115.7
1669640400,115.7,116.3,115.6,116.2
1669642200,116.2,116.6,115.9,116
1669644000,116,116.4,115.4,115.5
1669645800,115.6,116.1,114.9,115.2
1669647600,115.2,115.2,115.1,115.1
1669703400,115.7,115.7,115.7,115.7
1669705200,115.7,116.6,115.1,115.8
1669707000,115.7,115.8,113.4,114.3
1669708800,114.3,116.3,114.2,115.8
1669710600,115.8,116,115.3,115.9
1669712400,115.9,116.7,115.6,116.4
1669714200,116.5,117.2,116.4,116.8
1669716000,116.9,117.4,116.7,117
1669717800,117,117.6,116.7,117.2
1669719600,117.3,117.4,117.1,117.3
1669721400,117.2,117.5,116.5,116.8
1669723200,116.9,117.5,116.7,117.3
1669725000,117.3,118.2,117,117.8
1669726800,117.9,118.2,117.3,118.1
1669728600,118.1,119.1,118.1,118.6
1669730400,118.6,119.2,118.6,119.1
1669732200,119,121,118.8,120.6
1669734000,120.7,120.7,120.5,120.5
1669789800,120.5,120.5,120.5,120.5
1669791600,120.4,121.1,119.6,120.7
1669793400,120.6,121,119.7,120.2
1669795200,120.3,120.6,119.6,119.9
1669797000,119.8,119.9,119.1,119.5
1669798800,119.5,120.1,119.4,120
1669800600,120,120.1,119.3,119.5
1669802400,119.5,120,119.4,119.8
1669804200,119.9,119.9,119.3,119.4
1669806000,119.4,119.4,118.7,119.4
1669807800,119.4,120,119.3,119.9
1669809600,119.9,119.9,119.5,119.7
1669811400,119.7,120.4,119.7,120.2
1669813200,120.2,120.3,119.5,119.6
1669815000,119.6,120.5,119.4,119.7
1669816800,119.7,119.7,119.1,119.5
1669818600,119.4,119.7,119.2,119.4
1669820400,119.4,120,119.4,120
1669876200,122.5,122.5,122.5,122.5
1669878000,122.5,124.9,122.3,124.4
1669879800,124.4,124.5,123.6,124.2
1669881600,124.2,126.1,124,125.7
1669883400,125.7,125.7,124.7,124.9
1669885200,125,125.1,124.7,125
1669887000,124.9,125.7,124.9,125.3
1669888800,125.4,125.4,124.7,124.9
1669890600,124.9,125,124.4,124.7
1669892400,124.6,124.8,124,124.5
1669894200,124.4,125,124.4,124.9
1669896000,124.9,125.2,124.8,125
1669897800,125,125.5,124.4,124.9
1669899600,125,125,124,124.1
1669901400,124.1,124.7,123.6,123.7
1669903200,123.8,125.1,123.5,124.7
1669905000,124.6,125.5,124.4,124.9
1669906800,124.4,124.4,124.4,124.4
1669962600,124.4,124.4,124.4,124.4
1669964400,124.4,125.3,123.7,125.2
1669966200,125.2,127,125.1,126.1
1669968000,126.1,126.4,125.2,126
1669969800,126,126.2,125.5,126
1669971600,125.9,126.1,124.8,125.7
1669973400,125.7,125.8,124.9,125.2
1669975200,125.1,125.2,124.5,124.8
1669977000,124.8,125.5,124.8,125.3
1669978800,125.3,127.6,125.3,127.6
1669980600,127.6,129.1,127.2,128.2
1669982400,128.2,128.6,127.6,128.2
1669984200,128.2,129.2,128,128.4
1669986000,128.5,128.9,128.2,128.4
1669987800,128.4,128.9,127.3,128
1669989600,128,128.9,127.2,128.7
1669991400,128.7,128.9,127.1,128.6
1669993200,128.6,128.6,128.3,128.3
1670221800,129.6,129.6,129.6,129.6
1670223600,129.7,131.6,129.1,131.1
1670225400,131.1,131.4,129.7,130.4
1670227200,130.4,130.4,127.5,128.8
1670229000,128.9,129.4,128.7,129.3
1670230800,129.2,129.2,127.2,127.4
1670232600,127.4,129.3,127.3,129.2
1670234400,129.1,129.6,128.7,129.4
1670236200,129.4,130.2,129,129.9
1670238000,129.9,130.7,129.9,130.1
1670239800,130.1,130.8,129.6,130.7
1670241600,130.7,133.4,130.6,132.6
1670243400,132.7,138.6,132.6,138.1
1670245200,138.1,138.2,135.2,137.2
1670247000,137.2,138.8,136.2,138.1
1670248800,138.3,140.9,138,140.4
1670250600,140.4,141,137.3,138.6
1670252400,138.7,138.7,138.6,138.6
1670308200,138.8,138.8,138.8,138.8
1670310000,138.8,140,137.1,137.6
1670311800,137.7,139.6,137.5,138.8
1670313600,138.9,138.9,136.1,137.5
1670315400,137.4,139.1,136.4,138.2
1670317200,138.1,138.6,137.5,137.9
1670319000,137.9,138.4,137.5,138
1670320800,138,138.2,137.3,137.5
1670322600,137.5,137.5,135.3,136
1670324400,135.9,136,134.7,134.8
1670326200,134.8,135.1,133.4,134.5
1670328000,134.4,135.6,134.4,135.6
1670329800,135.5,135.7,134.4,134.7
1670331600,134.6,135.3,134.1,135.2
1670333400,135.2,135.7,134.9,135.5
1670335200,135.6,136.8,135.5,135.9
1670337000,135.9,136.1,135.3,135.4
1670338800,135.5,135.6,135.5,135.6
1670394600,136.8,136.8,136.8,136.8
1670396400,136.8,139.3,136.5,138.5
1670398200,138.4,138.5,137.6,137.9
1670400000,137.9,138,137.4,137.7
1670401800,137.6,137.7,136.6,136.9
1670403600,136.8,137,136.3,136.5
1670405400,136.5,136.5,135.6,136.1
1670407200,136.1,137.5,136.1,137.2
1670409000,137.2,137.6,136.6,137.1
1670410800,137.1,137.2,136.6,137.2
1670412600,137.1,137.6,136.9,136.9
1670414400,137,137.1,136.4,136.8
1670416200,136.8,138.8,136.3,138.2
1670418000,138.2,138.3,135.4,137.1
1670419800,137.1,137.2,135.5,135.8
1670421600,135.8,135.9,130.3,132.8
1670423400,132.9,136.5,132.8,134.8
1670425200,134.8,134.8,134.7,134.7
1670481000,135,135,135,135
1670482800,134.9,135.9,133.5,134.8
1670484600,134.8,136.2,134.6,135.7
1670486400,135.7,137.3,135.5,136.2
1670488200,136.1,136.3,135.5,135.7
1670490000,135.6,137.7,135.6,137.2
1670491800,137.1,138,135.9,136.2
1670493600,136.2,136.2,134.7,135.4
1670495400,135.5,136.3,135.3,135.6
1670497200,135.7,135.7,132.7,134.2
1670499000,134.2,135.5,134.1,135.2
1670500800,135.3,135.8,134.9,135.7
1670502600,135.6,136,134.9,135.8
1670504400,135.7,136.3,135.2,136
1670506200,136,136.1,134.7,135.8
1670508000,135.8,136.2,135.3,135.9
1670509800,135.9,136.1,135.1,135.4
1670511600,135.8,135.8,135.8,135.8
1670567400,135.8,135.8,135.8,135.8
1670569200,135.8,136.8,135.4,136.6
1670571000,136.6,137.7,136.4,137.6
1670572800,137.7,139.4,137.6,139
1670574600,139.1,139.8,138.9,139.5
1670576400,139.4,139.5,138.6,139.1
1670578200,139.1,139.4,138.9,139.1
1670580000,139.1,139.3,138.8,139.1
1670581800,139,139.3,138.4,139.1
1670583600,139,140.7,139,140.3
1670585400,140.3,142.3,140.2,141.2
1670587200,141.2,141.3,140.5,140.9
1670589000,140.9,141.2,140.4,140.9
1670590800,140.9,140.9,139.6,140.3
1670592600,140.4,141.1,139.5,140.9
1670594400,140.9,142.1,140.8,142.1
1670596200,142.1,142.1,140.8,141.1
1670598000,141.1,141.1,141,141
1670826600,142.5,142.5,142.5,142.5
1670828400,142.5,145.1,142.2,144.7
1670830200,144.6,144.7,143.2,143.7
1670832000,143.7,143.8,142.4,142.8
1670833800,142.7,143.5,142.4,143
1670835600,142.9,143.6,142.6,142.8
1670837400,142.9,143.5,142.7,143.2
1670839200,143.2,143.3,141.8,142.2
1670841000,142.2,143.4,142.1,143.2
1670842800,143.1,143.5,142.5,143.4
1670844600,143.5,143.5,142.9,143.1
1670846400,143.2,143.3,142.8,143
1670848200,143.1,143.5,142.5,143.1
1670850000,143,143.4,142.9,143.2
1670851800,143.3,144.1,142.8,144
1670853600,144,146.5,144,146.2
1670855400,146.1,146.2,144.2,144.7
1670857200,144.6,145,144.6,145
1670913000,146,146,146,146
1670914800,145.9,146.6,144.7,144.7
1670916600,144.7,145.5,144.3,144.9
1670918400,144.9,144.9,143.6,144.1
1670920200,144.1,144.4,143.6,144.1
1670922000,144.1,144.8,143.8,144.5
1670923800,144.5,145,144.1,144.9
1670925600,145,145.5,144.8,145
1670927400,145,145.5,144.7,145.2
1670929200,145.2,145.3,144.8,145
1670931000,144.9,145,144.5,144.7
1670932800,144.6,144.8,143.9,144.2
1670934600,144.2,144.7,144,144.6
1670936400,144.5,145.1,144.4,144.8
1670938200,144.8,145.9,144.4,144.7
1670940000,144.7,145.1,144.5,144.8
1670941800,144.8,145.5,144,144.2
1670943600,144.2,144.2,144,144
1670999400,144.2,144.2,144.2,144.2
1671001200,144.2,145.2,144,144.4
1671003000,144.5,144.8,144,144.2
1671004800,144.1,144.3,142.5,143.5
1671006600,143.4,144.6,143.1,143.9
1671008400,143.8,144.1,143.4,143.7
1671010200,143.8,144,143.5,144
1671012000,143.9,144.1,143.3,143.6
1671013800,143.6,143.8,142.6,142.8
1671015600,142.7,142.8,141,141.6
1671017400,141.6,142.7,141.2,141.6
1671019200,141.6,142.1,141.2,141.3
1671021000,141.3,141.9,140.5,141.8
1671022800,141.8,142.8,141.4,142.1
1671024600,142.1,142.4,141.5,141.9
1671026400,141.8,142,139.9,140.2
1671028200,140.2,140.9,137,137
1671030000,137,137,137,137
1671085800,140.6,140.6,140.6,140.6
1671087600,140.5,141.5,140.2,141.1
1671089400,141.1,142.2,141,141.9
1671091200,141.8,143.2,141.3,141.6
1671093000,141.6,143.2,141.4,142.3
1671094800,142.2,142.6,141.8,142
1671096600,142,142,141.3,141.6
1671098400,141.5,141.8,140.5,140.6
1671100200,140.6,141.2,140.2,140.5
1671102000,140.4,140.6,138.8,139.6
1671103800,139.6,139.8,138.3,139.7
1671105600,139.6,140.4,139.3,139.6
1671107400,139.5,139.6,137,138.5
1671109200,138.4,139.6,138.2,139.4
1671111000,139.4,139.7,138.1,138.1
1671112800,138.1,139.4,137.9,139.4
1671114600,139.4,140.3,138.5,140
1671116400,140,140.1,140,140.1
1671172200,140.3,140.3,140.3,140.3
1671174000,140.3,141.3,139.6,140.8
1671175800,140.7,140.9,139.8,140
1671177600,140,140.3,139,139.5
1671179400,139.4,140.4,139.2,140
1671181200,139.9,140.2,139.3,140.1
1671183000,140,140.7,139.9,140.7
1671184800,140.6,141.1,140.6,140.7
1671186600,140.7,142.2,140.4,141.6
1671188400,141.6,141.7,140.4,140.7
1671190200,140.7,141.1,140.5,140.9
1671192000,140.9,141.5,140.4,140.6
1671193800,140.6,141.5,140.5,141.1
1671195600,141.2,141.3,139.3,140
1671197400,139.9,140,138.6,139.5
1671199200,139.5,139.9,139,139.5
1671201000,139.5,140.6,139.4,139.7
1671202800,139.6,139.7,139.3,139.3
1671431400,140.4,140.4,140.4,140.4
1671433200,140.5,143,140.3,142.2
1671435000,142.1,142.8,141.6,142.5
1671436800,142.6,144,142.5,143.4
1671438600,143.4,143.9,143.2,143.5
1671440400,143.5,144.2,143.2,143.2
1671442200,143.2,143.6,142.9,143.2
1671444000,143.3,143.5,142.7,142.7
1671445800,142.7,143.3,142.4,143
1671447600,142.9,143.1,142.3,142.9
1671449400,142.8,143.3,142.7,142.8
1671451200,142.8,143.8,142.6,143.6
1671453000,143.5,144,143,143.1
1671454800,143.2,143.2,141.9,142.7
1671456600,142.7,143.1,142.4,142.6
1671458400,142.6,143.4,142.5,143.2
1671460200,143.2,143.8,142.9,143.1
1671462000,143.2,143.3,143.2,143.3
1671517800,144.4,144.4,144.4,144.4
1671519600,144.5,146.4,144.2,144.8
1671521400,144.9,145.7,144.6,144.8
1671523200,144.9,145.2,144,144.7
1671525000,144.8,145.3,144.7,145.1
1671526800,145.1,145.3,144.6,145
1671528600,145,145.7,144.8,145.3
1671530400,145.3,147.3,145.2,147.1
1671532200,147.2,147.8,146.6,146.8
1671534000,146.9,147.4,146.6,146.9
1671535800,146.9,148,146.8,147.5
1671537600,147.5,147.5,146.9,147.5
1671539400,147.4,147.5,146.4,146.8
1671541200,146.7,147,146.1,146.2
1671543000,146.2,146.8,145.6,146.1
1671544800,146.1,146.3,145.4,146.2
1671546600,146.1,146.3,144.4,145.7
1671548400,145.9,145.9,145.9,145.9
1671604200,146.3,146.3,146.3,146.3
1671606000,146.3,146.8,145.3,145.7
1671607800,145.7,145.8,145,145.4
1671609600,145.3,145.5,143.6,143.7
1671611400,143.7,144.4,143.7,144.1
1671613200,144.1,144.2,143.7,144.1
1671615000,144,145.1,143.8,144.8
1671616800,144.8,145,144.4,144.5
1671618600,144.6,144.6,144.1,144.4
1671620400,144.3,144.5,144.1,144.4
1671622200,144.4,144.7,144.3,144.6
1671624000,144.6,144.9,144.2,144.7
1671625800,144.7,145.7,144.4,144.5
1671627600,144.5,144.5,143.5,143.9
1671629400,143.8,144.4,143.7,144.4
1671631200,144.4,144.5,143.4,143.8
1671633000,143.7,144,142.9,143.1
1671634800,143.1,143.1,142.9,142.9
1671690600,143.7,143.7,143.7,143.7
1671692400,143.8,145.2,143.7,144.8
1671694200,144.8,145.2,144.4,144.9
1671696000,144.9,145.4,143.6,143.7
1671697800,143.6,144.5,143,143.7
1671699600,143.7,144.1,143.5,143.9
1671701400,143.8,144.1,143.7,143.9
1671703200,143.9,144.2,143.8,144.1
1671705000,144.1,144.6,144.1,144.5
1671706800,144.5,144.8,144.1,144.1
1671708600,144.1,144.4,143.8,144
1671710400,144,144,143.2,143.4
1671712200,143.5,143.5,142.7,143.2
1671714000,143.1,143.2,142.5,142.7
1671715800,142.6,143.1,142.4,142.5
1671717600,142.6,142.7,141.7,141.7
1671719400,141.7,143,141.1,142.2
1671721200,142.2,142.2,142.1,142.1
1671777000,142.3,142.3,142.3,142.3
1671778800,142.3,143,141.6,142
1671780600,142.1,142.8,141.3,142.5
1671782400,142.4,143,142.1,142.2
1671784200,142.1,143.2,141.9,142.8
1671786000,142.8,143.3,142.1,142.1
1671787800,142.1,142.4,141.7,142.3
1671789600,142.3,142.4,141.8,142
1671791400,141.9,142.1,141.6,141.9
1671793200,141.8,142,141.7,141.8
1671795000,141.9,142.3,141.7,142
1671796800,142,142.3,141.8,141.9
1671798600,141.9,142.2,141.7,142.1
1671800400,142.1,142.3,141.8,141.8
1671802200,141.9,141.9,140.9,141
1671804000,140.9,142.2,140.8,141.9
1671805800,141.8,142.1,141.5,141.9
1671807600,141.9,141.9,141.8,141.8
1672036200,143.3,143.3,143.3,143.3
1672038000,143.4,144.7,143.3,144.2
1672039800,144.3,145.3,144.2,145.3
1672041600,145.3,145.3,143.8,144.4
1672043400,144.4,144.5,143.8,144.1
1672045200,144,144.6,144,144.3
1672047000,144.4,144.5,144.2,144.2
1672048800,144.3,144.3,143.6,144.1
1672050600,144.1,144.4,143.8,144.3
1672052400,144.3,144.8,144.2,144.7
1672054200,144.7,144.9,144.4,144.6
1672056000,144.7,144.8,144.5,144.7
1672057800,144.7,144.7,144,144.3
1672059600,144.3,144.3,143.8,143.9
1672061400,143.8,144,143.5,143.7
1672063200,143.6,143.7,142.8,143.6
1672065000,143.5,144.8,143.3,144.8
1672066800,144.8,145,144.8,145
1672122600,145.2,145.2,145.2,145.2
1672124400,145.2,145.5,144.4,145
1672126200,145,145,143.8,143.9
1672128000,143.9,144.8,143.4,144.6
1672129800,144.7,146.6,144.6,145.3
1672131600,145.3,145.3,143.7,144
1672133400,143.9,144.1,143.6,143.8
1672135200,143.7,144.1,143.6,143.9
1672137000,144,144,143,143.4
1672138800,143.3,143.6,143.2,143.4
1672140600,143.4,143.9,143.3,143.9
1672142400,143.8,145,143.4,144.9
1672144200,144.9,145.9,144.8,145
1672146000,145.1,145.3,144,144.5
1672147800,144.5,144.7,144,144.4
1672149600,144.3,144.4,143.8,144.1
1672151400,144,144.3,143.2,143.2
1672153200,143.2,143.3,143.1,143.1
1672209000,143.5,143.5,143.5,143.5
1672210800,143.5,143.8,142.2,142.6
1672212600,142.6,142.7,141.3,141.9
1672214400,141.9,142,140.7,141.1
1672216200,141,141,139.6,141
1672218000,141,141.1,140.5,140.6
1672219800,140.6,141.2,140.1,140.8
1672221600,140.8,141.1,140.2,140.4
1672223400,140.5,140.6,140,140.3
1672225200,140.3,140.3,139.9,140.1
1672227000,140.1,140.1,139.5,140.1
1672228800,140,140.3,139.6,140.1
1672230600,140.2,140.2,139.5,139.7
1672232400,139.7,139.7,137.8,139.1
1672234200,139.1,139.4,138.3,138.8
1672236000,138.8,139.1,137.8,138
1672237800,138,140,137.1,140
1672239600,140,140.1,140,140.1
1672295400,140.2,140.2,140.2,140.2
1672297200,140.1,140.7,138.5,139.1
1672299000,139,140,138.9,139.5
1672300800,139.5,142,139.4,141.5
1672302600,141.5,141.6,141,141.1
1672304400,141,142.3,141,142.1
1672306200,142.1,142.2,141.7,141.7
1672308000,141.8,141.9,141.4,141.6
1672309800,141.5,142,141.3,141.9
1672311600,141.9,142,141.5,141.5
1672313400,141.6,141.7,141.3,141.5
1672315200,141.6,141.7,141.2,141.3
1672317000,141.4,142.1,141.2,142
1672318800,142,143.2,142,142.7
1672320600,142.6,142.9,142.5,142.6
1672322400,142.7,143.1,141.8,142.1
1672324200,142.1,142.3,141.3,142.1
1672326000,142.1,142.3,142.1,142.3
1672381800,142.7,142.7,142.7,142.7
1672383600,142.7,144,142.5,143.6
1672385400,143.7,145.2,143.3,144.8
1672387200,144.7,145.4,144.3,144.3
1672389000,144.4,144.8,144.1,144.5
1672390800,144.6,144.7,143.7,143.8
1672392600,143.8,144.1,143.7,143.9
1672394400,143.9,144.6,143.8,144
1672396200,143.9,144,143.1,143.2
1672398000,143.1,143.6,142.9,143.6
1672399800,143.6,143.8,143.3,143.6
1672401600,143.6,144.1,143.5,144
1672403400,144,144.3,143.6,143.7
1672405200,143.7,143.9,143.2,143.4
1672407000,143.3,143.3,141.9,142.1
1672408800,142.1,142.3,141.3,141.4
1672410600,141.4,142.1,140.5,141.3
1672412400,141.1,141.1,140.9,140.9
1672641000,142.4,142.4,142.4,142.4
1672642800,142.4,143.2,142.1,143
1672644600,143,144.2,142.4,143.8
1672646400,143.8,144.3,143.7,143.8
1672648200,143.8,144,143.6,143.9
1672650000,143.9,144.7,143.8,144.3
1672651800,144.3,144.5,143.7,143.8
1672653600,143.8,144.5,143.7,144.5
1672655400,144.5,144.5,144.1,144.4
1672657200,144.4,145.1,144.3,144.9
1672659000,144.8,145.8,144.8,145.4
1672660800,145.3,145.6,145.1,145.4
1672662600,145.4,146,145.2,145.6
1672664400,145.7,145.9,145.3,145.5
1672666200,145.5,145.6,145.2,145.4
1672668000,145.4,146.9,145.3,146.4
1672669800,146.5,147.1,146,146.9
1672671600,146.9,147,146.8,146.8
1672727400,148.3,148.3,148.3,148.3
1672729200,148.4,149.7,147.7,148.5
1672731000,148.5,149,148.1,148.2
1672732800,148.2,148.3,146.8,147.8
1672734600,147.9,149.2,147.4,149
1672736400,149.1,149.4,148.4,148.8
1672738200,148.7,148.9,148.5,148.7
1672740000,148.7,150.4,148.7,149.8
1672741800,149.8,149.9,149.3,149.6
1672743600,149.6,149.7,148.5,148.9
1672745400,148.9,149.2,148,148.5
1672747200,148.5,148.9,147.7,148
1672749000,147.9,148.9,147.5,148.7
1672750800,148.6,149.1,148.4,148.8
1672752600,148.8,148.9,148.3,148.4
1672754400,148.3,148.3,146.4,147.6
1672756200,147.5,148,146.9,147.4
1672758000,147.4,147.4,147.4,147.4
1672813800,147.9,147.9,147.9,147.9
1672815600,147.9,148.2,146.5,147.2
1672817400,147.1,147.2,145.9,147
1672819200,147.1,147.1,145.1,145.4
1672821000,145.5,145.5,144.8,145.4
1672822800,145.4,146.3,145.2,146.1
1672824600,146,147.2,145.7,147
1672826400,147,147.7,146.8,147.6
1672828200,147.7,147.7,146.8,147
1672830000,147,147,146.2,146.3
1672831800,146.3,146.7,145.7,145.9
1672833600,145.9,146.2,145.5,145.8
1672835400,145.9,146,145.3,145.6
1672837200,145.6,145.6,144.4,145.1
1672839000,145,145.4,144.4,144.5
1672840800,144.4,144.9,143.6,144.5
1672842600,144.5,145.3,144,144.4
1672844400,144.4,144.5,144.3,144.5
1672900200,144.8,144.8,144.8,144.8
1672902000,144.8,147.2,144.8,146.7
1672903800,146.7,147.1,143.7,145
1672905600,145,145.2,140.3,142.3
1672907400,142.2,145,142,145
1672909200,144.9,145.7,143,143.3
1672911000,143.3,143.4,141.5,143.1
1672912800,143,144.1,143,143.7
1672914600,143.7,144.3,143.3,143.8
1672916400,143.8,143.9,142,142.4
1672918200,142.4,143.5,142.3,143.4
1672920000,143.4,143.5,141.6,142.7
1672921800,142.8,142.9,140.7,141.4
1672923600,141.5,142.2,139.3,140
1672925400,140.1,140.1,139.1,139.1
1672927200,139,139.1,134.5,135.7
1672930800,135.2,135.2,135.2,135.2
1672986600,135.2,135.2,135.2,135.2
1672988400,135.1,138,132.4,135.3
1672990200,135.3,137.1,132.8,135.4
1672992000,135.3,137.6,135.3,136.2
1672993800,136.2,139.1,135.7,138.6
1672995600,138.5,140.5,138.1,140.2
1672997400,140.2,140.3,139,140.2
1672999200,140.3,141.6,140.2,140.5
1673001000,140.5,140.8,139.5,139.9
1673002800,139.9,140.4,138.8,139
1673004600,139,139.5,137.3,138.6
1673006400,138.6,139.8,137.9,139.7
1673008200,139.7,140.4,138.9,139.5
1673010000,139.5,140.4,139.5,140
1673011800,140.1,142.1,139.7,141.3
1673013600,141.4,143,141.3,142.7
1673015400,142.7,144.2,141.3,142.4
1673017200,142.4,142.5,142.4,142.5
1673245800,143.7,143.7,143.7,143.7
1673247600,143.7,144.8,143.3,144
1673249400,144,144.3,142.8,142.9
1673251200,142.9,143,140.6,140.9
1673253000,140.8,141,138.5,140.7
1673254800,140.7,141.3,140,140.3
1673256600,140.2,141.2,140,140.9
1673258400,140.8,141.7,140.4,141.4
1673260200,141.5,141.6,140.3,141.2
1673262000,141.3,143,140.9,142.9
1673263800,142.9,143,141.9,142.3
1673265600,142.3,142.6,141.3,142.6
1673267400,142.6,142.8,141.6,141.8
1673269200,141.9,142.7,141.4,142.5
1673271000,142.6,143,141.5,141.6
1673272800,141.7,142.2,138.5,139.1
1673274600,139.1,139.8,138.1,138.2
1673276400,138.3,138.4,138.2,138.4
1673332200,138.1,138.1,138.1,138.1
1673334000,138.1,138.3,135.5,135.9
1673335800,135.9,137.5,135.6,136.9
1673337600,136.8,137.7,136.5,137.7
1673339400,137.6,138.4,137,137.2
1673341200,137.1,137.6,136.4,136.6
1673343000,136.5,137.5,136.5,137.5
1673344800,137.4,137.6,136.4,137.1
1673346600,137,137.7,136.8,137
1673348400,137,137.2,136.5,136.7
1673350200,136.8,137.1,136.3,136.5
1673352000,136.4,137.1,136,137
1673353800,137,137.7,136.6,137.2
1673355600,137.2,137.3,136.2,136.4
1673357400,136.4,136.5,134.8,135
1673359200,134.9,136,134.1,134.4
1673361000,134.3,134.4,131.2,131.2
1673362800,131.2,131.2,131.2,131.2
1673418600,131.8,131.8,131.8,131.8
1673420400,131.9,135,130.9,132.6
1673422200,132.5,132.6,129.1,131.9
1673424000,131.8,132.8,131.2,131.4
1673425800,131.3,131.8,130.6,131.6
1673427600,131.5,131.9,130.7,131.3
1673429400,131.2,131.5,130.8,131
1673431200,131,132.1,130.9,131.6
1673433000,131.6,131.7,130.6,131.6
1673434800,131.5,131.8,130.2,130.2
1673436600,130.2,130.2,127.4,128.7
1673438400,128.6,130.2,128.4,130
1673440200,129.9,132,129.8,131.3
1673442000,131.4,131.8,129.7,130.4
1673443800,130.3,130.3,128.3,130
1673445600,130,130.3,125.8,125.8
1673449200,125.3,125.3,125.3,125.3
1673505000,129.7,129.7,129.7,129.7
1673506800,129.8,131.3,129.3,130
1673508600,130.1,131.8,129.9,131.7
1673510400,131.7,134.5,131.6,133.5
1673512200,133.4,134.5,132.4,133.2
1673514000,133.1,133.3,131.7,132.7
1673515800,132.7,132.9,129.1,130.3
1673517600,130.3,130.4,126.1,127.3
1673519400,127.3,130,125.1,128.1
1673521200,128.1,130.1,127.6,129
1673523000,129.1,129.5,128,129.1
1673524800,129,131.7,129,131.6
1673526600,131.7,132,130.3,131.5
1673528400,131.4,132.3,130.6,131.8
1673530200,131.9,132.4,130.6,132.4
1673532000,132.4,136.4,132.3,134.3
1673533800,134.4,135.7,133.7,135.4
1673535600,135.3,135.8,135.3,135.8
1673591400,135,135,135,135
1673593200,135.1,136.6,134.1,135.7
1673595000,135.6,136.5,135.2,136
1673596800,136,136.1,134.7,135.4
1673598600,135.3,136,135.2,135.8
1673600400,135.7,136.2,135.2,135.7
1673602200,135.7,136.9,135.6,136.6
1673604000,136.5,138,136.4,136.9
1673605800,136.9,137.5,135.9,136.3
1673607600,136.3,136.8,135.5,135.8
1673609400,135.9,136.5,135.5,136
1673611200,136,136.5,135.3,135.9
1673613000,135.9,135.9,133.6,134.5
1673614800,134.5,134.8,133.2,134.4
1673616600,134.5,135.2,134.3,135
1673618400,135,135.1,133.7,134.2
1673620200,134.2,135.2,134.1,134.6
1673622000,134.6,134.7,134.6,134.7
1673850600,135.8,135.8,135.8,135.8
1673852400,135.8,136.4,134.9,135.5
1673854200,135.4,135.6,134.6,135.6
1673856000,135.5,136.7,135.3,136.5
1673857800,136.5,137,136.3,136.7
1673859600,136.7,138.2,136.2,137.9
1673861400,138,139.7,137.6,139.6
1673863200,139.6,142.2,139.6,141
1673865000,141,143.4,140.5,143.1
1673866800,143.1,144.3,143,143.8
1673868600,143.7,144.2,143,143.5
1673870400,143.6,143.9,142.1,142.9
1673872200,143,143.2,141.8,142.7
1673874000,142.8,144.2,142.7,144
1673875800,144.1,144.3,143.4,144.1
1673877600,144.1,144.4,143.2,143.9
1673879400,143.9,144.3,142.4,144.3
1673881200,144.4,144.4,144.4,144.4
1673937000,144.5,144.5,144.5,144.5
1673938800,144.5,145.4,143.4,145.4
1673940600,145.4,145.4,143.7,144.5
1673942400,144.5,145.1,143.6,143.7
1673944200,143.7,145.1,143.2,145
1673946000,145,145.2,144.6,144.8
1673947800,144.8,144.9,144.3,144.8
1673949600,144.8,145.8,144.7,145.4
1673951400,145.4,145.5,144.3,144.5
1673953200,144.5,144.6,143.6,144.3
1673955000,144.4,145,144.3,144.7
1673956800,144.7,145.3,144.7,145
1673958600,144.9,145.2,144.4,144.7
1673960400,144.7,145.7,144.6,145
1673962200,145,146.6,144.6,146.5
1673964000,146.5,147.6,145.8,147.5
1673965800,147.5,147.8,145.6,147
1673967600,147,147.4,147,147.4
1674023400,148.2,148.2,148.2,148.2
1674025200,148.2,149.7,148,148.8
1674027000,148.8,149.3,148.4,149
1674028800,149,151.1,149,150.4
1674030600,150.4,150.8,150,150.4
1674032400,150.4,151.1,149.9,150.2
1674034200,150.3,150.6,149.3,149.4
1674036000,149.3,149.9,146.9,148.1
1674037800,148,148.7,147.7,148.3
1674039600,148.2,148.5,147.8,148.4
1674041400,148.4,149.4,148.3,149
1674043200,149,149.3,148.4,148.7
1674045000,148.7,148.8,147.9,148.5
1674046800,148.6,149.1,148.2,149
1674048600,149,149.2,147.8,148.5
1674050400,148.5,149.1,148,148.4
1674052200,148.4,149.6,148,149.2
1674054000,149.1,149.1,149.1,149.1
1674109800,149.1,149.1,149.1,149.1
1674111600,149,151.7,148.3,151.7
1674113400,151.7,152.2,150.8,151.3
1674115200,151.3,154.1,151.3,153.7
1674117000,153.8,154.7,153.5,154.1
1674118800,154.1,155.2,154,154.1
1674120600,154.1,154.4,153.6,154.4
1674122400,154.4,154.4,153.5,153.6
1674124200,153.7,154.7,153.4,154.6
1674126000,154.6,155,154.4,154.9
1674127800,155,155.2,153.8,154
1674129600,153.9,154.8,153.6,154.4
1674131400,154.3,154.4,152.9,153.6
1674133200,153.7,153.7,152.4,153.2
1674135000,153.2,154.2,152.9,154.2
1674136800,154.2,154.3,152.5,153.4
1674138600,153.4,155.6,153.2,154.9
1674140400,154.9,154.9,154.6,154.6
1674196200,154.8,154.8,154.8,154.8
1674198000,154.8,155.3,153.9,154.5
1674199800,154.6,155.3,154.4,155
1674201600,155,155.5,154.5,154.6
1674203400,154.6,154.8,153.8,154.2
1674205200,154.2,154.6,154.2,154.4
1674207000,154.3,154.5,154.2,154.5
1674208800,154.4,154.6,154.3,154.4
1674210600,154.3,155,154.1,154.9
1674212400,155,155.2,153.8,153.8
1674214200,153.9,154.4,153.7,154.1
1674216000,154,154.1,152.7,153.3
1674217800,153.3,153.5,152.8,153.1
1674219600,153.1,153.2,152.6,152.9
1674221400,152.9,153,151.9,152.2
1674223200,152.3,153,152.1,152.8
1674225000,152.8,153.5,152.6,152.9
1674226800,153,153,152.9,152.9
1674455400,154.4,154.4,154.4,154.4
1674457200,154.3,155.2,153.7,154.1
1674459000,154,154.4,153.6,154.3
1674460800,154.3,155.2,154.2,154.6
1674462600,154.7,156.1,154.6,155.4
1674464400,155.4,156.4,155.3,156
1674466200,156,156.1,155.3,155.5
1674468000,155.5,155.6,155,155.2
1674469800,155.2,155.9,155.1,155.8
1674471600,155.8,155.9,154.9,155.4
1674473400,155.3,155.6,155.2,155.4
1674475200,155.5,155.7,155.2,155.7
1674477000,155.6,155.9,155,155.3
1674478800,155.3,155.3,154.4,154.5
1674480600,154.5,154.6,154,154.4
1674482400,154.4,154.5,151.7,153
1674484200,153.1,153.8,149,151.7
1674486000,151.7,151.7,151.2,151.2
1674541800,151.6,151.6,151.6,151.6
1674543600,151.6,152.9,150.6,151.4
1674545400,151.4,151.8,149.1,149.6
1674547200,149.6,150.8,147.5,150.2
1674549000,150.2,151.3,150,151
1674550800,151,151.9,150.5,151.5
1674552600,151.4,152.2,151.4,151.6
1674554400,151.6,151.7,150.1,150.5
1674556200,150.6,150.8,150.2,150.3
1674558000,150.4,150.7,149.5,149.5
1674559800,149.6,150.4,149.4,149.9
1674561600,149.9,150,148.4,148.5
1674563400,148.5,150.3,148.4,149.8
1674565200,149.8,150.2,149.2,150.1
1674567000,150.1,150.4,148,148.1
1674568800,148.1,149.6,147.9,149.2
1674570600,149.2,150.2,148.5,150.2
1674572400,150.2,150.2,149.7,149.7
1674628200,151.6,151.6,151.6,151.6
1674630000,151.6,152.7,151.3,151.9
1674631800,151.8,153.3,151.8,152.5
1674633600,152.4,152.7,151.5,151.6
1674635400,151.5,151.8,150.3,150.7
1674637200,150.7,151.4,150.2,151.1
1674639000,151.1,151.8,150.7,150.9
1674640800,150.8,151.3,149.6,149.8
1674642600,149.7,150.1,148.9,149.3
1674644400,149.4,149.4,146.2,147.3
1674646200,147.3,147.6,145.4,147.1
1674648000,147,148.1,145.9,146.7
1674649800,146.7,147.4,145.5,147.3
1674651600,147.4,147.5,144.8,145.2
1674653400,145.3,149,144.4,147.7
1674655200,147.7,149.2,147.6,148.8
1674657000,148.8,152.2,148.7,152.2
1674658800,152.1,152.1,151.8,151.8
1674714600,152.1,152.1,152.1,152.1
1674716400,152.2,152.3,149.6,150.9
1674718200,150.8,151.4,150.4,150.8
1674720000,150.8,152.5,150.7,151.6
1674721800,151.6,151.9,150.5,151.6
1674723600,151.6,153.2,151.5,152.4
1674725400,152.4,152.8,151.7,152.1
1674727200,152.1,152.3,151.2,151.5
1674729000,151.5,152,150.8,150.9
1674730800,150.9,152,150.1,151.5
1674732600,151.5,152,151.1,151.5
1674734400,151.4,152.1,151.1,151.5
1674736200,151.5,152,151,151.1
1674738000,151.2,151.7,150.9,151.6
1674739800,151.5,152.7,151.5,151.8
1674741600,151.9,152.6,151.3,151.8
1674743400,151.8,152.2,150.3,150.5
1674745200,150.4,150.5,150.2,150.2
1674801000,149.8,149.8,149.8,149.8
1674802800,149.7,150.6,148.9,149.5
1674804600,149.5,149.6,147.3,148.1
1674806400,148.2,148.2,146.7,147.7
1674808200,147.6,148.1,146.9,147.7
1674810000,147.7,148.4,147.3,147.3
1674811800,147.3,148,146.9,147.5
1674813600,147.4,147.7,147.1,147.2
1674815400,147.1,147.4,146,147
1674817200,146.9,147.3,146.4,147.1
1674819000,147.1,147.9,146.8,147.8
1674820800,147.8,147.8,146.1,146.3
1674822600,146.3,146.4,145,145.9
1674824400,145.9,146.4,145.4,145.5
1674826200,145.5,146.3,143.9,146.1
1674828000,146.1,149.2,145.8,149
1674829800,149,150.5,149,149.8
1674831600,149.9,149.9,149.7,149.8
1675060200,150,150,150,150
1675062000,149.9,150.3,148.4,148.7
1675063800,148.7,149.2,148.2,148.8
1675065600,148.8,149,147.5,148.4
1675067400,148.4,149.4,148.3,149
1675069200,149,149,148.2,148.2
1675071000,148.1,148.5,147.9,148.1
1675072800,148,148.1,147.3,147.8
1675074600,147.7,148,147.5,147.8
1675076400,147.8,147.9,145.8,146.5
1675078200,146.6,146.6,145.2,145.9
1675080000,145.9,146.4,145.6,145.9
1675081800,145.8,146.1,145.2,145.6
1675083600,145.5,146.6,145.3,145.8
1675085400,145.8,146.4,145.1,145.9
1675087200,146,146.1,145,145.1
1675089000,145,147.3,144.8,144.9
1675090800,144.9,144.9,144.8,144.8
1675146600,144.5,144.5,144.5,144.5
1675148400,144.5,144.5,141.2,141.4
1675150200,141.4,142.2,140.4,141.7
1675152000,141.7,142.3,141,141.4
1675153800,141.4,141.7,140.6,141.2
1675155600,141.1,141.6,140.8,141.4
1675157400,141.4,141.9,141.1,141.6
1675159200,141.5,141.6,140.9,141
1675161000,141,141.9,140.9,141.8
1675162800,141.8,142.2,141.1,141.5
1675164600,141.5,142,140.7,141.5
1675166400,141.5,142.2,141.2,142.1
1675168200,142.1,143.3,142,142.6
1675170000,142.6,142.8,141.8,141.9
1675171800,141.9,142,141,141.2
1675173600,141.1,141.7,139.9,140.2
1675175400,140.1,140.2,137.8,138.2
1675177200,138.2,138.2,137.6,137.6
1675233000,139.1,139.1,139.1,139.1
1675234800,139,140.3,138.3,138.8
1675236600,138.8,140.2,137.7,140
1675238400,140.1,140.2,138.6,139
1675240200,138.9,139.2,135.8,136
1675242000,135.9,136.6,135.2,136.6
1675243800,136.5,136.9,135.8,135.8
1675245600,135.9,136.9,135.5,136.8
1675247400,136.8,137,136.3,136.4
1675249200,136.4,137,136,136.5
1675251000,136.5,137.4,136.3,137.1
1675252800,137.2,137.4,136.4,136.6
1675254600,136.7,137.3,136,136.9
1675256400,136.9,137.1,135.7,135.7
1675258200,135.7,136.1,132.5,132.6
1675260000,132.6,132.9,132.2,132.2
1675263600,130.8,130.8,130.8,130.8
1675319400,130.2,130.2,130.2,130.2
1675321200,130.1,133.5,129.6,132.4
1675323000,132.3,132.4,128.8,130.6
1675324800,130.5,135.6,130.5,135.3
1675326600,135.2,136.4,133.8,135.2
1675328400,135.2,135.4,133.4,134
1675330200,133.9,134.3,132.6,133.6
1675332000,133.7,134.2,132.8,133.6
1675333800,133.5,133.9,133.2,133.6
1675335600,133.6,134.3,132.8,132.9
1675337400,132.9,133.3,131.6,132.6
1675339200,132.6,133,131.7,132
1675341000,132,132.1,127.2,128.8
1675342800,128.8,128.8,125.1,126.8
1675344600,126.8,131.1,126.5,130.1
1675346400,130,130.5,126.9,130.2
1675348200,130.3,134.7,130.2,134.5
1675350000,134.5,134.6,134.3,134.6
1675405800,134.6,134.6,134.6,134.6
1675407600,134.5,135.9,133.2,134.8
1675409400,134.8,135.3,134.2,135
1675411200,135,136.2,134.8,135.7
1675413000,135.7,137,135.6,136.2
1675414800,136.1,136.5,135.5,136.5
1675416600,136.5,137,136.2,136.5
1675418400,136.5,136.5,134.9,135.6
1675420200,135.7,136.9,135.5,136.8
1675422000,136.8,137.4,136.4,136.6
1675423800,136.6,138.1,136.5,138
1675425600,138,139.2,137.9,138.8
1675427400,138.8,139,137.9,138.9
1675429200,138.9,139.6,138.7,139.3
1675431000,139.4,140.3,138,140.2
1675432800,140.2,143.4,139.8,142.9
1675434600,142.9,143.3,141.6,142.6
1675436400,142.6,142.7,142.6,142.7
1675665000,139.4,139.4,139.4,139.4
1675666800,139.4,141.5,138,139.9
1675668600,139.9,140.1,135.5,136.7
1675670400,136.8,136.9,134.2,135.8
1675672200,135.4,138.1,135,137
1675674000,137.3,138.4,137.1,137.1
1675675800,137.2,139,136.5,138.1
1675677600,138.1,138.7,137,137.2
1675679400,137.1,137.8,134.3,135.2
1675681200,135.1,135.8,134.2,135.2
1675683000,135.3,135.3,134,134.5
1675684800,134.5,138.9,134,134.8
1675686600,134.8,139,134.8,135.3
1675688400,135.3,136,134.7,134.7
1675690200,134.7,135.7,134.3,135.3
1675692000,135.3,138.7,135,137.9
1675693800,138,140,137.9,139.2
1675695600,139.2,139.9,139.2,139.9
1675751400,138.8,138.8,138.8,138.8
1675753200,138.8,138.8,134.1,135.7
1675755000,135.6,136.4,134.5,135.8
1675756800,135.8,135.9,133.5,134
1675758600,134,134,131.9,131.9
1675760400,131.5,132.6,130.6,131.4
1675762200,131,131.7,128.3,129.3
1675764000,129.3,129.3,127.8,127.8
1675765800,127.8,131,127.5,131
1675767600,131,131.2,126.4,126.8
1675769400,126.7,129,126,126.8
1675771200,126.9,129.7,126.7,128.5
1675773000,128.5,130.4,128.1,129.4
1675774800,129.4,133,129.4,132.2
1675776600,132.2,134.5,131,131.8
1675778400,131.9,132.2,128.3,128.4
1675780200,128.4,128.5,126.1,127
1675782000,127,127.2,126.8,127.2
1676442600,136,136,136,136
1676444400,136,139.9,135,139.9
1676446200,139.9,139.9,139.1,139.9
1676448000,139.9,139.9,139.9,139.9
1676449800,139.9,139.9,139.9,139.9
1676451600,139.9,139.9,139.9,139.9
1676453400,139.9,139.9,139.9,139.9
1676455200,139.9,139.9,139.9,139.9
1676457000,139.9,139.9,139.9,139.9
1676458800,139.9,139.9,139.9,139.9
1676460600,139.9,139.9,139.9,139.9
1676462400,139.9,139.9,139.9,139.9
1676464200,139.9,139.9,139.9,139.9
1676466000,139.9,139.9,139.9,139.9
1676467800,139.9,139.9,139.9,139.9
1676469600,139.9,139.9,139.9,139.9
1676471400,139.9,139.9,139.9,139.9
1676473200,139.9,139.9,139.9,139.9
1676529000,151.1,151.1,151.1,151.1
1676530800,151.1,152.8,145.6,149.9
1676532600,150,150.7,146.7,147.8
1676534400,147.8,147.9,143.6,143.9
1676536200,143.9,145.5,140.1,144.4
1676538000,144.3,144.5,141.4,142.2
1676539800,142.2,143,140.1,140.5
1676541600,140.3,142,138.8,141.9
1676543400,141.8,142.7,140.9,141.8
1676545200,141.7,141.9,140.6,141.5
1676547000,141.5,143.2,141.4,142.3
1676548800,142.3,143.6,141.8,141.9
1676550600,142.1,143.7,141.9,143.7
1676552400,143.7,144.4,143.2,143.7
1676554200,143.7,143.7,142.1,142.3
1676556000,142.4,144.2,141.4,141.6
1676557800,141.5,142.1,139,141.1
1676559600,141,141,140,140
1676615400,138.3,138.3,138.3,138.3
1676617200,138.2,141,136.3,140.6
1676619000,140.7,142.8,140.1,142.4
1676620800,142.4,143.3,141.9,142.2
1676622600,142.3,142.4,140.7,142
1676624400,142,142.3,140.9,142.2
1676626200,142.2,142.5,141.8,142
1676628000,142.1,142.4,141.6,141.7
1676629800,141.7,141.7,141,141.3
1676631600,141.1,141.6,140.7,140.9
1676633400,140.9,141.2,139.4,140
1676635200,140,140.5,139.1,139.2
1676637000,139.3,140.1,139.1,140
1676638800,140,140.8,139.8,140.5
1676640600,140.5,140.6,139.7,140.4
1676642400,140.3,140.7,139.6,140.6
1676644200,140.6,141.7,139.9,141.3
1676646000,141.3,141.3,141.3,141.3
1676874600,141.8,141.8,141.8,141.8
1676876400,141.7,142.1,140.5,141.2
1676878200,141.2,141.2,139.7,140.2
1676880000,140.2,141.3,139.7,140.8
1676881800,140.8,142.4,140.8,141.4
1676883600,141.5,142.2,140.8,140.8
1676885400,140.9,141.1,140.5,140.8
1676887200,140.9,142.1,140.7,141.8
1676889000,141.9,142.4,141.5,142
1676890800,142.1,142.3,141,141.3
1676892600,141.2,142.2,141.2,142
1676894400,142.1,142.4,141,141.3
1676896200,141.2,141.5,140.5,141.2
1676898000,141.1,141.5,140.8,141
1676899800,141.1,141.5,140.9,141.2
1676901600,141.1,141.7,141.1,141.3
1676903400,141.3,141.6,141,141
1676905200,141,141.3,141,141.3
1676961000,140.5,140.5,140.5,140.5
1676962800,140.5,141.7,140,141.2
1676964600,141.3,141.6,140.6,141
1676966400,140.9,141.1,140,140.2
1676968200,140.2,140.4,139.4,139.7
1676970000,139.7,139.9,138.7,139.4
1676971800,139.5,139.7,139.1,139.5
1676973600,139.6,139.8,139.3,139.5
1676975400,139.4,139.9,139.1,139.9
1676977200,139.9,140.5,139.7,140
1676979000,139.9,140,139.7,139.9
1676980800,140,140.2,139.5,140
1676982600,140,140,139.5,139.8
1676984400,139.8,140.1,139.6,139.7
1676986200,139.7,140,139.6,139.8
1676988000,139.8,139.8,138.9,139.2
1676989800,139.2,139.2,137.8,138
1676991600,137.5,137.5,137.5,137.5
1677047400,137.7,137.7,137.7,137.7
1677049200,137.6,140.4,137.5,139.5
1677051000,139.5,139.5,138.2,139
1677052800,139.2,139.5,138.3,138.6
1677054600,138.5,138.5,137.6,138.1
1677056400,138,138.1,137.7,137.9
1677058200,137.9,137.9,136.8,137.1
1677060000,137,137.7,136.8,137.7
1677061800,137.5,138.4,137.4,138.3
1677063600,138.3,138.5,137.5,137.8
1677065400,137.7,137.8,137,137.4
1677067200,137.4,138.3,137.3,137.6
1677069000,137.6,137.7,136.7,137.3
1677070800,137.5,137.5,136.7,136.9
1677072600,136.9,137.4,136.3,136.6
1677074400,136.6,137.1,135.7,136.6
1677076200,136.6,137.3,136.1,136.9
1677078000,136.9,136.9,136.4,136.4
1677133800,136.7,136.7,136.7,136.7
1677135600,136.7,138.7,136.5,138
1677137400,138,138.3,137.4,138.2
1677139200,138.2,139,138.1,138.5
1677141000,138.5,138.8,138.2,138.6
1677142800,138.5,138.7,138.3,138.4
1677144600,138.4,138.6,138.2,138.3
1677146400,138.3,138.4,137.8,137.9
1677148200,137.8,138.2,137.8,138.1
1677150000,138.2,138.2,136.4,137.1
1677151800,137.1,137.5,136.8,137.2
1677153600,137.1,137.3,136.2,136.5
1677155400,136.5,137.2,136.3,136.5
1677157200,136.4,137,136.4,136.8
1677159000,136.8,137.1,136.2,136.6
1677160800,136.6,136.6,136.3,136.3
1677162600,136.4,136.6,136.1,136.5
1677164400,136.5,136.6,136.5,136.6
1677220200,137,137,137,137
1677222000,137,137.5,136.5,136.7
1677223800,136.6,137,136.5,136.7
1677225600,136.7,136.8,136,136.4
1677227400,136.4,136.9,136.2,136.6
1677229200,136.5,137.3,136.5,136.7
1677231000,136.8,136.8,136.1,136.1
1677232800,136.2,136.6,136.1,136.5
1677234600,136.5,136.5,136.1,136.4
1677236400,136.4,136.5,136.1,136.2
1677238200,136.3,136.3,136,136.1
1677240000,136.1,136.2,135.3,135.6
1677241800,135.5,135.7,135.3,135.3
1677243600,135.3,135.4,134.9,135.3
1677245400,135.2,135.6,134.9,135.6
1677247200,135.5,136,135.4,135.6
1677249000,135.6,135.8,135.2,135.4
1677250800,135.4,135.4,135,135
1677479400,135,135,135,135
1677481200,135,135.7,134.5,134.6
1677483000,134.6,134.7,133.5,134.3
1677484800,134.3,134.4,133.7,134.2
1677486600,134.2,134.6,134.1,134.4
1677488400,134.3,135.6,134.2,135.4
1677490200,135.3,136.6,134.9,136.5
1677492000,136.5,137.7,136.2,137.5
1677493800,137.5,139.3,137.5,139.3
1677495600,139.3,142.3,139,142.2
1677497400,142.2,142.9,140.6,141.6
1677499200,141.5,141.9,140.6,141.2
1677501000,141.2,141.2,140.3,140.7
1677502800,140.7,141.8,140.6,141.3
1677504600,141.3,142.2,140.8,141.6
1677506400,141.7,142.2,141.2,142
1677508200,141.9,143.4,141.4,143.1
1677510000,143.2,143.4,143.1,143.4
1677565800,143.7,143.7,143.7,143.7
1677567600,143.8,144.3,142.8,143.2
1677569400,143.1,145.5,143,144.8
1677571200,144.7,144.8,143.2,144.3
1677573000,144.2,144.7,143.6,144.6
1677574800,144.6,144.6,143.8,144
1677576600,144,144.3,143.9,144.1
1677578400,144,144.3,143.7,143.9
1677580200,143.8,144.3,143.5,144
1677582000,144.1,144.6,143.9,144.4
1677583800,144.4,144.6,144,144.3
1677585600,144.3,144.4,143.8,144.2
1677587400,144.2,144.4,143.7,144.1
1677589200,144,144.1,141.4,141.6
1677591000,141.6,143,141.4,142.6
1677592800,142.6,143.2,141.9,143
1677594600,143,143.7,141.8,143.5
1677596400,143.5,143.6,143.4,143.6
1677652200,144.5,144.5,144.5,144.5
1677654000,144.6,146.4,144.4,145.5
1677655800,145.5,146.4,145.3,146.2
1677657600,146.1,148,146,146.6
1677659400,146.6,147,146,146.2
1677661200,146.1,146.7,146,146.1
1677663000,146.1,146.9,146,146.4
1677664800,146.4,146.5,146,146.2
1677666600,146.1,146.6,146.1,146.3
1677668400,146.3,146.6,146.1,146.1
1677670200,146.1,146.7,146.1,146.5
1677672000,146.4,147.3,146.4,147
1677673800,147,147.4,146.9,147.2
1677675600,147.1,147.2,146.8,147.1
1677677400,147,147.6,147,147.5
1677679200,147.6,148.7,146.3,147.2
1677681000,147.2,147.5,146.4,147.5
1677682800,147.5,147.5,147.5,147.5
1677738600,142,142,142,142
1677740400,142,146.2,141.8,144.9
1677742200,144.9,145,143.6,144
1677744000,144,144.5,143.8,144.2
1677745800,144.1,144.3,143.3,143.4
1677747600,143.5,143.6,142.9,143.1
1677749400,143,143.7,142.7,143.6
1677751200,143.6,144,143.2,143.9
1677753000,143.9,144,143.3,143.6
1677754800,143.5,143.8,143.4,143.7
1677756600,143.6,144,143.3,143.4
1677758400,143.4,143.5,142.3,142.8
1677760200,142.8,143.2,142.7,143.1
1677762000,143.1,143.5,142.5,143.2
1677763800,143.2,143.2,142,142.3
1677765600,142.2,143.6,142.2,143
1677767400,143,143.3,142,142.5
1677769200,142,142,142,142
1677825000,142,142,142,142
1677826800,141.9,143.2,141.5,142.3
1677828600,142.3,142.5,141.9,142.4
1677830400,142.3,142.6,141,141.3
1677832200,141.2,141.4,139.6,139.7
1677834000,139.8,140.3,139.4,139.9
1677835800,139.8,140.1,139.6,140
1677837600,140.1,140.3,139.8,139.9
1677839400,139.9,140.2,139.6,139.8
1677841200,139.8,139.9,139.5,139.8
1677843000,139.7,140.1,139.5,139.7
1677844800,139.7,139.7,135.5,136.8
1677846600,136.8,139,136.1,138.1
1677848400,138,139.2,137,137.1
1677850200,137.1,137.5,135.9,137.5
1677852000,137.5,138.6,137,137.8
1677853800,137.8,139.5,137.3,139
1677855600,139.1,139.1,138.7,138.7
1678084200,140,140,140,140
1678086000,140.1,141,139.2,139.9
1678087800,139.9,139.9,138.7,139.3
1678089600,139.3,139.8,139.1,139.5
1678091400,139.5,139.6,139.2,139.6
1678093200,139.5,139.7,139.4,139.5
1678095000,139.5,139.6,139.3,139.5
1678096800,139.4,140.5,139.4,140
1678098600,139.9,141.3,139.9,140.5
1678100400,140.5,141,140.2,140.8
1678102200,140.8,141.2,140.5,141.1
1678104000,141.1,142.4,141,141.9
1678105800,141.9,143.1,141.7,142.5
1678107600,142.5,143.2,142.5,142.7
1678109400,142.8,143.8,142.5,143.7
1678111200,143.6,144.5,142,142.4
1678113000,142.4,142.6,141.6,142.5
1678114800,142.5,142.5,142.4,142.4
1678170600,143.5,143.5,143.5,143.5
1678172400,143.5,144.7,143.5,144.4
1678174200,144.5,144.9,143.5,144.3
1678176000,144.3,144.4,143.1,143.4
1678177800,143.4,143.5,142.8,143.4
1678179600,143.4,144.1,143.2,143.7
1678181400,143.7,144.4,143.1,143.1
1678183200,143.1,143.6,142.4,142.5
1678185000,142.5,142.6,141.9,142.2
1678186800,142.3,142.5,141.4,141.9
1678188600,141.9,142.5,141.8,142.4
1678190400,142.4,142.8,142.2,142.3
1678192200,142.2,142.3,141.5,141.8
1678194000,141.7,142.6,141.2,142
1678195800,142.1,142.7,141.9,142.6
1678197600,142.6,142.6,141.5,141.7
1678199400,141.7,142.1,141.2,141.6
1678201200,141.6,141.6,141,141
1678257000,141,141,141,141
1678258800,141.1,141.1,139.5,139.8
1678260600,139.7,141.5,139.6,141.2
1678262400,141.2,142,140.7,140.8
1678264200,140.9,141.3,140.6,140.8
1678266000,140.9,141.1,140.6,140.8
1678267800,140.8,140.9,140.5,140.5
1678269600,140.6,140.6,140.2,140.4
1678271400,140.4,140.6,139.6,139.8
1678273200,139.7,140.3,139.4,140.2
1678275000,140.2,140.4,139.9,140.2
1678276800,140.1,140.4,139.9,140
1678278600,140,140.1,139.7,140.1
1678280400,140.1,140.6,139.9,140.2
1678282200,140.2,140.8,139.9,140.6
1678284000,140.7,141.4,140.3,140.5
1678285800,140.5,140.8,140,140.2
1678287600,140.2,140.2,140.1,140.1
1678343400,140.8,140.8,140.8,140.8
1678345200,140.9,142.6,140.8,142.4
1678347000,142.5,143.3,142,142.2
1678348800,142.3,143,141.8,142
1678350600,141.9,142.1,141.3,141.5
1678352400,141.4,141.6,141.1,141.4
1678354200,141.4,141.5,141.2,141.3
1678356000,141.3,141.6,141.1,141.6
1678357800,141.6,141.8,141.3,141.8
1678359600,141.8,142.1,141.4,141.7
1678361400,141.6,142.2,141.5,142.1
1678363200,142.1,142.2,141.2,141.5
1678365000,141.5,142.1,141.2,141.6
1678366800,141.5,142,141.4,141.9
1678368600,141.9,142.1,141.6,141.8
1678370400,141.7,141.8,140.7,141.2
1678372200,141.1,141.2,140.4,140.9
1678374000,140.5,140.5,140.5,140.5
1678429800,140.4,140.4,140.4,140.4
1678431600,140.3,141,139.5,140.6
1678433400,140.5,140.6,139.6,139.7
1678435200,139.8,140.1,139.3,140
1678437000,139.9,140,139.6,139.7
1678438800,139.7,140.3,139.4,140.3
1678440600,140.2,140.5,140,140.1
1678442400,140.2,140.3,140,140.1
1678444200,140.1,140.1,139.8,139.8
1678446000,139.9,140.5,139.8,140.1
1678447800,140,140.4,140,140.1
1678449600,140.1,140.6,140,140.3
1678451400,140.3,140.4,139.3,139.7
1678453200,139.7,139.7,139,139.4
1678455000,139.4,140.2,139.2,139.3
1678456800,139.3,139.6,139,139.1
1678458600,139.2,139.3,138.4,138.7
1678460400,138.7,138.7,138.7,138.7
1678689000,139.9,139.9,139.9,139.9
1678690800,139.8,140.1,138,138.8
1678692600,138.9,139.2,138.6,139
1678694400,139,139.1,138.5,138.6
1678696200,138.5,138.6,137.6,137.7
1678698000,137.7,137.8,136.6,136.7
1678699800,136.8,137,136.2,136.5
1678701600,136.5,136.5,135.5,136.1
1678703400,136.1,136.5,135.8,136.4
1678705200,136.3,136.6,136.1,136.4
1678707000,136.3,136.5,135.8,135.8
1678708800,135.8,136.6,135.7,136.1
1678710600,136.1,136.2,135.5,136.1
1678712400,136.2,136.6,136.1,136.3
1678714200,136.3,136.7,135.8,136.6
1678716000,136.6,136.8,135.9,135.9
1678717800,136,136.4,135.7,135.8
1678719600,135.8,135.8,135.8,135.8
1678775400,136,136,136,136
1678777200,136.1,137.3,135.7,136.1
1678779000,136,136.4,135.8,136.3
1678780800,136.3,136.3,135,135.3
1678782600,135.3,135.6,134.7,135.1
1678784400,135.1,135.2,134.7,135.1
1678786200,135.2,135.2,134.5,134.5
1678788000,134.6,134.7,133.8,134.4
1678789800,134.4,134.6,134,134.6
1678791600,134.6,135.4,134.5,135.2
1678793400,135.3,135.4,135,135.2
1678795200,135.2,135.6,134.9,135.1
1678797000,135,135.5,134.8,135.4
1678798800,135.4,136.3,135.3,136.2
1678800600,136.3,136.3,135.4,135.5
1678802400,135.5,135.8,134.7,134.8
1678804200,134.8,134.9,132.3,132.6
1678806000,132.6,132.6,132.3,132.3
1678861800,132.8,132.8,132.8,132.8
1678863600,132.7,134.3,132.1,133.9
1678865400,133.9,134.1,132.2,132.7
1678867200,132.7,133.4,132.5,133.2
1678869000,133.1,133.3,132.3,132.5
1678870800,132.6,132.6,131.7,132.3
1678872600,132.2,132.4,131.5,131.5
1678874400,131.6,132.2,131.5,132
1678876200,132,132,131.3,131.6
1678878000,131.6,132,130.7,130.8
1678879800,130.8,131.8,130.7,131
1678881600,131.1,131.1,130.3,130.8
1678883400,130.8,131.5,130.4,130.9
1678885200,130.9,131.6,130.8,131.1
1678887000,131.1,131.5,130.5,130.6
1678888800,130.6,131.1,129.7,130.1
1678890600,130.1,131.1,129.6,131
1678892400,131,131,130.9,130.9
1678948200,132,132,132,132
1678950000,132.1,133.4,131.6,132.5
1678951800,132.5,133.2,132.4,133.2
1678953600,133.2,133.3,132.6,133
1678955400,133,133.1,132.5,132.7
1678957200,132.6,132.8,132.1,132.8
1678959000,132.8,133.3,132.6,132.9
1678960800,132.8,133.1,132.6,132.8
1678962600,132.8,133.1,132.7,132.9
1678964400,132.9,132.9,132.3,132.5
1678966200,132.5,132.5,132.2,132.3
1678968000,132.3,132.4,131.8,132.1
1678969800,132.1,132.1,130.4,130.6
1678971600,130.5,131.5,130.1,130.6
1678973400,130.6,131.6,130.5,131.6
1678975200,131.6,131.7,130.5,130.9
1678977000,131,132.4,130.7,132.1
1678978800,132.2,132.2,132.2,132.2
1679034600,133.6,133.6,133.6,133.6
1679036400,133.6,134.4,132.9,133.4
1679038200,133.4,133.5,132.9,133.2
1679040000,133.2,133.5,133,133.1
1679041800,133.1,133.6,133,133.3
1679043600,133.3,133.3,133,133
1679045400,133.1,133.4,132.9,133.3
1679047200,133.3,133.3,132.6,132.6
1679049000,132.6,132.7,132.1,132.4
1679050800,132.4,133,132.2,132.5
1679052600,132.5,132.5,131,131.4
1679054400,131.4,131.4,129.8,130
1679056200,129.9,130.8,129.8,130.2
1679058000,130.2,130.7,130,130.7
1679059800,130.7,131,130.1,130.5
1679061600,130.5,131,129.9,130.2
1679063400,130.1,130.6,129.7,129.9
1679065200,126.5,126.5,126.5,126.5
1679293800,127,127,127,127
1679295600,127,129.1,125.8,126.4
1679297400,126.3,128.2,126.3,128
1679299200,128,129.3,127.1,127.3
1679301000,127.3,128,126.9,128
1679302800,128,128.3,127,127.4
1679304600,127.5,127.8,127,127.7
1679306400,127.8,128,127.3,127.8
1679308200,127.8,128.3,127.6,127.9
1679310000,127.9,128,127.3,127.4
1679311800,127.4,127.6,126.4,126.5
1679313600,126.5,127.2,126,127.1
1679315400,127.1,127.7,126.8,127.5
1679317200,127.5,127.7,126.8,127
1679319000,127.1,127.4,126.6,127.1
1679320800,127.1,127.5,126.5,126.6
1679322600,126.7,127,124.7,125.8
1679324400,126.1,126.1,126.1,126.1
1679380200,126.8,126.8,126.8,126.8
1679382000,126.8,127.1,124.8,124.9
1679383800,124.9,125.3,123.4,123.6
1679385600,123.6,124.8,123.5,124.8
1679387400,124.8,125,124.1,124.3
1679389200,124.3,124.4,123.5,123.8
1679391000,123.8,123.8,122.8,122.9
1679392800,122.9,123.7,122.5,123.2
1679394600,123.2,123.8,123,123.4
1679396400,123.4,123.6,122.9,123.2
1679398200,123.2,123.3,122.7,123.1
1679400000,123.1,123.8,122.8,123.3
1679401800,123.3,124.7,123.3,123.7
1679403600,123.7,124.4,123.5,123.8
1679405400,123.9,124.7,123.6,124.6
1679407200,124.7,126.6,124.3,124.5
1679409000,124.5,124.8,123.3,123.7
1679410800,123.9,123.9,123.9,123.9
1679466600,124.4,124.4,124.4,124.4
1679468400,124.5,124.8,122.8,123.6
1679470200,123.6,124.6,123.4,124.2
1679472000,124.2,124.5,123.5,124.4
1679473800,124.4,125.6,124.3,125.5
1679475600,125.5,125.6,124.3,124.6
1679477400,124.5,125.1,124.5,124.9
1679479200,124.9,125.3,124.7,124.9
1679481000,125,125.7,124.9,125.7
1679482800,125.7,126,124.6,124.8
1679484600,124.9,125.1,123.9,125
1679486400,124.9,125.2,124.2,124.7
1679488200,124.7,124.9,124.4,124.5
1679490000,124.5,124.7,123.5,124
1679491800,124,125.2,123.7,125
1679493600,125.1,125.2,124.2,124.7
1679495400,124.8,127.2,124.2,127
1679497200,127,127.9,127,127.9
1679553000,127.4,127.4,127.4,127.4
1679554800,127.3,128.2,126.8,128
1679556600,127.9,128.2,127.5,127.9
1679558400,127.9,128.4,127.5,127.8
1679560200,127.8,128.2,127.4,127.8
1679562000,127.9,128.1,127.5,127.6
1679563800,127.6,127.7,127.1,127.5
1679565600,127.5,127.5,126.4,126.7
1679567400,126.7,127,126.5,126.9
1679569200,126.9,127,126.6,126.9
1679571000,126.9,126.9,126.7,126.8
1679572800,126.8,126.8,126.1,126.6
1679574600,126.5,126.8,125.8,126.3
1679576400,126.2,126.7,126,126.5
1679578200,126.5,126.6,126.1,126.4
1679580000,126.4,127.1,126.2,126.7
1679581800,126.7,129.5,126.2,129
1679583600,128.9,129.4,128.9,129.4
1679639400,129.2,129.2,129.2,129.2
1679641200,129.2,129.5,128.4,128.8
1679643000,128.8,130.7,128.8,130.4
1679644800,130.4,130.5,129.3,129.4
1679646600,129.4,129.7,129,129.2
1679648400,129.2,129.5,129.1,129.3
1679650200,129.2,129.4,128.8,129.1
1679652000,129,129.1,128.4,128.7
1679653800,128.7,129.1,128.5,128.6
1679655600,128.6,128.7,127.5,127.8
1679657400,127.8,127.9,127.1,127.2
1679659200,127.2,127.7,126.9,127.5
1679661000,127.6,127.9,127.3,127.6
1679662800,127.7,128.3,127.4,128.3
1679664600,128.3,128.4,127.4,127.9
1679666400,127.9,129.5,127.8,129.1
1679668200,129.2,129.9,127.6,127.8
1679670000,127.8,128.4,127.8,128.4
1679898600,129.1,129.1,129.1,129.1
1679900400,129.2,129.3,128.1,128.2
1679902200,128.1,128.3,126.9,126.9
1679904000,127,127.4,126.7,126.8
1679905800,126.9,127.1,126.4,126.9
1679907600,126.9,127,126.6,126.8
1679909400,126.8,127,126.6,126.7
1679911200,126.7,127.1,126.5,127.1
1679913000,127.1,127.3,126.6,126.6
1679914800,126.7,126.9,126.6,126.7
1679916600,126.8,127.1,126.6,127.1
1679918400,127.1,127.3,126.9,127
1679920200,127.1,127.6,127,127.2
1679922000,127.2,127.2,126.8,127
1679923800,126.9,127.6,126.9,127.3
1679925600,127.4,127.5,126.8,127
1679927400,126.9,127,125.4,125.8
1679929200,125.8,125.8,125.3,125.3
1679985000,125.3,125.3,125.3,125.3
1679986800,125.4,125.4,123.7,123.8
1679988600,123.7,124.5,123.6,124.2
1679990400,124.3,124.3,123.4,123.6
1679992200,123.6,123.8,122.6,122.8
1679994000,122.8,123,122.5,123
1679995800,122.9,123.3,122.9,123.2
1679997600,123.2,123.4,122.7,123
1679999400,123,123.2,122.7,123
1680001200,123,123.4,122.8,123.3
1680003000,123.3,124.1,123,123.3
1680004800,123.3,123.6,123.2,123.4
1680006600,123.4,123.4,122.5,122.6
1680008400,122.6,122.8,122.1,122.3
1680010200,122.2,122.5,121.1,121.8
1680012000,121.7,122.1,120.7,121.3
1680013800,121.4,121.4,119.5,119.7
1680015600,119.7,119.7,119.4,119.4
1680071400,119,119,119,119
1680073200,119,121,118.2,118.6
1680075000,118.5,119.8,117.6,119.8
1680076800,119.8,120.3,119.4,120.3
1680078600,120.4,120.4,119.1,119.2
1680080400,119.3,119.7,118.2,118.4
1680082200,118.5,119.2,118.3,118.6
1680084000,118.7,119,118.6,118.9
1680085800,118.8,119.2,118.7,118.7
1680087600,118.7,119.6,118.7,119.5
1680089400,119.5,119.8,119.2,119.5
1680091200,119.5,120.1,119.3,119.7
1680093000,119.7,120.2,119.6,120.1
1680094800,120.1,121.4,120,120.4
1680096600,120.4,121.9,119.9,121
1680098400,121.1,122.3,121.1,121.9
1680100200,121.9,124.5,121.8,124.5
1680102000,124.4,124.6,124.4,124.6
1680157800,124.1,124.1,124.1,124.1
1680159600,124.1,125,123.1,124.2
1680161400,124.2,124.5,123.6,123.7
1680163200,123.8,124.2,123.5,123.5
1680165000,123.5,124.1,123.5,124.1
1680166800,124.1,124.1,123.8,124
1680168600,124.1,124.1,123.6,123.9
1680170400,123.8,124.2,123.8,124.1
1680172200,124.2,125.2,124.1,125
1680174000,125,125.4,124.5,125.2
1680175800,125.3,125.3,125,125.2
1680177600,125.2,125.4,124.3,124.5
1680179400,124.5,125,124.2,124.3
1680181200,124.3,124.3,123.5,123.7
1680183000,123.6,124,123.6,123.8
1680184800,123.7,123.8,121.8,122.1
1680186600,122.1,123.1,121.5,122.3
1680188400,122.3,122.3,121.9,121.9
1680244200,121.5,121.5,121.5,121.5
1680246000,121.4,121.5,120.2,120.4
1680247800,120.3,120.8,119.3,119.4
1680249600,119.4,119.9,119,119.7
1680251400,119.7,120,119.1,119.4
1680253200,119.3,119.9,119.3,119.7
1680255000,119.7,119.8,119.3,119.4
1680256800,119.4,119.5,119.1,119.5
1680258600,119.4,119.9,119.4,119.5
1680260400,119.5,119.8,119.4,119.5
1680262200,119.5,119.5,118.9,119.2
1680264000,119.2,119.5,119.1,119.3
1680265800,119.3,120.1,119.2,119.9
1680267600,120,120.4,119,119.2
1680269400,119.1,119.4,118.5,118.6
1680271200,118.6,119.6,118.5,119.6
1680273000,119.6,119.9,118.5,118.7
1680274800,118.5,118.5,118.5,118.5
1680503400,118.3,118.3,118.3,118.3
1680505200,118.4,119.4,118,118.7
1680507000,118.7,118.8,116.3,116.4
1680508800,116.4,117,116,116.6
1680510600,116.5,116.8,116.1,116.4
1680512400,116.4,116.5,116.2,116.2
1680514200,116.2,116.9,116.1,116.5
1680516000,116.5,116.9,116.3,116.7
1680517800,116.7,117.3,116.5,117.2
1680519600,117.2,117.3,116.7,116.8
1680521400,116.8,116.8,115.9,116.3
1680523200,116.3,116.8,116,116.7
1680525000,116.8,116.8,116.2,116.4
1680526800,116.4,118.5,116.1,118.2
1680528600,118.3,122.7,117.9,121.2
1680530400,121.1,121.7,119.6,120.2
1680532200,120.2,121.9,120.2,120.6
1680534000,120.6,120.8,120.6,120.8
1680589800,120.8,120.8,120.8,120.8
1680591600,120.8,122.8,120.2,122.7
1680593400,122.6,124,122.4,122.8
1680595200,122.8,123,122.5,122.9
1680597000,122.8,123.7,122.6,123.3
1680598800,123.2,123.4,122.6,122.8
1680600600,122.8,123.4,122.7,123.2
1680602400,123.2,123.6,123,123.1
1680604200,123,123.2,121.8,122.3
1680606000,122.2,122.7,122,122.3
1680607800,122.2,122.9,122.2,122.4
1680609600,122.3,123.3,121.8,123.3
1680611400,123.3,123.6,122.6,122.9
1680613200,122.9,123,122.1,122.8
1680615000,122.8,124.6,122.5,124.6
1680616800,124.5,128.5,124.5,128.1
1680618600,128,128.7,127.3,128.3
1680620400,128.4,128.4,128.1,128.1
1680676200,128.1,128.1,128.1,128.1
1680678000,128.2,129.8,127.4,128.1
1680679800,128.1,128.8,128,128.5
1680681600,128.5,128.8,128,128.1
1680683400,128.1,128.6,127.8,128.6
1680685200,128.5,129.1,128.1,128.9
1680687000,128.9,129.1,128.5,128.9
1680688800,128.9,129.1,128.4,128.5
1680690600,128.5,128.7,128.4,128.5
1680692400,128.5,128.6,127.6,127.9
1680694200,127.9,128.5,127.7,128.3
1680696000,128.4,129.3,128.3,128.9
1680697800,128.9,129.1,128.2,128.4
1680699600,128.4,128.9,127.9,128.1
1680701400,128.2,128.2,126.7,127.2
1680703200,127.2,127.5,126.2,126.4
1680705000,126.3,126.7,125.3,125.6
1680706800,125.6,125.7,125.3,125.3
1680762600,125.4,125.4,125.4,125.4
1680764400,125.4,126.7,125.2,126.1
1680766200,126.1,126.6,125.8,126.2
1680768000,126.2,127.3,126,127
1680769800,127.1,127.6,126.9,127.3
1680771600,127.2,127.9,127,127.2
1680773400,127.3,127.6,127.2,127.3
1680775200,127.4,127.9,127.2,127.6
1680777000,127.6,128,127.5,127.9
1680778800,127.9,128,127.5,127.6
1680780600,127.6,127.6,127.1,127.2
1680782400,127.2,127.3,125.9,126.4
1680784200,126.5,126.9,126.1,126.3
1680786000,126.3,126.5,125.3,126.3
1680787800,126.2,127.2,126.2,126.8
1680789600,126.8,127.5,126.3,126.8
1680791400,126.8,127.8,126.4,127.3
1680793200,127.3,127.3,127.2,127.2
1680849000,127.6,127.6,127.6,127.6
1680850800,127.7,129.5,127.3,128.4
1680852600,128.5,128.6,127.7,127.8
1680854400,127.8,128.1,127.5,128.1
1680856200,128.1,128.4,127.8,127.9
1680858000,127.8,128,127.5,127.8
1680859800,127.9,128,127.8,127.8
1680861600,127.9,127.9,127.6,127.7
1680863400,127.7,127.8,127.3,127.4
1680865200,127.5,127.5,126.8,127.2
1680867000,127.3,127.3,127,127.1
1680868800,127.1,127.3,126.9,127.2
1680870600,127.2,128.3,127.2,127.8
1680872400,127.9,128,127.4,127.7
1680874200,127.7,127.8,127.2,127.6
1680876000,127.6,127.7,126.4,126.8
1680877800,126.8,127.9,126.6,127.3
1680879600,127.4,127.4,127.4,127.4
1681108200,128.2,128.2,128.2,128.2
1681110000,128.2,129.2,128.1,128.8
1681111800,128.8,129.1,128.3,128.5
1681113600,128.5,128.8,128.1,128.8
1681115400,128.8,129.3,128.7,128.9
1681117200,128.9,129.8,128.7,129.8
1681119000,129.8,130.7,129.6,130
1681120800,130.1,130.4,129.8,130.1
1681122600,130.1,130.5,130,130.5
1681124400,130.5,130.9,130.3,130.8
1681126200,130.9,130.9,130.3,130.5
1681128000,130.4,131.5,130.3,131.4
1681129800,131.5,131.7,130.8,131.3
1681131600,131.3,132.1,131.2,131.8
1681133400,131.7,132.4,131.6,132.4
1681135200,132.4,133.3,132.2,133
1681137000,133.1,133.8,132.7,133.5
1681138800,133.5,133.6,133.5,133.5
1681194600,133.3,133.3,133.3,133.3
1681196400,133.4,133.6,132.2,132.6
1681198200,132.6,134.3,132.4,134.1
1681200000,134,134.1,133,133.3
1681201800,133.2,133.5,132.7,132.9
1681203600,133,133.2,132.8,132.9
1681205400,132.9,132.9,132.4,132.9
1681207200,132.8,133.2,132.7,132.9
1681209000,132.9,133.1,132.7,132.8
1681210800,132.8,132.9,132.5,132.9
1681212600,132.9,133.4,132.6,132.9
1681214400,132.9,133.7,132.8,133.6
1681216200,133.7,134,132.8,132.9
1681218000,132.8,133.1,132.2,132.8
1681219800,132.8,133.2,132.5,133
1681221600,133,133.1,132.4,133
1681223400,133,133.4,132.7,132.9
1681225200,132.9,133,132.9,133
1681281000,133.4,133.4,133.4,133.4
1681282800,133.3,134.1,132.9,133.8
1681284600,133.8,134.9,133.6,134.4
1681286400,134.4,135.2,134.3,134.8
1681288200,134.8,135.8,134.7,135.5
1681290000,135.5,136,135.4,135.8
1681291800,135.8,135.9,135.5,135.7
1681293600,135.8,135.9,135.5,135.5
1681295400,135.5,135.8,135.4,135.5
1681297200,135.6,135.6,135.2,135.4
1681299000,135.3,135.4,134.8,135.1
1681300800,135,135.4,134.9,135
1681302600,135,135.7,134.9,135.3
1681304400,135.3,135.9,135.1,135.7
1681306200,135.7,135.9,134,134.3
1681308000,134.3,134.7,133.7,133.8
1681309800,133.8,134.1,133.1,133.7
1681311600,133.7,133.7,133.4,133.4
1681367400,134.3,134.3,134.3,134.3
1681369200,134.2,135.1,134.2,134.5
1681371000,134.6,135.1,134.3,135
1681372800,135,136.8,135,136.4
1681374600,136.3,136.6,135.7,136.3
1681376400,136.4,136.8,136.2,136.3
1681378200,136.4,136.6,136.2,136.3
1681380000,136.3,136.5,136.2,136.3
1681381800,136.4,136.5,136.1,136.5
1681383600,136.5,136.9,136.2,136.8
1681385400,136.8,137.1,136.6,136.7
1681387200,136.8,136.9,136.5,136.6
1681389000,136.5,136.8,136.3,136.6
1681390800,136.7,136.9,136.2,136.3
1681392600,136.3,137.2,136.1,136.7
1681394400,136.6,138.2,136.6,137.7
1681396200,137.6,138.1,137,137.3
1681398000,137.3,137.3,137.1,137.1
1681453800,137.3,137.3,137.3,137.3
1681455600,137.3,137.4,135.4,136.1
1681457400,136.2,136.6,136.1,136.4
1681459200,136.3,136.6,135.9,136
1681461000,136,136.2,135.8,136
1681462800,135.9,136,135.6,135.9
1681464600,136,136.3,135.8,136.3
1681466400,136.2,136.3,136.1,136.2
1681468200,136.2,136.2,135.7,135.8
1681470000,135.8,135.9,135.1,135.3
1681471800,135.3,135.4,134.9,135.3
1681473600,135.2,135.7,134.9,135.5
1681475400,135.5,135.5,135,135.2
1681477200,135.1,135.7,135,135.3
1681479000,135.4,135.7,135,135.3
1681480800,135.3,135.4,134.7,135.1
1681482600,135.1,135.2,134.2,134.4
1681484400,134.4,134.4,134.4,134.4
1681713000,134.6,134.6,134.6,134.6
1681714800,134.6,134.9,133.2,133.9
1681716600,133.8,134.6,133.6,134.5
1681718400,134.5,135.3,134.4,135.1
1681720200,135,135.1,134.7,135
1681722000,135,135.3,134.9,135.1
1681723800,135.1,135.5,134.9,135
1681725600,134.9,135.8,134.9,135.7
1681727400,135.7,136.2,135.3,135.6
1681729200,135.6,135.6,134.7,135
1681731000,134.9,135,134.7,134.7
1681732800,134.7,134.9,134.4,134.7
1681734600,134.6,134.7,134.1,134.5
1681736400,134.5,135.3,134.3,134.9
1681738200,134.9,135,133.7,134.1
1681740000,134.1,135.4,133.7,135.4
1681741800,135.4,136,134.7,135.5
1681743600,135.7,135.7,135.7,135.7
1681799400,136,136,136,136
1681801200,136,137.2,135.5,136.9
1681803000,136.8,137.6,136.3,136.8
1681804800,136.9,137.3,136.8,137
1681806600,136.9,137,136.6,136.6
1681808400,136.6,136.9,136.4,136.6
1681810200,136.5,136.6,135.9,136
1681812000,136,136.4,135.8,136.2
1681813800,136.2,136.2,135.9,136.1
1681815600,136.1,136.1,135.3,135.5
1681817400,135.5,136.1,135.5,136
1681819200,135.9,136.1,135.5,135.7
1681821000,135.8,136,135.5,135.6
1681822800,135.7,136.2,135.4,135.7
1681824600,135.8,136.3,135.7,135.8
1681826400,135.8,136.7,135.4,136.2
1681828200,136.2,136.6,135.6,135.7
1681830000,136.2,136.2,136.2,136.2
1681885800,136.2,136.2,136.2,136.2
1681887600,136.2,136.9,135.7,136.7
1681889400,136.6,136.7,135.5,135.6
1681891200,135.6,135.7,135.4,135.5
1681893000,135.5,135.5,134.6,134.7
1681894800,134.7,134.8,134.3,134.5
1681896600,134.4,134.5,134,134.4
1681898400,134.4,134.4,133.8,134.4
1681900200,134.4,134.5,134.1,134.4
1681902000,134.4,134.5,134.2,134.4
1681903800,134.5,134.9,134.2,134.3
1681905600,134.3,134.6,134.2,134.5
1681907400,134.6,135.2,134.5,135.2
1681909200,135.2,135.5,135,135
1681911000,135,135.2,134.3,134.4
1681912800,134.3,136.1,134,135.6
1681914600,135.6,135.8,134,134.3
1681916400,134.3,134.7,134.3,134.7
1681972200,134.4,134.4,134.4,134.4
1681974000,134.4,134.6,133.6,134.1
1681975800,134.1,134.1,133.4,133.5
1681977600,133.5,134.1,133.3,133.7
1681979400,133.6,133.9,133.3,133.8
1681981200,133.8,134,133.5,133.6
1681983000,134,134,134,134
1682317800,134.7,134.7,134.7,134.7
1682319600,134.6,135.5,134.4,135.5
1682321400,135.5,136.2,135.4,136.2
1682323200,136.2,136.2,135.7,135.9
1682325000,135.8,135.9,135.6,135.7
1682326800,135.7,135.7,135.4,135.5
1682328600,135.5,136.3,135.4,135.7
1682330400,135.7,136.1,135.7,136
1682332200,135.9,136.2,135.5,135.5
1682334000,135.5,135.9,135.4,135.8
1682335800,135.7,135.9,135.6,135.8
1682337600,135.9,136,135.7,135.8
1682339400,135.7,135.8,135.4,135.4
1682341200,135.4,135.7,135,135.1
1682343000,135.1,135.4,135,135.2
1682344800,135.2,136.9,135.1,136.3
1682346600,136.3,136.8,136,136.3
1682348400,136.3,136.3,136.3,136.3
1682404200,136.6,136.6,136.6,136.6
1682406000,136.6,137.2,135.8,136
1682407800,136,136.5,135.9,136.1
1682409600,136,136.2,135.8,136.1
1682411400,136.2,136.6,136,136.3
1682413200,136.2,136.4,136.1,136.2
1682415000,136.1,136.6,136.1,136.5
1682416800,136.5,136.8,136.4,136.4
1682418600,136.5,136.6,136.2,136.2
1682420400,136.2,136.8,136.2,136.7
1682422200,136.7,136.7,136.1,136.2
1682424000,136.2,136.7,136.1,136.4
1682425800,136.5,136.6,136.2,136.3
1682427600,136.4,136.4,135.2,135.9
1682429400,135.8,135.9,134.4,135
1682431200,135.1,135.2,133.9,134.3
1682433000,134.3,134.7,133.6,134
1682434800,133.9,133.9,133.7,133.7
1682490600,133.6,133.6,133.6,133.6
1682492400,133.6,134,131.5,132
1682494200,132,133,131.6,132.2
1682496000,132.2,132.3,131.3,131.7
1682497800,131.6,131.9,130.7,131.1
1682499600,131.2,131.5,130.9,131.3
1682501400,131.2,131.4,131,131.3
1682503200,131.3,132.2,131.2,131.8
1682505000,131.8,132.5,131.7,132.3
1682506800,132.4,132.6,131.4,131.5
1682508600,131.4,131.5,131.1,131.4
1682510400,131.4,131.5,130.3,130.4
1682512200,130.4,131.3,129.9,131.2
1682514000,131.2,132.3,131,131.3
1682515800,131.3,131.6,130.9,130.9
1682517600,130.9,130.9,128.8,129.3
1682519400,129.3,130.9,129.3,129.8
1682521200,130,130,129.9,130
1682577000,129.7,129.7,129.7,129.7
1682578800,129.7,132.1,129.6,130.8
1682580600,130.8,131.5,130.2,131.3
1682582400,131.3,132.4,130.4,130.5
1682584200,130.5,131.1,130.3,130.9
1682586000,130.9,131.6,130.8,131.5
1682587800,131.4,132.1,131.1,131.5
1682589600,131.6,132.4,131.6,132.3
1682591400,132.2,132.7,131.4,131.4
1682593200,131.4,131.7,130.5,131
1682595000,131,131.7,131,131.3
1682596800,131.2,132.2,131,131.8
1682598600,131.8,132,130.6,130.7
1682600400,130.8,131.1,129.8,131
1682602200,131,131.1,130.3,130.4
1682604000,130.4,133.3,130.3,132.8
1682605800,132.9,133.1,130.3,130.5
1682607600,130.8,130.8,130.8,130.8
1682663400,131.4,131.4,131.4,131.4
1682665200,131.4,131.7,130.8,131.1
1682667000,131,131.1,130.1,130.2
1682668800,130.3,130.5,129.8,129.9
1682670600,129.8,129.9,129.3,129.5
1682672400,129.5,130.1,129.1,130
1682674200,130,130.1,129.6,129.8
1682676000,129.7,130.2,129.7,130.2
1682677800,130.1,130.4,129.6,129.8
1682679600,129.7,129.9,129.4,129.6
1682681400,129.5,130,129.3,129.4
1682683200,129.5,130.4,129.3,130.1
1682685000,130.1,130.4,129.7,130
1682686800,130,130.5,129.8,129.9
1682688600,129.9,130.7,129.3,129.6
1682690400,129.7,130.7,128.8,129.2
1682692200,129.1,129.1,125.7,127.9
1682694000,127.9,127.9,127.8,127.8
1683009000,128.3,128.3,128.3,128.3
1683010800,128.4,129.1,127.3,128.3
1683012600,128.4,128.9,128,128.3
1683014400,128.3,128.7,127.9,128.4
1683016200,128.4,128.5,126.5,126.6
1683018000,126.6,128.3,126.5,127.7
1683019800,127.6,127.9,127.2,127.6
1683021600,127.5,127.8,127.2,127.6
1683023400,127.7,128.2,127.4,127.7
1683025200,127.7,128.6,127.5,128.5
1683027000,128.5,129.7,128.1,129.6
1683028800,129.6,130.4,129.1,129.1
1683030600,129.2,129.4,128.8,129.2
1683032400,129.2,129.2,128.7,128.7
1683034200,128.7,128.9,127.6,128.3
1683036000,128.3,128.3,125.9,126.4
1683037800,126.4,127.6,125.9,126.4
1683039600,126.3,126.4,126.3,126.3
1683095400,126.9,126.9,126.9,126.9
1683097200,127,127.8,125.5,126.1
1683099000,126.1,126.9,124.9,126.7
1683100800,126.7,126.9,125.5,126.1
1683102600,126.2,126.3,125,125.3
1683104400,125.2,125.4,124.1,124.4
1683106200,124.4,126.4,124.1,125.6
1683108000,125.7,125.9,124.6,124.8
1683109800,124.7,125.5,124.5,125.4
1683111600,125.3,126.7,125.3,126.6
1683113400,126.5,128.3,126.4,126.6
1683115200,126.6,127.4,125.7,126.3
1683117000,126.3,126.8,125.9,126.3
1683118800,126.2,126.2,125.1,125.5
1683120600,125.4,127.7,125.4,127.1
1683122400,127.2,128.7,126.9,127.3
1683124200,127.3,129.3,126.2,129
1683126000,129,129.2,129,129.2
1683181800,128,128,128,128
1683183600,128,129.8,127.6,128.8
1683185400,128.7,129.6,128.6,129.4
1683187200,129.4,129.7,128.7,129.5
1683189000,129.4,130.1,129.2,129.4
1683190800,129.5,129.7,129,129.3
1683192600,129.3,129.5,129.1,129.2
1683194400,129.2,129.5,129.1,129.3
1683196200,129.4,129.4,128.6,128.7
1683198000,128.6,129,128.2,128.9
1683199800,128.9,129.2,128.5,128.7
1683201600,128.7,128.7,128,128.4
1683203400,128.5,129.6,128.3,129.3
1683205200,129.3,129.5,128.7,129
1683207000,129,129.8,128.5,128.9
1683208800,128.8,129.8,128.6,128.8
1683210600,128.7,128.9,127.3,127.9
1683212400,128,128,127.7,127.7
1683268200,127.9,127.9,127.9,127.9
1683270000,128,128.8,127.4,128
1683271800,128,128.3,127.3,127.4
1683273600,127.4,127.4,126,126.4
1683275400,126.4,126.8,126.1,126.6
1683277200,126.6,126.6,126,126.2
1683279000,126.2,126.3,125.6,126.1
1683280800,126.1,126.7,125.8,126.5
1683282600,126.4,126.8,126,126.1
1683284400,126.2,126.2,125.7,125.8
1683286200,125.8,126.2,125.5,125.7
1683288000,125.6,125.7,124.5,125.2
1683289800,125.2,125.5,124.9,125.1
1683291600,125.1,125.6,124.6,125
1683293400,125.1,125.1,124.2,124.4
1683295200,124.4,125.7,124.3,125.3
1683297000,125.3,125.9,124.7,125.6
1683298800,125.6,125.6,125.5,125.5
1683527400,126.6,126.6,126.6,126.6
1683529200,126.7,127,124.8,125.7
1683531000,125.7,126.4,125.5,126.3
1683532800,126.3,126.7,125.9,126
1683534600,126,126.4,125.6,126.2
1683536400,126.2,126.3,125.8,126.2
1683538200,126.1,126.3,125.9,126.1
1683540000,126.1,126.4,125.9,126.3
1683541800,126.3,127,126.2,126.9
1683543600,127,127.7,126.9,127.4
1683545400,127.3,127.9,126.8,127.2
1683547200,127.1,127.5,126.9,127.5
1683549000,127.4,128.3,127.4,128
1683550800,128.1,128.8,128,128.8
1683552600,128.7,129.8,128.6,129.8
1683554400,129.8,132.4,129.6,131.7
1683556200,131.6,133.1,131,132.9
1683558000,132.8,132.9,132.8,132.8
1683613800,132,132,132,132
1683615600,131.9,133.3,131,131.9
1683617400,131.9,132.1,131.2,131.3
1683619200,131.4,131.5,130.9,131.1
1683621000,131,131.9,130.5,131.6
1683622800,131.7,132.5,131.6,132
1683624600,132.1,132.2,131.7,132.1
1683626400,132,132.2,131.8,132.1
1683628200,132.1,132.1,131.7,131.8
1683630000,131.7,133,131.5,132.9
1683631800,132.8,133.1,131.9,132
1683633600,132,132.1,130.9,131.2
1683635400,131.2,131.3,130.6,130.7
1683637200,130.8,131,129.6,129.9
1683639000,129.8,130.4,129,130.1
1683640800,130.1,130.3,129.2,129.7
1683642600,129.7,130.3,128.6,128.9
1683644400,128.8,128.8,128.8,128.8
1683700200,129.3,129.3,129.3,129.3
1683702000,129.3,129.9,127.3,127.5
1683703800,127.4,127.7,126.8,127.7
1683705600,127.6,128.2,127.3,127.7
1683707400,127.7,128.3,127.7,128
1683709200,127.9,127.9,127.3,127.5
1683711000,127.5,127.8,127.3,127.5
1683712800,127.5,127.5,127,127.5
1683714600,127.5,127.6,127.3,127.5
1683716400,127.5,128.2,127,128
1683718200,128,129.1,127.8,128.9
1683720000,128.9,129.1,128.5,128.8
1683721800,128.8,129.6,128.6,128.7
1683723600,128.8,129.3,127,127.8
1683725400,127.8,127.9,127,127.7
1683727200,127.6,128.8,127.4,128.2
1683729000,128.2,128.4,126.7,127.1
1683730800,127,127,126.8,126.8
1683786600,126.3,126.3,126.3,126.3
1683788400,126.4,128.4,126.4,128.1
1683790200,128.1,131.3,128.1,130.1
1683792000,130,131.2,129.9,130.8
1683793800,130.9,131.7,130.8,131.4
1683795600,131.4,132.4,131.2,131.6
1683797400,131.5,132.2,130.4,130.7
1683799200,130.7,131.1,130.1,131.1
1683801000,131,131.2,130.2,130.4
1683802800,130.3,135.9,129.7,135
1683804600,135,136.4,133.9,134.4
1683806400,134.5,137.4,134.4,136.1
1683808200,136.1,137.9,136,137.6
1683810000,137.5,137.8,137.1,137.2
1683811800,137.1,137.2,135.1,135.8
1683813600,135.9,136.8,135.4,136.6
1683815400,136.6,138.3,136.5,137.3
1683817200,137.2,137.3,136.3,136.3
1683873000,136.7,136.7,136.7,136.7
1683874800,136.7,137.5,133.6,136.3
1683876600,136.3,136.4,134.5,134.7
1683878400,134.6,134.8,133.7,134.6
1683880200,134.5,135,133.8,133.8
1683882000,133.8,134.1,132.7,133.3
1683883800,133.3,134.2,133.1,134
1683885600,133.9,134.5,133.4,134.3
1683887400,134.3,134.4,133.2,133.8
1683889200,133.8,133.9,133.3,133.4
1683891000,133.3,133.8,133.1,133.7
1683892800,133.7,134.5,133.6,134.1
1683894600,134.2,134.6,133.7,134.3
1683896400,134.2,135.1,133.9,134.4
1683898200,134.5,134.5,131.7,131.9
1683900000,131.9,132.8,131.4,132.1
1683901800,132.1,133.7,132,133.3
1683903600,133.3,133.3,132.6,132.6
1684132200,129.6,129.6,129.6,129.6
1684134000,129.1,129.1,129.1,129.1
1684135800,129.1,134.3,126.9,134
1684137600,134.1,136,133,135
1684139400,135,135.1,133.9,134.9
1684141200,134.9,135.8,134.7,135.1
1684143000,135.1,135.1,133.9,134.1
1684144800,134.2,135,134.1,135
1684146600,135,135.5,134.6,134.8
1684148400,134.8,135.2,134.5,134.8
1684150200,134.9,134.9,134.1,134.4
1684152000,134.3,134.3,132.9,132.9
1684153800,132.9,133,132,132.2
1684155600,132.1,133,132,133
1684157400,133.1,133.1,130.9,130.9
1684159200,131,131,126.2,127.1
1684161000,127.1,127.5,123.4,124.3
1684162800,124.3,124.4,124.2,124.4
1684218600,125.7,125.7,125.7,125.7
1684220400,125.7,128.2,125.6,127.2
1684222200,127.1,128.9,127,128.5
1684224000,128.6,130.1,128.4,128.8
1684225800,128.9,129.7,128.7,129.5
1684227600,129.6,130.1,129.1,129.6
1684229400,129.7,129.7,128.9,129.5
1684231200,129.5,129.5,129,129.3
1684233000,129.4,131.1,129.1,130.2
1684234800,130.2,131.7,130.2,131.7
1684236600,131.7,133.1,131.6,131.9
1684238400,132,133.5,132,132.4
1684240200,132.5,133.1,130.9,131.6
1684242000,131.6,133.2,131.2,131.8
1684243800,131.8,134.8,131.1,134
1684245600,134,136.4,134,135.1
1684247400,135.1,136.3,134.3,135.7
1684249200,135.7,135.9,135.6,135.9
1684305000,135.9,135.9,135.9,135.9
1684306800,135.9,136.7,134.7,135.1
1684308600,135.1,136.3,134.8,136.1
1684310400,136.2,136.2,135.1,136.2
1684312200,136.2,138.1,136.1,137.1
1684314000,137.1,137.9,137.1,137.8
1684315800,137.7,138.1,136.6,137.2
1684317600,137.1,137.8,137.1,137.7
1684319400,137.7,138,137.4,137.4
1684321200,137.4,137.5,136.2,136.8
1684323000,136.8,136.9,135.7,135.8
1684324800,135.8,137.2,135.8,136.7
1684326600,136.8,137.5,136.3,137
1684328400,137.1,137.7,136.9,137
1684330200,137,137.1,135.4,136.1
1684332000,136,136.8,135.7,136.5
1684333800,136.5,137.2,135.5,136.9
1684335600,136.9,137.1,136.9,137.1
1684391400,137.3,137.3,137.3,137.3
1684393200,137.3,138.5,135.9,138.2
1684395000,138.2,138.8,137.3,137.4
1684396800,137.4,137.5,135.7,136.4
1684398600,136.4,137.4,136.3,137.3
1684400400,137.3,137.7,137,137.1
1684402200,137,137.5,136.9,137.1
1684404000,137.1,137.1,136.2,136.3
1684405800,136.3,136.5,134.4,134.6
1684407600,134.5,134.6,133.5,133.7
1684409400,133.7,134.2,133.4,133.8
1684411200,133.8,133.9,132.7,133.8
1684413000,133.8,134.1,133.2,133.6
1684414800,133.6,134.6,133,134.5
1684416600,134.5,134.8,133,133.9
1684418400,133.9,134.6,133.3,133.6
1684420200,133.5,134.2,131.4,132.4
1684422000,132.4,132.6,132.4,132.6
1684737000,133.7,133.7,133.7,133.7
1684738800,133.8,134.8,132.4,132.7
1684740600,132.7,133.9,132.5,133.1
1684742400,133,133.4,132.8,133
1684744200,133,133.8,132.8,133.7
1684746000,133.7,134,133.3,133.6
1684747800,133.5,134.5,133.1,134.2
1684749600,134.2,136,134.2,135.7
1684751400,135.8,135.9,134.8,135
1684753200,135,135.4,134.5,134.8
1684755000,134.7,135.5,134.5,135.3
1684756800,135.3,135.8,134.9,135.6
1684758600,135.6,136.2,134.9,136
1684760400,136,136.6,135.4,135.6
1684762200,135.6,135.8,134.7,135.4
1684764000,135.4,137.9,134.7,135.1
1684765800,135,136.2,132.9,135.1
1684767600,135.1,135.5,135.1,135.5
1684823400,135.5,135.5,135.5,135.5
1684825200,135.6,136,134.7,135.6
1684827000,135.6,135.9,134.5,134.8
1684828800,134.7,134.9,133.7,133.8
1684830600,133.8,134.7,133.6,134.3
1684832400,134.2,134.7,134.2,134.4
1684834200,134.5,134.6,133.5,133.8
1684836000,133.7,133.8,133,133.3
1684837800,133.3,134,133.2,133.8
1684839600,133.9,134.1,133.7,134
1684841400,133.9,134.8,133.9,134.2
1684843200,134.1,134.3,133.7,134.2
1684845000,134.2,134.7,133.9,134.3
1684846800,134.4,134.5,133.7,133.9
1684848600,133.9,134.1,133.1,133.4
1684850400,133.4,133.8,133.4,133.7
1684852200,133.6,134.8,133.6,134.3
1684854000,134.3,134.4,134.3,134.4
1684909800,134.5,134.5,134.5,134.5
1684911600,134.6,135.1,134,134.3
1684913400,134.2,134.8,134.1,134.7
1684915200,134.7,135.6,134.6,134.7
1684917000,134.6,134.9,134.2,134.4
1684918800,134.4,134.7,133.9,133.9
1684920600,133.9,134.1,133.5,133.6
1684922400,133.6,133.6,132.8,133.1
1684924200,133.1,133.5,132.9,133.4
1684926000,133.4,133.6,133.1,133.3
1684927800,133.2,133.4,132.9,133
1684929600,133,133.1,132.2,132.3
1684931400,132.4,132.5,132.1,132.1
1684933200,132.2,132.9,132.1,132.7
1684935000,132.8,132.8,132.1,132.6
1684936800,132.5,133.6,132.4,132.8
1684938600,132.9,133.5,132.6,133
1684940400,133,133,132.8,132.8
1684996200,133.1,133.1,133.1,133.1
1684998000,133.1,133.6,132.8,133.3
1684999800,133.2,134.2,133,133.8
1685001600,133.8,134.1,133.6,134
1685003400,134,134.7,133.9,134.4
1685005200,134.3,135.4,134.3,135.1
1685007000,135.1,136.1,135.1,135.6
1685008800,135.5,135.8,135.4,135.5
1685010600,135.5,135.7,135.1,135.6
1685012400,135.6,135.6,135.1,135.1
1685014200,135.1,135.5,134.7,135
1685016000,135,135.1,134.3,134.9
1685017800,134.9,134.9,134.6,134.7
1685019600,134.7,134.8,134,134.1
1685021400,134.2,134.2,133,133.4
1685023200,133.4,133.4,132.6,133.1
1685025000,133.2,134.4,132.9,134.2
1685026800,134.3,134.3,134.1,134.1
1685082600,134.7,134.7,134.7,134.7
1685084400,134.7,136.3,134.5,136.1
1685086200,136.1,136.8,135.9,136.4
1685088000,136.5,136.8,136.4,136.7
1685089800,136.7,137.1,136.3,137
1685091600,137.1,137.3,136.7,136.9
1685093400,137,137.2,136.2,136.8
1685095200,136.8,136.9,136.1,136.5
1685097000,136.5,137.1,136.4,136.7
1685098800,136.7,137.8,136.5,137.5
1685100600,137.4,140.5,137.3,140
1685102400,140,140.7,139.2,140.1
1685104200,140.1,140.3,139.6,140
1685106000,140,140.9,139.7,140.6
1685107800,140.6,141.5,140.6,141.5
1685109600,141.4,142.9,141.1,142.1
1685111400,142.1,143.6,141.5,142.6
1685113200,142.6,142.6,142.3,142.3
1685341800,147.6,147.6,147.6,147.6
1685343600,147.6,148.2,144.6,147
1685345400,147,147.9,146.9,147.3
1685347200,147.3,147.5,146.6,147.2
1685349000,147.2,148.6,147,147.8
1685350800,147.9,148.4,147.5,148.2
1685352600,148.2,148.3,147.7,147.8
1685354400,147.7,147.8,147.3,147.6
1685356200,147.6,147.8,145.2,145.7
1685358000,145.6,146.4,145,146.3
1685359800,146.3,147,146.2,146.7
1685361600,146.8,147.1,146.3,146.6
1685363400,146.6,146.7,145.6,146.6
1685365200,146.6,146.8,146,146.6
1685367000,146.7,147.1,146.1,146.9
1685368800,146.9,147.2,146.2,146.5
1685370600,146.6,146.6,145.6,146.2
1685372400,146.2,146.2,146,146
1685428200,147.5,147.5,147.5,147.5
1685430000,147.6,148.1,146.2,147.8
1685431800,147.8,148.8,146.8,146.9
1685433600,146.8,147.9,146.6,147.4
1685435400,147.3,147.4,146.7,147
1685437200,146.9,147,146.1,146.9
1685439000,146.9,147.4,146.8,147.1
1685440800,147.2,147.4,146.7,146.8
1685442600,146.9,147,146.6,146.8
1685444400,146.9,147.6,146.7,147
1685446200,146.9,147.4,146.9,147.3
1685448000,147.4,147.6,146.6,147.1
1685449800,147.1,148.8,147,148.1
1685451600,148.2,148.4,147,147.5
1685453400,147.5,148,147.4,147.8
1685455200,147.8,148.4,147.6,147.7
1685457000,147.7,147.8,146.8,147
1685458800,147,147.1,147,147
1685514600,147.3,147.3,147.3,147.3
1685516400,147.3,148.1,145.9,147.8
1685518200,147.7,149.4,147.7,149
1685520000,149,149.3,148.3,148.8
1685521800,148.8,148.8,147.6,148.3
1685523600,148.3,148.3,147.2,147.4
1685525400,147.4,147.9,147.3,147.6
1685527200,147.7,148.1,147.4,147.6
1685529000,147.5,147.7,147.3,147.4
1685530800,147.4,147.6,147.2,147.3
1685532600,147.4,148.5,147.3,147.5
1685534400,147.5,147.9,147.4,147.8
1685536200,147.8,148.1,147.4,147.5
1685538000,147.4,147.7,147.2,147.6
1685539800,147.6,147.6,145,145.2
1685541600,145.1,145.2,144.2,145.1
1685543400,145.1,145.4,144,144.4
1685545200,144.5,144.5,143.8,143.8
1685601000,145,145,145,145
1685602800,145.1,146.8,144.8,146.4
1685604600,146.3,147.6,146.1,147.4
1685606400,147.5,147.8,146.8,147.2
1685608200,147.1,147.3,146.8,147.2
1685610000,147.1,147.4,146.7,146.8
1685611800,146.7,148.4,146.5,148
1685613600,147.9,148.6,147.8,148.1
1685615400,148.2,148.3,147.7,147.9
1685617200,148,148.1,147.5,147.6
1685619000,147.6,148,147,147.7
1685620800,147.7,147.9,146.6,147.3
1685622600,147.3,147.4,146.5,146.9
1685624400,146.9,147.3,146.7,147
1685626200,147,147.1,145.5,146
1685628000,145.9,146.3,145.7,146
1685629800,146,147,146,146.8
1685631600,146.8,147,146.8,147
1685687400,150.9,150.9,150.9,150.9
1685689200,150.9,151.2,149,150
1685691000,150.1,150.9,149.8,150.8
1685692800,150.8,151,149.8,150
1685694600,149.9,150.8,149.7,150.6
1685696400,150.7,150.7,150.1,150.5
1685698200,150.5,150.6,149.8,149.9
1685700000,150,150.1,149.2,149.5
1685701800,149.4,149.6,149,149.5
1685703600,149.5,149.9,149.4,149.4
1685705400,149.5,149.7,149.2,149.4
1685707200,149.4,149.7,148.9,149.6
1685709000,149.7,149.8,149.2,149.3
1685710800,149.3,149.5,147.6,147.8
1685712600,147.7,149,147.4,148.6
1685714400,148.6,149,148.5,148.9
1685716200,148.9,150.4,148.8,150.1
1685718000,150.1,150.1,150.1,150.1
1685946600,154.5,154.5,154.5,154.5
1685948400,154.6,158.2,153.6,156.9
1685950200,156.8,157.9,156.8,156.9
1685952000,156.8,157.7,156.7,156.9
1685953800,156.9,157.9,156.5,157.4
1685955600,157.3,157.9,156.9,157.7
1685957400,157.6,158.4,157.6,157.7
1685959200,157.8,158.2,157.6,158.2
1685961000,158.2,158.3,157.7,158.2
1685962800,158.2,158.8,157.9,158.8
1685964600,158.8,160.8,158.8,160.5
1685966400,160.4,163,160.4,161.9
1685968200,162,162,161.1,161.3
1685970000,161.2,162.5,161.1,162.3
1685971800,162.2,164.9,162,164.6
1685973600,164.6,164.7,163.1,163.8
1685975400,163.8,164.5,163.4,164.4
1685977200,164.3,164.5,164.3,164.5
1686033000,164,164,164,164
1686034800,163.9,165.5,162.7,163.9
1686036600,163.9,165.3,163.1,164.2
1686038400,164.2,164.5,163.9,164.5
1686040200,164.5,165.8,164.3,165.3
1686042000,165.3,165.4,164.2,164.4
1686043800,164.4,164.6,162.7,163.1
1686045600,163.1,163.3,161.8,162.2
1686047400,162.2,162.7,161.3,161.3
1686049200,161.3,162.3,160.7,162
1686051000,162.1,162.9,161.9,162.6
1686052800,162.6,163.3,162.5,162.7
1686054600,162.7,163.2,161.9,162.2
1686056400,162.2,162.8,162,162.7
1686058200,162.6,163.3,162.2,162.4
1686060000,162.4,164.3,162.2,163.9
1686061800,163.9,164.8,163.5,164.7
1686063600,164.7,165.4,164.7,165.4
1686119400,172.3,172.3,172.3,172.3
1686121200,172.2,174.8,170.5,172
1686123000,172.1,173.4,171.7,173.2
1686124800,173.2,173.3,172.5,173.1
1686126600,173,173.2,172.1,172.5
1686128400,172.5,172.7,171.2,172.1
1686130200,172,172.4,171.9,172.2
1686132000,172.2,172.3,171.6,171.9
1686133800,171.9,172.1,170.8,171.6
1686135600,171.5,171.6,171.1,171.3
1686137400,171.3,172.1,171.2,172
1686139200,171.9,172.3,171.2,171.7
1686141000,171.7,172.1,171.4,171.9
1686142800,171.9,172.5,171.6,171.9
1686144600,172,172.5,171.5,172.5
1686146400,172.4,173.1,172.1,172.8
1686148200,172.8,174.3,171.7,172.5
1686150000,172.5,172.5,172.4,172.5
1686205800,171.6,171.6,171.6,171.6
1686207600,171.6,172.7,170.1,170.7
1686209400,170.6,171.9,170.4,171.2
1686211200,171.2,171.9,170.9,171.8
1686213000,171.9,172.6,171.7,171.9
1686214800,171.9,172,171.4,171.9
1686216600,171.8,172.4,171.6,172
1686218400,172,173,171.9,172.9
1686220200,172.8,173,172.2,172.3
1686222000,172.2,172.3,171.4,172
1686223800,172,172.2,170.5,170.5
1686225600,170.5,171.2,170,170.4
1686227400,170.4,170.8,169.6,169.8
1686229200,169.8,170.3,168.6,168.7
1686231000,168.7,169.9,168.6,169.7
1686232800,169.7,170.8,169.5,170.4
1686234600,170.5,171.7,169.4,171.3
1686236400,171.4,171.6,171.3,171.6
1686292200,172.3,172.3,172.3,172.3
1686294000,172.4,173.2,171.1,171.5
1686295800,171.4,174.3,171.2,172.7
1686297600,172.8,173.3,172.4,172.9
1686299400,172.8,173.3,172.5,173
1686301200,173,173.2,172.3,172.5
1686303000,172.4,172.5,171.5,171.9
1686304800,171.9,174.7,171.7,174.6
1686306600,174.7,175.1,173.3,173.4
1686308400,173.5,173.8,172.7,173.5
1686310200,173.4,174.5,173.3,174.3
1686312000,174.3,175.2,174,175.1
1686313800,175.2,175.7,174.4,175.4
1686315600,175.3,176.9,175.2,176.8
1686317400,176.8,177.6,176.2,177
1686319200,177,177.3,175.6,176.5
1686321000,176.6,178.1,175.7,176.7
1686322800,176.7,176.9,176.7,176.9
1686551400,178.3,178.3,178.3,178.3
1686553200,178.3,183.3,177.6,183
1686555000,183.1,183.6,182.2,182.8
1686556800,182.7,183.3,182,183
1686558600,183,183.5,182.3,183.1
1686560400,183,185.2,182.9,184.5
1686562200,184.5,185.2,184.2,184.8
1686564000,184.7,184.9,183.7,184.3
1686565800,184.4,184.5,183.1,183.8
1686567600,183.7,184.3,183.2,183.2
1686569400,183.3,184,182.7,182.9
1686571200,182.9,183.9,182.6,183.7
1686573000,183.8,184.1,182.3,183.3
1686574800,183.3,183.7,182.1,183.2
1686576600,183.1,183.6,182.9,183.4
1686578400,183.4,184.5,182.5,184.4
1686580200,184.3,185.8,183.1,183.5
1686582000,183.5,183.5,183.3,183.3
1686637800,183.3,183.3,183.3,183.3
1686639600,183.3,183.5,179.7,180.2
1686641400,180.1,181.3,179.2,179.5
1686643200,179.5,179.5,177.7,177.8
1686645000,177.8,179.8,177.6,179.7
1686646800,179.7,180.3,179,179.3
1686648600,179.2,179.4,178.7,178.9
1686650400,178.8,178.8,176.6,176.9
1686652200,177,178.6,176.5,178.1
1686654000,178.1,178.6,177.6,178
1686655800,178.1,178.9,177.8,178.8
1686657600,178.9,179,177.6,177.9
1686659400,177.8,178.6,177.5,178.2
1686661200,178.2,179,177.9,178.3
1686663000,178.3,178.3,177.1,177.2
1686664800,177.1,177.7,176.4,176.5
1686666600,176.5,179.5,176.4,177.8
1686668400,177.8,177.8,177.7,177.8
1686724200,177.7,177.7,177.7,177.7
1686726000,177.6,182.3,177.4,181.6
1686727800,181.5,182.2,181.1,181.7
1686729600,181.7,181.9,180.8,181.1
1686731400,181.1,182.9,180.7,182.4
1686733200,182.3,182.5,180.7,181.9
1686735000,181.8,182,181,181.4
1686736800,181.4,182,180.8,181.8
1686738600,181.8,182.3,181.5,181.7
1686740400,181.7,181.8,180.5,180.7
1686742200,180.7,181.4,180.5,181
1686744000,181,181.9,180.7,180.9
1686745800,180.9,181.3,179,179.5
1686747600,179.5,179.7,178.1,179.2
1686749400,179.2,180.4,178.9,180
1686751200,180,181.9,179.9,180.8
1686753000,180.8,183,180.5,182.8
1686754800,182.9,182.9,182.9,182.9
1686810600,183.7,183.7,183.7,183.7
1686812400,183.7,184.5,181.8,181.8
1686814200,181.8,183.2,181.5,183
1686816000,183.1,183.3,182.2,182.6
1686817800,182.6,182.9,182.4,182.5
1686819600,182.5,184.1,182.4,183.7
1686821400,183.7,184.2,182.7,182.9
1686823200,182.9,183.4,182.6,182.8
1686825000,182.9,183.8,182.8,183.6
1686826800,183.7,184.1,183.4,183.6
1686828600,183.6,183.7,183,183.3
1686830400,183.2,183.4,182.4,182.6
1686832200,182.6,182.9,182.2,182.7
1686834000,182.7,182.9,182.2,182.8
1686835800,182.7,183.5,182.7,183.3
1686837600,183.2,183.8,183,183.6
1686839400,183.5,183.8,182.7,183.3
1686841200,183.3,183.3,183,183
1686897000,183.4,183.4,183.4,183.4
1686898800,183.3,186.2,183.1,185.1
1686900600,185.1,185.9,185,185.4
1686902400,185.4,185.6,184.4,184.7
1686904200,184.6,185.3,184.5,185.1
1686906000,185.1,185.2,184.5,184.6
1686907800,184.6,184.8,184.2,184.5
1686909600,184.4,184.8,184,184.5
1686911400,184.5,184.9,184.4,184.7
1686913200,184.6,184.8,184.2,184.4
1686915000,184.4,184.4,181.1,181.3
1686916800,181.3,182.4,180.5,182.4
1686918600,182.4,183.2,181.9,182.6
1686920400,182.6,183.3,181.8,183
1686922200,183.1,183.1,181.6,181.7
1686924000,181.6,182.2,180.6,181
1686925800,181,181.9,180.5,180.6
1686927600,180.5,180.7,180.5,180.7
1687156200,181,181,181,181
1687158000,181,181.8,179.4,181.4
1687159800,181.4,181.8,179.6,179.6
1687161600,179.6,179.8,177.9,179.1
1687163400,179.1,179.2,178.4,179.1
1687165200,179.1,180,178.9,179.2
1687167000,179.2,179.3,178.3,178.7
1687168800,178.7,178.8,178.1,178.3
1687170600,178.3,178.8,178.1,178.5
1687172400,178.5,178.6,177.8,178
1687174200,178,178.5,177.5,178.2
1687176000,178.2,178.5,176.6,176.6
1687177800,176.7,177.1,176,176.4
1687179600,176.4,176.7,176,176.3
1687181400,176.3,177.1,174.7,176.6
1687183200,176.6,176.9,174.8,175.1
1687185000,175.1,175.5,173,174
1687186800,174,174,174,174
1687242600,173.5,173.5,173.5,173.5
1687244400,173.4,174.3,171.5,172.2
1687246200,172.2,172.9,172.1,172.6
1687248000,172.6,173.1,171.5,172.4
1687249800,172.3,172.4,170.6,171.8
1687251600,171.8,172.3,171.5,171.7
1687253400,171.6,172.8,171.5,172.6
1687255200,172.6,174,172.6,173.2
1687257000,173.1,173.5,172.9,173.3
1687258800,173.3,173.6,172.5,172.8
1687260600,172.7,172.9,171.8,172.1
1687262400,172.1,173.5,172.1,173.2
1687264200,173.2,173.2,171.5,171.6
1687266000,171.7,172,170.8,171.5
1687267800,171.4,172.8,171.2,172.5
1687269600,172.5,172.5,171,171.7
1687271400,171.7,172.3,170.6,171.3
1687273200,171.4,171.4,171.4,171.4
1687329000,172.1,172.1,172.1,172.1
1687330800,172.2,173.8,172.1,173
1687332600,172.9,173.1,172.4,172.6
1687334400,172.5,173.8,172.5,172.9
1687336200,172.9,173.2,172.2,172.7
1687338000,172.7,172.8,172.2,172.5
1687339800,172.4,172.7,172.3,172.4
1687341600,172.5,172.6,172,172.4
1687343400,172.4,172.5,171.5,172
1687345200,172,172,171.5,171.8
1687347000,171.8,171.9,171.3,171.8
1687348800,171.8,172,171.7,171.7
1687350600,171.8,171.8,170.7,171
1687352400,171.1,171.3,170.3,171
1687354200,171,171.1,170.1,170.2
1687356000,170.2,170.3,168.7,169.1
1687357800,169.1,170.6,168.1,170
1687359600,169.4,169.4,169.4,169.4
1687415400,169.8,169.8,169.8,169.8
1687417200,169.8,172.3,169.6,171.1
1687419000,171.1,171.1,169.3,170.3
1687420800,170.3,171.1,170,171
1687422600,170.9,171.5,170.5,170.9
1687424400,170.9,171.1,170.6,171.1
1687426200,171.1,171.4,170.8,171.3
1687428000,171.3,172.9,170.8,172.4
1687429800,172.4,172.7,171.9,172.3
1687431600,172.4,177.4,170.4,175.3
1687433400,175.3,177.7,174.9,177.6
1687435200,177.5,179.6,177.5,178.9
1687437000,178.9,180.5,178.3,180.2
1687438800,180.1,181.8,179.9,180.8
1687440600,180.8,180.9,178.4,179.2
1687442400,179.2,181.2,179.2,180.4
1687444200,180.4,181.6,180.2,180.5
1687446000,180.5,180.5,180.3,180.3
1687501800,183.8,183.8,183.8,183.8
1687503600,183.9,186.3,183.8,184.5
1687505400,184.5,185.5,184.1,185.1
1687507200,185.1,185.2,184.4,185.1
1687509000,185.1,185.6,184.6,184.9
1687510800,184.9,184.9,183.1,183.8
1687512600,183.8,183.9,183.2,183.8
1687514400,183.8,185.2,183.8,184.7
1687516200,184.7,185.6,184.5,184.8
1687518000,184.7,185.4,184.4,184.6
1687519800,184.6,184.8,183.8,183.9
1687521600,183.9,184.3,183.5,184
1687523400,184,184,181.8,181.9
1687525200,181.9,182.4,181.5,182.3
1687527000,182.4,183.8,181.8,183.7
1687528800,183.7,184.3,183.3,184.2
1687530600,184.2,184.9,183.9,184.3
1687532400,184.2,184.7,184.2,184.7
1687761000,186,186,186,186
1687762800,186,189.7,185.5,189.5
1687764600,189.4,191.2,189.3,190.9
1687766400,190.9,191.5,190.2,190.3
1687768200,190.3,191,190.1,190.8
1687770000,190.8,191,190.1,190.3
1687771800,190.3,190.6,189.5,190.3
1687773600,190.3,190.5,189.1,189.6
1687775400,189.6,189.8,188.8,189.5
1687777200,189.6,189.6,189.2,189.3
1687779000,189.2,189.5,188.8,189.5
1687780800,189.5,189.8,189.2,189.5
1687782600,189.5,190.3,189.2,190
1687784400,190,190.8,189.9,190.1
1687786200,190.2,190.4,189.8,190.1
1687788000,190,191.1,189.6,190.5
1687789800,190.5,191.2,190.3,190.7
1687791600,190.7,191,190.7,191
1687847400,190.5,190.5,190.5,190.5
1687849200,190.5,191.2,189.2,190.8
1687851000,190.7,191.8,190,190.4
1687852800,190.4,191.1,189.9,190.8
1687854600,190.8,191.1,190.5,190.8
1687856400,190.7,193.5,190.7,193.5
1687858200,193.7,193.7,193.7,193.7
1688365800,203.5,203.5,203.5,203.5
1688367600,203.4,207.4,201.2,207
1688369400,207.1,211.7,206.4,210.9
1688371200,210.8,211.3,209.1,209.8
1688373000,209.8,209.9,208.2,209
1688374800,209.1,209.7,209,209.1
1688376600,209.1,209.5,208.9,209.3
1688378400,209.4,209.6,208.6,209
1688380200,209.1,209.3,208.9,209.3
1688382000,209.3,209.4,207.8,208.2
1688383800,208.3,208.3,207.4,208.3
1688385600,208.2,208.7,208,208.3
1688387400,208.3,208.6,207.7,208.3
1688389200,208.2,209.4,208.2,209.1
1688391000,209.1,210.2,209.1,209.8
1688392800,209.8,210.8,209.6,210.3
1688394600,210.3,211.9,210,210.5
1688396400,210.4,210.5,210.4,210.5
1688452200,210.5,210.5,210.5,210.5
1688454000,210.4,211.5,208.6,209.3
1688455800,209.2,209.3,207.4,208.2
1688457600,208.2,209.8,208,209.5
1688459400,209.4,209.9,208.9,209.1
1688461200,209.2,209.6,208.9,209.2
1688463000,209.1,209.3,208.6,209
1688464800,209,210.1,209,209.7
1688466600,209.7,209.9,209.2,209.5
1688468400,209.6,210.2,209.5,210.2
1688470200,210.2,210.2,209.4,209.8
1688472000,209.8,210.1,209.6,209.8
1688473800,209.8,209.8,207.8,208.7
1688475600,208.7,208.8,207.5,208.5
1688477400,208.5,208.9,207.6,207.8
1688479200,207.8,208.2,207.6,207.7
1688481000,207.7,209.3,207.6,208.4
1688482800,208.5,208.5,208.1,208.1
1688538600,208.4,208.4,208.4,208.4
1688540400,208.4,210.7,208.2,209.9
1688542200,209.9,210.2,207.1,208.4
1688544000,208.3,209,207.9,208.7
1688545800,208.7,208.8,208,208.4
1688547600,208.3,208.5,207.4,207.5
1688549400,207.4,207.9,206.1,206.9
1688551200,206.9,207,204.5,204.6
1688553000,204.6,205.8,204.1,205.6
1688554800,205.6,206.7,205.6,206.6
1688556600,206.6,208.4,206.5,208.3
1688558400,208.3,209.1,208.1,208.9
1688560200,209,209.5,208.3,209.3
1688562000,209.3,211.8,209.3,211.5
1688563800,211.5,215.4,211,215
1688565600,215,216.2,214.6,215.4
1688567400,215.3,216.5,214.4,216.2
1688569200,216.2,216.5,216.2,216.5
1688625000,216.5,216.5,216.5,216.5
1688626800,216.6,219.2,215.5,217.8
1688628600,217.8,219.2,217.6,218.4
1688630400,218.5,218.5,217.4,217.8
1688632200,217.8,217.8,216.4,217.7
1688634000,217.7,218,217.3,218
1688635800,218,218.1,217,217.2
1688637600,217.2,217.7,217,217.6
1688639400,217.6,217.8,217.1,217.4
1688641200,217.4,217.8,217.2,217.4
1688643000,217.3,218.7,217.3,217.8
1688644800,217.8,220.6,217.4,219.4
1688646600,219.5,219.7,218.4,219
1688648400,218.9,219,217.6,218.9
1688650200,218.9,219.4,217.9,218.5
1688652000,218.4,218.8,217.8,218
1688653800,218,218.3,216.2,216.6
1688655600,216.5,216.6,216.5,216.6
1688711400,216.2,216.2,216.2,216.2
1688713200,216.1,218,215.7,217.1
1688715000,217.1,218.2,217.1,217.7
1688716800,217.6,218,217.3,217.6
1688718600,217.6,217.6,216.7,217.2
1688720400,217.1,217.3,216.7,216.9
1688722200,216.8,216.9,216,216.5
1688724000,216.4,216.5,215.9,216.2
1688725800,216.2,216.2,215.2,215.9
1688727600,215.8,216.1,215.6,215.9
1688729400,215.9,216.1,215.4,215.5
1688731200,215.5,215.8,214.6,215.6
1688733000,215.6,216.6,215.5,216.5
1688734800,216.4,216.5,215.5,215.8
1688736600,215.8,216.6,215.6,216.6
1688738400,216.6,217,214.8,215.3
1688740200,215.3,216.2,214.8,215.2
1688742000,215.3,215.3,215.2,215.2
1688970600,216.5,216.5,216.5,216.5
1688972400,216.5,216.9,214,215.2
1688974200,215.2,215.7,214,214.2
1688976000,214.1,214.4,213,214
1688977800,214,215.4,213.8,214.7
1688979600,214.7,215,214.1,214.7
1688981400,214.7,214.8,214.2,214.5
1688983200,214.5,214.8,213.9,214.7
1688985000,214.6,216.4,214.4,215.7
1688986800,215.7,216.3,215.1,215.5
1688988600,215.4,215.6,214.7,215.3
1688990400,215.2,215.7,214.9,215.3
1688992200,215.4,217.3,215.1,217.1
1688994000,217.1,217.7,215.7,215.9
1688995800,216,216.6,215.7,216.2
1688997600,216.1,216.5,214.5,215.4
1688999400,215.3,215.9,214.6,214.9
1689001200,214.6,214.6,214.6,214.6
1689057000,218.1,218.1,218.1,218.1
1689058800,218.1,218.3,214.6,215.6
1689060600,215.7,216.3,215.2,216.2
1689062400,216.2,216.8,216.1,216.5
1689064200,216.5,217.4,216.4,216.7
1689066000,216.7,216.7,215.7,215.8
1689067800,215.7,215.9,215.4,215.7
1689069600,215.7,217.9,215.6,217.2
1689071400,217.2,217.3,216.3,216.7
1689073200,216.7,217.4,216.5,216.9
1689075000,216.9,217.1,216.2,216.7
1689076800,216.8,217.1,216.4,216.8
1689078600,216.8,217,216.6,216.8
1689080400,216.8,217.3,216.5,216.6
1689082200,216.6,217.1,216.1,216.5
1689084000,216.5,216.6,215.9,216.5
1689085800,216.5,216.7,215.5,215.6
1689087600,215.3,215.3,215.3,215.3
1689143400,215.5,215.5,215.5,215.5
1689145200,215.4,215.6,213.9,214.7
1689147000,214.6,215.2,214.3,214.4
1689148800,214.3,214.7,214.1,214.4
1689150600,214.4,214.5,212.8,213
1689152400,213.1,213.1,211.6,212.3
1689154200,212.4,212.4,211.2,211.8
1689156000,211.8,212.3,211.5,212
1689157800,212,213,211.8,212.8
1689159600,212.8,213.6,212.5,213.1
1689161400,213.1,213.7,212.8,213
1689163200,213,213.7,212.5,212.6
1689165000,212.6,213.8,212.5,212.8
1689166800,212.9,213.8,212.8,213.2
1689168600,213.2,213.8,213,213.4
1689170400,213.4,213.7,212.7,213
1689172200,213,213.3,211.3,211.5
1689174000,211.5,211.5,210.9,210.9
1689229800,211,211,211,211
1689231600,211,213.7,210.7,212.9
1689233400,212.9,213.3,212.3,212.6
1689235200,212.7,213.1,212.4,212.6
1689237000,212.5,212.6,212,212.4
1689238800,212.4,212.5,212.2,212.2
1689240600,212.2,213.1,212.2,212.4
1689242400,212.4,212.6,211.9,212
1689244200,212,212.2,211.6,211.8
1689246000,211.8,212,211.5,211.8
1689247800,211.8,212.2,211.2,211.4
1689249600,211.3,211.5,210.1,211.1
1689251400,211.1,211.1,209.8,210.3
1689253200,210.2,210.7,208.6,210.4
1689255000,210.4,212,210,211.8
1689256800,211.9,212.1,210.6,211.2
1689258600,211.1,211.6,209.5,210.1
1689260400,210.1,210.1,209.5,209.5
1689316200,211.3,211.3,211.3,211.3
1689318000,211.3,214.3,211.2,213.7
1689319800,213.7,214.7,213.4,214.2
1689321600,214.3,214.4,213.6,213.8
1689323400,213.7,214.1,213.3,213.4
1689325200,213.3,213.6,212.6,213.3
1689327000,213.3,213.8,213.1,213.4
1689328800,213.4,213.9,213.2,213.5
1689330600,213.5,213.7,213.3,213.5
1689332400,213.5,213.7,212.7,212.8
1689334200,212.8,213.2,212.6,212.9
1689336000,212.9,213.5,212.7,213
1689337800,213,213.4,211.9,212.3
1689339600,212.3,212.7,211.7,211.8
1689341400,211.8,212.1,211.3,211.5
1689343200,211.6,212.5,211.5,211.7
1689345000,211.7,213.7,211.3,212.9
1689346800,212.9,213.5,212.9,213.5
1689575400,216,216,216,216
1689577200,216.1,216.9,214.7,215.2
1689579000,215.3,217.6,214.9,217.2
1689580800,217.3,219,217.2,217.8
1689582600,217.9,218.7,217.7,218
1689584400,217.9,218,217.2,217.5
1689586200,217.4,217.6,217,217.6
1689588000,217.6,218,217.4,217.8
1689589800,217.9,218.9,217.8,218.2
1689591600,218.2,218.8,217.8,218.5
1689593400,218.6,219,218.4,218.5
1689595200,218.5,218.7,218.1,218.1
1689597000,218.1,218.4,217,217.1
1689598800,217.2,217.9,217,217.6
1689600600,217.6,218.1,217.2,218.1
1689602400,218.1,218.6,217.7,218
1689604200,218,218.8,217.8,218.3
1689606000,218.4,218.8,218.4,218.8
1689661800,219.3,219.3,219.3,219.3
1689663600,219.3,220,218.3,218.6
1689665400,218.5,218.6,216.7,217.9
1689667200,218,218.4,217.5,218.2
1689669000,218.2,218.5,217.1,217.4
1689670800,217.4,217.9,216.9,217.1
1689672600,217,217.7,216.8,217.4
1689674400,217.3,217.9,217.2,217.6
1689676200,217.5,217.7,217.3,217.7
1689678000,217.7,217.9,217.4,217.5
1689679800,217.5,219.3,217.4,219.1
1689681600,219.1,221,218.9,219.7
1689683400,219.8,220.2,218.8,218.9
1689685200,218.8,219,218.1,218.8
1689687000,218.8,218.8,215.8,216.9
1689688800,216.8,217.2,214.9,216.4
1689690600,216.4,217.1,213.5,214
1689692400,213.9,214,213.9,214
1689748200,213.9,213.9,213.9,213.9
1689750000,213.9,215.3,213.1,214.7
1689751800,214.7,216.1,214.4,215.8
1689753600,215.9,216.2,214.2,215.2
1689755400,215.2,215.9,214.8,215.2
1689757200,215.2,215.5,214.8,215.2
1689759000,215.3,215.8,215,215.4
1689760800,215.3,215.8,214.8,215.5
1689762600,215.4,216.4,215.2,215.9
1689764400,216,219.7,215.9,219.5
1689766200,219.5,220.4,219.1,219.7
1689768000,219.8,220.7,219.3,219.8
1689769800,219.7,220,219,219.7
1689771600,219.7,219.7,217.5,219.1
1689773400,219.1,220.1,219,219.9
1689775200,220,223.4,220,222.5
1689777000,222.6,224.3,222.3,222.9
1689778800,223,223.6,223,223.6
1689834600,224.6,224.6,224.6,224.6
1689836400,224.6,226,224.1,224.8
1689838200,224.8,225.6,223.7,224.2
1689840000,224.2,224.8,224.1,224.6
1689841800,224.7,225.2,224.3,225
1689843600,225.1,225.2,224.5,224.7
1689845400,224.7,224.9,224.2,224.4
1689847200,224.3,225,224,225
1689849000,225,225.3,224.5,225.2
1689850800,225.2,227.2,223.7,226.4
1689852600,226.4,226.5,224.7,225
1689854400,225,225.2,222.5,224.3
1689856200,224.3,225.6,224.2,225.1
1689858000,225.2,225.6,224.6,224.9
1689859800,224.9,226.4,224.3,226.3
1689861600,226.3,226.7,224.7,225.2
1689863400,225.1,226,224.5,224.8
1689865200,225,225.2,224.8,225.2
1689921000,225.2,225.2,225.2,225.2
1689922800,225.2,225.4,223.8,224.5
1689924600,224.6,225.5,224,224.1
1689926400,224.1,224.2,223.2,223.9
1689928200,223.9,224.2,223.6,223.7
1689930000,223.8,224.4,223.4,223.9
1689931800,224,224,223.4,223.8
1689933600,223.7,224.6,223.6,224.2
1689935400,224.2,224.2,223.3,223.3
1689937200,223.3,225,223,224.5
1689939000,224.4,224.6,223.1,223.6
1689940800,223.6,224.1,223.4,223.5
1689942600,223.5,223.9,223.2,223.4
1689944400,223.5,224.2,222.3,222.5
1689946200,222.5,223.8,222.1,223.1
1689948000,223.1,224.5,222.9,223.9
1689949800,223.9,224.5,223.5,223.8
1689951600,223.8,223.8,223.6,223.6
1690180200,224.3,224.3,224.3,224.3
1690182000,224.3,225.2,223.3,224.4
1690183800,224.3,225.8,224.1,225.8
1690185600,225.8,226.8,225.5,225.8
1690187400,225.8,226.3,225.5,225.8
1690189200,225.8,226.7,225.7,226.3
1690191000,226.3,226.6,226.1,226.4
1690192800,226.4,226.5,226,226.4
1690194600,226.4,226.4,225.2,225.5
1690196400,225.5,225.6,224.6,225.2
1690198200,225.1,225.5,225,225.1
1690200000,225.2,225.8,224.9,225.3
1690201800,225.3,225.4,224.8,224.8
1690203600,224.9,225,223.8,224.5
1690205400,224.5,224.9,224.2,224.4
1690207200,224.4,224.8,221.1,222.2
1690209000,222.2,223.8,220.6,222.4
1690210800,222.4,222.4,221.8,221.8
1690266600,222,222,222,222
1690268400,222,222.6,220,220.6
1690270200,220.6,222.3,220.2,222
1690272000,222,222,220.5,221.1
1690273800,221.2,221.9,221,221.6
1690275600,221.5,221.9,220.8,221.2
1690277400,221.3,221.5,220.6,220.9
1690279200,220.8,221.1,220.5,220.6
1690281000,220.6,222.9,220.6,222.7
1690282800,222.8,223.1,221.4,222
1690284600,222.1,222.4,221.4,221.7
1690286400,221.6,222.6,221.5,221.5
1690288200,221.5,221.8,219.9,219.9
1690290000,220,220.2,219.2,219.8
1690291800,219.8,220.1,219.3,220
1690293600,219.9,220.6,219.4,219.6
1690295400,219.6,219.7,217.5,218
1690297200,218,218,217.3,217.3
1690353000,217,217,217,217
1690354800,216.9,218.8,215.8,217.7
1690356600,217.6,217.8,216.6,217.5
1690358400,217.5,218.3,217.2,217.9
1690360200,217.9,218.9,217.7,218.5
1690362000,218.5,218.8,218,218.3
1690363800,218.3,218.3,217.8,218.1
1690365600,218,218.3,217.7,218.3
1690367400,218.2,218.5,217.6,218.3
1690369200,218.3,218.4,217.7,218.1
1690371000,218.2,218.4,217.8,218.3
1690372800,218.3,220.8,218.1,219.7
1690374600,219.7,220.2,218.7,219.3
1690376400,219.3,220.2,218.7,219.9
1690378200,219.9,221.1,219.4,220.7
1690380000,220.7,223.2,220.7,222.7
1690381800,222.6,223.9,222.3,223.8
1690383600,224.1,224.1,224.1,224.1
1690439400,225,225,225,225
1690441200,224.9,225.4,223.4,224.1
1690443000,224,224.3,222.9,223.6
1690444800,223.6,224.8,223.4,224.5
1690446600,224.5,224.6,223.8,223.8
1690448400,223.8,224.1,223.6,223.7
1690450200,223.7,224.5,222.5,224.5
1690452000,224.4,224.8,223.9,224.4
1690453800,224.5,224.6,223.9,224.1
1690455600,224.1,224.4,223.8,223.9
1690457400,223.9,225.3,223.7,225
1690459200,225.1,226.1,225,225.4
1690461000,225.5,225.7,224.5,225.1
1690462800,225,225.1,224.4,224.9
1690464600,224.9,225.9,224.7,225.8
1690466400,225.8,226.9,225.5,226.7
1690468200,226.7,228.7,226.5,228.4
1690470000,228.5,228.5,228.4,228.5
1690525800,229.2,229.2,229.2,229.2
1690527600,229.3,230.2,228.4,230
1690529400,229.9,233,229.8,232.5
1690531200,232.5,232.7,231.4,231.5
1690533000,231.4,232.1,231.2,231.6
1690534800,231.5,232,231.2,232
1690536600,231.9,232.4,231.1,231.9
1690538400,232,232.3,231.7,232.2
1690540200,232.2,232.5,232,232.2
1690542000,232.2,232.8,232,232.4
1690543800,232.3,232.9,232.2,232.2
1690545600,232.3,232.9,231.9,232.5
1690547400,232.6,232.9,232.2,232.6
1690549200,232.7,237.6,232.5,236.4
1690551000,236.4,236.8,234.8,235.1
1690552800,235,236.5,235,235.7
1690554600,235.7,236.8,234.7,234.9
1690556400,234.9,235,234.9,235
1690785000,235.8,235.8,235.8,235.8
1690786800,235.9,236.6,234.5,235.7
1690788600,235.8,236.6,235.1,235.1
1690790400,235.2,236.1,234.9,235.4
1690792200,235.4,235.9,234.8,235.2
1690794000,235.2,235.6,234.9,235.4
1690795800,235.4,235.7,235,235.7
1690797600,235.6,236.1,235.3,235.7
1690799400,235.7,236.5,235.5,235.5
1690801200,235.6,235.9,234.7,234.8
1690803000,234.8,234.9,232.6,233.4
1690804800,233.4,234.5,233,234.4
1690806600,234.4,234.4,233.1,233.2
1690808400,233.2,234.1,233,233.5
1690810200,233.6,234,233.3,233.6
1690812000,233.5,235.3,233.3,234.5
1690813800,234.4,235.3,233.5,234.1
1690815600,234.3,234.3,234.3,234.3
1690871400,232.4,232.4,232.4,232.4
1690873200,232.3,233.6,230.9,232.7
1690875000,232.6,235.1,232.5,234.2
1690876800,234.2,234.5,233.1,233.9
1690878600,233.9,234.2,232.4,232.8
1690880400,232.9,233.3,232.6,233.3
1690882200,233.3,233.3,232.4,232.9
1690884000,232.9,234.1,232.7,233.5
1690885800,233.5,233.8,232.6,232.7
1690887600,232.7,232.7,231.2,231.5
1690889400,231.5,232.9,231.1,232.3
1690891200,232.2,233.1,231.8,233
1690893000,233,233.2,232.5,233
1690894800,233,233.3,232.6,233.2
1690896600,233.2,233.5,232,232.7
1690898400,232.8,233.3,232.1,232.5
1690900200,232.4,232.5,230.7,231.7
1690902000,231.7,231.7,231,231
1690957800,231,231,231,231
1690959600,231,235.5,230.3,234.6
1690961400,234.5,234.9,234,234.7
1690963200,234.7,235.2,233.3,233.3
1690965000,233.3,234.2,233.1,233.8
1690966800,233.7,234,233.3,233.8
1690968600,233.7,234.3,233.5,234.1
1690970400,234.1,234.6,233.7,233.9
1690972200,233.8,234.8,233.7,234.3
1690974000,234.3,234.5,233.8,233.9
1690975800,233.9,234.2,233.7,234
1690977600,234,235,233.9,234.9
1690979400,234.9,236.5,234.8,236.5
1690981200,236.5,238,236.3,237.5
1690983000,237.5,239.1,237.4,238.2
1690984800,238.2,238.5,237.3,237.6
1690986600,237.6,237.6,235.8,236.5
1690988400,236.4,236.5,236.4,236.5
1691044200,237,237,237,237
1691046000,237,238.4,236.6,237.5
1691047800,237.5,237.6,236.5,236.9
1691049600,236.9,238.2,236.7,237.5
1691051400,237.6,238,237.2,237.6
1691053200,237.6,237.9,237,237.3
1691055000,237.3,237.7,236.5,237
1691056800,236.9,237.2,236.5,237.1
1691058600,237.1,237.4,236.6,236.8
1691060400,236.7,238,236.6,237.8
1691062200,237.7,237.8,236.9,237
1691064000,237,237,234.8,235.6
1691065800,235.7,235.8,234,234.7
1691067600,234.7,236,234.4,236
1691069400,236,236.7,234.9,235.6
1691071200,235.6,235.6,234.3,234.8
1691073000,234.8,236.3,234.1,234.6
1691074800,234.7,235,234.6,235
1691130600,235.5,235.5,235.5,235.5
1691132400,235.5,236.5,234.9,236.1
1691134200,236.1,238,235.8,236.1
1691136000,236.2,236.6,235.2,235.9
1691137800,235.8,236.5,235.6,236.3
1691139600,236.2,236.6,236.2,236.4
1691141400,236.4,236.5,235.8,236.2
1691143200,236.3,236.4,235.9,236.1
1691145000,236.1,236.3,235.5,236.2
1691146800,236.3,236.4,236,236.3
1691148600,236.2,239.6,236.2,239
1691150400,238.9,242.5,238.8,242.3
1691152200,242.4,243.3,241.2,242.3
1691154000,242.4,243.4,242.3,243.1
1691155800,243.1,244.8,242.9,243.9
1691157600,243.9,245.5,243,245.5
1691159400,245.5,251.2,245.3,248.8
1691161200,248.8,248.8,248.8,248.8
1691389800,250,250,250,250
1691391600,250,263.5,249.9,263
1691393400,263,267,260.9,265.3
1691395200,265.1,266,263.8,264.2
1691397000,264.2,265.4,263.1,263.3
1691398800,263.3,263.9,263.2,263.4
1691400600,263.4,265.6,263.2,264.4
1691402400,264.4,264.5,263.3,263.4
1691404200,263.4,263.9,262.4,262.7
1691406000,262.7,263.1,262,262.5
1691407800,262.4,262.5,260.5,261.4
1691409600,261.5,262.8,259.8,262.3
1691411400,262.2,264.5,262.1,263.7
1691413200,263.7,264.5,263,263.2
1691415000,263.2,264.3,262.8,264.2
1691416800,264.1,269.1,263.7,268.7
1691418600,268.6,268.8,265.3,267.1
1691420400,267,267,266.9,266.9
1691476200,267.7,267.7,267.7,267.7
1691478000,267.7,269.8,260.8,264.4
1691479800,264.2,264.8,260.1,262.9
1691481600,262.9,264.7,262.8,264.3
1691483400,264.2,264.3,262.4,262.9
1691485200,262.9,263.4,262.1,262.4
1691487000,262.3,262.6,261.6,261.7
1691488800,261.7,262.6,261.2,262.1
1691490600,262.1,262.9,261,261
1691492400,261,264.5,261,263.2
1691494200,263,263.4,261.5,262
1691496000,262,263.2,261.2,262.9
1691497800,262.9,264.7,262.5,263.8
1691499600,263.8,264.8,263.6,264
1691501400,264,264.2,260.5,261
1691503200,261.1,261.9,259.2,259.4
1691505000,259.3,263,258.6,261.9
1691506800,261.8,261.8,261.8,261.8
1691562600,257.9,257.9,257.9,257.9
1691564400,257.9,258.6,253.7,256
1691566200,255.9,256.1,252.6,255.2
1691568000,255.2,255.6,253.7,255
1691569800,254.9,257.4,254.5,257.3
1691571600,257.3,259.4,256.6,259.2
1691573400,259.1,261.5,258.9,259.2
1691575200,259.1,259.8,259.1,259.3
1691577000,259.3,260.2,256.7,257.6
1691578800,257.6,258.5,257.5,258
1691580600,258.1,258.6,257.5,257.6
1691582400,257.5,259.5,257.3,258.1
1691584200,258.1,258.6,257.6,258
1691586000,258,259,257.5,258.9
1691587800,258.8,264.2,258.5,262.9
1691589600,262.9,263.7,261.2,262.1
1691591400,262.1,262.8,259.7,260.2
1691593200,260,260,260,260
1691649000,263.7,263.7,263.7,263.7
1691650800,263.7,269,262.9,268.9
1691652600,268.8,269.7,267.5,267.8
1691654400,267.7,268.5,267.2,267.5
1691656200,267.5,267.5,265.9,266.1
1691658000,266,266.5,265.2,266.1
1691659800,266,266.7,265.8,266.4
1691661600,266.5,266.6,265.6,265.8
1691663400,265.8,266,265.2,265.8
1691665200,265.9,266.3,265.5,265.6
1691667000,265.6,265.7,265,265.3
1691668800,265.3,265.4,263.3,264.1
1691670600,264.2,265.2,263.7,264.3
1691672400,264.3,264.7,259.1,260.5
1691674200,260.5,264.4,257.5,262.9
1691676000,262.9,264.9,261,261.8
1691677800,261.8,261.8,257.7,257.9
1691679600,257.9,258.5,257.9,258.5
1691735400,259.1,259.1,259.1,259.1
1691737200,259.1,261.8,257.7,260.9
1691739000,260.8,261.1,258.2,258.5
1691740800,258.4,259.4,257.3,257.5
1691742600,257.5,259.9,257.1,259.7
1691744400,259.7,260.3,259.3,260
1691746200,260,260,258.4,258.7
1691748000,258.7,265.4,258.5,263.9
1691749800,264,265.2,263.5,264.4
1691751600,264.4,265.7,263.9,265.5
1691753400,265.4,265.7,263.4,263.6
1691755200,263.5,264.7,263.5,264.3
1691757000,264.3,264.8,263.8,264
1691758800,263.9,264.9,263.9,264.5
1691760600,264.3,264.8,263.4,264.5
1691762400,264.5,265.5,264.5,264.9
1691764200,264.8,265.6,264.3,265
1691766000,265,265.7,265,265.7
1691994600,267,267,267,267
1691996400,266.9,267.4,264.8,265
1691998200,265.1,265.5,264.4,265.1
1692000000,265,265.3,264.2,264.3
1692001800,264.3,265.5,264.1,264.8
1692003600,264.8,265.5,264.5,265.2
1692005400,265.2,266.3,265.2,265.9
1692007200,265.9,266,264.7,264.8
1692009000,264.9,265.5,264.4,265.1
1692010800,265.1,266,264.8,265.1
1692012600,265.2,265.3,262.4,263
1692014400,263,263,262.1,262.9
1692016200,262.9,263,262.3,262.7
1692018000,262.7,263.2,261.2,261.3
1692019800,261.3,262,261,261.1
1692021600,261.1,262.3,260.4,261.5
1692023400,261.3,263.1,260.8,261.1
1692025200,261.4,261.4,261.4,261.4
1692081000,262.8,262.8,262.8,262.8
1692082800,262.8,264.7,261.4,262
1692084600,261.9,264.7,261.6,264.7
1692086400,264.7,265.1,262.2,262.6
1692088200,262.5,262.8,261.6,261.8
1692090000,261.8,262.5,261.5,261.8
1692091800,261.8,261.9,261,261.5
1692093600,261.5,261.5,260.2,260.7
1692095400,260.7,260.8,259.8,260
1692097200,259.9,260.8,259.7,260.4
1692099000,260.4,262.9,260,262.3
1692100800,262.4,263.5,261.3,261.6
1692102600,261.5,262.2,260.6,262.1
1692104400,262.1,262.6,261.1,261.3
1692106200,261.2,261.5,259.5,259.6
1692108000,259.6,260.5,258.1,258.2
1692109800,258.2,259.8,256.3,259
1692111600,258.9,259.7,258.9,259.7
1692167400,260,260,260,260
1692169200,260.1,260.5,255.6,256.6
1692171000,256.6,257.5,255.8,256.4
1692172800,256.3,258.1,255.8,257.7
1692174600,257.8,258.8,257.3,258.6
1692176400,258.6,259.5,256.6,257.2
1692178200,257.2,257.3,256.4,256.5
1692180000,256.5,257.3,256.2,256.5
1692181800,256.5,257.6,256.5,257.3
1692183600,257.2,257.7,256.4,256.8
1692185400,256.7,257.5,256.3,256.6
1692187200,256.5,256.7,255.7,256.2
1692189000,256.2,256.9,255.7,256
1692190800,256,256.6,255.7,256.2
1692192600,256.3,257.4,256.2,257.2
1692194400,257.2,257.7,255.3,256.1
1692196200,256.1,256.4,255,255.4
1692198000,254.5,254.5,254.5,254.5
1692253800,254.9,254.9,254.9,254.9
1692255600,254.8,255.5,253.2,254.5
1692257400,254.5,256.6,253.9,256.3
1692259200,256.3,258.8,256.3,256.8
1692261000,256.8,257.8,256.5,257.7
1692262800,257.8,260.5,257.7,260.1
1692264600,260.1,260.2,259,260.1
1692266400,260,261.5,259.4,261.2
1692268200,261.3,261.6,259.9,260.5
1692270000,260.5,260.7,258.9,260.4
1692271800,260.4,260.8,259.4,259.7
1692273600,259.8,260.4,259.3,259.7
1692275400,259.8,261.1,259.2,259.6
1692277200,259.7,260.2,258.6,259.9
1692279000,260,260,257.8,258.3
1692280800,258.2,259.5,257.8,258.9
1692282600,258.9,261.9,258.1,261.7
1692284400,261.7,262.1,261.6,262.1
1692340200,263,263,263,263
1692342000,262.9,263.6,261.1,262.3
1692343800,262.2,262.4,259.7,260.8
1692345600,260.9,262.3,260.6,261.4
1692347400,261.4,261.7,261,261.7
1692349200,261.7,261.8,260.4,260.5
1692351000,260.5,261.1,260.1,260.5
1692352800,260.6,261,260.2,260.9
1692354600,260.9,261,260.4,260.7
1692356400,260.7,261.6,259.8,259.9
1692358200,259.9,260.3,257.4,258.2
1692360000,258.3,259.3,258,259
1692361800,259,259,255.8,256.6
1692363600,256.7,257.7,256.2,257.4
1692365400,257.3,258.5,257.3,258
1692367200,258,258,253.6,254.4
1692369000,254.4,255.3,249.9,249.9
1692370800,251.4,251.4,251.4,251.4
1692599400,250.4,250.4,250.4,250.4
1692601200,250.3,252.3,248.5,249.8
1692603000,249.7,252.4,249.2,252.1
1692604800,252.2,253.4,251.5,252.1
1692606600,252.2,252.4,250.8,251
1692608400,251,252.6,250.8,252.3
1692610200,252.2,252.9,251.5,252.8
1692612000,252.8,254.5,252.7,253.3
1692613800,253.3,255.9,252.9,254.4
1692615600,254.4,255.4,254.3,255.1
1692617400,255,255.2,253.6,254.3
1692619200,254.3,254.5,253,254.2
1692621000,254.2,255.1,253.9,254.7
1692622800,254.7,256.8,254.4,256.5
1692624600,256.5,258.5,256.4,257.9
1692626400,257.9,259.3,257.4,257.8
1692628200,257.7,259.6,257.7,258.6
1692630000,259,259,259,259
1692685800,259.5,259.5,259.5,259.5
1692687600,259.4,261,257.5,260.3
1692689400,260.3,263.7,259.6,260.8
1692691200,260.8,260.9,259.8,260.5
1692693000,260.4,260.6,258.1,258.6
1692694800,258.6,259.1,258,259.1
1692696600,259.1,259.5,258.5,258.8
1692698400,258.7,258.9,256.7,257.2
1692700200,257.2,257.2,255.7,255.9
1692702000,255.8,257.5,255.4,256.3
1692703800,256.2,256.4,254,254.6
1692705600,254.6,256.5,254.3,255.1
1692707400,255.1,255.9,254.7,255.4
1692709200,255.3,256.2,254.6,255
1692711000,254.9,255,253.2,254.4
1692712800,254.4,257.4,253.9,255.9
1692714600,255.9,256.4,254.2,254.9
1692716400,254.9,254.9,254.9,254.9
1692772200,255.4,255.4,255.4,255.4
1692774000,255.4,256.2,251.8,252.3
1692775800,252.2,252.5,250.8,252.1
1692777600,252,252.1,250.7,252.1
1692779400,252.1,252.5,251.7,252.4
1692781200,252.4,252.7,250.9,251.1
1692783000,251,251.4,250.4,250.5
1692784800,250.5,250.5,249.5,249.7
1692786600,249.7,250.6,249.2,249.4
1692788400,249.3,250.6,249.2,249.8
1692790200,249.8,249.8,248.4,248.6
1692792000,248.6,248.8,247.2,247.5
1692793800,247.5,248.5,247.2,247.5
1692795600,247.4,247.5,246.7,247.1
1692797400,247.2,247.2,242.7,242.7
1692799200,243.2,244.1,240.8,242.1
1692801000,242,242.7,239.5,240.3
1692802800,240.3,240.3,239.7,239.7
1692858600,240.2,240.2,240.2,240.2
1692860400,240.1,245.1,239.6,243.2
1692862200,243.2,244.8,243,243.5
1692864000,243.5,244.1,242.1,243.1
1692865800,243.2,243.2,242.2,242.5
1692867600,242.5,243,241.1,241.5
1692869400,241.5,242,240.1,241.8
1692871200,241.8,243.1,241.8,242.9
1692873000,242.9,243.2,242.1,242.7
1692874800,242.7,250.2,239.4,242.7
1692876600,242.7,242.7,235.6,240.4
1692878400,240.4,242,239.6,240.4
1692880200,240.3,240.6,233.4,233.7
1692882000,233.7,235.3,231.3,233.3
1692883800,233.4,238.8,232.5,238.2
1692885600,238.1,238.7,233.1,233.7
1692887400,233.8,234,229.3,230.3
1692889200,230.5,230.5,230.5,230.5
1692945000,232,232,232,232
1692946800,232,233.5,229.5,230.7
1692948600,230.6,232.6,230.4,231.8
1692950400,231.8,232.7,230.8,231.6
1692952200,231.6,231.9,229.2,230.1
1692954000,230.1,231.2,229.7,230.2
1692955800,230.2,230.6,229.2,229.4
1692957600,229.4,229.4,227.3,228.4
1692959400,228.3,229.5,228.2,228.7
1692961200,228.7,230.8,228.2,230.7
1692963000,230.7,231.4,229.5,230.1
1692964800,230,232.2,229.8,231.6
1692966600,231.6,232.3,229.5,229.9
1692968400,230,231.7,229.6,231.3
1692970200,231.3,235,230.2,234.4
1692972000,234.4,236.4,233.5,236.2
1692973800,236.2,239.2,236.2,237.3
1692975600,238,238,238,238
1693204200,240,240,240,240
1693206000,240,247,239.8,246.8
1693207800,246.8,249.3,246.4,247.5
1693209600,247.5,249.1,246.9,248.5
1693211400,248.4,248.4,246.5,247.1
1693213200,247.2,247.4,246.5,246.8
1693215000,246.8,247.4,246.3,246.9
1693216800,246.9,247.2,246.7,247
1693218600,247,247.2,246.8,246.9
1693220400,246.9,247.2,246.8,247
1693222200,247,248.9,246.6,248.6
1693224000,248.7,248.8,247.6,248.7
1693225800,248.7,248.9,247.5,248.7
1693227600,248.8,254.3,248.8,253.2
1693229400,253.3,254.6,253,254.3
1693231200,254.3,254.8,252.8,254
1693233000,254.2,257,253.6,255.6
1693234800,255.6,256,255.6,256
1693290600,256,256,256,256
1693292400,255.9,256,251.3,253.9
1693294200,253.9,254.3,253.2,253.3
1693296000,253.3,253.4,251.8,252.4
1693297800,252.5,253,252.1,252.2
1693299600,252.2,252.2,250.7,251.4
1693301400,251.4,251.6,250.2,251
1693303200,251.1,252.3,250.8,252.1
1693305000,252,252.3,251,251.1
1693306800,251,251.1,249.3,250.1
1693308600,250.1,250.6,249.5,249.5
1693310400,249.6,250,249.1,249.9
1693312200,250,250.1,249.5,249.7
1693314000,249.7,249.8,247.6,248
1693315800,248.1,249.6,247.1,247.8
1693317600,247.7,248.8,247.4,247.8
1693319400,247.7,247.9,246.1,247.5
1693321200,247.6,247.9,247.6,247.9
1693463400,249.2,249.2,249.2,249.2
1693465200,249.3,252.8,249.3,250.3
1693467000,250.3,250.3,248.5,249.8
1693468800,249.7,250.2,249.2,250
1693470600,250,250,248.9,249.2
1693472400,249.1,249.7,248.5,249.3
1693474200,249.2,249.3,248,248.2
1693476000,248.2,248.5,248,248.5
1693477800,248.5,248.6,248,248
1693479600,248.1,248.6,248,248.3
1693481400,248.2,248.5,247.7,247.9
1693483200,248,248.1,246.6,247.5
1693485000,247.5,247.7,246.4,247.4
1693486800,247.4,247.7,247.1,247.3
1693488600,247.4,248.5,246.8,247
1693490400,247,247.5,245.3,246.2
1693492200,246.3,247.8,245.3,246.2
1693494000,246.1,246.3,245,245
1693549800,245.1,245.1,245.1,245.1
1693551600,245.2,245.8,241.7,243.6
1693553400,243.5,244.1,242.7,243.7
1693555200,243.7,244,243.3,243.6
1693557000,243.6,244.7,242.8,244.3
1693558800,244.3,244.7,243.7,244
1693560600,243.9,246.7,243.9,246.4
1693562400,246.4,246.5,245.3,245.7
1693564200,245.7,245.9,244.5,245.1
1693566000,245,245.5,244.2,244.3
1693567800,244.3,244.4,243.1,243.7
1693569600,243.6,244.8,243.3,244.6
1693571400,244.5,251.5,244.3,250.8
1693573200,250.8,252.3,249.2,250.4
1693575000,250.5,255.1,250.1,254.9
1693576800,254.9,255.5,253.7,254.6
1693578600,254.5,255.1,254,254.1
1693580400,254,254,254,254
1693809000,255.7,255.7,255.7,255.7
1693810800,255.7,257.5,253.1,254.3
1693812600,254.3,255,253.8,254.9
1693814400,254.8,255.4,254.2,254.3
1693816200,254.4,254.7,253.8,254.3
1693818000,254.4,255.1,254.1,254.8
1693819800,254.9,254.9,253.9,254.3
1693821600,254.3,254.9,254,254.1
1693823400,254.2,254.6,254,254.2
1693825200,254.3,255,253.5,254.4
1693827000,254.5,254.7,254.1,254.5
1693828800,254.6,255.5,254.1,254.3
1693830600,254.2,258.6,253.9,257.6
1693832400,257.6,258.6,255.5,256
1693834200,256,256.1,254.1,254.7
1693836000,254.7,255.4,254.1,254.7
1693837800,254.7,254.9,251.7,252.2
1693839600,252.2,252.7,252.2,252.7
1693895400,252.6,252.6,252.6,252.6
1693897200,252.5,254.2,250.6,254
1693899000,254,254.4,252.4,252.5
1693900800,252.4,252.5,251.3,251.9
1693902600,251.8,251.9,250,250.4
1693904400,250.4,250.9,250,250.8
1693906200,250.8,251.8,250.5,250.8
1693908000,250.8,252.1,250.6,251.4
1693909800,251.5,251.7,250.5,250.7
1693911600,250.7,251.7,250.3,250.8
1693913400,250.9,250.9,250.2,250.8
1693915200,250.8,251.3,250.5,250.9
1693917000,250.8,251.1,250.7,250.9
1693918800,250.8,251.2,249.1,249.8
1693920600,249.8,250.3,249.4,250
1693922400,250.1,250.6,249.4,249.8
1693924200,249.8,252.5,249.3,251.7
1693926000,251.7,252,251.6,252
1693981800,252.5,252.5,252.5,252.5
1693983600,252.5,252.7,250,250.4
1693985400,250.5,250.5,250,250.1
1693987200,250,250.4,249.6,250
1693989000,250,250.1,249.6,249.6
1693990800,249.6,250.1,249.3,249.5
1693992600,249.5,249.5,247.9,248.2
1693994400,248.1,248.1,247.2,247.6
1693996200,247.5,248.3,247.5,248.2
1693998000,248.2,248.6,247.6,248.5
1693999800,248.5,249.6,248.2,248.7
1694001600,248.6,248.7,246.1,247.3
1694003400,247.3,247.8,246.7,247.2
1694005200,247.3,248.2,247,248
1694007000,247.9,249.2,247.3,249.2
1694008800,249.2,249.4,246.6,246.8
1694010600,246.8,247.2,245.5,245.9
1694012400,245.9,245.9,245,245
1694068200,245,245,245,245
1694070000,245.1,247.5,244.3,246.3
1694071800,246.2,246.3,243.6,245
1694073600,245.1,245.3,243.9,244.3
1694075400,244.2,244.5,243.6,243.8
1694077200,243.8,244.4,243.6,244.2
1694079000,244.2,244.9,243.9,244.7
1694080800,244.7,245.7,244.6,244.9
1694082600,244.8,246.2,244.7,245.1
1694084400,245.1,245.7,244,244.4
1694086200,244.4,244.5,243.7,244
1694088000,244,244.3,243.5,243.8
1694089800,243.7,243.8,242.9,243.3
1694091600,243.4,244.1,243.3,243.3
1694093400,243.4,244.2,243.2,243.8
1694095200,243.8,244.8,243.5,243.7
1694097000,243.6,245.5,243.6,244.7
1694098800,244.6,244.6,244.6,244.6
1694154600,245.1,245.1,245.1,245.1
1694156400,245.2,248.9,245.1,247.5
1694158200,247.4,249.6,247.2,249.2
1694160000,249.2,249.5,247.4,247.5
1694161800,247.6,248.1,246.4,247.4
1694163600,247.3,247.5,246.7,247.1
1694165400,247.2,247.3,246.8,247
1694167200,246.9,247.2,246.8,247
1694169000,246.9,247,246.3,246.8
1694170800,246.8,247,245.9,246.1
1694172600,246.1,246.2,245,245.6
1694174400,245.5,246,244.7,245.1
1694176200,245.2,246.4,245.1,245.9
1694178000,245.8,247,245.5,246.3
1694179800,246.3,246.7,244.8,245.3
1694181600,245.3,245.6,243.5,244.5
1694183400,244.5,245.3,243.3,244.4
1694185200,244.4,244.4,243.3,243.3
1694413800,244.2,244.2,244.2,244.2
1694415600,244.2,244.6,240.9,241.5
1694417400,241.4,242.7,241,241.2
1694419200,241.2,241.2,239.9,240.8
1694421000,240.7,242,240.6,241.6
1694422800,241.5,242.5,241,242.2
1694424600,242.2,242.4,241.2,241.3
1694426400,241.3,241.5,241.1,241.4
1694428200,241.3,242,240.7,240.8
1694430000,240.8,240.9,240.3,240.6
1694431800,240.6,241,240.4,240.6
1694433600,240.6,240.8,239.8,240
1694435400,239.9,240.3,238.7,239.1
1694437200,239.1,239.1,237,237.4
1694439000,237.4,238.1,235.9,236.2
1694440800,236.2,237.6,235.8,237.4
1694442600,237.4,237.5,232.7,233.7
1694444400,233.7,234.5,233.7,234.5
1694500200,235,235,235,235
1694502000,235,240.2,234.7,238.3
1694503800,238.3,239,234.8,236
1694505600,235.9,236.1,234.1,235.8
1694507400,235.9,236.4,234.4,236.2
1694509200,236.3,237.3,235.8,237.2
1694511000,237.2,237.3,235.7,235.9
1694512800,236,236.1,234.9,235.8
1694514600,235.8,236.8,235.7,236.3
1694516400,236.2,236.5,234.6,235.1
1694518200,235.2,235.4,234.7,235.1
1694520000,235,236.5,235,236.2
1694521800,236.3,237.2,235.6,235.9
1694523600,236,240.1,235.7,240
1694525400,240.1,243.2,239.2,242.4
1694527200,242.4,242.9,236.3,237.3
1694529000,237.3,237.7,232.8,235.3
1694530800,236,236,236,236
1694586600,236.5,236.5,236.5,236.5
1694588400,236.5,238.3,235.5,237.3
1694590200,237.2,237.5,235.6,236.8
1694592000,236.8,237.2,236,236.4
1694593800,236.4,236.9,236,236.2
1694595600,236.1,236.8,236.1,236.6
1694597400,236.7,237.4,236.2,237.1
1694599200,237.1,237.6,236.4,236.9
1694601000,236.9,236.9,236.1,236.4
1694602800,236.3,236.8,236.2,236.6
1694604600,236.6,237.2,236.1,236.8
1694606400,236.8,237.1,234.5,235.4
1694608200,235.4,235.5,233.1,233.7
1694610000,233.8,234.4,232.2,232.8
1694611800,232.8,233.7,230.9,232
1694613600,231.9,233.3,230.8,231.9
1694615400,231.9,232.8,231.1,231.8
1694617200,231.7,231.7,231.7,231.7
1694673000,231.8,231.8,231.8,231.8
1694674800,231.9,233.6,231.4,232.9
1694676600,232.8,233.2,229.4,230.5
1694678400,230.4,230.5,229.4,230.4
1694680200,230.3,231.1,230.1,230.5
1694682000,230.5,231.6,230.3,231.1
1694683800,231.1,231.1,229.6,230.1
1694685600,230,230.2,228.9,229.1
1694687400,229.1,229.3,228.4,229.3
1694689200,229.2,229.7,228.9,229.4
1694691000,229.4,229.5,227,228.1
1694692800,228.1,228.5,227,227.7
1694694600,227.8,230.6,227.6,230.3
1694696400,230.3,231.5,228.6,231.2
1694698200,231.2,233.5,230.6,231.9
1694700000,231.9,234.5,230.3,233.7
1694701800,233.8,238.7,233,237.9
1694703600,237.9,238.5,237.9,238.5
1694759400,236,236,236,236
1694761200,235.9,236,228.9,229.2
1694763000,229,230.4,228.2,229.8
1694764800,229.8,231.2,229.7,230.9
1694766600,230.9,231.2,230,230.2
1694768400,230.2,231,230.1,230.5
1694770200,230.4,230.9,230,230.4
1694772000,230.3,230.4,229.4,229.6
1694773800,229.6,229.9,229.4,229.6
1694775600,229.6,230.2,229.5,229.9
1694777400,229.9,230.3,229.6,229.8
1694779200,229.8,230.1,229.6,229.8
1694781000,229.8,230.7,228.6,228.6
1694782800,228.7,229.3,228.2,229.3
1694784600,229.3,229.3,228,228.3
1694786400,228.3,229.3,228.2,228.7
1694788200,228.7,229.6,227.4,227.8
1694790000,227.8,227.8,227.1,227.1
1695018600,227.2,227.2,227.2,227.2
1695020400,227.2,228.6,226.2,226.4
1695022200,226.3,226.8,221.3,221.7
1695024000,221.7,223.5,221.2,223.5
1695025800,223.4,223.7,222.6,223.3
1695027600,223.3,223.5,222.7,222.9
1695029400,222.9,223.1,222.7,222.9
1695031200,222.9,223.1,221.9,222
1695033000,222,222.1,220.4,220.7
1695034800,220.7,220.7,219.2,220.3
1695036600,220.2,220.9,218.9,220.2
1695038400,220.2,220.6,219.4,220.1
1695040200,220,220.1,219.5,219.8
1695042000,219.9,222.1,219.8,220.3
1695043800,220.2,220.4,218.6,219.1
1695045600,219.1,219.3,216.5,217.6
1695047400,217.7,219.3,216.8,218.1
1695049200,218.2,218.2,218.1,218.1
1695105000,218.3,218.3,218.3,218.3
1695106800,218.4,220.4,217,220.1
1695108600,220.2,221.6,219.1,219.9
1695110400,219.9,221.3,218.8,221.2
1695112200,221.2,222.8,219.5,220
1695114000,220,220.7,219.6,220.5
1695115800,220.5,220.6,218.7,220
1695117600,220,220.4,219.6,219.8
1695119400,219.7,219.9,218.8,218.8
1695121200,218.9,221.4,218.3,218.4
1695123000,218.3,220.2,217.8,219.2
1695124800,219.2,219.7,216.6,216.9
1695126600,216.9,217.2,215.1,215.6
1695128400,215.6,216.4,214.6,216.4
1695130200,216.3,218.6,215.6,217.7
1695132000,217.8,219.4,217,217.5
1695133800,217.5,218.8,216.4,218.4
1695135600,218.4,218.6,218.4,218.6
1695191400,226.2,226.2,226.2,226.2
1695193200,226.2,227.7,224.6,226.7
1695195000,226.6,226.9,224.9,225.4
1695196800,225.4,225.9,224.7,224.8
1695198600,224.8,225,223.7,224.4
1695200400,224.4,224.7,223.7,223.9
1695202200,223.8,224.2,223.2,224.1
1695204000,224.1,224.3,223.7,224.3
1695205800,224.3,224.8,223.7,224.4
1695207600,224.4,226.7,224.4,226
1695209400,226.1,226.2,224.8,225.4
1695211200,225.4,228.2,225.3,226.5
1695213000,226.5,226.5,224.8,225.3
1695214800,225.3,225.6,224.3,224.6
1695216600,224.6,225.1,223.8,224.8
1695218400,224.7,225,221.8,221.9
1695220200,221.8,223.9,221.5,223.6
1695222000,223.3,223.3,223.3,223.3
1695277800,222,222,222,222
1695279600,221.9,222.2,218.8,220
1695281400,220.1,220.3,218.7,218.9
1695283200,218.9,219.5,218.3,219.4
1695285000,219.3,220.5,219.2,220.5
1695286800,220.4,221.4,220.1,220.3
1695288600,220.3,222,220.1,221.3
1695290400,221.3,221.9,220.5,220.9
1695292200,221,222.6,220.5,221.4
1695294000,221.4,226.6,221.4,225.5
1695295800,225.5,228,225.5,227.9
1695297600,227.9,228.1,226.3,227.6
1695299400,227.7,228.6,226.3,226.6
1695301200,226.7,229.2,226.5,229.1
1695303000,229,229.6,227.6,228.6
1695304800,228.7,231.3,228.5,231
1695306600,231,232.9,229.9,232.9
1695308400,232.6,232.6,232.6,232.6
1695364200,233,233,233,233
1695366000,233,233.1,230.5,232.8
1695367800,232.9,233.9,230.7,231.1
1695369600,231.1,232.1,231,231.8
1695371400,231.9,232.9,231.6,232.2
1695373200,232.2,232.6,231.6,231.8
1695375000,231.7,232.3,231.3,231.7
1695376800,231.6,231.8,230.9,231.2
1695378600,231.2,231.4,230.1,230.7
1695380400,230.7,230.8,228.6,229.4
1695382200,229.4,229.5,228.2,228.8
1695384000,228.7,228.8,226.9,227.5
1695385800,227.4,228,227.2,227.9
1695387600,227.8,228.7,227.6,228.2
1695389400,228.3,228.4,227.1,228.2
1695391200,228.2,228.5,226.1,227
1695393000,227,227.8,226.6,226.8
1695394800,226.8,226.8,226.1,226.1
1695623400,227,227,227,227
1695625200,227,229.5,226.8,227.8
1695627000,227.7,228,226.2,226.8
1695628800,226.9,229,226.6,228.4
1695630600,228.4,229.3,227.3,228.5
1695632400,228.4,230.9,228.4,230.3
1695634200,230.3,230.5,229.5,229.7
1695636000,229.7,230.4,228.5,230.2
1695637800,230.3,231.4,230,231
1695639600,230.9,231.7,230.1,230.8
1695641400,230.7,230.8,229.6,229.9
1695643200,229.9,230.6,229.6,229.6
1695645000,229.7,229.7,228.3,229
1695646800,228.9,230.8,228.8,230.5
1695648600,230.5,231.5,230.3,231.3
1695650400,231.3,232.5,230.2,231.7
1695652200,231.8,233.2,231.6,232.8
1695654000,232.9,232.9,232.5,232.5
1695709800,232.5,232.5,232.5,232.5
1695711600,232.5,234.8,231.4,232.9
1695713400,232.8,233.1,230.7,231.5
1695715200,231.5,233.7,231.2,233.5
1695717000,233.5,233.8,232.5,232.8
1695718800,232.8,235.1,232.1,234.9
1695720600,234.9,236.8,234.2,234.3
1695722400,234.3,234.8,232.9,233.6
1695724200,233.6,234.7,233.2,233.9
1695726000,233.9,234.2,232.9,233.1
1695727800,233.1,233.2,231.1,232.1
1695729600,232.1,232.2,230.9,231.7
1695731400,231.7,232.2,230.8,231.2
1695733200,231.2,231.8,231,231.4
1695735000,231.4,233.4,231,232.3
1695736800,232.3,232.6,229,229.4
1695738600,229.4,230.5,227.3,227.8
1695740400,227.7,227.7,227.5,227.5
1695796200,227.9,227.9,227.9,227.9
1695798000,227.9,232,227.9,230.8
1695799800,230.7,233.5,230.5,233
1695801600,233,234.9,232.8,233.8
1695803400,233.9,233.9,232.2,232.4
1695805200,232.4,233.1,231.7,232.7
1695807000,232.7,232.8,231.3,231.4
1695808800,231.4,231.7,230.4,231
1695810600,231,231.5,230.6,231.2
1695812400,231.3,232.3,230.5,231.2
1695814200,231.1,231.3,230.2,230.6
1695816000,230.7,230.7,228,229.5
1695817800,229.4,229.5,228.3,229.1
1695819600,229,230,228.4,229.7
1695821400,229.7,232,229.6,230.5
1695823200,230.6,233.9,230.5,231.6
1695825000,231.6,232.3,230.7,231.4
1695826800,231.4,231.4,230.4,230.4
1695882600,231,231,231,231
1695884400,231,237.9,230.9,237.6
1695886200,237.8,238.4,236.2,237.9
1695888000,238,241.9,236.8,241.6
1695889800,241.6,246.1,239,243.4
1695891600,243.3,245.4,241.6,241.9
1695893400,241.9,243.1,241.4,243.1
1695895200,243.1,243.3,240.4,240.6
1695897000,240.6,241,239.4,240.3
1695898800,240.3,240.7,239.4,240.3
1695900600,240.4,240.5,239.1,240
1695902400,240,240.8,239.8,239.8
1695904200,239.9,240.5,238.3,238.4
1695906000,238.4,240.4,237.2,237.6
1695907800,237.5,240.7,237.3,240.2
1695909600,240.1,242.3,239.6,241.9
1695911400,241.8,243.8,239,243
1695913200,243,243.2,243,243.2
1695969000,246,246,246,246
1695970800,246.1,249.6,245.2,248.6
1695972600,248.6,248.7,247,247.9
1695974400,247.9,248.4,246.7,246.9
1695976200,246.8,247.2,245.8,246.5
1695978000,246.4,249.7,246.2,248.4
1695979800,248.4,248.6,247.3,247.4
1695981600,247.5,247.5,246.8,246.9
1695983400,246.9,247,244.6,244.8
1695985200,244.8,245.8,242.9,244.2
1695987000,244.2,244.8,243.6,243.9
1695988800,243.9,244.5,243.4,244.2
1695990600,244.3,245,243.5,244.9
1695992400,244.9,245.2,244.5,244.5
1695994200,244.6,245.3,244.4,244.8
1695996000,244.8,244.8,241.6,242.5
1695997800,242.5,243.4,240.6,243.2
1695999600,243.2,243.2,242.5,242.5
1696228200,242.5,242.5,242.5,242.5
1696230000,242.6,245.3,241.4,243.9
1696231800,244,245,243.3,244.7
1696233600,244.7,246.2,243.8,246.1
1696235400,246.2,249.7,246.1,248.4
1696237200,248.4,249.4,247.8,248.8
1696239000,248.7,249.6,247.7,249
1696240800,249,250.4,248.8,249.6
1696242600,249.7,250.3,249.1,249.4
1696244400,249.5,250.1,248.1,249.1
1696246200,249,249.4,248.6,249
1696248000,249,250.4,248.7,250
1696249800,250,250.4,249.5,250
1696251600,250,252.5,249.7,251.2
1696253400,251.2,254.3,250.6,253.9
1696255200,253.9,255.2,252.5,252.9
1696257000,252.9,254.3,252.8,253.1
1696258800,253.2,253.4,253.2,253.4
1696314600,253.5,253.5,253.5,253.5
1696316400,253.5,253.7,251,251.3
1696318200,251.3,252.2,250,250.9
1696320000,251,252.4,250.6,252
1696321800,252,252.6,251.5,251.8
1696323600,251.8,255.6,250.8,252.7
1696325400,252.7,253.6,252.5,253
1696327200,253,253.9,251.6,252
1696329000,252,252.5,251.3,251.3
1696330800,251.4,251.6,249.4,250
1696332600,250,250.7,249.5,250.4
1696334400,250.4,251.3,249.8,250.5
1696336200,250.4,250.5,249.5,250.2
1696338000,250.2,251.1,250.1,250.7
1696339800,250.7,251,249.5,249.6
1696341600,249.6,249.8,247.3,247.4
1696343400,247.3,248,247,247.6
1696345200,247.7,247.7,247.7,247.7
1696401000,248,248,248,248
1696402800,247.9,249,246.2,246.4
1696404600,246.3,246.4,243.7,243.9
1696406400,243.9,243.9,242,242.2
1696408200,242.3,242.8,241.3,242.5
1696410000,242.4,242.6,241.3,242.1
1696411800,242.2,242.7,241.7,242.2
1696413600,242.2,242.7,241.5,242.2
1696415400,242.2,244.3,241.8,244.1
1696417200,244.2,244.5,242.6,243.1
1696419000,243.1,243.2,241.7,241.9
1696420800,241.9,242.7,241.1,242.3
1696422600,242.3,242.4,241.3,242
1696424400,242,242.3,241.2,241.6
1696426200,241.5,241.7,240,240.1
1696428000,240,240.7,238.5,239.8
1696429800,239.7,240.4,237.5,239
1696431600,238.5,238.5,238.5,238.5
1696487400,240.4,240.4,240.4,240.4
1696489200,240.5,243.8,240.5,241.5
1696491000,241.4,243,241.2,242.3
1696492800,242.3,242.5,241.6,242
1696494600,242,242.4,241.7,242
1696496400,241.9,242.2,241.2,241.3
1696498200,241.3,241.6,240.7,241
1696500000,240.9,241.1,238.5,238.7
1696501800,238.7,239.2,233.6,235.1
1696503600,235.2,235.7,232.9,235.4
1696505400,235.4,236.7,235.1,236
1696507200,236.1,237.6,235.2,235.5
1696509000,235.5,238.1,234.8,237.6
1696510800,237.7,239.5,237,238.1
1696512600,238.1,240,237,239.8
1696514400,239.8,242.4,238.7,241.1
1696516200,241.1,242.1,239.7,241.1
1696518000,241.5,241.5,241.5,241.5
1696573800,238.5,238.5,238.5,238.5
1696575600,238.5,241.8,238.3,241.7
1696577400,241.7,241.8,240.4,240.8
1696579200,240.8,241.4,239.3,240
1696581000,239.9,240,238.9,239.2
1696582800,239.2,240.6,239.1,240.5
1696584600,240.5,240.9,239.3,239.7
1696586400,239.7,242.9,239.5,241.5
1696588200,241.6,242.1,240.9,241.6
1696590000,241.6,241.9,239.7,239.8
1696591800,239.8,240.3,239,239.8
1696593600,239.8,240.6,239.4,240.3
1696595400,240.3,240.3,239.4,239.7
1696597200,239.6,241.3,238.6,240.1
1696599000,240.2,240.5,239.5,239.8
1696600800,239.9,240.2,238.9,240
1696602600,240,240.1,238.4,238.6
1696604400,238.5,238.5,238.4,238.4
1696833000,232.5,232.5,232.5,232.5
1696834800,232.6,233.2,230,230.1
1696836600,230.1,231.7,229.7,230.8
1696838400,230.8,232.2,230.8,231.3
1696840200,231.2,231.7,230.9,231.3
1696842000,231.3,232,231.1,231.5
1696843800,231.5,232.3,231.2,232.3
1696845600,232.2,232.3,231.7,231.8
1696847400,231.7,231.9,231.2,231.4
1696849200,231.3,231.8,231.2,231.3
1696851000,231.4,231.6,230.8,231.3
1696852800,231.2,231.6,230.9,231.4
1696854600,231.3,231.5,229.2,229.4
1696856400,229.4,231.7,229.3,231.4
1696858200,231.3,231.5,230,230.7
1696860000,230.8,231.3,228.8,229.1
1696861800,229,229.4,227.7,228
1696863600,228,228,227.2,227.2
1696919400,231.2,231.2,231.2,231.2
1696921200,231.3,233.4,231,232.3
1696923000,232.2,234.2,232.1,233.3
1696924800,233.3,233.6,232.1,232.3
1696926600,232.3,233.8,231.9,232.8
1696928400,232.8,233.5,232.3,232.6
1696930200,232.6,232.8,232.2,232.7
1696932000,232.6,232.9,231.5,231.7
1696933800,231.6,231.7,230.2,230.7
1696935600,230.8,231.4,230.4,230.8
1696937400,230.7,231.4,230.3,230.9
1696939200,230.9,231.9,230.7,231.5
1696941000,231.5,232.1,231.1,231.7
1696942800,231.7,232.9,231.6,232.4
1696944600,232.5,233.8,231,232.7
1696946400,232.6,235.9,232.4,235.1
1696948200,235,238.5,234.7,238
1696950000,238.1,238.1,238.1,238.1
1697005800,237.1,237.1,237.1,237.1
1697007600,237.1,237.4,233.8,235
1697009400,234.9,235.6,232.5,233.3
1697011200,233.3,233.3,231.8,232
1697013000,232.1,233.2,231.8,232.8
1697014800,232.7,233,231.9,232.1
1697016600,232.1,232.5,231.5,232.1
1697018400,232.1,232.9,232.1,232.4
1697020200,232.4,233,232.4,232.6
1697022000,232.6,232.6,231.4,231.9
1697023800,232,232,230.9,231.4
1697025600,231.5,232.3,231.3,231.6
1697027400,231.6,232.2,230.8,231.9
1697029200,231.9,232.2,231.1,231.2
1697031000,231.3,231.3,230.2,230.6
1697032800,230.6,231.2,230.2,230.4
1697034600,230.4,231.5,229.4,230.4
1697036400,230.1,230.1,230.1,230.1
1697092200,233.6,233.6,233.6,233.6
1697094000,233.7,235,232.7,232.8
1697095800,232.7,232.8,231.5,232.3
1697097600,232.3,232.6,231.3,231.6
1697099400,231.7,233.6,231.5,232.5
1697101200,232.5,232.7,231.8,232.2
1697103000,232.1,232.2,231.6,231.9
1697104800,231.9,232.2,231.5,231.8
1697106600,231.7,231.9,231.4,231.5
1697108400,231.6,231.7,231.1,231.5
1697110200,231.5,231.5,227.3,227.5
1697112000,227.5,227.9,225,226.4
1697113800,226.3,226.6,225,225.2
1697115600,225.2,226.1,224.1,225.3
1697117400,225.2,225.3,222,222
1697119200,222.6,223.2,219.7,219.8
1697121000,219.8,225.8,218.7,225.5
1697122800,225.5,225.5,225.1,225.1
1697178600,223.8,223.8,223.8,223.8
1697180400,223.8,223.8,219.9,222.5
1697182200,222.6,222.7,220.6,220.8
1697184000,220.8,222.3,220.7,221.9
1697185800,222,222.2,220.5,221.3
1697187600,221.3,222.7,221.2,222.5
1697189400,222.6,222.9,221.5,221.8
1697191200,221.7,222.1,221.1,221.5
1697193000,221.6,221.7,220.6,220.9
1697194800,220.9,221.5,220.7,221.2
1697196600,221.2,221.2,220.2,220.5
1697198400,220.6,221.9,220.5,221.3
1697200200,221.4,221.4,219.4,219.6
1697202000,219.6,221.4,219.5,220.7
1697203800,220.8,222.1,220.4,221.6
1697205600,221.6,224.2,221.2,222.2
1697207400,222.2,223.5,220.9,221.6
1697209200,222.2,222.2,222.2,222.2
1697437800,228,228,228,228
1697439600,228,228.3,224,225
1697441400,225,225,222.4,223.5
1697443200,223.3,225.2,222,224.9
1697445000,224.9,225.8,224.3,225.6
1697446800,225.6,225.7,224,224.2
1697448600,224.2,226.2,224,224.3
1697450400,224.2,225.2,222.6,223.1
1697452200,223.1,223.5,222.1,222.3
1697454000,222.3,223,222,222.4
1697455800,222.3,224.2,222.2,223.2
1697457600,223.2,224.7,222.4,224
1697459400,223.9,224.8,223,223.6
1697461200,223.6,223.6,222.1,223
1697463000,223,224.4,222.3,224.2
1697464800,224.2,226.5,222.9,224.2
1697466600,224.2,225.3,222.2,222.8
1697468400,223,223,223,223
1697524200,223.7,223.7,223.7,223.7
1697526000,223.8,225.9,222.6,224.7
1697527800,224.7,225,222.8,222.8
1697529600,222.8,223.4,222.3,222.9
1697531400,223,223.1,222.6,222.8
1697533200,222.9,222.9,221.6,221.9
1697535000,221.9,222,220.9,221.4
1697536800,221.4,221.4,220.3,220.8
1697538600,220.8,220.9,220,220.5
1697540400,220.4,221.5,220.2,221.1
1697542200,221.1,221.4,220.5,221.3
1697544000,221.2,222.3,220.7,222.2
1697545800,222.3,222.5,221,222.4
1697547600,222.3,224.6,222.2,223.7
1697549400,223.7,224.5,223,224.4
1697551200,224.5,225.6,224,224.2
1697553000,224.3,225,223.6,225
1697554800,225.1,225.1,225.1,225.1
1697610600,219.7,219.7,219.7,219.7
1697612400,219.7,221.3,218.6,221
1697614200,221,221.2,219.6,220.1
1697616000,220,220.6,219.8,220.5
1697617800,220.5,221,219.8,220
1697619600,220,220.3,219.3,219.7
1697621400,219.7,220.1,219.4,219.7
1697623200,219.6,220.1,219.4,219.5
1697625000,219.6,219.8,218.8,218.8
1697626800,218.8,219.2,218.2,218.6
1697628600,218.5,219.2,218.4,219.1
1697630400,219.2,219.3,218.3,218.6
1697632200,218.5,219.2,217.9,218.3
1697634000,218.3,218.6,217.2,217.6
1697635800,217.6,218.6,217.5,217.8
1697637600,217.9,219.3,216.8,217.9
1697639400,217.9,218.4,216.1,216.2
1697641200,216.3,216.5,216.3,216.5
1697697000,216.6,216.6,216.6,216.6
1697698800,216.7,219.5,216.6,218.5
1697700600,218.4,218.6,217,217.7
1697702400,217.8,218.4,217.3,218.3
1697704200,218.3,219.1,218.2,218.8
1697706000,218.8,219.3,218.4,218.5
1697707800,218.5,218.9,218.4,218.8
1697709600,218.8,219.6,218.3,219.5
1697711400,219.5,219.7,219,219.3
1697713200,219.3,220.5,219,220
1697715000,220.1,221.1,219.9,220.7
1697716800,220.7,220.9,219.3,219.5
1697718600,219.5,219.5,217.3,217.3
1697720400,217.4,218.4,216.7,216.9
1697722200,216.9,217.1,215.9,217
1697724000,216.9,217.3,214.5,215.2
1697725800,215.1,215.6,213,214
1697727600,214,214,213.6,213.6
1697783400,210.4,210.4,210.4,210.4
1697785200,210.3,211.2,208.9,209.5
1697787000,209.4,210.7,209.3,210.4
1697788800,210.5,210.6,208.5,209.2
1697790600,209.2,209.2,208.4,208.9
1697792400,208.9,209.1,208.5,208.8
1697794200,208.7,209.1,207.7,209
1697796000,209,209.5,208.7,209
1697797800,209,209.3,208.7,209.1
1697799600,209.1,209.3,208.6,209.3
1697801400,209.2,209.3,208,208.9
1697803200,208.9,209.5,208.3,208.6
1697805000,208.6,209.2,208.3,208.7
1697806800,208.7,209.3,208.3,208.5
1697808600,208.5,208.5,207.1,207.2
1697810400,207.2,207.8,206.5,207.5
1697812200,207.6,208.6,205.2,207.4
1697814000,207.4,207.4,207.1,207.1
1698042600,211.9,211.9,211.9,211.9
1698044400,212,213.3,210.7,211.3
1698046200,211.2,214,209.9,213.2
1698048000,213.2,213.7,210.2,210.4
1698049800,210.4,211.3,209.5,211
1698051600,210.9,211,208.3,208.7
1698053400,208.6,210,208,209.8
1698055200,209.8,210.1,209.1,209.5
1698057000,209.6,210.6,209.2,209.4
1698058800,209.4,209.9,208.7,209
1698060600,209.1,211.4,208.6,211.2
1698062400,211.2,212,210.6,211.6
1698064200,211.6,212.9,211.4,212.6
1698066000,212.6,212.7,211.4,212.4
1698067800,212.4,213.4,211.6,213.2
1698069600,213.3,214.6,213,214.4
1698071400,214.4,215.2,213.5,214
1698073200,213.7,213.7,213.7,213.7
1698129000,213.7,213.7,213.7,213.7
1698130800,213.8,214,211.8,213.1
1698132600,213.1,214.6,212.6,214.3
1698134400,214.2,214.7,212.6,213.2
1698136200,213.1,213.3,212.6,213.1
1698138000,213,213.9,212.8,213.8
1698139800,213.8,213.8,213,213.3
1698141600,213.3,213.9,213.2,213.9
1698143400,213.9,214.4,213.4,213.9
1698145200,214,215.1,213.9,214.5
1698147000,214.6,215.4,214.4,214.5
1698148800,214.4,214.7,213.3,213.3
1698150600,213.4,213.9,212.9,213.8
1698152400,213.8,214.7,213.7,214.5
1698154200,214.5,215.3,214.2,214.9
1698156000,214.9,218,214.5,216.5
1698157800,216.5,219,215.5,218
1698159600,218.1,218.1,218,218
1698215400,219.7,219.7,219.7,219.7
1698217200,219.7,224.2,219.7,222.8
1698219000,222.7,224.2,222.5,223.2
1698220800,223.2,223.3,219.4,220.1
1698222600,220,221.4,219.8,221.3
1698224400,221.3,221.4,220.2,221
1698226200,221,221.2,217.8,218.2
1698228000,218.2,218.4,216.1,216.3
1698229800,216.3,216.4,214.5,215.7
1698231600,215.6,216.1,214.4,214.6
1698233400,214.6,215.2,212,213.1
1698235200,213,214.6,212.8,213.9
1698237000,213.9,214.3,210.1,210.2
1698238800,210.2,212.2,209,211.6
1698240600,211.6,212.2,208.8,208.8
1698242400,208.8,209.4,204.1,204.5
1698246000,203,203,203,203
1698301800,205,205,205,205
1698303600,205.1,208.9,203.9,204.4
1698305400,204.3,206.6,203.3,204.8
1698307200,204.8,205.8,204.1,205.1
1698309000,205.1,206.7,204.9,206.7
1698310800,206.6,209.3,205.9,209.1
1698312600,209.1,210,208.8,209.5
1698314400,209.5,210.6,208.9,209.2
1698316200,209.1,209.6,208.1,209
1698318000,208.9,210.8,205.6,206.8
1698319800,206.7,209.7,206.4,209.5
1698321600,209.6,213.1,209.4,213
1698323400,213,214.2,212.3,213.3
1698325200,213.3,215.4,213.2,213.6
1698327000,213.6,214.3,212.7,213.8
1698328800,213.9,214.2,212.1,213.5
1698330600,213.5,214.5,212.3,214.2
1698332400,214.2,214.2,214.2,214.2
1698388200,214.2,214.2,214.2,214.2
1698390000,214.1,214.3,210.3,211.3
1698391800,211.3,211.3,209.3,209.4
1698393600,209.4,211.2,208.6,211
1698395400,211.1,213,210.9,212.5
1698397200,212.5,213.9,211.9,212.4
1698399000,212.4,212.8,211.6,211.9
1698400800,211.9,212.4,210.2,210.4
1698402600,210.4,211.1,209.7,210.8
1698404400,210.8,211.7,210.1,210.8
1698406200,210.8,211.9,210.3,210.5
1698408000,210.4,210.7,208.7,209.5
1698409800,209.5,209.7,208.7,209.1
1698411600,209.1,210.6,209,209.9
1698413400,209.9,210.4,208.9,209.1
1698415200,209.1,212.3,208.3,211.1
1698417000,211.1,217.9,210.9,217.2
1698418800,217.2,217.2,217.1,217.2
1698647400,217.1,217.1,217.1,217.1
1698649200,217,219,215.9,217.6
1698651000,217.7,219.4,217.6,219.1
1698652800,219.1,221.1,219,220.3
1698654600,220.2,220.7,219.3,219.4
1698656400,219.4,219.9,218.6,218.6
1698658200,218.6,218.6,216.8,217.4
1698660000,217.4,217.6,216.4,217.2
1698661800,217.1,218.6,216.9,218.4
1698663600,218.4,218.5,217.2,217.8
1698665400,217.8,217.9,217.1,217.6
1698667200,217.6,218.1,217.1,217.3
1698669000,217.2,217.5,216.3,216.5
1698670800,216.5,217.1,216.1,216.4
1698672600,216.3,220.4,215.8,219
1698674400,219,220.8,218.4,220
1698676200,219.9,220.5,218.3,219
1698678000,218.9,219,218.9,218.9
1698733800,220.6,220.6,220.6,220.6
1698735600,220.7,221.5,218.7,219.4
1698737400,219.3,223.9,218.9,222.9
1698739200,222.8,223.2,221.4,222.1
1698741000,222.1,222.5,220.7,221.2
1698742800,221.1,222.4,220.8,221.7
1698744600,221.7,222.4,221.4,222.3
1698746400,222.4,222.7,221.7,222
1698748200,222,222.1,221.4,221.9
1698750000,222,222.1,221.3,221.6
1698751800,221.6,221.7,220.5,221.1
1698753600,221.1,221.9,220.3,220.6
1698755400,220.6,220.6,219.2,219.2
1698757200,219.2,219.9,218,219.9
1698759000,219.9,220.5,219.2,219.8
1698760800,219.7,219.7,218,219.1
1698762600,219.1,219.6,216.5,217
1698764400,217,217.3,217,217.3
1698820200,220.3,220.3,220.3,220.3
1698822000,220.3,220.7,218.2,218.7
1698823800,218.6,218.9,216.2,218.1
1698825600,218.1,218.5,217.3,217.9
1698827400,217.8,218.4,217.5,217.8
1698829200,217.7,217.8,215.7,216.6
1698831000,216.6,216.8,215.5,215.9
1698832800,215.9,216,213.6,214.4
1698834600,214.4,215.1,212.6,212.8
1698836400,212.8,213.8,211.9,213.1
1698838200,213.1,215.1,213,215
1698840000,215,215.8,213.8,214.5
1698841800,214.5,214.8,213.2,213.6
1698843600,213.6,214.6,212,212.2
1698845400,212.3,214.3,210.7,213.6
1698847200,213.7,218.2,212.6,217.7
1698849000,217.7,219.4,217.1,218.4
1698850800,218.1,218.1,218.1,218.1
1698906600,219.5,219.5,219.5,219.5
1698908400,219.5,223.4,218.7,223.3
1698910200,223.4,226.3,223.1,225.9
1698912000,226,228.2,225.4,227.9
1698913800,227.9,228.1,225.1,226.7
1698915600,226.7,226.7,224.5,225.6
1698917400,225.5,225.8,224.5,224.8
1698919200,224.8,226.1,224.6,225.5
1698921000,225.6,225.9,225,225.4
1698922800,225.4,225.7,224.8,225.1
1698924600,225.1,226.7,225,226.5
1698926400,226.5,226.7,224.6,225.1
1698928200,225,225.1,222.7,223.8
1698930000,223.8,224.9,223.6,224.8
1698931800,224.8,225.9,224.4,224.9
1698933600,224.8,225.8,224.1,225
1698935400,225,225.6,223.3,223.6
1698937200,223.6,223.6,223,223
1698993000,223.1,223.1,223.1,223.1
1698994800,223.1,223.1,220.4,221.6
1698996600,221.6,222.3,221.5,221.8
1698998400,221.8,221.9,219.8,220.1
1699000200,220.1,220.9,219.8,220.9
1699002000,220.9,221.4,220.5,220.7
1699003800,220.7,220.9,220,220.7
1699005600,220.8,220.9,220.4,220.8
1699007400,220.8,221.2,220.4,221
1699009200,221,221.7,220.6,221.2
1699011000,221.1,221.8,221.1,221.5
1699012800,221.5,221.6,220.5,220.9
1699014600,220.9,222.3,220.8,221
1699016400,221.1,221.5,219.2,220.5
1699018200,220.5,226.7,220.4,225.2
1699020000,225.2,226.6,224.2,226.1
1699021800,226.1,226.5,224.7,225.2
1699023600,225.7,225.7,225.7,225.7
1699252200,227.6,227.6,227.6,227.6
1699254000,227.6,229,227.3,228
1699255800,227.9,228.6,227.3,227.7
1699257600,227.6,228.1,226.9,227.4
1699259400,227.3,228.1,227.3,228.1
1699261200,228,228.1,227.5,228
1699263000,228,228.1,227.5,227.7
1699264800,227.6,227.8,227.2,227.4
1699266600,227.3,227.4,226.7,226.8
1699268400,226.9,227.3,226.5,226.7
1699270200,226.6,227,226.4,226.8
1699272000,226.8,227.3,226.5,227.1
1699273800,227.1,228.1,226.8,227.9
1699275600,227.7,228,227.3,227.7
1699277400,227.8,228.9,226.4,228.4
1699279200,228.4,228.9,227.8,228.5
1699281000,228.5,228.5,225.8,226.2
1699282800,226.1,226.2,226.1,226.2
1699338600,226,226,226,226
1699340400,225.9,227.5,225.6,226.8
1699342200,226.8,227.5,226.6,227.2
1699344000,227.2,227.6,226.6,227.1
1699345800,227.1,228.1,227,227.7
1699347600,227.7,228,226.8,227
1699349400,226.9,227.1,226,226.5
1699351200,226.5,226.9,226,226.7
1699353000,226.8,226.9,226.3,226.5
1699354800,226.5,226.6,225.7,226.4
1699356600,226.4,226.9,225.9,226.7
1699358400,226.7,226.8,226.1,226.4
1699360200,226.4,226.9,225.8,226.3
1699362000,226.3,227.2,226,227
1699363800,227,227.5,226.5,227.5
1699365600,227.5,227.6,226.2,226.6
1699367400,226.7,227.2,225.7,226
1699369200,226,226,226,226
1699425000,228,228,228,228
1699426800,228,230.4,227.9,230.1
1699428600,230.1,231.1,229.3,229.9
1699430400,229.9,230.1,229.4,229.7
1699432200,229.6,230,229.4,229.6
1699434000,229.6,229.8,228.8,229.7
1699435800,229.7,229.9,228.9,229.6
1699437600,229.6,230.3,229.3,230.2
1699439400,230.2,230.4,229.5,229.6
1699441200,229.6,229.7,228.8,229.6
1699443000,229.5,230.2,229.3,229.5
1699444800,229.5,229.6,228.9,229.2
1699446600,229.2,229.4,228.4,229.1
1699448400,229.1,229.6,228.8,228.9
1699450200,228.9,229.2,227.6,227.7
1699452000,227.8,228.9,227.3,228.6
1699453800,228.7,229.3,227.9,228.6
1699455600,228.6,228.6,228.6,228.6
1699511400,226.7,226.7,226.7,226.7
1699513200,226.7,227.5,226.1,226.7
1699515000,226.6,227.2,225.8,226.3
1699516800,226.3,226.5,224.9,225.6
1699518600,225.5,226.3,225.5,225.6
1699520400,225.5,226.1,225.4,226.1
1699522200,226.1,226.6,225.6,226.5
1699524000,226.5,226.6,225.8,226.1
1699525800,226.2,226.5,226,226.2
1699527600,226.1,226.2,225.5,225.9
1699529400,225.9,226,225.1,225.4
1699531200,225.4,225.8,225,225.7
1699533000,225.7,226.4,225.5,226.3
1699534800,226.2,227.3,226,227.1
1699536600,227.1,228.8,226.5,228.8
1699538400,228.8,230.5,228.4,229.6
1699540200,229.7,230.1,229.1,229.9
1699542000,230.2,230.2,230.2,230.2
1699597800,230.3,230.3,230.3,230.3
1699599600,230.4,230.7,228.3,228.9
1699601400,228.8,229.2,228.2,228.7
1699603200,228.7,230.1,228.5,229.3
1699605000,229.3,230.3,229.1,229.9
1699606800,229.8,230.1,229.2,229.6
1699608600,229.5,230.2,229.5,229.8
1699610400,229.8,230.5,229.7,230.2
1699612200,230.3,230.6,229.9,230.1
1699614000,230,230.1,229.1,229.2
1699615800,229.2,230,229.1,229.9
1699617600,229.9,230.4,229.6,230.1
1699619400,230.2,230.6,230.1,230.3
1699621200,230.3,231.5,230,230.6
1699623000,230.6,230.8,230,230.5
1699624800,230.4,231.3,230.1,230.6
1699626600,230.6,231.7,228.8,229.1
1699628400,229.1,229.1,229.1,229.1
1699857000,231,231,231,231
1699858800,231,231.7,229.7,229.8
1699860600,229.8,230.6,229.4,230
1699862400,230,230.3,229,229.2
1699864200,229.2,233.1,228.7,232
1699866000,232.1,235.6,231.8,235
1699867800,235,239.4,234.6,239.1
1699869600,239.1,240,238.3,238.9
1699871400,238.9,239,237.7,238.3
1699873200,238.3,238.4,236.9,237.4
1699875000,237.4,238.4,237.3,238.3
1699876800,238.2,238.8,237.7,238.2
1699878600,238.2,238.4,237.2,237.4
1699880400,237.5,237.5,235.7,236.9
1699882200,236.9,237.8,235.9,236.3
1699884000,236.3,236.8,234.3,234.5
1699885800,234.4,235,231.7,232.6
1699887600,232.5,232.5,232.2,232.2
1699943400,233,233,233,233
1699945200,233.1,235.7,232.9,234.7
1699947000,234.7,235.5,233.3,235
1699948800,234.9,236.1,234.7,235.6
1699950600,235.6,236.5,235.4,235.5
1699952400,235.5,236,234.8,234.9
1699954200,234.9,235.2,234.1,234.1
1699956000,234.2,235.5,234,235.3
1699957800,235.3,235.4,233.9,234.5
1699959600,234.4,234.7,233.6,234.2
1699961400,234.1,235.1,233.8,234.7
1699963200,234.8,235.6,234.5,234.8
1699965000,234.8,235.1,234.1,234.3
1699966800,234.4,236.1,234,235.8
1699968600,235.9,237.9,235.9,237.7
1699970400,237.8,237.9,236.4,236.6
1699972200,236.6,237.1,236.1,236.9
1699974000,237.1,237.1,237.1,237.1
1700029800,237.9,237.9,237.9,237.9
1700031600,238,238.3,236.4,237.2
1700033400,237.2,237.2,235.9,235.9
1700035200,236,237.1,235.3,237
1700037000,237,237.9,236.5,237
1700038800,237.1,237.1,236.2,236.3
1700040600,236.3,237,236.2,236.7
1700042400,236.7,236.7,235.6,236.1
1700044200,236.1,236.4,235.5,235.6
1700046000,235.7,236.4,235.5,235.8
1700047800,235.8,236.1,235.6,235.8
1700049600,235.8,236,235,235.8
1700051400,235.7,237.1,235.7,236.8
1700053200,236.8,237,235.6,235.9
1700055000,235.9,237.4,235.7,236.7
1700056800,236.7,237.2,235.8,236.3
1700058600,236.4,236.5,234.8,235.8
1700060400,235.9,235.9,235.6,235.6
1700116200,235.7,235.7,235.7,235.7
1700118000,235.8,236.8,235.4,236.4
1700119800,236.4,237.1,236.4,237
1700121600,236.9,237.8,236.8,237.5
1700123400,237.5,238.1,237.3,237.8
1700125200,237.8,239.3,237.6,239.2
1700127000,239.1,239.6,238.8,239
1700128800,239.1,239.2,238.3,238.8
1700130600,238.7,240.6,238.7,240.3
1700132400,240.4,240.4,239.8,240.1
1700134200,240.1,240.5,239.7,240.2
1700136000,240.2,240.5,239.9,240.2
1700137800,240.2,241.8,240.1,241.8
1700139600,241.7,243.4,241.6,242.6
1700141400,242.6,243.1,241.5,242.2
1700143200,242.2,242.8,241.5,242.7
1700145000,242.6,244.2,241.9,244.2
1700146800,244.3,244.3,244.3,244.3
1700202600,244.2,244.2,244.2,244.2
1700204400,244.2,248.4,243.9,247.9
1700206200,247.8,248,245.7,247.4
1700208000,247.3,247.7,246.4,247.6
1700209800,247.5,248,246.8,247
1700211600,247,247.2,246.3,246.7
1700213400,246.7,246.9,246.3,246.7
1700215200,246.6,246.8,246.4,246.6
1700217000,246.5,247.4,246.4,247.3
1700218800,247.3,248.1,247,248
1700220600,248,250,247.7,250
1700222400,250,253.25,249.9,252
1700224200,252.25,255,252.25,254.25
1700226000,254.25,254.75,253.25,254
1700227800,253.75,254.5,252.75,253.75
1700229600,253.75,254,253,253.5
1700231400,253.5,255.25,252.25,254.25
1700233200,254.25,254.25,254.25,254.25
1700461800,257,257,257,257
1700463600,257.25,260.5,257.25,259.75
1700465400,260,260,258,258.75
1700467200,258.75,259.25,256,257.25
1700469000,257.5,257.75,257,257.25
1700470800,257.25,257.5,256.25,256.25
1700472600,256.25,256.75,255.75,256.75
1700474400,256.75,257.75,256.5,257
1700476200,257.25,257.75,256.5,256.5
1700478000,256.75,257.75,256.25,257.25
1700479800,257.5,257.5,256.75,257
1700481600,257.25,257.25,256.25,256.75
1700483400,256.75,257.5,256.5,257.25
1700485200,257.25,257.25,255.75,256.25
1700487000,256,256.75,256,256.25
1700488800,256,256.25,254.75,255.25
1700490600,255.5,255.75,254.25,254.5
1700492400,254.5,254.75,254.5,254.75
1700548200,256,256,256,256
1700550000,256,256,254.25,255.75
1700551800,255.5,255.75,254.5,255
1700553600,254.75,258,254.75,257
1700555400,257,258.5,256.25,257.75
1700557200,257.75,259.75,257.5,258.5
1700559000,258.5,259.5,258.25,258.25
1700560800,258.25,259,257.5,258
1700562600,258,259,257.5,258.75
1700564400,258.5,260,258.25,259.75
1700566200,259.75,261.5,259.5,261
1700568000,261.25,263.25,260.75,263
1700569800,262.75,263.5,261.5,262.75
1700571600,262.75,263,262,262.75
1700573400,262.75,264.25,261.75,263.75
1700575200,263.75,265.25,263,265
1700577000,265,269.25,265,268.25
1700578800,268.25,268.5,268.25,268.5
1700634600,268.5,268.5,268.5,268.5
1700636400,268.25,268.75,264,264.75
1700638200,264.75,265.5,262.75,263
1700640000,263.25,264,262.75,262.75
1700641800,263,263.75,262.75,263.75
1700643600,263.5,264.5,263,264
1700645400,264.25,264.5,263.5,263.75
1700647200,263.5,263.75,263,263.25
1700649000,263,263.5,263,263.25
1700650800,263.25,263.5,262,263
1700652600,263,264,262.5,263.75
1700654400,263.75,264.25,263,263.5
1700656200,263.5,263.5,262.75,262.75
1700658000,263,263.75,262.5,263.5
1700659800,263.5,263.5,261.75,262.5
1700661600,262.25,262.75,261.75,262.25
1700663400,262,262.25,260.5,261.5
1700665200,261.5,262,261.25,262
1700721000,262.25,262.25,262.25,262.25
1700722800,262.25,264.25,261.25,261.75
1700724600,261.5,261.75,259.5,260.5
1700726400,260.25,264.5,260.25,264.25
1700728200,264.25,267.75,264,265.75
1700730000,265.75,266.25,265.25,265.75
1700731800,265.75,266.25,265.5,265.75
1700733600,265.75,266,265.25,265.75
1700735400,265.75,265.75,265,265.25
1700737200,265.25,266,261.25,262
1700739000,261.75,265.75,261.25,265
1700740800,265.25,265.75,264.25,264.75
1700742600,264.5,265,262.25,263.5
1700744400,263.25,263.75,261.75,263
1700746200,263,263.25,261.25,262
1700748000,262,263.25,261.25,262.5
1700749800,262.5,262.75,260,260.5
1700751600,260.5,260.75,260.5,260.75
1700807400,261,261,261,261
1700809200,261,263.5,260.75,262
1700811000,261.75,262.25,261.25,261.5
1700812800,261.5,262.25,260.75,261.5
1700814600,261.5,262.25,261.25,262
1700816400,262,262.75,261.5,262.5
1700818200,262.5,262.5,262,262.5
1700820000,262.5,262.5,261.5,261.5
1700821800,261.75,261.75,259.75,260.25
1700823600,260.25,261,259.25,260.75
1700825400,260.5,261.75,260.5,261
1700827200,261.25,262.25,260.5,262
1700829000,262.25,263.25,261.5,262
1700830800,262,262.75,261.75,262
1700832600,262,262.5,261.25,262
1700834400,262,262,260.5,260.75
1700836200,260.75,261,259,260.25
1700838000,260.25,260.5,259.75,259.75
1701066600,260.75,260.75,260.75,260.75
1701068400,260.5,261.5,259.5,260.5
1701070200,260.5,262.25,260.25,261.5
1701072000,261.5,262,260.25,260.5
1701073800,260.5,260.75,260,260.25
1701075600,260.25,260.5,260,260
1701077400,260,260.25,259.5,259.75
1701079200,260,261.75,259.75,260.5
1701081000,260.25,260.5,259.75,260
1701082800,260.25,260.25,259.25,259.5
1701084600,259.5,259.5,257.25,257.75
1701086400,257.75,258.5,257.5,258.5
1701088200,258.5,259.25,258,259
1701090000,258.75,261.25,258.75,260
1701091800,260,261,259.75,260
1701093600,260.25,260.75,260,260.5
1701095400,260.75,261,258.75,260.25
1701097200,260.25,260.5,260.25,260.5
1701153000,261.5,261.5,261.5,261.5
1701154800,261.25,264.25,261.25,262
1701156600,261.75,262.75,261.5,262
1701158400,262,262.25,261.25,261.5
1701160200,261.25,261.5,260.75,260.75
1701162000,260.75,261.25,260.75,261.25
1701163800,261.25,261.5,260.75,261
1701165600,261,261.5,260.75,261.25
1701167400,261.25,261.25,260.75,261
1701169200,261,261,259.75,260.25
1701171000,260.25,261.5,260.25,261.5
1701172800,261.25,262.25,260.5,262
1701174600,262,262.5,261.25,261.25
1701176400,261.5,261.75,260.75,261
1701178200,261.25,261.75,260.25,260.75
1701180000,260.75,261,260.25,260.75
1701181800,260.75,261.75,259.75,261.25
1701183600,261,261,261,261
1701239400,261.5,261.5,261.5,261.5
1701241200,261.75,262.25,260,260.25
1701243000,260,260.5,259.25,259.75
1701244800,259.75,259.75,257.25,258
1701246600,258,258,256.25,256.25
1701248400,256.25,257.25,256.25,257
1701250200,257,257.75,256.75,257.25
1701252000,257.5,257.75,256.75,257
1701253800,257,257.25,256.25,256.5
1701255600,256.25,256.75,256.25,256.5
1701257400,256.5,257,255.75,256.75
1701259200,256.75,257.5,256.5,256.75
1701261000,256.75,257.25,255.75,257.25
1701262800,257.25,257.75,257,257
1701264600,257,257.25,255.5,256
1701266400,255.75,257.75,255.25,256.75
1701268200,257,257,255.25,255.75
1701270000,255,255,255,255
1701325800,255,255,255,255
1701327600,255.25,256.5,254.5,255.25
1701329400,255.25,255.25,254.25,255.25
1701331200,255,255.5,254.5,254.75
1701333000,255,255.25,253.5,254
1701334800,254.25,255,254,254.25
1701336600,254.25,254.5,254,254.25
1701338400,254.25,254.5,254,254
1701340200,254.25,254.5,254,254
1701342000,254.25,254.5,254,254.5
1701343800,254.5,255.25,254.25,255
1701345600,255,255.25,254.5,255
1701347400,255,255.25,254,254
1701349200,254.25,255.25,253.5,254
1701351000,254,254.25,252.25,252.5
1701352800,252.5,253.25,251,251.5
1701354600,251.5,251.75,249.9,250.5
1701356400,251,251,251,251
1701412200,255.5,255.5,255.5,255.5
1701414000,255.75,256,253,255.5
1701415800,255.25,257.5,255,257.5
1701417600,257.5,258.25,255.75,256.5
1701419400,256.5,256.5,255.75,256
1701421200,256,256.75,255.25,256.25
1701423000,256.25,257.5,256.25,257
1701424800,257,257.75,256.75,257.25
1701426600,257,257.75,256.75,257.75
1701428400,257.75,259,257.25,258.25
1701430200,258.25,258.75,257.75,258.25
1701432000,258.25,258.5,257.5,258.25
1701433800,258.25,258.75,257.75,258.75
1701435600,258.75,259.75,258.5,259.25
1701437400,259.25,259.5,257.5,258.25
1701439200,258.25,258.25,255.5,256.5
1701441000,256.5,260.25,256.25,260
1701442800,260.25,260.75,260.25,260.75
1701671400,261.5,261.5,261.5,261.5
1701673200,261.5,263.5,260.5,261.5
1701675000,261.5,262.5,259.5,260
1701676800,259.75,260.5,258.5,260.25
1701678600,260,261,259,259.25
1701680400,259.25,261.25,259,261
1701682200,261,261,260,260.5
1701684000,260.5,262,260.5,261.75
1701685800,262,262.75,261.25,262.75
1701687600,262.75,263,262,262.5
1701689400,262.5,262.5,261.75,262.5
1701691200,262.5,262.75,261.75,262
1701693000,262,262.5,261.75,262.25
1701694800,262.25,264,262,262.75
1701696600,263,264,262.5,263.75
1701698400,263.75,263.75,262.5,263
1701700200,262.75,263.25,262.25,263
1701702000,262,262,262,262
1701757800,262.5,262.5,262.5,262.5
1701759600,262.25,263.25,261,261.75
1701761400,261.75,262,260.5,260.75
1701763200,260.75,261,260.25,260.5
1701765000,260.25,260.75,259.75,260
1701766800,260.25,260.25,258.5,258.75
1701768600,258.75,258.75,257.5,258
1701770400,257.75,258,256.75,257.5
1701772200,257.75,258.25,257.5,257.75
1701774000,257.75,257.75,257,257.75
1701775800,257.5,261.75,257.5,260.5
1701777600,260.75,261,259.25,259.25
1701779400,259.5,260.75,259,260
1701781200,260,260.25,257.75,258.25
1701783000,258.25,259.25,257.75,259
1701784800,259,259.75,257.75,259.25
1701786600,259.25,260,257.75,259
1701788400,259,259,259,259
1701844200,259,259,259,259
1701846000,259,259.75,258,258.75
1701847800,258.5,259.5,258,258.75
1701849600,259,259.25,258,258.25
1701851400,258.25,258.5,257.75,258
1701853200,258,258.25,256.5,256.75
1701855000,256.5,257.25,255.5,255.75
1701856800,255.75,257,255.5,256.5
1701858600,256.5,257,255.5,256
1701860400,256,256,253.75,254.5
1701862200,254.5,254.75,253.75,254.5
1701864000,254.25,254.75,253.75,254.25
1701865800,254.25,254.25,252,253.5
1701867600,253.25,254,252.75,253.25
1701869400,253.25,253.5,252.25,252.75
1701871200,252.5,253,251.5,252.25
1701873000,252,253,251,251.5
1701874800,251.5,251.5,251.25,251.25
1701930600,252.25,252.25,252.25,252.25
1701932400,252.5,255.5,252.25,254.25
1701934200,254.25,255.5,253.75,254.5
1701936000,254.5,254.5,251.5,252.5
1701937800,252.5,253.5,252.25,253.25
1701939600,253.25,253.5,253,253.5
1701941400,253.5,253.75,252,252.5
1701943200,252.5,253.25,252.25,253
1701945000,253,253.75,252.75,253.5
1701946800,253.5,254.25,252,252.25
1701948600,252.25,252.5,251.75,252.25
1701950400,252.25,252.25,249.7,251
1701952200,250.75,251.5,249.9,250.5
1701954000,250.25,251.25,248.9,250.25
1701955800,250,252,249,252
1701957600,252,257.25,251.75,255.5
1701959400,255.5,258.25,254.25,258.25
1701961200,259.75,259.75,259.75,259.75
1702017000,259.25,259.25,259.25,259.25
1702018800,259,259.25,256.25,257
1702020600,256.75,258,256.25,258
1702022400,258,261,257.25,259.75
1702024200,259.75,260,257.5,258
1702026000,257.75,258,256,256.5
1702027800,256.5,256.75,255.75,256.25
1702029600,256.25,257.75,255.25,257.25
1702031400,257.5,257.75,256.5,256.75
1702033200,256.75,257.25,255.5,256.75
1702035000,256.75,257.5,256.25,256.5
1702036800,256.5,256.75,255.25,256.25
1702038600,256,256.5,255.5,255.75
1702040400,256,258.25,255.75,257.25
1702042200,257,257.75,256.25,257.5
1702044000,257.5,257.5,255,255.5
1702045800,255.5,255.5,252.75,253.5
1702047600,254,254,254,254
1702276200,254.25,254.25,254.25,254.25
1702278000,254.25,254.5,251.25,252.25
1702279800,252.25,252.75,250.25,251.25
1702281600,251,251.25,249.8,251
1702283400,251,251,250,250.75
1702285200,250.75,250.75,249.5,249.7
1702287000,249.8,249.9,248.8,249.3
1702288800,249.3,249.4,248,248.3
1702290600,248.2,248.7,247.8,248.4
1702292400,248.4,248.8,247.9,248.3
1702294200,248.2,249.2,247.8,248.8
1702296000,248.9,249,248.1,248.7
1702297800,248.7,248.7,247,247.4
1702299600,247.3,248.8,247.2,248
1702301400,248,249.7,247.3,249.5
1702303200,249.5,250.5,249,250.5
1702305000,250.5,251,246.5,246.7
1702306800,246.3,246.3,246.3,246.3
1702362600,246.3,246.3,246.3,246.3
1702364400,246.4,246.9,244.7,245
1702366200,245,247.6,244.9,247.4
1702368000,247.4,248.7,246.8,247.5
1702369800,247.5,247.8,246,247.2
1702371600,247.2,247.5,245,245.1
1702373400,245.2,246.7,245,246.5
1702375200,246.4,246.8,246.1,246.3
1702377000,246.2,247.1,245.8,245.9
1702378800,245.8,246.3,245.4,246.1
1702380600,246.1,248.3,245.5,248.1
1702382400,248.1,250.25,247.5,249.6
1702384200,249.7,250.25,246.7,247.1
1702386000,247.2,248.4,246.3,247.9
1702387800,247.9,249.1,247,248.3
1702389600,248.3,250.75,247.3,248.4
1702391400,248.4,249.8,247.7,249
1702393200,249,249,249,249
1702449000,247.6,247.6,247.6,247.6
1702450800,247.7,248.5,245.7,246
1702452600,245.9,246,244.3,245.7
1702454400,245.6,246,243.4,244
1702456200,243.9,244.8,243.7,244.7
1702458000,244.7,244.9,244.4,244.8
1702459800,244.7,244.8,243.8,243.8
1702461600,243.9,244.5,243.6,244.5
1702463400,244.4,244.6,243.8,244.1
1702465200,244.1,245,243.9,244.7
1702467000,244.7,245.2,244.2,244.4
1702468800,244.4,244.7,243.3,243.8
1702470600,243.8,244.8,243.5,244.6
1702472400,244.7,244.9,243.5,244.1
1702474200,244.1,244.4,242.6,243.2
1702476000,243.2,245.7,242.9,243.9
1702477800,243.9,244.2,241.1,241.3
1702479600,241.3,241.3,241.3,241.3
1702535400,244.5,244.5,244.5,244.5
1702537200,244.6,245.6,244,244.1
1702539000,244,244.1,242.8,243.1
1702540800,243.1,243.7,242.4,242.5
1702542600,242.4,242.7,242,242.3
1702544400,242.4,242.9,241.9,242.5
1702546200,242.5,242.6,242,242.4
1702548000,242.4,243,242.2,242.8
1702549800,242.8,243.2,242.5,243.1
1702551600,243.1,245,243.1,244.7
1702553400,244.7,246.9,244.5,246.7
1702555200,246.8,248.4,246.4,247.9
1702557000,248,248.5,247.6,248.1
1702558800,248.2,249.8,248,249.8
1702560600,249.7,251.25,249.6,250.5
1702562400,250.5,252.25,250,250.25
1702564200,250,252.75,249.2,252.75
1702566000,252.75,252.75,252.25,252.25
1702621800,252.75,252.75,252.75,252.75
1702623600,252.75,254,251.5,252.5
1702625400,252.5,253.75,252,253.5
1702627200,253.5,255.75,253.25,255.5
1702629000,255.5,256.75,254,254.5
1702630800,254.5,255.75,254,255.5
1702632600,255.5,255.75,254.25,255
1702634400,255,255.25,254.5,255
1702636200,255,255,254.5,254.75
1702638000,254.5,255.25,254,254.75
1702639800,255,255.25,254,254
1702641600,254,254.75,253,253.5
1702643400,253.25,254.75,253,254.5
1702645200,254.75,255.5,253.75,255.25
1702647000,255.25,255.25,253,254.75
1702648800,255,255.25,252.25,253.5
1702650600,253.25,255.5,253.25,254.25
1702652400,254.25,254.25,253.25,253.25
1702881000,251.75,251.75,251.75,251.75
1702882800,251.5,252.75,250.25,251.75
1702884600,251.5,251.75,250,250.25
1702886400,250,250.25,248.2,248.6
1702888200,248.6,249,248.1,248.8
1702890000,248.9,249,248.1,248.2
1702891800,248.2,248.6,247.6,248.1
1702893600,248.1,248.1,246.6,247.9
1702895400,247.9,248,247.2,247.5
1702897200,247.6,247.7,246.9,247.1
1702899000,247.1,247.3,246.8,247.2
1702900800,247.1,248.1,246.6,247.6
1702902600,247.7,248.9,246.7,248.4
1702904400,248.5,248.7,247.6,248.4
1702906200,248.4,248.4,246.9,247
1702908000,247,248.4,246.8,247
1702909800,247,247,244.8,244.9
1702911600,244.9,245.7,244.9,245.7
1702967400,245.7,245.7,245.7,245.7
1702969200,245.6,246.3,243.7,243.7
1702971000,243.8,244.5,243.2,244.1
1702972800,244,244.8,242.3,242.6
1702974600,242.6,243.5,242.2,243.1
1702976400,243,244,242.7,244
1702978200,244,245.8,243.3,245.4
1702980000,245.4,247.1,244.9,246.2
1702981800,246.1,246.5,244.7,244.9
1702983600,244.9,245,243.7,244.3
1702985400,244.2,246.5,243.9,246
1702987200,245.9,246.2,244.3,244.6
1702989000,244.6,246.7,244.4,246.4
1702990800,246.5,246.8,244.8,245.3
1702992600,245.2,248.2,244.3,247.1
1702994400,247.2,247.8,245.7,246.1
1702996200,246,246.2,244.4,245.1
1702998000,245.3,245.3,245.3,245.3
1703053800,245,245,245,245
1703055600,244.9,245.6,243.3,244.9
1703057400,244.9,245.9,243.3,243.6
1703059200,243.6,244,242.3,242.4
1703061000,242.4,242.5,241.6,242
1703062800,242,242.7,241.7,242.4
1703064600,242.3,242.7,242.2,242.7
1703066400,242.7,242.9,242.4,242.7
1703068200,242.7,243,242.5,242.6
1703070000,242.6,243,242.4,242.8
1703071800,242.7,242.8,242,242.2
1703073600,242.3,243.3,242.1,242.8
1703075400,242.9,243.1,242.2,242.5
1703077200,242.5,242.6,241.9,242.2
1703079000,242.3,242.8,241.8,241.9
1703080800,241.8,242.7,241.6,242.4
1703082600,242.5,244,242.1,242.3
1703084400,241.9,241.9,241.9,241.9
1703140200,241.9,241.9,241.9,241.9
1703142000,241.8,243.4,241.7,243.2
1703143800,243.3,243.7,242.1,242.2
1703145600,242.3,243.6,242.1,243.2
1703147400,243.1,243.7,242.6,243.6
1703149200,243.7,244.4,243.4,243.6
1703151000,243.5,243.9,243.4,243.7
1703152800,243.7,243.9,243.2,243.4
1703154600,243.5,244,242.7,243.3
1703156400,243.2,244.7,242.6,243.4
1703158200,243.3,243.7,242.9,243
1703160000,242.9,243.1,241.1,241.2
1703161800,241.1,242.1,241,242.1
1703163600,242,243.5,241.8,243.4
1703165400,243.4,245,243.2,243.9
1703167200,243.9,247.2,243.7,246.3
1703169000,246.3,246.9,245,245.1
1703170800,245,245,245,245
1703226600,245,245,245,245
1703228400,244.9,245.1,243.5,243.7
1703230200,243.7,244.8,243.6,244.8
1703232000,244.7,245,243.9,244
1703233800,244,244.1,242.9,243.1
1703235600,243.2,243.2,241.7,241.9
1703237400,242,242.5,241.7,241.9
1703239200,241.9,242,241.1,241.5
1703241000,241.5,242.1,241.3,241.8
1703242800,241.8,242,241.3,241.5
1703244600,241.5,241.6,239.1,239.5
1703246400,239.5,239.6,238,239
1703248200,238.9,239,236.9,237.3
1703250000,237.3,237.8,236.2,237
1703251800,237,237.2,235.4,236
1703253600,236,236.7,233.8,235.4
1703255400,235.4,235.9,233.2,233.4
1703257200,233.4,233.4,233,233
1703485800,232.4,232.4,232.4,232.4
1703487600,232.3,232.3,229.4,229.8
1703489400,229.8,230.6,228.1,228.2
1703491200,228.2,228.3,225,227.5
1703493000,227.5,229.4,227.5,228.9
1703494800,229,229,228,228.2
1703496600,228.1,228.4,227.5,228
1703498400,227.9,228.4,227.6,228.4
1703500200,228.3,228.7,227.7,227.9
1703502000,228,228,226.3,226.8
1703503800,226.8,227.9,226.5,227.6
1703505600,227.6,228,227.1,227.5
1703507400,227.5,228.4,227.4,228
1703509200,228,228.9,227.8,228.3
1703511000,228.2,228.5,226.5,227.3
1703512800,227.2,227.4,224,224.9
1703514600,224.9,228,223.9,227
1703516400,227,227,226.2,226.2
1703572200,227.4,227.4,227.4,227.4
1703574000,227.4,231.4,227.3,227.8
1703575800,227.8,229.8,226.1,229.8
1703577600,229.8,231,229.1,229.7
1703579400,229.7,229.8,228.1,228.7
1703581200,228.6,228.8,228.1,228.8
1703583000,228.7,228.8,227.8,227.9
1703584800,227.9,228.4,227.3,227.6
1703586600,227.6,227.9,226.8,227.7
1703588400,227.7,228.1,226.8,227.8
1703590200,227.7,228.5,227.1,227.4
1703592000,227.5,228,226.9,227.7
1703593800,227.7,230.1,227.5,229.8
1703595600,229.8,230.9,229.1,230.4
1703597400,230.4,232.5,229.3,232.5
1703599200,232.4,232.7,230,230.2
1703601000,230.1,231.3,227.7,227.7
1703602800,227.7,227.7,227.7,227.7
1703658600,227.6,227.6,227.6,227.6
1703660400,227.5,227.7,226.3,227.2
1703662200,227.1,228.3,226.3,227.6
1703664000,227.5,228,227.1,227.3
1703665800,227.3,227.4,224.8,225.1
1703667600,225,226,224.4,225.6
1703669400,225.6,226.6,225.4,226
1703671200,226.1,226.6,225.9,226.4
1703673000,226.3,226.8,226.1,226.6
1703674800,226.7,227.1,226.1,226.7
1703676600,226.7,227.1,226,226.5
1703678400,226.5,229.2,226.5,227.6
1703680200,227.6,229.1,226.8,228.9
1703682000,228.8,229.5,227.8,228.8
1703683800,228.8,229.1,226.3,226.5
1703685600,226.4,226.9,225,225.2
1703687400,225.2,225.4,221.6,221.9
1703689200,221.9,222.2,221.9,222.2
1703745000,222.5,222.5,222.5,222.5
1703746800,222.6,224.6,222.5,223.9
1703748600,223.8,227.8,223.8,227.1
1703750400,227.1,228,226.5,227.2
1703752200,227.2,227.8,226.8,227
1703754000,227,228.9,226.9,228.4
1703755800,228.3,228.7,227.9,228.1
1703757600,228.2,228.4,227.5,227.8
1703759400,227.9,228.2,227.6,228
1703761200,228,228.1,227.3,227.7
1703763000,227.6,230.1,227.5,229.6
1703764800,229.6,230.4,229.2,229.7
1703766600,229.8,229.8,227.2,228.1
1703768400,228,228.7,227.2,228.4
1703770200,228.4,231,228.1,230.6
1703772000,230.6,230.8,227.7,228
1703773800,228,229.3,227.2,228
1703775600,228,229,228,229
1703831400,229,229,229,229
1703833200,228.9,230.5,228.9,230
1703835000,230.1,231,229.9,230.9
1703836800,230.8,231,229.2,229.4
1703838600,229.3,229.6,228.6,229.3
1703840400,229.2,229.8,229,229.2
1703842200,229.2,229.5,228.6,229.3
1703844000,229.3,229.4,228.9,229.2
1703845800,229.2,230.1,229.1,229.8
1703847600,229.9,230.3,229.7,230.1
1703849400,230.1,230.4,229.7,229.9
1703851200,229.9,229.9,229,229.6
1703853000,229.6,229.8,229.1,229.6
1703854800,229.6,229.8,228.9,229.5
1703856600,229.6,229.8,229,229.8
1703858400,229.7,230.5,229.3,229.9
1703860200,229.9,230.1,227.9,228.3
1703862000,228.6,228.6,228.6,228.6
1704177000,233.5,233.5,233.5,233.5
1704178800,233.6,237.5,233.5,236
1704180600,236,236.2,235.4,235.8
1704182400,235.8,236.2,235.1,235.5
1704184200,235.5,235.7,234.7,235.1
1704186000,235,235.3,233.9,234.4
1704187800,234.3,235.2,234.2,235.2
1704189600,235.1,236.2,235,235.8
1704191400,235.8,236.3,235.7,236
1704193200,236.1,236.2,235.5,235.9
1704195000,235.8,235.9,235.1,235.3
1704196800,235.3,235.9,235.2,235.7
1704198600,235.7,236.7,235.5,236.1
1704200400,236.1,236.2,235.3,236.1
1704202200,236.1,237.4,235.9,236.7
1704204000,236.7,237.7,236.2,236.6
1704205800,236.7,237.8,235.7,236.1
1704207600,236.4,236.4,236.4,236.4
1704263400,235.9,235.9,235.9,235.9
1704265200,235.8,236,234,234.4
1704267000,234.3,235.1,234.2,234.5
1704268800,234.5,234.7,234,234.2
1704270600,234.2,234.2,232.5,232.6
1704272400,232.6,233.2,232.2,232.4
1704274200,232.5,232.8,231.9,232
1704276000,231.9,232.1,231,231.3
1704277800,231.5,232.1,231.2,232
1704279600,232,232.6,231.7,232.3
1704281400,232.3,233,231.8,232.5
1704283200,232.5,232.5,231.7,231.9
1704285000,231.8,232,231,231.5
1704286800,231.4,232.1,231.3,231.6
1704288600,231.5,231.8,230,230
1704290400,230,230.7,229.8,230.3
1704292200,230.4,231,229.7,230
1704294000,230,230.1,230,230.1
1704349800,230.7,230.7,230.7,230.7
1704351600,230.7,232.2,229.7,230.6
1704353400,230.6,231.3,230.1,231.1
1704355200,231,233.4,230.9,233.2
1704357000,233.2,234.3,233.1,233.6
1704358800,233.6,233.9,232.9,232.9
1704360600,232.9,233.4,232.3,232.8
1704362400,232.8,233.4,232.5,232.8
1704364200,232.7,232.8,231,231.1
1704366000,231,231.7,230.6,230.9
1704367800,230.9,232,230.8,232
1704369600,231.9,232.6,231.5,231.8
1704371400,231.7,231.9,231.2,231.3
1704373200,231.3,232.6,231.1,232.6
1704375000,232.6,233,231.8,231.9
1704376800,232,233.3,231.8,232.8
1704378600,232.8,233.8,232.2,232.7
1704380400,233.3,233.3,233.3,233.3
1704436200,233.8,233.8,233.8,233.8
1704438000,233.8,234.6,233.2,234.2
1704439800,234.2,234.9,233.6,234.1
1704441600,234.2,234.6,233.7,234.2
1704443400,234.2,235.8,234,234.1
1704445200,234.1,234.5,233.7,234.3
1704447000,234.3,234.4,233.7,234.1
1704448800,234.1,234.2,233.6,234
1704450600,233.9,234.1,233.7,234
1704452400,233.9,234.2,233.7,233.8
1704454200,233.8,234.4,233.6,234.1
1704456000,234.3,234.7,233.7,233.9
1704457800,233.9,234,233.3,233.6
1704459600,233.5,235.5,233.4,235.2
1704461400,235.2,235.5,234.3,235.1
1704463200,235.2,238.3,235.2,237.6
1704465000,237.6,238.9,237.2,238.8
1704466800,239.2,239.2,239.2,239.2
1704695400,239.1,239.1,239.1,239.1
1704697200,239.1,242.8,237.7,242.7
1704699000,242.8,243.4,242,242.3
1704700800,242.3,242.8,241.8,242.4
1704702600,242.4,242.9,241.8,242.8
1704704400,242.8,244.1,242.6,243.6
1704706200,243.7,243.7,242.8,243.2
1704708000,243.1,243.4,243,243.3
1704709800,243.4,243.4,242.1,243
1704711600,243,243.6,242.3,242.8
1704713400,242.7,242.9,242.4,242.7
1704715200,242.7,243,242.3,242.9
1704717000,242.9,243,242,242.3
1704718800,242.3,242.4,241.5,241.9
1704720600,241.8,242.3,241.2,241.9
1704722400,241.9,242,241.2,241.8
1704724200,241.8,242.7,241.6,242.6
1704726000,242.6,242.6,242.6,242.6
1704781800,243.9,243.9,243.9,243.9
1704783600,244,248.6,244,248.4
1704785400,248.4,250.5,248.1,248.5
1704787200,248.5,248.5,246.2,246.5
1704789000,246.5,246.6,244.1,246.2
1704790800,246.1,246.6,245.8,246.2
1704792600,246.2,246.6,245.6,245.6
1704794400,245.6,245.7,244.8,245.3
1704796200,245.2,245.9,245.2,245.9
1704798000,245.8,246,244.9,245.7
1704799800,245.7,246.2,245.6,246
1704801600,246,246.8,244.9,245
1704803400,245,245.2,243.5,243.8
1704805200,243.7,244.2,242.6,243.2
1704807000,243.2,243.5,239.4,239.8
1704808800,239.9,240.9,239.5,240.7
1704810600,240.7,243.1,240.3,242.9
1704812400,242.9,242.9,242.9,242.9
1704868200,242.9,242.9,242.9,242.9
1704870000,242.9,244.4,242.2,244
1704871800,244,244.7,242.9,244.7
1704873600,244.7,245.7,244.5,245.5
1704875400,245.5,246.8,245.1,245.7
1704877200,245.7,246,245.3,245.5
1704879000,245.6,246.2,245.2,246.1
1704880800,246.2,246.7,245.4,246
1704882600,245.9,248.7,245.8,248.2
1704884400,248.2,248.2,246.8,247.7
1704886200,247.7,248.1,247.4,247.9
1704888000,248,249.5,247.6,249.1
1704889800,249.1,249.3,248.4,248.4
1704891600,248.3,249.9,248.2,249.5
1704893400,249.5,249.8,248.6,249.8
1704895200,249.8,251.75,249.3,250.5
1704897000,250.75,252.25,250.25,250.5
1704898800,250.75,250.75,249.9,249.9
1704954600,250.5,250.5,250.5,250.5
1704956400,250.5,251.5,249,249.1
1704958200,249.1,249.2,246.8,246.8
1704960000,246.8,247.2,246,246.8
1704961800,246.8,247.3,246.1,246.4
1704963600,246.4,247.8,246.3,247.7
1704965400,247.8,248.3,247.4,247.8
1704967200,247.8,248.2,247.4,248
1704969000,248.1,248.4,247,247.4
1704970800,247.4,247.6,246.9,247
1704972600,247,247.5,246.8,247.3
1704974400,247.3,247.5,246.3,246.3
1704976200,246.4,246.5,245,245.4
1704978000,245.5,247.7,245.3,247.7
1704979800,247.7,247.8,246.1,246.2
1704981600,246.2,247.2,245.6,245.7
1704983400,245.8,246.7,245,246.7
1704985200,246.7,246.7,246.7,246.7
1705041000,246,246,246,246
1705042800,245.9,245.9,243.8,244.3
1705044600,244.3,244.5,241.9,242.6
1705046400,242.5,243.7,242.3,243.4
1705048200,243.4,243.9,243.2,243.7
1705050000,243.6,244.2,243.2,243.5
1705051800,243.4,243.7,243.1,243.2
1705053600,243.1,243.9,242.6,243.8
1705055400,243.8,246.7,243.5,246.4
1705057200,246.5,250.25,246.5,250.25
1705059000,250.25,251,249.3,250.25
1705060800,250.5,251,249.3,250.25
1705062600,250.25,253.25,249.9,253
1705064400,253,254.5,252.5,252.5
1705066200,252.75,254.75,252.5,253.75
1705068000,253.75,253.75,252.25,253.25
1705069800,253.25,253.75,250.5,251
1705071600,251,251,251,251
1705300200,251,251,251,251
1705302000,251,252.25,249.4,251.25
1705303800,251.5,252,249.9,250.25
1705305600,250.25,251,248.7,250.75
1705307400,250.75,252.5,250.5,251.75
1705309200,251.75,252.25,251.5,251.5
1705311000,251.5,252,251,251.25
1705312800,251.5,251.5,250.5,251
1705314600,250.75,251,249.8,250
1705316400,250.25,250.5,249.8,250.25
1705318200,250.25,250.75,249.7,249.8
1705320000,249.7,250,249.1,249.8
1705321800,249.8,251.25,249.7,251
1705323600,250.75,251.5,250.25,251
1705325400,251,254.5,250.75,254.5
1705327200,254.5,254.75,252.5,252.75
1705329000,252.75,254,252.5,253.25
1705330800,253.25,253.25,253.25,253.25
1705386600,253.5,253.5,253.5,253.5
1705388400,253.5,253.5,250.75,251.25
1705390200,251,251.75,250.75,251
1705392000,250.75,251,249.9,250.5
1705393800,250.25,250.75,250,250.5
1705395600,250.75,250.75,249.6,249.7
1705397400,249.7,249.9,248.1,248.9
1705399200,248.9,249.3,248.6,249.3
1705401000,249.2,250.25,249.1,250.25
1705402800,250.25,250.5,248.6,249.4
1705404600,249.4,250.75,249,250.25
1705406400,250.25,251.25,249.6,249.7
1705408200,249.7,249.8,249.1,249.6
1705410000,249.6,252.5,249,250.75
1705411800,250.75,251.5,249.9,251.25
1705413600,251,251.25,249.8,250
1705415400,250.25,250.5,248.5,249.9
1705417200,249.8,249.8,249.8,249.8
1705473000,248.5,248.5,248.5,248.5
1705474800,248.5,250.75,248.1,250.25
1705476600,250,250.75,249.5,250.5
1705478400,250.5,250.75,249.7,250.25
1705480200,250.25,250.5,249.8,250
1705482000,250.25,250.25,249.4,250.25
1705483800,250.25,250.5,249.6,249.7
1705485600,249.7,251.75,249.6,251.25
1705487400,251.5,252.75,251,252.5
1705489200,252.5,252.75,251.5,252
1705491000,252.25,252.25,251.5,252
1705492800,252,254.5,251.75,253.5
1705494600,253.25,254.25,253,253.25
1705496400,253,254,253,253.25
1705498200,253.25,254.25,252.75,253.5
1705500000,253.5,254.25,252,254.25
1705501800,254,254.75,252.5,252.75
1705503600,252.5,252.5,252.5,252.5
1705559400,254.25,254.25,254.25,254.25
1705561200,254.5,254.75,252.75,253.25
1705563000,253.25,255.25,253,255
1705564800,255,255,252.75,253.5
1705566600,253.5,253.5,252.75,253
1705568400,253,253,252.25,252.25
1705570200,252.5,252.75,251.75,252
1705572000,252,252.25,251.25,251.75
1705573800,252,253.25,251.5,252.5
1705575600,252.5,253.5,252.25,253.25
1705577400,253.25,253.25,252.25,252.25
1705579200,252.5,253.25,252.25,252.5
1705581000,252.75,253.25,252.5,252.75
1705582800,252.75,254.25,252.5,253.75
1705584600,253.75,254,253.25,253.5
1705586400,253.75,253.75,252.5,253
1705588200,253,253.5,251,251.5
1705590000,250.75,250.75,250.75,250.75
1705645800,251.5,251.5,251.5,251.5
1705647600,251.25,252.25,250.5,251
1705649400,250.75,252,250.75,252
1705651200,252,252.25,250.75,250.75
1705653000,250.75,251.5,250.25,250.5
1705654800,250.5,250.5,249.1,250.25
1705656600,250.5,250.5,249.8,250
1705658400,250,250.5,249.6,249.7
1705660200,249.6,251,249.6,250.5
1705662000,250.5,251.25,250.25,251.25
1705663800,251.25,251.25,250.25,251
1705665600,251,252.5,250.75,252.25
1705667400,252.25,252.25,251.75,252
1705669200,251.75,253,251,252.5
1705671000,252.5,252.75,250.25,250.5
1705672800,250.5,251,249.6,250.5
1705674600,250.5,251,249.6,249.8
1705676400,250.25,250.25,250.25,250.25
1705905000,250.5,250.5,250.5,250.5
1705906800,250.5,252.75,250.5,251.75
1705908600,251.75,252.5,251.5,252
1705910400,252,252.75,251.75,252.25
1705912200,252.25,253.25,252,252.5
1705914000,252.75,253.5,252.5,253.25
1705915800,253.25,256.5,253.25,256.25
1705917600,256.25,256.5,255.5,255.5
1705919400,255.5,256,255,255
1705921200,255,255.75,254.5,255
1705923000,254.75,255.5,253.75,254.75
1705924800,254.75,254.75,252.5,253
1705926600,252.75,253.75,251.75,252
1705928400,251.75,253,251.25,252.75
1705930200,252.75,252.75,251.75,252.75
1705932000,252.75,252.75,251.25,251.5
1705933800,251.5,252.25,250.25,250.5
1705935600,250.25,250.25,250.25,250.25
1705991400,253.5,253.5,253.5,253.5
1705993200,253.75,254.25,253.25,254
1705995000,253.75,255.25,253.5,254.25
1705996800,254.25,254.25,253.25,253.5
1705998600,253.5,253.75,252.5,252.75
1706000400,253,253.25,252.5,253.25
1706002200,253,253.5,253,253.25
1706004000,253,253.25,252.5,252.75
1706005800,252.75,252.75,251.5,252.25
1706007600,252.25,252.25,251.5,251.75
1706009400,251.5,252.75,251.25,251.5
1706011200,251.25,252.25,251.25,252
1706013000,252,252.75,251.5,252.25
1706014800,252.25,252.5,250.75,251
1706016600,251.25,251.25,248.6,249.4
1706018400,249.4,250.5,248.1,249.1
1706020200,249,249.4,248,248.3
1706022000,248.3,248.8,248.3,248.8
1706077800,249.6,249.6,249.6,249.6
1706079600,249.6,251.75,249.4,251.25
1706081400,251,251.5,249.4,249.6
1706083200,249.5,250.5,249.2,250
1706085000,250.25,251.75,250,251
1706086800,251.25,251.25,250.5,251
1706088600,251,252.25,250.75,251.5
1706090400,251.25,252,251.25,251.5
1706092200,251.5,251.5,250.75,251.5
1706094000,251.5,252,251,251.25
1706095800,251.25,251.25,250.5,251
1706097600,251,252,250.75,251.5
1706099400,251.25,252.75,251.25,252.25
1706101200,252.5,253.5,252.25,252.5
1706103000,252.75,252.75,251.5,252.25
1706104800,252.5,252.5,250.5,251.5
1706106600,251.5,251.5,250,251
1706108400,251,251,251,251
1706164200,253,253,253,253
1706166000,253,253.75,252.75,253.25
1706167800,253.25,253.5,252.5,253
1706169600,253.25,253.25,252.75,253
1706171400,253.25,254.5,253,254.25
1706173200,254,255,253.5,254.5
1706175000,254.75,254.75,253.75,254.25
1706176800,254.25,254.5,253.75,253.75
1706178600,254,254.25,253.75,253.75
1706180400,253.75,255,251.75,252
1706182200,252,252.75,251.75,252.25
1706184000,252.5,252.5,251,252.25
1706185800,252,252.75,252,252
1706187600,252.25,252.5,251.5,252.25
1706189400,252.25,252.5,251.75,251.75
1706191200,252,252.25,251.75,252
1706193000,252,252.75,251.75,252
1706194800,252.25,252.25,252.25,252.25
1706250600,252.75,252.75,252.75,252.75
1706252400,252.75,254.5,252.5,254.25
1706254200,254.25,254.25,253,253
1706256000,253,255.5,252.75,255
1706257800,255,255.5,253.75,254.5
1706259600,254.5,255.5,254.25,255.25
1706261400,255.25,258,255.25,257.5
1706263200,257.5,258.25,257,258
1706265000,258,258,256.5,257
1706266800,257,258,256.75,257.75
1706268600,258,259,257.5,258.5
1706270400,258.5,258.75,257.25,258
1706272200,258,258,257.25,257.75
1706274000,257.75,258.5,257.5,258.25
1706275800,258.25,258.5,257.75,258.25
1706277600,258,258.5,257.25,258
1706279400,257.75,259.75,257.5,259.25
1706281200,260,260,260,260
1706509800,262.5,262.5,262.5,262.5
1706511600,262.75,269.5,262.5,269.25
1706513400,269.5,272.25,268.25,271.5
1706515200,271.5,274.25,270.75,274.25
1706517000,274.25,274.5,273,273.75
1706518800,273.5,274.75,272.75,274.25
1706520600,274.25,276.5,273.25,276.25
1706522400,276.5,277.25,274.5,275
1706524200,275.25,275.5,274.25,275.5
1706526000,275.25,276.25,275,276
1706527800,276,276.5,275.5,275.75
1706529600,275.5,276.5,275,275.75
1706531400,275.5,276,274.75,275.5
1706533200,275.75,276,274.25,275.5
1706535000,275.75,276,274.75,275
1706536800,275,275.25,274.25,274.75
1706538600,274.75,275,273.75,274
1706540400,274,274,274,274
1706596200,274.75,274.75,274.75,274.75
1706598000,274.5,274.75,271.5,272.25
1706599800,272.5,272.5,270.5,272
1706601600,271.75,272.5,271.25,271.5
1706603400,271.5,275,271.5,273.75
1706605200,273.75,274.25,272.25,274
1706607000,274,275,273,274.75
1706608800,274.75,275,272.75,273.5
1706610600,273.25,273.5,272.5,273.25
1706612400,273.25,274.5,273,273.25
1706614200,273.25,273.75,272.75,273
1706616000,273,274.5,272.75,273.5
1706617800,273.5,273.5,271.5,272.5
1706619600,272.5,272.5,271.5,272
1706621400,272,272.75,271.5,271.75
1706623200,271.75,272.25,271.5,272
1706625000,272,272.5,271.25,272
1706626800,272,272,272,272
1706682600,272,272,272,272
1706684400,271.75,273.25,271.25,271.5
1706686200,271.25,271.5,270.25,270.5
1706688000,270.75,271.25,270.25,270.5
1706689800,270.5,270.75,269.5,270
1706691600,269.75,271.25,269.75,270.5
1706693400,270.5,270.75,270,270.25
1706695200,270.25,270.5,268.5,269
1706697000,269,269,268,268.75
1706698800,268.5,269,268.25,268.75
1706700600,268.5,269.75,268.5,269.75
1706702400,269.75,270,269,269.25
1706704200,269.25,269.75,269,269.5
1706706000,269.5,269.5,268,268.25
1706707800,268.25,270.75,267,270.5
1706709600,270.5,275.25,270,273.75
1706711400,273.75,274.25,271.75,273
1706713200,272.75,272.75,272.75,272.75
1706769000,273,273,273,273
1706770800,273,274.75,272.5,274.75
1706772600,274.5,275.75,274.25,275
1706774400,275,275.75,274.5,274.75
1706776200,274.75,275,273.5,274.25
1706778000,274.25,274.5,273.5,274.25
1706779800,274.25,274.5,274,274.5
1706781600,274.5,274.5,274,274.25
1706783400,274.25,274.25,273.25,273.5
1706785200,273.75,274.25,273,273.75
1706787000,274,275.75,273.75,275.75
1706788800,275.75,277.25,275,275.75
1706790600,275.75,275.75,274.75,275
1706792400,274.75,275.75,274,274.25
1706794200,274.25,275.25,274.25,274.5
1706796000,274.75,275.25,274.5,275
1706797800,275,275,273.25,274.75
1706799600,274.5,274.5,274.5,274.5
1706855400,277,277,277,277
1706857200,277,281,277,279.25
1706859000,279.25,282.75,279,282.75
1706860800,282.75,285.75,282.5,283.75
1706862600,283.75,283.75,280.25,281.5
1706864400,281.5,282.75,281,282.5
1706866200,282.5,282.5,282,282.5
1706868000,282.5,282.5,281,281.25
1706869800,281.5,281.5,280.5,280.75
1706871600,281,281.25,280.25,280.5
1706873400,280.5,280.5,279,279.75
1706875200,279.75,280,278,278.5
1706877000,278.5,279.25,277.25,278.25
1706878800,278,278.75,277.75,278
1706880600,278,278.25,276.25,277.25
1706882400,277.25,279.75,276.75,278.75
1706884200,278.75,281.5,278.25,280
1706886000,280,281.5,280,281.5
1707114600,283.5,283.5,283.5,283.5
1707116400,283.5,285.75,282.5,285.75
1707118200,285.75,288.25,284.75,287.5
1707120000,287.5,288,285.25,286
1707121800,286,286.5,285.5,286.25
1707123600,286.25,287.5,286.25,287.25
1707125400,287.25,287.75,286.75,287.5
1707127200,287.5,288,286.75,287.5
1707129000,287.5,287.5,285.75,286.25
1707130800,286,286.75,285.5,285.75
1707132600,285.75,286,284.5,285
1707134400,285,286.25,284.75,285.75
1707136200,286,286.25,285.25,285.5
1707138000,285.75,286.75,285.25,285.5
1707139800,285.75,286.5,285.5,286.25
1707141600,286.25,287.75,286,286.25
1707143400,286.25,290.25,285.75,289.5
1707145200,289.25,289.25,289.25,289.25
1707201000,289.25,289.25,289.25,289.25
1707202800,289,291.25,287.5,289.25
1707204600,289.25,289.5,285.5,286.75
1707206400,286.75,287.25,286,286.5
1707208200,286.75,287,285.75,286.25
1707210000,286.25,287,286,286.25
1707211800,286.5,286.75,286.25,286.5
1707213600,286.75,287,286.25,286.75
1707215400,287,287.75,286.75,287.5
1707217200,287.5,289.75,287.25,288.5
1707219000,288.5,289.25,288.25,288.75
1707220800,288.75,288.75,286.75,287.75
1707222600,287.75,288.25,287,287
1707224400,287.25,291,287,290.75
1707226200,290.75,293.25,290.5,292
1707228000,292,292.5,290.5,291
1707229800,291,292,289.5,290.75
1707231600,290.75,291,290.75,291
1707287400,292,292,292,292
1707289200,291.75,292,288.25,289.5
1707291000,289.25,289.5,288,288.25
1707292800,288,289.25,287.5,288.75
1707294600,288.75,289,288,288.25
1707296400,288.25,288.5,287.75,288.25
1707298200,288.25,288.75,287.75,288.75
1707300000,288.5,289,288.25,289
1707301800,289,289,288.25,288.5
1707303600,288.5,288.5,286.75,287.75
1707305400,287.5,288.5,287.5,288.25
1707307200,288.25,288.75,287.75,288
1707309000,288,288.75,287.75,288.5
1707310800,288.5,288.5,287.5,288
1707312600,288.25,288.5,287.5,288
1707314400,288.25,288.75,287.25,287.75
1707316200,287.75,288.75,286.25,286.5
1707318000,286.25,286.5,286,286
1707373800,286,286,286,286
1707375600,286,288,285.25,286.25
1707377400,286,291.75,285.75,288.75
1707379200,288.75,289.25,288,289
1707381000,289,290,288.25,288.75
1707382800,288.75,289.25,288.5,289.25
1707384600,289.25,290,289.25,289.5
1707386400,289.5,289.5,288.5,289
1707388200,289,289.25,288.5,288.5
1707390000,288.75,290.75,288.5,289.5
1707391800,289.25,290,289,289.5
1707393600,289.75,291.25,289.25,290.75
1707395400,290.5,291.75,290.25,291.5
1707397200,291.75,291.75,290.25,291
1707399000,290.75,291.5,288.25,289
1707400800,288.75,290,288.5,289
1707402600,289.25,289.25,286.5,287
1707404400,286.75,286.75,286.75,286.75
1707460200,288,288,288,288
1707462000,287.75,289,287,287.25
1707463800,287.25,287.75,286.5,287.25
1707465600,287.25,287.5,286.5,287.5
1707467400,287.5,287.5,287,287.5
1707469200,287.25,287.75,287,287.75
1707471000,287.75,287.75,286.75,287.25
1707472800,287.25,288.25,287,288.25
1707474600,288.25,288.25,287.5,288
1707476400,288,288,287.25,287.75
1707478200,287.75,288,287.25,287.5
1707480000,287.5,287.75,286.25,286.75
1707481800,286.75,287.5,286.25,286.75
1707483600,287,287.75,286.75,287.5
1707485400,287.5,288,287,287.75
1707487200,287.5,288.25,287.25,288
1707489000,288,293.25,287,293.25
1707490800,293,294.75,293,294.75
1707719400,293,293,293,293
1707721200,293,294,291.25,292.75
1707723000,292.5,293.5,291.75,292
1707724800,291.75,292.5,291.5,291.5
1707726600,291.5,291.75,290.25,290.75
1707728400,290.75,291.25,289.5,291
1707730200,291,291.25,290.25,290.75
1707732000,290.75,291,290,290
1707733800,290.25,291.25,290,291
1707735600,291.25,292.5,291,291.75
1707737400,291.5,292,291.25,291.25
1707739200,291.25,291.5,290.5,291
1707741000,291,291.5,290.75,291
1707742800,291,291.5,289.5,291.25
1707744600,291.5,291.5,290.25,290.75
1707746400,290.75,292,290.5,290.75
1707748200,291,291.75,290.25,290.5
1707750000,290.5,290.5,290.25,290.25
1707805800,290.5,290.5,290.5,290.5
1707807600,290.5,292.25,290.25,290.25
1707809400,290.25,290.75,289.5,289.75
1707811200,289.5,290,288.5,289
1707813000,289,289.75,288.75,289.25
1707814800,289.25,289.5,289,289
1707816600,289.25,289.5,288.75,289
1707818400,288.75,289.75,288.5,288.5
1707820200,288.75,289,287.75,288.5
1707822000,288.25,288.5,287,287.25
1707823800,287.5,288.25,287,288
1707825600,288,288.25,286.5,287
1707827400,287,287.75,287,287.5
1707829200,287.5,288,287,288
1707831000,288,288.25,285.25,285.5
1707832800,285.5,285.5,283.5,284.25
1707834600,284.25,284.75,281.75,282.25
1707836400,282,282,281.25,281.25
1707892200,281.75,281.75,281.75,281.75
1707894000,282,284.75,281.75,283.25
1707895800,283,283.75,281.75,283.25
1707897600,283.5,283.75,282.5,283.5
1707899400,283.5,284,283,283.75
1707901200,283.75,284,283,283.25
1707903000,283.25,283.75,282.75,283.5
1707904800,283.5,283.5,282.5,283
1707906600,283,283.5,282.25,282.5
1707908400,282.25,282.5,278.5,279
1707910200,279,279.5,277.5,277.75
1707912000,277.5,279.5,277.5,279.5
1707913800,279.5,281,279,280
1707915600,280.25,280.75,279.5,279.75
1707917400,279.5,280.25,279.25,279.75
1707919200,279.75,282.75,279.25,281.25
1707921000,281.5,284,281.25,282.5
1707922800,282.5,282.5,282.5,282.5
1707978600,283.75,283.75,283.75,283.75
1707980400,283.75,285.75,282.75,285.5
1707982200,285.75,285.75,284.5,285.25
1707984000,285.25,286.25,284.75,285.25
1707985800,285.25,285.75,285,285.5
1707987600,285.5,286,285.25,286
1707989400,286,286.25,285.25,285.5
1707991200,285.5,287,285.25,286.75
1707993000,287,287.25,285.25,285.5
1707994800,285.25,285.75,284.5,285.25
1707996600,285.25,287.25,285.25,286.75
1707998400,286.75,288.5,285.75,286.5
1708000200,286.25,287.25,286,287.25
1708002000,287.25,288,286.5,287.5
1708003800,287.75,287.75,286.25,286.5
1708005600,286.75,287.25,285.5,285.75
1708007400,286,286.25,284,284
1708009200,284.25,284.25,284,284
1708065000,284.75,284.75,284.75,284.75
1708066800,285,286.25,284.75,285.25
1708068600,285,285.25,283.5,284.5
1708070400,284.25,284.75,282.25,283
1708072200,283,283.5,282.5,283.25
1708074000,283.25,283.5,282.5,282.75
1708075800,283,283.25,282.5,283
1708077600,283,283.25,282.75,283
1708079400,282.75,283.75,282.5,283.5
1708081200,283.5,283.5,282.5,283
1708083000,283,283,282.5,282.75
1708084800,282.75,283.5,282,282.5
1708086600,282.75,283.25,282,283
1708088400,283,283.5,282.75,283.5
1708090200,283.5,284.5,282.75,284.5
1708092000,284.25,285,282.75,283
1708093800,283,283.75,282,282.75
1708095600,282.75,282.75,282.5,282.5
1708324200,284,284,284,284
1708326000,284,284.5,283,283.5
1708327800,283.25,284.25,283,284.25
1708329600,284.25,287.25,284,286.25
1708331400,286.25,286.25,285.25,285.5
1708333200,285.5,286.75,285.5,286.5
1708335000,286.5,286.5,285.25,285.5
1708336800,285.5,285.5,283.75,284.5
1708338600,284.5,284.5,284,284.5
1708340400,284.25,284.75,283.75,284.75
1708342200,284.75,286.5,284.5,285.5
1708344000,285.5,285.5,284.5,285
1708345800,284.75,285,284,284.25
1708347600,284.25,284.5,283.5,284
1708349400,284,284.5,283.25,284.25
1708351200,284.25,284.5,281.5,282
1708353000,282.25,282.25,277.5,278
1708354800,278.5,278.5,278.5,278.5
1708410600,279.75,279.75,279.75,279.75
1708412400,279.75,280.75,278.75,280
1708414200,280,280,278.75,279.25
1708416000,279.5,282.75,279.25,281
1708417800,281,281.25,280,280.25
1708419600,280,280.75,279.5,279.5
1708421400,279.5,282.25,279.5,282.25
1708423200,282.25,282.25,280.75,281.5
1708425000,281.75,282.25,281.25,281.5
1708426800,281.5,282,281.25,281.75
1708428600,281.75,282,280.75,281.5
1708430400,281.5,284,281.5,284
1708432200,284,284,282,282.25
1708434000,282.25,283,281.75,282.75
1708435800,282.75,283,279.75,280
1708437600,280.25,281.75,279.5,281
1708439400,281,282,280.75,281.25
1708441200,281.25,281.25,281.25,281.25
1708497000,282.5,282.5,282.5,282.5
1708498800,282.75,285,282.75,283.25
1708500600,283.25,283.25,281.5,282
1708502400,282,283.25,281.5,283
1708504200,282.75,283,282.25,282.5
1708506000,282.25,282.75,281.5,281.75
1708507800,282,282.25,281.25,281.75
1708509600,282,282.75,281.75,282.5
1708511400,282.5,282.75,281.75,282.25
1708513200,282,282.5,281.25,281.5
1708515000,281.5,282,281.25,281.75
1708516800,281.75,282.75,281.5,282.25
1708518600,282.25,282.5,278.5,278.75
1708520400,278.75,280.25,278.25,279.75
1708522200,280,280.25,279,279.25
1708524000,279,279.25,277.75,278.75
1708525800,278.75,280.75,278.25,279.5
1708527600,279.25,279.25,279.25,279.25
1708583400,281,281,281,281
1708585200,281,283,280.75,282.75
1708587000,283,283.5,282.5,283.25
1708588800,283.25,285,283,284.25
1708590600,284.5,285,284,284.25
1708592400,284.5,284.5,284,284.5
1708594200,284.5,286.25,284.25,286
1708596000,285.75,287,285.5,285.5
1708597800,285.5,286.5,285.25,286.25
1708599600,286,287.25,284.25,284.5
1708601400,284.5,285,283.25,283.5
1708603200,283.25,284.25,282,282.75
1708605000,282.75,284.5,282.5,283.5
1708606800,283.75,284.75,283.25,283.75
1708608600,283.75,284,282.5,283.75
1708610400,283.75,285,283.5,284.75
1708612200,284.75,285.25,283.75,284.25
1708614000,284.25,285,284,285
1708669800,286,286,286,286
1708671600,286,288,285,285.25
1708673400,285.5,285.5,283.5,284
1708675200,283.75,284.5,283.5,283.75
1708677000,283.5,284.25,283,283.5
1708678800,283.25,284.75,283.25,284.5
1708680600,284.5,284.5,283.75,284.25
1708682400,284,284.75,284,284.25
1708684200,284,284.5,284,284.25
1708686000,284.25,285.25,284,284.5
1708687800,284.75,285,284.25,284.75
1708689600,284.75,284.75,283.25,284
1708691400,283.75,284,282.25,282.5
1708693200,282.5,286.25,282,285.5
1708695000,285.25,287.25,284.5,285.25
1708696800,285.5,285.5,284.25,285
1708698600,284.75,286.5,284,285.75
1708700400,286.5,286.5,286.5,286.5
1708929000,288,288,288,288
1708930800,288,290.5,287.25,287.5
1708932600,287.5,287.5,285.5,285.75
1708934400,286,286.25,285.25,286
1708936200,285.75,286.5,285.75,286.5
1708938000,286.5,286.75,285.5,286
1708939800,286,286.25,285.25,285.75
1708941600,285.5,286,284.75,285
1708943400,285,286.25,284.75,285.75
1708945200,285.75,286.75,285.75,286.25
1708947000,286.25,286.75,285,286.5
1708948800,286.5,286.75,286,286.5
1708950600,286.5,287.5,286,287
1708952400,287.25,287.5,286.25,287.5
1708954200,287.5,288.5,287.25,287.75
1708956000,287.75,288,285.75,286.5
1708957800,286.5,287,285.25,285.75
1708959600,285.75,286,285.5,285.5
1709015400,286.5,286.5,286.5,286.5
1709017200,286.5,286.75,285,285.25
1709019000,285.5,285.5,283.75,283.75
1709020800,283.75,284.75,283.25,283.25
1709022600,283.25,285.25,282.25,285
1709024400,285,285.25,284.5,284.75
1709026200,284.75,286.25,284.75,285.75
1709028000,286,287,285.75,286.25
1709029800,286.5,287,286,286.75
1709031600,286.5,287.25,286.5,286.75
1709033400,287,287.5,286.5,287
1709035200,287,287.25,285.75,286
1709037000,285.75,286,284,284.5
1709038800,284.5,285.25,283.75,284.25
1709040600,284.25,284.5,283,283.5
1709042400,283.25,283.5,281.25,281.5
1709044200,281.5,281.75,280,280.25
1709046000,280.25,280.25,280.25,280.25
1709101800,281,281,281,281
1709103600,280.75,281,278.25,279
1709105400,279.25,281.5,279,280.25
1709107200,280.25,281.75,279.5,281.25
1709109000,281,282,281,281.25
1709110800,281.25,282,280.75,282
1709112600,282,282.75,281.25,282.25
1709114400,282.25,282.75,281,282
1709116200,282,282.5,281.75,282
1709118000,282,282.5,281.5,282.5
1709119800,282.5,282.5,280.5,280.75
1709121600,280.75,281.5,280,281
1709123400,281,281.25,279.25,279.25
1709125200,279.5,280.75,278.75,279.75
1709127000,279.75,280.75,279.5,279.75
1709128800,280,280.75,279,279.5
1709130600,279.5,280.25,277.5,277.75
1709132400,278,278,276,276
1709188200,279.5,279.5,279.5,279.5
1709190000,279.5,282,279,282
1709191800,282,282,281.5,281.5
1709193600,281.5,282,281,281.5
1709195400,281.5,281.75,281,281.5
1709197200,281.5,282,281,281.25
1709199000,281,281.25,280.25,280.75
1709200800,281,281.25,280.25,280.25
1709202600,280.5,280.5,279,279.5
1709204400,279.5,279.5,278.25,278.5
1709206200,278.5,281.25,278.25,281.25
1709208000,281.25,281.25,280.25,280.5
1709209800,280.5,280.75,279.25,279.75
1709211600,279.5,280.25,279.5,279.75
1709213400,280,280.25,279.25,279.5
1709215200,279.25,280,278.5,280
1709217000,279.75,281,279.75,281
1709218800,280.75,281.75,280.75,281.75
1709274600,282.75,282.75,282.75,282.75
1709276400,282.75,282.75,280.5,281
1709278200,281,281.25,280.5,280.75
1709280000,280.75,280.75,279.5,279.75
1709281800,279.75,280,279.25,279.5
1709283600,279.5,280.25,279.25,280.25
1709285400,280.25,280.25,279.5,279.75
1709287200,279.75,279.75,279.5,279.75
1709289000,279.75,279.75,279,279.25
1709290800,279.25,279.25,278.5,279
1709292600,279,279.5,278.75,279
1709294400,279.25,279.25,278,278.5
1709296200,278.5,279,278.25,278.75
1709298000,278.75,279.25,278.25,278.75
1709299800,278.75,278.75,277.5,278
1709301600,278,278.75,277.5,278.75
1709303400,278.75,278.75,277.25,277.5
1709305200,277.75,277.75,277.75,277.75
1709533800,278.5,278.5,278.5,278.5
1709535600,278.75,279,274.75,275.5
1709537400,275.5,276.5,274.75,276.25
1709539200,276,276.25,274.75,275.25
1709541000,275.25,275.5,275,275.25
1709542800,275.5,275.5,274.5,274.75
1709544600,274.75,275,274.5,274.75
1709546400,274.5,275.25,274.25,275.25
1709548200,275.25,275.25,274.5,275
1709550000,275,275.25,274.25,274.5
1709551800,274.5,275,273.75,274
1709553600,274,274.25,273,273.25
1709555400,273.25,273.25,271.5,272.25
1709557200,272.25,272.25,270.75,271.5
1709559000,271.75,272.5,270.5,271.5
1709560800,271.5,272.25,270.75,272
1709562600,272,272.25,270.25,271
1709564400,271,271,270.5,270.5
1709620200,271,271,271,271
1709622000,271.25,272.75,271,272.5
1709623800,272.5,272.75,270.25,270.75
1709625600,270.75,271.75,270.25,271.25
1709627400,271.25,271.5,270.5,271
1709629200,271.25,271.5,270.5,270.75
1709631000,270.75,271,270.5,270.5
1709632800,270.5,270.75,270,270.5
1709634600,270.5,271,270.25,270.25
1709636400,270.25,270.75,270.25,270.25
1709638200,270.5,270.5,269,269
1709640000,269,269.5,268.25,268.5
1709641800,268.5,269.25,268.5,268.75
1709643600,268.75,269,265,265.25
1709645400,265.25,266,264.25,265.75
1709647200,265.75,267.5,265.5,266.75
1709649000,266.75,267.25,264.75,265
1709650800,265.25,265.25,265,265.25
1709706600,264.25,264.25,264.25,264.25
1709708400,264.25,265.25,262.5,265
1709710200,264.75,267,264,266.75
1709712000,266.75,267.25,262.75,263.5
1709713800,263.5,264,263,263.75
1709715600,263.5,264.5,262.75,263
1709717400,263,263.5,262.75,263.25
1709719200,263.25,264.25,263,263.75
1709721000,263.75,264,263.25,264
1709722800,264,264.5,263.25,263.5
1709724600,263.75,264,263,263.5
1709726400,263.5,263.75,262.75,263.25
1709728200,263.25,263.5,262.5,263.25
1709730000,263.25,266,262.5,265.5
1709731800,265.25,265.75,263,264
1709733600,263.75,264.25,261.5,262
1709735400,262,262.5,260.75,261.25
1709737200,261,261,261,261
1709793000,268,268,268,268
1709794800,268,270.25,266.75,269.75
1709796600,270,271.5,269.5,271
1709798400,271,272.25,270.75,271.25
1709800200,271.25,271.75,270.75,270.75
1709802000,270.75,271.5,270.5,271
1709803800,271,271.25,269.75,270.25
1709805600,270.25,270.75,269.5,270.75
1709807400,270.5,270.75,269.75,270
1709809200,270.25,270.5,269,270
1709811000,270,270.5,270,270.5
1709812800,270.25,270.5,269.5,269.75
1709814600,269.75,270.5,269.5,270
1709816400,270,270,269,269.75
1709818200,269.75,271.5,269.5,270.75
1709820000,270.75,270.75,269.25,270.5
1709821800,270.25,273.5,270,273.5
1709823600,273.5,273.5,272.75,272.75
1709879400,273,273,273,273
1709881200,273.25,273.5,271.5,271.75
1709883000,271.5,273.25,271.25,273
1709884800,273.25,276,273,274.5
1709886600,274.75,275.75,272.75,273
1709888400,273,273,270,272.25
1709890200,272.25,275.25,271.5,274.75
1709892000,274.5,275.5,274,274.25
1709893800,274.5,277,274.5,276.75
1709895600,276.75,279,276.75,277.75
1709897400,277.75,279.25,277.5,278.75
1709899200,279,279,278,278.5
1709901000,278.5,280.25,278,278.5
1709902800,278.5,278.5,275.5,277
1709904600,276.75,279.75,276.75,279.5
1709906400,279.5,279.75,278.25,278.5
1709908200,278.25,279,277,278.25
1709910000,278,279.25,278,279.25
1710138600,285,285,285,285
1710140400,285,286.25,283,283.75
1710142200,283.75,284,281.75,282.25
1710144000,282,282.25,281,281.25
1710145800,281,281.5,280.25,281.25
1710147600,281.25,282,280.5,281.75
1710149400,281.75,283,281.5,282.5
1710151200,282.5,283,281.75,282.25
1710153000,282,282.75,281,281.5
1710154800,281.5,281.5,280.25,280.75
1710156600,280.75,280.75,279.5,280.25
1710158400,280.25,281.5,280,281.5
1710160200,281.5,282.25,281,281.5
1710162000,281.25,281.75,280.25,281
1710163800,281,282,280.5,281
1710165600,281,282.25,280.5,280.75
1710167400,280.5,282.5,279.75,280
1710169200,280.25,280.75,280.25,280.75
1710225000,280.5,280.5,280.5,280.5
1710226800,280.5,281,277.75,279.5
1710228600,279.5,279.5,278.25,279.25
1710230400,279.5,279.75,278,278.25
1710232200,278,278.25,276.25,276.5
1710234000,276.75,277.25,276.25,277
1710235800,276.75,277.5,276.75,277
1710237600,277,277.25,276.75,277.25
1710239400,277.25,277.75,276.75,277.75
1710241200,277.5,277.75,276.5,276.75
1710243000,277,278,276.75,277.5
1710244800,277.5,278.75,277.25,278.75
1710246600,278.5,281.25,278,278.5
1710248400,278.5,278.75,276.25,277.25
1710250200,277.25,277.25,273.5,273.75
1710252000,273.75,274.75,272.25,274.25
1710253800,274.5,276.5,273.75,276
1710255600,276,276,275.5,275.5
1710311400,275.75,275.75,275.75,275.75
1710313200,275.5,276.5,274.25,276
1710315000,276,276,274,274.75
1710316800,274.75,275,274.25,274.75
1710318600,274.75,275.25,273.75,275
1710320400,275,275.5,274.5,275
1710322200,275,277.25,274.75,276
1710324000,276.25,277.25,276,276.75
1710325800,276.75,276.75,274.5,275.25
1710327600,275.5,275.5,274.75,275
1710329400,274.75,277.5,274.75,277.25
1710331200,277.25,277.25,276,276.5
1710333000,276.75,276.75,274.75,275.5
1710334800,275.25,275.75,274.5,274.75
1710336600,275,275,273.75,274.25
1710338400,274.5,275,273.75,274.5
1710340200,274.25,274.75,272.5,272.75
1710342000,272.75,272.75,272,272
1710397800,272.75,272.75,272.75,272.75
1710399600,272.75,273.5,271,272.5
1710401400,272.5,273.25,272.25,272.75
1710403200,272.75,274.75,272.75,274.5
1710405000,274.25,274.5,273,273
1710406800,273,273.25,272.25,272.5
1710408600,272.75,274,272.5,273.5
1710410400,273.25,273.75,272.5,273
1710412200,272.75,273,272.25,272.75
1710414000,272.75,273.25,272.5,272.75
1710415800,272.75,274.25,272,273.75
1710417600,273.5,274,272.5,273
1710419400,273,273.25,272.25,272.75
1710421200,272.75,273.25,272.25,272.5
1710423000,272.75,273.5,272.5,272.5
1710424800,272.5,273,271,272.25
1710426600,272,272.5,271.25,271.5
1710428400,271.75,271.75,271.75,271.75
1710484200,272.25,272.25,272.25,272.25
1710486000,272.5,273.25,271.5,272.25
1710487800,272.25,272.5,271,272
1710489600,272,272.25,271.5,272
1710491400,271.75,272.5,271.75,271.75
1710493200,272,272.25,271.5,272
1710495000,272,272.25,271.5,272
1710496800,272,272,271.25,271.75
1710498600,271.75,271.75,271,271.5
1710500400,271.5,271.75,271,271.5
1710502200,271.5,271.75,271,271.75
1710504000,271.75,271.75,270.25,270.5
1710505800,270.5,270.75,270,270.5
1710507600,270.5,272.25,270,271.75
1710509400,272,275.75,271.75,274.5
1710511200,274.5,274.5,271.75,272.25
1710513000,272.25,272.75,268,268.75
1710514800,270.25,270.25,270.25,270.25
1710743400,270.5,270.5,270.5,270.5
1710745200,270.5,271,268.75,269.25
1710747000,269.5,270.5,269.25,270.25
1710748800,270.25,270.25,269,270
1710750600,269.75,272,269.75,271.25
1710752400,271.25,271.25,269.25,269.5
1710754200,269.5,270.25,269.25,270
1710756000,270,270.75,269.5,270.5
1710757800,270.5,270.5,269.75,270
1710759600,270,270,268.75,269.25
1710761400,269,269.5,268.25,268.5
1710763200,268.5,269.5,268.25,269.25
1710765000,269.25,269.75,268.75,269.5
1710766800,269.25,269.75,269,269.5
1710768600,269.5,270,268.75,269.25
1710770400,269.25,269.5,267.75,268.5
1710772200,268.75,269,268,268.75
1710774000,268.5,268.5,268.5,268.5
1710829800,268.75,268.75,268.75,268.75
1710831600,268.75,272.25,268.5,271.5
1710833400,271.5,272.75,270.75,272.5
1710835200,272.5,274.25,271.75,273.25
1710837000,273.25,273.5,272.5,273
1710838800,273,274.75,272.75,274
1710840600,274,275.75,273.25,275.25
1710842400,275.25,276.5,275,276.25
1710844200,276.25,278.5,276,277.25
1710846000,277,277.5,276,276.25
1710847800,276.5,277.5,276.25,277
1710849600,276.75,277.25,276.25,276.75
1710851400,277,278,276.5,276.75
1710853200,276.75,277.75,276.5,277.5
1710855000,277.5,278.25,277,277.25
1710856800,277,277.75,276.75,277.25
1710858600,277.25,278.5,276.75,278
1710860400,278.25,278.25,278.25,278.25
1710916200,278,278,278,278
1710918000,278,281,276.5,279.5
1710919800,279.5,280.75,279.5,280.5
1710921600,280.75,281.75,278.75,278.75
1710923400,279,279.25,277.75,279
1710925200,279,279.5,277.5,277.75
1710927000,277.5,278.75,277,278
1710928800,277.75,278.25,277.5,278
1710930600,278,278.75,277.75,278.25
1710932400,278.25,279,277.75,279
1710934200,279,279.5,278.25,278.75
1710936000,278.75,279.25,278,278.25
1710937800,278.5,278.75,278,278.75
1710939600,278.75,278.75,277,278
1710941400,277.75,279.75,277.25,279.5
1710943200,279.75,280.5,278.5,279.5
1710945000,279.75,280,277.75,278.25
1710946800,278.25,278.25,278.25,278.25
1711002600,281,281,281,281
1711004400,281,281.75,280.5,280.75
1711006200,280.5,281.5,279.75,281
1711008000,280.75,285.25,280.75,284.75
1711009800,284.75,285,283.5,284.75
1711011600,285,285.5,283.75,284.5
1711013400,284.5,285,284.25,284.75
1711015200,285,285.5,283.75,284
1711017000,284,284,282.25,283
1711018800,283,283.75,280.25,283
1711020600,283.25,286.25,282.5,285.75
1711022400,285.75,286,283.25,283.5
1711024200,283.5,285.25,283.5,285
1711026000,284.75,285,283.5,284.75
1711027800,285,286.25,284.5,285.25
1711029600,285.25,287.75,285.25,285.75
1711031400,286,286.5,285.25,285.5
1711033200,285.25,285.5,285.25,285.5
1711089000,285.75,285.75,285.75,285.75
1711090800,285.75,288.5,284.5,286.5
1711092600,286.5,287,285.5,286.25
1711094400,286.5,289.25,286,288.75
1711096200,288.75,290.75,288.5,290.5
1711098000,290.25,291.75,290,291
1711099800,291.25,292.75,290.5,291
1711101600,290.75,292,290.5,291.25
1711103400,291.5,291.5,290.25,290.5
1711105200,290.5,291.5,290.5,290.75
1711107000,290.5,291.5,290.5,290.75
1711108800,290.5,291.5,290.25,291
1711110600,290.75,291.25,290.5,291.25
1711112400,291,291.25,289.25,289.5
1711114200,289.5,290,288.75,288.75
1711116000,288.75,289.75,288,289
1711117800,289,290.75,288.5,290.25
1711119600,290.25,291.25,290.25,291.25
1711348200,289.75,289.75,289.75,289.75
1711350000,289.75,293.5,289.5,291
1711351800,291.25,295.5,291,294.75
1711353600,294.5,294.75,293.25,293.75
1711355400,293.75,294.5,293.25,294.5
1711357200,294.25,295.5,293.25,293.75
1711359000,293.75,294,293,293.5
1711360800,293.5,293.75,293,293.5
1711362600,293.5,295.75,293.25,295
1711364400,295,295.5,293.75,294.25
1711366200,294.5,294.5,293.75,294
1711368000,294.25,294.25,293.5,293.75
1711369800,293.75,294,293,293
1711371600,293.25,293.25,292.25,293
1711373400,292.75,293,289.5,289.75
1711375200,290,290,286.5,288
1711377000,287.75,288,286.25,286.5
1711378800,286.25,286.25,285.75,285.75
1711434600,286.5,286.5,286.5,286.5
1711436400,286.5,287,284,284.25
1711438200,284.25,285.75,283.5,285.25
1711440000,285.25,287,284,284.5
1711441800,284.5,285.5,283.75,284.5
1711443600,284.25,284.5,282.75,283.75
1711445400,283.75,284,282,282.5
1711447200,282.5,284,281.5,283.5
1711449000,283.5,283.5,282.25,283
1711450800,283.25,285,283,285
1711452600,285,285.25,282.5,282.75
1711454400,282.75,283.75,282.25,283.5
1711456200,283.5,284.75,282.5,284.5
1711458000,284.75,284.75,283.25,283.75
1711459800,283.75,284.25,282.25,282.25
1711461600,282.25,283.25,281,281.25
1711463400,281,285,280,284.75
1711465200,284.75,285.25,284.75,285.25
1711521000,285.75,285.75,285.75,285.75
1711522800,285.75,286.25,283.25,286
1711524600,286.25,286.25,284.25,284.5
1711526400,284.5,285.25,282,282.25
1711528200,282.5,284,282.25,283.5
1711530000,283.25,285.25,283.25,284.5
1711531800,284.25,286,284.25,286
1711533600,286,287.75,285,285.25
1711535400,285,286.75,284.75,286
1711537200,286.25,286.75,285.25,285.25
1711539000,285.5,286,284.5,285.75
1711540800,285.75,287,285.25,285.5
1711542600,285.5,287,285.5,286.5
1711544400,286.5,286.75,284,284
1711546200,284,285,283.25,283.75
1711548000,283.5,285.25,283.25,284.25
1711549800,284.25,285,282.75,283
1711551600,282.75,282.75,282.75,282.75
1711607400,284,284,284,284
1711609200,283.75,286.25,283.5,286
1711611000,285.75,288.5,285.75,288.5
1711612800,288.5,293.25,288,292.25
1711614600,292.25,292.5,290.25,291.25
1711616400,291.25,291.5,289.75,290.5
1711618200,290.25,291.5,290.25,290.75
1711620000,291,291.75,290.25,291
1711621800,291.25,292.75,291,292.25
1711623600,292.5,292.5,291,291.5
1711625400,291.5,292.75,291.25,292
1711627200,292,293,291.75,292.25
1711629000,292,293.25,291.75,293
1711630800,293,293.25,291.75,292.75
1711632600,292.75,293,292.25,292.75
1711634400,292.5,293.25,292,292.5
1711636200,292.25,299.5,292,299.5
1711638000,299.5,299.5,297.75,297.75
1711693800,298.25,298.25,298.25,298.25
1711695600,298.25,299.5,296.5,298
1711697400,297.75,298,295.25,295.5
1711699200,295.25,295.5,294.25,294.75
1711701000,294.75,295.25,294.25,295
1711702800,295,295,293.25,294.75
1711704600,294.75,295.75,294.5,294.75
1711706400,295,295.5,294.5,295
1711708200,295,295.5,294.75,295.5
1711710000,295.5,296.25,294.75,296
1711711800,296,297,295.75,296.5
1711713600,296.5,298.75,296.25,298.5
1711715400,298.5,298.5,296.75,297
1711717200,297,297.5,294.25,294.5
1711719000,294.5,296.5,294,296
1711720800,296,296.5,294.75,296.5
1711722600,296.5,298,296.25,297.75
1711724400,297.5,297.75,297.5,297.75
1711953000,297.75,297.75,297.75,297.75
1711954800,298,302,294,300.75
1711956600,300.75,301.5,296.75,297
1711958400,297,298,295.75,296.75
1711960200,297,297.5,296.25,296.75
1711962000,296.75,297.25,295.5,296
1711963800,296,296.25,294.75,295.5
1711965600,295.5,296.5,295,296
1711967400,296,297.25,295.75,296.25
1711969200,296,298.75,296,297.75
1711971000,297.5,300.25,297.25,299.25
1711972800,299.25,301.5,299.25,300.25
1711974600,300.25,301.75,299.5,300.25
1711976400,300.25,303.75,299,303.5
1711978200,303.5,304,301.5,303.25
1711980000,303,305,302.5,303.75
1711981800,303.75,305,303,304
1711983600,304.25,304.25,303.75,303.75
1712039400,304.5,304.5,304.5,304.5
1712041200,304.5,308.5,304.25,306.25
1712043000,306.25,307.25,305.25,305.75
1712044800,306,306.75,305.25,306
1712046600,306,306,303.75,304.25
1712048400,304,305.5,303.5,305.25
1712050200,305.25,306,305,305.5
1712052000,305.5,305.75,303.5,304.75
1712053800,304.5,304.75,302.25,302.75
1712055600,302.75,304.5,302.5,304
1712057400,304,305,303.75,304.75
1712059200,304.75,304.75,303,304.25
1712061000,304.25,304.25,301.5,302
1712062800,301.75,302.75,301,301.75
1712064600,301.75,302.75,299.25,300
1712066400,299.75,300.75,296.75,297.25
1712068200,297,298,296,297
1712070000,297,297,297,297
1712125800,296.5,296.5,296.5,296.5
1712127600,296.5,299.25,293.25,298
1712129400,298,298.5,297,297.75
1712131200,297.75,299.75,297.5,298
1712133000,298.25,299.75,297.5,298.5
1712134800,298.5,299.5,297.75,299.25
1712136600,299.25,299.5,298.5,299.5
1712138400,299.5,299.5,298.5,299.25
1712140200,299.5,299.5,298.75,299.25
1712142000,299.25,300.25,299,300
1712143800,300,301.75,297.25,297.25
1712145600,297.25,297.5,294.5,296.75
1712147400,297,299.5,296.75,298.25
1712149200,298.25,299.5,296.75,298.5
1712151000,298.5,299,297,299
1712152800,298.75,301.75,298.25,300
1712154600,300.25,300.25,298.5,299.5
1712156400,299.5,300,299.5,300
1712212200,295,295,295,295
1712214000,295,295.75,290.5,290.5
1712215800,290.5,291.75,288.75,290
1712217600,289.75,290.25,288,288.5
1712219400,288.5,289,287.5,288.5
1712221200,288.75,289.5,288.25,289.25
1712223000,289.5,292.25,289,291.75
1712224800,291.75,294,290.75,291
1712226600,291.25,294.5,291,293.75
1712228400,293.75,299,293.5,296.75
1712230200,297,297,293,294.75
1712232000,294.75,295,293.5,294
1712233800,294,294.5,292.25,293.25
1712235600,293.25,293.25,291.25,291.75
1712237400,291.5,293.75,291,292.75
1712239200,292.5,294.75,291.75,292.25
1712241000,292.25,293,291,291
1712242800,291,291,290,290
1712298600,294,294,294,294
1712300400,294,301,293.75,296.25
1712302200,296.25,297.75,295,296.75
1712304000,296.75,297.75,296.25,297.5
1712305800,297.5,299,297.25,298
1712307600,298.25,299,297,297.5
1712309400,297.5,297.5,296.75,297.25
1712311200,297.5,298,297,297.75
1712313000,298,298.5,297,298
1712314800,298,299,297.75,298.75
1712316600,299,299.25,298,298.75
1712318400,298.75,300.25,298.25,299.25
1712320200,299.25,300,297.5,300
1712322000,300,302,298.75,301.75
1712323800,302,306.5,301.5,304.75
1712325600,304.5,306.25,302.75,305.5
1712327400,305.5,307.5,305.5,306.25
1712329200,306,307.25,306,307.25
1712557800,308.5,308.5,308.5,308.5
1712559600,308.25,312.75,307.75,310
1712561400,310,312.75,309.75,311.25
1712563200,311,311.5,310,310.5
1712565000,310.75,311,309.25,310.25
1712566800,310.5,310.75,309.25,310.75
1712568600,310.75,311,310,310.25
1712570400,310.5,310.75,309.75,310
1712572200,310,310.25,309.5,310
1712574000,310,310.25,309,310
1712575800,310,310,308.75,309
1712577600,309,309.25,308,308.25
1712579400,308.5,309.5,308.25,308.75
1712581200,309,309,307.25,308.75
1712583000,309,309.5,308.25,308.75
1712584800,309,310,308,308.5
1712586600,308.5,310.75,307.5,309.25
1712588400,309.25,310,309.25,310
1712644200,309.5,309.5,309.5,309.5
1712646000,309.25,311,308.5,310.5
1712647800,310.5,311,309.5,310.25
1712649600,310.25,311,309.25,310.75
1712651400,310.75,311,308.75,309.75
1712653200,309.75,310.75,309.25,309.75
1712655000,309.75,309.75,309.25,309.25
1713162600,305,305,305,305
1713164400,305,307.25,303,303
1713166200,303.25,303.25,301.25,302
1713168000,302,303.75,301.5,302.75
1713169800,302.75,303.75,302.25,303
1713171600,302.75,303.5,302.5,303
1713173400,303,303.25,302.25,302.5
1713175200,302.5,303,301.25,301.5
1713177000,301.5,302.25,301.25,301.5
1713178800,301.5,301.75,300.5,300.75
1713180600,300.75,301.75,300,301.25
1713182400,301.25,301.25,300,300.25
1713184200,300,300.5,299.5,300.5
1713186000,300.5,301.75,300.25,301.75
1713187800,301.75,302.25,301,302
1713189600,302,302,299.25,300
1713191400,300,300.5,298.75,298.75
1713193200,298.5,298.5,298.5,298.5
1713249000,296,296,296,296
1713250800,295.75,296.75,294.25,294.75
1713252600,294.75,295.5,294.25,295.25
1713254400,295.25,298.5,295,297.75
1713256200,297.75,297.75,296.25,296.75
1713258000,296.75,297,295.25,295.5
1713259800,295.25,296.75,295.25,296.75
1713261600,296.75,297.25,295.25,295.75
1713263400,295.75,297.25,295.5,297
1713265200,297,297.25,296.25,297
1713267000,297,299.25,296.75,297.5
1713268800,297.5,297.75,296,296.5
1713270600,296.5,296.75,295.25,295.5
1713272400,295.5,296,295,295.5
1713274200,295.5,296.25,295,296
1713276000,296,299.5,295,299
1713277800,298.75,302,296.5,296.75
1713279600,297,297,297,297
1713335400,300,300,300,300
1713337200,300.25,301.75,300,301.25
1713339000,301.25,302.5,300.5,302.25
1713340800,302,302.75,300.5,301
1713342600,301,301,299.75,300.5
1713344400,300.5,301,299.75,300
1713346200,300,301,299.5,300.75
1713348000,300.5,301.5,299.5,301
1713349800,301.25,302,300.5,300.75
1713351600,300.75,300.75,299.5,300.25
1713353400,300.25,300.5,299.25,299.25
1713355200,299.5,299.75,298.5,299.5
1713357000,299.25,299.5,298.25,298.75
1713358800,298.75,299.25,298,298.75
1713360600,298.75,299.5,298,298.25
1713362400,298.25,298.5,296.25,297
1713364200,297,298.25,295.25,295.5
1713366000,295.5,295.5,295.25,295.25
1713421800,296.75,296.75,296.75,296.75
1713423600,296.75,301.5,296.5,299.75
1713425400,299.75,300.5,298.5,299.75
1713427200,299.75,300.75,298.5,298.75
1713429000,298.5,300.25,298.25,299.75
1713430800,299.5,299.75,298.5,298.75
1713432600,299,299.25,298.5,299
1713434400,299,299,298.25,298.5
1713436200,298.75,298.75,297.5,298
1713438000,298,298.75,297.75,298.75
1713439800,298.75,298.75,297.5,298.5
1713441600,298.25,299.5,298,298.75
1713443400,299,299,297.75,298.5
1713445200,298.5,298.5,296.25,296.75
1713447000,296.75,297,295.75,296.5
1713448800,296.5,297.5,296,296.25
1713450600,296.5,298.5,296.25,297
1713452400,296.25,296.25,296.25,296.25
1713508200,292,292,292,292
1713510000,291.75,294,291.75,293.5
1713511800,293.75,293.75,292.5,293.75
1713513600,293.75,294.25,292.75,294.25
1713515400,294.25,295,294,294.5
1713517200,294.5,295.25,294.25,295.25
1713519000,295.25,297.75,295,297
1713520800,297,298.5,296.75,297.5
1713522600,297.5,300.5,297.25,299
1713524400,299,299.25,297,297.5
1713526200,297.25,299,297,298.5
1713528000,298.5,301.5,298.25,301.25
1713529800,301.25,303,301,301.25
1713531600,301.5,304,301.25,302.25
1713533400,302.25,302.75,301,301.5
1713535200,301.5,302.5,301,301.25
1713537000,301.5,301.75,300.5,301
1713538800,302.5,302.5,302.5,302.5
1713767400,308,308,308,308
1713769200,307.75,311.5,307.25,310.75
1713771000,310.75,310.75,308.75,309
1713772800,309,309.25,307.25,307.5
1713774600,307.25,308,306.5,307.75
1713776400,307.75,308.75,307.25,308.25
1713778200,308,308.5,307.5,307.75
1713780000,307.75,308.5,307.25,307.5
1713781800,307.5,309,307,307.75
1713783600,307.5,308,305.25,306
1713785400,305.75,306.25,305.5,306
1713787200,306.25,306.75,305,306.75
1713789000,306.75,306.75,305,305.5
1713790800,305.5,305.75,304.25,304.5
1713792600,304.5,305.75,303.75,305.25
1713794400,305,306.5,303.75,305.25
1713796200,305.5,306,302.5,302.75
1713798000,302.75,302.75,302.75,302.75
1713940200,307.25,307.25,307.25,307.25
1713942000,307.25,309,305.75,306.25
1713943800,306.25,306.75,305.75,306
1713945600,306,307.25,305.75,306.5
1713947400,306.5,309.25,306.25,308.75
1713949200,309,309.5,308.25,309
1713951000,309,309.5,308.5,309.25
1713952800,309.5,310.25,308.75,309.25
1713954600,309.25,309.75,308.25,309.25
1713956400,309.25,310,308.5,309.75
1713958200,309.5,310,308.5,308.5
1713960000,308.5,309.25,308.5,308.75
1713961800,308.75,309.75,308.5,309
1713963600,309,309.25,308,309
1713965400,309,309.25,308,309.25
1713967200,309.25,309.5,308.75,309.25
1713969000,309,310,308.75,309.25
1713970800,309.25,309.75,309.25,309.75
1714026600,310.5,310.5,310.5,310.5
1714028400,310.5,312,309.5,311
1714030200,311,311.25,310,310.75
1714032000,310.75,311.25,310.25,310.75
1714033800,310.75,311.75,310.5,311.75
1714035600,311.75,311.75,310.25,310.75
1714037400,310.75,311.25,310.5,310.5
1714039200,310.75,311,309.75,310.25
1714041000,310.5,311,310.25,311
1714042800,310.75,311.75,308,308.75
1714044600,308.75,312,308.25,311.75
1714046400,311.75,312.5,311,311.25
1714048200,311.5,312.25,309.5,310.25
1714050000,310,311.5,309.75,311
1714051800,311.25,312,310,310.75
1714053600,310.5,313.75,310.5,313
1714055400,313,313.5,311.75,312.75
1714057200,313.25,313.25,313.25,313.25
1714113000,313.5,313.5,313.5,313.5
1714114800,313.75,315.75,312.25,314
1714116600,314,314.75,313.25,314.5
1714118400,314.5,314.75,313.5,314.5
1714120200,314.5,316.75,314.25,316.75
1714122000,316.75,317.25,316,316.75
1714123800,317,318,316.5,317.25
1714125600,317.5,318.5,316.75,317.25
1714127400,317.25,317.5,316.5,317
1714129200,317,317.25,316.5,317
1714131000,317,317.75,316.5,317.25
1714132800,317.25,317.75,317,317.5
1714134600,317.5,317.75,317,317.25
1714136400,317,319,317,318.25
1714138200,318,318.5,316.5,317
1714140000,317,317.5,316.5,316.75
1714141800,316.75,316.75,315.25,316.5
1714143600,316.5,317,316.5,317
1714372200,319.75,319.75,319.75,319.75
1714374000,319.75,322,319.5,320.5
1714375800,320.5,324.25,320,323.5
1714377600,323.25,324,322.25,323
1714379400,323,323.25,322.25,323.25
1714381200,323.25,324,323,323.75
1714383000,323.75,325.25,323.5,325
1714384800,325,326,325,325.25
1714386600,325.5,326,325,325.5
1714388400,325.5,325.75,324.75,325.25
1714390200,325.25,325.75,324.5,325.75
1714392000,325.75,325.75,323.5,323.5
1714393800,323.75,324.75,323.5,324.5
1714395600,324.25,325,324.25,324.75
1714397400,324.75,325,324,324.25
1714399200,324.5,325.75,323.75,325.25
1714401000,325.25,325.75,324,325.75
1714402800,325.5,326,325.5,326
1714458600,325,325,325,325
1714460400,324.75,327.5,323.75,325.25
1714462200,325.25,326.25,324,325.25
1714464000,325.25,325.75,324.5,325.5
1714465800,325.25,326.25,325,326
1714467600,325.75,326.75,325.75,326
1714469400,325.75,326.25,325.75,326.25
1714471200,326.25,326.5,325.5,325.75
1714473000,325.75,326,324.25,325
1714474800,325,325.25,324.25,324.75
1714476600,324.75,325,324,324.25
1714478400,324.25,324.75,322,322.25
1714480200,322.25,323,320.75,321
1714482000,321.25,322.75,320.75,322.75
1714483800,322.75,325.5,322.75,325.25
1714485600,325.5,327.5,325.25,327
1714487400,327,327.75,324.75,326.25
1714489200,326,326,326,326
1714631400,327.75,327.75,327.75,327.75
1714633200,328,332,327.75,331.5
1714635000,331.75,331.75,329.75,330
1714636800,329.75,330,327.75,328.25
1714638600,328.25,328.25,326.25,326.75
1714640400,326.5,326.75,324,324.75
1714642200,324.5,325.25,323.5,325
1714644000,325,325.25,324.25,324.5
1714645800,324.75,324.75,323,323.25
1714647600,323.25,324,323,323.75
1714649400,323.75,324.5,323.25,323.5
1714651200,323.5,324,323,323.5
1714653000,323.5,324.25,323,324.25
1714654800,324.25,326,324,326
1714656600,326,326,324.25,324.75
1714658400,325,326.75,324.5,325.75
1714660200,326,326.5,324.25,325
1714662000,325,325.25,325,325.25
1714717800,326,326,326,326
1714719600,326.25,328,324.25,325.25
1714721400,325.25,326.25,324.5,326
1714723200,325.75,326.25,325,325.5
1714725000,325.5,326.75,325.25,325.5
1714726800,325.5,326,325.25,325.75
1714728600,325.75,326.25,325.5,325.75
1714730400,325.75,326.5,325.25,326
1714732200,326,326.5,325,326
1714734000,326,326.25,325.5,325.5
1714735800,325.75,327,324.5,325
1714737600,325,325.25,323.75,324
1714739400,323.75,324.5,323.5,324
1714741200,324,324,322.25,323.5
1714743000,323.75,324.5,323.5,324
1714744800,324.25,325.25,323.25,324.75
1714746600,324.75,325,323.5,324.5
1714748400,324.5,325,324.5,325
1714977000,324.5,324.5,324.5,324.5
1714978800,324.5,325.75,323.25,324.5
1714980600,324.5,325,323.5,323.75
1714982400,324,324.75,323.5,324
1714984200,324,325.25,324,324.25
1714986000,324.25,325,324,324.25
1714987800,324.25,325.25,324,325
1714989600,325,325.25,324.75,325
1714991400,325,325.25,324.5,325
1714993200,325,326.5,324.75,326.25
1714995000,326,326.5,325.25,325.75
1714996800,325.75,326.75,325.25,326.5
1714998600,326.25,326.75,325.25,325.5
1715000400,325.75,326.5,325.25,325.5
1715002200,325.75,327.25,325.25,326
1715004000,326,326.75,325.5,326.75
1715005800,326.75,327,325.5,326.25
1715007600,326,326,326,326
1715063400,326.5,326.5,326.5,326.5
1715065200,326.25,330,326.25,327.75
1715067000,328,330,327.75,329.75
1715068800,329.5,330.75,328.75,330.75
1715070600,330.75,330.75,327.25,327.5
1715072400,327.5,327.75,326.75,327
1715074200,327,327,325.5,326.5
1715076000,326.25,327.25,325.75,326.75
1715077800,326.5,326.75,325.5,325.75
1715079600,325.5,326.75,325,326.5
1715081400,326.25,327.75,326.25,327.5
1715083200,327.25,327.75,325.75,326
1715085000,326,327.75,326,327
1715086800,327.25,327.5,326.25,327
1715088600,327,329.25,326.5,328.25
1715090400,328.25,330.5,327.75,329.25
1715092200,329.25,330.25,328.75,330.25
1715094000,330,330,330,330
1715149800,330.75,330.75,330.75,330.75
1715151600,330.75,330.75,328.75,329
1715153400,329.25,330.25,328.5,329.5
1715155200,329.75,330.25,329.5,330.25
1715157000,330.25,330.75,328.25,328.5
1715158800,328.5,328.75,328,328.75
1715160600,328.75,329,328.5,328.75
1715162400,328.75,329,328.25,329
1715164200,329,329,328.25,328.75
1715166000,328.75,329.25,328.5,328.75
1715167800,329,329.75,328.5,329.75
1715169600,329.75,330.25,329.25,329.5
1715171400,329.5,329.5,328.5,328.75
1715173200,329,329.75,328.75,329.5
1715175000,329.25,330.25,329,329.75
1715176800,329.75,330,328.5,328.5
1715178600,328.75,329,328.25,328.25
1715180400,327.75,327.75,327.75,327.75
1715236200,327.75,327.75,327.75,327.75
1715238000,327.75,328.75,324.75,324.75
1715239800,325,326.5,324.5,325.5
1715241600,325.75,326,325,325.5
1715243400,325.5,325.5,324.5,325
1715245200,324.75,325,324,324.25
1715247000,324.25,324.5,323.5,324
1715248800,324,324.5,323.5,324
1715250600,324.25,325,323.75,325
1715252400,324.75,325,324,324.25
1715254200,324,326,324,325.25
1715256000,325.25,325.5,324.25,325
1715257800,325,325.25,324,324.5
1715259600,324.75,326,324.25,325.25
1715261400,325,325.5,324.75,325.5
1715263200,325.5,325.75,324.5,324.75
1715265000,325,325.75,324.5,325.5
1715266800,325.5,325.5,325.25,325.25
1715322600,325.5,325.5,325.5,325.5
1715324400,325.5,326,323.75,325
1715326200,325.25,325.75,325,325.25
1715328000,325.25,325.5,324,324
1715329800,324.25,324.75,324,324.25
1715331600,324.5,324.75,323.5,324
1715333400,324,324.25,323.5,323.75
1715335200,324,324.25,323.5,324.25
1715337000,324.25,324.5,323.75,324.5
1715338800,324.5,324.75,324,324.25
1715340600,324,325.25,324,325
1715342400,325,325,324,324.25
1715344200,324.25,324.25,322.75,323.5
1715346000,323.5,324.5,323.25,324.5
1715347800,324.25,324.5,323.25,323.5
1715349600,323.5,323.5,321.75,322
1715351400,322,322,318.75,319
1715353200,319,319,318,318
1715581800,318.25,318.25,318.25,318.25
1715583600,318.5,321.25,317.25,317.75
1715585400,317.75,319.75,317,318.75
1715587200,318.75,320,318.25,319.75
1715589000,319.5,319.75,318.5,319.25
1715590800,319,319.25,318.5,319.25
1715592600,319.25,319.5,318.75,318.75
1715594400,319,319,317.75,318
1715596200,318.25,318.75,317.75,318.75
1715598000,318.5,319,317.75,318.25
1715599800,318,318.25,317.5,317.75
1715601600,317.75,318.5,317.5,318.25
1715603400,318.25,318.5,317,317.25
1715605200,317.25,317.25,315.5,316
1715607000,316.25,317.75,316,317.5
1715608800,317.5,317.5,316.5,316.5
1715610600,316.75,316.75,313,314.5
1715612400,314.25,314.25,314.25,314.25
1715668200,314.75,314.75,314.75,314.75
1715670000,314.75,315.25,312.75,314
1715671800,314,314.5,313.5,313.75
1715673600,313.75,314,312.75,313.5
1715675400,313.75,313.75,313,313.25
1715677200,313.5,315,313.25,314
1715679000,314,314.5,313.5,314.5
1715680800,314.25,314.5,313.75,314
1715682600,313.75,314.25,313.25,313.5
1715684400,313.5,315,313.25,314.5
1715686200,314.75,314.75,313.75,314.5
1715688000,314.5,315.25,313.75,315
1715689800,315,315.5,314,315.5
1715691600,315.5,316,314,315.25
1715693400,315.25,315.5,313.25,314
1715695200,314,314.25,312,312.25
1715697000,312.25,312.25,309.75,310.5
1715698800,310.5,310.5,310.25,310.25
1715754600,310.25,310.25,310.25,310.25
1715756400,310.25,312,309.25,311.25
1715758200,311.25,311.75,310.5,311.25
1715760000,311.25,311.25,309.5,309.5
1715761800,309.5,310,308.75,309.75
1715763600,309.75,310.5,309.5,310.25
1715765400,310.25,310.25,308.5,309
1715767200,308.75,309,308.25,308.75
1715769000,308.75,309,308.5,308.75
1715770800,308.5,309.25,308.25,309
1715772600,309,309.5,308.5,308.75
1715774400,308.75,309.25,308.5,309
1715776200,309,310,308.5,308.75
1715778000,308.75,309,308.25,309
1715779800,309,309.75,307.75,308
1715781600,308,310.25,307.75,309.75
1715783400,309.75,310.25,305,305.25
1715785200,305.25,305.5,305,305.5
1715841000,307.5,307.5,307.5,307.5
1715842800,307.25,309.25,306,306.75
1715844600,306.75,307,304.25,304.5
1715846400,304.5,305,303.5,305
1715848200,304.75,305.5,304,304.25
1715850000,304,305,303.75,304.75
1715851800,305,305.25,304.25,304.5
1715853600,304.75,305,304.25,304.75
1715855400,304.5,305.25,304.5,304.75
1715857200,305,305.25,304.5,305
1715859000,305,306.25,304.5,306
1715860800,306,306.25,304.75,306.25
1715862600,306.25,306.5,305,305
1715864400,305.25,305.75,304.25,305
1715866200,305,305.5,304.5,305
1715868000,305.25,306,304.5,305.75
1715869800,305.75,307.5,305.5,305.75
1715871600,307,307,307,307
1715927400,310.25,310.25,310.25,310.25
1715929200,310.5,314.25,310,313.75
1715931000,313.75,316.5,313.25,315.75
1715932800,315.5,316.5,314.5,315.75
1715934600,316,317,315.5,317
1715936400,317,317.25,316.75,317.25
1715938200,317.25,317.5,316.5,317.25
1715940000,317.25,317.25,316.5,316.75
1715941800,316.75,318.25,316.5,318.25
1715943600,318.25,319.25,318,318.75
1715945400,318.75,320.75,318,320.5
1715947200,320.5,320.75,319.5,320
1715949000,320.25,321.25,319.25,321
1715950800,321.25,321.75,320.75,321.25
1715952600,321.25,322.75,320.75,322.5
1715954400,322.5,322.75,321.75,322.25
1715956200,322.5,323.75,322,323
1715958000,323.5,323.5,323.5,323.5
1716186600,322,322,322,322
1716188400,321.75,325.75,321.25,325.5
1716190200,325.75,326.5,324.75,326.25
1716192000,326.5,327.75,325,325.75
1716193800,325.5,326.5,325.5,326.25
1716195600,326,326.75,325.25,325.75
1716197400,325.5,326,325,325.75
1716199200,325.75,326.25,325.5,325.75
1716201000,325.75,326.25,325.5,326
1716202800,326,326,324.25,324.25
1716204600,324.25,325.25,323.75,323.75
1716206400,324,324.75,323.25,324.25
1716208200,324.25,324.75,323.75,324.5
1716210000,324.5,325,324,324.25
1716211800,324.25,325.25,324,324.5
1716213600,324.5,325.25,323.75,324.5
1716215400,324.75,324.75,322.5,322.75
1716217200,322.75,323.5,322.75,323.5
1716273000,324.5,324.5,324.5,324.5
1716274800,324.5,326.25,324,325.5
1716276600,325.5,329.25,325.25,328.25
1716278400,328.5,329,325.5,326.25
1716280200,326.5,330,326,329.75
1716282000,329.75,330,328.25,329
1716283800,329,329,327.5,328.75
1716285600,328.5,329.75,328,329
1716287400,329,329,328.25,328.25
1716289200,328.5,328.75,328,328.5
1716291000,328.5,328.75,327,327.25
1716292800,327.25,327.5,323,323.5
1716294600,323.5,324.75,323.25,324.25
1716296400,324.25,325,323,323.25
1716298200,323.25,324,322,323.5
1716300000,323.5,324,322,322.25
1716301800,322.25,322.5,321.5,322.5
1716303600,322.25,322.5,322.25,322.5
1716359400,324.5,324.5,324.5,324.5
1716361200,324.5,326.75,324,325.5
1716363000,325.5,325.5,324,324
1716364800,324.25,325.75,324,324.5
1716366600,324.75,325.75,324,324.75
1716368400,324.5,324.75,324,324.25
1716370200,324.25,324.5,324,324
1716372000,324.25,324.25,322.5,323
1716373800,323.25,323.25,322,322.25
1716375600,322.25,322.5,321.25,321.25
1716377400,321.5,321.75,320,320.5
1716379200,320.25,320.5,319.5,320
1716381000,320,320.75,319,319.25
1716382800,319.25,320.75,319,320.5
1716384600,320.5,322.75,320.25,321.25
1716386400,321.5,322.25,321,321.75
1716388200,321.75,322,321,321.25
1716390000,321.25,321.5,321.25,321.5
1716445800,319,319,319,319
1716447600,319,323,317,323
1716449400,322.75,325,322.25,323.5
1716451200,323.75,326.25,323.5,325.25
1716453000,325.25,325.25,323.25,323.75
1716454800,323.5,323.75,321.75,322.25
1716456600,322,322.75,322,322.25
1716458400,322.25,322.75,321,321.5
1716460200,321.25,321.5,320.75,321
1716462000,321,321.25,320.5,320.75
1716463800,321,322,320.5,320.75
1716465600,320.75,321,319.5,320.25
1716467400,320,321,319.75,320.5
1716469200,320.25,321,319.25,319.5
1716471000,319.75,321,318.25,320.25
1716472800,320.25,321,319.5,320
1716474600,320,320.5,317.75,318
1716476400,317.5,317.5,317.5,317.5
1716532200,318.25,318.25,318.25,318.25
1716534000,318,320.5,318,319.5
1716535800,319.25,319.5,318.25,318.5
1716537600,318.5,319,317.75,318
1716539400,317.75,318.5,317.5,318.25
1716541200,318.25,318.5,317.75,318.5
1716543000,318.5,318.5,317.5,317.5
1716544800,317.75,318,317,317.25
1716546600,317.25,318,317,317.5
1716548400,317.75,318,316.75,316.75
1716550200,317,318,316.75,317.75
1716552000,317.75,319.5,317.5,318.25
1716553800,318.25,318.25,316.75,317.25
1716555600,317.25,319.25,317,318.5
1716557400,318.5,318.5,317.5,317.5
1716559200,317.75,318.75,317.25,317.75
1716561000,317.75,319,315.75,319
1716562800,318.75,318.75,318.25,318.25
1716791400,319.5,319.5,319.5,319.5
1716793200,319.25,319.75,316.75,317
1716795000,316.75,318.5,316.5,317
1716796800,317,317.75,316.75,317.75
1716798600,317.75,319.5,317.5,319.25
1716800400,319,319.5,317.25,317.5
1716802200,317.5,318,317.25,318
1716804000,318,318,317.25,317.5
1716805800,317.25,317.75,316.75,317
1716807600,316.75,317.25,316.5,317
1716809400,317,317.25,316.5,317
1716811200,317,317.25,316.25,316.5
1716813000,316.25,316.5,314,314.25
1716814800,314.25,314.75,313,314.25
1716816600,314.25,315,314,314.5
1716818400,314.5,317.75,314.25,315.25
1716820200,315.25,315.75,314.75,315.5
1716822000,315,315,315,315
1716877800,315.25,315.25,315.25,315.25
1716879600,315.25,316.25,313.5,314.25
1716881400,314.25,314.75,313.5,314
1716883200,314,314,312.5,312.75
1716885000,312.75,313.25,312.75,313
1716886800,313,313.5,312.75,313.5
1716888600,313.25,313.75,313,313.75
1716890400,313.5,314.5,313.25,313.5
1716892200,313.25,313.5,312.5,313
1716894000,312.75,313,311.5,312.25
1716895800,312.25,312.25,311.75,312.25
1716897600,312.25,312.75,311.75,312.5
1716899400,312.5,313.25,312.25,312.75
1716901200,312.5,313.25,312.25,313
1716903000,313,314,312.25,312.75
1716904800,312.75,313,312,312.5
1716906600,312.25,312.5,311,312
1716908400,312,312,311.75,312
1716964200,312.5,312.5,312.5,312.5
1716966000,312.5,313.75,311.75,312.5
1716967800,312.25,313.5,312.25,313
1716969600,313,315.25,312.5,315
1716971400,315,315.75,314.25,314.5
1716973200,314.75,315,313.25,313.5
1716975000,313.5,313.75,312.5,313
1716976800,313,313,311.75,312.5
1716978600,312.25,313,311.25,311.25
1716980400,311.5,311.75,310.5,310.5
1716982200,310.5,311.5,310.5,311
1716984000,311,311.25,309,309.5
1716985800,309.5,310.25,307.5,309.5
1716987600,309.25,311,309.25,310.25
1716989400,310.25,310.5,309.5,310
1716991200,310.25,310.75,308.5,309.25
1716993000,309.25,309.5,306.75,307.5
1716994800,307.5,307.5,306,306
1717050600,307.5,307.5,307.5,307.5
1717052400,307.75,309.5,305.75,306.25
1717054200,306.25,308.25,305.5,308
1717056000,308,308.25,307,307.75
1717057800,307.75,308.75,307,308.5
1717059600,308.5,308.75,307.5,308
1717061400,307.75,308,306.75,307.25
1717063200,307.5,307.75,307,307.5
1717065000,307.5,307.75,307,307.5
1717066800,307.25,308.5,307,308
1717068600,308,309,307.5,309
1717070400,309,309,307.75,308.5
1717072200,308.5,308.75,306.25,306.5
1717074000,306.5,307.5,306.5,307
1717075800,307,308,306.5,307.75
1717077600,307.75,308,305.5,305.75
1717079400,306,307,304.5,305.75
1717081200,305.75,306,305.75,306
1717137000,307.75,307.75,307.75,307.75
1717138800,307.5,311,307,311
1717140600,311,313,310.5,313
1717142400,313,313.25,311,311
1717144200,311.25,311.5,309,309.5
1717146000,309.5,309.75,308.75,309.5
1717147800,309.5,309.75,308.25,308.25
1717149600,308.5,308.5,307.25,308
1717151400,308,308.25,307.25,307.25
1717153200,307.5,307.5,305.75,306
1717155000,306,306.5,305.25,305.75
1717156800,305.75,306,304,304.25
1717158600,304.5,304.5,302.5,303.25
1717160400,303,303.25,299.75,300.25
1717162200,300.25,304,299.25,302.75
1717164000,303,303,299.75,301
1717165800,301,305,300.75,304.25
1717167600,302.75,302.75,302.75,302.75
1717396200,305.25,305.25,305.25,305.25
1717398000,305.5,306.75,304,305
1717399800,305.25,308,305,306.75
1717401600,306.75,309,306.5,307.75
1717403400,307.75,308.5,306,307.25
1717405200,307.25,308.25,306.75,307.5
1717407000,307.75,310.5,307.5,310.25
1717408800,310.25,310.5,309.5,310
1717410600,310,310.25,309.25,309.5
1717412400,309.5,309.5,308.25,308.75
1717414200,308.75,310.75,308.75,310.25
1717416000,310.5,311.25,310,310.75
1717417800,311,311.25,309.75,310.75
1717419600,311,311,310,310.5
1717421400,310.5,311.25,308.25,309
1717423200,309,309.75,308.5,309.5
1717425000,309.25,311.5,309,311.5
1717426800,311.5,312,311.5,312
1717482600,312.5,312.5,312.5,312.5
1717484400,312.75,313.75,311,312.5
1717486200,312.25,312.5,310.5,311.5
1717488000,311.25,314,311.25,312.75
1717489800,313,313.5,312.5,313
1717491600,312.75,313.25,312.5,312.75
1717493400,312.5,313.25,311.5,311.75
1717495200,312,312,311.25,311.5
1717497000,311.25,311.75,308.75,309.25
1717498800,309.25,309.5,308,308.75
1717500600,308.5,309.25,307.5,307.75
1717502400,307.75,308.5,307.25,307.75
1717504200,307.75,308.5,307.25,308
1717506000,308,308.75,307.25,307.75
1717507800,307.75,309.5,307.25,308.75
1717509600,308.75,309.25,308,308
1717511400,308,308.75,305.25,305.5
1717513200,305.5,306,305.5,306
1717569000,306.25,306.25,306.25,306.25
1717570800,306.25,307.25,302.75,303
1717572600,303.25,306,302.75,305
1717574400,305,306.75,304.5,306.25
1717576200,306.25,306.5,304,304.75
1717578000,304.5,305.5,303.75,305.25
1717579800,305.25,305.75,304.75,305.25
1717581600,305.25,307.5,305.25,306
1717583400,306.25,307,305.5,305.75
1717585200,305.5,306.25,304.5,305.75
1717587000,306,306.25,305,305.25
1717588800,305.25,306,304.25,305
1717590600,304.75,305.5,304.5,304.75
1717592400,304.75,307.5,304.5,305.5
1717594200,305.75,308.75,304.5,308.25
1717596000,308.5,312,307.25,311.25
1717597800,311,313,310.75,313
1717599600,312.5,312.5,312.25,312.25
1717655400,312.75,312.75,312.75,312.75
1717657200,312.75,314,311.5,312.75
1717659000,313,313.25,311.25,312.25
1717660800,312,312.75,311.75,312.5
1717662600,312.5,312.5,310.75,311
1717664400,310.75,311.75,310.75,311.5
1717666200,311.25,312,311,311.75
1717668000,311.75,312,311.5,311.75
1717669800,312,312,310.75,310.75
1717671600,310.75,311.5,310.75,311.25
1717673400,311.5,311.5,310.5,311
1717675200,310.75,312,310.5,311.75
1717677000,312,313.25,309,309.25
1717678800,309.5,309.75,308.25,308.75
1717680600,308.5,308.75,306.75,307.5
1717682400,307.25,307.75,305.25,305.5
1717684200,305.25,307,304.25,305.5
1717686000,305.5,305.5,305.5,305.5
1717741800,307.5,307.5,307.5,307.5
1717743600,307.25,307.5,302.75,303.25
1717745400,303.25,304,302.75,303
1717747200,303,304.25,302.5,304.25
1717749000,304,304.25,302.75,303
1717750800,303.25,304,303,303.25
1717752600,303.25,303.5,302.5,303.5
1717754400,303.5,303.5,302.75,303.5
1717756200,303.5,303.5,302.75,303
1717758000,303,303.5,302.75,303.25
1717759800,303,304,303,304
1717761600,304,304.75,303.25,303.25
1717763400,303.5,303.5,302.25,303
1717765200,303,304,302.75,303
1717767000,303.25,304,302.5,303
1717768800,303,303.25,301.5,302.5
1717770600,302.5,302.75,301,302.25
1717772400,302.25,302.5,302.25,302.5
1718001000,300.25,300.25,300.25,300.25
1718002800,300.5,302,299.25,300.75
1718004600,300.75,302.5,300.5,301.5
1718006400,301.5,301.75,300.5,301.25
1718008200,301.5,301.5,300.75,301
1718010000,300.75,301,300,300.25
1718011800,300.25,301,300.25,300.75
1718013600,300.75,302.5,300.5,301.25
1718015400,301,301.25,300.5,300.75
1718017200,301,301.25,300.75,300.75
1718019000,300.75,301.75,300.5,300.75
1718020800,300.75,301,300.25,300.5
1718022600,300.75,301.25,300.25,300.5
1718024400,300.75,302.5,300.25,301.25
1718026200,301.5,302.25,301,301.5
1718028000,301.5,301.75,300.25,300.25
1718029800,300.25,300.5,299,299.5
1718031600,299.75,299.75,299.75,299.75
1718087400,300.5,300.5,300.5,300.5
1718089200,300.5,303,298.5,299.5
1718091000,299.25,302.25,299.25,301
1718092800,301,301.25,300,300.25
1718094600,300.25,301,300,300.75
1718096400,300.75,301,300.25,300.5
1718098200,300.5,303.25,300.25,302.5
1718100000,302.5,307,302.5,305.75
1718101800,305.75,307,304.5,305
1718103600,304.75,305.25,303,304.75
1718105400,304.75,304.75,303.25,303.5
1718107200,303.75,304,302.5,303.25
1718109000,303.5,305,302.5,303.25
1718110800,303,305,303,304.5
1718112600,304.5,304.75,303,303
1718114400,303.25,303.5,302,302.25
1718116200,302.25,303.75,301.25,303
1718118000,302.5,302.5,302.5,302.5
1718173800,302.25,302.25,302.25,302.25
1718175600,302,303.5,301.25,302.25
1718177400,302,303.75,301,303.75
1718179200,303.75,307,303.25,306.25
1718181000,306,306.25,304,304
1718182800,304,304.5,303.5,304
1718184600,304,305,303.75,304
1718186400,303.75,304.5,303.5,304.25
1718188200,304,304.25,303.5,303.75
1718190000,303.5,304,303.5,303.75
1718191800,303.75,304,302.25,302.25
1718193600,302.25,302.5,301.5,301.75
1718195400,301.75,303.5,301.5,303.25
1718197200,303.5,306.5,303,304.5
1718199000,304.5,304.75,303.25,304.75
1718200800,304.75,307.25,304.5,306.25
1718202600,306.25,306.75,304.25,306.25
1718204400,306,306,305,305
1718260200,309.5,309.5,309.5,309.5
1718262000,309.75,311.75,309.5,310
1718263800,310.25,311.25,310,310.25
1718265600,310.25,310.75,309.5,310
1718267400,310,310,309,309.5
1718269200,309.5,309.75,309,309.5
1718271000,309.5,309.5,308.5,309
1718272800,309,309,308,308.5
1718274600,308.5,308.75,307.75,307.75
1718276400,308,308.75,307.5,308.25
1718278200,308.25,308.5,307.5,307.5
1718280000,307.5,309,307.5,308.75
1718281800,308.75,309.25,308.25,309
1718283600,309,309.5,308.75,309
1718285400,308.75,309.25,308.5,308.75
1718287200,309,309.5,308.5,309.25
1718289000,309.25,310.25,308.75,309.75
1718290800,309.5,309.5,309.5,309.5
1718346600,313.25,313.25,313.25,313.25
1718348400,313.25,314.25,311.5,312.5
1718350200,312.5,314.25,312.25,313.25
1718352000,313.25,313.75,312.5,313
1718353800,312.75,315,312.75,313.75
1718355600,313.75,314.25,313,313.75
1718357400,313.75,313.75,312.5,312.75
1718359200,313,313,311.5,311.5
1718361000,311.5,312.75,311.5,312.5
1718362800,312.25,312.5,311.75,312.25
1718364600,312.25,312.25,311.25,311.25
1718366400,311.25,311.5,310.5,311.25
1718368200,311.5,311.75,311,311.75
1718370000,311.75,311.75,311,311
1718371800,311.25,311.5,310.25,310.75
1718373600,310.75,311,309.75,311
1718375400,310.75,312,309.75,311.75
1718377200,311.75,311.75,311.75,311.75
1718865000,315.25,315.25,315.25,315.25
1718866800,315.25,316.25,313.5,314
1718868600,313.75,314,312.75,313.5
1718870400,313.5,313.5,312.75,313.25
1718872200,313.25,313.25,311.25,311.75
1718874000,312,312,311,311.25
1718875800,311.25,311.75,311,311.5
1718877600,311.25,311.75,311,311
1718879400,311.25,311.25,310.5,310.75
1718881200,310.5,311,310.25,311
1718883000,310.75,311.25,310.25,310.5
1718884800,310.5,310.75,310,310.5
1718886600,310.5,310.75,310.25,310.5
1718888400,310.75,311,310.5,310.75
1718890200,310.75,313,310.5,312.25
1718892000,312.25,312.75,311.75,312.75
1718893800,312.75,315.75,312.25,315.75
1718895600,316,316,316,316
1718951400,316,316,316,316
1718953200,315.75,316.75,314.25,314.75
1718955000,314.5,315.5,314.25,314.75
1718956800,315,316.5,313.75,314.5
1718958600,314.5,315,314.25,314.75
1718960400,314.5,315.25,314.5,315
1718962200,315,315.25,314.75,315
1718964000,315,315.25,314.5,314.75
1718965800,314.75,315.5,314.75,315.25
1718967600,315,315.75,314.75,315.25
1718969400,315.25,315.25,314.5,315
1718971200,315,315,314.5,314.75
1718973000,314.75,315.5,314.5,315
1718974800,315.25,315.75,314.75,315.75
1718976600,315.75,315.75,314.25,315
1718978400,314.75,315.5,314.75,315.25
1718980200,315.5,316.25,314.5,316
1718982000,315.75,316,315.75,316
1719210600,317.25,317.25,317.25,317.25
1719212400,317.25,317.5,314,314.5
1719214200,314.25,314.75,313.75,313.75
1719216000,313.75,314,312.75,313.25
1719217800,313.25,313.25,312.5,312.75
1719219600,312.5,313,312.25,313
1719221400,313,313.25,312.75,313.25
1719223200,313,313.5,313,313
1719225000,313.25,313.25,312,312
1719226800,312.25,312.5,311.5,312.25
1719228600,312.25,312.25,311.25,311.5
1719230400,311.5,311.75,311,311.75
1719232200,311.75,311.75,309.75,310.75
1719234000,310.5,310.5,309.5,309.75
1719235800,309.5,310.5,309,310
1719237600,310,311.25,309.75,311.25
1719239400,311,311.5,310.5,311
1719241200,310.25,310.25,310.25,310.25
1719297000,310.5,310.5,310.5,310.5
1719298800,310.5,311,308.5,308.75
1719300600,308.75,308.75,306.5,307.5
1719302400,307.5,307.75,306.75,307.25
1719304200,307.25,307.25,305.75,307.25
1719306000,307.25,307.5,306.5,307.25
1719307800,307.25,307.5,306.5,307
1719309600,306.75,307.5,306.25,307
1719311400,306.75,308,306.25,307.5
1719313200,307.5,308,307.25,307.75
1719315000,307.75,307.75,306.75,307
1719316800,307,307.5,306.25,307.5
1719318600,307.5,308.25,307,307.75
1719320400,307.75,308.5,307.25,307.5
1719322200,307.5,307.75,306.5,306.75
1719324000,306.75,307.5,306.5,307.5
1719325800,307.5,307.5,305.5,305.75
1719327600,305.75,305.75,305.75,305.75
1719383400,305.75,305.75,305.75,305.75
1719385200,305.75,306.5,304.25,304.75
1719387000,304.75,304.75,303.5,304
1719388800,304,304.75,303.25,304.75
1719390600,304.75,304.75,303.75,304
1719392400,304,304.25,303.25,304.25
1719394200,304.25,304.25,303.5,303.75
1719396000,304,305.25,303.75,305
1719397800,305,305.25,304.5,304.5
1719399600,304.75,305,303.75,304
1719401400,303.75,304.25,303.25,304
1719403200,304,304.5,303.75,304.25
1719405000,304.5,304.75,303.5,303.75
1719406800,304,305,303.5,303.75
1719408600,303.75,304.25,303.75,304
1719410400,303.75,304.5,302.5,302.75
1719412200,302.75,303.5,301.25,301.5
1719414000,301.5,301.5,301,301
1719469800,302.5,302.5,302.5,302.5
1719471600,302.5,306.5,302.5,304.5
1719473400,304.75,304.75,303.75,304.25
1719475200,304.25,304.75,303.25,303.5
1719477000,303.5,304,303.25,304
1719478800,303.75,304,303.5,303.75
1719480600,303.5,303.75,303.25,303.75
1719482400,303.75,304.5,303.5,304.25
1719484200,304.5,304.75,304.25,304.5
1719486000,304.25,304.5,303.5,304
1719487800,304,304.25,303.25,303.75
1719489600,303.75,304.25,303.5,303.5
1719491400,303.75,305,302.75,304.75
1719493200,304.75,306,304.5,305.75
1719495000,305.75,306.5,305.5,306.25
1719496800,306.25,307.5,305.75,306
1719498600,306,306.5,305.5,306.5
1719500400,306.25,306.25,305.75,305.75
1719556200,307.75,307.75,307.75,307.75
1719558000,307.5,309,307.25,307.5
1719559800,307.5,310,306.5,308.75
1719561600,308.5,310,308.5,309.5
1719563400,309.75,309.75,309,309.5
1719565200,309.75,310.75,308.75,309
1719567000,309.25,309.75,309,309
1719568800,309.25,309.5,308.5,309
1719570600,309.25,309.25,308.25,308.75
1719572400,308.75,309.25,308.5,308.75
1719574200,309,309.25,308.25,309
1719576000,309,309.75,308.75,309.25
1719577800,309.5,310,309,309.75
1719579600,310,310.5,309.5,309.75
1719581400,309.75,310.25,309.5,309.75
1719583200,309.75,310.5,309.25,310.25
1719585000,310.25,310.5,307.25,309.25
1719586800,309,309.25,308.75,308.75
1719815400,310,310,310,310
1719817200,310,310.5,307.5,308
1719819000,308,308.25,304.25,304.5
1719820800,304.5,305.75,304,305
1719822600,304.75,305,303.5,303.75
1719824400,304,304,302.75,302.75
1719826200,302.75,303,299,299.25
1719828000,299.25,300.5,294.5,296.25
1719829800,296.25,297.5,295.75,296.25
1719831600,296,296.25,295.5,295.75
1719833400,295.75,297.75,295.5,297.25
1719835200,297.5,298,296.25,297.25
1719837000,297.25,297.25,295.75,296.75
1719838800,296.75,297,296,296
1719840600,296,296.5,294.5,295
1719842400,295,295.25,294.5,294.5
1719844200,294.5,295.25,293,294.5
1719846000,294.5,295.75,294.5,295.75
1719901800,295.75,295.75,295.75,295.75
1719903600,295.5,295.75,293.25,295
1719905400,295,297.75,295,297
1719907200,297,297.5,295.25,296.5
1719909000,296.5,296.75,295.25,295.75
1719910800,295.75,296,294.5,294.5
1719912600,294.75,295.75,294.5,295.5
1719914400,295.25,295.75,295,295.25
1719916200,295.25,295.25,294.25,294.75
1719918000,294.5,294.75,293.75,294.5
1719919800,294.25,295.25,294,294.75
1719921600,294.75,295.25,294.25,294.75
1719923400,294.75,295.75,294.5,295.25
1719925200,295,298,294.75,296
1719927000,296,296.75,295.25,296
1719928800,296,296.25,294,294.5
1719930600,294.5,297.75,294.25,297
1719932400,297,297.75,297,297.75
1719988200,299,299,299,299
1719990000,299.25,302.5,297.75,301.5
1719991800,301.5,303,301,301.25
1719993600,301,302,300.75,301
1719995400,301.25,301.25,300.5,300.5
1719997200,300.5,300.75,299.75,300.25
1719999000,300.5,300.5,299.25,299.25
1720000800,299.25,299.5,298.75,299
1720002600,299,300.25,298.75,299.75
1720004400,299.75,300.25,299,299.5
1720006200,299.5,300.5,298.75,299.5
1720008000,299.5,300,299,299.5
1720009800,299.25,299.75,298.25,298.5
1720011600,298.5,300.75,298.5,300.25
1720013400,300.25,301.75,300.25,301.75
1720015200,301.75,303.5,301.5,302.75
1720017000,302.5,303.5,302,303.5
1720018800,303.5,303.5,303.25,303.25
1720074600,304.5,304.5,304.5,304.5
1720076400,304.5,306.25,303.75,304.5
1720078200,304.25,305.25,303.75,304.75
1720080000,304.75,305.5,304.5,304.75
1720081800,304.75,304.75,304.25,304.5
1720083600,304.5,305,304.25,304.75
1720085400,305,305,304.25,304.5
1720087200,304.75,305,304,304
1720089000,304.25,304.25,303.5,303.75
1720090800,303.75,304.5,303.5,304.5
1720092600,304.5,306.5,304.25,306.5
1720094400,306.5,308.75,306.25,308.75
1720096200,308.75,308.75,307.25,307.75
1720098000,307.75,309,307.5,309
1720099800,309,309.5,308.25,309
1720101600,308.75,309.25,308,308.25
1720103400,308.25,311.5,308,311
1720105200,311,311,311,311
1720161000,311,311,311,311
1720162800,310.75,313.25,310.5,311
1720164600,311.25,312.5,310.75,312.25
1720166400,312.25,312.25,310.75,311.5
1720168200,311.25,311.5,310.5,311.25
1720170000,311,312.25,311,311.5
1720171800,311.5,312,311.25,311.25
1720173600,311.25,311.75,310.5,310.75
1720175400,310.75,311,310,310.25
1720177200,310,310.25,308.75,309.5
1720179000,309.5,310.5,309.25,310.25
1720180800,310,310.75,309.75,310
1720182600,310,311.5,309.75,310.5
1720184400,310.5,310.75,308.5,309
1720186200,309,309.25,308.25,309
1720188000,309,309.5,307.25,308.5
1720189800,308.75,308.75,307.25,308
1720191600,308,308,308,308
1720420200,308.5,308.5,308.5,308.5
1720422000,308.5,309.75,308.25,309.25
1720423800,309,309.5,307.5,307.5
1720425600,307.5,308,307.25,307.75
1720427400,307.75,308.25,307.25,308
1720429200,307.75,308.5,307.5,308.5
1720431000,308.5,308.5,308,308
1720432800,308,308.25,307.75,308
1720434600,307.75,308.5,307.75,308
1720436400,308,308.75,307.75,308
1720438200,308.25,309,308,308.5
1720440000,308.75,309.25,308.25,308.75
1720441800,308.5,309,308.5,308.75
1720443600,308.75,309.25,306.75,307.25
1720445400,307,307.75,306.5,307
1720447200,307,307.5,306.5,307.25
1720449000,307.25,307.25,305.25,306.25
1720450800,306.25,306.25,306,306
1720506600,306.75,306.75,306.75,306.75
1720508400,306.5,308.75,306.25,307.75
1720510200,308,309.5,307.5,309
1720512000,308.75,309.25,308.25,308.75
1720513800,309,310.5,308.5,309.5
1720515600,309.5,311.75,309.5,311.75
1720517400,311.75,311.75,310.25,310.25
1720519200,310.25,310.75,310.25,310.5
1720521000,310.5,310.75,309.5,310.5
1720522800,310.25,311.5,310.25,311
1720524600,311,311,309.25,309.25
1720526400,309.25,310,309.25,309.25
1720528200,309.25,310,308.5,308.75
1720530000,309,309.25,308.5,309
1720531800,308.75,310.25,308.75,309.75
1720533600,309.75,310.5,309.25,309.75
1720535400,309.75,311,309.75,310.75
1720537200,310.75,310.75,310.75,310.75
1720593000,311,311,311,311
1720594800,311,311.25,308.25,308.5
1720596600,308.75,309,307.25,308
1720598400,308,309.25,307.5,308.5
1720600200,308.5,309.75,308.5,309.5
1720602000,309.5,309.5,308.25,308.5
1720603800,308.25,308.75,308,308.25
1720605600,308.5,308.75,308,308.5
1720607400,308.5,308.75,308.25,308.5
1720609200,308.5,308.75,307.5,308
1720611000,308,308,306.75,307
1720612800,307,307.75,306.5,307.75
1720614600,307.75,307.75,306.75,307.25
1720616400,307,308,306.75,307.25
1720618200,307.25,307.75,306.75,307.75
1720620000,307.75,308.5,307.25,308.25
1720621800,308,308.5,306,306.25
1720623600,304.75,304.75,304.75,304.75
1720679400,307.25,307.25,307.25,307.25
1720681200,307.25,309,307,308.25
1720683000,308,309.25,308,309
1720684800,309,309.25,308.25,308.5
1720686600,308.75,308.75,308.25,308.25
1720688400,308.5,308.75,308.25,308.5
1720690200,308.5,308.5,307.75,308.25
1720692000,308.25,308.25,307.5,307.75
1720693800,307.75,308,307.5,307.75
1720695600,308,308.25,307.25,307.5
1720697400,307.75,308.5,307.5,308.25
1720699200,308.25,308.25,307.75,308.25
1720701000,308.25,309.75,308,309
1720702800,308.75,309,308.5,308.75
1720704600,308.75,309.5,308.5,309.25
1720706400,309.25,309.25,308.25,308.5
1720708200,308.5,310,308.25,309.75
1720710000,310,310,310,310
1720765800,310.5,310.5,310.5,310.5
1720767600,310.5,310.5,308.75,309
1720769400,309,309.25,308.25,308.75
1720771200,308.75,309,308.5,309
1720773000,309,309.5,308.5,309.25
1720774800,309,309.5,308.75,308.75
1720776600,309,309.25,308.75,309
1720778400,309.25,309.25,308.75,308.75
1720780200,308.75,309,308.5,308.75
1720782000,308.75,309,308.5,309
1720783800,309,309.25,308.75,308.75
1720785600,309,309.5,308.5,308.5
1720787400,308.75,309,308.5,309
1720789200,309,309.25,308.75,309
1720791000,309,309.25,308.5,309.25
1720792800,309.25,309.25,308.25,308.5
1720794600,308.75,308.75,307,307.25
1720796400,307.25,307.25,307.25,307.25
1721111400,308,308,308,308
1721113200,308,309.5,307.75,308.75
1721115000,309,309.75,308.75,309
1721116800,309,309.25,308.25,308.5
1721118600,308.5,308.75,308,308.5
1721120400,308.25,308.75,308.25,308.25
1721122200,308.25,308.5,308,308.25
1721124000,308,308.5,307.75,308
1721125800,308,308.25,308,308
1721127600,308,308.25,307.75,308
1721129400,307.75,308.25,307.75,308
1721131200,308,308.25,307.75,308
1721133000,307.75,308.25,307.75,308
1721134800,308,308.25,307.75,307.75
1721136600,308,308.25,307.75,308
1721138400,307.75,309,307.25,308.5
1721140200,308.25,308.5,307,307.25
1721142000,307.25,307.5,307,307.5
1721197800,308,308,308,308
1721199600,308,308.75,305.75,306.5
1721201400,306.5,310,306.25,308.75
1721203200,309,309.25,307.5,308
1721205000,308,308.5,307.5,308.5
1721206800,308.5,308.75,308.25,308.25
1721208600,308.5,308.75,308.25,308.5
1721210400,308.25,308.5,308,308.5
1721212200,308.25,310,308.25,310
1721214000,309.75,311.75,309.75,310.5
1721215800,310.5,311.75,310.5,310.75
1721217600,310.75,311.25,310.25,310.75
1721219400,310.75,310.75,309.5,310
1721221200,310.25,310.5,309.5,310.5
1721223000,310.5,311.5,310.25,311
1721224800,311.25,311.5,310.25,310.75
1721226600,310.75,311,309.5,309.75
1721228400,309.25,309.25,309.25,309.25
1721284200,311,311,311,311
1721286000,311.25,315.25,311,314.25
1721287800,314.5,314.75,313.25,313.75
1721289600,313.75,316.25,313.25,315
1721291400,315.25,316.5,315,316.25
1721293200,316,317.25,316,317.25
1721295000,317.25,317.25,315.75,316.75
1721296800,316.5,316.75,315.5,316.25
1721298600,316.25,316.75,315.5,316
1721300400,315.75,316.75,315.5,316.25
1721302200,316.5,318,316.25,318
1721304000,317.75,318.5,317,318
1721305800,317.75,318.5,317.5,318
1721307600,318,318.25,316.75,317.5
1721309400,317.25,318.25,317.25,317.75
1721311200,317.5,318.5,317.25,317.75
1721313000,317.75,317.75,315.25,316.75
1721314800,316.75,316.75,316.5,316.5
1721370600,316,316,316,316
1721372400,315.75,317.5,315.5,317.25
1721374200,317.25,318.75,313.75,314
1721376000,314,314.5,312.75,313
1721377800,313,315,313,315
1721379600,314.75,315,314,314
1721381400,314,315,313.5,314.5
1721383200,314.5,315,314,314.75
1721385000,314.75,315.25,314.5,314.75
1721386800,314.5,315.75,314.25,315
1721388600,314.75,316,314.5,315.75
1721390400,315.75,316.25,315.5,315.75
1721392200,315.75,316,314.5,315.5
1721394000,315.75,315.75,314.75,314.75
1721395800,315,315,313.5,314.25
1721397600,314,314.25,313.25,314
1721399400,314,315,313.5,314.5
1721401200,314.75,315.5,314.75,315.5
1721629800,316,316,316,316
1721631600,316,317,314,314.5
1721633400,314.75,315,314,314.75
1721635200,314.5,315.5,314,314.5
1721637000,314.25,314.5,313.75,314
1721638800,314,314,313.5,314
1721640600,314,314,313.25,313.25
1721642400,313.25,313.75,313,313.5
1721644200,313.5,313.5,312.5,312.75
1721646000,312.75,313.25,312.75,313
1721647800,313,313.5,312.25,313
1721649600,312.75,313,312.5,313
1721651400,313,313,312.75,313
1721653200,312.75,313.25,312.75,312.75
1721655000,312.75,313.25,312.25,312.5
1721656800,312.5,312.5,310.5,311
1721658600,310.75,311.25,309.75,310
1721660400,309.75,309.75,309.75,309.75
1721716200,310,310,310,310
1721718000,310.25,311,308.5,310.25
1721719800,310.25,310.5,309.25,309.25
1721721600,309.25,310.75,309,310
1721723400,310.25,310.25,308.75,309
1721725200,309,309.75,309,309
1721727000,309,309.25,308.75,309.25
1721728800,309.25,309.5,309,309.5
1721730600,309.5,309.5,309,309
1721732400,309.25,309.75,309,309
1721734200,309.25,309.5,307.75,308
1721736000,308,308.25,306.5,306.75
1721737800,306.75,307,306.25,306.75
1721739600,306.5,307.75,306.5,307
1721741400,307,307.75,306.75,307
1721743200,307.25,307.5,306.5,306.75
1721745000,306.75,307,305.5,305.75
1721746800,306,306,306,306
1721802600,306.25,306.25,306.25,306.25
1721804400,306.25,307.25,304.75,306
1721806200,306,306,305.25,305.75
1721808000,305.5,306,305,305.5
1721809800,305.5,305.5,305.25,305.5
1721811600,305.5,305.5,305.25,305.5
1721813400,305.25,305.5,305,305.5
1721815200,305.5,307,305.25,306.75
1721817000,306.75,306.75,305.5,305.5
1721818800,305.75,306.5,305.25,306
1721820600,306,306.5,305.75,306.5
1721822400,306.25,306.75,306.25,306.5
1721824200,306.5,307.75,306,307.25
1721826000,307.5,307.5,306.5,306.75
1721827800,306.5,307.25,305.25,305.25
1721829600,305.25,305.5,304.5,305.25
1721831400,305,305.75,303.75,305.25
1721833200,305,305,305,305
1721889000,305.25,305.25,305.25,305.25
1721890800,305.25,306.25,303.75,306
1721892600,306,306,305,305
1721894400,305,305.25,304.5,304.75
1721896200,304.5,304.75,303.5,303.75
1721898000,303.75,304,303.25,304
1721899800,303.75,304,303.5,303.5
1721901600,303.75,304.25,303.5,304
1721903400,304,304,303.5,303.75
1721905200,303.75,304,303.5,303.5
1721907000,303.75,303.75,303,303
1721908800,303,303.5,302.25,302.75
1721910600,302.5,303.25,302,302.75
1721912400,303,303.25,302.25,302.5
1721914200,302.5,302.5,299.75,300
1721916000,300,300.5,299.5,300
1721917800,300,300.25,298.5,299.75
1721919600,299.75,300.25,299.75,300.25
1721975400,300.75,300.75,300.75,300.75
1721977200,300.75,303.5,300.5,302
1721979000,302,302.5,301.5,301.75
1721980800,301.75,302,301.5,302
1721982600,301.75,302,300.75,301
1721984400,301,301.25,300.5,301
1721986200,300.75,301,300.5,300.75
1721988000,300.75,301.25,300.5,301
1721989800,301,301.75,301,301.25
1721991600,301.5,301.75,300.75,301
1721993400,301,301.5,300.75,301
1721995200,301.25,302.25,300.75,301.75
1721997000,301.75,302,301.5,302
1721998800,302,302.5,301.75,301.75
1722000600,301.75,302,300.75,301.25
1722002400,301.25,301.75,300.75,301
1722004200,301,301.5,300.75,301.5
1722006000,301.5,301.5,301.25,301.5
1722234600,298.75,298.75,298.75,298.75
1722236400,298.5,299.5,296,297.75
1722238200,297.75,297.75,297,297.25
1722240000,297,297.25,296.5,296.75
1722241800,296.75,297.25,296.5,297
1722243600,297,297.5,296.75,297.5
1722245400,297.5,297.5,297,297.25
1722247200,297.25,297.25,296.75,297.25
1722249000,297.25,297.75,297,297.25
1722250800,297.5,297.5,297,297.5
1722252600,297.5,297.5,296.5,296.5
1722254400,296.5,297,296.5,297
1722256200,297,297,296.5,296.5
1722258000,296.5,297,296.25,296.75
1722259800,296.5,296.75,294.75,295
1722261600,295,295.5,294.75,295
1722263400,295,295.75,293.75,294.75
1722265200,294.75,294.75,294,294
1722321000,294.5,294.5,294.5,294.5
1722322800,294.5,295.5,294,295
1722324600,295.25,297,294.75,296.75
1722326400,296.75,296.75,295.75,296
1722328200,296,296.25,294.5,294.75
1722330000,295,295.25,294.5,294.75
1722331800,295,295.25,294.75,295.25
1722333600,295.25,295.5,294.5,295
1722335400,295,295,294.5,295
1722337200,295,295,294.25,294.75
1722339000,294.75,295,293.5,293.75
1722340800,293.75,294,293,293.75
1722342600,294,294,293,293.5
1722344400,293.5,294.25,293.25,293.5
1722346200,293.75,294,293.25,293.75
1722348000,293.75,294.5,292.5,292.75
1722349800,293,294,292.5,293.25
1722351600,293.5,293.5,293.5,293.5
1722407400,291.25,291.25,291.25,291.25
1722409200,291,292,289.5,290.75
1722411000,290.75,291,290,290.25
1722412800,290.25,290.25,289.75,290.25
1722414600,290,290.5,289.5,289.75
1722416400,289.75,289.75,289.25,289.5
1722418200,289.75,289.75,289.25,289.5
1722420000,289.25,289.5,289,289.25
1722421800,289.25,289.75,289,289.5
1722423600,289.5,289.5,289,289.25
1722425400,289.25,290.5,288.75,290.25
1722427200,290.5,291.5,290.25,291.25
1722429000,291.25,291.75,291,291.75
1722430800,291.75,292,290.5,291
1722432600,291,291,290,290.75
1722434400,290.75,291.25,289.5,289.75
1722436200,289.75,289.75,288.25,288.75
1722438000,288.75,289.25,288.75,289.25
1722493800,293,293,293,293
1722495600,293.25,296.5,293.25,296
1722497400,296,296,295.25,296
1722499200,295.75,297,295.5,296
1722501000,296,296.75,295.75,296
1722502800,296,297,295.25,296.75
1722504600,297,297,296,296.25
1722506400,296.5,297.5,296.25,297.25
1722508200,297.25,298,296.75,297.5
1722510000,297.5,298,297,298
1722511800,298,298,296.75,297
1722513600,297,297.5,296.5,297
1722515400,296.75,297.25,296,297.25
1722517200,297.25,298.25,297,297.25
1722519000,297.25,297.5,296.75,297
1722520800,297,297,296,296.25
1722522600,296.25,297.75,296,297.75
1722524400,297.75,297.75,297.5,297.5
1722580200,292.5,292.5,292.5,292.5
1722582000,292.5,293.75,291.75,293
1722583800,293,293.5,292,293
1722585600,293,293,291.75,292
1722587400,292,293,291.75,293
1722589200,293,293.25,292,293.25
1722591000,293.25,293.75,292.75,293.75
1722592800,293.75,293.75,292.5,292.75
1722594600,292.75,292.75,291.75,292.75
1722596400,292.5,292.75,291.75,292.5
1722598200,292.5,293,292,292
1722600000,292.25,292.5,291.5,292.25
1722601800,292.25,292.25,290.25,290.75
1722603600,290.5,291.5,290.25,291.5
1722605400,291.5,291.5,290.25,290.5
1722607200,290.5,290.5,288.25,289
1722609000,289,292,288.5,291
1722610800,291,291.5,291,291.5
1722839400,271.25,271.25,271.25,271.25
1722841200,271.5,271.5,271.5,271.5
1722843000,271.75,278.25,271.75,276.75
1722844800,276.75,279.75,276,277.75
1722846600,278,280.5,277.25,280.5
1722848400,280.5,280.75,278,279
1722850200,279,280.75,278,280
1722852000,280,280,277.75,278
1722853800,278.25,278.75,277.5,277.5
1722855600,277.75,278.25,276.75,277.25
1722857400,277.5,279,275.75,276
1722859200,276,277.5,275.25,277.5
1722861000,277.5,277.5,274,276.25
1722862800,276.25,278.5,275.5,277.5
1722864600,277.75,279,276.5,279
1722866400,279,279.75,277.25,278.25
1722868200,278.25,278.5,276.25,276.75
1722870000,277,277,277,277
1722925800,289,289,289,289
1722927600,288.75,289,285,287.5
1722929400,287.5,288.25,286,286.25
1722931200,286.25,286.75,285.75,286.25
1722933000,286.25,286.5,284.25,285
1722934800,285,285,283.75,284.25
1722936600,284.25,285.25,284.25,285.25
1722938400,285.25,285.25,284.25,284.5
1722940200,284.75,285,284.25,284.5
1722942000,284.5,285.75,284.5,285.25
1722943800,285.5,285.75,284.75,285.5
1722945600,285.5,285.75,284.75,285
1722947400,285,285.25,284.25,284.5
1722949200,284.75,284.75,282.25,282.5
1722951000,282.25,282.75,279.75,281.25
1722952800,281.5,283.5,281,281.5
1722954600,281.75,282.5,279.5,279.75
1722956400,279.75,279.75,279.5,279.5
1723012200,282.5,282.5,282.5,282.5
1723014000,282.75,285.75,282.5,283.5
1723015800,283.5,286.25,283.25,286
1723017600,286,292.25,285.75,291.75
1723019400,291.75,293.5,291.5,292.5
1723021200,292.75,294.25,292.25,292.75
1723023000,293,293.75,292.5,293
1723024800,293.25,294.75,293,294.75
1723026600,294.75,294.75,293.75,294.25
1723028400,294.25,297,294.25,296.25
1723030200,296.25,296.25,294,294.5
1723032000,294.75,295.75,294,294.5
1723033800,294.25,295.75,294,295.25
1723035600,295.25,297.5,295,297.25
1723037400,297.5,300,296.75,298.5
1723039200,298.25,299,297.5,298.25
1723041000,298.25,299.5,298,299
1723042800,298.75,298.75,298,298
1723098600,298,298,298,298
1723100400,297.75,300.25,297.5,299.5
1723102200,299.25,300.5,297.5,300
1723104000,300,301.5,299.75,300.25
1723105800,300.5,300.5,298.5,299
1723107600,299,305.5,298.75,305
1723109400,305,305.5,303.75,305
1723111200,305,305.75,303.5,304.25
1723113000,304,304.5,302.5,303.25
1723114800,303.25,304.5,302.75,303.25
1723116600,303,303.5,301.25,302.5
1723118400,302.5,302.75,301.5,301.5
1723120200,301.75,304,301.5,303.5
1723122000,303.75,304.25,302.25,302.75
1723123800,302.75,302.75,301.75,302
1723125600,302,302.5,301.5,301.75
1723127400,301.5,302.5,301,302
1723129200,302,302,302,302
1723185000,306.5,306.5,306.5,306.5
1723186800,306.5,308,305.25,306.25
1723188600,306.25,306.25,304,304.25
1723190400,304.25,305.5,303.25,303.75
1723192200,303.5,305,303,304
1723194000,304.25,304.5,303.25,303.75
1723195800,304,304,301.25,302.25
1723197600,302.25,303.25,302,302.75
1723199400,302.75,303.5,302.25,302.5
1723201200,302.25,303.75,301.75,302.25
1723203000,302.5,303.25,301.75,302.75
1723204800,303,303.25,302,302.5
1723206600,302.5,302.5,301.25,301.75
1723208400,301.5,302.5,300.5,302
1723210200,302,302.5,301,301.75
1723212000,301.75,303.25,301,302
1723213800,302.25,302.5,301.25,301.75
1723215600,301.75,301.75,301.75,301.75
1723444200,305,305,305,305
1723446000,305,306.75,303.75,305.5
1723447800,305.5,306.5,304.25,306
1723449600,306,306,305,305.75
1723451400,305.5,306,305,305
1723453200,305,305.25,304,304.75
1723455000,304.75,305.25,304.25,304.5
1723456800,304.5,304.75,304,304.5
1723458600,304.5,304.75,303.75,304
1723460400,303.75,304,302,302.25
1723462200,302.25,303.25,302,302.75
1723464000,302.75,302.75,299.5,300.25
1723465800,300.25,301,300,301
1723467600,301,302,300.5,301.75
1723469400,301.75,302.75,299.5,299.75
1723471200,299.5,302.75,299,302.25
1723473000,302.25,302.5,299.5,300
1723474800,299.75,300.25,299.75,300.25
1723530600,300.25,300.25,300.25,300.25
1723532400,300,300.75,296.5,296.75
1723534200,296.75,297.5,296.25,297
1723536000,297,297.25,295,295.25
1723537800,295.25,295.75,294.75,295.25
1723539600,295.5,295.5,294.5,295.25
1723541400,295,295.75,295,295.25
1723543200,295.25,295.75,294.75,295.5
1723545000,295.5,295.75,295,295.5
1723546800,295.5,296.25,295.25,295.25
1723548600,295.5,295.5,294,294.25
1723550400,294.5,294.5,293.5,294.25
1723552200,294.25,295.75,294,294.75
1723554000,295,295.25,292.5,292.75
1723555800,292.75,293.25,292.25,292.75
1723557600,292.75,297.5,292.25,296
1723559400,296,298.25,295.25,297.5
1723561200,297.75,297.75,297.75,297.75
1723617000,299.25,299.25,299.25,299.25
1723618800,299.25,301.5,296.5,297.5
1723620600,297.5,298,296.75,297.25
1723622400,297,297.25,294.75,296.25
1723624200,296,296.5,295.25,295.75
1723626000,295.5,296.25,295.25,295.75
1723627800,295.5,296.25,295.5,295.75
1723629600,295.75,296.25,295.5,296
1723631400,296,296.5,295.5,295.75
1723633200,296,296,295,295.5
1723635000,295.5,295.75,294.25,295.5
1723636800,295.25,295.75,294.75,295.5
1723638600,295.5,296,293.25,293.5
1723640400,293.5,294.25,293,293.5
1723642200,293.25,294,292.5,293.25
1723644000,293,294.25,292.5,293.5
1723645800,293.5,293.75,291.5,292.25
1723647600,292.25,292.25,291.75,291.75
1723703400,291.75,291.75,291.75,291.75
1723705200,291.5,291.75,284,284.25
1723707000,284.25,284.75,282.75,284.25
1723708800,284,284.5,283.25,284
1723710600,284,286.75,283.75,286.5
1723712400,286.5,287.25,285.75,286.25
1723714200,286,286.75,285.25,286.5
1723716000,286.5,286.75,285.75,286.25
1723717800,286.5,287.25,284,284.25
1723719600,284.25,284.5,283,284.5
1723721400,284.25,285.25,284.25,285
1723723200,285,285.75,284.5,284.75
1723725000,285,288,284.75,288
1723726800,288,288.75,286.5,288
1723728600,288,288.25,286.25,286.75
1723730400,286.75,287.75,286.25,287.25
1723732200,287.25,289.25,287,288.5
1723734000,288.5,288.5,288.5,288.5
1723789800,296,296,296,296
1723791600,296,299.25,295.75,297.75
1723793400,298,298.25,297,297.5
1723795200,297.5,298,296,296
1723797000,296.25,298,296,297.25
1723798800,297.25,297.75,296.75,297.25
1723800600,297.5,297.75,296.5,297
1723802400,297,297.25,296.25,296.75
1723804200,296.75,297,295.75,295.75
1723806000,295.75,296,294.25,294.25
1723807800,294.5,295.25,294.25,294.75
1723809600,294.75,297.5,294.5,296.5
1723811400,296.75,296.75,294.5,295.25
1723813200,295.5,296.25,294.25,294.5
1723815000,294.5,295.25,292.75,293
1723816800,293,295,292.5,294.5
1723818600,294.25,294.75,293,294.25
1723820400,294,294,293.5,293.5
1724049000,295.5,295.5,295.5,295.5
1724050800,295.5,296,292.75,293.25
1724052600,293.5,294.25,293,293.5
1724054400,293.5,294,292,293.75
1724056200,293.75,294,292.75,293
1724058000,293.25,293.5,292.75,293.25
1724059800,293.25,294,292.75,294
1724061600,294,294.25,293.25,293.5
1724063400,293.25,293.75,292.75,293
1724065200,293,293.75,292.5,293.25
1724067000,293.5,294,293,293.5
1724068800,293.5,295.75,293.25,294.75
1724070600,294.75,295.25,293.75,293.75
1724072400,294,294.5,293.5,293.75
1724074200,293.5,295.25,293.25,294.5
1724076000,294.75,295.75,294,295
1724077800,295,298,294.5,297.5
1724079600,297,297,297,297
1724135400,296.5,296.5,296.5,296.5
1724137200,296.5,300.75,295.75,299.5
1724139000,299.5,299.75,297.5,298.5
1724140800,298.5,300.25,297.75,300
1724142600,300.25,301.25,299.5,300.5
1724144400,300.5,302,300.25,301.5
1724146200,301.25,301.5,300.25,301.25
1724148000,301,301.75,300.75,301.5
1724149800,301.5,301.75,301,301.5
1724151600,301.25,303.25,299.5,300.25
1724153400,300.5,301,299.75,300.5
1724155200,300.25,300.75,299,299.25
1724157000,299.25,301.75,298.5,301.25
1724158800,301.25,302.5,300,300.5
1724160600,300.5,301,299.75,300.5
1724162400,300.75,301.75,300,300.75
1724164200,300.75,301.25,299.25,299.75
1724166000,299.75,299.75,299.75,299.75
1724221800,299.75,299.75,299.75,299.75
1724223600,299.5,302.5,299,302.5
1724225400,302.5,303,302.25,302.25
1724227200,302.5,302.5,300,300.75
1724229000,300.5,301.5,300.5,301.25
1724230800,301.5,301.75,300.5,301
1724232600,300.75,301,300.5,301
1724234400,301,301.5,300.5,301.5
1724236200,301.5,301.5,300.5,300.5
1724238000,300.75,300.75,298.75,300.25
1724239800,300.25,300.5,299.75,300.25
1724241600,300,300.5,299.75,299.75
1724243400,299.75,300,298.25,299.25
1724245200,299.5,299.5,296.75,297.5
1724247000,297.25,298.25,296.25,297.75
1724248800,297.75,298.25,297.25,297.5
1724250600,297.5,297.75,296.75,297.75
1724252400,297.75,297.75,297.75,297.75
1724308200,300,300,300,300
1724310000,300.25,301.5,299.5,301.25
1724311800,301.5,301.5,300.75,301.25
1724313600,301,301.25,300.25,300.25
1724315400,300.25,300.5,298.5,299.25
1724317200,299.25,300.25,298.75,299.5
1724319000,299.75,300.25,299.25,299.25
1724320800,299.25,299.75,299,299.25
1724322600,299.25,299.75,298.5,298.5
1724324400,298.5,299,298,298.75
1724326200,298.75,299.25,298.25,299
1724328000,298.75,299,297.5,297.75
1724329800,297.5,298,296,296.25
1724331600,296.5,296.5,295,296.25
1724333400,296.25,296.5,294.75,295.25
1724335200,295.25,297,294.75,295.25
1724337000,295.25,296,294.75,295.25
1724338800,295.25,295.25,294.5,294.5
1724394600,294.75,294.75,294.75,294.75
1724396400,294.75,296,294.25,294.5
1724398200,294.75,294.75,291.75,292
1724400000,292,292.25,291,291.75
1724401800,292,292.5,291.75,292.5
1724403600,292.5,294,292.25,293
1724405400,293.25,293.75,292.75,293.25
1724407200,293.25,293.75,292.75,293.25
1724409000,293,295,293,295
1724410800,295,297.75,294.75,297
1724412600,297,297,295.25,295.5
1724414400,295.25,296,294,294.5
1724416200,294.5,295.5,294,295
1724418000,295,297.75,294.25,296.75
1724419800,296.75,297,296,296.5
1724421600,296.25,299,296,296.5
1724423400,296.5,296.5,292.75,294
1724425200,293.75,295,293.75,295
1724653800,296.5,296.5,296.5,296.5
1724655600,296.25,297.25,293,294
1724657400,294,295.75,293.5,293.75
1724659200,293.75,294,291,291.75
1724661000,291.5,293,291.25,292.5
1724662800,292.5,293,292.25,292.25
1724664600,292.25,293.25,292.25,292.5
1724666400,292.5,292.75,291.75,292
1724668200,292.25,293.25,292,292.5
1724670000,292.5,293,292,292.75
1724671800,292.75,293,292.25,292.75
1724673600,292.75,293.5,292.25,292.75
1724675400,292.5,293,291.75,292.25
1724677200,292.5,294.25,292.25,294
1724679000,294,294.25,292.75,293
1724680800,293,293.25,291,291.25
1724682600,291.25,291.5,288.75,289
1724684400,289,289,288.75,288.75
1724740200,288.75,288.75,288.75,288.75
1724742000,288.75,291,287.75,290
1724743800,290,290.5,289.25,289.5
1724745600,289.75,290.25,289.25,289.75
1724747400,290,290.5,289.5,290
1724749200,290,290.25,289.5,290
1724751000,290,290.25,289.5,289.5
1724752800,289.75,290.75,289.25,290.25
1724754600,290.5,291.75,290.25,290.25
1724756400,290.25,292.25,290,292
1724758200,291.75,293.25,291.75,293.25
1724760000,293.25,294.75,293,293
1724761800,293.25,294.25,292.5,293
1724763600,293,294.5,292.5,293.75
1724765400,294,294.5,293,293.25
1724767200,293.25,295,292.75,295
1724769000,295,298.25,294.75,298
1724770800,297.75,297.75,297.75,297.75
1724826600,297.75,297.75,297.75,297.75
1724828400,297.75,300.25,297.5,299.75
1724830200,300,301,298,300.75
1724832000,301,301,299.25,299.5
1724833800,299.5,300,298.75,299.25
1724835600,299.5,300.75,298.5,299.75
1724837400,300,300.25,299.25,299.5
1724839200,299.25,300,299.25,299.75
1724841000,299.75,300,299,299.25
1724842800,299.5,300.25,299.25,300
1724844600,300,302,299.75,301.75
1724846400,301.5,302.25,300.75,301.5
1724848200,301.5,301.75,300.75,301
1724850000,301,303.25,300.75,303
1724851800,303.25,304.5,302.25,303.25
1724853600,303.5,303.5,301.75,302.5
1724855400,302.75,303.25,301.5,302.25
1724857200,302.25,302.25,302.25,302.25
1724913000,302,302,302,302
1724914800,302,303,299.75,300.25
1724916600,300,300.5,299,300.25
1724918400,300.25,300.5,299.25,299.5
1724920200,299.25,300,299,299.75
1724922000,299.75,300.25,299.5,300
1724923800,300,300.25,299.5,299.75
1724925600,299.75,299.75,299.5,299.75
1724927400,299.75,300,299.25,299.5
1724929200,299.25,299.75,298.25,299.25
1724931000,299.25,300.25,299,300
1724932800,300,301,299.75,300.75
1724934600,300.5,301.5,299.5,301.25
1724936400,301.25,301.75,301,301.75
1724938200,301.75,302.25,301.5,302
1724940000,302,302.25,300,300.75
1724941800,300.75,301,300.25,300.5
1724943600,300.5,300.5,300.5,300.5
1725258600,302,302,302,302
1725260400,302.25,303.5,301.75,302.75
1725262200,302.75,305,302.5,304.75
1725264000,305,306.75,304.5,306
1725265800,306.25,307.25,305.5,306.75
1725267600,306.5,307.25,306.25,307
1725269400,307,308,306.75,307.5
1725271200,307.75,308,306.75,307
1725273000,307,307.5,306.75,307
1725274800,307,307.25,306.25,306.75
1725276600,306.5,307.25,306.5,307
1725278400,307,307.25,306.5,306.75
1725280200,307,307.75,307,307.75
1725282000,307.75,307.75,307,307
1725283800,307.25,308.75,306.75,308.5
1725285600,308.5,309.75,307.5,309.5
1725287400,309.75,309.75,307.5,308.5
1725289200,308.5,308.5,308.5,308.5
1725345000,308,308,308,308
1725346800,308,309.25,306.75,307.75
1725348600,307.5,307.75,305.75,306
1725350400,306.25,306.5,305.5,306
1725352200,306,306.25,305,305.5
1725354000,305.5,305.5,304.25,304.75
1725355800,304.75,305,304.5,304.5
1725357600,304.75,305,304.5,304.75
1725359400,304.75,305,303.5,304
1725361200,304,304,303.25,303.75
1725363000,303.5,304.25,303.25,303.75
1725364800,303.75,304,303.5,304
1725366600,304,304.75,303.5,303.75
1725368400,303.75,304.25,303.5,304
1725370200,304,304.25,302.5,302.75
1725372000,302.75,303.25,301.75,303
1725373800,303,303.25,301.75,302.5
1725375600,302.75,302.75,302.75,302.75
1725431400,300.25,300.25,300.25,300.25
1725433200,300.25,301.5,299.5,300.75
1725435000,300.75,301.25,300.25,300.5
1725436800,300.25,301.25,300,301
1725438600,301,301.25,300.5,300.75
1725440400,300.75,300.75,300.25,300.5
1725442200,300.75,301,300.25,300.5
1725444000,300.25,301,300,300.75
1725445800,300.75,301,300.25,300.75
1725447600,300.5,301,299.25,299.25
1725449400,299.25,299.75,298.75,299.5
1725451200,299.25,299.75,299,299.5
1725453000,299.5,299.5,298.25,299
1725454800,298.75,299.75,298.5,299.25
1725456600,299.25,300,299,299.5
1725458400,299.25,299.75,298.75,299.5
1725460200,299.25,300.25,298.75,300
1725462000,301,301,301,301
1725517800,302.25,302.25,302.25,302.25
1725519600,302.25,303.25,301,301.25
1725521400,301,301.5,300.5,301
1725523200,301,301.75,300.75,301.75
1725525000,301.5,302,301.25,301.25
1725526800,301.25,301.5,300,300.25
1725528600,300.25,300.75,299.75,300
1725530400,300,300.5,299.5,299.5
1725532200,299.75,300,299.25,299.5
1725534000,299.5,299.75,298.75,298.75
1725535800,299,299,298.25,298.25
1725537600,298.5,298.75,297.25,297.75
1725539400,297.75,298.75,297.25,298
1725541200,297.75,298.25,297.5,297.75
1725543000,298,298.25,297.5,297.5
1725544800,297.5,298.25,297.5,298
1725546600,298,298,295.75,297.25
1725548400,296.75,296.75,296.75,296.75
1725604200,297,297,297,297
1725606000,297,297.5,295.75,296.5
1725607800,296.25,297,296.25,297
1725609600,297,297.25,296.5,297.25
1725611400,297.25,298.75,297.25,298.5
1725613200,298.25,298.75,296.75,298.25
1725615000,298.25,298.25,297.25,297.5
1725616800,297.5,297.75,297.25,297.5
1725618600,297.5,297.75,297.25,297.5
1725620400,297.5,297.5,296.75,296.75
1725622200,297,297.25,296,296.5
1725624000,296.5,297.5,296,297.5
1725625800,297.5,298.75,297,298.5
1725627600,298.5,298.5,296.5,297
1725629400,296.75,297.25,296,296.75
1725631200,296.75,297,295.75,296
1725633000,296,296,292.5,294.25
1725634800,293.25,293.25,293.25,293.25
1725863400,293.25,293.25,293.25,293.25
1725865200,293.5,293.75,291.25,292.25
1725867000,292,292.75,291.5,292.75
1725868800,292.75,292.75,291.75,291.75
1725870600,291.75,292.75,291.75,292.5
1725872400,292.5,292.75,291.75,292.25
1725874200,292,293,291.75,292
1725876000,292.25,294.25,292,293.75
1725877800,293.75,294,293,293.25
1725879600,293.25,293.5,292.25,292.75
1725881400,292.5,294.5,292.25,294.25
1725883200,294.25,294.25,292.5,293.25
1725885000,293,294.25,293,293.75
1725886800,293.5,293.75,292,292.25
1725888600,292.5,293,292.25,292.75
1725890400,292.75,293.5,291.25,292
1725892200,292,292.25,289.5,289.75
1725894000,290,290,289,289
1725949800,290,290,290,290
1725951600,289.75,291,288.5,290
1725953400,290,290.5,289.5,289.75
1725955200,289.75,290,288.5,288.75
1725957000,288.5,288.75,286.75,287.25
1725958800,287.5,287.5,286.25,286.75
1725960600,286.75,287.25,286,287.25
1725962400,287.25,287.5,286.5,286.75
1725964200,286.75,287,285.75,286.5
1725966000,286.5,286.5,285.5,286
1725967800,286,286.25,285.25,285.25
1725969600,285.5,285.5,284.5,285
1725971400,285,286,284.5,286
1725973200,286,286,284.75,285.25
1725975000,285.25,285.75,284.5,285.25
1725976800,285.25,286,285,285.5
1725978600,285.5,285.75,283.75,283.75
1725980400,284,284,283.75,284
1726036200,284.25,284.25,284.25,284.25
1726038000,284,285.75,283.75,285.25
1726039800,285.25,286,284.75,285
1726041600,285,285.75,284.75,285.5
1726043400,285.75,285.75,284.75,285.25
1726045200,285.25,285.75,285,285.25
1726047000,285.25,286.5,285.25,286
1726048800,286,286,285.25,285.75
1726050600,285.5,285.75,285.25,285.5
1726052400,285.5,285.5,285,285
1726054200,285.25,285.5,284.75,285.25
1726056000,285.25,285.75,285,285.5
1726057800,285.5,285.75,285,285.5
1726059600,285.5,286.25,283.5,283.75
1726061400,283.75,283.75,281.75,282
1726063200,282,283,281,282.25
1726065000,282,282.75,280.75,281
1726066800,280,280,280,280
1726122600,284.25,284.25,284.25,284.25
1726124400,284.5,286.5,284.5,285.25
1726126200,285,287.5,284.25,287.5
1726128000,287.5,289,286.75,287.75
1726129800,287.75,287.75,286.5,286.75
1726131600,286.75,287.5,286.5,286.5
1726133400,286.75,287.25,286.25,287
1726135200,286.75,287.25,286.25,286.5
1726137000,286.5,287.5,286.25,287.25
1726138800,287.25,287.25,286.5,286.75
1726140600,286.75,287.5,286.25,287.25
1726142400,287.5,289.25,287.25,287.5
1726144200,287.75,287.75,286,286
1726146000,286.25,286.25,282.25,283
1726147800,283,283.25,281.5,282.75
1726149600,282.75,284.25,281.5,283
1726151400,283,286.25,282.75,286
1726153200,286,286.25,286,286.25
1726209000,287.5,287.5,287.5,287.5
1726210800,287.5,287.5,284.5,285.5
1726212600,285.5,285.75,284.25,284.5
1726214400,284.5,285,283.25,284
1726216200,284,285.25,283.75,285
1726218000,285,286,284.5,285.5
1726219800,285.5,286,284.75,286
1726221600,285.75,286.5,285.5,285.75
1726223400,285.75,287,285.25,285.25
1726225200,285.25,285.75,284.75,285.5
1726227000,285.75,286.75,285.25,286
1726228800,286,288.5,285.75,288
1726230600,288,288.5,286.25,286.5
1726232400,286.5,287.5,286.25,286.5
1726234200,286.5,288.5,286.25,288.5
1726236000,288.25,291.5,288.25,290
1726237800,290.25,291.75,289.5,291.5
1726239600,291.5,292.25,291.5,292.25
1726468200,291.75,291.75,291.75,291.75
1726470000,291.5,292,289.75,290
1726471800,290.25,290.25,289.25,289.75
1726473600,289.75,289.75,289,289
1726475400,289,289.75,288.75,289.5
1726477200,289.25,290.25,289,289.5
1726479000,289.5,289.5,288.75,289.25
1726480800,289.25,289.5,289,289
1726482600,289.25,289.25,289,289.25
1726484400,289,289.25,288,288.5
1726486200,288.5,288.75,288,288.25
1726488000,288.25,288.5,287.75,288
1726489800,288,288.25,286.5,287
1726491600,287,287.25,286.5,287
1726493400,287,287.25,286.5,287
1726495200,287,287.5,286.25,286.5
1726497000,286.5,287.25,285.75,285.75
1726498800,286,286.25,285.75,286.25
1726554600,287.25,287.25,287.25,287.25
1726556400,287.5,289,287.25,288.75
1726558200,288.5,290.25,288.5,289.75
1726560000,289.75,290.5,289.5,290
1726561800,289.75,290.25,289.5,289.75
1726563600,289.5,291,289.25,289.75
1726565400,289.75,290,289.25,290
1726567200,290,290.25,289.5,290
1726569000,290,290,289.25,289.75
1726570800,290,290,289.25,289.25
1726572600,289.25,289.75,289,289.5
1726574400,289.75,290.25,289.25,289.5
1726576200,289.5,289.5,288.75,289.5
1726578000,289.5,289.75,288.75,289
1726579800,289,293.75,288.75,293.5
1726581600,293.25,293.5,290.5,290.75
1726583400,290.75,291.75,290,290.25
1726585200,290.5,290.5,290.5,290.5
1726641000,290.25,290.25,290.25,290.25
1726642800,290.25,292.25,289.75,291.25
1726644600,291.5,291.5,290.25,291.5
1726646400,291.5,291.75,291,291.25
1726648200,291.25,291.25,290.25,290.5
1726650000,290.75,291,290.25,291
1726651800,291,291.5,290.75,291.5
1726653600,291.5,291.5,290.5,291
1726655400,291,291.25,290.5,290.75
1726657200,290.5,291.25,290.5,290.75
1726659000,290.75,291.5,290.75,291
1726660800,291.25,292,291,291.75
1726662600,291.75,292,291,291.25
1726664400,291.5,291.75,290.75,291.5
1726666200,291.5,293.5,291,292.5
1726668000,292.5,292.75,290.75,291
1726669800,291.25,292.75,290.25,292
1726671600,291.5,291.5,291.5,291.5
1726727400,294.75,294.75,294.75,294.75
1726729200,294.5,295.75,293,293.25
1726731000,293.5,294,293.25,293.75
1726732800,293.75,295,293.5,294.25
1726734600,294,294.5,294,294.5
1726736400,294.5,294.75,294.25,294.75
1726738200,294.75,297,294.5,296.75
1726740000,296.5,297.5,296.25,297
1726741800,297,297.5,296.5,297
1726743600,297,298.75,296.5,297.5
1726745400,297.25,298.25,297,297.75
1726747200,297.75,299.25,297.5,298.75
1726749000,298.5,299.5,298,298.5
1726750800,298.5,299.25,298.25,298.75
1726752600,298.75,299.25,298.25,299
1726754400,298.75,300,298.75,299
1726756200,298.75,301.25,298,301
1726758000,301,301,301,301
1726813800,300.75,300.75,300.75,300.75
1726815600,300.5,301,299,299.75
1726817400,299.5,299.75,298.5,299
1726819200,299,300.75,299,300.5
1726821000,300.5,301.5,299.75,299.75
1726822800,299.75,300.5,299.75,300
1726824600,300,300.5,300,300.25
1726826400,300.25,300.5,300,300.25
1726828200,300,300.5,299.75,300
1726830000,300,300,298.75,299
1726831800,299,299.5,298.5,299
1726833600,299,299.5,299,299.5
1726835400,299.5,299.5,298.75,298.75
1726837200,298.75,300,298.75,299.25
1726839000,299.25,299.5,298,298.5
1726840800,298.25,299.5,298.25,299.25
1726842600,299.25,299.5,298.5,299.25
1726844400,299.5,299.5,299.5,299.5
1727073000,301,301,301,301
1727074800,301.25,302.75,301,301
1727076600,301,301.5,299.75,299.75
1727078400,299.75,300.5,299.5,300.25
1727080200,300.25,300.5,299.25,300
1727082000,299.75,300,298.5,298.75
1727083800,298.75,298.75,297.5,298.5
1727085600,298.5,298.75,297.75,297.75
1727087400,297.75,299.25,297.5,299.25
1727089200,299,299.5,298.5,299
1727091000,298.75,299.25,298.5,298.5
1727092800,298.5,299.25,298.25,298.25
1727094600,298.5,299,297.75,298.25
1727096400,298.25,298.25,296.75,297
1727098200,297,297.25,296.5,296.75
1727100000,296.75,297,296,296.5
1727101800,296.5,296.75,295.25,296
1727103600,296,296,296,296
1727159400,296,296,296,296
1727161200,296,296.5,294.75,295.75
1727163000,295.75,297.75,295.25,296.25
1727164800,296.25,298,295.75,297.5
1727166600,297.75,299.25,297.25,297.75
1727168400,297.5,298.5,297.25,298.25
1727170200,298.25,298.5,297.5,298.5
1727172000,298.25,299.25,298,299.25
1727173800,299,300,298.5,299.75
1727175600,299.5,299.5,298.5,298.75
1727177400,298.75,299,298.25,298.5
1727179200,298.5,298.75,298,298.75
1727181000,298.5,298.75,298,298.25
1727182800,298.25,298.5,298,298.25
1727184600,298.25,298.5,297.25,297.75
1727186400,297.5,297.75,296.75,297
1727188200,296.75,297.25,295.75,296.75
1727190000,296.5,296.75,296.25,296.25
1727245800,296.75,296.75,296.75,296.75
1727247600,297,297.5,295.75,296.25
1727249400,296.25,297,295.5,296.5
1727251200,296.25,296.75,296,296.25
1727253000,296,297.25,296,297
1727254800,297,297,296.25,296.75
1727256600,296.5,297,296.5,296.75
1727258400,296.75,296.75,296.25,296.25
1727260200,296.5,296.75,296.25,296.5
1727262000,296.25,296.75,296.25,296.25
1727263800,296.5,296.5,296,296.25
1727265600,296.25,296.5,295.25,295.5
1727267400,295.25,296.25,293.75,293.75
1727269200,294,294.75,293.25,294.5
1727271000,294.75,294.75,293.25,294.25
1727272800,294.25,294.5,292,292.75
1727274600,293,293.25,291.25,291.5
1727276400,291.25,291.25,291.25,291.25
1727332200,293.25,293.25,293.25,293.25
1727334000,293.25,295,293,294.25
1727335800,294.25,295.25,294,294.75
1727337600,294.75,295.25,294.5,295.25
1727339400,295,296.25,295,296
1727341200,295.75,297,295.5,296
1727343000,296,296.25,295.5,295.75
1727344800,295.75,296.25,295.5,295.5
1727346600,295.75,295.75,294.75,294.75
1727348400,294.75,295,293.5,293.5
1727350200,293.5,294.25,293.5,293.75
1727352000,293.5,293.75,291.5,291.75
1727353800,291.75,291.75,290.5,291.25
1727355600,291.25,293,291,291.75
1727357400,291.75,292.5,291.5,292.25
1727359200,292.25,292.25,290.75,292
1727361000,292,292.5,290.75,291.5
1727362800,291.5,291.75,291.25,291.25
1727418600,292.25,292.25,292.25,292.25
1727420400,292.25,294.5,292,294.5
1727422200,294.25,294.5,292.5,293.75
1727424000,293.75,293.75,292.75,293
1727425800,292.75,293,292.5,293
1727427600,292.75,293.25,292.5,292.75
1727429400,292.75,293,292.25,292.75
1727431200,292.5,293,292.25,292.75
1727433000,292.75,292.75,292.25,292.25
1727434800,292.25,293,292.25,292.5
1727436600,292.5,293,291.25,291.75
1727438400,291.5,292,291.25,291.5
1727440200,291.5,291.75,290.5,291.5
1727442000,291.5,291.75,290.5,291
1727443800,291,291.5,290.25,291.25
1727445600,291.25,291.25,290.25,290.5
1727447400,290.5,292.5,290.25,291.75
1727449200,292,292.25,291.75,292.25
1727677800,291.75,291.75,291.75,291.75
1727679600,291.5,291.5,290.25,290.5
1727681400,290.5,290.75,288.5,288.75
1727683200,288.5,289.25,287.5,287.75
1727685000,287.5,288.5,287.5,288
1727686800,287.75,288,287.5,287.75
1727688600,287.75,288,287.5,287.75
1727690400,288,288,287.75,287.75
1727692200,287.75,288.25,287.5,287.5
1727694000,287.75,288.25,287.5,287.75
1727695800,288,288.25,287.5,287.75
1727697600,287.75,288,286.25,286.5
1727699400,286.5,286.75,285.5,286
1727701200,286,286.25,285.5,286
1727703000,286,286.5,285.25,286
1727704800,286,286.25,285.5,285.5
1727706600,285.75,286.25,284.75,285
1727708400,285.25,285.25,285,285
1727764200,285.25,285.25,285.25,285.25
1727766000,285.5,286.5,283.5,284.5
1727767800,284.5,285.25,284,285
1727769600,285,285.5,284.5,284.75
1727771400,285,285.5,284.75,285
1727773200,285,285.25,284.5,285
1727775000,284.75,285,283.75,284.75
1727776800,284.5,285,283.75,284
1727778600,284,285,283.75,284.75
1727780400,284.5,285,284.5,285
1727782200,285,285.25,284.25,284.5
1727784000,284.5,285,284.25,284.75
1727785800,284.75,286,284.25,286
1727787600,286,287,284.5,285
1727789400,285,285.25,277.25,278.75
1727791200,278.75,278.75,274.5,275
1727793000,275,279,274.25,277.25
1727794800,277.75,277.75,277.75,277.75
1727850600,277,277,277,277
1727852400,277,278,273.75,277.5
1727854200,277.5,279,276.75,278
1727856000,278.25,281.75,277.75,280.25
1727857800,280.25,281.25,279.75,280.75
1727859600,281,281,280,280.25
1727861400,280.25,280.25,279.25,279.5
1727863200,279.75,280.5,279,280.25
1727865000,280.25,280.25,279.5,279.75
1727866800,279.5,279.75,278.5,278.75
1727868600,278.75,278.75,276,277.25
1727870400,277.25,278.25,276.5,277.5
1727872200,277.25,277.75,276,276.5
1727874000,276.5,277.5,274.5,274.75
1727875800,274.75,274.75,273.25,273.75
1727877600,273.5,273.75,271.75,273.25
1727879400,273,274,271.25,271.5
1727881200,271.5,271.5,271.5,271.5
1727937000,272,272,272,272
1727938800,272.25,273.5,270.75,272.5
1727940600,272.25,273.75,272,273.5
1727942400,273.5,274.5,273,273
1727944200,273.25,273.25,271.75,272.5
1727946000,272.25,273.75,272.25,273.25
1727947800,273.25,273.75,273,273.25
1727949600,273,273.75,272.75,273.25
1727951400,273.25,274,272.75,273.75
1727953200,273.75,276.25,273.5,275
1727955000,275,277.5,274.75,276.25
1727956800,276.25,276.5,274.5,274.5
1727958600,274.5,274.75,272.5,273
1727960400,272.75,273,271.25,271.75
1727962200,271.75,272.5,270.5,271
1727964000,271,272,270.5,271.25
1727965800,271.25,271.25,269,269.5
1727967600,268.75,268.75,268.75,268.75
1728023400,271,271,271,271
1728025200,271,272.75,271,271.5
1728027000,271.5,272,271.25,271.25
1728028800,271.5,272.75,270.75,270.75
1728030600,271,271,270,270.5
1728032400,270.75,273.75,270.25,273
1728034200,273,273.25,272.25,273.25
1728036000,273.25,273.75,272.25,272.75
1728037800,273,273.25,271.75,272.25
1728039600,272,272.5,271.25,272.25
1728041400,272.25,272.5,271.25,272.5
1728043200,272.5,272.75,271.25,271.5
1728045000,271.5,273.25,271.25,272.5
1728046800,272.25,272.75,271.25,271.75
1728048600,271.5,272.5,271.25,271.75
1728050400,272,274.75,271.75,274.25
1728052200,274.25,274.25,272.25,274
1728054000,273.75,273.75,273.75,273.75
1728282600,274.75,274.75,274.75,274.75
1728284400,275,275.5,273.75,275.25
1728286200,275.25,275.5,273.25,273.5
1728288000,273.5,274,273.5,274
1728289800,273.75,274,272,272.25
1728291600,272,272.75,271.75,272.5
1728293400,272.5,273.75,272.25,273.5
1728295200,273.5,274,273,274
1728297000,274,274,273.5,273.75
1728298800,273.75,274.25,273.5,274
1728300600,273.75,274,273,273.25
1728302400,273.25,273.5,272.75,273
1728304200,273,273.25,272,272.25
1728306000,272,273,272,272.75
1728307800,272.5,272.75,270.25,270.5
1728309600,270.25,271.5,270,271.25
1728311400,271.25,271.5,269.5,270
1728313200,270.5,270.5,270.5,270.5
1728369000,270,270,270,270
1728370800,269.75,271,268.75,269.75
1728372600,269.5,270,269,269.75
1728374400,269.75,270,269,269.5
1728376200,269.25,270.25,269.25,270
1728378000,270,271.5,269.75,271.5
1728379800,271.5,271.75,270.75,271
1728381600,271,271.25,270.5,270.75
1728383400,270.75,271,269.25,269.75
1728385200,269.5,270,269.25,269.75
1728387000,269.75,270,269.25,269.5
1728388800,269.5,272.5,269.5,272.25
1728390600,272.5,272.5,271,271.25
1728392400,271.5,272,271.25,272
1728394200,272,272.25,271.25,271.5
1728396000,271.75,271.75,269.25,270
1728397800,270,270.75,269,270.25
1728399600,270.75,270.75,270.75,270.75
1728455400,270.75,270.75,270.75,270.75
1728457200,270.5,271.25,268,268.25
1728459000,268.5,268.75,266.5,267
1728460800,266.75,267.5,266.75,267.25
1728462600,267.25,268,266.75,268
1728464400,267.75,268,267,267.75
1728466200,267.75,267.75,267.25,267.75
1728468000,267.75,267.75,267.25,267.75
1728469800,267.75,267.75,266.25,266.25
1728471600,266.5,267.25,266,266.5
1728473400,266.5,266.75,266.25,266.5
1728475200,266.5,266.75,265.25,265.75
1728477000,266,266.5,265,266.25
1728478800,266,267.25,265.5,266.75
1728480600,267,267.75,266.5,267.5
1728482400,267.5,269,266.75,268.75
1728484200,268.5,270.75,268.5,270.5
1728486000,270.5,270.5,270.25,270.25
1728541800,271.25,271.25,271.25,271.25
1728543600,271.25,272.5,270,270.5
1728545400,270.5,271.25,270,270.5
1728547200,270.75,270.75,269.75,270.25
1728549000,270,270.75,270,270.25
1728550800,270,270.5,269.75,270
1728552600,270.25,270.75,270,270
1728554400,270,270.5,270,270.25
1728556200,270.5,271,270,270.75
1728558000,270.75,270.75,270,270.5
1728559800,270.5,270.5,270,270
1728561600,270.25,270.25,269,270.25
1728563400,270,270,269,269.25
1728565200,269.25,270.25,269,269.5
1728567000,269.75,269.75,267.5,267.75
1728568800,267.5,268.25,267.25,268
1728570600,268,268.5,266.5,266.75
1728572400,266.5,266.5,266.5,266.5
1728628200,267,267,267,267
1728630000,267.25,268.5,266.75,268.5
1728631800,268.5,270.25,267.75,270.25
1728633600,270.25,271,269.25,269.75
1728635400,269.75,270,269,269.5
1728637200,269.25,270.5,269,269.75
1728639000,269.75,270,269.5,269.75
1728640800,269.75,269.75,269.25,269.5
1728642600,269.5,269.75,269,269.5
1728644400,269.75,270.5,269.5,270
1728646200,270,270.5,269.5,269.5
1728648000,269.75,270,268.25,268.75
1728649800,268.75,269.5,268.5,269
1728651600,269,269,266.75,267.25
1728653400,267,267.75,265.5,265.75
1728655200,265.75,266,264.5,265.5
1728657000,265.5,265.5,263.75,264.5
1728658800,264.5,264.75,264.5,264.75
1728887400,264.75,264.75,264.75,264.75
1728889200,264.5,265,262.75,262.75
1728891000,262.75,263.5,261.5,262
1728892800,262,262,260.75,261
1728894600,261,261.25,260.25,260.75
1728896400,260.75,261,260.25,261
1728898200,261,261.25,260.5,261
1728900000,261,261,260.5,260.75
1728901800,260.75,261,259.75,260
1728903600,260,260.5,259.75,260.25
1728905400,260.5,261,260,260.5
1728907200,260.75,260.75,259.75,260.25
1728909000,260.25,261.75,260,261
1728910800,261,261.5,260.5,261
1728912600,261,261.75,259.75,261.5
1728914400,261.5,262,259.25,259.75
1728916200,259.75,260.25,257.5,258.25
1728918000,257.75,257.75,257.75,257.75
1728973800,257.75,257.75,257.75,257.75
1728975600,257.75,260.75,257.5,260.75
1728977400,260.75,262.25,259.75,260
1728979200,260,260.5,259.25,260
1728981000,260.25,261.25,260,260.75
1728982800,260.75,261.25,260.5,261
1728984600,260.75,262,260.5,262
1728986400,262,263.75,261.75,263.5
1728988200,263.5,266.5,263.25,264.25
1728990000,264.25,264.5,262.5,262.75
1728991800,262.75,264.5,262,264
1728993600,264,264.25,262.75,263.5
1728995400,263.25,263.75,262.5,263
1728997200,263,264,262.75,263.25
1728999000,263.5,265.25,262,263
1729000800,263.25,266.75,263,266.5
1729002600,266.75,268.75,266.5,268.5
1729004400,268,268,268,268
1729060200,267,267,267,267
1729062000,267,269,266.25,267.5
1729063800,267.5,268,265,265.5
1729065600,265.25,265.75,264.25,265
1729067400,265,266,265,266
1729069200,265.75,266,265.5,265.5
1729071000,265.5,265.75,265.25,265.5
1729072800,265.5,266,265,265.75
1729074600,265.75,265.75,265.5,265.75
1729076400,265.5,265.75,265,265.5
1729078200,265.5,265.75,265,265.5
1729080000,265.5,265.75,265.25,265.5
1729081800,265.5,265.5,264,264.5
1729083600,264.5,266,264.25,264.5
1729085400,264.75,265.25,264.5,265
1729087200,265,265.5,264.25,265
1729089000,265,270,264.75,269
1729090800,269.25,269.25,269.25,269.25
1729146600,269.5,269.5,269.5,269.5
1729148400,269.25,273.25,269.25,271.75
1729150200,272,273.25,271.5,273
1729152000,272.75,274.75,272.75,273.25
1729153800,273.25,273.75,273,273.5
1729155600,273.25,273.5,272.25,272.75
1729157400,272.75,272.75,272.25,272.5
1729159200,272.75,273,272.25,272.5
1729161000,272.25,273.25,272.25,273
1729162800,272.75,273,271.5,272.75
1729164600,272.75,272.75,271,271
1729166400,271,271.25,269.75,271
1729168200,271,271.5,270.5,271.25
1729170000,271.25,274.25,271.25,274.25
1729171800,274.25,275,273,273
1729173600,273.25,274,271.25,272.75
1729175400,272.5,274,271,273.5
1729177200,273.5,273.5,273.5,273.5
1729233000,273.75,273.75,273.75,273.75
1729234800,273.75,274.5,272,273
1729236600,273,275,272.75,274.25
1729238400,274.5,275,274.25,274.75
1729240200,274.75,274.75,272.25,272.5
1729242000,272.25,272.75,272,272.5
1729243800,272.5,272.5,271.25,272
1729245600,272,272.25,270.25,270.75
1729247400,271,271.75,270.5,271.75
1729249200,271.75,271.75,271.25,271.25
1729251000,271.5,272,270.5,270.75
1729252800,270.75,271.75,270.5,271.25
1729254600,271.25,271.75,270.75,271
1729256400,270.75,271,269,269.75
1729258200,269.75,269.75,268.75,269.25
1729260000,269.25,269.5,268,268.75
1729261800,268.75,268.75,266.75,268
1729263600,268,268,268,268
1729492200,268,268,268,268
1729494000,267.75,268.25,266.25,267.5
1729495800,267.5,270.75,267.25,270
1729497600,270.25,271.5,269.75,269.75
1729499400,270,270.25,269.25,269.25
1729501200,269.5,269.5,268.75,269.25
1729503000,269,269.75,269,269.5
1729504800,269.25,269.75,269,269
1729506600,269,269.25,268.25,268.75
1729508400,269,270.75,268.25,270
1729510200,270,270.75,269.5,270.25
1729512000,270.25,272,269.75,270.75
1729513800,270.75,272,270,270.75
1729515600,270.75,272,270.25,270.75
1729517400,270.75,271.25,269.25,270.25
1729519200,270.25,271,269,270.25
1729521000,270.5,271.25,269.25,269.75
1729522800,269.5,269.5,269.5,269.5
1729578600,270.5,270.5,270.5,270.5
1729580400,270.25,271.5,270.25,271.25
1729582200,271.25,272,271,271.5
1729584000,271.25,273.25,270.75,272.75
1729585800,272.75,273,271.25,271.5
1729587600,271.75,271.75,270.5,270.5
1729589400,270.75,271.25,270,271.25
1729591200,271,271.5,270.25,270.75
1729593000,270.5,271,270,270.5
1729594800,270.5,271,270,270.5
1729596600,270.25,271,269.5,270
1729598400,270.25,275.75,270,275.25
1729600200,275.25,276.25,273.75,274.5
1729602000,274.5,276.5,274.25,275
1729603800,275,275.5,272.5,273
1729605600,273,274.75,272.75,274.75
1729607400,274.75,275.25,274,274.75
1729609200,274.75,274.75,274.75,274.75
1729665000,275.25,275.25,275.25,275.25
1729666800,275,275.25,272.25,272.75
1729668600,272.75,273,270.75,271
1729670400,271,271.5,270.75,271
1729672200,271,271.5,269,270
1729674000,270,270.5,269.75,270
1729675800,270,270.5,269.75,270.5
1729677600,270.5,270.5,269.75,269.75
1729679400,270,270.25,269.5,269.75
1729681200,269.75,270.5,269.5,270.5
1729683000,270.25,270.75,269.75,270.25
1729684800,270.25,271.75,269.75,271.5
1729686600,271.75,272.5,269.5,269.75
1729688400,269.75,270,267.25,268.25
1729690200,268,270.25,268,269.5
1729692000,269.25,269.75,268.5,269
1729693800,269,270,267.75,268
1729695600,268,268,267.75,267.75
1729751400,270,270,270,270
1729753200,270.25,274.5,270.25,272
1729755000,272,273.75,271.75,273
1729756800,273,273.5,272.25,272.5
1729758600,272.5,273.25,272,273.25
1729760400,273.25,273.5,272.25,272.5
1729762200,272.25,272.75,272.25,272.75
1729764000,272.75,273,272.5,272.75
1729765800,272.75,274,272.75,273.25
1729767600,273.25,273.5,272.75,273.25
1729769400,273.25,273.5,272.75,273.5
1729771200,273.25,274,273,273.25
1729773000,273.5,273.75,273,273
1729774800,273,273.5,272.5,272.5
1729776600,272.5,273.25,271.25,272.5
1729778400,272.5,272.5,271.75,272
1729780200,272,274,271.75,274
1729782000,273.75,273.75,273.75,273.75
1729837800,272.75,272.75,272.75,272.75
1729839600,272.75,274,272.25,272.75
1729841400,272.75,274.75,272.5,274.5
1729843200,274.75,275.25,272.75,273
1729845000,273,273.5,272.5,273.25
1729846800,273.5,274,273,274
1729848600,273.75,274.25,273.5,273.75
1729850400,273.75,274.25,273.25,274
1729852200,274,275.25,273.75,273.75
1729854000,273.75,274,273,273.5
1729855800,273.5,274,273.25,273.25
1729857600,273.5,273.75,272.75,273.25
1729859400,273,273.25,272.25,272.25
1729861200,272.25,273.25,271.75,273
1729863000,273,274,272.5,273
1729864800,273,276,272.75,276
1729866600,276,276.75,274.75,276
1729868400,276,276,276,276
1730097000,278.5,278.5,278.5,278.5
1730098800,278.5,280,277.25,277.75
1730100600,278,278,276.25,277.25
1730102400,277,277.75,276.75,277
1730104200,277.25,277.75,277,277.75
1730106000,277.5,278.25,277.25,278.25
1730107800,278,278,278,278
1730269800,277.75,277.75,277.75,277.75
1730271600,277.75,279.25,276.75,277
1730273400,277,277.5,276.5,276.75
1730275200,276.75,278.75,276.75,278.5
1730277000,278.5,278.5,277.75,278.25
1730278800,278.25,278.5,277.75,277.75
1730280600,278,278,277.25,277.75
1730282400,277.75,278,277.5,278
1730284200,278,278,277.25,277.25
1730286000,277.5,279.25,277.25,279
1730287800,279,279.5,278.75,279.25
1730289600,279.25,279.25,278.5,278.75
1730291400,278.75,279.25,278.5,278.75
1730293200,278.75,279.25,278.5,278.75
1730295000,279,280,278.75,279
1730296800,279.25,279.5,278.75,279
1730298600,279.25,279.25,277.25,277.5
1730300400,277.25,277.5,277.25,277.5
1730356200,277.75,277.75,277.75,277.75
1730358000,278,279,277.5,278
1730359800,277.75,278,277.25,277.5
1730361600,277.5,278,277.25,278
1730363400,278,278.25,276.5,276.5
1730365200,276.5,276.75,276,276.5
1730367000,276.5,276.5,276,276.25
1730368800,276.25,276.5,275.25,275.75
1730370600,275.5,275.75,275.25,275.5
1730372400,275.75,275.75,275.25,275.5
1730374200,275.75,275.75,275,275.25
1730376000,275.25,275.75,275,275.5
1730377800,275.75,275.75,274.5,275
1730379600,275.25,275.75,275,275
1730381400,275.25,275.5,275,275
1730383200,275,275.25,274,274.25
1730385000,274.5,274.5,272.5,272.75
1730386800,272.5,272.5,272.5,272.5
1730442600,273,273,273,273
1730444400,273.25,274.75,273,274.25
1730446200,274.5,274.5,273.25,273.75
1730448000,273.75,274.75,273.5,274.5
1730449800,274.5,274.75,273.5,274.75
1730451600,274.75,274.75,271.75,272.25
1730453400,272.25,273,271.75,273
1730455200,272.75,273.25,272.25,272.75
1730457000,272.5,273,272.25,272.75
1730458800,272.75,273,272.25,272.5
1730460600,272.5,273.25,272.25,272.75
1730462400,272.5,273,272,272.75
1730464200,273,273.5,272.5,273
1730466000,273.25,273.5,272.5,272.75
1730467800,272.75,273.25,272,272.25
1730469600,272.25,272.75,271.5,272
1730471400,272.25,273.5,272,273.25
1730473200,273,273,273,273
1730701800,272,272,272,272
1730703600,272.25,273,270,270.5
1730705400,270.5,270.75,269,269.75
1730707200,269.75,271,269.5,270.5
1730709000,270.5,270.75,269.75,270
1730710800,269.75,271,269.5,270.5
1730712600,270.25,270.75,270,270.25
1730714400,270.25,270.5,269.75,270.5
1730716200,270.25,270.5,269.25,269.5
1730718000,269.25,269.75,269,269.25
1730719800,269,269.25,268.25,269
1730721600,269,269.5,268.5,269
1730723400,269,269.25,268.25,268.5
1730725200,268.25,269.5,268,269
1730727000,269,269.25,268.25,268.75
1730728800,269,269.5,267,267.5
1730730600,267.5,268.75,267,268.25
1730732400,268.25,268.5,268.25,268.5
1730788200,272.25,272.25,272.25,272.25
1730790000,272.25,273.75,272,272.75
1730791800,272.75,273,271.25,271.25
1730793600,271.25,272,270.25,272
1730795400,271.75,272,271,271.75
1730797200,271.75,272.25,271.25,272
1730799000,272,272.25,271.5,271.75
1730800800,272,272,270.75,271.25
1730802600,271.25,271.25,270.5,271.25
1730804400,271.25,271.5,270.75,271
1730806200,271,271.5,270.75,271.25
1730808000,271,272.25,270.75,271.5
1730809800,271.25,272,271,271.25
1730811600,271.25,271.5,270.75,271.5
1730813400,271.5,272.5,270.75,272.25
1730815200,272.25,273,271.5,271.75
1730817000,271.5,272.5,271.25,272.5
1730818800,272.25,272.25,272.25,272.25
1730874600,273,273,273,273
1730876400,273,273.75,270,270.25
1730878200,270.5,272.5,270,272.5
1730880000,272.5,277.75,272.25,277
1730881800,276.75,277.75,276.5,277.25
1730883600,277.25,279.75,277,279.75
1730885400,279.75,280,278.25,279.25
1730887200,279,280.5,279,279.5
1730889000,279.25,279.5,278,278.5
1730890800,278.5,278.75,277.75,278.5
1730892600,278.75,278.75,276.75,276.75
1730894400,276.75,278.25,276.5,277.75
1730896200,277.75,279.5,277.75,279
1730898000,279,281,278.75,279.75
1730899800,280,280.25,278.75,279.75
1730901600,279.5,280,278.75,279.5
1730903400,279.5,280.5,277.25,277.75
1730905200,277.25,277.25,277.25,277.25
1730961000,278.25,278.25,278.25,278.25
1730962800,278.25,278.75,277.25,278.25
1730964600,278,278,276.25,277.5
1730966400,277.25,277.75,277,277
1730968200,277,277.25,276.5,277
1730970000,277,277,276,276.25
1730971800,276.5,276.75,276,276.5
1730973600,276.75,276.75,276.25,276.25
1730975400,276.5,277.5,276.25,277.5
1730977200,277.5,278.25,277,278
1730979000,278,278.25,277.25,277.5
1730980800,277.5,278,276.5,276.75
1730982600,276.75,278,276.5,277.5
1730984400,277.5,278.25,276.75,277.25
1730986200,277.25,277.5,276,277.25
1730988000,277.25,282,276.75,282
1730989800,281.75,283,281.25,282
1730991600,282.75,282.75,282.75,282.75
1731047400,282,282,282,282
1731049200,282,283.5,281.5,283.25
1731051000,283.25,283.25,282,283.25
1731052800,283.25,286.25,283,286
1731054600,286,288.75,285.75,287.25
1731056400,287,288,286.75,287.5
1731058200,287.25,288.25,287.25,287.75
1731060000,287.75,288,287.5,287.75
1731061800,287.75,287.75,286.5,287.25
1731063600,287.25,288.25,286.5,287.75
1731065400,287.75,288,287.5,287.75
1731067200,288,288.75,287.5,288.5
1731069000,288.25,290.5,288.25,290.5
1731070800,290.25,290.25,289.25,289.5
1731072600,289.5,289.75,288,289.5
1731074400,289.25,290,289.25,289.5
1731076200,289.75,290.5,289,290
1731078000,289.75,290.25,289.75,290.25
1731306600,290.75,290.75,290.75,290.75
1731308400,290.75,291.25,289.5,289.75
1731310200,289.5,290.5,289.5,290
1731312000,289.75,290.25,288,288.25
1731313800,288.5,288.75,288,288.5
1731315600,288.5,289.25,288.25,288.5
1731317400,288.5,289,288.5,288.75
1731319200,288.5,288.75,287.5,288
1731321000,288,288,286.5,287.25
1731322800,287.25,287.75,287,287.5
1731324600,287.75,288,287,287.5
1731326400,287.5,287.75,286.75,286.75
1731328200,287,287.5,286.5,286.75
1731330000,286.75,287.75,286.5,287.25
1731331800,287.25,289,287.25,289
1731333600,289,289.5,288,288.25
1731335400,288.25,288.25,287,288
1731337200,288,288,288,288
1731393000,289.5,289.5,289.5,289.5
1731394800,289.5,290.75,289,289.75
1731396600,289.5,289.75,287.75,288.75
1731398400,288.75,288.75,287.5,287.75
1731400200,287.5,287.75,287.25,287.5
1731402000,287.5,288.75,287.5,288.75
1731403800,288.75,289,288,288.25
1731405600,288.25,288.5,287.25,287.75
1731407400,287.5,287.75,286.5,286.75
1731409200,286.75,288,286.5,287.25
1731411000,287.25,287.25,286.5,286.5
1731412800,286.5,287,286.25,286.25
1731414600,286.5,287,286.25,286.25
1731416400,286.25,287,286.25,286.75
1731418200,286.75,288.25,286.5,287.5
1731420000,287.25,287.5,286.5,287.25
1731421800,287.25,288,286.5,286.75
1731423600,287,287,286.5,286.5
1731479400,286,286,286,286
1731481200,285.75,285.75,284,284.25
1731483000,284,285,283.75,284
1731484800,283.75,284.25,283,283.5
1731486600,283.5,283.75,283,283.25
1731488400,283.25,283.5,282.5,282.75
1731490200,282.75,282.75,282,282.25
1731492000,282.5,283,282.25,283
1731493800,283,283.5,282.5,283.25
1731495600,283.25,284,282.5,283.75
1731497400,283.75,284.5,283.25,284.5
1731499200,284.5,286.25,284,286
1731501000,286,286.25,284.75,284.75
1731502800,285,285.5,284,284.5
1731504600,284.5,288,284.25,287
1731506400,287,287.5,286,286.25
1731508200,286.25,286.5,283.75,284
1731510000,284,284,283.75,283.75
1731565800,285.5,285.5,285.5,285.5
1731567600,285.5,288.5,285.5,288.5
1731569400,288.5,289,287,288
1731571200,288,288.25,285.5,285.75
1731573000,286,286,285,285.25
1731574800,285.25,285.5,284.5,285.5
1731576600,285.5,285.5,284.25,284.25
1731578400,284.5,285.25,284,285
1731580200,285,285,284.25,284.75
1731582000,284.5,285.5,284.5,285
1731583800,285,285.5,284.5,284.75
1731585600,284.75,285.75,284.5,285
1731587400,285,285,284,284.75
1731589200,284.5,285.5,284.5,285.25
1731591000,285.25,287,285,286.75
1731592800,286.75,287,284,284.5
1731594600,284.5,286.75,284,286.25
1731596400,286.5,286.5,286.5,286.5
1731652200,287.75,287.75,287.75,287.75
1731654000,287.5,292,287,291.25
1731655800,291.5,293.25,290,293
1731657600,293,293.5,291.5,292
1731659400,292,292,291.25,291.5
1731661200,291.5,292,291,291.75
1731663000,291.5,293.75,291.5,291.75
1731664800,291.75,292.75,291.25,292.25
1731666600,292.5,292.75,291.25,291.5
1731668400,291.5,291.5,290.5,290.75
1731670200,291,291,289.75,290
1731672000,290.25,290.5,289.5,289.75
1731673800,290,290.5,289.5,290
1731675600,290.25,290.5,288.75,289.5
1731677400,289.5,289.5,287.5,288.75
1731679200,288.5,289.5,288.25,288.75
1731681000,288.75,290.25,288.5,290
1731682800,289.75,289.75,289.75,289.75
1731911400,291,291,291,291
1731913200,291,292.5,289.5,289.75
1731915000,289.75,290.25,288.75,289
1731916800,288.75,290.25,288.5,290.25
1731918600,290.25,290.5,289.25,290.25
1731920400,290.25,290.25,289.75,290.25
1731922200,290,290.5,289.75,290
1731924000,289.75,290.75,289.5,289.5
1731925800,289.75,290,289.5,289.75
1731927600,289.75,290,289.25,290
1731929400,290,290.25,289.25,289.75
1731931200,289.75,290,289.5,289.5
1731933000,289.5,290,288.25,289
1731934800,289.25,289.5,288.5,289.25
1731936600,289.25,289.75,288.25,288.25
1731938400,288.5,290,287,289.25
1731940200,289,289.75,288.25,288.75
1731942000,288.75,288.75,288.75,288.75
1731997800,289.5,289.5,289.5,289.5
1731999600,289.5,290.25,288.5,288.75
1732001400,288.75,289.5,287.5,288.5
1732003200,288.5,288.5,287.25,288
1732005000,287.75,288.25,287.25,288
1732006800,288.25,288.5,287,287.5
1732008600,287.25,287.5,283.75,284
1732010400,284,284.5,283,284.25
1732012200,284.25,284.5,283.5,283.75
1732014000,283.75,284.25,282,282.5
1732015800,282.5,282.5,281.5,282.25
1732017600,282.25,283,282,282.75
1732019400,282.75,282.75,279.25,279.75
1732021200,280,280.25,279,280
1732023000,280,280,278,279
1732024800,279,282,278,281
1732026600,281.25,281.25,279.25,279.25
1732028400,279.25,279.25,279,279
1732084200,280.5,280.5,280.5,280.5
1732086000,280.5,281.75,280.5,281
1732087800,281,281.25,280,281
1732089600,281,281,280,280
1732091400,280,280.75,280,280.25
1732093200,280.5,280.5,279,279.25
1732095000,279,279.25,278,278.25
1732096800,278.5,279.25,278,278
1732098600,278.25,278.5,277.5,277.5
1732100400,277.5,277.75,276.75,277
1732102200,277,278,276.75,277.5
1732104000,277.75,278,277.5,278
1732105800,277.75,278.5,277,277.5
1732107600,277.5,277.5,276.5,276.75
1732109400,276.75,277,275.5,276
1732111200,276,276.25,272.5,272.5
1732113000,272.75,273,269.5,271.25
1732114800,271,271,271,271
1732170600,272,272,272,272
1732172400,272,272.75,271,271.5
1732174200,271.75,272.5,271.5,271.75
1732176000,271.75,272.25,271.5,272.25
1732177800,272.25,272.75,271.5,272.5
1732179600,272.75,272.75,272.25,272.5
1732181400,272.25,273.75,272.25,273.5
1732183200,273.5,274.25,273.25,273.75
1732185000,273.75,274,273.25,273.75
1732186800,274,276.25,273,276
1732188600,275.75,276.75,275.5,276.25
1732190400,276.25,277.75,276.25,276.75
1732192200,276.75,277.25,276,277
1732194000,277,277,276,276.25
1732195800,276,277.5,275.75,277.5
1732197600,277.5,278.75,277.25,278.75
1732199400,278.75,279.5,277.75,279.5
1732201200,279.75,279.75,279.75,279.75
1732257000,279.5,279.5,279.5,279.5
1732258800,279.25,280.25,277.25,277.75
1732260600,277.5,278,276.5,278
1732262400,278,279,277.75,278.5
1732264200,278.5,280.75,278,279.75
1732266000,280,281,279.5,280.25
1732267800,280,280.25,278.75,279.75
1732269600,279.75,280.25,279.25,279.75
1732271400,279.75,280,279,279.25
1732273200,279.25,279.5,278,278.25
1732275000,278.25,279,278.25,279
1732276800,279,280.25,278.5,279.75
1732278600,279.75,280,278.5,278.75
1732280400,278.75,279.75,278.75,279.5
1732282200,279.5,280,279.25,279.75
1732284000,279.75,280.5,279.25,279.5
1732285800,279.5,280.25,279,279.75
1732287600,279.5,279.5,279.5,279.5
1732516200,281.5,281.5,281.5,281.5
1732518000,281.5,283,281,281.75
1732519800,281.5,282.25,281.25,282.25
1732521600,282.25,284.5,282,284
1732523400,284.25,284.5,282.5,282.75
1732525200,283,284.25,282.5,284
1732527000,284.25,285.25,283,283.5
1732528800,283.25,284.75,283.25,284.25
1732530600,284.25,284.75,283.75,284.75
1732532400,284.75,284.75,283.75,283.75
1732534200,283.75,284.5,283.5,284
1732536000,283.75,285,283.25,285
1732537800,284.75,300.25,284.75,299.5
1732539600,299.5,299.75,296,297
1732541400,296.75,297.75,296,297.25
1732543200,297.25,297.5,296.25,296.75
1732545000,296.5,298.25,295.75,297.75
1732546800,296.25,296.25,296.25,296.25
1732602600,296,296,296,296
1732604400,296,296.5,293.75,294
1732606200,294.25,295,293,293.5
1732608000,293.25,293.5,292.25,293
1732609800,293,294.25,292.75,293.5
1732611600,293.75,294.25,293.25,293.5
1732613400,293.5,294.5,293.5,293.5
1732615200,293.75,294,293.5,293.75
1732617000,293.75,294,292.5,292.75
1732618800,292.75,294.25,292.75,292.75
1732620600,292.75,293.25,292.75,293
1732622400,293,293,292.25,292.25
1732624200,292.25,292.5,291.25,291.75
1732626000,291.5,292.25,291.5,292
1732627800,292,292.75,291.75,291.75
1732629600,291.75,294.25,291.25,293.5
1732631400,293.5,294.25,292.75,293.5
1732633200,293.25,294,293.25,294
1732689000,299.25,299.25,299.25,299.25
1732690800,299.25,299.75,297.25,297.5
1732692600,297.75,298.5,296.5,296.75
1732694400,296.75,297,295,295.75
1732696200,295.75,295.75,295,295
1732698000,295.25,295.75,294.75,295.25
1732699800,295,295.25,294.5,295.25
1732701600,295.25,296.25,295,295.5
1732703400,295.5,296,295,295.5
1732705200,295.5,295.5,294.75,295
1732707000,295,295.75,294.75,295.25
1732708800,295.5,295.5,294.5,294.75
1732710600,294.5,295,294.5,294.75
1732712400,294.5,294.75,293.25,294.25
1732714200,294.25,295.25,294.25,294.5
1732716000,294.25,295.25,294,294.75
1732717800,295,295,292.25,292.75
1732719600,292.75,292.75,292.5,292.5
1732775400,291,291,291,291
1732777200,291,291.25,288.25,288.75
1732779000,288.75,289.5,288.5,288.75
1732780800,288.75,289,288,288.75
1732782600,288.5,289,287.5,287.5
1732784400,287.75,287.75,287.25,287.75
1732786200,287.75,287.75,287,287.5
1732788000,287.5,287.5,286,286.5
1732789800,286.75,287,285.75,286.25
1732791600,286.25,286.25,285.25,285.75
1732793400,285.75,286,285.25,285.5
1732795200,285.5,286,284.25,285.75
1732797000,285.75,285.75,285,285.75
1732798800,285.75,286.75,285.5,286.25
1732800600,286.25,286.75,285.25,285.5
1732802400,285.5,285.75,285,285.25
1732804200,285.25,288,285.25,287.5
1732806000,287.25,287.25,287.25,287.25
1732861800,287.25,287.25,287.25,287.25
1732863600,287.25,287.75,284.75,285
1732865400,285,286,284.75,286
1732867200,286,286.75,284.75,285
1732869000,285,285,284.5,284.75
1732870800,284.75,285.75,284.5,285.25
1732872600,285.25,285.25,284.75,285
1732874400,285,285.5,284.75,285
1732876200,285,285.25,285,285.25
1732878000,285,285.25,284.25,284.5
1732879800,284.5,285,284,284.75
1732881600,284.75,284.75,283.75,284
1732883400,284,284.25,283.5,284
1732885200,284,285.75,283.75,285.25
1732887000,285.25,286.5,285,286
1732888800,286,286,283.5,284.25
1732890600,284.5,286.75,284,286
1732892400,286.25,286.25,285,285
1733121000,284.5,284.5,284.5,284.5
1733122800,284.25,286,283.5,284
1733124600,284,284.25,282.5,283.25
1733126400,283,284,283,283
1733128200,283,283.5,282.5,283
1733130000,283,284.5,282.75,284
1733131800,284,284.75,283.75,284.25
1733133600,284.25,284.25,283.75,284
1733135400,283.75,284.5,283.5,283.5
1733137200,283.5,284.25,283.5,284
1733139000,284,284.25,283.5,283.75
1733140800,283.75,284.75,283.5,284.25
1733142600,284,284.25,283.25,283.5
1733144400,283.25,283.75,283.25,283.5
1733146200,283.25,285.25,283,285
1733148000,285,286.5,285,285.75
1733149800,285.75,286.75,284.25,286
1733151600,285.5,285.5,285.5,285.5
1733207400,286.25,286.25,286.25,286.25
1733209200,286.25,288.5,284,288.5
1733211000,288.5,290,288,289.25
1733212800,289.5,290.5,289,289.75
1733214600,289.75,290.25,289.25,289.25
1733216400,289.5,289.75,289,289.5
1733218200,289.75,289.75,288.75,289
1733220000,289,289.25,288.75,288.75
1733221800,288.75,289,288,288
1733223600,288,288.75,288,288.25
1733225400,288.25,289.5,288.25,289
1733227200,289,289.25,288.5,288.5
1733229000,288.5,290,288.25,289.75
1733230800,289.75,290,288.5,289
1733232600,289,289.25,288,288
1733234400,288.25,289,288,288.75
1733236200,288.75,288.75,287,287.5
1733238000,287.5,287.5,287,287
1733293800,288.5,288.5,288.5,288.5
1733295600,288.75,289.75,287.75,288.75
1733297400,289,289.75,288,289.25
1733299200,289,290,288.25,289.75
1733301000,290,291.75,289.75,290.5
1733302800,290.25,290.75,289.75,290.5
1733304600,290.25,290.5,289.5,290
1733306400,289.75,290,289.25,289.75
1733308200,289.75,290.25,289.25,290
1733310000,290,290,289.25,290
1733311800,290,290.75,289.75,290.5
1733313600,290.75,290.75,289.75,290
1733315400,289.75,290,289.5,289.75
1733317200,289.75,289.75,288.5,289
1733319000,289,290,288.75,290
1733320800,290,290.25,289.5,289.5
1733322600,289.5,289.75,288.25,288.75
1733324400,289,289,289,289
1733380200,290.5,290.5,290.5,290.5
1733382000,290.5,292.5,290,292
1733383800,292,293.25,291.75,292.25
1733385600,292,294,292,293.75
1733387400,293.75,294,293,293.5
1733389200,293.5,293.75,293,293.5
1733391000,293.5,294.25,293.25,293.75
1733392800,293.75,294,293.5,293.75
1733394600,293.5,295,293,294.5
1733396400,294.5,294.5,293.5,293.75
1733398200,293.75,294.5,293.5,293.5
1733400000,293.75,294,293.25,293.75
1733401800,293.75,294.25,292.25,292.5
1733403600,292.5,292.75,291.25,292.5
1733405400,292.5,293.5,292.25,293.5
1733407200,293.5,294,293,293.25
1733409000,293.25,293.5,292.25,293
1733410800,293.5,293.5,293.5,293.5
1733466600,296,296,296,296
1733468400,296,296.75,294.5,294.5
1733470200,294.5,294.75,294,294.5
1733472000,294.5,295.5,293.5,295.25
1733473800,295.25,296,295,295.25
1733475600,295.25,295.75,294.75,295.25
1733477400,295.25,295.75,294.75,295.5
1733479200,295.5,296,295.25,295.75
1733481000,295.75,296.25,295.25,296.25
1733482800,296.25,296.25,295.25,295.5
1733484600,295.5,295.75,295.25,295.5
1733486400,295.75,296,295.25,295.75
1733488200,295.5,296.25,295.25,295.75
1733490000,295.75,296,295.25,295.75
1733491800,295.75,296.5,295.5,296
1733493600,296,298.25,296,298
1733495400,298,300.25,298,299.75
1733497200,299.5,300.5,299.5,300.5
1733725800,303.75,303.75,303.75,303.75
1733727600,303.75,304,300.25,301
1733729400,300.75,301.5,300.5,300.75
1733731200,300.75,301.5,300.5,301.5
1733733000,301.5,301.75,301,301.5
1733734800,301.25,301.75,301.25,301.25
1733736600,301.25,301.5,301.25,301.5
1733738400,301.5,301.75,301.25,301.75
1733740200,301.5,301.75,301,301.5
1733742000,301.25,301.75,301.25,301.5
1733743800,301.5,301.5,300.75,301
1733745600,301,301.5,300.75,301.5
1733747400,301.5,301.5,300.5,300.75
1733749200,301,301.5,300.75,301
1733751000,301,301.5,301,301.25
1733752800,301.25,301.25,299.25,299.75
1733754600,299.75,300.25,299.5,300
1733756400,300.5,300.5,300.5,300.5
1733812200,300.5,300.5,300.5,300.5
1733814000,300.25,302.75,299.5,301.25
1733815800,301.25,305,301,304
1733817600,303.75,304.5,302,302.25
1733819400,302,302.5,301.5,302.25
1733821200,302.25,302.75,301.75,302
1733823000,302,303.25,302,303
1733824800,303,304,302.25,303
1733826600,303,303.5,302.25,302.5
1733828400,302.75,303,301.75,302.25
1733830200,302.25,302.5,302,302.25
1733832000,302.25,302.5,302,302
1733833800,302,302.25,300.25,300.75
1733835600,300.75,301,299,299
1733837400,299,300,298.25,299.75
1733839200,299.75,300,297.75,298.75
1733841000,298.75,300,298,299
1733842800,299.25,299.25,299.25,299.25
1733898600,299.5,299.5,299.5,299.5
1733900400,299.5,300.25,297.25,298
1733902200,298,299.75,297.75,299.5
1733904000,299.5,301.5,299,300.75
1733905800,300.75,300.75,298.75,299.5
1733907600,299.75,299.75,298.25,298.5
1733909400,298.5,299.25,298,298.75
1733911200,298.75,299.75,298.5,299
1733913000,299,300,298.75,300
1733914800,300,303,299.75,302
1733916600,302.25,302.5,301,301.25
1733918400,301.25,301.75,301,301.25
1733920200,301.25,301.5,300.75,301
1733922000,301,302.25,301,301.75
1733923800,301.75,303,301.75,302.5
1733925600,302.5,302.75,301,301.5
1733927400,301.25,302.25,301,301.25
1733929200,301.25,301.25,301.25,301.25
1733985000,303,303,303,303
1733986800,303,304.25,302,302.5
1733988600,302.75,302.75,301.5,301.75
1733990400,301.75,302.25,301.5,302
1733992200,302,302.25,301.5,301.75
1733994000,301.5,301.75,301,301.25
1733995800,301.25,301.75,301,301.75
1733997600,301.5,301.75,301,301.5
1733999400,301.5,301.5,300.5,301
1734001200,300.75,301,300.5,300.5
1734003000,300.5,300.75,298.5,298.75
1734004800,298.5,299.25,297.5,299
1734006600,299,299.25,298.5,298.75
1734008400,298.5,299.25,298.5,299.25
1734010200,299,299.25,298.25,298.5
1734012000,298.5,299,298,298.5
1734013800,298.25,298.75,296.75,298.5
1734015600,298.5,298.5,298.5,298.5
1734071400,297.75,297.75,297.75,297.75
1734073200,297.5,297.75,295,295.5
1734075000,295.5,295.75,294.25,295.25
1734076800,295,296.5,295,296.5
1734078600,296.5,296.75,296,296.25
1734080400,296,296.25,295.5,295.75
1734082200,295.75,296.5,295.75,296.25
1734084000,296.5,296.75,296,296
1734085800,296,297,296,296.75
1734087600,296.75,298,296.25,298
1734089400,297.75,298.5,297.25,297.75
1734091200,297.75,299.25,297,298
1734093000,298.25,298.25,296.5,297.5
1734094800,297.5,297.75,296.75,297
1734096600,297,297.75,297,297.75
1734098400,297.75,298,297,298
1734100200,298,299.5,297.75,298.25
1734102000,298.5,299.25,298.5,299.25
1734330600,300.25,300.25,300.25,300.25
1734332400,300.25,300.75,299,300
1734334200,300,300,299,299.25
1734336000,299.25,300,299,299.5
1734337800,299.5,299.75,299,299.5
1734339600,299.25,299.5,299,299.25
1734341400,299.5,299.5,298.75,299.5
1734343200,299.25,299.75,298.75,299.25
1734345000,299,299.5,298,299
1734346800,299,299.5,298.75,299.5
1734348600,299.5,299.5,298.5,298.75
1734350400,299,299.5,298.75,299.5
1734352200,299.5,299.75,298.75,299.25
1734354000,299.25,299.75,298,298.25
1734355800,298.25,299,297.75,298.25
1734357600,298,298.5,297.25,298
1734359400,298,298.25,295.5,296
1734361200,296,296,295.5,295.5
1734417000,295.5,295.5,295.5,295.5
1734418800,295.75,296.75,294.75,295.75
1734420600,296,296,295.25,295.5
1734422400,295.75,295.75,293,293.75
1734424200,293.5,294,293.25,294
1734426000,294,294.5,293.75,294.5
1734427800,294.5,295.75,293.75,295.5
1734429600,295.5,298.25,295.5,297.5
1734431400,297.75,298.75,297.25,297.75
1734433200,298,299,297.5,298.75
1734435000,298.75,299.5,298.25,299
1734436800,298.75,299,298.5,298.75
1734438600,298.75,298.75,297.5,298
1734440400,298,298.75,297.25,298.75
1734442200,298.5,300.5,298.5,300.25
1734444000,300,300.25,298.5,298.75
1734445800,298.75,299,297.5,297.75
1734447600,297.75,297.75,297.75,297.75
1734503400,297,297,297,297
1734505200,296.75,297.75,296,296.25
1734507000,296,296.5,295.75,296.25
1734508800,296.25,296.75,296,296.25
1734510600,296.5,297,296,296.25
1734512400,296.25,296.75,296.25,296.5
1734514200,296.25,296.5,296,296.25
1734516000,296.25,296.5,296,296.25
1734517800,296,296.5,295.75,296
1734519600,296,296.25,295.25,295.5
1734521400,295.5,295.5,293.75,294
1734523200,294,294.75,293.75,294.75
1734525000,294.75,295.75,294.25,295.5
1734526800,295.5,296.25,294.75,295
1734528600,295.25,295.25,294.25,294.75
1734530400,294.75,294.75,291.5,291.5
1734532200,291.5,292,290.25,291
1734534000,291,291,290.5,290.5
1734589800,288.5,288.5,288.5,288.5
1734591600,288.25,289.5,287.75,289
1734593400,289,290.5,288.75,289.5
1734595200,289.75,290,288.75,289.75
1734597000,289.5,292.5,289.5,292.25
1734598800,292.25,292.75,292,292.75
1734600600,292.75,293,292,292.25
1734602400,292.25,292.25,290.5,290.75
1734604200,290.75,291.75,290.5,291
1734606000,291,291.25,290.75,291.25
1734607800,291.25,291.25,290.5,290.5
1734609600,290.5,292,289.75,291.75
1734611400,291.5,291.75,290.75,291.25
1734613200,291.25,291.75,290.75,291
1734615000,291.25,291.25,288.5,289.25
1734616800,289.25,290.75,289,289.25
1734618600,289.25,290,288.25,288.75
1734620400,289.5,289.5,289.5,289.5
1734676200,289.5,289.5,289.5,289.5
1734678000,289.5,291.25,289,289.75
1734679800,289.75,291.25,289,290.25
1734681600,290,290.5,289.5,290
1734683400,290,290,289,289
1734685200,289.25,289.5,288.75,289.5
1734687000,289.5,290,289.25,289.5
1734688800,289.25,289.75,289.25,289.5
1734690600,289.75,290,289,290
1734692400,290,290,288.25,288.75
1734694200,288.75,289.5,288.5,289
1734696000,289.25,290,289,290
1734697800,290,290,288.25,289.25
1734699600,289.25,289.75,288.75,289.25
1734701400,289,290.5,287.75,288.5
1734703200,288.5,289.5,288.25,288.5
1734705000,288.5,289.75,288.25,289.5
1734706800,289.75,289.75,289.75,289.75
1734935400,290.25,290.25,290.25,290.25
1734937200,290.25,291.5,289.5,290
1734939000,290,292.5,289.75,291.25
1734940800,291,291.75,290.5,290.5
1734942600,290.75,291.25,290,291
1734944400,291,291,290.25,290.25
1734946200,290.25,290.5,290,290
1734948000,290,290.75,289.75,290.25
1734949800,290.25,290.5,289.75,290
1734951600,289.75,290.25,289,289.5
1734953400,289.25,289.5,288.75,289.25
1734955200,289,289.25,288.25,288.75
1734957000,289,289.25,288,288.5
1734958800,288.25,289,287.75,288.75
1734960600,288.5,289.5,288,289.5
1734962400,289.5,289.5,288,288.75
1734964200,288.75,289.25,285,286
1734966000,286,286,286,286
1735021800,286,286,286,286
1735023600,285.75,287,285.5,286.25
1735025400,286.25,287.25,285.75,286.75
1735027200,287,287,285.25,285.5
1735029000,285.5,286.25,285,286
1735030800,286.25,286.5,285.5,285.75
1735032600,285.75,286,285,285
1735034400,285,285,284.25,285
1735036200,285,285,284.5,284.75
1735038000,284.75,284.75,284,284.75
1735039800,284.5,285,284.25,284.5
1735041600,284.75,284.75,284,284.75
1735043400,284.5,285,284,284.25
1735045200,284.25,284.5,283.75,284.25
1735047000,284,284.5,283.75,284
1735048800,284,284.5,283.25,284.25
1735050600,284.25,286,284,285.75
1735052400,285.5,285.5,285.5,285.5
1735108200,289,289,289,289
1735110000,288.75,289.25,288.25,288.5
1735111800,288.5,288.75,288.25,288.5
1735113600,288.75,289,288.5,288.75
1735115400,288.5,289,288.5,288.75
1735117200,288.5,288.75,288.25,288.5
1735119000,288.5,288.75,288.25,288.75
1735120800,288.5,288.75,288.25,288.5
1735122600,288.5,289,288.25,288.75
1735124400,288.5,289,287.75,288.5
1735126200,288.25,288.5,288,288.5
1735128000,288.5,288.5,288,288.5
1735129800,288.5,289.75,288.25,289.25
1735131600,289.25,289.5,288.25,288.5
1735133400,288.5,289,288.25,289
1735135200,289,289.25,288.25,288.25
1735137000,288.25,289.25,288,288.25
1735138800,288.25,288.25,288.25,288.25
1735194600,289.5,289.5,289.5,289.5
1735196400,289.5,292.25,289,291.5
1735198200,291.75,292.75,291.25,291.75
1735200000,292,292,291.25,291.75
1735201800,291.75,293.25,291.5,292.25
1735203600,292.25,292.5,292,292.5
1735205400,292.25,293,292,292.25
1735207200,292.25,292.75,292,292.25
1735209000,292.5,292.75,292,292.5
1735210800,292.5,293.25,289.75,292
1735212600,292,292.25,289.25,289.75
1735214400,289.75,290.5,289.25,290
1735216200,290,290.25,289.25,289.5
1735218000,289.75,290.5,289,289.25
1735219800,289,289.25,288.5,288.75
1735221600,288.5,290.25,288,289.5
1735223400,289.75,291.75,288.75,291.5
1735225200,290,290,290,290
1735281000,290.25,290.25,290.25,290.25
1735282800,290.5,292,290.25,292
1735284600,292,292.75,291.25,292
1735286400,292,293.25,291.5,292.5
1735288200,292.25,292.5,291.75,292
1735290000,291.75,292.25,291.25,292.25
1735291800,292,292.25,291.5,292
1735293600,291.75,292.5,291.75,292
1735295400,292.25,292.5,291.75,292.5
1735297200,292.5,292.5,291.5,291.75
1735299000,292,292.25,291.5,291.75
1735300800,292,292,290.5,291
1735302600,290.75,291.5,289.75,291.5
1735304400,291.25,291.75,290.75,291.75
1735306200,291.75,292.25,291.25,291.75
1735308000,291.75,292,290.75,291
1735309800,290.75,291,290,290.75
1735311600,290.75,290.75,290.75,290.75
1735540200,291.25,291.25,291.25,291.25
1735542000,291.25,291.5,288.75,289
1735543800,289.25,289.5,288.5,288.75
1735545600,288.75,289.25,288.5,289
1735547400,289.25,289.5,287.75,288.25
1735549200,288,288.25,288,288
1735551000,288,288.25,287.5,287.5
1735552800,287.75,288.25,287.5,288
1735554600,288,288.25,287.5,288
1735556400,288,288,287.75,287.75
1735558200,287.75,288,287.5,288
1735560000,287.75,288,287.5,287.75
1735561800,287.75,287.75,287.25,287.25
1735563600,287.25,287.5,287.25,287.5
1735565400,287.5,287.5,287.25,287.5
1735567200,287.5,287.5,286.75,287
1735569000,286.75,287,282.5,282.75
1735570800,283,283,282.25,282.25
1735626600,282.5,282.5,282.5,282.5
1735628400,282.5,283,281.75,282.5
1735630200,282.5,282.5,278.75,279
1735632000,279,279.75,278.75,279.75
1735633800,279.75,282.5,279.5,282
1735635600,282.25,282.25,280.5,280.75
1735637400,280.75,281.25,280.25,281.25
1735639200,281.25,282.25,281,281.75
1735641000,282,283.25,281.75,283
1735642800,282.75,285,282.75,283.75
1735644600,283.75,285.25,283.5,285
1735646400,284.75,285,284,285
1735648200,285,285.75,284.25,284.75
1735650000,284.75,285,284,284.5
1735651800,284.75,285.25,284.25,284.25
1735653600,284.5,285.25,283.75,284.25
1735655400,284.25,284.25,281.25,281.75
1735657200,281,281,281,281
1735799400,282.25,282.25,282.25,282.25
1735801200,282.5,283.25,281.25,282.25
1735803000,282.5,283.25,281.5,281.75
1735804800,281.5,283,281.5,282.25
1735806600,282.5,282.75,282,282.5
1735808400,282.5,282.75,281.75,282.5
1735810200,282.75,284,282.25,283.25
1735812000,283.25,283.25,282.5,283.25
1735813800,283.25,283.25,282.5,283
1735815600,283,283.25,282.75,283
1735817400,283.25,283.5,282.75,283
1735819200,283.25,283.75,282.75,283.5
1735821000,283.5,284,283,283.25
1735822800,283.25,285.5,283,285
1735824600,285,286.25,284.5,285.25
1735826400,285.25,286.25,285,285.75
1735828200,285.75,287.25,285.25,287
1735830000,287.5,287.5,287.5,287.5
1735885800,288.25,288.25,288.25,288.25
1735887600,288.25,299.75,288,298
1735889400,298,299.25,296.25,296.5
1735891200,296.5,298,296.5,297.5
1735893000,297.5,298.5,297,298.25
1735894800,298.25,298.25,297.25,297.5
1735896600,297.5,297.5,296.75,297
1735898400,296.75,297.25,296.5,296.75
1735900200,296.75,298,296.75,297.5
1735902000,297.25,297.75,297,297.5
1735903800,297.5,298,297,297.5
1735905600,297.75,298.5,297.5,297.75
1735907400,298,298.25,297.25,297.5
1735909200,297.5,298.25,297.25,298.25
1735911000,298.25,298.25,297.25,297.75
1735912800,297.75,299.5,297.5,298.75
1735914600,298.75,299,297.75,298
1735916400,298,298,298,298
1736145000,299.5,299.5,299.5,299.5
1736146800,299.25,300,296,297.25
1736148600,297.5,298.5,297.25,297.75
1736150400,297.75,298,297.25,297.5
1736152200,297.5,297.75,296.5,296.75
1736154000,296.5,297,296.5,296.5
1736155800,296.5,297,296.25,296.25
1736157600,296.5,297.5,296.25,297
1736159400,296.75,297.25,296.75,297
1736161200,296.75,299.5,296.75,298.75
1736163000,298.75,300,298,298.25
1736164800,298,299.25,297.5,298
1736166600,298,299.25,297.75,299.25
1736168400,299.25,300,298.5,299.25
1736170200,299,299.5,298.25,298.5
1736172000,298.25,298.5,296,296.75
1736173800,296.5,296.75,295.25,296.25
1736175600,297,297,297,297
1736231400,296,296,296,296
1736233200,296,296.75,294.5,296
1736235000,296,296.5,295.5,295.75
1736236800,295.75,296.25,295.5,296
1736238600,295.75,296,295.5,295.75
1736240400,295.75,296,294.75,295.5
1736242200,295.25,295.5,295.25,295.25
1736244000,295.5,295.75,295.25,295.5
1736245800,295.75,296.25,295.25,296
1736247600,296.25,296.25,295.25,295.75
1736249400,295.75,295.75,295,295.25
1736251200,295.25,295.5,295,295
1736253000,295,295.5,295,295.25
1736254800,295,296.75,295,296.75
1736256600,296.75,297.75,296.25,297.5
1736258400,297.75,298.25,293.5,294.25
1736260200,294.25,294.5,293,293.5
1736262000,293.75,293.75,293.5,293.5
1736317800,293,293,293,293
1736319600,293,294,291,291.25
1736321400,291.5,292.5,291,292.25
1736323200,292.5,295,292.25,294.5
1736325000,294.5,295,293,293
1736326800,293.25,293.75,293,293.25
1736328600,293.25,293.25,292.75,293
1736330400,293,293.5,292.75,293.5
1736332200,293.5,294.25,293,294
1736334000,294,294.75,293.5,294.25
1736335800,294.5,294.75,293.25,293.25
1736337600,293.5,293.75,292.25,292.75
1736339400,292.75,293.75,292.5,293.25
1736341200,293,294,293,293.5
1736343000,293.5,294,292.75,293.25
1736344800,293,293.5,292,293
1736346600,293.25,293.25,291.5,292
1736348400,293,293,293,293
1736404200,294.5,294.5,294.5,294.5
1736406000,294.5,297.5,294.25,296.5
1736407800,296.5,296.5,294.75,295
1736409600,294.75,295.25,293.25,293.75
1736411400,293.75,294,293,293.25
1736413200,293.25,294.25,293.25,293.75
1736415000,294,294.25,293.25,293.25
1736416800,293.25,293.75,293,293.5
1736418600,293.5,293.75,292.5,293.25
1736420400,293,293.5,292.75,293.25
1736422200,293.5,294.25,293,294
1736424000,294,295.25,294,294
1736425800,294.25,294.5,293.25,293.25
1736427600,293.5,293.75,292.75,293.25
1736429400,293.5,294.25,292.75,293.75
1736431200,294,295.5,293.5,294.75
1736433000,294.75,295.5,294,294.75
1736434800,294.75,294.75,294.75,294.75
1736490600,295.25,295.25,295.25,295.25
1736492400,295.25,296.25,294.25,295.5
1736494200,295.25,297.75,295.25,297
1736496000,297,297.25,295.25,295.25
1736497800,295.25,295.75,295,295.75
1736499600,295.75,295.75,295,295.5
1736501400,295.5,296.25,295,295.5
1736503200,295.75,296,295.5,296
1736505000,295.75,296,294.75,295
1736506800,295,295.5,294.75,295
1736508600,295.25,295.25,294.75,295
1736510400,294.75,295.25,294.5,294.75
1736512200,294.75,296.25,294.75,296
1736514000,296,296.75,295.5,296.5
1736515800,296.25,296.5,292.75,293.75
1736517600,293.75,294.5,293,293.75
1736519400,293.5,294,292.5,293.75
1736521200,293.5,293.5,293.5,293.5
1736749800,292.75,292.75,292.75,292.75
1736751600,292.75,293.5,291.75,293
1736753400,293.25,293.25,292.5,293.25
1736755200,293,294.5,292.25,292.5
1736757000,292.25,293.5,291.25,292
1736758800,292.25,292.75,291.5,292.75
1736760600,292.75,292.75,292,292.75
1736762400,292.5,292.75,291.75,292.25
1736764200,292,292.5,291.75,291.75
1736766000,292,292,290.25,290.75
1736767800,290.75,290.75,289.25,289.5
1736769600,289.25,290,288.75,289.75
1736771400,289.5,290.5,289,289.75
1736773200,289.5,290,288.75,289.5
1736775000,289.5,290.25,289,289.75
1736776800,289.5,289.75,287.25,287.5
1736778600,287.75,289.75,287.25,289.5
1736780400,289.75,289.75,289.75,289.75
1736836200,291.25,291.25,291.25,291.25
1736838000,291.25,293,290,290.5
1736839800,290.75,292.75,290.5,292.5
1736841600,292.25,293.75,292.25,293
1736843400,293.25,295,293,294.25
1736845200,294.5,294.75,293.75,294.5
1736847000,294.5,294.5,293.5,293.5
1736848800,293.5,294.25,293.5,294.25
1736850600,294.25,294.5,293.75,293.75
1736852400,293.75,294.5,293.5,294
1736854200,294,294.25,293,293
1736856000,293.25,293.5,292.75,293
1736857800,293,293.75,292.5,292.75
1736859600,292.75,293.5,292,292.25
1736861400,292,295.25,292,294.25
1736863200,294.25,294.5,293.25,294.5
1736865000,294.5,294.75,293.5,294
1736866800,293.5,293.5,293.5,293.5
1736922600,293.5,293.5,293.5,293.5
1736924400,293.5,298.5,292.5,295.75
1736926200,295.75,296,294.5,294.75
1736928000,294.5,295,293,293.25
1736929800,293,295.5,293,295.5
1736931600,295.25,296.75,294.75,296.25
1736933400,296.5,297.25,296,296.5
1736935200,296.5,296.5,295.25,295.75
1736937000,295.75,296,295.25,295.5
1736938800,295.75,296.25,295.25,295.5
1736940600,295.5,295.5,294.75,295
1736942400,295.25,295.5,294,294.25
1736944200,294.25,294.5,293.5,294.5
1736946000,294.5,295,293.75,294.75
1736947800,294.75,297,292.5,292.75
1736949600,292.75,293.5,292.25,293.25
1736951400,293,295.5,292.75,295
1736953200,295,295,295,295
1737009000,299,299,299,299
1737010800,299.25,300.25,297,297.25
1737012600,297.25,298.25,296.5,298
1737014400,298,300.25,297.75,298.75
1737016200,299,299.25,297.25,297.25
1737018000,297.25,297.75,296.5,296.75
1737019800,296.75,297.25,296.5,296.75
1737021600,296.75,297.25,296.25,297
1737023400,296.75,297,296.25,296.5
1737025200,296.5,297.25,296.5,297.25
1737027000,297.25,297.25,296.25,296.5
1737028800,296.5,297,296,296.5
1737030600,296.5,297,295.5,295.5
1737032400,295.5,296,295.5,295.75
1737034200,295.5,296.25,295,295.75
1737036000,295.75,297.25,295.75,296.5
1737037800,296.5,298.5,296.5,297.75
1737039600,297.75,297.75,297.75,297.75
1737095400,298,298,298,298
1737097200,298,298.5,296.25,297
1737099000,297,298,296.75,297.25
1737100800,297.5,299.25,297.25,298.75
1737102600,298.75,299.75,298.5,299.5
1737104400,299.25,301.75,299.25,301.75
1737106200,301.5,303,301.5,302
1737108000,302,302.5,301.75,302
1737109800,302.25,302.5,301.75,302.25
1737111600,302.5,302.5,301.75,302
1737113400,302.25,303,301.75,302.75
1737115200,302.75,302.75,301.75,301.75
1737117000,302,302.5,301.25,302.25
1737118800,302.5,303.5,302,303.5
1737120600,303.25,303.75,302.5,303
1737122400,302.75,303.75,302.5,303.25
1737124200,303,303.75,302.25,303.5
1737126000,303.5,303.5,303.5,303.5
1737354600,305,305,305,305
1737356400,305,306,303.25,303.5
1737358200,303.5,304.75,303,304
1737360000,304,305,303.75,304.5
1737361800,304.25,305.5,304.25,305
1737363600,305,305.25,303.75,304
1737365400,304,304.5,303.75,304.25
1737367200,304.25,304.5,302.5,302.5
1737369000,302.75,304.75,301.75,304.5
1737370800,304.25,305.25,304.25,304.5
1737372600,304.75,305,304,304
1737374400,304.25,304.5,303.25,303.5
1737376200,303.75,304,303.25,303.75
1737378000,303.5,305,303,304.5
1737379800,304.75,305.5,304.25,304.5
1737381600,304.5,304.75,304,304.5
1737383400,304.25,305.75,304.25,305.25
1737385200,305.5,305.75,305.5,305.75
1737441000,304.25,304.25,304.25,304.25
1737442800,304.5,305.5,303,304.5
1737444600,304.5,304.75,304,304.5
1737446400,304.25,304.75,303.5,303.75
1737448200,303.75,304.25,303.25,303.75
1737450000,303.75,304.25,303.25,303.5
1737451800,303.5,303.75,303.25,303.25
1737453600,303.25,303.5,303,303.5
1737455400,303.5,303.75,303.25,303.5
1737457200,303.5,304,303,303.25
1737459000,303.25,303.5,303,303.25
1737460800,303.5,303.5,302.25,303
1737462600,303,303.25,302.5,302.75
1737464400,302.75,303.25,302.25,303
1737466200,303,304.25,302.75,304
1737468000,304,304,302.25,302.5
1737469800,302.5,302.5,299.75,300.75
1737471600,301.25,301.25,301.25,301.25
1737527400,301.75,301.75,301.75,301.75
1737529200,301.5,303.75,300.5,303
1737531000,303,304.25,302.75,303.25
1737532800,303.25,303.5,302.75,303
1737534600,302.75,303.5,302.75,303.25
1737536400,303.25,303.25,302.75,303
1737538200,303,303.25,301.75,302
1737540000,302,303.25,302,303
1737541800,303,303.75,303,303.25
1737543600,303.25,303.75,303,303.5
1737545400,303.5,304.5,303.25,304.5
1737547200,304.5,304.75,303.75,303.75
1737549000,304,304.25,303.25,303.5
1737550800,303.5,304,303.25,303.5
1737552600,303.5,304.75,303.5,304.75
1737554400,304.75,304.75,304,304.5
1737556200,304.75,305.75,304.5,305.25
1737558000,305.25,305.25,305.25,305.25
1737613800,306,306,306,306
1737615600,305.75,306.5,304.75,305
1737617400,305,305,304,304.25
1737619200,304.5,305,304.25,304.75
1737621000,304.5,304.75,304,304.75
1737622800,304.5,305,304.5,305
1737624600,305,305,304.25,304.25
1737626400,304.5,304.75,304.25,304.75
1737628200,304.5,304.75,304.25,304.5
1737630000,304.25,304.75,303.5,304.75
1737631800,304.75,304.75,303,303.25
1737633600,303.25,304.5,303,304.25
1737635400,304.5,307.5,303.75,306.75
1737637200,306.75,308.25,305.5,306.25
1737639000,306.25,309.25,306,309
1737640800,309.25,311.75,308.5,309
1737642600,309,310.5,308,310
1737644400,309.75,309.75,309.75,309.75
1737700200,310,310,310,310
1737702000,310.25,310.25,307.25,308.25
1737703800,308,308.25,306,306.25
1737705600,306.25,307.75,306,307.5
1737707400,307.25,307.75,306.75,307.25
1737709200,307.25,308.25,307.25,308.25
1737711000,308.25,308.5,307.75,308.25
1737712800,308.25,308.25,307.75,308.25
1737714600,308.25,308.5,307.75,308.25
1737716400,308.5,308.75,307.75,308.25
1737718200,308,308.5,307.75,308.25
1737720000,308.25,308.5,307.75,308.25
1737721800,308,308.25,307.75,308
1737723600,308,308.75,308,308.25
1737725400,308.5,308.5,307.75,308
1737727200,308.25,309.5,307.75,309.5
1737729000,309.5,311,308.75,308.75
1737730800,309,309,309,309
1737959400,307.25,307.25,307.25,307.25
1737961200,307,310.75,305.5,309.5
1737963000,309.75,312.5,309.5,310.5
1737964800,310.5,311.75,310.5,310.75
1737966600,310.75,311.75,310.5,310.75
1737968400,311,311.5,310.5,311
1737970200,310.75,311.25,310.25,311
1737972000,310.75,311,309.75,310
1737973800,310.25,310.75,308.75,309
1737975600,309.25,309.5,307,307.5
1737977400,307.5,308,306.5,307
1737979200,307,307.25,306.25,307
1737981000,307,307.25,306.25,306.5
1737982800,306.5,307.5,306.25,306.75
1737984600,307,307,305.75,306.25
1737986400,306,306.25,305.25,305.5
1737988200,305.25,306.5,304.75,306.25
1737990000,306.5,306.5,306.5,306.5
1738045800,307,307,307,307
1738047600,307,308,304.75,305.5
1738049400,305.5,306.75,305,306.25
1738051200,306.25,307.5,306,307
1738053000,306.75,306.75,306,306.25
1738054800,306.25,306.75,306,306.25
1738056600,306.5,307,306.25,306.5
1738058400,306.25,307.5,306.25,307.5
1738060200,307.5,309,307,309
1738062000,309,310,308.25,309.75
1738063800,309.5,310.5,309,310.25
1738065600,310.5,312.5,310.25,311.5
1738067400,311.75,312,310.5,310.5
1738069200,310.75,311.5,310.25,311.25
1738071000,311.5,312.25,311,311.75
1738072800,311.75,312.75,311.5,312.5
1738074600,312.25,312.5,311.25,311.5
1738076400,311.75,311.75,311.75,311.75
1738132200,311.75,311.75,311.75,311.75
1738134000,311.75,313,310,310.25
1738135800,310.25,310.5,309.5,309.75
1738137600,309.75,310,309,310
1738139400,309.75,311.75,309.5,311.25
1738141200,311.25,312.5,311,311.25
1738143000,311,311.5,310.75,310.75
1738144800,310.75,311.5,310.5,311
1738146600,311,311.5,310.75,311.25
1738148400,311.5,312.25,311,311.5
1738150200,311.75,311.75,310.5,311.25
1738152000,311.25,312.5,310.75,311
1738153800,311,311.5,310.5,310.75
1738155600,310.5,312.25,310.5,312
1738157400,312,314.5,312,313.25
1738159200,313.25,314,312.5,313.25
1738161000,313.25,313.75,312.5,313.25
1738162800,313,313,313,313
1738218600,313.25,313.25,313.25,313.25
1738220400,313.25,316.25,312,315.25
1738222200,315,315.75,314.5,315.25
1738224000,315,316.5,315,315.75
1738225800,315.75,316,314.75,315.25
1738227600,315.25,315.5,313,313.5
1738229400,313.5,314,312.75,314
1738231200,314,314.75,313.5,314.5
1738233000,314.5,315,314.25,314.5
1738234800,314.5,315.5,314.25,315.25
1738236600,315.25,315.25,313.25,313.5
1738238400,313.5,314,313,313.75
1738240200,313.75,314.5,313.5,314
1738242000,314,314,313.25,313.75
1738243800,313.75,314.25,313.25,313.75
1738245600,313.75,313.75,312,313
1738247400,313,313.75,312.5,313.25
1738249200,313.25,313.25,313,313
1738305000,313.25,313.25,313.25,313.25
1738306800,313.5,315,313,313.75
1738308600,313.5,315.5,313.25,314.75
1738310400,315,316.25,314.5,315.5
1738312200,315.25,316,314.75,315
1738314000,315.25,316.5,315.25,316
1738315800,315.75,316.75,315,315.5
1738317600,315.5,317.75,315.25,317.25
1738319400,317.5,317.5,316.5,316.75
1738321200,316.75,317.5,316.5,317
1738323000,317.25,317.5,316.75,317
1738324800,317.25,317.25,316.75,316.75
1738326600,316.75,317,315.5,315.75
1738328400,315.75,316,315,316
1738330200,316,316.75,314.75,316.5
1738332000,316.5,317,316,316.5
1738333800,316.75,317,315.25,316
1738335600,317,317,317,317
1738564200,315,315,315,315
1738566000,314.75,315.25,312,312.25
1738567800,312.25,314.75,311.75,314.25
1738569600,314.25,316.75,314.25,315
1738571400,314.75,316.5,314.25,316.25
1738573200,316,317,315.75,317
1738575000,316.75,317,315.75,316
1738576800,316.25,317.75,316,317.5
1738578600,317.75,318,316.5,316.5
1738580400,316.5,317.25,316,316
1738582200,316,316.5,314.25,314.5
1738584000,314.75,315.5,314.25,315
1738585800,315.25,315.25,314.5,314.75
1738587600,314.75,315.25,314.25,314.5
1738589400,314.5,315,312.5,313
1738591200,313,313.25,312,313
1738593000,313,313.75,312.75,313.75
1738594800,313.75,313.75,313.75,313.75
1738650600,314.75,314.75,314.75,314.75
1738652400,314.75,316.25,311.5,312.5
1738654200,312.5,313,311.75,312
1738656000,312,312.25,310,311.25
1738657800,311,311.25,308.75,309.25
1738659600,309.25,309.5,308.75,308.75
1738661400,309,309.25,308,308.25
1738663200,308.5,308.5,307,307.5
1738665000,307.5,307.5,305.75,306.25
1738666800,306.25,308.75,306,308.5
1738668600,308.75,308.75,307.5,307.75
1738670400,307.75,308,307,307.25
1738672200,307.25,308.75,307,308
1738674000,308.25,308.25,307.5,308
1738675800,307.75,308,306,306.25
1738677600,306.25,306.75,305.25,306
1738679400,306,306.25,303.25,303.75
1738681200,303.5,303.5,303.5,303.5
1738737000,304.25,304.25,304.25,304.25
1738738800,304.25,304.5,300.5,301.5
1738740600,301.5,303.75,301.25,302.75
1738742400,302.75,303.25,300.75,301.75
1738744200,301.5,302,301.25,301.75
1738746000,301.75,302,301.5,301.75
1738747800,301.5,302,301,301.25
1738749600,301.25,302.25,301,302
1738751400,302,302.25,301.5,301.75
1738753200,301.5,302.5,301,302.25
1738755000,302.25,302.5,302,302
1738756800,302,304.75,301.75,304.75
1738758600,304.75,306.75,304,304.25
1738760400,304.25,305,300,300.25
1738762200,300.25,302.5,297.5,301.25
1738764000,301.5,303,300,301.75
1738765800,302,304.75,301,304.25
1738767600,303.75,303.75,303.75,303.75
1738823400,306.5,306.5,306.5,306.5
1738825200,306.5,310.25,306.5,309.5
1738827000,309.25,311,308.5,311
1738828800,311,313.25,310.75,312.75
1738830600,313,314.75,312.5,314.5
1738832400,314.75,316.25,314,314.75
1738834200,314.75,315.25,313.75,314.25
1738836000,314.25,315,314.25,314.25
1738837800,314.25,314.5,313.25,313.5
1738839600,313.5,314.5,313.5,314.25
1738841400,314,314.5,313.5,314
1738843200,314,314.5,313.75,314.5
1738845000,314.25,315.75,313.5,315.5
1738846800,315.5,316,315,315.5
1738848600,315.25,316,315,315.5
1738850400,315.25,316,314.5,314.75
1738852200,314.5,315.25,313.75,314.25
1738854000,314.25,314.25,313.5,313.5
1738909800,313.5,313.5,313.5,313.5
1738911600,313.25,314.25,312,312.5
1738913400,312.5,313.25,312,312.5
1738915200,312.5,315.5,312.5,314.75
1738917000,314.5,316.75,314,316
1738918800,316.25,317,315.25,315.5
1738920600,315.25,316.75,315.25,316
1738922400,316,316.75,315.75,316.25
1738924200,316.25,317.25,316.25,316.75
1738926000,316.75,316.75,315.75,316.25
1738927800,316.25,316.75,315.5,315.75
1738929600,315.75,316.5,315.25,316.5
1738931400,316.5,316.75,315.75,316.5
1738933200,316.75,317,316,317
1738935000,317,317.75,316.25,317.25
1738936800,317.5,320.5,317.25,318.75
1738938600,319,322.5,318.25,322
1738940400,322.25,322.25,322.25,322.25
1739169000,322.25,322.25,322.25,322.25
1739170800,322.25,323.5,319.5,321.75
1739172600,321.75,323.5,320.5,321
1739174400,320.75,322.25,320.5,321.25
1739176200,321.25,322.25,320.75,321.5
1739178000,321.5,322,321,321.5
1739179800,321.25,321.75,321,321.75
1739181600,321.5,321.75,321,321.75
1739183400,321.75,321.75,320,320.5
1739185200,320.25,321.5,320.25,320.75
1739187000,320.75,321,320,320.5
1739188800,320.5,320.75,319.75,320
1739190600,319.75,320,318.5,319
1739192400,319.25,320.75,319,320
1739194200,320,320.25,318.75,319.5
1739196000,319.5,320.75,319.25,320
1739197800,319.75,321,318.75,320.75
1739199600,320.25,320.25,320.25,320.25
1739255400,319.5,319.5,319.5,319.5
1739257200,319.5,319.75,313.5,314
1739259000,314,317.75,313.75,317.25
1739260800,317.25,318.75,316.75,316.75
1739262600,317,317.75,316.5,317.5
1739264400,317.5,318.25,317,317.5
1739266200,317.25,317.5,316.5,317
1739268000,317,317.25,316.75,317
1739269800,316.75,317.25,316,317
1739271600,317.25,317.5,316.5,317
1739273400,317,317.75,316.5,317.25
1739275200,317.5,317.5,316.75,317.25
1739277000,317.5,318.75,317.25,318.75
1739278800,318.75,319.25,317.75,318
1739280600,317.75,318.75,317.75,317.75
1739282400,317.75,319.25,317.5,318.5
1739284200,318.5,320,317.25,320
1739286000,319.5,319.5,319.5,319.5
1739341800,320,320,320,320
1739343600,319.75,320,316,317.5
1739345400,317.25,317.5,316.25,316.75
1739347200,316.5,317.25,316.5,317
1739349000,316.75,317.5,316.5,316.75
1739350800,316.75,319.25,316.5,319.25
1739352600,319.25,319.25,318,318.75
1739354400,318.75,320.75,318.5,320.25
1739356200,320.5,321,319,319.5
1739358000,319.5,320.75,318.5,319.25
1739359800,319.25,320,319,319.5
1739361600,319.75,321.25,319.5,320
1739363400,320,320.25,319,319.75
1739365200,319.75,320.25,318.5,318.75
1739367000,318.5,319.75,317.25,319.25
1739368800,319.25,319.25,318,318.5
1739370600,318.75,319.25,317.75,318.25
1739372400,317,317,317,317
1739428200,320,320,320,320
1739430000,320,321.5,319.5,320
1739431800,320,321.5,319.5,320.5
1739433600,320.5,321,319.75,320.75
1739435400,320.5,321.25,319.75,320.25
1739437200,320.25,320.75,319.75,320
1739439000,320,320.25,320,320
1739440800,320,320.25,318.5,319.25
1739442600,319.25,319.75,319,319.5
1739444400,319.25,319.75,319.25,319.5
1739446200,319.5,320.25,319.25,319.75
1739448000,320,320,319,319.75
1739449800,319.75,321.25,319.5,320.5
1739451600,320.25,320.75,320,320
1739453400,320.25,320.75,319.75,320.25
1739455200,320.5,321.25,320.25,320.5
1739457000,320.5,321,319.5,319.75
1739458800,319.5,319.5,319.25,319.25
1739514600,319.75,319.75,319.75,319.75
1739516400,319.75,323,319.75,322.5
1739518200,322.5,322.5,319.5,319.75
1739520000,319.75,320,317.25,319.75
1739521800,319.75,319.75,318.25,318.5
1739523600,318.5,319,318.5,318.75
1739525400,318.75,318.75,317.75,318
1739527200,317.75,318.25,317.75,318.25
1739529000,318.25,318.5,317.75,318.25
1739530800,318.25,318.75,318,318.5
1739532600,318.5,318.75,315.75,316.5
1739534400,316.75,317.25,316,316.5
1739536200,316.75,317,316,316.25
1739538000,316.25,316.5,315.25,315.5
1739539800,315.75,316,315,315.75
1739541600,315.5,317.5,315.25,317
1739543400,317,317.5,316.5,316.75
1739545200,316.75,316.75,316.75,316.75
1739773800,317.5,317.5,317.5,317.5
1739775600,317.5,319.75,314.75,315
1739777400,315,316.75,314.5,316
1739779200,316.25,318.75,316,318
1739781000,317.75,318.25,317.25,317.5
1739782800,317.75,320.5,316.5,319.25
1739784600,319.25,320.25,319,319.75
1739786400,319.75,320.5,319.5,320
1739788200,320,321.25,320,320.25
1739790000,320,320.25,319.25,319.5
1739791800,319.5,320.75,319.25,320.5
1739793600,320.5,321,319.75,319.75
1739795400,320,321.5,319.75,321.25
1739797200,321.25,321.25,320.5,321
1739799000,321,321.25,320.25,321
1739800800,321,321.25,319.5,319.75
1739802600,319.75,320.75,319.75,320.25
1739804400,319.5,319.5,319.5,319.5
1739860200,320,320,320,320
1739862000,319.75,321.75,318.5,320
1739863800,320.25,321,320,320.75
1739865600,320.75,324.75,320.5,324.5
1739867400,324.5,326.5,324.25,326.25
1739869200,326.25,327,326,326
1739871000,326,326.75,325.25,326.25
1739872800,326,326.25,325,325.5
1739874600,325.5,326.75,325.25,326.25
1739876400,326.25,326.75,325.75,326.25
1739878200,326,326.75,325.5,326.5
1739880000,326.5,326.5,325.25,325.5
1739881800,325.5,326,325,325.25
1739883600,325.25,325.75,322.75,324.5
1739885400,324.5,326.5,323.75,326
1739887200,326.25,327,324.75,325.5
1739889000,325.5,326,324.75,325
1739890800,325.25,325.25,325,325
1739946600,324.75,324.75,324.75,324.75
1739948400,324.5,325.75,323,324.25
1739950200,324.25,325,323,324
1739952000,324,324.5,323.25,323.75
1739953800,323.75,326,323.25,323.5
1739955600,323.5,323.5,322.25,323
1739957400,323,323.5,322.75,323.25
1739959200,323.25,324.5,323.25,323.75
1739961000,323.75,324,322.25,322.25
1739962800,322.25,322.75,321.75,322
1739964600,322,322.5,321.5,321.75
1739966400,322,322,321,321.25
1739968200,321.25,321.75,320.75,321.5
1739970000,321.5,321.5,320,320.25
1739971800,320.5,320.5,318.25,319.75
1739973600,319.75,319.75,318.25,318.75
1739975400,319,319,317,318.5
1739977200,318.25,318.25,318.25,318.25
1740033000,318.75,318.75,318.75,318.75
1740034800,319,324,318.75,322.5
1740036600,322.5,325.25,322.5,324
1740038400,323.75,324,321.25,321.75
1740040200,321.75,322.25,321.5,322
1740042000,322,322.25,321.5,322
1740043800,322,322.25,320.75,321.25
1740045600,321,321.5,320,320.5
1740047400,320.5,320.75,319.75,320
1740049200,320,320,318,318
1740051000,318,318.25,317.25,318
1740052800,317.75,318,317.5,317.75
1740054600,317.5,317.75,316.5,317
1740056400,317,317.75,316.75,317.25
1740058200,317.25,317.5,316.25,316.75
1740060000,316.75,318,316.25,317.5
1740061800,317.5,317.5,315,315.25
1740063600,315.5,315.75,315.5,315.75
1740119400,316.25,316.25,316.25,316.25
1740121200,316,317.5,315,317
1740123000,317,317.5,316.25,316.5
1740124800,316.25,316.75,315,316.25
1740126600,316.25,317,315,315
1740128400,315,315.5,314.5,315.25
1740130200,315.5,315.5,315,315.25
1740132000,315.25,315.5,314.75,314.75
1740133800,314.75,315,313,313.5
1740135600,313.25,313.75,312.25,312.25
1740137400,312.25,314,312.25,313.5
1740139200,313.75,313.75,313,313
1740141000,313.25,313.25,311.75,312.25
1740142800,312.25,312.25,309.25,310.5
1740144600,310.5,311.5,310.25,310.5
1740146400,310.5,311.75,308.75,308.75
1740148200,308.75,312,305.5,311
1740150000,310.75,310.75,309.25,309.25
1740378600,312.5,312.5,312.5,312.5
1740380400,312.5,313.5,311,313.25
1740382200,313.25,313.25,312,312
1740384000,312.25,313,311.25,311.5
1740385800,311.75,312.25,311.25,312
1740387600,312.25,313.25,312,312.75
1740389400,312.5,314,312.25,313.75
1740391200,313.75,314.25,313,314
1740393000,314,314,312.75,314
1740394800,314,314.25,313.5,314
1740396600,314,314.25,312,312.5
1740398400,312.5,313.25,312.25,313
1740400200,312.75,313,312,312.5
1740402000,312.5,313.25,312.25,313.25
1740403800,313.25,313.5,312.25,313
1740405600,313,313.25,311.25,311.75
1740407400,312,312,308.5,310
1740409200,309.5,309.5,309.5,309.5
1740465000,309.75,309.75,309.75,309.75
1740466800,309.5,311.5,308.25,310
1740468600,309.75,310.25,309.5,309.5
1740470400,309.5,309.75,309.25,309.25
1740472200,309.5,310,309,309.5
1740474000,309.5,309.5,308,308.5
1740475800,308.5,308.75,307,308.5
1740477600,308.25,309,308,308.25
1740479400,308.25,308.75,307.25,308.5
1740481200,308.5,308.75,308,308.25
1740483000,308.25,308.25,307.25,307.75
1740484800,307.75,309.25,307.5,309
1740486600,309.25,310,309,309
1740488400,309,309.5,308.25,308.5
1740490200,308.75,309,307.25,307.75
1740492000,307.75,307.75,304.75,306.25
1740493800,306,306.25,304.25,304.75
1740495600,305,305,304.75,304.75
1740551400,305.75,305.75,305.75,305.75
1740553200,305.75,307.25,305,306.25
1740555000,306,306.25,305,305.5
1740556800,305.5,306.25,305,306
1740558600,306,306.5,305.75,306
1740560400,306,306.25,305.5,306
1740562200,306,306.25,305.75,306.25
1740564000,306.25,307.75,305.75,306.5
1740565800,306.5,307,305.75,306.25
1740567600,306.25,307.25,306,306
1740569400,306,306.75,305.75,306.5
1740571200,306.5,309.25,306.25,308.75
1740573000,309,309,307.25,307.5
1740574800,307.5,308.25,306.5,308.25
1740576600,308.25,309.75,308.25,309.5
1740578400,309.5,310,307.5,308.25
1740580200,308.25,309.25,307.25,309
1740582000,308.25,308.25,308.25,308.25
1740637800,308.25,308.25,308.25,308.25
1740639600,308.25,310,307.75,308.75
1740641400,308.5,309.75,307.75,308
1740643200,308.25,308.75,307.5,308.25
1740645000,308,308.5,307.5,308.5
1740646800,308.25,308.5,307.5,307.75
1740648600,308,309,307.75,308.75
1740650400,308.75,309.25,307.75,308.25
1740652200,308.25,309,308,308.75
1740654000,308.75,310.75,308.5,310.5
1740655800,310.5,314.5,310.25,314.25
1740657600,314.25,315.25,314,314.75
1740659400,314.75,315.25,313.75,314.5
1740661200,314.5,315,314,315
1740663000,314.75,315.75,313.75,315
1740664800,315.25,316.75,313.75,314
1740666600,314,315.5,313.5,315
1740668400,315.75,315.75,315.75,315.75
1740724200,313,313,313,313
1740726000,313,313.5,306.75,308.5
1740727800,308.75,309.25,308.25,309
1740729600,308.75,309,308,308.25
1740731400,308,308.25,307.75,307.75
1740733200,308,308,307.25,307.5
1740735000,307.5,307.5,306,306.25
1740736800,306.25,306.5,305.75,306.25
1740738600,306,306.5,306,306.25
1740740400,306,307,306,306.75
1740742200,306.75,306.75,306.25,306.75
1740744000,306.75,308.5,306.5,308.25
1740745800,308.25,311,307.75,310.75
1740747600,310.75,310.75,308.75,309
1740749400,309.25,309.75,308.5,309.5
1740751200,309.5,309.75,308.5,308.75
1740753000,308.75,309,307.25,307.75
1740754800,307.5,308.25,307.5,308.25
1740983400,311.25,311.25,311.25,311.25
1740985200,311.5,312.75,309.75,311
1740987000,311,312.5,311,311.5
1740988800,311.25,312.5,311.25,312
1740990600,312.25,312.5,311.75,312
1740992400,312.25,314,312,313.75
1740994200,313.75,318.25,313.5,318
1740996000,318.25,319.25,316.5,317.25
1740997800,317,319,317,318.75
1740999600,319,319.75,318,318.25
1741001400,318.25,318.5,317.5,318.5
1741003200,318.5,318.5,317.5,317.75
1741005000,317.75,318.5,317.5,317.75
1741006800,317.75,318.25,316.75,317.5
1741008600,317.5,318,316.75,317.25
1741010400,317.5,317.75,316.75,317.25
1741012200,317,317.5,314.75,314.75
1741014000,314.5,314.5,314.5,314.5
1741069800,314.25,314.25,314.25,314.25
1741071600,314.25,319.75,313.25,317.5
1741073400,317.5,319.25,317.5,318.5
1741075200,318.25,318.5,316.5,316.75
1741077000,317,319,316.75,318.5
1741078800,318.25,319,317.5,318
1741080600,318,318,316.25,316.5
1741082400,316.5,316.75,316,316.5
1741084200,316.5,316.5,315.5,316
1741086000,316,317.75,316,317.5
1741087800,317.5,318.25,317,318.25
1741089600,318.25,318.25,317.25,317.25
1741091400,317.25,318,317.25,317.5
1741093200,317.5,318,316.75,316.75
1741095000,316.75,317.5,316.5,316.5
1741096800,316.75,318.25,316.5,317.25
1741098600,317.5,317.75,315.5,317
1741100400,317.25,317.25,317.25,317.25
1741156200,319.5,319.5,319.5,319.5
1741158000,319.75,326.25,319,323.5
1741159800,323.75,323.75,322.75,323
1741161600,322.75,325,322.75,324
1741163400,324,324.5,323,323.5
1741165200,323.5,324,323.25,323.75
1741167000,323.75,324,323.25,323.5
1741168800,323.5,324.75,323.5,324.5
1741170600,324.25,324.5,323.75,324
1741172400,324,324.5,322.75,323
1741174200,323,323,322,322.5
1741176000,322.75,324.25,322.25,324
1741177800,324.25,325.75,324,325.5
1741179600,325.5,325.75,324.25,325
1741181400,325,326,324.75,326
1741183200,325.75,326,325.25,325.25
1741185000,325.25,326.75,325.25,325.75
1741186800,325.75,326.25,325.75,326.25
1741242600,328.25,328.25,328.25,328.25
1741244400,328.5,332,328,331.25
1741246200,331.5,331.5,328.75,329
1741248000,329,329.25,327.5,329
1741249800,329,329.25,326.25,326.25
1741251600,326.25,327.75,326.25,327
1741253400,327,327.5,326.5,326.75
1741255200,326.75,327,325.25,326.5
1741257000,326.5,326.75,325.75,326.5
1741258800,326.25,328,325.25,327
1741260600,327.25,327.25,326.5,326.5
1741262400,326.5,326.75,324.75,325.5
1741264200,325.5,325.75,324.25,324.5
1741266000,324.5,326.75,324.25,326.75
1741267800,326.5,328,326.25,327.75
1741269600,327.75,331,327.5,330.5
1741271400,330.5,336,330.25,335.75
1741273200,335.75,336,335.75,336
1741329000,334.75,334.75,334.75,334.75
1741330800,334.75,337.75,333.25,335.75
1741332600,335.5,338.5,334.25,337.5
1741334400,337.75,337.75,335.25,335.25
1741336200,335.25,336,334.5,335.5
1741338000,335.5,336.5,335.25,335.75
1741339800,335.75,335.75,335.25,335.5
1741341600,335.5,336,335.25,335.75
1741343400,335.75,337.75,335.5,337.5
1741345200,337.75,338,335.75,336
1741347000,336,337.25,335.5,335.5
1741348800,335.75,336,335,335.75
1741350600,335.75,336,335.25,335.5
1741352400,335.5,335.75,334.25,335
1741354200,335,337.5,334.5,335.25
1741356000,335.25,335.75,334.5,335
1741357800,335,336.5,334.5,335.5
1741359600,335.75,335.75,335.75,335.75
1741588200,335.75,335.75,335.75,335.75
1741590000,336,338.75,335,337.25
1741591800,337,338.25,336.75,338.25
1741593600,338,338.25,335.75,336.5
1741595400,336.25,336.75,335,335.75
1741597200,335.5,337,335.5,336.5
1741599000,336.25,337,336,336.5
1741600800,336.5,336.75,335,335
1741602600,335,335.75,334.75,335.25
1741604400,335.25,336.25,335,336
1741606200,336,336.75,336,336
1741608000,336.25,336.75,336,336.5
1741609800,336.5,337,336.25,336.75
1741611600,337,337.25,336,336.5
1741613400,336.25,337,335.25,336.25
1741615200,336.25,336.25,333.25,333.5
1741617000,333.5,333.75,331.75,333
1741618800,333,333,333,333
1741674600,334,334,334,334
1741676400,334,335,330.75,333.25
1741678200,333,333.5,332.5,333
1741680000,333,334.5,332.25,333.5
1741681800,333.5,334.25,333.25,334.25
1741683600,334.25,334.25,333.5,333.75
1741685400,333.75,334.25,333.25,333.5
1741687200,333.5,333.5,332.75,332.75
1741689000,332.75,333,332.5,332.75
1741690800,332.5,332.75,332,332.25
1741692600,332.25,333,332,333
1741694400,333,333.25,332.25,332.75
1741696200,332.75,332.75,331.5,331.75
1741698000,331.75,332.25,331.25,331.5
1741699800,331.25,334.25,331.25,333.5
1741701600,333.5,333.75,331,331.25
1741703400,331.25,331.75,330.5,331
1741705200,330.5,330.5,330.5,330.5
1741761000,333.25,333.25,333.25,333.25
1741762800,333.25,335.5,332.5,333.75
1741764600,333.75,334,332.5,332.75
1741766400,332.75,332.75,332.25,332.5
1741768200,332.5,334,332.25,334
1741770000,334,334.5,333.5,334.5
1741771800,334.25,335.5,334.25,335.25
1741773600,335.25,335.25,334.5,335
1741775400,335,335.25,334.25,334.5
1741777200,334.5,334.75,334.25,334.75
1741779000,334.5,335,334,334.5
1741780800,334.5,335.25,334.25,334.75
1741782600,334.75,336.5,334.75,335.25
1741784400,335.5,336.25,335,336
1741786200,336,336,334.25,334.75
1741788000,335,335,333.25,333.5
1741789800,333.5,333.75,333,333.5
1741791600,333.5,333.5,333.5,333.5
1741847400,336,336,336,336
1741849200,335.75,338,334.75,336.25
1741851000,336,336.5,334.75,335
1741852800,334.75,336.75,334.75,336.5
1741854600,336.25,336.5,335.75,336
1741856400,336.25,336.5,335.75,336
1741858200,336,336.25,335.75,336
1741860000,336,336,334.75,335.25
1741861800,335.5,335.5,334.5,335
1741863600,335.25,336,334.75,335.75
1741865400,335.75,337.75,335.5,337.5
1741867200,337.5,337.5,336.5,337
1741869000,337,337.5,335.25,336.75
1741870800,337,339.5,336.75,338
1741872600,338,338.5,335.25,336
1741874400,335.75,337.5,335.25,336.75
1741876200,337,337.75,335.75,337.5
1741878000,337.75,337.75,337.75,337.75
1741933800,339.5,339.5,339.5,339.5
1741935600,339.5,339.5,336.75,337.75
1741937400,337.75,338.75,337.5,338
1741939200,338,338,336.75,337.75
1741941000,337.75,338,337.25,337.5
1741942800,337.5,337.75,337,337.5
1741944600,337.25,337.5,336.75,337
1741946400,337,337,336.25,336.75
1741948200,336.75,337.5,336.5,337.25
1741950000,337.25,337.5,336.75,337.25
1741951800,337.25,337.75,337,337.75
1741953600,337.5,337.75,337,337.75
1741955400,337.75,337.75,336.75,337.25
1741957200,337,337.25,336.5,336.75
1741959000,336.75,337.25,336.5,337
1741960800,336.75,337.75,336,337.5
1741962600,337.5,337.5,336.75,337
1741964400,337,337,337,337
1742193000,337.5,337.5,337.5,337.5
1742194800,337.75,339,337,338.5
1742196600,338.5,338.5,337.25,337.5
1742198400,337.5,337.5,334.75,335.5
1742200200,335.5,336.5,335.25,336.5
1742202000,336.25,336.75,336.25,336.5
1742203800,336.5,336.5,335.75,336
1742205600,336,336.25,335.5,335.5
1742207400,335.75,335.75,335,335.5
1742209200,335.5,335.5,335,335.25
1742211000,335.25,335.5,335,335.25
1742212800,335.25,336,334.75,334.75
1742214600,335,335,333.5,334
1742216400,334.25,334.25,333.25,334
1742218200,334,335.5,333.75,334.25
1742220000,334,335,333.75,334.75
1742221800,334.75,335.5,333.5,333.75
1742223600,334,334,334,334
1742279400,331,331,331,331
1742281200,330.75,332,328.25,328.75
1742283000,328.75,329.5,328.25,328.5
1742284800,328.25,330,328.25,329.5
1742286600,329.5,329.5,328,328.25
1742288400,328.5,329.75,328.25,329.5
1742290200,329.5,329.75,328.5,329.5
1742292000,329.75,330,329,329.5
1742293800,329.5,329.75,329,329.25
1742295600,329,329.25,328,328.25
1742297400,328.25,329,327.5,327.75
1742299200,327.75,328.25,327.5,328
1742301000,328,328.25,327,327.25
1742302800,327.25,328,326.75,327.75
1742304600,328,328,327.25,327.75
1742306400,328,328.25,327.25,327.75
1742308200,327.75,328,326.75,327
1742310000,327,327,327,327
1742365800,309,309,309,309
1742367600,310,310,310,310
1742369400,310,318.75,310,314
1742371200,314,314,309,313.25
1742373000,313.25,314.75,312.5,314.25
1742374800,314.25,315,313.75,314.25
1742376600,314.5,314.5,313,313.75
1742378400,313.5,314.25,311.25,311.5
1742380200,311.75,314.25,311.25,313
1742382000,312.75,313,312.25,312.25
1742383800,312.5,315,311.75,313.5
1742385600,313.5,313.75,306.5,307
1742387400,307,308.75,306.5,308.5
1742389200,308.5,308.75,303.5,304
1742391000,304,305,300.5,300.75
1742392800,300.75,301.75,297,297
1742394600,296,301.75,295,300.75
1742396400,300.75,301.25,300.75,301.25
1742452200,302.75,302.75,302.75,302.75
1742454000,303,309.5,303,309
1742455800,309,315,308.75,314.75
1742457600,314.75,315,311.5,313
1742459400,313,316.25,312.75,313
1742461200,313.25,314,311.25,313
1742463000,313,313.5,312,313.5
1742464800,313.25,313.25,310.25,310.5
1742466600,310.5,313.5,309.75,313.25
1742468400,313,313.5,311.25,311.5
1742470200,311.5,313.25,310.25,312.5
1742472000,312.5,313.25,311.25,312.75
1742473800,312.75,313,308.25,308.5
1742475600,308.25,308.5,303.5,304.25
1742477400,304.25,310.5,303.5,307.5
1742479200,308,309,306.25,306.5
1742481000,306.25,311.75,305.75,308
1742482800,308,308,308,308
1742538600,306.25,306.25,306.25,306.25
1742540400,306.25,306.75,298.5,302.75
1742542200,302.75,304.5,299.25,299.5
1742544000,299.5,301,293,293.25
1742545800,293.25,297.5,292.25,295
1742547600,295,295.5,288.25,289
1742549400,289,296,288.75,294.75
1742551200,294.5,295.25,291,294.5
1742553000,294.25,298.25,293.5,295
1742554800,295,296.75,293.75,294.75
1742556600,294.5,296.25,291.75,293.5
1742558400,293.5,294.75,290.5,291
1742560200,291,292.5,288.75,289
1742562000,289,290.25,286.25,288.25
1742563800,288.25,288.75,286.75,287.5
1742565600,287.5,288,282.25,287.25
1742567400,287,288,283.25,285.5
1742569200,285.75,285.75,285.75,285.75
1742797800,294.75,294.75,294.75,294.75
1742799600,294.75,300.75,294.25,299
1742801400,299,301.75,298,301.5
1742803200,301.5,304.5,301.25,303
1742805000,303.25,305.75,303,303.75
1742806800,303.75,304.75,303,303.75
1742808600,303.75,303.75,301.75,302
1742810400,302,302.75,299.5,300.25
1742812200,300.25,300.75,292.75,294.25
1742814000,294.25,297.5,291.5,294
1742815800,294.25,298.25,292,297
1742817600,297,300.75,295.5,299
1742819400,299,300.75,298,299.25
1742821200,299,301.25,298,300
1742823000,299.75,300,296,296.5
1742824800,296.25,302.75,296.25,301.5
1742826600,301.5,304.25,300.5,304
1742828400,303.75,303.75,303,303
1742884200,308,308,308,308
1742886000,308,311,306.5,308.5
1742887800,308.75,309.5,307.5,308.25
1742889600,308.25,309.25,308,308.75
1742891400,308.75,308.75,306.5,308.25
1742893200,308.5,310.25,308.25,309.25
1742895000,309.25,315,309,314.5
1742896800,314.5,315.25,312,313.25
1742898600,313.25,313.5,310.25,311
1742900400,311,313,310.75,312.75
1742902200,313,313.5,311.25,311.75
1742904000,311.75,312.25,310.25,310.75
1742905800,311,311.5,309.25,311
1742907600,311,312.75,310.25,312
1742909400,312.25,313,311,312.5
1742911200,312.75,314,312.25,313.25
1742913000,313,314,311.75,312.25
1742914800,312,312,312,312
1742970600,309,309,309,309
1742972400,309,313.75,307.75,312.75
1742974200,312.5,312.75,309.5,310.25
1742976000,310.5,312.75,310,312.5
1742977800,312.75,313.5,311,313.25
1742979600,313.25,313.5,311.25,311.75
1742981400,311.75,312,310.75,311.5
1742983200,311.5,311.5,309.75,310
1742985000,309.75,310.75,309,309.5
1742986800,309.5,310.5,309.25,310
1742988600,310,310.25,309,309.25
1742990400,309.5,310.5,308.5,310.25
1742992200,310.25,310.5,308.75,309.25
1742994000,309,311.25,308.75,310.5
1742995800,310.25,312.25,310,310.5
1742997600,310.5,312.75,310.25,311.75
1742999400,312,312,310,310.25
1743001200,309.75,309.75,309.75,309.75
1743057000,315.25,315.25,315.25,315.25
1743058800,315.25,316,314,314
1743060600,314,314.75,313.75,313.75
1743062400,313.75,314.75,313.5,314
1743064200,313.75,314.5,312.5,312.75
1743066000,313,314,312.5,313.5
1743067800,313.25,313.75,312.5,312.5
1743069600,312.75,312.75,310.75,311.25
1743071400,311.5,311.75,310.75,311
1743073200,311,312.25,310.75,311.75
1743075000,312,312.25,311.5,312
1743076800,312,312,311.25,311.25
1743078600,311.25,311.75,309.5,309.75
1743080400,310,310.75,309.25,309.5
1743082200,309.75,310.75,308.75,309.5
1743084000,309.5,310,309,309.75
1743085800,309.75,309.75,308,309
1743087600,309,309,308.5,308.5
1743143400,309.25,309.25,309.25,309.25
1743145200,309.25,310.25,306,306.75
1743147000,306.75,307,305.25,305.5
1743148800,305.5,306.5,305,305.75
1743150600,305.75,305.75,305.25,305.5
1743152400,305.25,306,305,305.75
1743154200,305.75,306.25,305,305
1743156000,305.25,305.25,303,303.25
1743157800,303.25,304.5,302.75,303.75
1743159600,304,304.25,303.5,304
1743161400,304,304.75,302.5,304.75
1743163200,304.75,306,304.25,305.75
1743165000,305.75,305.75,304.25,305.25
1743166800,305.25,307.5,304.75,307
1743168600,307,308.75,306.5,307.5
1743170400,307.75,310.75,306,310
1743172200,310,311.5,309.5,310.75
1743174000,311,311,311,311
1743575400,308.75,308.75,308.75,308.75
1743577200,309,309.5,306.75,308
1743579000,308,308.5,307.5,308
1743580800,308.25,308.25,307.25,307.5
1743582600,307.5,307.75,306.75,307.25
1743584400,307.25,307.75,307,307
1743586200,307,308.25,307,308.25
1743588000,308.25,308.25,307,307.25
1743589800,307.25,307.25,306.5,306.5
1743591600,306.5,306.75,305.5,306.5
1743593400,306.5,307,306,306.5
1743595200,306.25,306.75,305.75,306
1743597000,305.75,306.5,305.5,306.25
1743598800,306,307.75,305.5,307.5
1743600600,307.5,309,307,307.75
1743602400,307.75,308.25,307.25,307.5
1743604200,307.25,307.5,305.75,305.75
1743606000,305,305,305,305
1743661800,305.5,305.5,305.5,305.5
1743663600,305.5,308.5,305.5,307
1743665400,307,307.5,306.5,307.25
1743667200,307.25,307.5,306.75,306.75
1743669000,307,307,306.25,306.75
1743670800,306.5,307.5,306.5,307.25
1743672600,307.25,307.25,306,306.75
1743674400,306.75,307.5,306.5,307.25
1743676200,307.25,307.5,306.5,306.75
1743678000,306.75,306.75,306,306.5
1743679800,306.5,306.5,306,306.25
1743681600,306.25,307.25,305.75,307.25
1743683400,307,307.25,304.5,304.75
1743685200,304.75,306.25,304.25,305.5
1743687000,305.75,306.75,305.5,305.75
1743688800,305.75,306.25,305.25,306.25
1743690600,306.25,306.5,304.5,304.75
1743692400,304,304,304,304
1743748200,305.75,305.75,305.75,305.75
1743750000,306,308,305.5,306.25
1743751800,306.25,306.5,305,305.25
1743753600,305.25,305.75,304.75,305.25
1743755400,305.25,306.25,305,305.75
1743757200,305.75,305.75,305,305.25
1743759000,305.25,305.5,304.75,305.25
1743760800,305,305.75,304.75,304.75
1743762600,304.75,305.25,303.75,305
1743764400,304.75,305.5,304.25,305.25
1743766200,305,306.5,304.75,305.75
1743768000,305.75,306.5,305.25,306.25
1743769800,306.25,306.75,305.5,306.5
1743771600,306.5,307,306,306.5
1743773400,306.5,306.75,305.5,306.75
1743775200,306.5,306.75,305.5,305.75
1743777000,305.75,306.25,304.25,305.25
1743778800,305.25,305.25,304.75,304.75
1744007400,298.5,298.5,298.5,298.5
1744009200,298.25,299.75,294.75,299.5
1744011000,299.5,301.5,298.25,301.25
1744012800,301.25,302.5,300.25,301.5
1744014600,301.5,302,300.75,301.25
1744016400,301.25,301.5,299,300
1744018200,300,300.5,299.5,299.75
1744020000,299.75,301.25,299.5,300.25
1744021800,300.25,302.25,299.75,300.5
1744023600,300.5,301.5,300,301
1744025400,301,301.5,300.5,300.75
1744027200,301,304.75,300.75,304.5
1744029000,304.5,307.75,303.75,305.5
1744030800,305.5,306,304.5,304.75
1744032600,304.75,306.5,303,305.5
1744034400,305.5,314,305.5,310.75
1744036200,310.5,311.25,306.25,309.75
1744038000,310,310,310,310
1744093800,314,314,314,314
1744095600,314,314.75,311,311.5
1744097400,311.5,312.25,311.25,311.25
1744099200,311.5,312,310.5,311.25
1744101000,311,311.25,309.5,309.5
1744102800,309.75,310.25,309.25,309.75
1744104600,310,310.75,309.25,310.25
1744106400,310.5,310.75,309.5,310.25
1744108200,310.25,311,310,310.25
1744110000,310,310.25,309.5,309.75
1744111800,310,312.25,309.5,311
1744113600,311,311.75,310.75,311.25
1744115400,311.5,311.5,310.5,310.5
1744117200,310.5,311.25,309.75,311.25
1744119000,311.5,312,311,311.5
1744120800,311.5,312,310.5,310.75
1744122600,310.75,311,309.25,309.25
1744124400,308.25,308.25,308.25,308.25
1744180200,307,307,307,307
1744182000,307,310,306.5,309.5
1744183800,309.25,310.75,309.25,310
1744185600,310.25,310.5,307.5,307.75
1744187400,307.75,308.75,307.5,308.5
1744189200,308.5,309,307.75,308.75
1744191000,309,309.75,308.5,309.5
1744192800,309.5,309.5,308,308.75
1744194600,308.75,309.25,308.5,308.5
1744196400,308.5,309,306.5,307.25
1744198200,307,307.5,305.5,307
1744200000,306.75,308,306.5,307.5
1744201800,307.75,308.75,307,308.25
1744203600,308.5,309.75,307.75,308
1744205400,308,309.75,307.75,309
1744207200,309.25,310.25,308,308.75
1744209000,308.75,309.75,306.25,306.5
1744210800,306,306,306,306
1744266600,314.75,314.75,314.75,314.75
1744268400,314.75,315.25,312.25,312.75
1744270200,312.75,313,311.25,312
1744272000,311.75,313,311.5,311.75
1744273800,312,312.25,311.5,311.5
1744275600,311.75,312.5,311.5,311.75
1744277400,311.75,312.25,311.75,311.75
1744279200,311.75,312.25,311.5,311.75
1744281000,311.75,312,311.25,311.75
1744282800,311.75,312,311.25,311.5
1744284600,311.75,312,310.5,311.5
1744286400,311.25,312,311,311.75
1744288200,311.75,312.25,311.5,311.5
1744290000,311.5,312.25,311.5,311.75
1744291800,311.75,311.75,309.75,309.75
1744293600,310,310,307.75,308
1744295400,307.75,309,306.5,306.75
1744297200,306.5,306.75,306,306
1744353000,306.75,306.75,306.75,306.75
1744354800,306.75,308.5,306,307.75
1744356600,307.75,308.5,306.5,307
1744358400,307,308.25,306.5,307.75
1744360200,307.75,308.5,307,308.5
1744362000,308.5,309.25,307.75,308.75
1744363800,308.75,309,308.25,308.75
1744365600,308.75,308.75,308.25,308.75
1744367400,308.75,310,308.25,309.25
1744369200,309.25,309.5,308,308.25
1744371000,308.25,309.5,308,309
1744372800,309,309.25,308.5,309
1744374600,309,309.25,308.25,308.75
1744376400,308.75,308.75,307.5,307.75
1744378200,308,309.5,307.75,308.25
1744380000,308.25,308.25,307.25,307.5
1744381800,307.5,309,307,308.75
1744383600,308.75,310,308.75,310
1744612200,312.75,312.75,312.75,312.75
1744614000,313,313.75,311.75,312.5
1744615800,312.75,314,312.5,313.25
1744617600,313,313.5,312.75,313
1744619400,312.75,313.25,312.75,313
1744621200,313.25,313.25,312.5,312.5
1744623000,312.5,313.25,312.5,312.75
1744624800,312.75,313.25,312.75,312.75
1744626600,312.75,313.75,312.75,313.5
1744628400,313.75,314.5,313.75,314.25
1744630200,314.25,314.25,313.5,314
1744632000,314,314.75,313.5,314.5
1744633800,314.5,315,314,314.75
1744635600,314.5,315,314.5,314.75
1744637400,314.75,315,313.75,314.5
1744639200,314.5,314.75,313.5,314.25
1744641000,314.25,314.75,313.5,313.75
1744642800,313.25,313.25,313.25,313.25
1744698600,313.5,313.5,313.5,313.5
1744700400,313.5,314.5,312.25,314.5
1744702200,314.5,317.25,314.25,316
1744704000,316,317.75,315.75,317.25
1744705800,317.25,318,317,317.25
1744707600,317.25,317.5,317,317.25
1744709400,317.5,319,317.25,318.5
1744711200,318.75,318.75,318,318.5
1744713000,318.75,319.25,318.5,318.75
1744714800,319,319.75,318.5,319
1744716600,319.25,319.5,318.75,319
1744718400,319,319.5,318.5,319.25
1744720200,319.25,320.5,318.75,320.5
1744722000,320.5,320.5,319.5,320.25
1744723800,320.25,320.25,319.5,319.75
1744725600,319.75,320,318.25,319.75
1744727400,319.5,320,318.75,320
1744729200,319.75,320,319.75,320
1744785000,320,320,320,320
1744786800,320.25,322.5,318.75,319.5
1744788600,319.25,320.25,318.75,320.25
1744790400,320,320.5,318,320
1744792200,319.75,320.25,319,320.25
1744794000,320,320.25,319.5,319.5
1744795800,319.5,319.75,318.75,319
1744797600,319,319.75,319,319.75
1744799400,319.5,321.25,318.75,319
1744801200,319.25,319.5,319,319.25
1744803000,319.25,320.25,319.25,319.75
1744804800,319.75,320,319.25,319.75
1744806600,319.5,319.75,319.25,319.25
1744808400,319.5,320.25,319,319.75
1744810200,319.5,320.5,319.25,320.25
1744812000,320.25,320.5,319.75,320.25
1744813800,320,320.75,319,320.25
1744815600,319.75,319.75,319.75,319.75
1744871400,320.5,320.5,320.5,320.5
1744873200,320.75,324,320,323.25
1744875000,323.25,325.25,323,325.25
1744876800,325.25,325.25,323.25,323.5
1744878600,323.25,323.5,322.25,323.25
1744880400,323,323.5,322.75,322.75
1744882200,323,324,323,323.75
1744884000,323.75,324,322.75,323
1744885800,322.75,323.25,322.5,322.75
1744887600,323,323.25,320,323
1744889400,322.75,323,321,321.5
1744891200,321.5,322.75,321.5,322.25
1744893000,322.5,324,322,324
1744894800,323.75,325,323.25,323.75
1744896600,323.75,324,322.25,323
1744898400,323,323.75,322.25,323
1744900200,323.25,324,322.25,323.25
1744902000,323.5,323.5,323.5,323.5
1744957800,323.5,323.5,323.5,323.5
1744959600,323.5,323.75,319.5,319.75
1744961400,319.75,320,318.5,318.75
1744963200,318.75,319.5,318.75,319
1744965000,319,319.75,318.75,319.25
1744966800,319.25,319.25,317,317.5
1744968600,317.5,318.75,317.25,318.75
1744970400,318.75,319.25,318,318.5
1744972200,318.25,318.5,318,318.25
1744974000,318.5,318.75,317.5,318
1744975800,318.25,318.75,318,318.25
1744977600,318,318.5,317.5,318.25
1744979400,318,318.75,317.5,318
1744981200,317.75,318.5,317.25,318
1744983000,317.75,320.25,317.5,319
1744984800,319,320.25,318.5,319.75
1744986600,320,320,318,318.5
1744988400,318.75,319,318.75,319
1745217000,319,319,319,319
1745218800,319,320,316.75,316.75
1745220600,316.75,317.25,315,315.75
1745222400,315.75,316.75,315.25,316.5
1745224200,316.5,316.75,316.25,316.25
1745226000,316.5,316.5,315.25,315.75
1745227800,315.75,316.5,315.5,316.5
1745229600,316.25,317.25,316,317
1745231400,317,317.25,316.25,316.5
1745233200,316.25,316.75,315.75,316.5
1745235000,316.5,316.75,315.75,316.75
1745236800,316.5,318.25,316.5,317.25
1745238600,317.25,319.5,317,319
1745240400,319.25,319.5,317.25,318
1745242200,318,318.5,317.25,317.5
1745244000,317.5,317.5,315,315.25
1745245800,315,316,314,315.5
1745247600,315.5,315.5,315,315
1745303400,316.5,316.5,316.5,316.5
1745305200,316.75,320.75,316.75,320.5
1745307000,320.25,321.25,319.5,319.75
1745308800,319.75,320.25,319.25,319.25
1745310600,319.5,320,319,319.25
1745312400,319.25,319.75,319,319
1745314200,319,319.75,318.75,319.25
1745316000,319.5,320,319,319.25
1745317800,319.25,319.75,319.25,319.5
1745319600,319.5,320.25,319.5,319.5
1745321400,319.5,319.75,319,319.25
1745323200,319.25,320,318.75,319.5
1745325000,319.75,319.75,319.25,319.5
1745326800,319.5,320,319.5,319.5
1745328600,319.75,320.5,319.5,320
1745330400,320,321.25,319.25,319.5
1745332200,319.5,320.25,319.25,319.75
1745334000,320,320,320,320
1745476200,322.25,322.25,322.25,322.25
1745478000,322.25,323.5,320.25,320.75
1745479800,320.75,321.5,320.5,320.5
1745481600,320.75,321,319.75,320
1745483400,320,320.5,319,319.25
1745485200,319.25,320,319.25,319.75
1745487000,319.75,319.75,319,319.5
1745488800,319.75,319.75,318,318.25
1745490600,318.25,319.75,318,319
1745492400,319,320.75,318.75,319.75
1745494200,319.5,320.5,319.25,320
1745496000,320,320.75,319.25,319.75
1745497800,319.5,321.75,319.5,321.25
1745499600,321,321.75,320.5,321
1745501400,321,321.25,320.25,320.5
1745503200,320.75,321.75,320.25,321
1745505000,321,321.75,320.75,321.25
1745506800,321.5,321.5,321.5,321.5
1745562600,322,322,322,322
1745564400,322,323.5,321.25,321.5
1745566200,321.25,322.5,320.75,321.25
1745568000,321.25,321.5,320,320
1745569800,320.25,320.75,320,320.25
1745571600,320.25,320.5,319.5,319.75
1745573400,319.75,320,319.5,319.5
1745575200,319.5,319.75,319.25,319.5
1745577000,319.5,319.75,319,319.25
1745578800,319.5,320.25,319.25,319.75
1745580600,320,320,318.25,318.5
1745582400,318.5,318.75,318,318
1745584200,318,318.75,318,318.25
1745586000,318.25,319.25,318,318.75
1745587800,319,319.5,318.75,319
1745589600,319,319.25,318.25,318.75
1745591400,318.75,319.75,318,318.25
1745593200,318.25,318.25,317.75,317.75
1745821800,318,318,318,318
1745823600,318,318.75,315.5,316
1745825400,316,316.75,315.5,316.25
1745827200,316.25,316.5,315.75,316.25
1745829000,316.25,316.5,315.5,316
1745830800,316,316.25,315.5,315.75
1745832600,316,316.25,315.75,316
1745834400,316,316,314.25,314.25
1745836200,314.25,314.75,313.75,314.5
1745838000,314.25,315.25,314.25,314.75
1745839800,314.75,315.25,314.25,315
1745841600,315,315.5,314.75,315.25
1745843400,315.25,315.25,314.25,314.75
1745845200,314.75,315,314,314.5
1745847000,314.25,315,314,314.75
1745848800,314.75,315,314.25,314.75
1745850600,314.75,315.25,313.5,313.75
1745852400,313.75,313.75,312.75,312.75
1745908200,305.5,305.5,305.5,305.5
1745910000,305.5,306.25,304,304.5
1745911800,304.5,305.25,304.25,305
1745913600,305,305,303.25,303.75
1745915400,303.75,303.75,302.5,303
1745917200,303,303.25,301.75,302.5
1745919000,302.5,303,302,302.5
1745920800,302.5,302.5,301.75,302.25
1745922600,302.25,302.25,301.25,301.75
1745924400,301.75,302,301.5,301.75
1745926200,301.75,302,300.75,301
1745928000,301,301.25,300.5,301.25
1745929800,301.25,301.25,299.75,300.25
1745931600,300.25,300.25,299.25,299.75
1745933400,299.75,301,299.5,300
1745935200,300,300.25,297.75,298.25
1745937000,298,299.25,297.75,298.25
1745938800,298.25,298.25,297.75,297.75
1745994600,298.75,298.75,298.75,298.75
1745996400,299,300.25,294.75,294.75
1745998200,295,295.25,293.75,295.25
1746000000,295.25,295.25,293.25,293.5
1746001800,293.5,294,291.5,292
1746003600,292,292.75,291.75,292.25
1746005400,292.25,292.5,289.75,290.5
1746007200,290.5,290.75,290,290.5
1746009000,290.5,290.5,288,290
1746010800,290,290.75,289.25,289.25
1746012600,289.5,290.5,288.5,289.25
1746014400,289.25,289.5,287.75,288.5
1746016200,288.5,288.5,287.25,287.5
1746018000,287.75,288,287,287.5
1746019800,287.5,287.5,284.5,285
1746021600,285,287.25,284,285.75
1746023400,285.5,285.75,283.25,284
1746025200,283.75,284.25,283.75,284.25
1746167400,285.5,285.5,285.5,285.5
1746169200,285.75,288.5,285.75,287.25
1746171000,287.25,287.5,286.5,286.75
1746172800,286.75,288,286.5,287.5
1746174600,287.5,289.75,287.25,289.5
1746176400,289.5,292,288.5,291.75
1746178200,292,293,291,292.75
1746180000,292.75,293.75,292.5,292.75
1746181800,292.75,293,291.75,292.5
1746183600,292.5,292.75,292,292.25
1746185400,292.25,293.25,292,292.75
1746187200,292.75,295,292,293.5
1746189000,293.5,294,293,293.75
1746190800,293.75,294,293.25,293.75
1746192600,293.75,293.75,292.5,292.5
1746194400,292.5,293.25,291.75,291.75
1746196200,291.75,292.75,291,292.5
1746198000,292.75,292.75,292.75,292.75
1746426600,295,295,295,295
1746428400,295,296.5,292.5,292.75
1746430200,293,293,290.75,291.5
1746432000,291.5,291.5,287.5,288.25
1746433800,288.25,289.5,287,288.25
1746435600,288.5,289.5,288.25,289
1746437400,288.75,289.25,288.25,289
1746439200,288.75,289.5,287.5,288
1746441000,287.75,290,287.5,290
1746442800,289.75,294,289.5,294
1746444600,293.75,294,292.25,292.5
1746446400,292.5,293.5,292.5,293.25
1746448200,293.25,294.25,292.5,294
1746450000,294,294,292.75,293.25
1746451800,293.5,293.75,293.25,293.25
1746453600,293.5,295,293,293.75
1746455400,294,295,293.5,293.5
1746457200,294,294,294,294
1746513000,294.25,294.25,294.25,294.25
1746514800,294,295.5,291.25,295.25
1746516600,295.25,296.25,294.25,295.5
1746518400,295.25,295.5,293.5,293.5
1746520200,293.5,294.5,293,294.25
1746522000,294.25,294.5,293.5,294
1746523800,294,294,293.5,293.75
1746525600,293.75,294,293.5,294
1746527400,293.75,294.25,293.75,294.25
1746529200,294,295.25,293.75,294.5
1746531000,294.5,294.75,293.75,294.5
1746532800,294.25,294.5,291.75,292.25
1746534600,292.25,293,292.25,292.75
1746536400,292.75,293.25,292.5,292.75
1746538200,292.5,292.75,291.25,291.5
1746540000,291.5,293,291.5,292.5
1746541800,292.5,292.75,291.75,292.25
1746543600,291.75,291.75,291.75,291.75
1746599400,290.5,290.5,290.5,290.5
1746601200,290.25,291,288.5,290.25
1746603000,290,290.75,289.25,289.5
1746604800,289.75,289.75,289,289.25
1746606600,289.25,290.25,289,289
1746608400,289,289.75,289,289.5
1746610200,289.5,289.5,288.5,288.75
1746612000,288.75,289,288.25,288.75
1746613800,289,289.25,288.75,289.25
1746615600,289.25,289.5,288.75,289
1746617400,289,289.25,288.5,289
1746619200,289,289,286.25,286.5
1746621000,286.75,287,285.75,286
1746622800,285.75,286,281.25,281.75
1746624600,281.75,282,280.5,281.75
1746626400,281.75,281.75,277.5,278
1746628200,278,280.25,276.25,279
1746630000,279,279,278.75,278.75
1746685800,280.5,280.5,280.5,280.5
1746687600,280.75,282.75,280.5,281.25
1746689400,281.25,281.75,279,279.75
1746691200,279.75,281.75,279.5,281.5
1746693000,281.5,284.75,281,284
1746694800,284,284.25,282.25,283.75
1746696600,283.5,284.25,283.5,284.25
1746698400,284.25,284.5,283.75,284
1746700200,283.75,284.75,283.75,284.75
1746702000,284.75,285.5,284,285
1746703800,284.75,285.25,284.25,284.75
1746705600,284.75,285,283,284
1746707400,284,284.25,283.25,283.75
1746709200,283.5,284.75,283.5,284.25
1746711000,284.25,285.25,282.25,283.5
1746712800,283.5,285.25,283,284.5
1746714600,284.5,285,283.75,284.25
1746716400,284.5,284.5,284.5,284.5
1746772200,285.5,285.5,285.5,285.5
1746774000,285.5,291.25,285.5,289
1746775800,289,289.25,287.25,287.5
1746777600,287.5,288,287,287.25
1746779400,287,287.5,286,286.25
1746781200,286,287.25,286,287.25
1746783000,287,288.75,286.75,288
1746784800,288,288.25,286.75,287.25
1746786600,287.25,289.25,287.25,289
1746788400,289,290,288,289.5
1746790200,289.5,291.5,288.75,290.75
1746792000,290.5,296.5,290.5,295.25
1746793800,295.25,296,293.75,295.25
1746795600,295.5,295.75,294.25,295
1746797400,295,295.25,294,294.25
1746799200,294.25,294.5,293,294
1746801000,293.75,294.5,292.75,292.75
1746802800,294,294,294,294
1747031400,305.5,305.5,305.5,305.5
1747033200,305.5,306.5,303.25,303.5
1747035000,303.25,304.25,302.75,303.25
1747036800,303.25,305,303,304.5
1747038600,304.5,305.75,304.25,305.5
1747040400,305.5,306,304,304
1747042200,304.25,304.5,303.25,304
1747044000,303.75,304.25,303.5,303.75
1747045800,304,304.5,303.75,304.25
1747047600,304.25,304.5,303.75,304.25
1747049400,304,304.75,303.75,304
1747051200,304.25,304.5,304,304.25
1747053000,304.25,304.5,303.75,304
1747054800,304,304.75,303.75,304.75
1747056600,304.75,308,304.5,307.25
1747058400,307.25,307.5,306,306.25
1747060200,306.5,309.75,306,309
1747062000,309.5,309.5,309.5,309.5
1747117800,307.5,307.5,307.5,307.5
1747119600,307.5,308.5,305,307
1747121400,307,307.25,306,306.5
1747123200,306.75,307,305,306
1747125000,306,306.5,305.75,305.75
1747126800,306,306,305.25,305.75
1747128600,305.5,305.75,305.25,305.5
1747130400,305.5,305.5,304,304
1747132200,304,304.25,303,303.75
1747134000,304,304.5,303.5,304
1747135800,304.25,304.5,303.75,304.25
1747137600,304.25,305.5,303.75,305.5
1747139400,305.25,305.75,304.25,304.25
1747141200,304.5,306,304.25,305.75
1747143000,305.75,306,305,305.25
1747144800,305.5,306.25,305,305.75
1747146600,306,306,304.25,304.5
1747148400,304.5,304.5,304.5,304.5
1747204200,303.25,303.25,303.25,303.25
1747206000,303,303.25,301.5,303.25
1747207800,303,303.25,301.25,301.75
1747209600,302,302.25,301.75,301.75
1747211400,301.75,302,300.25,300.75
1747213200,300.5,301,300.25,301
1747215000,301,302.5,300.75,301.75
1747216800,301.75,302,299.75,300.5
1747218600,300.5,301.5,300.25,301.5
1747220400,301.5,302.25,301,301.5
1747222200,301.5,301.5,300.75,301.25
1747224000,301.25,301.5,300,301
1747225800,301,301.25,300,300.25
1747227600,300.5,301.75,300,301
1747229400,301,301.25,300.5,300.75
1747231200,300.5,301,299.5,299.75
1747233000,299.75,300,299.25,299.5
1747234800,299.25,299.5,299,299
1747290600,299.75,299.75,299.75,299.75
1747292400,299.75,301,299,299.25
1747294200,299,299.5,297.5,298.5
1747296000,298.5,299,297.75,298
1747297800,297.75,298.5,297.5,298.5
1747299600,298.5,298.5,298,298.5
1747301400,298.25,298.5,297,297
1747303200,297.25,298.25,296.75,298.25
1747305000,298.25,298.25,297,297.25
1747306800,297,297.75,296.75,297.5
1747308600,297.25,297.25,296.25,296.5
1747310400,296.75,297,295.75,296.5
1747312200,296.5,297.25,296.25,297
1747314000,297,297.5,296.5,297
1747315800,297.25,297.5,294.75,294.75
1747317600,294.75,295,292.5,293.5
1747319400,293.75,294.75,292.25,293.25
1747321200,293.75,293.75,293.75,293.75
1747377000,294,294,294,294
1747378800,294.25,296.25,293.75,295
1747380600,295,295.25,293.5,294.25
1747382400,294.25,294.75,294,294.75
1747384200,294.75,294.75,294,294.5
1747386000,294.5,294.75,294,294.75
1747387800,294.75,294.75,294,294.5
1747389600,294.5,296.25,294.5,295
1747391400,294.75,295,292.5,293.5
1747393200,293.5,293.5,289.75,290.25
1747395000,290,291.5,289.75,290.5
1747396800,290.25,292,289.75,290.25
1747398600,290.25,290.75,289,290.25
1747400400,290.25,290.25,288.75,290
1747402200,290,293.75,289.75,291.25
1747404000,291.5,293.25,290.75,293.25
1747405800,293.25,293.75,291.75,292.75
1747407600,293,293,293,293
1747722600,293.75,293.75,293.75,293.75
1747724400,293.75,293.75,289.25,289.5
1747726200,289.5,289.5,288.25,289.25
1747728000,289,290,288.5,289.25
1747729800,289,289.5,288.75,289
1747731600,289,289.5,288.5,289.25
1747733400,289.25,289.75,289,289.5
1747735200,289.5,291.25,289.25,290.5
1747737000,290.25,290.75,289.75,290.5
1747738800,290.5,291,289.5,290.5
1747740600,290.5,290.5,289.5,290.25
1747742400,290.25,290.5,289.75,290
1747744200,290.25,290.5,289,289.25
1747746000,289.25,290.75,288.75,290
1747747800,289.75,290.25,287.75,288.25
1747749600,288.25,288.25,286.25,287
1747751400,287,287.75,286,286.75
1747753200,286.75,286.75,286.75,286.75
1747809000,286.75,286.75,286.75,286.75
1747810800,286.75,287,282.5,282.75
1747812600,282.75,283.5,282.5,283.5
1747814400,283.25,284.5,282.75,283.25
1747816200,283.25,284,283,283.25
1747818000,283.25,283.25,281.75,281.75
1747819800,282,282.75,281.75,282.75
1747821600,282.75,282.75,281.5,281.75
1747823400,281.75,281.75,280.5,281.25
1747825200,281.25,282,281,281.5
1747827000,281.5,282.75,281.25,282.25
1747828800,282.5,283.5,281.5,282
1747830600,282,282.25,281,281.5
1747832400,281.5,282.5,281,282
1747834200,282,284.5,281.5,283
1747836000,283,283.5,281.75,282.75
1747837800,282.75,282.75,280,280.5
1747839600,279.75,279.75,279.75,279.75
1747895400,283.5,283.5,283.5,283.5
1747897200,283.25,284,278.25,279.25
1747899000,279.25,282,279,280.5
1747900800,280.5,281,279.5,281
1747902600,281,282,280.5,281.25
1747904400,281.25,281.5,280.5,280.75
1747906200,280.75,281.25,280.25,280.5
1747908000,280.75,280.75,279.5,280.25
1747909800,280.25,280.5,278.75,279.25
1747911600,279.25,280,278.75,279.75
1747913400,279.75,282.75,279.5,282
1747915200,282.25,284.5,281.25,283.5
1747917000,283.25,285.25,283.25,284.75
1747918800,284.75,287.5,284.5,285.75
1747920600,285.75,286.25,285,285.75
1747922400,286,287,284.25,284.5
1747924200,284.75,285.25,283.5,284
1747926000,284.25,284.25,284.25,284.25
1747981800,283.5,283.5,283.5,283.5
1747983600,283.5,285.5,282.5,282.75
1747985400,282.5,285.25,282.5,284
1747987200,284.25,284.75,283.25,284.5
1747989000,284.5,285.75,284.25,285.25
1747990800,285,285.25,284,284.25
1747992600,284.25,286.25,283.75,285.25
1747994400,285.25,285.75,284.75,285.25
1747996200,285.25,285.75,284.25,284.75
1747998000,284.75,285,283.75,284
1747999800,284,284.75,281.75,281.75
1748001600,281.75,282.25,280.75,281.75
1748003400,281.75,282,280.75,282
1748005200,281.75,283,280.75,282.25
1748007000,282.25,283.5,281.5,282
1748008800,281.75,282.5,280.75,281
1748010600,281,281.25,279.75,279.75
1748012400,279.75,279.75,279.75,279.75
1748241000,282.5,282.5,282.5,282.5
1748242800,282.25,282.75,280.5,280.5
1748244600,280.75,282.5,280.5,281.5
1748246400,281.5,281.75,280.75,281.5
1748248200,281.25,281.5,280.5,280.75
1748250000,280.5,280.75,279.75,280.25
1748251800,280.5,281.5,280,281
1748253600,281,282,281,281.75
1748255400,281.5,281.75,281.25,281.25
1748257200,281.25,281.75,280.5,280.75
1748259000,280.75,281.25,280.25,280.75
1748260800,280.75,280.75,279.5,279.75
1748262600,279.75,280.25,279.5,280
1748264400,280,281,279.75,280.5
1748266200,280.75,281.75,280,280.5
1748268000,280.5,281.25,280,280.5
1748269800,280.75,281,279.25,280
1748271600,280,280,280,280
1748327400,280.5,280.5,280.5,280.5
1748329200,280.75,283,280.5,282
1748331000,282,282.5,281.75,282
1748332800,282.25,282.5,278.5,278.75
1748334600,279,279,277.5,278
1748336400,278.25,278.5,277.25,278.25
1748338200,278,278.5,277.75,278
1748340000,278,278.5,277.5,277.75
1748341800,278,278.25,276.75,277
1748343600,276.75,277.5,276.75,277.25
1748345400,277.25,277.25,276,276.25
1748347200,276.25,277.25,276,276.75
1748349000,276.5,276.75,276.5,276.75
1748350800,276.75,277.25,276.25,276.5
1748352600,276.5,277.25,276,277.25
1748354400,277.25,277.25,276.25,276.25
1748356200,276.25,277,275.5,275.75
1748358000,275.75,275.75,275,275
1748413800,275.5,275.5,275.5,275.5
1748415600,275.5,277,274.5,276
1748417400,275.75,277.25,275.75,276.5
1748419200,276.5,277.5,276.25,277
1748421000,277,278.5,276.75,278.5
1748422800,278.5,279,277,277.25
1748424600,277.25,277.75,276.5,277.5
1748426400,277.5,277.5,276.75,277.5
1748428200,277.25,277.75,277.25,277.75
1748430000,277.75,277.75,276.75,277.5
1748431800,277.5,278,276.5,277.25
1748433600,277.5,277.5,276.5,277
1748435400,277,277,275.75,276.5
1748437200,276.25,276.75,276.25,276.5
1748439000,276.5,276.75,276,276
1748440800,276.25,276.5,274.75,276.25
1748442600,276.25,277.25,275.75,276.5
1748444400,276.5,276.5,276.5,276.5
1748500200,278.75,278.75,278.75,278.75
1748502000,279,279.5,277.25,277.75
1748503800,277.75,278.75,277.5,278
1748505600,278,278.5,278,278.25
1748507400,278.25,278.5,277.75,278.25
1748509200,278.5,279,277.75,279
1748511000,278.75,279,277.75,278
1748512800,278,279,277.75,278.75
1748514600,278.5,278.75,278.25,278.75
1748516400,278.75,280.25,278.5,279.75
1748518200,279.5,281,278.5,278.75
1748520000,278.75,279.5,278,279
1748521800,279.25,279.5,278.75,279
1748523600,279,280,278.75,280
1748525400,280,280.25,278,280
1748527200,280,280,278.75,279.75
1748529000,279.75,279.75,278.5,278.75
1748530800,278.75,278.75,278.5,278.5
1748586600,279,279,279,279
1748588400,279,280.25,277.25,278
1748590200,278,278.25,277.25,278
1748592000,278,279.25,277.75,278.75
1748593800,278.75,279.25,278,278.25
1748595600,278.25,278.75,278,278.5
1748597400,278.5,279.25,276,276.75
1748599200,276.5,277,275.25,275.75
1748601000,275.75,276.75,275.5,276.5
1748602800,276.25,277,276.25,276.75
1748604600,276.75,276.75,275.75,275.75
1748606400,276,276,274,274.25
1748608200,274.25,275.5,273.75,275.25
1748610000,275,275.5,274,274.25
1748611800,274.25,274.25,273.25,274
1748613600,274,274.5,273.25,274.25
1748615400,274.25,274.5,273,273.75
1748617200,273.25,273.25,273.25,273.25
1748845800,272.5,272.5,272.5,272.5
1748847600,272.75,274.25,272,272.5
1748849400,272.5,273.75,272.25,273.25
1748851200,273.25,273.5,272.5,273.5
1748853000,273.5,273.75,273,273.5
1748854800,273.5,273.75,272.5,272.75
1748856600,273,273.75,272.75,273.5
1748858400,273.5,275.5,273.25,274.25
1748860200,274.25,274.75,274,274.25
1748862000,274.25,274.5,273.75,273.75
1748863800,274,275.75,273.5,275.5
1748865600,275.5,276.5,275.25,276
1748867400,276.25,276.5,275.5,276
1748869200,276,276,273.5,274.75
1748871000,274.75,275.25,274,274.25
1748872800,274,274.75,273.25,274.25
1748874600,274.5,276.5,274.25,275.75
1748876400,275.75,275.75,275.75,275.75
1748932200,278,278,278,278
1748934000,278,282.25,277.75,281.25
1748935800,281.5,283.25,281,283
1748937600,283.25,283.5,281.25,282
1748939400,282,282.5,281.5,282.25
1748941200,282.25,282.75,282,282.5
1748943000,282.5,282.5,281.75,282
1748944800,282,282.5,281.75,282.5
1748946600,282.25,282.5,281.75,282.25
1748948400,282.5,282.75,282,282.5
1748950200,282.5,282.5,282,282.25
1748952000,282.5,282.5,281.5,282
1748953800,281.75,282.25,281.5,281.75
1748955600,281.5,282.25,281.25,282
1748957400,282,283.25,281.75,282.75
1748959200,282.75,283.75,282.5,283.25
1748961000,283,284.25,282.75,284
1748962800,283.75,283.75,283.75,283.75
1749018600,283.25,283.25,283.25,283.25
1749020400,283,283.75,281.75,282.75
1749022200,282.75,283,281.75,282.25
1749024000,282.5,283.25,282.25,283
1749025800,282.75,284.25,282.25,283.75
1749027600,283.75,283.75,282.75,282.75
1749029400,283,283.25,282.75,283.25
1749031200,283.25,283.25,282.75,283
1749033000,282.75,283.5,282.75,283.5
1749034800,283.5,284.75,283.25,284.5
1749036600,284.5,285.25,284,284.75
1749038400,284.75,285.25,284.25,284.5
1749040200,284.5,284.75,284,284.25
1749042000,284.25,285,284,284.75
1749043800,284.75,287.5,284.75,286
1749045600,285.75,286.25,284.75,286
1749047400,285.75,286.75,285.25,286.25
1749049200,286.25,287,286.25,287
1749105000,285.75,285.75,285.75,285.75
1749106800,286,286,284.75,285.25
1749108600,285,287,284.75,286.5
1749110400,286.5,286.5,285.25,285.75
1749112200,285.5,286.25,285,286
1749114000,286,286.75,285.75,286.5
1749115800,286.5,286.5,286.5,286.5
1749537000,289,289,289,289
1749538800,289,292.25,289,292.25
1749540600,292.25,292.25,290.75,291.25
1749542400,291.25,292.25,291,291.75
1749544200,291.75,292,290.5,290.75
1749546000,290.75,291.25,290.5,290.75
1749547800,290.75,290.75,290,290.75
1749549600,290.75,291.25,290.5,290.75
1749551400,290.75,292.5,290.5,291.5
1749553200,291.75,293.25,291.5,292.5
1749555000,292.5,293,291.5,291.75
1749556800,291.75,292.25,291.5,291.75
1749558600,291.75,292.5,291.5,292
1749560400,292,292.5,290.5,291
1749562200,290.75,292,290.5,292
1749564000,292,292,291,291.75
1749565800,291.75,292.25,290.5,291.5
1749567600,291,291,291,291
1749623400,291,291,291,291
1749625200,291,291.5,290.25,291.25
1749627000,291,292,290.5,291.25
1749628800,291,291.25,289.25,289.75
1749630600,289.5,290,289.25,289.75
1749632400,290,290.25,289.5,290
1749634200,290,290.25,289.5,289.75
1749636000,289.5,290,289.5,289.75
1749637800,289.75,290,289.5,290
1749639600,290,290,289.5,289.75
1749641400,289.75,290.75,289.5,290.25
1749643200,290.25,291,289.5,289.75
1749645000,290,290.75,289.5,290.25
1749646800,290.25,290.25,289.75,290.25
1749648600,290.25,291.25,289.5,290.75
1749650400,290.5,292,290.25,290.75
1749652200,290.75,291,289.75,290.25
1749654000,290,290.5,290,290.5
1749709800,287,287,287,287
1749711600,286.75,287.25,285.25,286
1749713400,286,286.5,285.5,285.5
1749715200,285.5,286,283.25,283.75
1749717000,283.5,283.75,282,282.25
1749718800,282.25,282.75,281.75,282
1749720600,282,282.25,281.75,282
1749722400,282.25,283,282,282.25
1749724200,282.5,282.75,282.25,282.25
1749726000,282.5,282.5,281.5,281.5
1749727800,281.5,281.75,279.5,280
1749729600,280,281,279.5,280.75
1749731400,280.5,280.75,280,280.5
1749733200,280.5,281,279.75,279.75
1749735000,280,280,278.75,279.75
1749736800,279.5,280.25,278.75,279
1749738600,279,279.25,278,279
1749740400,278.75,278.75,278.75,278.75
1749796200,262.5,262.5,262.5,262.5
1749798000,262.5,263,258.5,262.5
1749799800,262.5,266.5,262.25,264.75
1749801600,264.75,265.5,264.5,264.75
1749803400,264.75,264.75,263,264
1749805200,264,264,262.25,262.5
1749807000,262.75,263,261.5,262.25
1749808800,262.25,262.25,260.5,260.75
1749810600,260.75,261.75,260.25,261.25
1749812400,261.5,262,260.5,262
1749814200,262,262.75,261.75,262.5
1749816000,262.5,262.5,261.5,262
1749817800,262,262.5,261.5,262.25
1749819600,262.5,263,261.75,261.75
1749821400,262,263,261.75,262
1749823200,262,262.25,261,261.25
1749825000,261.25,263.75,261,263.25
1749826800,263.75,263.75,263.75,263.75
1750055400,263.5,263.5,263.5,263.5
1750057200,263.25,263.75,259.5,261.25
1750059000,261.25,261.75,260,261.25
1750060800,261.25,261.5,260.5,261.5
1750062600,261.5,265.5,261.25,263.25
1750064400,263.25,263.5,262.25,262.5
1750066200,262.75,263.25,262.25,263
1750068000,263.25,263.5,262.5,263.5
1750069800,263.5,264,263,263.75
1750071600,263.75,264,262.75,263
1750073400,262.75,264.5,262.5,264
1750075200,263.75,264.5,263.25,263.5
1750077000,263.5,263.75,261.5,262.25
1750078800,262.25,262.5,261.75,262.5
1750080600,262.25,264.75,261.5,264.25
1750082400,264,268.25,264,267.25
1750084200,267.25,267.5,265,265.75
1750086000,265.25,265.25,265.25,265.25
1750141800,265.25,265.25,265.25,265.25
1750143600,265.25,266,262,263.25
1750145400,263.5,264,263,263
1750147200,263.25,263.25,261.5,262.25
1750149000,262,262.5,262,262.5
1750150800,262.5,263,262.25,262.75
1750152600,262.75,262.75,261.75,262.25
1750154400,262,262.25,261.75,262
1750156200,262.25,262.5,261.75,262.25
1750158000,262.5,264.25,262,263.25
1750159800,263.5,263.75,262.75,263.25
1750161600,263,263.75,262.75,263
1750163400,262.75,263,262.25,262.75
1750165200,262.75,263.5,262.5,263.25
1750167000,263.25,264,262.5,263
1750168800,263,263.25,261.5,261.75
1750170600,261.75,263,261.5,262.25
1750172400,261.75,261.75,261.75,261.75
1750228200,260.25,260.25,260.25,260.25
1750230000,260.25,260.75,258,258.5
1750231800,258.75,259.25,258.5,258.75
1750233600,258.75,259.25,257,257.25
1750235400,257,258,257,257.5
1750237200,257.5,258,257,257.75
1750239000,257.75,258,256.25,256.25
1750240800,256.5,257.25,256.25,257
1750242600,256.75,257,256.75,257
1750244400,257,257.25,256.75,257.25
1750246200,257.25,257.25,256.75,257.25
1750248000,257.25,258,256.75,257.5
1750249800,257.75,258,256.5,257
1750251600,257,257,256.5,256.5
1750253400,256.75,257.25,256,257.25
1750255200,257.25,258.5,256.75,257.5
1750257000,257.5,258.25,256.5,257.75
1750258800,257.5,257.5,257.25,257.25
1750314600,258,258,258,258
1750316400,258,259.5,257,258
1750318200,258,259.25,257.5,259
1750320000,259,259.25,258.5,258.75
1750321800,258.75,259,257.5,258
1750323600,257.75,258.75,257.75,258.25
1750325400,258.5,258.5,258,258.25
1750327200,258,258.5,257.5,258
1750329000,258,258.25,257.25,257.5
1750330800,257.5,257.75,254.25,255.5
1750332600,255.5,255.5,254.5,255.25
1750334400,255.25,255.5,254.75,255.25
1750336200,255.25,255.25,254.5,254.75
1750338000,254.5,255,254.5,255
1750339800,255,255,253.25,254
1750341600,253.75,254.25,252.25,253.5
1750343400,253.5,253.75,252.75,252.75
1750345200,253,253,252,252
1750401000,257.25,257.25,257.25,257.25
1750402800,257.5,258.5,256.25,257.25
1750404600,257.25,258.5,257.25,257.25
1750406400,257.5,257.5,256.5,256.75
1750408200,256.75,257,256.5,256.75
1750410000,256.75,257,256.5,256.75
1750411800,256.75,257.5,256.25,257
1750413600,256.75,257,256,256.5
1750415400,256.5,256.5,254.75,255.25
1750417200,255.25,255.25,254,255
1750419000,255,256.25,254.75,255.5
1750420800,255.75,256,255,255.5
1750422600,255.75,256.75,255.25,256.5
1750424400,256.5,257,255.5,255.75
1750426200,255.75,256.5,255.5,255.5
1750428000,255.75,257,255.5,256.5
1750429800,256.5,257,256.25,256.75
1750431600,256.75,256.75,256.75,256.75
1750660200,253,253,253,253
1750662000,253,253.25,250.5,251
1750663800,251.25,251.25,249.4,249.5
1750665600,249.5,252.5,249.2,251.75
1750667400,252,252.75,250.25,251.25
1750669200,251.25,251.75,250.5,250.75
1750671000,251,251.25,250.5,251
1750672800,251,251.5,250.75,251.25
1750674600,251.25,251.25,250.75,251
1750676400,251,251.5,250.75,251.25
1750678200,251,251.25,251,251
1750680000,251.25,252.25,251,252
1750681800,252,253.5,251.75,253.25
1750683600,253.25,253.25,251.5,252.25
1750685400,252,253,251.75,252.25
1750687200,252,254,252,253.5
1750689000,253.25,253.75,252.5,252.75
1750690800,252.75,253,252.75,253
1750746600,270,270,270,270
1750748400,269.75,271.75,268,268.75
1750750200,268.75,269,266,266.75
1750752000,266.5,267.5,265,267.5
1750753800,267.25,268.75,266.75,268.5
1750755600,268.5,269.75,268,268.75
1750757400,268.75,271.5,268.75,270
1750759200,269.75,270.5,269.5,270.25
1750761000,270.5,270.75,269.25,270
1750762800,269.75,271.5,269.75,270.75
1750764600,270.5,274.75,270.5,274.25
1750766400,274.25,274.75,272.75,273.5
1750768200,273.5,274.25,272.5,272.5
1750770000,272.5,273.5,272,273
1750771800,273,275,272.5,274.75
1750773600,274.75,275.75,274.25,275
1750775400,275,275.5,274.25,275
1750777200,274.5,274.5,274.5,274.5
1750833000,275.5,275.5,275.5,275.5
1750834800,275.25,275.75,270.5,272
1750836600,271.75,273,271,272.25
1750838400,272.25,274.5,272.25,273.5
1750840200,273.25,273.5,271.5,272
1750842000,272.25,273.75,272,273.25
1750843800,273.25,274.5,273,273.75
1750845600,273.5,273.75,272.25,272.25
1750847400,272.5,273.5,272.25,273.25
1750849200,273.25,273.25,272.5,272.75
1750851000,272.5,273.5,272.5,272.75
1750852800,272.75,273.25,272.25,272.75
1750854600,272.75,273,272,272.5
1750856400,272.5,273.5,272.25,273
1750858200,273,273.25,272.5,272.75
1750860000,272.5,273,271.75,272.25
1750861800,272,272.75,271,271.5
1750863600,271.5,271.5,271.5,271.5
1750919400,271.75,271.75,271.75,271.75
1750921200,271.75,272.75,270.5,270.75
1750923000,270.5,271.25,270,270.5
1750924800,270.25,270.75,270,270.5
1750926600,270.25,270.25,268,268.25
1750928400,268.25,268.5,267,267.5
1750930200,267.5,268.25,267,268
1750932000,268,268.5,267.5,268.5
1750933800,268.5,268.5,267.5,267.75
1750935600,268,268,267.25,267.5
1750937400,267.5,268,267.25,268
1750939200,268,268,267.5,268
1750941000,267.75,268,266.5,267
1750942800,267.25,267.5,266.75,267
1750944600,267,267.25,266,267
1750946400,267.25,267.5,265.75,266.25
1750948200,266,266.5,265,265
1750950000,265.25,265.25,265.25,265.25
1751005800,265.25,265.25,265.25,265.25
1751007600,265.5,266.5,264,264.5
1751009400,264.5,264.75,263.5,264
1751011200,264,265,263.5,264.75
1751013000,264.75,264.75,264,264.25
1751014800,264.25,264.5,264,264.5
1751016600,264.25,264.75,263.25,263.75
1751018400,263.75,264.75,263.5,264.25
1751020200,264.25,265.25,264.25,265.25
1751022000,265.25,266.75,264.75,266.75
1751023800,266.75,269.75,266.5,266.5
1751025600,266.5,266.75,264.5,265.5
1751027400,265.5,266.5,264.75,265.5
1751029200,265.5,266.25,265,266
1751031000,265.75,268.25,265.5,267.5
1751032800,267.5,267.75,266.75,267.25
1751034600,267.25,269.25,267.25,268.25
1751036400,267.75,267.75,267.75,267.75
1751265000,269.25,269.25,269.25,269.25
1751266800,269.25,271.25,269.25,270
1751268600,270,270,268.75,269.25
1751270400,269,273,268.5,272.75
1751272200,272.75,277,272.25,276.75
1751274000,276.5,278,276.25,276.75
1751275800,276.5,277.75,276.25,277.5
1751277600,277.25,280.25,277,280
1751279400,280,283.5,279.75,282.75
1751281200,282.75,284,281.75,282
1751283000,282.25,283.5,282,283
1751284800,283,283.25,281.25,282
1751286600,282,282.75,281.5,282
1751288400,282,283,281.75,282.75
1751290200,282.75,283,282.25,283
1751292000,282.75,284,282.5,283.75
1751293800,283.75,283.75,282.25,282.75
1751295600,282.75,283.5,282.75,283.5
1751351400,284.25,284.25,284.25,284.25
1751353200,284,289.75,282.75,288
1751355000,287.75,288.5,287.5,288
1751356800,287.75,288.5,286.5,286.75
1751358600,286.75,287.5,286,286.25
1751360400,286.25,287.25,286.25,286.75
1751362200,287,287.25,286.25,287
1751364000,287,287.25,286.5,286.75
1751365800,287,287.75,286.75,287.25
1751367600,287.5,287.75,287,287
1751369400,287,287.25,286,286.75
1751371200,286.5,287.25,286,287
1751373000,287,287.75,286.5,286.75
1751374800,286.75,287.5,286.75,287
1751376600,287,289,286.75,288.75
1751378400,288.75,292.5,288.5,291
1751380200,291,292,290.5,291
1751382000,290.5,290.5,290.5,290.5
1751437800,290.75,290.75,290.75,290.75
1751439600,290.75,292.5,290.25,291.5
1751441400,291.75,293.25,291.5,291.75
1751443200,291.5,293,290.5,292.75
1751445000,292.75,295.5,292.5,293.5
1751446800,293.75,295.25,293.5,294.5
1751448600,294.75,296,294.25,294.5
1751450400,294.25,295,294.25,294.75
1751452200,295,295.5,294.5,295.25
1751454000,295.25,295.5,294.5,294.5
1751455800,294.5,294.75,293.25,293.75
1751457600,293.75,294.25,293,293.5
1751459400,293.5,293.75,291,291.5
1751461200,291.75,292,288.5,290.75
1751463000,290.5,290.75,289.25,290
1751464800,290,291,289.25,289.25
1751466600,289.25,291,288.75,290.75
1751468400,290.75,291,290.75,291
1751524200,295,295,295,295
1751526000,295.25,295.75,292.25,293.5
1751527800,293.5,294,292.25,293
1751529600,292.75,293.5,291.5,291.75
1751531400,291.75,293.5,291.5,291.5
1751533200,291.5,292.5,291.5,291.75
1751535000,291.5,292.5,291,292.25
1751536800,292,292.75,292,292.5
1751538600,292.5,292.5,291.75,292
1751540400,292,293,291.75,293
1751542200,293,293,292.25,293
1751544000,293,293.5,292.75,293.25
1751545800,293.25,293.75,292.25,292.75
1751547600,292.75,293.5,292.5,293
1751549400,292.75,293.25,292.5,292.75
1751551200,293,293.5,292.25,293
1751553000,292.75,293,291.5,291.5
1751554800,291.5,291.5,291.5,291.5
1751610600,292.25,292.25,292.25,292.25
1751612400,292.25,293.25,291.25,292.25
1751614200,292,294,291.75,293.5
1751616000,293.5,294,292.25,292.5
1751617800,292.75,293,292.25,292.75
1751619600,292.5,293.25,292.5,292.5
1751621400,292.5,292.75,292.25,292.5
1751623200,292.5,293,292.5,292.5
1751625000,292.5,292.75,292,292.5
1751626800,292.25,292.5,291.75,292.25
1751628600,292.25,292.25,291.5,292
1751630400,291.75,293.75,291.5,293.25
1751632200,293.25,293.25,292.5,292.75
1751634000,292.5,293.25,292.25,292.75
1751635800,292.5,293.25,292.25,293
1751637600,292.75,295.25,292.75,293.5
1751639400,293.5,293.75,292.75,293
1751641200,292.75,292.75,292.75,292.75
1751869800,288.5,288.5,288.5,288.5
1751871600,288.75,290,288.25,289.5
1751873400,289.5,289.75,288.25,288.75
1751875200,288.5,289,287.5,288
1751877000,288,288,286.5,286.75
1751878800,286.5,287.25,286.5,286.75
1751880600,286.75,287.75,286.5,287.75
1751882400,287.5,288,287.25,288
1751884200,288,290.75,287.5,289.75
1751886000,289.75,290.5,289.25,289.5
1751887800,289.25,290.5,289.25,289.75
1751889600,290,291.25,289.25,289.75
1751891400,290,290.5,288.75,289
1751893200,288.75,289.75,288.75,289.5
1751895000,289.5,289.75,288,288.5
1751896800,288.5,289,287.75,288.25
1751898600,288,288.5,287.25,287.75
1751900400,287.75,287.75,287.5,287.5
1751956200,289.25,289.25,289.25,289.25
1751958000,289.5,291.25,285.75,286.75
1751959800,287,287,285.75,286
1751961600,286.25,287.5,286,287
1751963400,286.75,287.25,286.25,286.5
1751965200,286.5,286.75,283.75,285
1751967000,284.75,285,283.75,284
1751968800,284,284.5,280.75,280.75
1751970600,280.75,282.25,279,282
1751972400,282,282.75,281.25,282.5
1751974200,282.25,282.5,281.5,281.75
1751976000,281.75,282.25,281,281.5
1751977800,281.5,282,281,281.5
1751979600,281.5,281.75,281,281.25
1751981400,281.5,283.25,281,281.75
1751983200,282,282.25,280.75,281
1751985000,280.75,281.25,280.25,280.5
1751986800,280.5,280.5,280.5,280.5
1752042600,281.5,281.5,281.5,281.5
1752044400,281.5,284.75,281.25,283.75
1752046200,283.75,286.25,283.75,285.25
1752048000,285.5,285.75,284.75,285
1752049800,285,285.5,284,284.5
1752051600,284.75,285.25,284.5,285.25
1752053400,285.25,285.25,284.75,284.75
1752055200,285,285.25,284.25,284.75
1752057000,284.5,285.5,284.5,285.5
1752058800,285.5,286.25,285,285.75
1752060600,286,287.5,285.5,286.75
1752062400,287,287.25,285.5,286.25
1752064200,286.25,287,285.75,286.5
1752066000,286.25,286.75,286,286.5
1752067800,286.25,286.75,286,286.25
1752069600,286,286.5,285.25,286.5
1752071400,286.25,287.25,286,286.5
1752073200,286.75,286.75,286.75,286.75
1752129000,289.5,289.5,289.5,289.5
1752130800,289.75,292,289.5,291.5
1752132600,291.5,291.5,289.25,290.25
1752134400,290.25,291.75,290,291.75
1752136200,291.5,292.75,291.25,292
1752138000,292.25,292.5,291.75,292
1752139800,292.25,292.25,291.25,291.75
1752141600,292,292.25,291.75,292.25
1752143400,292.25,292.25,291.5,292
1752145200,291.75,292,291,291.25
1752147000,291.25,291.75,290.75,291
1752148800,291.25,291.25,290.25,291
1752150600,290.75,291,290.25,290.75
1752152400,290.75,291.25,290,291
1752154200,291,291.75,290.75,291.75
1752156000,291.75,293.25,291.5,292
1752157800,292,292.25,290.75,291.5
1752159600,291,291,291,291
1752215400,296,296,296,296
1752217200,296,297,294.75,295
1752219000,295,296,294.5,294.5
1752220800,294.75,295.25,294.25,294.5
1752222600,294.75,295.25,294.25,295
1752224400,294.75,295.25,294.5,294.75
1752226200,294.75,295.5,294.5,295.5
1752228000,295.25,296,295,295.75
1752229800,295.5,295.75,294.75,295
1752231600,295.25,295.5,293.5,293.75
1752233400,293.75,294,290.75,292.25
1752235200,292.5,293.5,292.25,293
1752237000,292.75,293.75,292.5,293.5
1752238800,293.25,294.25,293.25,293.5
1752240600,293.75,294,292.5,293.25
1752242400,293.5,295,293.25,293.75
1752244200,294,294.25,292.75,293.25
1752246000,293,293,293,293
1752474600,293.25,293.25,293.25,293.25
1752476400,293.25,294.25,291.75,294
1752478200,294,295.25,293.25,293.25
1752480000,293.5,295.25,292,294.75
1752481800,294.75,294.75,293,293
1752483600,293,294.25,293,294
1752485400,293.75,294.75,293.5,294
1752487200,293.75,294,293,293
1752489000,293,293.75,293,293
1752490800,293.25,293.75,292.5,292.75
1752492600,292.75,293,292,292.5
1752494400,292.5,293,292,292.25
1752496200,292.25,292.75,291.25,291.5
1752498000,291.5,292.5,291.25,292
1752499800,291.75,292,291,291.25
1752501600,291.25,292.5,290.75,292
1752503400,292,292.5,290.75,291
1752505200,291,291,291,291
1752647400,291,291,291,291
1752649200,291,292.25,290.25,291.75
1752651000,291.5,292.75,291.25,292.5
1752652800,292.5,292.75,292,292.25
1752654600,292.25,293.25,292,292.5
1752656400,292.75,293.25,292,292.25
1752658200,292,292.5,291.25,291.5
1752660000,291.5,292,291,292
1752661800,291.75,292.5,291.5,291.75
1752663600,292,292,291.25,291.5
1752665400,291.5,291.75,290,290.25
1752667200,290.25,290.25,288.75,289
1752669000,289.25,289.5,285,285.25
1752670800,285.25,285.75,280.5,284.25
1752672600,284.25,284.75,281.5,282
1752674400,282.25,284.5,281,284.25
1752676200,284.25,286.25,284.25,285
1752678000,285,285,285,285
1752733800,289.5,289.5,289.5,289.5
1752735600,289.75,290.5,287.5,288.75
1752737400,288.75,290.25,288.5,289.5
1752739200,289.25,289.5,288.75,289.25
1752741000,289.25,289.25,288.25,288.5
1752742800,288.5,288.5,286.25,286.5
1752744600,286.75,287,286.5,286.75
1752746400,286.75,287.25,286.25,286.75
1752748200,286.5,287.5,286.25,287
1752750000,287,287.25,286.25,286.25
1752751800,286.5,286.75,285,286.25
1752753600,286,288.25,285.5,287.75
1752755400,287.5,288,286.75,287.75
1752757200,287.75,289,287.25,289
1752759000,289,289.75,288.5,289.25
1752760800,289.25,290.25,289,289.5
1752762600,289.75,289.75,289,289.25
1752764400,289.5,289.5,289.25,289.25
1752820200,289.5,289.5,289.5,289.5
1752822000,289.5,290.5,287.5,288.5
1752823800,288.75,290.75,288.5,290.5
1752825600,290.5,291.75,289.75,290.75
1752827400,290.5,290.75,288.75,289.75
1752829200,289.75,290.25,289,289.75
1752831000,289.75,290.5,289.25,289.75
1752832800,289.5,290,289.25,289.5
1752834600,289.5,289.75,288.75,289.5
1752836400,289.5,289.75,289,289.5
1752838200,289.5,290,289,289
1752840000,289,290.75,288.75,290.75
1752841800,290.75,291.25,290,290.25
1752843600,290.25,290.25,289.5,290
1752845400,290,291,289,289.5
1752847200,289.5,289.75,288.25,289.25
1752849000,289,289.75,288.75,289.25
1752850800,289,289,289,289
1753079400,290.75,290.75,290.75,290.75
1753081200,290.75,293,290.5,291.75
1753083000,291.75,293.75,291.75,292.75
1753084800,292.5,293.25,292.25,293.25
1753086600,293.25,295.25,293,294.5
1753088400,294.5,294.5,293.5,294.25
1753090200,294.25,294.5,294,294.25
1753092000,294.25,294.75,294,294.5
1753093800,294.5,294.5,293.75,294.5
1753095600,294.25,294.75,293.75,294
1753097400,293.75,294.75,293.75,294.5
1753099200,294.5,295.5,294.25,294.75
1753101000,294.75,294.75,294,294.25
1753102800,294.25,294.5,294,294.5
1753104600,294.25,294.75,294,294.25
1753106400,294.5,295,294,294.5
1753108200,294.25,294.75,294,294.25
1753110000,294,294,294,294
1753165800,294.5,294.5,294.5,294.5
1753167600,294.75,296.25,294.5,295
1753169400,295,297.75,294.75,297.25
1753171200,297.25,298,296.75,296.75
1753173000,297,297.5,296.75,297
1753174800,297,298.25,296.75,297.75
1753176600,297.5,298.25,297.5,297.75
1753178400,297.75,298,297.25,297.75
1753180200,297.5,297.75,297.25,297.5
1753182000,297.5,297.75,297,297
1753183800,297.25,297.25,296.75,296.75
1753185600,296.75,296.75,295.5,296.25
1753187400,296.25,297,295.75,297
1753189200,297,297.25,296.5,296.75
1753191000,296.75,297,296,296.25
1753192800,296.25,298.25,296.25,297
1753194600,297,298,296.25,297.25
1753196400,297.25,297.25,297.25,297.25
1753252200,298.75,298.75,298.75,298.75
1753254000,298.75,299.5,297.5,298.25
1753255800,298,298.75,297.5,298.25
1753257600,298.25,298.75,298,298.25
1753259400,298.25,298.25,298,298.25
1753261200,298,298.25,297.75,298
1753263000,298,298,297.75,297.75
1753264800,297.75,298.5,297.5,298.25
1753266600,298.25,298.5,297.75,297.75
1753268400,297.75,298.25,297.75,298
1753270200,297.75,298,296.5,297
1753272000,296.75,297.25,295.5,295.75
1753273800,295.75,296.25,294.75,294.75
1753275600,295,295.25,293.75,295
1753277400,295,295.75,294.75,295
1753279200,295.25,296.25,295,296.25
1753281000,296.25,296.25,294.5,294.75
1753282800,294.5,294.5,294.5,294.5
1753338600,296,296,296,296
1753340400,296,296.75,294.5,294.5
1753342200,294.75,295,294.5,294.75
1753344000,295,295,294.25,295
1753345800,295,295.5,294.25,295
1753347600,295,295.25,295,295
1753349400,295,295.25,294.5,295
1753351200,295,295.25,294.75,295.25
1753353000,295.25,295.5,294.75,295.25
1753354800,295.25,297.25,293.25,294.75
1753356600,295,298.75,294.5,297
1753358400,297,297.5,296,296.75
1753360200,296.5,297.75,296.25,297.5
1753362000,297.5,297.5,296.25,296.25
1753363800,296.5,297,296,296.25
1753365600,296,296.75,295.75,296.5
1753367400,296.5,296.5,294.75,295.5
1753369200,296,296,296,296
1753425000,296.25,296.25,296.25,296.25
1753426800,296.25,297,295.25,296
1753428600,295.75,296.25,295.5,295.5
1753430400,295.5,295.75,294.5,294.75
1753432200,294.75,294.75,293.25,294.25
1753434000,294,294.5,293.75,294.25
1753435800,294.25,294.5,293.75,294
1753437600,294,294.25,293.75,294.25
1753439400,294.25,294.5,294,294
1753441200,294,294.5,294,294
1753443000,294,294.75,294,294.25
1753444800,294.25,294.75,294,294.25
1753446600,294.25,294.5,294,294
1753448400,294.25,294.25,293.5,294.25
1753450200,294.25,295.75,294,294.5
1753452000,294.5,294.75,293.5,293.75
1753453800,294,294.5,293.5,293.5
1753455600,293,293,293,293
1753684200,293.75,293.75,293.75,293.75
1753686000,293.75,294.5,292,292.5
1753687800,292.5,293,291.5,291.75
1753689600,291.5,292,290,291
1753691400,290.75,291.25,290.5,290.75
1753693200,290.75,290.75,290,290.25
1753695000,290.25,291.75,290,291.25
1753696800,291.25,291.5,290.75,291
1753698600,291.25,291.5,290.75,291.5
1753700400,291.5,292.25,291.5,291.75
1753702200,291.75,292,291,292
1753704000,291.75,292,291.5,291.75
1753705800,291.75,292,291.5,292
1753707600,291.75,292,291.25,291.25
1753709400,291.25,291.5,290.5,291
1753711200,290.75,291.25,290.25,290.25
1753713000,290.5,290.75,290,290.5
1753714800,290.25,290.25,290.25,290.25
1753770600,290,290,290,290
1753772400,290,291,289.5,290.25
1753774200,290.5,290.75,288.5,288.5
1753776000,288.25,289.5,288.25,289.5
1753777800,289.25,289.5,288.5,288.75
1753779600,288.5,289.25,288,289.25
1753781400,289,289.5,288.5,288.75
1753783200,288.75,289,288.5,288.75
1753785000,288.75,289.25,288.5,288.75
1753786800,288.5,289,288.25,288.5
1753788600,288.5,288.75,287.5,288.25
1753790400,288.5,288.5,288,288.5
1753792200,288.5,288.5,287.75,288
1753794000,288,288.5,287.5,288
1753795800,288,288,287.5,288
1753797600,287.75,288,286.75,287
1753799400,287,287.25,286.25,286.5
1753801200,285.25,285.25,285.25,285.25
1753857000,285.5,285.5,285.5,285.5
1753858800,285.25,287,285.25,286.25
1753860600,286.5,286.5,285.5,286
1753862400,286,289,286,288.25
1753864200,288.5,289,288,288
1753866000,288.25,288.75,288,288.25
1753867800,288.5,288.75,288,288.25
1753869600,288.25,288.5,287.5,287.5
1753871400,287.5,288.25,287.25,287.5
1753873200,287.75,288.25,287.5,288
1753875000,288,288.25,287.75,287.75
1753876800,287.75,288,287.25,287.5
1753878600,287.5,287.75,286.75,287.25
1753880400,287.25,287.75,286.75,287.5
1753882200,287.75,288.25,287.5,287.75
1753884000,288,288.5,287.25,287.25
1753885800,287.25,288,287.25,287.5
1753887600,287.25,287.25,287.25,287.25
1753943400,288.5,288.5,288.5,288.5
1753945200,288.5,289.75,287,287.25
1753947000,287.5,289.25,287.25,288.25
1753948800,288.25,288.5,287.25,287.75
1753950600,288,288.25,287.5,287.75
1753952400,287.75,288.75,287.5,288
1753954200,288,288.5,287.75,288.25
1753956000,288.5,288.5,287.25,287.75
1753957800,287.75,287.75,286.75,287.25
1753959600,287,287.25,286.25,286.5
1753961400,286.25,286.75,286.25,286.75
1753963200,286.75,286.75,286,286.75
1753965000,286.75,287,286.5,286.75
1753966800,287,287.25,286.5,286.5
1753968600,286.75,287.75,286.5,287.5
1753970400,287.5,288.75,287,287.5
1753972200,287.5,288.25,287.25,287.75
1753974000,288,288,288,288
1754029800,288.5,288.5,288.5,288.5
1754031600,288.25,289.25,286.75,288
1754033400,288.25,290.75,288,289.75
1754035200,289.5,289.75,288.5,288.75
1754037000,288.75,288.75,287.75,288.25
1754038800,288.5,288.75,288,288
1754040600,288,288.5,288,288.25
1754042400,288.25,288.5,288,288.25
1754044200,288.5,288.5,288,288.5
1754046000,288.5,288.75,287.25,288.75
1754047800,288.75,290,288.25,289.25
1754049600,289.5,290.25,289,289.5
1754051400,289.5,289.75,288.5,289
1754053200,288.75,289.75,288.25,289
1754055000,288.75,289,288.25,288.5
1754056800,288.5,289.25,287.5,288.5
1754058600,288.75,289.5,288,288.75
1754060400,288.75,288.75,288.75,288.75
1754289000,291,291,291,291
1754290800,291.25,294.5,290.5,294.25
1754292600,294.5,296.5,294.25,295.25
1754294400,295.25,295.5,294.5,294.75
1754296200,294.75,295.25,294.5,295
1754298000,294.75,295,294.5,294.75
1754299800,295,295,294.5,294.75
1754301600,294.75,295.25,294.75,294.75
1754303400,294.5,294.75,294,294.5
1754305200,294.5,294.5,293.75,294
1754307000,293.75,294.25,293.75,294.25
1754308800,294,295,293.75,294.25
1754310600,294.25,294.5,294,294
1754312400,294,296.25,294,295.25
1754314200,295.25,295.75,294.25,294.5
1754316000,294.75,295.25,294.5,294.75
1754317800,294.75,295.25,294.5,294.75
1754319600,294.5,294.5,294.5,294.5
1754375400,296.25,296.25,296.25,296.25
1754377200,296.25,298,296.25,297
1754379000,297.25,297.25,296.5,296.5
1754380800,296.5,297,296.5,296.75
1754382600,296.75,297.25,296.75,297.25
1754384400,297.25,297.25,296.75,296.75
1754386200,296.75,297,296.5,297
1754388000,297,297,296.75,297
1754389800,296.75,297,295.25,295.5
1754391600,295.5,296,295.25,295.75
1754393400,295.5,295.75,295.25,295.5
1754395200,295.5,296,295.25,295.5
1754397000,295.5,295.75,295.25,295.5
1754398800,295.5,295.75,295.25,295.5
1754400600,295.5,296,295.5,296
1754402400,296,296.75,295.5,295.75
1754404200,295.75,296.25,295.5,296
1754406000,295.5,295.5,295.5,295.5
1754461800,298.5,298.5,298.5,298.5
1754463600,298.5,303.5,298,302.75
1754465400,302.75,303,300.75,301
1754467200,300.75,301,299.5,300.5
1754469000,300.25,302.75,300.25,302.5
1754470800,302.25,304.5,301.75,304.5
1754472600,304.5,305.5,304,304.75
1754474400,304.5,308.25,304.5,307.25
1754476200,307.25,307.75,306.5,307
1754478000,307,311.25,306.75,310.5
1754479800,310.25,311.25,309.75,310
1754481600,310,310.25,309.5,310
1754483400,310.25,310.25,308.5,309.25
1754485200,309,309.75,308.75,309
1754487000,309,310.25,308.75,309.75
1754488800,309.75,310,308.5,308.75
1754490600,308.75,310,308.75,308.75
1754492400,308.5,308.5,308.5,308.5
1754548200,309.75,309.75,309.75,309.75
1754550000,309.75,310.25,306.75,306.75
1754551800,306.75,309,306,308.5
1754553600,308.25,311.75,308.25,310.75
1754555400,310.5,311,309.25,310
1754557200,310,310,308.5,309.5
1754559000,309.5,311.5,309.5,311.5
1754560800,311.5,311.75,310.75,310.75
1754562600,310.75,311,310,310.25
1754564400,310.5,310.75,310,310.5
1754566200,310.5,310.5,308.75,309.25
1754568000,309.25,309.5,309,309.5
1754569800,309.5,309.75,309.25,309.75
1754571600,309.75,310.25,309.25,310
1754573400,310.25,310.75,309.5,309.5
1754575200,309.5,309.75,308.5,308.75
1754577000,309,309,307.75,308.75
1754578800,308.75,309,308.75,309
1754634600,309.5,309.5,309.5,309.5
1754636400,309.25,312.75,309.25,311
1754638200,311,311.25,310,310.5
1754640000,310.5,311.5,310.25,311.25
1754641800,311,312,310.75,311.25
1754643600,311.25,311.75,311,311
1754645400,311.25,311.5,310.75,311.25
1754647200,311.25,311.5,311,311
1754649000,311.25,311.75,309.5,310.25
1754650800,310.5,311.25,310.25,311
1754652600,311,311,310.5,310.75
1754654400,310.75,311,310.5,310.75
1754656200,310.75,310.75,309.75,310
1754658000,310.25,310.5,309.75,310.25
1754659800,310,312,310,312
1754661600,311.75,314.75,311.5,313.75
1754663400,313.75,314.5,313,314
1754665200,314.25,314.25,314.25,314.25
1754893800,316.75,316.75,316.75,316.75
1754895600,316.75,317.75,311.75,313.5
1754897400,313.75,316.25,313.5,315.75
1754899200,316,316.25,314.25,314.75
1754901000,314.75,316.5,314.75,316.25
1754902800,316,317.25,315.5,315.5
1754904600,315.5,316,315.5,316
1754906400,316,316.25,315.75,315.75
1754908200,316,316.5,315.75,316.5
1754910000,316.5,317.25,316,317
1754911800,317,317.25,316.5,317
1754913600,316.75,317.5,316.5,316.5
1754915400,316.75,316.75,316,316.25
1754917200,316.25,316.75,316,316.25
1754919000,316.25,316.75,315.5,316.5
1754920800,316.5,316.5,315.75,316
1754922600,316,316.75,315.5,315.75
1754924400,315.75,315.75,315.75,315.75
1754980200,315.25,315.25,315.25,315.25
1754982000,315,316,313,314
1754983800,313.75,314,311.75,313.25
1754985600,313.5,314,312.25,313.5
1754987400,313.5,315,313,314.75
1754989200,314.75,315.25,314,314
1754991000,314,314.5,313.25,313.5
1754992800,313.5,315.5,313.25,315.25
1754994600,315,316.25,315,315.5
1754996400,315.5,315.75,315,315.25
1754998200,315.25,317,315,316.5
1755000000,316.75,318,316.5,317
1755001800,317,321.75,316.75,320.75
1755003600,320.75,321.5,320.25,320.75
1755005400,321,321,319,319.5
1755007200,319.5,320.25,318.25,319.25
1755009000,319,320.5,318.75,319.25
1755010800,319.5,319.5,319.5,319.5
1755066600,320.75,320.75,320.75,320.75
1755068400,320.5,321,317.25,320.5
1755070200,320.25,322.25,319.25,320.5
1755072000,320.5,322,320.25,321
1755073800,321.25,321.5,320.5,320.75
1755075600,321,321.25,320.5,320.75
1755077400,320.75,320.75,319.25,319.75
1755079200,319.5,321,319.5,320.25
1755081000,320,320.5,319.75,320.25
1755082800,320.5,320.75,320,320.25
1755084600,320.5,321,320,320.25
1755086400,320.25,320.5,320,320
1755088200,320,320.75,319.75,320.25
1755090000,320,320.75,320,320
1755091800,320,321.5,320,321.5
1755093600,321.25,322.75,321.25,322.75
1755095400,322.5,325,321.75,324.5
1755097200,324.25,324.25,324.25,324.25
1755153000,322.5,322.5,322.5,322.5
1755154800,322.75,326.5,322.25,325.75
1755156600,325.75,328.75,325.25,328
1755158400,327.75,331.25,327.25,328.25
1755160200,328.25,328.5,327.25,327.75
1755162000,328,329,327.75,328.5
1755163800,328.75,329.25,328.25,328.75
1755165600,328.5,329.25,328.5,328.5
1755167400,328.75,329.5,328.5,329.25
1755169200,329.5,330,329,329.25
1755171000,329.5,330,329.25,330
1755172800,330,330.5,328.25,328.75
1755174600,329,329,326,327.25
1755176400,327,327.25,326,326.5
1755178200,326.75,327.5,325,325.25
1755180000,325.25,327.5,325,327
1755181800,327,327,325.25,325.25
1755183600,326,326,326,326
1755239400,326.25,326.25,326.25,326.25
1755241200,326.25,326.75,324.75,325.75
1755243000,325.75,328,325.75,327.5
1755244800,327.5,328,327.25,327.75
1755246600,327.75,329,327.75,328.25
1755248400,328.25,328.5,327.25,327.5
1755250200,327.75,328,327.5,327.75
1755252000,327.75,328.5,327.5,328
1755253800,328.25,328.75,328,328.5
1755255600,328.5,329.75,328.5,329.5
1755257400,329.5,329.5,328.5,328.75
1755259200,328.5,328.75,328,328.25
1755261000,328.5,329.5,328.25,329.25
1755262800,329.25,331.25,329,329.75
1755264600,330,330.5,329.5,330
1755266400,330,330.5,328.75,328.75
1755268200,328.75,331.25,328.5,331
1755270000,331,331,331,331
1755498600,331.25,331.25,331.25,331.25
1755500400,331.25,331.75,329,329.5
1755502200,329.25,332,329.25,331.75
1755504000,331.75,332.75,331.5,331.75
1755505800,332,332,330.5,331
1755507600,331.25,331.75,330,330.25
1755509400,330.5,330.75,330,330.75
1755511200,330.5,331.75,330.5,330.75
1755513000,330.75,331,330,330.5
1755514800,330.5,331.5,330.25,330.5
1755516600,330.25,331.75,330.25,331.25
1755518400,331,332.25,331,331.25
1755520200,331.5,331.5,330.75,331.25
1755522000,331.25,331.75,330.75,331.5
1755523800,331.5,332,330.5,331.5
1755525600,331.5,335.25,331,334
1755527400,333.75,334,332.25,333.75
1755529200,334,334,334,334
1755585000,334.75,334.75,334.75,334.75
1755586800,334.75,336,332.75,333
1755588600,333,333.25,332,333
1755590400,332.75,333.5,332.5,333
1755592200,333,334.75,332.75,334
1755594000,334.25,335.75,334,334.25
1755595800,334.25,334.5,333.5,333.5
1755597600,333.5,333.75,333.25,333.25
1755599400,333.25,333.75,333,333
1755601200,333.25,333.5,332.75,333
1755603000,333,333.25,332.5,332.5
1755604800,332.5,332.75,331,331.5
1755606600,331.25,331.75,330,331.75
1755608400,331.5,336.75,330.75,336.75
1755610200,336.75,338.75,336,338
1755612000,338.25,339.5,337.75,338.75
1755613800,338.75,339.5,337.75,338.5
1755615600,338.5,338.5,338.5,338.5
1755671400,338.5,338.5,338.5,338.5
1755673200,338.5,339.25,334,335.25
1755675000,335.25,339.25,335,339.25
1755676800,339.25,340.5,338.25,339
1755678600,339,339.25,338,338.25
1755680400,338.5,339.25,338.25,338.75
1755682200,338.75,339,337.5,337.5
1755684000,337.75,340,337.5,339.75
1755685800,340,340,338.75,339
1755687600,339,339,337.75,338
1755689400,338,338.5,337.5,338
1755691200,338,338.5,337.75,338
1755693000,338.25,339.5,338,339.25
1755694800,339.25,339.75,338.5,339
1755696600,339,339.5,338.25,338.5
1755698400,338.75,339.5,338.25,338.5
1755700200,338.5,339.25,338.25,338.5
1755702000,338.75,338.75,338.75,338.75
1755757800,340,340,340,340
1755759600,340,341,338,338.75
1755761400,338.5,339.25,338,338.5
1755763200,338.5,341.5,338.25,339.5
1755765000,339.75,340.25,339,339.25
1755766800,339.25,339.5,338.75,339
1755768600,338.75,339.75,338.5,339
1755770400,339,339.25,338.75,339
1755772200,339.25,339.25,338.75,339
1755774000,339,339.25,338.5,338.75
1755775800,338.75,338.75,337.75,338.25
1755777600,338.25,338.5,337,337
1755779400,337,337.75,335.75,337.25
1755781200,337.25,338.25,336.75,338.25
1755783000,338.25,338.25,337.25,337.75
1755784800,337.75,338.75,337.5,337.75
1755786600,338,338.25,337,337.25
1755788400,337,337,337,337
1755844200,337.5,337.5,337.5,337.5
1755846000,337.25,339,335.25,337.5
1755847800,337.5,338,337,337
1755849600,337,337.75,336.75,337.5
1755851400,337.5,338,337.25,337.25
1755853200,337.25,337.5,336.5,336.75
1755855000,336.75,337,336.25,336.5
1755856800,336.5,336.75,336,336.25
1755858600,336.25,336.5,336,336.25
1755860400,336,336.5,335.75,336
1755862200,335.75,336.75,335.5,336.25
1755864000,336.5,336.5,335.25,335.5
1755865800,335.5,335.75,334,334.25
1755867600,334.25,335.25,334,334.5
1755869400,334.5,335.25,334,334.25
1755871200,334.5,336.5,334.25,335
1755873000,334.75,337.75,334.75,337.5
1755874800,337.5,337.5,337.5,337.5
1756103400,338.25,338.25,338.25,338.25
1756105200,338.5,339.75,337,338
1756107000,338,338.25,337.25,337.75
1756108800,337.75,338,336.25,337.5
1756110600,337.5,338.5,337.25,338.25
1756112400,338.25,340.5,338,338.5
1756114200,338.75,338.75,337.75,338
1756116000,338,339,337.75,339
1756117800,338.75,340.5,338.5,340
1756119600,340.25,341.25,339.5,339.75
1756121400,339.75,340.25,338.75,339
1756123200,339,340,339,339.5
1756125000,339.5,339.5,338.25,338.75
1756126800,338.5,339.5,338.25,339
1756128600,339.25,339.25,338.25,338.75
1756130400,338.75,339,338.25,338.5
1756132200,338.25,339,338.25,338.25
1756134000,338.25,338.25,338.25,338.25
1756189800,338.75,338.75,338.75,338.75
1756191600,338.5,340.5,337.75,339.25
1756193400,339.25,342.5,339,340.25
1756195200,340.5,346.25,340.25,344.25
1756197000,344,344.25,342.75,343.5
1756198800,343.25,343.5,342.5,343.25
1756200600,343,343.5,342.5,342.5
1756202400,342.5,343.25,342.25,343
1756204200,343,343.75,342.75,343
1756206000,342.75,343.25,342.5,342.75
1756207800,343,343,342.5,342.75
1756209600,342.75,343,342.5,342.75
1756211400,342.75,343.25,342,342.25
1756213200,342.25,343.75,342.25,343.25
1756215000,343.5,344.25,343,343.5
1756216800,343.5,344.5,343.25,343.5
1756218600,343.5,344,342.5,343.5
1756220400,343.5,343.5,343.5,343.5
1756276200,345,345,345,345
1756278000,345.25,346,342.5,342.75
1756279800,342.75,343.25,342,343
1756281600,342.75,343.5,341.75,342.25
1756283400,342,342.75,341.5,342
1756285200,342.25,342.75,341.75,342
1756287000,342.25,343,341.75,342.5
1756288800,342.25,343.25,342,343
1756290600,343,343.5,342.5,343
1756292400,343,343.25,342.75,342.75
1756294200,342.75,343,341.5,341.75
1756296000,342,342,341.5,341.75
1756297800,341.75,342.5,341,341.5
1756299600,341.5,343.25,341.25,342.75
1756301400,342.5,343.25,342.25,342.75
1756303200,343,343,342,342
1756305000,342.25,342.25,338.5,339
1756306800,338.75,338.75,338.75,338.75
1756362600,339,339,339,339
1756364400,339,341.25,337.75,341
1756366200,341,344.25,341,342.25
1756368000,342,343.75,342,343.25
1756369800,343,343.25,342,342.75
1756371600,343,343.25,342.75,343
1756373400,343.25,343.5,342.75,343
1756375200,343,343.5,342.75,343
1756377000,343.25,343.25,342.75,342.75
1756378800,342.75,343,342.25,342.75
1756380600,342.5,342.75,340.75,341
1756382400,341,341.25,339.5,340
1756384200,340,341.25,339.75,340.75
1756386000,340.5,341.5,340.5,341
1756387800,341,341,339.75,340
1756389600,340,340.5,339.75,340.25
1756391400,340,340.75,338.75,340
1756393200,340,340,340,340
1756449000,340.25,340.25,340.25,340.25
1756450800,340.25,340.5,338,338.5
1756452600,338.5,339.5,337.75,339
1756454400,339,339.75,339,339.75
1756456200,339.75,340,338.5,338.5
1756458000,338.5,339.25,338.5,339
1756459800,339,339.75,338.75,339.5
1756461600,339.5,339.5,338.5,338.75
1756463400,338.5,339,338.5,338.5
1756465200,338.5,339,338.25,338.5
1756467000,338.75,338.75,338.25,338.5
1756468800,338.5,338.75,338.25,338.5
1756470600,338.5,339.75,338.25,339.25
1756472400,339.25,339.25,338.5,339
1756474200,339.25,339.5,338,338
1756476000,338.25,338.5,335,335.25
1756477800,335.25,335.25,333.75,335
1756479600,335.25,335.25,335,335
1756708200,335,335,335,335
1756710000,335,340,334.75,340
1756711800,339.75,340.25,337.5,338
1756713600,337.75,338,336,336.25
1756715400,336.5,337.25,336.25,336.75
1756717200,336.75,337,336,336.75
1756719000,336.5,337.25,336.25,337
1756720800,337.25,338,337,338
1756722600,337.75,338.25,337,338
1756724400,338.25,338.75,337.75,338
1756726200,338,338.25,337.25,337.75
1756728000,338,338.5,337.5,337.75
1756729800,338,338,337,337.75
1756731600,337.5,338,337,337.25
1756733400,337.25,338,337,337.5
1756735200,337.25,337.75,336.75,337.5
1756737000,337.5,337.75,336.25,337.25
1756738800,337.5,337.5,337.5,337.5
1756794600,335.5,335.5,335.5,335.5
1756796400,335.25,336,334,335
1756798200,334.75,335.75,334.25,334.5
1756800000,334.75,335,333.75,335
1756801800,334.75,335.25,334.5,334.75
1756803600,334.5,335,333.75,333.75
1756805400,334,334,333.25,333.75
1756807200,333.75,334.25,333.5,334
1756809000,334,334,333.25,333.5
1756810800,333.75,335.25,333.5,335
1756812600,335,335.5,334.5,335
1756814400,335,335.75,334.75,335
1756816200,335.25,335.5,321,321
1756818000,321,323.5,316.5,321.75
1756819800,321.75,327,321.25,325.75
1756821600,325.75,329.5,324.5,326
1756823400,325.75,328.5,325.5,326.5
1756825200,327,327.5,327,327.5
1756881000,326.25,326.25,326.25,326.25
1756882800,326,326.75,321,323.75
1756884600,324,324,321.25,322.25
1756886400,322.25,322.5,319.5,321.25
1756888200,321,323.25,320.75,323
1756890000,323,324.75,322,324.25
1756891800,324,325.5,323.25,325
1756893600,325,325.75,323.5,324.75
1756895400,325,326.5,324.25,325.25
1756897200,325.25,325.25,324,324.75
1756899000,324.75,325.75,323.75,325.25
1756900800,325.25,325.25,324.25,324.75
1756902600,324.75,327,323.75,326.5
1756904400,326.5,330,326,329
1756906200,329,333.25,328.75,331.25
1756908000,331.25,331.5,327.5,329.25
1756909800,329.25,330,327.5,329.25
1756911600,329.25,329.25,329.25,329.25
1756967400,329.5,329.5,329.5,329.5
1756969200,329.5,334,329.25,331
1756971000,330.75,331.5,328.5,329.75
1756972800,329.5,331.25,329.5,330.75
1756974600,330.5,330.75,329.25,329.75
1756976400,329.75,330.75,328,328.25
1756978200,328,328.5,326.25,326.5
1756980000,326.75,327.5,325.5,326.25
1756981800,326.25,327,325.75,326.25
1756983600,326.25,326.25,324,324
1756985400,324,324.5,322,322.5
1756987200,322.5,323.5,321.75,322.25
1756989000,322,323.25,321.25,323
1756990800,323,323.25,321.5,322
1756992600,322,322.5,321.25,321.75
1756994400,321.75,323.25,321.25,323
1756996200,323,323.75,321.5,322
1756998000,322.5,322.5,322.5,322.5
1757053800,324,324,324,324
1757055600,324,325.5,322.5,323.75
1757057400,324,324.25,321.5,323
1757059200,322.75,323.25,322.25,323
1757061000,322.75,323.75,322.5,323.5
1757062800,323.75,323.75,321.75,322.5
1757064600,322.25,322.5,320.75,321.5
1757066400,321.75,322.5,321.25,322.25
1757068200,322,322.25,320,320.75
1757070000,320.75,321.25,320.25,320.75
1757071800,320.75,321.5,320.5,320.75
1757073600,320.75,322,320.75,322
1757075400,322,322.25,321,321.75
1757077200,322,323.75,321.75,322.5
1757079000,322.75,327.5,321.75,324.75
1757080800,324.5,325.75,321,321.25
1757082600,321.25,321.5,319,320
1757084400,319.75,319.75,319.5,319.5
1757313000,313.25,313.25,313.25,313.25
1757314800,313,314.25,311.25,312.5
1757316600,312.5,314.25,312.25,313.25
1757318400,313.25,315.5,313.25,313.75
1757320200,313.75,314.25,312.5,312.75
1757322000,312.75,313,312.25,312.25
1757323800,312.25,312.5,312,312
1757325600,312,312.5,311.25,311.5
1757327400,311.25,312.5,310,310.5
1757329200,310.5,311.25,309.75,310.5
1757331000,310.5,311.25,309.5,309.75
1757332800,310,310.5,309.5,310
1757334600,310,310,308.75,309.25
1757336400,309.25,309.25,308.25,308.5
1757338200,308.5,308.75,307.5,307.75
1757340000,307.75,309.5,307.5,309
1757341800,309,309.25,307.75,308
1757343600,309,309,309,309
1757399400,310.75,310.75,310.75,310.75
1757401200,310.75,316,310.5,315.5
1757403000,315.75,317.75,315,315.5
1757404800,315.75,316.25,314.5,315
1757406600,314.75,315.75,314,314.25
1757408400,314.25,315.5,314.25,315.25
1757410200,315.5,316.25,315,315.75
1757412000,315.5,317.5,315.5,317.25
1757413800,317.25,318.25,316.75,317.75
1757415600,317.75,318,317.25,317.5
1757417400,317.5,318.5,317.25,318.25
1757419200,318,320.75,318,320
1757421000,320,320.5,319,320
1757422800,320,320,316.5,318
1757424600,317.75,318,314,316.75
1757426400,316.75,317.75,315.75,316
1757428200,316,316.5,314.5,316.25
1757430000,316.75,316.75,316.75,316.75
1757485800,318.25,318.25,318.25,318.25
1757487600,318.25,318.5,315,315.75
1757489400,316,316.25,315.25,315.75
1757491200,315.75,316.25,314.25,314.75
1757493000,314.75,315,312.75,312.75
1757494800,312.75,313.75,312.75,313.75
1757496600,313.75,315.5,313.25,315
1757498400,315,315.25,313.75,314.25
1757500200,314,314.25,313.75,314.25
1757502000,314.25,314.75,313.5,314
1757503800,314,314.25,312.5,314
1757505600,313.75,316.75,313.75,316.5
1757507400,316.75,317.25,315.5,316
1757509200,316,319.5,316,319.5
1757511000,319.5,321.5,319.25,319.75
1757512800,320,320.5,319.25,320.5
1757514600,320.25,322.75,320,322.75
1757516400,322.5,322.5,322.5,322.5
1757572200,323.25,323.25,323.25,323.25
1757574000,323.25,323.5,321,321.75
1757575800,322,323.75,321.75,323.25
1757577600,323,323.25,322,322.5
1757579400,322.25,322.75,322.25,322.25
1757581200,322.25,322.5,321.5,321.75
1757583000,321.75,322.25,321.75,321.75
1757584800,321.75,324.75,321.75,324
1757586600,324,324.25,322.75,323.25
1757588400,323.25,324.25,322,322
1757590200,322,322,318.75,320
1757592000,319.75,320.75,319.25,319.5
1757593800,319.5,320.25,318.75,319.25
1757595600,319.5,320,318.25,319.25
1757597400,319.25,319.5,318,318.5
1757599200,318.5,319.25,314.75,315.75
1757601000,315.75,316.75,314.5,316
1757602800,316,316,316,316
1757658600,315.25,315.25,315.25,315.25
1757660400,315,316.25,312.25,314.25
1757662200,314.25,316.5,313.5,315.25
1757664000,315.5,316,314.5,314.5
1757665800,314.5,315.25,314.25,314.5
1757667600,314.5,314.75,313,313
1757669400,313,313.5,312.75,313.25
1757671200,313,313.25,312,312
1757673000,312.25,314.25,312,313.5
1757674800,313.25,313.75,312,312.75
1757676600,312.5,313,312.25,312.75
1757678400,312.5,312.75,311,312
1757680200,311.75,313.5,311.75,312.5
1757682000,312.25,312.75,311.25,312
1757683800,312,313.25,311.75,312.25
1757685600,312,314.5,312,313.5
1757687400,313.75,315.75,312.25,312.75
1757689200,314,314,314,314
1757917800,313.25,313.25,313.25,313.25
1757919600,313,317.5,311.75,315.25
1757921400,315.25,315.75,314.25,315
1757923200,315,327,310.25,325.25
1757925000,325.5,326.25,323.75,324.25
1757926800,324.25,326,324.25,324.75
1757928600,324.5,325.25,323.75,324.25
1757930400,324,325,324,324.5
1757932200,324.25,324.75,324,324.25
1757934000,324.5,325.75,324.25,325.5
1757935800,325.5,328,325.25,327.5
1757937600,327.5,328.5,326.75,327.5
1757939400,327.25,330.25,327,329.25
1757941200,329,329.5,328.25,329
1757943000,329,329.25,328,328.75
1757944800,328.75,330.75,328.5,330.25
1757946600,330,332.5,330,331.25
1757948400,331.75,331.75,331.75,331.75
1758004200,331.5,331.5,331.5,331.5
1758006000,331.25,331.5,328.25,328.75
1758007800,328.75,329.5,327.25,327.5
1758009600,327.5,327.75,326.25,326.5
1758011400,326.75,327,326,326.25
1758013200,326,326.25,325.25,325.5
1758015000,325.5,326.25,325,325.5
1758016800,325.75,326.5,325.5,325.75
1758018600,325.5,326.75,325.5,326.5
1758020400,326.25,326.75,325.5,326
1758022200,326.25,326.5,325.5,326.25
1758024000,326,328.5,326,328.5
1758025800,328.25,329,327.25,328.75
1758027600,328.75,329,328,328.75
1758029400,328.75,328.75,327.25,328.25
1758031200,328.25,328.25,327.25,327.5
1758033000,327.25,328.75,327.25,328
1758034800,327,327,327,327
1758090600,327,327,327,327
1758092400,327,327.25,323,324.25
1758094200,324.5,324.5,323.25,323.75
1758096000,323.75,324,322.5,323
1758097800,323,323.25,322.5,323
1758099600,323,323.25,322.5,322.75
1758101400,322.75,323.25,322.5,322.5
1758103200,322.5,323,322.5,322.5
1758105000,322.5,322.75,321.25,321.75
1758106800,322,322.75,321.75,322.5
1758108600,322.75,323,321.75,322
1758110400,322,322.5,321.75,322
1758112200,322,323,321.75,322.5
1758114000,322.75,324.25,322.5,323
1758115800,323,324,322.25,322.5
1758117600,322.75,323,322.25,322.25
1758119400,322.25,322.5,321.25,321.5
1758121200,321.5,321.5,321.5,321.5
1758177000,323,323,323,323
1758178800,323.25,325.5,322.25,324.5
1758180600,324.5,325.25,324.25,325
1758182400,325,325,324.5,324.5
1758184200,324.5,324.75,324,324.5
1758186000,324.5,325.5,324.5,325
1758187800,324.75,326,324.75,325.5
1758189600,325.5,326,325.25,325.75
1758191400,325.5,325.75,324.75,324.75
1758193200,324.75,325.25,324.25,324.5
1758195000,324.5,324.75,323.75,324
1758196800,324,324.25,323.25,323.5
1758198600,323.5,324,323.25,323.75
1758200400,323.75,323.75,321.5,322.25
1758202200,322.25,322.5,319,319.75
1758204000,319.5,320.75,319,320.25
1758205800,320.25,320.5,317,318
1758207600,318,318,317.75,317.75
1758263400,319,319,319,319
1758265200,318.75,319.5,318,318.75
1758267000,318.75,319,318.25,318.75
1758268800,318.75,318.75,317.5,318
1758270600,318,318.75,317.75,318.25
1758272400,318.5,318.75,316.75,317
1758274200,317,318,316.5,317
1758276000,317,318,316.25,317
1758277800,317,317.5,316.75,317
1758279600,317.25,317.5,316.75,317.25
1758281400,317.25,317.25,316.5,317
1758283200,317,318.25,316.75,317.25
1758285000,317.25,321.5,313.25,321.25
1758286800,321.25,322,317.25,318.25
1758288600,318.25,319,317.75,318
1758290400,318,318.75,316,316.5
1758292200,316.5,319,316.25,318.75
1758294000,319.75,319.75,319.75,319.75
1758522600,327.5,327.5,327.5,327.5
1758524400,327.5,329,324.5,325.5
1758526200,325.5,327,325.25,326.5
1758528000,326.75,326.75,325.5,325.75
1758529800,325.75,326.25,325.25,326.25
1758531600,326,326.5,325.75,326.25
1758533400,326.25,328.5,326,327.25
1758535200,327,328,327,327.25
1758537000,327.25,328.5,326.5,328
1758538800,327.75,328.5,327,327.75
1758540600,328,328,326.25,327.25
1758542400,327.25,327.75,326.5,327
1758544200,326.75,328.25,326.25,328.25
1758546000,328.25,330.25,327.5,328.75
1758547800,328.75,329,327.5,327.75
1758549600,327.75,328,327,327.5
1758551400,327.25,328,326.5,326.75
1758553200,326,326,326,326
1758609000,323,323,323,323
1758610800,322.75,324,320,323.25
1758612600,323,323.25,322.25,323.25
1758614400,323,326,322.75,325.25
1758616200,325.25,327.5,324.25,326
1758618000,325.75,326,323.75,324.5
1758619800,324.5,325.5,323.25,324.75
1758621600,324.5,326.25,324.5,325.25
1758623400,325.25,327.25,325,326.5
1758625200,326.75,327,324.5,324.75
1758627000,324.75,325,324,324.75
1758628800,324.5,325,323.5,324.75
1758630600,324.5,325,323.25,324
1758632400,324,324,322.75,323.25
1758634200,323.25,324.75,323,324.25
1758636000,324.25,324.75,323.5,323.75
1758637800,323.5,326,323.5,324.75
1758639600,324.75,324.75,324.75,324.75
1758695400,326,326,326,326
1758697200,325.75,326,323,324.25
1758699000,324.25,324.25,323,323.5
1758700800,323.75,324,317.75,320.5
1758702600,320.5,322.25,320,321.75
1758704400,321.75,322.5,320.75,322
1758706200,321.75,323.25,321.75,323
1758708000,323,325,322.25,324.5
1758709800,324.75,327.5,324.5,325.75
1758711600,326,326.25,323.25,323.75
1758713400,323.5,324.5,322.5,324
1758715200,324,324.5,323.25,323.75
1758717000,323.5,324,323.25,323.75
1758718800,324,324,322.5,323.75
1758720600,323.5,325.5,323.5,325
1758722400,325,325,323,323.75
1758724200,324,325,323.5,323.75
1758726000,323.75,324,323.75,324
1758781800,325.5,325.5,325.5,325.5
1758783600,325.5,332.5,325.5,330
1758785400,330,330.5,329.25,329.25
1758787200,329.5,329.5,328.5,329
1758789000,329,329.75,328.5,329.5
1758790800,329.5,330.75,329,330
1758792600,330.25,330.75,328.25,328.75
1758794400,329,330.25,328.5,329.5
1758796200,329.5,330,328.75,329.75
1758798000,329.75,329.75,328.25,328.5
1758799800,328.25,328.75,327.5,327.75
1758801600,327.75,328.25,327.5,328
1758803400,328,328.5,327.5,328
1758805200,328,330.5,327.75,329.75
1758807000,330,330,328.75,329.25
1758808800,329.25,329.75,328.25,329
1758810600,329,329.75,328,328.25
1758812400,328.25,328.25,328.25,328.25
1758868200,329.25,329.25,329.25,329.25
1758870000,329.25,329.5,326.5,328.75
1758871800,328.75,328.75,324.25,324.25
1758873600,324.25,324.75,323,323.5
1758875400,323.5,323.75,320.5,320.75
1758877200,320.75,323,320,322.5
1758879000,322.5,324,322.25,323.75
1758880800,323.5,324.5,323.25,324.25
1758882600,324.25,325,323.5,324.75
1758884400,324.75,325,323,323.75
1758886200,323.5,324,321.5,322
1758888000,321.75,322.5,320.5,322.25
1758889800,322.25,324.5,321.5,322.5
1758891600,322.25,322.75,320.5,321
1758893400,321,322.5,319.25,322
1758895200,321.75,322,320,321
1758897000,321.25,321.25,319.5,319.75
1758898800,319.75,319.75,319.75,319.75
1759127400,318,318,318,318
1759129200,318,319,316.5,318.75
1759131000,318.75,321.5,318.5,321.25
1759132800,321.5,321.5,319.5,320
1759134600,320,320.75,319.5,320.75
1759136400,320.5,322.25,320.25,322.25
1759138200,322.25,324.5,322,323.5
1759140000,323.5,324.5,322.25,322.5
1759141800,322.5,323.25,322.25,322.75
1759143600,322.5,323.5,321.5,321.75
1759145400,321.75,323,321.5,323
1759147200,323,323,321.25,321.5
1759149000,321.5,322.25,321,322
1759150800,322,322,318.75,320
1759152600,319.75,320.5,319,320
1759154400,319.75,320.25,318.75,320
1759156200,320.25,320.25,317.25,318.5
1759158000,319.25,319.25,319.25,319.25
1759213800,321.25,321.25,321.25,321.25
1759215600,321.25,322.75,319.5,322
1759217400,322.25,323,321.5,322.5
1759219200,322.5,323.75,322,322
1759221000,322.25,322.25,318.75,319
1759222800,318.75,320.5,317.75,320
1759224600,320,321,318.5,319.25
1759226400,319.5,320,318.75,319.5
1759228200,319.25,319.5,318,318.75
1759230000,318.5,319.25,318.5,319
1759231800,319,319.25,318.5,318.75
1759233600,319,319,317.25,318.25
1759235400,318,318.25,316.5,317
1759237200,317,317.5,316.5,316.75
1759239000,316.5,317.75,316,317.25
1759240800,317,318.25,315.25,316.5
1759242600,316.5,316.5,314,314.5
1759244400,314.25,315,314.25,315
1759300200,315.5,315.5,315.5,315.5
1759302000,315.5,315.75,312.5,314.75
1759303800,314.5,314.75,312.25,313.25
1759305600,313.5,313.75,312.25,312.25
1759307400,312.5,312.75,311.75,312.25
1759309200,312.5,314,312,313.75
1759311000,313.75,314,313.25,313.25
1759312800,313.5,313.5,312.5,312.75
1759314600,312.75,313,312.25,312.75
1759316400,313,313.5,311.75,313.25
1759318200,313,315.75,313,314.25
1759320000,314.25,316.75,314,316.75
1759321800,316.75,318.75,316,316.25
1759323600,316.25,318,315.25,316.75
1759325400,317,317.25,315.5,315.75
1759327200,315.75,316.25,315.5,316.25
1759329000,316.25,316.5,314.75,315.75
1759330800,315.75,315.75,315.75,315.75
1759386600,315.75,315.75,315.75,315.75
1759388400,315.5,318.5,314.5,317.5
1759390200,317.5,317.75,316.25,316.5
1759392000,316.5,316.75,315.75,315.75
1759393800,316,317.25,315.5,317
1759395600,317,317.25,315,315.25
1759397400,315.25,316.75,314.5,315.25
1759399200,315.25,316.25,314.5,315.5
1759401000,315.25,316.25,315.25,316
1759402800,315.75,317,315.75,316.25
1759404600,316.25,317.25,315,315.5
1759406400,315.25,316.25,315,315.5
1759408200,315.75,316,314.5,315.25
1759410000,315,315.75,314.5,315.5
1759411800,315.75,316.5,314.75,315
1759413600,315.25,315.5,314.5,315
1759415400,315,316,314.5,315.75
1759417200,315,315,315,315
1759473000,316,316,316,316
1759474800,316,317,313.5,315.5
1759476600,315.5,317.25,314.75,314.75
1759478400,314.75,315.25,311.25,312
1759480200,312.25,313.5,311.5,312.75
1759482000,313,313.25,312,312.5
1759483800,312.25,313,312,313
1759485600,312.75,313.25,311.25,311.5
1759487400,311.5,312,311.25,311.75
1759489200,311.75,312,310.75,311.75
1759491000,312,312.25,311.5,312
1759492800,311.75,312.75,311.5,312.25
1759494600,312.25,313,311.5,312.5
1759496400,312.5,312.5,311.25,312.25
1759498200,312.25,313.5,312,312.5
1759500000,312.5,312.75,312,312.5
1759501800,312.25,312.5,311,311.5
1759503600,311,311,311,311
1759732200,312.5,312.5,312.5,312.5
1759734000,312.5,317,312.25,316
1759735800,315.75,317,315.5,316
1759737600,316.25,316.5,314.5,315
1759739400,315,315.5,314,314.25
1759741200,314,315.5,314,315
1759743000,314.75,315,313,313.75
1759744800,313.5,313.75,312.75,313.25
1759746600,313,313.25,312.25,312.5
1759748400,312.25,312.25,310.75,311
1759750200,311,311,308.75,309
1759752000,308.75,309.75,308.25,309.5
1759753800,309.5,310,309,309.25
1759755600,309.5,309.75,307.5,308
1759757400,307.75,308.25,304.75,307.25
1759759200,307.25,307.5,305.75,307.25
1759761000,307.25,307.25,304,305.5
1759762800,305.25,305.5,305.25,305.5
1759818600,306.25,306.25,306.25,306.25
1759820400,306,308.75,305.5,308.25
1759822200,308.25,308.25,307.25,307.5
1759824000,307.5,309.25,307.25,308.5
1759825800,308.75,309.5,308.25,309
1759827600,308.75,309.5,308.5,309.5
1759829400,309.5,310.75,309,310.25
1759831200,310.25,312.25,310,310.75
1759833000,310.75,311.5,310.75,311.5
1759834800,311.25,311.5,310.75,311.5
1759836600,311.5,311.5,310.75,311
1759838400,311,311.75,310.5,311
1759840200,310.75,311.25,309.75,311
1759842000,311,312.75,311,311.75
1759843800,311.75,313.5,310.5,313
1759845600,313,313.5,311.25,312.5
1759847400,312.5,314.5,312.25,313.75
1759849200,313.75,313.75,313.75,313.75
1759905000,313.5,313.5,313.5,313.5
1759906800,313.5,316.5,312.5,316.25
1759908600,316.5,316.75,313.75,316
1759910400,316,316.5,314.75,315.25
1759912200,315.5,315.5,313.25,313.5
1759914000,313.75,315,313.25,313.5
1759915800,313.5,314.5,313,313.75
1759917600,313.75,313.75,312.75,313.5
1759919400,313.25,314.75,312.75,314.5
1759921200,314.75,315.25,314,314
1759923000,314.25,315.75,313.75,314.75
1759924800,314.75,315,312,312.75
1759926600,312.75,313.5,309.5,310.25
1759928400,310.5,310.75,308.75,309
1759930200,309,310,307.5,310
1759932000,310,310.5,309.25,310
1759933800,310,310.5,309.25,310.25
1759935600,310.25,310.25,310.25,310.25
1759991400,316.75,316.75,316.75,316.75
1759993200,316.75,318.25,315.5,316.75
1759995000,316.75,317,314.25,314.75
1759996800,314.5,315.5,314.25,315
1759998600,315,315.25,314.25,315.25
1760000400,315.25,315.75,314.5,315.5
1760002200,315.5,315.75,314.75,315.5
1760004000,315.25,316.25,314.75,314.75
1760005800,315,315,313.75,314
1760007600,314,314.25,312,313.75
1760009400,313.75,314.5,312.75,313.25
1760011200,313.25,313.75,312.25,312.25
1760013000,312.5,312.75,311.25,312.5
1760014800,312.5,314.75,312,314
1760016600,314,314.25,312.5,314
1760018400,314.25,315.25,313.25,313.75
1760020200,313.5,313.5,310.75,312.75
1760022000,312.75,312.75,312.5,312.5
1760077800,313.25,313.25,313.25,313.25
1760079600,313,314.75,311.75,314.5
1760081400,314.5,317.25,314.5,316.75
1760083200,317,317.75,316.25,316.25
1760085000,316.5,316.5,315,315.5
1760086800,315.25,316.25,315.25,315.75
1760088600,315.5,315.75,314.25,314.25
1760090400,314.5,315.25,314,315
1760092200,315,315,313.75,314
1760094000,313.75,314.25,312.75,312.75
1760095800,312.75,313.5,312.5,313.25
1760097600,313,313.75,312.25,312.75
1760099400,312.75,312.75,310.75,311.25
1760101200,311.5,313.25,311,312.5
1760103000,312.5,313.25,312,313.25
1760104800,313,314,312.75,313.5
1760106600,313.5,314.5,313,313.75
1760108400,313.75,313.75,313.75,313.75
1760337000,309.5,309.5,309.5,309.5
1760338800,309.5,311.5,309.25,311
1760340600,311,311.25,309.5,310.25
1760342400,310,311,309.25,311
1760344200,310.75,312.25,310.75,311
1760346000,311.25,311.75,310,311.5
1760347800,311.5,311.75,310.75,311
1760349600,311,312,311,311.75
1760351400,311.5,311.75,311.25,311.5
1760353200,311.5,311.75,310.75,311
1760355000,311,311.5,310.75,310.75
1760356800,310.75,311.25,310.25,311
1760358600,311,311.75,310.75,311
1760360400,310.75,311.25,308,309.25
1760362200,309.25,310,308.75,309.25
1760364000,309.25,309.75,308.25,309.25
1760365800,309.25,309.75,307.75,308.5
1760367600,309,309,309,309
1760423400,309.25,309.25,309.25,309.25
1760425200,309.25,310.25,308,308
1760427000,308,309,307.25,308.25
1760428800,308.5,309.5,308.25,309.25
1760430600,309,309.5,308.5,309
1760432400,309,309.25,307.75,308
1760434200,307.75,310,307.75,309
1760436000,309,309.25,307.75,308
1760437800,308,308.25,307.5,308
1760439600,308,308.5,307.5,308.5
1760441400,308.5,309,307.75,308.75
1760443200,308.75,309.75,308.5,309.25
1760445000,309.25,310.25,308.75,309.25
1760446800,309.25,309.5,306.5,307.25
1760448600,307.25,307.5,304.75,305
1760450400,305,305.5,302.25,302.5
1760452200,302.5,302.75,300.25,302
1760454000,302,302,302,302
1760509800,302.75,302.75,302.75,302.75
1760511600,302.75,306.25,302.75,304.5
1760513400,304.5,304.75,302.75,303
1760515200,302.75,304,301.5,302.75
1760517000,302.75,303,301.5,301.75
1760518800,301.75,303.25,301,303
1760520600,303,303.5,302.25,302.25
1760522400,302.5,303,302,302.25
1760524200,302.25,305,301.75,302.5
1760526000,302.5,302.75,300.75,301.5
1760527800,301.5,301.5,300.75,301
1760529600,301.25,302,298,299.25
1760531400,299.5,303.25,298.75,301.75
1760533200,301.75,302.75,300.5,301
1760535000,301,301.5,299.5,300
1760536800,300.25,301.25,299,300
1760538600,300,301,299.25,301
1760540400,300.75,300.75,300.75,300.75
1760596200,299.25,299.25,299.25,299.25
1760598000,299.25,302,299,300.5
1760599800,300.5,300.75,299.25,300
1760601600,299.75,300.25,299.5,300
1760603400,300.25,300.75,299.5,299.75
1760605200,299.75,300.25,299.5,299.75
1760607000,299.75,300,299.5,299.75
1760608800,299.75,300,299.75,300
1760610600,300,300,299.75,300
1760612400,299.75,300,299,299.25
1760614200,299.5,299.5,297.25,297.5
1760616000,297.5,298.25,296.5,298
1760617800,298,298.25,297,297.5
1760619600,297.5,297.75,297,297.25
1760621400,297.25,297.25,295.75,296.5
1760623200,296.5,297,295.5,296.25
1760625000,296.5,296.5,295.5,295.75
1760626800,296,296,296,296
1760682600,295,295,295,295
1760684400,294.75,296,293.75,294.25
1760686200,294.25,294.5,288.75,289.5
1760688000,289.5,290.25,287.75,289.25
1760689800,289.25,289.5,288,288.75
1760691600,288.75,288.75,288.25,288.5
1760693400,288.5,289.75,288.25,289.5
1760695200,289.5,289.5,289.25,289.25
1760697000,289.5,289.5,288.75,289.5
1760698800,289.5,291,289.25,290.75
1760700600,290.75,292.25,290.25,291.75
1760702400,291.75,293,291.75,292
1760704200,292.25,293.75,292,292.75
1760706000,292.75,293.5,291.75,293
1760707800,293,294.5,292.5,294
1760709600,294,294.25,291,291
1760711400,291,292.25,290.25,291.75
1760713200,292,292,292,292
1760941800,293.25,293.25,293.25,293.25
1760943600,293.25,294.75,291.25,291.5
1760945400,291.5,292.5,290,292.5
1760947200,292.5,292.75,291.5,292
1760949000,292,293.5,291.25,292.75
1760950800,293,296.25,292.75,294.25
1760952600,294.25,295.5,293.5,293.5
1760954400,293.5,294.75,293.5,294
1760956200,294,294.75,293.75,294
1760958000,293.75,294.5,293.5,294.5
1760959800,294.5,295.5,294.25,295.25
1760961600,295.25,296,294.75,296
1760963400,296,296.25,295.5,296
1760965200,296,296.25,295.75,296.25
1760967000,296,299,295.75,298.75
1760968800,299,300.25,298.25,298.75
1760970600,299,299.25,298,298.5
1760972400,297.75,297.75,297.75,297.75
1761028200,298.5,298.5,298.5,298.5
1761030000,298.5,298.75,296,296.5
1761031800,296.75,296.75,295.25,295.75
1761033600,295.75,296,294.5,295
1761035400,295,295.5,294.5,294.75
1761037200,294.5,295,294,294
1761039000,294,294.25,293.5,294
1761040800,293.75,294.75,293.5,294
1761042600,293.75,294.25,293.5,293.75
1761044400,293.75,294,293,293.75
1761046200,293.75,294.25,293.5,293.75
1761048000,293.75,294.5,293.25,293.75
1761049800,293.5,294,293.25,293.5
1761051600,293.5,295,293.25,294.5
1761053400,294.5,295,293.25,293.5
1761055200,293.5,295.5,293,295
1761057000,294.75,295,293.5,294
1761058800,294,294.5,294,294.5
1761114600,295.5,295.5,295.5,295.5
1761116400,295.5,295.75,294,295.75
1761118200,295.75,296,294.5,296
1761120000,296,296,294.5,295.25
1761121800,295.5,295.5,293.5,294.25
1761123600,294.25,294.25,292.25,292.75
1761125400,293,293.5,291.25,291.5
1761127200,291.5,292,291,291.75
1761129000,291.5,292.25,291.5,292
1761130800,292,292,290.75,291.25
1761132600,291,291.5,290.75,291
1761134400,291,291.25,290,290.75
1761136200,290.75,291.25,289,289.75
1761138000,289.5,289.5,287,288
1761139800,288,289.75,287.75,289.5
1761141600,289.5,291.25,289,290
1761143400,290,290.25,288.5,288.75
1761145200,288,288,288,288
1761201000,288.5,288.5,288.5,288.5
1761202800,288.5,289.5,288,288.75
1761204600,288.5,289.5,288.25,288.75
1761206400,289,289.5,288.5,288.75
1761208200,288.75,289.25,288.25,288.75
1761210000,288.75,289.25,288.25,289
1761211800,288.75,289,286.5,288
1761213600,288,288.5,287.5,288.5
1761215400,288.5,288.75,287.5,288
1761217200,288,290.25,286,288.5
1761219000,288.5,289.25,288,289
1761220800,289,289.25,286.75,287.25
1761222600,287.25,287.5,286.5,287
1761224400,287,287.25,286,287
1761226200,287,287.25,285,285.25
1761228000,285.25,286,284.5,285
1761229800,284.75,285.25,283.75,284
1761231600,284,284.25,284,284.25
1761287400,287,287,287,287
1761289200,287.25,290.75,287.25,290.5
1761291000,290.5,292.25,290.25,291.25
1761292800,291.25,301.75,291,299
1761294600,299.25,302.25,299,299.75
1761296400,300,301,298.75,299.75
1761298200,300,300,298.5,299.25
1761300000,299.5,299.75,298.25,299.75
1761301800,299.75,300,298.25,298.75
1761303600,299,299.25,297,297
1761305400,297.25,297.5,296.25,296.25
1761307200,296.5,297.25,296.25,296.75
1761309000,296.75,298,296.25,297.75
1761310800,298,298.5,297.25,297.75
1761312600,297.75,298.5,297.5,297.75
1761314400,297.75,298.25,297,297.5
1761316200,297.75,297.75,296.5,297.25
1761318000,297,297,297,297
1761546600,297,297,297,297
1761548400,297,298.5,295.25,295.25
1761550200,295.25,296.75,294.5,295.25
1761552000,295.25,295.5,294.5,295.5
1761553800,295.5,295.75,295,295.25
1761555600,295.25,295.5,294.5,294.75
1761557400,295,295,293.5,294
1761559200,294,294.25,293.25,294.25
1761561000,294.25,295,293.75,294.75
1761562800,294.5,295,294.25,294.5
1761564600,294.5,295.5,293,294.5
1761566400,294.5,295,293.25,294.5
1761568200,294.5,294.75,294,294.25
1761570000,294.25,294.5,293.75,294.25
1761571800,294,295,293.75,294.5
1761573600,294.5,295.5,294.25,295
1761575400,295,295.25,294,294.75
1761577200,294.5,295,294.5,295
1761633000,294.75,294.75,294.75,294.75
1761634800,294.75,295.25,293.75,294.25
1761636600,294.5,295.25,294.25,295.25
1761638400,295.25,295.75,295,295.25
1761640200,295.25,295.25,293.75,294
1761642000,294,294.25,292.25,292.5
1761643800,292,292,292,292
1761805800,292.75,292.75,292.75,292.75
1761807600,292.75,294.75,292.25,292.75
1761809400,292.5,293.25,292.5,293
1761811200,293,293.25,292.5,293
1761813000,292.75,293,292,292.25
1761814800,292.25,292.5,291.75,292.25
1761816600,292.25,292.25,291.75,292
1761818400,292,292,291.5,291.75
1761820200,291.75,292,291.25,291.75
1761822000,291.5,291.75,291.25,291.5
1761823800,291.25,291.75,290.75,291.5
1761825600,291.5,291.5,291,291.5
1761827400,291.5,291.5,291,291.25
1761829200,291,291.5,290.75,291.25
1761831000,291.5,291.5,290.75,291.25
1761832800,291.25,291.25,289.75,290
1761834600,289.75,290.75,289.5,290
1761836400,290,290,290,290
1761892200,290.25,290.25,290.25,290.25
1761894000,290.25,290.75,289,290
1761895800,290,290.25,289.5,290
1761897600,290,290.5,289.5,290.25
1761899400,290.25,290.75,289.75,290
1761901200,290,291.5,289.75,291.5
1761903000,291.5,293.25,291.5,292.75
1761904800,292.75,293,292.25,292.5
1761906600,292.25,292.75,292.25,292.5
1761908400,292.75,292.75,292.5,292.75
1761910200,292.75,292.75,292.5,292.5
1761912000,292.5,292.75,292,292.5
1761913800,292.5,292.5,291.5,291.75
1761915600,292,292.5,291.75,292
1761917400,292,292.25,291.75,292
1761919200,292,292.5,291.5,292
1761921000,292,292.25,291.25,292
1761922800,291.5,291.5,291.5,291.5
1762151400,293.25,293.25,293.25,293.25
1762153200,293.25,295.75,292.25,295
1762155000,295,295.25,293.75,293.75
1762156800,293.75,294.25,293.5,293.75
1762158600,293.75,293.75,293,293.5
1762160400,293.25,294,293.25,293.25
1762162200,293.5,294,293.25,293.75
1762164000,293.75,294,293.75,293.75
1762165800,293.75,294,293.5,294
1762167600,293.75,294,293.25,294
1762169400,294,294.5,293.75,294
1762171200,293.75,294.25,293.5,293.75
1762173000,293.75,294,293.5,293.5
1762174800,293.5,294.75,293.25,294.25
1762176600,294,294.25,293.25,293.5
1762178400,293.25,294,292.75,293.5
1762180200,293.5,294,293.5,293.75
1762182000,293.75,294,293.75,294
1762237800,294,294,294,294
1762239600,294,295,293.5,293.75
1762241400,294,295,293.5,294.75
1762243200,295,295,293.25,293.5
1762245000,293.5,293.75,292,292.25
1762246800,292,292.5,291.25,291.5
1762248600,291.25,291.75,291,291.5
1762250400,291.5,291.5,290.25,290.25
1762252200,290.5,290.75,290.25,290.5
1762254000,290.5,291,290.25,290.75
1762255800,291,291.25,290.5,290.75
1762257600,290.75,290.75,290,290.25
1762259400,290.5,290.5,289.5,290
1762261200,290,290.25,289.5,289.75
1762263000,289.75,289.75,288.75,289.25
1762264800,289.25,289.75,288.25,289
1762266600,289.25,289.5,288.5,289.25
1762268400,289.25,289.25,289,289
1762324200,289.5,289.5,289.5,289.5
1762326000,289.5,291,289,289.5
1762327800,289.5,289.5,288.25,288.75
1762329600,288.75,291.25,288.25,291.25
1762331400,291,292,290.75,291.25
1762333200,291,291.5,290,290.25
1762335000,290.25,290.5,289.25,289.75
1762336800,289.5,290,287.25,289.75
1762338600,289.5,290.5,289.5,290
1762340400,290,290,289.75,290
1762342200,290,290.5,289.75,290
1762344000,290,290,289.5,289.75
1762345800,289.75,290,289,290
1762347600,290,290.25,289.25,290
1762349400,290,290.25,289.75,290
1762351200,290,290.75,289,289.75
1762353000,289.75,290.25,289.25,289.75
1762354800,289.5,290,289.5,290
1762410600,291.75,291.75,291.75,291.75
1762412400,292,293.5,291.5,292.25
1762414200,292.25,292.5,291,291
1762416000,291,291.25,288.75,289
1762417800,289.25,289.25,288,288.75
1762419600,289,290,288.5,289.5
1762421400,289.75,289.75,289,289.75
1762423200,289.5,290,289.5,290
1762425000,290,290.75,289.75,290.5
1762426800,290.25,292.75,290.25,292.5
1762428600,292.75,292.75,291.5,291.75
1762430400,291.75,294.5,291.5,293.25
1762432200,293.5,293.5,292.5,292.75
1762434000,292.75,293,291.75,292
1762435800,291.75,293,291.75,293
1762437600,293,293.75,292.5,293.25
1762439400,293,293.75,292.75,293
1762441200,292.5,292.5,292.5,292.5
1762497000,296,296,296,296
1762498800,296,298.25,294,295.5
1762500600,295.25,295.5,292.75,293
1762502400,293,293,290.25,290.5
1762504200,290.25,290.5,289,289.25
1762506000,289,290.75,289,290
1762507800,290,290,289.25,290
1762509600,290,290,289.75,290
1762511400,290,290,289.5,290
1762513200,290,290.25,289.5,289.75
1762515000,289.75,289.75,289.25,289.5
1762516800,289.5,290,289,290
1762518600,290,290.25,289.5,289.75
1762520400,289.75,290,289.25,290
1762522200,290,290.75,289,289.25
1762524000,289.25,289.75,288,289.5
1762525800,289.5,289.5,288.75,289.25
1762527600,289.5,289.5,289.5,289.5
1762756200,291,291,291,291
1762758000,290.75,291.5,289.75,290.75
1762759800,290.5,291.5,290.5,291
1762761600,291,291.25,288,288
1762763400,288,288.5,287.5,287.75
1762765200,287.75,288,286.75,287.25
1762767000,287,287.5,287,287
1762768800,287,287.25,286,286.25
1762770600,286.5,286.5,285,285.5
1762772400,285.25,285.5,284.75,285
1762774200,285,285.5,284.5,285
1762776000,285.25,285.25,284.75,285
1762777800,285,285,283.25,283.5
1762779600,283.75,284,283,283.25
1762781400,283.25,284,283,283.75
1762783200,283.75,284,279.25,279.75
1762785000,279.75,280,278.5,279
1762786800,278.25,278.25,278.25,278.25
1762842600,278.25,278.25,278.25,278.25
1762844400,278.25,278.5,276,277.5
1762846200,277.5,279,276.75,278.5
1762848000,278.25,279,278.25,278.5
1762849800,278.5,280.5,278.25,279.75
1762851600,279.5,280.5,279.5,280.5
1762853400,280.5,281,280,280.25
1762855200,280.25,280.25,279.5,279.75
1762857000,279.75,280.75,279,279.5
1762858800,279.25,280.25,278.75,279.75
1762860600,279.75,280,278.75,279
1762862400,278.75,279.25,267,270
1762864200,270,276.25,266.5,275
1762866000,275,276.5,274,275
1762867800,275,276,274.25,275
1762869600,274.75,275.75,273.5,274.25
1762871400,274.25,274.5,273.25,273.5
1762873200,273,273,273,273
1762929000,275.25,275.25,275.25,275.25
1762930800,275,275.5,273.5,274
1762932600,274,275,273.75,274.25
1762934400,274.25,275.25,274,275
1762936200,274.75,275,273.25,273.5
1762938000,273.25,274,272.5,273
1762939800,273,273.25,272.75,273.25
1762941600,273.25,273.25,272.75,273
1762943400,273,273.25,272.75,273
1762945200,272.75,273,270.75,272
1762947000,272,272,269.5,269.75
1762948800,270,271.25,269.5,269.75
1762950600,269.75,270,268.75,269
1762952400,269,269.5,268.5,269.25
1762954200,269.5,269.5,268.5,269
1762956000,269,269.25,268.75,269
1762957800,268.75,269,268.25,268.5
1762959600,268.5,268.5,268,268
1763015400,269.25,269.25,269.25,269.25
1763017200,269.25,271.5,269.25,271
1763019000,271.25,271.25,270.25,270.75
1763020800,270.75,271,270,271
1763022600,270.75,273.5,270.75,273.25
1763024400,273.25,274.25,273,273
1763026200,273,273.5,272.5,273
1763028000,273,274,272.5,273.5
1763029800,273.75,274.5,273.5,273.5
1763031600,273.5,274,272.25,272.25
1763033400,272.5,273.25,272.25,273
1763035200,273,273,271.5,272.5
1763037000,272.75,273,272.25,272.25
1763038800,272.25,272.5,271,271.75
1763040600,271.75,272.25,271.5,271.5
1763042400,271.5,271.75,270,271
1763044200,271.25,271.5,270.75,271
1763046000,271,271,271,271
1763101800,270.5,270.5,270.5,270.5
1763103600,270.5,271,269.5,270
1763105400,270,270.25,269.5,270
1763107200,270,270,269.5,269.75
1763109000,269.75,270,269.5,269.75
1763110800,270,270.5,269.75,270.25
1763112600,270,270.25,269.75,269.75
1763114400,270,270,269.5,269.75
1763116200,270,271,269.75,271
1763118000,270.75,271,269.75,270.25
1763119800,270.25,270.25,268,268.75
1763121600,268.5,268.75,267.5,268
1763123400,268,268.5,267,268
1763125200,268,268,267,267.25
1763127000,267.25,268,267,267.75
1763128800,267.75,268.25,267.5,268.25
1763130600,268,269.75,267.5,269.25
1763132400,269,269,269,269
1763361000,270.75,270.75,270.75,270.75
1763362800,271,271.5,268.5,269.5
1763364600,269.5,269.5,268.25,268.5
1763366400,268.5,269.5,267.5,269.5
1763368200,269.5,270,269,269.75
1763370000,270,270,268.75,268.75
1763371800,269,269.25,268.25,269
1763373600,269,269,267.5,268
1763375400,268,269.75,267.5,269.5
1763377200,269.75,270.25,269.25,270
1763379000,269.75,270,269.25,270
1763380800,270,270.25,269.75,270
1763382600,270,270,269.25,269.75
1763384400,269.75,269.75,269,269.25
1763386200,269,269.25,266.75,267.25
1763388000,267.25,267.75,266.75,267.25
1763389800,267.25,268.25,267,268
1763391600,268.5,268.5,268.5,268.5
1763447400,267.5,267.5,267.5,267.5
1763449200,267.5,268.5,267,268.5
1763451000,268.5,269.5,268.25,269.5
1763452800,269.5,269.75,268.25,268.75
1763454600,268.5,269,268.5,268.75
1763456400,268.75,269,268.25,268.5
1763458200,268.25,269,268,268.5
1763460000,268.5,268.75,268.25,268.75
1763461800,268.5,269,268.25,268.5
1763463600,268.25,268.5,267.75,268.25
1763465400,268.25,268.5,268,268.25
1763467200,268.5,268.5,267.5,268
1763469000,268,268.5,267,267.5
1763470800,267.5,268.25,267.25,267.75
1763472600,267.75,268,267.5,267.75
1763474400,267.75,268,266.75,267.25
1763476200,267,268,267,267.5
1763478000,267.5,267.5,267.5,267.5
1763533800,268.75,268.75,268.75,268.75
1763535600,268.75,271,268.5,270.75
1763537400,270.5,272.75,270.25,271.75
1763539200,271.5,275.25,271.5,274.75
1763541000,274.75,275,273.75,274.5
1763542800,274.25,275,274.25,274.75
1763544600,274.5,275,274.25,274.25
1763546400,274.5,274.75,274,274.25
1763548200,274.25,274.5,273.25,274.25
1763550000,274.5,275.5,274.25,274.75
1763551800,274.75,277,274.5,276.5
1763553600,276.5,277.75,275.5,277.25
1763555400,277.25,278.25,277,278
1763557200,277.75,278.75,277.5,278
1763559000,278,278.5,277.75,278.25
1763560800,278.5,278.5,276.75,277.5
1763562600,277.25,278.25,277,278
1763564400,278,278,277.5,277.5
1763620200,279,279,279,279
1763622000,279,280.75,278.25,279.75
1763623800,279.75,279.75,277.75,278.25
1763625600,278,278.25,276.25,276.5
1763627400,276.75,276.75,275.25,276
1763629200,275.75,276,275.25,275.5
1763631000,275.75,276,274.75,275.5
1763632800,275.5,275.5,274,274.25
1763634600,274.25,274.75,273.75,274.75
1763636400,274.75,275.25,274,274.5
1763638200,274.5,274.75,274,274.25
1763640000,274.25,275,273.75,274.5
1763641800,274.5,275,274.5,274.5
1763643600,274.5,275,274.25,275
1763645400,275,276.5,274.75,276
1763647200,276,276,274.75,275
1763649000,275.25,276.25,275,276
1763650800,275.75,276.25,275.75,276.25
1763706600,276.25,276.25,276.25,276.25
1763708400,276,276,274,275
1763710200,274.75,275,274,274.25
1763712000,274.5,275,274.25,274.75
1763713800,274.5,275.25,274.25,275.25
1763715600,275,275.5,274,274.25
1763717400,274,274.25,273.5,273.75
1763719200,274,274,273,273
1763721000,273.25,273.5,272.5,273
1763722800,273,273.5,272.75,273.25
1763724600,273.25,273.25,272,272.25
1763726400,272.25,272.25,271.5,272.25
1763728200,272.25,273,271.75,272.5
1763730000,272.75,273,272.5,273
1763731800,272.75,273.75,272.75,273.5
1763733600,273.5,273.5,272.25,272.75
1763735400,272.5,273.75,272.5,273
1763737200,273,273,273,273
1763965800,272.25,272.25,272.25,272.25
1763967600,272.25,272.75,270.75,272
1763969400,272,273.25,271.25,271.75
1763971200,272,272.25,271.25,271.25
1763973000,271.25,271.5,270,270.75
1763974800,271,271.5,270.25,271.25
1763976600,271.25,271.75,271,271.25
1763978400,271.25,272,271,271.75
1763980200,272,272,271.25,271.25
1763982000,271.25,271.5,270.5,270.75
1763983800,270.75,271,270.25,271
1763985600,270.75,271.75,270.5,271.5
1763987400,271.5,271.5,271.25,271.5
1763989200,271.25,271.5,270.75,271.5
1763991000,271.5,271.75,271,271.25
1763992800,271,271.25,270.5,270.75
1763994600,270.75,271,270.25,270.75
1763996400,270.25,270.25,270.25,270.25
1764052200,271,271,271,271
1764054000,271,272.25,270.75,271.75
1764055800,271.75,272.25,271,271
1764057600,271,271.75,270.75,271.75
1764059400,271.5,271.75,271.25,271.5
1764061200,271.5,271.5,270.75,271.25
1764063000,271,271.25,270,270.25
1764064800,270.5,271.25,270,271
1764066600,271,271.25,270.5,270.5
1764068400,270.75,270.75,270.25,270.75
1764070200,270.75,271.25,270.5,270.75
1764072000,270.75,271,270.5,270.75
1764073800,270.5,278.75,270.5,277.25
1764075600,277.25,279,277,277.75
1764077400,278,278.5,274.75,275
1764079200,275.25,275.75,272,273
1764081000,272.75,273.5,272.5,272.75
1764082800,273.25,273.25,273.25,273.25
1764138600,273.75,273.75,273.75,273.75
1764140400,274,275.25,273.25,274.5
1764142200,274.5,275.25,274,274.5
1764144000,274.75,274.75,273.5,274
1764145800,274,274.75,272.75,274
1764147600,274.25,274.5,273.75,274.25
1764149400,274.25,275.25,274,274.25
1764151200,274.5,274.75,274,274.25
1764153000,274,274.75,274,274.25
1764154800,274.25,274.75,274.25,274.25
1764156600,274.5,274.5,272.75,274
1764158400,274,274,273.5,273.75
1764160200,274,274.75,273.75,274.5
1764162000,274.5,274.75,274,274.5
1764163800,274.25,275,274.25,275
1764165600,274.75,275,274.75,274.75
1764167400,274.75,275,274,274
1764169200,274.25,274.25,274.25,274.25
1764225000,276,276,276,276
1764226800,276,276.5,275,275
1764228600,275.25,275.5,274.5,275
1764230400,275.25,275.25,274.25,274.5
1764232200,274.25,274.75,274.25,274.5
1764234000,274.5,274.5,274,274.5
1764235800,274.5,274.5,274.25,274.5
1764237600,274.5,274.75,274,274
1764239400,274,274.75,273.75,274
1764241200,273.75,274.5,273.5,274.5
1764243000,274.25,274.75,274.25,274.75
1764244800,274.75,275,274.5,274.75
1764246600,274.75,274.75,274.25,274.5
1764248400,274.25,274.75,274.25,274.75
1764250200,274.5,275.75,273.75,274
1764252000,274,274.5,273.5,274
1764253800,274,274,273,273
1764255600,272.5,272.5,272.5,272.5
1764311400,272.75,272.75,272.75,272.75
1764313200,272.5,274.25,271.5,274
1764315000,274,274,272.75,272.75
1764316800,272.75,276.25,272.5,276
1764318600,276,276.5,275.25,275.75
1764320400,275.75,276,275.5,276
1764322200,276,276,275.75,275.75
1764324000,275.75,276.5,275.75,276.5
1764325800,276.5,276.75,275.25,276.75
1764327600,276.75,276.75,275.75,276.25
1764329400,276.25,276.25,275.25,275.5
1764331200,275.25,275.5,274,274.25
1764333000,274.25,275,274,274.25
1764334800,274.5,274.5,273.5,274
1764336600,274,274.25,273,273.5
1764338400,273.5,274.25,273,273.5
1764340200,273.5,273.5,272.75,273
1764342000,272.75,272.75,272.75,272.75
1764570600,272,272,272,272
1764572400,272.25,273.5,271.5,272.5
1764574200,272.5,274.25,272.25,274
1764576000,274,275.75,273.75,275.5
1764577800,275.5,275.75,275,275.5
1764579600,275.5,277.25,275.25,276.75
1764581400,276.5,277,276.25,277
1764583200,276.75,277,276.25,276.5
1764585000,276.5,276.75,275.75,276
1764586800,275.75,276.25,275.5,275.75
1764588600,275.5,275.75,275,275.5
1764590400,275.5,275.5,274.5,274.5
1764592200,274.75,275.25,274.5,275.25
1764594000,275.25,275.75,275,275.5
1764595800,275.75,276,275,275.25
1764597600,275.5,277,275.5,276.25
1764599400,276,277,276,276.5
1764601200,276.5,276.5,276.5,276.5
1764657000,277,277,277,277
1764658800,277,278.25,276.25,277.25
1764660600,277.5,278.5,277,277.25
1764662400,277.25,281.75,277.25,280.75
1764664200,280.75,281.25,279.5,279.75
1764666000,280,280.5,279.75,280.25
1764667800,280.5,280.5,279,279.25
1764669600,279,279.5,278.75,279
1764671400,279.25,279.25,278.5,278.75
1764673200,278.75,279.25,278.75,279
1764675000,279,279.25,278.75,279.25
1764676800,279,279.5,278.75,279
1764678600,279.25,279.5,278.5,279.25
1764680400,279.25,279.5,278.5,279.5
1764682200,279.25,280.25,278,278.75
1764684000,278.5,278.75,278,278.25
1764685800,278.5,279.25,277.75,278.5
1764687600,279,279,279,279
1764743400,281.25,281.25,281.25,281.25
1764745200,281.25,282.5,279.5,281.25
1764747000,281.25,283,281,282.75
1764748800,282.75,283.5,281.5,282
1764750600,282,282,280.75,281
1764752400,281.25,281.25,280.5,280.5
1764754200,280.5,281,280,280.25
1764756000,280.25,280.5,280.25,280.5
1764757800,280.5,280.5,277.75,278
1764759600,277.75,278.75,276.75,278.25
1764761400,278.25,279.5,278.25,279.25
1764763200,279.5,281,279.25,280
1764765000,280.25,280.25,279.5,280
1764766800,279.75,280,278.25,278.75
1764768600,278.75,279,277,277.25
1764770400,277.25,277.5,276.5,277
1764772200,276.75,277.5,275.5,276
1764774000,275.75,275.75,275.5,275.5
1764829800,275.5,275.5,275.5,275.5
1764831600,275.5,277.25,275.25,277
1764833400,276.75,277,276,276.5
1764835200,276.5,276.5,275.75,276
1764837000,275.75,276,274,274.25
1764838800,274.25,274.75,273.75,274.25
1764840600,274,274.25,273.25,273.75
1764842400,273.5,273.75,272.75,273
1764844200,273.25,273.25,272.75,273
1764846000,273,273.25,272.5,272.75
1764847800,273,273.25,272.75,273
1764849600,272.75,273,272.75,272.75
1764851400,272.75,273,271.5,271.75
1764853200,272,272.25,271.25,271.5
1764855000,271.25,271.5,269.5,269.5
1764856800,269.5,270.75,269.5,270.5
1764858600,270.5,270.5,269.25,270
1764860400,270,270,270,270
1764916200,270,270,270,270
1764918000,270,271.75,268.75,271.25
1764919800,271.25,271.5,270.5,271.25
1764921600,271.25,271.5,270.75,271.25
1764923400,271.5,271.5,270.5,270.5
1764925200,270.75,270.75,269.5,270
1764927000,269.75,270,267.75,268.5
1764928800,268.5,270,268.25,269.75
1764930600,269.5,270,269.25,269.75
1764932400,269.75,269.75,269.25,269.75
1764934200,269.75,269.75,268.25,269
1764936000,269,269,268.25,268.75
1764937800,269,269,268.25,268.5
1764939600,268.5,268.75,268.25,268.5
1764941400,268.25,270.5,268,269.25
1764943200,269,270,268.5,269.75
1764945000,269.75,270.25,269,269.75
1764946800,269.75,270.25,269.75,270.25
1765175400,271.75,271.75,271.75,271.75
1765177200,271.75,273.75,271.75,273.25
1765179000,273.5,273.5,271.75,272.5
1765180800,272.5,273.25,272.5,273
1765182600,273.25,273.5,272.5,273.5
1765184400,273.5,273.75,272.75,273.25
1765186200,273.25,273.5,272.75,273
1765188000,273,273.5,272.75,273.5
1765189800,273.5,273.5,273,273.25
1765191600,273.25,273.25,272.75,273
1765193400,273.25,273.25,272.75,273.25
1765195200,273.25,273.25,272.75,273.25
1765197000,273.25,273.25,272.5,273
1765198800,272.75,273.25,272.75,273.25
1765200600,273.25,273.25,272.25,272.5
1765202400,272.5,272.75,272,272.5
1765204200,272.5,272.75,272,272.25
1765206000,272.25,272.25,272.25,272.25
1765261800,273,273,273,273
1765263600,272.75,273,271.5,272.25
1765265400,272.25,272.25,271.5,272
1765267200,272,272,271,271.75
1765269000,271.5,273.25,271.5,272.25
1765270800,272.25,272.25,271.25,272
1765272600,272,272.75,271.75,272
1765274400,272,272,271.5,271.75
1765276200,272,272,271.5,272
1765278000,272,272,271.5,272
1765279800,271.75,272.25,271.75,272.25
1765281600,272,272.25,270.5,271.5
1765283400,271.75,272.25,271.5,271.75
1765285200,271.75,272.75,271.5,272.5
1765287000,272.5,272.75,271.5,271.75
1765288800,272,272,271.75,272
1765290600,272,272,271.25,271.75
1765292400,271.5,271.5,271.5,271.5
1765348200,272,272,272,272
1765350000,271.75,275,271.5,275
1765351800,275,275.75,274.25,274.5
1765353600,274.5,275,273.75,274
1765355400,273.75,274,273,273.5
1765357200,273.5,273.5,272,272.75
1765359000,272.5,273.5,272.5,272.75
1765360800,273,273.5,272.75,273.25
1765362600,273.25,273.25,272.75,273
1765364400,273,273,272.5,272.75
1765366200,272.75,273,272.25,272.75
1765368000,272.75,273.75,272.5,273.25
1765369800,273.25,273.75,273,273
1765371600,273.25,273.5,272.75,272.75
1765373400,273,273.25,270.75,271
1765375200,271,271.75,270.75,271.5
1765377000,271.25,271.5,270.25,270.75
1765378800,270.5,270.5,270.5,270.5
1765434600,271.25,271.25,271.25,271.25
1765436400,271,272.5,271,271.75
1765438200,272,272,271.25,271.75
1765440000,271.5,271.75,271,271
1765441800,271.25,271.5,270.75,271.25
1765443600,271.25,271.5,270.75,271.25
1765445400,271.25,271.75,271,271.25
1765447200,271.25,271.5,271,271.25
1765449000,271.25,271.5,271,271.25
1765450800,271.25,271.75,270.75,271.75
1765452600,271.75,272.25,271.25,271.75
1765454400,271.5,272,271.25,272
1765456200,271.75,272,270.25,270.75
1765458000,270.75,270.75,269.5,269.5
1765459800,269.5,269.75,269.25,269.75
1765461600,269.75,270.75,269.25,269.75
1765463400,269.75,270.25,269.25,269.75
1765465200,269.75,269.75,269.5,269.5
1765521000,270.75,270.75,270.75,270.75
1765522800,270.75,272.75,270.75,271.5
1765524600,271.75,272.75,271.5,272.5
1765526400,272.25,274.5,272.25,273
1765528200,273.25,273.25,272.25,272.5
1765530000,272.25,272.25,271.5,272
1765531800,272,272.25,271.5,272
1765533600,272.25,272.25,271.75,272
1765535400,272,272,271.75,272
1765537200,272,272,271.5,271.75
1765539000,271.75,271.75,271,271.5
1765540800,271.25,271.5,270.75,271
1765542600,271,271.5,271,271.25
1765544400,271.5,271.75,271.25,271.25
1765546200,271.25,272,271.25,271.5
1765548000,271.5,271.75,271.25,271.5
1765549800,271.5,272,271.25,271.75
1765551600,272.25,272.25,272.25,272.25
1765780200,273.25,273.25,273.25,273.25
1765782000,273.25,273.75,272,272.25
1765783800,272.25,273.75,272,273.25
1765785600,273.25,275,273.25,275
1765787400,274.75,275,274.5,274.75
1765789200,274.5,275.25,274.25,274.5
1765791000,274.5,274.75,273.75,274.75
1765792800,274.5,276,274.5,275.75
1765794600,276,276.25,275.5,275.75
1765796400,275.5,275.75,275,275.25
1765798200,275,275.25,274.25,274.75
1765800000,274.5,274.75,274,274.25
1765801800,274.25,274.75,274,274.5
1765803600,274.25,275,273.75,274
1765805400,273.75,274.5,273.75,274
1765807200,274,274.75,273.75,274.5
1765809000,274.25,274.5,274,274
1765810800,274.25,274.25,274.25,274.25
1765866600,274.5,274.5,274.5,274.5
1765868400,274.75,276,274,275
1765870200,275,275.25,273.5,273.75
1765872000,273.5,274.25,273.25,273.75
1765873800,273.75,274.75,273.75,274.5
1765875600,274.5,274.5,273.25,273.5
1765877400,273.75,275.25,273.5,273.75
1765879200,274,274,272.25,273
1765881000,272.75,273.5,272.75,273.25
1765882800,273.25,273.25,272.75,273
1765884600,273,273,272.5,273
1765886400,272.75,273.25,272.75,272.75
1765888200,272.75,273.75,272.5,273.75
1765890000,273.5,275,273.25,273.5
1765891800,273.5,273.75,273,273.25
1765893600,273.5,274,273.25,273.5
1765895400,273.5,274,273.25,273.75
1765897200,273.25,273.25,273.25,273.25
1765953000,273.25,273.25,273.25,273.25
1765954800,273,273.75,272.75,273.25
1765956600,273,273.25,271,271.5
1765958400,271.5,272.75,271.25,272.5
1765960200,272.5,272.75,272.25,272.5
1765962000,272.5,272.75,272,272.25
1765963800,272.25,272.25,271.75,272
1765965600,271.75,272,271.5,271.5
1765967400,271.75,272,271.5,272
1765969200,272,272,271.75,271.75
1765971000,271.75,274.75,271.75,274.5
1765972800,274.5,275,273.25,273.5
1765974600,273.5,274.5,273.25,274.5
1765976400,274.25,274.5,273.75,274.25
1765978200,274.25,274.25,273.5,273.75
1765980000,273.75,275,273.5,274.5
1765981800,274.5,274.75,273.75,274
1765983600,273.75,274,273.75,274
1766039400,274.5,274.5,274.5,274.5
1766041200,274.5,275.75,274.25,275
1766043000,275,275.25,274.25,275
1766044800,275,277.25,274.75,276.5
1766046600,276.25,276.5,274.75,275.5
1766048400,275.5,276,274.5,275
1766050200,275,275,274.5,274.75
1766052000,274.75,275,274.5,274.75
1766053800,274.5,274.75,274.25,274.75
1766055600,274.75,275,274.25,274.5
1766057400,274.5,274.75,274,274.25
1766059200,274.25,274.25,273.25,273.5
1766061000,273.5,274,273.25,274
1766062800,274,274.25,273.75,273.75
1766064600,273.75,274.25,273.75,274
1766066400,273.75,274.25,273.5,274
1766068200,274,274.75,273.5,274.25
1766070000,274.25,274.5,274.25,274.5
1766125800,275,275,275,275
1766127600,274.75,275,273.75,274.25
1766129400,274,275,274,275
1766131200,275,276.75,274.75,275.5
1766133000,275.25,276.75,275.25,275.5
1766134800,275.75,275.75,275.25,275.5
1766136600,275.5,275.75,275.25,275.75
1766138400,275.5,275.75,275.5,275.75
1766140200,275.75,276,275.25,275.5
1766142000,275.5,275.75,275.5,275.75
1766143800,275.5,275.75,275.25,275.75
1766145600,275.75,275.75,275.25,275.5
1766147400,275.75,277.75,275.5,276.75
1766149200,277,277,276.5,276.75
1766151000,276.75,276.75,276,276.5
1766152800,276.75,277.5,276.25,277
1766154600,277,277.5,276.5,277
1766156400,277.25,277.25,277.25,277.25
1766385000,277.75,277.75,277.75,277.75
1766386800,278,278.5,275.25,276
1766388600,276,276.5,275.5,276
1766390400,276,276.5,275.75,276
1766392200,276,276.25,275.75,275.75
1766394000,276,276,275.5,275.75
1766395800,275.75,275.75,274.5,274.75
1766397600,274.75,275.25,274.75,274.75
1766399400,274.75,275.25,274.75,275
1766401200,275,275,274.75,275
1766403000,275,275,274.75,275
1766404800,275,275,274.5,274.75
1766406600,274.75,275,274.5,274.75
1766408400,274.75,274.75,273.5,273.75
1766410200,273.75,274,272.75,273
1766412000,272.75,273,271.75,272.75
1766413800,272.5,272.75,272,272.25
1766415600,272,272,272,272
1766471400,271.75,271.75,271.75,271.75
1766473200,271.75,272,271,271.75
1766475000,271.75,271.75,270.5,271.5
1766476800,271.5,272,271.25,271.5
1766478600,271.5,272,271.5,271.75
1766480400,271.75,272,271.5,271.5
1766482200,271.75,272,271.5,271.75
1766484000,271.75,271.75,271.5,271.75
1766485800,271.75,271.75,271.25,271.25
1766487600,271.25,271.5,271,271.25
1766489400,271.25,271.25,270.75,270.75
1766491200,271,271,270.5,271
1766493000,271,271,270.25,270.75
1766494800,270.5,270.75,270.25,270.5
1766496600,270.75,271,270,270
1766498400,270,270.75,270,270.5
1766500200,270.75,271,270.5,270.5
1766502000,270.5,270.5,270.5,270.5
1766557800,271,271,271,271
1766559600,271,272.25,270.5,272.25
1766561400,272.25,272.5,271.5,272
1766563200,272,272.25,271.75,272
1766565000,272,272.25,271.5,271.75
1766566800,271.75,271.75,271.25,271.75
1766568600,271.75,271.75,271.25,271.5
1766570400,271.75,271.75,271,271.25
1766572200,271,271.25,270.5,271
1766574000,270.75,271.25,270.75,271
1766575800,271,271.25,271,271
1766577600,271,271.25,269.25,270
1766579400,270,270.5,269.5,270.25
1766581200,270.25,271.25,270,271
1766583000,271,271.75,270.5,271
1766584800,271,271.5,270.5,271.25
1766586600,271.25,271.75,270.75,271.25
1766588400,271.25,271.25,271.25,271.25
1766644200,272.5,272.5,272.5,272.5
1766646000,272.5,273.5,272.25,272.75
1766647800,273,273.25,272.5,272.5
1766649600,272.75,273,272.5,273
1766651400,272.75,273,272.5,272.75
1766653200,272.75,272.75,272,272.25
1766655000,272.25,272.75,272,272.5
1766656800,272.25,272.5,272.25,272.25
1766658600,272.5,273,272,272.5
1766660400,272.5,273,272.25,272.75
1766662200,273,273,272.25,272.25
1766664000,272.25,272.75,272.25,272.75
1766665800,272.75,272.75,272,272.25
1766667600,272.25,272.5,271.5,271.75
1766669400,272,272,271.25,271.75
1766671200,271.75,271.75,271.25,271.5
1766673000,271.75,271.75,271,271.25
1766674800,271,271.25,271,271.25
1766730600,271.25,271.25,271.25,271.25
1766732400,271.25,271.5,269,269.5
1766734200,269.5,269.5,268.5,268.75
1766736000,268.75,269,268,268.75
1766737800,268.5,269.25,268.5,269
1766739600,268.75,269,268.5,268.75
1766741400,268.75,269,268.5,268.5
1766743200,268.75,268.75,268.25,268.5
1766745000,268.75,268.75,268.25,268.75
1766746800,268.5,268.75,268.25,268.5
1766748600,268.5,268.5,268,268
1766750400,268.25,268.25,267.75,268
1766752200,268,268,267.25,267.5
1766754000,267.5,268.25,267.25,268
1766755800,268,268.5,267.75,268.25
1766757600,268,268.5,268,268.25
1766759400,268.25,268.5,267.5,268.25
1766761200,268,268,268,268
1766989800,268.25,268.25,268.25,268.25
1766991600,268.25,269,266.5,266.75
1766993400,267,267,266.25,266.75
1766995200,266.75,266.75,264.75,265
1766997000,265,265.5,264.5,264.75
1766998800,264.75,265.25,264.25,265.25
1767000600,265.25,265.5,264.75,265.25
1767002400,265.25,265.25,264.75,265
1767004200,265.25,265.25,265,265
1767006000,265.25,265.5,264.75,265.25
1767007800,265.25,266,265,265.75
1767009600,265.75,265.75,264.5,265
1767011400,264.75,265,263,263
1767013200,263,266.25,262.75,266
1767015000,266.25,266.25,264,264.25
1767016800,264.25,265,264,264.75
1767018600,264.5,265.25,264,264.5
1767020400,264.5,264.5,264.5,264.5
1767076200,265,265,265,265
1767078000,265.25,267.25,265,267.25
1767079800,267,268,265.5,265.75
1767081600,265.75,266.75,265.25,265.25
1767083400,265.25,265.75,264.75,265.25
1767085200,265.25,267.75,265,267
1767087000,267.25,268.5,267,268
1767088800,268.25,269,268,269
1767090600,269,269.5,268.75,268.75
1767092400,268.75,269.25,268.5,269.25
1767094200,269.25,269.75,268,268.75
1767096000,268.75,269.25,267.75,268
1767097800,267.75,268.25,267,268
1767099600,268,268,266.75,267.75
1767101400,268,268.75,267.25,268.5
1767103200,268.5,268.75,267.75,268.25
1767105000,268,268.25,267.5,268
1767106800,267.75,267.75,267.75,267.75
1767162600,268.5,268.5,268.5,268.5
1767164400,268.5,269.25,268.25,268.5
1767166200,268.75,269.25,268,269
1767168000,268.75,269,268.25,268.75
1767169800,268.5,268.75,267.25,267.75
1767171600,267.75,268,267.25,267.5
1767173400,267.75,268.25,267.5,268
1767175200,268.25,268.5,267.75,268.5
1767177000,268.5,268.75,268.25,268.5
1767178800,268.75,269,268,268.25
1767180600,268.25,268.5,268,268.25
1767182400,268.25,268.5,267.75,268.25
1767184200,268.25,269.5,267.75,269.5
1767186000,269.5,269.75,269,269.5
1767187800,269.5,269.75,269.25,269.25
1767189600,269.25,269.5,268.5,268.5
1767191400,268.5,268.75,267.5,268
1767193200,268,268.5,268,268.5
1767335400,271,271,271,271
1767337200,271,271.75,269.75,270
1767339000,270.25,270.75,269.75,270.5
1767340800,270.75,271.5,270.5,271.5
1767342600,271.5,272.75,271.25,271.75
1767344400,271.5,272.25,271.5,272
1767346200,272,272,271,271.25
1767348000,271.25,271.5,270.75,271
1767349800,270.75,271.5,270.75,271.25
1767351600,271.25,271.75,271,271.75
1767353400,271.5,272,271.25,271.25
1767355200,271.5,271.5,271,271.25
1767357000,271.25,272,271,271.75
1767358800,272,272,271.25,271.75
1767360600,271.5,272.25,271.5,272.25
1767362400,272.25,272.25,271.75,271.75
1767364200,271.75,274,271.75,273.5
1767366000,273.5,274.25,273.5,274.25
1767594600,274.25,274.25,274.25,274.25
1767596400,274.25,275,272.5,275
1767598200,274.75,275,274,274.25
1767600000,274.25,276.5,274.25,276.5
1767601800,276.25,277,275.5,275.75
1767603600,275.75,275.75,275,275.25
1767605400,275.25,275.75,275,275.75
1767607200,275.5,276.25,275.5,276
1767609000,276,276.25,275.75,276
1767610800,276.25,276.25,275.25,275.5
1767612600,275.5,275.75,275.25,275.5
1767614400,275.5,276,275.25,275.5
1767616200,275.75,276.25,275.5,276
1767618000,275.75,276.5,275.5,275.75
1767619800,275.75,276.25,275.75,276
1767621600,276,278.25,275.75,278.25
1767623400,278.25,279,278,278.25
1767625200,277.75,277.75,277.75,277.75
1767681000,279,279,279,279
1767682800,279.25,284.5,279,284
1767684600,284,286.75,283.75,286.5
1767686400,286.5,288.75,286.25,286.25
1767688200,286.5,286.5,285.5,286.25
1767690000,286,286.75,285.75,286.5
1767691800,286.25,287.75,286.25,287.5
1767693600,287.75,288.25,287.25,287.25
1767695400,287.5,288.25,287.25,288
1767697200,288,288.25,287.25,287.5
1767699000,287.25,287.5,286.25,286.75
1767700800,286.5,287,286.5,286.75
1767702600,287,287.25,286.5,286.75
1767704400,287,288.25,286.75,288.25
1767706200,288,289.25,288,288.75
1767708000,288.75,289.25,288.25,288.5
1767709800,288.75,289.25,288,288.5
1767711600,288.25,288.5,288.25,288.5
1767767400,289.5,289.5,289.5,289.5
1767769200,289.5,290.25,287.5,289
1767771000,289,290,288,289.5
1767772800,289.75,293.5,289.5,293.5
1767774600,293.5,295.25,292.25,294.25
1767776400,294,295,293.75,294.25
1767778200,294,295.25,293.25,295.25
1767780000,295,295.25,293.25,293.75
1767781800,293.75,294,292.75,293.5
1767783600,293.75,294,292.75,292.75
1767785400,292.75,293.5,292.75,293.25
1767787200,293,293.5,292,292.5
1767789000,292.25,292.5,290.5,291.25
1767790800,291.25,291.5,290,290.25
1767792600,290.5,291.5,289,291.25
1767794400,291.25,291.5,290.25,290.75
1767796200,290.5,291.5,289.75,290.5
1767798000,290.5,290.75,290.5,290.75
1767853800,291,291,291,291
1767855600,291,292.25,290.5,290.75
1767857400,291,291,288,289.75
1767859200,289.75,292.25,289.5,291.75
1767861000,292,292.5,290.5,290.75
1767862800,291,291.25,290.25,290.5
1767864600,290.25,290.5,288.75,288.75
1767866400,288.75,289,287.5,287.75
1767868200,287.5,288,287,287
1767870000,287,287.75,286.5,287.25
1767871800,287.25,289.5,287.25,289.25
1767873600,289.25,289.5,288,288.25
1767875400,288,291,287.75,290.75
1767877200,290.75,293.25,290.25,292.5
1767879000,292.5,295.75,292.25,294.75
1767880800,294.5,295,293,293.5
1767882600,293.75,294,292.75,293.75
1767884400,294.5,294.5,294.5,294.5
1767940200,296,296,296,296
1767942000,296,297.25,293.5,297
1767943800,296.75,298,296,296.25
1767945600,296,296.5,293,293.25
1767947400,293.25,293.75,292.75,293.25
1767949200,293.25,293.75,293,293.25
1767951000,293,293.75,291,291.25
1767952800,291.5,292.25,291.25,292
1767954600,292,292,291.75,291.75
1767956400,291.75,292,290.25,290.75
1767958200,290.75,292.5,290.5,292.25
1767960000,292.25,292.5,291.25,291.25
1767961800,291.5,292,291,292
1767963600,291.75,292,290.75,291.5
1767965400,291.25,293.25,291,293
1767967200,293,293.25,291,291.25
1767969000,291.25,292.5,291.25,292
1767970800,291.5,291.5,291.5,291.5
1768199400,291.75,291.75,291.75,291.75
1768201200,291.75,293,289.25,292.75
1768203000,292.75,293,291.5,292.75
1768204800,292.75,293.75,292.25,293
1768206600,293,293,292,292.25
1768208400,292.5,294.5,292.25,294
1768210200,293.75,294,292.25,293
1768212000,293,293,292.25,292.5
1768213800,292.5,293,292.25,292.25
1768215600,292.25,293.25,292.25,293
1768217400,293,293,292,293
1768219200,292.75,293,291.5,292.5
1768221000,292.5,292.75,292,292.25
1768222800,292.5,292.5,291,291.25
1768224600,291.25,291.25,290.25,291.25
1768226400,291,291.75,290.25,291
1768228200,291,292,290.75,291.5
1768230000,291.5,291.5,291.5,291.5
1768285800,292,292,292,292
1768287600,292,292.5,289.75,290.5
1768289400,290.5,290.75,289.25,289.5
1768291200,289.5,290.25,288.75,289.5
1768293000,289.25,289.5,287.75,288
1768294800,288,288.75,287.75,288.5
1768296600,288.5,288.5,286.75,287
1768298400,287,287.5,285.75,287.25
1768300200,287.25,287.5,286.25,286.5
1768302000,286.25,287,286.25,286.25
1768303800,286.5,286.75,285.75,286.25
1768305600,286.25,287,286,286.75
1768307400,286.75,287.75,286.25,287.25
1768309200,287.25,287.75,286.75,287.75
1768311000,287.5,288.75,287.5,288.25
1768312800,288.25,288.75,288,288.5
1768314600,288.25,288.5,286.25,286.5
1768316400,287,287,287,287
1768372200,288.5,288.5,288.5,288.5
1768374000,288.25,289,287.25,287.5
1768375800,287.75,288,285.25,286
1768377600,285.75,286.5,285.5,286
1768379400,286.25,286.5,285.5,286
1768381200,286,286.25,285.5,286
1768383000,285.75,286,284.75,285.25
1768384800,285.25,285.25,284.25,284.5
1768386600,284.5,284.5,283.75,284
1768388400,284.25,284.5,283.75,284
1768390200,284.25,284.25,281,282
1768392000,282,282,280.5,280.75
1768393800,280.75,281,280,281
1768395600,281,281,279.75,280.25
1768397400,280.25,281,279.5,280
1768399200,280,281,279.75,279.75
1768401000,280,281.25,279.75,281
1768402800,281,281,280.25,280.25
1768458600,280.75,280.75,280.75,280.75
1768460400,280.75,286.75,280.5,284.75
1768462200,284.75,285.75,284,284
1768464000,284.25,284.75,283.75,284
1768465800,283.75,284.5,283,283
1768467600,283,284.25,282.25,284
1768469400,283.75,284.5,283.75,284
1768471200,284,284.5,283.25,283.5
1768473000,283.75,284.5,283.5,284.25
1768474800,284.25,284.5,284,284.25
1768476600,284.5,284.75,283.75,284
1768478400,283.75,284,283,283.5
1768480200,283.75,284.75,283.5,284.25
1768482000,284,285,283.75,284.5
1768483800,284.5,285.5,284.25,285
1768485600,285,286.5,284.75,286.25
1768487400,286.25,288.75,286,288.25
1768489200,287.75,287.75,287.75,287.75
1768545000,290.5,290.5,290.5,290.5
1768546800,290.75,292,288.75,291.25
1768548600,291.25,293.25,290.25,292.75
1768550400,293,295.5,292.75,293
1768552200,293,293.5,291.25,291.75
1768554000,292,292,289.75,290.25
1768555800,290.25,290.5,289.5,290
1768557600,290,290.5,289.25,289.5
1768559400,289.75,290,288.5,289
1768561200,289.25,290,289,290
1768563000,289.75,291.25,289.5,290.5
1768564800,290.5,291.25,290,290.5
1768566600,290.5,292,290.25,292
1768568400,292,292.75,291.5,291.5
1768570200,291.5,292.5,291,292
1768572000,292,292.75,291.25,291.75
1768573800,291.75,292.25,290.5,291
1768575600,291.25,292,291.25,292
1768804200,294.25,294.25,294.25,294.25
1768806000,294.25,295.25,293,293.75
1768807800,293.75,294.5,292.5,293.25
1768809600,293.25,295,293,294.5
1768811400,294.5,297.25,293.75,296.5
1768813200,296.25,296.75,294.75,295.25
1768815000,295.25,295.25,293.75,294.5
1768816800,294.5,295.5,293.5,295.5
1768818600,295.25,296.5,295.25,295.5
1768820400,295.5,297.25,295.25,297
1768822200,297,299.25,296.75,297.75
1768824000,297.5,298.5,296,298.25
1768825800,298.5,299.75,298.25,299.75
1768827600,299.75,299.75,298.25,299
1768829400,298.75,299,297.75,298.75
1768831200,298.75,298.75,296.5,297.25
1768833000,297.25,297.5,295.5,295.5
1768834800,295.75,295.75,295.75,295.75
1768890600,295.75,295.75,295.75,295.75
1768892400,295.75,296,293.5,294.25
1768894200,294.25,296.25,294.25,294.75
1768896000,294.75,296.75,294.25,296.5
1768897800,296.5,296.5,294.25,294.75
1768899600,294.75,295,294.5,295
1768901400,295,295,294.25,294.75
1768903200,294.75,295.25,294.5,295
1768905000,294.75,295,294.25,294.75
1768906800,294.75,295.75,294.5,295.5
1768908600,295.5,295.5,294.5,294.75
1768910400,294.75,295.25,294.25,294.75
1768912200,294.5,295.25,294.25,294.75
1768914000,294.75,294.75,294.5,294.75
1768915800,294.75,294.75,291.5,292
1768917600,292,292.5,291.75,292
1768919400,292,292.5,292,292.25
1768921200,292,292,292,292
1768977000,292.5,292.5,292.5,292.5
1768978800,292.75,295.75,292.25,295.5
1768980600,295.5,296.5,295,295.75
1768982400,295.5,296,293.25,294
1768984200,294,294.25,292.75,293.25
1768986000,293.25,294.25,293,293.25
1768987800,293,293.75,293,293
1768989600,293,293.5,292.75,293
1768991400,293.25,293.25,292.5,292.5
1768993200,292.5,292.75,291.5,292.25
1768995000,292,292.5,290,290
1768996800,290.25,291,290,290.75
1768998600,290.75,292.5,290.25,291.5
1769000400,291.75,293.25,291.5,293
1769002200,293,294.25,292.75,294
1769004000,293.75,294.5,292.75,294
1769005800,294,297,293.75,296.75
1769007600,297,297,297,297
1769063400,299,299,299,299
1769065200,299,301,297,299
1769067000,298.75,300.25,298.75,299.25
1769068800,299.25,300.25,298.5,299
1769070600,298.75,299.5,298.5,299
1769072400,299.25,300,298.75,299.5
1769074200,299.75,300,299.25,299.5
1769076000,299.25,299.75,298.5,298.75
1769077800,298.75,299,298.25,298.75
1769079600,298.75,298.75,295.25,296.75
1769081400,296.75,297,296.5,296.5
1769083200,296.5,296.75,294.75,295.5
1769085000,295.5,296.25,294.75,296.25
1769086800,296.25,297.25,296,297
1769088600,296.75,297.25,296.5,297.25
1769090400,297,299,296.5,298
1769092200,297.75,299,297.5,298.75
1769094000,298.5,299,298.5,299
1769149800,300.5,300.5,300.5,300.5
1769151600,300.5,304.25,300.25,304
1769153400,304,304.25,303.25,303.75
1769155200,303.75,304,301.5,302
1769157000,302.25,303,302,302.75
1769158800,303,303.25,302.25,302.5
1769160600,302.75,302.75,302.25,302.75
1769162400,302.5,303.25,302.5,303
1769164200,303.25,303.25,302.25,302.5
1769166000,302.5,303,302,302.25
1769167800,302.25,302.25,301.25,302.25
1769169600,302.25,303.75,302,303.25
1769171400,303.25,303.25,302.25,302.5
1769173200,302.75,303.25,302.5,303
1769175000,303,303,302,302
1769176800,302,302.25,300.5,300.5
1769178600,300.75,302,299.5,301.5
1769180400,301,301,301,301
1769409000,299,299,299,299
1769410800,298.75,301.75,296,301.5
1769412600,301.25,302.75,299.25,299.75
1769414400,299.75,300,299.25,299.25
1769416200,299.25,299.75,298.75,299.75
1769418000,299.75,299.75,299,299
1769419800,299.25,299.5,299,299.25
1769421600,299,299.25,298.5,298.75
1769423400,298.75,299.25,298.5,299
1769425200,299,299.5,298.5,298.5
1769427000,298.75,299.25,298.5,299
1769428800,298.75,299.75,298.5,298.5
1769430600,298.5,299,297.75,298.25
1769432400,298.25,299.25,298,299
1769434200,299,299.25,298.25,298.5
1769436000,298.5,299.5,298.25,299
1769437800,299.25,299.75,299,299.5
1769439600,299.5,299.5,299.25,299.25
1769495400,299.75,299.75,299.75,299.75
1769497200,299.75,301,299.5,299.5
1769499000,299.75,300.25,298.5,298.5
1769500800,298.75,299,295.5,296.75
1769502600,297,297.25,296,296.25
1769504400,296.25,297,296.25,296.5
1769506200,296.5,296.75,295.75,296
1769508000,296,296,294.75,295.75
1769509800,296,296,295.5,296
1769511600,296,296.25,295.25,296
1769513400,296,296,295.5,295.5
1769515200,295.75,295.75,294.5,295.25
1769517000,295.25,295.25,295,295.25
1769518800,295.25,295.25,294.75,295
1769520600,294.75,295,294,294.25
1769522400,294.25,295,293.75,294.5
1769524200,294.5,294.75,293.75,294.5
1769526000,294.5,294.5,294.25,294.25
1769581800,294.25,294.25,294.25,294.25
1769583600,294.5,297.75,294.25,296.75
1769585400,297,299.5,296.5,299
1769587200,299,300.25,298.75,299.75
1769589000,299.75,302.25,299.25,302
1769590800,302,303,301.25,302.5
1769592600,302.25,303,301.5,301.75
1769594400,301.5,302.5,301.25,302.25
1769596200,302.25,302.5,301.75,302
1769598000,302,302.25,301.25,301.5
1769599800,301.25,302,301.25,301.75
1769601600,301.5,301.75,301,301.5
1769603400,301.25,301.5,297.5,297.75
1769605200,297.75,298,296,297.25
1769607000,297.25,298.75,297.25,298.25
1769608800,298,300.25,297.75,300.25
1769610600,300.25,301,298.75,298.75
1769612400,299,299,298,298
1769668200,300,300,300,300
1769670000,300,300.25,298,299.75
1769671800,299.75,300,298.75,299.5
1769673600,299.25,301.75,299,301.25
1769675400,301.5,301.5,300,300.25
1769677200,300.25,302.5,300,302
1769679000,302,302,300.5,300.5
1769680800,300.75,301.75,300.25,301
1769682600,301.25,301.25,300.25,300.75
1769684400,300.75,301.25,300.5,301
1769686200,301.25,306.5,301,305.25
1769688000,305.5,307.25,304.25,305.25
1769689800,305.25,305.75,303,304
1769691600,304,304,302.5,304
1769693400,304,304.25,303,303.5
1769695200,303.5,304.25,302.25,302.5
1769697000,302.5,303.25,301.25,302.5
1769698800,302.25,302.25,302.25,302.25
1769754600,302.25,302.25,302.25,302.25
1769756400,302.5,304.25,300.75,302.75
1769758200,302.75,303.5,300.5,301
1769760000,300.75,301,298.5,300.5
1769761800,300.75,303,300.25,302
1769763600,302,303.75,301.75,303.25
1769765400,303.5,305.75,302,302.25
1769767200,302.5,303.75,302,303.75
1769769000,303.75,304.25,303,303.5
1769770800,303.5,303.75,302.75,303
1769772600,303,303.75,302.25,302.75
1769774400,302.75,305.25,302.75,304.5
1769776200,304.75,306.25,303.75,306.25
1769778000,306,306.5,305,305.25
1769779800,305.25,306.5,304.75,306.25
1769781600,306,308.25,305.75,306.5
1769783400,306.5,307.5,306,306.5
1769785200,306.5,306.5,304,304
1770013800,300.25,300.25,300.25,300.25
1770015600,300.25,304.75,298,301
1770017400,301,301.75,298,298.5
1770019200,298.5,300.25,298.25,300
1770021000,299.75,303.25,299.75,302.75
1770022800,302.75,302.75,301.5,301.75
1770024600,302,304.5,301.75,304.5
1770026400,304.5,306.75,304,304.75
1770028200,304.5,306,304.25,305
1770030000,305,308.25,304.75,308
1770031800,308,310,306.75,308.25
1770033600,308.25,310,307.75,308
1770035400,308,308.5,307.25,308
1770037200,308,308,305.75,306.5
1770039000,306.25,307.5,305.75,306.25
1770040800,306,306.75,304.5,304.5
1770042600,304.5,305.75,304.25,305.25
1770044400,305.75,305.75,305.75,305.75
1770100200,308,308,308,308
1770102000,308.25,313.75,308,313
1770103800,312.75,317,312.75,314.5
1770105600,314.25,315.5,313.5,314.75
1770107400,314.75,315.5,313.5,314.25
1770109200,314.25,314.75,313.75,314
1770111000,314.25,314.75,314,314.25
1770112800,314,315.75,314,315.5
1770114600,315.5,315.5,314,315
1770116400,315,315,314.25,314.75
1770118200,315,315.5,314.25,315
1770120000,315,315,313.25,313.75
1770121800,313.75,314,312.75,313.5
1770123600,313.5,315.75,313.25,315.25
1770125400,315,315.25,314.75,315
1770127200,314.75,315.25,313.5,314.25
1770129000,314,319.25,314,318.75
1770130800,318.75,318.75,318.75,318.75
1770186600,320,320,320,320
1770188400,320,321.25,316,316.5
1770190200,316.5,318.25,316.25,317.25
1770192000,317,318,316.25,316.5
1770193800,316.5,316.75,315.25,316.5
1770195600,316.25,316.5,315,315.5
1770197400,315.25,316.5,315.25,316.25
1770199200,316.25,316.25,315,316.25
1770201000,316.25,318,316,317.5
1770202800,317.75,318.25,316.5,317.25
1770204600,317.25,319,316.75,318.5
1770206400,318.5,321.5,318,321.5
1770208200,321.25,322.75,318.75,319.75
1770210000,319.75,320.25,318.25,318.5
1770211800,318.5,320.75,318.25,319.75
1770213600,319.75,320.5,319.25,319.75
1770215400,320,321.75,319.5,320.25
1770217200,320.5,320.5,320.5,320.5
1770273000,318.5,318.5,318.5,318.5
1770274800,318.5,320.25,316.75,320
1770276600,319.75,321.75,319.25,320.5
1770278400,320.75,322,320,320.5
1770280200,320.25,320.75,318.5,319.75
1770282000,319.5,320,319.25,319.75
1770283800,319.5,320.25,319.25,320
1770285600,320.25,321.25,319.5,321
1770287400,320.75,321.25,319.5,319.75
1770289200,319.5,320,318.5,318.75
1770291000,318.75,319,318,318.25
1770292800,318.25,318.5,317.25,317.25
1770294600,317.25,318,316.75,317.25
1770296400,317.5,320,316.25,319.75
1770298200,319.75,320.5,318.75,319
1770300000,319,321.75,318.75,320.5
1770301800,320.5,321.5,316,316.5
1770303600,317,317,317,317
1770359400,317,317,317,317
1770361200,317,317.5,314,316.75
1770363000,316.75,318,315.25,316.5
1770364800,316.5,317.5,314.75,315.75
1770366600,315.75,316,314.75,315.5
1770368400,315.5,315.75,314.25,315.25
1770370200,315.5,317,314.75,315.25
1770372000,315.5,316.25,315,315.25
1770373800,315.25,315.5,314,315.25
1770375600,315,315.5,314.25,314.75
1770377400,314.75,315.25,314,314.75
1770379200,314.5,315.25,313.5,314.25
1770381000,314,314.25,312,312.25
1770382800,312.25,314,311.75,313.5
1770384600,313.5,315,312.5,314.25
1770386400,314.25,320.25,314,319.25
1770388200,319.25,324.5,318.75,322
1770390000,322,322.5,322,322.5
1770618600,326.5,326.5,326.5,326.5
1770620400,326.5,327.5,324.25,325.75
1770622200,326,326.75,325.5,326.25
1770624000,326.5,327.5,326.25,326.25
1770625800,326.5,327,325.75,326.5
1770627600,326.5,326.75,324.75,325.5
1770629400,325.25,325.75,324.5,325.25
1770631200,325.5,325.5,323.5,324.25
1770633000,324.25,324.25,321.75,322
1770634800,321.75,325.5,321.75,325.25
1770636600,325.5,325.5,324.25,324.75
1770638400,324.5,325,324.25,324.25
1770640200,324.5,325,324,324.5
1770642000,324.5,325.25,324.25,325
1770643800,325,328.5,324.5,328.5
1770645600,328.5,329,325.75,327.25
1770647400,327.25,329.75,327.25,329
1770649200,329.5,329.5,329.5,329.5
1770705000,329,329,329,329
1770706800,329,333.25,328.25,330.5
1770708600,330.75,332,330.25,330.5
1770710400,330.75,332,330.5,331.25
1770712200,331.25,332.5,331,331.5
1770714000,331.5,333,331.25,332.5
1770715800,332.5,332.5,330.75,331
1770717600,331,331.75,330.5,331
1770719400,331,331.5,330.5,331.25
1770721200,331.25,331.5,330.5,330.75
1770723000,330.75,331.25,329.75,330.25
1770724800,330.25,330.25,327.75,328.5
1770726600,328.5,330,328.25,328.5
1770728400,328.75,329.25,328.5,328.75
1770730200,328.75,330.25,328.25,329.5
1770732000,329.5,331.5,329.5,330.5
1770733800,330.5,333,330.5,332.5
1770735600,332.5,333,332.5,333
1770791400,330.5,330.5,330.5,330.5
1770793200,330.25,333.5,329,333.5
1770795000,333.25,336.75,332.5,335.75
1770796800,335.5,337.5,335,336.25
1770798600,336.25,336.75,334.5,336.25
1770800400,336.25,337.75,336,336.25
1770802200,336.25,337.25,335.5,336.75
1770804000,336.5,336.75,334.5,335.25
1770805800,335.25,335.25,334,335
1770807600,335.25,336.5,333.25,334.5
1770809400,334.5,335.5,334.25,335
1770811200,335,335.5,334,334
1770813000,334.25,335.25,333.75,334.25
1770814800,334,334.5,332.75,333
1770816600,333,335,332.5,334.75
1770818400,334.75,335,333,333.75
1770820200,334,334,331.5,332
1770822000,331,331,331,331
1770877800,332.25,332.25,332.25,332.25
1770879600,332.25,334.25,331.75,332.5
1770881400,332.75,333,331.5,332
1770883200,331.75,333,331,331.75
1770885000,331.5,332.75,331.25,332.75
1770886800,332.75,333.75,332,333.25
1770888600,333.5,334,332.5,332.5
1770890400,332.75,333.25,332.25,333
1770892200,333.25,333.75,332.5,333.75
1770894000,333.75,335.25,333.25,334.5
1770895800,334.25,335.25,334,334.75
1770897600,334.75,336.25,334.5,335.5
1770899400,335.5,339.25,334.75,339
1770901200,339.25,341.25,338.5,339.5
1770903000,339.5,340.5,338.5,339.25
1770904800,339.25,339.5,337.5,338.5
1770906600,338.5,339.25,336.75,337
1770908400,337,337,337,337
1770964200,337.5,337.5,337.5,337.5
1770966000,337.5,349,337.25,346.25
1770967800,346.25,351.25,345,347.75
1770969600,347.75,348.25,346,347.5
1770971400,347.5,348.25,346.5,347
1770973200,346.75,348.5,346.25,347.25
1770975000,347.5,348,346.75,347.75
1770976800,347.5,348.25,346,346.5
1770978600,346.25,347.25,346,346.5
1770980400,346.75,347.5,346.5,347.5
1770982200,347.25,348.5,347,348
1770984000,348.25,348.5,345.75,346
1770985800,345.75,346.5,345.25,345.75
1770987600,345.75,347.5,345.5,347.5
1770989400,347.5,348.25,345.75,346.75
1770991200,347,349,346,348
1770993000,348,349,347.5,348
1770994800,348,348,347.75,347.75
1771223400,349.75,349.75,349.75,349.75
1771225200,349.75,352.5,347,351.25
1771227000,351.25,351.75,349,349.5
1771228800,349.5,350.5,348,348.5
1771230600,348.5,349,348.5,348.75
1771232400,348.75,349.5,348.25,349.25
1771234200,349.25,350.25,348.5,349.5
1771236000,349.5,349.5,349,349.25
1771237800,349.5,349.5,348.75,349
1771239600,349,349.25,348.5,348.75
1771241400,348.75,349,347.75,348
1771243200,347.75,348.5,347,348.25
1771245000,348.25,348.25,345,346.75
1771246800,346.75,347,346,346.5
1771248600,346.5,348.75,346,348
1771250400,348,348.75,348,348.75
1771252200,348.75,349.5,347.5,347.75
1771254000,347.75,347.75,347.75,347.75
1771309800,346.25,346.25,346.25,346.25
1771311600,346.25,346.75,344.75,345.75
1771313400,346,346,343,344.75
1771315200,344.75,346.75,344.75,346
1771317000,346.25,346.5,343.5,344.25
1771318800,344.25,345,343.75,344.75
1771320600,344.75,344.75,344,344.25
1771322400,344.25,344.75,343.75,344.5
1771324200,344.5,344.5,343.75,344
1771326000,343.75,344.5,343.25,343.75
1771327800,343.75,344.75,343.5,344
1771329600,343.75,344.75,343,343.75
1771331400,343.75,344,343.5,343.75
1771333200,343.75,343.75,343,343.5
1771335000,343.5,350.75,343,348.25
1771336800,348.25,350,345.25,345.5
1771338600,345.5,347.25,344.75,345.5
1771340400,345,345,345,345
1771396200,345.75,345.75,345.75,345.75
1771398000,345.75,348.25,345.25,346
1771399800,346,347.25,345.75,346.75
1771401600,346.75,350,346.5,348.25
1771403400,348.5,348.75,346.5,347
1771405200,346.75,347.5,346.5,346.75
1771407000,346.75,347.25,346.25,346.5
1771408800,346.25,346.5,345.75,346.25
1771410600,346.25,348.75,345.75,347.25
1771412400,347,347.5,346,346.5
1771414200,346.25,346.75,345.75,346.25
1771416000,346.25,346.5,342.5,343
1771417800,342.75,343.5,328.5,328.5
1771419600,329.25,334.75,327.5,328.25
1771421400,328.25,330.75,324.75,330.5
1771423200,330.75,331,328.25,328.25
1771425000,328.25,328.75,326.25,328.25
1771426800,328.25,328.25,328.25,328.25
1771482600,330.5,330.5,330.5,330.5
1771484400,330.25,331,322,326
1771486200,325.75,326.5,323.75,324
1771488000,324,326.25,323.75,324.25
1771489800,324.5,325,323,323.75
1771491600,323.5,323.75,320.75,321.75
1771493400,321.75,322.5,319.25,319.5
1771495200,319.5,320.25,318.25,319.25
1771497000,319.25,319.25,316.75,317.25
1771498800,317.25,318.25,316.75,316.75
1771500600,317,317,314.5,316
1771502400,316,317,315.5,316.5
1771504200,316.75,316.75,314.75,315.25
1771506000,315.25,315.75,315,315.5
1771507800,315.5,315.5,314,314
1771509600,314,314.25,311.25,312.75
1771511400,312.75,313.25,310.25,312.5
1771513200,312.5,312.5,312.5,312.5
1771569000,314.5,314.5,314.5,314.5
1771570800,314.5,318,313.75,317.25
1771572600,317.25,317.5,315.25,316
1771574400,316.25,317.5,314.75,317
1771576200,317.25,317.5,316,316.5
1771578000,316.5,317.75,315.75,316.25
1771579800,316.25,316.75,315.25,315.5
1771581600,315.25,316.5,314.25,315.25
1771583400,315.25,316,315,315
1771585200,315,315.75,314.5,314.5
1771587000,314.75,315.25,314,314.75
1771588800,314.75,315.75,314.5,315.25
1771590600,315.5,317,315.5,316.5
1771592400,316.75,320.25,316.25,319.25
1771594200,319.25,319.25,316.75,317.75
1771596000,317.5,319.5,317,317.5
1771597800,317.5,319.75,317.25,319.25
1771599600,319.25,320.5,319.25,320.5
1771828200,325.75,325.75,325.75,325.75
1771830000,325.75,326,318.75,320
1771831800,320,321,319,320.75
1771833600,320.75,321.25,319.25,320
1771835400,320.25,322,319.5,321.75
1771837200,321.75,321.75,319.75,320
1771839000,320,320.5,319.5,320
1771840800,320.25,320.5,318.75,319
1771842600,319,319.5,318.25,318.5
1771844400,318.75,319.25,318.25,319
1771846200,318.75,319,318.25,318.5
1771848000,318.75,319,318.25,318.5
1771849800,318.5,319.25,317.75,318
1771851600,318,318.25,316.75,318
1771853400,318,319.75,317.25,318.75
1771855200,318.75,319.5,316.5,316.75
1771857000,316.75,317.25,315.25,316
1771858800,316,316,315.75,315.75
1771914600,315.75,315.75,315.75,315.75
1771916400,315.75,316,313.25,315
1771918200,315,316,313.5,314.25
1771920000,314.25,314.5,310,313
1771921800,313,313,311.5,313
1771923600,313,315.75,312,314
1771925400,314,314,312.75,313.25
1771927200,313.25,313.5,312.25,313.25
1771929000,313,313.25,312,312.5
1771930800,312.5,313,311.75,312.5
1771932600,312.5,312.5,310.5,311
1771934400,311.25,311.5,308.5,309.5
1771936200,309.5,309.5,307.5,308.5
1771938000,308.5,309.75,308.25,308.5
1771939800,308.5,309.75,307.5,308
1771941600,308,309,307.25,308.75
1771943400,308.5,309,307.75,308.25
1771945200,308.5,308.5,308.5,308.5
1772001000,309.25,309.25,309.25,309.25
1772002800,309.5,311,308.75,309.75
1772004600,309.75,309.75,308,308.25
1772006400,308,309.75,306.5,308.25
1772008200,308.5,309,307.25,308.75
1772010000,308.75,309.25,308,308
1772011800,308.25,309,307.75,308.5
1772013600,308.75,309,307.75,308.25
1772015400,308.25,309,308,308.75
1772017200,308.5,308.75,307.75,308
1772019000,308.25,308.25,306.25,306.75
1772020800,306.75,307,305.5,306.5
1772022600,306.75,308.25,306.5,307.75
1772024400,308,308.25,307.5,307.75
1772026200,307.5,308,307,307.25
1772028000,307,308,306.75,307.25
1772029800,307.5,307.5,306.25,306.75
1772031600,307,307,307,307
1772087400,307.75,307.75,307.75,307.75
1772089200,308,309.5,305,305.5
1772091000,305.5,306.5,305.25,305.75
1772092800,306,306,302.5,305
1772094600,305,307,304.75,305.5
1772096400,305.5,307.25,304.5,307
1772098200,307,307.25,306.25,307
1772100000,307,311.75,306.5,309.75
1772101800,310,313.5,309,313
1772103600,313,316.25,313,313.25
1772105400,313.5,313.75,311.75,312
1772107200,312,314.5,312,314
1772109000,314.25,314.5,312.5,312.75
1772110800,313,314,312.75,313.25
1772112600,313.25,313.75,312,312.75
1772114400,313,313.5,312.25,312.5
1772116200,312.5,313.25,310.5,311.5
1772118000,311.5,311.5,311.5,311.5
1772173800,313.25,313.25,313.25,313.25
1772175600,313.5,314,311,311.25
1772177400,311.25,312,311,311.5
1772179200,311.25,313.25,311,313
1772181000,313,313,311.5,312
1772182800,312,312.25,311.25,311.5
1772184600,311.25,311.75,310.5,311
1772186400,310.75,311.5,310.5,310.75
1772188200,310.75,311.25,310.5,311.25
1772190000,311.25,311.75,309.5,310.5
1772191800,310.5,310.75,306,307.25
1772193600,307,307.5,305,306.5
1772195400,306.5,307,305.5,306
1772197200,305.75,306.5,303.5,304.25
1772199000,304.5,307.5,304,307.25
1772200800,307,308.25,306,307.75
1772202600,307.75,308.5,306.5,306.5
1772204400,306.75,307.5,306.75,307.5
1772433000,282.5,282.5,282.5,282.5
1772434800,282.75,291,282.25,288
1772436600,288.25,288.5,284.75,285.25
1772438400,285.25,287.75,284.75,287.25
1772440200,287.25,288.25,286.25,288
1772442000,288,291.75,287.75,290.25
1772443800,290.25,292,290,291
1772445600,291,291.5,290.5,290.75
1772447400,290.75,292.5,290.5,291.5
1772449200,291.25,291.75,290,290.75
1772451000,290.5,291.5,290.5,291
1772452800,291,291,289,289.75
1772454600,289.75,290,289.25,290
1772456400,289.75,291,289.5,289.75
1772458200,289.75,289.75,288,289
1772460000,289,289,286.25,287.25
1772461800,287.25,289.25,286.75,288.5
1772463600,288.5,289,288.5,289
1772519400,286,286,286,286
1772521200,286,290.5,285.75,288.25
1772523000,288.25,290,288,289.75
1772524800,289.75,295.25,289.5,294.75
1772526600,294.75,295,291.75,292.5
1772528400,292.25,292.5,290.75,292
1772530200,292,292,289.5,289.75
1772532000,290,290.25,288.25,288.25
1772533800,288.25,288.75,286,286
1772535600,286,287.75,285,287
1772537400,287,288,286.25,287.75
1772539200,287.75,288.75,287.25,287.75
1772541000,287.75,290.25,287.5,289.25
1772542800,289.25,289.75,288.25,288.5
1772544600,288.25,289.25,288,288.25
1772546400,288.5,289,285.75,286.25
1772548200,286.25,286.75,285,286.5
1772550000,287,287,287,287
1772605800,288,288,288,288
1772607600,288,288.75,282,285
1772609400,284.75,286.5,284.5,286.5
1772611200,286.25,288.25,285.25,285.5
1772613000,285.75,286.25,284.25,285
1772614800,285.25,286.5,284.75,286.25
1772616600,286.25,287.25,285.75,287.25
1772618400,287.25,292,287,289.5
1772620200,289.75,290.75,289,290
1772622000,290,290.5,288,288.25
1772623800,288,289.75,287.5,288
1772625600,288.25,289.5,288,289.25
1772627400,289.25,290,288.5,289.75
1772629200,289.5,291,289,290
1772631000,289.75,290,287.25,287.5
1772632800,287.5,287.75,285.75,287.5
1772634600,287.5,289,287.25,287.5
1772636400,287.75,287.75,287.75,287.75
1772692200,293.25,293.25,293.25,293.25
1772694000,293.5,295.25,292.5,293
1772695800,293,293.25,291,291.5
1772697600,291.25,292,290.5,290.75
1772699400,290.75,290.75,289,290
1772701200,290,292.75,290,292
1772703000,292,292,290.5,291.25
1772704800,291.25,291.5,290.75,290.75
1772706600,291,291,289.75,290.5
1772708400,290.5,290.5,289.75,290.25
1772710200,290.25,290.25,289.75,290
1772712000,290,290,288.5,289.25
1772713800,289.25,290.25,289,289.5
1772715600,289.5,290.25,289.5,289.75
1772717400,289.5,290,288.75,289
1772719200,289,289,285,285.5
1772721000,285.5,286,283.75,284.5
1772722800,284.25,284.25,284.25,284.25
1772778600,284,284,284,284
1772780400,284,286,282.5,283.5
1772782200,283.5,283.5,277.5,278
1772784000,278.25,278.75,276.75,278
1772785800,278,278.5,277,278.25
1772787600,278.25,278.75,277.25,277.5
1772789400,277.25,277.75,277,277.25
1772791200,277.25,277.5,276.25,277
1772793000,277,277.25,276.5,277.25
1772794800,277,278,276.25,278
1772796600,278,278.25,276.75,277
1772798400,277,277.75,276,277
1772800200,277,281,276.75,278.5
1772802000,278.5,279.5,277.75,278
1772803800,278,279.25,277.25,277.75
1772805600,277.75,278.25,276.75,277.5
1772807400,277.5,278,276.5,277.75
1772809200,276.75,276.75,276.75,276.75
1773037800,267,267,267,267
1773039600,267,270.5,265.25,266.5
1773041400,266.5,267.25,263.5,267
1773043200,267,269,266.5,268.5
1773045000,268.5,269.25,267.75,268.25
1773046800,268.25,272.75,267.75,272.25
1773048600,272.25,274.5,271.75,274.25
1773050400,274.25,275,273.5,274
1773052200,274,274.5,273,274
1773054000,274,276,274,275.5
1773055800,275.5,275.5,273.25,274.25
1773057600,274.25,275.75,273.5,275.25
1773059400,275.25,278,275.25,277.75
1773061200,277.75,278.5,275.5,278
1773063000,278.25,279,276.5,277.5
1773064800,277.5,278.25,276,277.25
1773066600,277.5,281.75,277,281.75
1773068400,282,282,282,282
1773124200,294,294,294,294
1773126000,293.75,294.75,288.75,294
1773127800,294,294.25,292,294
1773129600,294,294,292,292
1773131400,292,292.5,290.25,291
1773133200,291,292.5,291,292.25
1773135000,292.5,294.25,292.25,294
1773136800,293.75,294.75,293,293.25
1773138600,293.25,293.75,292.75,293.5
1773140400,293.5,295.75,293.25,295.75
1773142200,295.5,295.75,293.75,295
1773144000,295,295,292,292.5
1773145800,292.5,293.5,292,293
1773147600,293,293.5,292.25,293.5
1773149400,293.5,294.25,292.5,293.25
1773151200,293.25,294,292.75,294
1773153000,294,297,293.75,297
1773154800,297,297,297,297
1773210600,296,296,296,296
1773212400,295.75,296.25,293,293.75
1773214200,293.5,294,292.5,293.25
1773216000,293.5,295.75,292.75,294.25
1773217800,294.25,294.25,292.5,293
1773219600,293,293.75,292.75,293.25
1773221400,293.25,293.5,292.75,293
1773223200,293.25,293.75,292.75,293
1773225000,293,293.75,292.75,293.5
1773226800,293.5,294,292.75,293
1773228600,293.25,293.5,291.5,292
1773230400,291.75,292.75,291.75,292
1773232200,292,292,289.5,290.75
1773234000,290.5,291.5,290,291
1773235800,291,292.25,290.25,292
1773237600,291.75,295.25,291.5,292.75
1773239400,292.75,295,292.5,294.75
1773241200,294.75,294.75,294.75,294.75
1773297000,290,290,290,290
1773298800,290.25,291.5,289.25,291
1773300600,291,292.75,290.75,292
1773302400,292,294,292,294
1773304200,293.75,295.5,292.75,294.5
1773306000,294.75,296,294.5,295
1773307800,295,296.75,294.75,296
1773309600,296,296.5,295,295.5
1773311400,295.5,296.25,294.75,295.25
1773313200,295.25,296,293.75,295
1773315000,295.25,297.75,294.75,296.5
1773316800,296.5,296.75,294.5,295.25
1773318600,295.25,295.5,293.5,294.5
1773320400,294.25,295.25,292.75,293
1773322200,293,293.5,291.5,291.75
1773324000,291.75,293,291.25,291.5
1773325800,291.5,294.5,291.25,292.75
1773327600,292.75,292.75,292.75,292.75
1773383400,291.25,291.25,291.25,291.25
1773385200,291.75,291.75,288.25,289
1773387000,288.75,289,287.75,288
1773388800,288,288,286.75,287
1773390600,287,289.75,286.75,289.5
1773392400,289.75,290.75,289.5,290.25
1773394200,290.25,290.5,290,290.5
1773396000,290.5,291.25,290,291
1773397800,291,292.75,290,291.5
1773399600,291.5,291.75,291,291.75
1773401400,291.75,292.25,291.5,292.25
1773403200,292.25,292.25,290.75,291.25
1773405000,291.25,293,290.5,292.25
1773406800,292.5,292.5,291.25,292.25
1773408600,292.25,293.5,292,292.5
1773410400,292.25,293.25,292,292.75
1773412200,292.75,293.25,291.5,292
1773414000,292.25,292.25,292.25,292.25
1773642600,292.5,292.5,292.5,292.5
1773644400,292.25,292.5,288.5,289.5
1773646200,289.5,289.5,288.25,288.75
1773648000,288.75,290,288.25,289.75
1773649800,289.75,290.25,288.75,289.25
1773651600,289,289.5,288.5,288.5
1773653400,288.5,289.75,288.5,289.25
1773655200,289.25,290,289,290
1773657000,290,290,289,289.75
1773658800,289.75,290.25,289.5,289.75
1773660600,289.75,290,289.5,289.75
1773662400,289.75,290.5,289.5,290
1773664200,290,291.25,289.5,290.5
1773666000,290.75,291.5,289.5,290
1773667800,290.25,293.25,289.75,293
1773669600,293,293.5,291.25,291.25
1773671400,291.25,292,289.75,290.25
1773673200,290,290,290,290
1773729000,291,291,291,291
1773730800,291.25,293.75,291.25,293.5
1773732600,293.5,294.5,293,293.5
1773734400,293.5,293.5,291.5,291.75
1773736200,292,292.5,291.75,292
1773738000,291.75,292.25,291.25,292.25
1773739800,292.25,292.5,292,292.5
1773741600,292.5,292.5,291.75,292.25
1773743400,292.25,292.5,291.75,292.25
1773745200,292.25,293.25,291.75,292.75
1773747000,292.75,292.75,292.25,292.5
1773748800,292.25,293.75,291.75,293
1773750600,293,293.75,293,293.5
1773752400,293.25,295,293.25,294.25
1773754200,294.5,295.75,294,295
1773756000,295,295.5,294,294.75
1773757800,295,296,294.5,295
1773759600,294.75,294.75,294.75,294.75
1773815400,297.25,297.25,297.25,297.25
1773817200,297.25,298,296,296.5
1773819000,296.5,296.75,294,294.5
1773820800,294.5,294.75,293.75,294.75
1773822600,294.75,294.75,293.75,294
1773824400,294,295.25,293.5,295.25
1773826200,295.25,295.5,294.25,294.75
1773828000,294.75,295.25,294.5,295
1773829800,294.75,295,294,294.25
1773831600,294.25,294.25,292,292
1773833400,292,292.5,291.75,292
1773835200,291.75,292.25,291.75,292.25
1773837000,292,292.25,290.25,290.25
1773838800,290.25,291,289.25,290.75
1773840600,290.5,291,290.25,290.5
1773842400,290.5,291,290,290.25
1773844200,290.25,290.5,289.25,290.25
1773846000,290.25,290.75,290,290.75
1773901800,289,289,289,289
1773903600,289,291.5,287.75,289.75
1773905400,289.75,291,289,289.25
1773907200,289,289.75,288.25,288.75
1773909000,289,289.25,288,289.25
1773910800,289.25,289.75,288,288.25
1773912600,289.5,289.5,289.5,289.5
1774247400,281.25,281.25,281.25,281.25
1774249200,281.75,284.25,281.75,282.75
1774251000,282.75,284.5,282.5,282.75
1774252800,282.75,282.75,280,280.5
1774254600,280.5,281,280,280.5
1774256400,280.25,280.75,279.5,280.5
1774258200,280.25,281.5,279.75,280.75
1774260000,280.75,281,279.75,280.25
1774261800,280,280.5,279.75,280.25
1774263600,280.25,295.5,280,294
1774265400,294,296.25,285.75,285.75
1774267200,286,291,285.75,290
1774269000,290.25,293.25,288.75,292.75
1774270800,292.75,293,290.75,291.25
1774272600,291,294.25,289.75,293.5
1774274400,293.75,295.25,293,294.5
1774276200,294.5,295.5,293,295
1774278000,294.75,295.5,294.75,295.5
1774333800,292.25,292.25,292.25,292.25
1774335600,292.5,294.5,290.75,293.5
1774337400,293.5,296.5,292,294
1774339200,294.25,294.75,292.5,293.25
1774341000,293.25,294,292.75,292.75
1774342800,293,293.25,291.75,292.5
1774344600,292.5,293,292,292.75
1774346400,292.75,295,292.5,293.75
1774348200,293.5,294.5,293.25,293.25
1774350000,293.5,295,293.25,293.75
1774351800,293.75,294,292.75,292.75
1774353600,292.75,293,291.25,292
1774355400,292,292.5,291.25,292
1774357200,291.75,292.25,291.25,291.5
1774359000,291.5,293.5,290.75,292.75
1774360800,292.75,293,291.25,291.5
1774362600,291.5,292.5,291.25,291.5
1774364400,291,291,291,291
1774420200,295.75,295.75,295.75,295.75
1774422000,295.75,296.25,294.25,294.75
1774423800,294.75,296,294.25,295.5
1774425600,295.5,298.75,294.75,297.75
1774427400,297.75,298.25,296,296.25
1774429200,296.25,296.75,295.25,295.5
1774431000,295.5,295.75,294.5,294.75
1774432800,295,297,294.75,295.5
1774434600,295.75,296,295.25,295.75
1774436400,295.75,297.5,295.75,297
1774438200,297.25,297.5,296.5,297
1774440000,297,299.5,294.75,295.25
1774441800,295,296.25,292.75,296
1774443600,296,297,295.5,296
1774445400,296,296.25,295,295
1774447200,295,295.25,294.25,295.25
1774449000,295.25,295.25,294.5,294.5
1774450800,294.5,294.5,294.5,294.5
1774506600,292.5,292.5,292.5,292.5
1774508400,292.5,295,292.25,294
1774510200,294,294.5,293.75,294.25
1774512000,294.5,296.5,294.25,294.75
1774513800,294.75,295,293.5,293.75
1774515600,293.75,293.75,292.5,293
1774517400,292.75,293.25,292.5,293
1774519200,293,293.5,292.5,293.25
1774521000,293.25,293.5,292.75,293
1774522800,293,293.25,291.75,292.25
1774524600,292,293.25,292,293
1774526400,293,293.25,292,293
1774528200,293,294,292.75,293
1774530000,293.25,293.5,292.75,293.5
1774531800,293.5,294.5,293.25,293.75
1774533600,293.5,295,293.5,294.5
1774535400,294.5,294.75,292.5,293.25
1774537200,293.5,293.5,293.5,293.5
1774593000,295,295,295,295
1774594800,295,295.5,293.5,293.5
1774596600,293.75,293.75,292.5,293
1774598400,292.75,294,292.5,293.25
1774600200,293.5,293.75,292.5,293.25
1774602000,293.5,293.75,292.75,293
1774603800,293,293,291.5,291.75
1774605600,291.75,292.75,291.5,292.5
1774607400,292.5,292.5,291.25,291.25
1774609200,291.25,291.75,291,291.75
1774611000,291.75,293.5,291.25,292.25
1774612800,292,292.75,291.75,292
1774614600,292.25,292.75,291.5,292
1774616400,292.25,292.5,291.5,291.75
1774618200,291.75,292,290.5,290.75
1774620000,290.75,293,290.5,292.5
1774621800,292.75,294,292,294
1774623600,294,294,294,294
1774852200,292.5,292.5,292.5,292.5
1774854000,292.75,293.5,289.5,291.25
1774855800,291,291.25,290,290.5
1774857600,290.5,291.5,290.25,291
1774859400,291,291.25,290.5,291
1774861200,290.75,291,290,290.25
1774863000,290.25,290.25,289.5,290
1774864800,290,290.25,289.75,290
1774866600,290,290.5,289.75,290
1774868400,290,290.75,289.75,290.5
1774870200,290.5,291.25,290.25,290.75
1774872000,290.5,290.75,290,290.25
1774873800,290.25,290.5,289.75,290
1774875600,289.75,290.25,289.25,289.75
1774877400,289.75,290,289.5,289.5
1774879200,289.75,290.25,289.25,289.25
1774881000,289.25,290,289,289.25
1774882800,288.75,288.75,288.75,288.75
1774938600,290,290,290,290
1774940400,290,290.5,289.5,290.25
1774942200,290.25,292.75,290,291.75
1774944000,292,292,290.5,291
1774945800,290.75,291.25,290,291.25
1774947600,291.25,291.75,290.5,291.25
1774949400,291.25,291.25,290.5,291
1774951200,291,291.25,290,290
1774953000,290,290.25,289.25,289.75
1774954800,289.75,291,289.25,290.5
1774956600,290.5,291.25,290.5,291
1774958400,290.75,291,289.75,289.75
1774960200,290,291,289.75,291
1774962000,290.75,292.5,290.5,292
1774963800,292.25,294.75,291.75,294
1774965600,294,294.75,293.5,294.5
1774967400,294.5,294.75,294,294.5
1774969200,294.25,294.25,294.25,294.25
1775025000,306.25,306.25,306.25,306.25
1775026800,306.25,307.75,302.25,302.75
1775028600,302.75,303.25,301.25,301.75
1775030400,301.5,302,300.5,300.75
1775032200,301,301.75,300.5,301.5
1775034000,301.25,301.75,298.75,299.25
1775035800,299.25,299.5,298.25,299
1775037600,299,299.5,298.5,298.75
1775039400,298.75,299,298.5,299
1775041200,299,299.25,298.25,298.75
1775043000,298.75,299,298.25,298.75
1775044800,298.75,299,297.5,298.5
1775046600,298.75,301.75,298.5,299.25
1775048400,299.25,299.25,298.25,298.5
1775050200,298.5,299.25,298.5,299.25
1775052000,299.25,299.75,298.5,299
1775053800,299,299.5,298.25,298.5
1775055600,298.5,298.5,298,298
1775111400,292.5,292.5,292.5,292.5
1775113200,292.25,293,291.25,292.75
1775115000,292.5,293.75,292.5,292.75
1775116800,292.75,293.25,292.5,292.75
1775118600,293,293.5,292.75,293.25
1775120400,293.25,293.75,293,293.5
1775122200,293.5,293.5,292.75,293
1775124000,293.25,294.75,293,294
1775125800,294,294.25,293.75,293.75
1775127600,293.75,294.5,293.75,294
1775129400,294.25,295,294,294.75
1775131200,294.75,295.5,294.5,295
1775133000,295,295.5,294.5,295
1775134800,295,295.25,294,294.5
1775136600,294.5,296.5,294.25,296.25
1775138400,296.25,297.25,295.75,297
1775140200,296.75,300.5,296.25,300.25
1775142000,300.25,300.25,299.75,299.75
1775197800,299.25,299.25,299.25,299.25
1775199600,299.25,299.75,297.25,297.5
1775201400,297.5,298,297,297.5
1775203200,297.5,298,296.5,297.75
1775205000,297.5,298,297.5,297.75
1775206800,297.75,298,297,297.25
1775208600,297,297.5,296.5,297.25
1775210400,297,297.25,296,296.5
1775212200,296.75,297,296,296.75
1775214000,296.75,297.25,296.5,297.25
1775215800,297.25,297.25,296.5,296.5
1775217600,296.5,297,295.5,296.25
1775219400,296.5,296.75,295,295.5
1775221200,295.5,296,295.25,295.75
1775223000,296,297.25,295.5,297.25
1775224800,297.5,298,296.25,296.5
1775226600,296.5,297,296,296.25
1775228400,296,296,296,296
1775457000,296.75,296.75,296.75,296.75
1775458800,297,298.5,296.5,297.25
1775460600,297.25,301.25,297,300.25
1775462400,300.5,300.75,298.5,300
1775464200,300,300,299.25,299.5
1775466000,299.75,301.25,299.5,300.5
1775467800,300.5,301,298.25,298.5
1775469600,298.5,299.5,297.75,299
1775471400,299,299.5,298.75,298.75
1775473200,298.75,299,298.25,298.75
1775475000,298.75,299.25,298.5,298.75
1775476800,298.75,299,298.25,298.75
1775478600,298.75,299.5,298.5,299
1775480400,299,299,297,297.25
1775482200,297.25,298.75,297,298
1775484000,298,298.75,297.5,298.25
1775485800,298,298.25,297,297.5
1775487600,297.5,297.5,297.25,297.25
1775543400,296,296,296,296
1775545200,296,297.75,296,296
1775547000,296,296.75,295.75,296.5
1775548800,296.5,297.75,296.25,297.25
1775550600,297,299,297,298.25
1775552400,298.25,299.25,298,299
1775554200,299,299,298.25,298.5
1775556000,298.75,298.75,297.75,298
1775557800,298,298.25,295.5,295.75
1775559600,295.5,296,295,295.75
1775561400,295.75,296.25,295.75,296
1775563200,296.25,296.25,293.25,294.5
1775565000,294.5,295.25,294.25,294.25
1775566800,294.5,295,293.75,294
1775568600,293.75,294,292.75,292.75
1775570400,292.75,294,292.25,293.75
1775572200,293.75,294.25,291.75,291.75
1775574000,292,292,292,292
1775629800,308.75,308.75,308.75,308.75
1775631600,308.75,312,307.5,311.75
1775633400,311.5,320,311.5,315
1775635200,315,315.75,314.5,315
1775637000,315,317,314.75,316
1775638800,315.75,317.75,315.75,317.25
1775640600,317,317.75,316.5,317.25
1775642400,317.25,317.5,317,317
1775644200,317.25,317.75,316.75,317.25
1775646000,317.5,317.5,316.25,317
1775647800,317,317.25,316.75,317
1775649600,317.25,317.75,317,317.25
1775651400,317,318.5,317,318.25
1775653200,318,319.75,318,319.25
1775655000,319.5,321,319.25,319.75
1775656800,319.75,320,318.5,319.25
1775658600,319,319.25,317.5,318.75
1775660400,318.75,318.75,317,317
1775716200,316,316,316,316
1775718000,315.75,318.25,315,315
1775719800,315.25,315.5,313.25,313.25
1775721600,313.5,315.25,313.25,314.5
1775723400,314.5,315.75,314,315.5
1775725200,315.5,316,315,315
1775727000,315,315.5,314.5,315
1775728800,315,315.5,314.75,315.25
1775730600,315.25,315.25,314.75,314.75
1775732400,314.75,315.25,314.75,315
1775734200,315,318.25,315,316.25
1775736000,316.5,317,316,316.5
1775737800,316.25,318.25,316,318.25
1775739600,318,319.75,317.5,319.5
1775741400,319.5,322.25,319.25,319.75
1775743200,319.5,320.25,317.75,318.25
1775745000,318,319.25,317.5,318
1775746800,319.5,319.5,319.5,319.5
1775802600,322.5,322.5,322.5,322.5
1775804400,322.5,325.25,321,325
1775806200,325,325.25,322.5,323.25
1775808000,323.25,323.5,321.75,322
1775809800,322,322.25,321.5,322
1775811600,322,322.75,321.75,322.75
1775813400,322.5,323.5,322.25,323.25
1775815200,323.25,323.5,322.25,322.75
1775817000,323,323,322.5,322.75
1775818800,322.75,323.5,322.75,323
1775820600,322.75,323,322.25,322.5
1775822400,322.25,323,322.25,323
1775824200,323,323,322.25,322.25
1775826000,322.25,323.5,322.25,323.25
1775827800,323.25,323.25,322.5,322.5
1775829600,322.5,324.5,322.5,323.5
1775831400,323.5,324,323.25,323.5
1775833200,323.5,323.5,323.25,323.25
1776061800,316,316,316,316
1776063600,316,318,314.75,317.5
1776065400,317.25,317.75,315.5,315.5
1776067200,315.75,315.75,314.25,315
1776069000,315,315.5,314.5,315.25
1776070800,315.25,316.25,315,315.5
1776072600,315.75,316,315,315.5
1776074400,315.5,316,315.25,316
1776076200,316,316,315.25,315.75
1776078000,315.5,316.75,315.5,316.25
1776079800,316.25,316.5,315.75,316.25
1776081600,316.25,316.25,315.25,315.75
1776083400,315.5,316.25,315.5,315.75
1776085200,316,316,315.25,315.5
1776087000,315.75,318.75,315.25,317.75
1776088800,317.75,318,316,316.25
1776090600,316.25,317,316.25,316.25
1776092400,316.75,316.75,316.75,316.75
1776148200,319.75,319.75,319.75,319.75
1776150000,320,324,319.5,323.75
1776151800,323.5,325.75,323.25,323.75
1776153600,323.75,326,323.75,325.5
1776155400,325.5,325.75,324.5,325
1776157200,325,326,324.5,324.5
1776159000,324.75,324.75,324,324.25
1776160800,324.5,324.75,323.25,323.75
1776162600,323.75,323.75,322.75,323.25
1776164400,323.25,324.25,321.75,323
1776166200,322.75,324.25,322.5,324
1776168000,323.75,324,322.25,322.5
1776169800,322.5,322.75,321,322.25
1776171600,322.5,322.75,321.75,322
1776173400,321.75,323,321.25,322.75
1776175200,322.75,326.5,322.5,324.25
1776177000,324.25,325,323.75,324.75
1776178800,324.5,324.5,324,324
1776234600,326.5,326.5,326.5,326.5
1776236400,326.5,326.75,324.25,325.5
1776238200,325.5,326,321.5,322
1776240000,322,323,321.75,322.75
1776241800,322.75,322.75,321.75,322.5
1776243600,322.25,322.5,321.25,322.25
1776245400,322.25,322.25,322,322.25
1776247200,322,322.25,321.75,321.75
1776249000,321.75,324,321.75,323.25
1776250800,323.5,324,322.75,323.75
1776252600,323.75,325,323.5,324.75
1776254400,324.75,325,323.5,323.75
1776256200,324,324.25,323.25,323.25
1776258000,323.25,323.75,322.5,322.75
1776259800,322.5,323.25,321.75,322.25
1776261600,322.25,322.5,322,322.25
1776263400,322.25,322.25,318.5,319.5
1776265200,319.25,319.25,319.25,319.25
1776321000,323,323,323,323
1776322800,323,324.5,322,323.5
1776324600,323.25,323.5,321.25,321.75
1776326400,321.75,322,321,321.5
1776328200,321.5,321.75,319,320
1776330000,320,320.5,319.75,320.25
1776331800,320,320.25,319.75,320.25
1776333600,320.25,320.5,319.75,320
1776335400,320,320.25,320,320
1776337200,320,320.25,319.75,320.25
1776339000,320,320.25,319.25,319.5
1776340800,319.5,319.5,318.5,318.75
1776342600,318.75,319,316.25,316.5
1776344400,316.25,317.5,316,317.25
1776346200,317,318,315.5,316.5
1776348000,316.25,317,315.5,317
1776349800,316.75,317,316,316.5
1776351600,316.5,317.25,316.5,317.25
1776407400,318,318,318,318
1776409200,318,320.25,317.75,318.75
1776411000,318.75,319.5,318.75,319.25
1776412800,319,320,319,319.25
1776414600,319.5,319.75,319,319.25
1776416400,319,320.5,318.5,320.5
1776418200,320.5,322.25,319.25,321.5
1776420000,321.5,321.75,320.75,321
1776421800,321,322.25,320.75,321.5
1776423600,321.5,322,320.5,320.75
1776425400,320.75,320.75,318.25,319.5
1776427200,319.5,320,319,319.75
1776429000,319.75,330.75,319.5,328.75
1776430800,328.75,335,328.75,329.25
1776432600,329,330.75,328.5,329.75
1776434400,330,330.75,329,330
1776436200,329.75,330.5,328,329.75
1776438000,329.75,329.75,329,329
1776666600,321.5,321.5,321.5,321.5
1776668400,321.5,325.25,321.25,324
1776670200,323.75,324,322.75,323
1776672000,323,323.75,322.25,323
1776673800,323,324,322.75,324
1776675600,323.75,324.25,322.75,323.25
1776677400,323.25,323.25,322.75,322.75
1776679200,323,323.75,322.75,323.25
1776681000,323.25,323.5,322.75,323.25
1776682800,323.25,323.5,322.5,323
1776684600,323,324.5,322.75,324.25
1776686400,324.25,325,323.5,325
1776688200,325,325.75,324.25,324.5
1776690000,324.25,326.5,324.25,326
1776691800,326.25,327.5,325.75,327
1776693600,327,329.25,326.5,327.5
1776695400,327.5,328.5,327,328.25
1776697200,328,328.25,328,328.25
1776753000,329,329,329,329
1776754800,329,330.75,328.5,329.75
1776756600,329.75,330,328,329.5
1776758400,329.5,334,329.25,333.25
1776760200,333,334.5,332.25,332.75
1776762000,332.5,332.75,329,329.25
1776763800,329.5,330.5,329.25,330.25
1776765600,330.25,331,330,330
1776767400,330.25,332.5,330,330.75
1776769200,330.75,331,328,330.75
1776771000,330.5,331.25,329.25,329.5
1776772800,329.5,329.75,329,329.5
1776774600,329.75,331.75,329.25,330.5
1776776400,330.5,330.75,329.5,329.5
1776778200,329.5,330.75,329.25,330.75
1776780000,330.75,331,328.75,328.75
1776781800,329,329.25,327.25,327.75
1776783600,327.5,327.5,327,327
1776839400,329.5,329.5,329.5,329.5
1776841200,329.5,331.25,328.5,328.75
1776843000,328.75,329,326.5,326.5
1776844800,326.5,328,325,325.5
1776846600,325.5,325.5,324.5,325.25
1776848400,325.25,325.5,323.25,324
1776850200,324,325,324,324.25
1776852000,324.25,324.75,324.25,324.75
1776853800,324.75,325,324.25,324.5
1776855600,324.5,325.25,323.5,324
1776857400,324,324,323,323
1776859200,323,323.75,323,323
1776861000,323,323.75,322.5,322.75
1776862800,322.75,323.75,322.5,323
1776864600,323.25,323.25,319.5,321.5
1776866400,321.75,323,321.5,322.5
1776868200,322.5,324,322.25,323.5
1776870000,323.5,323.5,323.5,323.5
1777012200,323,323,323,323
1777014000,323,323.25,319,320.25
1777015800,320.5,322.75,320,322.5
1777017600,322.5,323.5,319,319.25
1777019400,319,320.25,319,319.25
1777021200,319,320,319,320
1777023000,319.75,320.25,319.75,320.25
1777024800,320.25,320.25,319.5,319.75
1777026600,320,320.25,319.75,320
1777028400,320,322.25,320,322
1777030200,322.25,325.5,322.25,324.75
1777032000,324.5,324.75,323.5,323.5
1777033800,323.75,324.25,322.75,323.5
1777035600,323.25,326.25,323.25,325
1777037400,325.25,325.25,324,325
1777039200,324.75,325.25,323.25,323.75
1777041000,324,325,323.5,324.25
1777042800,325,325,325,325
1777271400,324.5,324.5,324.5,324.5
1777273200,324.25,325,323.25,323.5
1777275000,323.5,325.75,323.5,324.25
1777276800,324.25,324.75,323.75,324.75
1777278600,324.5,326.75,324.5,326
1777280400,326,326,324.5,324.75
1777282200,324.75,325,323.75,324
1777284000,324.25,324.75,323.75,324.5
1777285800,324.5,325.75,324.25,325.25
1777287600,325.25,325.75,325,325.75
1777289400,325.75,326.25,324.5,324.5
1777291200,324.5,325,324,324.5
1777293000,324.5,325,324.25,324.25
1777294800,324.5,324.5,324,324.25
1777296600,324.25,324.75,322.5,323
1777298400,323,323,320.25,320.5
1777300200,320.5,322,320.25,320.75
1777302000,320.75,320.75,320.5,320.5
1777357800,319.5,319.5,319.5,319.5
1777359600,319.25,320.25,317.25,317.75
1777361400,317.75,318,316,317.75
1777363200,318,318,316.5,317.5
1777365000,317.25,317.75,316.5,316.75
1777366800,316.75,317,315.25,316.25
1777368600,316,316.75,316,316.5
1777370400,316.5,316.5,316,316.25
1777372200,316,316.5,315.5,316.25
1777374000,316.25,316.25,315.5,315.5
1777375800,315.75,316.25,315.5,315.75
1777377600,315.75,316,315.5,315.5
1777379400,315.5,316.75,315.5,316.75
1777381200,316.75,316.75,315.5,316.5
1777383000,316.5,317.25,316,316.75
1777384800,316.5,316.75,315.75,315.75
1777386600,316,316.5,315.25,315.5
1777388400,315.75,315.75,315.75,315.75
1777444200,316.75,316.75,316.75,316.75
1777446000,316.75,317.75,315.5,316
1777447800,316.25,316.75,316,316
1777449600,316.25,316.5,315.25,315.75
1777451400,315.75,316.25,315,315.75
1777453200,315.75,316.75,315.5,316.5
1777455000,316.75,317.5,315.75,315.75
1777456800,316,316.75,315.75,316.25
1777458600,316,316.25,315.75,315.75
1777460400,316,316,315.5,315.75
1777462200,315.75,316,315.5,315.5
1777464000,315.5,315.75,315.25,315.25
1777465800,315.5,315.5,313.5,314.25
1777467600,314.25,314.75,314,314.25
1777469400,314.25,314.5,313,313.25
1777471200,313.25,313.5,313,313.25
1777473000,313,315,313,314.75
1777474800,314.5,314.5,314.5,314.5
1777530600,310,310,310,310
1777532400,310.5,310.75,306.25,306.5
1777534200,306.75,307.25,305.25,307
1777536000,307,308,306.5,307
1777537800,307,309,306.75,309
1777539600,309,309,307.5,308.5
1777541400,308.5,309.5,308.25,309.25
1777543200,309.25,309.75,308.25,308.25
1777545000,308.5,309,308,308.75
1777546800,308.75,310.75,308.5,310.75
1777548600,310.5,310.75,309.5,310
1777550400,310,311.5,309.5,310.75
1777552200,310.5,310.75,309.75,309.75
1777554000,309.75,310,308.5,308.75
1777555800,308.75,309.25,308.25,309
1777557600,308.75,309,308,308.25
1777559400,308.5,309,307.5,308.25
1777561200,308.25,308.25,308.25,308.25
1777876200,308.5,308.5,308.5,308.5
1777878000,308.75,310.75,302.25,302.75
1777879800,302.75,303,301.25,302.5
1777881600,302.5,303,301.25,301.5
1777883400,301.75,302.25,301.5,302
1777885200,302,303.25,301.75,303
1777887000,303,303.75,302.75,303.5
1777888800,303.5,303.75,302.5,303
1777890600,303,304,302.5,302.75
1777892400,302.75,302.75,302.25,302.5
1777894200,302.5,303.5,302.25,303.25
1777896000,303,303.25,302.5,303.25
1777897800,303.25,303.5,302.75,303
1777899600,303,303,302,302.25
1777901400,302.25,303,302,302.75
1777903200,302.75,303,300.5,301
1777905000,301.25,301.5,300.5,300.75
1777906800,300.75,300.75,300.75,300.75
1777962600,300.75,300.75,300.75,300.75
1777964400,301,303.5,300.75,302.5
1777966200,302.75,303.5,301.5,301.75
1777968000,301.75,304.25,301.75,303.5
1777969800,303.5,303.5,302,302.25
1777971600,302.25,303,302.25,302.5
1777973400,302.25,303,301.75,303
1777975200,303,303,302.25,302.5
1777977000,302.5,302.75,302,302.25
1777978800,302.25,302.5,302,302
1777980600,302,302.25,300.75,301.5
1777982400,301.5,302,299.75,300
1777984200,300,300.5,298.25,300.25
1777986000,300.25,301.25,299.75,300.75
1777987800,300.75,301.75,300.25,301.5
1777989600,301.25,303.25,301,302.25
1777991400,302.5,302.5,300.75,301
1777993200,300.75,301,300.75,301
1778049000,307,307,307,307
1778050800,307,307.75,304.75,307.5
1778052600,307.5,308,306.25,308
1778054400,307.75,308.25,307.5,307.75
1778056200,307.5,311.25,307,311
1778058000,311,312.25,309.5,312
1778059800,311.75,313,310.75,312
1778061600,312,313,311.25,311.5
1778063400,311.75,315.25,311.25,314.5
1778065200,314.25,316.25,314.25,315.75
1778067000,315.75,315.75,313,313.25
1778068800,313.25,313.5,310,311
1778070600,311,311,309.5,310.25
1778072400,310.25,310.5,309.5,309.75
1778074200,309.5,310.75,309.5,310.5
1778076000,310.5,311,310.25,310.5
1778077800,310.5,311,310,310.25
1778079600,309.75,309.75,309.75,309.75
1778135400,311.75,311.75,311.75,311.75
1778137200,311.75,315.25,311.5,314
1778139000,314,314.5,312,312.5
1778140800,312.5,313.75,312.25,312.75
1778142600,312.5,313.75,312.5,313.25
1778144400,313.25,313.75,312.75,313
1778146200,312.75,313.25,312.5,312.75
1778148000,312.5,312.75,311.75,312.25
1778149800,312.5,312.5,311.25,312
1778151600,312,313,311.75,312.75
1778153400,312.75,313,311.75,312
1778155200,312,314.25,311.75,314
1778157000,314.25,314.75,313.5,314.25
1778158800,314.5,314.5,313.5,313.75
1778160600,313.75,314,312.5,313.5
1778162400,313.25,315,313,314.25
1778164200,314.25,314.5,312.5,313.25
1778166000,312.5,312.5,312.5,312.5
1778221800,310,310,310,310
1778223600,310,310,306.75,307.5
1778225400,307.5,309.5,307,309
1778227200,309.25,309.5,308.25,309.5
1778229000,309.5,309.75,308.75,309.25
1778230800,309,310.5,309,310
1778232600,310.25,310.5,308.5,309.25
1778234400,309.25,310.25,309,310
1778236200,310,311.25,309.75,310.25
1778238000,310.5,311.5,309.5,310.5
1778239800,310.25,310.5,309.75,310.25
1778241600,310.25,311.25,310,311
1778243400,311,312.75,310.75,312
1778245200,312.25,312.75,311.25,312.5
1778247000,312.5,314.75,312,313.75
1778248800,314,314,310.75,311.25
1778250600,311,311.5,310.25,310.75
1778252400,311,311,311,311
1778481000,308.25,308.25,308.25,308.25
1778482800,308.5,309.5,307.75,308.25
1778484600,308,308.5,307.75,308
1778486400,308.25,309.5,307.75,308.5
1778488200,308.25,309.5,308.25,308.5
1778490000,308.5,308.75,308.25,308.25
1778491800,308.5,309,308.25,308.75
1778493600,308.5,308.75,308.25,308.5
1778495400,308.5,308.75,308,308.25
1778497200,308.25,308.75,308,308.25
1778499000,308.25,308.5,308,308
1778500800,308,308.75,308,308.25
1778502600,308.5,308.75,306.25,307
1778504400,307.25,308.5,307,308.5
1778506200,308.5,308.5,307.75,308.25
1778508000,308.25,308.25,307.75,308
1778509800,308,308.25,307.5,307.75
1778511600,307.75,308.5,307.75,308.5
1778567400,308,308,308,308
1778569200,307.75,309.25,307.25,308.25
1778571000,308.5,310,308.25,309
1778572800,308.75,309.25,308.75,308.75
1778574600,308.75,309,308.5,308.5
1778576400,308.75,308.75,307.5,307.75
1778578200,307.75,308,307.5,307.5
1778580000,307.75,308,307.5,308
1778581800,307.75,308,307.25,308
1778583600,308,308.5,307.5,308.5
1778585400,308.5,308.5,307.75,308.25
1778587200,308.25,308.5,307.5,307.75
1778589000,308,308.25,307.5,308.25
1778590800,308.25,308.25,307,307.5
1778592600,307.5,307.75,307,307.5
1778594400,307.5,307.75,307.25,307.25
1778596200,307.5,307.5,305.25,306.25
1778598000,305.75,305.75,305.75,305.75
1778653800,307.75,307.75,307.75,307.75
1778655600,308,310,307.75,308.75
1778657400,309,309.25,307.25,307.25
1778659200,307.25,308.25,306.75,307
1778661000,307,307.25,306.5,307
1778662800,306.75,307,306.25,307
1778664600,306.75,307.75,306.75,307.75
1778666400,307.5,308.5,307.5,307.75
1778668200,308,308,307.25,307.5
1778670000,307.5,307.5,306.75,307.25
1778671800,307.25,307.25,306.5,306.75
1778673600,307,307.5,306.25,306.75
1778675400,306.5,306.75,305.75,306.5
1778677200,306.5,307,306.25,306.75
1778679000,306.5,306.75,305.75,306
1778680800,306,306.25,305,305.5
1778682600,305.25,306.25,304.75,305
1778684400,304,304,304,304
1778740200,305.25,305.25,305.25,305.25
1778742000,305.5,307.5,305.5,306.5
1778743800,306.5,307.5,306,306
1778745600,306.25,306.5,305.75,306.25
1778747400,306.25,307,306.25,306.75
1778749200,306.75,307,306.5,306.75
1778751000,306.5,306.75,305.75,306.5
1778752800,306.5,308.5,306.25,308.25
1778754600,308.5,308.5,307.5,308
1778756400,308,308.25,307.25,307.5
1778758200,307.25,308,307,307.25
1778760000,307.25,308,306.75,307
1778761800,307,307,306.25,306.75
1778763600,306.75,307,306.25,306.25
1778765400,306.25,306.5,305.25,306.25
1778767200,306,306.25,305.5,306
1778769000,305.75,306.25,305.5,306
1778770800,305.75,305.75,305.75,305.75
1778826600,303.5,303.5,303.5,303.5
1778828400,303.5,304.25,301.5,301.5
1778830200,301.75,302,300.75,301.25
1778832000,301.25,301.25,299.75,300.25
1778833800,300.25,301,299.75,300
1778835600,299.75,300.5,299.5,300.5
1778837400,300.5,300.5,299.75,300.25
1778839200,300.25,300.75,300,300
1778841000,300.25,301.75,300,301.25
1778842800,301,301,300.25,300.75
1778844600,300.75,300.75,300,300.25
1778846400,300.25,300.5,300,300.25
1778848200,300.25,300.25,299.75,300.25
1778850000,300.25,300.75,299.75,300.25
1778851800,300.25,300.25,298.5,299.25
1778853600,299.5,300.5,299.25,300.25
1778855400,300,300.5,299.25,299.5
1778857200,300,300,300,300
1779085800,299.5,299.5,299.5,299.5
1779087600,299.5,299.75,297,298.25
1779089400,298.5,298.5,296.5,297
1779091200,297,298.75,296.75,298.25
1779093000,298.25,299,297.25,298.25
1779094800,298,298.25,297.5,297.75
1779096600,297.75,297.75,297,297.5
1779098400,297.75,297.75,296.75,297
1779100200,297,297.25,296.5,296.75
1779102000,296.75,297,296.25,296.5
1779103800,296.25,299.25,296.25,298.25
1779105600,298,299.5,297.75,298
1779107400,298,301,298,300
1779109200,300,300,298.25,298.75
1779111000,298.75,299.75,297.5,298.75
1779112800,298.75,299,297.25,297.5
1779114600,297.5,297.75,294.75,295.25
1779116400,294.5,294.5,294.5,294.5
1779258600,292,292,292,292
1779260400,292,295,292,294.5
1779262200,294.25,295.5,293.75,295
1779264000,295,296,294,295.5
1779265800,295.75,296.5,295,295
1779267600,295,296,294.75,295
1779269400,295.25,296.5,294.5,296
1779271200,296,297,295.75,296.5
1779273000,296.25,296.75,295.25,295.75
1779274800,295.5,295.75,294.75,295
1779276600,295,295.25,294.75,294.75
1779278400,295,295.5,294.5,295
1779280200,295,295.25,293.75,293.75
1779282000,294,294,292.5,292.75
1779283800,292.75,293.75,292.25,292.5
1779285600,292.5,297.75,289.75,297.75
1779287400,297.75,300.25,294.5,294.75
1779289200,295,295,295,295
1779345000,295,295,295,295
1779346800,295,295.75,288.5,288.75
1779348600,288.75,289,286,286.75
1779350400,287,288.5,286.75,288.25
1779352200,288,289.25,287.75,288.75
1779354000,289,290,288.5,289
1779355800,289.25,289.5,288.25,288.5
1779357600,288.5,288.75,287.75,288
1779359400,287.75,288,286,286.25
1779361200,286.25,287.5,286.25,287
1779363000,287,287.25,286.25,286.25
1779364800,286.5,286.75,286,286.75
1779366600,286.75,286.75,284.5,285.75
1779368400,285.75,286,283.75,285
1779370200,285.25,285.5,284,284.5
1779372000,284.75,284.75,276.75,278
1779373800,278,278.75,273.25,274
1779375600,274,274,274,274
1779431400,274,274,274,274
1779433200,273.75,283.5,271.5,283.5
1779435000,283.5,283.75,279.5,281.75
1779436800,282,282.5,279.25,280.25
1779438600,280.25,281,279.5,280
1779440400,280,280.5,279,280
1779442200,280.25,281.5,280,281.25
1779444000,281,281.25,279.5,281
1779445800,281,281.75,280,280.75
1779447600,280.75,281.75,279.25,280.75
1779449400,280.75,283.75,280.5,283.75
1779451200,283.75,286.75,282.5,285.5
1779453000,285.25,288.5,285.25,287
1779454800,287.25,288.75,286.75,287.75
1779456600,287.5,288,286,287
1779458400,286.75,288.75,284.75,285
1779460200,285.25,290.25,285,288.25
1779462000,288,288,288,288
1779690600,299,299,299,299
1779692400,299,300.5,296,298.75
1779694200,298.75,299,297,297.5
1779696000,297.5,298.5,297,297.75
1779697800,297.75,298.25,297,297.75
1779699600,297.75,298.25,297,297.5
1779701400,297.5,298.75,297.25,297.75
1779703200,297.75,298.75,297.75,298
1779705000,298,298.5,297.5,298.5
1779706800,298.5,298.5,297.25,298.25
1779708600,298.25,298.5,297.5,298
1779710400,297.75,299.5,297.75,298.75
1779712200,299,299.5,298,298
1779714000,298.25,298.5,297.75,298
1779715800,298,298.75,297.75,298
1779717600,298,298.75,297.5,298
1779719400,297.75,298.5,297.25,297.5
1779721200,297.5,297.5,297.5,297.5
1779777000,297.5,297.5,297.5,297.5
1779778800,297.75,298,295.5,295.5
1779780600,295.5,297,295.25,296.5
1779782400,296.25,297.25,296.25,296.5
1779784200,296.5,297.75,296.5,296.75
1779786000,296.75,297,296,296.5
1779787800,296.75,296.75,296.75,296.75
1780295400,298.5,298.5,298.5,298.5
1780297200,298.5,300.5,298,298.75
1780299000,298.5,298.75,297.5,298.5
1780300800,298.5,299.5,297.75,297.75
1780302600,298,298.25,297.5,297.75
1780304400,297.5,298.25,297.25,297.5
1780306200,297.5,298,297.25,297.75
1780308000,297.75,297.75,297.25,297.75
1780309800,297.75,298,297.5,297.75
1780311600,297.75,297.75,297.25,297.5
1780313400,297.75,298,297.25,297.75
1780315200,297.5,297.75,297.5,297.5
1780317000,297.5,298.25,297.5,298
1780318800,298,298.25,291.5,291.75
1780320600,291.75,293,291,292
1780322400,291.75,293,291.75,292
1780324200,292,292.5,291.25,291.5
1780326000,291.5,291.5,291.5,291.5
1780381800,294.5,294.5,294.5,294.5
1780383600,294.5,297,294.25,296.25
1780385400,296.25,298.5,295.5,298.25
1780387200,298,298.5,296.5,296.75
1780389000,296.75,297,296,296.5
1780390800,296.75,297.25,296.25,296.5
1780392600,296.75,296.75,296.25,296.5
1780394400,296.5,296.75,296.25,296.5
1780396200,296.75,297.5,296.5,297.5
1780398000,297.25,298.25,297.25,297.75
1780399800,297.75,297.75,297,297.25
1780401600,297.5,299.75,297,299.5
1780403400,299.5,300,298.75,299.5
1780405200,299.75,300.25,298.75,299
1780407000,299.25,299.5,298.75,298.75
1780408800,298.75,299.25,297.75,299
1780410600,298.75,300,298.75,299.75
1780412400,300,300,300,300
1780468200,297.25,297.25,297.25,297.25
1780470000,298,299.5,297.25,299.25
1780471800,299.25,299.5,297.25,297.75
1780473600,298,298,297,297.5
1780475400,297.75,298.75,297.5,298.75
1780477200,298.75,299.75,298,298.5
1780479000,298.25,299,297.75,297.75
1780480800,298,301.75,297.75,300
1780482600,299.75,300.25,299.5,299.75
1780484400,299.75,300.5,299.5,299.75
1780486200,299.75,300.25,299.25,300
1780488000,300,300.25,298.75,299
1780489800,299.25,299.25,298.25,298.5
1780491600,298.5,299,297.5,298.75
1780493400,298.5,298.5,297,297.25
1780495200,297.25,297.75,297,297.5
1780497000,297.25,297.5,296.5,296.75
1780498800,297,297,297,297
1780554600,299,299,299,299
1780556400,299,301.5,298.75,300.5
1780558200,300.25,300.75,298.75,299
1780560000,298.75,299.25,297.25,297.75
1780561800,297.75,298.5,297.5,298
1780563600,297.75,298.25,297.5,297.75
1780565400,297.75,298.5,297.5,298
1780567200,298.25,298.25,297.5,297.75
1780569000,297.5,297.75,296.75,297
1780570800,297,299.25,296.5,299
1780572600,299,300.5,297.75,300.5
1780574400,300.5,301.5,299.25,299.75
1780576200,299.75,300,299,299.75
1780578000,299.75,300,299.25,300
1780579800,300,300,298.25,298.5
1780581600,298.5,299,297.75,298
1780583400,298,299.25,297.75,298.75
1780585200,299.75,299.75,299.75,299.75
1780641000,299.75,299.75,299.75,299.75
1780642800,299.75,300.25,298.25,298.75
1780644600,298.5,299.5,298.25,298.5
1780646400,298.25,298.5,297.25,298
1780648200,298,298.5,297.75,298
1780650000,297.75,298.25,297.5,297.75
1780651800,298,298.25,297.75,298
1780653600,298,298,297.5,297.75
1780655400,297.5,297.75,296.75,297.5
1780657200,297.5,298,297,298
1780659000,297.75,298,297.75,298
1780660800,298,298,297.25,297.5
1780662600,297.5,297.75,295.75,295.75
1780664400,295.75,297,295.25,296
1780666200,296,296.25,295.25,295.5
1780668000,295.25,296.5,295.25,296.5
1780669800,296.25,297.5,296.25,297
1780671600,297,297,297,297
1780900200,293.5,293.5,293.5,293.5
1780902000,293.5,296.25,292.5,296.25
1780903800,296.25,298,295.75,296.75
1780905600,297,297.25,296.5,296.75
1780907400,296.75,297.25,295.75,296.25
1780909200,296.5,296.5,294.5,294.75
1780911000,294.75,295,294,294.25
1780912800,294.5,295,294,294.25
1780914600,294.25,295,294,294.75
1780916400,294.75,299.5,294.5,299
1780918200,299,299.5,297.5,297.5
1780920000,297.75,298.25,297,297.5
1780921800,297.5,298.25,297.5,298
1780923600,298.25,298.25,297.75,298
1780925400,297.75,298.5,297.5,298
1780927200,297.75,298.5,297.5,298
1780929000,297.75,298.25,297.5,297.75
1780930800,297.25,297.25,297.25,297.25
1780986600,298.5,298.5,298.5,298.5
1780988400,298.5,299.25,297.75,298.25
1780990200,298.25,298.75,297.5,297.75
1780992000,297.75,299,297.75,298.75
1780993800,298.75,300,298.5,299.5
1780995600,299.5,300,299.25,299.5
1780997400,299.75,299.75,298.75,299
1780999200,299.25,299.25,298.5,298.75
1781001000,298.75,299,298,298.25
1781002800,298.5,298.5,297.5,297.75
1781004600,297.5,297.75,297,297.25
1781006400,297.25,297.5,296.25,296.5
1781008200,296.5,296.75,295.5,296
1781010000,296,297.25,295.75,297
1781011800,297,299,296.25,297.5
1781013600,297.5,298.25,296.5,297.5
1781015400,297.25,297.75,296.25,297
1781017200,296.75,296.75,296.75,296.75
1781073000,296,296,296,296
1781074800,296,298.25,296,297.5
1781076600,297.5,297.75,296.5,297
1781078400,297.25,297.25,296.25,296.5
1781080200,296.75,297.25,295.75,296
1781082000,296,297.25,295.75,297
1781083800,297,297.75,296.75,297.25
1781085600,297.5,297.5,296.75,296.75
1781087400,296.5,298.25,296.5,297.75
1781089200,297.75,297.75,295,295.25
1781091000,295.25,295.5,293.25,295.25
1781092800,295.5,295.5,294.75,294.75
1781094600,295,296.5,294.75,295.5
1781096400,295.25,295.5,294,294.75
1781098200,294.75,297,294.5,296
1781100000,296,296,295,295
1781101800,295,296,295,295
1781103600,295.5,295.5,295.5,295.5
1781159400,296,296,296,296
1781161200,295.75,297.25,295,297
1781163000,297,297.5,296.5,296.75
1781164800,296.75,297,296.25,296.5
1781166600,296.5,297,296.5,296.75
1781168400,296.5,296.75,296,296
1781170200,296,296.5,296,296.25
1781172000,296.25,296.5,296,296.25
1781173800,296.25,296.75,296.25,296.5
1781175600,296.5,297,296.25,297
1781177400,296.75,297,296,296.25
1781179200,296.5,296.5,293.5,294.25
1781181000,294.25,294.5,291.5,292.25
1781182800,292.25,292.75,292,292.25
1781184600,292.25,294,292,293.25
1781186400,293.5,294,292.5,293
1781188200,293,294,292.75,293
1781190000,293.25,293.25,293.25,293.25
1781245800,301,301,301,301
1781247600,301.25,304.25,301,301.25
1781249400,301,302.75,301,302.75
1781251200,302.75,310.25,302.5,309.5
1781253000,309.25,311,308.25,309.75
1781254800,309.75,310,309.25,309.25
1781256600,309.25,310.75,309.25,309.5
1781258400,309.5,310,307.25,307.5
1781260200,307.5,309.5,307.25,309
1781262000,309,309.75,308.5,309.25
1781263800,309.25,309.75,308,309.25
1781265600,309.25,310.25,309,309.75
1781267400,309.75,310.75,308,308
1781269200,308,309,307.75,308.25
1781271000,308.5,308.75,303.5,303.5
1781272800,303.5,305.25,303.25,304.75
1781274600,304.75,308.25,304.5,307.75
1781276400,307.75,307.75,307.75,307.75
1781505000,329,329,329,329
1781506800,329,329.5,323.25,327.5
1781508600,327.5,328.75,326.25,326.5
1781510400,326.5,328.5,326.25,327.75
1781512200,327.75,328,326.75,327.25
1781514000,327,327.5,326.5,327
1781515800,327,327.5,326.75,327.25
1781517600,327.25,327.5,326.75,327.25
1781519400,327,327.75,326.25,327.25
1781521200,327.25,328,326.75,327.25
1781523000,327,327.5,326.75,327
1781524800,326.75,327,325.75,326.5
1781526600,326.5,327.25,326.25,327
1781528400,327.25,327.5,326.75,326.75
1781530200,327,327.5,326.75,327
1781532000,327,327.25,326.25,327
1781533800,326.75,328.25,326,326.25
1781535600,326.25,326.25,325.75,325.75
1781591400,325,325,325,325
1781593200,325,328.5,323.5,327.25
1781595000,327.25,327.5,325.25,325.5
1781596800,325.75,326.75,325.25,326.25
1781598600,326.5,327.75,326,327.5
1781600400,327.5,329,327,328
1781602200,328.25,328.5,326.5,327
1781604000,327,327.25,326.25,327.25
1781605800,327,327.25,326.5,326.5
1781607600,326.75,327,324.25,325
1781609400,324.75,325.5,322.75,323.25
1781611200,323.25,325.25,322.75,325
1781613000,325,327.75,325,325.75
1781614800,325.75,326.75,325.5,326.25
1781616600,326.25,327.5,326,327
1781618400,326.75,327,325,325.5
1781620200,325.5,326.5,325.25,326
1781622000,326.5,326.5,326.5,326.5
1781677800,327.5,327.5,327.5,327.5
1781679600,327.5,328.25,325.75,326.75
1781681400,327,327,326.5,326.5
1781683200,326.5,327,325.75,326.25
1781685000,326.5,326.5,323.5,325.25
1781686800,325.25,325.75,325,325.5
1781688600,325.5,326.25,325.25,325.5
1781690400,325.75,326.75,325.25,326.5
1781692200,326.5,327,326,326.25
1781694000,326.25,326.25,325,325.25
1781695800,325.25,325.25,323.5,324
1781697600,324,325,324,324.5
1781699400,324.5,324.75,323.5,324
1781701200,323.75,325,323.75,324.5
1781703000,324.25,324.5,323.25,323.25
1781704800,323.25,323.5,321.75,323
1781706600,322.75,323.25,321,321.5
1781708400,321.75,321.75,321.75,321.75
1781764200,324,324,324,324
1781766000,323.75,327,323.75,325.75
1781767800,326,328,325.5,326.75
1781769600,327,327.25,326.5,327.25
1781771400,327,327.25,326.5,326.5
1781773200,326.5,327,326.25,326.25
1781775000,326.25,326.5,325.75,326
1781776800,326,326.25,325.5,325.75
1781778600,325.75,326.25,324.75,325.25
1781780400,325.5,325.5,324.5,325.25
1781782200,325.25,326,324.75,326
1781784000,326,326,325.25,325.75
1781785800,325.75,327.5,325.5,327.25
1781787600,327.5,330,327.25,328.75
1781789400,328.75,329.25,327.5,327.75
1781791200,327.75,329.5,327.75,329.25
1781793000,329.25,329.5,328.5,328.75
1781794800,328.5,328.5,328.5,328.5
1781850600,324,324,324,324
1781852400,324,329.5,323.75,327.25
1781854200,327.5,329.75,327.25,327.25
1781856000,327.5,328.5,326.75,326.75
1781857800,326.75,327.75,326.5,327.5
1781859600,327.5,327.5,326.25,326.5
1781861400,326.5,327.25,326.25,327.25
1781863200,327,327.25,326.25,326.75
1781865000,326.75,327.5,325.75,326.75
1781866800,326.75,327.25,326.25,327
1781868600,326.75,327.25,326.5,327
1781870400,327,329.25,327,328.75
1781872200,328.5,333.25,327.5,330
1781874000,330.25,333,327.75,328.25
1781875800,328.5,328.5,327.25,327.25
1781877600,327.25,329,327.25,328
1781879400,328,328.5,326.25,327
1781881200,327,327,326.75,326.75
1782109800,328.5,328.5,328.5,328.5
1782111600,328.5,329,326.5,327.25
1782113400,327.25,327.5,326.75,326.75
1782115200,326.75,327,325.5,326
1782117000,326,327.5,326,327.5
1782118800,327.5,328,326.75,327.5
1782120600,327.5,327.5,326.25,326.5
1782122400,326.25,326.75,326,326
1782124200,326.25,326.5,326,326.25
1782126000,326.25,327,326,326.5
1782127800,326.5,326.75,326,326.25
1782129600,326.25,326.75,325.5,326.25
1782131400,326,326.25,325.25,325.5
1782133200,325.5,326.25,324.75,326
1782135000,326,326.25,325.25,325.75
1782136800,325.5,326,324.25,325.5
1782138600,325.25,325.5,324.75,325
1782140400,325,325,324.75,324.75
1782196200,323.5,323.5,323.5,323.5
1782198000,323.25,324,322,322.25
1782199800,322.25,322.75,321.5,322
1782201600,322,323.5,321.75,322.5
1782203400,322.75,324.75,322.5,324.75
1782205200,324.75,326.75,324.5,326.25
1782207000,326.5,327.25,326,326.25
1782208800,326.25,327,326.25,326.5
1782210600,326.25,326.5,325.5,325.5
1782212400,325.5,326.25,325,325.75
1782214200,325.75,326,324.5,325
1782216000,325,325.5,323.5,323.5
1782217800,323.5,323.75,322.75,323.5
1782219600,323.5,324.5,323.25,323.75
1782221400,323.75,325.75,323.5,325.5
1782223200,325.5,325.75,323.75,324.25
1782225000,324,325.5,323.75,324.75
1782226800,325,325,325,325
1782282600,325.25,325.25,325.25,325.25
1782284400,325.25,328.25,324.75,325.25
1782286200,325.5,326.75,324.75,324.75
1782288000,324.75,325.25,324.25,324.25
1782289800,324.5,325,324,324.75
1782291600,324.75,325.25,324.5,325
1782293400,325,325,324.25,324.75
1782295200,324.75,325.25,324.5,325
1782297000,325,325.25,324.25,324.5
1782298800,324.75,325,324.25,324.25
1782300600,324.25,325,324.25,324.75
1782302400,325,325,324,324
1782304200,324,324.25,323.25,324
1782306000,323.75,325.5,323.75,324.75
1782307800,324.75,325.75,324,325.5
1782309600,325.75,325.75,324.5,324.75
1782311400,324.75,325.25,324.25,325
1782313200,324.75,324.75,324.75,324.75
1782369000,327.5,327.5,327.5,327.5
1782370800,327.75,332,327.5,331.75
1782372600,331.75,333.25,331.5,332
1782374400,332,332.25,331.5,331.75
1782376200,331.75,333.25,331.25,332.75
1782378000,332.75,332.75,330.25,331
1782379800,331,331.25,329.75,330
1782381600,329.75,330.25,329.5,330.25
1782383400,330.25,330.75,329.5,330.25
1782385200,330.25,330.25,328.5,329.25
1782387000,329.25,329.5,328.75,328.75
1782388800,329,329.75,328.75,329.5
1782390600,329.5,331,329.25,331
1782392400,330.75,331.25,330,330.75
1782394200,330.75,331.25,329,329.5
1782396000,329.75,330.75,329,329.75
1782397800,329.5,330,328.75,329.5
1782399600,328.5,328.5,328.5,328.5
1782455400,328.5,328.5,328.5,328.5
1782457200,328.5,332,328.5,329.75
1782459000,329.5,330.25,329,329.25
1782460800,329.25,330.75,328.75,330.75
1782462600,330.75,330.75,329.5,330.25
1782464400,330.25,331.25,329.75,331
1782466200,331,331.25,330.5,330.75
1782468000,330.75,331.75,330,331.75
1782469800,331.75,332,331,331.5
1782471600,331.5,332.25,331,331.25
1782473400,331.25,331.5,329.5,329.75
1782475200,329.75,330.25,329.25,329.5
1782477000,329.5,329.75,328.5,329.25
1782478800,329.25,329.5,327.5,329.5
1782480600,329.5,329.75,328.25,329.5
1782482400,329.5,330.25,329,329.5
1782484200,329.5,330.5,329.25,330.25
1782486000,330.5,330.75,330.25,330.75
1782714600,330.75,330.75,330.75,330.75
1782716400,330.75,331,326,328.25
1782718200,328,328.25,326.5,327.75
1782720000,327.75,328,325.25,326.25
1782721800,326.25,326.75,325.25,326
1782723600,326,328,326,327.5
1782725400,327.75,328,327,327.25
1782727200,327.25,328.25,327,327.75
1782729000,328,328,327,328
1782730800,327.75,328,327,327.75
1782732600,327.5,329,327.5,327.5
1782734400,327.5,328,327.25,328
1782736200,327.75,328,327.75,328
1782738000,327.75,328.5,327.25,327.5
1782739800,327.25,329,327.25,328
1782741600,328,328.25,327.25,327.75
1782743400,328,328.5,327.75,328
1782745200,328,329,328,329
1782801000,329.5,329.5,329.5,329.5
1782802800,329.5,330,328.5,329
1782804600,329,329.25,327,328.5
1782806400,328.5,329.25,328,329
1782808200,329,329,327.75,327.75
1782810000,327.75,328,326.5,327
1782811800,327,327,326.25,326.5
1782813600,326.5,327,326.5,326.75
1782815400,326.75,327.25,326.25,326.75
1782817200,326.75,327.5,326.25,326.5
1782819000,326.5,327,325.75,325.75
1782820800,325.75,326,324,325.25
1782822600,325.25,325.75,325,325.5
1782824400,325.75,325.75,324.75,325.25
1782826200,325.25,326,324.75,325.75
1782828000,325.75,326.25,324.75,325.25
1782829800,325,326.5,325,326.25
1782831600,326.25,326.25,326,326
1782887400,325.75,325.75,325.75,325.75
1782889200,325.5,328.75,323,328
1782891000,327.75,331,326.5,330.5
1782892800,330.25,330.75,329,329
1782894600,329,329.5,328.25,329
1782896400,329,329,328.25,329
1782898200,328.75,329.5,328,329.25
1782900000,329.25,331,329,330.5
1782901800,330.5,331.5,329.25,329.75
1782903600,329.75,331,329.25,330.5
1782905400,330.5,331,329.75,330
1782907200,329.75,330.75,329.5,329.75
1782909000,329.75,330.25,329.25,329.25
1782910800,329.25,330,327.5,329.75
1782912600,330,330.25,329.25,329.25
1782914400,329.5,330.5,329.25,330.25
1782916200,330,330.25,328.5,328.5
1782918000,328.75,328.75,328.5,328.5
1782973800,330.5,330.5,330.5,330.5
1782975600,330.5,336.75,330.5,336
1782977400,336,336,334,334.5
1782979200,334.75,335.75,334.25,335
1782981000,335,336.75,334.75,335
1782982800,335,335.25,334,335
1782984600,335,335.25,334,334.5
1782986400,334.5,335.25,332.5,333
1782988200,332.75,333.75,332.5,333.5
1782990000,333.5,334.75,333.25,334.25
1782991800,334.25,334.5,333.75,334
1782993600,334.25,336.5,334,336.25
1782995400,336,336.25,334,334.75
1782997200,334.75,335,331.75,332.75
1782999000,332.75,333.75,332.5,333.25
1783000800,333.25,333.25,332.25,332.75
1783002600,332.75,333,331.75,332.75
1783004400,333.25,333.25,333.25,333.25
1783060200,335.25,335.25,335.25,335.25
1783062000,335.25,335.75,331.75,332.75
1783063800,332.5,334.5,331.5,333.75
1783065600,333.75,334,332.25,332.75
1783067400,332.75,333,332.5,332.75
1783069200,332.75,333,332,332
1783071000,332,332.5,331.5,331.75
1783072800,332,332,331,331.75
1783074600,331.75,332.25,331.25,331.75
1783076400,331.75,333.25,330.75,332.75
1783078200,332.75,333.25,332.5,333.25
1783080000,333,333.25,332.5,333
1783081800,333,333,331.75,332
1783083600,332,332.5,331.5,332.25
1783085400,332.5,332.75,332,332.25
1783087200,332.25,332.5,331.5,331.75
1783089000,332,334.5,331.75,334.5
1783090800,334.5,334.75,334,334
1783319400,336.75,336.75,336.75,336.75
1783321200,336.75,349.75,335.25,348.75
1783323000,348.75,349.75,347.25,347.75
1783324800,347.75,348.5,346.25,348.25
1783326600,348.25,349,347,347.5
1783328400,347.25,350.75,346.5,348.75
1783330200,348.75,349,346.75,347.75
1783332000,347.5,348.25,347.25,347.5
1783333800,347.5,348.75,347,348.5
1783335600,348.5,349.5,348.25,348.25
1783337400,348.5,350,348,349.75
1783339200,349.75,350,349,349
1783341000,349,351.25,348.75,349.25
1783342800,349.25,349.75,348.25,348.75
1783344600,348.5,349.5,348.5,349
1783346400,349.25,351.5,348.75,351
1783348200,351,351,348,348.5
1783350000,348.5,348.5,347,347
1783405800,346,346,346,346
1783407600,346,349,345.25,348
1783409400,348.25,349.5,347.75,349.25
1783411200,349.25,349.75,346.5,347
1783413000,347,348.5,346.75,347.25
1783414800,347.25,350,346,350
1783416600,349.75,350.5,348,349.5
1783418400,349.5,354,349.5,352.75
1783420200,352.75,355.25,352.25,353.5
1783422000,353.75,355,352.5,352.75
1783423800,352.75,355.5,352.5,353.5
1783425600,353.25,354.5,352.75,354.5
1783427400,354.25,355,353.5,353.75
1783429200,353.75,354.5,351,351.75
1783431000,351.75,352.5,350,350.25
1783432800,350.25,351.25,348.25,348.75
1783434600,348.75,348.75,346.75,347.25
1783436400,347.25,348.25,347.25,348.25
1783492200,343.75,343.75,343.75,343.75
1783494000,343.75,346.25,340.75,342.5
1783495800,342.5,344.75,342.25,344.75
1783497600,344.75,347.75,330.75,334.5
1783499400,334.5,338.75,332.75,334.75
1783501200,335,335,332.25,334.5
1783503000,334.25,335.25,333.5,334.25
1783504800,334.25,336,334,335.25
1783506600,335.5,335.75,334,335
1783508400,335,335.75,334.25,335.5
1783510200,335.25,337.5,335,335.75
1783512000,335.75,336.25,334.25,335.5
1783513800,335.5,337,334.75,335.25
1783515600,335.25,335.5,333.75,334.25
1783517400,334.25,334.75,333.25,333.25
1783519200,333.25,333.5,331.25,331.5
1783521000,331.25,332.25,330.25,331
1783522800,331,332,331,332
1783578600,333.75,333.75,333.75,333.75
1783580400,333.75,334.5,331,334
1783582200,334,335.5,333,333.25
1783584000,333.25,333.25,331.5,331.75
1783585800,331.75,333,331,332.75
1783587600,332.5,334,332.25,333.5
1783589400,333.5,338.75,333.25,338
1783591200,338.25,339,336.25,336.5
1783593000,336.5,336.5,333.25,334.75
1783594800,335,335.25,334.25,335
1783596600,335,335.25,334.5,335.25
1783598400,335.25,335.5,334.75,335.5
1783600200,335.5,335.5,334.25,335
1783602000,334.75,337.5,334.75,337.5
1783603800,337.5,338.5,336.75,338.25
1783605600,338.25,338.75,337,338
1783607400,338,340,337.75,339
1783609200,338.25,338.25,338.25,338.25
1783665000,338,338,338,338
1783666800,337.75,343.75,337,343.75
1783668600,343.5,344.25,341.75,341.75
1783670400,342,342.25,339,339.25
1783672200,339.25,340.5,338.75,340.5
1783674000,340.25,342.75,340,341.25
1783675800,341.5,344,340.5,341.75
1783677600,342,342.75,340.5,342
1783679400,342,342.5,341.25,342.25
1783681200,342.25,342.25,341,341.25
1783683000,341.25,342.25,341,341.75
1783684800,341.75,342,341,341.5
1783686600,341.5,342.5,341,341.75
1783688400,341.5,344.5,341.25,343.75
1783690200,343.75,345,343.5,344
1783692000,344,345,343.75,344.5
1783693800,344.25,345.5,342.75,343.25
1783695600,344.5,344.5,344.5,344.5
1783924200,338,338,338,338
1783926000,338,340,333.75,336
1783927800,336,337.75,335.5,337.5
1783929600,337.5,338.25,336.75,337.75
1783931400,337.75,338,335.25,335.25
1783933200,335.5,337.25,335,336.25
1783935000,336.5,337,335.75,336.5
1783936800,336.5,337,336.25,336.5
1783938600,336.5,336.5,335.5,336
1783940400,336,336.5,334,334.25
1783942200,334.5,334.5,333.5,333.5
1783944000,333.75,334.5,333.25,333.5
1783945800,333.5,335,333,334.5
1783947600,334.5,334.75,333.5,334.75
1783949400,334.5,335.25,334.25,334.75
1783951200,334.75,335,331,332
1783953000,331.75,334,331.5,333.25
1783954800,333.25,333.5,333.25,333.5
1784010600,330.25,330.25,330.25,330.25
1784012400,330.25,330.5,324,325.75
1784014200,326,327.5,322.5,323.75
1784016000,323.5,323.75,321.5,323.75
1784017800,323.5,324.5,323,323.5
1784019600,323.5,326,323.25,325
1784021400,325.25,326.25,324.75,325
1784023200,325,325.25,323.75,324.75
1784025000,325,325.75,324.25,324.5
1784026800,324.5,324.75,323.5,323.75
1784028600,324,326.25,323.25,326.25
1784030400,326.25,327.25,325.75,326.5
1784032200,326.5,328,324.75,325.25
1784034000,325.25,326,324.25,326
1784035800,326,326.25,324.75,325.25
1784037600,325.25,326,325,325.5
1784039400,325.75,326.75,325.5,326.25
1784041200,326.25,326.25,326,326
1784183400,326,326,326,326
1784185200,326,328.25,324.25,328
1784187000,328.25,330.25,328,329.75
1784188800,329.75,330.75,329,329
1784190600,329.25,329.5,328,329
1784192400,329,332.25,328.75,332.25
1784194200,332.25,332.25,330,330.75
1784196000,330.75,332.75,330.5,332.5
1784197800,332.25,333,332,333
1784199600,332.75,333,330.75,331.25
1784201400,331,332,331,331.75
1784203200,331.5,332,330.25,330.5
1784205000,330.5,331.25,329.5,329.75
1784206800,330,330.25,329,330
1784208600,330,330.25,329.75,330.25
1784210400,330.25,331,329.25,330
1784212200,330,330.75,329.5,330
1784214000,330,330,330,330
1784269800,329.5,329.5,329.5,329.5
1784271600,329.5,332.25,328.75,330
1784273400,330,330.25,329.25,329.5
1784275200,329.25,330,329.25,330
1784277000,329.75,331,329.25,329.75
1784278800,329.75,330.25,329.5,330
1784280600,330,330,328,329.25
1784282400,329.5,329.5,328.75,329.25
1784284200,329.25,329.5,329,329.25
1784286000,329,329.25,328.25,328.5
1784287800,328.5,329,328,328.5
1784289600,328.5,329,327,327
1784291400,327,328.25,327,327.75
1784293200,327.75,328.25,327.25,328
1784295000,328.25,328.5,327.75,328.5
1784296800,328.5,328.75,327.75,328.25
1784298600,328.25,329,327.25,328.25
1784300400,329.5,329.5,329.5,329.5
1784529000,328.75,328.75,328.75,328.75
1784530800,328.75,328.75,324.5,327
1784532600,327,328.25,325.25,327.75
1784534400,327.75,328.25,326.25,326.75
1784536200,326.75,326.75,324.5,325.25
1784538000,325.25,326,324,324.75
1784539800,324.75,325,323.75,324.25
1784541600,324.25,325.25,324,325
1784543400,325.25,325.75,324.75,325.5
1784545200,325.25,325.5,324,324.5
1784547000,324.75,330,324.75,329.5
1784548800,329.5,329.5,327.75,328.5
1784550600,328.25,328.75,325.75,326.5
1784552400,326.5,327.75,326,327
1784554200,327.25,327.25,326,326.75
1784556000,326.75,328.75,326.5,327.75
1784557800,327.75,328.25,326.75,327
1784559600,328,328,328,328
1784615400,330,330,330,330
1784617200,330,330.25,327,328.75
1784619000,328.5,329,327.75,328
1784620800,328,328.25,326.75,328
1784622600,328,328.25,327.25,328.25
1784624400,328,328.25,327.75,328
1784626200,328,328,326.25,326.75
1784628000,326.75,327,325.25,326
1784629800,326.25,326.25,325.25,325.5
1784631600,325.5,325.5,323,323.25
1784633400,323.25,323.25,320,320.5
1784635200,320.75,322.25,319,319.25
1784637000,319.5,319.75,317.5,319.5
1784638800,319.5,320.75,319,320
1784640600,320,320,318.25,319.5
1784642400,319.5,319.75,318.5,319
1784644200,319,319,317.75,318.25
1784646000,317.5,317.5,317.5,317.5
1784701800,317.25,317.25,317.25,317.25
1784703600,317.25,318.75,314.5,318.5
1784705400,318.5,319,316.5,317.75
1784707200,317.5,318.5,317.5,317.75
1784709000,318,318,316.25,316.75
1784710800,316.75,317.5,316.25,316.5
1784712600,316.25,316.5,314.5,315.75
1784714400,315.5,316.25,315,316.25
1784716200,316,317,315.25,315.5
1784718000,315.5,315.5,314.5,315.25
1784719800,315.25,316.5,314.75,316
1784721600,315.75,317.25,315.75,317
1784723400,317,318.25,316,316.5
1784725200,316.75,317.75,316.75,317.25
1784727000,317.5,318.75,317.25,318
1784728800,318,319,317.25,318
1784730600,318,321,317.5,320.25
1784732400,320.25,321,320.25,321
1784788200,318.25,318.25,318.25,318.25
1784790000,319,319.5,316,317.5
1784791800,317.25,317.5,315,315.5
1784793600,315.5,316.75,314.5,314.75
1784795400,314.75,315,313,313
1784797200,313.25,313.75,312.75,313.25
1784799000,313,313.25,312.25,312.75
1784800800,312.75,313.25,310.25,312.75
1784802600,312.75,316.25,312.5,315.5
1784804400,315.5,315.75,314.25,315
1784806200,315.25,315.5,313.75,315
1784808000,315,315.25,313.75,314.5
1784809800,314.75,314.75,313.75,314
1784811600,313.75,314.25,313,313.5
1784813400,313.5,313.5,313,313.25
1784815200,313,313.75,313,313.5
1784817000,313.5,313.5,312.75,312.75
1784818800,312.75,312.75,312.75,312.75
1784874600,312.25,312.25,312.25,312.25
1784876400,312,315,311.25,315
1784878200,315,315.25,312.5,312.5
1784880000,312.5,313.75,312,313.5
1784881800,313.5,315.25,313.25,314.25
1784883600,314.5,315.5,313.5,313.75
1784885400,313.75,314.5,313.5,314
1784887200,314,314,312.75,313.5
1784889000,313.75,314.25,313,313
1784890800,313.25,313.5,312.75,312.75
1784892600,313,313.5,312.5,313.25
1784894400,313.5,313.5,312.25,312.5
1784896200,312.5,312.5,311.5,311.75
1784898000,311.75,312.75,311.25,312
1784899800,312,312.75,311.75,312.25
1784901600,312.25,313.5,312,313
1784903400,313,313.5,312.75,313
1784905200,312,312,312,312
1785133800,320,320,320,320
1785135600,320,328.75,319.5,327.5
1785137400,327.25,327.5,324,324
1785139200,323.75,326.5,323.25,325.75
1785141000,325.75,326.5,325.25,325.75
1785142800,326,327.5,325.75,326.25
1785144600,326.5,327,326.25,326.75
1785146400,326.75,326.75,326,326.5
1785148200,326.5,326.5,324.75,325.5
1785150000,325.25,326,324.75,324.75