time,open,high,low,close
1641191400,1.44293695,1.44293695,1.44293695,1.44293695
1641193200,1.44429557,1.45380671,1.4184805,1.42799136
1641195000,1.42799136,1.45652394,1.42663274,1.44701308
1641196800,1.44565446,1.45516532,1.44293695,1.4510892
1641198600,1.4510892,1.45788255,1.44701308,1.44973059
1641200400,1.44973059,1.45516532,1.44565446,1.45244781
1641202200,1.45244781,1.4660348,1.45244781,1.45924145
1641204000,1.45788255,1.46060006,1.44837169,1.45244781
1641205800,1.45244781,1.45380671,1.44565446,1.4510892
1641207600,1.4510892,1.45516532,1.43886083,1.44157834
1641209400,1.44157834,1.44837169,1.44021973,1.44837169
1641211200,1.44701308,1.45244781,1.44565446,1.44701308
1641213000,1.44837169,1.45244781,1.44565446,1.44701308
1641214800,1.44701308,1.4510892,1.44429557,1.44565446
1641216600,1.44565446,1.44973059,1.44293695,1.44701308
1641218400,1.44701308,1.44973059,1.44157834,1.44293695
1641220200,1.44293695,1.44973059,1.44157834,1.44565446
1641222000,1.44565446,1.44701308,1.44565446,1.44701308
1641277800,1.45652394,1.45652394,1.45652394,1.45652394
1641279600,1.45788255,1.49320877,1.45380671,1.49049154
1641281400,1.49185015,1.51902412,1.49049154,1.51358938
1641283200,1.514948,1.5326111,1.50407852,1.52853498
1641285000,1.52853498,1.53532833,1.51766522,1.52581747
1641286800,1.52581747,1.52853498,1.514948,1.52174135
1641288600,1.52174135,1.52581747,1.50815436,1.50815436
1641290400,1.50815436,1.52445886,1.50407852,1.52174135
1641292200,1.52174135,1.52445886,1.51087187,1.514948
1641294000,1.514948,1.52310024,1.50951326,1.51766522
1641295800,1.51766522,1.52038273,1.50951326,1.51630661
1641297600,1.51766522,1.52310024,1.51087187,1.51087187
1641299400,1.51087187,1.51358938,1.46739341,1.49320877
1641301200,1.49320877,1.5000024,1.47146953,1.5000024
1641303000,1.5000024,1.5000024,1.48098039,1.48369791
1641304800,1.48369791,1.49728489,1.47690456,1.49320877
1641306600,1.49320877,1.51358938,1.48777403,1.50679575
1641308400,1.50679575,1.50679575,1.50679575,1.50679575
1641364200,1.50951326,1.50951326,1.50951326,1.50951326
1641366000,1.50951326,1.50951326,1.48777403,1.49320877
1641367800,1.49320877,1.49728489,1.48913264,1.49049154
1641369600,1.48913264,1.49456738,1.48369791,1.48505652
1641371400,1.48505652,1.49320877,1.48233929,1.48913264
1641373200,1.48777403,1.49728489,1.48641542,1.48913264
1641375000,1.49049154,1.49320877,1.48641542,1.48777403
1641376800,1.48777403,1.48913264,1.48505652,1.48505652
1641378600,1.48641542,1.48913264,1.48369791,1.48913264
1641380400,1.48777403,1.48913264,1.48505652,1.48913264
1641382200,1.48913264,1.49320877,1.48641542,1.49185015
1641384000,1.49185015,1.49728489,1.48369791,1.48913264
1641385800,1.48913264,1.49456738,1.48777403,1.49456738
1641387600,1.49320877,1.52174135,1.49320877,1.51902412
1641389400,1.51902412,1.52174135,1.4986435,1.50815436
1641391200,1.50815436,1.514948,1.50271963,1.50543714
1641393000,1.50543714,1.514948,1.50271963,1.50951326
1641394800,1.51087187,1.51087187,1.51087187,1.51087187
1641450600,1.49456738,1.49456738,1.49456738,1.49456738
1641452400,1.49320877,1.53804584,1.48233929,1.53396972
1641454200,1.53396972,1.53804584,1.52310024,1.53396972
1641456000,1.53396972,1.53804584,1.52174135,1.52445886
1641457800,1.52310024,1.52853498,1.51766522,1.52717637
1641459600,1.52853498,1.52989359,1.52445886,1.52717637
1641461400,1.52581747,1.52717637,1.51766522,1.51902412
1641463200,1.51902412,1.52310024,1.51087187,1.51766522
1641465000,1.51766522,1.52038273,1.51358938,1.51902412
1641466800,1.51902412,1.51902412,1.50951326,1.51087187
1641468600,1.51223049,1.52038273,1.51087187,1.51223049
1641470400,1.51223049,1.51902412,1.50679575,1.51630661
1641472200,1.51630661,1.52174135,1.51358938,1.51902412
1641474000,1.51902412,1.52038273,1.51087187,1.514948
1641475800,1.51630661,1.51902412,1.51223049,1.51630661
1641477600,1.514948,1.51630661,1.50951326,1.50951326
1641479400,1.50951326,1.50951326,1.49320877,1.49320877
1641481200,1.49320877,1.49456738,1.48913264,1.48913264
1641537000,1.50543714,1.50543714,1.50543714,1.50543714
1641538800,1.50543714,1.51902412,1.5000024,1.51087187
1641540600,1.51087187,1.51223049,1.4986435,1.5000024
1641542400,1.5000024,1.50271963,1.49049154,1.49320877
1641544200,1.49456738,1.49728489,1.49049154,1.49320877
1641546000,1.49320877,1.5000024,1.49185015,1.49592628
1641547800,1.49592628,1.5000024,1.49456738,1.49456738
1641549600,1.49456738,1.4986435,1.49185015,1.49592628
1641551400,1.49592628,1.4986435,1.49049154,1.49456738
1641553200,1.49456738,1.49592628,1.47690456,1.48233929
1641555000,1.48098039,1.48913264,1.46739341,1.48777403
1641556800,1.48641542,1.48777403,1.47690456,1.48098039
1641558600,1.48098039,1.48233929,1.47011092,1.47690456
1641560400,1.47690456,1.48369791,1.47418705,1.48098039
1641562200,1.48098039,1.48913264,1.47554566,1.48641542
1641564000,1.48641542,1.50407852,1.48641542,1.49728489
1641565800,1.49592628,1.50407852,1.49185015,1.49592628
1641567600,1.5000024,1.5000024,1.5000024,1.5000024
1641796200,1.51223049,1.51223049,1.51223049,1.51223049
1641798000,1.51223049,1.51902412,1.5000024,1.51766522
1641799800,1.51766522,1.52038273,1.50951326,1.51630661
1641801600,1.514948,1.51766522,1.50951326,1.514948
1641803400,1.51358938,1.56929593,1.51358938,1.5625023
1641805200,1.5625023,1.57880679,1.55706756,1.56521981
1641807000,1.56521981,1.57201316,1.56114369,1.56793732
1641808800,1.56793732,1.57065455,1.55978507,1.5625023
1641810600,1.5625023,1.56929593,1.55570895,1.56793732
1641812400,1.56793732,1.57201316,1.55978507,1.56929593
1641814200,1.56793732,1.57337206,1.56521981,1.56929593
1641816000,1.56929593,1.57337206,1.55299144,1.55435034
1641817800,1.55570895,1.56521981,1.54483919,1.56114369
1641819600,1.5625023,1.57744818,1.55978507,1.57065455
1641821400,1.57065455,1.57065455,1.55706756,1.5638612
1641823200,1.5638612,1.56657842,1.54891531,1.55706756
1641825000,1.55978507,1.56114369,1.53668723,1.55163283
1641826800,1.53532833,1.53532833,1.53532833,1.53532833
1641882600,1.55978507,1.55978507,1.55978507,1.55978507
1641884400,1.55978507,1.56521981,1.53668723,1.54076335
1641886200,1.53940445,1.54483919,1.52174135,1.5326111
1641888000,1.53396972,1.54076335,1.52174135,1.52445886
1641889800,1.52310024,1.53125221,1.51630661,1.51902412
1641891600,1.51766522,1.51766522,1.5000024,1.50815436
1641893400,1.50815436,1.52310024,1.50679575,1.51902412
1641895200,1.51902412,1.52717637,1.51630661,1.52581747
1641897000,1.52445886,1.52717637,1.50815436,1.51358938
1641898800,1.51358938,1.514948,1.50679575,1.50815436
1641900600,1.50815436,1.52174135,1.50407852,1.52038273
1641902400,1.52038273,1.52717637,1.514948,1.51766522
1641904200,1.51630661,1.52989359,1.51630661,1.51902412
1641906000,1.52038273,1.52310024,1.51766522,1.52174135
1641907800,1.52310024,1.52445886,1.51358938,1.52038273
1641909600,1.51902412,1.52038273,1.50815436,1.50951326
1641911400,1.50951326,1.514948,1.50136101,1.50543714
1641913200,1.50407852,1.50407852,1.50407852,1.50407852
1641969000,1.53396972,1.53396972,1.53396972,1.53396972
1641970800,1.52989359,1.53396972,1.51223049,1.51766522
1641972600,1.51630661,1.51902412,1.50815436,1.50951326
1641974400,1.50951326,1.514948,1.50951326,1.51223049
1641976200,1.51223049,1.51223049,1.5000024,1.50815436
1641978000,1.50815436,1.51087187,1.50543714,1.50679575
1641979800,1.50679575,1.51087187,1.50407852,1.50951326
1641981600,1.50951326,1.51087187,1.50407852,1.50543714
1641983400,1.50407852,1.50951326,1.50407852,1.50679575
1641985200,1.50543714,1.50815436,1.50407852,1.50407852
1641987000,1.50271963,1.50679575,1.48913264,1.48913264
1641988800,1.49049154,1.49185015,1.47690456,1.48641542
1641990600,1.48641542,1.48641542,1.47554566,1.48505652
1641992400,1.48369791,1.48777403,1.47962178,1.48369791
1641994200,1.48505652,1.50679575,1.48505652,1.50271963
1641996000,1.50271963,1.50951326,1.48913264,1.49456738
1641997800,1.49456738,1.49728489,1.48505652,1.48641542
1641999600,1.48641542,1.48641542,1.48641542,1.48641542
1642055400,1.47554566,1.47554566,1.47554566,1.47554566
1642057200,1.47418705,1.5000024,1.46195867,1.4660348
1642059000,1.46467618,1.47282843,1.46195867,1.4660348
1642060800,1.4660348,1.47826317,1.46467618,1.47282843
1642062600,1.47282843,1.47554566,1.46875231,1.47011092
1642064400,1.47011092,1.47011092,1.46195867,1.4660348
1642066200,1.46739341,1.46875231,1.46467618,1.46739341
1642068000,1.46739341,1.47690456,1.46467618,1.47418705
1642069800,1.47418705,1.47690456,1.46195867,1.46875231
1642071600,1.47011092,1.47011092,1.46331757,1.46331757
1642073400,1.46331757,1.46875231,1.46331757,1.46467618
1642075200,1.46467618,1.46739341,1.46331757,1.46467618
1642077000,1.46467618,1.46739341,1.45924145,1.46467618
1642078800,1.46331757,1.4660348,1.45652394,1.45788255
1642080600,1.45788255,1.45924145,1.45244781,1.45516532
1642082400,1.45516532,1.45924145,1.44293695,1.44701308
1642084200,1.44701308,1.45516532,1.44021973,1.44293695
1642086000,1.44293695,1.44293695,1.44293695,1.44293695
1642141800,1.44021973,1.44021973,1.44021973,1.44021973
1642143600,1.44021973,1.48505652,1.43342609,1.45924145
1642145400,1.45788255,1.47418705,1.45244781,1.46739341
1642147200,1.46739341,1.47554566,1.46331757,1.47418705
1642149000,1.47418705,1.47826317,1.46467618,1.4660348
1642150800,1.46739341,1.47011092,1.46467618,1.4660348
1642152600,1.46739341,1.46739341,1.4510892,1.45516532
1642154400,1.45380671,1.45516532,1.44701308,1.4510892
1642156200,1.4510892,1.45652394,1.44837169,1.45516532
1642158000,1.45380671,1.45516532,1.44973059,1.45244781
1642159800,1.45244781,1.45516532,1.44973059,1.4510892
1642161600,1.4510892,1.45516532,1.44837169,1.4510892
1642163400,1.4510892,1.4510892,1.44157834,1.44293695
1642165200,1.44157834,1.44293695,1.4361436,1.44293695
1642167000,1.44293695,1.45924145,1.44293695,1.45380671
1642168800,1.45516532,1.47282843,1.45516532,1.47011092
1642170600,1.47011092,1.47282843,1.45788255,1.46195867
1642172400,1.45788255,1.45788255,1.45788255,1.45788255
1642401000,1.4660348,1.4660348,1.4660348,1.4660348
1642402800,1.4660348,1.47011092,1.44565446,1.44973059
1642404600,1.44973059,1.45924145,1.44701308,1.45924145
1642406400,1.45788255,1.46331757,1.45516532,1.45788255
1642408200,1.45788255,1.47011092,1.45652394,1.46331757
1642410000,1.46467618,1.48369791,1.46331757,1.47690456
1642411800,1.47690456,1.47690456,1.46331757,1.47146953
1642413600,1.47146953,1.48505652,1.47011092,1.47826317
1642415400,1.47826317,1.47962178,1.47146953,1.47418705
1642417200,1.47418705,1.47418705,1.46875231,1.47146953
1642419000,1.47282843,1.47418705,1.46875231,1.47146953
1642420800,1.47146953,1.47146953,1.46331757,1.4660348
1642422600,1.4660348,1.46875231,1.46195867,1.46331757
1642424400,1.46331757,1.4660348,1.45380671,1.45788255
1642426200,1.45788255,1.46195867,1.45380671,1.45788255
1642428000,1.45788255,1.46195867,1.45380671,1.45516532
1642429800,1.45516532,1.45788255,1.44701308,1.45244781
1642431600,1.45380671,1.45380671,1.45380671,1.45380671
1642487400,1.44837169,1.44837169,1.44837169,1.44837169
1642489200,1.44701308,1.46060006,1.44429557,1.44837169
1642491000,1.44837169,1.45516532,1.44565446,1.44701308
1642492800,1.44701308,1.44837169,1.44021973,1.44157834
1642494600,1.44157834,1.44429557,1.43886083,1.44293695
1642496400,1.44293695,1.44293695,1.42663274,1.43206748
1642498200,1.43206748,1.43206748,1.4184805,1.42255662
1642500000,1.42255662,1.42934997,1.4184805,1.42663274
1642501800,1.42663274,1.42799136,1.42119772,1.42527385
1642503600,1.42527385,1.42527385,1.4171216,1.42391523
1642505400,1.42255662,1.42663274,1.4184805,1.42255662
1642507200,1.42255662,1.42663274,1.42119772,1.42255662
1642509000,1.42255662,1.42391523,1.41032825,1.41168686
1642510800,1.41168686,1.41168686,1.38994792,1.39674127
1642512600,1.39538265,1.402176,1.38994792,1.39402375
1642514400,1.39266514,1.39402375,1.37636093,1.37636093
1642516200,1.36141505,1.36277395,1.34402378,1.34565423
1642573800,1.34511084,1.34511084,1.34511084,1.34511084
1642575600,1.34456717,1.38587179,1.33967582,1.35706737
1642577400,1.35761076,1.36549117,1.34565423,1.35163264
1642579200,1.35108897,1.36141505,1.34945852,1.35489325
1642581000,1.35489325,1.35869782,1.35271941,1.35706737
1642582800,1.35706737,1.35815415,1.34565423,1.34674129
1642584600,1.34674129,1.35108897,1.34184994,1.34945852
1642586400,1.34891513,1.35543693,1.34837174,1.34945852
1642588200,1.34891513,1.35815415,1.34076288,1.34239333
1642590000,1.34184994,1.34184994,1.32880635,1.33206724
1642591800,1.33152386,1.33804565,1.32826296,1.3364152
1642593600,1.3364152,1.34021949,1.33261063,1.33532814
1642595400,1.33532814,1.37228481,1.33424108,1.35543693
1642597200,1.35543693,1.37771954,1.35434986,1.36684979
1642599000,1.36820868,1.37907816,1.36549117,1.37636093
1642600800,1.37636093,1.38043677,1.36684979,1.37364342
1642602600,1.37364342,1.37364342,1.36141505,1.36141505
1642604400,1.36413256,1.36413256,1.36413256,1.36413256
1642660200,1.37364342,1.37364342,1.37364342,1.37364342
1642662000,1.37500203,1.39402375,1.37500203,1.37907816
1642663800,1.38043677,1.38179567,1.37228481,1.37636093
1642665600,1.37636093,1.37771954,1.36141505,1.36684979
1642667400,1.36684979,1.36820868,1.36141505,1.36413256
1642669200,1.36413256,1.36684979,1.35598031,1.36277395
1642671000,1.36277395,1.36277395,1.36005644,1.36141505
1642672800,1.36141505,1.3695673,1.35869782,1.36684979
1642674600,1.36684979,1.36820868,1.35869782,1.36277395
1642676400,1.36277395,1.37771954,1.36005644,1.3695673
1642678200,1.36820868,1.37771954,1.35000219,1.35543693
1642680000,1.35434986,1.36141505,1.34674129,1.35543693
1642681800,1.35543693,1.35869782,1.35000219,1.35108897
1642683600,1.35108897,1.35761076,1.34891513,1.35271941
1642685400,1.35380648,1.3565237,1.34674129,1.35217603
1642687200,1.35217603,1.35271941,1.30869756,1.30869756
1642689000,1.31032801,1.33532814,1.30543666,1.33424108
1642690800,1.33424108,1.33424108,1.33424108,1.33424108
1642746600,1.33152386,1.33152386,1.33152386,1.33152386
1642748400,1.33152386,1.33424108,1.31413259,1.31521936
1642750200,1.31467597,1.34402378,1.31304552,1.34130627
1642752000,1.34130627,1.34456717,1.32608912,1.3271759
1642753800,1.3271759,1.32771928,1.31956732,1.32337161
1642755600,1.323915,1.33315431,1.32282822,1.32880635
1642757400,1.32880635,1.33152386,1.32228455,1.3271759
1642759200,1.32663251,1.33261063,1.32282822,1.33098018
1642761000,1.3304368,1.33750198,1.32826296,1.32934973
1642762800,1.32880635,1.32880635,1.31956732,1.323915
1642764600,1.323915,1.32608912,1.31793687,1.32174116
1642766400,1.32119777,1.32554545,1.31793687,1.32119777
1642768200,1.32174116,1.32880635,1.3206541,1.3271759
1642770000,1.3271759,1.32826296,1.31902365,1.31956732
1642771800,1.32011071,1.3206541,1.31521936,1.31630642
1642773600,1.31576275,1.3271759,1.31467597,1.32337161
1642775400,1.32337161,1.32934973,1.32119777,1.32500206
1642777200,1.32554545,1.32554545,1.32554545,1.32554545
1643005800,1.32337161,1.32337161,1.32337161,1.32337161
1643007600,1.32337161,1.33369769,1.31793687,1.32119777
1643009400,1.32174116,1.32174116,1.31250214,1.31630642
1643011200,1.31630642,1.31630642,1.30652373,1.31521936
1643013000,1.31521936,1.31576275,1.30924124,1.31087169
1643014800,1.31087169,1.31467597,1.30869756,1.31304552
1643016600,1.31250214,1.31413259,1.30543666,1.30652373
1643018400,1.30598034,1.30652373,1.27554547,1.28587156
1643020200,1.28532817,1.28913245,1.25761053,1.25761053
1643022000,1.2614151,1.28206727,1.2581542,1.26195849
1643023800,1.26195849,1.27391502,1.25380624,1.26630616
1643025600,1.26630616,1.27554547,1.2614151,1.27119751
1643027400,1.27119751,1.27554547,1.2451106,1.25271918
1643029200,1.25380624,1.27282796,1.24728444,1.2581542
1643031000,1.2581542,1.27119751,1.25108873,1.26413232
1643032800,1.26413232,1.28261066,1.25924098,1.27880637
1643034600,1.27934976,1.27989315,1.25598008,1.25652375
1643092200,1.27174118,1.27174118,1.27174118,1.27174118
1643094000,1.27228457,1.28532817,1.23261068,1.24619767
1643095800,1.24674105,1.25108873,1.23913219,1.2483715
1643097600,1.2483715,1.25000195,1.2190237,1.22011047
1643099400,1.22011047,1.24076264,1.21195851,1.24021926
1643101200,1.24021926,1.26739322,1.23913219,1.26467571
1643103000,1.26467571,1.27934976,1.2614151,1.27608886
1643104800,1.27554547,1.29456719,1.27554547,1.28424111
1643106600,1.28424111,1.28587156,1.27391502,1.28098021
1643108400,1.28098021,1.28695862,1.27771931,1.27989315
1643110200,1.27989315,1.27989315,1.26739322,1.27934976
1643112000,1.27934976,1.28261066,1.27608886,1.27880637
1643113800,1.27934976,1.28695862,1.27174118,1.28695862
1643115600,1.28695862,1.30434989,1.28369772,1.2972847
1643117400,1.2972847,1.34565423,1.29456719,1.34184994
1643119200,1.34184994,1.35271941,1.32337161,1.33369769
1643121000,1.33315431,1.33369769,1.30761079,1.32826296
1643122800,1.32880635,1.33206724,1.32880635,1.33206724
1643178600,1.33424108,1.33424108,1.33424108,1.33424108
1643180400,1.33478476,1.33750198,1.30978463,1.31467597
1643182200,1.31521936,1.32771928,1.31358891,1.32771928
1643184000,1.32771928,1.33804565,1.31630642,1.3206541
1643185800,1.3206541,1.32880635,1.31684981,1.32011071
1643187600,1.32011071,1.32445867,1.31848026,1.32174116
1643189400,1.32174116,1.32663251,1.32011071,1.32282822
1643191200,1.32282822,1.32989341,1.31848026,1.32989341
1643193000,1.32989341,1.33424108,1.32174116,1.32228455
1643194800,1.32228455,1.323915,1.31793687,1.31956732
1643196600,1.32011071,1.323915,1.31793687,1.31902365
1643198400,1.31956732,1.32119777,1.31304552,1.31630642
1643200200,1.31630642,1.31684981,1.2972847,1.30652373
1643202000,1.30652373,1.31087169,1.30163238,1.30761079
1643203800,1.30761079,1.31141507,1.30489328,1.30978463
1643205600,1.31032801,1.31087169,1.30163238,1.30652373
1643207400,1.30706711,1.30706711,1.29674103,1.29674103
1643209200,1.29619764,1.29619764,1.29619764,1.29619764
1643265000,1.26902367,1.26902367,1.26902367,1.26902367
1643266800,1.26902367,1.2907629,1.26195849,1.27500208
1643268600,1.27500208,1.29565425,1.27228457,1.28695862
1643270400,1.28641494,1.30869756,1.28641494,1.30163238
1643272200,1.30163238,1.31413259,1.29511058,1.30706711
1643274000,1.30706711,1.31032801,1.29891515,1.30761079
1643275800,1.30761079,1.30869756,1.29945854,1.30434989
1643277600,1.30434989,1.30815418,1.3005456,1.30326283
1643279400,1.30217577,1.30598034,1.29945854,1.30217577
1643281200,1.30217577,1.31141507,1.30108899,1.30761079
1643283000,1.30706711,1.30978463,1.30326283,1.30761079
1643284800,1.30761079,1.30815418,1.29891515,1.30271944
1643286600,1.30271944,1.30489328,1.29782809,1.30217577
1643288400,1.30271944,1.30815418,1.30217577,1.30326283
1643290200,1.30326283,1.30761079,1.30163238,1.30489328
1643292000,1.30543666,1.30652373,1.30163238,1.30652373
1643293800,1.30652373,1.32011071,1.30489328,1.31521936
1643295600,1.31630642,1.31630642,1.31630642,1.31630642
1643351400,1.31793687,1.31793687,1.31793687,1.31793687
1643353200,1.31848026,1.33369769,1.31358891,1.32228455
1643355000,1.32174116,1.32554545,1.3173932,1.32500206
1643356800,1.32445867,1.32608912,1.31250214,1.3173932
1643358600,1.3173932,1.32011071,1.31250214,1.31848026
1643360400,1.31793687,1.31902365,1.30543666,1.30869756
1643362200,1.30815418,1.31141507,1.30108899,1.30489328
1643364000,1.30434989,1.30598034,1.29837148,1.30326283
1643365800,1.30271944,1.30652373,1.29837148,1.30380622
1643367600,1.30434989,1.30434989,1.29619764,1.3005456
1643369400,1.3005456,1.30434989,1.29945854,1.30217577
1643371200,1.30217577,1.30217577,1.2907629,1.29184968
1643373000,1.29293674,1.2972847,1.2907629,1.29348013
1643374800,1.2940238,1.29945854,1.2907629,1.29782809
1643376600,1.29782809,1.30217577,1.29239335,1.29348013
1643378400,1.29293674,1.29619764,1.29184968,1.2940238
1643380200,1.29456719,1.29456719,1.28369772,1.28858907
1643382000,1.28641494,1.28641494,1.28641494,1.28641494
1643610600,1.29565425,1.29565425,1.29565425,1.29565425
1643612400,1.29565425,1.30163238,1.28967584,1.29348013
1643614200,1.29348013,1.29674103,1.2907629,1.2940238
1643616000,1.29456719,1.29674103,1.28750201,1.28913245
1643617800,1.28967584,1.29565425,1.28858907,1.28913245
1643619600,1.28913245,1.2907629,1.28641494,1.28967584
1643621400,1.29021923,1.2940238,1.28750201,1.28913245
1643623200,1.28967584,1.28967584,1.28532817,1.28695862
1643625000,1.28695862,1.28804539,1.28098021,1.28424111
1643626800,1.28424111,1.28532817,1.28043682,1.28424111
1643628600,1.28478449,1.28750201,1.28261066,1.28369772
1643630400,1.28369772,1.28424111,1.27228457,1.27282796
1643632200,1.27228457,1.27771931,1.27174118,1.27391502
1643634000,1.27391502,1.27989315,1.27282796,1.27608886
1643635800,1.27608886,1.28587156,1.27554547,1.28369772
1643637600,1.28369772,1.28369772,1.27880637,1.28098021
1643639400,1.28098021,1.2815236,1.26793661,1.27337163
1643641200,1.27391502,1.27391502,1.27391502,1.27391502
1643697000,1.27771931,1.27771931,1.27771931,1.27771931
1643698800,1.27771931,1.33424108,1.27771931,1.33424108
1643700600,1.33424108,1.33695859,1.31902365,1.323915
1643702400,1.323915,1.34184994,1.32011071,1.33750198
1643704200,1.33858904,1.34511084,1.32934973,1.33532814
1643706000,1.33478476,1.33587153,1.32771928,1.32826296
1643707800,1.32826296,1.33913243,1.3271759,1.3364152
1643709600,1.33587153,1.33967582,1.32989341,1.33315431
1643711400,1.33369769,1.33369769,1.32934973,1.33098018
1643713200,1.33152386,1.33315431,1.3271759,1.32880635
1643715000,1.32880635,1.33478476,1.3271759,1.33478476
1643716800,1.33478476,1.3364152,1.32554545,1.32771928
1643718600,1.3271759,1.32771928,1.32174116,1.32608912
1643720400,1.32663251,1.32663251,1.32011071,1.3206541
1643722200,1.3206541,1.32663251,1.31684981,1.32337161
1643724000,1.32282822,1.32337161,1.31358891,1.31630642
1643725800,1.31630642,1.3206541,1.30924124,1.31684981
1643727600,1.3173932,1.3173932,1.3173932,1.3173932
1643783400,1.32174116,1.32174116,1.32174116,1.32174116
1643785200,1.32228455,1.33695859,1.32174116,1.32554545
1643787000,1.32554545,1.32663251,1.32228455,1.32337161
1643788800,1.323915,1.323915,1.31250214,1.31413259
1643790600,1.31358891,1.31413259,1.29891515,1.30326283
1643792400,1.30326283,1.30869756,1.30163238,1.30815418
1643794200,1.30869756,1.30978463,1.30271944,1.30380622
1643796000,1.30380622,1.30380622,1.29239335,1.29891515
1643797800,1.29891515,1.30163238,1.2940238,1.2972847
1643799600,1.29674103,1.29837148,1.28913245,1.2940238
1643801400,1.29456719,1.29837148,1.29239335,1.29674103
1643803200,1.29674103,1.29837148,1.29456719,1.29511058
1643805000,1.29511058,1.30108899,1.29348013,1.29891515
1643806800,1.29945854,1.30000193,1.2940238,1.29565425
1643808600,1.29511058,1.29837148,1.28913245,1.28967584
1643810400,1.28967584,1.29021923,1.28206727,1.28858907
1643812200,1.28804539,1.28913245,1.2815236,1.28695862
1643814000,1.28532817,1.28532817,1.28532817,1.28532817
1643869800,1.28587156,1.28587156,1.28587156,1.28587156
1643871600,1.28587156,1.30163238,1.28261066,1.28695862
1643873400,1.28695862,1.2907629,1.27717592,1.28315405
1643875200,1.28315405,1.28369772,1.27174118,1.2782627
1643877000,1.2782627,1.2815236,1.27663225,1.27989315
1643878800,1.27989315,1.28532817,1.27717592,1.28424111
1643880600,1.28369772,1.28424111,1.27500208,1.27717592
1643882400,1.27717592,1.28043682,1.27608886,1.27771931
1643884200,1.2782627,1.27880637,1.27391502,1.27391502
1643886000,1.27445841,1.27880637,1.27391502,1.27608886
1643887800,1.27608886,1.27771931,1.27391502,1.27663225
1643889600,1.27663225,1.27717592,1.27391502,1.27500208
1643891400,1.27554547,1.27989315,1.27500208,1.27880637
1643893200,1.27934976,1.27934976,1.27445841,1.27934976
1643895000,1.27934976,1.28261066,1.26739322,1.27011073
1643896800,1.27011073,1.27065412,1.25924098,1.26848028
1643898600,1.26848028,1.26902367,1.24674105,1.25380624
1643900400,1.25380624,1.25978465,1.25380624,1.25978465
1643956200,1.26358894,1.26358894,1.26358894,1.26358894
1643958000,1.26413232,1.27771931,1.25054534,1.26087143
1643959800,1.26087143,1.26304555,1.25598008,1.26032804
1643961600,1.26032804,1.27065412,1.25978465,1.26250188
1643963400,1.26250188,1.26630616,1.24619767,1.25217579
1643965200,1.25271918,1.25978465,1.25054534,1.25761053
1643967000,1.25706714,1.25761053,1.25271918,1.25380624
1643968800,1.25380624,1.2581542,1.25108873,1.25598008
1643970600,1.25598008,1.25924098,1.25543669,1.2581542
1643972400,1.2581542,1.25869759,1.25000195,1.25108873
1643974200,1.25108873,1.25271918,1.24619767,1.24674105
1643976000,1.24728444,1.24945856,1.23913219,1.2483715
1643977800,1.2483715,1.25271918,1.24565399,1.2516324
1643979600,1.2516324,1.29837148,1.24891489,1.27989315
1643981400,1.27934976,1.2940238,1.26902367,1.2782627
1643983200,1.27771931,1.28804539,1.27663225,1.28532817
1643985000,1.28532817,1.29021923,1.27445841,1.28967584
1643986800,1.28967584,1.2907629,1.28913245,1.29021923
1644215400,1.2907629,1.2907629,1.2907629,1.2907629
1644217200,1.2907629,1.2907629,1.27065412,1.27445841
1644219000,1.27500208,1.27880637,1.27011073,1.27445841
1644220800,1.27445841,1.27663225,1.2548933,1.26087143
1644222600,1.2614151,1.26413232,1.25108873,1.26304555
1644224400,1.26304555,1.26848028,1.26087143,1.26576277
1644226200,1.26576277,1.26739322,1.26087143,1.26358894
1644228000,1.26358894,1.26684984,1.2614151,1.26358894
1644229800,1.26413232,1.26848028,1.26413232,1.26684984
1644231600,1.26684984,1.28206727,1.26413232,1.28043682
1644233400,1.28043682,1.28424111,1.27663225,1.27771931
1644235200,1.27771931,1.28206727,1.27500208,1.27554547
1644237000,1.27608886,1.28750201,1.27554547,1.28043682
1644238800,1.28043682,1.2907629,1.27989315,1.28750201
1644240600,1.28750201,1.31304552,1.28532817,1.30271944
1644242400,1.30271944,1.30869756,1.3005456,1.30380622
1644244200,1.30380622,1.30380622,1.29239335,1.29782809
1644246000,1.29837148,1.3005456,1.29837148,1.3005456
1644301800,1.29891515,1.29891515,1.29891515,1.29891515
1644303600,1.30000193,1.34239333,1.29348013,1.34184994
1644305400,1.34130627,1.34239333,1.3173932,1.32554545
1644307200,1.32608912,1.32989341,1.32337161,1.32554545
1644309000,1.32554545,1.32554545,1.31793687,1.32174116
1644310800,1.32174116,1.32554545,1.31902365,1.3206541
1644312600,1.3206541,1.32282822,1.31848026,1.31902365
1644314400,1.31848026,1.3206541,1.30978463,1.31848026
1644316200,1.31793687,1.32119777,1.31793687,1.31902365
1644318000,1.31902365,1.31956732,1.29837148,1.3005456
1644319800,1.30000193,1.31032801,1.29837148,1.30761079
1644321600,1.30761079,1.31032801,1.30380622,1.30652373
1644323400,1.30598034,1.30978463,1.30326283,1.30924124
1644325200,1.30869756,1.32337161,1.30761079,1.3173932
1644327000,1.3173932,1.32011071,1.31195846,1.31848026
1644328800,1.31848026,1.32011071,1.31250214,1.31521936
1644330600,1.31576275,1.31576275,1.3005456,1.30489328
1644332400,1.30652373,1.30652373,1.30652373,1.30652373
1644388200,1.31793687,1.31793687,1.31793687,1.31793687
1644390000,1.31848026,1.32880635,1.31358891,1.32445867
1644391800,1.323915,1.33858904,1.3206541,1.32663251
1644393600,1.32608912,1.3304368,1.32282822,1.32880635
1644395400,1.32934973,1.33369769,1.3271759,1.33152386
1644397200,1.33152386,1.33206724,1.3271759,1.32934973
1644399000,1.32934973,1.33858904,1.32826296,1.3364152
1644400800,1.3364152,1.34239333,1.32771928,1.33206724
1644402600,1.33206724,1.33532814,1.3304368,1.33478476
1644404400,1.33532814,1.33967582,1.33206724,1.33750198
1644406200,1.33695859,1.33695859,1.33315431,1.33478476
1644408000,1.33478476,1.3364152,1.32608912,1.32771928
1644409800,1.32826296,1.33587153,1.32554545,1.33315431
1644411600,1.33369769,1.33532814,1.3304368,1.33206724
1644413400,1.33206724,1.33695859,1.32989341,1.33261063
1644415200,1.33261063,1.33750198,1.33206724,1.33695859
1644417000,1.33695859,1.35271941,1.33152386,1.35217603
1644418800,1.35217603,1.35217603,1.35000219,1.35000219
1644474600,1.35108897,1.35108897,1.35108897,1.35108897
1644476400,1.35163264,1.35543693,1.33967582,1.34456717
1644478200,1.34402378,1.34837174,1.34076288,1.34184994
1644480000,1.34130627,1.34239333,1.33478476,1.33532814
1644481800,1.33532814,1.33532814,1.32608912,1.3304368
1644483600,1.3304368,1.33587153,1.32989341,1.33478476
1644485400,1.33478476,1.33532814,1.33098018,1.33369769
1644487200,1.33369769,1.33532814,1.3304368,1.33261063
1644489000,1.33261063,1.33261063,1.32934973,1.33152386
1644490800,1.33206724,1.33587153,1.3304368,1.33478476
1644492600,1.33478476,1.33695859,1.3304368,1.3304368
1644494400,1.3304368,1.33206724,1.32989341,1.33152386
1644496200,1.33152386,1.33424108,1.3304368,1.33261063
1644498000,1.33315431,1.33478476,1.33098018,1.33152386
1644499800,1.33206724,1.33315431,1.32500206,1.32989341
1644501600,1.32989341,1.33424108,1.32771928,1.32826296
1644503400,1.32880635,1.33478476,1.3271759,1.32826296
1644505200,1.32826296,1.32880635,1.32663251,1.32663251
1644561000,1.31250214,1.31250214,1.31250214,1.31250214
1644562800,1.31304552,1.32337161,1.31141507,1.32119777
1644564600,1.32119777,1.33858904,1.3206541,1.33369769
1644566400,1.33315431,1.33858904,1.33206724,1.33424108
1644568200,1.33478476,1.3364152,1.33098018,1.33424108
1644570000,1.33424108,1.33424108,1.32608912,1.3304368
1644571800,1.33098018,1.33152386,1.3206541,1.32228455
1644573600,1.32174116,1.32174116,1.30761079,1.31087169
1644575400,1.31032801,1.31087169,1.29619764,1.30924124
1644577200,1.30924124,1.31195846,1.30706711,1.30815418
1644579000,1.30815418,1.30815418,1.29348013,1.30489328
1644580800,1.30489328,1.31032801,1.30326283,1.30924124
1644582600,1.30978463,1.31684981,1.30924124,1.31087169
1644584400,1.31087169,1.32934973,1.31087169,1.32608912
1644586200,1.32608912,1.33858904,1.323915,1.3364152
1644588000,1.33587153,1.34184994,1.33098018,1.33261063
1644589800,1.33206724,1.3364152,1.32608912,1.33206724
1644591600,1.33152386,1.33152386,1.33152386,1.33152386
1644820200,1.30434989,1.30434989,1.30434989,1.30434989
1644822000,1.30434989,1.31358891,1.29945854,1.3005456
1644823800,1.30108899,1.30380622,1.29619764,1.30163238
1644825600,1.30108899,1.30815418,1.29674103,1.2972847
1644827400,1.2972847,1.29891515,1.27717592,1.28478449
1644829200,1.28424111,1.28967584,1.27880637,1.28913245
1644831000,1.28913245,1.2907629,1.28424111,1.29021923
1644832800,1.29021923,1.29293674,1.28750201,1.29184968
1644834600,1.29184968,1.29293674,1.28913245,1.29021923
1644836400,1.2907629,1.29511058,1.28858907,1.29348013
1644838200,1.29348013,1.29511058,1.28695862,1.29456719
1644840000,1.29511058,1.29511058,1.28587156,1.28913245
1644841800,1.28913245,1.30108899,1.28641494,1.3005456
1644843600,1.30108899,1.30598034,1.29891515,1.30489328
1644845400,1.30543666,1.30706711,1.29619764,1.29837148
1644847200,1.29782809,1.30000193,1.29348013,1.29348013
1644849000,1.2940238,1.29511058,1.27989315,1.28206727
1644850800,1.27717592,1.27717592,1.27717592,1.27717592
1644906600,1.28641494,1.28641494,1.28641494,1.28641494
1644908400,1.28695862,1.29348013,1.28695862,1.28913245
1644910200,1.28858907,1.28913245,1.27880637,1.28369772
1644912000,1.28369772,1.30489328,1.28261066,1.30271944
1644913800,1.30326283,1.31250214,1.30163238,1.30543666
1644915600,1.30543666,1.30869756,1.30326283,1.30815418
1644917400,1.30815418,1.30924124,1.30380622,1.30869756
1644919200,1.30869756,1.31141507,1.30489328,1.30652373
1644921000,1.30652373,1.31032801,1.30652373,1.30761079
1644922800,1.30761079,1.31521936,1.30706711,1.31195846
1644924600,1.31195846,1.31684981,1.30978463,1.31358891
1644926400,1.31358891,1.31358891,1.30543666,1.30761079
1644928200,1.30761079,1.30815418,1.30163238,1.30489328
1644930000,1.30434989,1.30598034,1.30217577,1.30489328
1644931800,1.30489328,1.30598034,1.2972847,1.2972847
1644933600,1.2972847,1.30271944,1.29348013,1.29891515
1644935400,1.29837148,1.30108899,1.29565425,1.29891515
1644937200,1.29945854,1.29945854,1.29891515,1.29891515
1644993000,1.30598034,1.30598034,1.30598034,1.30598034
1644994800,1.30489328,1.32880635,1.30489328,1.323915
1644996600,1.323915,1.32880635,1.32174116,1.32663251
1644998400,1.3271759,1.33695859,1.32663251,1.32880635
1645000200,1.32880635,1.3304368,1.32445867,1.32500206
1645002000,1.32500206,1.32608912,1.31848026,1.323915
1645003800,1.323915,1.32663251,1.31902365,1.32011071
1645005600,1.3206541,1.32228455,1.31684981,1.31684981
1645007400,1.31684981,1.32282822,1.31684981,1.32282822
1645009200,1.32282822,1.32445867,1.32174116,1.32282822
1645011000,1.32282822,1.32554545,1.32011071,1.3206541
1645012800,1.3206541,1.32500206,1.31848026,1.32282822
1645014600,1.32337161,1.32608912,1.3206541,1.32174116
1645016400,1.32119777,1.32445867,1.31956732,1.32337161
1645018200,1.32337161,1.33369769,1.31956732,1.32500206
1645020000,1.32500206,1.32554545,1.31032801,1.3173932
1645021800,1.3173932,1.31902365,1.31413259,1.31467597
1645023600,1.31087169,1.31087169,1.31087169,1.31087169
1645079400,1.3206541,1.3206541,1.3206541,1.3206541
1645081200,1.32119777,1.33478476,1.3206541,1.32934973
1645083000,1.32934973,1.3364152,1.32608912,1.32826296
1645084800,1.32771928,1.3304368,1.32337161,1.323915
1645086600,1.32337161,1.32337161,1.29021923,1.31141507
1645088400,1.31141507,1.31793687,1.30924124,1.31576275
1645090200,1.31576275,1.32011071,1.31467597,1.31848026
1645092000,1.31848026,1.3206541,1.31358891,1.31956732
1645093800,1.31956732,1.32011071,1.31684981,1.31793687
1645095600,1.31848026,1.32228455,1.31521936,1.31902365
1645097400,1.31793687,1.31956732,1.31576275,1.31684981
1645099200,1.31684981,1.32663251,1.31684981,1.32500206
1645101000,1.32554545,1.3271759,1.31902365,1.32119777
1645102800,1.32119777,1.323915,1.31413259,1.31576275
1645104600,1.31576275,1.31848026,1.30761079,1.31032801
1645106400,1.30978463,1.31521936,1.30108899,1.30163238
1645108200,1.30108899,1.30326283,1.28913245,1.2940238
1645110000,1.28967584,1.28967584,1.28967584,1.28967584
1645165800,1.30543666,1.30543666,1.30543666,1.30543666
1645167600,1.30598034,1.31141507,1.29619764,1.29891515
1645169400,1.29891515,1.30326283,1.29674103,1.29891515
1645171200,1.29837148,1.3005456,1.29674103,1.29782809
1645173000,1.2972847,1.30108899,1.29130629,1.29184968
1645174800,1.29130629,1.29456719,1.28913245,1.29021923
1645176600,1.28967584,1.29511058,1.28967584,1.29511058
1645178400,1.29511058,1.29565425,1.29130629,1.2940238
1645180200,1.2940238,1.2940238,1.28967584,1.29021923
1645182000,1.29021923,1.2907629,1.28478449,1.28913245
1645183800,1.28858907,1.2907629,1.28750201,1.28858907
1645185600,1.28913245,1.29293674,1.28804539,1.29130629
1645187400,1.29130629,1.29239335,1.28858907,1.2907629
1645189200,1.29021923,1.29130629,1.27989315,1.28315405
1645191000,1.28315405,1.28478449,1.27771931,1.28261066
1645192800,1.28261066,1.28478449,1.2782627,1.28043682
1645194600,1.28043682,1.29782809,1.27989315,1.29674103
1645196400,1.29674103,1.29674103,1.29674103,1.29674103
1645425000,1.30761079,1.30761079,1.30761079,1.30761079
1645426800,1.30815418,1.32771928,1.30761079,1.32174116
1645428600,1.32174116,1.32445867,1.31684981,1.31902365
1645430400,1.31848026,1.32445867,1.3173932,1.32228455
1645432200,1.32228455,1.32228455,1.31576275,1.3173932
1645434000,1.31684981,1.31793687,1.31141507,1.31304552
1645435800,1.31304552,1.31576275,1.31195846,1.31358891
1645437600,1.31413259,1.31576275,1.31250214,1.31467597
1645439400,1.31521936,1.31630642,1.30924124,1.31195846
1645441200,1.31250214,1.31358891,1.30706711,1.30761079
1645443000,1.30761079,1.30978463,1.29891515,1.3005456
1645444800,1.30108899,1.30380622,1.2972847,1.30326283
1645446600,1.30271944,1.30326283,1.29130629,1.29837148
1645448400,1.29782809,1.3005456,1.28641494,1.29565425
1645450200,1.29565425,1.30380622,1.29293674,1.30000193
1645452000,1.3005456,1.31413259,1.30000193,1.31087169
1645453800,1.31141507,1.31304552,1.30217577,1.30706711
1645455600,1.30543666,1.30543666,1.30543666,1.30543666
1645511400,1.26358894,1.26358894,1.26358894,1.26358894
1645513200,1.26467571,1.2815236,1.26250188,1.26630616
1645515000,1.26576277,1.27554547,1.26413232,1.27228457
1645516800,1.27174118,1.27880637,1.27119751,1.27500208
1645518600,1.27500208,1.27880637,1.27228457,1.27771931
1645520400,1.27771931,1.27989315,1.27282796,1.27445841
1645522200,1.27391502,1.27500208,1.27174118,1.27228457
1645524000,1.27228457,1.28206727,1.27011073,1.27880637
1645525800,1.27880637,1.28804539,1.27663225,1.28750201
1645527600,1.28804539,1.29239335,1.28098021,1.28587156
1645529400,1.28587156,1.28587156,1.28098021,1.28261066
1645531200,1.28206727,1.28369772,1.27608886,1.28206727
1645533000,1.28206727,1.28424111,1.27934976,1.27934976
1645534800,1.27989315,1.28858907,1.27934976,1.28532817
1645536600,1.28532817,1.2907629,1.2815236,1.28750201
1645538400,1.28750201,1.28913245,1.28043682,1.2815236
1645540200,1.28206727,1.28424111,1.27445841,1.28261066
1645542000,1.28206727,1.28206727,1.28206727,1.28206727
1645597800,1.29348013,1.29348013,1.29348013,1.29348013
1645599600,1.2940238,1.29891515,1.28804539,1.29184968
1645601400,1.29239335,1.29239335,1.28967584,1.29130629
1645603200,1.29130629,1.2940238,1.28641494,1.28750201
1645605000,1.28750201,1.28967584,1.28695862,1.28750201
1645606800,1.28750201,1.29021923,1.28641494,1.28913245
1645608600,1.28858907,1.29184968,1.28858907,1.2907629
1645610400,1.2907629,1.29130629,1.28858907,1.28967584
1645612200,1.29021923,1.2907629,1.28913245,1.28967584
1645614000,1.28967584,1.29184968,1.28641494,1.28858907
1645615800,1.28913245,1.28967584,1.28587156,1.28858907
1645617600,1.28858907,1.28967584,1.28424111,1.28587156
1645619400,1.28641494,1.28804539,1.27934976,1.28206727
1645621200,1.28206727,1.28206727,1.27391502,1.2782627
1645623000,1.27771931,1.27934976,1.27445841,1.27608886
1645624800,1.27608886,1.27771931,1.27337163,1.27717592
1645626600,1.27717592,1.28098021,1.27174118,1.27554547
1645628400,1.27554547,1.27554547,1.27065412,1.27065412
1645684200,1.15489307,1.15489307,1.15489307,1.15489307
1645686000,1.15489307,1.15489307,1.15489307,1.15489307
1645687800,1.15434968,1.20326259,1.15434968,1.20163214
1645689600,1.20163214,1.20434965,1.19348018,1.19456696
1645691400,1.19402357,1.20869761,1.17826275,1.18315409
1645693200,1.18315409,1.19619741,1.17500185,1.19239312
1645695000,1.19239312,1.19402357,1.1701105,1.17445846
1645696800,1.17445846,1.1766323,1.15434968,1.15434968
1645698600,1.15434968,1.15434968,1.14402359,1.14402359
1645700400,1.14402359,1.14402359,1.14402359,1.14402359
1645702200,1.14402359,1.15434968,1.14402359,1.14402359
1645704000,1.14402359,1.14619743,1.14402359,1.14402359
1645705800,1.14402359,1.14402359,1.14402359,1.14402359
1645707600,1.14402359,1.14402359,1.14402359,1.14402359
1645709400,1.14402359,1.14402359,1.14402359,1.14402359
1645711200,1.14402359,1.14402359,1.14402359,1.14402359
1645713000,1.14402359,1.14402359,1.14402359,1.14402359
1645714800,1.14402359,1.14402359,1.14402359,1.14402359
1645770600,1.16848005,1.16848005,1.16848005,1.16848005
1645772400,1.16793666,1.18261042,1.14728449,1.15271923
1645774200,1.15271923,1.15869735,1.15108878,1.15652351
1645776000,1.15598013,1.16195825,1.15000172,1.15163217
1645777800,1.15163217,1.16413209,1.15108878,1.16304531
1645779600,1.16467576,1.19130606,1.16413209,1.18750177
1645781400,1.18804516,1.20978439,1.18695838,1.20761055
1645783200,1.20761055,1.21630619,1.20380626,1.20761055
1645785000,1.20815394,1.23804542,1.20815394,1.23369746
1645786800,1.23369746,1.23587158,1.2157628,1.22174092
1645788600,1.22174092,1.22934978,1.21848002,1.22717566
1645790400,1.22608888,1.23913219,1.22554521,1.23043656
1645792200,1.23098023,1.24293677,1.22826272,1.24293677
1645794000,1.24348015,1.25380624,1.24293677,1.24674105
1645795800,1.24674105,1.25543669,1.24619767,1.25108873
1645797600,1.25108873,1.2581542,1.25108873,1.2581542
1645799400,1.2581542,1.2581542,1.2581542,1.2581542
1645801200,1.2581542,1.2581542,1.2581542,1.2581542
1646029800,1.2548933,1.2548933,1.2548933,1.2548933
1646031600,1.25434963,1.2907629,1.24565399,1.27771931
1646033400,1.27717592,1.29293674,1.27663225,1.28369772
1646035200,1.28315405,1.28587156,1.27608886,1.27771931
1646037000,1.27771931,1.2782627,1.26576277,1.27228457
1646038800,1.27228457,1.27771931,1.27119751,1.27608886
1646040600,1.27608886,1.2782627,1.27065412,1.27119751
1646042400,1.27119751,1.27282796,1.26304555,1.26793661
1646044200,1.26848028,1.27011073,1.25761053,1.25869759
1646046000,1.25869759,1.26956706,1.2581542,1.26630616
1646047800,1.26630616,1.26902367,1.26521939,1.26576277
1646049600,1.26576277,1.27554547,1.26521939,1.27228457
1646051400,1.27228457,1.27771931,1.26848028,1.27011073
1646053200,1.27011073,1.27011073,1.25543669,1.26250188
1646055000,1.26250188,1.26467571,1.25761053,1.26250188
1646056800,1.26250188,1.26358894,1.25706714,1.25978465
1646058600,1.26032804,1.27119751,1.2581542,1.26576277
1646060400,1.26250188,1.26250188,1.26250188,1.26250188
1646116200,1.27717592,1.27717592,1.27717592,1.27717592
1646118000,1.27771931,1.29674103,1.27771931,1.28913245
1646119800,1.28967584,1.29348013,1.2815236,1.28369772
1646121600,1.28315405,1.28750201,1.28043682,1.28587156
1646123400,1.28587156,1.28641494,1.28315405,1.28532817
1646125200,1.28478449,1.28750201,1.28098021,1.2815236
1646127000,1.2815236,1.28315405,1.27391502,1.27989315
1646128800,1.27934976,1.28098021,1.26739322,1.26848028
1646130600,1.26848028,1.27174118,1.26358894,1.26630616
1646132400,1.26630616,1.27228457,1.26521939,1.26956706
1646134200,1.26956706,1.27228457,1.25000195,1.25652375
1646136000,1.25652375,1.26684984,1.2483715,1.26467571
1646137800,1.26467571,1.26902367,1.26195849,1.26413232
1646139600,1.26413232,1.26467571,1.25380624,1.25978465
1646141400,1.25978465,1.27065412,1.25761053,1.26793661
1646143200,1.26793661,1.27011073,1.25978465,1.26304555
1646145000,1.26304555,1.26630616,1.25869759,1.26576277
1646146800,1.26521939,1.26521939,1.26521939,1.26521939
1646202600,1.26576277,1.26576277,1.26576277,1.26576277
1646204400,1.26576277,1.28750201,1.25326285,1.28424111
1646206200,1.28424111,1.28967584,1.2782627,1.28804539
1646208000,1.28858907,1.29021923,1.27282796,1.27554547
1646209800,1.27445841,1.27934976,1.27228457,1.27282796
1646211600,1.27228457,1.27771931,1.26956706,1.27663225
1646213400,1.27717592,1.27880637,1.27391502,1.27663225
1646215200,1.27663225,1.2782627,1.27391502,1.27554547
1646217000,1.27554547,1.27663225,1.27391502,1.27554547
1646218800,1.27554547,1.27663225,1.27119751,1.27445841
1646220600,1.27500208,1.28804539,1.27282796,1.27934976
1646222400,1.27934976,1.28261066,1.2782627,1.27934976
1646224200,1.27989315,1.28206727,1.27391502,1.27717592
1646226000,1.27717592,1.27989315,1.27228457,1.27337163
1646227800,1.27391502,1.27608886,1.27065412,1.27500208
1646229600,1.27445841,1.27608886,1.27065412,1.27228457
1646231400,1.27228457,1.28206727,1.26848028,1.28098021
1646233200,1.28369772,1.28369772,1.28369772,1.28369772
1646289000,1.33967582,1.33967582,1.33967582,1.33967582
1646290800,1.34021949,1.35869782,1.323915,1.32663251
1646292600,1.32663251,1.3271759,1.31630642,1.32174116
1646294400,1.32228455,1.32282822,1.31630642,1.31902365
1646296200,1.31848026,1.323915,1.31304552,1.32119777
1646298000,1.32119777,1.32500206,1.31848026,1.32119777
1646299800,1.32174116,1.32608912,1.32119777,1.32445867
1646301600,1.323915,1.32500206,1.3173932,1.31956732
1646303400,1.31902365,1.32011071,1.3173932,1.31956732
1646305200,1.31902365,1.32174116,1.31848026,1.31848026
1646307000,1.31848026,1.32011071,1.31684981,1.31848026
1646308800,1.31848026,1.32119777,1.31793687,1.31848026
1646310600,1.31902365,1.33206724,1.31793687,1.32989341
1646312400,1.32989341,1.33532814,1.32554545,1.32771928
1646314200,1.32771928,1.34239333,1.3271759,1.34184994
1646316000,1.34239333,1.34782807,1.32771928,1.33098018
1646317800,1.3304368,1.33206724,1.31684981,1.32500206
1646319600,1.32174116,1.32174116,1.32174116,1.32174116
1646375400,1.31848026,1.31848026,1.31848026,1.31848026
1646377200,1.31848026,1.34348039,1.31413259,1.33587153
1646379000,1.33587153,1.33750198,1.3304368,1.33695859
1646380800,1.3364152,1.33695859,1.32554545,1.3271759
1646382600,1.32663251,1.3304368,1.3206541,1.32880635
1646384400,1.32880635,1.33152386,1.31848026,1.32228455
1646386200,1.32228455,1.32445867,1.31902365,1.32119777
1646388000,1.3206541,1.32608912,1.31848026,1.32554545
1646389800,1.32500206,1.32608912,1.3206541,1.32174116
1646391600,1.32174116,1.323915,1.31521936,1.31848026
1646393400,1.31902365,1.32337161,1.31684981,1.32011071
1646395200,1.32011071,1.32119777,1.3173932,1.31793687
1646397000,1.31793687,1.32011071,1.31576275,1.31902365
1646398800,1.31902365,1.3206541,1.31521936,1.3173932
1646400600,1.3173932,1.32282822,1.3173932,1.32011071
1646402400,1.31956732,1.32880635,1.31848026,1.32500206
1646404200,1.32554545,1.32663251,1.31848026,1.31848026
1646406000,1.31793687,1.31793687,1.31793687,1.31793687
1646634600,1.31195846,1.31195846,1.31195846,1.31195846
1646636400,1.31250214,1.32880635,1.31195846,1.32826296
1646638200,1.32826296,1.32880635,1.31902365,1.32011071
1646640000,1.31956732,1.323915,1.30924124,1.31141507
1646641800,1.31087169,1.31521936,1.30652373,1.30706711
1646643600,1.30706711,1.30978463,1.30217577,1.30543666
1646645400,1.30489328,1.30489328,1.29891515,1.30271944
1646647200,1.30217577,1.30434989,1.30108899,1.30271944
1646649000,1.30326283,1.30761079,1.30217577,1.30326283
1646650800,1.30326283,1.30652373,1.29511058,1.30380622
1646652600,1.30434989,1.30978463,1.30271944,1.30761079
1646654400,1.30761079,1.31358891,1.30598034,1.31250214
1646656200,1.31250214,1.323915,1.31032801,1.32282822
1646658000,1.32282822,1.32663251,1.31956732,1.32554545
1646659800,1.32608912,1.33369769,1.323915,1.33152386
1646661600,1.33098018,1.33587153,1.32934973,1.33098018
1646663400,1.33098018,1.33206724,1.32174116,1.32445867
1646665200,1.3304368,1.3304368,1.3304368,1.3304368
1646721000,1.31956732,1.31956732,1.31956732,1.31956732
1646722800,1.31956732,1.33804565,1.31848026,1.3364152
1646724600,1.33587153,1.34184994,1.32880635,1.33424108
1646726400,1.33369769,1.33913243,1.33315431,1.33858904
1646728200,1.33858904,1.35434986,1.33695859,1.34348039
1646730000,1.34348039,1.35489325,1.34184994,1.35489325
1646731800,1.35489325,1.39809988,1.35434986,1.38994792
1646733600,1.38994792,1.40081739,1.38179567,1.38858902
1646735400,1.38858902,1.39130653,1.38179567,1.38858902
1646737200,1.38858902,1.39809988,1.38587179,1.38994792
1646739000,1.39130653,1.39266514,1.37500203,1.38587179
1646740800,1.38587179,1.38994792,1.38315428,1.38315428
1646742600,1.38315428,1.38587179,1.38043677,1.38587179
1646744400,1.38587179,1.39402375,1.37771954,1.38451289
1646746200,1.38451289,1.40081739,1.37907816,1.39945878
1646748000,1.39809988,1.39945878,1.38587179,1.39266514
1646749800,1.39130653,1.39402375,1.38179567,1.38315428
1646751600,1.38451289,1.38451289,1.37907816,1.37907816
1646807400,1.44021973,1.44021973,1.44021973,1.44021973
1646809200,1.44021973,1.48641542,1.42934997,1.47146953
1646811000,1.47146953,1.48098039,1.46739341,1.47690456
1646812800,1.47690456,1.51630661,1.47554566,1.51358938
1646814600,1.51358938,1.51630661,1.50815436,1.51630661
1646816400,1.51630661,1.51630661,1.50543714,1.51630661
1646818200,1.51630661,1.51630661,1.49592628,1.51223049
1646820000,1.51358938,1.51630661,1.50679575,1.51223049
1646821800,1.51223049,1.51358938,1.50951326,1.51087187
1646823600,1.51087187,1.51223049,1.50407852,1.50951326
1646825400,1.50815436,1.50951326,1.49049154,1.50679575
1646827200,1.50543714,1.51223049,1.50136101,1.50543714
1646829000,1.50543714,1.51087187,1.50136101,1.50951326
1646830800,1.50951326,1.51630661,1.50951326,1.51630661
1646832600,1.51630661,1.51630661,1.50136101,1.50407852
1646834400,1.50407852,1.51630661,1.50271963,1.51630661
1646836200,1.51630661,1.51630661,1.51630661,1.51630661
1646838000,1.51630661,1.51630661,1.51630661,1.51630661
1646893800,1.53532833,1.53532833,1.53532833,1.53532833
1646895600,1.53668723,1.58695904,1.51630661,1.53532833
1646897400,1.53532833,1.53940445,1.50271963,1.53532833
1646899200,1.53532833,1.53804584,1.4986435,1.50543714
1646901000,1.50543714,1.51223049,1.48641542,1.49456738
1646902800,1.49456738,1.50679575,1.49320877,1.49728489
1646904600,1.49728489,1.50271963,1.48505652,1.49185015
1646906400,1.49185015,1.51223049,1.48641542,1.51087187
1646908200,1.51087187,1.51223049,1.49592628,1.4986435
1646910000,1.4986435,1.4986435,1.47962178,1.49728489
1646911800,1.49728489,1.49728489,1.48098039,1.48777403
1646913600,1.48777403,1.48913264,1.47282843,1.47418705
1646915400,1.47554566,1.47690456,1.45924145,1.45924145
1646917200,1.46331757,1.46467618,1.43886083,1.46331757
1646919000,1.46195867,1.47690456,1.45924145,1.47690456
1646920800,1.47690456,1.48098039,1.44837169,1.45652394
1646922600,1.45652394,1.46331757,1.44293695,1.45380671
1646924400,1.45924145,1.45924145,1.45924145,1.45924145
1646980200,1.46060006,1.46060006,1.46060006,1.46060006
1646982000,1.46060006,1.48641542,1.44973059,1.46467618
1646983800,1.46467618,1.4660348,1.4510892,1.45516532
1646985600,1.45652394,1.45788255,1.43750222,1.45244781
1646987400,1.4510892,1.45516532,1.44293695,1.44565446
1646989200,1.44565446,1.44701308,1.4361436,1.44157834
1646991000,1.44021973,1.44157834,1.43070858,1.4361436
1646992800,1.4361436,1.44293695,1.43478471,1.43750222
1646994600,1.43750222,1.43750222,1.42663274,1.42663274
1646996400,1.42799136,1.44021973,1.42527385,1.43750222
1646998200,1.43750222,1.45788255,1.43070858,1.44837169
1647000000,1.44837169,1.45244781,1.44021973,1.44837169
1647001800,1.44837169,1.44973059,1.44157834,1.44565446
1647003600,1.44565446,1.4660348,1.44293695,1.45380671
1647005400,1.45516532,1.4660348,1.44701308,1.45788255
1647007200,1.45924145,1.47418705,1.44429557,1.44973059
1647009000,1.44837169,1.44973059,1.44157834,1.44293695
1647010800,1.44293695,1.44293695,1.44293695,1.44293695
1647239400,1.45380671,1.45380671,1.45380671,1.45380671
1647241200,1.4510892,1.45652394,1.43070858,1.43342609
1647243000,1.43478471,1.45516532,1.43206748,1.43886083
1647244800,1.43886083,1.44293695,1.43478471,1.43750222
1647246600,1.43886083,1.44293695,1.4361436,1.44021973
1647248400,1.44021973,1.44973059,1.43750222,1.44021973
1647250200,1.44021973,1.45244781,1.44021973,1.44837169
1647252000,1.44565446,1.44973059,1.44157834,1.44429557
1647253800,1.44429557,1.44837169,1.44293695,1.44701308
1647255600,1.44701308,1.45380671,1.44293695,1.44429557
1647257400,1.44429557,1.44565446,1.44021973,1.44157834
1647259200,1.44021973,1.44157834,1.4361436,1.43750222
1647261000,1.43750222,1.44157834,1.4361436,1.43886083
1647262800,1.43886083,1.44565446,1.43750222,1.44429557
1647264600,1.44293695,1.45652394,1.43886083,1.43886083
1647266400,1.44021973,1.44565446,1.43886083,1.44021973
1647268200,1.44157834,1.44157834,1.43206748,1.43478471
1647270000,1.43206748,1.43206748,1.43206748,1.43206748
1647325800,1.43206748,1.43206748,1.43206748,1.43206748
1647327600,1.43206748,1.44973059,1.43070858,1.44021973
1647329400,1.44021973,1.44021973,1.43070858,1.43206748
1647331200,1.43206748,1.43342609,1.42255662,1.42391523
1647333000,1.42255662,1.42663274,1.4171216,1.42119772
1647334800,1.42255662,1.42391523,1.41983911,1.42255662
1647336600,1.42255662,1.42527385,1.4171216,1.41983911
1647338400,1.41983911,1.42255662,1.4184805,1.41983911
1647340200,1.42119772,1.43206748,1.4184805,1.42119772
1647342000,1.42119772,1.43206748,1.4171216,1.42255662
1647343800,1.42255662,1.42527385,1.42119772,1.42527385
1647345600,1.42527385,1.42663274,1.41983911,1.42527385
1647347400,1.42527385,1.42663274,1.42119772,1.42391523
1647349200,1.42391523,1.43070858,1.42255662,1.42799136
1647351000,1.42663274,1.43070858,1.42391523,1.42934997
1647352800,1.43070858,1.43070858,1.41983911,1.42255662
1647354600,1.42255662,1.42255662,1.41304576,1.41440437
1647356400,1.41440437,1.41440437,1.41440437,1.41440437
1647412200,1.42119772,1.42119772,1.42119772,1.42119772
1647414000,1.41983911,1.44293695,1.41983911,1.43342609
1647415800,1.43342609,1.43478471,1.42799136,1.43206748
1647417600,1.43070858,1.43206748,1.42119772,1.42527385
1647419400,1.42391523,1.42527385,1.41983911,1.42119772
1647421200,1.42119772,1.42527385,1.4184805,1.42527385
1647423000,1.42527385,1.42527385,1.42119772,1.42527385
1647424800,1.42527385,1.42527385,1.42255662,1.42391523
1647426600,1.42255662,1.42391523,1.41983911,1.41983911
1647428400,1.41983911,1.42663274,1.41983911,1.42663274
1647430200,1.42663274,1.42663274,1.42255662,1.42391523
1647432000,1.42391523,1.42934997,1.42255662,1.42391523
1647433800,1.42391523,1.42527385,1.41983911,1.42119772
1647435600,1.41983911,1.42119772,1.41304576,1.4171216
1647437400,1.4171216,1.41983911,1.41440437,1.41576299
1647439200,1.41576299,1.42119772,1.41168686,1.4171216
1647441000,1.4171216,1.41983911,1.41168686,1.4171216
1647442800,1.4184805,1.4184805,1.4184805,1.4184805
1647498600,1.42934997,1.42934997,1.42934997,1.42934997
1647500400,1.43070858,1.46739341,1.42934997,1.44293695
1647502200,1.44293695,1.45652394,1.44293695,1.44701308
1647504000,1.44701308,1.44973059,1.4361436,1.44429557
1647505800,1.44293695,1.44293695,1.4361436,1.43750222
1647507600,1.43750222,1.43886083,1.43342609,1.43886083
1647509400,1.43886083,1.43886083,1.43342609,1.43886083
1647511200,1.43886083,1.44157834,1.43750222,1.44157834
1647513000,1.44157834,1.44293695,1.43750222,1.43886083
1647514800,1.44021973,1.44701308,1.4361436,1.44429557
1647516600,1.44429557,1.44701308,1.4361436,1.4361436
1647518400,1.4361436,1.44293695,1.43478471,1.44021973
1647520200,1.44021973,1.44021973,1.43478471,1.4361436
1647522000,1.4361436,1.4361436,1.42663274,1.43342609
1647523800,1.43478471,1.43886083,1.43342609,1.43750222
1647525600,1.4361436,1.44565446,1.4361436,1.43886083
1647527400,1.43886083,1.44021973,1.43206748,1.43750222
1647529200,1.44157834,1.44157834,1.44157834,1.44157834
1647585000,1.44429557,1.44429557,1.44429557,1.44429557
1647586800,1.44565446,1.48777403,1.44565446,1.48369791
1647588600,1.48505652,1.48641542,1.47554566,1.47690456
1647590400,1.47554566,1.48505652,1.46467618,1.47146953
1647592200,1.47146953,1.47418705,1.46467618,1.46875231
1647594000,1.46875231,1.47146953,1.46195867,1.47146953
1647595800,1.47011092,1.47146953,1.4660348,1.4660348
1647597600,1.4660348,1.47011092,1.46467618,1.46739341
1647599400,1.46739341,1.46875231,1.46467618,1.46875231
1647601200,1.46739341,1.46875231,1.46060006,1.46331757
1647603000,1.46195867,1.46739341,1.46195867,1.46467618
1647604800,1.46467618,1.46739341,1.45924145,1.4660348
1647606600,1.4660348,1.46739341,1.46195867,1.46331757
1647608400,1.46195867,1.46739341,1.45788255,1.46739341
1647610200,1.46739341,1.47826317,1.4660348,1.47282843
1647612000,1.47282843,1.48369791,1.46739341,1.47826317
1647613800,1.47826317,1.48505652,1.46875231,1.47826317
1647615600,1.47962178,1.47962178,1.47962178,1.47962178
1647844200,1.49456738,1.49456738,1.49456738,1.49456738
1647846000,1.49456738,1.5000024,1.47554566,1.48098039
1647847800,1.48098039,1.48913264,1.47826317,1.48641542
1647849600,1.48777403,1.49456738,1.48369791,1.48913264
1647851400,1.49049154,1.49185015,1.48777403,1.48913264
1647853200,1.48913264,1.48913264,1.48369791,1.48641542
1647855000,1.48505652,1.48641542,1.48369791,1.48369791
1647856800,1.48369791,1.48641542,1.48233929,1.48505652
1647858600,1.48505652,1.49320877,1.48369791,1.48505652
1647860400,1.48505652,1.49049154,1.48369791,1.48369791
1647862200,1.48505652,1.48641542,1.48233929,1.48505652
1647864000,1.48505652,1.48505652,1.47282843,1.47962178
1647865800,1.47962178,1.48369791,1.47690456,1.47826317
1647867600,1.47690456,1.48233929,1.47554566,1.47962178
1647869400,1.47962178,1.48369791,1.47826317,1.48233929
1647871200,1.48233929,1.48233929,1.47418705,1.47554566
1647873000,1.47554566,1.47826317,1.47146953,1.47418705
1647874800,1.47418705,1.47554566,1.47282843,1.47554566
1647930600,1.47962178,1.47962178,1.47962178,1.47962178
1647932400,1.47826317,1.49456738,1.47011092,1.48369791
1647934200,1.48505652,1.49185015,1.48098039,1.49185015
1647936000,1.49049154,1.50136101,1.48641542,1.4986435
1647937800,1.49728489,1.5000024,1.48641542,1.48913264
1647939600,1.48777403,1.49592628,1.48777403,1.49185015
1647941400,1.49185015,1.49185015,1.48777403,1.49049154
1647943200,1.48913264,1.49185015,1.48777403,1.48777403
1647945000,1.48913264,1.49049154,1.48641542,1.48777403
1647946800,1.48777403,1.49456738,1.48641542,1.49320877
1647948600,1.49320877,1.49456738,1.49185015,1.49320877
1647950400,1.49320877,1.49456738,1.48913264,1.49456738
1647952200,1.49456738,1.50815436,1.49185015,1.50543714
1647954000,1.50543714,1.50543714,1.4986435,1.50543714
1647955800,1.50543714,1.50815436,1.50136101,1.50543714
1647957600,1.50407852,1.55163283,1.50271963,1.52853498
1647959400,1.52853498,1.53125221,1.51630661,1.52581747
1647961200,1.52445886,1.52853498,1.52445886,1.52853498
1648017000,1.53396972,1.53396972,1.53396972,1.53396972
1648018800,1.53532833,1.53668723,1.51630661,1.52310024
1648020600,1.52310024,1.52310024,1.514948,1.51766522
1648022400,1.51766522,1.51902412,1.51358938,1.514948
1648024200,1.514948,1.51902412,1.51358938,1.51766522
1648026000,1.51902412,1.51902412,1.51358938,1.51630661
1648027800,1.51630661,1.51630661,1.50815436,1.51358938
1648029600,1.514948,1.5326111,1.51358938,1.52581747
1648031400,1.52581747,1.54348058,1.52038273,1.53532833
1648033200,1.53532833,1.54076335,1.53396972,1.54076335
1648035000,1.54076335,1.55163283,1.53940445,1.5475567
1648036800,1.54619809,1.54891531,1.5326111,1.54483919
1648038600,1.54619809,1.54619809,1.52174135,1.53668723
1648040400,1.53668723,1.53940445,1.51630661,1.51766522
1648042200,1.51902412,1.52717637,1.51087187,1.52581747
1648044000,1.52717637,1.5326111,1.52310024,1.52445886
1648045800,1.52445886,1.52989359,1.52174135,1.52717637
1648047600,1.52174135,1.52174135,1.52174135,1.52174135
1648103400,1.52581747,1.52581747,1.52581747,1.52581747
1648105200,1.52717637,1.55978507,1.52581747,1.5475567
1648107000,1.5475567,1.57608928,1.54619809,1.56929593
1648108800,1.56929593,1.57337206,1.5625023,1.56521981
1648110600,1.56521981,1.56929593,1.55570895,1.55706756
1648112400,1.55570895,1.55842617,1.54891531,1.55163283
1648114200,1.55163283,1.56114369,1.54891531,1.55978507
1648116000,1.55978507,1.55978507,1.54891531,1.55842617
1648117800,1.55706756,1.5625023,1.54891531,1.56114369
1648119600,1.55978507,1.56114369,1.55706756,1.55978507
1648121400,1.55978507,1.55978507,1.55163283,1.55842617
1648123200,1.55706756,1.55842617,1.55163283,1.55706756
1648125000,1.55706756,1.5625023,1.55435034,1.56114369
1648126800,1.56114369,1.57065455,1.55570895,1.57065455
1648128600,1.57065455,1.59375239,1.56657842,1.58831765
1648130400,1.58831765,1.65489396,1.58560014,1.64130698
1648132200,1.64130698,1.6440242,1.58152402,1.59103516
1648134000,1.59103516,1.59103516,1.58967627,1.59103516
1648189800,1.59918713,1.59918713,1.59918713,1.59918713
1648191600,1.59782851,1.60869799,1.57744818,1.59375239
1648193400,1.59375239,1.60598076,1.59103516,1.60462215
1648195200,1.60462215,1.60598076,1.59103516,1.59375239
1648197000,1.59375239,1.60462215,1.58967627,1.60326325
1648198800,1.60326325,1.61820913,1.59918713,1.61549162
1648200600,1.61549162,1.62500248,1.60869799,1.61685023
1648202400,1.61685023,1.61820913,1.61005688,1.61277411
1648204200,1.61277411,1.61413301,1.60462215,1.60733937
1648206000,1.60598076,1.60869799,1.60054602,1.60598076
1648207800,1.60598076,1.61413301,1.60054602,1.6114155
1648209600,1.6114155,1.62092636,1.60733937,1.61277411
1648211400,1.61277411,1.63723085,1.6114155,1.62364387
1648213200,1.62364387,1.62907861,1.61277411,1.61956774
1648215000,1.61956774,1.64538282,1.61685023,1.64266559
1648216800,1.64266559,1.64810033,1.62092636,1.63043722
1648218600,1.63043722,1.63723085,1.62092636,1.63315473
1648220400,1.63315473,1.63315473,1.62907861,1.63043722
1648449000,1.63587195,1.63587195,1.63587195,1.63587195
1648450800,1.63723085,1.70516577,1.63451334,1.69157879
1648452600,1.69157879,1.71739386,1.69021989,1.71331773
1648454400,1.71467663,1.73913309,1.707883,1.73913309
1648456200,1.73913309,1.74456783,1.71875276,1.73505697
1648458000,1.73505697,1.73505697,1.72418749,1.72418749
1648459800,1.72554611,1.72554611,1.69565463,1.69701352
1648461600,1.69701352,1.69973075,1.6779918,1.68886128
1648463400,1.68750266,1.69565463,1.68614377,1.69429601
1648465200,1.6929374,1.71467663,1.66712205,1.66983956
1648467000,1.67119817,1.67935042,1.6603287,1.66848094
1648468800,1.66848094,1.68070903,1.66712205,1.67663291
1648470600,1.67663291,1.68750266,1.67527429,1.68070903
1648472400,1.68070903,1.68206793,1.66440482,1.66712205
1648474200,1.66712205,1.67119817,1.6603287,1.66304592
1648476000,1.66304592,1.68206793,1.62771999,1.63043722
1648477800,1.63043722,1.65217645,1.62771999,1.64130698
1648479600,1.64130698,1.64538282,1.64130698,1.64538282
1648535400,1.66168731,1.66168731,1.66168731,1.66168731
1648537200,1.66168731,1.66712205,1.64130698,1.6589698
1648539000,1.65761119,1.66168731,1.64674171,1.65353506
1648540800,1.65489396,1.6589698,1.64674171,1.65081784
1648542600,1.64945894,1.6589698,1.64538282,1.64945894
1648544400,1.64810033,1.65217645,1.64538282,1.64810033
1648546200,1.64674171,1.65081784,1.63587195,1.64130698
1648548000,1.63994808,1.64810033,1.63994808,1.64674171
1648549800,1.64674171,1.65489396,1.64538282,1.64674171
1648551600,1.64810033,1.65353506,1.64674171,1.64674171
1648553400,1.64810033,1.66168731,1.64538282,1.65489396
1648555200,1.65489396,1.6589698,1.6440242,1.64538282
1648557000,1.64674171,1.65217645,1.63723085,1.64945894
1648558800,1.64810033,1.64945894,1.63858947,1.63858947
1648560600,1.63994808,1.64130698,1.61413301,1.62636109
1648562400,1.62636109,1.62907861,1.60462215,1.61549162
1648564200,1.61413301,1.63043722,1.60869799,1.61549162
1648566000,1.61685023,1.61685023,1.61413301,1.61413301
1648621800,1.61956774,1.61956774,1.61956774,1.61956774
1648623600,1.61956774,1.64945894,1.60733937,1.6440242
1648625400,1.6440242,1.66576343,1.64266559,1.65761119
1648627200,1.65625257,1.67119817,1.65489396,1.66712205
1648629000,1.66848094,1.66848094,1.65625257,1.6603287
1648630800,1.66168731,1.66576343,1.65489396,1.6603287
1648632600,1.6603287,1.66440482,1.65489396,1.65761119
1648634400,1.6589698,1.66168731,1.65489396,1.6589698
1648636200,1.65761119,1.66712205,1.65761119,1.66440482
1648638000,1.66440482,1.66440482,1.6603287,1.66440482
1648639800,1.66304592,1.66576343,1.65625257,1.65761119
1648641600,1.65761119,1.6589698,1.64674171,1.64945894
1648643400,1.65081784,1.65081784,1.63587195,1.64674171
1648645200,1.64538282,1.65489396,1.63315473,1.64130698
1648647000,1.63994808,1.6440242,1.62907861,1.63315473
1648648800,1.63315473,1.63587195,1.62636109,1.63587195
1648650600,1.63451334,1.63587195,1.63043722,1.63315473
1648652400,1.63315473,1.63315473,1.63315473,1.63315473
1648708200,1.6440242,1.6440242,1.6440242,1.6440242
1648710000,1.6440242,1.66712205,1.63587195,1.64266559
1648711800,1.64266559,1.64945894,1.63994808,1.64810033
1648713600,1.64810033,1.65353506,1.64266559,1.64810033
1648715400,1.64810033,1.65625257,1.64674171,1.65489396
1648717200,1.65489396,1.65489396,1.64266559,1.64538282
1648719000,1.64538282,1.65489396,1.6440242,1.65081784
1648720800,1.65081784,1.65081784,1.63994808,1.64130698
1648722600,1.64266559,1.65761119,1.63994808,1.64945894
1648724400,1.65081784,1.65489396,1.6440242,1.65489396
1648726200,1.65353506,1.65625257,1.65081784,1.65625257
1648728000,1.65625257,1.66576343,1.65625257,1.65761119
1648729800,1.6589698,1.66304592,1.65489396,1.65489396
1648731600,1.65625257,1.6589698,1.64810033,1.64945894
1648733400,1.64945894,1.65489396,1.6440242,1.64674171
1648735200,1.64538282,1.64945894,1.61277411,1.62228497
1648737000,1.62228497,1.63043722,1.60326325,1.61820913
1648738800,1.61820913,1.61820913,1.61820913,1.61820913
1648794600,1.62228497,1.62228497,1.62228497,1.62228497
1648796400,1.62364387,1.63587195,1.60462215,1.6114155
1648798200,1.6114155,1.61820913,1.60869799,1.61685023
1648800000,1.61549162,1.62771999,1.61549162,1.61956774
1648801800,1.61956774,1.62500248,1.61685023,1.62092636
1648803600,1.62228497,1.62500248,1.61413301,1.61820913
1648805400,1.61685023,1.62092636,1.61685023,1.61956774
1648807200,1.61956774,1.61956774,1.61549162,1.61956774
1648809000,1.61956774,1.61956774,1.61005688,1.61277411
1648810800,1.61277411,1.61413301,1.61005688,1.61277411
1648812600,1.61277411,1.61685023,1.61005688,1.61685023
1648814400,1.61685023,1.62228497,1.61277411,1.61413301
1648816200,1.61277411,1.61413301,1.60326325,1.60869799
1648818000,1.60869799,1.61549162,1.60733937,1.61277411
1648819800,1.61277411,1.61685023,1.6114155,1.61549162
1648821600,1.61549162,1.61685023,1.60054602,1.60869799
1648823400,1.60869799,1.61685023,1.60462215,1.6114155
1648825200,1.60733937,1.60733937,1.60733937,1.60733937
1649053800,1.62771999,1.62771999,1.62771999,1.62771999
1649055600,1.62771999,1.64130698,1.61820913,1.63723085
1649057400,1.63587195,1.64810033,1.62228497,1.63043722
1649059200,1.63043722,1.63587195,1.62500248,1.63315473
1649061000,1.63179583,1.63858947,1.63179583,1.63315473
1649062800,1.63451334,1.63858947,1.63179583,1.63723085
1649064600,1.63587195,1.63723085,1.63315473,1.63451334
1649066400,1.63451334,1.63587195,1.62771999,1.62907861
1649068200,1.62907861,1.63451334,1.62907861,1.63179583
1649070000,1.63315473,1.63723085,1.63043722,1.63587195
1649071800,1.63587195,1.63587195,1.62771999,1.62907861
1649073600,1.62907861,1.63043722,1.62636109,1.62907861
1649075400,1.62907861,1.63315473,1.62771999,1.63315473
1649077200,1.63315473,1.63994808,1.63179583,1.63587195
1649079000,1.63723085,1.63858947,1.63315473,1.63451334
1649080800,1.63587195,1.69701352,1.63179583,1.67935042
1649082600,1.6779918,1.68478515,1.65625257,1.66440482
1649084400,1.66848094,1.66848094,1.66848094,1.66848094
1649140200,1.67527429,1.67527429,1.67527429,1.67527429
1649142000,1.67663291,1.67935042,1.66168731,1.66304592
1649143800,1.66304592,1.6779918,1.65761119,1.66304592
1649145600,1.66304592,1.66983956,1.66168731,1.66712205
1649147400,1.66576343,1.67255678,1.66576343,1.66983956
1649149200,1.66848094,1.67255678,1.66712205,1.66848094
1649151000,1.66712205,1.67119817,1.66712205,1.67119817
1649152800,1.67119817,1.67119817,1.66304592,1.66304592
1649154600,1.66304592,1.68614377,1.66168731,1.67663291
1649156400,1.67663291,1.68478515,1.67391568,1.68206793
1649158200,1.68206793,1.68342654,1.67663291,1.68070903
1649160000,1.68070903,1.68886128,1.6779918,1.68206793
1649161800,1.68206793,1.68750266,1.67255678,1.67391568
1649163600,1.67527429,1.68206793,1.67391568,1.67935042
1649165400,1.6779918,1.68342654,1.67119817,1.67527429
1649167200,1.67527429,1.67663291,1.63451334,1.6603287
1649169000,1.66168731,1.66304592,1.64674171,1.66168731
1649170800,1.66304592,1.66304592,1.66304592,1.66304592
1649226600,1.66168731,1.66168731,1.66168731,1.66168731
1649228400,1.6603287,1.67391568,1.65081784,1.66848094
1649230200,1.66848094,1.68342654,1.66440482,1.66576343
1649232000,1.66576343,1.66848094,1.65625257,1.66304592
1649233800,1.66304592,1.68070903,1.66168731,1.67119817
1649235600,1.67255678,1.68070903,1.66983956,1.6779918
1649237400,1.67663291,1.67935042,1.67119817,1.67527429
1649239200,1.67391568,1.69837214,1.67391568,1.69021989
1649241000,1.69157879,1.6929374,1.67663291,1.68206793
1649242800,1.68070903,1.68342654,1.67527429,1.67935042
1649244600,1.6779918,1.68206793,1.66712205,1.67255678
1649246400,1.67119817,1.68070903,1.66983956,1.67935042
1649248200,1.67935042,1.68342654,1.67527429,1.67663291
1649250000,1.67663291,1.68070903,1.67663291,1.6779918
1649251800,1.6779918,1.6779918,1.65761119,1.66440482
1649253600,1.66576343,1.66983956,1.6589698,1.66576343
1649255400,1.66712205,1.67119817,1.66168731,1.66983956
1649257200,1.66440482,1.66440482,1.66440482,1.66440482
1649313000,1.67663291,1.67663291,1.67663291,1.67663291
1649314800,1.6779918,1.72554611,1.6779918,1.70924161
1649316600,1.707883,1.70924161,1.69157879,1.70108965
1649318400,1.70108965,1.70516577,1.69701352,1.70244826
1649320200,1.70244826,1.70244826,1.69429601,1.69837214
1649322000,1.69973075,1.70516577,1.69701352,1.70244826
1649323800,1.70244826,1.70516577,1.69837214,1.70108965
1649325600,1.70244826,1.70244826,1.69837214,1.70244826
1649327400,1.70244826,1.70380687,1.69973075,1.69973075
1649329200,1.69837214,1.69973075,1.69429601,1.69565463
1649331000,1.69565463,1.69973075,1.68750266,1.69701352
1649332800,1.69565463,1.69973075,1.69021989,1.69565463
1649334600,1.69565463,1.70244826,1.69429601,1.69701352
1649336400,1.69565463,1.69973075,1.69157879,1.69429601
1649338200,1.69429601,1.70108965,1.69429601,1.69837214
1649340000,1.69973075,1.70380687,1.69021989,1.6929374
1649341800,1.69429601,1.69973075,1.69021989,1.6929374
1649343600,1.6929374,1.6929374,1.6929374,1.6929374
1649399400,1.69837214,1.69837214,1.69837214,1.69837214
1649401200,1.69973075,1.70924161,1.6929374,1.70244826
1649403000,1.70244826,1.70380687,1.69973075,1.70108965
1649404800,1.70108965,1.70244826,1.69837214,1.69973075
1649406600,1.69973075,1.70244826,1.69701352,1.70108965
1649408400,1.70108965,1.7228286,1.69973075,1.71603525
1649410200,1.71603525,1.71739386,1.70652439,1.70924161
1649412000,1.70924161,1.71331773,1.707883,1.71060051
1649413800,1.70924161,1.71060051,1.707883,1.70924161
1649415600,1.70924161,1.70924161,1.70108965,1.70924161
1649417400,1.70924161,1.71060051,1.70652439,1.70652439
1649419200,1.70652439,1.71467663,1.70380687,1.71195912
1649421000,1.71195912,1.73505697,1.71195912,1.72962223
1649422800,1.73098084,1.73777448,1.7228286,1.72418749
1649424600,1.72554611,1.73505697,1.72418749,1.73233974
1649426400,1.73098084,1.76223093,1.72962223,1.74592644
1649428200,1.74592644,1.7744593,1.7418506,1.77310041
1649430000,1.77174179,1.77174179,1.76630706,1.76630706
1649658600,1.79348103,1.79348103,1.79348103,1.79348103
1649660400,1.79483964,1.82880724,1.77989404,1.79755715
1649662200,1.79755715,1.80706801,1.79348103,1.80163327
1649664000,1.80163327,1.8043505,1.79619854,1.79755715
1649665800,1.79891576,1.80027437,1.7894049,1.79483964
1649667600,1.79483964,1.79891576,1.79076351,1.79755715
1649669400,1.79755715,1.79891576,1.79212241,1.79755715
1649671200,1.79619854,1.81929638,1.79348103,1.81793748
1649673000,1.81657887,1.82744834,1.81114413,1.82337222
1649674800,1.82337222,1.82880724,1.80842662,1.81250275
1649676600,1.81250275,1.82337222,1.80978524,1.82065499
1649678400,1.82065499,1.82065499,1.79483964,1.80706801
1649680200,1.80706801,1.83560059,1.80163327,1.83424198
1649682000,1.83424198,1.84511145,1.80027437,1.80163327
1649683800,1.80163327,1.80706801,1.79483964,1.8057094
1649685600,1.8057094,1.8057094,1.78397017,1.78668739
1649687400,1.78532878,1.7894049,1.76087232,1.77989404
1649689200,1.78804629,1.78804629,1.78804629,1.78804629
1649745000,1.79076351,1.79076351,1.79076351,1.79076351
1649746800,1.7894049,1.79348103,1.75272007,1.77581792
1649748600,1.77581792,1.77717653,1.76358955,1.77717653
1649750400,1.77581792,1.77717653,1.76494844,1.76766567
1649752200,1.76902457,1.77310041,1.76223093,1.76223093
1649754000,1.76223093,1.78261155,1.75407869,1.78125265
1649755800,1.78261155,1.78261155,1.75951342,1.76902457
1649757600,1.76766567,1.7744593,1.76630706,1.77174179
1649759400,1.77174179,1.77717653,1.76902457,1.77038318
1649761200,1.77174179,1.7744593,1.76630706,1.76766567
1649763000,1.76902457,1.77174179,1.76358955,1.77038318
1649764800,1.77038318,1.77174179,1.76766567,1.77038318
1649766600,1.76902457,1.77989404,1.76902457,1.77989404
1649768400,1.77853543,1.78397017,1.77581792,1.77581792
1649770200,1.77717653,1.78397017,1.77581792,1.77989404
1649772000,1.78125265,1.78532878,1.76902457,1.77038318
1649773800,1.76902457,1.77310041,1.76494844,1.76902457
1649775600,1.76902457,1.76902457,1.76630706,1.76630706
1649831400,1.77853543,1.77853543,1.77853543,1.77853543
1649833200,1.77717653,1.80027437,1.77174179,1.79483964
1649835000,1.79348103,1.80842662,1.78397017,1.8057094
1649836800,1.80706801,1.80706801,1.79348103,1.79619854
1649838600,1.79619854,1.80027437,1.78668739,1.78804629
1649840400,1.78804629,1.79755715,1.78532878,1.79076351
1649842200,1.79212241,1.80163327,1.7894049,1.79483964
1649844000,1.79348103,1.79755715,1.78125265,1.79076351
1649845800,1.79076351,1.79619854,1.7894049,1.79076351
1649847600,1.79076351,1.79483964,1.77989404,1.78804629
1649849400,1.78804629,1.79076351,1.78532878,1.7894049
1649851200,1.78804629,1.79076351,1.77581792,1.77717653
1649853000,1.77853543,1.77853543,1.76630706,1.76902457
1649854800,1.76902457,1.77581792,1.74592644,1.76766567
1649856600,1.76766567,1.78261155,1.76630706,1.77717653
1649858400,1.77717653,1.78125265,1.76902457,1.77174179
1649860200,1.77038318,1.77581792,1.75815481,1.76902457
1649862000,1.76630706,1.76630706,1.76630706,1.76630706
1649917800,1.77853543,1.77853543,1.77853543,1.77853543
1649919600,1.77853543,1.80163327,1.77174179,1.79348103
1649921400,1.79348103,1.79483964,1.77853543,1.78532878
1649923200,1.78668739,1.79076351,1.77989404,1.78532878
1649925000,1.78397017,1.79076351,1.77853543,1.78668739
1649926800,1.78532878,1.78668739,1.77310041,1.77581792
1649928600,1.77581792,1.78397017,1.77581792,1.78261155
1649930400,1.78261155,1.7894049,1.77989404,1.7894049
1649932200,1.7894049,1.79348103,1.78804629,1.79076351
1649934000,1.79076351,1.79891576,1.78397017,1.79348103
1649935800,1.79348103,1.79348103,1.78125265,1.78804629
1649937600,1.78804629,1.79348103,1.78668739,1.78804629
1649939400,1.78668739,1.79076351,1.78125265,1.78668739
1649941200,1.78532878,1.79348103,1.78261155,1.79076351
1649943000,1.79076351,1.79483964,1.78125265,1.78397017
1649944800,1.78261155,1.78532878,1.7744593,1.77853543
1649946600,1.77989404,1.78261155,1.7744593,1.77853543
1649948400,1.77853543,1.77989404,1.77853543,1.77989404
1650004200,1.77717653,1.77717653,1.77717653,1.77717653
1650006000,1.77717653,1.79619854,1.77581792,1.78125265
1650007800,1.77989404,1.78532878,1.77717653,1.78397017
1650009600,1.78532878,1.7894049,1.78261155,1.78804629
1650011400,1.78804629,1.79212241,1.77989404,1.78397017
1650013200,1.78397017,1.78532878,1.77581792,1.77717653
1650015000,1.77853543,1.78397017,1.77717653,1.77853543
1650016800,1.77853543,1.78125265,1.77717653,1.78125265
1650018600,1.78125265,1.78125265,1.7744593,1.77853543
1650020400,1.77989404,1.78397017,1.77853543,1.77989404
1650022200,1.78125265,1.78125265,1.77174179,1.77717653
1650024000,1.77717653,1.77717653,1.77310041,1.77581792
1650025800,1.7744593,1.77853543,1.7744593,1.77717653
1650027600,1.77717653,1.78125265,1.77310041,1.77717653
1650029400,1.77717653,1.78125265,1.7744593,1.77717653
1650031200,1.77717653,1.78125265,1.77174179,1.77989404
1650033000,1.77989404,1.78804629,1.77717653,1.77989404
1650034800,1.78261155,1.78261155,1.78261155,1.78261155
1650263400,1.78668739,1.78668739,1.78668739,1.78668739
1650265200,1.78804629,1.82337222,1.78668739,1.81114413
1650267000,1.80978524,1.81250275,1.80163327,1.8057094
1650268800,1.80706801,1.81386136,1.80299189,1.80842662
1650270600,1.80842662,1.81386136,1.8057094,1.80842662
1650272400,1.80842662,1.80978524,1.8043505,1.8057094
1650274200,1.80706801,1.81386136,1.8057094,1.81250275
1650276000,1.81250275,1.81250275,1.8057094,1.80842662
1650277800,1.80842662,1.81657887,1.80706801,1.81250275
1650279600,1.81114413,1.81250275,1.80706801,1.80842662
1650281400,1.80706801,1.81250275,1.80706801,1.81250275
1650283200,1.81250275,1.81250275,1.8057094,1.8057094
1650285000,1.80706801,1.81386136,1.8057094,1.81114413
1650286800,1.81114413,1.8383181,1.80978524,1.83016585
1650288600,1.83152447,1.83967671,1.82065499,1.82337222
1650290400,1.82337222,1.83152447,1.81250275,1.81929638
1650292200,1.81793748,1.82880724,1.81522026,1.81929638
1650294000,1.82065499,1.82065499,1.82065499,1.82065499
1650349800,1.84239422,1.84239422,1.84239422,1.84239422
1650351600,1.84375284,1.84782896,1.81386136,1.81793748
1650353400,1.81793748,1.81929638,1.81114413,1.81657887
1650355200,1.81657887,1.82337222,1.81522026,1.82065499
1650357000,1.81929638,1.82201361,1.81793748,1.82201361
1650358800,1.82065499,1.82473112,1.82065499,1.82473112
1650360600,1.82337222,1.82744834,1.82201361,1.82337222
1650362400,1.82201361,1.82608973,1.82201361,1.82473112
1650364200,1.82608973,1.82608973,1.82065499,1.82201361
1650366000,1.82201361,1.82337222,1.81929638,1.82201361
1650367800,1.82065499,1.82201361,1.81929638,1.82201361
1650369600,1.82201361,1.82201361,1.80706801,1.81386136
1650371400,1.81522026,1.81793748,1.80978524,1.81114413
1650373200,1.81114413,1.81114413,1.80027437,1.80842662
1650375000,1.80978524,1.81386136,1.8043505,1.81250275
1650376800,1.81250275,1.81386136,1.80299189,1.80706801
1650378600,1.80706801,1.81250275,1.8057094,1.81114413
1650380400,1.80978524,1.80978524,1.80978524,1.80978524
1650436200,1.81522026,1.81522026,1.81522026,1.81522026
1650438000,1.81522026,1.82337222,1.80842662,1.81386136
1650439800,1.81386136,1.81657887,1.8057094,1.80842662
1650441600,1.80842662,1.81114413,1.79891576,1.80978524
1650443400,1.80978524,1.81250275,1.8057094,1.80842662
1650445200,1.80706801,1.81114413,1.80706801,1.80706801
1650447000,1.80842662,1.80978524,1.8057094,1.80978524
1650448800,1.80842662,1.81114413,1.80706801,1.80978524
1650450600,1.81114413,1.81114413,1.80706801,1.80978524
1650452400,1.80978524,1.80978524,1.80299189,1.8043505
1650454200,1.8057094,1.81793748,1.80163327,1.81657887
1650456000,1.81657887,1.81929638,1.81250275,1.81522026
1650457800,1.81657887,1.81929638,1.81386136,1.81657887
1650459600,1.81522026,1.81657887,1.80842662,1.81386136
1650461400,1.81522026,1.81793748,1.80978524,1.81250275
1650463200,1.81250275,1.81657887,1.81114413,1.81386136
1650465000,1.81386136,1.81522026,1.80842662,1.81114413
1650466800,1.80842662,1.80842662,1.80842662,1.80842662
1650522600,1.82201361,1.82201361,1.82201361,1.82201361
1650524400,1.82201361,1.84918757,1.81657887,1.84647035
1650526200,1.84647035,1.86005733,1.83424198,1.8369592
1650528000,1.83560059,1.8369592,1.83288336,1.8369592
1650529800,1.83560059,1.8383181,1.83288336,1.8369592
1650531600,1.8369592,1.83967671,1.83016585,1.83424198
1650533400,1.83288336,1.83424198,1.81657887,1.82201361
1650535200,1.82201361,1.82608973,1.82065499,1.82337222
1650537000,1.82473112,1.82473112,1.82201361,1.82337222
1650538800,1.82337222,1.82473112,1.81522026,1.82337222
1650540600,1.82337222,1.82608973,1.81929638,1.82201361
1650542400,1.82201361,1.82473112,1.82065499,1.82337222
1650544200,1.82201361,1.82880724,1.82201361,1.82337222
1650546000,1.82337222,1.83016585,1.82201361,1.82744834
1650547800,1.82744834,1.83424198,1.82473112,1.83016585
1650549600,1.83016585,1.83152447,1.82473112,1.82608973
1650551400,1.82744834,1.82880724,1.82337222,1.82880724
1650553200,1.82608973,1.82608973,1.82608973,1.82608973
1650609000,1.81793748,1.81793748,1.81793748,1.81793748
1650610800,1.81793748,1.83288336,1.81386136,1.82337222
1650612600,1.82337222,1.83016585,1.82065499,1.83016585
1650614400,1.83016585,1.84239422,1.82608973,1.83967671
1650616200,1.84103533,1.84918757,1.83424198,1.8369592
1650618000,1.8369592,1.8383181,1.83288336,1.83424198
1650619800,1.83560059,1.83560059,1.83152447,1.83424198
1650621600,1.83288336,1.83560059,1.83152447,1.83288336
1650623400,1.83424198,1.8369592,1.82744834,1.82880724
1650625200,1.82880724,1.83424198,1.82744834,1.83152447
1650627000,1.83152447,1.83288336,1.82744834,1.82880724
1650628800,1.82744834,1.83016585,1.82201361,1.82337222
1650630600,1.82337222,1.82337222,1.8043505,1.81386136
1650632400,1.81250275,1.81386136,1.8043505,1.80706801
1650634200,1.80706801,1.81657887,1.8043505,1.81250275
1650636000,1.81250275,1.82201361,1.76494844,1.80163327
1650637800,1.80027437,1.80163327,1.72826362,1.77581792
1650639600,1.77581792,1.77581792,1.77581792,1.77581792
1650868200,1.77310041,1.77310041,1.77310041,1.77310041
1650870000,1.7744593,1.7744593,1.71875276,1.76902457
1650871800,1.76766567,1.77989404,1.75407869,1.76087232
1650873600,1.76087232,1.76223093,1.75543758,1.76087232
1650875400,1.76087232,1.76630706,1.75136146,1.75951342
1650877200,1.76087232,1.76087232,1.74728534,1.75543758
1650879000,1.75407869,1.75815481,1.75000256,1.75272007
1650880800,1.75272007,1.7567962,1.74728534,1.75136146
1650882600,1.75136146,1.75136146,1.74456783,1.74728534
1650884400,1.74592644,1.75136146,1.74456783,1.74728534
1650886200,1.74728534,1.76087232,1.7418506,1.7567962
1650888000,1.7567962,1.76223093,1.75407869,1.75951342
1650889800,1.76087232,1.76630706,1.75815481,1.76494844
1650891600,1.76494844,1.76494844,1.75543758,1.7567962
1650893400,1.7567962,1.76902457,1.75000256,1.75000256
1650895200,1.75136146,1.75136146,1.7404917,1.74592644
1650897000,1.74592644,1.75407869,1.73505697,1.7418506
1650898800,1.7418506,1.7418506,1.73913309,1.73913309
1650954600,1.75407869,1.75407869,1.75407869,1.75407869
1650956400,1.75543758,1.76223093,1.75000256,1.75543758
1650958200,1.75407869,1.7567962,1.75136146,1.75407869
1650960000,1.75407869,1.7567962,1.75000256,1.75136146
1650961800,1.75000256,1.75136146,1.73641558,1.74456783
1650963600,1.74456783,1.74456783,1.73641558,1.73777448
1650965400,1.73777448,1.7418506,1.73369835,1.73913309
1650967200,1.7404917,1.74456783,1.73098084,1.73777448
1650969000,1.73777448,1.73913309,1.72690472,1.72826362
1650970800,1.72690472,1.72962223,1.70380687,1.71195912
1650972600,1.71195912,1.71195912,1.6929374,1.71060051
1650974400,1.71060051,1.71875276,1.707883,1.71603525
1650976200,1.71603525,1.72554611,1.71331773,1.71603525
1650978000,1.71603525,1.71875276,1.69837214,1.70108965
1650979800,1.70108965,1.70652439,1.66712205,1.68750266
1650981600,1.68750266,1.69701352,1.66712205,1.66712205
1650983400,1.67391568,1.68478515,1.65761119,1.66440482
1650985200,1.66440482,1.66848094,1.66440482,1.66848094
1651041000,1.66712205,1.66712205,1.66712205,1.66712205
1651042800,1.66848094,1.68614377,1.65217645,1.67119817
1651044600,1.67119817,1.6929374,1.67119817,1.68342654
1651046400,1.68342654,1.68750266,1.67255678,1.67527429
1651048200,1.67391568,1.6779918,1.66440482,1.67119817
1651050000,1.66983956,1.67527429,1.65217645,1.65625257
1651051800,1.65489396,1.65761119,1.63723085,1.65625257
1651053600,1.65489396,1.66712205,1.64945894,1.66168731
1651055400,1.66168731,1.67527429,1.6603287,1.67119817
1651057200,1.67119817,1.67255678,1.6589698,1.66168731
1651059000,1.66168731,1.66983956,1.65217645,1.66848094
1651060800,1.66848094,1.67935042,1.66712205,1.67527429
1651062600,1.67527429,1.67663291,1.66440482,1.67391568
1651064400,1.67255678,1.67663291,1.66440482,1.67527429
1651066200,1.67663291,1.69021989,1.67391568,1.68070903
1651068000,1.68070903,1.68478515,1.67119817,1.68070903
1651069800,1.68070903,1.68750266,1.67255678,1.68614377
1651071600,1.68886128,1.68886128,1.68886128,1.68886128
1651127400,1.70108965,1.70108965,1.70108965,1.70108965
1651129200,1.70108965,1.72962223,1.70108965,1.72826362
1651131000,1.72962223,1.73098084,1.71875276,1.72554611
1651132800,1.72554611,1.72826362,1.71603525,1.72011137
1651134600,1.72011137,1.72146998,1.71603525,1.71875276
1651136400,1.72011137,1.7228286,1.71603525,1.71875276
1651138200,1.71739386,1.72011137,1.70924161,1.71331773
1651140000,1.71331773,1.71875276,1.707883,1.71739386
1651141800,1.71875276,1.72011137,1.71331773,1.71467663
1651143600,1.71331773,1.71603525,1.69973075,1.70652439
1651145400,1.70652439,1.70924161,1.68750266,1.69701352
1651147200,1.69701352,1.70924161,1.6929374,1.70516577
1651149000,1.70516577,1.71331773,1.70244826,1.70380687
1651150800,1.70380687,1.70924161,1.6929374,1.69565463
1651152600,1.69701352,1.70380687,1.68478515,1.70108965
1651154400,1.70108965,1.71467663,1.69429601,1.707883
1651156200,1.707883,1.72690472,1.69973075,1.70924161
1651158000,1.71060051,1.71060051,1.71060051,1.71060051
1651213800,1.72826362,1.72826362,1.72826362,1.72826362
1651215600,1.72826362,1.73777448,1.69021989,1.70244826
1651217400,1.70108965,1.70380687,1.69021989,1.69837214
1651219200,1.69837214,1.71875276,1.69565463,1.71060051
1651221000,1.70924161,1.71195912,1.70516577,1.70652439
1651222800,1.70652439,1.70924161,1.69429601,1.70244826
1651224600,1.70108965,1.70516577,1.69565463,1.69565463
1651226400,1.69565463,1.70380687,1.69429601,1.70108965
1651228200,1.70108965,1.707883,1.69837214,1.70516577
1651230000,1.70652439,1.70924161,1.70244826,1.70380687
1651231800,1.70516577,1.71060051,1.69973075,1.707883
1651233600,1.707883,1.71603525,1.70652439,1.71331773
1651235400,1.71331773,1.71603525,1.70244826,1.70380687
1651237200,1.70380687,1.70380687,1.68614377,1.69429601
1651239000,1.69565463,1.72011137,1.6929374,1.70652439
1651240800,1.707883,1.72418749,1.707883,1.71739386
1651242600,1.71739386,1.77174179,1.71195912,1.73913309
1651244400,1.73913309,1.73913309,1.73913309,1.73913309
1651732200,1.79021915,1.79021915,1.79021915,1.79021915
1651734000,1.78804531,1.8402191,1.77174083,1.80326274
1651735800,1.80326274,1.81195837,1.79891478,1.80978425
1651737600,1.80978425,1.83152347,1.80761041,1.82282784
1651739400,1.82282784,1.83369759,1.8173931,1.82717579
1651741200,1.82717579,1.83369759,1.82500167,1.82934963
1651743000,1.82934963,1.83152347,1.820654,1.82608873
1651744800,1.82500167,1.82717579,1.82174106,1.82500167
1651746600,1.82608873,1.83043669,1.82500167,1.82934963
1651748400,1.83043669,1.83587142,1.82717579,1.83587142
1651750200,1.83587142,1.83804526,1.82717579,1.82934963
1651752000,1.82934963,1.83587142,1.82717579,1.83369759
1651753800,1.83478436,1.8369582,1.82826257,1.82934963
1651755600,1.82934963,1.8369582,1.82608873,1.83369759
1651757400,1.83369759,1.83804526,1.82174106,1.83478436
1651759200,1.83478436,1.83913232,1.82826257,1.83478436
1651761000,1.83478436,1.86087126,1.83043669,1.86087126
1651762800,1.86739305,1.86739305,1.86739305,1.86739305
1651818600,1.86087126,1.86087126,1.86087126,1.86087126
1651820400,1.85978448,1.85978448,1.80543657,1.8239149
1651822200,1.82500167,1.8369582,1.820654,1.83587142
1651824000,1.8369582,1.8369582,1.82608873,1.82717579
1651825800,1.82717579,1.83478436,1.8239149,1.83152347
1651827600,1.83152347,1.8369582,1.82717579,1.82934963
1651829400,1.82934963,1.83261053,1.82500167,1.83043669
1651831200,1.83043669,1.8369582,1.82826257,1.83369759
1651833000,1.83369759,1.83478436,1.82717579,1.83261053
1651834800,1.83261053,1.83261053,1.8239149,1.82608873
1651836600,1.82608873,1.83261053,1.82282784,1.83043669
1651838400,1.83152347,1.83369759,1.82934963,1.83152347
1651840200,1.83152347,1.8402191,1.82826257,1.83587142
1651842000,1.8369582,1.84456705,1.82500167,1.82934963
1651843800,1.82826257,1.83261053,1.80434951,1.80543657
1651845600,1.80543657,1.81304514,1.80217568,1.80978425
1651847400,1.80978425,1.82826257,1.80434951,1.82608873
1651849200,1.82608873,1.82608873,1.82608873,1.82608873
1652077800,1.89130611,1.89130611,1.89130611,1.89130611
1652079600,1.89130611,1.90978443,1.84456705,1.85434975
1652081400,1.85434975,1.85543652,1.83478436,1.84456705
1652083200,1.84456705,1.85000179,1.8369582,1.84674089
1652085000,1.84674089,1.85108885,1.84130616,1.84891473
1652086800,1.84782795,1.85000179,1.84347999,1.84674089
1652088600,1.84674089,1.84891473,1.84239322,1.84456705
1652090400,1.84456705,1.84456705,1.82826257,1.82934963
1652092200,1.83043669,1.83478436,1.81956694,1.820654
1652094000,1.81956694,1.83478436,1.8173931,1.83043669
1652095800,1.83043669,1.83478436,1.82608873,1.83043669
1652097600,1.83043669,1.83587142,1.82500167,1.83369759
1652099400,1.83369759,1.84674089,1.83043669,1.8402191
1652101200,1.84130616,1.84674089,1.8402191,1.84347999
1652103000,1.84347999,1.84347999,1.83152347,1.83804526
1652104800,1.83913232,1.84565411,1.83478436,1.8369582
1652106600,1.8369582,1.8402191,1.82934963,1.83261053
1652108400,1.83261053,1.83261053,1.83261053,1.83261053
1652164200,1.83478436,1.83478436,1.83478436,1.83478436
1652166000,1.83587142,1.85326269,1.82717579,1.84891473
1652167800,1.84891473,1.85000179,1.84239322,1.84347999
1652169600,1.84239322,1.84782795,1.8402191,1.84674089
1652171400,1.84782795,1.85000179,1.84130616,1.84456705
1652173200,1.84456705,1.84674089,1.84239322,1.84239322
1652175000,1.84347999,1.84565411,1.8369582,1.83804526
1652176800,1.83804526,1.84130616,1.8369582,1.8402191
1652178600,1.8402191,1.84456705,1.8369582,1.8402191
1652180400,1.83913232,1.84130616,1.83587142,1.8402191
1652182200,1.8402191,1.84130616,1.83587142,1.83804526
1652184000,1.83804526,1.84130616,1.8369582,1.83913232
1652185800,1.83913232,1.84130616,1.83587142,1.8369582
1652187600,1.8369582,1.8369582,1.82826257,1.83152347
1652189400,1.83152347,1.83152347,1.8173931,1.82826257
1652191200,1.82826257,1.83152347,1.81087131,1.82500167
1652193000,1.8239149,1.83043669,1.81848016,1.8239149
1652194800,1.8173931,1.8173931,1.8173931,1.8173931
1652250600,1.820654,1.820654,1.820654,1.820654
1652252400,1.820654,1.82826257,1.79456711,1.79891478
1652254200,1.79891478,1.80000184,1.78804531,1.78913209
1652256000,1.78913209,1.79456711,1.78369735,1.79130621
1652257800,1.79130621,1.80543657,1.78913209,1.80326274
1652259600,1.80326274,1.81956694,1.80217568,1.8141322
1652261400,1.8141322,1.81521926,1.80543657,1.80978425
1652263200,1.80978425,1.81195837,1.79674094,1.80217568
1652265000,1.80217568,1.80869747,1.79891478,1.80652363
1652266800,1.80652363,1.80652363,1.79565388,1.79891478
1652268600,1.79782772,1.79891478,1.79130621,1.79565388
1652270400,1.79565388,1.80108862,1.79456711,1.79891478
1652272200,1.79891478,1.80000184,1.76087136,1.78152352
1652274000,1.78043646,1.78369735,1.75869724,1.78043646
1652275800,1.77826262,1.78804531,1.77391466,1.78152352
1652277600,1.78261058,1.79891478,1.77826262,1.79456711
1652279400,1.79565388,1.80108862,1.78261058,1.78478441
1652281200,1.78587119,1.78587119,1.78478441,1.78478441
1652337000,1.76630609,1.76630609,1.76630609,1.76630609
1652338800,1.76521903,1.76630609,1.73913214,1.74565393
1652340600,1.74456687,1.75543663,1.74130598,1.7532625
1652342400,1.7532625,1.7565234,1.74674071,1.75543663
1652344200,1.75434956,1.7565234,1.72826267,1.73478418
1652346000,1.73587124,1.73804508,1.71630614,1.72934945
1652347800,1.72934945,1.73478418,1.71521908,1.73152357
1652349600,1.73152357,1.74456687,1.73043651,1.7434801
1652351400,1.74239304,1.75000161,1.73913214,1.74891483
1652353200,1.74891483,1.75761046,1.74674071,1.75434956
1652355000,1.75434956,1.7565234,1.74674071,1.75000161
1652356800,1.75000161,1.75761046,1.74456687,1.7565234
1652358600,1.7565234,1.75761046,1.73152357,1.73478418
1652360400,1.73369741,1.73804508,1.73043651,1.73152357
1652362200,1.73152357,1.73587124,1.71739292,1.73152357
1652364000,1.73152357,1.75000161,1.72500177,1.7434801
1652365800,1.7434801,1.7532625,1.73913214,1.7434801
1652367600,1.7369583,1.7369583,1.7369583,1.7369583
1652423400,1.76087136,1.76087136,1.76087136,1.76087136
1652425200,1.76195813,1.77608878,1.76087136,1.76847993
1652427000,1.76739315,1.76956699,1.76087136,1.7630452
1652428800,1.7630452,1.76413226,1.75869724,1.7630452
1652430600,1.76195813,1.76521903,1.74565393,1.74891483
1652432400,1.74782777,1.74891483,1.73261035,1.7434801
1652434200,1.7434801,1.75000161,1.74130598,1.74782777
1652436000,1.74674071,1.75000161,1.74456687,1.74891483
1652437800,1.74891483,1.7532625,1.74674071,1.75108867
1652439600,1.75108867,1.75543663,1.74782777,1.75108867
1652441400,1.75108867,1.75761046,1.74891483,1.75761046
1652443200,1.75761046,1.75869724,1.75108867,1.7532625
1652445000,1.7532625,1.7565234,1.75108867,1.75434956
1652446800,1.75434956,1.75543663,1.7402192,1.74891483
1652448600,1.74891483,1.76087136,1.74565393,1.75761046
1652450400,1.75761046,1.77826262,1.75434956,1.77174083
1652452200,1.77282789,1.78261058,1.76847993,1.78043646
1652454000,1.77934968,1.78043646,1.77934968,1.78043646
1652682600,1.77174083,1.77174083,1.77174083,1.77174083
1652684400,1.77065405,1.78043646,1.76413226,1.77065405
1652686200,1.76956699,1.77391466,1.76630609,1.77174083
1652688000,1.77174083,1.80434951,1.77065405,1.79348005
1652689800,1.79348005,1.79456711,1.78913209,1.79239298
1652691600,1.79239298,1.79456711,1.78152352,1.78152352
1652693400,1.78261058,1.78695825,1.77934968,1.78369735
1652695200,1.78369735,1.78587119,1.77065405,1.77500172
1652697000,1.77500172,1.77500172,1.76521903,1.77065405
1652698800,1.77065405,1.77174083,1.76630609,1.76847993
1652700600,1.76847993,1.76847993,1.75217573,1.7597843
1652702400,1.76087136,1.77174083,1.75869724,1.76956699
1652704200,1.76956699,1.77282789,1.7630452,1.76413226
1652706000,1.76521903,1.76847993,1.7630452,1.76521903
1652707800,1.76521903,1.76847993,1.76195813,1.76413226
1652709600,1.76521903,1.76956699,1.7630452,1.76521903
1652711400,1.76630609,1.76630609,1.75000161,1.7532625
1652713200,1.75000161,1.75000161,1.75000161,1.75000161
1652769000,1.75543663,1.75543663,1.75543663,1.75543663
1652770800,1.7565234,1.77500172,1.7532625,1.76630609
1652772600,1.76630609,1.76847993,1.7402192,1.74565393
1652774400,1.74565393,1.75217573,1.73261035,1.74674071
1652776200,1.74674071,1.76087136,1.74674071,1.7565234
1652778000,1.7565234,1.77282789,1.7565234,1.7630452
1652779800,1.7630452,1.76739315,1.7565234,1.7630452
1652781600,1.76413226,1.76630609,1.7597843,1.76195813
1652783400,1.76195813,1.76956699,1.75761046,1.76521903
1652785200,1.76521903,1.76956699,1.7630452,1.76521903
1652787000,1.76521903,1.78913209,1.76413226,1.78261058
1652788800,1.78261058,1.78478441,1.77174083,1.77500172
1652790600,1.77608878,1.77934968,1.76630609,1.77608878
1652792400,1.77608878,1.78369735,1.77500172,1.78261058
1652794200,1.78261058,1.78478441,1.77065405,1.77826262
1652796000,1.77826262,1.78152352,1.76521903,1.76739315
1652797800,1.76630609,1.76739315,1.7597843,1.76413226
1652799600,1.7630452,1.7630452,1.7630452,1.7630452
1652855400,1.76087136,1.76087136,1.76087136,1.76087136
1652857200,1.76195813,1.76195813,1.74456687,1.75434956
1652859000,1.75543663,1.76087136,1.74565393,1.75543663
1652860800,1.7565234,1.76195813,1.75217573,1.76087136
1652862600,1.76087136,1.77065405,1.75869724,1.76521903
1652864400,1.76413226,1.76847993,1.76195813,1.7630452
1652866200,1.76195813,1.76521903,1.76087136,1.7630452
1652868000,1.7630452,1.76630609,1.76195813,1.76630609
1652869800,1.76630609,1.77174083,1.76195813,1.76521903
1652871600,1.76630609,1.76739315,1.7565234,1.7597843
1652873400,1.7597843,1.76195813,1.75761046,1.76195813
1652875200,1.76087136,1.76413226,1.7597843,1.7630452
1652877000,1.7630452,1.76413226,1.75000161,1.75543663
1652878800,1.75543663,1.75869724,1.74782777,1.75108867
1652880600,1.75108867,1.7532625,1.7434801,1.74565393
1652882400,1.74565393,1.75434956,1.7434801,1.74674071
1652884200,1.74674071,1.7532625,1.7434801,1.74565393
1652886000,1.74891483,1.74891483,1.74130598,1.74130598
1653028200,1.74130598,1.74130598,1.74130598,1.74130598
1653030000,1.74130598,1.74565393,1.72934945,1.74130598
1653031800,1.74130598,1.74456687,1.72500177,1.72826267
1653033600,1.72826267,1.72934945,1.71521908,1.72282765
1653035400,1.72282765,1.72500177,1.72065382,1.72065382
1653037200,1.72065382,1.72282765,1.71630614,1.71739292
1653039000,1.71847998,1.72174088,1.71630614,1.72065382
1653040800,1.72065382,1.72282765,1.71630614,1.71956704
1653042600,1.71956704,1.72065382,1.71630614,1.71956704
1653044400,1.71847998,1.71956704,1.70652345,1.71413202
1653046200,1.71304525,1.71413202,1.7021755,1.70652345
1653048000,1.70543639,1.71521908,1.70434962,1.71521908
1653049800,1.71413202,1.71630614,1.70652345,1.71087113
1653051600,1.71195819,1.71847998,1.70978435,1.71195819
1653053400,1.71195819,1.71413202,1.70434962,1.70652345
1653055200,1.70761051,1.70978435,1.69782782,1.70434962
1653057000,1.70543639,1.70761051,1.69674076,1.6989146
1653058800,1.6989146,1.6989146,1.69674076,1.69674076
1653287400,1.70434962,1.70434962,1.70434962,1.70434962
1653289200,1.70543639,1.71630614,1.69674076,1.70543639
1653291000,1.70652345,1.71087113,1.7021755,1.70761051
1653292800,1.70761051,1.72065382,1.7021755,1.70543639
1653294600,1.70543639,1.70869729,1.7021755,1.70761051
1653296400,1.70761051,1.71195819,1.70326256,1.70434962
1653298200,1.70434962,1.70543639,1.69347986,1.69674076
1653300000,1.6956537,1.69782782,1.68913219,1.69674076
1653301800,1.6956537,1.6989146,1.67065387,1.67391477
1653303600,1.67391477,1.6760886,1.65978412,1.67065387
1653305400,1.67065387,1.67391477,1.66413207,1.66848003
1653307200,1.66956681,1.67065387,1.66195824,1.66848003
1653309000,1.66848003,1.6826104,1.66521914,1.6760886
1653310800,1.6760886,1.68152334,1.67282771,1.6760886
1653312600,1.67717566,1.6793495,1.66956681,1.67500154
1653314400,1.67500154,1.68369717,1.67500154,1.67826244
1653316200,1.67826244,1.6793495,1.66521914,1.66848003
1653318000,1.66630591,1.66630591,1.66630591,1.66630591
1653373800,1.6760886,1.6760886,1.6760886,1.6760886
1653375600,1.6760886,1.70761051,1.6760886,1.68478423
1653377400,1.68369717,1.69239309,1.6793495,1.68804513
1653379200,1.68804513,1.68913219,1.68152334,1.68804513
1653381000,1.68804513,1.70000166,1.68804513,1.69782782
1653382800,1.69782782,1.70108872,1.69456692,1.6989146
1653384600,1.6989146,1.70434962,1.6956537,1.69674076
1653386400,1.69674076,1.70108872,1.69674076,1.70000166
1653388200,1.70000166,1.70000166,1.6956537,1.69782782
1653390000,1.69782782,1.70000166,1.69239309,1.69456692
1653391800,1.69456692,1.6956537,1.68913219,1.69456692
1653393600,1.69456692,1.69456692,1.68695807,1.69021897
1653395400,1.68913219,1.69347986,1.68478423,1.69021897
1653397200,1.69021897,1.69456692,1.68695807,1.69347986
1653399000,1.69347986,1.70434962,1.68587129,1.68695807
1653400800,1.68695807,1.68804513,1.66956681,1.67174064
1653402600,1.67282771,1.6793495,1.67174064,1.67826244
1653404400,1.6793495,1.69130603,1.6793495,1.69130603
1653460200,1.69347986,1.69347986,1.69347986,1.69347986
1653462000,1.69347986,1.6989146,1.67826244,1.68913219
1653463800,1.69021897,1.71087113,1.68152334,1.69130603
1653465600,1.69021897,1.69239309,1.68043656,1.68369717
1653467400,1.68369717,1.68804513,1.68043656,1.68587129
1653469200,1.68478423,1.68695807,1.6793495,1.68478423
1653471000,1.68369717,1.68804513,1.6826104,1.68478423
1653472800,1.68478423,1.68695807,1.6826104,1.68587129
1653474600,1.68695807,1.68695807,1.6793495,1.6793495
1653476400,1.68043656,1.6826104,1.67826244,1.68043656
1653478200,1.6793495,1.68152334,1.67826244,1.68152334
1653480000,1.68152334,1.68478423,1.6793495,1.68152334
1653481800,1.68369717,1.68587129,1.68152334,1.68478423
1653483600,1.68478423,1.69347986,1.68369717,1.68478423
1653485400,1.68478423,1.70108872,1.68478423,1.70108872
1653487200,1.70108872,1.71847998,1.69674076,1.71195819
1653489000,1.71304525,1.72391471,1.70978435,1.71847998
1653490800,1.72174088,1.72174088,1.72174088,1.72174088
1653546600,1.72282765,1.72282765,1.72282765,1.72282765
1653548400,1.72282765,1.73152357,1.70978435,1.73152357
1653550200,1.73043651,1.7630452,1.73043651,1.74891483
1653552000,1.74782777,1.74891483,1.73913214,1.74565393
1653553800,1.74456687,1.74891483,1.74239304,1.74565393
1653555600,1.74565393,1.74674071,1.7402192,1.74239304
1653557400,1.74239304,1.74239304,1.73261035,1.73369741
1653559200,1.73261035,1.73913214,1.73261035,1.73913214
1653561000,1.73913214,1.74674071,1.73587124,1.7434801
1653562800,1.74239304,1.75217573,1.74239304,1.75000161
1653564600,1.75000161,1.75108867,1.7434801,1.74782777
1653566400,1.74782777,1.75108867,1.74456687,1.75000161
1653568200,1.75000161,1.7597843,1.74891483,1.75761046
1653570000,1.75761046,1.75761046,1.74782777,1.75217573
1653571800,1.75217573,1.77174083,1.75000161,1.76087136
1653573600,1.76087136,1.76956699,1.75869724,1.76087136
1653575400,1.76087136,1.76521903,1.75543663,1.7597843
1653577200,1.76413226,1.76413226,1.76413226,1.76413226
1653633000,1.75761046,1.75761046,1.75761046,1.75761046
1653634800,1.75869724,1.78152352,1.75869724,1.77717556
1653636600,1.77608878,1.77934968,1.77065405,1.77500172
1653638400,1.77500172,1.77934968,1.77174083,1.77174083
1653640200,1.77174083,1.83152347,1.76413226,1.82608873
1653642000,1.82608873,1.82934963,1.80761041,1.80978425
1653643800,1.80869747,1.80978425,1.79782772,1.80217568
1653645600,1.80217568,1.80543657,1.79456711,1.80108862
1653647400,1.80217568,1.80543657,1.79674094,1.80108862
1653649200,1.80108862,1.80217568,1.79021915,1.79891478
1653651000,1.79782772,1.80000184,1.78478441,1.79239298
1653652800,1.79130621,1.79891478,1.78913209,1.79348005
1653654600,1.79348005,1.79891478,1.79130621,1.79674094
1653656400,1.79674094,1.80434951,1.79130621,1.79348005
1653658200,1.79239298,1.79456711,1.78261058,1.78804531
1653660000,1.78804531,1.80108862,1.78587119,1.79782772
1653661800,1.79891478,1.80000184,1.78913209,1.79130621
1653663600,1.79021915,1.79021915,1.79021915,1.79021915
1653892200,1.82826257,1.82826257,1.82826257,1.82826257
1653894000,1.82826257,1.84456705,1.82174106,1.82500167
1653895800,1.82608873,1.83478436,1.82282784,1.82826257
1653897600,1.82826257,1.83478436,1.82717579,1.83043669
1653899400,1.83043669,1.83152347,1.82500167,1.83043669
1653901200,1.83043669,1.83043669,1.82282784,1.82500167
1653903000,1.8239149,1.83152347,1.8239149,1.82934963
1653904800,1.82934963,1.83152347,1.82717579,1.82826257
1653906600,1.82934963,1.83804526,1.82826257,1.83587142
1653908400,1.83478436,1.84239322,1.83369759,1.84130616
1653910200,1.84130616,1.84239322,1.83804526,1.84239322
1653912000,1.84239322,1.84347999,1.83913232,1.8402191
1653913800,1.83913232,1.84239322,1.83478436,1.83804526
1653915600,1.8369582,1.84239322,1.8369582,1.8402191
1653917400,1.83913232,1.86956717,1.8369582,1.86413215
1653919200,1.86413215,1.86956717,1.85652358,1.85869742
1653921000,1.85869742,1.86413215,1.84130616,1.85326269
1653922800,1.85326269,1.85761064,1.85326269,1.85761064
1653978600,1.85869742,1.85869742,1.85869742,1.85869742
1653980400,1.85869742,1.9010888,1.85761064,1.88804521
1653982200,1.88913227,1.98043682,1.88804521,1.97717592
1653984000,1.97608886,1.9782627,1.95326287,1.9586976
1653985800,1.9586976,1.95978466,1.93913222,1.94348018
1653987600,1.94239311,1.9586976,1.94021928,1.94891491
1653989400,1.94891491,1.95108875,1.93913222,1.94021928
1653991200,1.94021928,1.94021928,1.91304532,1.92826275
1653993000,1.92826275,1.93043659,1.91739328,1.92500185
1653994800,1.92500185,1.93043659,1.92391479,1.92934981
1653996600,1.92934981,1.93478454,1.91521916,1.91956712
1653998400,1.92065418,1.92282802,1.90652353,1.91848006
1654000200,1.91739328,1.92826275,1.91087149,1.92391479
1654002000,1.92391479,1.92826275,1.91413239,1.92174096
1654003800,1.92282802,1.92826275,1.91630622,1.92717569
1654005600,1.92717569,1.95108875,1.92717569,1.94456724
1654007400,1.94565401,2.01739318,1.94456724,1.9750018
1654009200,1.98261066,1.98261066,1.98261066,1.98261066
1654065000,1.98261066,1.98261066,1.98261066,1.98261066
1654066800,1.98369772,2.00652371,1.95652376,1.99130629
1654068600,1.99021923,2.03043677,1.98478449,2.01848024
1654070400,2.01848024,2.04891509,2.00217575,2.04130624
1654072200,2.04130624,2.05869778,2.03369766,2.05761072
1654074000,2.05652366,2.09130647,2.05652366,2.07826288
1654075800,2.07717582,2.07934994,2.06304545,2.07174109
1654077600,2.07174109,2.07391521,2.05652366,2.06304545
1654079400,2.06304545,2.06739341,2.05000215,2.05434982
1654081200,2.05434982,2.07391521,2.05326276,2.06413252
1654083000,2.06304545,2.07608904,2.05434982,2.05761072
1654084800,2.05761072,2.06739341,2.05652366,2.06413252
1654086600,2.06521929,2.07934994,2.06087162,2.07391521
1654088400,2.07500198,2.09239324,2.07391521,2.08261084
1654090200,2.08152378,2.08804557,2.07282815,2.07934994
1654092000,2.07934994,2.08043672,2.05869778,2.05978456
1654093800,2.05869778,2.06195868,2.0358715,2.05326276
1654095600,2.05326276,2.05326276,2.05000215,2.05000215
1654151400,2.05543688,2.05543688,2.05543688,2.05543688
1654153200,2.05543688,2.08695851,2.03804534,2.05000215
1654155000,2.05000215,2.05869778,2.0391324,2.05217599
1654156800,2.05326276,2.09782826,2.04021946,2.07391521
1654158600,2.07282815,2.08261084,2.06195868,2.06521929
1654160400,2.06630635,2.07826288,2.06521929,2.07717582
1654162200,2.07717582,2.08261084,2.07282815,2.07717582
1654164000,2.07717582,2.08369761,2.07500198,2.08043672
1654165800,2.08043672,2.11304569,2.07717582,2.10869773
1654167600,2.10869773,2.15652384,2.103263,2.15435
1654169400,2.15326294,2.20869791,2.15217617,2.19565432
1654171200,2.19782816,2.22826301,2.19565432,2.21304558
1654173000,2.21413264,2.22826301,2.20761085,2.21956738
1654174800,2.21956738,2.22174121,2.19565432,2.20869791
1654176600,2.20869791,2.22065444,2.177176,2.19782816
1654178400,2.19891522,2.20108906,2.15435,2.17065421
1654180200,2.16956743,2.20108906,2.16521947,2.18478486
1654182000,2.18478486,2.18478486,2.18478486,2.18478486
1654237800,2.20326289,2.20326289,2.20326289,2.20326289
1654239600,2.20434995,2.25326313,2.19021959,2.21304558
1654241400,2.21195881,2.27717618,2.20869791,2.27391528
1654243200,2.27391528,2.2989154,2.26304582,2.2956545
1654245000,2.2956545,2.3119587,2.26521965,2.29348038
1654246800,2.29239361,2.29782834,2.28587181,2.2956545
1654248600,2.2956545,2.3184805,2.29130655,2.2956545
1654250400,2.2956545,2.30978487,2.29239361,2.30108924
1654252200,2.3021763,2.32391523,2.30108924,2.3152196
1654254000,2.31413283,2.32391523,2.30000218,2.30652397
1654255800,2.30652397,2.30978487,2.28478475,2.29021977
1654257600,2.29130655,2.30869781,2.28804565,2.3021763
1654259400,2.30108924,2.31739344,2.29456744,2.31087193
1654261200,2.31087193,2.3184805,2.30543691,2.31413283
1654263000,2.31413283,2.33478498,2.31087193,2.32717613
1654264800,2.32826319,2.33369792,2.29348038,2.32717613
1654266600,2.32717613,2.39456762,2.32608935,2.38478493
1654268400,2.38478493,2.38587199,2.38369787,2.38587199
1654497000,2.3956544,2.3956544,2.3956544,2.3956544
1654498800,2.3956544,2.43804578,2.37500224,2.43261104
1654500600,2.43152427,2.47500242,2.41195889,2.42174158
1654502400,2.42174158,2.4402199,2.41848068,2.42391541
1654504200,2.42391541,2.43152427,2.42065452,2.42391541
1654506000,2.42282835,2.42608925,2.39782852,2.40435032
1654507800,2.40435032,2.40435032,2.36413277,2.37282841
1654509600,2.37500224,2.3793502,2.30978487,2.35543714
1654511400,2.35543714,2.35978482,2.34021972,2.34239355
1654513200,2.34348062,2.36087188,2.34239355,2.35435008
1654515000,2.35326331,2.39674146,2.35326331,2.39239379
1654516800,2.39239379,2.3956544,2.3793502,2.38369787
1654518600,2.38478493,2.41304595,2.37717636,2.39782852
1654520400,2.3989153,2.43804578,2.3956544,2.42717631
1654522200,2.42717631,2.4434808,2.41848068,2.43152427
1654524000,2.43152427,2.43913284,2.41521978,2.42717631
1654525800,2.42717631,2.4434808,2.40217619,2.40543709
1654527600,2.40543709,2.40652415,2.40543709,2.40652415
1654583400,2.41087183,2.41087183,2.41087183,2.41087183
1654585200,2.41087183,2.46739385,2.38152404,2.4565241
1654587000,2.4565241,2.49130691,2.45543732,2.47717626
1654588800,2.47717626,2.48043716,2.4434808,2.45543732
1654590600,2.45435026,2.45761116,2.43478488,2.44456757
1654592400,2.44565463,2.45108937,2.43804578,2.4434808
1654594200,2.4434808,2.44782847,2.43587194,2.44456757
1654596000,2.44565463,2.44674141,2.43913284,2.4434808
1654597800,2.4434808,2.44456757,2.42065452,2.42391541
1654599600,2.42391541,2.42826337,2.40869799,2.42065452
1654601400,2.42065452,2.42500247,2.39674146,2.40978505
1654603200,2.41087183,2.41087183,2.38913289,2.39456762
1654605000,2.3956544,2.39782852,2.3760893,2.3793502
1654606800,2.3793502,2.38804583,2.36304571,2.3826111
1654608600,2.38152404,2.39674146,2.38152404,2.39239379
1654610400,2.39239379,2.39239379,2.37174134,2.38369787
1654612200,2.38369787,2.39782852,2.36956751,2.37065457
1654614000,2.36304571,2.36304571,2.36304571,2.36304571
1654669800,2.37391547,2.37391547,2.37391547,2.37391547
1654671600,2.37500224,2.41848068,2.37065457,2.40217619
1654673400,2.40217619,2.41304595,2.38043726,2.38369787
1654675200,2.38369787,2.41087183,2.37500224,2.40978505
1654677000,2.40869799,2.41739362,2.40217619,2.41304595
1654678800,2.41304595,2.41413272,2.3956544,2.39782852
1654680600,2.39782852,2.40543709,2.38804583,2.3989153
1654682400,2.3989153,2.41413272,2.39021967,2.40543709
1654684200,2.40543709,2.41304595,2.39782852,2.41087183
1654686000,2.41087183,2.41195889,2.39239379,2.3989153
1654687800,2.39782852,2.46304589,2.3956544,2.436959
1654689600,2.43804578,2.43913284,2.3989153,2.41087183
1654691400,2.40978505,2.41848068,2.3989153,2.40978505
1654693200,2.40978505,2.42826337,2.39782852,2.42282835
1654695000,2.42500247,2.44130668,2.41521978,2.42608925
1654696800,2.42500247,2.43478488,2.41630684,2.41630684
1654698600,2.41848068,2.41848068,2.30869781,2.32717613
1654700400,2.32717613,2.32717613,2.32717613,2.32717613
1654756200,2.36304571,2.36304571,2.36304571,2.36304571
1654758000,2.36413277,2.39130673,2.33804588,2.35978482
1654759800,2.35978482,2.36630661,2.34348062,2.35435008
1654761600,2.35326331,2.35761098,2.34021972,2.34565445
1654763400,2.34565445,2.36195894,2.34239355,2.35978482
1654765200,2.36087188,2.37174134,2.35435008,2.36304571
1654767000,2.36304571,2.40000236,2.36195894,2.37826314
1654768800,2.37826314,2.38695877,2.35869804,2.37065457
1654770600,2.37065457,2.37500224,2.34239355,2.37065457
1654772400,2.37065457,2.38369787,2.36848045,2.3793502
1654774200,2.3793502,2.39456762,2.37174134,2.3826111
1654776000,2.3826111,2.40543709,2.3760893,2.39348056
1654777800,2.39239379,2.39239379,2.35108919,2.36630661
1654779600,2.36630661,2.37174134,2.35543714,2.36087188
1654781400,2.36195894,2.36521983,2.33913266,2.35108919
1654783200,2.35108919,2.36413277,2.34348062,2.35761098
1654785000,2.35761098,2.38804583,2.35543714,2.38369787
1654786800,2.38369787,2.39674146,2.38369787,2.39674146
1654842600,2.38587199,2.38587199,2.38587199,2.38587199
1654844400,2.38478493,2.41956746,2.36739367,2.40108942
1654846200,2.40108942,2.40543709,2.38478493,2.39239379
1654848000,2.39130673,2.3956544,2.38369787,2.38478493
1654849800,2.38369787,2.38913289,2.38043726,2.38478493
1654851600,2.38478493,2.39130673,2.3826111,2.38478493
1654853400,2.38478493,2.38695877,2.3760893,2.37826314
1654855200,2.37826314,2.38152404,2.37391547,2.37717636
1654857000,2.37826314,2.39021967,2.37717636,2.38478493
1654858800,2.38478493,2.39130673,2.38043726,2.38587199
1654860600,2.38587199,2.41739362,2.38369787,2.40435032
1654862400,2.40543709,2.41304595,2.39239379,2.40543709
1654864200,2.40543709,2.40652415,2.39239379,2.39239379
1654866000,2.39348056,2.40326326,2.3826111,2.39456762
1654867800,2.3956544,2.40761093,2.39021967,2.40652415
1654869600,2.40761093,2.41413272,2.3826111,2.40652415
1654871400,2.40652415,2.40978505,2.38587199,2.39239379
1654873200,2.39239379,2.39239379,2.38913289,2.38913289
1655101800,2.38587199,2.38587199,2.38587199,2.38587199
1655103600,2.38478493,2.39674146,2.35326331,2.35978482
1655105400,2.35978482,2.36739367,2.33261086,2.34130678
1655107200,2.34239355,2.34239355,2.32826319,2.33478498
1655109000,2.33478498,2.33913266,2.32065434,2.32826319
1655110800,2.32717613,2.32826319,2.29348038,2.2989154
1655112600,2.30000218,2.30326307,2.28804565,2.2956545
1655114400,2.2956545,2.30326307,2.29130655,2.30108924
1655116200,2.3021763,2.3119587,2.2989154,2.31087193
1655118000,2.3119587,2.32608935,2.31087193,2.32065434
1655119800,2.32065434,2.33913266,2.32065434,2.32282846
1655121600,2.32282846,2.32608935,2.30652397,2.31739344
1655123400,2.3184805,2.32282846,2.30435013,2.3184805
1655125200,2.3184805,2.32282846,2.3119587,2.31956756
1655127000,2.31956756,2.34130678,2.3184805,2.33587176
1655128800,2.33695882,2.33804588,2.31304577,2.31956756
1655130600,2.31956756,2.32500229,2.30326307,2.30652397
1655132400,2.30652397,2.31630666,2.30652397,2.31630666
1655188200,2.33587176,2.33587176,2.33587176,2.33587176
1655190000,2.33587176,2.35217625,2.3119587,2.34674151
1655191800,2.34565445,2.36087188,2.33043703,2.33804588
1655193600,2.33695882,2.33695882,2.32608935,2.32935025
1655195400,2.33043703,2.33152409,2.32391523,2.33043703
1655197200,2.32935025,2.34456739,2.32717613,2.33369792
1655199000,2.33369792,2.33369792,2.30978487,2.32391523
1655200800,2.32282846,2.34021972,2.3184805,2.33369792
1655202600,2.33369792,2.34891535,2.32500229,2.34239355
1655204400,2.34130678,2.34348062,2.33369792,2.33804588
1655206200,2.33913266,2.34891535,2.33587176,2.34456739
1655208000,2.34565445,2.36195894,2.34456739,2.35326331
1655209800,2.35326331,2.35543714,2.33261086,2.34021972
1655211600,2.34130678,2.35217625,2.33695882,2.35000241
1655213400,2.34891535,2.38913289,2.34456739,2.3826111
1655215200,2.3826111,2.45108937,2.37826314,2.40652415
1655217000,2.40652415,2.43478488,2.38043726,2.43478488
1655218800,2.42174158,2.42174158,2.42174158,2.42174158
1655274600,2.43804578,2.43804578,2.43804578,2.43804578
1655276400,2.43804578,2.45108937,2.40326326,2.42391541
1655278200,2.42282835,2.44891553,2.41195889,2.436959
1655280000,2.436959,2.4402199,2.42608925,2.43369811
1655281800,2.43261104,2.43587194,2.42391541,2.42826337
1655283600,2.42717631,2.42826337,2.41521978,2.41956746
1655285400,2.41848068,2.42065452,2.40869799,2.41956746
1655287200,2.41956746,2.42935015,2.41304595,2.42391541
1655289000,2.42282835,2.42717631,2.41304595,2.42608925
1655290800,2.42717631,2.44674141,2.42282835,2.43913284
1655292600,2.43913284,2.47608948,2.43369811,2.46848063
1655294400,2.46848063,2.47500242,2.45000231,2.46304589
1655296200,2.46304589,2.46848063,2.45543732,2.459785
1655298000,2.46087206,2.46195883,2.43261104,2.44565463
1655299800,2.44565463,2.45435026,2.436959,2.44565463
1655301600,2.44565463,2.44565463,2.42935015,2.44239364
1655303400,2.43913284,2.43913284,2.42608925,2.43043721
1655305200,2.42935015,2.43043721,2.42935015,2.43043721
1655361000,2.44130668,2.44130668,2.44130668,2.44130668
1655362800,2.44239374,2.50761111,2.44239374,2.50543727
1655364600,2.50543727,2.5206547,2.48695895,2.51521996
1655366400,2.51521996,2.53587212,2.50761111,2.53261123
1655368200,2.53261123,2.55761134,2.52717649,2.55652428
1655370000,2.55652428,2.55761134,2.51304584,2.51304584
1655371800,2.51304584,2.53152417,2.50543727,2.52826327
1655373600,2.52717649,2.52717649,2.5141329,2.5206547
1655375400,2.5206547,2.52174147,2.48043716,2.48152422
1655377200,2.48043716,2.50435021,2.46956769,2.49782842
1655379000,2.49782842,2.50543727,2.49021985,2.50435021
1655380800,2.50543727,2.51087201,2.49565458,2.50000254
1655382600,2.49891548,2.50543727,2.49130691,2.49565458
1655384400,2.49674164,2.49891548,2.48478511,2.49348075
1655386200,2.49239368,2.49565458,2.47065447,2.47935038
1655388000,2.48043716,2.49456781,2.46956769,2.48587189
1655389800,2.48587189,2.48587189,2.44456757,2.46956769
1655391600,2.46956769,2.46956769,2.46956769,2.46956769
1655447400,2.48478511,2.48478511,2.48478511,2.48478511
1655449200,2.48587189,2.50108932,2.43152427,2.44891553
1655451000,2.44782847,2.45543732,2.42826337,2.43587194
1655452800,2.43587194,2.44674141,2.42935015,2.44456757
1655454600,2.44456757,2.45217643,2.4402199,2.44674141
1655456400,2.44674141,2.45108937,2.43587194,2.4434808
1655458200,2.4434808,2.44456757,2.43804578,2.44130668
1655460000,2.4402199,2.4434808,2.43804578,2.4402199
1655461800,2.4402199,2.45869794,2.4402199,2.45543732
1655463600,2.45761116,2.47282859,2.4532632,2.46413296
1655465400,2.46413296,2.50326344,2.46195883,2.49782842
1655467200,2.49782842,2.50217638,2.48152422,2.48152422
1655469000,2.48043716,2.49239368,2.47717626,2.48695895
1655470800,2.48695895,2.48804601,2.46087206,2.47500242
1655472600,2.47608948,2.49348075,2.47500242,2.48804601
1655474400,2.48695895,2.49021985,2.47282859,2.47717626
1655476200,2.47717626,2.50326344,2.47717626,2.49021985
1655478000,2.50217638,2.50217638,2.50217638,2.50217638
1655706600,2.52174147,2.52174147,2.52174147,2.52174147
1655708400,2.52282853,2.54891543,2.50217638,2.54130686
1655710200,2.54130686,2.54782865,2.51956764,2.5206547
1655712000,2.51848086,2.53369809,2.51304584,2.5173938
1655713800,2.51630674,2.52174147,2.51195907,2.51521996
1655715600,2.51521996,2.51521996,2.49021985,2.49239368
1655717400,2.49456781,2.49782842,2.48695895,2.49348075
1655719200,2.49239368,2.49891548,2.47608948,2.49021985
1655721000,2.48913279,2.49348075,2.48478511,2.49021985
1655722800,2.49021985,2.49239368,2.47935038,2.48913279
1655724600,2.48913279,2.49674164,2.48261099,2.49130691
1655726400,2.49239368,2.50761111,2.48913279,2.49456781
1655728200,2.49456781,2.49565458,2.48478511,2.49130691
1655730000,2.49130691,2.51087201,2.49021985,2.50761111
1655731800,2.50761111,2.50869817,2.50000254,2.50761111
1655733600,2.50761111,2.51195907,2.49239368,2.49891548
1655735400,2.49891548,2.49891548,2.45435026,2.47717626
1655737200,2.47608948,2.47608948,2.47391536,2.47391536
1655793000,2.48043716,2.48043716,2.48043716,2.48043716
1655794800,2.48152422,2.48587189,2.44565463,2.47826332
1655796600,2.47717626,2.49130691,2.47065447,2.47826332
1655798400,2.47826332,2.48587189,2.47282859,2.47500242
1655800200,2.47500242,2.47717626,2.46521973,2.47608948
1655802000,2.47608948,2.51630674,2.47282859,2.49348075
1655803800,2.49348075,2.51195907,2.49348075,2.50761111
1655805600,2.50761111,2.51087201,2.50000254,2.50543727
1655807400,2.50543727,2.51087201,2.49239368,2.49782842
1655809200,2.49782842,2.50435021,2.49565458,2.49782842
1655811000,2.49891548,2.50326344,2.49456781,2.49456781
1655812800,2.49456781,2.50217638,2.49348075,2.49565458
1655814600,2.49565458,2.50217638,2.49239368,2.49456781
1655816400,2.49456781,2.49674164,2.48369805,2.49130691
1655818200,2.49239368,2.49674164,2.48695895,2.49130691
1655820000,2.49130691,2.50326344,2.48804601,2.49021985
1655821800,2.49130691,2.49565458,2.47935038,2.48261099
1655823600,2.48261099,2.48261099,2.48261099,2.48261099
1655879400,2.48695895,2.48695895,2.48695895,2.48695895
1655881200,2.48695895,2.52174147,2.46630679,2.50761111
1655883000,2.50761111,2.51087201,2.49456781,2.49674164
1655884800,2.49674164,2.50217638,2.49239368,2.49674164
1655886600,2.49565458,2.49782842,2.48478511,2.48913279
1655888400,2.48804601,2.48913279,2.48152422,2.48804601
1655890200,2.48804601,2.49130691,2.47717626,2.48261099
1655892000,2.48261099,2.48804601,2.48152422,2.48261099
1655893800,2.48369805,2.48587189,2.48043716,2.48152422
1655895600,2.48152422,2.48478511,2.47826332,2.48261099
1655897400,2.48261099,2.48261099,2.47174153,2.47500242
1655899200,2.47500242,2.47935038,2.46956769,2.47608948
1655901000,2.47500242,2.47608948,2.46413296,2.46956769
1655902800,2.46848063,2.47608948,2.46521973,2.47174153
1655904600,2.47174153,2.47608948,2.46413296,2.46413296
1655906400,2.46413296,2.47717626,2.46413296,2.47174153
1655908200,2.47174153,2.47174153,2.45108937,2.45217643
1655910000,2.45217643,2.45217643,2.45108937,2.45108937
1655965800,2.45217643,2.45217643,2.45217643,2.45217643
1655967600,2.45217643,2.47282859,2.45108937,2.46739385
1655969400,2.46739385,2.47608948,2.46304589,2.46521973
1655971200,2.46413296,2.48261099,2.46087206,2.47826332
1655973000,2.47608948,2.50000254,2.47391536,2.47500242
1655974800,2.47500242,2.48261099,2.47065447,2.47500242
1655976600,2.47500242,2.48261099,2.47391536,2.47935038
1655978400,2.47935038,2.48804601,2.47717626,2.48152422
1655980200,2.48043716,2.48261099,2.47500242,2.47826332
1655982000,2.47826332,2.48478511,2.46521973,2.46848063
1655983800,2.46739385,2.47608948,2.46304589,2.46739385
1655985600,2.46739385,2.46739385,2.45869794,2.46087206
1655987400,2.46087206,2.46739385,2.45543732,2.46521973
1655989200,2.46521973,2.46630679,2.4565241,2.45869794
1655991000,2.45869794,2.46413296,2.4532632,2.4565241
1655992800,2.4565241,2.45761116,2.43478488,2.44565463
1655994600,2.44674141,2.45217643,2.4402199,2.4434808
1655996400,2.44456757,2.44456757,2.4402199,2.4402199
1656052200,2.45000231,2.45000231,2.45000231,2.45000231
1656054000,2.44891553,2.45761116,2.42717631,2.43261104
1656055800,2.43261104,2.43369811,2.42174158,2.42826337
1656057600,2.42717631,2.43152427,2.39782852,2.41630684
1656059400,2.41521978,2.41630684,2.39674146,2.40869799
1656061200,2.40869799,2.40869799,2.40108942,2.40326326
1656063000,2.40326326,2.40435032,2.39456762,2.39674146
1656064800,2.39674146,2.39674146,2.37065457,2.38804583
1656066600,2.38804583,2.40108942,2.38043726,2.38913289
1656068400,2.38913289,2.41739362,2.38587199,2.3989153
1656070200,2.40000236,2.42500247,2.3989153,2.41956746
1656072000,2.41956746,2.42717631,2.40652415,2.40978505
1656073800,2.40978505,2.42500247,2.40869799,2.41848068
1656075600,2.41848068,2.42500247,2.41521978,2.41739362
1656077400,2.41739362,2.42608925,2.40652415,2.42282835
1656079200,2.42391541,2.43043721,2.41739362,2.41848068
1656081000,2.41848068,2.42174158,2.40108942,2.40435032
1656082800,2.40652415,2.40652415,2.40652415,2.40652415
1656311400,2.35326331,2.35326331,2.35326331,2.35326331
1656313200,2.35217625,2.40326326,2.32500229,2.39130673
1656315000,2.39239379,2.40435032,2.38369787,2.40000236
1656316800,2.40000236,2.40761093,2.38913289,2.39456762
1656318600,2.3956544,2.40108942,2.38369787,2.38804583
1656320400,2.38804583,2.3956544,2.38695877,2.39456762
1656322200,2.39239379,2.39456762,2.37717636,2.38043726
1656324000,2.3793502,2.38587199,2.37174134,2.3826111
1656325800,2.38369787,2.39239379,2.38043726,2.39021967
1656327600,2.38913289,2.3956544,2.38587199,2.39239379
1656329400,2.39239379,2.39239379,2.38369787,2.38587199
1656331200,2.38587199,2.39130673,2.38043726,2.3826111
1656333000,2.3826111,2.39021967,2.3793502,2.38587199
1656334800,2.38478493,2.39021967,2.3826111,2.38695877
1656336600,2.38804583,2.39021967,2.37500224,2.3793502
1656338400,2.3793502,2.38695877,2.37282841,2.37500224
1656340200,2.37500224,2.3760893,2.35326331,2.35435008
1656342000,2.35435008,2.35652392,2.35435008,2.35652392
1656397800,2.36739367,2.36739367,2.36739367,2.36739367
1656399600,2.36739367,2.38369787,2.36195894,2.37717636
1656401400,2.37826314,2.3826111,2.36956751,2.37391547
1656403200,2.37391547,2.38152404,2.36521983,2.36956751
1656405000,2.37065457,2.37391547,2.36630661,2.37065457
1656406800,2.36956751,2.37282841,2.36521983,2.36739367
1656408600,2.36739367,2.36848045,2.35652392,2.36304571
1656410400,2.36304571,2.36304571,2.35000241,2.36087188
1656412200,2.36087188,2.36304571,2.34674151,2.35652392
1656414000,2.35543714,2.35652392,2.34239355,2.34565445
1656415800,2.34456739,2.34674151,2.32826319,2.33152409
1656417600,2.33152409,2.33913266,2.32065434,2.33913266
1656419400,2.33804588,2.34021972,2.33043703,2.33369792
1656421200,2.33369792,2.34565445,2.32826319,2.33804588
1656423000,2.33913266,2.34891535,2.33369792,2.33695882
1656424800,2.33587176,2.33587176,2.3119587,2.31739344
1656426600,2.31630666,2.31739344,2.26848055,2.30978487
1656428400,2.30000218,2.30000218,2.30000218,2.30000218
1656484200,2.30435013,2.30435013,2.30435013,2.30435013
1656486000,2.30543691,2.31956756,2.28587181,2.3021763
1656487800,2.3021763,2.30435013,2.26630671,2.27391528
1656489600,2.27282822,2.27717618,2.25652402,2.27174145
1656491400,2.27174145,2.28913271,2.26956733,2.28261092
1656493200,2.28261092,2.30869781,2.28261092,2.30435013
1656495000,2.30543691,2.30543691,2.29130655,2.30108924
1656496800,2.3021763,2.3119587,2.29239361,2.29782834
1656498600,2.29782834,2.30108924,2.29130655,2.29130655
1656500400,2.29239361,2.2956545,2.28804565,2.29348038
1656502200,2.29239361,2.2989154,2.28587181,2.29782834
1656504000,2.29782834,2.31087193,2.29674128,2.29782834
1656505800,2.29782834,2.30000218,2.29130655,2.29674128
1656507600,2.29674128,2.30652397,2.29674128,2.29782834
1656509400,2.2989154,2.2989154,2.27391528,2.27935002
1656511200,2.28043708,2.28478475,2.26413259,2.27391528
1656513000,2.27282822,2.27500235,2.24891517,2.25108929
1656514800,2.25108929,2.25108929,2.25000223,2.25000223
1656570600,2.25000223,2.25000223,2.25000223,2.25000223
1656572400,2.24891517,2.26630671,2.22174121,2.2380457
1656574200,2.2380457,2.24782839,2.23043685,2.24348043
1656576000,2.24239337,2.25543696,2.23587186,2.24021954
1656577800,2.23913276,2.2413066,2.21304558,2.21956738
1656579600,2.21956738,2.22391534,2.20761085,2.21848032
1656581400,2.21848032,2.23043685,2.21304558,2.22935007
1656583200,2.22935007,2.22935007,2.21848032,2.21956738
1656585000,2.21956738,2.22282828,2.20869791,2.21304558
1656586800,2.21304558,2.21413264,2.17282833,2.18587163
1656588600,2.18478486,2.22282828,2.18152396,2.21630648
1656590400,2.21739354,2.24782839,2.21521971,2.2413066
1656592200,2.2413066,2.27717618,2.2380457,2.24891517
1656594000,2.24891517,2.26195876,2.24239337,2.25543696
1656595800,2.25543696,2.25543696,2.22935007,2.2413066
1656597600,2.2413066,2.24674133,2.23152391,2.23587186
1656599400,2.2347848,2.23695864,2.21521971,2.23152391
1656601200,2.23043685,2.23043685,2.21956738,2.21956738
1656657000,2.21956738,2.21956738,2.21956738,2.21956738
1656658800,2.21956738,2.25543696,2.21630648,2.24456749
1656660600,2.24565427,2.24674133,2.2347848,2.2413066
1656662400,2.2413066,2.24782839,2.22826301,2.24565427
1656664200,2.24565427,2.27391528,2.24565427,2.26195876
1656666000,2.26195876,2.27174145,2.25978492,2.27065439
1656667800,2.26956733,2.27500235,2.25978492,2.26195876
1656669600,2.26195876,2.27174145,2.25869786,2.26956733
1656671400,2.26848055,2.27174145,2.25869786,2.26304582
1656673200,2.26413259,2.26413259,2.24891517,2.25217607
1656675000,2.25326313,2.25652402,2.24565427,2.25543696
1656676800,2.2543499,2.26413259,2.25217607,2.25869786
1656678600,2.2576108,2.26848055,2.2543499,2.2608717
1656680400,2.2608717,2.26304582,2.25652402,2.25978492
1656682200,2.25978492,2.26630671,2.25652402,2.2576108
1656684000,2.2576108,2.25978492,2.25000223,2.25652402
1656685800,2.25543696,2.27282822,2.25108929,2.26956733
1656687600,2.26848055,2.27174145,2.26848055,2.27174145
1656916200,2.28587181,2.28587181,2.28587181,2.28587181
1656918000,2.28695887,2.29674128,2.27391528,2.28695887
1656919800,2.28587181,2.28804565,2.27500235,2.28261092
1656921600,2.28152385,2.28369798,2.26739349,2.27065439
1656923400,2.27174145,2.27717618,2.26956733,2.27174145
1656925200,2.27174145,2.27717618,2.26956733,2.27391528
1656927000,2.27391528,2.27717618,2.26739349,2.27065439
1656928800,2.26956733,2.27500235,2.26413259,2.27174145
1656930600,2.27174145,2.27391528,2.26521965,2.27174145
1656932400,2.27174145,2.27500235,2.26413259,2.27174145
1656934200,2.27174145,2.27174145,2.25652402,2.25978492
1656936000,2.25978492,2.26304582,2.24891517,2.25543696
1656937800,2.25543696,2.26521965,2.25217607,2.26304582
1656939600,2.26304582,2.26304582,2.2543499,2.25543696
1656941400,2.25543696,2.25543696,2.23369774,2.23695864
1656943200,2.23695864,2.2380457,2.21413264,2.21630648
1656945000,2.21630648,2.22174121,2.20217612,2.20434995
1656946800,2.20108906,2.20108906,2.20108906,2.20108906
1657002600,2.20326289,2.20326289,2.20326289,2.20326289
1657004400,2.20434995,2.20978469,2.17934984,2.19021959
1657006200,2.19130636,2.20326289,2.17500216,2.18369779
1657008000,2.18261073,2.18369779,2.15543678,2.16630653
1657009800,2.16630653,2.18804575,2.15869768,2.17826306
1657011600,2.17826306,2.18261073,2.1739151,2.18152396
1657013400,2.1804369,2.19239343,2.17608922,2.19021959
1657015200,2.18804575,2.26630671,2.18695869,2.23369774
1657017000,2.2347848,2.2413066,2.19130636,2.19348049
1657018800,2.19239343,2.19348049,2.16304564,2.177176
1657020600,2.177176,2.17826306,2.16630653,2.16956743
1657022400,2.16956743,2.1804369,2.16956743,2.17934984
1657024200,2.17934984,2.17934984,2.15326294,2.15978474
1657026000,2.15978474,2.1804369,2.15869768,2.17065421
1657027800,2.17065421,2.17174127,2.14456731,2.15326294
1657029600,2.15326294,2.16304564,2.14891527,2.1608718
1657031400,2.15978474,2.17174127,2.1576109,2.15978474
1657033200,2.15435,2.15435,2.15435,2.15435
1657089000,2.16739331,2.16739331,2.16739331,2.16739331
1657090800,2.16848037,2.19348049,2.16739331,2.18804575
1657092600,2.18587163,2.20978469,2.18587163,2.19021959
1657094400,2.18913253,2.19021959,2.17065421,2.17282833
1657096200,2.17282833,2.17826306,2.16848037,2.177176
1657098000,2.177176,2.1804369,2.16521947,2.17282833
1657099800,2.17174127,2.17500216,2.16195858,2.16956743
1657101600,2.16848037,2.17500216,2.1641327,2.17282833
1657103400,2.17282833,2.1739151,2.1576109,2.1608718
1657105200,2.1608718,2.16848037,2.15869768,2.1641327
1657107000,2.1641327,2.17065421,2.1608718,2.16848037
1657108800,2.16956743,2.17934984,2.16630653,2.17174127
1657110600,2.17174127,2.1739151,2.16630653,2.16956743
1657112400,2.17065421,2.17608922,2.1641327,2.17500216
1657114200,2.17608922,2.18152396,2.15978474,2.16848037
1657116000,2.16956743,2.20108906,2.16848037,2.20108906
1657117800,2.20000228,2.20108906,2.18261073,2.19021959
1657119600,2.19021959,2.19021959,2.19021959,2.19021959
1657175400,2.19348049,2.19348049,2.19348049,2.19348049
1657177200,2.19456726,2.24565427,2.19021959,2.23913276
1657179000,2.24021954,2.2543499,2.23043685,2.24891517
1657180800,2.25000223,2.26195876,2.24348043,2.24456749
1657182600,2.24565427,2.24674133,2.23152391,2.23913276
1657184400,2.23913276,2.24348043,2.23043685,2.2347848
1657186200,2.23369774,2.24021954,2.23369774,2.23695864
1657188000,2.23695864,2.23913276,2.23261097,2.2347848
1657189800,2.2347848,2.2347848,2.22391534,2.23043685
1657191600,2.23043685,2.2380457,2.23043685,2.23587186
1657193400,2.2347848,2.23695864,2.23043685,2.2347848
1657195200,2.2347848,2.23587186,2.22391534,2.22608917
1657197000,2.22717623,2.22935007,2.21848032,2.22391534
1657198800,2.22391534,2.22608917,2.20543701,2.22174121
1657200600,2.22174121,2.22826301,2.21630648,2.22717623
1657202400,2.22717623,2.23152391,2.21956738,2.22282828
1657204200,2.22391534,2.22608917,2.21304558,2.21848032
1657206000,2.22391534,2.22391534,2.22391534,2.22391534
1657261800,2.22608917,2.22608917,2.22608917,2.22608917
1657263600,2.22608917,2.23695864,2.20869791,2.21956738
1657265400,2.21956738,2.22826301,2.21521971,2.22391534
1657267200,2.22391534,2.2347848,2.22065444,2.2347848
1657269000,2.2347848,2.23695864,2.22935007,2.23261097
1657270800,2.23261097,2.23913276,2.22500211,2.23913276
1657272600,2.23913276,2.23913276,2.23587186,2.23587186
1657693800,2.23913276,2.23913276,2.23913276,2.23913276
1657695600,2.2380457,2.2543499,2.22282828,2.22935007
1657697400,2.23043685,2.23261097,2.21848032,2.22500211
1657699200,2.22500211,2.24239337,2.22282828,2.23152391
1657701000,2.23043685,2.23369774,2.22500211,2.22717623
1657702800,2.22717623,2.22826301,2.22065444,2.22500211
1657704600,2.22391534,2.22608917,2.22282828,2.22500211
1657706400,2.22500211,2.22608917,2.21630648,2.22391534
1657708200,2.22500211,2.22608917,2.21956738,2.22174121
1657710000,2.22174121,2.22608917,2.21848032,2.22065444
1657711800,2.22065444,2.22391534,2.21848032,2.22174121
1657713600,2.22174121,2.22391534,2.21087175,2.21630648
1657715400,2.21630648,2.21739354,2.19021959,2.20217612
1657717200,2.20108906,2.20434995,2.19239343,2.19456726
1657719000,2.19456726,2.20108906,2.19130636,2.19348049
1657720800,2.19239343,2.19348049,2.1608718,2.1739151
1657722600,2.1739151,2.18152396,2.16848037,2.17500216
1657724400,2.17608922,2.17608922,2.17608922,2.17608922
1657780200,2.17065421,2.17065421,2.17065421,2.17065421
1657782000,2.16956743,2.17826306,2.15435,2.17065421
1657783800,2.16956743,2.17608922,2.16630653,2.16956743
1657785600,2.16848037,2.16956743,2.16304564,2.16521947
1657787400,2.16521947,2.16630653,2.14782821,2.1576109
1657789200,2.15869768,2.16521947,2.15652384,2.1608718
1657791000,2.16195858,2.16848037,2.15978474,2.16739331
1657792800,2.16630653,2.16848037,2.15978474,2.16630653
1657794600,2.16630653,2.16956743,2.16195858,2.16304564
1657796400,2.16304564,2.16521947,2.15652384,2.16195858
1657798200,2.16304564,2.16739331,2.1608718,2.16630653
1657800000,2.16630653,2.16848037,2.1576109,2.15869768
1657801800,2.1576109,2.20217612,2.15435,2.19021959
1657803600,2.18913253,2.19130636,2.16521947,2.17282833
1657805400,2.17174127,2.19348049,2.16521947,2.18369779
1657807200,2.18261073,2.18478486,2.1641327,2.16956743
1657809000,2.16848037,2.16956743,2.14891527,2.15543678
1657810800,2.15435,2.15543678,2.15435,2.15543678
1658125800,2.17608922,2.17608922,2.17608922,2.17608922
1658127600,2.177176,2.22282828,2.177176,2.22282828
1658129400,2.22174121,2.24674133,2.22174121,2.23261097
1658131200,2.23369774,2.2380457,2.22174121,2.23043685
1658133000,2.22935007,2.24021954,2.22826301,2.23913276
1658134800,2.23913276,2.2543499,2.2347848,2.23695864
1658136600,2.23695864,2.25543696,2.23369774,2.25543696
1658138400,2.2543499,2.25543696,2.22500211,2.22935007
1658140200,2.22826301,2.23043685,2.22065444,2.22608917
1658142000,2.22717623,2.23587186,2.22608917,2.23369774
1658143800,2.23369774,2.23369774,2.22500211,2.22935007
1658145600,2.23043685,2.23152391,2.22391534,2.22608917
1658147400,2.22608917,2.22826301,2.22065444,2.22282828
1658149200,2.22391534,2.22935007,2.22174121,2.22391534
1658151000,2.22391534,2.22826301,2.21956738,2.22608917
1658152800,2.22717623,2.23152391,2.22065444,2.22717623
1658154600,2.22826301,2.24891517,2.22500211,2.2347848
1658156400,2.23369774,2.23369774,2.23369774,2.23369774
1658212200,2.22717623,2.22717623,2.22717623,2.22717623
1658214000,2.22717623,2.24021954,2.21630648,2.23152391
1658215800,2.23043685,2.23369774,2.21739354,2.22174121
1658217600,2.22282828,2.22282828,2.21739354,2.22065444
1658219400,2.21956738,2.22608917,2.21956738,2.22500211
1658221200,2.22500211,2.2347848,2.22174121,2.23369774
1658223000,2.23261097,2.24674133,2.23043685,2.2413066
1658224800,2.24239337,2.24782839,2.23369774,2.24021954
1658226600,2.2413066,2.26304582,2.24021954,2.2543499
1658228400,2.25326313,2.27500235,2.25000223,2.27065439
1658230200,2.27065439,2.27500235,2.26304582,2.26739349
1658232000,2.26630671,2.28913271,2.26630671,2.27935002
1658233800,2.28043708,2.28369798,2.27500235,2.27935002
1658235600,2.28043708,2.28043708,2.27065439,2.27174145
1658237400,2.27282822,2.28478475,2.26739349,2.27717618
1658239200,2.27717618,2.27935002,2.27174145,2.27391528
1658241000,2.27391528,2.27935002,2.26848055,2.27500235
1658242800,2.27282822,2.27282822,2.27282822,2.27282822
1658298600,2.28261092,2.28261092,2.28261092,2.28261092
1658300400,2.28261092,2.32826319,2.27935002,2.32608935
1658302200,2.32608935,2.33587176,2.30652397,2.32717613
1658304000,2.32717613,2.32935025,2.31739344,2.32065434
1658305800,2.32065434,2.32717613,2.3184805,2.32391523
1658307600,2.32391523,2.34456739,2.32391523,2.33478498
1658309400,2.33478498,2.34891535,2.33261086,2.34674151
1658311200,2.34674151,2.34674151,2.33478498,2.33695882
1658313000,2.33804588,2.33804588,2.32717613,2.33261086
1658314800,2.33369792,2.33478498,2.32391523,2.32935025
1658316600,2.33043703,2.33043703,2.30543691,2.31413283
1658318400,2.31413283,2.32065434,2.30761103,2.31630666
1658320200,2.3152196,2.3217414,2.30978487,2.31304577
1658322000,2.3119587,2.32608935,2.30978487,2.32500229
1658323800,2.32500229,2.33478498,2.31956756,2.32391523
1658325600,2.32391523,2.32717613,2.31413283,2.32282846
1658327400,2.32282846,2.32608935,2.31630666,2.32065434
1658329200,2.32391523,2.32391523,2.32391523,2.32391523
1658385000,2.32935025,2.32935025,2.32935025,2.32935025
1658386800,2.32935025,2.33587176,2.3119587,2.3184805
1658388600,2.3184805,2.32065434,2.30652397,2.30869781
1658390400,2.30761103,2.30978487,2.30108924,2.30326307
1658392200,2.3021763,2.30869781,2.2956545,2.29674128
1658394000,2.29674128,2.30000218,2.29130655,2.2956545
1658395800,2.29456744,2.2989154,2.29456744,2.2989154
1658397600,2.2989154,2.31304577,2.29782834,2.3119587
1658399400,2.31304577,2.31630666,2.30761103,2.3119587
1658401200,2.31304577,2.32608935,2.30652397,2.32065434
1658403000,2.32065434,2.32500229,2.30761103,2.30978487
1658404800,2.30869781,2.31630666,2.30543691,2.30869781
1658406600,2.30869781,2.3152196,2.30543691,2.30652397
1658408400,2.30652397,2.30761103,2.2956545,2.2989154
1658410200,2.2989154,2.30108924,2.29456744,2.29782834
1658412000,2.2989154,2.30000218,2.28478475,2.29239361
1658413800,2.29239361,2.29239361,2.27608912,2.28152385
1658415600,2.28152385,2.28261092,2.28152385,2.28261092
1658471400,2.29348038,2.29348038,2.29348038,2.29348038
1658473200,2.29456744,2.30761103,2.29239361,2.29674128
1658475000,2.29674128,2.30652397,2.29674128,2.30000218
1658476800,2.30000218,2.3119587,2.29782834,2.30761103
1658478600,2.30869781,2.30869781,2.29782834,2.30000218
1658480400,2.2989154,2.30000218,2.29674128,2.29674128
1658482200,2.29674128,2.3021763,2.29674128,2.29782834
1658484000,2.29782834,2.3021763,2.2956545,2.2989154
1658485800,2.2989154,2.3021763,2.29782834,2.30108924
1658487600,2.30108924,2.30108924,2.2956545,2.29674128
1658489400,2.29782834,2.29782834,2.29348038,2.2956545
1658491200,2.29674128,2.30000218,2.2956545,2.29674128
1658493000,2.29782834,2.29782834,2.27391528,2.28587181
1658494800,2.28587181,2.28913271,2.27717618,2.28152385
1658496600,2.28043708,2.28152385,2.26304582,2.26630671
1658498400,2.26630671,2.26848055,2.25869786,2.25869786
1658500200,2.25978492,2.26413259,2.17934984,2.17934984
1658502000,2.24456749,2.24456749,2.24456749,2.24456749
1658730600,2.24674133,2.24674133,2.24674133,2.24674133
1658732400,2.24674133,2.26195876,2.2413066,2.24891517
1658734200,2.25000223,2.26630671,2.24674133,2.26304582
1658736000,2.26304582,2.27717618,2.25978492,2.26956733
1658737800,2.26956733,2.27500235,2.26304582,2.26739349
1658739600,2.26739349,2.27282822,2.26521965,2.27065439
1658741400,2.27065439,2.27282822,2.26630671,2.26848055
1658743200,2.26956733,2.27174145,2.26521965,2.26848055
1658745000,2.26739349,2.27391528,2.26630671,2.26848055
1658746800,2.26848055,2.27174145,2.26304582,2.27065439
1658748600,2.27065439,2.28478475,2.26848055,2.27717618
1658750400,2.27717618,2.28695887,2.27391528,2.28152385
1658752200,2.28152385,2.28587181,2.27500235,2.27717618
1658754000,2.27717618,2.27826324,2.27282822,2.27282822
1658755800,2.27391528,2.27500235,2.26304582,2.26956733
1658757600,2.26956733,2.27391528,2.26413259,2.26630671
1658759400,2.26630671,2.28587181,2.26304582,2.27826324
1658761200,2.27935002,2.28152385,2.27935002,2.28152385
1658817000,2.29348038,2.29348038,2.29348038,2.29348038
1658818800,2.29348038,2.30108924,2.28152385,2.28587181
1658820600,2.28478475,2.30000218,2.28261092,2.29130655
1658822400,2.29239361,2.2956545,2.28369798,2.28804565
1658824200,2.28804565,2.28913271,2.28043708,2.28261092
1658826000,2.28261092,2.28369798,2.27174145,2.27174145
1658827800,2.27174145,2.27500235,2.26848055,2.26956733
1658829600,2.26848055,2.26956733,2.2576108,2.2608717
1658831400,2.2608717,2.26413259,2.25108929,2.25543696
1658833200,2.25543696,2.26195876,2.25326313,2.26195876
1658835000,2.2608717,2.26304582,2.25543696,2.25869786
1658836800,2.25869786,2.26413259,2.2576108,2.2608717
1658838600,2.2608717,2.26521965,2.25869786,2.26304582
1658840400,2.26304582,2.27391528,2.2576108,2.26413259
1658842200,2.26304582,2.26304582,2.25217607,2.2608717
1658844000,2.2608717,2.2608717,2.24674133,2.25217607
1658845800,2.25217607,2.25217607,2.2380457,2.2413066
1658847600,2.24239337,2.24239337,2.24239337,2.24239337
1658903400,2.25108929,2.25108929,2.25108929,2.25108929
1658905200,2.25217607,2.26195876,2.22935007,2.23152391
1658907000,2.23261097,2.23369774,2.21848032,2.22282828
1658908800,2.22174121,2.22826301,2.21739354,2.22717623
1658910600,2.22608917,2.23261097,2.22500211,2.23152391
1658912400,2.23152391,2.23587186,2.22935007,2.23152391
1658914200,2.23152391,2.23152391,2.22500211,2.22826301
1658916000,2.22717623,2.23043685,2.22608917,2.22826301
1658917800,2.22717623,2.22935007,2.22608917,2.22608917
1658919600,2.22717623,2.22826301,2.22391534,2.22717623
1658921400,2.22608917,2.23043685,2.22500211,2.22717623
1658923200,2.22826301,2.23261097,2.22717623,2.23043685
1658925000,2.22935007,2.23369774,2.22826301,2.22935007
1658926800,2.22935007,2.23913276,2.22826301,2.2380457
1658928600,2.2380457,2.2413066,2.22391534,2.22608917
1658930400,2.22500211,2.22608917,2.21739354,2.22391534
1658932200,2.22391534,2.22826301,2.21739354,2.21739354
1658934000,2.21739354,2.21739354,2.21630648,2.21630648
1658989800,2.24239337,2.24239337,2.24239337,2.24239337
1658991600,2.24239337,2.25217607,2.23152391,2.24348043
1658993400,2.24348043,2.26413259,2.24348043,2.26413259
1658995200,2.26413259,2.28587181,2.25326313,2.25543696
1658997000,2.25652402,2.27282822,2.25543696,2.27174145
1658998800,2.27174145,2.27717618,2.26413259,2.26739349
1659000600,2.26739349,2.27174145,2.26413259,2.26848055
1659002400,2.26848055,2.27065439,2.26413259,2.26413259
1659004200,2.26521965,2.27282822,2.26304582,2.26848055
1659006000,2.26848055,2.26848055,2.26195876,2.26304582
1659007800,2.26304582,2.26413259,2.25869786,2.25978492
1659009600,2.25978492,2.26304582,2.25217607,2.25652402
1659011400,2.2576108,2.2576108,2.24456749,2.25000223
1659013200,2.25000223,2.25217607,2.23261097,2.25000223
1659015000,2.25000223,2.27500235,2.24674133,2.27391528
1659016800,2.27282822,2.28152385,2.2608717,2.27282822
1659018600,2.27282822,2.28261092,2.25869786,2.26304582
1659020400,2.26956733,2.26956733,2.26956733,2.26956733
1659076200,2.28261092,2.28261092,2.28261092,2.28261092
1659078000,2.28369798,2.29239361,2.27174145,2.28369798
1659079800,2.28261092,2.28369798,2.26304582,2.26739349
1659081600,2.26739349,2.27174145,2.25869786,2.26413259
1659083400,2.26521965,2.26630671,2.2543499,2.25869786
1659085200,2.25869786,2.26413259,2.2576108,2.26304582
1659087000,2.26195876,2.26630671,2.26195876,2.26521965
1659088800,2.26413259,2.26956733,2.26304582,2.26848055
1659090600,2.26956733,2.28043708,2.26956733,2.27608912
1659092400,2.27717618,2.29239361,2.27608912,2.28695887
1659094200,2.28695887,2.32500229,2.28587181,2.32065434
1659096000,2.32065434,2.33478498,2.3152196,2.32608935
1659097800,2.32717613,2.33369792,2.32391523,2.32935025
1659099600,2.32935025,2.35652392,2.32500229,2.35652392
1659101400,2.35652392,2.42391541,2.35543714,2.40326326
1659103200,2.40326326,2.42282835,2.39674146,2.41087183
1659105000,2.41195889,2.43804578,2.40000236,2.41739362
1659106800,2.41848068,2.41848068,2.41739362,2.41739362
1659335400,2.42935015,2.42935015,2.42935015,2.42935015
1659337200,2.42935015,2.45217643,2.41087183,2.42282835
1659339000,2.42391541,2.48043716,2.42065452,2.46956769
1659340800,2.46956769,2.47717626,2.459785,2.46087206
1659342600,2.459785,2.48587189,2.45435026,2.47391536
1659344400,2.47391536,2.50108932,2.47282859,2.48913279
1659346200,2.48913279,2.49456781,2.47826332,2.48369805
1659348000,2.48478511,2.49130691,2.48152422,2.49021985
1659349800,2.49021985,2.49456781,2.48043716,2.49021985
1659351600,2.49021985,2.49130691,2.48043716,2.48152422
1659353400,2.48152422,2.49021985,2.47500242,2.48913279
1659355200,2.48913279,2.51956764,2.48587189,2.51630674
1659357000,2.51630674,2.52282853,2.50326344,2.50869817
1659358800,2.50761111,2.51304584,2.50217638,2.50652433
1659360600,2.50761111,2.51630674,2.50108932,2.50761111
1659362400,2.50869817,2.50978495,2.49456781,2.50108932
1659364200,2.50217638,2.52826327,2.49891548,2.52826327
1659366000,2.52717649,2.52717649,2.52717649,2.52717649
1659421800,2.53804596,2.53804596,2.53804596,2.53804596
1659423600,2.53587212,2.5750026,2.51956764,2.57065465
1659425400,2.57174171,2.68804609,2.57065465,2.68478519
1659427200,2.68369842,2.7163071,2.67935046,2.70217645
1659429000,2.70217645,2.70326351,2.6586983,2.66522009
1659430800,2.66522009,2.67174189,2.65326357,2.66304597
1659432600,2.66304597,2.66304597,2.63478524,2.65217651
1659434400,2.65217651,2.67174189,2.64891561,2.66956777
1659436200,2.66956777,2.68043752,2.66413303,2.67174189
1659438000,2.67174189,2.67391572,2.66304597,2.67065483
1659439800,2.67065483,2.68043752,2.66848099,2.6750025
1659441600,2.6750025,2.6750025,2.6554374,2.66522009
1659443400,2.66630687,2.66630687,2.64674177,2.65326357
1659445200,2.65435034,2.66739393,2.64891561,2.65652446
1659447000,2.65652446,2.65978536,2.62065488,2.63478524
1659448800,2.63478524,2.65217651,2.61956782,2.64674177
1659450600,2.64565471,2.64674177,2.60543745,2.62282872
1659452400,2.62282872,2.62282872,2.62282872,2.62282872
1659508200,2.64348087,2.64348087,2.64348087,2.64348087
1659510000,2.64239381,2.69348082,2.64130704,2.66630687
1659511800,2.66630687,2.66848099,2.65108944,2.65326357
1659513600,2.65435034,2.66413303,2.64456794,2.6586983
1659515400,2.6586983,2.66304597,2.65435034,2.65978536
1659517200,2.65978536,2.66956777,2.65652446,2.66413303
1659519000,2.66413303,2.68043752,2.65978536,2.66522009
1659520800,2.66413303,2.67174189,2.6619592,2.66413303
1659522600,2.66413303,2.66522009,2.6554374,2.65761124
1659524400,2.6586983,2.65978536,2.64891561,2.65217651
1659526200,2.65217651,2.6586983,2.65000267,2.65761124
1659528000,2.65761124,2.65978536,2.65108944,2.65435034
1659529800,2.65326357,2.66522009,2.65217651,2.66087214
1659531600,2.66087214,2.66087214,2.65217651,2.6554374
1659533400,2.6554374,2.71087237,2.6554374,2.71087237
1659535200,2.70978531,2.71522004,2.69348082,2.70108968
1659537000,2.70217645,2.71739388,2.69674172,2.70869825
1659538800,2.70869825,2.70869825,2.70869825,2.70869825
1659594600,2.74456783,2.74456783,2.74456783,2.74456783
1659596400,2.74728534,2.79891574,2.74728534,2.76902456
1659598200,2.76630705,2.77174178,2.75543758,2.76358954
1659600000,2.76087232,2.76630705,2.75815481,2.76087232
1659601800,2.76087232,2.76630705,2.75815481,2.75815481
1659603600,2.75815481,2.76358954,2.74185061,2.75815481
1659605400,2.75543758,2.75815481,2.74728534,2.74728534
1659607200,2.74456783,2.75543758,2.74456783,2.75000257
1659609000,2.75000257,2.76902456,2.74728534,2.75000257
1659610800,2.75000257,2.75543758,2.74728534,2.75272007
1659612600,2.75543758,2.76087232,2.75272007,2.75815481
1659614400,2.75815481,2.76087232,2.75272007,2.75815481
1659616200,2.76087232,2.78261154,2.75000257,2.75272007
1659618000,2.75272007,2.76087232,2.75000257,2.75543758
1659619800,2.75543758,2.76902456,2.74728534,2.76630705
1659621600,2.76630705,2.76630705,2.75272007,2.76087232
1659623400,2.76087232,2.76087232,2.71739388,2.7228289
1659625200,2.72011139,2.72011139,2.72011139,2.72011139
1659681000,2.74456783,2.74456783,2.74456783,2.74456783
1659682800,2.74456783,2.75543758,2.69565494,2.69782878
1659684600,2.69782878,2.70543735,2.66413303,2.68043752
1659686400,2.67935046,2.69674172,2.66956777,2.69021993
1659688200,2.68913315,2.69348082,2.6815243,2.68695903
1659690000,2.68695903,2.69674172,2.68587225,2.69130699
1659691800,2.69021993,2.69348082,2.68369842,2.68913315
1659693600,2.68913315,2.69239405,2.68478519,2.69239405
1659695400,2.69239405,2.71087237,2.69130699,2.70869825
1659697200,2.70978531,2.72554612,2.70543735,2.7228289
1659699000,2.72554612,2.73641559,2.71522004,2.71739388
1659700800,2.71739388,2.7228289,2.70217645,2.71087237
1659702600,2.71087237,2.71195915,2.69021993,2.69782878
1659704400,2.69782878,2.70217645,2.69021993,2.69891556
1659706200,2.69891556,2.72554612,2.69891556,2.71195915
1659708000,2.71195915,2.7228289,2.70543735,2.70652441
1659709800,2.70761147,2.7228289,2.70326351,2.70543735
1659711600,2.70652441,2.70652441,2.70652441,2.70652441
1659940200,2.72826363,2.72826363,2.72826363,2.72826363
1659942000,2.72826363,2.80435047,2.7228289,2.79619851
1659943800,2.793481,2.81250271,2.78804627,2.7907635
1659945600,2.78804627,2.79619851,2.77445929,2.78804627
1659947400,2.78532876,2.7907635,2.77989403,2.78804627
1659949200,2.78532876,2.78804627,2.77717652,2.77989403
1659951000,2.77989403,2.78261154,2.76087232,2.76630705
1659952800,2.76630705,2.78261154,2.76358954,2.77445929
1659954600,2.77445929,2.78261154,2.77445929,2.77989403
1659956400,2.78261154,2.78804627,2.76902456,2.77174178
1659958200,2.77174178,2.77717652,2.76087232,2.77445929
1659960000,2.77445929,2.793481,2.77174178,2.7907635
1659961800,2.7907635,2.793481,2.77445929,2.77989403
1659963600,2.78261154,2.80706798,2.77445929,2.78804627
1659965400,2.78804627,2.85598115,2.78261154,2.85054642
1659967200,2.85326364,2.87228535,2.81522022,2.82065496
1659969000,2.82065496,2.8288072,2.80706798,2.82608969
1659970800,2.82608969,2.82608969,2.82608969,2.82608969
1660026600,2.8288072,2.8288072,2.8288072,2.8288072
1660028400,2.83152442,2.86141589,2.78804627,2.84239418
1660030200,2.84239418,2.8451114,2.81522022,2.83424193
1660032000,2.83152442,2.83695944,2.82608969,2.83695944
1660033800,2.83695944,2.84239418,2.82065496,2.82337247
1660035600,2.82337247,2.82608969,2.79619851,2.80706798
1660037400,2.80435047,2.80706798,2.77445929,2.77717652
1660039200,2.77989403,2.78532876,2.77445929,2.78261154
1660041000,2.78261154,2.78804627,2.77717652,2.78532876
1660042800,2.78532876,2.7907635,2.77717652,2.77989403
1660044600,2.77989403,2.78804627,2.77174178,2.77445929
1660046400,2.77445929,2.77717652,2.75272007,2.76358954
1660048200,2.76358954,2.76358954,2.74456783,2.75000257
1660050000,2.75000257,2.75272007,2.71739388,2.74185061
1660051800,2.74185061,2.75815481,2.73098086,2.74185061
1660053600,2.74185061,2.76087232,2.7391331,2.75543758
1660055400,2.75272007,2.75815481,2.72826363,2.73369836
1660057200,2.72826363,2.72826363,2.72826363,2.72826363
1660113000,2.72826363,2.72826363,2.72826363,2.72826363
1660114800,2.72826363,2.77174178,2.68695903,2.75543758
1660116600,2.75815481,2.77445929,2.75272007,2.76087232
1660118400,2.75815481,2.76902456,2.74456783,2.75000257
1660120200,2.74728534,2.75000257,2.73641559,2.74456783
1660122000,2.74456783,2.74456783,2.73641559,2.74185061
1660123800,2.7391331,2.74185061,2.73369836,2.73641559
1660125600,2.7391331,2.7391331,2.73098086,2.73641559
1660127400,2.73369836,2.75272007,2.73369836,2.7391331
1660129200,2.7391331,2.75543758,2.7391331,2.74456783
1660131000,2.74456783,2.75000257,2.7391331,2.74456783
1660132800,2.74456783,2.74728534,2.7391331,2.74456783
1660134600,2.74456783,2.77174178,2.74456783,2.75543758
1660136400,2.75543758,2.80435047,2.75272007,2.77717652
1660138200,2.77445929,2.77989403,2.75815481,2.76630705
1660140000,2.76630705,2.79891574,2.76358954,2.7907635
1660141800,2.7907635,2.86141589,2.78804627,2.85869838
1660143600,2.85869838,2.86956813,2.85869838,2.86956813
1660199400,2.88858984,2.88858984,2.88858984,2.88858984
1660201200,2.88858984,2.95652472,2.86956813,2.9347855
1660203000,2.93750301,2.94022024,2.90217682,2.90489404
1660204800,2.90761155,2.91304628,2.85869838,2.86141589
1660206600,2.85869838,2.88858984,2.83967667,2.86956813
1660208400,2.86956813,2.89130706,2.85869838,2.89130706
1660210200,2.89130706,2.89674208,2.8804376,2.88858984
1660212000,2.88858984,2.90489404,2.88315511,2.89674208
1660213800,2.89402457,2.91032906,2.85869838,2.86141589
1660215600,2.86141589,2.87772009,2.85869838,2.87500286
1660217400,2.87500286,2.88587233,2.84782891,2.87228535
1660219200,2.87500286,2.91848102,2.86956813,2.90761155
1660221000,2.90761155,2.9347855,2.89945931,2.91032906
1660222800,2.91304628,2.92119853,2.89945931,2.90489404
1660224600,2.90489404,2.90489404,2.87500286,2.89130706
1660226400,2.89130706,2.89402457,2.85869838,2.87500286
1660228200,2.87228535,2.87772009,2.8451114,2.86685062
1660230000,2.86413311,2.86413311,2.86413311,2.86413311
1660285800,2.86413311,2.86413311,2.86413311,2.86413311
1660287600,2.86413311,2.88315511,2.83967667,2.85054642
1660289400,2.85326364,2.85598115,2.81522022,2.83695944
1660291200,2.83967667,2.85598115,2.83424193,2.84782891
1660293000,2.85054642,2.85054642,2.83152442,2.83695944
1660294800,2.83695944,2.8451114,2.83152442,2.83967667
1660296600,2.84239418,2.84782891,2.83967667,2.84782891
1660298400,2.8451114,2.85326364,2.84239418,2.84239418
1660300200,2.8451114,2.85326364,2.84239418,2.84782891
1660302000,2.8451114,2.85598115,2.8451114,2.84782891
1660303800,2.85054642,2.88315511,2.8451114,2.87228535
1660305600,2.87228535,2.91032906,2.86685062,2.89402457
1660307400,2.89674208,2.90217682,2.8804376,2.88858984
1660309200,2.88858984,2.89674208,2.87500286,2.8804376
1660311000,2.87772009,2.88587233,2.85054642,2.86685062
1660312800,2.86413311,2.86413311,2.83424193,2.85869838
1660314600,2.85598115,2.87228535,2.85326364,2.86141589
1660316400,2.85869838,2.85869838,2.85869838,2.85869838
1660545000,2.8804376,2.8804376,2.8804376,2.8804376
1660546800,2.87772009,2.93206799,2.86956813,2.88315511
1660548600,2.88587233,2.89130706,2.85598115,2.87772009
1660550400,2.87772009,2.88587233,2.86685062,2.87228535
1660552200,2.87228535,2.8804376,2.86956813,2.87500286
1660554000,2.87500286,2.88587233,2.87228535,2.8804376
1660555800,2.8804376,2.88315511,2.86685062,2.87500286
1660557600,2.87772009,2.8804376,2.86685062,2.87228535
1660559400,2.87228535,2.87500286,2.86413311,2.86685062
1660561200,2.86685062,2.86685062,2.84782891,2.85598115
1660563000,2.85598115,2.86956813,2.85054642,2.86141589
1660564800,2.86141589,2.87500286,2.83967667,2.85326364
1660566600,2.85326364,2.85598115,2.83695944,2.84239418
1660568400,2.84239418,2.84239418,2.82065496,2.83152442
1660570200,2.83152442,2.84782891,2.82608969,2.84782891
1660572000,2.84782891,2.84782891,2.82337247,2.82608969
1660573800,2.82608969,2.83424193,2.81522022,2.82065496
1660575600,2.82065496,2.82065496,2.82065496,2.82065496
1660631400,2.84239418,2.84239418,2.84239418,2.84239418
1660633200,2.83967667,2.84239418,2.79619851,2.80706798
1660635000,2.80435047,2.81522022,2.78804627,2.80978549
1660636800,2.80978549,2.81793745,2.80435047,2.81522022
1660638600,2.81250271,2.85054642,2.80706798,2.8451114
1660640400,2.8451114,2.8451114,2.82337247,2.8288072
1660642200,2.8288072,2.8451114,2.82065496,2.84239418
1660644000,2.83967667,2.84239418,2.82337247,2.83152442
1660645800,2.83152442,2.83152442,2.82065496,2.82608969
1660647600,2.8288072,2.83152442,2.82065496,2.8288072
1660649400,2.8288072,2.83152442,2.82065496,2.82065496
1660651200,2.82065496,2.82608969,2.77174178,2.77445929
1660653000,2.77174178,2.80163325,2.73369836,2.79619851
1660654800,2.793481,2.81522022,2.77717652,2.80706798
1660656600,2.80706798,2.83424193,2.80435047,2.81250271
1660658400,2.81250271,2.82608969,2.80435047,2.82337247
1660660200,2.82337247,2.8804376,2.82065496,2.87228535
1660662000,2.87228535,2.8804376,2.87228535,2.8804376
1660717800,2.88858984,2.88858984,2.88858984,2.88858984
1660719600,2.89130706,2.90761155,2.85869838,2.86956813
1660721400,2.86956813,2.88858984,2.86685062,2.8804376
1660723200,2.88315511,2.88587233,2.86141589,2.86413311
1660725000,2.86685062,2.88858984,2.86141589,2.8804376
1660726800,2.87772009,2.90217682,2.87772009,2.89130706
1660728600,2.89130706,2.89674208,2.87772009,2.8804376
1660730400,2.87772009,2.8804376,2.86956813,2.87500286
1660732200,2.87228535,2.8804376,2.86413311,2.87772009
1660734000,2.87772009,2.8804376,2.87228535,2.87772009
1660735800,2.87772009,2.89402457,2.87228535,2.88587233
1660737600,2.88315511,2.89674208,2.88315511,2.88587233
1660739400,2.88315511,2.91576379,2.8804376,2.89402457
1660741200,2.89402457,2.90217682,2.87228535,2.87772009
1660743000,2.87772009,2.89402457,2.87228535,2.88587233
1660744800,2.88587233,2.90217682,2.88315511,2.89945931
1660746600,2.89674208,2.90217682,2.8804376,2.88587233
1660748400,2.87772009,2.87772009,2.87772009,2.87772009
1660804200,2.88858984,2.88858984,2.88858984,2.88858984
1660806000,2.88858984,2.89402457,2.84782891,2.86685062
1660807800,2.86685062,2.88587233,2.86413311,2.86956813
1660809600,2.86956813,2.87772009,2.85869838,2.87500286
1660811400,2.87228535,2.88587233,2.86956813,2.87772009
1660813200,2.87500286,2.8804376,2.85869838,2.86685062
1660815000,2.86413311,2.86685062,2.85598115,2.85869838
1660816800,2.85869838,2.86141589,2.85054642,2.85869838
1660818600,2.85869838,2.86685062,2.85598115,2.86413311
1660820400,2.86413311,2.86413311,2.82337247,2.84782891
1660822200,2.84782891,2.86685062,2.84239418,2.86685062
1660824000,2.86685062,2.9347855,2.86413311,2.89130706
1660825800,2.88858984,2.89945931,2.86141589,2.87500286
1660827600,2.87228535,2.89130706,2.87228535,2.88858984
1660829400,2.88858984,2.89402457,2.87772009,2.87772009
1660831200,2.8804376,2.89130706,2.87500286,2.88315511
1660833000,2.88315511,2.88858984,2.87500286,2.87772009
1660834800,2.86956813,2.86956813,2.86956813,2.86956813
1660890600,2.86956813,2.86956813,2.86956813,2.86956813
1660892400,2.87228535,2.91848102,2.86956813,2.91032906
1660894200,2.90761155,2.91032906,2.88858984,2.89674208
1660896000,2.89402457,2.89945931,2.88858984,2.89402457
1660897800,2.89130706,2.89674208,2.87500286,2.8804376
1660899600,2.8804376,2.88587233,2.86956813,2.87772009
1660901400,2.8804376,2.8804376,2.87228535,2.87772009
1660903200,2.87772009,2.8804376,2.86413311,2.87500286
1660905000,2.87500286,2.87772009,2.86685062,2.87500286
1660906800,2.87500286,2.88587233,2.86956813,2.8804376
1660908600,2.8804376,2.88315511,2.87228535,2.8804376
1660910400,2.8804376,2.8804376,2.86413311,2.87228535
1660912200,2.87500286,2.89402457,2.86956813,2.89130706
1660914000,2.89130706,2.92391604,2.88858984,2.91576379
1660915800,2.91576379,2.92119853,2.89130706,2.89674208
1660917600,2.89674208,2.90489404,2.88587233,2.89945931
1660919400,2.89945931,2.90761155,2.87772009,2.8804376
1660921200,2.8804376,2.8804376,2.8804376,2.8804376
1661149800,2.88315511,2.88315511,2.88315511,2.88315511
1661151600,2.88315511,2.95924195,2.8804376,2.95108999
1661153400,2.95108999,2.95652472,2.91032906,2.93750301
1661155200,2.9347855,2.93750301,2.91848102,2.92663326
1661157000,2.92391604,2.94837248,2.92119853,2.92663326
1661158800,2.92935077,2.9864159,2.92663326,2.97554643
1661160600,2.97554643,2.98098117,2.96195946,2.97554643
1661162400,2.97554643,2.9864159,2.9701117,2.98098117
1661164200,2.98098117,2.98913341,2.94837248,2.95108999
1661166000,2.94837248,2.95652472,2.92663326,2.94565497
1661167800,2.94565497,2.94837248,2.9347855,2.94022024
1661169600,2.94022024,2.94565497,2.93750301,2.94565497
1661171400,2.94293775,2.94565497,2.92391604,2.94293775
1661173200,2.94293775,2.95380721,2.93206799,2.93750301
1661175000,2.93750301,2.93750301,2.91848102,2.93206799
1661176800,2.93206799,2.93750301,2.90217682,2.91032906
1661178600,2.91032906,2.91032906,2.86141589,2.86956813
1661180400,2.87228535,2.87772009,2.87228535,2.87772009
1661236200,2.87772009,2.87772009,2.87772009,2.87772009
1661238000,2.87772009,2.89402457,2.85869838,2.88587233
1661239800,2.88315511,2.88858984,2.87772009,2.88315511
1661241600,2.8804376,2.88587233,2.86956813,2.88315511
1661243400,2.88315511,2.89402457,2.87500286,2.89402457
1661245200,2.89402457,2.90217682,2.88587233,2.89130706
1661247000,2.89130706,2.89402457,2.88587233,2.89130706
1661248800,2.88858984,2.89402457,2.8804376,2.88587233
1661250600,2.88587233,2.88587233,2.8804376,2.88315511
1661252400,2.88315511,2.88858984,2.8804376,2.8804376
1661254200,2.88315511,2.88587233,2.86956813,2.88315511
1661256000,2.88315511,2.88858984,2.87772009,2.8804376
1661257800,2.88315511,2.88315511,2.87500286,2.87772009
1661259600,2.87772009,2.88858984,2.87772009,2.88315511
1661261400,2.88587233,2.93750301,2.88315511,2.93206799
1661263200,2.93206799,2.9347855,2.89945931,2.91032906
1661265000,2.90761155,2.91032906,2.88858984,2.89402457
1661266800,2.89130706,2.89130706,2.89130706,2.89130706
1661322600,2.90761155,2.90761155,2.90761155,2.90761155
1661324400,2.90761155,2.91576379,2.86685062,2.86956813
1661326200,2.87228535,2.88858984,2.86141589,2.87772009
1661328000,2.87500286,2.89402457,2.86413311,2.88858984
1661329800,2.89130706,2.89945931,2.8804376,2.88858984
1661331600,2.89130706,2.90489404,2.88858984,2.89402457
1661333400,2.89402457,2.89402457,2.88315511,2.88587233
1661335200,2.88315511,2.88587233,2.87500286,2.8804376
1661337000,2.87772009,2.8804376,2.87228535,2.87772009
1661338800,2.87772009,2.87772009,2.87228535,2.87772009
1661340600,2.87772009,2.87772009,2.86685062,2.87228535
1661342400,2.87228535,2.87228535,2.86141589,2.87228535
1661344200,2.87228535,2.87228535,2.86141589,2.87228535
1661346000,2.87228535,2.87500286,2.86141589,2.87228535
1661347800,2.87228535,2.88315511,2.85598115,2.86141589
1661349600,2.86141589,2.86685062,2.83967667,2.84239418
1661351400,2.84239418,2.84782891,2.82065496,2.83424193
1661353200,2.8288072,2.8288072,2.8288072,2.8288072
1661409000,2.83424193,2.83424193,2.83424193,2.83424193
1661410800,2.83695944,2.85869838,2.83424193,2.8451114
1661412600,2.8451114,2.87228535,2.83424193,2.86685062
1661414400,2.86956813,2.87500286,2.86413311,2.86685062
1661416200,2.86685062,2.87500286,2.85869838,2.86413311
1661418000,2.86685062,2.86685062,2.84782891,2.85054642
1661419800,2.85326364,2.85598115,2.84782891,2.85054642
1661421600,2.84782891,2.85326364,2.84239418,2.85054642
1661423400,2.85054642,2.85869838,2.84782891,2.85869838
1661425200,2.85869838,2.89945931,2.85869838,2.88315511
1661427000,2.88315511,2.88587233,2.87228535,2.8804376
1661428800,2.88315511,2.88587233,2.86956813,2.86956813
1661430600,2.87228535,2.87228535,2.85326364,2.85326364
1661432400,2.85326364,2.86141589,2.8451114,2.85054642
1661434200,2.85054642,2.85598115,2.83967667,2.85326364
1661436000,2.85326364,2.85869838,2.84239418,2.85054642
1661437800,2.85054642,2.85598115,2.8451114,2.85326364
1661439600,2.85326364,2.85326364,2.84782891,2.84782891
1661495400,2.86685062,2.86685062,2.86685062,2.86685062
1661497200,2.86685062,2.87228535,2.84782891,2.86141589
1661499000,2.86141589,2.86141589,2.83152442,2.83424193
1661500800,2.83424193,2.8451114,2.81250271,2.82337247
1661502600,2.82337247,2.83695944,2.81522022,2.83424193
1661504400,2.83152442,2.85326364,2.8288072,2.85054642
1661506200,2.85054642,2.86685062,2.84782891,2.85869838
1661508000,2.85598115,2.90489404,2.85326364,2.86685062
1661509800,2.86413311,2.86956813,2.85869838,2.86413311
1661511600,2.86413311,2.86685062,2.85598115,2.85869838
1661513400,2.86141589,2.87500286,2.85869838,2.86685062
1661515200,2.86685062,2.87228535,2.85869838,2.86141589
1661517000,2.86413311,2.86956813,2.85869838,2.86956813
1661518800,2.86685062,2.87500286,2.85869838,2.86141589
1661520600,2.86141589,2.86413311,2.85326364,2.86141589
1661522400,2.86141589,2.87772009,2.85598115,2.87500286
1661524200,2.87500286,2.87500286,2.82337247,2.85869838
1661526000,2.86141589,2.86141589,2.86141589,2.86141589
1661754600,2.85869838,2.85869838,2.85869838,2.85869838
1661756400,2.85869838,2.86956813,2.83152442,2.85054642
1661758200,2.85054642,2.85326364,2.83424193,2.8451114
1661760000,2.84782891,2.85598115,2.83424193,2.83967667
1661761800,2.83695944,2.85054642,2.83695944,2.83967667
1661763600,2.84239418,2.8451114,2.8288072,2.83967667
1661765400,2.84239418,2.85054642,2.83695944,2.8451114
1661767200,2.8451114,2.85054642,2.83695944,2.84782891
1661769000,2.85054642,2.85326364,2.8451114,2.85326364
1661770800,2.85326364,2.86956813,2.84782891,2.84782891
1661772600,2.85054642,2.86141589,2.84782891,2.86141589
1661774400,2.86141589,2.87228535,2.85326364,2.86413311
1661776200,2.86413311,2.88858984,2.86413311,2.87228535
1661778000,2.87500286,2.8804376,2.86141589,2.87772009
1661779800,2.87500286,2.88858984,2.86413311,2.8804376
1661781600,2.8804376,2.89945931,2.87228535,2.87500286
1661783400,2.87500286,2.88315511,2.87228535,2.87772009
1661785200,2.87772009,2.88315511,2.87772009,2.88315511
1661927400,2.89130706,2.89130706,2.89130706,2.89130706
1661929200,2.89402457,2.94293775,2.89130706,2.92391604
1661931000,2.92391604,2.92935077,2.90489404,2.91304628
1661932800,2.91304628,2.91848102,2.90761155,2.90761155
1661934600,2.90761155,2.91848102,2.90217682,2.91848102
1661936400,2.91576379,2.91848102,2.90217682,2.90489404
1661938200,2.90761155,2.90761155,2.90217682,2.90217682
1661940000,2.90217682,2.91032906,2.90217682,2.90761155
1661941800,2.91032906,2.92119853,2.90489404,2.91848102
1661943600,2.91576379,2.91848102,2.90489404,2.91032906
1661945400,2.91304628,2.92119853,2.90761155,2.92119853
1661947200,2.91848102,2.94022024,2.91304628,2.91848102
1661949000,2.91576379,2.91848102,2.91032906,2.91576379
1661950800,2.91576379,2.91848102,2.90761155,2.91032906
1661952600,2.91032906,2.92119853,2.90761155,2.91304628
1661954400,2.91304628,2.91576379,2.89945931,2.91032906
1661956200,2.91032906,2.91848102,2.90761155,2.91304628
1661958000,2.90761155,2.90761155,2.90761155,2.90761155
1662013800,2.90489404,2.90489404,2.90489404,2.90489404
1662015600,2.90489404,2.90761155,2.84782891,2.86956813
1662017400,2.86956813,2.86956813,2.84782891,2.85598115
1662019200,2.85598115,2.87228535,2.84782891,2.87228535
1662021000,2.87228535,2.8804376,2.86413311,2.87772009
1662022800,2.87500286,2.89130706,2.86956813,2.89130706
1662024600,2.89130706,2.89130706,2.87500286,2.88315511
1662026400,2.88315511,2.88587233,2.87500286,2.87772009
1662028200,2.87772009,2.89130706,2.87500286,2.88315511
1662030000,2.88587233,2.89402457,2.87500286,2.8804376
1662031800,2.8804376,2.88315511,2.86685062,2.87228535
1662033600,2.86956813,2.87228535,2.85869838,2.86413311
1662035400,2.86685062,2.87228535,2.85869838,2.86956813
1662037200,2.86685062,2.87500286,2.86413311,2.86685062
1662039000,2.86685062,2.90489404,2.86413311,2.8804376
1662040800,2.8804376,2.8804376,2.86413311,2.87228535
1662042600,2.87500286,2.87772009,2.85598115,2.86141589
1662044400,2.85326364,2.85326364,2.85326364,2.85326364
1662100200,2.86413311,2.86413311,2.86413311,2.86413311
1662102000,2.86685062,2.87772009,2.85598115,2.86413311
1662103800,2.86141589,2.89402457,2.86141589,2.87500286
1662105600,2.87500286,2.8804376,2.87228535,2.87772009
1662107400,2.87772009,2.8804376,2.86956813,2.87228535
1662109200,2.87228535,2.87772009,2.86956813,2.87500286
1662111000,2.87500286,2.87772009,2.87228535,2.87772009
1662112800,2.87500286,2.88587233,2.87500286,2.8804376
1662114600,2.8804376,2.89674208,2.87772009,2.88858984
1662116400,2.88858984,2.91576379,2.88587233,2.91032906
1662118200,2.91032906,2.91304628,2.87772009,2.89945931
1662120000,2.89945931,2.90217682,2.88858984,2.89130706
1662121800,2.89130706,2.90761155,2.88858984,2.90217682
1662123600,2.90217682,2.91576379,2.89945931,2.91032906
1662125400,2.91032906,2.91304628,2.89674208,2.89945931
1662127200,2.89674208,2.91032906,2.88858984,2.90489404
1662129000,2.90217682,2.90761155,2.89674208,2.90217682
1662130800,2.90217682,2.90217682,2.90217682,2.90217682
1662359400,2.90217682,2.90217682,2.90217682,2.90217682
1662361200,2.90489404,3.05706829,2.90217682,3.01902459
1662363000,3.01902459,3.03261156,3.00272039,3.01630736
1662364800,3.01630736,3.0217421,2.99185063,3.01902459
1662366600,3.01902459,3.03804658,3.01630736,3.02717683
1662368400,3.02717683,3.04076381,3.0217421,3.03261156
1662370200,3.03532907,3.03532907,3.01358985,3.02989434
1662372000,3.02989434,3.04619854,3.0244596,3.04619854
1662373800,3.04348132,3.04891605,3.03261156,3.03532907
1662375600,3.03532907,3.07880751,3.02989434,3.07065527
1662377400,3.07065527,3.07609,3.04619854,3.04891605
1662379200,3.04891605,3.07065527,3.03804658,3.05435078
1662381000,3.05163356,3.07065527,3.05163356,3.06793776
1662382800,3.06793776,3.10598118,3.06522053,3.08967698
1662384600,3.08967698,3.0923942,3.07065527,3.08695947
1662386400,3.08967698,3.09511171,3.05163356,3.07337249
1662388200,3.07609,3.08424224,3.05978552,3.08152474
1662390000,3.08152474,3.08424224,3.08152474,3.08424224
1662445800,3.12500317,3.12500317,3.12500317,3.12500317
1662447600,3.1277204,3.16304659,3.10869869,3.15761186
1662449400,3.15761186,3.17391606,3.14402488,3.15489435
1662451200,3.15489435,3.15489435,3.01087263,3.08967698
1662453000,3.08967698,3.11685093,3.05706829,3.08967698
1662454800,3.08967698,3.0923942,3.04619854,3.05163356
1662456600,3.05435078,3.05435078,3.0244596,3.05435078
1662458400,3.05435078,3.09782922,3.04076381,3.09511171
1662460200,3.09511171,3.10054645,3.06793776,3.07337249
1662462000,3.07065527,3.0923942,3.05978552,3.08695947
1662463800,3.08424224,3.0923942,3.06793776,3.08152474
1662465600,3.08424224,3.09511171,3.05706829,3.07880751
1662467400,3.07609,3.08152474,3.06250303,3.07609
1662469200,3.07337249,3.07880751,3.06522053,3.07337249
1662471000,3.07337249,3.08152474,3.05706829,3.07337249
1662472800,3.07337249,3.07880751,3.05435078,3.07337249
1662474600,3.07337249,3.08695947,3.05978552,3.07337249
1662476400,3.07065527,3.07065527,3.07065527,3.07065527
1662532200,3.07609,3.07609,3.07609,3.07609
1662534000,3.07337249,3.10054645,3.03804658,3.08967698
1662535800,3.08695947,3.08967698,3.03532907,3.04076381
1662537600,3.04076381,3.05163356,3.01630736,3.04891605
1662539400,3.04891605,3.05706829,3.02717683,3.02989434
1662541200,3.03261156,3.05435078,3.02989434,3.05163356
1662543000,3.05163356,3.05706829,3.03804658,3.04348132
1662544800,3.04619854,3.05435078,3.04076381,3.05163356
1662546600,3.05163356,3.05706829,3.03532907,3.04076381
1662548400,3.04076381,3.04348132,3.03261156,3.04076381
1662550200,3.03804658,3.04076381,3.02717683,3.03532907
1662552000,3.03804658,3.04348132,3.02989434,3.04348132
1662553800,3.04348132,3.06522053,3.03261156,3.05706829
1662555600,3.05706829,3.05978552,3.03532907,3.04076381
1662557400,3.04076381,3.05978552,3.03804658,3.04076381
1662559200,3.04076381,3.04619854,3.01630736,3.0217421
1662561000,3.01902459,3.03804658,3.01087263,3.0244596
1662562800,3.02717683,3.02989434,3.02717683,3.02989434
1662618600,3.04348132,3.04348132,3.04348132,3.04348132
1662620400,3.04348132,3.08695947,3.04076381,3.07880751
1662622200,3.07880751,3.07880751,3.05706829,3.06522053
1662624000,3.06522053,3.07065527,3.05435078,3.05706829
1662625800,3.05706829,3.0923942,3.04619854,3.07880751
1662627600,3.07880751,3.08424224,3.06250303,3.06793776
1662629400,3.06793776,3.07065527,3.05978552,3.06793776
1662631200,3.06522053,3.07065527,3.05706829,3.06250303
1662633000,3.06522053,3.0923942,3.06522053,3.08967698
1662634800,3.08967698,3.13587264,3.08424224,3.08967698
1662636600,3.0923942,3.10054645,3.08967698,3.09782922
1662638400,3.09782922,3.1114162,3.07880751,3.08695947
1662640200,3.08695947,3.10869869,3.08152474,3.09782922
1662642000,3.10054645,3.1114162,3.07880751,3.08967698
1662643800,3.0923942,3.10054645,3.07880751,3.07880751
1662645600,3.07880751,3.07880751,3.03261156,3.05435078
1662647400,3.05435078,3.05435078,2.98913341,3.01087263
1662649200,3.00543761,3.00543761,3.00543761,3.00543761
1662705000,3.01358985,3.01358985,3.01358985,3.01358985
1662706800,3.01358985,3.04348132,3.00543761,3.03804658
1662708600,3.03532907,3.04891605,3.01902459,3.03261156
1662710400,3.03261156,3.03532907,3.0217421,3.02717683
1662712200,3.02989434,3.04619854,3.02717683,3.03804658
1662714000,3.03532907,3.06250303,3.03261156,3.05978552
1662715800,3.05978552,3.07337249,3.02989434,3.03532907
1662717600,3.03261156,3.04619854,3.03261156,3.04076381
1662719400,3.03804658,3.04619854,3.02717683,3.04348132
1662721200,3.04076381,3.04891605,3.03261156,3.03804658
1662723000,3.03804658,3.04076381,3.02989434,3.03532907
1662724800,3.03261156,3.03804658,3.0244596,3.03261156
1662726600,3.03261156,3.04076381,3.02717683,3.03532907
1662728400,3.03804658,3.05163356,3.02989434,3.03532907
1662730200,3.03261156,3.03532907,3.0217421,3.02717683
1662732000,3.02989434,3.03261156,3.00543761,3.01630736
1662733800,3.01630736,3.03532907,3.00815512,3.03532907
1662735600,3.03261156,3.03532907,3.03261156,3.03532907
1662964200,3.05706829,3.05706829,3.05706829,3.05706829
1662966000,3.05978552,3.07065527,3.01358985,3.0244596
1662967800,3.0244596,3.03804658,3.01902459,3.02989434
1662969600,3.02989434,3.06250303,3.0244596,3.04348132
1662971400,3.04619854,3.06250303,3.04076381,3.05978552
1662973200,3.05978552,3.07065527,3.04891605,3.06250303
1662975000,3.06250303,3.06522053,3.04348132,3.05163356
1662976800,3.04891605,3.06250303,3.04348132,3.05978552
1662978600,3.05978552,3.06250303,3.04619854,3.05163356
1662980400,3.05163356,3.05163356,3.03804658,3.04076381
1662982200,3.04076381,3.04891605,3.02989434,3.04076381
1662984000,3.04076381,3.04348132,3.01902459,3.03532907
1662985800,3.03804658,3.03804658,3.02717683,3.03532907
1662987600,3.03261156,3.03804658,3.02717683,3.03532907
1662989400,3.03804658,3.05435078,3.03261156,3.04891605
1662991200,3.04891605,3.05706829,3.03532907,3.05163356
1662993000,3.05163356,3.05706829,3.03804658,3.04076381
1662994800,3.04076381,3.04076381,3.04076381,3.04076381
1663050600,3.08152474,3.08152474,3.08152474,3.08152474
1663052400,3.08152474,3.10326395,3.03804658,3.07880751
1663054200,3.08152474,3.08424224,3.05706829,3.06522053
1663056000,3.06250303,3.06793776,3.04076381,3.04348132
1663057800,3.04348132,3.04891605,3.02989434,3.04348132
1663059600,3.04348132,3.04619854,3.02989434,3.03532907
1663061400,3.03804658,3.03804658,2.98369868,3.01358985
1663063200,3.01358985,3.01630736,2.96467697,2.99456814
1663065000,2.99728565,3.01630736,2.98369868,3.00815512
1663066800,3.01087263,3.01630736,3.00000288,3.01087263
1663068600,3.00815512,3.01630736,3.00000288,3.01630736
1663070400,3.01902459,3.01902459,3.00272039,3.00543761
1663072200,3.00543761,3.00815512,2.96467697,2.96739419
1663074000,2.96467697,2.96739419,2.92935077,2.92935077
1663075800,2.93206799,2.97826366,2.93206799,2.96739419
1663077600,2.96739419,2.9701117,2.91848102,2.92119853
1663079400,2.92391604,2.92391604,2.82608969,2.82608969
1663081200,2.82608969,2.82608969,2.82608969,2.82608969
1663137000,2.82608969,2.82608969,2.82608969,2.82608969
1663138800,2.82608969,2.90217682,2.74728534,2.87228535
1663140600,2.87228535,2.88315511,2.793481,2.80435047
1663142400,2.80706798,2.83967667,2.793481,2.80978549
1663144200,2.80978549,2.81250271,2.75000257,2.7907635
1663146000,2.7907635,2.81793745,2.78532876,2.81793745
1663147800,2.81522022,2.8451114,2.80978549,2.83695944
1663149600,2.83695944,2.86413311,2.83424193,2.86413311
1663151400,2.86141589,2.89674208,2.86141589,2.88587233
1663153200,2.88587233,2.90761155,2.8804376,2.90217682
1663155000,2.90217682,2.90489404,2.86413311,2.86685062
1663156800,2.86685062,2.86956813,2.82608969,2.86956813
1663158600,2.86956813,2.88858984,2.85869838,2.87500286
1663160400,2.87500286,2.90217682,2.86685062,2.87772009
1663162200,2.87500286,2.90489404,2.87500286,2.89674208
1663164000,2.89402457,2.89674208,2.86685062,2.86956813
1663165800,2.86956813,2.9701117,2.86685062,2.95380721
1663167600,2.95924195,2.95924195,2.95924195,2.95924195
1663223400,2.96739419,2.96739419,2.96739419,2.96739419
1663225200,2.9701117,2.98913341,2.95108999,2.9701117
1663227000,2.9701117,2.97554643,2.9347855,2.95380721
1663228800,2.95652472,2.9701117,2.94837248,2.96467697
1663230600,2.96467697,3.00272039,2.96195946,2.99185063
1663232400,2.99185063,2.99728565,2.98098117,2.99728565
1663234200,2.99728565,3.00815512,2.9864159,2.98913341
1663236000,2.98913341,2.99456814,2.98098117,2.98913341
1663237800,2.9864159,2.99185063,2.97554643,2.99185063
1663239600,2.99185063,3.01630736,2.98369868,3.00815512
1663241400,3.00815512,3.00815512,2.97282892,2.97826366
1663243200,2.97826366,2.98369868,2.96739419,2.97554643
1663245000,2.97826366,2.99185063,2.95108999,2.96739419
1663246800,2.96739419,2.9701117,2.93206799,2.94293775
1663248600,2.94293775,2.95380721,2.91032906,2.93206799
1663250400,2.93206799,2.98098117,2.92119853,2.94293775
1663252200,2.93750301,2.94293775,2.91848102,2.93206799
1663254000,2.92935077,2.92935077,2.92935077,2.92935077
1663309800,2.92935077,2.92935077,2.92935077,2.92935077
1663311600,2.92935077,2.9701117,2.91032906,2.96739419
1663313400,2.96739419,2.97282892,2.9347855,2.94022024
1663315200,2.93750301,2.96195946,2.93750301,2.94565497
1663317000,2.94837248,2.95380721,2.93750301,2.94565497
1663318800,2.94837248,2.96739419,2.94565497,2.95652472
1663320600,2.95652472,2.99185063,2.94837248,2.9701117
1663322400,2.9701117,2.97554643,2.96195946,2.96195946
1663324200,2.96467697,2.98913341,2.95924195,2.9864159
1663326000,2.9864159,3.00543761,2.98098117,2.99185063
1663327800,2.99185063,2.99185063,2.97554643,2.97826366
1663329600,2.98369868,3.00000288,2.96739419,2.9864159
1663331400,2.98913341,2.99728565,2.98098117,2.98369868
1663333200,2.98098117,2.99185063,2.97282892,2.9864159
1663335000,2.98913341,2.98913341,2.97282892,2.98369868
1663336800,2.98369868,3.01087263,2.98369868,2.9864159
1663338600,2.98913341,3.00543761,2.97826366,3.00272039
1663340400,2.99728565,2.99728565,2.99728565,2.99728565
1663569000,3.00543761,3.00543761,3.00543761,3.00543761
1663570800,3.00543761,3.05435078,3.00000288,3.03532907
1663572600,3.03532907,3.05163356,3.02717683,3.04891605
1663574400,3.04891605,3.08152474,3.04619854,3.06250303
1663576200,3.06250303,3.06793776,3.04076381,3.04891605
1663578000,3.04891605,3.05978552,3.04348132,3.05706829
1663579800,3.05706829,3.05706829,3.01630736,3.0217421
1663581600,3.0217421,3.0217421,3.00815512,3.01358985
1663583400,3.01358985,3.01630736,3.00543761,3.00543761
1663585200,3.00543761,3.00815512,2.98098117,3.00272039
1663587000,3.00272039,3.00543761,2.97826366,2.9864159
1663588800,2.9864159,3.00000288,2.98098117,2.99456814
1663590600,2.99456814,3.00272039,2.98369868,2.99456814
1663592400,2.99456814,2.99456814,2.96195946,2.96195946
1663594200,2.96467697,2.9701117,2.90489404,2.93750301
1663596000,2.93750301,2.93750301,2.89945931,2.90217682
1663599600,2.90217682,2.90217682,2.90217682,2.90217682
1663655400,2.91032906,2.91032906,2.91032906,2.91032906
1663657200,2.91304628,3.00272039,2.91304628,2.98098117
1663659000,2.98369868,2.99185063,2.96195946,2.97826366
1663660800,2.97554643,3.00543761,2.97282892,2.98913341
1663662600,2.98913341,2.99456814,2.94837248,2.95108999
1663664400,2.94837248,2.98098117,2.89945931,2.97554643
1663666200,2.97554643,2.97826366,2.95108999,2.96195946
1663668000,2.95924195,2.97554643,2.95108999,2.9701117
1663669800,2.9701117,2.98913341,2.96195946,2.9864159
1663671600,2.9864159,3.00543761,2.97826366,3.00272039
1663673400,3.00272039,3.02717683,2.99728565,3.0244596
1663675200,3.0244596,3.03261156,3.00815512,3.01087263
1663677000,3.01087263,3.04891605,3.01087263,3.01902459
1663678800,3.01902459,3.0244596,3.00815512,3.01087263
1663680600,3.00815512,3.05978552,3.00000288,3.04619854
1663682400,3.04348132,3.10326395,3.03261156,3.08967698
1663684200,3.08695947,3.16304659,3.07609,3.16032909
1663686000,3.15761186,3.18478581,3.15761186,3.18478581
1663741800,3.15217713,3.15217713,3.15217713,3.15217713
1663743600,3.14945962,3.19837279,3.10869869,3.12500317
1663745400,3.12500317,3.12500317,3.07337249,3.10326395
1663747200,3.10326395,3.15217713,3.08152474,3.14402488
1663749000,3.14402488,3.15761186,3.11956816,3.12500317
1663750800,3.12500317,3.13043791,3.08695947,3.08695947
1663752600,3.08967698,3.12228567,3.08152474,3.09782922
1663754400,3.10054645,3.11413342,3.08967698,3.09782922
1663756200,3.09782922,3.11685093,3.09511171,3.11413342
1663758000,3.11685093,3.1277204,3.10869869,3.11413342
1663759800,3.11413342,3.12228567,3.10326395,3.11413342
1663761600,3.11413342,3.16304659,3.1114162,3.14402488
1663763400,3.14402488,3.16848133,3.13859015,3.13859015
1663765200,3.14130738,3.14674211,3.11413342,3.1277204
1663767000,3.12500317,3.14674211,3.12228567,3.13859015
1663768800,3.13859015,3.14674211,3.10598118,3.11413342
1663770600,3.1114162,3.11956816,3.07880751,3.11413342
1663772400,3.11685093,3.11956816,3.11685093,3.11956816
1663828200,3.12228567,3.12228567,3.12228567,3.12228567
1663830000,3.12228567,3.15217713,3.10326395,3.14674211
1663831800,3.14674211,3.21467699,3.14130738,3.19565528
1663833600,3.19837279,3.20109001,3.16032909,3.16848133
1663835400,3.16848133,3.1820683,3.16032909,3.17119884
1663837200,3.16848133,3.17663357,3.15217713,3.15761186
1663839000,3.16032909,3.16848133,3.15489435,3.1657641
1663840800,3.16304659,3.16848133,3.15761186,3.16304659
1663842600,3.16032909,3.17935108,3.15217713,3.17663357
1663844400,3.17663357,3.23641621,3.16032909,3.19837279
1663846200,3.19837279,3.25000319,3.17663357,3.22826397
1663848000,3.22826397,3.25815543,3.22554674,3.24728568
1663849800,3.24456845,3.24728568,3.20924226,3.22011173
1663851600,3.22011173,3.2336987,3.20380752,3.22011173
1663853400,3.22011173,3.22826397,3.11956816,3.12228567
1663855200,3.12500317,3.14945962,3.11413342,3.14130738
1663857000,3.13859015,3.15761186,3.13043791,3.15217713
1663858800,3.15489435,3.15489435,3.15489435,3.15489435
1663914600,3.1657641,3.1657641,3.1657641,3.1657641
1663916400,3.16304659,3.20380752,3.15217713,3.1657641
1663918200,3.1657641,3.19565528,3.14945962,3.18750304
1663920000,3.18750304,3.25000319,3.18478581,3.2173945
1663921800,3.2173945,3.28532938,3.19293806,3.28261187
1663923600,3.28261187,3.28532938,3.24728568,3.25815543
1663925400,3.25815543,3.29348163,3.2527207,3.26630767
1663927200,3.26630767,3.30163358,3.26087265,3.30163358
1663929000,3.30163358,3.33695978,3.27445963,3.27989465
1663930800,3.28261187,3.30978583,3.26359016,3.28261187
1663932600,3.28261187,3.29891636,3.27445963,3.27989465
1663934400,3.27989465,3.28804661,3.26359016,3.27445963
1663936200,3.27445963,3.29891636,3.2690249,3.27717714
1663938000,3.27717714,3.33967729,3.27445963,3.31250334
1663939800,3.30978583,3.32880754,3.29348163,3.31250334
1663941600,3.31250334,3.36956847,3.29891636,3.31793807
1663943400,3.32065529,3.36956847,3.30163358,3.36413373
1663945200,3.36685124,3.36685124,3.36413373,3.36413373
1664173800,3.34239451,3.34239451,3.34239451,3.34239451
1664175600,3.33967729,3.51902521,3.32880754,3.49456876
1664177400,3.49456876,3.51087297,3.44837282,3.46195979
1664179200,3.46195979,3.51359047,3.45109033,3.50815574
1664181000,3.50543823,3.51087297,3.47011204,3.47554677
1664182800,3.47282955,3.49185126,3.44565559,3.46739481
1664184600,3.47011204,3.49456876,3.45924257,3.49185126
1664186400,3.49185126,3.49456876,3.47826428,3.48641652
1664188200,3.48641652,3.51087297,3.47282955,3.48641652
1664190000,3.48641652,3.52445994,3.48369901,3.50272072
1664191800,3.5000035,3.51087297,3.47554677,3.48913375
1664193600,3.48913375,3.51902521,3.48641652,3.50815574
1664195400,3.51087297,3.52174272,3.48913375,3.49728599
1664197200,3.49728599,3.50815574,3.47554677,3.49728599
1664199000,3.49728599,3.56522087,3.48641652,3.55706863
1664200800,3.55706863,3.64402522,3.5516339,3.62772102
1664202600,3.63043825,3.64674273,3.54348165,3.59239482
1664204400,3.6059818,3.6059818,3.6059818,3.6059818
1664260200,3.60869931,3.60869931,3.60869931,3.60869931
1664262000,3.60869931,3.73913406,3.56793838,3.72554708
1664263800,3.72554708,3.75543854,3.65489497,3.6956559
1664265600,3.69022088,3.70109064,3.64402522,3.66576444
1664267400,3.66304722,3.68750366,3.58424258,3.67935142
1664269200,3.67935142,3.70109064,3.67391668,3.6956559
1664271000,3.69837313,3.7119601,3.69022088,3.70924288
1664272800,3.70924288,3.70924288,3.6576122,3.66848195
1664274600,3.66848195,3.68750366,3.66304722,3.68478615
1664276400,3.68478615,3.70652537,3.67935142,3.69293839
1664278200,3.69293839,3.6956559,3.66576444,3.66848195
1664280000,3.66848195,3.70652537,3.6576122,3.69293839
1664281800,3.69293839,3.7119601,3.67935142,3.68206893
1664283600,3.67935142,3.70652537,3.67935142,3.67935142
1664285400,3.68206893,3.77446025,3.66848195,3.76902552
1664287200,3.77174274,3.79076445,3.75272103,3.76902552
1664289000,3.76902552,3.76902552,3.68478615,3.75815577
1664290800,3.75000381,3.75000381,3.75000381,3.75000381
1664346600,3.73641683,3.73641683,3.73641683,3.73641683
1664348400,3.73369932,3.76359079,3.66576444,3.74185157
1664350200,3.74456879,3.77174274,3.72011235,3.74185157
1664352000,3.74185157,3.75000381,3.68750366,3.6956559
1664353800,3.6956559,3.71467761,3.67119917,3.67391668
1664355600,3.67391668,3.70652537,3.66848195,3.69837313
1664357400,3.69837313,3.73641683,3.69022088,3.73369932
1664359200,3.73369932,3.79348196,3.72826459,3.76630801
1664361000,3.76630801,3.78532972,3.74456879,3.74456879
1664362800,3.7472863,3.76630801,3.73098181,3.75000381
1664364600,3.75000381,3.75272103,3.69837313,3.70652537
1664366400,3.70652537,3.72282986,3.69293839,3.70924288
1664368200,3.70924288,3.73369932,3.69022088,3.72554708
1664370000,3.72826459,3.72826459,3.69293839,3.70380786
1664371800,3.70380786,3.73098181,3.68478615,3.72554708
1664373600,3.72282986,3.73641683,3.69293839,3.72282986
1664375400,3.72554708,3.7826125,3.62772102,3.67119917
1664377200,3.67119917,3.67391668,3.66576444,3.67391668
1664433000,3.6956559,3.6956559,3.6956559,3.6956559
1664434800,3.69293839,3.73913406,3.62500351,3.63587326
1664436600,3.63587326,3.64946024,3.6059818,3.63315575
1664438400,3.63043825,3.66032971,3.62500351,3.63043825
1664440200,3.63043825,3.63315575,3.58967732,3.59239482
1664442000,3.59239482,3.6059818,3.57609034,3.60326429
1664443800,3.6059818,3.60869931,3.57337311,3.58967732
1664445600,3.58967732,3.60326429,3.58696009,3.59782956
1664447400,3.59782956,3.59782956,3.57337311,3.59239482
1664449200,3.59239482,3.62228629,3.58696009,3.60869931
1664451000,3.60869931,3.61141653,3.57880785,3.58152536
1664452800,3.58152536,3.6059818,3.57880785,3.59239482
1664454600,3.59239482,3.59239482,3.56250336,3.57065561
1664456400,3.57065561,3.58424258,3.55978614,3.55978614
1664458200,3.55978614,3.57609034,3.51087297,3.51087297
1664460000,3.47826428,3.47826428,3.38587295,3.44022086
1664461800,3.43750335,3.58152536,3.42391637,3.56793838
1664463600,3.57880785,3.57880785,3.57880785,3.57880785
1664519400,3.58152536,3.58152536,3.58152536,3.58152536
1664521200,3.57880785,3.61956878,3.53804692,3.57065561
1664523000,3.57065561,3.70924288,3.56522087,3.67391668
1664524800,3.67391668,3.7119601,3.66848195,3.67391668
1664526600,3.67663391,3.6956559,3.65489497,3.67935142
1664528400,3.67935142,3.7119601,3.67391668,3.69293839
1664530200,3.69293839,3.72282986,3.69022088,3.69837313
1664532000,3.69837313,3.72282986,3.68478615,3.69022088
1664533800,3.69022088,3.70380786,3.67391668,3.68206893
1664535600,3.67935142,3.70380786,3.67119917,3.69293839
1664537400,3.69022088,3.71467761,3.68478615,3.6956559
1664539200,3.6956559,3.70652537,3.68750366,3.70380786
1664541000,3.70380786,3.78532972,3.69837313,3.76359079
1664542800,3.76359079,3.77717776,3.74185157,3.76087328
1664544600,3.76087328,3.77174274,3.72282986,3.74456879
1664546400,3.74185157,3.7472863,3.69022088,3.70652537
1664548200,3.70924288,3.73369932,3.68750366,3.72011235
1664550000,3.72011235,3.72011235,3.70652537,3.70652537
1664778600,3.72011235,3.72011235,3.72011235,3.72011235
1664780400,3.72282986,3.74456879,3.67663391,3.71467761
1664782200,3.71467761,3.73913406,3.7119601,3.73369932
1664784000,3.73641683,3.75000381,3.69293839,3.69837313
1664785800,3.70109064,3.71739484,3.68750366,3.69837313
1664787600,3.6956559,3.70652537,3.6956559,3.70652537
1664789400,3.70652537,3.74185157,3.69837313,3.73913406
1664791200,3.73913406,3.80978645,3.73641683,3.80978645
1664793000,3.80978645,3.87772133,3.7989167,3.85054738
1664794800,3.85054738,3.89130831,3.83967763,3.88315607
1664796600,3.88315607,3.89946027,3.86413435,3.88315607
1664798400,3.88043856,3.88043856,3.83967763,3.86956909
1664800200,3.86956909,3.88587329,3.85054738,3.8532646
1664802000,3.8532646,3.86413435,3.82609065,3.83152538
1664803800,3.83424289,3.86413435,3.79076445,3.7989167
1664805600,3.80163421,3.86685158,3.76359079,3.84782987
1664807400,3.84511236,3.87500382,3.83967763,3.86413435
1664809200,3.86413435,3.87500382,3.86413435,3.87500382
1664865000,3.94565593,3.94565593,3.94565593,3.94565593
1664866800,3.94565593,4.22011297,3.94565593,4.21739546
1664868600,4.21739546,4.26087361,4.21467795,4.26087361
1664870400,4.26087361,4.26087361,4.19022151,4.22283019
1664872200,4.2255477,4.23369995,4.19565624,4.2255477
1664874000,4.2255477,4.22826493,4.18478677,4.21467795
1664875800,4.21739546,4.23913468,4.20924322,4.23641717
1664877600,4.23641717,4.26087361,4.22826493,4.26087361
1664879400,4.26087361,4.26087361,4.22826493,4.25272166
1664881200,4.25272166,4.26087361,4.2418519,4.26087361
1664883000,4.26087361,4.26087361,4.26087361,4.26087361
1664884800,4.26087361,4.26087361,4.26087361,4.26087361
1664886600,4.26087361,4.26087361,4.26087361,4.26087361
1664888400,4.26087361,4.26087361,4.26087361,4.26087361
1664890200,4.26087361,4.26087361,4.26087361,4.26087361
1664892000,4.26087361,4.26087361,4.26087361,4.26087361
1664893800,4.26087361,4.26087361,4.26087361,4.26087361
1664895600,4.26087361,4.26087361,4.26087361,4.26087361
1664951400,4.40217811,4.40217811,4.40217811,4.40217811
1664953200,4.40489562,4.58967856,4.40489562,4.49185221
1664955000,4.48913471,4.54076539,4.44837406,4.52989563
1664956800,4.52989563,4.58967856,4.50000446,4.5244609
1664958600,4.52717841,4.52989563,4.45109128,4.49185221
1664960400,4.49185221,4.51630866,4.46739577,4.5081567
1664962200,4.51087392,4.51087392,4.46739577,4.48369997
1664964000,4.48369997,4.48641748,4.38043918,4.47826524
1664965800,4.47826524,4.50000446,4.45652602,4.49185221
1664967600,4.49185221,4.55706959,4.49185221,4.55435236
1664969400,4.55435236,4.6304392,4.54620012,4.60870027
1664971200,4.60870027,4.63859145,4.58967856,4.59239578
1664973000,4.58967856,4.60326525,4.55163485,4.55435236
1664974800,4.55435236,4.5597871,4.47011299,4.48098275
1664976600,4.48098275,4.51902617,4.44022182,4.49728695
1664978400,4.49456972,4.52989563,4.44022182,4.52717841
1664980200,4.52717841,4.53804788,4.46739577,4.48913471
1664982000,4.48913471,4.49728695,4.48913471,4.49728695
1665037800,4.61956974,4.61956974,4.61956974,4.61956974
1665039600,4.62228725,4.65761316,4.42120011,4.50543919
1665041400,4.50543919,4.55163485,4.48369997,4.5244609
1665043200,4.5244609,4.58424354,4.51902617,4.56250461
1665045000,4.5597871,4.6304392,4.52717841,4.54076539
1665046800,4.54348261,4.59783052,4.54076539,4.57337407
1665048600,4.57337407,4.65217842,4.56522183,4.64674369
1665050400,4.6494612,4.76630897,4.61685223,4.74728726
1665052200,4.74728726,4.7554395,4.71467857,4.72283081
1665054000,4.72283081,4.85598307,4.72011331,4.83696136
1665055800,4.83967859,4.89402649,4.81793965,4.87228727
1665057600,4.87228727,4.87772229,4.7907657,4.81793965
1665059400,4.81793965,4.86413531,4.79891766,4.85598307
1665061200,4.8587003,4.92120044,4.84511332,4.90761347
1665063000,4.90761347,4.91848322,4.85054834,4.85598307
1665064800,4.85598307,4.8614178,4.63859145,4.66304818
1665066600,4.6657654,4.66848291,4.44565655,4.60598276
1665068400,4.60326525,4.6304392,4.60326525,4.6304392
1665124200,4.63315671,4.63315671,4.63315671,4.63315671
1665126000,4.63315671,4.85326556,4.55706959,4.77989595
1665127800,4.77989595,4.78533068,4.67120013,4.73370028
1665129600,4.73098277,4.7717437,4.70924384,4.76902648
1665131400,4.76902648,4.79348292,4.76087424,4.76630897
1665133200,4.76630897,4.77989595,4.75272199,4.7717437
1665135000,4.7717437,4.81522214,4.76902648,4.79348292
1665136800,4.7907657,4.79348292,4.76087424,4.77717872
1665138600,4.77989595,4.82065687,4.77717872,4.78804819
1665140400,4.78533068,4.7907657,4.75000477,4.78261345
1665142200,4.78261345,4.7907657,4.71467857,4.72826555
1665144000,4.72826555,4.76630897,4.71467857,4.76087424
1665145800,4.76359174,4.79620043,4.74728726,4.75815673
1665147600,4.76087424,4.76630897,4.72011331,4.72826555
1665149400,4.73098277,4.75000477,4.69022213,4.72283081
1665151200,4.72283081,4.73913502,4.7038091,4.71467857
1665153000,4.71467857,4.73913502,4.68478711,4.72011331
1665154800,4.73098277,4.73098277,4.73098277,4.73098277
1665383400,4.73641779,4.73641779,4.73641779,4.73641779
1665385200,4.73641779,4.76902648,4.57609158,4.65217842
1665387000,4.65217842,4.72826555,4.65217842,4.70924384
1665388800,4.71196106,4.7173958,4.66304818,4.69022213
1665390600,4.69022213,4.69293935,4.6657654,4.67663515
1665392400,4.67663515,4.68206989,4.64402618,4.66304818
1665394200,4.66304818,4.66848291,4.64674369,4.65761316
1665396000,4.65761316,4.68478711,4.6494612,4.67120013
1665397800,4.67120013,4.69565686,4.65761316,4.68478711
1665399600,4.68750462,4.69293935,4.65761316,4.67120013
1665401400,4.66848291,4.67391764,4.65489593,4.66848291
1665403200,4.6657654,4.67935238,4.65489593,4.67391764
1665405000,4.67120013,4.67663515,4.63859145,4.65217842
1665406800,4.65489593,4.68478711,4.64402618,4.66033067
1665408600,4.66033067,4.66848291,4.64130896,4.6657654
1665410400,4.66304818,4.6657654,4.6494612,4.65761316
1665412200,4.65761316,4.66304818,4.6304392,4.64674369
1665414000,4.6494612,4.66033067,4.6494612,4.66033067
1665469800,4.66033067,4.66033067,4.66033067,4.66033067
1665471600,4.65761316,4.80978741,4.59783052,4.75000477
1665473400,4.75000477,4.80978741,4.74185253,4.7717437
1665475200,4.7717437,4.77717872,4.68478711,4.69293935
1665477000,4.69293935,4.70652633,4.66033067,4.67935238
1665478800,4.67935238,4.69837409,4.67391764,4.68206989
1665480600,4.68206989,4.69293935,4.6657654,4.68478711
1665482400,4.68750462,4.69565686,4.65489593,4.66033067
1665484200,4.66033067,4.67391764,4.64402618,4.67120013
1665486000,4.66848291,4.69837409,4.66033067,4.69565686
1665487800,4.69565686,4.69565686,4.67935238,4.69293935
1665489600,4.69293935,4.69837409,4.68478711,4.69022213
1665491400,4.69022213,4.69293935,4.65761316,4.66848291
1665493200,4.6657654,4.67120013,4.63859145,4.6494612
1665495000,4.64674369,4.6657654,4.63587422,4.64402618
1665496800,4.64402618,4.6494612,4.62228725,4.63587422
1665498600,4.63587422,4.65217842,4.60598276,4.60870027
1665500400,4.62500447,4.62500447,4.62500447,4.62500447
1665556200,4.62772198,4.62772198,4.62772198,4.62772198
1665558000,4.6304392,4.65761316,4.5597871,4.56250461
1665559800,4.5597871,4.58696105,4.49185221,4.52174368
1665561600,4.5244609,4.52717841,4.48369997,4.5244609
1665563400,4.52174368,4.54348261,4.50000446,4.51630866
1665565200,4.51630866,4.52174368,4.50543919,4.51902617
1665567000,4.51630866,4.52174368,4.48913471,4.49185221
1665568800,4.49185221,4.5081567,4.48913471,4.50000446
1665570600,4.50000446,4.50543919,4.46467826,4.46467826
1665572400,4.46739577,4.51359143,4.46196104,4.51087392
1665574200,4.51087392,4.52174368,4.48641748,4.49728695
1665576000,4.49728695,4.51087392,4.48098275,4.50543919
1665577800,4.50272168,4.50543919,4.47011299,4.4728305
1665579600,4.4728305,4.49185221,4.46467826,4.47554801
1665581400,4.47554801,4.48913471,4.46196104,4.47554801
1665583200,4.47554801,4.48641748,4.45109128,4.45380879
1665585000,4.45380879,4.47011299,4.44565655,4.45924353
1665586800,4.45924353,4.45924353,4.45109128,4.45109128
1665642600,4.45109128,4.45109128,4.45109128,4.45109128
1665644400,4.45109128,4.51359143,4.39130864,4.49185221
1665646200,4.48913471,4.50543919,4.4728305,4.49185221
1665648000,4.48913471,4.51087392,4.47011299,4.48369997
1665649800,4.48641748,4.50000446,4.4728305,4.50000446
1665651600,4.49728695,4.54620012,4.49456972,4.51359143
1665653400,4.51630866,4.56793934,4.49456972,4.50000446
1665655200,4.50000446,4.50543919,4.48369997,4.49728695
1665657000,4.49728695,4.53261314,4.49728695,4.52989563
1665658800,4.52989563,4.53261314,4.5081567,4.52174368
1665660600,4.52174368,4.53533065,4.51359143,4.52174368
1665662400,4.52174368,4.54620012,4.50543919,4.5244609
1665664200,4.52717841,4.55163485,4.48369997,4.51087392
1665666000,4.51087392,4.5244609,4.48369997,4.51359143
1665667800,4.51359143,4.64674369,4.50272168,4.63587422
1665669600,4.64130896,4.76630897,4.63859145,4.7038091
1665671400,4.7010916,4.79891766,4.69293935,4.74456975
1665673200,4.74185253,4.75000477,4.74185253,4.75000477
1665729000,4.78533068,4.78533068,4.78533068,4.78533068
1665730800,4.78804819,4.83424385,4.73913502,4.76630897
1665732600,4.76359174,4.78261345,4.71467857,4.72283081
1665734400,4.72011331,4.75000477,4.69837409,4.74185253
1665736200,4.73641779,4.75272199,4.7010916,4.70652633
1665738000,4.70652633,4.71467857,4.66304818,4.7038091
1665739800,4.7010916,4.72011331,4.69293935,4.7038091
1665741600,4.7038091,4.7173958,4.7010916,4.71467857
1665743400,4.71196106,4.73098277,4.7010916,4.72011331
1665745200,4.72011331,4.75272199,4.71467857,4.72554804
1665747000,4.72554804,4.74185253,4.71467857,4.72283081
1665748800,4.72283081,4.73913502,4.71467857,4.7173958
1665750600,4.72011331,4.74456975,4.71467857,4.74185253
1665752400,4.74185253,4.77989595,4.73370028,4.76630897
1665754200,4.76902648,4.7717437,4.70652633,4.72554804
1665756000,4.72554804,4.72554804,4.69022213,4.7010916
1665757800,4.7010916,4.70652633,4.65761316,4.65761316
1665759600,4.65761316,4.65761316,4.65761316,4.65761316
1665988200,4.59239578,4.59239578,4.59239578,4.59239578
1665990000,4.58967856,4.59239578,4.45652602,4.55435236
1665991800,4.55435236,4.56250461,4.4728305,4.49728695
1665993600,4.49456972,4.53533065,4.49185221,4.52717841
1665995400,4.52717841,4.55435236,4.51630866,4.5244609
1665997200,4.5244609,4.67120013,4.51902617,4.6304392
1665999000,4.6304392,4.65489593,4.59511329,4.62228725
1666000800,4.62228725,4.64130896,4.60326525,4.60326525
1666002600,4.60598276,4.61956974,4.57880881,4.58152632
1666004400,4.58424354,4.59783052,4.55435236,4.5597871
1666006200,4.5597871,4.58967856,4.55706959,4.58152632
1666008000,4.58424354,4.58424354,4.55435236,4.57609158
1666009800,4.57609158,4.58424354,4.56522183,4.57609158
1666011600,4.57609158,4.57880881,4.55163485,4.57609158
1666013400,4.57609158,4.63859145,4.57337407,4.62228725
1666015200,4.62228725,4.6494612,4.58967856,4.60054803
1666017000,4.60054803,4.60598276,4.57337407,4.58152632
1666018800,4.57065656,4.57065656,4.57065656,4.57065656
1666074600,4.57337407,4.57337407,4.57337407,4.57337407
1666076400,4.57609158,4.61685223,4.51630866,4.58424354
1666078200,4.58696105,4.73641779,4.58152632,4.72283081
1666080000,4.72011331,4.76087424,4.66304818,4.72011331
1666081800,4.72011331,4.72283081,4.6657654,4.68750462
1666083600,4.68750462,4.71196106,4.67391764,4.68750462
1666085400,4.68750462,4.69022213,4.62228725,4.63859145
1666087200,4.63859145,4.65217842,4.63587422,4.64402618
1666089000,4.64402618,4.66033067,4.63859145,4.65217842
1666090800,4.65217842,4.65489593,4.61956974,4.62772198
1666092600,4.62772198,4.64674369,4.61956974,4.62500447
1666094400,4.62500447,4.63315671,4.58424354,4.60870027
1666096200,4.61141749,4.6494612,4.60870027,4.63587422
1666098000,4.6304392,4.63315671,4.57880881,4.61685223
1666099800,4.61956974,4.65489593,4.60598276,4.614135
1666101600,4.61685223,4.64402618,4.60598276,4.62500447
1666103400,4.62500447,4.68206989,4.59239578,4.6494612
1666105200,4.6657654,4.6657654,4.6657654,4.6657654
1666161000,4.6657654,4.6657654,4.6657654,4.6657654
1666162800,4.66304818,4.71196106,4.61956974,4.65761316
1666164600,4.65489593,4.69293935,4.62772198,4.65217842
1666166400,4.6494612,4.67391764,4.63859145,4.64402618
1666168200,4.64130896,4.65761316,4.63587422,4.64674369
1666170000,4.64674369,4.65489593,4.63315671,4.64402618
1666171800,4.64402618,4.65489593,4.63315671,4.64130896
1666173600,4.63859145,4.64130896,4.62228725,4.64130896
1666175400,4.64130896,4.64674369,4.6304392,4.64130896
1666177200,4.63859145,4.67663515,4.63859145,4.66033067
1666179000,4.66033067,4.6657654,4.63315671,4.64130896
1666180800,4.64130896,4.6494612,4.61685223,4.63859145
1666182600,4.63587422,4.64402618,4.62228725,4.6304392
1666184400,4.6304392,4.64402618,4.61956974,4.63859145
1666186200,4.64130896,4.65217842,4.62228725,4.62772198
1666188000,4.62500447,4.6304392,4.61956974,4.62772198
1666189800,4.62772198,4.62772198,4.59239578,4.60598276
1666191600,4.60326525,4.61141749,4.60326525,4.61141749
1666247400,4.61141749,4.61141749,4.61141749,4.61141749
1666249200,4.60870027,4.60870027,4.53261314,4.55435236
1666251000,4.55435236,4.57880881,4.54891763,4.57880881
1666252800,4.57609158,4.59783052,4.56522183,4.58696105
1666254600,4.58696105,4.65217842,4.58152632,4.62772198
1666256400,4.62772198,4.64130896,4.60870027,4.60870027
1666258200,4.60870027,4.65761316,4.60598276,4.6494612
1666260000,4.6494612,4.66304818,4.61956974,4.63859145
1666261800,4.63859145,4.65217842,4.63315671,4.64130896
1666263600,4.64130896,4.7010916,4.63315671,4.67391764
1666265400,4.67391764,4.69293935,4.66033067,4.69022213
1666267200,4.69022213,4.7010916,4.6657654,4.67120013
1666269000,4.67120013,4.69837409,4.66304818,4.66848291
1666270800,4.66848291,4.67935238,4.64674369,4.6494612
1666272600,4.6494612,4.66848291,4.60598276,4.62228725
1666274400,4.61956974,4.64402618,4.61685223,4.62772198
1666276200,4.6304392,4.64674369,4.614135,4.63315671
1666278000,4.63315671,4.63315671,4.63315671,4.63315671
1666333800,4.63315671,4.63315671,4.63315671,4.63315671
1666335600,4.63315671,4.69022213,4.59511329,4.67935238
1666337400,4.67935238,4.75815673,4.67663515,4.72283081
1666339200,4.72011331,4.73370028,4.68478711,4.72011331
1666341000,4.72011331,4.80978741,4.71467857,4.80978741
1666342800,4.80978741,4.86413531,4.80435267,4.84783083
1666344600,4.84783083,4.85054834,4.80978741,4.82880912
1666346400,4.83152634,4.83967859,4.80435267,4.82065687
1666348200,4.82337438,4.8614178,4.80978741,4.84783083
1666350000,4.84783083,4.86413531,4.81793965,4.83152634
1666351800,4.83152634,4.83696136,4.81522214,4.83152634
1666353600,4.83152634,4.85326556,4.80978741,4.81250463
1666355400,4.81250463,4.82337438,4.77446121,4.78261345
1666357200,4.78533068,4.83696136,4.78261345,4.82065687
1666359000,4.82337438,4.86957005,4.80978741,4.8614178
1666360800,4.8614178,5.09511363,4.85326556,5.08696139
1666362600,5.0896789,5.09511363,4.97283084,5.05707021
1666364400,5.05707021,5.06250494,5.05707021,5.06250494
1666593000,5.06793968,5.06793968,5.06793968,5.06793968
1666594800,5.07065719,5.33152696,4.99728757,5.29348354
1666596600,5.29348354,5.29891828,5.1956572,5.20380944
1666598400,5.20109193,5.22826589,5.0896789,5.13859207
1666600200,5.13859207,5.24185286,5.13587456,5.24185286
1666602000,5.24185286,5.27717906,5.21739642,5.23913564
1666603800,5.24185286,5.29891828,5.23913564,5.29891828
1666605600,5.29620077,5.29891828,5.27446183,5.29076603
1666607400,5.29076603,5.41033131,5.28804881,5.39674434
1666609200,5.39402711,5.42935302,5.35870092,5.3750054
1666611000,5.3750054,5.40761409,5.3750054,5.38587487
1666612800,5.38587487,5.4266358,5.37772263,5.42391829
1666614600,5.4266358,5.46739673,5.40761409,5.41033131
1666616400,5.41576605,5.44565751,5.3913096,5.44022278
1666618200,5.44565751,5.48913595,5.42120107,5.46739673
1666620000,5.461962,5.51087488,5.40217936,5.44022278
1666621800,5.44022278,5.50544015,5.4266358,5.461962
1666623600,5.461962,5.461962,5.43478804,5.43478804
1666679400,5.43478804,5.43478804,5.43478804,5.43478804
1666681200,5.44022278,5.70109255,5.43478804,5.66848387
1666683000,5.66848387,5.82065783,5.65217938,5.78261441
1666684800,5.78804915,5.86413627,5.73370124,5.84239705
1666686600,5.84239705,5.86957101,5.8152231,5.85326652
1666688400,5.85326652,5.85326652,5.72826651,5.75544046
1666690200,5.76087519,5.76630993,5.63587518,5.73913597
1666692000,5.73913597,5.75000573,5.69022309,5.72826651
1666693800,5.73370124,5.76087519,5.72283177,5.76087519
1666695600,5.76087519,5.76087519,5.68478807,5.68478807
1666697400,5.69022309,5.69022309,5.57065752,5.66304913
1666699200,5.66848387,5.68478807,5.55978806,5.61413596
1666701000,5.6195707,5.63044045,5.44565751,5.55435332
1666702800,5.55978806,5.65217938,5.54348357,5.62500543
1666704600,5.62500543,5.75000573,5.58696201,5.73370124
1666706400,5.73370124,5.73913597,5.6739186,5.69022309
1666708200,5.69022309,5.71739704,5.61413596,5.69565782
1666710000,5.70109255,5.70652729,5.70109255,5.70652729
1666765800,5.71739704,5.71739704,5.71739704,5.71739704
1666767600,5.71739704,5.92391891,5.71739704,5.75544046
1666769400,5.75000573,5.79891861,5.57065752,5.69565782
1666771200,5.70109255,5.75544046,5.65217938,5.69022309
1666773000,5.68478807,5.73913597,5.65217938,5.73913597
1666774800,5.73913597,5.76087519,5.69022309,5.76087519
1666776600,5.76087519,5.76087519,5.69565782,5.71739704
1666778400,5.71739704,5.74457099,5.70109255,5.72283177
1666780200,5.72826651,5.72826651,5.67935334,5.68478807
1666782000,5.68478807,5.73370124,5.67935334,5.72283177
1666783800,5.72283177,5.72826651,5.68478807,5.69565782
1666785600,5.69565782,5.71196202,5.66304913,5.69022309
1666787400,5.69022309,5.69022309,5.65761412,5.68478807
1666789200,5.68478807,5.69022309,5.63587518,5.66848387
1666791000,5.66304913,5.67935334,5.63587518,5.64130991
1666792800,5.63587518,5.68478807,5.63044045,5.6739186
1666794600,5.66848387,5.6739186,5.63587518,5.66304913
1666796400,5.66304913,5.66304913,5.66304913,5.66304913
1666852200,5.66848387,5.66848387,5.66848387,5.66848387
1666854000,5.6739186,5.74457099,5.55978806,5.67935334
1666855800,5.67935334,5.70109255,5.60326649,5.60870123
1666857600,5.60870123,5.65217938,5.57065752,5.64674465
1666859400,5.64674465,5.68478807,5.63044045,5.65761412
1666861200,5.65217938,5.65761412,5.62500543,5.63587518
1666863000,5.63587518,5.64130991,5.60326649,5.60870123
1666864800,5.61413596,5.63044045,5.60326649,5.60870123
1666866600,5.61413596,5.63044045,5.59783148,5.60870123
1666868400,5.60326649,5.6195707,5.59783148,5.6195707
1666870200,5.6195707,5.63044045,5.60870123,5.61413596
1666872000,5.61413596,5.6195707,5.56522279,5.59239674
1666873800,5.59239674,5.60870123,5.58152727,5.59783148
1666875600,5.60326649,5.63044045,5.58152727,5.59239674
1666877400,5.59239674,5.59783148,5.55435332,5.55978806
1666879200,5.55435332,5.58152727,5.54348357,5.54891859
1666881000,5.54348357,5.64130991,5.53804884,5.6195707
1666882800,5.64674465,5.64674465,5.64674465,5.64674465
1666938600,5.64674465,5.64674465,5.64674465,5.64674465
1666940400,5.65217938,5.89674496,5.57065752,5.84239705
1666942200,5.84783179,5.88044047,5.73370124,5.82065783
1666944000,5.82609257,5.97283208,5.8152231,5.89674496
1666945800,5.90217969,5.91304916,5.83696232,5.87500574
1666947600,5.87500574,5.94022311,5.83152759,5.91848418
1666949400,5.91848418,5.94022311,5.91848418,5.94022311
1667197800,5.94565813,5.94565813,5.94565813,5.94565813
1667199600,5.95109287,6.26087582,5.95109287,6.26087582
1667201400,6.26087582,6.35326714,6.2391366,6.27718002
1667203200,6.27718002,6.35326714,6.21196264,6.34239767
1667205000,6.35326714,6.4510932,6.34239767,6.44022374
1667206800,6.44565847,6.46739769,6.3967453,6.434789
1667208600,6.434789,6.45652822,6.36957134,6.39131056
1667210400,6.39131056,6.42935427,6.38587583,6.40761505
1667212200,6.41304978,6.46739769,6.40218031,6.45652822
1667214000,6.45652822,6.47283242,6.40218031,6.45652822
1667215800,6.45652822,6.46196295,6.41304978,6.42391925
1667217600,6.42391925,6.46739769,6.41304978,6.4510932
1667219400,6.4510932,6.53261506,6.44022374,6.52174559
1667221200,6.51631086,6.52174559,6.47826716,6.51631086
1667223000,6.51631086,6.53261506,6.49457164,6.53261506
1667224800,6.53261506,6.53261506,6.52174559,6.53261506
1667226600,6.53261506,6.53261506,6.53261506,6.53261506
1667228400,6.53261506,6.53261506,6.53261506,6.53261506
1667284200,6.65761536,6.65761536,6.65761536,6.65761536
1667286000,6.66305009,7.09239832,6.63044141,7.0706591
1667287800,7.0706591,7.08152857,6.96739803,7.05435462
1667289600,7.05978964,7.14674623,7.04348515,7.13044174
1667291400,7.12500701,7.13587648,7.03805042,7.0706591
1667293200,7.07609384,7.10326779,7.06522437,7.09239832
1667295000,7.09239832,7.11957228,7.09239832,7.10326779
1667296800,7.10326779,7.10870252,6.65761536,6.85326748
1667298600,6.85326748,6.95652856,6.65761536,6.9293546
1667300400,6.93478934,7.02174593,6.90218065,7.01087646
1667302200,7.01087646,7.02718095,6.94022407,6.99457198
1667304000,6.99457198,7.04348515,6.98370251,7.000007
1667305800,7.000007,7.04348515,6.94565909,7.00544173
1667307600,7.01087646,7.01087646,6.93478934,6.97826778
1667309400,6.97283304,7.06522437,6.96739803,7.05435462
1667311200,7.05435462,7.05435462,6.95652856,7.0163112
1667313000,7.0163112,7.16848516,6.96196329,7.11957228
1667314800,7.14674623,7.14674623,7.14674623,7.14674623
1667370600,7.06522437,7.06522437,7.06522437,7.06522437
1667372400,7.05978964,7.06522437,6.71196298,6.95109382
1667374200,6.95109382,6.95652856,6.717398,6.75544142
1667376000,6.75544142,6.93478934,6.75544142,6.9293546
1667377800,6.9293546,6.97826778,6.90218065,6.94565909
1667379600,6.94565909,6.95109382,6.89131118,6.91848514
1667381400,6.9130504,6.91848514,6.86957197,6.90218065
1667383200,6.89674592,6.90218065,6.84783275,6.86413723
1667385000,6.86413723,6.89674592,6.85326748,6.89131118
1667386800,6.89131118,6.93478934,6.86957197,6.9293546
1667388600,6.92391987,6.94022407,6.89131118,6.90761539
1667390400,6.90218065,6.92391987,6.86957197,6.91848514
1667392200,6.9130504,6.9293546,6.8587025,6.8750067
1667394000,6.8750067,6.89674592,6.84783275,6.86957197
1667395800,6.8750067,6.90218065,6.84783275,6.8750067
1667397600,6.8750067,6.8750067,6.79891986,6.80435459
1667399400,6.80435459,6.84783275,6.77718064,6.84239801
1667401200,6.83696328,6.86957197,6.83152854,6.86957197
1667457000,6.8587025,6.8587025,6.8587025,6.8587025
1667458800,6.85326748,6.8587025,6.56522375,6.72283273
1667460600,6.72283273,6.74457195,6.68478931,6.70652825
1667462400,6.70652825,6.92391987,6.69022405,6.91848514
1667464200,6.92391987,7.28261571,6.9130504,7.18478965
1667466000,7.18478965,7.33696362,7.13044174,7.30978966
1667467800,7.30978966,7.44022469,7.28805073,7.41305074
1667469600,7.41305074,7.42935523,7.33696362,7.36957259
1667471400,7.36957259,7.41848547,7.30978966,7.38587679
1667473200,7.38587679,7.40218127,7.35870283,7.38044205
1667475000,7.38044205,7.41848547,7.36413757,7.40761601
1667476800,7.40761601,7.42392021,7.34783337,7.38044205
1667478600,7.38044205,7.41848547,7.31522468,7.41305074
1667480400,7.41305074,7.47826811,7.39674626,7.47283338
1667482200,7.47283338,7.52174655,7.46739865,7.5108768
1667484000,7.51631182,7.51631182,7.44565943,7.5108768
1667485800,7.50544207,7.55435524,7.30978966,7.40218127
1667487600,7.38587679,7.38587679,7.38587679,7.38587679
1667543400,7.40218127,7.40218127,7.40218127,7.40218127
1667545200,7.40761601,7.87500766,7.40218127,7.77174686
1667547000,7.77174686,7.7934858,7.73370316,7.77174686
1667548800,7.76631185,7.81522502,7.72283369,7.7771816
1667550600,7.78261633,7.9184861,7.7771816,7.90218161
1667552400,7.90761634,7.95109478,7.88044239,7.89131214
1667554200,7.89674688,7.91305136,7.82609477,7.89674688
1667556000,7.90218161,7.92935556,7.88044239,7.88587741
1667557800,7.88587741,7.88587741,7.82065975,7.83696424
1667559600,7.8315295,7.84239897,7.7934858,7.82065975
1667561400,7.82065975,7.85326872,7.78805106,7.84239897
1667563200,7.84239897,7.89131214,7.8315295,7.86413819
1667565000,7.86413819,7.86413819,7.80979028,7.86413819
1667566800,7.85870346,7.90218161,7.8478337,7.86413819
1667568600,7.85870346,7.97826874,7.8478337,7.90218161
1667570400,7.89674688,7.9184861,7.85326872,7.90761634
1667572200,7.90761634,7.94022532,7.80979028,7.8478337
1667574000,7.8478337,7.8478337,7.79892082,7.79892082
1667802600,7.77174686,7.77174686,7.77174686,7.77174686
1667804400,7.77174686,7.77174686,7.38587679,7.57609446
1667806200,7.57065973,7.95652952,7.56522471,7.95652952
1667808000,7.95109478,8.15761666,7.88044239,7.9891382
1667809800,7.9891382,8.01631216,7.92392083,8.01631216
1667811600,8.01631216,8.04348611,7.98370347,7.99457294
1667813400,8.00000796,8.00544269,7.9347903,7.96739927
1667815200,7.96196425,7.99457294,7.81522502,7.85326872
1667817000,7.85326872,7.87500766,7.65761632,7.82609477
1667818800,7.82609477,7.84239897,7.75544238,7.80435555
1667820600,7.80435555,7.80979028,7.72283369,7.79892082
1667822400,7.79892082,7.80979028,7.76631185,7.80979028
1667824200,7.80979028,7.86413819,7.78805106,7.80979028
1667826000,7.80979028,7.83696424,7.71739896,7.76087711
1667827800,7.76631185,7.76631185,7.64674657,7.690225
1667829600,7.690225,7.77174686,7.67392052,7.67392052
1667831400,7.67935525,7.73913818,7.62500735,7.690225
1667833200,7.690225,7.690225,7.68479027,7.68479027
1667889000,7.68479027,7.68479027,7.68479027,7.68479027
1667890800,7.690225,7.76631185,7.44565943,7.60326841
1667892600,7.60870315,7.6358771,7.52718129,7.53261602
1667894400,7.53261602,7.60870315,7.52174655,7.60870315
1667896200,7.60870315,7.61413788,7.53805075,7.54892051
1667898000,7.54892051,7.54892051,7.47283338,7.48370313
1667899800,7.48370313,7.48913787,7.44565943,7.47283338
1667901600,7.47283338,7.50000733,7.44565943,7.46739865
1667903400,7.46739865,7.50000733,7.45652918,7.47826811
1667905200,7.47826811,7.72283369,7.46739865,7.66305105
1667907000,7.65761632,7.72283369,7.54892051,7.59239866
1667908800,7.59239866,7.60870315,7.48370313,7.53805075
1667910600,7.53805075,7.57065973,7.52174655,7.55978997
1667912400,7.56522471,7.60870315,7.53261602,7.58152919
1667914200,7.58152919,7.64131183,7.55978997,7.58696393
1667916000,7.58152919,7.60326841,7.5108768,7.57065973
1667917800,7.57065973,7.58152919,7.54892051,7.55978997
1667919600,7.55978997,7.55978997,7.55978997,7.55978997
1667975400,7.55978997,7.55978997,7.55978997,7.55978997
1667977200,7.55978997,7.88044239,7.55978997,7.76631185
1667979000,7.76631185,7.77174686,7.690225,7.71196422
1667980800,7.71196422,7.76631185,7.64131183,7.75544238
1667982600,7.76087711,7.7934858,7.73370316,7.7934858
1667984400,7.7934858,7.79892082,7.74457291,7.77174686
1667986200,7.7771816,7.78261633,7.75000764,7.75000764
1667988000,7.75544238,7.77174686,7.74457291,7.76631185
1667989800,7.76631185,7.77174686,7.74457291,7.75000764
1667991600,7.74457291,7.78805106,7.74457291,7.76631185
1667993400,7.76631185,7.77174686,7.74457291,7.74457291
1667995200,7.75000764,7.76087711,7.70109447,7.70109447
1667997000,7.70652921,7.70652921,7.64131183,7.67935525
1667998800,7.67392052,7.68479027,7.55978997,7.57609446
1668000600,7.57065973,7.68479027,7.56522471,7.61957261
1668002400,7.60870315,7.64131183,7.60870315,7.6358771
1668004200,7.62500735,7.73370316,7.61413788,7.69565974
1668006000,7.70109447,7.70109447,7.67935525,7.67935525
1668061800,7.69565974,7.69565974,7.69565974,7.69565974
1668063600,7.69565974,7.79892082,7.60870315,7.64131183
1668065400,7.6358771,7.66848579,7.60870315,7.65761632
1668067200,7.64674657,7.71196422,7.61413788,7.64131183
1668069000,7.6358771,7.74457291,7.63044236,7.72283369
1668070800,7.72283369,7.9347903,7.66305105,7.82609477
1668072600,7.8315295,7.83696424,7.77174686,7.82065975
1668074400,7.82065975,7.85326872,7.80435555,7.83696424
1668076200,7.8315295,7.83696424,7.74457291,7.76087711
1668078000,7.76087711,7.82609477,7.75544238,7.80435555
1668079800,7.81522502,7.83696424,7.77174686,7.7771816
1668081600,7.78261633,7.7934858,7.75000764,7.78261633
1668083400,7.7771816,7.82065975,7.77174686,7.79892082
1668085200,7.79892082,7.79892082,7.76087711,7.76087711
1668087000,7.76631185,7.86957292,7.76087711,7.85870346
1668088800,7.86413819,7.87500766,7.75544238,7.80435555
1668090600,7.80979028,7.82065975,7.74457291,7.7771816
1668092400,7.7771816,7.7771816,7.7771816,7.7771816
1668148200,8.09783402,8.09783402,8.09783402,8.09783402
1668150000,8.09783402,8.23370378,8.01631216,8.10326875
1668151800,8.10326875,8.14674719,8.02174689,8.04348611
1668153600,8.04892084,8.05435586,7.95652952,7.99457294
1668155400,8.00000796,8.03805138,7.9891382,8.01631216
1668157200,8.01631216,8.04348611,8.00000796,8.02174689
1668159000,8.01631216,8.02174689,7.99457294,8.01087742
1668160800,8.00544269,8.02718191,8.00000796,8.02174689
1668162600,8.01631216,8.08696455,8.01631216,8.04892084
1668164400,8.04892084,8.05435586,8.02718191,8.03805138
1668166200,8.03805138,8.04892084,8.02174689,8.04348611
1668168000,8.04348611,8.04892084,7.94022532,7.98370347
1668169800,7.97826874,8.04348611,7.96196425,8.01631216
1668171600,8.01631216,8.04348611,7.9891382,8.02718191
1668173400,8.02174689,8.04348611,7.96196425,7.972834
1668175200,7.97826874,8.01087742,7.95109478,7.96196425
1668177000,7.96196425,7.99457294,7.88587741,7.98370347
1668178800,7.9891382,7.99457294,7.9891382,7.99457294
1668407400,7.99457294,7.99457294,7.99457294,7.99457294
1668409200,8.00000796,8.3967475,7.9184861,8.30979091
1668411000,8.30979091,8.31522564,8.2717472,8.30435589
1668412800,8.30435589,8.36957355,8.27718193,8.36957355
1668414600,8.36957355,8.38587775,8.30435589,8.35326906
1668416400,8.35326906,8.35870379,8.31522564,8.34239959
1668418200,8.34783433,8.34783433,8.31522564,8.34239959
1668420000,8.33696457,8.36957355,8.32609511,8.34239959
1668421800,8.34239959,8.36957355,8.32609511,8.35326906
1668423600,8.35870379,8.36957355,8.34239959,8.35870379
1668425400,8.35870379,8.36413853,8.32609511,8.34783433
1668427200,8.34783433,8.34783433,8.32609511,8.33696457
1668429000,8.33152984,8.35326906,8.32609511,8.33152984
1668430800,8.33152984,8.34239959,8.32609511,8.33152984
1668432600,8.32609511,8.33696457,8.31522564,8.33152984
1668434400,8.32609511,8.34239959,8.31522564,8.31522564
1668436200,8.32066037,8.38587775,8.31522564,8.38044301
1668438000,8.38587775,8.38587775,8.38587775,8.38587775
1668493800,8.45109512,8.45109512,8.45109512,8.45109512
1668495600,8.45653014,9.0326176,8.45109512,8.96740023
1668497400,8.96196521,9.13044366,8.94566101,9.05435682
1668499200,9.04348707,9.07609575,8.66305201,8.90218257
1668501000,8.89674784,8.95653048,8.84783466,8.91848706
1668502800,8.91848706,8.92935652,8.77174782,8.8913131
1668504600,8.8913131,9.00544365,8.8913131,8.96740023
1668506400,8.96740023,9.00000891,8.95109574,8.97826969
1668508200,8.97826969,9.09240024,8.96740023,9.0326176
1668510000,9.0326176,9.07066102,9.00000891,9.04348707
1668511800,9.0489218,9.07066102,8.98370443,9.01631312
1668513600,9.02174785,9.08153077,9.01087838,9.07066102
1668515400,9.06522629,9.13044366,9.05435682,9.12500893
1668517200,9.11957419,9.20653079,9.10870473,9.19566132
1668519000,9.1902263,9.22283527,9.1902263,9.22283527
1668520800,9.22283527,9.22283527,9.16305235,9.22283527
1668522600,9.22283527,9.22283527,9.22283527,9.22283527
1668524400,9.22283527,9.22283527,9.22283527,9.22283527
1668580200,9.5978356,9.5978356,9.5978356,9.5978356
1668582000,9.60327033,10.00000987,9.60327033,9.94566197
1668583800,9.94566197,10.07609671,9.89131406,10.04892305
1668585600,10.04892305,10.05435778,9.82609669,9.97827065
1668587400,9.97283592,10.05979251,9.96740119,10.05435778
1668589200,10.05435778,10.0924012,10.03805329,10.06522725
1668591000,10.06522725,10.10870569,10.05435778,10.10327067
1668592800,10.10327067,10.13587964,10.09783593,10.13044462
1668594600,10.13044462,10.14131437,10.12500989,10.14131437
1668596400,10.14131437,10.14131437,9.78261825,10.04348803
1668598200,10.04892305,10.07609671,10.02718383,10.05979251
1668600000,10.05979251,10.06522725,9.5978356,9.98914012
1668601800,9.98914012,10.00000987,9.65761824,9.88587933
1668603600,9.88587933,9.99457514,9.8097922,9.92392275
1668605400,9.92935748,10.10870569,9.90761855,10.08153173
1668607200,10.08696647,10.14131437,10.04348803,10.04348803
1668609000,10.04892305,10.14131437,9.94566197,10.11414042
1668610800,10.10327067,10.12500989,10.08696647,10.12500989
1668666600,10.17935779,10.17935779,10.17935779,10.17935779
1668668400,10.17935779,10.27718414,9.18479157,9.18479157
1668670200,9.11413946,9.17935683,9.11413946,9.11413946
1668672000,9.11413946,9.11413946,9.11413946,9.11413946
1668673800,9.11413946,9.11413946,9.11413946,9.11413946
1668675600,9.11413946,9.11413946,9.11413946,9.11413946
1668677400,9.11413946,9.11413946,9.11413946,9.11413946
1668679200,9.11413946,9.11413946,9.11413946,9.11413946
1668681000,9.11413946,9.11413946,9.11413946,9.11413946
1668682800,9.11413946,9.11413946,9.11413946,9.11413946
1668684600,9.11413946,9.11413946,9.11413946,9.11413946
1668686400,9.11413946,9.11413946,9.11413946,9.11413946
1668688200,9.11413946,9.11413946,9.11413946,9.11413946
1668690000,9.11413946,9.11413946,9.11413946,9.11413946
1668691800,9.11413946,9.11413946,9.11413946,9.11413946
1668693600,9.11413946,9.11413946,9.11413946,9.11413946
1668695400,9.11413946,9.11413946,9.11413946,9.11413946
1668697200,9.11413946,9.11413946,9.11413946,9.11413946
1668753000,8.20652983,8.20652983,8.20652983,8.20652983
1668754800,8.20652983,8.20652983,8.20652983,8.20652983
1668756600,8.20652983,8.20652983,8.20652983,8.20652983
1668758400,8.20652983,8.20652983,8.20652983,8.20652983
1668760200,8.20652983,8.20652983,8.20652983,8.20652983
1668762000,8.20652983,8.20652983,8.20652983,8.20652983
1668763800,8.20652983,8.20652983,8.20652983,8.20652983
1668765600,8.20652983,8.20652983,8.20652983,8.20652983
1668767400,8.20652983,8.20652983,8.20652983,8.20652983
1668769200,8.20652983,8.20652983,8.20652983,8.20652983
1668771000,8.20652983,8.20652983,8.20652983,8.20652983
1668772800,8.20652983,8.20652983,8.20652983,8.20652983
1668774600,8.20652983,8.20652983,8.20652983,8.20652983
1668776400,8.20652983,8.20652983,8.20652983,8.20652983
1668778200,8.20652983,8.20652983,8.20652983,8.20652983
1668780000,8.20652983,8.20652983,8.20652983,8.20652983
1668781800,8.20652983,8.20652983,8.20652983,8.20652983
1668783600,8.20652983,8.20652983,8.20652983,8.20652983
1669012200,7.38587679,7.38587679,7.38587679,7.38587679
1669014000,7.38587679,7.38587679,7.38587679,7.38587679
1669015800,7.38587679,7.38587679,7.38587679,7.38587679
1669017600,7.38587679,7.38587679,7.38587679,7.38587679
1669019400,7.38587679,7.38587679,7.38587679,7.38587679
1669021200,7.38587679,7.38587679,7.38587679,7.38587679
1669023000,7.38587679,7.38587679,7.38587679,7.38587679
1669024800,7.38587679,7.38587679,7.38587679,7.38587679
1669026600,7.38587679,7.38587679,7.38587679,7.38587679
1669028400,7.38587679,7.38587679,7.38587679,7.38587679
1669030200,7.38587679,7.38587679,7.38587679,7.38587679
1669032000,7.38587679,7.38587679,7.38587679,7.38587679
1669033800,7.38587679,7.38587679,7.38587679,7.38587679
1669035600,7.38587679,7.38587679,7.38587679,7.38587679
1669037400,7.38587679,7.38587679,7.38587679,7.38587679
1669039200,7.38587679,7.38587679,7.38587679,7.38587679
1669041000,7.38587679,7.38587679,7.38587679,7.38587679
1669042800,7.38587679,7.38587679,7.38587679,7.38587679
1669098600,6.69022405,6.69022405,6.69022405,6.69022405
1669100400,6.69565878,8.0760948,6.68478931,8.01631216
1669102200,8.01087742,8.02718191,7.77174686,7.88044239
1669104000,7.88044239,7.92392083,7.85870346,7.91305136
1669105800,7.9184861,7.92935556,7.85870346,7.91305136
1669107600,7.91305136,7.91305136,7.83696424,7.89674688
1669109400,7.89674688,8.00000796,7.88587741,7.95109478
1669111200,7.95109478,8.1141385,7.94022532,8.06522533
1669113000,8.06522533,8.10326875,8.02174689,8.02718191
1669114800,8.03261664,8.11957323,8.02174689,8.06522533
1669116600,8.06522533,8.11957323,8.02718191,8.1141385
1669118400,8.1141385,8.11957323,8.09239928,8.11957323
1669120200,8.1141385,8.11957323,8.04892084,8.1141385
1669122000,8.1141385,8.11957323,8.10870348,8.11957323
1669123800,8.11957323,8.11957323,8.11957323,8.11957323
1669125600,8.11957323,8.11957323,8.11957323,8.11957323
1669127400,8.11957323,8.11957323,8.11957323,8.11957323
1669129200,8.11957323,8.11957323,8.11957323,8.11957323
1669185000,8.11957323,8.11957323,8.11957323,8.11957323
1669186800,8.12500797,8.69022596,8.11957323,8.45653014
1669188600,8.45653014,8.52718225,8.26087773,8.2717472
1669190400,8.2717472,8.27718193,7.71739896,7.7934858
1669192200,7.7934858,7.99457294,7.78261633,7.87500766
1669194000,7.87500766,7.9347903,7.77174686,7.7771816
1669195800,7.7771816,7.85326872,7.73370316,7.78805106
1669197600,7.78805106,7.79892082,7.72826843,7.73370316
1669199400,7.73370316,7.73370316,7.33152888,7.39674626
1669201200,7.39674626,7.71196422,7.38587679,7.66305105
1669203000,7.65761632,8.1304427,7.50000733,7.83696424
1669204800,7.8315295,7.84239897,7.73370316,7.79892082
1669206600,7.79892082,7.79892082,7.60870315,7.67935525
1669208400,7.67392052,7.74457291,7.52718129,7.66848579
1669210200,7.66848579,7.88044239,7.65761632,7.79892082
1669212000,7.7934858,8.04892084,7.7934858,8.02718191
1669213800,8.02174689,8.37500828,8.01631216,8.21196456
1669215600,8.21196456,8.21739929,8.21196456,8.21739929
1669271400,8.15218192,8.15218192,8.15218192,8.15218192
1669273200,8.14674719,8.15218192,7.78261633,7.82065975
1669275000,7.82609477,7.92935556,7.82065975,7.85326872
1669276800,7.85870346,7.92935556,7.8478337,7.86957292
1669278600,7.86957292,7.96196425,7.86413819,7.91305136
1669280400,7.90761634,7.96196425,7.89131214,7.9347903
1669282200,7.9347903,7.94566005,7.90218161,7.90761634
1669284000,7.90761634,7.95109478,7.90761634,7.95109478
1669285800,7.95109478,7.95109478,7.9184861,7.94022532
1669287600,7.94022532,8.01631216,7.92935556,8.01631216
1669289400,8.01087742,8.09783402,7.94022532,7.94566005
1669291200,7.94566005,7.99457294,7.88044239,7.90218161
1669293000,7.90761634,7.96739927,7.84239897,7.85326872
1669294800,7.85326872,7.85870346,7.74457291,7.74457291
1669296600,7.71739896,7.75000764,7.4945726,7.71739896
1669298400,7.71196422,7.76631185,7.68479027,7.75544238
1669300200,7.75544238,7.94566005,7.71739896,7.73370316
1669302000,7.73370316,7.73913818,7.73370316,7.73913818
1669357800,7.66305105,7.66305105,7.66305105,7.66305105
1669359600,7.66305105,7.66848579,7.14674623,7.14674623
1669361400,7.15218096,7.28261571,6.96739803,7.17392018
1669363200,7.17392018,7.25544204,7.12500701,7.14674623
1669365000,7.14674623,7.15218096,7.06522437,7.11957228
1669366800,7.11957228,7.22826809,7.11957228,7.2119636
1669368600,7.2119636,7.24457229,7.17392018,7.24457229
1669370400,7.24457229,7.2989202,7.22283307,7.2989202
1669372200,7.2989202,7.33696362,7.28261571,7.30435493
1669374000,7.2989202,7.44565943,7.29348546,7.36957259
1669375800,7.36957259,7.37500732,7.22826809,7.22826809
1669377600,7.23370282,7.28805073,7.22826809,7.25544204
1669379400,7.25000702,7.25544204,7.16848516,7.20109413
1669381200,7.20109413,7.25544204,7.20109413,7.25000702
1669383000,7.24457229,7.25000702,7.08696359,7.12500701
1669384800,7.12500701,7.17935492,6.97826778,7.00544173
1669386600,7.01087646,7.25000702,7.000007,7.06522437
1669388400,7.06522437,7.07609384,7.06522437,7.07609384
1669617000,7.01087646,7.01087646,7.01087646,7.01087646
1669618800,7.01087646,7.01087646,6.40761505,6.41848452
1669620600,6.41304978,6.42935427,6.36957134,6.36957134
1669622400,6.36957134,6.36957134,6.36957134,6.36957134
1669624200,6.36957134,6.36957134,6.36957134,6.36957134
1669626000,6.36957134,6.3967453,6.36957134,6.3967453
1669627800,6.3967453,6.86413723,6.39131056,6.8587025
1669629600,6.8587025,7.25000702,6.82609353,7.22826809
1669631400,7.23370282,7.34239863,6.92391987,7.16305043
1669633200,7.16305043,7.33152888,7.11413754,7.20109413
1669635000,7.19565912,7.26087677,7.17392018,7.2119636
1669636800,7.2119636,7.28805073,7.17935492,7.22283307
1669638600,7.22826809,7.23370282,7.10870252,7.17935492
1669640400,7.17935492,7.17935492,7.0706591,7.10326779
1669642200,7.09783306,7.2119636,7.09239832,7.18478965
1669644000,7.19022438,7.28805073,7.17392018,7.17935492
1669645800,7.17392018,7.32065941,7.16305043,7.16848516
1669647600,7.16848516,7.23370282,7.16848516,7.23370282
1669703400,7.04891988,7.04891988,7.04891988,7.04891988
1669705200,7.04348515,7.12500701,6.73913693,6.95652856
1669707000,6.96196329,6.96739803,6.70109351,6.70109351
1669708800,6.70109351,6.92391987,6.70109351,6.89674592
1669710600,6.89131118,7.14674623,6.8750067,7.14674623
1669712400,7.14674623,7.19022438,7.0706591,7.11957228
1669714200,7.12500701,7.26631151,7.11413754,7.17935492
1669716000,7.19565912,7.22283307,7.09239832,7.12500701
1669717800,7.12500701,7.25544204,7.10326779,7.23370282
1669719600,7.23370282,7.33696362,7.22283307,7.28261571
1669721400,7.28261571,7.30435493,7.1576157,7.19022438
1669723200,7.19022438,7.31522468,7.19022438,7.30978966
1669725000,7.30435493,7.39674626,7.29348546,7.32065941
1669726800,7.32609415,7.40761601,7.30435493,7.38044205
1669728600,7.38044205,7.57609446,7.3532681,7.53805075
1669730400,7.54348577,7.82065975,7.51631182,7.6521813
1669732200,7.6521813,7.67392052,7.46196391,7.50000733
1669734000,7.4945726,7.59783368,7.4945726,7.59783368
1669789800,6.84239801,6.84239801,6.84239801,6.84239801
1669791600,6.84783275,7.16848516,6.84239801,6.97826778
1669793400,6.97283304,6.97826778,6.84783275,6.90218065
1669795200,6.90761539,7.01087646,6.89131118,6.9293546
1669797000,6.9293546,6.93478934,6.85326748,6.86957197
1669798800,6.8750067,6.8750067,6.8587025,6.8587025
1669800600,6.86413723,6.86957197,6.84239801,6.84783275
1669802400,6.84783275,6.86413723,6.84239801,6.85326748
1669804200,6.84783275,6.85326748,6.84239801,6.84783275
1669806000,6.84783275,6.85326748,6.84239801,6.84239801
1669807800,6.84783275,6.85326748,6.84239801,6.84783275
1669809600,6.84239801,6.84783275,6.84239801,6.84239801
1669811400,6.84239801,6.85326748,6.84239801,6.85326748
1669813200,6.8587025,6.86957197,6.84239801,6.84783275
1669815000,6.84783275,6.85326748,6.84239801,6.84239801
1669816800,6.84239801,6.84783275,6.84239801,6.84783275
1669818600,6.84239801,6.85326748,6.84239801,6.84783275
1669820400,7.04891988,7.04891988,7.04891988,7.04891988
1669876200,7.00544173,7.00544173,7.00544173,7.00544173
1669878000,7.00544173,7.47283338,6.65761536,7.19022438
1669879800,7.19565912,7.25544204,7.04348515,7.2119636
1669881600,7.2119636,7.21739834,7.06522437,7.08696359
1669883400,7.08696359,7.17392018,7.06522437,7.1576157
1669885200,7.1576157,7.1576157,7.04891988,7.08152857
1669887000,7.08696359,7.11957228,7.04891988,7.05978964
1669888800,7.05978964,7.17392018,7.04891988,7.09239832
1669890600,7.09239832,7.21739834,7.05978964,7.06522437
1669892400,7.06522437,7.07609384,7.04891988,7.05435462
1669894200,7.04891988,7.06522437,7.04891988,7.04891988
1669896000,7.04891988,7.05978964,7.03261568,7.05435462
1669897800,7.04891988,7.05435462,7.000007,7.00544173
1669899600,7.00544173,7.0163112,7.00544173,7.00544173
1669901400,7.00544173,7.0163112,7.000007,7.00544173
1669903200,7.01087646,7.05978964,7.00544173,7.04891988
1669905000,7.04891988,7.06522437,7.03805042,7.04891988
1669906800,7.0706591,7.0706591,7.0706591,7.0706591
1669962600,7.01087646,7.01087646,7.01087646,7.01087646
1669964400,7.01087646,7.01087646,6.73913693,6.83152854
1669966200,6.83152854,6.84783275,6.75000669,6.75544142
1669968000,6.75000669,6.76087615,6.66305009,6.72283273
1669969800,6.717398,6.72826747,6.67391956,6.67391956
1669971600,6.67935429,6.67935429,6.63044141,6.63587614
1669973400,6.63044141,6.64674561,6.45652822,6.63044141
1669975200,6.63044141,6.63044141,6.45652822,6.48370189
1669977000,6.48913691,6.49457164,6.46739769,6.47826716
1669978800,6.47826716,6.48370189,6.46196295,6.47283242
1669980600,6.47283242,6.47826716,6.40218031,6.42391925
1669982400,6.434789,6.44565847,6.38587583,6.42935427
1669984200,6.42935427,6.7717459,6.42391925,6.68478931
1669986000,6.68478931,6.70652825,6.57065877,6.57065877
1669987800,6.56522375,6.58152823,6.46196295,6.50000637
1669989600,6.50000637,6.50000637,6.41304978,6.46739769
1669991400,6.46739769,6.52174559,6.40218031,6.51631086
1669993200,6.52174559,6.52174559,6.52174559,6.52174559
1670221800,6.44022374,6.44022374,6.44022374,6.44022374
1670223600,6.434789,6.44022374,5.89674496,6.03261472
1670225400,6.02717971,6.10870157,5.89674496,5.90217969
1670227200,5.90217969,5.90217969,5.86957101,5.86957101
1670229000,5.86957101,5.86957101,5.86957101,5.86957101
1670230800,5.86957101,5.86957101,5.86957101,5.86957101
1670232600,5.86957101,5.86957101,5.86957101,5.86957101
1670234400,5.86957101,5.86957101,5.86957101,5.86957101
1670236200,5.86957101,5.86957101,5.86957101,5.86957101
1670238000,5.86957101,5.86957101,5.86957101,5.86957101
1670239800,5.86957101,5.86957101,5.86957101,5.86957101
1670241600,5.86957101,5.86957101,5.86957101,5.86957101
1670243400,5.86957101,5.86957101,5.86957101,5.86957101
1670245200,5.86957101,5.86957101,5.86957101,5.86957101
1670247000,5.86957101,5.86957101,5.86957101,5.86957101
1670248800,5.86957101,5.86957101,5.86957101,5.86957101
1670250600,5.86957101,5.86957101,5.86957101,5.86957101
1670252400,5.86957101,5.86957101,5.86957101,5.86957101
1670308200,5.32880945,5.32880945,5.32880945,5.32880945
1670310000,5.33152696,5.54348357,5.28261379,5.28261379
1670311800,5.28261379,5.28261379,5.28261379,5.28261379
1670313600,5.28261379,5.28261379,5.28261379,5.28261379
1670315400,5.28261379,5.28261379,5.28261379,5.28261379
1670317200,5.28261379,6.25000606,5.28261379,6.05978868
1670319000,6.04891893,6.22283211,6.04891893,6.19022342
1670320800,6.19022342,6.3097887,6.17391922,6.30435397
1670322600,6.30435397,6.31522372,6.19565816,6.20109318
1670324400,6.19565816,6.20109318,6.12500605,6.13044078
1670326200,6.13587552,6.14131025,5.87500574,5.87500574
1670328000,5.87500574,6.0978321,5.86957101,6.07065814
1670329800,6.06522341,6.17935396,6.06522341,6.15218
1670331600,6.15218,6.1684842,6.07065814,6.0978321
1670333400,6.0978321,6.0978321,6.07609288,6.0978321
1670335200,6.0978321,6.25000606,6.09239736,6.24457133
1670337000,6.24457133,6.24457133,6.13044078,6.14674527
1670338800,6.15218,6.15218,6.15218,6.15218
1670394600,5.76630993,5.76630993,5.76630993,5.76630993
1670396400,5.76630993,6.00544077,5.59783148,5.8152231
1670398200,5.82065783,5.87500574,5.75544046,5.8152231
1670400000,5.8152231,5.86957101,5.80978837,5.85870154
1670401800,5.84239705,5.9565276,5.84239705,5.91304916
1670403600,5.91304916,5.97826682,5.89674496,5.97283208
1670405400,5.97283208,5.97826682,5.84239705,5.91848418
1670407200,5.91848418,6.00000575,5.89674496,5.98913629
1670409000,5.99457102,6.00544077,5.93478838,5.99457102
1670410800,6.00000575,6.13044078,5.99457102,6.10326683
1670412600,6.10326683,6.20109318,6.03804946,6.04348419
1670414400,6.04348419,6.04348419,5.89674496,5.90217969
1670416200,5.91848418,5.97826682,5.90761443,5.92935365
1670418000,5.92935365,5.97826682,5.76087519,5.92935365
1670419800,5.92935365,5.93478838,5.78804915,5.78804915
1670421600,5.78804915,5.83152759,5.73370124,5.76630993
1670423400,5.76630993,5.8152231,5.71196202,5.72826651
1670425200,5.70652729,5.70652729,5.70652729,5.70652729
1670481000,5.65217938,5.65217938,5.65217938,5.65217938
1670482800,5.65217938,5.8152231,5.461962,5.65217938
1670484600,5.65217938,5.75000573,5.63587518,5.73370124
1670486400,5.73370124,5.77174466,5.68478807,5.69022309
1670488200,5.69565782,5.69565782,5.59783148,5.60326649
1670490000,5.60326649,5.65217938,5.59783148,5.61413596
1670491800,5.6195707,5.63044045,5.5163099,5.52717937
1670493600,5.52717937,5.54891859,5.48370093,5.52717937
1670495400,5.53804884,5.65217938,5.52717937,5.59783148
1670497200,5.58696201,5.59783148,5.52717937,5.56522279
1670499000,5.55978806,5.66848387,5.55435332,5.65217938
1670500800,5.65217938,5.6739186,5.63587518,5.6739186
1670502600,5.66848387,5.70109255,5.66848387,5.70109255
1670504400,5.70109255,5.75544046,5.65761412,5.70109255
1670506200,5.70652729,5.73913597,5.60326649,5.70109255
1670508000,5.68478807,5.70109255,5.60326649,5.64674465
1670509800,5.64674465,5.68478807,5.57065752,5.6195707
1670511600,5.63044045,5.63044045,5.63044045,5.63044045
1670567400,5.63044045,5.63044045,5.63044045,5.63044045
1670569200,5.63044045,5.85870154,5.60326649,5.77717968
1670571000,5.77174466,5.9565276,5.73370124,5.85326652
1670572800,5.85326652,5.86957101,5.78804915,5.79891861
1670574600,5.79891861,5.84783179,5.78261441,5.78804915
1670576400,5.78804915,5.83696232,5.78261441,5.83152759
1670578200,5.83696232,5.84783179,5.8152231,5.83696232
1670580000,5.83696232,5.86957101,5.83152759,5.86957101
1670581800,5.86957101,5.86957101,5.84239705,5.86413627
1670583600,5.86413627,5.89674496,5.8152231,5.89131023
1670585400,5.89674496,5.90217969,5.82609257,5.84783179
1670587200,5.84783179,5.86957101,5.80435363,5.84783179
1670589000,5.84783179,5.86957101,5.83696232,5.84783179
1670590800,5.85326652,5.86413627,5.80435363,5.82609257
1670592600,5.82609257,6.19022342,5.80435363,6.19022342
1670594400,6.19022342,6.19022342,6.19022342,6.19022342
1670596200,6.19022342,6.19022342,6.19022342,6.19022342
1670598000,6.19022342,6.19022342,6.19022342,6.19022342
1670826600,6.40761505,6.40761505,6.40761505,6.40761505
1670828400,6.40218031,6.77718064,6.31522372,6.69565878
1670830200,6.69022405,6.70109351,6.57065877,6.65218034
1670832000,6.65218034,6.68478931,6.5923977,6.67391956
1670833800,6.67391956,6.7337022,6.66848483,6.72283273
1670835600,6.72283273,6.77718064,6.717398,6.7717459
1670837400,6.7717459,6.80435459,6.7717459,6.80435459
1670839200,6.80435459,6.80435459,6.80435459,6.80435459
1670841000,6.80435459,6.80435459,6.80435459,6.80435459
1670842800,6.80435459,6.80435459,6.80435459,6.80435459
1670844600,6.80435459,6.80435459,6.80435459,6.80435459
1670846400,6.80435459,6.80435459,6.80435459,6.80435459
1670848200,6.80435459,6.80435459,6.57065877,6.69022405
1670850000,6.69022405,6.80435459,6.67391956,6.79348484
1670851800,6.79348484,6.79891986,6.65761536,6.78261537
1670853600,6.78261537,6.80435459,6.76631089,6.80435459
1670855400,6.80435459,6.80435459,6.20652791,6.75000669
1670857200,6.74457195,6.74457195,6.74457195,6.74457195
1670913000,6.41304978,6.41304978,6.41304978,6.41304978
1670914800,6.41304978,6.68478931,6.25000606,6.50000637
1670916600,6.50000637,6.51087584,6.41848452,6.42391925
1670918400,6.42391925,6.49457164,6.33152792,6.4510932
1670920200,6.46196295,6.46739769,6.34783241,6.36957134
1670922000,6.36413661,6.40761505,6.36413661,6.40218031
1670923800,6.40218031,6.52174559,6.3967453,6.50000637
1670925600,6.50000637,6.54891955,6.47826716,6.53261506
1670927400,6.52718033,6.61413692,6.51631086,6.57065877
1670929200,6.54348481,6.57065877,6.52174559,6.52718033
1670931000,6.52174559,6.52718033,6.45652822,6.46196295
1670932800,6.45652822,6.48913691,6.44022374,6.4510932
1670934600,6.4510932,6.48913691,6.44022374,6.48370189
1670936400,6.48370189,6.55435428,6.47826716,6.54348481
1670938200,6.54891955,6.69565878,6.54348481,6.60870219
1670940000,6.60870219,6.61957165,6.52174559,6.57065877
1670941800,6.57065877,6.5760935,6.434789,6.49457164
1670943600,6.49457164,6.49457164,6.49457164,6.49457164
1670999400,6.46196295,6.46196295,6.46196295,6.46196295
1671001200,6.46196295,6.46196295,6.27718002,6.30435397
1671003000,6.3097887,6.3097887,6.15761474,6.21739738
1671004800,6.21739738,6.22826684,6.14131025,6.19565816
1671006600,6.19022342,6.22283211,6.19022342,6.21196264
1671008400,6.20652791,6.21196264,6.17935396,6.18478869
1671010200,6.18478869,6.21196264,6.17391922,6.20652791
1671012000,6.21196264,6.25000606,6.20652791,6.22283211
1671013800,6.22283211,6.22283211,6.14131025,6.14674527
1671015600,6.14674527,6.15761474,6.08152761,6.10870157
1671017400,6.10870157,6.19565816,6.09239736,6.13587552
1671019200,6.13587552,6.14131025,6.0978321,6.10326683
1671021000,6.0978321,6.14131025,5.98913629,6.14131025
1671022800,6.13587552,6.21739738,6.1141363,6.21196264
1671024600,6.21739738,6.25000606,6.15218,6.17391922
1671026400,6.17391922,6.18478869,6.14131025,6.17935396
1671028200,6.17391922,6.35326714,6.00544077,6.14674527
1671030000,6.14674527,6.1684842,6.14674527,6.1684842
1671085800,6.16304947,6.16304947,6.16304947,6.16304947
1671087600,6.1684842,6.33696266,6.14131025,6.28261475
1671089400,6.28261475,6.3097887,6.26631055,6.30435397
1671091200,6.3097887,6.35870188,6.30435397,6.31522372
1671093000,6.3097887,6.31522372,6.19565816,6.19565816
1671094800,6.19565816,6.20109318,6.14131025,6.15218
1671096600,6.15761474,6.20109318,6.15218,6.18478869
1671098400,6.17935396,6.19565816,6.16304947,6.1684842
1671100200,6.1684842,6.19565816,6.16304947,6.17391922
1671102000,6.17391922,6.18478869,6.15761474,6.16304947
1671103800,6.16304947,6.19565816,6.14131025,6.19022342
1671105600,6.19565816,6.19565816,6.14674527,6.16304947
1671107400,6.16304947,6.16304947,5.98370155,6.05978868
1671109200,6.05978868,6.14674527,6.05435366,6.13587552
1671111000,6.13587552,6.25000606,6.13044078,6.1684842
1671112800,6.1684842,6.20109318,6.13587552,6.18478869
1671114600,6.18478869,6.26631055,6.15218,6.20109318
1671116400,6.25000606,6.25000606,6.25000606,6.25000606
1671172200,6.22283211,6.22283211,6.22283211,6.22283211
1671174000,6.21196264,6.22283211,6.09239736,6.19565816
1671175800,6.19565816,6.22283211,6.13044078,6.13587552
1671177600,6.13587552,6.14131025,6.08696263,6.0978321
1671179400,6.10326683,6.14674527,6.08696263,6.14131025
1671181200,6.14131025,6.14674527,6.08696263,6.10870157
1671183000,6.10870157,6.12500605,6.0978321,6.12500605
1671184800,6.11957132,6.14131025,6.10326683,6.11957132
1671186600,6.1141363,6.13044078,6.06522341,6.07609288
1671188400,6.07609288,6.08696263,6.05978868,6.08696263
1671190200,6.08696263,6.1141363,6.07609288,6.08696263
1671192000,6.08696263,6.1141363,6.02174497,6.08696263
1671193800,6.08696263,6.1141363,6.07609288,6.09239736
1671195600,6.09239736,6.1141363,5.94565813,5.97826682
1671197400,5.98370155,6.03261472,5.91304916,6.01631024
1671199200,6.01631024,6.05978868,6.0108755,6.05435366
1671201000,6.05435366,6.20109318,6.03261472,6.14131025
1671202800,6.19565816,6.19565816,6.19565816,6.19565816
1671431400,6.19565816,6.19565816,6.19565816,6.19565816
1671433200,6.19565816,6.27718002,6.06522341,6.07609288
1671435000,6.07609288,6.08152761,6.02174497,6.03804946
1671436800,6.03261472,6.2554408,6.0108755,6.2391366
1671438600,6.24457133,6.37500636,6.23370186,6.27174528
1671440400,6.27174528,6.27718002,6.19565816,6.21196264
1671442200,6.21739738,6.21739738,6.14131025,6.17391922
1671444000,6.1684842,6.19565816,6.13587552,6.18478869
1671445800,6.18478869,6.19565816,6.15218,6.17935396
1671447600,6.17935396,6.32065846,6.13044078,6.28804977
1671449400,6.28804977,6.35870188,6.28261475,6.3097887
1671451200,6.3097887,6.32609319,6.25000606,6.2554408
1671453000,6.2554408,6.30435397,6.25000606,6.27718002
1671454800,6.27718002,6.2934845,6.23370186,6.2934845
1671456600,6.28804977,6.33152792,6.28804977,6.3097887
1671458400,6.3097887,6.34783241,6.27718002,6.34239767
1671460200,6.34239767,6.36413661,6.30435397,6.32609319
1671462000,6.36413661,6.36413661,6.36413661,6.36413661
1671517800,6.27718002,6.27718002,6.27718002,6.27718002
1671519600,6.27174528,6.27718002,6.14131025,6.26631055
1671521400,6.26631055,6.32609319,6.24457133,6.26087582
1671523200,6.26087582,6.27174528,6.22826684,6.26631055
1671525000,6.26631055,6.2934845,6.26087582,6.28261475
1671526800,6.28261475,6.29891924,6.2554408,6.27174528
1671528600,6.27174528,6.2934845,6.26087582,6.2934845
1671530400,6.28804977,6.29891924,6.22826684,6.26087582
1671532200,6.26087582,6.26087582,6.22283211,6.23370186
1671534000,6.2391366,6.2554408,6.23370186,6.25000606
1671535800,6.2554408,6.2554408,6.22826684,6.2391366
1671537600,6.2391366,6.28261475,6.23370186,6.27718002
1671539400,6.27174528,6.28261475,6.22283211,6.25000606
1671541200,6.25000606,6.27718002,6.23370186,6.26087582
1671543000,6.26087582,6.53261506,6.22283211,6.42391925
1671544800,6.42391925,6.49457164,6.37500636,6.41848452
1671546600,6.41848452,6.42935427,6.36957134,6.41848452
1671548400,6.434789,6.434789,6.434789,6.434789
1671604200,6.434789,6.434789,6.434789,6.434789
1671606000,6.42935427,6.50544111,6.32609319,6.45652822
1671607800,6.45652822,6.46196295,6.39131056,6.44022374
1671609600,6.434789,6.47826716,6.41304978,6.41848452
1671611400,6.41304978,6.41848452,6.38587583,6.40761505
1671613200,6.40761505,6.41304978,6.3804411,6.39131056
1671615000,6.39131056,6.42935427,6.39131056,6.42391925
1671616800,6.42391925,6.62500639,6.42391925,6.58152823
1671618600,6.58152823,6.58152823,6.51631086,6.5760935
1671620400,6.5760935,6.58152823,6.52174559,6.5760935
1671622200,6.5760935,6.78805011,6.54348481,6.78261537
1671624000,6.78261537,6.8587025,6.71196298,6.85326748
1671625800,6.85326748,6.88587645,6.78805011,6.86413723
1671627600,6.86413723,6.86957197,6.61957165,6.69565878
1671629400,6.69565878,6.79348484,6.65761536,6.78261537
1671631200,6.78805011,6.79348484,6.71196298,6.7337022
1671633000,6.73913693,6.79891986,6.7337022,6.75544142
1671634800,6.75544142,6.75544142,6.75544142,6.75544142
1671690600,6.75544142,6.75544142,6.75544142,6.75544142
1671692400,6.75544142,6.84783275,6.62500639,6.76087615
1671694200,6.76087615,6.79348484,6.72283273,6.79348484
1671696000,6.78805011,6.9293546,6.78261537,6.79891986
1671697800,6.79891986,6.86957197,6.73913693,6.79348484
1671699600,6.79891986,6.80435459,6.73913693,6.7717459
1671701400,6.7717459,6.79348484,6.75544142,6.76631089
1671703200,6.76631089,6.79348484,6.74457195,6.78805011
1671705000,6.79348484,6.84783275,6.78805011,6.84239801
1671706800,6.84239801,6.89674592,6.83696328,6.8587025
1671708600,6.8587025,6.90761539,6.84239801,6.86957197
1671710400,6.8750067,6.88044143,6.84783275,6.86957197
1671712200,6.86957197,6.8750067,6.81522406,6.84239801
1671714000,6.84783275,6.84783275,6.76087615,6.80978933
1671715800,6.81522406,6.84783275,6.78261537,6.79348484
1671717600,6.79348484,6.79348484,6.68478931,6.68478931
1671719400,6.69022405,6.81522406,6.62500639,6.76631089
1671721200,6.79348484,6.79348484,6.79348484,6.79348484
1671777000,6.23370186,6.23370186,6.23370186,6.23370186
1671778800,6.25000606,6.54348481,6.2391366,6.41848452
1671780600,6.41848452,6.42935427,6.30435397,6.36957134
1671782400,6.36957134,6.41848452,6.35870188,6.37500636
1671784200,6.37500636,6.40761505,6.35870188,6.3804411
1671786000,6.3804411,6.38587583,6.30435397,6.32609319
1671787800,6.32609319,6.41304978,6.29891924,6.37500636
1671789600,6.37500636,6.40761505,6.34783241,6.3967453
1671791400,6.3967453,6.41304978,6.35870188,6.36957134
1671793200,6.36413661,6.3804411,6.35870188,6.36957134
1671795000,6.36957134,6.37500636,6.35870188,6.36413661
1671796800,6.36413661,6.42935427,6.36413661,6.39131056
1671798600,6.39131056,6.44022374,6.36413661,6.44022374
1671800400,6.434789,6.46739769,6.40218031,6.41304978
1671802200,6.41304978,6.434789,6.33696266,6.34239767
1671804000,6.34239767,6.40218031,6.33152792,6.39131056
1671805800,6.39131056,6.40218031,6.34783241,6.35870188
1671807600,6.34783241,6.34783241,6.34783241,6.34783241
1672036200,6.34783241,6.34783241,6.34783241,6.34783241
1672038000,6.34239767,6.34239767,6.14131025,6.2391366
1672039800,6.2391366,6.24457133,6.14674527,6.1684842
1672041600,6.1684842,6.1684842,6.10870157,6.14674527
1672043400,6.14674527,6.20652791,6.14131025,6.20652791
1672045200,6.20652791,6.20652791,6.15761474,6.16304947
1672047000,6.16304947,6.17391922,6.14131025,6.15761474
1672048800,6.15761474,6.16304947,6.13044078,6.14674527
1672050600,6.14131025,6.16304947,6.12500605,6.15761474
1672052400,6.15761474,6.23370186,6.15218,6.22826684
1672054200,6.22826684,6.24457133,6.17391922,6.20652791
1672056000,6.20652791,6.21739738,6.15218,6.16304947
1672057800,6.16304947,6.1684842,6.14131025,6.15218
1672059600,6.15218,6.16304947,6.12500605,6.13044078
1672061400,6.13587552,6.14131025,6.10870157,6.11957132
1672063200,6.12500605,6.12500605,6.08696263,6.12500605
1672065000,6.12500605,6.12500605,6.03261472,6.03261472
1672066800,6.03261472,6.03261472,6.03261472,6.03261472
1672122600,6.03261472,6.03261472,6.03261472,6.03261472
1672124400,6.03261472,6.03261472,5.73370124,5.88044047
1672126200,5.88044047,5.90761443,5.79891861,5.83696232
1672128000,5.83696232,5.86413627,5.76630993,5.82065783
1672129800,5.82065783,5.89674496,5.8152231,5.85870154
1672131600,5.86413627,5.86957101,5.8152231,5.82609257
1672133400,5.82065783,5.85326652,5.77717968,5.80435363
1672135200,5.80978837,5.85870154,5.78261441,5.84783179
1672137000,5.84783179,5.85870154,5.8152231,5.83152759
1672138800,5.83152759,5.83696232,5.78804915,5.79348388
1672140600,5.79348388,5.79891861,5.75000573,5.76087519
1672142400,5.76087519,5.8152231,5.73370124,5.80978837
1672144200,5.80978837,5.87500574,5.80435363,5.87500574
1672146000,5.86957101,5.95109287,5.86957101,5.91304916
1672147800,5.90761443,5.91304916,5.84783179,5.85870154
1672149600,5.85870154,5.85870154,5.76087519,5.8152231
1672151400,5.8152231,5.8152231,5.73913597,5.75544046
1672153200,5.75544046,5.75544046,5.75544046,5.75544046
1672209000,5.75544046,5.75544046,5.75544046,5.75544046
1672210800,5.75544046,5.82065783,5.64130991,5.71739704
1672212600,5.71739704,5.74457099,5.65217938,5.69022309
1672214400,5.69022309,5.77174466,5.66304913,5.76630993
1672216200,5.77174466,5.92391891,5.76630993,5.89674496
1672218000,5.89674496,5.91848418,5.85870154,5.89131023
1672219800,5.89674496,5.89674496,5.85326652,5.89131023
1672221600,5.88587521,5.91848418,5.88587521,5.89131023
1672223400,5.89674496,5.89674496,5.82609257,5.84783179
1672225200,5.85326652,5.85326652,5.8152231,5.82065783
1672227000,5.82065783,5.82609257,5.77174466,5.78804915
1672228800,5.79348388,5.82609257,5.78804915,5.8152231
1672230600,5.8152231,5.85326652,5.80435363,5.84783179
1672232400,5.84783179,5.93478838,5.78804915,5.93478838
1672234200,5.93478838,5.96739707,5.79348388,5.82609257
1672236000,5.83152759,5.86957101,5.8152231,5.85326652
1672237800,5.85326652,5.89674496,5.78261441,5.88587521
1672239600,5.91848418,5.91848418,5.91848418,5.91848418
1672295400,5.90761443,5.90761443,5.90761443,5.90761443
1672297200,5.90761443,6.0108755,5.84239705,5.87500574
1672299000,5.86957101,5.90217969,5.83152759,5.84783179
1672300800,5.84783179,5.90761443,5.82609257,5.88587521
1672302600,5.88587521,5.89674496,5.85870154,5.86957101
1672304400,5.87500574,5.92391891,5.85870154,5.91848418
1672306200,5.92391891,5.96196233,5.91848418,5.9565276
1672308000,5.9565276,5.96739707,5.91848418,5.92391891
1672309800,5.92391891,5.93478838,5.90217969,5.91848418
1672311600,5.92935365,5.97283208,5.91848418,5.9565276
1672313400,5.9565276,5.96739707,5.90217969,5.92391891
1672315200,5.92935365,5.94022311,5.90761443,5.92391891
1672317000,5.91848418,5.94022311,5.91304916,5.92935365
1672318800,5.92935365,5.96739707,5.92391891,5.9565276
1672320600,5.96196233,5.96196233,5.92935365,5.93478838
1672322400,5.93478838,5.94565813,5.86413627,5.86957101
1672324200,5.86957101,5.88587521,5.84239705,5.85326652
1672326000,5.85870154,5.86957101,5.85870154,5.86957101
1672381800,5.89131023,5.89131023,5.89131023,5.89131023
1672383600,5.89131023,5.92391891,5.73370124,5.88044047
1672385400,5.87500574,5.88587521,5.8152231,5.82609257
1672387200,5.82065783,5.83696232,5.8152231,5.82065783
1672389000,5.82065783,5.82609257,5.78804915,5.80435363
1672390800,5.80435363,5.82065783,5.77717968,5.78804915
1672392600,5.78804915,5.8152231,5.76087519,5.8152231
1672394400,5.80978837,5.83696232,5.80435363,5.83152759
1672396200,5.83152759,5.83152759,5.78804915,5.79891861
1672398000,5.79891861,5.80978837,5.78261441,5.78261441
1672399800,5.78261441,5.86957101,5.77717968,5.86957101
1672401600,5.87500574,5.96739707,5.86957101,5.91304916
1672403400,5.90761443,5.90761443,5.83696232,5.85326652
1672405200,5.85326652,5.86413627,5.83696232,5.85870154
1672407000,5.85326652,5.92391891,5.83696232,5.91304916
1672408800,5.91304916,5.92391891,5.85326652,5.88044047
1672410600,5.88587521,6.03261472,5.79348388,5.80978837
1672412400,5.8152231,5.97826682,5.8152231,5.97826682
1672641000,5.97826682,5.97826682,5.97826682,5.97826682
1672642800,5.97283208,5.97826682,5.83152759,5.85870154
1672644600,5.86413627,5.88044047,5.84239705,5.85870154
1672646400,5.86413627,5.88587521,5.84783179,5.87500574
1672648200,5.87500574,5.92935365,5.86413627,5.92935365
1672650000,5.92935365,5.96196233,5.89131023,5.90761443
1672651800,5.90761443,5.90761443,5.84783179,5.85326652
1672653600,5.84783179,5.86957101,5.84783179,5.86413627
1672655400,5.86413627,5.86957101,5.84239705,5.86957101
1672657200,5.86413627,5.91848418,5.86413627,5.91304916
1672659000,5.91304916,5.91304916,5.89131023,5.90217969
1672660800,5.90217969,5.90761443,5.88587521,5.88587521
1672662600,5.88587521,5.91304916,5.88044047,5.88587521
1672664400,5.89131023,5.90761443,5.88044047,5.88044047
1672666200,5.88044047,5.89674496,5.85326652,5.86413627
1672668000,5.86413627,5.86957101,5.85326652,5.85870154
1672669800,5.86957101,5.86957101,5.84239705,5.85870154
1672671600,5.85870154,5.85870154,5.85870154,5.85870154
1672727400,5.85870154,5.85870154,5.85870154,5.85870154
1672729200,5.86413627,5.86957101,5.67935334,5.72283177
1672731000,5.71739704,5.73913597,5.70652729,5.72826651
1672732800,5.72826651,5.73370124,5.67935334,5.68478807
1672734600,5.68478807,5.73370124,5.6739186,5.70652729
1672736400,5.70652729,5.71739704,5.68478807,5.69022309
1672738200,5.69022309,5.70652729,5.67935334,5.69022309
1672740000,5.69022309,5.70652729,5.6739186,5.68478807
1672741800,5.67935334,5.69022309,5.66848387,5.68478807
1672743600,5.69022309,5.69022309,5.66848387,5.67935334
1672745400,5.67935334,5.67935334,5.62500543,5.64130991
1672747200,5.63587518,5.65761412,5.59783148,5.62500543
1672749000,5.62500543,5.64130991,5.57065752,5.64130991
1672750800,5.64130991,5.75000573,5.64130991,5.72283177
1672752600,5.72283177,5.73370124,5.59783148,5.62500543
1672754400,5.63044045,5.65217938,5.59239674,5.60870123
1672756200,5.60870123,5.64130991,5.57065752,5.62500543
1672758000,5.63587518,5.63587518,5.63587518,5.63587518
1672813800,5.62500543,5.62500543,5.62500543,5.62500543
1672815600,5.6195707,5.6195707,5.40761409,5.43207053
1672817400,5.43478804,5.45109224,5.42120107,5.44565751
1672819200,5.44565751,5.4782662,5.41304882,5.44565751
1672821000,5.44565751,5.44565751,5.40761409,5.42391829
1672822800,5.42391829,5.45652698,5.40761409,5.43207053
1672824600,5.43207053,5.47283146,5.42391829,5.42935302
1672826400,5.42935302,5.45652698,5.42391829,5.43478804
1672828200,5.43478804,5.53804884,5.43478804,5.5326141
1672830000,5.5326141,5.54891859,5.43478804,5.43478804
1672831800,5.44022278,5.49457068,5.43478804,5.45109224
1672833600,5.45109224,5.4782662,5.44022278,5.45652698
1672835400,5.461962,5.46739673,5.43478804,5.44565751
1672837200,5.44565751,5.44565751,5.3750054,5.37772263
1672839000,5.37772263,5.39946185,5.35054867,5.38044014
1672840800,5.38044014,5.38315736,5.31522248,5.31522248
1672842600,5.31522248,5.32609223,5.30707052,5.31793999
1672844400,5.31793999,5.32609223,5.31522248,5.32609223
1672900200,5.32609223,5.32609223,5.32609223,5.32609223
1672902000,5.32609223,5.3369617,5.08696139,5.09511363
1672903800,5.09511363,5.1440268,5.05978772,5.05978772
1672905600,5.05978772,5.10870061,4.86957005,5.10326587
1672907400,5.10326587,5.16304851,5.10054836,5.15489627
1672909200,5.15489627,5.16033129,5.09783114,5.13587456
1672911000,5.13587456,5.16304851,5.12772232,5.16304851
1672912800,5.16304851,5.18750496,5.16033129,5.18478773
1672914600,5.18478773,5.23641813,5.179353,5.23098339
1672916400,5.2337009,5.25272261,5.14674431,5.14946154
1672918200,5.14946154,5.19022247,5.10870061,5.12228758
1672920000,5.12228758,5.12500509,5.0543527,5.07609192
1672921800,5.08152665,5.11141812,5.05707021,5.07880943
1672923600,5.07609192,5.11413534,5.02446152,5.03261377
1672925400,5.03261377,5.04076572,5.02174401,5.02446152
1672927200,5.02446152,5.02717875,4.96196137,4.96467888
1672930800,4.96467888,4.96467888,4.96467888,4.96467888
1672986600,4.96196137,4.96196137,4.96196137,4.96196137
1672988400,4.96196137,5.10870061,4.83152634,4.97554835
1672990200,4.98098308,5.27174432,4.89130927,5.21467891
1672992000,5.22554866,5.24728788,5.10598338,5.21739642
1672993800,5.21739642,5.23913564,5.1440268,5.14674431
1672995600,5.14674431,5.19293997,5.12228758,5.17391826
1672997400,5.17663549,5.19293997,5.16848325,5.18478773
1672999200,5.18478773,5.18750496,5.10870061,5.11685285
1673001000,5.11957036,5.14946154,5.10054836,5.14946154
1673002800,5.14946154,5.17120076,5.12772232,5.13587456
1673004600,5.13587456,5.18750496,5.13043983,5.18750496
1673006400,5.18478773,5.19293997,5.13043983,5.18207022
1673008200,5.18207022,5.18478773,5.13315733,5.16848325
1673010000,5.16848325,5.18207022,5.13587456,5.17391826
1673011800,5.17391826,5.24728788,5.16304851,5.21196168
1673013600,5.20924418,5.39674434,5.20924418,5.38044014
1673015400,5.38044014,5.3913096,5.13043983,5.17391826
1673017200,5.16304851,5.16304851,5.16304851,5.16304851
1673245800,5.36957038,5.36957038,5.36957038,5.36957038
1673247600,5.36413565,5.36413565,5.19022247,5.34511394
1673249400,5.34511394,5.36957038,5.28804881,5.28804881
1673251200,5.28804881,5.28804881,5.17120076,5.18750496
1673253000,5.18750496,5.18750496,5.10326587,5.13587456
1673254800,5.13315733,5.16304851,5.10326587,5.13859207
1673256600,5.13859207,5.25543984,5.13587456,5.24457037
1673258400,5.24457037,5.27989657,5.21739642,5.27989657
1673260200,5.27989657,5.31250525,5.23913564,5.29348354
1673262000,5.29076603,5.33152696,5.29076603,5.32609223
1673263800,5.32880945,5.3369617,5.31250525,5.32337472
1673265600,5.32337472,5.32337472,5.26087486,5.2853313
1673267400,5.2853313,5.29076603,5.22554866,5.25272261
1673269200,5.25543984,5.29620077,5.2337009,5.29076603
1673271000,5.29348354,5.30435301,5.28261379,5.29348354
1673272800,5.29348354,5.29620077,5.22011393,5.22826589
1673274600,5.22826589,5.33152696,5.19022247,5.32880945
1673276400,5.33152696,5.35054867,5.33152696,5.35054867
1673332200,5.40217936,5.40217936,5.40217936,5.40217936
1673334000,5.40217936,5.40217936,5.16304851,5.20380944
1673335800,5.21467891,5.29348354,5.19022247,5.26630959
1673337600,5.27446183,5.29891828,5.22826589,5.27446183
1673339400,5.27446183,5.32609223,5.27446183,5.3016355
1673341200,5.3016355,5.31522248,5.27717906,5.31250525
1673343000,5.29348354,5.32609223,5.27174432,5.3206575
1673344800,5.3206575,5.32609223,5.25543984,5.2853313
1673346600,5.2853313,5.29076603,5.26359208,5.27717906
1673348400,5.27717906,5.27717906,5.23098339,5.23913564
1673350200,5.23913564,5.3206575,5.23641813,5.3016355
1673352000,5.30435301,5.39674434,5.28261379,5.38587487
1673353800,5.38859238,5.65217938,5.34783145,5.53804884
1673355600,5.54348357,5.60870123,5.50000542,5.51087488
1673357400,5.51087488,5.57065752,5.49457068,5.51087488
1673359200,5.51087488,5.62500543,5.49457068,5.58696201
1673361000,5.58696201,5.59239674,5.35326618,5.56522279
1673362800,5.56522279,5.57609254,5.48913595,5.48913595
1673418600,5.48913595,5.48913595,5.48913595,5.48913595
1673420400,5.48913595,5.70652729,5.461962,5.56522279
1673422200,5.56522279,5.67935334,5.50544015,5.6739186
1673424000,5.6739186,5.67935334,5.62500543,5.65217938
1673425800,5.65217938,5.6739186,5.59783148,5.63044045
1673427600,5.63587518,5.65217938,5.60326649,5.62500543
1673429400,5.62500543,5.64674465,5.60870123,5.61413596
1673431200,5.61413596,5.64130991,5.60326649,5.64130991
1673433000,5.63587518,5.64674465,5.6195707,5.63587518
1673434800,5.64130991,5.64674465,5.58696201,5.59239674
1673436600,5.58696201,5.59783148,5.38044014,5.46739673
1673438400,5.46739673,5.57065752,5.44565751,5.56522279
1673440200,5.56522279,5.65217938,5.54891859,5.57609254
1673442000,5.58152727,5.62500543,5.5326141,5.59239674
1673443800,5.59239674,5.6195707,5.52174464,5.56522279
1673445600,5.55978806,5.62500543,5.54348357,5.58696201
1673449200,5.58152727,5.58152727,5.58152727,5.58152727
1673505000,5.59783148,5.59783148,5.59783148,5.59783148
1673506800,5.60326649,5.72283177,5.60326649,5.62500543
1673508600,5.62500543,5.70109255,5.6195707,5.67935334
1673510400,5.68478807,5.74457099,5.67935334,5.73913597
1673512200,5.73913597,5.76630993,5.69565782,5.75544046
1673514000,5.74457099,5.89131023,5.74457099,5.88044047
1673515800,5.88044047,5.88044047,5.73370124,5.8152231
1673517600,5.8152231,5.84239705,5.65217938,5.70652729
1673519400,5.70652729,5.83152759,5.68478807,5.8152231
1673521200,5.8152231,5.83152759,5.77174466,5.83152759
1673523000,5.82609257,5.83696232,5.78804915,5.83152759
1673524800,5.83152759,5.86957101,5.8152231,5.85870154
1673526600,5.85326652,5.86957101,5.79891861,5.86957101
1673528400,5.86413627,5.97826682,5.86413627,5.96739707
1673530200,5.96739707,6.03804946,5.92935365,6.03261472
1673532000,6.03804946,6.13044078,6.03261472,6.11957132
1673533800,6.11957132,6.13587552,6.11957132,6.13587552
1673535600,6.13587552,6.13587552,6.13587552,6.13587552
1673591400,6.14131025,6.14131025,6.14131025,6.14131025
1673593200,6.14674527,6.45652822,6.13587552,6.32609319
1673595000,6.35326714,6.38587583,6.29891924,6.33696266
1673596800,6.33696266,6.35870188,6.29891924,6.35326714
1673598600,6.35326714,6.46739769,6.34783241,6.46196295
1673600400,6.46739769,6.5380498,6.45652822,6.53261506
1673602200,6.53261506,6.65218034,6.52718033,6.54348481
1673604000,6.54348481,6.58152823,6.53261506,6.54891955
1673605800,6.54891955,6.57065877,6.45652822,6.48913691
1673607600,6.48913691,6.48913691,6.35326714,6.3804411
1673609400,6.37500636,6.44022374,6.35870188,6.41848452
1673611200,6.41848452,6.44565847,6.37500636,6.41304978
1673613000,6.41304978,6.42391925,6.32609319,6.39131056
1673614800,6.39131056,6.50544111,6.37500636,6.42391925
1673616600,6.44022374,6.52174559,6.41848452,6.48913691
1673618400,6.49457164,6.52174559,6.434789,6.45652822
1673620200,6.45652822,6.53261506,6.4510932,6.51087584
1673622000,6.49457164,6.49457164,6.49457164,6.49457164
1673850600,6.53261506,6.53261506,6.53261506,6.53261506
1673852400,6.53261506,6.69022405,6.20652791,6.40761505
1673854200,6.40761505,6.44565847,6.2391366,6.44022374
1673856000,6.44022374,6.44565847,6.27174528,6.33152792
1673857800,6.33696266,6.39131056,6.2554408,6.29891924
1673859600,6.29891924,6.39131056,6.27718002,6.37500636
1673861400,6.3804411,6.46739769,6.36413661,6.4510932
1673863200,6.44565847,6.46739769,6.38587583,6.39131056
1673865000,6.39131056,6.40761505,6.34239767,6.37500636
1673866800,6.3804411,6.3967453,6.31522372,6.3804411
1673868600,6.3804411,6.46739769,6.36413661,6.46196295
1673870400,6.4510932,6.48370189,6.42391925,6.434789
1673872200,6.434789,6.434789,6.36413661,6.40761505
1673874000,6.40761505,6.45652822,6.3967453,6.41304978
1673875800,6.41304978,6.46739769,6.40218031,6.45652822
1673877600,6.45652822,6.5923977,6.44022374,6.51631086
1673879400,6.51631086,6.52174559,6.44565847,6.45652822
1673881200,6.44565847,6.44565847,6.44565847,6.44565847
1673937000,6.4510932,6.4510932,6.4510932,6.4510932
1673938800,6.4510932,6.46739769,6.26087582,6.36957134
1673940600,6.36957134,6.40218031,6.28261475,6.28804977
1673942400,6.28804977,6.32609319,6.27718002,6.28804977
1673944200,6.28261475,6.29891924,6.22283211,6.27718002
1673946000,6.27174528,6.30435397,6.25000606,6.28261475
1673947800,6.28261475,6.2934845,6.25000606,6.27174528
1673949600,6.27174528,6.28261475,6.26087582,6.26631055
1673951400,6.26631055,6.29891924,6.25000606,6.28261475
1673953200,6.27174528,6.28261475,6.24457133,6.25000606
1673955000,6.25000606,6.2554408,6.23370186,6.2554408
1673956800,6.25000606,6.29891924,6.25000606,6.2934845
1673958600,6.2934845,6.32065846,6.26631055,6.2934845
1673960400,6.2934845,6.33152792,6.28261475,6.30435397
1673962200,6.3097887,6.3967453,6.28261475,6.34783241
1673964000,6.34783241,6.40761505,6.32609319,6.40218031
1673965800,6.40218031,6.40761505,6.30435397,6.31522372
1673967600,6.31522372,6.31522372,6.31522372,6.31522372
1674023400,6.2934845,6.2934845,6.2934845,6.2934845
1674025200,6.28804977,6.31522372,6.19565816,6.27174528
1674027000,6.28261475,6.28804977,6.24457133,6.26087582
1674028800,6.26087582,6.38587583,6.2554408,6.29891924
1674030600,6.29891924,6.35870188,6.2934845,6.2934845
1674032400,6.29891924,6.44022374,6.26631055,6.42391925
1674034200,6.42391925,6.51631086,6.35870188,6.36413661
1674036000,6.35870188,6.3967453,6.29891924,6.31522372
1674037800,6.32609319,6.40761505,6.32609319,6.38587583
1674039600,6.38587583,6.42391925,6.37500636,6.41304978
1674041400,6.41304978,6.42935427,6.40761505,6.41848452
1674043200,6.41848452,6.42391925,6.36413661,6.36957134
1674045000,6.36957134,6.3804411,6.3097887,6.32609319
1674046800,6.33152792,6.68478931,6.32609319,6.65218034
1674048600,6.65218034,6.79348484,6.5760935,6.61413692
1674050400,6.61413692,6.62500639,6.47826716,6.51631086
1674052200,6.51631086,6.67391956,6.51087584,6.65761536
1674054000,6.68478931,6.68478931,6.68478931,6.68478931
1674109800,6.58696297,6.58696297,6.58696297,6.58696297
1674111600,6.58152823,6.61957165,6.44022374,6.55978901
1674113400,6.55978901,6.58152823,6.45652822,6.49457164
1674115200,6.49457164,6.5380498,6.47826716,6.52718033
1674117000,6.52718033,6.54891955,6.49457164,6.50544111
1674118800,6.50544111,6.53261506,6.49457164,6.51631086
1674120600,6.51631086,6.5380498,6.50544111,6.53261506
1674122400,6.53261506,6.5760935,6.52718033,6.55435428
1674124200,6.55435428,6.5760935,6.52174559,6.57065877
1674126000,6.57065877,6.60870219,6.54348481,6.54891955
1674127800,6.54891955,6.5760935,6.52174559,6.52174559
1674129600,6.52718033,6.53261506,6.50000637,6.51631086
1674131400,6.50544111,6.51631086,6.44022374,6.46739769
1674133200,6.46739769,6.49457164,6.42935427,6.46739769
1674135000,6.46739769,6.51087584,6.4510932,6.48913691
1674136800,6.48913691,6.49457164,6.44565847,6.49457164
1674138600,6.49457164,6.52174559,6.4510932,6.49457164
1674140400,6.49457164,6.55978901,6.49457164,6.55978901
1674196200,6.54891955,6.54891955,6.54891955,6.54891955
1674198000,6.54891955,6.57065877,6.45652822,6.48370189
1674199800,6.48370189,6.52174559,6.46739769,6.50544111
1674201600,6.52174559,6.61413692,6.51631086,6.54891955
1674203400,6.54891955,6.5923977,6.52174559,6.52718033
1674205200,6.52174559,6.61957165,6.50544111,6.5923977
1674207000,6.58696297,6.59783243,6.52174559,6.53261506
1674208800,6.53261506,6.55978901,6.51631086,6.55978901
1674210600,6.55978901,6.57065877,6.54348481,6.56522375
1674212400,6.57065877,6.60326745,6.54348481,6.54891955
1674214200,6.54891955,6.59783243,6.53261506,6.5380498
1674216000,6.5380498,6.56522375,6.51631086,6.53261506
1674217800,6.5380498,6.60326745,6.5380498,6.55435428
1674219600,6.56522375,6.5760935,6.52718033,6.5380498
1674221400,6.5380498,6.55435428,6.47826716,6.47826716
1674223200,6.47826716,6.55435428,6.46739769,6.54348481
1674225000,6.54348481,6.60870219,6.50544111,6.51087584
1674226800,6.54891955,6.54891955,6.54891955,6.54891955
1674455400,6.20652791,6.20652791,6.20652791,6.20652791
1674457200,6.20109318,6.22283211,6.01631024,6.08696263
1674459000,6.08696263,6.20652791,6.07065814,6.20652791
1674460800,6.20652791,6.21196264,6.09239736,6.10326683
1674462600,6.10326683,6.17935396,6.05978868,6.16304947
1674464400,6.16304947,6.18478869,6.13044078,6.13587552
1674466200,6.13587552,6.1684842,6.13044078,6.16304947
1674468000,6.16304947,6.1684842,6.10870157,6.14674527
1674469800,6.14674527,6.16304947,6.0978321,6.10870157
1674471600,6.10870157,6.10870157,6.04891893,6.05978868
1674473400,6.05978868,6.05978868,6.02174497,6.04891893
1674475200,6.04891893,6.0978321,6.03804946,6.09239736
1674477000,6.09239736,6.0978321,6.05435366,6.05978868
1674478800,6.06522341,6.08152761,6.01631024,6.05435366
1674480600,6.05978868,6.06522341,5.98370155,6.00000575
1674482400,6.00000575,6.00544077,5.89674496,5.89674496
1674484200,5.89674496,5.90217969,5.89674496,5.89674496
1674486000,5.89674496,5.89674496,5.89674496,5.89674496
1674541800,5.67935334,5.67935334,5.67935334,5.67935334
1674543600,5.67935334,5.86957101,5.58152727,5.75000573
1674545400,5.75000573,5.75544046,5.59783148,5.63044045
1674547200,5.62500543,5.63044045,5.50544015,5.54348357
1674549000,5.54348357,5.70652729,5.5326141,5.6739186
1674550800,5.6739186,5.71739704,5.6195707,5.71196202
1674552600,5.71196202,5.77174466,5.69565782,5.76087519
1674554400,5.76087519,5.76087519,5.70109255,5.74457099
1674556200,5.75544046,5.82065783,5.74457099,5.80978837
1674558000,5.80978837,5.85870154,5.78261441,5.8152231
1674559800,5.82065783,5.86957101,5.80978837,5.84783179
1674561600,5.85326652,5.86957101,5.73370124,5.73913597
1674563400,5.73370124,5.83696232,5.72826651,5.78804915
1674565200,5.78804915,5.80978837,5.71196202,5.72826651
1674567000,5.73370124,5.76630993,5.66304913,5.66848387
1674568800,5.66848387,5.76087519,5.65217938,5.72826651
1674570600,5.72826651,5.80435363,5.70652729,5.78804915
1674572400,5.85326652,5.85326652,5.85326652,5.85326652
1674628200,5.84783179,5.84783179,5.84783179,5.84783179
1674630000,5.84783179,5.85326652,5.70109255,5.74457099
1674631800,5.74457099,5.76087519,5.71196202,5.72283177
1674633600,5.71739704,5.73370124,5.65217938,5.68478807
1674635400,5.67935334,5.68478807,5.55978806,5.55978806
1674637200,5.56522279,5.64130991,5.56522279,5.61413596
1674639000,5.61413596,5.6739186,5.59783148,5.6195707
1674640800,5.6195707,5.64130991,5.57609254,5.59783148
1674642600,5.59783148,5.62500543,5.54348357,5.59239674
1674644400,5.59239674,5.59783148,5.49457068,5.56522279
1674646200,5.56522279,5.60326649,5.51087488,5.58152727
1674648000,5.58152727,5.60870123,5.5163099,5.54348357
1674649800,5.54891859,5.56522279,5.49457068,5.55435332
1674651600,5.55435332,5.55435332,5.48913595,5.55435332
1674653400,5.54891859,5.79891861,5.50544015,5.70109255
1674655200,5.70109255,5.70652729,5.61413596,5.64130991
1674657000,5.64130991,5.76087519,5.63587518,5.65761412
1674658800,5.65217938,5.65761412,5.65217938,5.65761412
1674714600,5.57065752,5.57065752,5.57065752,5.57065752
1674716400,5.59239674,5.6195707,5.43478804,5.54348357
1674718200,5.54348357,5.57609254,5.5163099,5.55978806
1674720000,5.55978806,5.63044045,5.55435332,5.62500543
1674721800,5.63044045,5.63044045,5.58152727,5.59783148
1674723600,5.59239674,5.65761412,5.58152727,5.64674465
1674725400,5.64674465,5.71196202,5.64674465,5.67935334
1674727200,5.6739186,5.69565782,5.62500543,5.62500543
1674729000,5.63044045,5.65761412,5.57609254,5.60326649
1674730800,5.60326649,5.65217938,5.57065752,5.64674465
1674732600,5.64674465,5.65217938,5.6195707,5.62500543
1674734400,5.63044045,5.66304913,5.6195707,5.63587518
1674736200,5.63587518,5.66304913,5.62500543,5.65217938
1674738000,5.64674465,5.65217938,5.62500543,5.65217938
1674739800,5.65217938,5.70652729,5.61413596,5.68478807
1674741600,5.68478807,5.73370124,5.67935334,5.69565782
1674743400,5.69565782,5.70652729,5.56522279,5.57609254
1674745200,5.54348357,5.54348357,5.54348357,5.54348357
1674801000,5.54348357,5.54348357,5.54348357,5.54348357
1674802800,5.54348357,5.73913597,5.44022278,5.66848387
1674804600,5.66848387,5.67935334,5.57065752,5.64130991
1674806400,5.64130991,5.70109255,5.62500543,5.70109255
1674808200,5.70109255,5.72283177,5.65761412,5.66848387
1674810000,5.6739186,5.67935334,5.59783148,5.62500543
1674811800,5.6195707,5.64674465,5.59239674,5.6195707
1674813600,5.6195707,5.66304913,5.59783148,5.6195707
1674815400,5.62500543,5.63587518,5.55435332,5.59239674
1674817200,5.58152727,5.60326649,5.57065752,5.59239674
1674819000,5.59239674,5.67935334,5.58696201,5.66304913
1674820800,5.66848387,5.6739186,5.61413596,5.6195707
1674822600,5.6195707,5.65217938,5.54891859,5.59783148
1674824400,5.59783148,5.65217938,5.59239674,5.64674465
1674826200,5.64674465,5.70652729,5.55435332,5.69565782
1674828000,5.70109255,5.94022311,5.69565782,5.88044047
1674829800,5.88044047,5.92391891,5.84239705,5.85870154
1674831600,5.85326652,5.86957101,5.85326652,5.86957101
1675060200,5.85870154,5.85870154,5.85870154,5.85870154
1675062000,5.85326652,5.85870154,5.66848387,5.68478807
1675063800,5.68478807,5.78804915,5.66848387,5.71196202
1675065600,5.71196202,5.76630993,5.70109255,5.76630993
1675067400,5.76630993,5.80978837,5.73913597,5.79348388
1675069200,5.79348388,5.8152231,5.69022309,5.70109255
1675071000,5.70652729,5.72283177,5.66848387,5.6739186
1675072800,5.6739186,5.67935334,5.65761412,5.66848387
1675074600,5.6739186,5.75000573,5.66304913,5.74457099
1675076400,5.74457099,5.75544046,5.68478807,5.70109255
1675078200,5.70652729,5.70652729,5.65761412,5.69022309
1675080000,5.69022309,5.73370124,5.66848387,5.6739186
1675081800,5.6739186,5.69022309,5.65217938,5.65761412
1675083600,5.65761412,5.69022309,5.65217938,5.67935334
1675085400,5.67935334,5.71739704,5.66304913,5.70109255
1675087200,5.70109255,5.71196202,5.65761412,5.66848387
1675089000,5.66848387,5.67935334,5.64130991,5.65217938
1675090800,5.69022309,5.69022309,5.69022309,5.69022309
1675146600,5.63587518,5.63587518,5.63587518,5.63587518
1675148400,5.64130991,5.64674465,5.53804884,5.55978806
1675150200,5.55978806,5.58152727,5.5326141,5.56522279
1675152000,5.56522279,5.58152727,5.54348357,5.57609254
1675153800,5.57609254,5.57609254,5.5163099,5.52717937
1675155600,5.52717937,5.55978806,5.52174464,5.54348357
1675157400,5.54348357,5.59783148,5.53804884,5.54891859
1675159200,5.55435332,5.55978806,5.53804884,5.55435332
1675161000,5.55435332,5.62500543,5.52717937,5.60870123
1675162800,5.61413596,5.69565782,5.59783148,5.69565782
1675164600,5.69565782,5.76630993,5.66304913,5.6739186
1675166400,5.6739186,5.72826651,5.64130991,5.72826651
1675168200,5.72826651,5.78261441,5.71196202,5.72826651
1675170000,5.72283177,5.72826651,5.6739186,5.67935334
1675171800,5.68478807,5.72826651,5.64674465,5.69565782
1675173600,5.69022309,5.70652729,5.58152727,5.59239674
1675175400,5.59783148,5.59783148,5.50544015,5.5163099
1675177200,5.5163099,5.5163099,5.45109224,5.45109224
1675233000,5.48913595,5.48913595,5.48913595,5.48913595
1675234800,5.48913595,5.58696201,5.44565751,5.46739673
1675236600,5.46739673,5.52174464,5.36957038,5.50544015
1675238400,5.50544015,5.57609254,5.50000542,5.52174464
1675240200,5.5163099,5.5326141,5.45109224,5.4782662
1675242000,5.4782662,5.48370093,5.38315736,5.44565751
1675243800,5.44565751,5.5326141,5.43478804,5.4782662
1675245600,5.48370093,5.49457068,5.42391829,5.48913595
1675247400,5.48913595,5.5326141,5.47283146,5.49457068
1675249200,5.49457068,5.50000542,5.47283146,5.4782662
1675251000,5.4782662,5.57065752,5.461962,5.56522279
1675252800,5.57065752,5.64674465,5.55435332,5.58696201
1675254600,5.58152727,5.61413596,5.54348357,5.55978806
1675256400,5.55978806,5.57065752,5.50000542,5.51087488
1675258200,5.51087488,5.5326141,5.43478804,5.47283146
1675260000,5.47283146,5.48913595,5.43478804,5.47283146
1675263600,5.47283146,5.47283146,5.47283146,5.47283146
1675319400,5.54348357,5.54348357,5.54348357,5.54348357
1675321200,5.54348357,5.59783148,5.49457068,5.55978806
1675323000,5.55978806,5.65761412,5.48370093,5.65761412
1675324800,5.66304913,5.82065783,5.64130991,5.78804915
1675326600,5.79348388,5.91848418,5.72283177,5.75000573
1675328400,5.75000573,5.77174466,5.69022309,5.72826651
1675330200,5.72826651,5.75544046,5.70109255,5.75000573
1675332000,5.75544046,5.77717968,5.71196202,5.72826651
1675333800,5.73370124,5.76087519,5.70652729,5.75000573
1675335600,5.75000573,5.80435363,5.73913597,5.76087519
1675337400,5.77174466,5.77174466,5.66848387,5.72283177
1675339200,5.72283177,5.73370124,5.65761412,5.66848387
1675341000,5.6739186,5.69022309,5.59783148,5.65761412
1675342800,5.66848387,5.68478807,5.51087488,5.62500543
1675344600,5.6195707,5.73913597,5.57065752,5.72283177
1675346400,5.71739704,5.77174466,5.64130991,5.76630993
1675348200,5.76630993,5.84239705,5.76087519,5.78804915
1675350000,5.83696232,5.83696232,5.83696232,5.83696232
1675405800,5.78804915,5.78804915,5.78804915,5.78804915
1675407600,5.78261441,5.79348388,5.63044045,5.69565782
1675409400,5.69565782,5.76087519,5.6739186,5.70652729
1675411200,5.70652729,5.76630993,5.69565782,5.75544046
1675413000,5.76087519,5.8152231,5.74457099,5.78804915
1675414800,5.78804915,5.8152231,5.76087519,5.79348388
1675416600,5.79348388,5.83696232,5.73370124,5.80435363
1675418400,5.80435363,5.82609257,5.76630993,5.8152231
1675420200,5.8152231,5.8152231,5.76630993,5.80435363
1675422000,5.79891861,5.8152231,5.76630993,5.77717968
1675423800,5.77717968,5.86413627,5.76087519,5.85870154
1675425600,5.85870154,5.87500574,5.82065783,5.84783179
1675427400,5.84239705,5.85326652,5.78804915,5.80435363
1675429200,5.80435363,5.86413627,5.78804915,5.82065783
1675431000,5.8152231,5.83152759,5.79348388,5.80978837
1675432800,5.80978837,5.8152231,5.77717968,5.78804915
1675434600,5.79348388,5.80435363,5.73370124,5.80435363
1675436400,5.79891861,5.79891861,5.79348388,5.79348388
1675670400,5.50544015,5.50544015,5.50544015,5.50544015
1675672200,5.51087488,5.65761412,5.44022278,5.57609254
1675674000,5.57065752,5.62500543,5.55978806,5.57065752
1675675800,5.57609254,5.57609254,5.52174464,5.5326141
1675677600,5.5326141,5.55978806,5.51087488,5.51087488
1675679400,5.51087488,5.51087488,5.44565751,5.46739673
1675681200,5.461962,5.50000542,5.44022278,5.48370093
1675683000,5.48370093,5.49457068,5.44565751,5.45652698
1675684800,5.45652698,5.47283146,5.43478804,5.45652698
1675686600,5.45652698,5.49457068,5.45109224,5.4782662
1675688400,5.47283146,5.48370093,5.45109224,5.46739673
1675690200,5.46739673,5.48913595,5.461962,5.48913595
1675692000,5.48913595,5.55978806,5.46739673,5.54348357
1675693800,5.54348357,5.59783148,5.48370093,5.54348357
1675695600,5.53804884,5.53804884,5.53804884,5.53804884
1675751400,5.5326141,5.5326141,5.5326141,5.5326141
1675753200,5.52717937,5.5326141,5.33967921,5.41304882
1675755000,5.41304882,5.48913595,5.34511394,5.461962
1675756800,5.461962,5.46739673,5.35326618,5.36413565
1675758600,5.36413565,5.37228789,5.25815735,5.25815735
1675760400,5.25815735,5.34783145,5.25815735,5.29348354
1675762200,5.29348354,5.33152696,5.23098339,5.23098339
1675764000,5.23098339,5.2337009,5.19022247,5.19022247
1675765800,5.19293997,5.30978774,5.179353,5.29620077
1675767600,5.29620077,5.29620077,5.10598338,5.10870061
1675769400,5.10870061,5.19293997,4.99185284,5.01087455
1675771200,5.01087455,5.10870061,5.0027223,5.09783114
1675773000,5.09511363,5.1440268,5.0543527,5.1440268
1675774800,5.1440268,5.26630959,5.14130929,5.16576602
1675776600,5.16848325,5.26087486,5.16033129,5.20652695
1675778400,5.20380944,5.20652695,4.98641782,5.01359177
1675780200,5.01359177,5.04891797,4.98641782,5.00815704
1675782000,5.01630928,5.01630928,5.01630928,5.01630928
1676442600,5.5163099,5.5163099,5.5163099,5.5163099
1676444400,5.5163099,5.5163099,5.35598341,5.5163099
1676446200,5.5163099,5.5163099,5.5163099,5.5163099
1676448000,5.5163099,5.5163099,5.5163099,5.5163099
1676449800,5.5163099,5.5163099,5.5163099,5.5163099
1676451600,5.5163099,5.5163099,5.5163099,5.5163099
1676453400,5.5163099,5.5163099,5.5163099,5.5163099
1676455200,5.5163099,5.5163099,5.5163099,5.5163099
1676457000,5.5163099,5.5163099,5.5163099,5.5163099
1676458800,5.5163099,5.5163099,5.5163099,5.5163099
1676460600,5.5163099,5.5163099,5.5163099,5.5163099
1676462400,5.5163099,5.5163099,5.5163099,5.5163099
1676464200,5.5163099,5.5163099,5.5163099,5.5163099
1676466000,5.5163099,5.5163099,5.5163099,5.5163099
1676467800,5.5163099,5.5163099,5.5163099,5.5163099
1676469600,5.5163099,5.5163099,5.5163099,5.5163099
1676471400,5.5163099,5.5163099,5.5163099,5.5163099
1676473200,5.5163099,5.5163099,5.5163099,5.5163099
1676529000,6.06522341,6.06522341,6.06522341,6.06522341
1676530800,6.06522341,6.06522341,6.06522341,6.06522341
1676532600,6.06522341,6.06522341,6.06522341,6.06522341
1676534400,6.06522341,6.06522341,5.76630993,5.91304916
1676536200,5.90761443,5.99457102,5.79348388,5.96196233
1676538000,5.9565276,5.97283208,5.84239705,5.89131023
1676539800,5.89131023,5.91304916,5.76630993,5.76630993
1676541600,5.77717968,5.92391891,5.72283177,5.90761443
1676543400,5.90761443,5.92391891,5.83152759,5.85326652
1676545200,5.85326652,5.89674496,5.79348388,5.87500574
1676547000,5.87500574,5.92935365,5.86413627,5.89674496
1676548800,5.89674496,5.9565276,5.86957101,5.90217969
1676550600,5.89674496,5.97283208,5.89674496,5.96739707
1676552400,5.96739707,6.06522341,5.92935365,5.97826682
1676554200,5.97826682,6.06522341,5.92391891,6.04348419
1676556000,6.04348419,6.06522341,6.02717971,6.04891893
1676557800,6.04348419,6.06522341,6.03804946,6.06522341
1676559600,6.06522341,6.06522341,6.06522341,6.06522341
1676615400,5.9565276,5.9565276,5.9565276,5.9565276
1676617200,5.95109287,6.40218031,5.82609257,6.34783241
1676619000,6.34783241,6.48370189,6.28261475,6.35870188
1676620800,6.35870188,6.41304978,6.33696266,6.34239767
1676622600,6.34239767,6.37500636,6.28804977,6.29891924
1676624400,6.29891924,6.33696266,6.27718002,6.33152792
1676626200,6.33152792,6.33696266,6.27174528,6.30435397
1676628000,6.30435397,6.40761505,6.29891924,6.34783241
1676629800,6.34239767,6.34783241,6.29891924,6.32065846
1676631600,6.31522372,6.33696266,6.2934845,6.29891924
1676633400,6.29891924,6.34239767,6.28261475,6.2934845
1676635200,6.2934845,6.35870188,6.28804977,6.2934845
1676637000,6.2934845,6.35870188,6.28804977,6.32609319
1676638800,6.33152792,6.3967453,6.3097887,6.34239767
1676640600,6.34239767,6.34783241,6.27718002,6.33152792
1676642400,6.32609319,6.34239767,6.27174528,6.34239767
1676644200,6.34239767,6.34239767,6.26631055,6.30435397
1676646000,6.30435397,6.34783241,6.30435397,6.34783241
1676874600,6.37500636,6.37500636,6.37500636,6.37500636
1676876400,6.36957134,6.53261506,6.30435397,6.45652822
1676878200,6.45652822,6.48913691,6.36413661,6.40218031
1676880000,6.3967453,6.45652822,6.28261475,6.34239767
1676881800,6.33696266,6.47283242,6.33152792,6.434789
1676883600,6.434789,6.48913691,6.3967453,6.3967453
1676885400,6.40218031,6.42935427,6.38587583,6.42391925
1676887200,6.42391925,6.48913691,6.41304978,6.44565847
1676889000,6.44022374,6.47283242,6.42935427,6.46739769
1676890800,6.46739769,6.46739769,6.38587583,6.41304978
1676892600,6.41304978,6.42935427,6.3967453,6.41304978
1676894400,6.41304978,6.41848452,6.33152792,6.34783241
1676896200,6.35326714,6.37500636,6.2554408,6.36413661
1676898000,6.36413661,6.37500636,6.33696266,6.36957134
1676899800,6.36413661,6.41304978,6.35870188,6.3967453
1676901600,6.3967453,6.46196295,6.37500636,6.42391925
1676903400,6.42935427,6.42935427,6.35870188,6.37500636
1676905200,6.36957134,6.36957134,6.36957134,6.36957134
1676961000,6.34783241,6.34783241,6.34783241,6.34783241
1676962800,6.34239767,6.34239767,6.20109318,6.21196264
1676964600,6.20652791,6.33696266,6.11957132,6.32609319
1676966400,6.33152792,6.4510932,6.21196264,6.2554408
1676968200,6.2554408,6.26631055,6.18478869,6.21739738
1676970000,6.21196264,6.22826684,6.17391922,6.19565816
1676971800,6.19565816,6.24457133,6.18478869,6.22826684
1676973600,6.22826684,6.23370186,6.17935396,6.19565816
1676975400,6.19565816,6.20109318,6.17391922,6.19565816
1676977200,6.19565816,6.20652791,6.1684842,6.18478869
1676979000,6.18478869,6.20652791,6.17935396,6.20109318
1676980800,6.20109318,6.23370186,6.18478869,6.21196264
1676982600,6.21196264,6.22283211,6.19022342,6.19565816
1676984400,6.20109318,6.20652791,6.17935396,6.18478869
1676986200,6.18478869,6.20109318,6.17391922,6.18478869
1676988000,6.18478869,6.21196264,6.15218,6.16304947
1676989800,6.16304947,6.20109318,6.13044078,6.13587552
1676991600,6.13587552,6.13587552,6.13587552,6.13587552
1677047400,6.12500605,6.12500605,6.12500605,6.12500605
1677049200,6.11957132,6.21739738,6.02174497,6.07065814
1677051000,6.06522341,6.10326683,5.99457102,6.02174497
1677052800,6.02717971,6.06522341,5.98913629,6.00000575
1677054600,6.00000575,6.00000575,5.92391891,5.95109287
1677056400,5.9565276,5.96739707,5.92391891,5.94565813
1677058200,5.94565813,5.95109287,5.90761443,5.92391891
1677060000,5.92391891,5.98370155,5.91304916,5.93478838
1677061800,5.94022311,5.97826682,5.93478838,5.96739707
1677063600,5.97283208,6.00544077,5.94022311,5.95109287
1677065400,5.9565276,5.96739707,5.93478838,5.96739707
1677067200,5.96196233,5.97283208,5.89674496,5.91848418
1677069000,5.91848418,5.92935365,5.88587521,5.90761443
1677070800,5.91304916,5.92391891,5.88044047,5.89674496
1677072600,5.89674496,5.90217969,5.85870154,5.86957101
1677074400,5.86957101,5.89674496,5.83152759,5.85870154
1677076200,5.86413627,5.88587521,5.83152759,5.84239705
1677078000,5.84239705,5.84239705,5.83152759,5.83152759
1677133800,5.54891859,5.54891859,5.54891859,5.54891859
1677135600,5.54891859,5.70652729,5.5163099,5.68478807
1677137400,5.68478807,5.76630993,5.6739186,5.70109255
1677139200,5.69565782,5.71739704,5.64130991,5.65217938
1677141000,5.65217938,5.66848387,5.61413596,5.64130991
1677142800,5.64130991,5.65761412,5.60326649,5.63587518
1677144600,5.63587518,5.69022309,5.63587518,5.66848387
1677146400,5.66304913,5.80435363,5.65217938,5.71739704
1677148200,5.71739704,5.79348388,5.71196202,5.73370124
1677150000,5.73370124,5.78261441,5.69565782,5.73913597
1677151800,5.73370124,6.05978868,5.72283177,5.98370155
1677153600,5.97826682,6.00544077,5.89674496,5.91848418
1677155400,5.91304916,5.94565813,5.85326652,5.88587521
1677157200,5.88044047,5.89674496,5.85326652,5.86413627
1677159000,5.86957101,5.89674496,5.79891861,5.83696232
1677160800,5.83696232,5.85870154,5.79891861,5.82065783
1677162600,5.82065783,5.86957101,5.77717968,5.83696232
1677164400,5.85326652,5.85326652,5.85326652,5.85326652
1677220200,5.83152759,5.83152759,5.83152759,5.83152759
1677222000,5.83152759,5.85326652,5.72826651,5.75544046
1677223800,5.75544046,5.78804915,5.74457099,5.75544046
1677225600,5.75544046,5.76630993,5.72283177,5.73370124
1677227400,5.73370124,5.79891861,5.72826651,5.75000573
1677229200,5.75000573,5.77717968,5.75000573,5.75544046
1677231000,5.76087519,5.76087519,5.74457099,5.74457099
1677232800,5.75000573,5.76630993,5.73370124,5.76087519
1677234600,5.75544046,5.76087519,5.73370124,5.75000573
1677236400,5.75000573,5.77174466,5.73913597,5.75544046
1677238200,5.75000573,5.80978837,5.73913597,5.77174466
1677240000,5.77174466,5.77717968,5.71196202,5.73370124
1677241800,5.73370124,5.73913597,5.71196202,5.71196202
1677243600,5.71739704,5.73370124,5.67935334,5.71196202
1677245400,5.71196202,5.73370124,5.68478807,5.72283177
1677247200,5.71739704,5.75544046,5.70109255,5.71739704
1677249000,5.71739704,5.73913597,5.68478807,5.70652729
1677250800,5.70109255,5.70109255,5.70109255,5.70109255
1677479400,5.68478807,5.68478807,5.68478807,5.68478807
1677481200,5.67935334,5.74457099,5.54891859,5.55435332
1677483000,5.55435332,5.58696201,5.50544015,5.57609254
1677484800,5.58152727,5.58152727,5.52717937,5.55978806
1677486600,5.56522279,5.59239674,5.55435332,5.55978806
1677488400,5.55978806,5.69022309,5.55435332,5.65217938
1677490200,5.65761412,5.66304913,5.57065752,5.60870123
1677492000,5.61413596,5.67935334,5.59783148,5.66304913
1677493800,5.66848387,5.80978837,5.65761412,5.79348388
1677495600,5.79348388,5.88044047,5.77174466,5.85326652
1677497400,5.85326652,5.86957101,5.76087519,5.78261441
1677499200,5.78804915,5.79348388,5.74457099,5.76087519
1677501000,5.76630993,5.78804915,5.73370124,5.77717968
1677502800,5.77717968,5.83696232,5.76087519,5.8152231
1677504600,5.80978837,5.89674496,5.78804915,5.86957101
1677506400,5.85870154,5.89131023,5.84239705,5.86957101
1677508200,5.86957101,5.86957101,5.77174466,5.83152759
1677510000,5.83152759,5.83696232,5.83152759,5.83696232
1677565800,5.97283208,5.97283208,5.97283208,5.97283208
1677567600,5.96196233,5.98370155,5.86413627,5.94565813
1677569400,5.95109287,5.9565276,5.89674496,5.91304916
1677571200,5.91304916,5.93478838,5.89131023,5.90217969
1677573000,5.89674496,5.90761443,5.88044047,5.89674496
1677574800,5.89674496,5.93478838,5.88587521,5.90761443
1677576600,5.90217969,5.91304916,5.88587521,5.89131023
1677578400,5.89131023,5.91304916,5.89131023,5.89674496
1677580200,5.89674496,5.90217969,5.88587521,5.89131023
1677582000,5.89131023,5.96739707,5.88587521,5.94565813
1677583800,5.94565813,5.96196233,5.90761443,5.91304916
1677585600,5.91304916,5.9565276,5.90217969,5.93478838
1677587400,5.92935365,5.94565813,5.90217969,5.91304916
1677589200,5.91304916,5.91848418,5.86413627,5.88044047
1677591000,5.88044047,5.89674496,5.86957101,5.87500574
1677592800,5.87500574,5.90761443,5.83696232,5.89131023
1677594600,5.89131023,6.03804946,5.83152759,5.96196233
1677596400,5.96196233,5.97826682,5.96196233,5.97826682
1677652200,6.06522341,6.06522341,6.06522341,6.06522341
1677654000,6.07065814,6.15218,6.03261472,6.10326683
1677655800,6.0978321,6.14131025,6.07065814,6.10870157
1677657600,6.10870157,6.1141363,6.07065814,6.07609288
1677659400,6.07609288,6.08152761,6.04891893,6.05978868
1677661200,6.05978868,6.10326683,6.04348419,6.06522341
1677663000,6.07065814,6.09239736,6.05435366,6.08696263
1677664800,6.08696263,6.0978321,6.07609288,6.08696263
1677666600,6.08152761,6.10326683,6.08152761,6.08696263
1677668400,6.09239736,6.13587552,6.05978868,6.06522341
1677670200,6.06522341,6.09239736,6.05435366,6.07609288
1677672000,6.07065814,6.14674527,6.05978868,6.1141363
1677673800,6.1141363,6.15761474,6.10870157,6.13587552
1677675600,6.14131025,6.22826684,6.10870157,6.19022342
1677677400,6.18478869,6.26631055,6.15218,6.16304947
1677679200,6.16304947,6.20109318,6.13044078,6.19565816
1677681000,6.19565816,6.20109318,6.10870157,6.11957132
1677682800,6.14131025,6.14131025,6.14131025,6.14131025
1677738600,6.10326683,6.10326683,6.10326683,6.10326683
1677740400,6.0978321,6.20652791,6.08696263,6.15761474
1677742200,6.15761474,6.19022342,6.11957132,6.13044078
1677744000,6.13044078,6.15761474,6.11957132,6.13044078
1677745800,6.13044078,6.14674527,6.12500605,6.12500605
1677747600,6.12500605,6.13044078,6.06522341,6.07065814
1677749400,6.07065814,6.09239736,6.03261472,6.06522341
1677751200,6.06522341,6.10326683,6.05978868,6.09239736
1677753000,6.0978321,6.0978321,6.05978868,6.07065814
1677754800,6.06522341,6.08152761,6.05435366,6.06522341
1677756600,6.06522341,6.0978321,6.04891893,6.05978868
1677758400,6.06522341,6.06522341,6.00000575,6.03261472
1677760200,6.03804946,6.04891893,6.00000575,6.02717971
1677762000,6.02717971,6.03261472,5.94022311,6.01631024
1677763800,6.02174497,6.02174497,5.9565276,5.98370155
1677765600,5.98370155,6.03804946,5.93478838,5.95109287
1677767400,5.95109287,5.96739707,5.83152759,5.88587521
1677769200,5.88587521,5.88587521,5.88587521,5.88587521
1677825000,5.86957101,5.86957101,5.86957101,5.86957101
1677826800,5.86957101,5.90761443,5.79348388,5.84783179
1677828600,5.84783179,5.86957101,5.8152231,5.84783179
1677830400,5.84783179,5.86413627,5.75000573,5.77174466
1677832200,5.77174466,5.80435363,5.75000573,5.76087519
1677834000,5.76087519,5.78804915,5.72826651,5.76630993
1677835800,5.76630993,5.80978837,5.75000573,5.79891861
1677837600,5.79891861,5.83696232,5.78261441,5.82609257
1677839400,5.82609257,5.83152759,5.78804915,5.80435363
1677841200,5.79891861,5.82609257,5.76630993,5.79348388
1677843000,5.78804915,5.80435363,5.76630993,5.78804915
1677844800,5.78804915,5.79891861,5.60326649,5.66848387
1677846600,5.66304913,5.78804915,5.62500543,5.73370124
1677848400,5.73370124,5.85326652,5.69565782,5.73913597
1677850200,5.74457099,5.83152759,5.70109255,5.78261441
1677852000,5.77717968,5.84783179,5.75544046,5.80435363
1677853800,5.80435363,5.95109287,5.78804915,5.91304916
1677855600,5.89131023,5.89131023,5.89131023,5.89131023
1678084200,5.89131023,5.89131023,5.89131023,5.89131023
1678086000,5.89131023,6.0108755,5.86957101,5.92935365
1678087800,5.92935365,5.94565813,5.90217969,5.94022311
1678089600,5.94022311,6.07065814,5.93478838,6.00000575
1678091400,6.00000575,6.02174497,5.97283208,6.01631024
1678093200,6.01631024,6.02717971,5.99457102,5.99457102
1678095000,5.99457102,6.01631024,5.97826682,5.99457102
1678096800,5.99457102,6.08152761,5.97283208,6.04348419
1678098600,6.04891893,6.07609288,6.03261472,6.04891893
1678100400,6.04891893,6.08696263,6.03261472,6.07065814
1678102200,6.07609288,6.08152761,6.03804946,6.05978868
1678104000,6.05978868,6.0978321,6.05978868,6.07609288
1678105800,6.07609288,6.1141363,6.05978868,6.09239736
1678107600,6.08696263,6.14674527,6.07609288,6.11957132
1678109400,6.11957132,6.18478869,6.10326683,6.15218
1678111200,6.15761474,6.22283211,6.15218,6.15761474
1678113000,6.15761474,6.16304947,6.07609288,6.08696263
1678114800,6.08152761,6.08152761,6.07065814,6.07065814
1678170600,6.15761474,6.15761474,6.15761474,6.15761474
1678172400,6.16304947,6.19565816,6.1141363,6.14131025
1678174200,6.14131025,6.15218,6.10326683,6.11957132
1678176000,6.12500605,6.12500605,6.07609288,6.10870157
1678177800,6.10870157,6.1141363,6.06522341,6.10326683
1678179600,6.0978321,6.1141363,6.08696263,6.0978321
1678181400,6.09239736,6.0978321,6.05978868,6.06522341
1678183200,6.05978868,6.08696263,6.03804946,6.05978868
1678185000,6.05978868,6.07609288,6.01631024,6.06522341
1678186800,6.06522341,6.08696263,6.05435366,6.08152761
1678188600,6.08152761,6.0978321,6.06522341,6.07065814
1678190400,6.07065814,6.10326683,6.05435366,6.07065814
1678192200,6.07065814,6.08152761,6.03804946,6.03804946
1678194000,6.04348419,6.04891893,6.02174497,6.03261472
1678195800,6.03261472,6.07609288,6.02174497,6.07065814
1678197600,6.07065814,6.07065814,6.03261472,6.03804946
1678199400,6.03804946,6.05978868,5.98370155,5.99457102
1678201200,5.97826682,5.97826682,5.97826682,5.97826682
1678257000,6.00544077,6.00544077,6.00544077,6.00544077
1678258800,6.01631024,6.02717971,5.92935365,5.99457102
1678260600,6.00000575,6.09239736,5.98370155,6.05978868
1678262400,6.05978868,6.07609288,6.00544077,6.02717971
1678264200,6.02717971,6.04891893,6.00544077,6.04348419
1678266000,6.03804946,6.05435366,6.02174497,6.03804946
1678267800,6.03804946,6.04348419,6.02174497,6.02174497
1678269600,6.02717971,6.02717971,6.00544077,6.0108755
1678271400,6.0108755,6.01631024,5.98370155,5.98913629
1678273200,5.98913629,6.0108755,5.96739707,5.99457102
1678275000,6.00000575,6.00544077,5.98370155,6.00000575
1678276800,5.99457102,6.0108755,5.97826682,5.98913629
1678278600,5.99457102,6.00544077,5.97826682,6.00000575
1678280400,6.00000575,6.02717971,5.99457102,6.02717971
1678282200,6.02717971,6.06522341,6.02174497,6.05435366
1678284000,6.05435366,6.08152761,5.98913629,5.98913629
1678285800,5.98913629,6.02174497,5.93478838,5.99457102
1678287600,5.98913629,5.98913629,5.98913629,5.98913629
1678343400,5.98913629,5.98913629,5.98913629,5.98913629
1678345200,5.98913629,6.05435366,5.98913629,6.00544077
1678347000,6.00544077,6.02717971,5.99457102,6.0108755
1678348800,6.0108755,6.07065814,6.00000575,6.02174497
1678350600,6.01631024,6.03261472,6.00000575,6.0108755
1678352400,6.0108755,6.04348419,6.0108755,6.03804946
1678354200,6.03804946,6.04891893,6.01631024,6.02717971
1678356000,6.02717971,6.03261472,6.0108755,6.02174497
1678357800,6.02174497,6.03261472,6.00000575,6.00544077
1678359600,6.0108755,6.01631024,5.98370155,6.00544077
1678361400,6.0108755,6.01631024,5.99457102,6.00000575
1678363200,6.00000575,6.00544077,5.94565813,5.97826682
1678365000,5.97283208,6.00000575,5.96196233,5.96739707
1678366800,5.96739707,5.97826682,5.95109287,5.96196233
1678368600,5.96196233,5.97826682,5.95109287,5.97283208
1678370400,5.97826682,5.98913629,5.95109287,5.96739707
1678372200,5.96739707,5.97283208,5.92391891,5.95109287
1678374000,5.92935365,5.92935365,5.92935365,5.92935365
1678429800,5.97283208,5.97283208,5.97283208,5.97283208
1678431600,5.97826682,6.10870157,5.97283208,6.06522341
1678433400,6.06522341,6.07065814,6.02717971,6.04891893
1678435200,6.05435366,6.14131025,6.03804946,6.1141363
1678437000,6.1141363,6.12500605,6.07609288,6.09239736
1678438800,6.09239736,6.10326683,6.07609288,6.08696263
1678440600,6.08696263,6.09239736,6.04891893,6.06522341
1678442400,6.05978868,6.07065814,6.04348419,6.05978868
1678444200,6.06522341,6.06522341,6.03261472,6.03804946
1678446000,6.03261472,6.09239736,6.03261472,6.06522341
1678447800,6.07065814,6.09239736,6.06522341,6.07065814
1678449600,6.07065814,6.09239736,6.06522341,6.08152761
1678451400,6.08152761,6.08696263,6.04348419,6.04348419
1678453200,6.04348419,6.05978868,6.00544077,6.04348419
1678455000,6.04348419,6.11957132,6.03804946,6.07609288
1678456800,6.07065814,6.10870157,6.05978868,6.08152761
1678458600,6.07609288,6.08152761,6.04348419,6.05978868
1678460400,6.05435366,6.05435366,6.05435366,6.05435366
1678689000,6.22283211,6.22283211,6.22283211,6.22283211
1678690800,6.22826684,6.45652822,6.20652791,6.35870188
1678692600,6.36413661,6.3967453,6.2934845,6.38587583
1678694400,6.38587583,6.40218031,6.33696266,6.36413661
1678696200,6.36413661,6.3967453,6.30435397,6.35326714
1678698000,6.34783241,6.35870188,6.3097887,6.32065846
1678699800,6.32609319,6.40218031,6.31522372,6.37500636
1678701600,6.37500636,6.38587583,6.32065846,6.35326714
1678703400,6.35326714,6.42935427,6.34239767,6.42391925
1678705200,6.42391925,6.42391925,6.34239767,6.35326714
1678707000,6.35326714,6.36957134,6.32609319,6.32609319
1678708800,6.32609319,6.34783241,6.30435397,6.33696266
1678710600,6.33696266,6.34239767,6.2934845,6.33696266
1678712400,6.33696266,6.36413661,6.32609319,6.34783241
1678714200,6.34783241,6.40218031,6.32065846,6.3804411
1678716000,6.38587583,6.39131056,6.31522372,6.32609319
1678717800,6.33152792,6.50000637,6.31522372,6.45652822
1678719600,6.4510932,6.47283242,6.4510932,6.47283242
1678775400,6.41848452,6.41848452,6.41848452,6.41848452
1678777200,6.41848452,6.46196295,6.28804977,6.3097887
1678779000,6.3097887,6.33152792,6.28804977,6.3097887
1678780800,6.30435397,6.3097887,6.2391366,6.26087582
1678782600,6.26087582,6.27174528,6.22826684,6.25000606
1678784400,6.24457133,6.24457133,6.19565816,6.22283211
1678786200,6.22283211,6.22826684,6.17391922,6.19022342
1678788000,6.18478869,6.21196264,6.16304947,6.20652791
1678789800,6.21196264,6.2554408,6.19022342,6.24457133
1678791600,6.24457133,6.26631055,6.21739738,6.2554408
1678793400,6.2554408,6.27718002,6.23370186,6.25000606
1678795200,6.25000606,6.27174528,6.2391366,6.25000606
1678797000,6.24457133,6.32065846,6.23370186,6.30435397
1678798800,6.3097887,6.32609319,6.26087582,6.26631055
1678800600,6.26631055,6.27174528,6.18478869,6.19565816
1678802400,6.20109318,6.22283211,6.16304947,6.17391922
1678804200,6.17391922,6.17935396,6.10870157,6.14674527
1678806000,6.14674527,6.14674527,6.13587552,6.13587552
1678861800,6.26631055,6.26631055,6.26631055,6.26631055
1678863600,6.26631055,6.3097887,6.14674527,6.15761474
1678865400,6.16304947,6.19022342,6.11957132,6.1684842
1678867200,6.16304947,6.19022342,6.14674527,6.15761474
1678869000,6.15218,6.16304947,6.0978321,6.11957132
1678870800,6.1141363,6.1141363,6.07609288,6.10870157
1678872600,6.10870157,6.10870157,6.04348419,6.07065814
1678874400,6.07065814,6.1141363,6.05978868,6.07609288
1678876200,6.07609288,6.08152761,6.03261472,6.05978868
1678878000,6.05978868,6.0978321,6.03804946,6.04891893
1678879800,6.04348419,6.12500605,6.03804946,6.07065814
1678881600,6.06522341,6.1141363,6.04348419,6.10326683
1678883400,6.10870157,6.17935396,6.10326683,6.16304947
1678885200,6.16304947,6.36957134,6.15761474,6.27718002
1678887000,6.28261475,6.34783241,6.19022342,6.21196264
1678888800,6.21196264,6.26087582,6.17391922,6.22283211
1678890600,6.22283211,6.2934845,6.17391922,6.22283211
1678892400,6.21196264,6.21196264,6.21196264,6.21196264
1678948200,6.12500605,6.12500605,6.12500605,6.12500605
1678950000,6.11957132,6.27718002,6.07609288,6.17391922
1678951800,6.17391922,6.27174528,6.11957132,6.24457133
1678953600,6.24457133,6.25000606,6.19022342,6.2391366
1678955400,6.2391366,6.24457133,6.17935396,6.19565816
1678957200,6.19022342,6.25000606,6.18478869,6.2391366
1678959000,6.23370186,6.2391366,6.20109318,6.20652791
1678960800,6.20652791,6.23370186,6.20109318,6.21196264
1678962600,6.21739738,6.25000606,6.20652791,6.23370186
1678964400,6.22826684,6.24457133,6.21196264,6.21739738
1678966200,6.21739738,6.22283211,6.20109318,6.21739738
1678968000,6.21739738,6.22826684,6.20109318,6.21196264
1678969800,6.20652791,6.41304978,6.19022342,6.28804977
1678971600,6.28804977,6.38587583,6.2391366,6.31522372
1678973400,6.31522372,6.36413661,6.28804977,6.35326714
1678975200,6.34783241,6.36413661,6.27174528,6.28804977
1678977000,6.28804977,6.32609319,6.25000606,6.27718002
1678978800,6.27718002,6.27718002,6.27718002,6.27718002
1679034600,6.36957134,6.36957134,6.36957134,6.36957134
1679036400,6.36957134,6.39131056,6.28261475,6.30435397
1679038200,6.30435397,6.30435397,6.27174528,6.27718002
1679040000,6.27718002,6.28261475,6.26087582,6.27174528
1679041800,6.27174528,6.28804977,6.26087582,6.28804977
1679043600,6.28804977,6.29891924,6.27174528,6.28261475
1679045400,6.27718002,6.28804977,6.27174528,6.27718002
1679047200,6.27718002,6.27718002,6.25000606,6.2554408
1679049000,6.2554408,6.2554408,6.20652791,6.22826684
1679050800,6.22283211,6.24457133,6.19565816,6.21739738
1679052600,6.22283211,6.22283211,6.14674527,6.1684842
1679054400,6.1684842,6.19565816,6.09239736,6.0978321
1679056200,6.10326683,6.17391922,6.07609288,6.1141363
1679058000,6.1141363,6.13044078,6.09239736,6.13044078
1679059800,6.13044078,6.16304947,6.1141363,6.13587552
1679061600,6.13044078,6.1684842,6.08696263,6.10870157
1679063400,6.10870157,6.13044078,6.07065814,6.08152761
1679065200,6.07065814,6.07065814,6.07065814,6.07065814
1679293800,6.07609288,6.07609288,6.07609288,6.07609288
1679295600,6.07609288,6.10326683,5.88587521,5.94565813
1679297400,5.94022311,6.0108755,5.92935365,5.96739707
1679299200,5.96739707,5.98913629,5.92391891,5.94022311
1679301000,5.93478838,5.94565813,5.91304916,5.94565813
1679302800,5.94022311,5.94565813,5.89131023,5.91304916
1679304600,5.90761443,5.92935365,5.87500574,5.92391891
1679306400,5.92391891,5.93478838,5.89131023,5.92935365
1679308200,5.92935365,5.94565813,5.89674496,5.90217969
1679310000,5.89674496,5.90761443,5.87500574,5.87500574
1679311800,5.88044047,5.89131023,5.83152759,5.84239705
1679313600,5.84239705,5.88587521,5.80435363,5.88044047
1679315400,5.88044047,5.89131023,5.84783179,5.88044047
1679317200,5.88044047,5.92391891,5.84783179,5.90217969
1679319000,5.90217969,5.91304916,5.83696232,5.89674496
1679320800,5.89131023,5.90761443,5.80978837,5.82065783
1679322600,5.82065783,5.82609257,5.77717968,5.78261441
1679324400,5.76087519,5.76087519,5.76087519,5.76087519
1679380200,5.76087519,5.76087519,5.76087519,5.76087519
1679382000,5.75544046,5.84783179,5.69565782,5.79891861
1679383800,5.80435363,5.82609257,5.76087519,5.76630993
1679385600,5.76087519,5.90217969,5.75000573,5.83696232
1679387400,5.83696232,5.84783179,5.79348388,5.80435363
1679389200,5.79891861,5.79891861,5.75544046,5.76087519
1679391000,5.76087519,5.76630993,5.72826651,5.73370124
1679392800,5.73370124,5.76630993,5.69565782,5.73913597
1679394600,5.73913597,5.75544046,5.70652729,5.72283177
1679396400,5.71739704,5.73913597,5.69565782,5.71196202
1679398200,5.70652729,5.72283177,5.67935334,5.72283177
1679400000,5.72283177,5.75544046,5.70109255,5.74457099
1679401800,5.74457099,5.80435363,5.74457099,5.76630993
1679403600,5.77174466,5.80978837,5.75000573,5.75544046
1679405400,5.75544046,5.80978837,5.75000573,5.79891861
1679407200,5.80435363,5.85326652,5.75544046,5.76087519
1679409000,5.75544046,5.77174466,5.6739186,5.72826651
1679410800,5.86957101,5.86957101,5.86957101,5.86957101
1679466600,5.8152231,5.8152231,5.8152231,5.8152231
1679468400,5.8152231,5.86413627,5.73913597,5.78804915
1679470200,5.78804915,5.80978837,5.77717968,5.79891861
1679472000,5.80435363,5.83696232,5.78804915,5.83152759
1679473800,5.83152759,5.85870154,5.80435363,5.85870154
1679475600,5.86413627,5.89131023,5.80978837,5.82065783
1679477400,5.8152231,5.84239705,5.8152231,5.83152759
1679479200,5.82609257,5.88587521,5.82609257,5.86413627
1679481000,5.86413627,5.92935365,5.85870154,5.89674496
1679482800,5.89674496,5.90761443,5.82609257,5.83152759
1679484600,5.83152759,5.85870154,5.80978837,5.85326652
1679486400,5.84783179,5.86413627,5.79891861,5.8152231
1679488200,5.8152231,5.85870154,5.8152231,5.83696232
1679490000,5.83152759,5.84239705,5.77174466,5.79891861
1679491800,5.80435363,5.86413627,5.78804915,5.85870154
1679493600,5.85870154,5.91848418,5.84239705,5.86957101
1679495400,5.86413627,5.86957101,5.79348388,5.8152231
1679497200,5.77717968,5.77717968,5.77717968,5.77717968
1679553000,5.77717968,5.77717968,5.77717968,5.77717968
1679554800,5.77717968,5.8152231,5.76087519,5.77717968
1679556600,5.77717968,5.79348388,5.75000573,5.78261441
1679558400,5.78261441,5.80978837,5.75544046,5.76087519
1679560200,5.76087519,5.78261441,5.72283177,5.75000573
1679562000,5.75000573,5.77717968,5.73370124,5.75544046
1679563800,5.75544046,5.76087519,5.73370124,5.74457099
1679565600,5.74457099,5.75000573,5.72283177,5.73370124
1679567400,5.73370124,5.76630993,5.71196202,5.73913597
1679569200,5.73913597,5.76087519,5.71739704,5.73913597
1679571000,5.74457099,5.76087519,5.73370124,5.73913597
1679572800,5.73913597,5.73913597,5.71196202,5.72283177
1679574600,5.71739704,5.73370124,5.69565782,5.71739704
1679576400,5.71196202,5.72826651,5.69565782,5.71739704
1679578200,5.71196202,5.72826651,5.70109255,5.71739704
1679580000,5.71196202,5.75544046,5.71196202,5.72283177
1679581800,5.72826651,5.78261441,5.71196202,5.76087519
1679583600,5.73913597,5.73913597,5.73913597,5.73913597
1679639400,5.75000573,5.75000573,5.75000573,5.75000573
1679641200,5.75544046,5.87500574,5.74457099,5.82609257
1679643000,5.83152759,5.89131023,5.82065783,5.88587521
1679644800,5.88044047,5.89674496,5.80978837,5.82609257
1679646600,5.82609257,5.82609257,5.79348388,5.80435363
1679648400,5.79891861,5.80435363,5.78261441,5.78804915
1679650200,5.78804915,5.78804915,5.76087519,5.77174466
1679652000,5.77174466,5.77174466,5.72826651,5.77174466
1679653800,5.77174466,5.79348388,5.76630993,5.78261441
1679655600,5.78804915,5.78804915,5.75544046,5.77717968
1679657400,5.77717968,5.77717968,5.74457099,5.75000573
1679659200,5.75000573,5.78804915,5.73370124,5.78261441
1679661000,5.77717968,5.79348388,5.77174466,5.77717968
1679662800,5.77717968,5.78804915,5.75544046,5.78804915
1679664600,5.78804915,5.80435363,5.75000573,5.77174466
1679666400,5.77174466,5.84783179,5.76630993,5.83152759
1679668200,5.83696232,5.84783179,5.76630993,5.77174466
1679670000,5.78804915,5.78804915,5.78804915,5.78804915
1679898600,5.8152231,5.8152231,5.8152231,5.8152231
1679900400,5.82065783,5.84239705,5.75000573,5.76087519
1679902200,5.76087519,5.77174466,5.71196202,5.71196202
1679904000,5.70652729,5.75000573,5.69565782,5.70109255
1679905800,5.69565782,5.71739704,5.67935334,5.71196202
1679907600,5.71739704,5.72283177,5.69565782,5.71739704
1679909400,5.71739704,5.72826651,5.69022309,5.71196202
1679911200,5.71196202,5.72826651,5.70109255,5.71196202
1679913000,5.71196202,5.72283177,5.69022309,5.70109255
1679914800,5.70109255,5.71196202,5.69022309,5.69022309
1679916600,5.69565782,5.72283177,5.69022309,5.72283177
1679918400,5.72283177,5.73370124,5.71196202,5.71196202
1679920200,5.71196202,5.74457099,5.70652729,5.73370124
1679922000,5.73370124,5.73370124,5.71196202,5.71739704
1679923800,5.71739704,5.74457099,5.71196202,5.73913597
1679925600,5.73913597,5.74457099,5.70109255,5.71739704
1679927400,5.71739704,5.75544046,5.65217938,5.6739186
1679929200,5.64674465,5.64674465,5.64674465,5.64674465
1679985000,5.64674465,5.64674465,5.64674465,5.64674465
1679986800,5.64674465,5.66304913,5.55435332,5.57609254
1679988600,5.57609254,5.61413596,5.57065752,5.58152727
1679990400,5.58152727,5.60326649,5.56522279,5.58152727
1679992200,5.58152727,5.59239674,5.5326141,5.54891859
1679994000,5.54348357,5.55435332,5.5163099,5.5326141
1679995800,5.5326141,5.57065752,5.52717937,5.56522279
1679997600,5.56522279,5.57609254,5.5163099,5.52174464
1679999400,5.52174464,5.53804884,5.49457068,5.53804884
1680001200,5.53804884,5.54891859,5.5163099,5.53804884
1680003000,5.53804884,5.59239674,5.5326141,5.55978806
1680004800,5.56522279,5.58696201,5.54891859,5.55435332
1680006600,5.55435332,5.55435332,5.5163099,5.5326141
1680008400,5.53804884,5.54891859,5.5163099,5.52174464
1680010200,5.5163099,5.52717937,5.48913595,5.51087488
1680012000,5.50544015,5.54348357,5.46739673,5.48370093
1680013800,5.48913595,5.49457068,5.43207053,5.43478804
1680015600,5.43478804,5.43478804,5.41304882,5.41304882
1680071400,5.43207053,5.43207053,5.43207053,5.43207053
1680073200,5.43478804,5.57065752,5.43478804,5.53804884
1680075000,5.54348357,5.54891859,5.4782662,5.54891859
1680076800,5.54891859,5.56522279,5.52717937,5.55435332
1680078600,5.55978806,5.55978806,5.5163099,5.52174464
1680080400,5.52174464,5.53804884,5.49457068,5.50000542
1680082200,5.50000542,5.5163099,5.44022278,5.45652698
1680084000,5.45652698,5.48370093,5.45109224,5.47283146
1680085800,5.47283146,5.50000542,5.46739673,5.48370093
1680087600,5.4782662,5.51087488,5.4782662,5.49457068
1680089400,5.50000542,5.52717937,5.47283146,5.4782662
1680091200,5.4782662,5.50000542,5.46739673,5.49457068
1680093000,5.49457068,5.52717937,5.48913595,5.52717937
1680094800,5.52174464,5.59783148,5.52174464,5.54348357
1680096600,5.54891859,5.6195707,5.5326141,5.58152727
1680098400,5.58696201,5.66848387,5.58696201,5.63587518
1680100200,5.63044045,5.91848418,5.63044045,5.80978837
1680102000,5.8152231,5.8152231,5.79891861,5.79891861
1680157800,5.80435363,5.80435363,5.80435363,5.80435363
1680159600,5.79891861,5.84239705,5.70652729,5.76087519
1680161400,5.76087519,5.79348388,5.72826651,5.73913597
1680163200,5.74457099,5.75000573,5.71739704,5.72283177
1680165000,5.71739704,5.72826651,5.69565782,5.72283177
1680166800,5.72283177,5.72826651,5.70109255,5.71739704
1680168600,5.71739704,5.72283177,5.70109255,5.71739704
1680170400,5.71196202,5.75000573,5.70652729,5.73913597
1680172200,5.74457099,5.78261441,5.73370124,5.77717968
1680174000,5.77174466,5.78261441,5.74457099,5.76630993
1680175800,5.76087519,5.82065783,5.75000573,5.8152231
1680177600,5.8152231,5.82065783,5.78261441,5.79348388
1680179400,5.79348388,5.82065783,5.75544046,5.76087519
1680181200,5.76087519,5.76087519,5.71739704,5.72283177
1680183000,5.72283177,5.73913597,5.70652729,5.73370124
1680184800,5.73370124,5.73370124,5.62500543,5.64674465
1680186600,5.64674465,5.66304913,5.60326649,5.63587518
1680188400,5.6195707,5.6195707,5.6195707,5.6195707
1680244200,5.57609254,5.57609254,5.57609254,5.57609254
1680246000,5.57609254,5.59239674,5.51087488,5.52174464
1680247800,5.52174464,5.53804884,5.47283146,5.48370093
1680249600,5.48913595,5.51087488,5.45652698,5.50000542
1680251400,5.49457068,5.5326141,5.48913595,5.50000542
1680253200,5.50000542,5.5326141,5.48913595,5.52717937
1680255000,5.52174464,5.52717937,5.48913595,5.51087488
1680256800,5.51087488,5.52174464,5.49457068,5.5163099
1680258600,5.5163099,5.52717937,5.49457068,5.50000542
1680260400,5.50000542,5.51087488,5.47283146,5.4782662
1680262200,5.4782662,5.48913595,5.45652698,5.48913595
1680264000,5.48913595,5.51087488,5.48370093,5.50544015
1680265800,5.50544015,5.54348357,5.50544015,5.5326141
1680267600,5.5326141,5.55435332,5.48913595,5.50000542
1680269400,5.50000542,5.52174464,5.47283146,5.4782662
1680271200,5.4782662,5.51087488,5.46739673,5.51087488
1680273000,5.51087488,5.5326141,5.48913595,5.52717937
1680274800,5.52174464,5.52174464,5.45652698,5.45652698
1680503400,5.461962,5.461962,5.461962,5.461962
1680505200,5.47283146,5.56522279,5.45109224,5.45652698
1680507000,5.461962,5.461962,5.37228789,5.41033131
1680508800,5.41033131,5.45109224,5.38859238,5.4266358
1680510600,5.43207053,5.50000542,5.42120107,5.48913595
1680512400,5.48913595,5.48913595,5.44022278,5.461962
1680514200,5.461962,5.461962,5.42935302,5.45652698
1680516000,5.45652698,5.4782662,5.44565751,5.47283146
1680517800,5.47283146,5.4782662,5.45652698,5.47283146
1680519600,5.46739673,5.48370093,5.45652698,5.461962
1680521400,5.45652698,5.461962,5.42391829,5.44022278
1680523200,5.44022278,5.46739673,5.41576605,5.461962
1680525000,5.46739673,5.46739673,5.44022278,5.45652698
1680526800,5.45652698,5.52174464,5.43207053,5.5163099
1680528600,5.52174464,5.75000573,5.51087488,5.66848387
1680530400,5.66304913,5.70109255,5.61413596,5.6195707
1680532200,5.6195707,5.64130991,5.58152727,5.60326649
1680534000,5.60326649,5.6195707,5.60326649,5.6195707
1680589800,5.6195707,5.6195707,5.6195707,5.6195707
1680591600,5.6195707,5.6739186,5.57609254,5.6195707
1680593400,5.6195707,5.67935334,5.60326649,5.61413596
1680595200,5.60870123,5.6195707,5.57609254,5.60326649
1680597000,5.60326649,5.6195707,5.59783148,5.60870123
1680598800,5.61413596,5.61413596,5.57609254,5.59239674
1680600600,5.59239674,5.6195707,5.58696201,5.61413596
1680602400,5.6195707,5.63587518,5.60870123,5.6195707
1680604200,5.62500543,5.63044045,5.57609254,5.58696201
1680606000,5.58152727,5.60326649,5.57065752,5.58152727
1680607800,5.57609254,5.60870123,5.57065752,5.58152727
1680609600,5.58152727,5.59239674,5.56522279,5.59239674
1680611400,5.59239674,5.60326649,5.58152727,5.59239674
1680613200,5.59239674,5.60870123,5.56522279,5.58696201
1680615000,5.59239674,5.73370124,5.58696201,5.72826651
1680616800,5.72283177,5.83152759,5.72283177,5.77717968
1680618600,5.77174466,5.79348388,5.74457099,5.77174466
1680620400,5.77717968,5.77717968,5.76087519,5.76087519
1680676200,5.77174466,5.77174466,5.77174466,5.77174466
1680678000,5.77717968,5.82609257,5.75544046,5.77717968
1680679800,5.77717968,5.79891861,5.73370124,5.76630993
1680681600,5.76630993,5.77174466,5.74457099,5.74457099
1680683400,5.74457099,5.79348388,5.73913597,5.78261441
1680685200,5.78261441,5.79891861,5.77174466,5.78261441
1680687000,5.78804915,5.78804915,5.76630993,5.78804915
1680688800,5.78804915,5.79891861,5.76087519,5.77174466
1680690600,5.77174466,5.77717968,5.75000573,5.75000573
1680692400,5.75544046,5.76087519,5.71739704,5.73913597
1680694200,5.73913597,5.75000573,5.72283177,5.75000573
1680696000,5.75000573,5.77717968,5.74457099,5.76630993
1680697800,5.76630993,5.77174466,5.72283177,5.73913597
1680699600,5.73913597,5.75544046,5.71739704,5.72283177
1680701400,5.72283177,5.72826651,5.67935334,5.69565782
1680703200,5.69022309,5.71196202,5.66304913,5.66304913
1680705000,5.66848387,5.6739186,5.62500543,5.63044045
1680706800,5.63044045,5.63044045,5.63044045,5.63044045
1680762600,5.63587518,5.63587518,5.63587518,5.63587518
1680764400,5.63587518,5.68478807,5.60870123,5.6195707
1680766200,5.6195707,5.62500543,5.59783148,5.60326649
1680768000,5.60326649,5.65217938,5.58696201,5.62500543
1680769800,5.63044045,5.64674465,5.61413596,5.63044045
1680771600,5.63587518,5.63587518,5.60326649,5.61413596
1680773400,5.61413596,5.64130991,5.60870123,5.63044045
1680775200,5.63044045,5.64674465,5.62500543,5.64130991
1680777000,5.64130991,5.6739186,5.63587518,5.6739186
1680778800,5.6739186,5.67935334,5.63587518,5.64130991
1680780600,5.64130991,5.64130991,5.60326649,5.60870123
1680782400,5.60870123,5.61413596,5.54348357,5.56522279
1680784200,5.56522279,5.58152727,5.54891859,5.55435332
1680786000,5.54891859,5.56522279,5.53804884,5.55435332
1680787800,5.55978806,5.61413596,5.55435332,5.58152727
1680789600,5.58152727,5.59239674,5.5326141,5.54891859
1680791400,5.55435332,5.58152727,5.5163099,5.55435332
1680793200,5.54891859,5.54891859,5.54891859,5.54891859
1680849000,5.55435332,5.55435332,5.55435332,5.55435332
1680850800,5.55435332,5.61413596,5.54348357,5.59239674
1680852600,5.59239674,5.59783148,5.57065752,5.57609254
1680854400,5.57609254,5.58696201,5.55435332,5.57609254
1680856200,5.58152727,5.59239674,5.57065752,5.58152727
1680858000,5.58152727,5.60870123,5.57065752,5.59239674
1680859800,5.59239674,5.59239674,5.57609254,5.58152727
1680861600,5.58696201,5.59239674,5.57609254,5.58152727
1680863400,5.58152727,5.59783148,5.57065752,5.59239674
1680865200,5.58696201,5.59239674,5.54891859,5.57609254
1680867000,5.57609254,5.58152727,5.56522279,5.58152727
1680868800,5.58152727,5.60870123,5.57609254,5.59783148
1680870600,5.59783148,5.66304913,5.59239674,5.64130991
1680872400,5.64130991,5.71196202,5.63587518,5.71196202
1680874200,5.71196202,5.73370124,5.66304913,5.73370124
1680876000,5.73370124,5.73370124,5.64674465,5.64674465
1680877800,5.64674465,5.71196202,5.63587518,5.64674465
1680879600,5.66304913,5.66304913,5.66304913,5.66304913
1681108200,5.70652729,5.70652729,5.70652729,5.70652729
1681110000,5.70652729,5.77174466,5.68478807,5.73913597
1681111800,5.74457099,5.78804915,5.70109255,5.72283177
1681113600,5.72283177,5.78261441,5.72283177,5.77174466
1681115400,5.77174466,5.82065783,5.77174466,5.78804915
1681117200,5.79348388,5.91304916,5.78804915,5.85326652
1681119000,5.84783179,5.85870154,5.82065783,5.84783179
1681120800,5.84783179,5.85870154,5.82609257,5.83696232
1681122600,5.83696232,5.86957101,5.83152759,5.84239705
1681124400,5.83696232,5.86957101,5.83152759,5.85326652
1681126200,5.84783179,5.85326652,5.80435363,5.8152231
1681128000,5.8152231,5.83152759,5.79348388,5.80435363
1681129800,5.80435363,5.8152231,5.78261441,5.80978837
1681131600,5.8152231,5.84783179,5.8152231,5.83696232
1681133400,5.83696232,5.84783179,5.79891861,5.82065783
1681135200,5.82609257,6.02174497,5.82065783,5.9565276
1681137000,5.9565276,6.03804946,5.88587521,5.94022311
1681138800,5.94022311,5.94022311,5.94022311,5.94022311
1681194600,5.95109287,5.95109287,5.95109287,5.95109287
1681196400,5.95109287,6.01631024,5.89131023,5.90217969
1681198200,5.90217969,5.95109287,5.88587521,5.94022311
1681200000,5.94022311,5.94565813,5.85326652,5.88044047
1681201800,5.87500574,5.88044047,5.84239705,5.85870154
1681203600,5.86413627,5.88044047,5.85870154,5.87500574
1681205400,5.87500574,5.88044047,5.83696232,5.86957101
1681207200,5.86413627,5.90761443,5.85326652,5.88587521
1681209000,5.89131023,5.91304916,5.88587521,5.90217969
1681210800,5.90217969,5.90761443,5.86957101,5.90217969
1681212600,5.90761443,5.98913629,5.89674496,5.90761443
1681214400,5.91304916,5.9565276,5.90217969,5.9565276
1681216200,5.9565276,5.96196233,5.89674496,5.90761443
1681218000,5.90761443,5.91848418,5.86413627,5.89674496
1681219800,5.89674496,5.91304916,5.87500574,5.88044047
1681221600,5.88044047,5.90761443,5.84783179,5.90761443
1681223400,5.90761443,5.97283208,5.87500574,5.88587521
1681225200,5.88587521,5.88587521,5.88587521,5.88587521
1681281000,5.88587521,5.88587521,5.88587521,5.88587521
1681282800,5.88587521,5.89131023,5.84239705,5.86413627
1681284600,5.85870154,5.92935365,5.85326652,5.90761443
1681286400,5.90761443,5.96739707,5.89674496,5.91848418
1681288200,5.91848418,5.9565276,5.91304916,5.91304916
1681290000,5.91848418,5.97283208,5.91304916,5.94565813
1681291800,5.94565813,5.97826682,5.94022311,5.96739707
1681293600,5.97283208,5.97826682,5.95109287,5.96739707
1681295400,5.97283208,6.05978868,5.96739707,6.0108755
1681297200,6.0108755,6.10326683,6.00544077,6.09239736
1681299000,6.09239736,6.09239736,6.04891893,6.05435366
1681300800,6.05435366,6.08152761,6.04348419,6.05435366
1681302600,6.05435366,6.13587552,6.05435366,6.10326683
1681304400,6.10870157,6.12500605,6.08152761,6.12500605
1681306200,6.12500605,6.14674527,6.08152761,6.10326683
1681308000,6.10326683,6.1684842,6.04891893,6.08696263
1681309800,6.08152761,6.1141363,6.0108755,6.08696263
1681311600,6.10870157,6.10870157,6.10870157,6.10870157
1681367400,6.14131025,6.14131025,6.14131025,6.14131025
1681369200,6.14131025,6.20652791,6.04891893,6.06522341
1681371000,6.06522341,6.08152761,6.03804946,6.07609288
1681372800,6.07609288,6.10326683,6.07065814,6.0978321
1681374600,6.0978321,6.0978321,6.06522341,6.07609288
1681376400,6.07609288,6.08152761,6.06522341,6.06522341
1681378200,6.06522341,6.07065814,6.04891893,6.04891893
1681380000,6.04891893,6.07609288,6.04348419,6.06522341
1681381800,6.05978868,6.07609288,6.05435366,6.07065814
1681383600,6.07065814,6.08696263,6.05435366,6.07065814
1681385400,6.07065814,6.1141363,6.06522341,6.0978321
1681387200,6.0978321,6.0978321,6.05978868,6.05978868
1681389000,6.05978868,6.08152761,6.05978868,6.05978868
1681390800,6.05978868,6.07065814,6.02717971,6.03261472
1681392600,6.03261472,6.05978868,6.0108755,6.02174497
1681394400,6.02174497,6.05435366,6.0108755,6.03261472
1681396200,6.03261472,6.03261472,5.94565813,5.97283208
1681398000,5.96739707,5.96739707,5.93478838,5.93478838
1681453800,5.94022311,5.94022311,5.94022311,5.94022311
1681455600,5.94022311,6.03804946,5.93478838,5.97283208
1681457400,5.97283208,5.98370155,5.94022311,5.97826682
1681459200,5.97826682,5.99457102,5.96196233,5.97826682
1681461000,5.97283208,5.98913629,5.9565276,5.97826682
1681462800,5.98370155,6.01631024,5.97826682,5.99457102
1681464600,6.00000575,6.02174497,5.98913629,6.0108755
1681466400,6.01631024,6.02174497,5.98913629,5.99457102
1681468200,6.00000575,6.00000575,5.9565276,5.97283208
1681470000,5.97283208,5.97826682,5.94022311,5.9565276
1681471800,5.9565276,5.9565276,5.91848418,5.92935365
1681473600,5.93478838,5.96196233,5.91304916,5.95109287
1681475400,5.95109287,5.9565276,5.91304916,5.92391891
1681477200,5.92391891,5.94022311,5.91848418,5.91848418
1681479000,5.91848418,5.9565276,5.89674496,5.94022311
1681480800,5.94022311,5.96739707,5.93478838,5.95109287
1681482600,5.95109287,5.96196233,5.90761443,5.92391891
1681484400,5.90217969,5.90217969,5.90217969,5.90217969
1681713000,5.91848418,5.91848418,5.91848418,5.91848418
1681714800,5.91848418,5.9565276,5.83696232,5.86957101
1681716600,5.86413627,5.90217969,5.84239705,5.85870154
1681718400,5.85326652,5.89131023,5.84783179,5.87500574
1681720200,5.88044047,5.91848418,5.86413627,5.90761443
1681722000,5.90217969,5.94022311,5.90217969,5.93478838
1681723800,5.94022311,5.99457102,5.92935365,5.98370155
1681725600,5.97826682,6.07609288,5.97283208,6.05978868
1681727400,6.05978868,6.07065814,5.99457102,6.0108755
1681729200,6.0108755,6.01631024,5.97283208,5.97826682
1681731000,5.98370155,5.98370155,5.93478838,5.94022311
1681732800,5.93478838,5.96196233,5.92935365,5.96196233
1681734600,5.9565276,5.96196233,5.91848418,5.91848418
1681736400,5.92391891,5.96196233,5.90761443,5.91304916
1681738200,5.91304916,5.94022311,5.90217969,5.91848418
1681740000,5.91304916,5.94022311,5.89674496,5.91304916
1681741800,5.90761443,5.95109287,5.89131023,5.92391891
1681743600,5.88587521,5.88587521,5.88587521,5.88587521
1681799400,5.88587521,5.88587521,5.88587521,5.88587521
1681801200,5.89131023,5.91848418,5.84239705,5.86413627
1681803000,5.86413627,5.89131023,5.85870154,5.88587521
1681804800,5.88044047,5.92935365,5.87500574,5.89131023
1681806600,5.89131023,5.89674496,5.83696232,5.84783179
1681808400,5.84783179,5.85326652,5.80978837,5.8152231
1681810200,5.8152231,5.82609257,5.79348388,5.80435363
1681812000,5.80435363,5.8152231,5.78261441,5.80978837
1681813800,5.80435363,5.8152231,5.77174466,5.77717968
1681815600,5.77717968,5.80435363,5.76630993,5.79348388
1681817400,5.79891861,5.8152231,5.77717968,5.79891861
1681819200,5.79348388,5.80435363,5.77174466,5.77717968
1681821000,5.77174466,5.78261441,5.74457099,5.75544046
1681822800,5.75000573,5.77174466,5.73913597,5.75544046
1681824600,5.75544046,5.78261441,5.74457099,5.75544046
1681826400,5.75544046,5.79891861,5.73913597,5.76630993
1681828200,5.76630993,5.76630993,5.72826651,5.75544046
1681830000,5.75544046,5.75544046,5.75544046,5.75544046
1681885800,5.76630993,5.76630993,5.76630993,5.76630993
1681887600,5.76630993,5.82065783,5.75000573,5.76630993
1681889400,5.76630993,5.78261441,5.72283177,5.72283177
1681891200,5.72283177,5.72826651,5.69022309,5.70109255
1681893000,5.70109255,5.70109255,5.66848387,5.66848387
1681894800,5.66848387,5.68478807,5.65761412,5.6739186
1681896600,5.66848387,5.67935334,5.65217938,5.66848387
1681898400,5.66848387,5.71739704,5.65761412,5.71739704
1681900200,5.71739704,5.73370124,5.70109255,5.72826651
1681902000,5.72826651,5.73370124,5.70652729,5.72826651
1681903800,5.72826651,5.75000573,5.70109255,5.71739704
1681905600,5.71739704,5.71739704,5.68478807,5.70652729
1681907400,5.70652729,5.73370124,5.70652729,5.72283177
1681909200,5.72283177,5.75000573,5.71739704,5.71739704
1681911000,5.71739704,5.73913597,5.71739704,5.72283177
1681912800,5.71739704,5.78261441,5.69565782,5.76630993
1681914600,5.76630993,5.78261441,5.72826651,5.73370124
1681916400,5.72826651,5.72826651,5.72826651,5.72826651
1681972200,5.72283177,5.72283177,5.72283177,5.72283177
1681974000,5.71739704,5.71739704,5.65217938,5.68478807
1681975800,5.67935334,5.69022309,5.65761412,5.66304913
1681977600,5.66848387,5.67935334,5.65761412,5.66848387
1681979400,5.66848387,5.71739704,5.65761412,5.71196202
1681981200,5.71739704,5.76087519,5.69022309,5.69565782
1681983000,5.69565782,5.71739704,5.69565782,5.71739704
1682317800,5.74457099,5.74457099,5.74457099,5.74457099
1682319600,5.75000573,5.82065783,5.74457099,5.79891861
1682321400,5.80435363,5.8152231,5.78261441,5.80978837
1682323200,5.8152231,5.82065783,5.79891861,5.80978837
1682325000,5.80435363,5.80978837,5.78804915,5.79891861
1682326800,5.79348388,5.80435363,5.78261441,5.79891861
1682328600,5.79348388,5.83696232,5.79348388,5.80978837
1682330400,5.80435363,5.80978837,5.79348388,5.80978837
1682332200,5.80978837,5.8152231,5.76630993,5.76630993
1682334000,5.76630993,5.79348388,5.76087519,5.78804915
1682335800,5.78804915,5.79891861,5.77717968,5.78804915
1682337600,5.78804915,5.83152759,5.77717968,5.78804915
1682339400,5.78804915,5.79348388,5.76087519,5.77174466
1682341200,5.76630993,5.77174466,5.74457099,5.75000573
1682343000,5.74457099,5.77717968,5.73370124,5.77174466
1682344800,5.76630993,5.8152231,5.76087519,5.79348388
1682346600,5.79348388,5.8152231,5.77174466,5.79891861
1682348400,5.80978837,5.80978837,5.80978837,5.80978837
1682404200,5.82065783,5.82065783,5.82065783,5.82065783
1682406000,5.82065783,5.84239705,5.75544046,5.76630993
1682407800,5.76087519,5.77174466,5.73913597,5.75544046
1682409600,5.75000573,5.76087519,5.71739704,5.73913597
1682411400,5.73370124,5.76087519,5.73370124,5.75000573
1682413200,5.75000573,5.75544046,5.72283177,5.72826651
1682415000,5.72826651,5.78804915,5.72283177,5.78261441
1682416800,5.78261441,5.8152231,5.77174466,5.80978837
1682418600,5.80435363,5.82609257,5.78261441,5.78804915
1682420400,5.78804915,5.79891861,5.77717968,5.78804915
1682422200,5.78804915,5.79891861,5.75544046,5.76630993
1682424000,5.77174466,5.78804915,5.76087519,5.77174466
1682425800,5.77174466,5.77174466,5.75000573,5.76630993
1682427600,5.76630993,5.76630993,5.70109255,5.71739704
1682429400,5.71196202,5.71739704,5.65761412,5.6739186
1682431200,5.6739186,5.69022309,5.65217938,5.66304913
1682433000,5.66848387,5.69565782,5.64130991,5.68478807
1682434800,5.68478807,5.71739704,5.68478807,5.71739704
1682490600,5.71739704,5.71739704,5.71739704,5.71739704
1682492400,5.72283177,5.77174466,5.66304913,5.67935334
1682494200,5.67935334,5.70652729,5.66848387,5.67935334
1682496000,5.68478807,5.69565782,5.64674465,5.66304913
1682497800,5.65761412,5.66304913,5.62500543,5.64130991
1682499600,5.64130991,5.65761412,5.63044045,5.65217938
1682501400,5.65217938,5.66848387,5.64130991,5.65761412
1682503200,5.66304913,5.68478807,5.65217938,5.65217938
1682505000,5.65761412,5.69022309,5.65217938,5.68478807
1682506800,5.68478807,5.70109255,5.64674465,5.65217938
1682508600,5.65217938,5.65217938,5.6195707,5.64130991
1682510400,5.64674465,5.66304913,5.63587518,5.64130991
1682512200,5.64130991,5.65217938,5.58152727,5.59783148
1682514000,5.59783148,5.63587518,5.58696201,5.60870123
1682515800,5.60870123,5.63044045,5.60326649,5.63044045
1682517600,5.63044045,5.63044045,5.59239674,5.59783148
1682519400,5.59783148,5.64130991,5.57609254,5.6195707
1682521200,5.6195707,5.6195707,5.6195707,5.6195707
1682577000,5.62500543,5.62500543,5.62500543,5.62500543
1682578800,5.62500543,5.66304913,5.58152727,5.6195707
1682580600,5.6195707,5.6195707,5.58696201,5.6195707
1682582400,5.6195707,5.65217938,5.59783148,5.60326649
1682584200,5.60326649,5.62500543,5.59783148,5.6195707
1682586000,5.6195707,5.65761412,5.61413596,5.64674465
1682587800,5.64130991,5.72826651,5.64130991,5.71196202
1682589600,5.71739704,5.75544046,5.70652729,5.70652729
1682591400,5.71196202,5.71739704,5.6739186,5.67935334
1682593200,5.6739186,5.69022309,5.64130991,5.66304913
1682595000,5.66304913,5.70109255,5.65761412,5.69565782
1682596800,5.69565782,5.72826651,5.67935334,5.70652729
1682598600,5.70652729,5.71196202,5.66848387,5.68478807
1682600400,5.68478807,5.71196202,5.64674465,5.66304913
1682602200,5.66304913,5.68478807,5.63587518,5.66848387
1682604000,5.66304913,5.76087519,5.66304913,5.73913597
1682605800,5.73913597,5.75000573,5.6739186,5.71196202
1682607600,5.71196202,5.71196202,5.68478807,5.68478807
1682663400,5.69022309,5.69022309,5.69022309,5.69022309
1682665200,5.69022309,5.69565782,5.61413596,5.6195707
1682667000,5.61413596,5.62500543,5.55435332,5.58152727
1682668800,5.57609254,5.59239674,5.55978806,5.57065752
1682670600,5.56522279,5.59239674,5.54348357,5.57065752
1682672400,5.56522279,5.59239674,5.54891859,5.58152727
1682674200,5.58152727,5.58152727,5.55435332,5.55978806
1682676000,5.55978806,5.57609254,5.54891859,5.55435332
1682677800,5.54891859,5.57065752,5.52717937,5.54891859
1682679600,5.54891859,5.55435332,5.5163099,5.5326141
1682681400,5.52717937,5.54891859,5.5163099,5.52174464
1682683200,5.52174464,5.56522279,5.50544015,5.55435332
1682685000,5.55435332,5.55978806,5.52717937,5.54348357
1682686800,5.54348357,5.55435332,5.5163099,5.52174464
1682688600,5.52174464,5.54891859,5.51087488,5.5163099
1682690400,5.52174464,5.52717937,5.47283146,5.4782662
1682692200,5.4782662,5.48370093,5.40761409,5.40761409
1682694000,5.41304882,5.41304882,5.41304882,5.41304882
1683009000,5.42120107,5.42120107,5.42120107,5.42120107
1683010800,5.42391829,5.53804884,5.41576605,5.461962
1683012600,5.461962,5.48913595,5.42935302,5.45652698
1683014400,5.45109224,5.45652698,5.36957038,5.38044014
1683016200,5.38044014,5.38044014,5.30707052,5.31522248
1683018000,5.31522248,5.40217936,5.31250525,5.38859238
1683019800,5.38859238,5.39402711,5.36413565,5.36957038
1683021600,5.36957038,5.38587487,5.35598341,5.38587487
1683023400,5.38587487,5.41576605,5.3750054,5.39402711
1683025200,5.3913096,5.45652698,5.38859238,5.44565751
1683027000,5.44565751,5.50544015,5.42935302,5.48913595
1683028800,5.48913595,5.51087488,5.44565751,5.4782662
1683030600,5.4782662,5.50000542,5.461962,5.48370093
1683032400,5.48370093,5.48913595,5.42935302,5.43207053
1683034200,5.43478804,5.44022278,5.39946185,5.42391829
1683036000,5.42120107,5.42391829,5.38587487,5.39946185
1683037800,5.39946185,5.49457068,5.39402711,5.46739673
1683039600,5.47283146,5.47283146,5.47283146,5.47283146
1683095400,5.49457068,5.49457068,5.49457068,5.49457068
1683097200,5.49457068,5.54891859,5.35326618,5.37228789
1683099000,5.36957038,5.36957038,5.27446183,5.33967921
1683100800,5.34239643,5.35598341,5.28804881,5.32609223
1683102600,5.32609223,5.33424447,5.25000511,5.25272261
1683104400,5.25543984,5.25815735,5.22011393,5.22826589
1683106200,5.22826589,5.29891828,5.21467891,5.29620077
1683108000,5.29620077,5.32337472,5.27989657,5.28804881
1683109800,5.28804881,5.31522248,5.26902682,5.31522248
1683111600,5.31250525,5.41848356,5.31250525,5.41848356
1683113400,5.41848356,5.46739673,5.3750054,5.37772263
1683115200,5.38044014,5.39674434,5.33424447,5.34511394
1683117000,5.34511394,5.38587487,5.3369617,5.35054867
1683118800,5.35326618,5.35326618,5.29891828,5.30707052
1683120600,5.30435301,5.41848356,5.30435301,5.41033131
1683122400,5.41033131,5.46739673,5.3750054,5.37772263
1683124200,5.3750054,5.41033131,5.3369617,5.39946185
1683126000,5.40217936,5.40217936,5.40217936,5.40217936
1683181800,5.43478804,5.43478804,5.43478804,5.43478804
1683183600,5.43478804,5.48370093,5.40489658,5.45109224
1683185400,5.45109224,5.5163099,5.44565751,5.51087488
1683187200,5.51087488,5.51087488,5.47283146,5.48370093
1683189000,5.48370093,5.50000542,5.47283146,5.48370093
1683190800,5.48370093,5.48913595,5.45652698,5.46739673
1683192600,5.461962,5.4782662,5.45652698,5.46739673
1683194400,5.47283146,5.50000542,5.46739673,5.48913595
1683196200,5.48370093,5.50000542,5.45652698,5.45652698
1683198000,5.45652698,5.47283146,5.44565751,5.45109224
1683199800,5.45652698,5.49457068,5.45109224,5.47283146
1683201600,5.46739673,5.46739673,5.42935302,5.44022278
1683203400,5.44565751,5.461962,5.4266358,5.45652698
1683205200,5.461962,5.461962,5.4266358,5.43478804
1683207000,5.44022278,5.46739673,5.40489658,5.41304882
1683208800,5.41576605,5.44565751,5.3913096,5.39674434
1683210600,5.39946185,5.45652698,5.3750054,5.44022278
1683212400,5.45652698,5.45652698,5.45652698,5.45652698
1683268200,5.3750054,5.3750054,5.3750054,5.3750054
1683270000,5.37228789,5.3913096,5.31250525,5.34783145
1683271800,5.34511394,5.35326618,5.29076603,5.29620077
1683273600,5.29620077,5.29891828,5.2337009,5.26087486
1683275400,5.26359208,5.2853313,5.24728788,5.27717906
1683277200,5.27717906,5.27989657,5.25272261,5.25815735
1683279000,5.25815735,5.26359208,5.23098339,5.26359208
1683280800,5.26359208,5.2853313,5.26087486,5.27174432
1683282600,5.27446183,5.29620077,5.24457037,5.25000511
1683284400,5.25000511,5.27717906,5.24185286,5.26902682
1683286200,5.26630959,5.27989657,5.25543984,5.26630959
1683288000,5.26902682,5.27717906,5.24185286,5.25543984
1683289800,5.25815735,5.27174432,5.24728788,5.25543984
1683291600,5.25543984,5.27174432,5.22011393,5.23641813
1683293400,5.23641813,5.23913564,5.16576602,5.17391826
1683295200,5.17391826,5.19022247,5.14674431,5.17391826
1683297000,5.17391826,5.20109193,5.14946154,5.17120076
1683298800,5.17120076,5.17120076,5.17120076,5.17120076
1683527400,5.18750496,5.18750496,5.18750496,5.18750496
1683529200,5.18750496,5.24185286,5.01359177,5.05163548
1683531000,5.0543527,5.09239641,5.03261377,5.07609192
1683532800,5.07609192,5.11685285,5.06250494,5.07065719
1683534600,5.07337441,5.08696139,5.06250494,5.08152665
1683536400,5.08424416,5.10054836,5.07337441,5.08424416
1683538200,5.08424416,5.0896789,5.07065719,5.07609192
1683540000,5.07609192,5.10054836,5.07337441,5.09511363
1683541800,5.09783114,5.12228758,5.08696139,5.10326587
1683543600,5.10054836,5.11413534,5.06793968,5.07337441
1683545400,5.07609192,5.07880943,5.05163548,5.07337441
1683547200,5.07337441,5.07337441,5.04076572,5.05707021
1683549000,5.0543527,5.09239641,5.05163548,5.08696139
1683550800,5.08696139,5.1440268,5.08696139,5.13859207
1683552600,5.13859207,5.20380944,5.13859207,5.16304851
1683554400,5.16304851,5.23641813,5.15217904,5.15761378
1683556200,5.15761378,5.15761378,5.11413534,5.14130929
1683558000,5.1440268,5.1440268,5.10870061,5.10870061
1683613800,5.12500509,5.12500509,5.12500509,5.12500509
1683615600,5.13043983,5.19837471,5.11685285,5.15761378
1683617400,5.15761378,5.16576602,5.09783114,5.10326587
1683619200,5.10054836,5.12228758,5.0896789,5.11141812
1683621000,5.11141812,5.11685285,5.08696139,5.11141812
1683622800,5.11141812,5.12772232,5.10598338,5.12500509
1683624600,5.12500509,5.13043983,5.10598338,5.11957036
1683626400,5.11957036,5.12772232,5.09511363,5.10326587
1683628200,5.10326587,5.13587456,5.09783114,5.12772232
1683630000,5.12772232,5.13587456,5.10598338,5.13315733
1683631800,5.13043983,5.13043983,5.08424416,5.08424416
1683633600,5.08696139,5.08696139,5.0543527,5.07065719
1683635400,5.07065719,5.08152665,5.05707021,5.07337441
1683637200,5.07065719,5.08152665,5.04891797,5.0543527
1683639000,5.0543527,5.06793968,5.02446152,5.05978772
1683640800,5.05978772,5.06250494,5.01902679,5.02717875
1683642600,5.02446152,5.03533099,4.96196137,4.99728757
1683644400,4.97283084,4.97283084,4.97283084,4.97283084
1683700200,4.97283084,4.97283084,4.97283084,4.97283084
1683702000,4.97554835,4.98913533,4.87228727,4.90761347
1683703800,4.90761347,5.02989626,4.896744,5.02717875
1683705600,5.02717875,5.02717875,4.98641782,4.98913533
1683707400,4.99185284,4.99728757,4.94293966,4.95652664
1683709200,4.95652664,4.95652664,4.92935269,4.94022215
1683711000,4.93750493,4.94293966,4.89946122,4.90217873
1683712800,4.90489624,4.92391795,4.896744,4.92391795
1683714600,4.92391795,4.92663518,4.90761347,4.92391795
1683716400,4.92391795,4.97554835,4.9130482,4.96467888
1683718200,4.96467888,4.97283084,4.94022215,4.95380913
1683720000,4.95109191,4.96467888,4.93750493,4.96196137
1683721800,4.96467888,5.00000479,4.96196137,4.97554835
1683723600,4.97283084,4.98370059,4.94565717,4.95924386
1683725400,4.95652664,4.95924386,4.90761347,4.93478742
1683727200,4.9320702,4.98098308,4.92663518,4.96739611
1683729000,4.96739611,4.98913533,4.94022215,4.96739611
1683730800,4.95380913,4.95380913,4.95380913,4.95380913
1683786600,4.95652664,4.95652664,4.95652664,4.95652664
1683788400,4.95924386,5.03261377,4.95924386,5.01359177
1683790200,5.01359177,5.0896789,5.01359177,5.08424416
1683792000,5.08424416,5.13587456,5.06793968,5.12500509
1683793800,5.12228758,5.16848325,5.10870061,5.16576602
1683795600,5.16576602,5.179353,5.12500509,5.1440268
1683797400,5.1440268,5.16304851,5.09783114,5.11413534
1683799200,5.11141812,5.11685285,5.08152665,5.10598338
1683801000,5.10598338,5.12228758,5.07609192,5.10870061
1683802800,5.10870061,5.21467891,5.07337441,5.19022247
1683804600,5.19022247,5.27989657,5.14674431,5.15217904
1683806400,5.15489627,5.24457037,5.15489627,5.19837471
1683808200,5.19837471,5.27989657,5.19293997,5.27174432
1683810000,5.27174432,5.31522248,5.26630959,5.27989657
1683811800,5.27989657,5.28261379,5.19837471,5.2337009
1683813600,5.2337009,5.25815735,5.21467891,5.23098339
1683815400,5.2337009,5.27174432,5.22011393,5.24457037
1683817200,5.24457037,5.24457037,5.24457037,5.24457037
1683873000,5.24728788,5.24728788,5.24728788,5.24728788
1683874800,5.25000511,5.28261379,5.13587456,5.179353
1683876600,5.179353,5.21196168,5.16304851,5.19022247
1683878400,5.19022247,5.22554866,5.17391826,5.21739642
1683880200,5.21739642,5.23641813,5.1956572,5.19837471
1683882000,5.1956572,5.20109193,5.13587456,5.15761378
1683883800,5.15761378,5.20380944,5.13587456,5.18207022
1683885600,5.18478773,5.21739642,5.16848325,5.19837471
1683887400,5.20109193,5.24185286,5.179353,5.23641813
1683889200,5.23641813,5.26630959,5.22283115,5.22554866
1683891000,5.22554866,5.24728788,5.21739642,5.23641813
1683892800,5.23641813,5.34783145,5.2337009,5.29620077
1683894600,5.29348354,5.31522248,5.25543984,5.27717906
1683896400,5.27717906,5.31793999,5.27446183,5.29348354
1683898200,5.29348354,5.29620077,5.15761378,5.18207022
1683900000,5.179353,5.2337009,5.17391826,5.19022247
1683901800,5.19022247,5.24185286,5.18478773,5.22826589
1683903600,5.22826589,5.22826589,5.1956572,5.1956572
1684132200,5.08152665,5.08152665,5.08152665,5.08152665
1684134000,5.0543527,5.0543527,5.0543527,5.0543527
1684135800,5.05163548,5.22011393,4.91848322,5.19837471
1684137600,5.1956572,5.34239643,5.16033129,5.27174432
1684139400,5.27174432,5.29620077,5.24185286,5.29348354
1684141200,5.29620077,5.4782662,5.28804881,5.39946185
1684143000,5.39946185,5.40761409,5.34239643,5.35598341
1684144800,5.35598341,5.461962,5.34783145,5.43478804
1684146600,5.44022278,5.48913595,5.41576605,5.45109224
1684148400,5.45109224,5.48370093,5.42391829,5.45652698
1684150200,5.45652698,5.46739673,5.38587487,5.39946185
1684152000,5.40217936,5.41033131,5.33967921,5.34511394
1684153800,5.34239643,5.35326618,5.27717906,5.29348354
1684155600,5.29620077,5.3016355,5.23641813,5.28804881
1684157400,5.29076603,5.3016355,5.19022247,5.21196168
1684159200,5.21196168,5.21467891,5.07065719,5.10598338
1684161000,5.10870061,5.12772232,5.06522245,5.10870061
1684162800,5.11141812,5.11141812,5.11141812,5.11141812
1684218600,5.11957036,5.11957036,5.11957036,5.11957036
1684220400,5.11957036,5.25272261,5.11957036,5.23913564
1684222200,5.23641813,5.28804881,5.23641813,5.26902682
1684224000,5.26630959,5.35870092,5.26630959,5.27989657
1684225800,5.27717906,5.29620077,5.26359208,5.28804881
1684227600,5.28804881,5.29348354,5.25000511,5.25815735
1684229400,5.26087486,5.26087486,5.23641813,5.25543984
1684231200,5.25815735,5.27446183,5.25272261,5.27446183
1684233000,5.27446183,5.3206575,5.26630959,5.3016355
1684234800,5.30435301,5.3206575,5.28804881,5.29891828
1684236600,5.3016355,5.32337472,5.2853313,5.31522248
1684238400,5.31522248,5.35054867,5.30707052,5.31793999
1684240200,5.31522248,5.3369617,5.27446183,5.29620077
1684242000,5.29348354,5.31522248,5.27717906,5.29076603
1684243800,5.29076603,5.33424447,5.25815735,5.30978774
1684245600,5.31250525,5.34511394,5.29620077,5.3206575
1684247400,5.3206575,5.3913096,5.30707052,5.38044014
1684249200,5.38044014,5.42391829,5.38044014,5.42391829
1684305000,5.4266358,5.4266358,5.4266358,5.4266358
1684306800,5.4266358,5.51087488,5.36141843,5.461962
1684308600,5.461962,5.50544015,5.43478804,5.49457068
1684310400,5.49457068,5.55435332,5.48913595,5.52717937
1684312200,5.52174464,5.55435332,5.51087488,5.52717937
1684314000,5.52174464,5.57609254,5.52174464,5.53804884
1684315800,5.53804884,5.54348357,5.50000542,5.50544015
1684317600,5.50544015,5.5326141,5.50000542,5.52717937
1684319400,5.5326141,5.57609254,5.52174464,5.52717937
1684321200,5.52174464,5.55435332,5.51087488,5.52717937
1684323000,5.52717937,5.54348357,5.461962,5.47283146
1684324800,5.46739673,5.5163099,5.461962,5.5163099
1684326600,5.5163099,5.55978806,5.50544015,5.53804884
1684328400,5.53804884,5.56522279,5.52717937,5.5326141
1684330200,5.5326141,5.5326141,5.50000542,5.52717937
1684332000,5.52717937,5.58696201,5.50544015,5.55978806
1684333800,5.55978806,5.65761412,5.55978806,5.61413596
1684335600,5.59239674,5.59239674,5.59239674,5.59239674
1684391400,5.78804915,5.78804915,5.78804915,5.78804915
1684393200,5.78804915,5.94022311,5.71739704,5.72283177
1684395000,5.72826651,5.73370124,5.68478807,5.72826651
1684396800,5.72826651,5.72826651,5.64130991,5.67935334
1684398600,5.6739186,5.70652729,5.64674465,5.70109255
1684400400,5.70109255,5.70652729,5.67935334,5.69565782
1684402200,5.69565782,5.73913597,5.68478807,5.70652729
1684404000,5.70109255,5.70652729,5.65761412,5.66848387
1684405800,5.66848387,5.66848387,5.63044045,5.64130991
1684407600,5.64674465,5.64674465,5.57609254,5.57609254
1684409400,5.57609254,5.58152727,5.50000542,5.50000542
1684411200,5.48913595,5.49457068,5.44565751,5.48913595
1684413000,5.49457068,5.50000542,5.40217936,5.42120107
1684414800,5.42120107,5.47283146,5.40489658,5.461962
1684416600,5.46739673,5.50544015,5.41576605,5.45109224
1684418400,5.45109224,5.48913595,5.43478804,5.44565751
1684420200,5.45109224,5.46739673,5.39946185,5.43478804
1684422000,5.38859238,5.38859238,5.38859238,5.38859238
1684737000,5.43478804,5.43478804,5.43478804,5.43478804
1684738800,5.43478804,5.55978806,5.4266358,5.44022278
1684740600,5.43478804,5.5163099,5.43478804,5.47283146
1684742400,5.47283146,5.53804884,5.461962,5.5163099
1684744200,5.52174464,5.65217938,5.5163099,5.64130991
1684746000,5.64130991,5.71196202,5.63044045,5.64674465
1684747800,5.64130991,5.69022309,5.62500543,5.67935334
1684749600,5.67935334,5.68478807,5.63044045,5.63587518
1684751400,5.63587518,5.65761412,5.6195707,5.64674465
1684753200,5.65217938,5.6739186,5.64130991,5.66848387
1684755000,5.6739186,5.71196202,5.65761412,5.69022309
1684756800,5.68478807,5.73913597,5.68478807,5.70109255
1684758600,5.70652729,5.72826651,5.66848387,5.72283177
1684760400,5.72283177,5.73370124,5.70109255,5.71739704
1684762200,5.71739704,5.72826651,5.69022309,5.71196202
1684764000,5.71196202,5.77174466,5.63044045,5.69022309
1684765800,5.68478807,5.78261441,5.60326649,5.77717968
1684767600,5.77174466,5.77174466,5.75544046,5.75544046
1684823400,5.72750046,5.72750046,5.72750046,5.72750046
1684825200,5.72500046,5.75000046,5.62500045,5.71500046
1684827000,5.71750046,6.06000048,5.70250046,5.98250048
1684828800,5.98250048,6.2225005,5.97250048,6.12750049
1684830600,6.12750049,6.17000049,6.02000048,6.06000048
1684832400,6.06250049,6.14750049,6.00750048,6.09250049
1684834200,6.09250049,6.15250049,6.08750049,6.12000049
1684836000,6.12000049,6.12000049,6.04750048,6.11000049
1684837800,6.11000049,6.13250049,6.09250049,6.10750049
1684839600,6.10750049,6.15500049,6.08750049,6.12750049
1684841400,6.13000049,6.2475005,6.12500049,6.2125005
1684843200,6.2125005,6.2200005,6.16250049,6.1975005
1684845000,6.2000005,6.2450005,6.18250049,6.2250005
1684846800,6.2250005,6.2325005,6.15750049,6.16500049
1684848600,6.16500049,6.2275005,6.16250049,6.1975005
1684850400,6.2000005,6.31250051,6.1925005,6.2687505
1684852200,6.2750005,6.32500051,6.15000049,6.2750005
1684854000,6.2750005,6.2750005,6.2500005,6.2500005
1684909800,6.25,6.25,6.25,6.25
1684911600,6.25625,6.58125,6.1975,6.5625
1684913400,6.5625,6.59375,6.50625,6.55
1684915200,6.55,6.5625,6.45625,6.51875
1684917000,6.51875,6.5375,6.475,6.49375
1684918800,6.49375,6.5,6.36875,6.375
1684920600,6.36875,6.43125,6.3625,6.4
1684922400,6.39375,6.40625,6.26875,6.33125
1684924200,6.325,6.39375,6.3125,6.3125
1684926000,6.3125,6.375,6.28125,6.36875
1684927800,6.36875,6.4,6.3,6.325
1684929600,6.325,6.33125,6.29375,6.3
1684931400,6.3,6.3125,6.2175,6.28125
1684933200,6.28125,6.525,6.25625,6.46875
1684935000,6.46875,6.48125,6.39375,6.475
1684936800,6.48125,6.54375,6.41875,6.4625
1684938600,6.45625,6.5,6.35,6.3875
1684940400,6.3875,6.3875,6.33125,6.33125
1684996200,6.3625,6.3625,6.3625,6.3625
1684998000,6.3625,6.45,6.28125,6.2875
1684999800,6.28125,6.3,6.1825,6.195
1685001600,6.195,6.1975,6.0775,6.135
1685003400,6.135,6.2025,6.12,6.16
1685005200,6.16,6.1925,6.1425,6.1775
1685007000,6.1775,6.245,6.17,6.195
1685008800,6.195,6.2,6.17,6.1725
1685010600,6.1725,6.195,6.1475,6.185
1685012400,6.185,6.185,6.1625,6.1725
1685014200,6.17,6.21,6.155,6.16
1685016000,6.16,6.18,6.14,6.175
1685017800,6.175,6.1775,6.13,6.145
1685019600,6.145,6.1575,6.1175,6.125
1685021400,6.125,6.1325,6.0825,6.1275
1685023200,6.1275,6.13,6.1,6.12
1685025000,6.1175,6.1225,6.08,6.0925
1685026800,6.0775,6.0775,6.0775,6.0775
1685082600,6.0975,6.0975,6.0975,6.0975
1685084400,6.1,6.17,6.04,6.0875
1685086200,6.0875,6.2,6.085,6.17
1685088000,6.17,6.2475,6.1675,6.2175
1685089800,6.2175,6.3125,6.21,6.2475
1685091600,6.245,6.2625,6.185,6.215
1685093400,6.215,6.2325,6.2025,6.2275
1685095200,6.23,6.2325,6.205,6.2175
1685097000,6.215,6.26875,6.2075,6.245
1685098800,6.245,6.245,6.21,6.2275
1685100600,6.2275,6.26875,6.2225,6.2425
1685102400,6.2425,6.2875,6.2325,6.25
1685104200,6.25625,6.31875,6.25,6.2875
1685106000,6.29375,6.39375,6.28125,6.36875
1685107800,6.375,6.4125,6.325,6.38125
1685109600,6.38125,6.39375,6.28125,6.3
1685111400,6.3,6.34375,6.2625,6.3
1685113200,6.29375,6.29375,6.28125,6.28125
1685341800,6.61875,6.61875,6.61875,6.61875
1685343600,6.6125,6.66875,6.46875,6.6375
1685345400,6.6375,6.76875,6.61875,6.73125
1685347200,6.73125,6.80625,6.725,6.7625
1685349000,6.7625,6.7625,6.70625,6.7375
1685350800,6.73125,6.75625,6.7,6.75
1685352600,6.74375,6.75,6.7125,6.7375
1685354400,6.73125,6.74375,6.6875,6.69375
1685356200,6.69375,6.7,6.6375,6.6375
1685358000,6.64375,6.70625,6.6125,6.6875
1685359800,6.68125,6.73125,6.66875,6.73125
1685361600,6.725,6.74375,6.675,6.68125
1685363400,6.68125,6.7,6.65,6.7
1685365200,6.7,6.7375,6.66875,6.725
1685367000,6.725,6.75,6.70625,6.7125
1685368800,6.7125,6.7125,6.66875,6.68125
1685370600,6.6875,6.70625,6.6125,6.69375
1685372400,6.69375,6.69375,6.6875,6.69375
1685428200,6.775,6.775,6.775,6.775
1685430000,6.78125,6.85,6.725,6.7875
1685431800,6.78125,6.8,6.6875,6.73125
1685433600,6.7375,6.79375,6.725,6.76875
1685435400,6.7625,6.775,6.725,6.7375
1685437200,6.7375,6.7375,6.71875,6.7375
1685439000,6.73125,6.76875,6.71875,6.75
1685440800,6.75,6.825,6.7375,6.75
1685442600,6.75,6.7625,6.71875,6.75625
1685444400,6.75625,6.7625,6.725,6.7375
1685446200,6.7375,6.78125,6.73125,6.7625
1685448000,6.7625,6.76875,6.7125,6.725
1685449800,6.725,6.75,6.7125,6.74375
1685451600,6.74375,6.7625,6.725,6.73125
1685453400,6.73125,6.79375,6.725,6.78125
1685455200,6.78125,6.9,6.76875,6.80625
1685457000,6.80625,6.8625,6.79375,6.8375
1685458800,6.85,6.85,6.84375,6.84375
1685514600,6.84375,6.84375,6.84375,6.84375
1685516400,6.84375,6.85625,6.6625,6.71875
1685518200,6.725,6.84375,6.69375,6.7875
1685520000,6.79375,6.8,6.73125,6.75625
1685521800,6.75,6.7625,6.71875,6.75
1685523600,6.74375,6.775,6.74375,6.75625
1685525400,6.7625,6.80625,6.75,6.7875
1685527200,6.7875,6.825,6.76875,6.81875
1685529000,6.8125,6.85625,6.7625,6.7625
1685530800,6.76875,6.775,6.73125,6.74375
1685532600,6.7375,6.7625,6.73125,6.75
1685534400,6.75,6.79375,6.7375,6.7875
1685536200,6.7875,6.7875,6.7625,6.775
1685538000,6.775,6.80625,6.74375,6.78125
1685539800,6.78125,6.78125,6.69375,6.70625
1685541600,6.70625,6.73125,6.65625,6.71875
1685543400,6.7125,6.725,6.64375,6.65625
1685545200,6.75,6.75,6.75,6.75
1685601000,6.825,6.825,6.825,6.825
1685602800,6.81875,6.875,6.7625,6.85
1685604600,6.85,6.85625,6.8125,6.81875
1685606400,6.825,6.84375,6.8,6.81875
1685608200,6.81875,6.8375,6.8125,6.81875
1685610000,6.81875,6.825,6.7875,6.7875
1685611800,6.79375,6.8,6.76875,6.79375
1685613600,6.79375,6.80625,6.7875,6.79375
1685615400,6.7875,6.83125,6.775,6.8125
1685617200,6.81875,6.83125,6.8,6.8125
1685619000,6.80625,6.825,6.79375,6.8
1685620800,6.8,6.8375,6.7875,6.8125
1685622600,6.80625,6.84375,6.79375,6.81875
1685624400,6.825,6.875,6.80625,6.81875
1685626200,6.81875,6.825,6.7625,6.775
1685628000,6.775,6.8,6.76875,6.7875
1685629800,6.7875,6.80625,6.7625,6.775
1685631600,6.76875,6.775,6.75,6.75
1685687400,6.9125,6.9125,6.9125,6.9125
1685689200,6.91875,7.15,6.875,7.1125
1685691000,7.1125,7.26875,7.1125,7.2375
1685692800,7.2375,7.25,7.15625,7.2
1685694600,7.19375,7.20625,7.13125,7.16875
1685696400,7.16875,7.19375,7.1375,7.16875
1685698200,7.1625,7.1875,7.15625,7.16875
1685700000,7.16875,7.1875,7.11875,7.13125
1685701800,7.13125,7.1875,7.1125,7.18125
1685703600,7.18125,7.23125,7.16875,7.1875
1685705400,7.1875,7.25,7.18125,7.225
1685707200,7.225,7.34375,7.2125,7.3125
1685709000,7.31875,7.3625,7.30625,7.31875
1685710800,7.3125,7.33125,7.25625,7.29375
1685712600,7.29375,7.36875,7.275,7.35
1685714400,7.35,7.375,7.3,7.35625
1685716200,7.35625,7.40625,7.2375,7.2625
1685718000,7.2625,7.2625,7.25,7.25
1685946600,7.5125,7.5125,7.5125,7.5125
1685948400,7.5125,7.86875,7.49375,7.78125
1685950200,7.775,7.89375,7.7375,7.88125
1685952000,7.88125,7.93125,7.8625,7.89375
1685953800,7.8875,7.94375,7.8875,7.89375
1685955600,7.8875,7.9375,7.85,7.93125
1685957400,7.925,7.9375,7.90625,7.9125
1685959200,7.90625,7.95,7.88125,7.9375
1685961000,7.93125,7.975,7.925,7.975
1685962800,7.975,7.975,7.975,7.975
1685964600,7.975,7.975,7.975,7.975
1685966400,7.975,7.975,7.975,7.975
1685968200,7.975,7.975,7.975,7.975
1685970000,7.975,7.975,7.975,7.975
1685971800,7.975,7.975,7.975,7.975
1685973600,7.975,7.975,7.975,7.975
1685975400,7.975,7.975,7.975,7.975
1685977200,7.975,7.975,7.975,7.975
1686033000,8.0625,8.0625,8.0625,8.0625
1686034800,8.0625,8.525,8.0375,8.31875
1686036600,8.3125,8.35625,8.26875,8.3125
1686038400,8.3125,8.31875,8.14375,8.2125
1686040200,8.21875,8.29375,8.19375,8.2375
1686042000,8.23125,8.25,8.1625,8.24375
1686043800,8.2375,8.275,8.16875,8.18125
1686045600,8.175,8.2,8.05,8.15625
1686047400,8.15625,8.1875,7.9875,7.99375
1686049200,7.9875,8.15625,7.95625,8.09375
1686051000,8.1,8.2125,8.075,8.2125
1686052800,8.20625,8.30625,8.20625,8.21875
1686054600,8.2125,8.2625,8.18125,8.2125
1686056400,8.2125,8.2375,8.14375,8.19375
1686058200,8.19375,8.25,8.0875,8.1375
1686060000,8.1375,8.24375,8.13125,8.23125
1686061800,8.23125,8.4125,8.175,8.275
1686063600,8.26875,8.29375,8.26875,8.29375
1686119400,8.5,8.5,8.5,8.5
1686121200,8.5,8.75,8.49375,8.5875
1686123000,8.5875,8.7,8.5375,8.65625
1686124800,8.6625,8.6625,8.59375,8.6125
1686126600,8.60625,8.64375,8.59375,8.625
1686128400,8.625,8.63125,8.51875,8.5375
1686130200,8.5375,8.60625,8.51875,8.6
1686132000,8.59375,8.60625,8.55625,8.5875
1686133800,8.58125,8.5875,8.5125,8.51875
1686135600,8.5125,8.5375,8.46875,8.49375
1686137400,8.49375,8.5,8.425,8.4625
1686139200,8.4625,8.49375,8.4125,8.48125
1686141000,8.475,8.58125,8.46875,8.54375
1686142800,8.54375,8.58125,8.525,8.54375
1686144600,8.54375,8.59375,8.525,8.55
1686146400,8.55625,8.59375,8.45,8.48125
1686148200,8.48125,8.5125,8.2125,8.28125
1686150000,8.28125,8.2875,8.28125,8.2875
1686205800,8.28125,8.28125,8.28125,8.28125
1686207600,8.275,8.28125,8.03125,8.075
1686209400,8.075,8.18125,8.025,8.1125
1686211200,8.11875,8.26875,8.10625,8.25625
1686213000,8.25625,8.38125,8.1875,8.2
1686214800,8.19375,8.23125,8.16875,8.20625
1686216600,8.20625,8.2125,8.1625,8.2
1686218400,8.2,8.29375,8.19375,8.23125
1686220200,8.23125,8.275,8.2,8.2
1686222000,8.2,8.21875,8.1875,8.21875
1686223800,8.21875,8.21875,8.1,8.10625
1686225600,8.10625,8.14375,8.0875,8.1125
1686227400,8.1125,8.1875,8.0875,8.10625
1686229200,8.10625,8.125,8.0375,8.06875
1686231000,8.06875,8.15625,8.0625,8.10625
1686232800,8.10625,8.14375,8.08125,8.11875
1686234600,8.11875,8.26875,8.05,8.24375
1686236400,8.25,8.25,8.2375,8.2375
1686292200,8.325,8.325,8.325,8.325
1686294000,8.31875,8.4875,8.25,8.29375
1686295800,8.28125,8.33125,8.25625,8.275
1686297600,8.275,8.29375,8.25625,8.275
1686299400,8.26875,8.275,8.18125,8.26875
1686301200,8.2625,8.26875,8.2375,8.25
1686303000,8.25625,8.25625,8.19375,8.2125
1686304800,8.21875,8.25625,8.20625,8.225
1686306600,8.225,8.25625,8.2,8.2125
1686308400,8.2125,8.24375,8.19375,8.23125
1686310200,8.23125,8.25625,8.21875,8.23125
1686312000,8.225,8.26875,8.2125,8.24375
1686313800,8.2375,8.25625,8.21875,8.23125
1686315600,8.23125,8.2625,8.225,8.2375
1686317400,8.2375,8.26875,8.2125,8.25625
1686319200,8.25625,8.26875,8.2125,8.23125
1686321000,8.23125,8.24375,8.2,8.21875
1686322800,8.21875,8.21875,8.19375,8.19375
1686551400,8.25,8.25,8.25,8.25
1686553200,8.25625,8.30625,8.075,8.08125
1686555000,8.0875,8.2375,8.04375,8.23125
1686556800,8.2375,8.2625,8.1125,8.2
1686558600,8.19375,8.2125,8.15625,8.175
1686560400,8.175,8.1875,8.1375,8.15
1686562200,8.15,8.15625,8.11875,8.1375
1686564000,8.1375,8.175,8.10625,8.1125
1686565800,8.1125,8.11875,8.08125,8.1
1686567600,8.09375,8.1125,8.075,8.08125
1686569400,8.075,8.0875,8.03125,8.0375
1686571200,8.0375,8.05625,8,8.03125
1686573000,8.03125,8.0375,7.9625,8.0125
1686574800,8.01875,8.03125,7.96875,7.99375
1686576600,7.99375,8.01875,7.95625,7.975
1686578400,7.98125,7.9875,7.9125,7.94375
1686580200,7.94375,7.94375,7.85625,7.86875
1686582000,7.8625,7.8625,7.825,7.825
1686637800,7.2,7.2,7.2,7.2
1686639600,7.2,7.675,7.1625,7.41875
1686641400,7.41875,7.425,7.2125,7.25
1686643200,7.25625,7.30625,7.23125,7.24375
1686645000,7.24375,7.38125,7.225,7.375
1686646800,7.36875,7.3875,7.29375,7.325
1686648600,7.325,7.325,7.275,7.2875
1686650400,7.28125,7.2875,7.21875,7.23125
1686652200,7.23125,7.25,7.1875,7.2
1686654000,7.2,7.24375,7.175,7.18125
1686655800,7.18125,7.19375,7.14375,7.175
1686657600,7.175,7.19375,7.1,7.1125
1686659400,7.1125,7.13125,7.09375,7.10625
1686661200,7.1125,7.125,7.05,7.075
1686663000,7.075,7.0875,7.04375,7.05625
1686664800,7.05625,7.0875,7.04375,7.05625
1686666600,7.0625,7.06875,7.04375,7.04375
1686668400,7.04375,7.04375,7.04375,7.04375
1686724200,7.08125,7.08125,7.08125,7.08125
1686726000,7.08125,7.23125,6.96875,7.05
1686727800,7.05,7.15,7.03125,7.13125
1686729600,7.125,7.1625,6.9375,6.9625
1686731400,6.9625,6.99375,6.8875,6.9125
1686733200,6.9125,6.9125,6.81875,6.8625
1686735000,6.85625,6.9375,6.8375,6.90625
1686736800,6.90625,6.9375,6.86875,6.925
1686738600,6.91875,6.9375,6.88125,6.89375
1686740400,6.9,6.9,6.81875,6.85
1686742200,6.85,6.88125,6.83125,6.85
1686744000,6.84375,6.85625,6.79375,6.80625
1686745800,6.8,6.8125,6.73125,6.74375
1686747600,6.74375,6.75625,6.675,6.73125
1686749400,6.73125,6.8,6.7,6.76875
1686751200,6.76875,6.96875,6.7625,6.85
1686753000,6.85625,6.90625,6.83125,6.86875
1686754800,6.86875,6.86875,6.86875,6.86875
1686810600,6.9625,6.9625,6.9625,6.9625
1686812400,6.9625,7.075,6.84375,6.85
1686814200,6.84375,6.9125,6.83125,6.86875
1686816000,6.875,6.875,6.8125,6.8625
1686817800,6.8625,6.925,6.8375,6.875
1686819600,6.88125,6.89375,6.85625,6.86875
1686821400,6.8625,6.875,6.8375,6.84375
1686823200,6.84375,6.86875,6.8375,6.85
1686825000,6.85,6.89375,6.83125,6.89375
1686826800,6.89375,6.975,6.88125,6.9625
1686828600,6.975,6.99375,6.89375,6.925
1686830400,6.91875,7.04375,6.875,7.03125
1686832200,7.03125,7.18125,6.975,7.03125
1686834000,7.03125,7.04375,6.91875,6.9375
1686835800,6.9375,7.0125,6.9375,6.99375
1686837600,6.99375,7.01875,6.91875,6.98125
1686839400,6.9875,7.11875,6.975,7.0375
1686841200,7.04375,7.04375,7.0375,7.0375
1686897000,7.08125,7.08125,7.08125,7.08125
1686898800,7.08125,7.11875,6.98125,7
1686900600,6.99375,7.00625,6.925,6.95
1686902400,6.95,6.9625,6.93125,6.9375
1686904200,6.93125,6.95,6.925,6.95
1686906000,6.95,6.9625,6.925,6.93125
1686907800,6.9375,6.9875,6.9125,6.95
1686909600,6.94375,6.95625,6.93125,6.9375
1686911400,6.9375,6.9875,6.93125,6.9625
1686913200,6.95625,6.96875,6.9375,6.95625
1686915000,6.95625,6.95625,6.89375,6.90625
1686916800,6.90625,6.9125,6.8625,6.9
1686918600,6.9,6.925,6.88125,6.9125
1686920400,6.9125,6.925,6.89375,6.9
1686922200,6.9,6.9,6.85,6.85625
1686924000,6.8625,6.88125,6.8375,6.85
1686925800,6.84375,6.9,6.83125,6.8875
1686927600,6.8875,6.9375,6.8875,6.9375
1687156200,6.9375,6.9375,6.9375,6.9375
1687158000,6.9375,6.9625,6.8,6.84375
1687159800,6.84375,6.84375,6.79375,6.80625
1687161600,6.8125,6.8125,6.7625,6.79375
1687163400,6.7875,6.81875,6.775,6.8125
1687165200,6.80625,6.83125,6.79375,6.81875
1687167000,6.825,6.8375,6.8,6.80625
1687168800,6.80625,6.8125,6.775,6.7875
1687170600,6.7875,6.79375,6.74375,6.75625
1687172400,6.7625,6.76875,6.73125,6.74375
1687174200,6.75,6.76875,6.71875,6.71875
1687176000,6.725,6.725,6.66875,6.6875
1687177800,6.69375,6.7125,6.66875,6.69375
1687179600,6.7,6.74375,6.69375,6.7125
1687181400,6.7125,6.75,6.6875,6.7375
1687183200,6.7375,6.7875,6.7,6.70625
1687185000,6.70625,6.7125,6.64375,6.66875
1687186800,6.63125,6.63125,6.63125,6.63125
1687242600,6.63125,6.63125,6.63125,6.63125
1687244400,6.63125,6.8,6.6,6.73125
1687246200,6.725,6.74375,6.68125,6.7125
1687248000,6.71875,6.84375,6.70625,6.76875
1687249800,6.7625,6.83125,6.7375,6.81875
1687251600,6.81875,6.81875,6.7375,6.75625
1687253400,6.75,6.8125,6.73125,6.80625
1687255200,6.80625,6.83125,6.76875,6.78125
1687257000,6.775,6.7875,6.75,6.775
1687258800,6.775,6.8,6.74375,6.775
1687260600,6.78125,6.78125,6.73125,6.74375
1687262400,6.75,6.7625,6.73125,6.74375
1687264200,6.75,6.75,6.69375,6.69375
1687266000,6.7,6.7125,6.6375,6.6625
1687267800,6.6625,6.69375,6.625,6.64375
1687269600,6.64375,6.6625,6.625,6.63125
1687271400,6.6375,6.65625,6.5875,6.625
1687273200,6.6125,6.6125,6.6125,6.6125
1687329000,6.66875,6.66875,6.66875,6.66875
1687330800,6.66875,6.7,6.59375,6.625
1687332600,6.625,6.65,6.61875,6.6375
1687334400,6.63125,6.69375,6.63125,6.6625
1687336200,6.65625,6.66875,6.55625,6.5875
1687338000,6.58125,6.59375,6.56875,6.58125
1687339800,6.58125,6.6125,6.56875,6.6
1687341600,6.60625,6.63125,6.59375,6.6125
1687343400,6.6125,6.65,6.5875,6.59375
1687345200,6.5875,6.60625,6.55625,6.575
1687347000,6.575,6.58125,6.54375,6.5625
1687348800,6.56875,6.575,6.55,6.55625
1687350600,6.55625,6.55625,6.51875,6.5375
1687352400,6.54375,6.55,6.51875,6.5375
1687354200,6.5375,6.5375,6.475,6.48125
1687356000,6.48125,6.5,6.4375,6.4625
1687357800,6.46875,6.5,6.4375,6.4625
1687359600,6.4625,6.4625,6.4625,6.4625
1687415400,6.4625,6.4625,6.4625,6.4625
1687417200,6.46875,6.5625,6.4625,6.48125
1687419000,6.475,6.48125,6.4125,6.475
1687420800,6.475,6.525,6.46875,6.51875
1687422600,6.5125,6.55,6.48125,6.51875
1687424400,6.51875,6.55,6.50625,6.525
1687426200,6.525,6.55,6.51875,6.5375
1687428000,6.5375,6.55,6.475,6.49375
1687429800,6.5,6.51875,6.4875,6.51875
1687431600,6.5125,6.7125,6.4625,6.6625
1687433400,6.66875,6.66875,6.56875,6.6375
1687435200,6.63125,6.66875,6.6125,6.6375
1687437000,6.6375,6.8125,6.6375,6.74375
1687438800,6.75,6.775,6.70625,6.7125
1687440600,6.70625,6.73125,6.68125,6.725
1687442400,6.725,6.75625,6.70625,6.75
1687444200,6.75,6.8,6.7375,6.78125
1687446000,6.76875,6.76875,6.76875,6.76875
1687501800,6.88125,6.88125,6.88125,6.88125
1687503600,6.88125,6.96875,6.875,6.88125
1687505400,6.875,6.925,6.85625,6.90625
1687507200,6.90625,6.9125,6.875,6.9
1687509000,6.9,6.91875,6.8875,6.89375
1687510800,6.89375,6.89375,6.84375,6.8625
1687512600,6.8625,6.8625,6.825,6.85
1687514400,6.84375,6.8875,6.8375,6.86875
1687516200,6.86875,6.88125,6.84375,6.86875
1687518000,6.8625,6.875,6.85,6.8625
1687519800,6.8625,6.875,6.8125,6.825
1687521600,6.83125,6.83125,6.74375,6.7625
1687523400,6.7625,6.76875,6.71875,6.74375
1687525200,6.7375,6.79375,6.725,6.7875
1687527000,6.7875,6.83125,6.76875,6.83125
1687528800,6.83125,6.8875,6.81875,6.875
1687530600,6.875,6.90625,6.85625,6.89375
1687532400,6.925,6.925,6.925,6.925
1687761000,6.93125,6.93125,6.93125,6.93125
1687762800,6.93125,7.01875,6.9,6.99375
1687764600,6.9875,6.99375,6.95625,6.975
1687766400,6.98125,7.04375,6.9625,6.9875
1687768200,6.9875,7.025,6.98125,7.01875
1687770000,7.0125,7.075,7.00625,7.05
1687771800,7.05,7.075,7.03125,7.0625
1687773600,7.06875,7.09375,7.0125,7.01875
1687775400,7.025,7.15625,7.01875,7.11875
1687777200,7.11875,7.1625,7.08125,7.1
1687779000,7.09375,7.11875,7.08125,7.1125
1687780800,7.11875,7.13125,7.09375,7.10625
1687782600,7.1,7.14375,7.09375,7.125
1687784400,7.11875,7.1625,7.11875,7.1375
1687786200,7.1375,7.14375,7.1,7.1125
1687788000,7.1125,7.15,7.0875,7.13125
1687789800,7.1375,7.21875,7.1,7.15625
1687791600,7.125,7.125,7.125,7.125
1687847400,7.125,7.125,7.125,7.125
1687849200,7.13125,7.13125,7.03125,7.0625
1687851000,7.0625,7.10625,7.05625,7.06875
1687852800,7.06875,7.1,7.05625,7.0625
1687854600,7.06875,7.09375,7.0625,7.0875
1687856400,7.0875,7.125,7.08125,7.1125
1687858200,7.11875,7.11875,7.11875,7.11875
1688365800,7.18125,7.18125,7.18125,7.18125
1688367600,7.18125,7.31875,7.175,7.2875
1688369400,7.2875,7.34375,7.2625,7.28125
1688371200,7.28125,7.3,7.2625,7.28125
1688373000,7.28125,7.28125,7.2375,7.25
1688374800,7.25625,7.3,7.2375,7.28125
1688376600,7.28125,7.35625,7.275,7.3125
1688378400,7.30625,7.31875,7.2875,7.30625
1688380200,7.30625,7.31875,7.2875,7.3
1688382000,7.3,7.3,7.25625,7.2625
1688383800,7.26875,7.28125,7.25,7.28125
1688385600,7.28125,7.29375,7.25625,7.26875
1688387400,7.26875,7.275,7.25,7.25625
1688389200,7.25625,7.28125,7.24375,7.26875
1688391000,7.275,7.31875,7.2625,7.28125
1688392800,7.28125,7.3125,7.275,7.28125
1688394600,7.2875,7.3,7.25625,7.26875
1688396400,7.26875,7.26875,7.2625,7.2625
1688452200,7.375,7.375,7.375,7.375
1688454000,7.375,7.59375,7.3375,7.5
1688455800,7.5,7.53125,7.45,7.4875
1688457600,7.48125,7.51875,7.45,7.48125
1688459400,7.4875,7.54375,7.475,7.5125
1688461200,7.5125,7.51875,7.475,7.49375
1688463000,7.4875,7.49375,7.45,7.48125
1688464800,7.48125,7.48125,7.44375,7.46875
1688466600,7.46875,7.48125,7.45625,7.46875
1688468400,7.4625,7.475,7.45,7.4625
1688470200,7.4625,7.4625,7.425,7.4375
1688472000,7.4375,7.44375,7.41875,7.4375
1688473800,7.4375,7.4375,7.325,7.40625
1688475600,7.40625,7.425,7.3375,7.38125
1688477400,7.3875,7.4125,7.35,7.3625
1688479200,7.3625,7.375,7.3375,7.35625
1688481000,7.35625,7.39375,7.3375,7.35
1688482800,7.35,7.35,7.35,7.35
1688538600,7.375,7.375,7.375,7.375
1688540400,7.375,7.3875,7.28125,7.3375
1688542200,7.34375,7.35625,7.23125,7.275
1688544000,7.28125,7.28125,7.24375,7.2625
1688545800,7.2625,7.29375,7.25,7.2875
1688547600,7.28125,7.2875,7.2,7.20625
1688549400,7.20625,7.23125,7.14375,7.1875
1688551200,7.18125,7.19375,7.125,7.13125
1688553000,7.1375,7.1875,7.11875,7.175
1688554800,7.175,7.19375,7.1625,7.1875
1688556600,7.1875,7.24375,7.1875,7.23125
1688558400,7.23125,7.26875,7.20625,7.25
1688560200,7.25625,7.275,7.23125,7.2625
1688562000,7.2625,7.375,7.2625,7.3625
1688563800,7.3625,7.4125,7.3375,7.36875
1688565600,7.36875,7.4,7.35625,7.375
1688567400,7.36875,7.375,7.31875,7.3375
1688569200,7.375,7.375,7.375,7.375
1688625000,7.4,7.4,7.4,7.4
1688626800,7.40625,7.4375,7.33125,7.36875
1688628600,7.3625,7.44375,7.35,7.39375
1688630400,7.39375,7.4,7.375,7.3875
1688632200,7.38125,7.3875,7.33125,7.35625
1688634000,7.35625,7.375,7.34375,7.36875
1688635800,7.36875,7.375,7.35,7.36875
1688637600,7.36875,7.39375,7.35,7.375
1688639400,7.36875,7.38125,7.34375,7.3625
1688641200,7.3625,7.36875,7.34375,7.35
1688643000,7.35,7.35,7.325,7.33125
1688644800,7.325,7.35625,7.31875,7.33125
1688646600,7.3375,7.3375,7.29375,7.3
1688648400,7.3,7.31875,7.26875,7.3125
1688650200,7.3125,7.33125,7.29375,7.3125
1688652000,7.3125,7.31875,7.275,7.28125
1688653800,7.275,7.29375,7.25,7.26875
1688655600,7.2625,7.2625,7.25625,7.25625
1688711400,7.25625,7.25625,7.25625,7.25625
1688713200,7.25,7.28125,7.15625,7.21875
1688715000,7.21875,7.3375,7.2125,7.29375
1688716800,7.29375,7.3,7.25625,7.275
1688718600,7.26875,7.275,7.225,7.24375
1688720400,7.24375,7.33125,7.24375,7.2875
1688722200,7.2875,7.29375,7.2375,7.25625
1688724000,7.25625,7.25625,7.2125,7.25
1688725800,7.25,7.2625,7.2375,7.25625
1688727600,7.25625,7.28125,7.25,7.26875
1688729400,7.26875,7.275,7.225,7.23125
1688731200,7.2375,7.2625,7.225,7.25
1688733000,7.25,7.2875,7.24375,7.25625
1688734800,7.2625,7.2625,7.23125,7.25
1688736600,7.25,7.2625,7.2375,7.24375
1688738400,7.24375,7.25,7.19375,7.225
1688740200,7.225,7.2625,7.19375,7.2625
1688742000,7.25625,7.2625,7.25625,7.2625
1688970600,7.3875,7.3875,7.3875,7.3875
1688972400,7.39375,7.4625,7.3625,7.425
1688974200,7.425,7.4375,7.3625,7.3875
1688976000,7.3875,7.39375,7.34375,7.38125
1688977800,7.375,7.425,7.36875,7.39375
1688979600,7.39375,7.4,7.36875,7.38125
1688981400,7.38125,7.39375,7.375,7.375
1688983200,7.38125,7.3875,7.35625,7.36875
1688985000,7.36875,7.39375,7.3375,7.3875
1688986800,7.3875,7.43125,7.3875,7.39375
1688988600,7.4,7.4,7.35625,7.375
1688990400,7.375,7.38125,7.3625,7.38125
1688992200,7.38125,7.41875,7.36875,7.39375
1688994000,7.3875,7.4125,7.375,7.38125
1688995800,7.3875,7.40625,7.38125,7.3875
1688997600,7.39375,7.40625,7.3625,7.38125
1688999400,7.375,7.4125,7.3625,7.36875
1689001200,7.36875,7.36875,7.36875,7.36875
1689057000,7.475,7.475,7.475,7.475
1689058800,7.475,7.73125,7.40625,7.59375
1689060600,7.5875,7.68125,7.55,7.65625
1689062400,7.65625,7.79375,7.61875,7.71875
1689064200,7.7125,7.75625,7.675,7.7
1689066000,7.7,7.775,7.6875,7.75625
1689067800,7.75625,7.7625,7.65625,7.6875
1689069600,7.6875,7.7,7.65,7.68125
1689071400,7.68125,7.68125,7.6125,7.625
1689073200,7.61875,7.6875,7.59375,7.66875
1689075000,7.66875,7.68125,7.6125,7.625
1689076800,7.625,7.63125,7.5875,7.6125
1689078600,7.60625,7.65625,7.5875,7.65
1689080400,7.65,7.66875,7.61875,7.6375
1689082200,7.63125,7.68125,7.625,7.6375
1689084000,7.63125,7.6375,7.59375,7.63125
1689085800,7.6375,7.74375,7.625,7.74375
1689087600,7.74375,7.74375,7.7375,7.7375
1689143400,7.78125,7.78125,7.78125,7.78125
1689145200,7.7875,7.81875,7.6625,7.68125
1689147000,7.68125,7.7125,7.66875,7.66875
1689148800,7.66875,7.875,7.66875,7.7375
1689150600,7.74375,7.75625,7.6875,7.7
1689152400,7.69375,7.7125,7.6625,7.69375
1689154200,7.69375,7.69375,7.65,7.675
1689156000,7.66875,7.6875,7.65625,7.68125
1689157800,7.68125,7.74375,7.66875,7.7375
1689159600,7.73125,7.775,7.70625,7.7375
1689161400,7.7375,7.76875,7.71875,7.7375
1689163200,7.7375,7.78125,7.73125,7.74375
1689165000,7.7375,7.76875,7.7375,7.75
1689166800,7.74375,7.7625,7.725,7.7375
1689168600,7.73125,7.76875,7.725,7.74375
1689170400,7.74375,7.775,7.7125,7.7375
1689172200,7.7375,7.75,7.6625,7.6875
1689174000,7.6625,7.6625,7.6625,7.6625
1689229800,7.6625,7.6625,7.6625,7.6625
1689231600,7.6625,7.68125,7.60625,7.64375
1689233400,7.6375,7.64375,7.575,7.59375
1689235200,7.59375,7.65,7.59375,7.64375
1689237000,7.65,7.65625,7.6125,7.64375
1689238800,7.64375,7.71875,7.6375,7.66875
1689240600,7.675,7.7125,7.63125,7.65
1689242400,7.65,7.65625,7.61875,7.65625
1689244200,7.65,7.65625,7.5875,7.60625
1689246000,7.60625,7.61875,7.58125,7.60625
1689247800,7.60625,7.6125,7.5875,7.59375
1689249600,7.59375,7.6,7.49375,7.575
1689251400,7.56875,7.575,7.51875,7.54375
1689253200,7.54375,7.54375,7.45,7.50625
1689255000,7.50625,7.575,7.49375,7.55625
1689256800,7.55,7.56875,7.5125,7.5125
1689258600,7.51875,7.525,7.46875,7.5
1689260400,7.5,7.5,7.5,7.5
1689316200,7.525,7.525,7.525,7.525
1689318000,7.525,7.55625,7.4125,7.41875
1689319800,7.425,7.48125,7.40625,7.4375
1689321600,7.44375,7.45,7.41875,7.43125
1689323400,7.43125,7.44375,7.40625,7.4125
1689325200,7.41875,7.4375,7.4,7.425
1689327000,7.41875,7.43125,7.40625,7.425
1689328800,7.41875,7.43125,7.4125,7.425
1689330600,7.425,7.4375,7.4125,7.43125
1689332400,7.43125,7.4375,7.40625,7.4125
1689334200,7.4125,7.425,7.39375,7.4
1689336000,7.39375,7.45,7.39375,7.4375
1689337800,7.44375,7.65625,7.44375,7.56875
1689339600,7.56875,7.7,7.55,7.6125
1689341400,7.6125,7.6625,7.59375,7.61875
1689343200,7.61875,7.6375,7.5875,7.6
1689345000,7.59375,7.61875,7.55625,7.59375
1689346800,7.6,7.6,7.6,7.6
1689575400,7.64375,7.64375,7.64375,7.64375
1689577200,7.64375,7.775,7.6375,7.70625
1689579000,7.7,7.7,7.6625,7.66875
1689580800,7.66875,7.7125,7.6625,7.7
1689582600,7.7,7.71875,7.675,7.68125
1689584400,7.68125,7.71875,7.6625,7.70625
1689586200,7.7,7.7125,7.6875,7.7
1689588000,7.7,7.70625,7.68125,7.69375
1689589800,7.7,7.74375,7.69375,7.73125
1689591600,7.73125,7.8625,7.7125,7.80625
1689593400,7.80625,7.925,7.79375,7.825
1689595200,7.825,7.8625,7.8,7.83125
1689597000,7.825,7.8375,7.78125,7.825
1689598800,7.825,7.8875,7.81875,7.86875
1689600600,7.8625,7.86875,7.8,7.84375
1689602400,7.8375,7.91875,7.825,7.90625
1689604200,7.90625,8.05625,7.88125,7.96875
1689606000,7.96875,7.96875,7.9625,7.9625
1689661800,8,8,8,8
1689663600,8.00625,8.0375,7.85625,7.91875
1689665400,7.925,7.9375,7.8375,7.90625
1689667200,7.90625,8.03125,7.88125,8.00625
1689669000,8.00625,8.1,7.9875,7.99375
1689670800,8,8.05625,7.9375,7.94375
1689672600,7.94375,8.025,7.93125,7.96875
1689674400,7.96875,8.01875,7.95625,7.9875
1689676200,7.99375,8,7.9625,7.99375
1689678000,7.99375,8.00625,7.9625,7.975
1689679800,7.96875,8,7.9625,7.9875
1689681600,7.98125,8.05,7.9625,8.01875
1689683400,8.01875,8.05,7.99375,8
1689685200,8,8,7.9375,7.975
1689687000,7.975,7.975,7.7625,7.825
1689688800,7.825,7.83125,7.71875,7.8125
1689690600,7.80625,7.825,7.66875,7.7125
1689692400,7.7,7.7,7.7,7.7
1689748200,7.69375,7.69375,7.69375,7.69375
1689750000,7.69375,7.725,7.59375,7.66875
1689751800,7.66875,7.725,7.65,7.6875
1689753600,7.6875,7.7,7.59375,7.6125
1689755400,7.60625,7.63125,7.58125,7.6125
1689757200,7.6125,7.65,7.59375,7.625
1689759000,7.625,7.64375,7.6125,7.6375
1689760800,7.63125,7.65625,7.61875,7.65
1689762600,7.65,7.71875,7.64375,7.6875
1689764400,7.6875,7.75625,7.68125,7.725
1689766200,7.73125,7.75,7.7125,7.73125
1689768000,7.725,7.75625,7.6875,7.7
1689769800,7.7,7.7125,7.65,7.65625
1689771600,7.65,7.6625,7.6,7.64375
1689773400,7.64375,7.70625,7.6375,7.7
1689775200,7.7,7.7875,7.68125,7.73125
1689777000,7.7375,7.80625,7.73125,7.76875
1689778800,7.775,7.78125,7.775,7.78125
1689834600,7.8625,7.8625,7.8625,7.8625
1689836400,7.85625,7.8625,7.6875,7.70625
1689838200,7.70625,7.74375,7.6625,7.68125
1689840000,7.6875,7.70625,7.675,7.7
1689841800,7.7,7.7625,7.6875,7.7375
1689843600,7.7375,7.74375,7.70625,7.71875
1689845400,7.71875,7.725,7.6875,7.69375
1689847200,7.69375,7.7125,7.6625,7.6875
1689849000,7.6875,7.71875,7.68125,7.7
1689850800,7.7,7.7875,7.65,7.7375
1689852600,7.7375,7.75,7.6875,7.70625
1689854400,7.70625,7.70625,7.60625,7.6625
1689856200,7.6625,7.71875,7.65625,7.69375
1689858000,7.69375,7.7375,7.6875,7.7125
1689859800,7.70625,7.775,7.69375,7.7625
1689861600,7.76875,7.78125,7.71875,7.75
1689863400,7.75,7.75,7.7125,7.74375
1689865200,7.74375,7.75,7.74375,7.75
1689921000,7.75,7.75,7.75,7.75
1689922800,7.75,7.75625,7.6375,7.66875
1689924600,7.66875,7.6875,7.64375,7.65
1689926400,7.65625,7.6625,7.625,7.65
1689928200,7.65,7.66875,7.64375,7.65
1689930000,7.65625,7.66875,7.6375,7.64375
1689931800,7.64375,7.65625,7.63125,7.65
1689933600,7.65,7.65625,7.63125,7.65
1689935400,7.65,7.65,7.6,7.6
1689937200,7.6,7.6375,7.5875,7.63125
1689939000,7.63125,7.6375,7.5875,7.61875
1689940800,7.61875,7.63125,7.6125,7.625
1689942600,7.63125,7.65,7.59375,7.6375
1689944400,7.64375,7.66875,7.55625,7.56875
1689946200,7.56875,7.63125,7.54375,7.61875
1689948000,7.6125,7.6625,7.6,7.63125
1689949800,7.63125,7.66875,7.6,7.625
1689951600,7.6125,7.6125,7.6125,7.6125
1690180200,7.64375,7.64375,7.64375,7.64375
1690182000,7.6375,7.69375,7.51875,7.68125
1690183800,7.675,7.89375,7.675,7.8875
1690185600,7.89375,7.925,7.8375,7.84375
1690187400,7.8375,7.84375,7.78125,7.80625
1690189200,7.80625,7.80625,7.775,7.8
1690191000,7.8,7.875,7.79375,7.85
1690192800,7.84375,7.8875,7.83125,7.88125
1690194600,7.8875,7.89375,7.80625,7.8125
1690196400,7.8125,7.81875,7.74375,7.7875
1690198200,7.78125,7.79375,7.75625,7.76875
1690200000,7.76875,7.81875,7.75,7.7625
1690201800,7.75625,7.78125,7.73125,7.7625
1690203600,7.7625,7.78125,7.73125,7.75
1690205400,7.75,7.79375,7.74375,7.79375
1690207200,7.79375,7.8375,7.64375,7.69375
1690209000,7.69375,7.71875,7.56875,7.65
1690210800,7.59375,7.59375,7.59375,7.59375
1690266600,7.6125,7.6125,7.6125,7.6125
1690268400,7.61875,7.69375,7.53125,7.6
1690270200,7.6,7.6375,7.55625,7.56875
1690272000,7.575,7.58125,7.53125,7.55625
1690273800,7.55625,7.58125,7.54375,7.56875
1690275600,7.575,7.59375,7.55,7.58125
1690277400,7.58125,7.59375,7.54375,7.55
1690279200,7.55,7.55625,7.51875,7.54375
1690281000,7.54375,7.5625,7.51875,7.54375
1690282800,7.55,7.55,7.5125,7.525
1690284600,7.525,7.5375,7.5,7.5375
1690286400,7.53125,7.5375,7.475,7.49375
1690288200,7.5,7.5,7.375,7.38125
1690290000,7.3875,7.4125,7.33125,7.3875
1690291800,7.38125,7.425,7.36875,7.4
1690293600,7.4,7.4375,7.35,7.36875
1690295400,7.36875,7.4375,7.3375,7.39375
1690297200,7.39375,7.39375,7.3875,7.3875
1690353000,7.3875,7.3875,7.3875,7.3875
1690354800,7.38125,7.5,7.3375,7.43125
1690356600,7.425,7.50625,7.40625,7.46875
1690358400,7.46875,7.49375,7.44375,7.46875
1690360200,7.46875,7.475,7.44375,7.4625
1690362000,7.45625,7.475,7.44375,7.4625
1690363800,7.45625,7.475,7.4375,7.45
1690365600,7.45625,7.4625,7.41875,7.4375
1690367400,7.4375,7.4375,7.375,7.4
1690369200,7.4,7.4125,7.3625,7.4
1690371000,7.39375,7.41875,7.3875,7.41875
1690372800,7.41875,7.48125,7.40625,7.46875
1690374600,7.475,7.5,7.44375,7.45625
1690376400,7.45625,7.50625,7.4375,7.475
1690378200,7.475,7.60625,7.45625,7.55625
1690380000,7.5625,7.60625,7.54375,7.5625
1690381800,7.56875,7.60625,7.54375,7.59375
1690383600,7.59375,7.59375,7.59375,7.59375
1690439400,7.61875,7.61875,7.61875,7.61875
1690441200,7.6125,7.71875,7.59375,7.675
1690443000,7.66875,7.7,7.625,7.64375
1690444800,7.64375,7.6625,7.6375,7.65
1690446600,7.64375,7.66875,7.6,7.60625
1690448400,7.60625,7.61875,7.58125,7.59375
1690450200,7.59375,7.60625,7.55625,7.5875
1690452000,7.59375,7.6375,7.5875,7.61875
1690453800,7.625,7.625,7.5875,7.5875
1690455600,7.59375,7.6,7.58125,7.5875
1690457400,7.5875,7.6,7.56875,7.6
1690459200,7.6,7.60625,7.56875,7.58125
1690461000,7.575,7.5875,7.54375,7.55625
1690462800,7.5625,7.5625,7.525,7.55
1690464600,7.55,7.59375,7.5375,7.59375
1690466400,7.59375,7.6,7.5625,7.575
1690468200,7.58125,7.5875,7.5375,7.5625
1690470000,7.5625,7.5625,7.53125,7.53125
1690525800,7.63125,7.63125,7.63125,7.63125
1690527600,7.6375,7.70625,7.575,7.6875
1690529400,7.6875,7.7125,7.65,7.6875
1690531200,7.6875,7.6875,7.63125,7.675
1690533000,7.675,7.6875,7.64375,7.68125
1690534800,7.6875,7.70625,7.65,7.65625
1690536600,7.65625,7.6625,7.625,7.64375
1690538400,7.6375,7.65625,7.63125,7.64375
1690540200,7.64375,7.65,7.63125,7.6375
1690542000,7.6375,7.65,7.63125,7.6375
1690543800,7.6375,7.64375,7.59375,7.6
1690545600,7.59375,7.675,7.59375,7.6625
1690547400,7.66875,7.69375,7.61875,7.63125
1690549200,7.63125,7.6625,7.61875,7.65
1690551000,7.65,7.65625,7.6125,7.61875
1690552800,7.61875,7.6375,7.6125,7.625
1690554600,7.63125,7.65,7.5875,7.60625
1690556400,7.5875,7.5875,7.5875,7.5875
1690785000,7.61875,7.61875,7.61875,7.61875
1690786800,7.61875,7.68125,7.5875,7.6
1690788600,7.6,7.63125,7.5875,7.625
1690790400,7.625,7.675,7.6125,7.6375
1690792200,7.63125,7.64375,7.60625,7.625
1690794000,7.625,7.7,7.6125,7.7
1690795800,7.7,7.8125,7.69375,7.7375
1690797600,7.7375,7.78125,7.725,7.74375
1690799400,7.74375,7.75,7.7125,7.71875
1690801200,7.71875,7.73125,7.66875,7.675
1690803000,7.68125,7.68125,7.60625,7.63125
1690804800,7.63125,7.65625,7.61875,7.65625
1690806600,7.65,7.65625,7.60625,7.6125
1690808400,7.6125,7.65,7.60625,7.6375
1690810200,7.6375,7.65625,7.6125,7.65
1690812000,7.65,7.65625,7.61875,7.64375
1690813800,7.6375,7.65625,7.61875,7.6375
1690815600,7.61875,7.61875,7.61875,7.61875
1690871400,7.65,7.65,7.65,7.65
1690873200,7.65,7.975,7.64375,7.875
1690875000,7.88125,7.9125,7.7875,7.80625
1690876800,7.8,7.875,7.775,7.81875
1690878600,7.8125,7.9375,7.78125,7.81875
1690880400,7.825,7.9375,7.80625,7.925
1690882200,7.925,8.125,7.89375,8.0875
1690884000,8.09375,8.25625,8.0875,8.25
1690885800,8.25625,8.28125,8.1125,8.13125
1690887600,8.13125,8.1875,8.0875,8.11875
1690889400,8.125,8.2125,8.1125,8.2
1690891200,8.2,8.21875,8.1375,8.175
1690893000,8.18125,8.275,8.11875,8.25625
1690894800,8.25625,8.29375,8.15,8.1625
1690896600,8.1625,8.20625,8.11875,8.18125
1690898400,8.18125,8.1875,8.1125,8.1375
1690900200,8.14375,8.14375,7.99375,8.05
1690902000,8.05,8.05,8.04375,8.05
1690957800,8.18125,8.18125,8.18125,8.18125
1690959600,8.18125,8.3,8.05,8.0875
1690961400,8.0875,8.1,7.98125,7.9875
1690963200,7.9875,8.00625,7.91875,7.9375
1690965000,7.94375,8.0125,7.925,8.00625
1690966800,8,8.0125,7.93125,7.975
1690968600,7.96875,7.99375,7.94375,7.975
1690970400,7.975,7.975,7.91875,7.93125
1690972200,7.93125,7.975,7.925,7.9625
1690974000,7.9625,7.975,7.9375,7.9375
1690975800,7.94375,7.975,7.925,7.975
1690977600,7.975,8.05,7.95,8
1690979400,8,8.09375,7.9875,8.0875
1690981200,8.0875,8.125,8.01875,8.06875
1690983000,8.075,8.09375,8.03125,8.0375
1690984800,8.04375,8.0625,7.96875,8
1690986600,8.00625,8.00625,7.9375,7.95
1690988400,7.95625,7.95625,7.9375,7.9375
1691044200,7.95625,7.95625,7.95625,7.95625
1691046000,7.95625,8.08125,7.925,8.0125
1691047800,8.00625,8.10625,7.96875,8.1
1691049600,8.1,8.1125,8.01875,8.025
1691051400,8.025,8.04375,7.9875,8.0375
1691053200,8.0375,8.05,7.98125,8
1691055000,7.99375,8.025,7.975,7.99375
1691056800,7.9875,8,7.96875,8
1691058600,7.99375,8.0125,7.9625,7.96875
1691060400,7.96875,8.025,7.94375,8.00625
1691062200,8.00625,8.01875,7.9375,7.94375
1691064000,7.95,7.95,7.85625,7.86875
1691065800,7.875,7.9,7.825,7.8625
1691067600,7.8625,7.91875,7.85625,7.9
1691069400,7.90625,7.925,7.8375,7.88125
1691071200,7.88125,7.8875,7.80625,7.81875
1691073000,7.81875,7.86875,7.79375,7.8375
1691074800,7.83125,7.83125,7.83125,7.83125
1691130600,7.86875,7.86875,7.86875,7.86875
1691132400,7.86875,7.9625,7.8125,7.9375
1691134200,7.93125,7.94375,7.85625,7.875
1691136000,7.875,7.89375,7.8375,7.85625
1691137800,7.8625,7.86875,7.84375,7.85
1691139600,7.85625,7.88125,7.85,7.875
1691141400,7.875,7.88125,7.8375,7.85625
1691143200,7.85625,7.9,7.8375,7.88125
1691145000,7.88125,7.8875,7.8375,7.8625
1691146800,7.86875,7.89375,7.85,7.85625
1691148600,7.85625,7.86875,7.83125,7.85625
1691150400,7.8625,7.88125,7.84375,7.86875
1691152200,7.86875,7.91875,7.84375,7.8875
1691154000,7.89375,8.04375,7.875,8
1691155800,8.00625,8.03125,7.96875,7.99375
1691157600,7.99375,8.00625,7.9375,7.99375
1691159400,7.99375,8.00625,7.925,7.9875
1691161200,7.99375,7.99375,7.9875,7.9875
1691389800,7.6875,7.6875,7.6875,7.6875
1691391600,7.68125,7.70625,7.5,7.61875
1691393400,7.61875,7.63125,7.50625,7.51875
1691395200,7.5125,7.5375,7.4625,7.50625
1691397000,7.5125,7.51875,7.475,7.48125
1691398800,7.48125,7.54375,7.475,7.51875
1691400600,7.5125,7.53125,7.50625,7.50625
1691402400,7.50625,7.525,7.4875,7.49375
1691404200,7.49375,7.50625,7.48125,7.49375
1691406000,7.4875,7.5375,7.4875,7.51875
1691407800,7.5125,7.51875,7.45625,7.4625
1691409600,7.4625,7.48125,7.45,7.45625
1691411400,7.45625,7.46875,7.3125,7.36875
1691413200,7.375,7.4,7.34375,7.35
1691415000,7.35,7.375,7.325,7.35625
1691416800,7.35625,7.3625,7.30625,7.30625
1691418600,7.30625,7.3625,7.2625,7.35
1691420400,7.34375,7.34375,7.34375,7.34375
1691476200,7.25,7.25,7.25,7.25
1691478000,7.24375,7.25,7,7.05
1691479800,7.05625,7.2625,7.05,7.20625
1691481600,7.20625,7.2875,7.16875,7.18125
1691483400,7.175,7.1875,7.11875,7.15
1691485200,7.15625,7.18125,7.13125,7.15625
1691487000,7.15625,7.1625,7.125,7.13125
1691488800,7.13125,7.13125,7.08125,7.125
1691490600,7.125,7.1375,7.075,7.075
1691492400,7.075,7.125,7.06875,7.10625
1691494200,7.10625,7.125,7.075,7.08125
1691496000,7.0875,7.11875,7.0625,7.10625
1691497800,7.10625,7.11875,7.075,7.09375
1691499600,7.09375,7.15,7.0875,7.1375
1691501400,7.13125,7.1375,7.025,7.04375
1691503200,7.05,7.09375,7.03125,7.0875
1691505000,7.0875,7.18125,7.08125,7.10625
1691506800,7.11875,7.11875,7.08125,7.08125
1691562600,7.0875,7.0875,7.0875,7.0875
1691564400,7.09375,7.2375,7.0875,7.225
1691566200,7.225,7.33125,7.19375,7.26875
1691568000,7.26875,7.29375,7.21875,7.2375
1691569800,7.2375,7.25,7.20625,7.23125
1691571600,7.23125,7.275,7.225,7.23125
1691573400,7.23125,7.23125,7.2,7.2125
1691575200,7.21875,7.21875,7.18125,7.19375
1691577000,7.19375,7.2125,7.1625,7.18125
1691578800,7.175,7.26875,7.175,7.25
1691580600,7.25,7.25625,7.21875,7.225
1691582400,7.225,7.24375,7.19375,7.19375
1691584200,7.2,7.20625,7.18125,7.19375
1691586000,7.2,7.23125,7.19375,7.21875
1691587800,7.2125,7.275,7.20625,7.2625
1691589600,7.2625,7.3,7.2375,7.25
1691591400,7.25,7.28125,7.2125,7.21875
1691593200,7.21875,7.21875,7.21875,7.21875
1691649000,7.225,7.225,7.225,7.225
1691650800,7.23125,7.24375,7.1625,7.1875
1691652600,7.1875,7.19375,7.14375,7.15625
1691654400,7.1625,7.175,7.1125,7.125
1691656200,7.13125,7.16875,7.125,7.125
1691658000,7.125,7.15,7.1125,7.13125
1691659800,7.13125,7.1375,7.10625,7.10625
1691661600,7.10625,7.125,7.1,7.10625
1691663400,7.10625,7.175,7.1,7.11875
1691665200,7.11875,7.125,7.1,7.10625
1691667000,7.10625,7.11875,7.1,7.1
1691668800,7.10625,7.1125,7.05,7.06875
1691670600,7.06875,7.075,7.03125,7.03125
1691672400,7.03125,7.04375,6.86875,6.91875
1691674200,6.91875,6.96875,6.86875,6.91875
1691676000,6.91875,6.98125,6.89375,6.91875
1691677800,6.9125,6.91875,6.8125,6.875
1691679600,6.86875,6.88125,6.86875,6.88125
1691735400,6.8875,6.8875,6.8875,6.8875
1691737200,6.89375,6.95,6.83125,6.90625
1691739000,6.90625,6.9125,6.76875,6.775
1691740800,6.775,6.84375,6.75,6.8125
1691742600,6.8125,6.98125,6.8125,6.96875
1691744400,6.96875,6.975,6.90625,6.91875
1691746200,6.9125,6.93125,6.88125,6.9
1691748000,6.9,6.94375,6.8875,6.93125
1691749800,6.93125,7.00625,6.93125,6.9875
1691751600,6.9875,7.0875,6.98125,7.05625
1691753400,7.05625,7.10625,7.01875,7.01875
1691755200,7.025,7.0625,7.00625,7.0375
1691757000,7.0375,7.075,7.025,7.04375
1691758800,7.04375,7.14375,7.0375,7.1125
1691760600,7.1125,7.13125,7.04375,7.1
1691762400,7.1,7.1375,7.075,7.11875
1691764200,7.11875,7.1375,7.1,7.125
1691766000,7.125,7.125,7.11875,7.11875
1691994600,7.125,7.125,7.125,7.125
1691996400,7.13125,7.18125,7.0125,7.025
1691998200,7.025,7.1125,7.0125,7.10625
1692000000,7.10625,7.1125,7.04375,7.05
1692001800,7.05625,7.08125,7.0375,7.04375
1692003600,7.05,7.05625,7.025,7.04375
1692005400,7.04375,7.05625,7.0375,7.05
1692007200,7.05,7.075,7.03125,7.04375
1692009000,7.04375,7.05,7.01875,7.03125
1692010800,7.03125,7.0375,7.00625,7.01875
1692012600,7.0125,7.025,6.94375,6.9875
1692014400,6.98125,6.9875,6.94375,6.975
1692016200,6.975,6.975,6.93125,6.95
1692018000,6.95,6.96875,6.91875,6.91875
1692019800,6.91875,6.95,6.91875,6.925
1692021600,6.91875,6.95625,6.9,6.93125
1692023400,6.93125,6.95,6.89375,6.925
1692025200,6.925,6.925,6.91875,6.91875
1692081000,6.925,6.925,6.925,6.925
1692082800,6.93125,6.96875,6.83125,6.8625
1692084600,6.85625,7.05,6.85625,7.01875
1692086400,7.01875,7.01875,6.9,6.91875
1692088200,6.9125,6.93125,6.8875,6.90625
1692090000,6.90625,6.99375,6.9,6.9875
1692091800,6.98125,6.99375,6.91875,6.93125
1692093600,6.925,6.95625,6.89375,6.9375
1692095400,6.9375,6.95625,6.9,6.9125
1692097200,6.9125,6.925,6.89375,6.925
1692099000,6.91875,6.93125,6.9,6.90625
1692100800,6.9125,7.00625,6.9,6.95625
1692102600,6.95,6.96875,6.9125,6.95625
1692104400,6.95625,6.9625,6.90625,6.925
1692106200,6.925,6.9625,6.8625,6.86875
1692108000,6.875,6.89375,6.7875,6.79375
1692109800,6.8,6.8625,6.7375,6.85625
1692111600,6.85,6.85,6.85,6.85
1692167400,6.85,6.85,6.85,6.85
1692169200,6.84375,6.94375,6.80625,6.8875
1692171000,6.8875,6.8875,6.80625,6.8125
1692172800,6.8125,6.84375,6.79375,6.8375
1692174600,6.8375,6.89375,6.8125,6.8875
1692176400,6.89375,6.9125,6.85,6.875
1692178200,6.875,6.875,6.80625,6.8125
1692180000,6.80625,6.83125,6.78125,6.79375
1692181800,6.79375,6.84375,6.79375,6.83125
1692183600,6.83125,6.84375,6.8125,6.81875
1692185400,6.825,6.85,6.79375,6.80625
1692187200,6.80625,6.81875,6.76875,6.8125
1692189000,6.8125,6.84375,6.78125,6.7875
1692190800,6.79375,6.8125,6.775,6.8
1692192600,6.8,6.825,6.78125,6.79375
1692194400,6.8,6.81875,6.775,6.8
1692196200,6.8,6.8125,6.775,6.7875
1692198000,6.7625,6.7625,6.7625,6.7625
1692253800,6.7625,6.7625,6.7625,6.7625
1692255600,6.76875,6.78125,6.6875,6.7
1692257400,6.7,6.7375,6.6875,6.71875
1692259200,6.71875,6.83125,6.7125,6.79375
1692261000,6.79375,6.8125,6.75625,6.80625
1692262800,6.80625,6.8875,6.7875,6.85
1692264600,6.85,6.86875,6.8125,6.85
1692266400,6.84375,6.875,6.825,6.84375
1692268200,6.84375,6.86875,6.83125,6.8625
1692270000,6.8625,6.88125,6.84375,6.85625
1692271800,6.85625,6.8625,6.8125,6.8375
1692273600,6.83125,6.84375,6.8,6.80625
1692275400,6.8125,6.83125,6.79375,6.8125
1692277200,6.8125,6.8125,6.75,6.79375
1692279000,6.79375,6.825,6.7625,6.7625
1692280800,6.7625,6.80625,6.75,6.775
1692282600,6.78125,6.79375,6.75,6.775
1692284400,6.7625,6.7625,6.7625,6.7625
1692340200,6.775,6.775,6.775,6.775
1692342000,6.775,6.79375,6.725,6.74375
1692343800,6.74375,6.75,6.68125,6.7
1692345600,6.70625,6.725,6.68125,6.70625
1692347400,6.7,6.71875,6.68125,6.69375
1692349200,6.69375,6.70625,6.6625,6.66875
1692351000,6.6625,6.6875,6.65,6.66875
1692352800,6.66875,6.69375,6.6625,6.6875
1692354600,6.68125,6.6875,6.6625,6.68125
1692356400,6.68125,6.6875,6.625,6.63125
1692358200,6.63125,6.64375,6.6125,6.625
1692360000,6.625,6.65,6.60625,6.65
1692361800,6.65,6.65,6.58125,6.6
1692363600,6.6,6.6375,6.5875,6.6375
1692365400,6.6375,6.65625,6.6125,6.6375
1692367200,6.6375,6.6375,6.50625,6.525
1692369000,6.525,6.59375,6.44375,6.58125
1692370800,6.58125,6.58125,6.54375,6.54375
1692599400,6.54375,6.54375,6.54375,6.54375
1692601200,6.55,6.71875,6.4875,6.6875
1692603000,6.68125,6.85,6.675,6.76875
1692604800,6.775,6.81875,6.75,6.775
1692606600,6.775,6.78125,6.73125,6.75
1692608400,6.75,6.79375,6.7375,6.7875
1692610200,6.78125,6.80625,6.7375,6.8
1692612000,6.8,6.81875,6.75,6.7625
1692613800,6.7625,6.7875,6.75,6.7625
1692615600,6.7625,6.7875,6.75,6.78125
1692617400,6.78125,6.7875,6.75,6.7625
1692619200,6.7625,6.775,6.725,6.775
1692621000,6.76875,6.8375,6.76875,6.78125
1692622800,6.7875,6.88125,6.78125,6.875
1692624600,6.88125,6.88125,6.83125,6.85
1692626400,6.85625,6.9375,6.85,6.85625
1692628200,6.8625,6.925,6.84375,6.8625
1692630000,6.8625,6.8625,6.8625,6.8625
1692685800,6.875,6.875,6.875,6.875
1692687600,6.875,6.88125,6.7375,6.7625
1692689400,6.76875,6.8125,6.7375,6.75
1692691200,6.75,6.75625,6.7125,6.74375
1692693000,6.74375,6.74375,6.7,6.71875
1692694800,6.71875,6.7375,6.70625,6.7375
1692696600,6.73125,6.74375,6.71875,6.71875
1692698400,6.725,6.7375,6.70625,6.725
1692700200,6.71875,6.71875,6.66875,6.6875
1692702000,6.6875,6.725,6.675,6.70625
1692703800,6.70625,6.71875,6.65,6.6625
1692705600,6.66875,6.69375,6.65,6.66875
1692707400,6.6625,6.7,6.65,6.68125
1692709200,6.68125,6.6875,6.65,6.675
1692711000,6.66875,6.675,6.59375,6.63125
1692712800,6.63125,6.7,6.6125,6.66875
1692714600,6.66875,6.68125,6.61875,6.65
1692716400,6.64375,6.64375,6.64375,6.64375
1692772200,6.6625,6.6625,6.6625,6.6625
1692774000,6.6625,6.7625,6.59375,6.60625
1692775800,6.60625,6.675,6.5875,6.65
1692777600,6.65625,6.65625,6.60625,6.625
1692779400,6.625,6.64375,6.6,6.6375
1692781200,6.63125,6.64375,6.59375,6.60625
1692783000,6.6,6.625,6.58125,6.6
1692784800,6.60625,6.625,6.59375,6.60625
1692786600,6.6125,6.625,6.59375,6.6
1692788400,6.59375,6.63125,6.5875,6.61875
1692790200,6.61875,6.625,6.6,6.6125
1692792000,6.61875,6.66875,6.6,6.63125
1692793800,6.63125,6.6375,6.5875,6.5875
1692795600,6.5875,6.61875,6.55,6.59375
1692797400,6.59375,6.6,6.54375,6.5625
1692799200,6.55625,6.58125,6.5125,6.53125
1692801000,6.53125,6.54375,6.49375,6.5125
1692802800,6.49375,6.49375,6.49375,6.49375
1692858600,6.5,6.5,6.5,6.5
1692860400,6.5,6.59375,6.49375,6.5625
1692862200,6.5625,6.63125,6.5625,6.60625
1692864000,6.60625,6.63125,6.575,6.60625
1692865800,6.6125,6.70625,6.6,6.675
1692867600,6.675,6.93125,6.6625,6.84375
1692869400,6.84375,6.8625,6.70625,6.725
1692871200,6.71875,6.75625,6.71875,6.7375
1692873000,6.74375,6.74375,6.6875,6.70625
1692874800,6.70625,6.8,6.625,6.65625
1692876600,6.65625,6.65625,6.4625,6.6125
1692878400,6.6125,6.7125,6.6,6.64375
1692880200,6.6375,6.64375,6.4625,6.475
1692882000,6.475,6.60625,6.44375,6.5625
1692883800,6.55625,6.6375,6.525,6.61875
1692885600,6.61875,6.64375,6.5125,6.54375
1692887400,6.5375,6.5375,6.43125,6.48125
1692889200,6.48125,6.48125,6.48125,6.48125
1692945000,6.525,6.525,6.525,6.525
1692946800,6.51875,6.55,6.4375,6.5
1692948600,6.5,6.575,6.49375,6.51875
1692950400,6.525,6.5875,6.5,6.56875
1692952200,6.5625,6.56875,6.5,6.5125
1692954000,6.50625,6.525,6.5,6.5
1692955800,6.50625,6.50625,6.44375,6.4625
1692957600,6.45625,6.45625,6.36875,6.40625
1692959400,6.40625,6.44375,6.39375,6.40625
1692961200,6.4,6.45,6.38125,6.4375
1692963000,6.43125,6.45625,6.39375,6.41875
1692964800,6.41875,6.45,6.4,6.4375
1692966600,6.44375,6.45625,6.3625,6.3875
1692968400,6.39375,6.425,6.375,6.425
1692970200,6.425,6.4875,6.4,6.48125
1692972000,6.48125,6.54375,6.475,6.54375
1692973800,6.54375,6.675,6.5375,6.5875
1692975600,6.5875,6.6,6.5875,6.6
1693204200,6.61875,6.61875,6.61875,6.61875
1693206000,6.61875,6.71875,6.56875,6.6625
1693207800,6.6625,6.675,6.6125,6.63125
1693209600,6.6375,6.6875,6.6125,6.66875
1693211400,6.675,6.7125,6.6375,6.70625
1693213200,6.70625,6.75625,6.65,6.675
1693215000,6.675,6.675,6.63125,6.65625
1693216800,6.6625,6.66875,6.61875,6.625
1693218600,6.625,6.64375,6.6125,6.6375
1693220400,6.6375,6.64375,6.6125,6.6125
1693222200,6.61875,6.63125,6.6,6.61875
1693224000,6.61875,6.65625,6.6125,6.65
1693225800,6.65,6.65,6.6,6.6125
1693227600,6.60625,6.64375,6.60625,6.625
1693229400,6.625,6.6625,6.6125,6.64375
1693231200,6.64375,6.6625,6.55625,6.5875
1693233000,6.5875,6.59375,6.5375,6.55
1693234800,6.55,6.575,6.55,6.575
1693290600,6.6,6.6,6.6,6.6
1693292400,6.6,6.625,6.5625,6.6
1693294200,6.59375,6.64375,6.5625,6.575
1693296000,6.575,6.575,6.51875,6.54375
1693297800,6.54375,6.55625,6.51875,6.525
1693299600,6.525,6.5625,6.5,6.525
1693301400,6.525,6.53125,6.48125,6.5125
1693303200,6.50625,6.51875,6.49375,6.50625
1693305000,6.5125,6.51875,6.49375,6.5
1693306800,6.5,6.5,6.45625,6.475
1693308600,6.46875,6.4875,6.45625,6.4625
1693310400,6.4625,6.475,6.43125,6.45625
1693312200,6.4625,6.46875,6.44375,6.45625
1693314000,6.45625,6.46875,6.425,6.45625
1693315800,6.45625,6.49375,6.4375,6.45
1693317600,6.44375,6.50625,6.425,6.4625
1693319400,6.45625,6.475,6.4125,6.425
1693321200,6.45,6.45,6.45,6.45
1693549800,6.60625,6.60625,6.60625,6.60625
1693551600,6.60625,6.64375,6.5625,6.60625
1693553400,6.6,6.6,6.54375,6.5625
1693555200,6.56875,6.575,6.51875,6.53125
1693557000,6.53125,6.5375,6.5125,6.525
1693558800,6.53125,6.55,6.51875,6.5375
1693560600,6.53125,6.54375,6.51875,6.525
1693562400,6.525,6.53125,6.5125,6.51875
1693564200,6.5125,6.51875,6.48125,6.49375
1693566000,6.5,6.51875,6.4625,6.475
1693567800,6.48125,6.49375,6.45,6.45625
1693569600,6.45625,6.50625,6.44375,6.475
1693571400,6.475,6.5125,6.4625,6.5
1693573200,6.50625,6.5125,6.475,6.4875
1693575000,6.49375,6.5375,6.4875,6.5
1693576800,6.50625,6.51875,6.4875,6.5
1693578600,6.5,6.50625,6.4625,6.4875
1693580400,6.4875,6.5,6.4875,6.5
1693809000,6.5375,6.5375,6.5375,6.5375
1693810800,6.5375,6.575,6.5125,6.55
1693812600,6.55,6.6125,6.54375,6.5625
1693814400,6.55625,6.60625,6.55,6.56875
1693816200,6.575,6.575,6.5375,6.55
1693818000,6.54375,6.55625,6.5375,6.54375
1693819800,6.5375,6.5625,6.525,6.5375
1693821600,6.5375,6.58125,6.53125,6.55625
1693823400,6.55625,6.58125,6.5375,6.5625
1693825200,6.5625,6.6,6.54375,6.575
1693827000,6.58125,6.5875,6.55625,6.56875
1693828800,6.5625,6.56875,6.54375,6.5625
1693830600,6.5625,6.56875,6.54375,6.5625
1693832400,6.5625,6.60625,6.54375,6.5875
1693834200,6.5875,6.59375,6.53125,6.55
1693836000,6.55,6.55,6.51875,6.51875
1693837800,6.51875,6.525,6.48125,6.5
1693839600,6.5,6.5,6.48125,6.48125
1693895400,6.51875,6.51875,6.51875,6.51875
1693897200,6.51875,6.66875,6.49375,6.6375
1693899000,6.6375,6.76875,6.63125,6.65625
1693900800,6.6625,6.71875,6.64375,6.6875
1693902600,6.69375,6.70625,6.63125,6.6375
1693904400,6.64375,6.65625,6.55625,6.56875
1693906200,6.5625,6.61875,6.55,6.6
1693908000,6.59375,6.625,6.575,6.6
1693909800,6.59375,6.60625,6.5625,6.56875
1693911600,6.56875,6.59375,6.5625,6.58125
1693913400,6.575,6.5875,6.5625,6.575
1693915200,6.575,6.5875,6.55625,6.56875
1693917000,6.56875,6.575,6.55625,6.56875
1693918800,6.5625,6.58125,6.525,6.54375
1693920600,6.54375,6.56875,6.54375,6.55625
1693922400,6.55625,6.575,6.5375,6.55
1693924200,6.55625,6.65625,6.5375,6.625
1693926000,6.625,6.625,6.625,6.625
1693981800,6.6875,6.6875,6.6875,6.6875
1693983600,6.68125,6.825,6.63125,6.80625
1693985400,6.80625,6.8125,6.725,6.75
1693987200,6.74375,7.04375,6.74375,6.95
1693989000,6.95,7.0375,6.8875,7.025
1693990800,7.025,7.04375,6.90625,6.90625
1693992600,6.90625,6.91875,6.83125,6.84375
1693994400,6.85,6.88125,6.80625,6.85
1693996200,6.84375,6.90625,6.84375,6.90625
1693998000,6.90625,6.93125,6.86875,6.91875
1693999800,6.91875,6.9375,6.88125,6.90625
1694001600,6.90625,6.91875,6.79375,6.825
1694003400,6.825,6.84375,6.8,6.83125
1694005200,6.825,6.8875,6.825,6.88125
1694007000,6.88125,6.96875,6.86875,6.95625
1694008800,6.95625,6.96875,6.875,6.88125
1694010600,6.88125,6.95625,6.8125,6.86875
1694012400,6.81875,6.81875,6.81875,6.81875
1694068200,6.95,6.95,6.95,6.95
1694070000,6.95,6.9875,6.83125,6.8625
1694071800,6.85625,6.85625,6.7625,6.79375
1694073600,6.79375,6.79375,6.75625,6.7625
1694075400,6.75625,6.78125,6.7125,6.73125
1694077200,6.725,6.7375,6.7125,6.7375
1694079000,6.73125,6.7625,6.71875,6.75
1694080800,6.75625,6.7875,6.75,6.775
1694082600,6.775,6.78125,6.75,6.75625
1694084400,6.75625,6.7625,6.73125,6.75
1694086200,6.75,6.75625,6.73125,6.73125
1694088000,6.73125,6.75625,6.7,6.74375
1694089800,6.74375,6.74375,6.7,6.73125
1694091600,6.73125,6.73125,6.675,6.6875
1694093400,6.6875,6.75,6.675,6.70625
1694095200,6.7,6.7125,6.675,6.7
1694097000,6.7,6.76875,6.69375,6.7375
1694098800,6.73125,6.7375,6.73125,6.7375
1694154600,6.775,6.775,6.775,6.775
1694156400,6.76875,6.81875,6.7125,6.75
1694158200,6.75,6.8375,6.75,6.78125
1694160000,6.78125,6.80625,6.76875,6.775
1694161800,6.78125,6.78125,6.75,6.7625
1694163600,6.7625,6.7625,6.7,6.7375
1694165400,6.73125,6.7375,6.7125,6.725
1694167200,6.725,6.73125,6.70625,6.7125
1694169000,6.71875,6.71875,6.7,6.71875
1694170800,6.71875,6.725,6.6875,6.69375
1694172600,6.69375,6.70625,6.6625,6.68125
1694174400,6.68125,6.6875,6.625,6.65625
1694176200,6.65625,6.66875,6.63125,6.64375
1694178000,6.64375,6.6625,6.625,6.65
1694179800,6.65625,6.675,6.625,6.6375
1694181600,6.63125,6.65,6.625,6.63125
1694183400,6.63125,6.65625,6.6125,6.63125
1694185200,6.625,6.625,6.625,6.625
1694413800,6.66875,6.66875,6.66875,6.66875
1694415600,6.66875,6.7125,6.6,6.6125
1694417400,6.61875,6.73125,6.60625,6.69375
1694419200,6.7,6.7125,6.6625,6.66875
1694421000,6.6625,6.69375,6.6375,6.65
1694422800,6.65,6.65625,6.61875,6.63125
1694424600,6.63125,6.64375,6.59375,6.59375
1694426400,6.59375,6.61875,6.5875,6.60625
1694428200,6.60625,6.61875,6.6,6.60625
1694430000,6.60625,6.60625,6.575,6.5875
1694431800,6.58125,6.60625,6.575,6.58125
1694433600,6.58125,6.65,6.5625,6.59375
1694435400,6.5875,6.6,6.51875,6.54375
1694437200,6.54375,6.55,6.4875,6.5
1694439000,6.5,6.51875,6.48125,6.48125
1694440800,6.48125,6.5125,6.475,6.5
1694442600,6.49375,6.5,6.44375,6.4625
1694444400,6.4625,6.4625,6.4625,6.4625
1694500200,6.475,6.475,6.475,6.475
1694502000,6.475,6.55,6.4625,6.5125
1694503800,6.50625,6.58125,6.4625,6.475
1694505600,6.46875,6.475,6.425,6.44375
1694507400,6.45,6.45,6.3875,6.425
1694509200,6.425,6.4875,6.4125,6.475
1694511000,6.48125,6.4875,6.4625,6.475
1694512800,6.475,6.475,6.4375,6.4625
1694514600,6.4625,6.4875,6.44375,6.45625
1694516400,6.45,6.45625,6.41875,6.4375
1694518200,6.4375,6.475,6.43125,6.46875
1694520000,6.4625,6.50625,6.45625,6.49375
1694521800,6.5,6.51875,6.45625,6.46875
1694523600,6.46875,6.5125,6.4625,6.5125
1694525400,6.5125,6.5375,6.48125,6.50625
1694527200,6.50625,6.5125,6.39375,6.425
1694529000,6.41875,6.45,6.375,6.4
1694530800,6.4,6.4,6.38125,6.38125
1694586600,6.4,6.4,6.4,6.4
1694588400,6.4,6.45625,6.38125,6.43125
1694590200,6.4375,6.44375,6.3875,6.40625
1694592000,6.40625,6.4125,6.38125,6.39375
1694593800,6.4,6.425,6.39375,6.40625
1694595600,6.4,6.44375,6.39375,6.425
1694597400,6.425,6.425,6.4,6.41875
1694599200,6.4125,6.41875,6.39375,6.4
1694601000,6.4,6.4,6.375,6.3875
1694602800,6.38125,6.40625,6.38125,6.39375
1694604600,6.39375,6.4125,6.3875,6.4
1694606400,6.4,6.4,6.3375,6.36875
1694608200,6.36875,6.38125,6.33125,6.35625
1694610000,6.35625,6.35625,6.2875,6.3125
1694611800,6.3125,6.33125,6.225,6.2425
1694613600,6.24,6.26875,6.2025,6.2425
1694615400,6.2425,6.2625,6.1875,6.2125
1694617200,6.2125,6.2125,6.2125,6.2125
1694673000,6.4875,6.4875,6.4875,6.4875
1694674800,6.48125,6.6125,6.4625,6.475
1694676600,6.46875,6.4875,6.4,6.4
1694678400,6.40625,6.40625,6.26875,6.275
1694680200,6.275,6.3125,6.2125,6.2375
1694682000,6.235,6.2625,6.2025,6.2275
1694683800,6.2275,6.2325,6.165,6.165
1694685600,6.185,6.2075,6.0825,6.1225
1694687400,6.12,6.1575,6.0925,6.1275
1694689200,6.13,6.1375,6.085,6.11
1694691000,6.11,6.1125,6.0125,6.0375
1694692800,6.0375,6.0475,5.9825,6.02
1694694600,6.02,6.0625,6.02,6.045
1694696400,6.0475,6.065,6.0025,6.055
1694698200,6.055,6.095,6.02,6.0525
1694700000,6.0525,6.0875,6.0025,6.0775
1694701800,6.08,6.2325,6.065,6.155
1694703600,6.155,6.1875,6.155,6.1875
1694759400,6.26875,6.26875,6.26875,6.26875
1694761200,6.26875,6.2875,6.095,6.1
1694763000,6.1025,6.165,6.085,6.1425
1694764800,6.145,6.165,6.14,6.1525
1694766600,6.155,6.16,6.13,6.135
1694768400,6.1325,6.16,6.1325,6.14
1694770200,6.14,6.15,6.1225,6.125
1694772000,6.1225,6.13,6.1075,6.11
1694773800,6.11,6.1275,6.1075,6.115
1694775600,6.1125,6.1225,6.1075,6.115
1694777400,6.115,6.1375,6.1075,6.135
1694779200,6.135,6.1425,6.1225,6.13
1694781000,6.13,6.145,6.11,6.1125
1694782800,6.115,6.13,6.1025,6.125
1694784600,6.125,6.1275,6.095,6.1
1694786400,6.1,6.115,6.0825,6.1075
1694788200,6.1075,6.1525,6.1,6.11
1694790000,6.125,6.125,6.125,6.125
1695018600,6.125,6.125,6.125,6.125
1695020400,6.1275,6.1525,5.9825,6.005
1695022200,6.005,6.0125,5.955,5.96
1695024000,5.9575,5.98,5.9175,5.9625
1695025800,5.965,5.98,5.9575,5.9725
1695027600,5.9725,5.9825,5.9475,5.9475
1695029400,5.95,5.96,5.945,5.95
1695031200,5.95,5.9675,5.9375,5.9425
1695033000,5.945,5.9475,5.8925,5.9125
1695034800,5.9125,5.9275,5.89,5.905
1695036600,5.905,5.915,5.8825,5.905
1695038400,5.9025,5.915,5.885,5.9025
1695040200,5.9025,5.905,5.8875,5.9
1695042000,5.9,5.93,5.8975,5.8975
1695043800,5.9,5.9025,5.8625,5.885
1695045600,5.8825,5.8925,5.8525,5.86
1695047400,5.86,5.8975,5.835,5.8375
1695049200,5.8,5.8,5.8,5.8
1695105000,5.8125,5.8125,5.8125,5.8125
1695106800,5.8125,5.875,5.78,5.8725
1695108600,5.875,5.8975,5.8525,5.8725
1695110400,5.8725,5.89,5.8525,5.8825
1695112200,5.8825,5.885,5.84,5.8525
1695114000,5.85,5.86,5.83,5.855
1695115800,5.855,5.8575,5.815,5.835
1695117600,5.835,5.8525,5.835,5.84
1695119400,5.84,5.85,5.83,5.8375
1695121200,5.8375,5.8725,5.8125,5.8175
1695123000,5.8175,5.86,5.81,5.8375
1695124800,5.8375,5.8575,5.8375,5.8475
1695126600,5.8475,5.8475,5.79,5.7975
1695128400,5.7975,5.835,5.7875,5.8275
1695130200,5.8275,5.8525,5.815,5.84
1695132000,5.84,5.865,5.8125,5.8225
1695133800,5.8225,5.85,5.81,5.8425
1695135600,5.8375,5.8375,5.8375,5.8375
1695191400,5.84,5.84,5.84,5.84
1695193200,5.8375,5.8625,5.805,5.845
1695195000,5.845,5.86,5.83,5.845
1695196800,5.8475,5.88,5.835,5.85
1695198600,5.85,5.85,5.805,5.81
1695200400,5.81,5.815,5.7875,5.795
1695202200,5.795,5.795,5.7725,5.7875
1695204000,5.785,5.7875,5.755,5.765
1695205800,5.7625,5.7625,5.7425,5.755
1695207600,5.755,5.7575,5.74,5.75
1695209400,5.75,5.7525,5.7175,5.725
1695211200,5.7225,5.74,5.7125,5.715
1695213000,5.7175,5.7275,5.705,5.72
1695214800,5.72,5.7625,5.7075,5.7475
1695216600,5.745,5.785,5.7375,5.7725
1695218400,5.7725,5.775,5.725,5.7325
1695220200,5.7325,5.7675,5.725,5.7325
1695222000,5.7325,5.7325,5.7,5.7
1695277800,5.7,5.7,5.7,5.7
1695279600,5.7025,5.7225,5.6525,5.6675
1695281400,5.67,5.675,5.595,5.5975
1695283200,5.5975,5.6225,5.5825,5.6175
1695285000,5.6175,5.625,5.5975,5.6075
1695286800,5.605,5.6125,5.5725,5.5775
1695288600,5.575,5.585,5.5675,5.585
1695290400,5.5825,5.59,5.5725,5.575
1695292200,5.5725,5.585,5.5525,5.565
1695294000,5.565,5.6675,5.5625,5.6275
1695295800,5.6275,5.705,5.6275,5.705
1695297600,5.7075,5.73,5.68,5.6875
1695299400,5.6875,5.71,5.675,5.69
1695301200,5.6925,5.775,5.6925,5.74
1695303000,5.74,5.755,5.705,5.7225
1695304800,5.7225,5.76,5.715,5.75
1695306600,5.7525,5.82,5.7425,5.7825
1695308400,5.7875,5.7875,5.7875,5.7875
1695364200,5.7875,5.7875,5.7875,5.7875
1695366000,5.79,5.8575,5.7325,5.8025
1695367800,5.8025,5.825,5.775,5.7925
1695369600,5.79,5.81,5.7825,5.79
1695371400,5.7875,5.8225,5.78,5.805
1695373200,5.8075,5.83,5.7825,5.79
1695375000,5.7875,5.795,5.7675,5.775
1695376800,5.775,5.78,5.7525,5.77
1695378600,5.77,5.77,5.7375,5.74
1695380400,5.74,5.7475,5.7,5.7125
1695382200,5.715,5.725,5.6975,5.71
1695384000,5.7125,5.7125,5.675,5.6875
1695385800,5.6875,5.7075,5.685,5.6925
1695387600,5.69,5.7125,5.685,5.705
1695389400,5.7075,5.71,5.68,5.695
1695391200,5.6925,5.695,5.6675,5.6725
1695393000,5.675,5.7075,5.67,5.69
1695394800,5.69,5.69,5.69,5.69
1695623400,5.7,5.7,5.7,5.7
1695625200,5.7,5.74,5.6375,5.655
1695627000,5.6575,5.6725,5.6375,5.66
1695628800,5.66,5.72,5.655,5.7125
1695630600,5.7125,5.7125,5.6725,5.6925
1695632400,5.695,5.7125,5.69,5.71
1695634200,5.7075,5.7225,5.695,5.7075
1695636000,5.7075,5.71,5.6875,5.705
1695637800,5.705,5.705,5.6875,5.6925
1695639600,5.6925,5.7025,5.685,5.69
1695641400,5.69,5.695,5.6775,5.6825
1695643200,5.6825,5.6975,5.6775,5.6775
1695645000,5.6775,5.7325,5.67,5.7075
1695646800,5.71,5.7775,5.6925,5.745
1695648600,5.7475,5.765,5.7325,5.74
1695650400,5.74,5.7425,5.72,5.7425
1695652200,5.745,5.7675,5.7225,5.74
1695654000,5.74,5.74,5.7375,5.7375
1695709800,5.9475,5.9475,5.9475,5.9475
1695711600,5.95,6.02,5.88,5.9
1695713400,5.9,5.9125,5.82,5.8275
1695715200,5.83,5.8525,5.8025,5.8475
1695717000,5.845,5.8575,5.83,5.85
1695718800,5.8525,5.895,5.845,5.865
1695720600,5.865,5.87,5.845,5.855
1695722400,5.855,6.115,5.8525,6.105
1695724200,6.1025,6.30625,6.1025,6.26875
1695726000,6.26875,6.30625,6.2375,6.2425
1695727800,6.2425,6.30625,6.235,6.2875
1695729600,6.28125,6.30625,6.2075,6.225
1695731400,6.2275,6.25625,6.1825,6.2425
1695733200,6.245,6.30625,6.2425,6.30625
1695735000,6.30625,6.30625,6.30625,6.30625
1695736800,6.30625,6.30625,6.30625,6.30625
1695738600,6.30625,6.30625,6.30625,6.30625
1695740400,6.30625,6.30625,6.30625,6.30625
1695796200,6.35625,6.35625,6.35625,6.35625
1695798000,6.35625,6.3625,6.155,6.19
1695799800,6.1925,6.205,6.155,6.1625
1695801600,6.16,6.1775,6.115,6.175
1695803400,6.1725,6.175,6.0925,6.095
1695805200,6.0925,6.125,6.08,6.0825
1695807000,6.085,6.1,6.0575,6.0675
1695808800,6.0675,6.1525,6.06,6.095
1695810600,6.095,6.175,6.09,6.1475
1695812400,6.145,6.1775,6.12,6.135
1695814200,6.1375,6.155,6.1225,6.1225
1695816000,6.1225,6.125,6.08,6.1
1695817800,6.1,6.1025,6.0475,6.075
1695819600,6.0725,6.105,6.0675,6.0975
1695821400,6.0975,6.125,6.085,6.095
1695823200,6.0975,6.1525,6.08,6.1325
1695825000,6.1325,6.1375,6.06,6.0725
1695826800,6.0725,6.0725,6.04,6.04
1695882600,6.0575,6.0575,6.0575,6.0575
1695884400,6.0575,6.0975,5.9575,6.0325
1695886200,6.03,6.0375,5.9825,6.0025
1695888000,6.0025,6.0225,5.975,5.9825
1695889800,5.98,5.985,5.9525,5.9825
1695891600,5.985,5.995,5.9675,5.98
1695893400,5.98,5.985,5.9625,5.975
1695895200,5.9725,6.0075,5.9675,5.975
1695897000,5.975,5.98,5.9575,5.9675
1695898800,5.9675,5.97,5.93,5.955
1695900600,5.95,5.9575,5.94,5.9475
1695902400,5.9475,5.965,5.9425,5.9575
1695904200,5.9575,5.9975,5.9325,5.935
1695906000,5.9375,6.13,5.9325,6.0525
1695907800,6.0525,6.1525,6.035,6.1025
1695909600,6.1025,6.135,6.035,6.1125
1695911400,6.11,6.13,5.9875,6.02
1695913200,6.02,6.025,6.02,6.025
1695969000,6.025,6.025,6.025,6.025
1695970800,6.0275,6.0625,5.9975,6.0325
1695972600,6.03,6.085,6.0175,6.0475
1695974400,6.045,6.0925,6.045,6.0775
1695976200,6.0775,6.105,6.0625,6.0775
1695978000,6.0775,6.0775,6.0425,6.0475
1695979800,6.045,6.0825,6.03,6.0675
1695981600,6.07,6.1075,6.0675,6.0875
1695983400,6.085,6.095,6.055,6.0625
1695985200,6.0625,6.0825,6.055,6.0675
1695987000,6.0675,6.1275,6.065,6.125
1695988800,6.125,6.2375,6.1,6.19
1695990600,6.19,6.23,6.1525,6.1675
1695992400,6.17,6.2125,6.16,6.1725
1695994200,6.1725,6.195,6.1425,6.1775
1695996000,6.175,6.1975,6.14,6.15
1695997800,6.15,6.1525,6.075,6.105
1695999600,6.1475,6.1475,6.1475,6.1475
1696228200,6.1525,6.1525,6.1525,6.1525
1696230000,6.1525,6.1875,6.1125,6.1775
1696231800,6.1775,6.1875,6.1375,6.14
1696233600,6.1425,6.17,6.14,6.1575
1696235400,6.1575,6.18,6.1525,6.1625
1696237200,6.1625,6.1675,6.15,6.1575
1696239000,6.1575,6.16,6.1225,6.135
1696240800,6.1325,6.1425,6.125,6.1275
1696242600,6.1275,6.13,6.105,6.11
1696244400,6.1075,6.1075,6.0875,6.1
1696246200,6.1025,6.115,6.095,6.1025
1696248000,6.105,6.11,6.09,6.1025
1696249800,6.1025,6.1275,6.1,6.1225
1696251600,6.12,6.17,6.12,6.1325
1696253400,6.1325,6.1375,6.105,6.105
1696255200,6.105,6.1125,6.095,6.0975
1696257000,6.0975,6.11,6.075,6.0875
1696258800,6.08,6.08,6.08,6.08
1696314600,6.0825,6.0825,6.0825,6.0825
1696316400,6.0825,6.095,6.04,6.0675
1696318200,6.0675,6.1475,6.06,6.0875
1696320000,6.0875,6.105,6.085,6.1025
1696321800,6.105,6.13,6.1025,6.11
1696323600,6.1075,6.11,6.075,6.0825
1696325400,6.08,6.0825,6.0575,6.065
1696327200,6.065,6.0725,6.055,6.06
1696329000,6.06,6.0625,6.0425,6.0475
1696330800,6.05,6.055,6.0175,6.0325
1696332600,6.0325,6.0425,6.0225,6.0375
1696334400,6.0375,6.0525,6.0325,6.04
1696336200,6.04,6.1225,6.01,6.0925
1696338000,6.095,6.135,6.0775,6.0825
1696339800,6.0825,6.085,6.0475,6.05
1696341600,6.0525,6.0575,6.005,6.0075
1696343400,6.0075,6.02,5.9475,5.9875
1696345200,5.9975,5.9975,5.9975,5.9975
1696401000,5.9975,5.9975,5.9975,5.9975
1696402800,5.9975,6.0625,5.975,6.0075
1696404600,6.01,6.0175,5.9875,6
1696406400,6,6.025,5.9725,5.985
1696408200,5.9825,5.9925,5.96,5.985
1696410000,5.9825,6.0175,5.9525,5.9925
1696411800,5.9925,6,5.97,5.9875
1696413600,5.9875,6.0525,5.9825,6.0225
1696415400,6.025,6.0625,5.99,6.0225
1696417200,6.02,6.0225,6.005,6.0175
1696419000,6.015,6.0175,5.985,5.9925
1696420800,5.995,6.0075,5.9775,5.9925
1696422600,5.9925,5.9925,5.965,5.9775
1696424400,5.9775,5.9975,5.97,5.9775
1696426200,5.98,5.9825,5.955,5.9575
1696428000,5.9575,5.965,5.8975,5.9175
1696429800,5.9175,5.93,5.85,5.8725
1696431600,5.8725,5.8725,5.8625,5.8625
1696487400,5.875,5.875,5.875,5.875
1696489200,5.875,5.925,5.875,5.8775
1696491000,5.8775,5.8825,5.8625,5.88
1696492800,5.8825,5.8925,5.875,5.8825
1696494600,5.8825,5.885,5.8675,5.8775
1696496400,5.8775,5.9075,5.8575,5.87
1696498200,5.87,5.895,5.8625,5.8875
1696500000,5.89,5.89,5.85,5.855
1696501800,5.855,5.86,5.7625,5.765
1696503600,5.765,5.775,5.725,5.76
1696505400,5.7625,5.775,5.7425,5.745
1696507200,5.7475,5.775,5.74,5.745
1696509000,5.745,5.78,5.7325,5.775
1696510800,5.775,5.8025,5.7725,5.7825
1696512600,5.7825,5.8125,5.7625,5.8025
1696514400,5.8025,5.86,5.79,5.8275
1696516200,5.825,5.8825,5.805,5.8725
1696518000,5.8725,5.8725,5.8725,5.8725
1696573800,5.8175,5.8175,5.8175,5.8175
1696575600,5.82,5.85,5.7925,5.8425
1696577400,5.8425,5.845,5.8275,5.83
1696579200,5.83,5.8425,5.8,5.8125
1696581000,5.8125,5.8225,5.7975,5.8025
1696582800,5.805,5.82,5.7975,5.8125
1696584600,5.8125,5.8125,5.795,5.8
1696586400,5.8,5.815,5.795,5.8075
1696588200,5.8075,5.815,5.8,5.81
1696590000,5.81,5.82,5.7925,5.795
1696591800,5.795,5.7975,5.7675,5.7825
1696593600,5.78,5.79,5.775,5.7875
1696595400,5.7875,5.79,5.765,5.7725
1696597200,5.7725,5.81,5.77,5.8
1696599000,5.8,5.81,5.7825,5.79
1696600800,5.79,5.79,5.7575,5.78
1696602600,5.7825,5.785,5.755,5.7625
1696604400,5.7625,5.7625,5.7625,5.7625
1696833000,5.71,5.71,5.71,5.71
1696834800,5.7075,5.71,5.635,5.65
1696836600,5.6475,5.69,5.645,5.66
1696838400,5.66,5.68,5.6575,5.665
1696840200,5.665,5.6675,5.65,5.655
1696842000,5.6525,5.68,5.65,5.665
1696843800,5.6675,5.6925,5.66,5.6875
1696845600,5.6875,5.7275,5.685,5.705
1696847400,5.705,5.88,5.6925,5.875
1696849200,5.875,5.9,5.805,5.82
1696851000,5.82,5.8925,5.805,5.8525
1696852800,5.8525,5.875,5.8075,5.8125
1696854600,5.8125,5.83,5.7775,5.8
1696856400,5.8,5.815,5.785,5.8075
1696858200,5.8075,5.8125,5.7425,5.7775
1696860000,5.78,5.7825,5.6875,5.6925
1696861800,5.6975,5.73,5.655,5.6675
1696863600,5.64,5.64,5.64,5.64
1696919400,5.745,5.745,5.745,5.745
1696921200,5.7475,5.7875,5.675,5.7825
1696923000,5.7825,5.8075,5.75,5.765
1696924800,5.7675,5.7775,5.755,5.7625
1696926600,5.7625,5.78,5.7325,5.745
1696928400,5.745,5.7625,5.7425,5.75
1696930200,5.75,5.765,5.745,5.7575
1696932000,5.755,5.755,5.73,5.735
1696933800,5.735,5.7375,5.705,5.7125
1696935600,5.7125,5.7175,5.695,5.7025
1696937400,5.7025,5.715,5.695,5.7075
1696939200,5.705,5.7275,5.705,5.7225
1696941000,5.7225,5.7325,5.715,5.73
1696942800,5.73,5.7525,5.73,5.745
1696944600,5.745,5.75,5.695,5.705
1696946400,5.7075,5.745,5.7025,5.73
1696948200,5.7325,5.7575,5.73,5.735
1696950000,5.735,5.735,5.735,5.735
1697005800,5.7225,5.7225,5.7225,5.7225
1697007600,5.7225,5.8475,5.6825,5.8375
1697009400,5.8375,5.85,5.7825,5.81
1697011200,5.8125,5.815,5.755,5.76
1697013000,5.76,5.835,5.76,5.815
1697014800,5.8175,5.825,5.7825,5.7925
1697016600,5.79,5.8325,5.78,5.82
1697018400,5.8225,5.85,5.785,5.8025
1697020200,5.8,5.8125,5.795,5.8
1697022000,5.8025,5.825,5.775,5.785
1697023800,5.7825,5.785,5.7475,5.7475
1697025600,5.75,5.755,5.7275,5.7375
1697027400,5.7375,5.7425,5.7025,5.7325
1697029200,5.7325,5.7525,5.7225,5.7325
1697031000,5.735,5.7375,5.7025,5.715
1697032800,5.7125,5.7125,5.6625,5.6725
1697034600,5.6725,5.7325,5.6625,5.7125
1697036400,5.7225,5.7225,5.7225,5.7225
1697092200,5.7675,5.7675,5.7675,5.7675
1697094000,5.77,5.79,5.7425,5.76
1697095800,5.76,5.775,5.755,5.765
1697097600,5.765,5.7775,5.73,5.735
1697099400,5.7325,5.75,5.7175,5.7475
1697101200,5.745,5.765,5.7325,5.7575
1697103000,5.7575,5.765,5.7475,5.75
1697104800,5.7525,5.7625,5.735,5.7525
1697106600,5.7525,5.765,5.73,5.745
1697108400,5.7425,5.75,5.725,5.7325
1697110200,5.7325,5.7325,5.63,5.66
1697112000,5.66,5.6625,5.6025,5.63
1697113800,5.63,5.6425,5.605,5.6125
1697115600,5.6125,5.635,5.5975,5.6175
1697117400,5.6175,5.6225,5.5175,5.5225
1697119200,5.5225,5.55,5.495,5.5
1697121000,5.5,5.6275,5.49,5.6225
1697122800,5.655,5.655,5.655,5.655
1697178600,5.655,5.655,5.655,5.655
1697180400,5.6575,5.6625,5.5775,5.65
1697182200,5.6475,5.6575,5.57,5.575
1697184000,5.575,5.5975,5.5725,5.5875
1697185800,5.5875,5.5975,5.5575,5.575
1697187600,5.5725,5.5975,5.555,5.5625
1697189400,5.5625,5.5675,5.545,5.5475
1697191200,5.5475,5.5525,5.525,5.5425
1697193000,5.5425,5.565,5.515,5.5325
1697194800,5.5325,5.55,5.5175,5.5475
1697196600,5.5475,5.555,5.53,5.54
1697198400,5.5425,5.56,5.5225,5.535
1697200200,5.535,5.535,5.465,5.4875
1697202000,5.4875,5.5575,5.48,5.5225
1697203800,5.5225,5.545,5.5,5.5375
1697205600,5.5375,5.5675,5.535,5.545
1697207400,5.545,5.6275,5.5375,5.55
1697209200,5.555,5.555,5.555,5.555
1697437800,5.5975,5.5975,5.5975,5.5975
1697439600,5.6,5.68,5.505,5.5225
1697441400,5.52,5.52,5.48,5.4925
1697443200,5.4925,5.4975,5.4525,5.465
1697445000,5.465,5.4875,5.4525,5.4825
1697446800,5.4825,5.49,5.45,5.46
1697448600,5.46,5.475,5.4225,5.4375
1697450400,5.4375,5.45,5.405,5.415
1697452200,5.4125,5.415,5.365,5.375
1697454000,5.3775,5.3925,5.35,5.3675
1697455800,5.3675,5.3975,5.3525,5.3925
1697457600,5.3925,5.405,5.3775,5.3875
1697459400,5.3875,5.4,5.3775,5.3875
1697461200,5.3875,5.3875,5.36,5.375
1697463000,5.375,5.4125,5.365,5.4075
1697464800,5.4075,5.4425,5.3775,5.415
1697466600,5.415,5.4225,5.36,5.36
1697468400,5.36,5.36,5.3575,5.3575
1697524200,5.3625,5.3625,5.3625,5.3625
1697526000,5.365,5.44,5.3525,5.4225
1697527800,5.4225,5.43,5.385,5.385
1697529600,5.385,5.39,5.36,5.38
1697531400,5.3775,5.385,5.3675,5.3725
1697533200,5.3725,5.3725,5.325,5.3325
1697535000,5.3325,5.3425,5.3175,5.335
1697536800,5.3375,5.3525,5.3225,5.3525
1697538600,5.35,5.3625,5.335,5.3625
1697540400,5.36,5.385,5.355,5.3725
1697542200,5.37,5.3875,5.35,5.3875
1697544000,5.385,5.42,5.3775,5.4175
1697545800,5.42,5.4225,5.4,5.415
1697547600,5.4125,5.4275,5.395,5.3975
1697549400,5.3975,5.44,5.3875,5.44
1697551200,5.44,5.4675,5.415,5.4225
1697553000,5.42,5.4575,5.4075,5.4525
1697554800,5.4625,5.4625,5.4625,5.4625
1697610600,5.365,5.365,5.365,5.365
1697612400,5.365,5.3725,5.325,5.3475
1697614200,5.345,5.3675,5.3025,5.31
1697616000,5.3075,5.3225,5.28,5.3175
1697617800,5.315,5.325,5.285,5.2875
1697619600,5.29,5.3075,5.285,5.305
1697621400,5.305,5.315,5.295,5.3075
1697623200,5.3075,5.345,5.3025,5.3375
1697625000,5.34,5.3475,5.325,5.33
1697626800,5.33,5.345,5.2925,5.2975
1697628600,5.2975,5.3325,5.29,5.3325
1697630400,5.33,5.335,5.305,5.3175
1697632200,5.3175,5.32,5.29,5.2925
1697634000,5.2925,5.3075,5.28,5.2975
1697635800,5.2975,5.32,5.2925,5.3
1697637600,5.3,5.345,5.2725,5.3125
1697639400,5.3125,5.33,5.2825,5.2825
1697641200,5.2825,5.35,5.2825,5.35
1697697000,5.3425,5.3425,5.3425,5.3425
1697698800,5.3425,5.3975,5.3275,5.385
1697700600,5.3875,5.3925,5.33,5.3575
1697702400,5.355,5.365,5.33,5.3625
1697704200,5.365,5.4,5.3575,5.3975
1697706000,5.3975,5.4025,5.3825,5.3875
1697707800,5.39,5.3975,5.365,5.3725
1697709600,5.37,5.4125,5.37,5.41
1697711400,5.4125,5.4175,5.395,5.4025
1697713200,5.4025,5.4675,5.395,5.4625
1697715000,5.4625,5.47,5.425,5.43
1697716800,5.43,5.4425,5.3925,5.4025
1697718600,5.4025,5.4025,5.3425,5.3425
1697720400,5.34,5.3625,5.3125,5.32
1697722200,5.3175,5.3275,5.285,5.3225
1697724000,5.32,5.3225,5.255,5.2725
1697725800,5.2725,5.28,5.235,5.275
1697727600,5.24,5.24,5.24,5.24
1697783400,5.15,5.15,5.15,5.15
1697785200,5.15,5.185,5.115,5.1475
1697787000,5.1475,5.23,5.145,5.2075
1697788800,5.205,5.3,5.1825,5.2925
1697790600,5.2925,5.3275,5.2625,5.305
1697792400,5.3075,5.41,5.29,5.4025
1697794200,5.4025,5.4075,5.3475,5.38
1697796000,5.3825,5.3825,5.295,5.33
1697797800,5.3325,5.365,5.3225,5.365
1697799600,5.3675,5.41,5.335,5.35
1697801400,5.3525,5.355,5.2825,5.325
1697803200,5.325,5.3325,5.2775,5.2825
1697805000,5.2825,5.3025,5.23,5.24
1697806800,5.2375,5.2825,5.2175,5.265
1697808600,5.265,5.265,5.19,5.1925
1697810400,5.195,5.2425,5.1875,5.2175
1697812200,5.22,5.23,5.125,5.185
1697814000,5.1825,5.1825,5.1625,5.1625
1698042600,5.3025,5.3025,5.3025,5.3025
1698044400,5.3025,5.31,5.21,5.215
1698046200,5.215,5.2475,5.2,5.2225
1698048000,5.2225,5.24,5.2025,5.215
1698049800,5.2175,5.2225,5.185,5.215
1698051600,5.2125,5.2425,5.1575,5.1825
1698053400,5.1825,5.2075,5.1675,5.195
1698055200,5.195,5.2,5.1775,5.1875
1698057000,5.1875,5.215,5.1875,5.1925
1698058800,5.195,5.2,5.185,5.1925
1698060600,5.195,5.2375,5.1925,5.22
1698062400,5.2225,5.245,5.2075,5.2425
1698064200,5.24,5.38,5.235,5.365
1698066000,5.365,5.395,5.345,5.3825
1698067800,5.3825,5.5925,5.3575,5.5875
1698069600,5.5875,5.6775,5.5375,5.6775
1698071400,5.6775,5.6775,5.6775,5.6775
1698073200,5.6775,5.6775,5.6775,5.6775
1698129000,5.6775,5.6775,5.6775,5.6775
1698130800,5.675,6.14,5.63,6.0325
1698132600,6.0325,6.0375,5.94,5.98
1698134400,5.9825,6,5.9425,5.96
1698136200,5.96,5.9725,5.8925,5.9175
1698138000,5.9175,5.9475,5.875,5.9375
1698139800,5.935,5.965,5.91,5.9475
1698141600,5.9475,5.985,5.935,5.9725
1698143400,5.975,5.975,5.93,5.9325
1698145200,5.935,5.9775,5.925,5.9675
1698147000,5.97,6.05,5.9675,6
1698148800,6.0025,6.0575,5.985,5.99
1698150600,5.99,6,5.9625,5.9975
1698152400,5.9975,6,5.96,5.9875
1698154200,5.99,6.02,5.97,5.9775
1698156000,5.975,6.01,5.925,5.9575
1698157800,5.9575,5.9625,5.8725,5.875
1698159600,5.8725,5.875,5.8725,5.8725
1698215400,5.875,5.875,5.875,5.875
1698217200,5.875,5.8825,5.78,5.79
1698219000,5.79,5.7925,5.7375,5.785
1698220800,5.785,5.8525,5.7475,5.7475
1698222600,5.75,5.7525,5.7325,5.745
1698224400,5.745,5.745,5.7,5.715
1698226200,5.715,5.7175,5.67,5.6725
1698228000,5.6725,5.6725,5.5875,5.59
1698229800,5.5875,5.5925,5.535,5.56
1698231600,5.5575,5.5675,5.515,5.5175
1698233400,5.5175,5.52,5.4675,5.4875
1698235200,5.4875,5.525,5.4775,5.5025
1698237000,5.5,5.5125,5.425,5.4325
1698238800,5.435,5.475,5.41,5.46
1698240600,5.4625,5.475,5.37,5.375
1698242400,5.38,5.385,5.29,5.31
1698246000,5.3075,5.3075,5.3075,5.3075
1698301800,5.3325,5.3325,5.3325,5.3325
1698303600,5.335,5.4325,5.295,5.3175
1698305400,5.3175,5.3625,5.2675,5.3075
1698307200,5.3075,5.3375,5.2925,5.3175
1698309000,5.3175,5.34,5.31,5.33
1698310800,5.3275,5.3775,5.315,5.36
1698312600,5.36,5.4525,5.36,5.415
1698314400,5.4125,5.4575,5.4,5.44
1698316200,5.44,5.4825,5.42,5.4575
1698318000,5.4575,5.4875,5.375,5.39
1698319800,5.3925,5.4275,5.3675,5.4275
1698321600,5.425,5.5225,5.4125,5.5175
1698323400,5.5175,5.575,5.4725,5.495
1698325200,5.495,5.5325,5.4625,5.465
1698327000,5.4675,5.4875,5.4275,5.4675
1698328800,5.4675,5.4725,5.3975,5.415
1698330600,5.415,5.435,5.3875,5.4225
1698332400,5.4125,5.4125,5.4125,5.4125
1698388200,5.41,5.41,5.41,5.41
1698390000,5.4075,5.42,5.3175,5.345
1698391800,5.3475,5.3475,5.3,5.3025
1698393600,5.305,5.3425,5.2925,5.34
1698395400,5.34,5.3675,5.33,5.3625
1698397200,5.3625,5.4025,5.3375,5.3475
1698399000,5.3475,5.3575,5.325,5.33
1698400800,5.33,5.3475,5.315,5.3175
1698402600,5.32,5.32,5.3025,5.3125
1698404400,5.3125,5.3125,5.275,5.29
1698406200,5.29,5.3,5.255,5.2575
1698408000,5.255,5.285,5.25,5.2625
1698409800,5.2625,5.2675,5.23,5.2475
1698411600,5.2475,5.29,5.24,5.2725
1698413400,5.2725,5.285,5.25,5.26
1698415200,5.26,5.3225,5.2425,5.295
1698417000,5.295,5.36,5.29,5.325
1698418800,5.3275,5.3275,5.3275,5.3275
1698647400,5.33,5.33,5.33,5.33
1698649200,5.33,5.385,5.255,5.38
1698651000,5.3825,5.535,5.38,5.4925
1698652800,5.4925,5.5425,5.435,5.4525
1698654600,5.4525,5.47,5.415,5.4225
1698656400,5.42,5.4775,5.4,5.4275
1698658200,5.425,5.4525,5.3975,5.4475
1698660000,5.4475,5.5675,5.435,5.5425
1698661800,5.5425,5.6225,5.54,5.5775
1698663600,5.5775,5.665,5.5775,5.61
1698665400,5.61,5.63,5.5675,5.58
1698667200,5.58,5.595,5.5475,5.55
1698669000,5.55,5.5575,5.5025,5.51
1698670800,5.51,5.555,5.49,5.51
1698672600,5.51,5.6525,5.495,5.6475
1698674400,5.6475,5.7325,5.6125,5.645
1698676200,5.645,5.685,5.52,5.5275
1698678000,5.485,5.485,5.485,5.485
1698733800,5.5125,5.5125,5.5125,5.5125
1698735600,5.515,5.5475,5.445,5.455
1698737400,5.4575,5.475,5.4325,5.4375
1698739200,5.435,5.46,5.3775,5.385
1698741000,5.3825,5.385,5.3475,5.3825
1698742800,5.38,5.395,5.3675,5.375
1698744600,5.3775,5.3975,5.36,5.395
1698746400,5.395,5.4025,5.3725,5.3725
1698748200,5.375,5.385,5.35,5.375
1698750000,5.375,5.3775,5.3525,5.355
1698751800,5.355,5.36,5.3275,5.345
1698753600,5.345,5.4075,5.33,5.3975
1698755400,5.3975,5.43,5.37,5.3725
1698757200,5.375,5.405,5.36,5.3825
1698759000,5.385,5.4025,5.365,5.3725
1698760800,5.3725,5.3725,5.31,5.32
1698762600,5.32,5.3375,5.2925,5.3225
1698764400,5.345,5.345,5.345,5.345
1698820200,5.365,5.365,5.365,5.365
1698822000,5.37,5.4075,5.3275,5.335
1698823800,5.3325,5.4,5.3125,5.385
1698825600,5.385,5.4,5.35,5.355
1698827400,5.355,5.47,5.355,5.4175
1698829200,5.4125,5.435,5.3725,5.425
1698831000,5.425,5.4525,5.37,5.38
1698832800,5.3775,5.38,5.3475,5.36
1698834600,5.36,5.3775,5.3225,5.325
1698836400,5.325,5.34,5.265,5.27
1698838200,5.2725,5.295,5.26,5.29
1698840000,5.29,5.33,5.2825,5.32
1698841800,5.32,5.3225,5.285,5.305
1698843600,5.3025,5.3475,5.27,5.2825
1698845400,5.2825,5.3575,5.2675,5.3375
1698847200,5.3375,5.4825,5.31,5.4525
1698849000,5.4525,5.475,5.4175,5.4425
1698850800,5.4875,5.4875,5.4875,5.4875
1698906600,5.65,5.65,5.65,5.65
1698908400,5.6525,5.7225,5.565,5.61
1698910200,5.6075,5.6375,5.5825,5.625
1698912000,5.6275,5.6825,5.6225,5.6425
1698913800,5.6425,5.645,5.5825,5.605
1698915600,5.6025,5.6025,5.5475,5.5575
1698917400,5.555,5.5775,5.53,5.57
1698919200,5.57,5.595,5.57,5.59
1698921000,5.59,5.63,5.5725,5.58
1698922800,5.5775,5.5875,5.565,5.57
1698924600,5.5725,5.5925,5.565,5.5775
1698926400,5.5775,5.58,5.525,5.5425
1698928200,5.54,5.5425,5.51,5.515
1698930000,5.515,5.555,5.5025,5.5475
1698931800,5.5475,5.595,5.5425,5.5575
1698933600,5.555,5.5675,5.525,5.5425
1698935400,5.5425,5.55,5.495,5.5225
1698937200,5.535,5.535,5.535,5.535
1698993000,5.5375,5.5375,5.5375,5.5375
1698994800,5.535,5.65,5.5175,5.635
1698996600,5.6375,5.6925,5.635,5.69
1698998400,5.69,5.8475,5.6725,5.8325
1699000200,5.8325,5.845,5.775,5.7975
1699002000,5.8,5.805,5.735,5.74
1699003800,5.7425,5.785,5.715,5.785
1699005600,5.785,5.785,5.72,5.725
1699007400,5.725,5.725,5.6875,5.7125
1699009200,5.7125,5.7575,5.7,5.7375
1699011000,5.7375,5.7725,5.725,5.7525
1699012800,5.75,5.7825,5.725,5.765
1699014600,5.7675,5.7975,5.745,5.7525
1699016400,5.7525,5.79,5.715,5.7625
1699018200,5.7625,5.9275,5.7575,5.8625
1699020000,5.8625,5.8975,5.7975,5.815
1699021800,5.8175,5.8225,5.7375,5.76
1699023600,5.7475,5.7475,5.7475,5.7475
1699252200,5.8075,5.8075,5.8075,5.8075
1699254000,5.8075,5.8375,5.7125,5.76
1699255800,5.7575,5.8275,5.7575,5.7675
1699257600,5.7675,5.88,5.765,5.8525
1699259400,5.8525,5.9025,5.8325,5.85
1699261200,5.85,5.8625,5.83,5.845
1699263000,5.8425,5.85,5.8225,5.8325
1699264800,5.8325,5.845,5.8175,5.83
1699266600,5.83,5.83,5.8075,5.81
1699268400,5.81,5.815,5.7825,5.7825
1699270200,5.785,5.805,5.7775,5.795
1699272000,5.795,5.7975,5.75,5.7675
1699273800,5.7675,5.785,5.76,5.7725
1699275600,5.77,5.785,5.765,5.7725
1699277400,5.7725,5.7825,5.7125,5.7275
1699279200,5.725,5.7325,5.6975,5.73
1699281000,5.73,5.73,5.68,5.715
1699282800,5.7125,5.7175,5.7125,5.7175
1699338600,5.75,5.75,5.75,5.75
1699340400,5.75,5.81,5.6725,5.6825
1699342200,5.68,5.685,5.65,5.675
1699344000,5.6775,5.68,5.655,5.66
1699345800,5.6575,5.6675,5.6175,5.63
1699347600,5.63,5.6425,5.6125,5.62
1699349400,5.6225,5.635,5.605,5.63
1699351200,5.63,5.63,5.6125,5.6225
1699353000,5.62,5.625,5.6075,5.6175
1699354800,5.6175,5.62,5.605,5.615
1699356600,5.6125,5.6175,5.6,5.615
1699358400,5.615,5.63,5.605,5.6125
1699360200,5.61,5.6325,5.5975,5.6175
1699362000,5.6175,5.66,5.6125,5.6525
1699363800,5.6525,5.66,5.635,5.6575
1699365600,5.6575,5.6625,5.605,5.61
1699367400,5.61,5.6275,5.5975,5.61
1699369200,5.6125,5.6125,5.6125,5.6125
1699425000,5.6425,5.6425,5.6425,5.6425
1699426800,5.6425,5.6925,5.64,5.6775
1699428600,5.675,5.695,5.6425,5.675
1699430400,5.675,5.6925,5.6525,5.6575
1699432200,5.6575,5.6625,5.6425,5.6475
1699434000,5.645,5.655,5.6275,5.635
1699435800,5.6325,5.6425,5.6275,5.635
1699437600,5.6325,5.635,5.6125,5.6225
1699439400,5.62,5.6275,5.6,5.605
1699441200,5.6025,5.615,5.595,5.61
1699443000,5.6075,5.64,5.6025,5.62
1699444800,5.62,5.62,5.595,5.6075
1699446600,5.605,5.6175,5.595,5.6025
1699448400,5.6025,5.6175,5.6025,5.6075
1699450200,5.61,5.61,5.5775,5.58
1699452000,5.5775,5.585,5.535,5.5575
1699453800,5.5575,5.5825,5.54,5.5675
1699455600,5.5525,5.5525,5.5525,5.5525
1699511400,5.515,5.515,5.515,5.515
1699513200,5.5175,5.52,5.48,5.4925
1699515000,5.4925,5.5,5.47,5.49
1699516800,5.4925,5.5175,5.46,5.4725
1699518600,5.4725,5.49,5.465,5.4725
1699520400,5.4725,5.4925,5.465,5.4875
1699522200,5.4875,5.4925,5.47,5.485
1699524000,5.4875,5.495,5.48,5.4925
1699525800,5.4925,5.535,5.485,5.5025
1699527600,5.5025,5.5075,5.4675,5.4875
1699529400,5.4875,5.49,5.47,5.47
1699531200,5.47,5.48,5.46,5.4775
1699533000,5.4725,5.52,5.4725,5.505
1699534800,5.505,5.5325,5.4875,5.5025
1699536600,5.5025,5.5675,5.4875,5.5675
1699538400,5.565,5.5775,5.53,5.5575
1699540200,5.5575,5.565,5.5125,5.5275
1699542000,5.5275,5.54,5.5275,5.54
1699597800,5.535,5.535,5.535,5.535
1699599600,5.5325,5.5425,5.4675,5.48
1699601400,5.48,5.485,5.46,5.47
1699603200,5.47,5.475,5.445,5.4575
1699605000,5.455,5.4775,5.45,5.4725
1699606800,5.47,5.4825,5.4625,5.475
1699608600,5.475,5.495,5.475,5.4775
1699610400,5.48,5.4825,5.47,5.475
1699612200,5.4775,5.4825,5.46,5.4775
1699614000,5.4775,5.485,5.47,5.4725
1699615800,5.4725,5.485,5.47,5.4825
1699617600,5.4825,5.505,5.48,5.4975
1699619400,5.4975,5.515,5.49,5.5025
1699621200,5.5,5.525,5.4925,5.5
1699623000,5.5,5.5075,5.48,5.4875
1699624800,5.49,5.51,5.48,5.5075
1699626600,5.5075,5.5125,5.4625,5.4625
1699628400,5.5,5.5,5.5,5.5
1699857000,5.5,5.5,5.5,5.5
1699858800,5.5,5.6025,5.4775,5.555
1699860600,5.555,5.5625,5.5,5.5125
1699862400,5.5125,5.515,5.4775,5.4875
1699864200,5.4875,5.525,5.48,5.515
1699866000,5.515,5.5225,5.5025,5.515
1699867800,5.515,5.5375,5.515,5.5275
1699869600,5.5275,5.535,5.515,5.5225
1699871400,5.52,5.5225,5.4975,5.505
1699873200,5.5025,5.52,5.49,5.5175
1699875000,5.5175,5.5225,5.5025,5.5125
1699876800,5.51,5.52,5.495,5.5075
1699878600,5.51,5.52,5.5,5.505
1699880400,5.505,5.5075,5.475,5.4875
1699882200,5.485,5.5175,5.47,5.4725
1699884000,5.47,5.485,5.42,5.425
1699885800,5.425,5.4475,5.38,5.385
1699887600,5.385,5.385,5.385,5.385
1699943400,5.405,5.405,5.405,5.405
1699945200,5.405,5.4375,5.38,5.39
1699947000,5.3875,5.415,5.3625,5.3975
1699948800,5.4,5.42,5.3925,5.4125
1699950600,5.415,5.43,5.3925,5.3975
1699952400,5.3975,5.41,5.385,5.39
1699954200,5.3875,5.395,5.37,5.375
1699956000,5.3725,5.39,5.37,5.3875
1699957800,5.3875,5.39,5.37,5.375
1699959600,5.3725,5.3775,5.3275,5.34
1699961400,5.34,5.39,5.33,5.3775
1699963200,5.3775,5.405,5.3625,5.375
1699965000,5.3725,5.39,5.365,5.375
1699966800,5.375,5.45,5.355,5.4475
1699968600,5.45,5.475,5.4175,5.4575
1699970400,5.4625,5.465,5.435,5.44
1699972200,5.44,5.455,5.4225,5.435
1699974000,5.4325,5.4325,5.4325,5.4325
1700029800,5.45,5.45,5.45,5.45
1700031600,5.45,5.515,5.4475,5.485
1700033400,5.485,5.5225,5.465,5.505
1700035200,5.505,5.5175,5.475,5.505
1700037000,5.5075,5.5775,5.5025,5.54
1700038800,5.54,5.575,5.525,5.56
1700040600,5.5575,5.5975,5.55,5.57
1700042400,5.5725,5.575,5.55,5.5625
1700044200,5.5625,5.575,5.5475,5.5625
1700046000,5.5625,5.6125,5.5525,5.5875
1700047800,5.585,5.645,5.585,5.6175
1700049600,5.615,5.6475,5.595,5.6125
1700051400,5.6125,5.6375,5.59,5.595
1700053200,5.595,5.595,5.555,5.5725
1700055000,5.5725,5.5975,5.5675,5.575
1700056800,5.5725,5.585,5.555,5.5725
1700058600,5.575,5.5775,5.515,5.55
1700060400,5.55,5.55,5.55,5.55
1700116200,5.525,5.525,5.525,5.525
1700118000,5.525,5.555,5.485,5.5125
1700119800,5.515,5.5575,5.5075,5.5325
1700121600,5.535,5.57,5.53,5.565
1700123400,5.5625,5.57,5.5325,5.54
1700125200,5.5375,5.565,5.53,5.56
1700127000,5.5575,5.5675,5.545,5.5575
1700128800,5.56,5.565,5.5425,5.545
1700130600,5.5475,5.5675,5.545,5.5675
1700132400,5.5675,5.595,5.55,5.5675
1700134200,5.57,5.57,5.545,5.55
1700136000,5.5525,5.5575,5.5325,5.5375
1700137800,5.535,5.5625,5.53,5.56
1700139600,5.5625,5.585,5.55,5.5575
1700141400,5.5575,5.5975,5.55,5.5875
1700143200,5.59,5.6225,5.53,5.5375
1700145000,5.5375,5.5425,5.4975,5.505
1700146800,5.525,5.525,5.525,5.525
1700202600,5.5275,5.5275,5.5275,5.5275
1700204400,5.5275,5.5325,5.5075,5.515
1700206200,5.5125,5.52,5.49,5.5
1700208000,5.5,5.51,5.4775,5.4925
1700209800,5.495,5.5,5.48,5.495
1700211600,5.4975,5.4975,5.48,5.4875
1700213400,5.4875,5.49,5.465,5.4775
1700215200,5.475,5.4825,5.4725,5.475
1700217000,5.475,5.4825,5.4725,5.48
1700218800,5.4775,5.48,5.47,5.4775
1700220600,5.475,5.4825,5.4575,5.465
1700222400,5.465,5.475,5.4575,5.475
1700224200,5.475,5.49,5.475,5.4825
1700226000,5.4825,5.495,5.4675,5.4825
1700227800,5.485,5.4875,5.47,5.4825
1700229600,5.48,5.495,5.4775,5.4875
1700231400,5.485,5.5075,5.4575,5.4675
1700233200,5.47,5.485,5.47,5.485
1700461800,5.51,5.51,5.51,5.51
1700463600,5.51,5.545,5.5075,5.5425
1700465400,5.5425,5.57,5.54,5.5525
1700467200,5.5525,5.555,5.535,5.5475
1700469000,5.5475,5.55,5.535,5.54
1700470800,5.54,5.5425,5.5175,5.5325
1700472600,5.535,5.5375,5.505,5.5175
1700474400,5.5175,5.6125,5.5125,5.61
1700476200,5.61,5.6575,5.59,5.5925
1700478000,5.5925,5.605,5.57,5.575
1700479800,5.58,5.6,5.5725,5.595
1700481600,5.595,5.6375,5.59,5.625
1700483400,5.6225,5.665,5.6075,5.6275
1700485200,5.6275,5.6325,5.6025,5.605
1700487000,5.605,5.64,5.6025,5.6325
1700488800,5.6325,5.6325,5.6075,5.6125
1700490600,5.615,5.615,5.5425,5.5525
1700492400,5.5375,5.5375,5.5375,5.5375
1700548200,5.575,5.575,5.575,5.575
1700550000,5.575,5.6325,5.57,5.6275
1700551800,5.6275,5.65,5.6025,5.6375
1700553600,5.6375,5.6925,5.6375,5.66
1700555400,5.66,5.6775,5.645,5.645
1700557200,5.645,5.665,5.6275,5.6525
1700559000,5.6525,5.6575,5.6275,5.63
1700560800,5.63,5.6325,5.61,5.6175
1700562600,5.615,5.6375,5.61,5.6325
1700564400,5.63,5.64,5.6125,5.6275
1700566200,5.6275,5.6325,5.615,5.625
1700568000,5.625,5.64,5.6175,5.6375
1700569800,5.6375,5.655,5.5925,5.605
1700571600,5.6025,5.6125,5.5625,5.5775
1700573400,5.575,5.5825,5.54,5.545
1700575200,5.545,5.56,5.53,5.55
1700577000,5.55,5.5625,5.525,5.545
1700578800,5.5425,5.5425,5.5425,5.5425
1700634600,5.545,5.545,5.545,5.545
1700636400,5.5475,5.5675,5.505,5.5225
1700638200,5.5225,5.5625,5.52,5.535
1700640000,5.535,5.5375,5.5125,5.515
1700641800,5.5125,5.525,5.5075,5.5125
1700643600,5.51,5.51,5.4975,5.5025
1700645400,5.5,5.5125,5.495,5.4975
1700647200,5.4975,5.5,5.485,5.4925
1700649000,5.4925,5.5025,5.485,5.49
1700650800,5.49,5.5,5.4825,5.49
1700652600,5.4925,5.5125,5.485,5.5
1700654400,5.5025,5.51,5.49,5.495
1700656200,5.495,5.4975,5.4875,5.49
1700658000,5.49,5.51,5.4875,5.4925
1700659800,5.4925,5.4975,5.465,5.48
1700661600,5.48,5.485,5.4725,5.4775
1700663400,5.48,5.485,5.4575,5.48
1700665200,5.4825,5.4825,5.4825,5.4825
1700721000,5.475,5.475,5.475,5.475
1700722800,5.475,5.505,5.47,5.49
1700724600,5.49,5.53,5.4875,5.5125
1700726400,5.515,5.5225,5.5,5.505
1700728200,5.505,5.52,5.5025,5.5075
1700730000,5.5075,5.52,5.495,5.5175
1700731800,5.5175,5.5525,5.51,5.5175
1700733600,5.515,5.5325,5.5075,5.5275
1700735400,5.525,5.5275,5.5125,5.5225
1700737200,5.5225,5.54,5.4825,5.4825
1700739000,5.485,5.5175,5.475,5.5125
1700740800,5.51,5.52,5.5025,5.5025
1700742600,5.505,5.5075,5.485,5.4925
1700744400,5.495,5.5075,5.4875,5.5025
1700746200,5.5025,5.51,5.47,5.4775
1700748000,5.4775,5.4925,5.4675,5.49
1700749800,5.49,5.4925,5.445,5.4475
1700751600,5.4275,5.4275,5.4275,5.4275
1700807400,5.4275,5.4275,5.4275,5.4275
1700809200,5.4275,5.465,5.4275,5.445
1700811000,5.445,5.475,5.435,5.45
1700812800,5.4525,5.455,5.43,5.4375
1700814600,5.44,5.4475,5.4325,5.4325
1700816400,5.435,5.49,5.4275,5.485
1700818200,5.485,5.5125,5.475,5.505
1700820000,5.505,5.51,5.4725,5.4775
1700821800,5.48,5.5175,5.4675,5.4875
1700823600,5.485,5.5475,5.475,5.5275
1700825400,5.525,5.53,5.505,5.51
1700827200,5.5075,5.52,5.475,5.5125
1700829000,5.5125,5.53,5.5025,5.52
1700830800,5.5175,5.5725,5.5125,5.56
1700832600,5.5625,5.565,5.5325,5.555
1700834400,5.555,5.5725,5.5375,5.555
1700836200,5.5525,5.5625,5.5075,5.52
1700838000,5.515,5.515,5.515,5.515
1701066600,5.5325,5.5325,5.5325,5.5325
1701068400,5.535,5.57,5.5325,5.56
1701070200,5.56,5.6025,5.56,5.59
1701072000,5.59,5.6175,5.5825,5.6025
1701073800,5.605,5.66,5.5975,5.635
1701075600,5.6375,5.685,5.6225,5.6625
1701077400,5.665,5.675,5.6475,5.6575
1701079200,5.655,5.6725,5.64,5.6625
1701081000,5.665,5.8725,5.6575,5.8425
1701082800,5.8425,5.85,5.7975,5.8
1701084600,5.7975,5.8225,5.7775,5.7875
1701086400,5.7875,5.795,5.75,5.78
1701088200,5.7775,5.79,5.755,5.7625
1701090000,5.76,5.9,5.76,5.89
1701091800,5.89,5.925,5.85,5.9
1701093600,5.9025,5.9225,5.84,5.85
1701095400,5.85,5.8625,5.7875,5.8325
1701097200,5.835,5.835,5.83,5.83
1701153000,5.8375,5.8375,5.8375,5.8375
1701154800,5.835,5.955,5.7675,5.905
1701156600,5.905,6.045,5.8775,6.0225
1701158400,6.0225,6.1525,5.9975,6.115
1701160200,6.115,6.26875,6.105,6.2125
1701162000,6.21,6.2175,6.145,6.16
1701163800,6.16,6.2225,6.1475,6.1575
1701165600,6.1575,6.205,6.1525,6.1925
1701167400,6.19,6.22,6.1775,6.215
1701169200,6.215,6.2175,6.16,6.17
1701171000,6.17,6.18,6.14,6.1525
1701172800,6.155,6.165,6.0925,6.105
1701174600,6.1075,6.1425,6.0825,6.095
1701176400,6.0925,6.1225,6.0625,6.085
1701178200,6.085,6.1225,6.075,6.095
1701180000,6.095,6.1125,6.055,6.0725
1701181800,6.07,6.135,6.0625,6.12
1701183600,6.1175,6.1375,6.1175,6.1375
1701239400,6.1475,6.1475,6.1475,6.1475
1701241200,6.145,6.2875,6.105,6.135
1701243000,6.1325,6.35,6.1325,6.31875
1701244800,6.3125,6.4,6.3,6.35625
1701246600,6.35,6.3625,6.275,6.29375
1701248400,6.2875,6.31875,6.195,6.2
1701250200,6.2025,6.275,6.1875,6.275
1701252000,6.26875,6.275,6.2275,6.235
1701253800,6.235,6.24,6.19,6.225
1701255600,6.2225,6.2375,6.205,6.215
1701257400,6.2125,6.215,6.19,6.2
1701259200,6.1975,6.275,6.1975,6.225
1701261000,6.225,6.2625,6.2125,6.25625
1701262800,6.25625,6.2625,6.22,6.2325
1701264600,6.2325,6.2875,6.2175,6.2275
1701266400,6.2275,6.3375,6.1925,6.33125
1701268200,6.3375,6.425,6.26875,6.36875
1701270000,6.3875,6.3875,6.3875,6.3875
1701325800,6.3875,6.3875,6.3875,6.3875
1701327600,6.38125,6.3875,6.195,6.22
1701329400,6.2225,6.275,6.2025,6.2225
1701331200,6.2225,6.225,6.155,6.1575
1701333000,6.1575,6.2225,6.1375,6.2075
1701334800,6.2075,6.215,6.165,6.2025
1701336600,6.2,6.21,6.1825,6.19
1701338400,6.19,6.2,6.175,6.1875
1701340200,6.185,6.2475,6.185,6.2425
1701342000,6.245,6.2875,6.2075,6.2625
1701343800,6.2625,6.28125,6.2275,6.2375
1701345600,6.2375,6.25625,6.235,6.245
1701347400,6.245,6.25,6.195,6.205
1701349200,6.205,6.2175,6.17,6.19
1701351000,6.19,6.195,6.14,6.1425
1701352800,6.14,6.145,6.0875,6.1075
1701354600,6.11,6.1125,6.0425,6.0525
1701356400,6.055,6.235,6.055,6.235
1701412200,6.38125,6.38125,6.38125,6.38125
1701414000,6.375,6.60625,6.3625,6.56875
1701415800,6.56875,6.65,6.55,6.58125
1701417600,6.5875,6.6375,6.53125,6.60625
1701419400,6.60625,6.68125,6.6,6.63125
1701421200,6.6375,6.6375,6.55625,6.56875
1701423000,6.56875,6.56875,6.4875,6.54375
1701424800,6.54375,6.55625,6.49375,6.5
1701426600,6.5,6.55625,6.475,6.55
1701428400,6.55,6.58125,6.53125,6.5625
1701430200,6.56875,6.575,6.5375,6.54375
1701432000,6.5375,6.54375,6.36875,6.3875
1701433800,6.3875,6.51875,6.38125,6.51875
1701435600,6.5125,6.59375,6.5125,6.56875
1701437400,6.5625,6.56875,6.4875,6.5
1701439200,6.5,6.55625,6.43125,6.53125
1701441000,6.525,6.6,6.48125,6.5375
1701442800,6.5375,6.5375,6.5375,6.5375
1701671400,6.5625,6.5625,6.5625,6.5625
1701673200,6.55625,6.66875,6.45625,6.55625
1701675000,6.55625,6.6,6.5125,6.5375
1701676800,6.53125,6.625,6.525,6.59375
1701678600,6.5875,6.68125,6.5875,6.64375
1701680400,6.64375,6.6625,6.575,6.6
1701682200,6.60625,6.63125,6.575,6.5875
1701684000,6.58125,6.625,6.56875,6.6
1701685800,6.6,6.625,6.5875,6.625
1701687600,6.625,6.7,6.59375,6.7
1701689400,6.7,6.7125,6.5875,6.60625
1701691200,6.60625,6.6625,6.6,6.64375
1701693000,6.65,6.70625,6.63125,6.66875
1701694800,6.675,6.7,6.6625,6.69375
1701696600,6.69375,6.80625,6.68125,6.7625
1701698400,6.75625,6.825,6.70625,6.73125
1701700200,6.725,6.74375,6.68125,6.71875
1701702000,6.69375,6.69375,6.69375,6.69375
1701757800,6.69375,6.69375,6.69375,6.69375
1701759600,6.6875,6.75625,6.59375,6.625
1701761400,6.625,6.6625,6.55625,6.575
1701763200,6.56875,6.58125,6.50625,6.5125
1701765000,6.5125,6.5625,6.50625,6.53125
1701766800,6.525,6.5375,6.50625,6.5125
1701768600,6.5125,6.54375,6.50625,6.53125
1701770400,6.5375,6.54375,6.51875,6.54375
1701772200,6.54375,6.5875,6.51875,6.525
1701774000,6.51875,6.53125,6.5125,6.51875
1701775800,6.51875,6.5375,6.5125,6.51875
1701777600,6.525,6.54375,6.475,6.475
1701779400,6.48125,6.51875,6.475,6.5125
1701781200,6.50625,6.5125,6.4625,6.48125
1701783000,6.48125,6.50625,6.45625,6.475
1701784800,6.475,6.49375,6.425,6.49375
1701786600,6.4875,6.5,6.43125,6.49375
1701788400,6.49375,6.49375,6.48125,6.48125
1701844200,6.48125,6.48125,6.48125,6.48125
1701846000,6.48125,6.49375,6.275,6.30625
1701847800,6.3125,6.35,6.28125,6.30625
1701849600,6.30625,6.31875,6.2325,6.25
1701851400,6.25,6.275,6.225,6.2375
1701853200,6.235,6.26875,6.225,6.2275
1701855000,6.2275,6.23,6.1725,6.1825
1701856800,6.1825,6.2025,6.1725,6.18
1701858600,6.18,6.1925,6.175,6.18
1701860400,6.1775,6.1825,6.14,6.1525
1701862200,6.1525,6.1675,6.1175,6.165
1701864000,6.1675,6.185,6.1375,6.155
1701865800,6.155,6.155,6.1225,6.1375
1701867600,6.1375,6.145,6.1025,6.11
1701869400,6.1125,6.1325,6.0975,6.11
1701871200,6.11,6.1325,6.0775,6.0925
1701873000,6.09,6.095,6.0375,6.05
1701874800,6.05,6.05,6,6
1701930600,6.1025,6.1025,6.1025,6.1025
1701932400,6.1,6.235,6.09,6.2075
1701934200,6.2075,6.2075,6.1675,6.1775
1701936000,6.18,6.1875,6.0625,6.08
1701937800,6.08,6.15,6.0625,6.1375
1701939600,6.1375,6.14,6.105,6.1225
1701941400,6.12,6.1225,6.09,6.11
1701943200,6.11,6.14,6.105,6.13
1701945000,6.1325,6.1325,6.095,6.1075
1701946800,6.105,6.1125,6.0525,6.06
1701948600,6.0575,6.0625,6.025,6.055
1701950400,6.0575,6.065,6.015,6.045
1701952200,6.0475,6.05,5.9875,6.025
1701954000,6.0225,6.0725,6.015,6.045
1701955800,6.045,6.0975,6.0425,6.08
1701957600,6.0825,6.2,6.0825,6.1875
1701959400,6.185,6.28125,6.125,6.25625
1701961200,6.325,6.325,6.325,6.325
1702017000,6.30625,6.30625,6.30625,6.30625
1702018800,6.3,6.30625,6.2125,6.235
1702020600,6.235,6.41875,6.2275,6.4125
1702022400,6.4125,6.41875,6.33125,6.41875
1702024200,6.4125,6.4625,6.375,6.41875
1702026000,6.4125,6.55625,6.39375,6.50625
1702027800,6.50625,6.55,6.48125,6.53125
1702029600,6.53125,6.53125,6.4875,6.51875
1702031400,6.5125,6.525,6.46875,6.48125
1702033200,6.48125,6.4875,6.41875,6.425
1702035000,6.425,6.425,6.38125,6.4
1702036800,6.4,6.40625,6.35,6.35625
1702038600,6.35625,6.3875,6.35,6.36875
1702040400,6.36875,6.43125,6.36875,6.41875
1702042200,6.4125,6.41875,6.3875,6.40625
1702044000,6.40625,6.41875,6.29375,6.3
1702045800,6.3,6.3125,6.1675,6.245
1702047600,6.2125,6.2125,6.2125,6.2125
1702276200,6.205,6.205,6.205,6.205
1702278000,6.2025,6.2025,6.105,6.13
1702279800,6.13,6.165,6.105,6.11
1702281600,6.1075,6.11,6.0625,6.075
1702283400,6.075,6.0925,6.0625,6.08
1702285200,6.08,6.0875,6.035,6.0375
1702287000,6.0375,6.0375,6.01,6.03
1702288800,6.0275,6.0275,5.9825,5.995
1702290600,5.995,6.0425,5.98,6.01
1702292400,6.01,6.035,5.9925,6.0125
1702294200,6.0125,6.0325,5.99,6.0225
1702296000,6.02,6.0875,6.0025,6.0875
1702297800,6.0875,6.1225,6.0525,6.065
1702299600,6.065,6.1325,6.055,6.09
1702301400,6.0925,6.165,6.08,6.16
1702303200,6.1625,6.28125,6.15,6.245
1702305000,6.245,6.2625,6.1,6.1125
1702306800,6.1175,6.1175,6.1175,6.1175
1702362600,6.09,6.09,6.09,6.09
1702364400,6.0925,6.11,6.045,6.065
1702366200,6.07,6.125,6.0675,6.095
1702368000,6.0975,6.0975,6.0525,6.065
1702369800,6.065,6.0775,6.025,6.04
1702371600,6.0375,6.06,6.0175,6.05
1702373400,6.0525,6.1,6.0325,6.0325
1702375200,6.0325,6.0375,6.0025,6.0075
1702377000,6.0075,6.03,5.995,6.0025
1702378800,6,6.005,5.9775,5.98
1702380600,5.98,6.0425,5.9675,6.04
1702382400,6.0425,6.055,6.0225,6.0475
1702384200,6.0475,6.0525,6.005,6.0225
1702386000,6.02,6.0425,6.01,6.025
1702387800,6.0225,6.035,5.9925,5.9925
1702389600,5.995,6.0625,5.9925,6.0075
1702391400,6.005,6.035,5.99,5.995
1702393200,5.975,5.975,5.975,5.975
1702449000,5.625,5.625,5.625,5.625
1702450800,5.6275,5.7375,5.46,5.4925
1702452600,5.4925,5.5475,5.48,5.53
1702454400,5.53,5.54,5.48,5.5
1702456200,5.5,5.515,5.4825,5.51
1702458000,5.51,5.5225,5.5,5.5075
1702459800,5.51,5.5175,5.49,5.4975
1702461600,5.495,5.5025,5.49,5.4975
1702463400,5.5,5.505,5.46,5.47
1702465200,5.47,5.4875,5.4625,5.4725
1702467000,5.4725,5.495,5.4025,5.4125
1702468800,5.4125,5.465,5.41,5.4575
1702470600,5.4575,5.49,5.4475,5.4875
1702472400,5.4875,5.505,5.4525,5.46
1702474200,5.46,5.4725,5.4125,5.44
1702476000,5.44,5.4525,5.3825,5.41
1702477800,5.41,5.42,5.3775,5.385
1702479600,5.3825,5.3825,5.3775,5.3775
1702535400,5.41,5.41,5.41,5.41
1702537200,5.41,5.42,5.3275,5.3575
1702539000,5.36,5.3975,5.2975,5.3
1702540800,5.305,5.3125,5.14,5.1425
1702542600,5.1425,5.1775,5.0975,5.1175
1702544400,5.1175,5.185,5.1125,5.1525
1702546200,5.1525,5.1725,5.1425,5.1675
1702548000,5.165,5.255,5.16,5.2325
1702549800,5.2325,5.255,5.2,5.23
1702551600,5.23,5.245,5.2175,5.225
1702553400,5.225,5.2825,5.22,5.28
1702555200,5.2825,5.34,5.2725,5.3125
1702557000,5.31,5.3325,5.28,5.2975
1702558800,5.2975,5.3675,5.2925,5.3625
1702560600,5.3625,5.3775,5.3325,5.34
1702562400,5.3425,5.355,5.27,5.2775
1702564200,5.275,5.41,5.27,5.3925
1702566000,5.395,5.395,5.3875,5.3875
1702621800,5.3875,5.3875,5.3875,5.3875
1702623600,5.3875,5.4125,5.3125,5.3725
1702625400,5.3725,5.4125,5.3525,5.37
1702627200,5.37,5.3725,5.3425,5.36
1702629000,5.3575,5.3725,5.3275,5.3325
1702630800,5.33,5.3425,5.3175,5.325
1702632600,5.325,5.3325,5.3025,5.32
1702634400,5.3175,5.3575,5.315,5.35
1702636200,5.3475,5.36,5.3175,5.3275
1702638000,5.3275,5.335,5.3175,5.3175
1702639800,5.32,5.3275,5.31,5.315
1702641600,5.3125,5.32,5.3,5.315
1702643400,5.315,5.36,5.3025,5.3125
1702645200,5.3125,5.3175,5.265,5.2775
1702647000,5.2775,5.28,5.2275,5.2625
1702648800,5.2625,5.3475,5.245,5.305
1702650600,5.305,5.345,5.3,5.31
1702652400,5.3125,5.3125,5.305,5.305
1702881000,5.2625,5.2625,5.2625,5.2625
1702882800,5.26,5.375,5.2475,5.3425
1702884600,5.34,5.385,5.3275,5.34
1702886400,5.34,5.3775,5.33,5.3425
1702888200,5.345,5.36,5.31,5.3225
1702890000,5.32,5.3425,5.3025,5.3175
1702891800,5.315,5.32,5.285,5.2875
1702893600,5.2875,5.3,5.2675,5.295
1702895400,5.2925,5.2925,5.275,5.28
1702897200,5.28,5.2825,5.2525,5.2575
1702899000,5.2575,5.26,5.2275,5.2425
1702900800,5.2425,5.255,5.2175,5.25
1702902600,5.25,5.2625,5.2325,5.255
1702904400,5.2575,5.27,5.2475,5.265
1702906200,5.2675,5.3125,5.2625,5.2825
1702908000,5.2825,5.3,5.2525,5.26
1702909800,5.2625,5.265,5.2075,5.2175
1702911600,5.2175,5.2175,5.1925,5.1925
1702967400,5.2,5.2,5.2,5.2
1702969200,5.2,5.235,5.185,5.205
1702971000,5.205,5.2125,5.1575,5.165
1702972800,5.1675,5.1725,5.1325,5.1375
1702974600,5.1375,5.1575,5.1225,5.1375
1702976400,5.1375,5.1575,5.125,5.145
1702978200,5.1425,5.1425,5.11,5.1425
1702980000,5.14,5.145,5.13,5.1375
1702981800,5.1375,5.14,5.1125,5.12
1702983600,5.12,5.13,5.105,5.12
1702985400,5.1225,5.1425,5.105,5.1225
1702987200,5.12,5.1225,5.06,5.065
1702989000,5.065,5.0875,5.0425,5.0675
1702990800,5.0675,5.075,5.0425,5.06
1702992600,5.06,5.065,5.005,5.0425
1702994400,5.04,5.0675,5.0275,5.0525
1702996200,5.0525,5.07,5.0325,5.0575
1702998000,5.0575,5.0575,5.0575,5.0575
1703053800,5.1725,5.1725,5.1725,5.1725
1703055600,5.17,5.22,5.145,5.16
1703057400,5.16,5.1675,5.1125,5.13
1703059200,5.13,5.14,5.12,5.1225
1703061000,5.125,5.13,5.0875,5.095
1703062800,5.095,5.1,5.08,5.09
1703064600,5.09,5.1175,5.085,5.1125
1703066400,5.115,5.115,5.0825,5.0825
1703068200,5.085,5.1,5.075,5.075
1703070000,5.0775,5.0825,5.05,5.075
1703071800,5.075,5.09,5.045,5.055
1703073600,5.055,5.085,5.05,5.0775
1703075400,5.075,5.095,5.0625,5.0675
1703077200,5.0675,5.0975,5.065,5.08
1703079000,5.08,5.095,5.0675,5.07
1703080800,5.07,5.0875,5.0525,5.0725
1703082600,5.07,5.0875,5.04,5.045
1703084400,5.035,5.035,5.035,5.035
1703140200,5.035,5.035,5.035,5.035
1703142000,5.035,5.075,5.015,5.0575
1703143800,5.0575,5.06,5.0175,5.0225
1703145600,5.025,5.07,5.0175,5.0525
1703147400,5.055,5.06,5.035,5.045
1703149200,5.0425,5.06,5.0375,5.0425
1703151000,5.0425,5.0425,5.0175,5.02
1703152800,5.0175,5.04,5.01,5.025
1703154600,5.025,5.0375,5.0175,5.035
1703156400,5.035,5.06,5.0025,5.005
1703158200,5.0075,5.01,4.9775,4.9775
1703160000,4.98,4.9875,4.955,4.96
1703161800,4.96,4.9675,4.9175,4.9475
1703163600,4.945,4.985,4.94,4.985
1703165400,4.9825,5.0175,4.9725,4.99
1703167200,4.9875,5.0575,4.9825,5.0525
1703169000,5.0525,5.075,5.0225,5.03
1703170800,5.0325,5.0325,5.0325,5.0325
1703226600,5.035,5.035,5.035,5.035
1703228400,5.035,5.0475,5.005,5.035
1703230200,5.0375,5.0375,4.985,5.015
1703232000,5.0125,5.015,4.9725,4.9725
1703233800,4.975,4.9825,4.9525,4.955
1703235600,4.9575,4.965,4.95,4.9625
1703237400,4.9625,4.98,4.9575,4.9625
1703239200,4.9625,4.9725,4.9525,4.96
1703241000,4.96,4.9675,4.9525,4.96
1703242800,4.9575,4.9675,4.95,4.9675
1703244600,4.9675,4.9675,4.9175,4.9275
1703246400,4.9275,4.935,4.91,4.9325
1703248200,4.9325,4.9475,4.91,4.92
1703250000,4.9225,4.94,4.9175,4.925
1703251800,4.925,4.925,4.89,4.9075
1703253600,4.91,4.9125,4.8875,4.8925
1703255400,4.8925,4.8925,4.81,4.835
1703257200,4.8375,4.8375,4.825,4.825
1703485800,4.8225,4.8225,4.8225,4.8225
1703487600,4.82,4.82,4.68,4.7075
1703489400,4.71,4.7175,4.66,4.67
1703491200,4.67,4.695,4.6375,4.69
1703493000,4.6925,4.71,4.6775,4.7
1703494800,4.7,4.7025,4.67,4.6725
1703496600,4.6725,4.6975,4.6675,4.68
1703498400,4.68,4.695,4.6725,4.69
1703500200,4.69,4.6925,4.67,4.6725
1703502000,4.6725,4.675,4.65,4.6525
1703503800,4.65,4.6525,4.6125,4.6475
1703505600,4.65,4.6575,4.635,4.645
1703507400,4.645,4.6725,4.635,4.645
1703509200,4.6425,4.6725,4.64,4.6525
1703511000,4.655,4.6625,4.625,4.6325
1703512800,4.635,4.6375,4.535,4.55
1703514600,4.55,4.695,4.535,4.69
1703516400,4.69,4.69,4.69,4.69
1703572200,4.7,4.7,4.7,4.7
1703574000,4.7,4.7725,4.7,4.7425
1703575800,4.74,4.8075,4.7225,4.7725
1703577600,4.7725,4.795,4.765,4.775
1703579400,4.7775,4.7975,4.76,4.795
1703581200,4.795,4.8225,4.785,4.795
1703583000,4.7925,4.8125,4.7875,4.7875
1703584800,4.7875,4.7975,4.7625,4.77
1703586600,4.77,4.775,4.745,4.765
1703588400,4.765,4.7825,4.7525,4.7725
1703590200,4.7725,4.7825,4.75,4.76
1703592000,4.76,4.7925,4.75,4.7925
1703593800,4.79,4.8625,4.7875,4.8525
1703595600,4.855,4.8725,4.8375,4.8475
1703597400,4.8475,4.8525,4.8125,4.835
1703599200,4.835,4.8475,4.785,4.79
1703601000,4.795,4.8175,4.75,4.765
1703602800,4.765,4.765,4.765,4.765
1703658600,4.7625,4.7625,4.7625,4.7625
1703660400,4.7625,4.7625,4.6775,4.69
1703662200,4.69,4.785,4.68,4.7725
1703664000,4.775,4.7825,4.74,4.7425
1703665800,4.745,4.745,4.69,4.695
1703667600,4.6925,4.6975,4.6775,4.6925
1703669400,4.6925,4.715,4.6775,4.685
1703671200,4.6825,4.685,4.6525,4.6675
1703673000,4.6675,4.6775,4.6425,4.65
1703674800,4.65,4.665,4.6275,4.64
1703676600,4.6425,4.645,4.6125,4.62
1703678400,4.62,4.6575,4.615,4.6325
1703680200,4.63,4.6425,4.605,4.635
1703682000,4.635,4.6525,4.63,4.6425
1703683800,4.6425,4.645,4.62,4.62
1703685600,4.6225,4.6275,4.5875,4.595
1703687400,4.595,4.6025,4.5675,4.58
1703689200,4.5625,4.5625,4.5625,4.5625
1703745000,4.5675,4.5675,4.5675,4.5675
1703746800,4.57,4.61,4.565,4.5875
1703748600,4.5875,4.63,4.585,4.615
1703750400,4.6175,4.63,4.5925,4.605
1703752200,4.6025,4.605,4.5725,4.575
1703754000,4.5725,4.62,4.5725,4.61
1703755800,4.61,4.61,4.5925,4.6
1703757600,4.5975,4.61,4.59,4.595
1703759400,4.595,4.605,4.58,4.5975
1703761200,4.5975,4.605,4.57,4.5775
1703763000,4.5775,4.595,4.575,4.5875
1703764800,4.5875,4.6,4.58,4.5825
1703766600,4.5825,4.585,4.5475,4.555
1703768400,4.5525,4.5575,4.525,4.54
1703770200,4.54,4.5825,4.5325,4.5825
1703772000,4.5825,4.5975,4.5525,4.5575
1703773800,4.56,4.585,4.5425,4.5675
1703775600,4.58,4.58,4.58,4.58
1703831400,4.5875,4.5875,4.5875,4.5875
1703833200,4.5875,4.6025,4.555,4.57
1703835000,4.57,4.595,4.5575,4.585
1703836800,4.585,4.5875,4.565,4.57
1703838600,4.57,4.585,4.56,4.565
1703840400,4.565,4.575,4.5575,4.56
1703842200,4.56,4.57,4.55,4.5675
1703844000,4.5675,4.5675,4.555,4.5675
1703845800,4.565,4.5825,4.5525,4.5625
1703847600,4.565,4.5675,4.555,4.5625
1703849400,4.5625,4.575,4.5575,4.5625
1703851200,4.565,4.565,4.55,4.555
1703853000,4.5525,4.5625,4.55,4.5575
1703854800,4.555,4.5725,4.5525,4.5675
1703856600,4.5675,4.5775,4.555,4.5625
1703858400,4.5625,4.6175,4.56,4.5975
1703860200,4.5975,4.6,4.56,4.5625
1703862000,4.555,4.555,4.555,4.555
1704177000,4.57,4.57,4.57,4.57
1704178800,4.57,4.5875,4.5475,4.58
1704180600,4.5775,4.6075,4.5725,4.5925
1704182400,4.59,4.63,4.585,4.6075
1704184200,4.605,4.61,4.5625,4.565
1704186000,4.565,4.5675,4.545,4.5525
1704187800,4.5525,4.5625,4.5475,4.5575
1704189600,4.5575,4.565,4.555,4.5625
1704191400,4.5625,4.565,4.5525,4.5575
1704193200,4.5575,4.565,4.5525,4.5575
1704195000,4.5575,4.56,4.5475,4.55
1704196800,4.55,4.56,4.5475,4.56
1704198600,4.56,4.565,4.55,4.555
1704200400,4.555,4.5725,4.5525,4.565
1704202200,4.565,4.585,4.5625,4.5725
1704204000,4.575,4.5775,4.5575,4.56
1704205800,4.5575,4.57,4.5525,4.56
1704207600,4.5575,4.5575,4.5575,4.5575
1704263400,4.5625,4.5625,4.5625,4.5625
1704265200,4.5625,4.675,4.5575,4.62
1704267000,4.6225,4.66,4.6125,4.65
1704268800,4.6525,4.695,4.6375,4.69
1704270600,4.6925,4.6925,4.6475,4.655
1704272400,4.6575,4.6625,4.59,4.595
1704274200,4.595,4.6,4.565,4.57
1704276000,4.5675,4.5675,4.5475,4.555
1704277800,4.555,4.57,4.55,4.565
1704279600,4.565,4.595,4.555,4.57
1704281400,4.57,4.575,4.5575,4.565
1704283200,4.565,4.5675,4.5475,4.5475
1704285000,4.55,4.555,4.53,4.5325
1704286800,4.535,4.555,4.525,4.545
1704288600,4.545,4.5475,4.5075,4.51
1704290400,4.51,4.52,4.4575,4.465
1704292200,4.465,4.47,4.435,4.4375
1704294000,4.42,4.42,4.42,4.42
1704349800,4.425,4.425,4.425,4.425
1704351600,4.4275,4.48,4.425,4.4375
1704353400,4.44,4.4575,4.4325,4.445
1704355200,4.445,4.47,4.435,4.4575
1704357000,4.4575,4.46,4.4175,4.4325
1704358800,4.4325,4.4425,4.405,4.4075
1704360600,4.4075,4.41,4.395,4.4025
1704362400,4.4,4.42,4.4,4.4075
1704364200,4.4075,4.41,4.385,4.3875
1704366000,4.3875,4.395,4.38,4.3825
1704367800,4.385,4.395,4.38,4.3925
1704369600,4.3925,4.4025,4.3825,4.39
1704371400,4.39,4.3925,4.3825,4.3875
1704373200,4.3875,4.465,4.3825,4.455
1704375000,4.4575,4.495,4.44,4.4775
1704376800,4.48,4.5425,4.4725,4.5175
1704378600,4.5175,4.5275,4.495,4.5075
1704380400,4.5025,4.5025,4.5025,4.5025
1704436200,4.5175,4.5175,4.5175,4.5175
1704438000,4.515,4.5425,4.4975,4.5225
1704439800,4.5225,4.565,4.52,4.545
1704441600,4.545,4.615,4.535,4.6075
1704443400,4.6075,4.61,4.54,4.54
1704445200,4.5425,4.545,4.5075,4.5075
1704447000,4.5075,4.52,4.505,4.515
1704448800,4.5125,4.5125,4.4875,4.4925
1704450600,4.4925,4.5,4.475,4.49
1704452400,4.49,4.495,4.4775,4.4825
1704454200,4.4825,4.4975,4.4675,4.4875
1704456000,4.4875,4.4925,4.475,4.485
1704457800,4.4875,4.49,4.4625,4.48
1704459600,4.48,4.5525,4.4725,4.5375
1704461400,4.54,4.5425,4.5125,4.54
1704463200,4.54,4.555,4.525,4.535
1704465000,4.5325,4.5625,4.5325,4.555
1704466800,4.5525,4.5525,4.5525,4.5525
1704695400,4.575,4.575,4.575,4.575
1704697200,4.5775,4.61,4.5625,4.6025
1704699000,4.6025,4.6375,4.59,4.635
1704700800,4.635,4.65,4.615,4.6425
1704702600,4.64,4.6425,4.585,4.6
1704704400,4.5975,4.605,4.585,4.5875
1704706200,4.5875,4.5975,4.58,4.5875
1704708000,4.585,4.6025,4.5825,4.5975
1704709800,4.5975,4.61,4.58,4.585
1704711600,4.5875,4.5975,4.5725,4.595
1704713400,4.5975,4.6175,4.5875,4.605
1704715200,4.605,4.6125,4.6,4.605
1704717000,4.605,4.63,4.6,4.6225
1704718800,4.6225,4.635,4.615,4.625
1704720600,4.625,4.6325,4.615,4.62
1704722400,4.6175,4.62,4.58,4.6175
1704724200,4.615,4.6375,4.6025,4.615
1704726000,4.615,4.615,4.615,4.615
1704781800,4.6325,4.6325,4.6325,4.6325
1704783600,4.6325,4.6525,4.575,4.63
1704785400,4.6325,4.6525,4.6125,4.6325
1704787200,4.6325,4.6325,4.5925,4.595
1704789000,4.5925,4.595,4.545,4.55
1704790800,4.5475,4.5525,4.525,4.53
1704792600,4.53,4.5375,4.515,4.52
1704794400,4.52,4.525,4.5075,4.5125
1704796200,4.5125,4.525,4.5075,4.5175
1704798000,4.5175,4.5175,4.5025,4.515
1704799800,4.515,4.5225,4.5025,4.5075
1704801600,4.505,4.5125,4.4925,4.4975
1704803400,4.5,4.5025,4.48,4.49
1704805200,4.49,4.51,4.485,4.5
1704807000,4.5,4.5,4.4775,4.485
1704808800,4.485,4.5025,4.48,4.495
1704810600,4.495,4.5075,4.4925,4.4975
1704812400,4.495,4.495,4.495,4.495
1704868200,4.4875,4.4875,4.4875,4.4875
1704870000,4.4875,4.495,4.48,4.4875
1704871800,4.4875,4.4875,4.4525,4.4725
1704873600,4.47,4.4925,4.4675,4.4775
1704875400,4.4775,4.51,4.4725,4.495
1704877200,4.495,4.5,4.47,4.4875
1704879000,4.4875,4.49,4.4775,4.4825
1704880800,4.48,4.49,4.45,4.46
1704882600,4.46,4.465,4.4425,4.4475
1704884400,4.445,4.4525,4.44,4.445
1704886200,4.445,4.45,4.44,4.4475
1704888000,4.4475,4.4525,4.44,4.4425
1704889800,4.4425,4.445,4.4125,4.415
1704891600,4.415,4.4525,4.4125,4.45
1704893400,4.45,4.47,4.4425,4.47
1704895200,4.47,4.4775,4.455,4.46
1704897000,4.4625,4.4875,4.455,4.4625
1704898800,4.4625,4.4725,4.4625,4.4725
1704954600,4.485,4.485,4.485,4.485
1704956400,4.485,4.5175,4.48,4.5
1704958200,4.5025,4.5025,4.4725,4.475
1704960000,4.4725,4.48,4.46,4.4675
1704961800,4.465,4.4725,4.435,4.4375
1704963600,4.44,4.445,4.4325,4.4425
1704965400,4.4425,4.45,4.435,4.4425
1704967200,4.445,4.45,4.4325,4.4375
1704969000,4.4375,4.4425,4.425,4.4325
1704970800,4.43,4.435,4.425,4.4275
1704972600,4.4275,4.4375,4.425,4.4325
1704974400,4.4325,4.4375,4.41,4.41
1704976200,4.4125,4.415,4.385,4.3925
1704978000,4.3925,4.4225,4.3875,4.4225
1704979800,4.4225,4.4225,4.3975,4.4
1704981600,4.4,4.42,4.3975,4.4025
1704983400,4.4,4.4175,4.3975,4.405
1704985200,4.385,4.385,4.385,4.385
1705041000,4.3775,4.3775,4.3775,4.3775
1705042800,4.375,4.3825,4.325,4.3575
1705044600,4.36,4.4275,4.3475,4.42
1705046400,4.4225,4.44,4.3825,4.3825
1705048200,4.3825,4.3875,4.36,4.365
1705050000,4.3625,4.375,4.3475,4.3475
1705051800,4.35,4.3575,4.335,4.34
1705053600,4.34,4.3425,4.3275,4.3375
1705055400,4.335,4.36,4.33,4.36
1705057200,4.36,4.3725,4.3525,4.37
1705059000,4.37,4.375,4.3575,4.37
1705060800,4.3725,4.38,4.3575,4.375
1705062600,4.375,4.4,4.365,4.3975
1705064400,4.3975,4.4,4.375,4.38
1705066200,4.3825,4.39,4.375,4.38
1705068000,4.3825,4.3825,4.365,4.37
1705069800,4.37,4.37,4.33,4.3325
1705071600,4.3325,4.3325,4.33,4.3325
1705300200,4.35,4.35,4.35,4.35
1705302000,4.3525,4.3925,4.3525,4.3725
1705303800,4.3725,4.3775,4.36,4.365
1705305600,4.3625,4.3975,4.36,4.3625
1705307400,4.36,4.3675,4.3525,4.36
1705309200,4.36,4.3625,4.3475,4.3575
1705311000,4.36,4.3625,4.35,4.355
1705312800,4.3525,4.355,4.3425,4.345
1705314600,4.345,4.3475,4.3375,4.3425
1705316400,4.3425,4.345,4.335,4.34
1705318200,4.3375,4.3425,4.3225,4.325
1705320000,4.3275,4.3275,4.3125,4.3175
1705321800,4.32,4.3375,4.3175,4.335
1705323600,4.335,4.345,4.33,4.34
1705325400,4.34,4.3875,4.335,4.38
1705327200,4.38,4.405,4.37,4.375
1705329000,4.375,4.3875,4.365,4.375
1705330800,4.365,4.365,4.365,4.365
1705386600,4.3675,4.3675,4.3675,4.3675
1705388400,4.37,4.38,4.34,4.3475
1705390200,4.345,4.3575,4.34,4.34
1705392000,4.3425,4.3425,4.325,4.3325
1705393800,4.3325,4.34,4.325,4.3375
1705395600,4.3375,4.3425,4.32,4.3225
1705397400,4.3225,4.3325,4.315,4.33
1705399200,4.33,4.3325,4.32,4.325
1705401000,4.325,4.3325,4.315,4.33
1705402800,4.3325,4.3325,4.32,4.325
1705404600,4.3225,4.3325,4.32,4.3225
1705406400,4.3225,4.3325,4.32,4.3275
1705408200,4.33,4.3325,4.32,4.3275
1705410000,4.3275,4.3475,4.325,4.335
1705411800,4.335,4.3375,4.3275,4.335
1705413600,4.3325,4.34,4.3225,4.3275
1705415400,4.3275,4.33,4.3075,4.31
1705417200,4.3125,4.3125,4.305,4.305
1705473000,4.2925,4.2925,4.2925,4.2925
1705474800,4.29,4.305,4.2825,4.305
1705476600,4.305,4.3275,4.3,4.3025
1705478400,4.305,4.305,4.2775,4.29
1705480200,4.29,4.2925,4.27,4.275
1705482000,4.2725,4.275,4.26,4.2675
1705483800,4.2675,4.2675,4.245,4.2625
1705485600,4.265,4.2675,4.2475,4.2625
1705487400,4.2625,4.27,4.255,4.2675
1705489200,4.2675,4.27,4.2525,4.2575
1705491000,4.2575,4.265,4.25,4.2575
1705492800,4.2575,4.2575,4.2325,4.2375
1705494600,4.2375,4.2525,4.235,4.24
1705496400,4.24,4.2475,4.235,4.2425
1705498200,4.24,4.255,4.235,4.245
1705500000,4.2475,4.2475,4.2275,4.2375
1705501800,4.2375,4.2525,4.2225,4.225
1705503600,4.225,4.225,4.22,4.22
1705559400,4.34,4.34,4.34,4.34
1705561200,4.34,4.4375,4.3125,4.395
1705563000,4.395,4.3975,4.3525,4.37
1705564800,4.3725,4.38,4.355,4.3675
1705566600,4.37,4.375,4.3475,4.35
1705568400,4.3525,4.3525,4.3225,4.335
1705570200,4.3325,4.3375,4.3075,4.3175
1705572000,4.315,4.3775,4.31,4.3575
1705573800,4.36,4.385,4.3475,4.365
1705575600,4.365,4.3875,4.3625,4.3675
1705577400,4.3675,4.3725,4.3575,4.365
1705579200,4.3675,4.5025,4.365,4.48
1705581000,4.48,4.56,4.4625,4.495
1705582800,4.495,4.5525,4.495,4.55
1705584600,4.55,4.6025,4.54,4.5775
1705586400,4.5775,4.6175,4.5675,4.5825
1705588200,4.5825,4.5975,4.4875,4.495
1705590000,4.49,4.5025,4.49,4.5025
1705645800,4.54,4.54,4.54,4.54
1705647600,4.5425,4.64,4.4825,4.6375
1705649400,4.6375,4.85,4.6325,4.8025
1705651200,4.8025,4.815,4.755,4.7625
1705653000,4.7675,4.7725,4.73,4.76
1705654800,4.7575,4.7825,4.75,4.7675
1705656600,4.77,4.77,4.735,4.7375
1705658400,4.735,4.7375,4.7025,4.7175
1705660200,4.715,4.7625,4.715,4.7575
1705662000,4.7575,4.79,4.7525,4.775
1705663800,4.7725,4.7875,4.7575,4.7725
1705665600,4.7725,4.7775,4.73,4.76
1705667400,4.76,4.765,4.71,4.7425
1705669200,4.7425,4.7675,4.7275,4.76
1705671000,4.7625,4.7775,4.755,4.755
1705672800,4.755,4.79,4.725,4.7825
1705674600,4.7825,4.7875,4.6825,4.695
1705676400,4.69,4.7,4.69,4.7
1705905000,4.7125,4.7125,4.7125,4.7125
1705906800,4.715,4.845,4.715,4.81
1705908600,4.81,4.88,4.805,4.845
1705910400,4.845,4.91,4.84,4.895
1705912200,4.8925,4.925,4.8375,4.845
1705914000,4.845,4.8775,4.845,4.8725
1705915800,4.8725,4.875,4.8425,4.865
1705917600,4.865,4.8675,4.8125,4.8225
1705919400,4.82,4.8275,4.7625,4.785
1705921200,4.7825,4.81,4.7725,4.7925
1705923000,4.7925,4.82,4.785,4.815
1705924800,4.815,4.82,4.795,4.8025
1705926600,4.8025,4.805,4.7775,4.79
1705928400,4.79,4.835,4.785,4.7975
1705930200,4.8,4.815,4.79,4.8
1705932000,4.8,4.8175,4.7775,4.78
1705933800,4.78,4.79,4.7275,4.735
1705935600,4.7375,4.7375,4.7375,4.7375
1705991400,4.7825,4.7825,4.7825,4.7825
1705993200,4.7825,4.795,4.685,4.7125
1705995000,4.715,4.7525,4.71,4.74
1705996800,4.74,4.7675,4.72,4.7275
1705998600,4.73,4.73,4.69,4.6975
1706000400,4.6975,4.6975,4.6325,4.6525
1706002200,4.6525,4.6575,4.62,4.6275
1706004000,4.625,4.6275,4.6075,4.6125
1706005800,4.6125,4.615,4.5875,4.605
1706007600,4.6,4.62,4.59,4.6075
1706009400,4.605,4.63,4.5975,4.6025
1706011200,4.6,4.6175,4.595,4.605
1706013000,4.605,4.6175,4.6,4.6125
1706014800,4.61,4.6325,4.6075,4.615
1706016600,4.6175,4.62,4.575,4.5825
1706018400,4.58,4.5825,4.5475,4.5575
1706020200,4.56,4.575,4.545,4.55
1706022000,4.55,4.55,4.55,4.55
1706077800,4.57,4.57,4.57,4.57
1706079600,4.5675,4.5775,4.5275,4.56
1706081400,4.56,4.575,4.5075,4.51
1706083200,4.5075,4.525,4.485,4.52
1706085000,4.5225,4.54,4.52,4.54
1706086800,4.54,4.6125,4.535,4.6
1706088600,4.6,4.645,4.6,4.62
1706090400,4.62,4.6675,4.62,4.6525
1706092200,4.655,4.6725,4.6375,4.655
1706094000,4.655,4.6625,4.625,4.6275
1706095800,4.6275,4.6425,4.6025,4.615
1706097600,4.615,4.63,4.605,4.62
1706099400,4.62,4.6375,4.5925,4.6325
1706101200,4.635,4.655,4.6225,4.64
1706103000,4.64,4.6475,4.6175,4.6275
1706104800,4.6275,4.6275,4.5925,4.6
1706106600,4.5975,4.6375,4.5875,4.595
1706108400,4.595,4.595,4.595,4.595
1706164200,4.605,4.605,4.605,4.605
1706166000,4.605,4.65,4.6,4.645
1706167800,4.6425,4.6675,4.63,4.66
1706169600,4.6575,4.6625,4.64,4.6475
1706171400,4.645,4.655,4.63,4.6475
1706173200,4.6475,4.7075,4.645,4.69
1706175000,4.69,4.7925,4.69,4.775
1706176800,4.7725,4.815,4.755,4.7875
1706178600,4.785,4.81,4.775,4.775
1706180400,4.775,4.795,4.745,4.7575
1706182200,4.7575,4.785,4.75,4.7675
1706184000,4.7675,4.8,4.7475,4.7925
1706185800,4.795,4.8,4.7625,4.77
1706187600,4.7675,4.78,4.76,4.7725
1706189400,4.7725,4.785,4.7475,4.755
1706191200,4.7525,4.7675,4.74,4.7625
1706193000,4.7625,4.78,4.745,4.7525
1706194800,4.7525,4.7575,4.7525,4.7575
1706250600,4.765,4.765,4.765,4.765
1706252400,4.7625,4.7775,4.7425,4.7625
1706254200,4.7625,4.775,4.7,4.725
1706256000,4.725,4.79,4.72,4.765
1706257800,4.7675,4.785,4.76,4.77
1706259600,4.77,4.7725,4.7425,4.75
1706261400,4.75,4.775,4.75,4.77
1706263200,4.7675,4.7725,4.7375,4.7475
1706265000,4.745,4.7575,4.7425,4.755
1706266800,4.755,4.7975,4.75,4.78
1706268600,4.78,4.785,4.7575,4.775
1706270400,4.7775,4.78,4.7575,4.77
1706272200,4.77,4.78,4.755,4.7725
1706274000,4.7725,4.785,4.755,4.7725
1706275800,4.7725,4.775,4.7575,4.7625
1706277600,4.7625,4.77,4.745,4.7525
1706279400,4.7525,4.765,4.7475,4.7575
1706281200,4.7575,4.7575,4.755,4.7575
1706509800,4.7675,4.7675,4.7675,4.7675
1706511600,4.7675,4.7775,4.7525,4.7525
1706513400,4.7525,4.76,4.7375,4.745
1706515200,4.745,4.745,4.72,4.7325
1706517000,4.7325,4.755,4.7275,4.74
1706518800,4.74,4.7425,4.72,4.7325
1706520600,4.7325,4.755,4.7275,4.7425
1706522400,4.7425,4.7925,4.7325,4.79
1706524200,4.7925,4.87,4.7875,4.8375
1706526000,4.84,4.8425,4.815,4.82
1706527800,4.8225,4.835,4.8025,4.805
1706529600,4.805,4.8225,4.78,4.7875
1706531400,4.7875,4.7875,4.765,4.77
1706533200,4.77,4.7975,4.765,4.7925
1706535000,4.79,4.8025,4.775,4.8
1706536800,4.8025,4.8425,4.785,4.835
1706538600,4.835,4.86,4.81,4.855
1706540400,4.8575,4.8575,4.855,4.8575
1706596200,4.875,4.875,4.875,4.875
1706598000,4.8775,4.8825,4.825,4.8325
1706599800,4.83,4.8425,4.81,4.825
1706601600,4.825,4.87,4.815,4.8425
1706603400,4.8425,4.8725,4.83,4.86
1706605200,4.86,4.8775,4.8475,4.8525
1706607000,4.8525,4.8775,4.8475,4.865
1706608800,4.8675,4.87,4.85,4.8625
1706610600,4.86,4.925,4.8575,4.91
1706612400,4.9125,4.9125,4.885,4.89
1706614200,4.8875,4.92,4.8775,4.9175
1706616000,4.915,4.9425,4.9,4.9275
1706617800,4.925,4.93,4.8975,4.8975
1706619600,4.8975,4.9,4.8725,4.875
1706621400,4.875,4.8925,4.8675,4.8725
1706623200,4.87,4.875,4.8425,4.8675
1706625000,4.87,4.88,4.8375,4.8425
1706626800,4.8425,4.8425,4.8425,4.8425
1706682600,4.845,4.845,4.845,4.845
1706684400,4.8425,4.8975,4.8375,4.88
1706686200,4.88,4.925,4.88,4.9125
1706688000,4.9125,4.935,4.8975,4.9
1706689800,4.9025,4.9075,4.885,4.8925
1706691600,4.89,4.92,4.89,4.91
1706693400,4.9075,4.9125,4.895,4.9025
1706695200,4.9025,4.9025,4.89,4.8975
1706697000,4.895,4.895,4.865,4.8725
1706698800,4.8725,4.8775,4.85,4.86
1706700600,4.86,4.87,4.84,4.845
1706702400,4.845,4.85,4.8325,4.84
1706704200,4.84,4.845,4.8275,4.84
1706706000,4.8375,4.8525,4.8325,4.835
1706707800,4.8375,4.8625,4.8225,4.855
1706709600,4.8575,4.87,4.8375,4.85
1706711400,4.8525,4.8525,4.815,4.82
1706713200,4.82,4.82,4.8125,4.8125
1706769000,4.825,4.825,4.825,4.825
1706770800,4.8275,4.8625,4.82,4.8425
1706772600,4.8425,4.85,4.8325,4.845
1706774400,4.845,4.86,4.835,4.855
1706776200,4.855,4.8625,4.845,4.8525
1706778000,4.8525,4.8575,4.845,4.8475
1706779800,4.8475,4.8675,4.845,4.86
1706781600,4.86,4.87,4.8475,4.8525
1706783400,4.85,4.86,4.84,4.8425
1706785200,4.845,4.845,4.82,4.835
1706787000,4.835,4.8475,4.83,4.8425
1706788800,4.8425,4.8475,4.835,4.835
1706790600,4.835,4.8425,4.825,4.8325
1706792400,4.8325,4.85,4.8275,4.8425
1706794200,4.8425,4.8675,4.8375,4.855
1706796000,4.855,4.8675,4.8475,4.8625
1706797800,4.8625,4.8625,4.83,4.8325
1706799600,4.8475,4.8475,4.8475,4.8475
1706855400,4.8625,4.8625,4.8625,4.8625
1706857200,4.8625,4.8825,4.8575,4.8725
1706859000,4.8725,4.875,4.86,4.8675
1706860800,4.865,4.8675,4.8425,4.8475
1706862600,4.845,4.85,4.81,4.815
1706864400,4.8125,4.825,4.8,4.8075
1706866200,4.81,4.8125,4.7975,4.8075
1706868000,4.8075,4.8125,4.7925,4.805
1706869800,4.805,4.81,4.7925,4.805
1706871600,4.805,4.825,4.8,4.8125
1706873400,4.81,4.815,4.785,4.795
1706875200,4.7925,4.805,4.7825,4.7875
1706877000,4.7875,4.7975,4.7675,4.7775
1706878800,4.7775,4.795,4.77,4.78
1706880600,4.78,4.78,4.735,4.745
1706882400,4.745,4.7475,4.6825,4.6975
1706884200,4.7,4.72,4.6925,4.7025
1706886000,4.705,4.705,4.705,4.705
1707114600,4.7225,4.7225,4.7225,4.7225
1707116400,4.725,4.73,4.675,4.715
1707118200,4.7175,4.75,4.705,4.7475
1707120000,4.7475,4.7675,4.74,4.76
1707121800,4.76,4.7725,4.7225,4.7375
1707123600,4.7375,4.77,4.725,4.7625
1707125400,4.7625,4.7825,4.7575,4.78
1707127200,4.7825,4.7875,4.76,4.77
1707129000,4.7675,4.7875,4.765,4.7725
1707130800,4.7725,4.86,4.77,4.835
1707132600,4.835,4.8425,4.815,4.84
1707134400,4.84,4.91,4.8325,4.905
1707136200,4.9075,4.9875,4.8975,4.9575
1707138000,4.9575,4.9925,4.9475,4.955
1707139800,4.955,4.9675,4.93,4.9525
1707141600,4.9525,4.97,4.9275,4.9425
1707143400,4.9425,4.9425,4.865,4.89
1707145200,4.8875,4.8875,4.8875,4.8875
1707201000,4.9,4.9,4.9,4.9
1707202800,4.8975,4.975,4.89,4.955
1707204600,4.955,4.985,4.9175,4.935
1707206400,4.935,4.9375,4.8825,4.8875
1707208200,4.8875,4.89,4.8575,4.87
1707210000,4.8675,4.885,4.8625,4.8675
1707211800,4.865,4.875,4.86,4.8675
1707213600,4.87,4.885,4.8625,4.88
1707215400,4.88,4.8825,4.865,4.875
1707217200,4.8725,5.005,4.8725,4.97
1707219000,4.97,5.0225,4.95,5
1707220800,5.0025,5.0775,4.98,5.055
1707222600,5.055,5.085,5.025,5.0425
1707224400,5.0425,5.085,5.0375,5.04
1707226200,5.0425,5.085,5.02,5.0775
1707228000,5.075,5.115,4.9825,4.99
1707229800,4.9875,5,4.955,4.965
1707231600,4.9675,4.975,4.9675,4.975
1707287400,4.9925,4.9925,4.9925,4.9925
1707289200,4.99,5.035,4.9575,4.99
1707291000,4.99,5.0325,4.9775,4.985
1707292800,4.985,4.9925,4.9675,4.985
1707294600,4.9875,5.005,4.965,4.9675
1707296400,4.97,5,4.9675,4.995
1707298200,4.995,5.0175,4.99,4.9925
1707300000,4.9925,5.01,4.985,4.99
1707301800,4.9925,4.9925,4.9625,4.9725
1707303600,4.97,4.97,4.9425,4.9525
1707305400,4.9525,4.97,4.9475,4.96
1707307200,4.96,4.9625,4.9275,4.93
1707309000,4.9275,4.9375,4.9025,4.935
1707310800,4.9325,4.935,4.9175,4.92
1707312600,4.9225,4.925,4.905,4.915
1707314400,4.9125,4.9275,4.9,4.9075
1707316200,4.9075,4.915,4.8925,4.905
1707318000,4.895,4.895,4.895,4.895
1707373800,4.9125,4.9125,4.9125,4.9125
1707375600,4.91,4.94,4.8975,4.8975
1707377400,4.9,4.925,4.8925,4.91
1707379200,4.9125,4.93,4.9,4.9075
1707381000,4.9075,4.985,4.8925,4.91
1707382800,4.91,4.9975,4.905,4.97
1707384600,4.97,4.975,4.9475,4.9525
1707386400,4.955,4.9575,4.925,4.9325
1707388200,4.9325,4.94,4.925,4.94
1707390000,4.94,4.97,4.9375,4.9675
1707391800,4.9675,4.9675,4.94,4.95
1707393600,4.9475,4.955,4.94,4.9475
1707395400,4.945,4.9575,4.9325,4.935
1707397200,4.935,4.94,4.9275,4.935
1707399000,4.935,4.9375,4.9225,4.9275
1707400800,4.9275,4.945,4.92,4.925
1707402600,4.925,4.93,4.9,4.905
1707404400,4.9075,4.9075,4.9075,4.9075
1707460200,4.915,4.915,4.915,4.915
1707462000,4.915,4.9575,4.91,4.9375
1707463800,4.94,4.99,4.9375,4.9725
1707465600,4.975,4.99,4.955,4.9625
1707467400,4.9625,4.965,4.9425,4.95
1707469200,4.95,4.9625,4.94,4.9525
1707471000,4.9525,4.955,4.945,4.95
1707472800,4.95,4.9525,4.9425,4.95
1707474600,4.9475,4.95,4.9325,4.94
1707476400,4.9425,5.02,4.93,4.9975
1707478200,4.9975,5.015,4.9775,4.9975
1707480000,5,5.01,4.9675,4.9675
1707481800,4.9675,4.975,4.9475,4.95
1707483600,4.95,4.955,4.9375,4.9525
1707485400,4.95,4.97,4.945,4.97
1707487200,4.97,4.9725,4.9475,4.95
1707489000,4.95,4.955,4.9275,4.9325
1707490800,4.93,4.93,4.93,4.93
1707719400,4.9825,4.9825,4.9825,4.9825
1707721200,4.9825,5.0025,4.975,4.9825
1707723000,4.985,4.985,4.9675,4.985
1707724800,4.985,5.07,4.9825,5.065
1707726600,5.0675,5.1475,5.0675,5.1175
1707728400,5.115,5.1575,5.0925,5.12
1707730200,5.12,5.1475,5.1075,5.1275
1707732000,5.13,5.13,5.095,5.105
1707733800,5.105,5.1225,5.085,5.095
1707735600,5.0925,5.1,5.0725,5.09
1707737400,5.09,5.115,5.07,5.1
1707739200,5.1,5.1025,5.075,5.085
1707741000,5.0825,5.1075,5.045,5.0525
1707742800,5.0525,5.1,5.0225,5.08
1707744600,5.0825,5.085,5.0425,5.055
1707746400,5.055,5.055,5.02,5.025
1707748200,5.025,5.0275,4.9725,4.985
1707750000,4.99,4.99,4.99,4.99
1707805800,5.005,5.005,5.005,5.005
1707807600,5.0075,5.0575,4.9925,5.025
1707809400,5.0275,5.035,4.98,4.9975
1707811200,4.9975,5.0075,4.9725,5.0025
1707813000,5.005,5.0125,4.9875,5.0075
1707814800,5.0075,5.0125,4.9925,5.0025
1707816600,5.005,5.0425,5,5.035
1707818400,5.035,5.1175,5.0325,5.075
1707820200,5.0725,5.0775,5.04,5.045
1707822000,5.0475,5.085,5.03,5.0625
1707823800,5.06,5.1,5.0475,5.085
1707825600,5.0825,5.105,5.0625,5.1025
1707827400,5.1025,5.1375,5.0875,5.125
1707829200,5.1275,5.235,5.1225,5.2025
1707831000,5.2,5.205,5.155,5.185
1707832800,5.185,5.1925,5.1125,5.1175
1707834600,5.1175,5.14,5.04,5.045
1707836400,5.045,5.045,5.04,5.04
1707892200,5.0625,5.0625,5.0625,5.0625
1707894000,5.065,5.125,5.03,5.0525
1707895800,5.0525,5.06,5.015,5.02
1707897600,5.0225,5.035,5.0075,5.02
1707899400,5.02,5.075,5.01,5.07
1707901200,5.0675,5.08,5.0325,5.0375
1707903000,5.0375,5.07,5.035,5.0475
1707904800,5.05,5.0575,5.035,5.0425
1707906600,5.045,5.065,5.04,5.05
1707908400,5.0475,5.0475,5.0125,5.02
1707910200,5.0175,5.035,5.01,5.015
1707912000,5.015,5.0375,5.0075,5.03
1707913800,5.03,5.035,5.015,5.0175
1707915600,5.02,5.06,5.0025,5.02
1707917400,5.02,5.04,5.01,5.015
1707919200,5.0125,5.0225,4.9925,5.01
1707921000,5.0125,5.0375,5.0025,5.0075
1707922800,5.02,5.02,5.02,5.02
1707978600,5.05,5.05,5.05,5.05
1707980400,5.0525,5.075,5.045,5.0625
1707982200,5.0625,5.0875,5.05,5.07
1707984000,5.0725,5.075,5.0525,5.0575
1707985800,5.055,5.105,5.05,5.0775
1707987600,5.0775,5.0875,5.0675,5.08
1707989400,5.08,5.0875,5.07,5.0725
1707991200,5.0725,5.085,5.065,5.085
1707993000,5.085,5.1025,5.065,5.0975
1707994800,5.1,5.405,5.0925,5.3675
1707996600,5.3675,5.4925,5.365,5.48
1707998400,5.48,5.52,5.46,5.52
1708000200,5.52,5.52,5.4825,5.5075
1708002000,5.505,5.52,5.5025,5.52
1708003800,5.52,5.52,5.52,5.52
1708005600,5.52,5.52,5.5125,5.52
1708007400,5.52,5.52,5.52,5.52
1708009200,5.52,5.52,5.52,5.52
1708065000,5.6125,5.6125,5.6125,5.6125
1708066800,5.61,5.84,5.6,5.725
1708068600,5.7225,5.81,5.715,5.7525
1708070400,5.755,5.755,5.6225,5.67
1708072200,5.6725,5.745,5.67,5.7075
1708074000,5.705,5.7175,5.6825,5.695
1708075800,5.695,5.71,5.6675,5.675
1708077600,5.6775,5.695,5.65,5.6725
1708079400,5.6725,5.7075,5.6675,5.675
1708081200,5.675,5.6775,5.625,5.625
1708083000,5.625,5.6525,5.59,5.6
1708084800,5.6025,5.615,5.58,5.595
1708086600,5.5975,5.6825,5.58,5.6625
1708088400,5.6625,5.7625,5.66,5.7025
1708090200,5.705,5.725,5.635,5.6375
1708092000,5.635,5.655,5.5875,5.6025
1708093800,5.6025,5.61,5.525,5.535
1708095600,5.555,5.555,5.555,5.555
1708324200,5.605,5.605,5.605,5.605
1708326000,5.6025,5.62,5.5125,5.55
1708327800,5.5475,5.555,5.495,5.5
1708329600,5.5,5.525,5.455,5.46
1708331400,5.46,5.495,5.455,5.4825
1708333200,5.48,5.485,5.465,5.4725
1708335000,5.4725,5.5025,5.4675,5.5
1708336800,5.5,5.525,5.4625,5.4725
1708338600,5.47,5.4725,5.455,5.4625
1708340400,5.46,5.49,5.4525,5.4725
1708342200,5.475,5.475,5.4525,5.465
1708344000,5.465,5.485,5.4525,5.48
1708345800,5.48,5.6375,5.4775,5.6325
1708347600,5.6325,5.6525,5.5325,5.555
1708349400,5.5575,5.5675,5.515,5.5175
1708351200,5.5175,5.5325,5.4375,5.4525
1708353000,5.455,5.4575,5.3725,5.3875
1708354800,5.3875,5.3925,5.3875,5.3925
1708410600,5.4375,5.4375,5.4375,5.4375
1708412400,5.435,5.45,5.345,5.3725
1708414200,5.37,5.4125,5.3575,5.3875
1708416000,5.385,5.415,5.375,5.3975
1708417800,5.4,5.4025,5.365,5.3725
1708419600,5.37,5.395,5.3375,5.35
1708421400,5.35,5.37,5.335,5.365
1708423200,5.365,5.3775,5.345,5.375
1708425000,5.3725,5.3975,5.3575,5.3675
1708426800,5.3675,5.37,5.3475,5.3525
1708428600,5.3525,5.3575,5.3425,5.35
1708430400,5.35,5.36,5.345,5.35
1708432200,5.35,5.3575,5.3425,5.3475
1708434000,5.3475,5.3575,5.33,5.3525
1708435800,5.3525,5.3775,5.3425,5.3475
1708437600,5.3475,5.3575,5.3275,5.3375
1708439400,5.34,5.3475,5.32,5.3225
1708441200,5.3225,5.3225,5.315,5.315
1708497000,5.3375,5.3375,5.3375,5.3375
1708498800,5.335,5.3375,5.305,5.31
1708500600,5.3125,5.3125,5.27,5.2725
1708502400,5.2725,5.2925,5.265,5.2675
1708504200,5.2675,5.2725,5.2575,5.2675
1708506000,5.265,5.2675,5.2375,5.2425
1708507800,5.24,5.2425,5.2225,5.2425
1708509600,5.24,5.2425,5.2125,5.225
1708511400,5.225,5.2275,5.19,5.2075
1708513200,5.2075,5.2325,5.1975,5.21
1708515000,5.2075,5.21,5.1925,5.2
1708516800,5.2,5.2075,5.195,5.2075
1708518600,5.2075,5.21,5.1675,5.17
1708520400,5.1725,5.1775,5.155,5.17
1708522200,5.1675,5.175,5.15,5.1675
1708524000,5.165,5.1825,5.1325,5.1725
1708525800,5.175,5.1975,5.1675,5.1825
1708527600,5.1675,5.1675,5.1675,5.1675
1708583400,5.1975,5.1975,5.1975,5.1975
1708585200,5.1975,5.2375,5.185,5.1975
1708587000,5.195,5.215,5.185,5.19
1708588800,5.19,5.205,5.17,5.19
1708590600,5.19,5.235,5.185,5.2225
1708592400,5.2225,5.23,5.2,5.21
1708594200,5.21,5.2125,5.1975,5.205
1708596000,5.2075,5.2825,5.2025,5.2375
1708597800,5.235,5.2425,5.215,5.2325
1708599600,5.2325,5.26,5.215,5.2175
1708601400,5.215,5.2275,5.2025,5.2075
1708603200,5.2075,5.235,5.205,5.2175
1708605000,5.2175,5.225,5.205,5.21
1708606800,5.2075,5.22,5.2025,5.215
1708608600,5.215,5.2225,5.1975,5.2125
1708610400,5.2125,5.215,5.1925,5.205
1708612200,5.205,5.2075,5.16,5.1625
1708614000,5.1675,5.1675,5.1675,5.1675
1708669800,5.1875,5.1875,5.1875,5.1875
1708671600,5.1875,5.2075,5.1575,5.16
1708673400,5.1625,5.1625,5.1275,5.1275
1708675200,5.13,5.1375,5.105,5.1125
1708677000,5.11,5.115,5.0875,5.0975
1708678800,5.0975,5.1025,5.06,5.07
1708680600,5.0725,5.0775,5.0575,5.0625
1708682400,5.0625,5.0825,5.0575,5.0825
1708684200,5.0825,5.085,5.0675,5.08
1708686000,5.08,5.09,5.0725,5.0825
1708687800,5.0825,5.0825,5.06,5.0675
1708689600,5.0675,5.075,5.0525,5.0725
1708691400,5.0725,5.075,5.055,5.06
1708693200,5.0575,5.06,5.03,5.055
1708695000,5.055,5.055,5.0375,5.0475
1708696800,5.05,5.055,5.015,5.0325
1708698600,5.0325,5.0325,5.0075,5.0125
1708700400,5.0125,5.0125,5.01,5.01
1708929000,5.025,5.025,5.025,5.025
1708930800,5.0275,5.0425,4.995,4.995
1708932600,4.995,5.0075,4.9525,5.005
1708934400,5.0075,5.045,5,5.005
1708936200,5.005,5.02,4.9975,5.015
1708938000,5.0125,5.0225,4.97,4.98
1708939800,4.9825,5.005,4.9625,5
1708941600,4.9975,5,4.98,4.9825
1708943400,4.9825,4.995,4.9775,4.985
1708945200,4.9875,5.025,4.985,5.01
1708947000,5.0125,5.0725,5.005,5.04
1708948800,5.0425,5.055,5.015,5.025
1708950600,5.0225,5.0275,5.0125,5.0225
1708952400,5.0225,5.0225,5,5.0175
1708954200,5.015,5.0375,5.01,5.02
1708956000,5.02,5.02,4.97,4.975
1708957800,4.975,4.9875,4.955,4.9625
1708959600,4.97,4.97,4.97,4.97
1709015400,4.975,4.975,4.975,4.975
1709017200,4.975,4.985,4.9425,4.95
1709019000,4.9525,4.9525,4.915,4.915
1709020800,4.9175,4.9225,4.85,4.8675
1709022600,4.8675,4.875,4.82,4.87
1709024400,4.8675,4.885,4.8525,4.875
1709026200,4.875,4.875,4.845,4.8575
1709028000,4.8575,4.885,4.8525,4.8525
1709029800,4.855,4.8675,4.8525,4.8675
1709031600,4.8675,4.8925,4.855,4.89
1709033400,4.89,4.895,4.88,4.8875
1709035200,4.885,5.04,4.8775,5.035
1709037000,5.035,5.1475,5.0175,5.1075
1709038800,5.11,5.1725,5.0925,5.11
1709040600,5.1125,5.1125,5.0325,5.0475
1709042400,5.0475,5.05,4.995,5
1709044200,5,5.0375,4.9775,5
1709046000,4.9975,4.9975,4.9975,4.9975
1709101800,5,5,5,5
1709103600,5,5.0025,4.945,4.9725
1709105400,4.9725,4.99,4.965,4.97
1709107200,4.97,4.9925,4.955,4.9825
1709109000,4.9825,5.0275,4.9625,5
1709110800,5,5.015,4.985,4.9875
1709112600,4.9875,5.04,4.9825,5.02
1709114400,5.02,5.14,5.02,5.12
1709116200,5.12,5.1275,5.0625,5.0775
1709118000,5.08,5.085,5.025,5.045
1709119800,5.045,5.0475,5.0175,5.02
1709121600,5.0175,5.03,5.005,5.015
1709123400,5.0175,5.035,5.01,5.02
1709125200,5.0175,5.0725,5.0075,5.0375
1709127000,5.035,5.1325,5.035,5.0675
1709128800,5.07,5.0925,4.975,4.98
1709130600,4.98,4.995,4.9025,4.9075
1709132400,4.905,4.9075,4.905,4.9075
1709188200,4.9275,4.9275,4.9275,4.9275
1709190000,4.93,4.96,4.92,4.9575
1709191800,4.955,5.0025,4.9475,4.95
1709193600,4.95,4.9625,4.9125,4.935
1709195400,4.935,5.0225,4.93,4.995
1709197200,4.995,5.005,4.965,4.9725
1709199000,4.9725,4.975,4.9525,4.96
1709200800,4.96,4.9625,4.9425,4.9525
1709202600,4.9525,4.985,4.9475,4.965
1709204400,4.965,4.9675,4.93,4.935
1709206200,4.935,4.9975,4.9325,4.97
1709208000,4.97,4.9775,4.94,4.9525
1709209800,4.9525,5,4.945,4.9575
1709211600,4.9575,4.965,4.9475,4.955
1709213400,4.9525,4.955,4.8975,4.905
1709215200,4.9025,4.905,4.8575,4.8775
1709217000,4.875,4.945,4.8725,4.93
1709218800,4.9275,4.945,4.9275,4.945
1709274600,4.9625,4.9625,4.9625,4.9625
1709276400,4.965,5.005,4.93,4.9675
1709278200,4.9675,4.975,4.935,4.945
1709280000,4.945,4.95,4.92,4.93
1709281800,4.9275,4.9625,4.9275,4.955
1709283600,4.955,4.965,4.94,4.9425
1709285400,4.9475,4.965,4.935,4.9525
1709287200,4.955,4.9575,4.935,4.945
1709289000,4.945,4.95,4.93,4.9425
1709290800,4.94,4.9425,4.9125,4.9325
1709292600,4.935,4.9525,4.92,4.9425
1709294400,4.945,4.9725,4.9275,4.9575
1709296200,4.955,4.995,4.955,4.97
1709298000,4.97,5.015,4.935,4.9475
1709299800,4.9475,4.95,4.905,4.9125
1709301600,4.9125,4.9125,4.8875,4.9025
1709303400,4.9025,4.9075,4.855,4.8625
1709305200,4.85,4.85,4.85,4.85
1709533800,4.87,4.87,4.87,4.87
1709535600,4.87,4.8825,4.7925,4.8125
1709537400,4.8125,4.8175,4.7825,4.8075
1709539200,4.8075,4.81,4.78,4.7875
1709541000,4.79,4.8,4.775,4.79
1709542800,4.79,4.8075,4.785,4.7975
1709544600,4.7975,4.8425,4.79,4.8075
1709546400,4.8075,4.8075,4.79,4.7975
1709548200,4.8,4.815,4.7875,4.795
1709550000,4.7925,4.8,4.7875,4.7975
1709551800,4.7975,4.8025,4.7775,4.7825
1709553600,4.7825,4.795,4.7725,4.775
1709555400,4.775,4.7775,4.745,4.7575
1709557200,4.7575,4.7575,4.7275,4.73
1709559000,4.73,4.7425,4.7175,4.7175
1709560800,4.72,4.7425,4.675,4.69
1709562600,4.6875,4.695,4.645,4.6525
1709564400,4.6525,4.6525,4.6525,4.6525
1709620200,4.655,4.655,4.655,4.655
1709622000,4.655,4.7225,4.65,4.715
1709623800,4.715,4.735,4.6975,4.7225
1709625600,4.7225,4.755,4.7175,4.745
1709627400,4.745,4.75,4.7225,4.7475
1709629200,4.745,4.8575,4.7425,4.835
1709631000,4.8375,4.84,4.79,4.795
1709632800,4.795,4.855,4.785,4.8425
1709634600,4.8425,4.8875,4.8275,4.875
1709636400,4.875,4.9,4.8425,4.845
1709638200,4.845,4.845,4.765,4.8025
1709640000,4.8025,4.815,4.7825,4.81
1709641800,4.81,4.8275,4.7875,4.7975
1709643600,4.7975,4.8075,4.755,4.765
1709645400,4.7625,4.785,4.75,4.775
1709647200,4.775,4.805,4.7625,4.8
1709649000,4.8,4.805,4.755,4.7625
1709650800,4.7525,4.7525,4.7525,4.7525
1709706600,4.73,4.73,4.73,4.73
1709708400,4.7275,4.88,4.72,4.8725
1709710200,4.8725,4.9225,4.8475,4.85
1709712000,4.8525,4.8925,4.8175,4.88
1709713800,4.8775,4.895,4.8375,4.8575
1709715600,4.8575,4.8875,4.8525,4.8575
1709717400,4.8575,4.9,4.855,4.8725
1709719200,4.8725,4.8925,4.845,4.845
1709721000,4.845,4.87,4.84,4.8475
1709722800,4.8475,4.895,4.845,4.8875
1709724600,4.8875,4.9175,4.785,4.785
1709726400,4.7875,4.79,4.725,4.745
1709728200,4.745,4.755,4.725,4.725
1709730000,4.7275,4.7725,4.7225,4.7575
1709731800,4.755,4.76,4.6575,4.6825
1709733600,4.6825,4.6975,4.6625,4.6725
1709735400,4.6725,4.68,4.6525,4.6575
1709737200,4.6575,4.665,4.6575,4.665
1709793000,4.69,4.69,4.69,4.69
1709794800,4.6925,4.7575,4.6925,4.745
1709796600,4.7475,4.7525,4.73,4.7325
1709798400,4.7325,4.74,4.7125,4.715
1709800200,4.7125,4.72,4.7025,4.71
1709802000,4.7125,4.7375,4.7125,4.7275
1709803800,4.73,4.7325,4.7125,4.7225
1709805600,4.72,4.73,4.7075,4.7225
1709807400,4.7225,4.7425,4.72,4.725
1709809200,4.725,4.7425,4.725,4.74
1709811000,4.74,4.7925,4.73,4.79
1709812800,4.79,4.7925,4.755,4.7875
1709814600,4.7875,4.8,4.765,4.775
1709816400,4.7725,4.7775,4.755,4.76
1709818200,4.76,4.82,4.7475,4.79
1709820000,4.7875,4.7925,4.7525,4.7675
1709821800,4.7675,4.82,4.7625,4.8075
1709823600,4.8075,4.8075,4.8075,4.8075
1709879400,4.8275,4.8275,4.8275,4.8275
1709881200,4.8275,4.8775,4.8175,4.8475
1709883000,4.8475,4.855,4.7925,4.8
1709884800,4.8025,4.8075,4.78,4.7925
1709886600,4.7925,4.795,4.74,4.745
1709888400,4.745,4.7525,4.7275,4.75
1709890200,4.75,4.76,4.7425,4.75
1709892000,4.75,4.78,4.75,4.78
1709893800,4.78,4.8475,4.76,4.7675
1709895600,4.765,5.2,4.7625,5.135
1709897400,5.1375,5.145,5.0675,5.07
1709899200,5.07,5.21,5.065,5.18
1709901000,5.18,5.195,5.095,5.105
1709902800,5.105,5.15,5.075,5.0875
1709904600,5.0925,5.135,5.075,5.1275
1709906400,5.1275,5.155,5.095,5.1175
1709908200,5.12,5.265,5.0675,5.0925
1709910000,5.0925,5.0975,5.0925,5.0975
1710138600,5.1875,5.1875,5.1875,5.1875
1710140400,5.1875,5.295,5.14,5.2675
1710142200,5.2675,5.285,5.2275,5.255
1710144000,5.2525,5.285,5.225,5.2325
1710145800,5.2325,5.2475,5.1925,5.2425
1710147600,5.2425,5.245,5.2225,5.24
1710149400,5.24,5.2425,5.205,5.2075
1710151200,5.2075,5.21,5.18,5.1825
1710153000,5.185,5.185,5.125,5.1275
1710154800,5.125,5.155,5.1125,5.1125
1710156600,5.115,5.155,5.1025,5.14
1710158400,5.1375,5.1675,5.13,5.135
1710160200,5.1375,5.14,5.1125,5.1225
1710162000,5.12,5.125,5.06,5.07
1710163800,5.07,5.0825,5.03,5.0475
1710165600,5.0475,5.055,5.005,5.01
1710167400,5.01,5.0925,4.9625,5.025
1710169200,5.0275,5.0275,5.0275,5.0275
1710225000,5.04,5.04,5.04,5.04
1710226800,5.0425,5.1425,5.03,5.105
1710228600,5.105,5.1175,5.025,5.06
1710230400,5.0625,5.065,5,5.0025
1710232200,5,5.02,4.98,4.9875
1710234000,4.9875,5.0025,4.9825,4.9875
1710235800,4.9875,4.9975,4.9725,4.98
1710237600,4.98,5.005,4.9725,4.99
1710239400,4.9875,5.015,4.9825,5.0025
1710241200,5,5.0075,4.98,4.9825
1710243000,4.9825,4.99,4.975,4.9775
1710244800,4.98,4.9875,4.9675,4.9775
1710246600,4.975,4.98,4.9525,4.955
1710248400,4.9525,4.955,4.92,4.935
1710250200,4.935,4.9375,4.88,4.88
1710252000,4.88,4.905,4.855,4.8825
1710253800,4.88,4.89,4.8625,4.8825
1710255600,4.8875,4.8875,4.8875,4.8875
1710311400,4.89,4.89,4.89,4.89
1710313200,4.89,4.8975,4.8,4.83
1710315000,4.83,4.865,4.815,4.82
1710316800,4.82,4.845,4.805,4.81
1710318600,4.8075,4.8325,4.8,4.82
1710320400,4.8175,4.8225,4.8075,4.81
1710322200,4.81,4.815,4.78,4.7825
1710324000,4.7825,4.875,4.7775,4.8425
1710325800,4.84,4.85,4.8125,4.8175
1710327600,4.8175,4.82,4.79,4.795
1710329400,4.795,4.8475,4.79,4.845
1710331200,4.845,4.87,4.835,4.855
1710333000,4.8525,4.8875,4.83,4.845
1710334800,4.8425,4.85,4.8225,4.8325
1710336600,4.8325,4.8675,4.8325,4.845
1710338400,4.845,4.8575,4.825,4.8475
1710340200,4.8475,4.85,4.805,4.8125
1710342000,4.825,4.825,4.825,4.825
1710397800,4.8375,4.8375,4.8375,4.8375
1710399600,4.84,4.9,4.8375,4.885
1710401400,4.885,4.91,4.8525,4.855
1710403200,4.8575,4.89,4.8525,4.875
1710405000,4.8775,4.89,4.86,4.8625
1710406800,4.8625,4.8625,4.845,4.8475
1710408600,4.8475,4.9,4.8475,4.875
1710410400,4.875,4.8825,4.8525,4.87
1710412200,4.87,4.905,4.855,4.8725
1710414000,4.8725,4.88,4.84,4.8475
1710415800,4.8475,4.8725,4.84,4.87
1710417600,4.87,4.8725,4.8475,4.85
1710419400,4.85,4.865,4.84,4.85
1710421200,4.85,4.86,4.84,4.8525
1710423000,4.8525,4.8675,4.84,4.845
1710424800,4.845,4.85,4.79,4.8025
1710426600,4.8,4.825,4.7725,4.78
1710428400,4.78,4.79,4.78,4.79
1710484200,4.8025,4.8025,4.8025,4.8025
1710486000,4.805,4.83,4.79,4.8
1710487800,4.8025,4.8725,4.7975,4.85
1710489600,4.8525,4.8575,4.8275,4.835
1710491400,4.835,4.845,4.8275,4.8325
1710493200,4.8325,4.8375,4.8125,4.8325
1710495000,4.8325,4.8425,4.82,4.8325
1710496800,4.83,4.85,4.825,4.83
1710498600,4.8275,4.83,4.8075,4.81
1710500400,4.81,4.8125,4.8,4.805
1710502200,4.805,4.8175,4.7975,4.815
1710504000,4.8175,4.82,4.7675,4.7825
1710505800,4.78,4.7825,4.765,4.7775
1710507600,4.7775,4.8025,4.77,4.79
1710509400,4.7925,4.805,4.7875,4.7975
1710511200,4.7975,4.7975,4.755,4.765
1710513000,4.7625,4.77,4.7225,4.7425
1710514800,4.74,4.74,4.74,4.74
1710743400,4.7575,4.7575,4.7575,4.7575
1710745200,4.7575,4.7825,4.745,4.775
1710747000,4.775,4.8,4.7575,4.765
1710748800,4.7675,4.7725,4.6975,4.7275
1710750600,4.725,4.7625,4.72,4.7575
1710752400,4.7575,4.76,4.715,4.725
1710754200,4.725,4.73,4.7175,4.725
1710756000,4.725,4.7425,4.7125,4.74
1710757800,4.74,4.755,4.7375,4.7475
1710759600,4.745,4.84,4.74,4.7775
1710761400,4.7775,4.8175,4.765,4.78
1710763200,4.78,4.8125,4.775,4.79
1710765000,4.7925,4.7925,4.775,4.7775
1710766800,4.78,4.82,4.7675,4.7825
1710768600,4.7825,4.7975,4.77,4.7875
1710770400,4.7875,4.8075,4.7675,4.78
1710772200,4.78,4.79,4.7225,4.7275
1710774000,4.7175,4.7175,4.7175,4.7175
1710829800,4.7275,4.7275,4.7275,4.7275
1710831600,4.725,4.7575,4.705,4.715
1710833400,4.715,4.735,4.7125,4.73
1710835200,4.73,4.7425,4.72,4.735
1710837000,4.735,4.75,4.72,4.7475
1710838800,4.7475,4.7525,4.74,4.7475
1710840600,4.7475,4.76,4.7325,4.755
1710842400,4.7575,4.78,4.75,4.77
1710844200,4.7725,4.7975,4.77,4.7825
1710846000,4.7825,4.7875,4.765,4.7675
1710847800,4.7675,4.7775,4.76,4.7725
1710849600,4.775,4.7775,4.755,4.77
1710851400,4.7725,4.775,4.74,4.7525
1710853200,4.7475,4.7575,4.74,4.745
1710855000,4.745,4.7675,4.7325,4.7375
1710856800,4.735,4.7525,4.7325,4.75
1710858600,4.75,4.7625,4.74,4.755
1710860400,4.755,4.7675,4.755,4.7675
1710916200,4.7725,4.7725,4.7725,4.7725
1710918000,4.775,4.845,4.77,4.82
1710919800,4.8175,4.8975,4.815,4.865
1710921600,4.865,4.8775,4.84,4.845
1710923400,4.8425,4.8525,4.8275,4.8425
1710925200,4.8425,4.85,4.82,4.8225
1710927000,4.825,4.84,4.8125,4.83
1710928800,4.83,4.8675,4.825,4.8525
1710930600,4.8525,4.8975,4.835,4.85
1710932400,4.85,4.89,4.8475,4.875
1710934200,4.875,4.875,4.845,4.86
1710936000,4.86,4.865,4.8275,4.8375
1710937800,4.835,4.8375,4.8175,4.83
1710939600,4.83,4.835,4.79,4.7975
1710941400,4.7975,4.88,4.79,4.8525
1710943200,4.8525,4.9575,4.8525,4.88
1710945000,4.8775,4.8775,4.825,4.85
1710946800,4.84,4.84,4.84,4.84
1711002600,4.8775,4.8775,4.8775,4.8775
1711004400,4.875,4.945,4.8725,4.92
1711006200,4.9225,4.9375,4.9,4.91
1711008000,4.91,4.9925,4.905,4.9425
1711009800,4.945,4.9675,4.935,4.955
1711011600,4.955,4.96,4.9225,4.935
1711013400,4.935,4.9375,4.92,4.92
1711015200,4.9225,5.0175,4.92,5.0075
1711017000,5.0075,5.0875,4.995,5.0425
1711018800,5.04,5.05,4.9475,4.9875
1711020600,4.9875,5.0175,4.97,4.98
1711022400,4.98,4.9825,4.9475,4.9675
1711024200,4.97,5.0225,4.9625,4.9875
1711026000,4.9875,4.9925,4.955,4.9625
1711027800,4.96,5.005,4.9425,4.9825
1711029600,4.9825,4.985,4.94,4.955
1711031400,4.9525,4.9625,4.9425,4.955
1711033200,4.9525,4.975,4.9525,4.975
1711089000,4.995,4.995,4.995,4.995
1711090800,4.995,5.0375,4.9475,5.0325
1711092600,5.0325,5.055,5.0075,5.015
1711094400,5.015,5.1425,5,5.1025
1711096200,5.1025,5.205,5.0775,5.1575
1711098000,5.16,5.16,5.115,5.15
1711099800,5.1475,5.1775,5.115,5.1175
1711101600,5.1175,5.1275,5.095,5.1
1711103400,5.1,5.145,5.0925,5.1375
1711105200,5.1375,5.1475,5.11,5.1275
1711107000,5.1275,5.1875,5.1175,5.1825
1711108800,5.185,5.215,5.14,5.1725
1711110600,5.1725,5.1775,5.1425,5.145
1711112400,5.145,5.155,5.0975,5.1175
1711114200,5.115,5.13,5.1025,5.11
1711116000,5.1075,5.145,5.1025,5.1175
1711117800,5.1175,5.1475,5.1,5.1075
1711119600,5.1075,5.1175,5.1075,5.1175
1711348200,5.1325,5.1325,5.1325,5.1325
1711350000,5.135,5.2,5.1075,5.185
1711351800,5.1825,5.19,5.1375,5.1775
1711353600,5.18,5.1925,5.16,5.1625
1711355400,5.16,5.18,5.1375,5.1775
1711357200,5.175,5.1825,5.1475,5.16
1711359000,5.1625,5.185,5.1525,5.1775
1711360800,5.175,5.1775,5.1575,5.165
1711362600,5.1625,5.255,5.1625,5.245
1711364400,5.2475,5.2525,5.2125,5.2425
1711366200,5.245,5.255,5.2,5.21
1711368000,5.21,5.2175,5.1825,5.1875
1711369800,5.185,5.2,5.175,5.1875
1711371600,5.1875,5.19,5.1725,5.175
1711373400,5.1725,5.22,5.15,5.15
1711375200,5.1525,5.17,5.0875,5.1025
1711377000,5.1,5.1025,4.9925,5.005
1711378800,5.0225,5.0225,5.0225,5.0225
1711434600,5.025,5.025,5.025,5.025
1711436400,5.025,5.0325,4.9225,4.93
1711438200,4.93,4.9525,4.9125,4.94
1711440000,4.94,4.94,4.9,4.9025
1711441800,4.9,4.905,4.855,4.8575
1711443600,4.86,4.865,4.8375,4.8525
1711445400,4.8525,4.8625,4.835,4.835
1711447200,4.835,4.8475,4.825,4.8425
1711449000,4.8425,4.855,4.83,4.8475
1711450800,4.85,4.8825,4.8475,4.88
1711452600,4.8775,4.885,4.85,4.86
1711454400,4.8625,4.8675,4.8475,4.8575
1711456200,4.8575,4.865,4.8375,4.865
1711458000,4.865,4.87,4.8475,4.86
1711459800,4.86,4.86,4.8075,4.815
1711461600,4.8125,4.8325,4.8,4.805
1711463400,4.805,4.8075,4.775,4.775
1711465200,4.7875,4.7875,4.7875,4.7875
1711521000,4.7975,4.7975,4.7975,4.7975
1711522800,4.7975,4.81,4.725,4.7625
1711524600,4.765,4.7825,4.7375,4.755
1711526400,4.755,4.7825,4.75,4.7775
1711528200,4.7775,4.8175,4.76,4.7925
1711530000,4.795,4.8075,4.7875,4.7975
1711531800,4.7975,4.86,4.79,4.8575
1711533600,4.86,4.885,4.8375,4.8475
1711535400,4.8475,4.885,4.8375,4.875
1711537200,4.875,4.8925,4.85,4.865
1711539000,4.865,4.8925,4.8425,4.87
1711540800,4.87,4.9125,4.865,4.8825
1711542600,4.885,4.9475,4.875,4.93
1711544400,4.93,4.955,4.8875,4.89
1711546200,4.8875,4.9175,4.8525,4.855
1711548000,4.855,4.8825,4.8475,4.8575
1711549800,4.855,4.8925,4.85,4.89
1711551600,4.8875,4.8875,4.8875,4.8875
1711607400,5.375,5.375,5.375,5.375
1711609200,5.375,5.375,5.3075,5.375
1711611000,5.375,5.375,5.375,5.375
1711612800,5.375,5.375,5.375,5.375
1711614600,5.375,5.375,5.375,5.375
1711616400,5.375,5.375,5.375,5.375
1711618200,5.375,5.375,5.375,5.375
1711620000,5.375,5.375,5.375,5.375
1711621800,5.375,5.375,5.375,5.375
1711623600,5.375,5.375,5.375,5.375
1711625400,5.375,5.375,5.375,5.375
1711627200,5.375,5.375,5.375,5.375
1711629000,5.375,5.375,5.375,5.375
1711630800,5.375,5.375,5.375,5.375
1711632600,5.375,5.375,5.375,5.375
1711634400,5.375,5.375,5.375,5.375
1711636200,5.375,5.375,5.375,5.375
1711638000,5.375,5.375,5.375,5.375
1711693800,5.59,5.59,5.59,5.59
1711695600,5.59,5.695,5.4325,5.495
1711697400,5.4925,5.545,5.4425,5.4475
1711699200,5.4475,5.475,5.4375,5.4525
1711701000,5.4525,5.4675,5.3525,5.36
1711702800,5.36,5.36,5.3125,5.3125
1711704600,5.31,5.32,5.25,5.2825
1711706400,5.285,5.32,5.2625,5.2825
1711708200,5.285,5.3175,5.28,5.315
1711710000,5.315,5.3175,5.2725,5.28
1711711800,5.2825,5.4625,5.2775,5.4225
1711713600,5.4225,5.51,5.4075,5.4825
1711715400,5.485,5.515,5.415,5.42
1711717200,5.42,5.425,5.3575,5.3775
1711719000,5.375,5.3875,5.3575,5.37
1711720800,5.37,5.385,5.3425,5.3725
1711722600,5.3725,5.3775,5.335,5.335
1711724400,5.3375,5.3475,5.335,5.3475
1711953000,5.3375,5.3375,5.3375,5.3375
1711954800,5.335,5.3375,5.1725,5.1825
1711956600,5.18,5.2,5.1175,5.1275
1711958400,5.1275,5.135,5.0875,5.11
1711960200,5.1075,5.1275,5.1025,5.1025
1711962000,5.1075,5.1125,5.0875,5.095
1711963800,5.0925,5.0975,5.08,5.09
1711965600,5.0925,5.115,5.0875,5.1125
1711967400,5.115,5.13,5.09,5.11
1711969200,5.1125,5.1625,5.11,5.14
1711971000,5.14,5.14,5.1075,5.1275
1711972800,5.1275,5.155,5.1225,5.1325
1711974600,5.1325,5.1475,5.12,5.125
1711976400,5.1275,5.1575,5.1175,5.1475
1711978200,5.15,5.1525,5.1125,5.125
1711980000,5.125,5.14,5.09,5.1
1711981800,5.0975,5.1,5.0725,5.0725
1711983600,5.0625,5.0625,5.0625,5.0625
1712039400,5.0675,5.0675,5.0675,5.0675
1712041200,5.07,5.1125,5.0625,5.075
1712043000,5.075,5.08,5.0275,5.03
1712044800,5.0325,5.0425,5.0275,5.0425
1712046600,5.0425,5.0525,5.0125,5.0125
1712048400,5.015,5.0175,5,5.005
1712050200,5.005,5.0075,4.9925,5
1712052000,5,5.015,4.99,4.9975
1712053800,4.9975,5,4.975,4.9775
1712055600,4.9775,4.9875,4.9675,4.9875
1712057400,4.985,4.9925,4.9775,4.9775
1712059200,4.98,4.9825,4.945,4.955
1712061000,4.9575,4.9625,4.945,4.955
1712062800,4.9525,4.9775,4.94,4.94
1712064600,4.9425,4.9475,4.9,4.905
1712066400,4.905,4.92,4.8575,4.8625
1712068200,4.86,4.87,4.815,4.815
1712070000,4.8125,4.8125,4.8125,4.8125
1712125800,4.81,4.81,4.81,4.81
1712127600,4.8075,4.9125,4.7975,4.855
1712129400,4.855,4.865,4.84,4.8525
1712131200,4.855,4.86,4.825,4.83
1712133000,4.8275,4.85,4.815,4.8425
1712134800,4.845,4.8625,4.825,4.8325
1712136600,4.8325,4.8825,4.83,4.86
1712138400,4.86,4.8875,4.8425,4.8825
1712140200,4.8825,4.8875,4.86,4.865
1712142000,4.8625,4.8725,4.8525,4.8525
1712143800,4.855,4.865,4.8325,4.835
1712145600,4.8325,4.84,4.8175,4.82
1712147400,4.82,4.835,4.815,4.8275
1712149200,4.8275,4.83,4.81,4.82
1712151000,4.8225,4.835,4.815,4.8275
1712152800,4.8275,4.8425,4.82,4.8225
1712154600,4.8225,4.825,4.7975,4.8225
1712156400,4.805,4.805,4.805,4.805
1712212200,4.825,4.825,4.825,4.825
1712214000,4.825,4.875,4.8,4.8025
1712215800,4.8,4.8425,4.7925,4.83
1712217600,4.8325,4.835,4.8175,4.825
1712219400,4.8275,4.8375,4.8225,4.8325
1712221200,4.83,4.845,4.8175,4.8425
1712223000,4.84,4.905,4.84,4.9
1712224800,4.9,4.9,4.88,4.8875
1712226600,4.89,4.905,4.87,4.89
1712228400,4.8925,4.8925,4.8525,4.855
1712230200,4.855,4.855,4.825,4.8375
1712232000,4.8375,4.8375,4.8175,4.83
1712233800,4.8275,4.8375,4.8125,4.8225
1712235600,4.8225,4.8775,4.815,4.8525
1712237400,4.8525,4.8675,4.805,4.83
1712239200,4.83,4.84,4.7925,4.815
1712241000,4.815,4.8225,4.725,4.7375
1712242800,4.7375,4.7375,4.725,4.725
1712298600,4.765,4.765,4.765,4.765
1712300400,4.765,4.925,4.755,4.8475
1712302200,4.8525,4.8825,4.8475,4.8675
1712304000,4.8675,4.885,4.86,4.8725
1712305800,4.8725,4.9125,4.87,4.8975
1712307600,4.8975,4.915,4.885,4.9075
1712309400,4.91,4.9125,4.8875,4.9025
1712311200,4.9025,4.905,4.875,4.895
1712313000,4.895,4.9,4.855,4.8725
1712314800,4.87,4.9125,4.8625,4.8875
1712316600,4.89,4.915,4.88,4.9125
1712318400,4.9125,4.92,4.885,4.905
1712320200,4.905,4.9075,4.875,4.8925
1712322000,4.895,4.93,4.8875,4.93
1712323800,4.93,4.9625,4.905,4.9375
1712325600,4.9375,5.015,4.9325,4.9775
1712327400,4.98,4.9975,4.955,4.9625
1712329200,4.9575,4.9575,4.9575,4.9575
1712557800,4.975,4.975,4.975,4.975
1712559600,4.9775,5.0025,4.94,4.99
1712561400,4.9925,5.035,4.985,5.0325
1712563200,5.0325,5.04,5.0075,5.01
1712565000,5.01,5.0375,5.0025,5.035
1712566800,5.0375,5.0375,5.01,5.035
1712568600,5.0375,5.0575,5.0275,5.0425
1712570400,5.0425,5.0575,5.0225,5.04
1712572200,5.04,5.135,5.0375,5.11
1712574000,5.11,5.115,5.07,5.0775
1712575800,5.08,5.0875,5.05,5.0575
1712577600,5.055,5.065,5.045,5.055
1712579400,5.0575,5.065,5.035,5.045
1712581200,5.045,5.0525,5.0225,5.03
1712583000,5.0325,5.0575,5.0275,5.0525
1712584800,5.0525,5.0525,5.0275,5.0375
1712586600,5.035,5.05,5.0225,5.0325
1712588400,5.0475,5.0475,5.0475,5.0475
1712644200,5.0525,5.0525,5.0525,5.0525
1712646000,5.0525,5.1725,5.0525,5.15
1712647800,5.155,5.22,5.14,5.2025
1712649600,5.2075,5.235,5.1475,5.15
1712651400,5.15,5.185,5.145,5.1625
1712653200,5.1625,5.2025,5.155,5.18
1712655000,5.1825,5.1825,5.175,5.175
1713162600,5.145,5.145,5.145,5.145
1713164400,5.145,5.195,5.105,5.1375
1713166200,5.135,5.1375,5.105,5.1325
1713168000,5.1325,5.19,5.125,5.175
1713169800,5.175,5.2475,5.175,5.205
1713171600,5.205,5.2125,5.1725,5.1775
1713173400,5.1775,5.2275,5.165,5.21
1713175200,5.21,5.2475,5.2025,5.2125
1713177000,5.215,5.23,5.2,5.205
1713178800,5.2075,5.2125,5.1875,5.195
1713180600,5.1975,5.295,5.195,5.2275
1713182400,5.225,5.23,5.205,5.21
1713184200,5.21,5.2275,5.19,5.195
1713186000,5.1975,5.255,5.1925,5.2425
1713187800,5.24,5.26,5.2275,5.25
1713189600,5.25,5.2525,5.21,5.23
1713191400,5.23,5.23,5.1825,5.185
1713193200,5.185,5.185,5.175,5.175
1713249000,5.1525,5.1525,5.1525,5.1525
1713250800,5.1525,5.155,5.05,5.07
1713252600,5.0725,5.0875,5.065,5.0725
1713254400,5.0725,5.08,5.055,5.0575
1713256200,5.055,5.09,5.055,5.0725
1713258000,5.075,5.0825,5.0475,5.0625
1713259800,5.0625,5.0825,5.06,5.0825
1713261600,5.0825,5.135,5.08,5.1025
1713263400,5.1025,5.1125,5.085,5.1025
1713265200,5.1025,5.1425,5.1025,5.13
1713267000,5.1325,5.155,5.115,5.1225
1713268800,5.1225,5.1325,5.0875,5.1025
1713270600,5.0975,5.0975,5.0425,5.05
1713272400,5.05,5.06,5.0425,5.0575
1713274200,5.055,5.0725,5.0425,5.055
1713276000,5.0575,5.0975,5.0325,5.0725
1713277800,5.0725,5.1,5.06,5.0875
1713279600,5.0975,5.0975,5.0975,5.0975
1713335400,5.1175,5.1175,5.1175,5.1175
1713337200,5.1175,5.1725,5.1125,5.15
1713339000,5.1475,5.1575,5.1225,5.1425
1713340800,5.145,5.1575,5.1275,5.13
1713342600,5.13,5.1325,5.095,5.115
1713344400,5.1125,5.12,5.0925,5.0975
1713346200,5.095,5.1225,5.0925,5.095
1713348000,5.0925,5.0975,5.0525,5.0575
1713349800,5.0575,5.0725,5.02,5.0225
1713351600,5.02,5.0225,5.005,5.0175
1713353400,5.015,5.0175,4.985,4.99
1713355200,4.99,4.9925,4.97,4.9775
1713357000,4.9775,4.9825,4.9575,4.9725
1713358800,4.9725,4.9875,4.9675,4.9775
1713360600,4.975,4.9975,4.9675,4.97
1713362400,4.97,4.97,4.94,4.9475
1713364200,4.9475,4.99,4.94,4.985
1713366000,4.985,4.985,4.985,4.985
1713421800,4.995,4.995,4.995,4.995
1713423600,4.995,5.0225,4.9825,5
1713425400,5.0025,5.03,4.9875,4.995
1713427200,4.995,5,4.9725,4.975
1713429000,4.975,4.98,4.95,4.975
1713430800,4.9775,4.9775,4.9525,4.955
1713432600,4.955,4.9775,4.9525,4.9725
1713434400,4.975,4.975,4.96,4.97
1713436200,4.97,4.9775,4.965,4.9675
1713438000,4.9675,4.985,4.965,4.9725
1713439800,4.9725,4.9825,4.97,4.98
1713441600,4.98,4.98,4.965,4.9675
1713443400,4.9675,4.9675,4.91,4.9225
1713445200,4.92,4.925,4.8925,4.895
1713447000,4.895,4.915,4.8775,4.9125
1713448800,4.915,4.9175,4.8625,4.87
1713450600,4.87,4.935,4.8675,4.89
1713452400,4.89,4.89,4.885,4.885
1713508200,4.85,4.85,4.85,4.85
1713510000,4.85,4.885,4.8225,4.8625
1713511800,4.8625,4.89,4.845,4.87
1713513600,4.87,4.8725,4.855,4.8675
1713515400,4.8675,4.88,4.865,4.8725
1713517200,4.87,4.88,4.865,4.8725
1713519000,4.875,4.8825,4.865,4.875
1713520800,4.8725,4.9075,4.8675,4.885
1713522600,4.8825,4.9025,4.88,4.885
1713524400,4.885,4.9025,4.8825,4.8875
1713526200,4.885,4.925,4.88,4.91
1713528000,4.91,4.95,4.895,4.9475
1713529800,4.95,4.9675,4.9325,4.9475
1713531600,4.9475,4.98,4.945,4.955
1713533400,4.955,5,4.94,4.9825
1713535200,4.9825,4.9875,4.9575,4.965
1713537000,4.9625,4.9725,4.9375,4.9425
1713538800,4.9525,4.9525,4.9525,4.9525
1713767400,4.9975,4.9975,4.9975,4.9975
1713769200,4.9975,5.0675,4.9825,5.035
1713771000,5.0325,5.085,5.0325,5.0675
1713772800,5.07,5.095,5.055,5.065
1713774600,5.065,5.0975,5.055,5.085
1713776400,5.085,5.1,5.065,5.0725
1713778200,5.0725,5.075,5.0475,5.0475
1713780000,5.05,5.06,5.045,5.0475
1713781800,5.045,5.0475,5.03,5.0325
1713783600,5.0325,5.0375,5.0125,5.02
1713785400,5.0175,5.055,5.0125,5.0475
1713787200,5.0475,5.07,5.0475,5.065
1713789000,5.065,5.075,5.03,5.0325
1713790800,5.035,5.0375,5.01,5.015
1713792600,5.015,5.015,4.985,5
1713794400,4.9975,5.005,4.99,5
1713796200,5,5.0075,4.9825,4.9925
1713798000,5,5,5,5
1713940200,5.0425,5.0425,5.0425,5.0425
1713942000,5.0425,5.1025,5.0425,5.0925
1713943800,5.0925,5.1275,5.0825,5.085
1713945600,5.0875,5.1,5.075,5.0875
1713947400,5.0875,5.09,5.075,5.0775
1713949200,5.075,5.0925,5.0725,5.085
1713951000,5.085,5.0925,5.0725,5.08
1713952800,5.0775,5.0825,5.0575,5.0575
1713954600,5.0575,5.06,5.0275,5.0375
1713956400,5.04,5.0425,5.015,5.02
1713958200,5.0225,5.03,4.9925,4.995
1713960000,4.9975,5.01,4.99,5.0075
1713961800,5.01,5.02,5.0025,5.005
1713963600,5.0025,5.0225,5.0025,5.0175
1713965400,5.0175,5.02,4.9925,5.0075
1713967200,5.005,5.0325,5.005,5.0075
1713969000,5.01,5.025,4.995,5.005
1713970800,5.0175,5.0175,5.0175,5.0175
1714026600,5.025,5.025,5.025,5.025
1714028400,5.025,5.0775,5.0225,5.0625
1714030200,5.0625,5.0725,5.05,5.0525
1714032000,5.0525,5.0775,5.0475,5.0625
1714033800,5.065,5.0675,5.055,5.06
1714035600,5.0625,5.07,5.0525,5.06
1714037400,5.06,5.0725,5.055,5.0625
1714039200,5.06,5.0725,5.055,5.055
1714041000,5.055,5.0675,5.05,5.0575
1714042800,5.06,5.0875,5.05,5.055
1714044600,5.055,5.06,5.0325,5.035
1714046400,5.035,5.0475,5.0125,5.0175
1714048200,5.015,5.0175,4.9775,4.9825
1714050000,4.9825,4.9875,4.9625,4.98
1714051800,4.98,4.9825,4.9475,4.96
1714053600,4.96,4.9875,4.955,4.9825
1714055400,4.98,4.995,4.9675,4.995
1714057200,4.995,4.995,4.995,4.995
1714113000,4.995,4.995,4.995,4.995
1714114800,4.995,5.04,4.995,5.03
1714116600,5.03,5.045,5.01,5.0325
1714118400,5.0325,5.0425,5.0275,5.0375
1714120200,5.0375,5.0925,5.035,5.09
1714122000,5.09,5.0925,5.0675,5.0775
1714123800,5.08,5.085,5.0575,5.0625
1714125600,5.0575,5.0725,5.0525,5.0625
1714127400,5.0625,5.0775,5.055,5.06
1714129200,5.06,5.0825,5.0575,5.075
1714131000,5.0775,5.095,5.055,5.07
1714132800,5.07,5.085,5.065,5.0825
1714134600,5.08,5.115,5.0775,5.1025
1714136400,5.1,5.125,5.0875,5.105
1714138200,5.105,5.1175,5.0925,5.0975
1714140000,5.0975,5.1325,5.085,5.1075
1714141800,5.11,5.1275,5.07,5.105
1714143600,5.105,5.1125,5.105,5.1125
1714372200,5.16,5.16,5.16,5.16
1714374000,5.16,5.2475,5.155,5.19
1714375800,5.195,5.2025,5.13,5.14
1714377600,5.14,5.1475,5.1175,5.145
1714379400,5.145,5.1725,5.14,5.16
1714381200,5.1575,5.165,5.1425,5.1475
1714383000,5.145,5.1525,5.135,5.1475
1714384800,5.15,5.1675,5.14,5.165
1714386600,5.165,5.1675,5.1425,5.15
1714388400,5.15,5.1575,5.1425,5.15
1714390200,5.15,5.155,5.125,5.1375
1714392000,5.135,5.1375,5.115,5.12
1714393800,5.1175,5.1575,5.115,5.135
1714395600,5.135,5.1525,5.1225,5.1475
1714397400,5.15,5.1625,5.145,5.16
1714399200,5.1625,5.2,5.145,5.19
1714401000,5.19,5.195,5.17,5.1775
1714402800,5.215,5.215,5.215,5.215
1714458600,5.2225,5.2225,5.2225,5.2225
1714460400,5.225,5.2375,5.175,5.1825
1714462200,5.1825,5.2025,5.1525,5.185
1714464000,5.185,5.2,5.1675,5.1775
1714465800,5.1775,5.195,5.1425,5.1475
1714467600,5.15,5.1575,5.13,5.135
1714469400,5.135,5.145,5.13,5.14
1714471200,5.1375,5.1475,5.125,5.13
1714473000,5.13,5.1425,5.12,5.135
1714474800,5.135,5.15,5.125,5.1425
1714476600,5.1425,5.1575,5.14,5.1475
1714478400,5.1475,5.23,5.1375,5.1875
1714480200,5.1875,5.205,5.1675,5.18
1714482000,5.1825,5.185,5.1675,5.1775
1714483800,5.1775,5.185,5.16,5.18
1714485600,5.18,5.2075,5.16,5.1675
1714487400,5.165,5.1775,5.145,5.1625
1714489200,5.16,5.16,5.16,5.16
1714631400,5.1825,5.1825,5.1825,5.1825
1714633200,5.1825,5.36,5.1825,5.3525
1714635000,5.355,5.4375,5.305,5.375
1714636800,5.375,5.4725,5.37,5.405
1714638600,5.4075,5.4725,5.385,5.4025
1714640400,5.4025,5.4425,5.4,5.435
1714642200,5.435,5.4475,5.4125,5.415
1714644000,5.415,5.4425,5.415,5.435
1714645800,5.4325,5.5075,5.4225,5.4975
1714647600,5.5,5.585,5.465,5.55
1714649400,5.55,5.5575,5.525,5.5325
1714651200,5.53,5.5625,5.4875,5.495
1714653000,5.495,5.5425,5.485,5.5225
1714654800,5.5225,5.5675,5.515,5.555
1714656600,5.5575,5.6375,5.555,5.5825
1714658400,5.5825,5.65,5.53,5.6
1714660200,5.6,5.6,5.5225,5.5525
1714662000,5.56,5.56,5.56,5.56
1714717800,5.5575,5.5575,5.5575,5.5575
1714719600,5.555,5.5775,5.45,5.5425
1714721400,5.54,5.6625,5.525,5.5775
1714723200,5.575,5.6425,5.57,5.615
1714725000,5.615,5.6275,5.5575,5.565
1714726800,5.5625,5.6075,5.5575,5.5725
1714728600,5.57,5.6025,5.5625,5.5925
1714730400,5.5925,5.64,5.5725,5.6275
1714732200,5.625,5.685,5.595,5.65
1714734000,5.645,5.695,5.6425,5.675
1714735800,5.6775,5.74,5.6575,5.6675
1714737600,5.665,5.685,5.625,5.67
1714739400,5.6725,5.7,5.66,5.67
1714741200,5.6675,5.68,5.6425,5.675
1714743000,5.68,5.73,5.6675,5.725
1714744800,5.725,5.81,5.72,5.7625
1714746600,5.7625,5.8425,5.7275,5.83
1714748400,5.83,5.8375,5.83,5.8375
1714977000,5.8375,5.8375,5.8375,5.8375
1714978800,5.84,5.85,5.745,5.7775
1714980600,5.7775,5.8075,5.755,5.775
1714982400,5.7775,5.795,5.7575,5.775
1714984200,5.7775,5.8025,5.7525,5.795
1714986000,5.795,5.9025,5.7875,5.8225
1714987800,5.82,5.8275,5.8,5.825
1714989600,5.825,5.84,5.7275,5.765
1714991400,5.7625,5.7875,5.755,5.785
1714993200,5.7825,5.8125,5.7725,5.8
1714995000,5.8025,5.81,5.765,5.775
1714996800,5.7725,5.795,5.765,5.7725
1714998600,5.7725,5.79,5.7575,5.77
1715000400,5.7675,5.795,5.76,5.78
1715002200,5.7775,5.83,5.7675,5.7875
1715004000,5.7875,5.8025,5.7675,5.7875
1715005800,5.7875,5.815,5.77,5.775
1715007600,5.775,5.775,5.775,5.775
1715063400,5.775,5.775,5.775,5.775
1715065200,5.775,5.8325,5.765,5.8225
1715067000,5.8225,5.8375,5.7825,5.8025
1715068800,5.8025,5.9075,5.8,5.8275
1715070600,5.83,5.835,5.76,5.775
1715072400,5.7725,5.7875,5.76,5.7825
1715074200,5.785,5.7925,5.7625,5.7725
1715076000,5.775,5.8,5.7575,5.7825
1715077800,5.78,5.78,5.755,5.7575
1715079600,5.7575,5.7725,5.745,5.76
1715081400,5.76,5.79,5.76,5.7825
1715083200,5.785,5.7925,5.7475,5.75
1715085000,5.75,5.77,5.7375,5.74
1715086800,5.74,5.74,5.66,5.715
1715088600,5.7125,5.805,5.7075,5.7975
1715090400,5.795,5.84,5.75,5.77
1715092200,5.77,5.7925,5.75,5.7575
1715094000,5.7575,5.765,5.7575,5.765
1715149800,5.7725,5.7725,5.7725,5.7725
1715151600,5.77,5.8,5.7475,5.7525
1715153400,5.75,5.7525,5.7175,5.7325
1715155200,5.7325,5.735,5.68,5.6875
1715157000,5.685,5.705,5.645,5.6525
1715158800,5.65,5.67,5.6175,5.63
1715160600,5.63,5.63,5.6075,5.615
1715162400,5.615,5.63,5.6025,5.6175
1715164200,5.62,5.6225,5.585,5.6025
1715166000,5.6025,5.6225,5.5875,5.5925
1715167800,5.595,5.6275,5.5875,5.62
1715169600,5.615,5.65,5.6125,5.6275
1715171400,5.625,5.625,5.5875,5.5925
1715173200,5.59,5.6225,5.585,5.615
1715175000,5.6175,5.63,5.605,5.6275
1715176800,5.6275,5.6325,5.6,5.6075
1715178600,5.6075,5.625,5.585,5.6
1715180400,5.59,5.59,5.59,5.59
1715236200,5.615,5.615,5.615,5.615
1715238000,5.615,5.675,5.6025,5.62
1715239800,5.62,5.6375,5.6125,5.6325
1715241600,5.63,5.6475,5.6175,5.6325
1715243400,5.6325,5.665,5.625,5.64
1715245200,5.64,5.64,5.5925,5.5975
1715247000,5.5975,5.6125,5.57,5.5975
1715248800,5.595,5.615,5.5625,5.5975
1715250600,5.6,5.6075,5.59,5.6
1715252400,5.6,5.6225,5.595,5.605
1715254200,5.605,5.72,5.6025,5.68
1715256000,5.6825,5.7675,5.6825,5.745
1715257800,5.74,5.7725,5.7025,5.7025
1715259600,5.7025,5.7325,5.68,5.7
1715261400,5.7,5.725,5.69,5.7025
1715263200,5.705,5.735,5.695,5.7125
1715265000,5.715,5.7625,5.7075,5.7425
1715266800,5.73,5.73,5.73,5.73
1715322600,5.715,5.715,5.715,5.715
1715324400,5.715,5.7425,5.6675,5.74
1715326200,5.7425,5.76,5.7,5.705
1715328000,5.7025,5.7125,5.69,5.7025
1715329800,5.7025,5.7475,5.6975,5.745
1715331600,5.745,5.7575,5.7075,5.7175
1715333400,5.7175,5.765,5.7125,5.7425
1715335200,5.7425,5.7525,5.73,5.745
1715337000,5.7425,5.7925,5.735,5.7575
1715338800,5.76,5.77,5.7375,5.74
1715340600,5.74,5.76,5.7375,5.76
1715342400,5.7575,5.7625,5.6975,5.7
1715344200,5.7025,5.7025,5.67,5.69
1715346000,5.69,5.7125,5.6775,5.7075
1715347800,5.7075,5.7125,5.68,5.6925
1715349600,5.6925,5.695,5.6375,5.6525
1715351400,5.645,5.645,5.585,5.585
1715353200,5.585,5.5875,5.585,5.5875
1715581800,5.5925,5.5925,5.5925,5.5925
1715583600,5.5925,5.65,5.58,5.61
1715585400,5.6075,5.6475,5.595,5.6375
1715587200,5.6375,5.655,5.6075,5.6475
1715589000,5.65,5.6625,5.61,5.615
1715590800,5.615,5.68,5.61,5.675
1715592600,5.6775,5.6975,5.6525,5.665
1715594400,5.6625,5.665,5.6175,5.6375
1715596200,5.635,5.6375,5.615,5.615
1715598000,5.615,5.6375,5.605,5.63
1715599800,5.6275,5.6425,5.6025,5.6175
1715601600,5.6175,5.625,5.6075,5.6125
1715603400,5.6125,5.6525,5.6025,5.63
1715605200,5.6325,5.69,5.62,5.655
1715607000,5.66,5.6925,5.65,5.675
1715608800,5.675,5.71,5.6675,5.705
1715610600,5.705,5.71,5.62,5.625
1715612400,5.625,5.6275,5.625,5.6275
1715668200,5.62,5.62,5.62,5.62
1715670000,5.6175,5.665,5.6025,5.6075
1715671800,5.6075,5.6675,5.605,5.655
1715673600,5.655,5.7,5.63,5.695
1715675400,5.695,5.72,5.6875,5.705
1715677200,5.7025,5.73,5.7025,5.72
1715679000,5.72,5.835,5.715,5.83
1715680800,5.8275,5.8375,5.78,5.795
1715682600,5.795,5.81,5.765,5.805
1715684400,5.8025,5.805,5.7775,5.79
1715686200,5.7875,5.81,5.7825,5.805
1715688000,5.8025,5.84,5.795,5.835
1715689800,5.8325,5.8575,5.82,5.8475
1715691600,5.8475,5.895,5.8275,5.8875
1715693400,5.8875,6.0125,5.875,5.975
1715695200,5.9725,5.9825,5.89,5.9075
1715697000,5.9075,5.985,5.8675,5.9175
1715698800,5.9175,5.9175,5.9175,5.9175
1715754600,5.9,5.9,5.9,5.9
1715756400,5.8975,6.0675,5.8475,6.05
1715758200,6.0475,6.06,6,6.0125
1715760000,6.01,6.0425,5.9825,5.9875
1715761800,5.9875,6.0825,5.9525,6.05
1715763600,6.05,6.0575,6.0175,6.0275
1715765400,6.025,6.0275,5.98,6.005
1715767200,6.0025,6.005,5.97,5.9925
1715769000,5.9925,6.06,5.9875,6.005
1715770800,6.0025,6.0025,5.97,5.985
1715772600,5.9875,6,5.98,5.9875
1715774400,5.9875,6,5.975,5.9825
1715776200,5.98,6.0175,5.96,5.975
1715778000,5.975,6.005,5.95,5.9825
1715779800,5.9825,5.985,5.885,5.8875
1715781600,5.8875,5.915,5.8475,5.8975
1715783400,5.8975,5.9275,5.825,5.835
1715785200,5.8625,5.8625,5.8625,5.8625
1715841000,5.9,5.9,5.9,5.9
1715842800,5.9025,6.0575,5.88,6.05
1715844600,6.05,6.11,6.0375,6.08
1715846400,6.08,6.0875,6.0375,6.0425
1715848200,6.04,6.0475,6.015,6.0225
1715850000,6.0225,6.1175,6.0025,6.07
1715851800,6.0675,6.08,6.0525,6.065
1715853600,6.0625,6.07,6.025,6.0425
1715855400,6.0425,6.0475,6.0175,6.025
1715857200,6.025,6.045,5.975,5.985
1715859000,5.985,6.0325,5.9575,6.0225
1715860800,6.0225,6.0525,6.0125,6.045
1715862600,6.045,6.0675,6.03,6.055
1715864400,6.0525,6.0575,6,6.0225
1715866200,6.02,6.1025,6.015,6.085
1715868000,6.085,6.14,6.0825,6.11
1715869800,6.1125,6.205,6.1125,6.16
1715871600,6.16,6.175,6.16,6.175
1715927400,6.17,6.17,6.17,6.17
1715929200,6.17,6.225,6.105,6.17
1715931000,6.17,6.205,6.125,6.1475
1715932800,6.15,6.28125,6.1275,6.2025
1715934600,6.2025,6.25625,6.195,6.2325
1715936400,6.235,6.26875,6.225,6.24
1715938200,6.24,6.275,6.2275,6.25625
1715940000,6.25,6.2625,6.2325,6.2375
1715941800,6.2375,6.25625,6.2175,6.2475
1715943600,6.2475,6.25,6.2,6.21
1715945400,6.21,6.235,6.2,6.23
1715947200,6.23,6.23,6.2075,6.22
1715949000,6.22,6.3,6.2125,6.26875
1715950800,6.26875,6.275,6.2275,6.2475
1715952600,6.2475,6.25625,6.22,6.2325
1715954400,6.235,6.2425,6.1575,6.1675
1715956200,6.1675,6.2,6.145,6.1525
1715958000,6.15,6.15,6.15,6.15
1716186600,6.3125,6.3125,6.3125,6.3125
1716188400,6.3125,6.475,6.25625,6.28125
1716190200,6.2875,6.30625,6.26875,6.28125
1716192000,6.28125,6.36875,6.2625,6.26875
1716193800,6.26875,6.28125,6.2275,6.2625
1716195600,6.25625,6.275,6.24,6.25
1716197400,6.25,6.2875,6.235,6.2375
1716199200,6.2375,6.275,6.23,6.25625
1716201000,6.25625,6.29375,6.25,6.26875
1716202800,6.26875,6.275,6.24,6.25
1716204600,6.25,6.25625,6.225,6.235
1716206400,6.235,6.25625,6.2275,6.2475
1716208200,6.25,6.2625,6.235,6.2375
1716210000,6.2375,6.2475,6.185,6.2075
1716211800,6.205,6.225,6.195,6.2225
1716213600,6.2225,6.2475,6.195,6.2025
1716215400,6.2025,6.205,6.1175,6.1325
1716217200,6.1275,6.1275,6.1275,6.1275
1716273000,6.15,6.15,6.15,6.15
1716274800,6.15,6.1625,6.0375,6.125
1716276600,6.125,6.1625,6.11,6.1375
1716278400,6.1375,6.14,6.0875,6.1
1716280200,6.1,6.145,6.0875,6.1275
1716282000,6.1275,6.225,6.1125,6.1725
1716283800,6.17,6.19,6.1275,6.17
1716285600,6.17,6.17,6.1375,6.14
1716287400,6.14,6.1625,6.14,6.1475
1716289200,6.1475,6.1775,6.1225,6.1375
1716291000,6.135,6.1475,6.1075,6.1175
1716292800,6.12,6.1225,6.0575,6.0675
1716294600,6.065,6.085,6.05,6.07
1716296400,6.07,6.075,6.0125,6.015
1716298200,6.0125,6.0375,5.99,6
1716300000,6,6.01,5.945,5.97
1716301800,5.97,5.9825,5.94,5.9525
1716303600,5.9625,5.9625,5.9625,5.9625
1716359400,5.9675,5.9675,5.9675,5.9675
1716361200,5.97,6.0225,5.97,6
1716363000,5.9975,6.05,5.9825,6.0425
1716364800,6.04,6.0425,6.0125,6.0175
1716366600,6.015,6.0625,6.0075,6.0175
1716368400,6.0175,6.03,6.0075,6.0175
1716370200,6.0175,6.0225,6.0125,6.0125
1716372000,6.0125,6.03,6.01,6.025
1716373800,6.0225,6.055,6.0175,6.0375
1716375600,6.04,6.0525,5.9675,5.9775
1716377400,5.975,5.98,5.9475,5.9525
1716379200,5.95,5.95,5.9075,5.9225
1716381000,5.925,5.9375,5.8825,5.8875
1716382800,5.8875,5.9075,5.8825,5.895
1716384600,5.895,5.915,5.88,5.89
1716386400,5.89,5.935,5.8825,5.9125
1716388200,5.9125,5.925,5.885,5.9125
1716390000,5.915,5.9175,5.915,5.9175
1716445800,5.93,5.93,5.93,5.93
1716447600,5.9325,6.025,5.915,6.015
1716449400,6.01,6.0425,5.985,6.02
1716451200,6.02,6.0825,6.0175,6.03
1716453000,6.03,6.0625,6.0175,6.0375
1716454800,6.0375,6.0475,6.0125,6.0325
1716456600,6.0325,6.045,6.025,6.0325
1716458400,6.0325,6.0725,6.025,6.0475
1716460200,6.05,6.0675,6.045,6.045
1716462000,6.045,6.13,6.0325,6.095
1716463800,6.095,6.1225,6.0675,6.0975
1716465600,6.0975,6.17,6.095,6.1675
1716467400,6.1675,6.1775,6.14,6.16
1716469200,6.16,6.1825,6.105,6.105
1716471000,6.1075,6.1175,6.03,6.0425
1716472800,6.04,6.0425,5.9825,6.035
1716474600,6.035,6.065,6.015,6.03
1716476400,6.05,6.05,6.05,6.05
1716532200,6.0625,6.0625,6.0625,6.0625
1716534000,6.065,6.15,6.0275,6.0575
1716535800,6.0575,6.0925,6.015,6.0675
1716537600,6.0675,6.125,6.02,6.04
1716539400,6.0375,6.0475,6.02,6.0225
1716541200,6.0225,6.03,6,6.01
1716543000,6.01,6.01,5.9825,5.9875
1716544800,5.99,5.995,5.9825,5.9875
1716546600,5.9875,6.0325,5.965,6.0025
1716548400,6.0025,6.01,5.9725,5.98
1716550200,5.98,6.07,5.9775,6.05
1716552000,6.0475,6.0925,6.01,6.075
1716553800,6.07,6.1,6.0375,6.0725
1716555600,6.075,6.11,6.07,6.09
1716557400,6.09,6.0925,6.06,6.0725
1716559200,6.07,6.09,6.0525,6.07
1716561000,6.07,6.085,6.0425,6.0825
1716562800,6.0825,6.0975,6.0825,6.0975
1716791400,6.12,6.12,6.12,6.12
1716793200,6.12,6.1375,6.0425,6.045
1716795000,6.0425,6.0675,6.025,6.04
1716796800,6.04,6.0575,6.0175,6.045
1716798600,6.0475,6.0775,6.0375,6.0775
1716800400,6.0775,6.1075,6.06,6.065
1716802200,6.0675,6.075,6.035,6.0475
1716804000,6.0475,6.05,6.02,6.02
1716805800,6.0225,6.0325,6.0125,6.02
1716807600,6.02,6.0375,6.0125,6.0275
1716809400,6.03,6.055,6.0175,6.03
1716811200,6.0325,6.04,5.99,5.9975
1716813000,5.9975,6.0025,5.9375,5.9475
1716814800,5.945,5.97,5.9375,5.9575
1716816600,5.9575,5.9925,5.955,5.965
1716818400,5.965,6.0075,5.95,5.9675
1716820200,5.97,5.97,5.92,5.935
1716822000,5.9325,5.9325,5.9325,5.9325
1716877800,5.94,5.94,5.94,5.94
1716879600,5.9375,5.96,5.8925,5.9225
1716881400,5.92,5.94,5.905,5.915
1716883200,5.9125,5.915,5.89,5.8925
1716885000,5.8925,5.8975,5.8525,5.8575
1716886800,5.8575,5.86,5.8275,5.8375
1716888600,5.8375,5.8625,5.83,5.8525
1716890400,5.8525,5.8625,5.84,5.84
1716892200,5.84,5.855,5.83,5.85
1716894000,5.8525,5.8675,5.83,5.83
1716895800,5.83,5.84,5.8225,5.83
1716897600,5.83,5.8725,5.83,5.87
1716899400,5.87,5.9125,5.855,5.9075
1716901200,5.905,5.9075,5.8675,5.8975
1716903000,5.9,5.9125,5.88,5.895
1716904800,5.895,5.9125,5.8675,5.87
1716906600,5.8725,5.88,5.83,5.8375
1716908400,5.8375,5.85,5.8375,5.85
1716964200,5.85,5.85,5.85,5.85
1716966000,5.8525,5.8725,5.8275,5.83
1716967800,5.83,5.8775,5.8025,5.8675
1716969600,5.865,5.8725,5.825,5.8475
1716971400,5.8475,5.8625,5.8425,5.8575
1716973200,5.86,5.905,5.8575,5.8825
1716975000,5.8825,5.895,5.865,5.8925
1716976800,5.8925,5.8975,5.8675,5.8675
1716978600,5.8675,5.875,5.83,5.8375
1716980400,5.835,5.855,5.83,5.8325
1716982200,5.8325,5.85,5.8275,5.8425
1716984000,5.8425,5.8425,5.8075,5.8125
1716985800,5.8125,5.8125,5.765,5.78
1716987600,5.7825,5.8025,5.78,5.7875
1716989400,5.7875,5.79,5.765,5.7825
1716991200,5.78,5.795,5.7225,5.7275
1716993000,5.7275,5.7275,5.635,5.6475
1716994800,5.6475,5.6475,5.645,5.645
1717050600,5.66,5.66,5.66,5.66
1717052400,5.6625,5.695,5.61,5.6325
1717054200,5.6325,5.695,5.625,5.66
1717056000,5.6575,5.67,5.6225,5.635
1717057800,5.6375,5.6825,5.625,5.6775
1717059600,5.6775,5.685,5.65,5.6625
1717061400,5.6625,5.68,5.655,5.67
1717063200,5.6675,5.68,5.65,5.6625
1717065000,5.665,5.6675,5.64,5.66
1717066800,5.6625,5.69,5.645,5.685
1717068600,5.685,5.71,5.66,5.6975
1717070400,5.6975,5.7,5.665,5.675
1717072200,5.6775,5.695,5.665,5.68
1717074000,5.68,5.745,5.6725,5.6875
1717075800,5.69,5.7175,5.675,5.715
1717077600,5.715,5.74,5.7,5.7
1717079400,5.7025,5.735,5.675,5.73
1717081200,5.7325,5.7375,5.7325,5.7375
1717137000,5.75,5.75,5.75,5.75
1717138800,5.7525,5.7975,5.74,5.7875
1717140600,5.79,5.7975,5.7525,5.7925
1717142400,5.7925,5.795,5.74,5.745
1717144200,5.74,5.755,5.7025,5.7075
1717146000,5.71,5.74,5.7075,5.715
1717147800,5.715,5.7275,5.705,5.71
1717149600,5.71,5.72,5.6425,5.65
1717151400,5.6525,5.66,5.625,5.64
1717153200,5.6425,5.69,5.6275,5.68
1717155000,5.68,5.6825,5.6275,5.63
1717156800,5.63,5.645,5.61,5.6125
1717158600,5.61,5.635,5.5675,5.5725
1717160400,5.575,5.5775,5.545,5.55
1717162200,5.55,5.5775,5.5425,5.5525
1717164000,5.5525,5.57,5.52,5.5325
1717165800,5.5325,5.5475,5.4675,5.525
1717167600,5.525,5.525,5.4975,5.4975
1717396200,5.51,5.51,5.51,5.51
1717398000,5.5125,5.535,5.455,5.4975
1717399800,5.4975,5.5225,5.46,5.5
1717401600,5.5,5.5675,5.49,5.55
1717403400,5.5475,5.55,5.5025,5.515
1717405200,5.5175,5.5325,5.48,5.49
1717407000,5.49,5.5225,5.4875,5.515
1717408800,5.5175,5.545,5.495,5.5375
1717410600,5.5425,5.6,5.5375,5.5625
1717412400,5.56,5.59,5.555,5.58
1717414200,5.5775,5.5825,5.5225,5.5675
1717416000,5.5675,5.6275,5.5625,5.6225
1717417800,5.625,5.655,5.615,5.64
1717419600,5.64,5.6525,5.61,5.645
1717421400,5.645,5.685,5.63,5.635
1717423200,5.6325,5.6775,5.6275,5.6675
1717425000,5.67,5.73,5.6525,5.7225
1717426800,5.72,5.72,5.7175,5.7175
1717482600,5.705,5.705,5.705,5.705
1717484400,5.7025,5.775,5.64,5.7475
1717486200,5.7475,5.765,5.73,5.745
1717488000,5.7475,5.82,5.7425,5.81
1717489800,5.81,5.8875,5.8025,5.8575
1717491600,5.855,5.865,5.8,5.81
1717493400,5.8075,5.84,5.7925,5.8
1717495200,5.8,5.825,5.7925,5.81
1717497000,5.81,5.82,5.765,5.815
1717498800,5.815,5.825,5.78,5.8
1717500600,5.8025,5.8075,5.775,5.79
1717502400,5.79,5.79,5.7425,5.7575
1717504200,5.7575,5.785,5.7575,5.7825
1717506000,5.7825,5.81,5.7775,5.7825
1717507800,5.7825,5.7825,5.7,5.7075
1717509600,5.705,5.76,5.6975,5.7475
1717511400,5.7475,5.7525,5.665,5.6825
1717513200,5.6825,5.6825,5.675,5.675
1717569000,5.68,5.68,5.68,5.68
1717570800,5.68,5.7125,5.5925,5.605
1717572600,5.6075,5.6325,5.585,5.6125
1717574400,5.6125,5.6525,5.56,5.63
1717576200,5.6325,5.635,5.6075,5.62
1717578000,5.62,5.6525,5.615,5.635
1717579800,5.6325,5.64,5.61,5.62
1717581600,5.62,5.6575,5.6025,5.6075
1717583400,5.6075,5.63,5.575,5.5775
1717585200,5.5825,5.585,5.55,5.5725
1717587000,5.5725,5.5825,5.545,5.555
1717588800,5.5525,5.57,5.5325,5.54
1717590600,5.54,5.565,5.5275,5.53
1717592400,5.53,5.595,5.525,5.5375
1717594200,5.5375,5.6325,5.505,5.62
1717596000,5.6225,5.635,5.5525,5.615
1717597800,5.615,5.68,5.6075,5.6575
1717599600,5.6625,5.6625,5.6625,5.6625
1717655400,5.725,5.725,5.725,5.725
1717657200,5.7275,5.79,5.715,5.7325
1717659000,5.735,5.7375,5.7175,5.73
1717660800,5.7275,5.78,5.7175,5.76
1717662600,5.7575,5.7625,5.71,5.7125
1717664400,5.7125,5.735,5.7075,5.73
1717666200,5.7275,5.81,5.7275,5.7975
1717668000,5.8,5.93,5.7875,5.9075
1717669800,5.9075,5.9175,5.875,5.885
1717671600,5.885,5.895,5.8675,5.8675
1717673400,5.8675,5.875,5.8275,5.8425
1717675200,5.8425,5.8525,5.8325,5.8475
1717677000,5.845,5.85,5.8,5.8025
1717678800,5.8,5.8275,5.785,5.815
1717680600,5.815,5.8225,5.7725,5.7775
1717682400,5.7775,5.805,5.77,5.785
1717684200,5.785,5.7975,5.7525,5.77
1717686000,5.785,5.785,5.785,5.785
1717741800,5.815,5.815,5.815,5.815
1717743600,5.8175,5.87,5.7025,5.71
1717745400,5.71,5.73,5.695,5.7225
1717747200,5.72,5.765,5.71,5.7575
1717749000,5.755,5.7575,5.715,5.725
1717750800,5.7275,5.755,5.7225,5.74
1717752600,5.74,5.7425,5.72,5.7375
1717754400,5.7375,5.75,5.7225,5.73
1717756200,5.7275,5.735,5.6975,5.71
1717758000,5.7125,5.78,5.71,5.755
1717759800,5.7525,5.7725,5.7425,5.765
1717761600,5.7675,5.7775,5.745,5.7475
1717763400,5.7475,5.7475,5.7175,5.735
1717765200,5.7325,5.77,5.725,5.76
1717767000,5.76,5.7825,5.7425,5.7575
1717768800,5.7575,5.76,5.725,5.745
1717770600,5.7475,5.775,5.74,5.775
1717772400,5.775,5.775,5.7725,5.775
1718001000,5.7675,5.7675,5.7675,5.7675
1718002800,5.7675,5.7775,5.7175,5.765
1718004600,5.7675,5.8175,5.7625,5.785
1718006400,5.7875,5.7975,5.715,5.7575
1718008200,5.755,5.7575,5.685,5.69
1718010000,5.69,5.6925,5.6525,5.6625
1718011800,5.6625,5.6825,5.6425,5.6475
1718013600,5.645,5.6575,5.625,5.64
1718015400,5.64,5.645,5.5875,5.595
1718017200,5.5925,5.6075,5.585,5.5875
1718019000,5.5825,5.6025,5.5625,5.595
1718020800,5.5975,5.5975,5.5575,5.575
1718022600,5.5725,5.58,5.545,5.55
1718024400,5.5475,5.585,5.54,5.5625
1718026200,5.565,5.59,5.5525,5.5825
1718028000,5.5825,5.59,5.545,5.5525
1718029800,5.5525,5.555,5.48,5.5
1718031600,5.4875,5.4875,5.4875,5.4875
1718087400,5.49,5.49,5.49,5.49
1718089200,5.49,5.5375,5.43,5.4575
1718091000,5.4575,5.515,5.4475,5.4875
1718092800,5.485,5.5025,5.465,5.47
1718094600,5.47,5.485,5.4475,5.465
1718096400,5.465,5.49,5.455,5.4825
1718098200,5.48,5.525,5.4725,5.505
1718100000,5.505,5.54,5.495,5.5225
1718101800,5.5225,5.53,5.495,5.4975
1718103600,5.4975,5.5075,5.485,5.495
1718105400,5.4925,5.53,5.485,5.495
1718107200,5.495,5.495,5.455,5.4775
1718109000,5.48,5.505,5.465,5.4775
1718110800,5.4725,5.505,5.465,5.475
1718112600,5.475,5.48,5.4275,5.4325
1718114400,5.4325,5.4425,5.3825,5.3875
1718116200,5.3875,5.3875,5.3275,5.355
1718118000,5.3675,5.3675,5.3675,5.3675
1718173800,5.3675,5.3675,5.3675,5.3675
1718175600,5.3675,5.405,5.3525,5.3675
1718177400,5.37,5.3775,5.3425,5.36
1718179200,5.36,5.3975,5.3575,5.395
1718181000,5.3925,5.3975,5.3575,5.3625
1718182800,5.36,5.37,5.3425,5.3475
1718184600,5.3475,5.355,5.34,5.3425
1718186400,5.3425,5.345,5.3275,5.3375
1718188200,5.335,5.35,5.3325,5.3325
1718190000,5.3325,5.34,5.3225,5.33
1718191800,5.33,5.33,5.3025,5.305
1718193600,5.305,5.3125,5.2725,5.2825
1718195400,5.2825,5.305,5.28,5.2975
1718197200,5.2975,5.385,5.295,5.3475
1718199000,5.3475,5.3475,5.3,5.31
1718200800,5.31,5.3825,5.295,5.3625
1718202600,5.3625,5.38,5.325,5.3425
1718204400,5.3425,5.3425,5.3125,5.3125
1718260200,5.36,5.36,5.36,5.36
1718262000,5.3625,5.4375,5.3625,5.4275
1718263800,5.4275,5.4375,5.41,5.425
1718265600,5.425,5.47,5.4225,5.4375
1718267400,5.435,5.44,5.4,5.4075
1718269200,5.405,5.4175,5.3975,5.4075
1718271000,5.4075,5.4075,5.385,5.3925
1718272800,5.3925,5.4225,5.3875,5.4175
1718274600,5.4175,5.435,5.4075,5.42
1718276400,5.4225,5.4975,5.4225,5.4725
1718278200,5.4725,5.4775,5.44,5.455
1718280000,5.4525,5.4825,5.4425,5.475
1718281800,5.4775,5.51,5.47,5.485
1718283600,5.485,5.4875,5.4625,5.475
1718285400,5.4775,5.4825,5.455,5.4775
1718287200,5.475,5.4775,5.455,5.465
1718289000,5.465,5.54,5.46,5.52
1718290800,5.525,5.525,5.525,5.525
1718346600,5.5825,5.5825,5.5825,5.5825
1718348400,5.5825,5.5875,5.5375,5.5425
1718350200,5.5425,5.5675,5.5275,5.5475
1718352000,5.5475,5.6425,5.5425,5.62
1718353800,5.6175,5.63,5.61,5.615
1718355600,5.6175,5.65,5.6025,5.6075
1718357400,5.6075,5.6125,5.5875,5.5925
1718359200,5.59,5.605,5.575,5.585
1718361000,5.585,5.6,5.575,5.5775
1718362800,5.5775,5.5775,5.54,5.57
1718364600,5.57,5.645,5.5625,5.565
1718366400,5.565,5.57,5.5075,5.545
1718368200,5.5475,5.5625,5.53,5.5525
1718370000,5.555,5.575,5.5475,5.55
1718371800,5.5525,5.555,5.53,5.5375
1718373600,5.5375,5.5525,5.5175,5.545
1718375400,5.5475,5.55,5.5175,5.5375
1718377200,5.5375,5.545,5.5375,5.545
1718865000,5.625,5.625,5.625,5.625
1718866800,5.6275,5.7525,5.625,5.7275
1718868600,5.7275,5.775,5.69,5.6925
1718870400,5.695,5.715,5.685,5.7025
1718872200,5.7025,5.7175,5.6625,5.6825
1718874000,5.68,5.6975,5.67,5.6875
1718875800,5.6875,5.7125,5.6825,5.6975
1718877600,5.7,5.7025,5.69,5.7
1718879400,5.7,5.7,5.675,5.6825
1718881200,5.68,5.7,5.6725,5.69
1718883000,5.6925,5.7475,5.6825,5.7375
1718884800,5.7375,5.755,5.7075,5.7075
1718886600,5.7075,5.735,5.705,5.73
1718888400,5.73,5.7525,5.7175,5.74
1718890200,5.74,5.805,5.735,5.7675
1718892000,5.7675,5.78,5.7425,5.7575
1718893800,5.7575,5.775,5.7375,5.745
1718895600,5.745,5.7675,5.745,5.7675
1718951400,5.75,5.75,5.75,5.75
1718953200,5.75,5.775,5.7025,5.72
1718955000,5.72,5.7225,5.685,5.6875
1718956800,5.6875,5.7075,5.675,5.695
1718958600,5.695,5.6975,5.6825,5.685
1718960400,5.685,5.6925,5.675,5.685
1718962200,5.6825,5.7025,5.68,5.6875
1718964000,5.69,5.69,5.6525,5.66
1718965800,5.6625,5.675,5.655,5.66
1718967600,5.66,5.675,5.6575,5.6625
1718969400,5.66,5.675,5.655,5.67
1718971200,5.67,5.6725,5.6625,5.6725
1718973000,5.67,5.685,5.665,5.6775
1718974800,5.6725,5.685,5.655,5.6575
1718976600,5.6575,5.6625,5.625,5.64
1718978400,5.6375,5.6425,5.6225,5.63
1718980200,5.63,5.7475,5.615,5.7425
1718982000,5.74,5.7425,5.74,5.7425
1719210600,5.75,5.75,5.75,5.75
1719212400,5.7525,5.775,5.7025,5.735
1719214200,5.735,5.8875,5.735,5.8775
1719216000,5.875,5.885,5.8075,5.8175
1719217800,5.8175,5.9125,5.815,5.905
1719219600,5.9075,5.9175,5.8575,5.86
1719221400,5.8575,5.88,5.84,5.87
1719223200,5.87,5.9575,5.865,5.9075
1719225000,5.9075,5.9075,5.885,5.9
1719226800,5.9,5.905,5.885,5.9025
1719228600,5.9025,5.955,5.8925,5.9475
1719230400,5.95,5.9575,5.9,5.915
1719232200,5.9175,5.9225,5.89,5.89
1719234000,5.8925,5.9475,5.8875,5.925
1719235800,5.925,5.925,5.8875,5.8975
1719237600,5.895,5.945,5.8625,5.945
1719239400,5.945,6,5.91,6
1719241200,6,6,5.9625,5.9625
1719297000,5.95,5.95,5.95,5.95
1719298800,5.9475,5.9475,5.865,5.875
1719300600,5.875,5.9425,5.8625,5.915
1719302400,5.9125,5.9625,5.8525,5.8625
1719304200,5.8625,5.88,5.855,5.875
1719306000,5.875,5.885,5.8575,5.8725
1719307800,5.8725,5.8725,5.855,5.8575
1719309600,5.8575,5.885,5.845,5.8525
1719311400,5.8525,5.9025,5.845,5.885
1719313200,5.885,5.925,5.8825,5.9025
1719315000,5.9,5.9025,5.875,5.8825
1719316800,5.88,5.8925,5.865,5.8875
1719318600,5.8875,5.915,5.8775,5.885
1719320400,5.8825,5.915,5.88,5.885
1719322200,5.885,5.8875,5.85,5.855
1719324000,5.8525,5.8775,5.84,5.87
1719325800,5.87,5.885,5.795,5.7975
1719327600,5.7975,5.805,5.7975,5.805
1719383400,5.785,5.785,5.785,5.785
1719385200,5.785,5.8175,5.725,5.7275
1719387000,5.7275,5.7325,5.6875,5.705
1719388800,5.705,5.71,5.6725,5.68
1719390600,5.68,5.725,5.675,5.705
1719392400,5.705,5.71,5.685,5.7025
1719394200,5.7025,5.715,5.6725,5.68
1719396000,5.68,5.7325,5.675,5.7175
1719397800,5.7175,5.7325,5.69,5.7175
1719399600,5.7175,5.7225,5.7,5.71
1719401400,5.705,5.7175,5.69,5.7075
1719403200,5.71,5.7125,5.6825,5.6925
1719405000,5.6925,5.6975,5.645,5.65
1719406800,5.6475,5.67,5.62,5.655
1719408600,5.655,5.665,5.625,5.63
1719410400,5.63,5.66,5.595,5.605
1719412200,5.6025,5.6125,5.545,5.56
1719414000,5.56,5.56,5.525,5.525
1719469800,5.5425,5.5425,5.5425,5.5425
1719471600,5.545,5.585,5.535,5.555
1719473400,5.555,5.5675,5.515,5.5475
1719475200,5.545,5.5525,5.53,5.5325
1719477000,5.5325,5.54,5.4975,5.53
1719478800,5.53,5.535,5.4875,5.515
1719480600,5.5125,5.6075,5.49,5.59
1719482400,5.59,5.5975,5.5675,5.5675
1719484200,5.5675,5.595,5.565,5.58
1719486000,5.5825,5.6025,5.55,5.5525
1719487800,5.5525,5.58,5.5375,5.555
1719489600,5.555,5.5625,5.5325,5.54
1719491400,5.54,5.57,5.4875,5.55
1719493200,5.5475,5.59,5.5475,5.58
1719495000,5.58,5.5975,5.5725,5.59
1719496800,5.5925,5.615,5.5875,5.59
1719498600,5.5925,5.595,5.565,5.585
1719500400,5.585,5.585,5.585,5.585
1719556200,5.6,5.6,5.6,5.6
1719558000,5.6,5.6425,5.5975,5.605
1719559800,5.605,5.6325,5.5875,5.6325
1719561600,5.6325,5.6525,5.605,5.615
1719563400,5.6175,5.62,5.575,5.59
1719565200,5.59,5.595,5.545,5.555
1719567000,5.5575,5.5825,5.5525,5.5675
1719568800,5.5675,5.58,5.56,5.5625
1719570600,5.5625,5.5625,5.5425,5.5525
1719572400,5.5525,5.5625,5.54,5.56
1719574200,5.56,5.59,5.545,5.59
1719576000,5.5875,5.61,5.58,5.6
1719577800,5.6,5.615,5.585,5.6
1719579600,5.6025,5.6075,5.5725,5.5825
1719581400,5.5825,5.59,5.5675,5.58
1719583200,5.5825,5.6,5.5575,5.5575
1719585000,5.5575,5.56,5.4575,5.4825
1719586800,5.4875,5.4875,5.485,5.485
1719815400,5.515,5.515,5.515,5.515
1719817200,5.5175,5.5525,5.4875,5.495
1719819000,5.4975,5.5,5.42,5.4225
1719820800,5.42,5.4525,5.4,5.425
1719822600,5.4225,5.43,5.365,5.3725
1719824400,5.3725,5.385,5.35,5.3525
1719826200,5.35,5.3525,5.325,5.3375
1719828000,5.3375,5.355,5.32,5.335
1719829800,5.335,5.355,5.33,5.335
1719831600,5.3375,5.3525,5.3225,5.325
1719833400,5.3225,5.3475,5.3225,5.345
1719835200,5.3425,5.35,5.3225,5.34
1719837000,5.3375,5.345,5.3125,5.3175
1719838800,5.32,5.325,5.285,5.295
1719840600,5.2975,5.3,5.24,5.24
1719842400,5.24,5.24,5.165,5.2025
1719844200,5.2,5.21,5.16,5.1925
1719846000,5.21,5.21,5.21,5.21
1719901800,5.195,5.195,5.195,5.195
1719903600,5.1975,5.205,5.1375,5.18
1719905400,5.1775,5.21,5.1675,5.2075
1719907200,5.2075,5.2225,5.18,5.2
1719909000,5.2025,5.215,5.185,5.2
1719910800,5.2,5.21,5.1925,5.2075
1719912600,5.205,5.2325,5.2,5.2225
1719914400,5.225,5.26,5.22,5.245
1719916200,5.2475,5.255,5.205,5.2075
1719918000,5.2075,5.215,5.1775,5.205
1719919800,5.205,5.22,5.18,5.2125
1719921600,5.2125,5.225,5.2,5.22
1719923400,5.22,5.285,5.2175,5.2425
1719925200,5.245,5.2975,5.245,5.265
1719927000,5.2625,5.29,5.2425,5.26
1719928800,5.2625,5.275,5.215,5.23
1719930600,5.2275,5.2925,5.2275,5.2825
1719932400,5.26,5.26,5.26,5.26
1719988200,5.2925,5.2925,5.2925,5.2925
1719990000,5.29,5.3325,5.265,5.325
1719991800,5.3225,5.3525,5.31,5.3175
1719993600,5.315,5.335,5.295,5.2975
1719995400,5.295,5.3,5.2675,5.2725
1719997200,5.2725,5.285,5.265,5.2825
1720006200,5.28,5.2875,5.235,5.2625
1720008000,5.265,5.2975,5.2475,5.265
1720009800,5.265,5.265,5.23,5.235
1720011600,5.235,5.2825,5.23,5.25
1720013400,5.25,5.285,5.2475,5.2825
1720015200,5.285,5.345,5.28,5.33
1720017000,5.33,5.3725,5.325,5.365
1720018800,5.3675,5.3675,5.35,5.35
1720074600,5.36,5.36,5.36,5.36
1720076400,5.36,5.42,5.36,5.395
1720078200,5.395,5.4375,5.39,5.3925
1720080000,5.39,5.44,5.3875,5.41
1720081800,5.41,5.4175,5.385,5.3875
1720083600,5.3875,5.415,5.3825,5.3975
1720085400,5.4,5.4025,5.38,5.385
1720087200,5.385,5.4,5.38,5.39
1720089000,5.39,5.39,5.37,5.38
1720090800,5.38,5.3925,5.37,5.385
1720092600,5.39,5.415,5.38,5.41
1720094400,5.41,5.4175,5.3975,5.41
1720096200,5.41,5.42,5.3975,5.415
1720098000,5.4125,5.465,5.4025,5.4525
1720099800,5.4525,5.46,5.4275,5.455
1720101600,5.455,5.48,5.4325,5.4525
1720103400,5.45,5.51,5.44,5.5
1720105200,5.5125,5.5125,5.5125,5.5125
1720161000,5.5125,5.5125,5.5125,5.5125
1720162800,5.5125,5.5325,5.4675,5.47
1720164600,5.4725,5.495,5.455,5.49
1720166400,5.4875,5.5175,5.4675,5.4875
1720168200,5.4875,5.49,5.4625,5.4725
1720170000,5.47,5.515,5.4675,5.51
1720171800,5.51,5.545,5.505,5.5075
1720173600,5.505,5.5225,5.5,5.515
1720175400,5.515,5.52,5.475,5.4975
1720177200,5.4975,5.5075,5.485,5.4925
1720179000,5.4925,5.51,5.47,5.47
1720180800,5.47,5.495,5.465,5.4825
1720182600,5.48,5.52,5.4775,5.4875
1720184400,5.4875,5.4925,5.465,5.47
1720186200,5.47,5.51,5.4675,5.5025
1720188000,5.5025,5.575,5.5,5.5375
1720189800,5.5375,5.545,5.495,5.5
1720191600,5.4975,5.5,5.4975,5.5
1720420200,5.5125,5.5125,5.5125,5.5125
1720422000,5.515,5.5875,5.515,5.555
1720423800,5.5525,5.625,5.5525,5.62
1720425600,5.6225,5.65,5.6125,5.6225
1720427400,5.6225,5.6425,5.605,5.605
1720429200,5.605,5.64,5.5925,5.6375
1720431000,5.6375,5.6675,5.625,5.64
1720432800,5.6425,5.6475,5.6025,5.6125
1720434600,5.615,5.62,5.6025,5.6075
1720436400,5.6075,5.615,5.5775,5.5875
1720438200,5.585,5.585,5.5525,5.565
1720440000,5.565,5.5675,5.545,5.5575
1720441800,5.555,5.56,5.515,5.545
1720443600,5.545,5.59,5.5275,5.5375
1720445400,5.535,5.535,5.5025,5.5225
1720447200,5.525,5.5325,5.505,5.5175
1720449000,5.5175,5.535,5.4725,5.4925
1720450800,5.5,5.5,5.5,5.5
1720506600,5.51,5.51,5.51,5.51
1720508400,5.5125,5.5425,5.5,5.53
1720510200,5.53,5.545,5.515,5.5325
1720512000,5.535,5.565,5.515,5.525
1720513800,5.525,5.5275,5.4825,5.4925
1720515600,5.495,5.495,5.4825,5.4875
1720517400,5.4875,5.5,5.485,5.4925
1720519200,5.4925,5.54,5.49,5.5225
1720521000,5.5225,5.5225,5.5,5.51
1720522800,5.51,5.5425,5.4925,5.5075
1720524600,5.51,5.5375,5.5025,5.505
1720526400,5.5075,5.5125,5.495,5.4975
1720528200,5.5,5.515,5.49,5.495
1720530000,5.495,5.5375,5.495,5.53
1720531800,5.5325,5.55,5.475,5.4925
1720533600,5.49,5.495,5.42,5.455
1720535400,5.4575,5.47,5.44,5.45
1720537200,5.45,5.45,5.4475,5.4475
1720593000,5.4575,5.4575,5.4575,5.4575
1720594800,5.4575,5.475,5.3875,5.405
1720596600,5.405,5.4425,5.395,5.425
1720598400,5.425,5.43,5.375,5.3825
1720600200,5.3825,5.3975,5.3725,5.3925
1720602000,5.3925,5.41,5.38,5.4075
1720603800,5.4075,5.4375,5.39,5.3925
1720605600,5.3925,5.405,5.39,5.4025
1720607400,5.4025,5.4175,5.395,5.395
1720609200,5.395,5.4175,5.395,5.4075
1720611000,5.4075,5.4075,5.3725,5.3725
1720612800,5.375,5.39,5.3675,5.3875
1720614600,5.385,5.3875,5.3625,5.37
1720616400,5.3675,5.405,5.3625,5.38
1720618200,5.38,5.3975,5.3725,5.3875
1720620000,5.39,5.4375,5.3775,5.4275
1720621800,5.425,5.43,5.385,5.3925
1720623600,5.385,5.385,5.385,5.385
1720679400,5.43,5.43,5.43,5.43
1720681200,5.4275,5.475,5.4275,5.46
1720683000,5.4625,5.5125,5.46,5.51
1720684800,5.5125,5.515,5.4675,5.4725
1720686600,5.4725,5.5,5.465,5.4975
1720688400,5.495,5.51,5.4825,5.4875
1720690200,5.485,5.5075,5.4825,5.505
1720692000,5.505,5.5325,5.4925,5.5225
1720693800,5.5175,5.5275,5.505,5.52
1720695600,5.52,5.5475,5.515,5.54
1720697400,5.54,5.5475,5.5325,5.5375
1720699200,5.54,5.555,5.53,5.5425
1720701000,5.5425,5.5675,5.5425,5.5525
1720702800,5.5525,5.575,5.5475,5.5625
1720704600,5.56,5.575,5.55,5.57
1720706400,5.57,5.57,5.54,5.5525
1720708200,5.55,5.565,5.54,5.5575
1720710000,5.5525,5.5525,5.5525,5.5525
1720765800,5.5475,5.5475,5.5475,5.5475
1720767600,5.545,5.6225,5.5325,5.535
1720769400,5.535,5.535,5.475,5.495
1720771200,5.4925,5.51,5.49,5.505
1720773000,5.505,5.5275,5.49,5.5225
1720774800,5.5225,5.5225,5.5,5.51
1720776600,5.51,5.515,5.5025,5.505
1720778400,5.5075,5.5075,5.4875,5.4925
1720780200,5.4925,5.505,5.4775,5.5
1720782000,5.5,5.525,5.4875,5.5075
1720783800,5.5075,5.5125,5.4875,5.5025
1720785600,5.5,5.515,5.4875,5.4975
1720787400,5.4975,5.525,5.4825,5.5
1720789200,5.5,5.515,5.4975,5.5075
1720791000,5.505,5.5575,5.505,5.5425
1720792800,5.5475,5.5575,5.5175,5.5175
1720794600,5.5175,5.5275,5.5025,5.5125
1720796400,5.5,5.5,5.5,5.5
1721111400,5.5125,5.5125,5.5125,5.5125
1721113200,5.5125,5.5475,5.475,5.495
1721115000,5.495,5.4975,5.455,5.47
1721116800,5.4675,5.475,5.4575,5.475
1721118600,5.475,5.485,5.4525,5.475
1721120400,5.4725,5.5125,5.46,5.5025
1721122200,5.5025,5.505,5.4525,5.455
1721124000,5.455,5.47,5.4425,5.4675
1721125800,5.4675,5.475,5.455,5.465
1721127600,5.4625,5.4725,5.455,5.465
1721129400,5.4625,5.485,5.455,5.4675
1721131200,5.465,5.4825,5.46,5.465
1721133000,5.465,5.48,5.4475,5.475
1721134800,5.475,5.49,5.4675,5.4725
1721136600,5.47,5.4975,5.4675,5.48
1721138400,5.4825,5.4925,5.465,5.4725
1721140200,5.475,5.475,5.45,5.4575
1721142000,5.4625,5.4625,5.4625,5.4625
1721197800,5.465,5.465,5.465,5.465
1721199600,5.4675,5.49,5.4275,5.4275
1721201400,5.43,5.445,5.42,5.425
1721203200,5.425,5.44,5.42,5.4275
1721205000,5.425,5.43,5.42,5.4225
1721206800,5.4225,5.4425,5.4225,5.435
1721208600,5.4325,5.435,5.425,5.43
1721210400,5.43,5.435,5.4125,5.42
1721212200,5.4175,5.425,5.4125,5.4175
1721214000,5.415,5.42,5.3875,5.395
1721215800,5.3925,5.4225,5.3875,5.4125
1721217600,5.4125,5.4175,5.4,5.4075
1721219400,5.4075,5.4075,5.3925,5.4025
1721221200,5.4025,5.405,5.3925,5.4
1721223000,5.4,5.4375,5.3975,5.425
1721224800,5.425,5.44,5.415,5.43
1721226600,5.43,5.455,5.415,5.455
1721228400,5.45,5.45,5.45,5.45
1721284200,5.4875,5.4875,5.4875,5.4875
1721286000,5.49,5.525,5.47,5.4925
1721287800,5.49,5.51,5.4825,5.5
1721289600,5.5,5.5075,5.4825,5.4825
1721291400,5.4825,5.5075,5.48,5.4975
1721293200,5.4975,5.5375,5.49,5.525
1721295000,5.525,5.5525,5.51,5.525
1721296800,5.5225,5.5475,5.51,5.54
1721298600,5.54,5.545,5.5225,5.53
1721300400,5.53,5.535,5.52,5.525
1721302200,5.525,5.5425,5.5175,5.54
1721304000,5.5375,5.5425,5.515,5.5225
1721305800,5.52,5.5325,5.51,5.52
1721307600,5.52,5.52,5.4925,5.5075
1721309400,5.5075,5.565,5.5025,5.5475
1721311200,5.55,5.6,5.535,5.56
1721313000,5.5625,5.5775,5.4925,5.5075
1721314800,5.5075,5.5075,5.5075,5.5075
1721370600,5.4925,5.4925,5.4925,5.4925
1721372400,5.49,5.575,5.4775,5.565
1721374200,5.5675,5.6525,5.5625,5.63
1721376000,5.6325,5.6575,5.605,5.6125
1721377800,5.6125,5.6475,5.61,5.635
1721379600,5.635,5.6825,5.6275,5.6725
1721381400,5.675,5.7025,5.6625,5.6825
1721383200,5.68,5.7225,5.67,5.6925
1721385000,5.6925,5.7375,5.69,5.7025
1721386800,5.7025,5.76,5.6875,5.7375
1721388600,5.7375,5.755,5.705,5.7125
1721390400,5.71,5.7625,5.69,5.7525
1721392200,5.755,5.755,5.7175,5.7275
1721394000,5.7275,5.765,5.705,5.7375
1721395800,5.7375,5.78,5.7225,5.7425
1721397600,5.745,5.7575,5.7025,5.715
1721399400,5.7125,5.7675,5.71,5.74
1721401200,5.7425,5.745,5.74,5.745
1721629800,5.8,5.8,5.8,5.8
1721631600,5.8,5.8025,5.7225,5.76
1721633400,5.76,5.7675,5.725,5.74
1721635200,5.7425,5.8025,5.73,5.7925
1721637000,5.7925,5.8675,5.785,5.795
1721638800,5.7925,5.8,5.765,5.775
1721640600,5.775,5.81,5.7725,5.7925
1721642400,5.79,5.8125,5.7775,5.7925
1721644200,5.79,5.7925,5.7475,5.755
1721646000,5.755,5.7725,5.72,5.7325
1721647800,5.7325,5.74,5.7225,5.73
1721649600,5.73,5.75,5.7125,5.7425
1721651400,5.7425,5.7675,5.7375,5.76
1721653200,5.7575,5.77,5.75,5.7575
1721655000,5.755,5.7575,5.7275,5.7375
1721656800,5.7375,5.74,5.6725,5.675
1721658600,5.675,5.6975,5.645,5.6525
1721660400,5.655,5.655,5.655,5.655
1721716200,5.66,5.66,5.66,5.66
1721718000,5.6575,5.685,5.615,5.6325
1721719800,5.635,5.655,5.5975,5.6025
1721721600,5.6,5.655,5.5975,5.6525
1721723400,5.655,5.67,5.6325,5.665
1721725200,5.665,5.6775,5.6475,5.6675
1721727000,5.6675,5.71,5.6525,5.66
1721728800,5.6575,5.6825,5.6575,5.68
1721730600,5.68,5.775,5.67,5.76
1721732400,5.7625,5.795,5.73,5.7925
1721734200,5.7925,5.8075,5.765,5.775
1721736000,5.7725,5.8,5.7375,5.75
1721737800,5.7475,5.7525,5.735,5.7375
1721739600,5.74,5.75,5.7175,5.7375
1721741400,5.7375,5.7625,5.7225,5.7475
1721743200,5.75,5.7625,5.72,5.7275
1721745000,5.73,5.7425,5.6925,5.705
1721746800,5.7125,5.7125,5.7125,5.7125
1721802600,5.7125,5.7125,5.7125,5.7125
1721804400,5.7125,5.795,5.6975,5.76
1721806200,5.7575,5.7575,5.7025,5.725
1721808000,5.72,5.755,5.705,5.7125
1721809800,5.7125,5.7225,5.6825,5.685
1721811600,5.6875,5.735,5.675,5.7275
1721813400,5.73,5.7525,5.715,5.745
1721815200,5.745,5.7825,5.7375,5.7725
1721817000,5.775,5.8425,5.77,5.84
1721818800,5.84,5.8475,5.8075,5.81
1721820600,5.81,5.83,5.7925,5.8125
1721822400,5.815,5.8275,5.8075,5.8175
1721824200,5.8175,5.885,5.8,5.86
1721826000,5.8575,5.8675,5.8225,5.84
1721827800,5.8425,5.86,5.8325,5.8375
1721829600,5.84,5.8475,5.805,5.83
1721831400,5.8325,5.8375,5.785,5.8125
1721833200,5.8075,5.8075,5.8075,5.8075
1721889000,5.8275,5.8275,5.8275,5.8275
1721890800,5.8275,5.9125,5.815,5.9
1721892600,5.8975,5.95,5.8725,5.9075
1721894400,5.9075,5.9075,5.865,5.895
1721896200,5.8925,5.8975,5.875,5.8775
1721898000,5.88,5.88,5.8425,5.8625
1721899800,5.86,5.8625,5.8075,5.835
1721901600,5.8325,5.875,5.825,5.8525
1721903400,5.855,5.8675,5.8525,5.8625
1721905200,5.8625,5.8675,5.8475,5.85
1721907000,5.85,5.885,5.82,5.87
1721908800,5.87,5.8725,5.8225,5.8425
1721910600,5.84,5.865,5.84,5.8525
1721912400,5.85,5.8575,5.795,5.8025
1721914200,5.8025,5.805,5.7375,5.745
1721916000,5.745,5.77,5.7075,5.72
1721917800,5.7175,5.7375,5.685,5.7075
1721919600,5.7,5.7,5.7,5.7
1721975400,5.68,5.68,5.68,5.68
1721977200,5.6775,5.7175,5.6625,5.6825
1721979000,5.68,5.77,5.665,5.75
1721980800,5.7525,5.76,5.7375,5.75
1721982600,5.7475,5.7475,5.7025,5.73
1721984400,5.7325,5.76,5.73,5.745
1721986200,5.745,5.745,5.71,5.72
1721988000,5.72,5.7425,5.71,5.7425
1721989800,5.74,5.7675,5.735,5.7375
1721991600,5.74,5.7525,5.735,5.74
1721993400,5.7425,5.755,5.7275,5.7375
1721995200,5.7375,5.805,5.7275,5.7675
1721997000,5.7675,5.7725,5.73,5.7375
1721998800,5.735,5.78,5.7325,5.7425
1722000600,5.745,5.745,5.7175,5.7275
1722002400,5.725,5.7325,5.6925,5.7
1722004200,5.7,5.7175,5.69,5.705
1722006000,5.7125,5.7125,5.7125,5.7125
1722234600,5.6825,5.6825,5.6825,5.6825
1722236400,5.6825,5.69,5.63,5.6475
1722238200,5.645,5.65,5.615,5.63
1722240000,5.63,5.6325,5.6025,5.62
1722241800,5.6225,5.635,5.6075,5.625
1722243600,5.625,5.6325,5.6125,5.6225
1722245400,5.62,5.6525,5.6125,5.6275
1722247200,5.6275,5.6425,5.61,5.63
1722249000,5.63,5.6475,5.625,5.6325
1722250800,5.6325,5.6475,5.63,5.635
1722252600,5.6325,5.64,5.6175,5.625
1722254400,5.6275,5.6375,5.6,5.625
1722256200,5.625,5.6275,5.59,5.6025
1722258000,5.6025,5.605,5.5675,5.5825
1722259800,5.5825,5.5875,5.565,5.5775
1722261600,5.5775,5.5825,5.555,5.5675
1722263400,5.5675,5.585,5.56,5.575
1722265200,5.575,5.5775,5.575,5.5775
1722321000,5.6125,5.6125,5.6125,5.6125
1722322800,5.6125,5.6525,5.6,5.6425
1722324600,5.6475,5.6625,5.6325,5.6475
1722326400,5.6475,5.655,5.6175,5.63
1722328200,5.6275,5.6375,5.6125,5.615
1722330000,5.615,5.6375,5.6075,5.6325
1722331800,5.6325,5.6575,5.6275,5.6475
1722333600,5.6475,5.65,5.6325,5.635
1722335400,5.635,5.6425,5.6225,5.64
1722337200,5.6425,5.6425,5.6225,5.63
1722339000,5.63,5.63,5.6075,5.6125
1722340800,5.6125,5.6275,5.6025,5.6225
1722342600,5.6175,5.6325,5.605,5.6175
1722344400,5.6175,5.6725,5.615,5.66
1722346200,5.66,5.6825,5.6375,5.6475
1722348000,5.6475,5.6875,5.62,5.6225
1722349800,5.62,5.65,5.6175,5.65
1722351600,5.6375,5.6375,5.6375,5.6375
1722407400,5.625,5.625,5.625,5.625
1722409200,5.625,5.645,5.5825,5.6375
1722411000,5.6375,5.6675,5.6175,5.6575
1722412800,5.66,5.6675,5.6325,5.645
1722414600,5.645,5.6475,5.6025,5.6225
1722416400,5.6225,5.6675,5.605,5.6575
1722418200,5.6575,5.7775,5.6575,5.7575
1722420000,5.7575,5.795,5.73,5.765
1722421800,5.765,5.775,5.7375,5.7425
1722423600,5.74,5.765,5.725,5.7375
1722425400,5.735,5.7475,5.72,5.745
1722427200,5.745,5.7675,5.7425,5.7575
1722429000,5.7575,5.7675,5.745,5.7575
1722430800,5.76,5.76,5.7325,5.7525
1722432600,5.7525,5.785,5.745,5.7525
1722434400,5.755,5.8025,5.7475,5.78
1722436200,5.7775,5.825,5.7675,5.815
1722438000,5.8125,5.8125,5.8125,5.8125
1722493800,5.8675,5.8675,5.8675,5.8675
1722495600,5.8675,5.885,5.765,5.7675
1722497400,5.7675,5.8175,5.7575,5.8
1722499200,5.8,5.8925,5.785,5.8925
1722501000,5.8875,5.94,5.8725,5.925
1722502800,5.9225,5.9425,5.8875,5.915
1722504600,5.915,5.94,5.9,5.9325
1722506400,5.9325,5.975,5.895,5.935
1722508200,5.9325,5.9425,5.9,5.9225
1722510000,5.9225,5.9325,5.8975,5.9225
1722511800,5.92,5.9225,5.9075,5.9125
1722513600,5.9125,5.94,5.905,5.94
1722515400,5.9375,5.9825,5.92,5.9325
1722517200,5.9325,5.9375,5.8475,5.89
1722519000,5.8875,5.89,5.8425,5.8575
1722520800,5.8575,5.895,5.855,5.88
1722522600,5.88,5.89,5.85,5.86
1722524400,5.875,5.875,5.875,5.875
1722580200,5.75,5.75,5.75,5.75
1722582000,5.75,5.8775,5.74,5.855
1722583800,5.8575,5.9125,5.835,5.89
1722585600,5.89,5.89,5.8525,5.86
1722587400,5.86,5.895,5.8525,5.8775
1722589200,5.8775,5.95,5.87,5.9375
1722591000,5.9375,5.9425,5.9,5.9075
1722592800,5.9075,5.9125,5.8875,5.8925
1722594600,5.895,5.945,5.885,5.935
1722596400,5.93,5.935,5.7725,5.7875
1722598200,5.785,5.8125,5.7575,5.76
1722600000,5.76,5.8125,5.7475,5.8075
1722601800,5.8075,5.81,5.775,5.7825
1722603600,5.785,5.8425,5.77,5.8325
1722605400,5.8325,5.8325,5.7625,5.775
1722607200,5.7775,5.795,5.7175,5.7475
1722609000,5.745,5.845,5.735,5.8375
1722610800,5.83,5.83,5.83,5.83
1722839400,5.5375,5.5375,5.5375,5.5375
1722841200,5.5375,5.5375,5.5375,5.5375
1722843000,5.5325,5.645,5.525,5.62
1722844800,5.62,5.65,5.5025,5.5225
1722846600,5.5225,5.575,5.5075,5.5625
1722848400,5.5625,5.565,5.5175,5.53
1722850200,5.5275,5.5425,5.5025,5.525
1722852000,5.525,5.525,5.425,5.4375
1722853800,5.4375,5.45,5.36,5.3675
1722855600,5.37,5.39,5.34,5.365
1722857400,5.365,5.39,5.35,5.3575
1722859200,5.36,5.3625,5.3125,5.345
1722861000,5.3425,5.345,5.2575,5.29
1722862800,5.29,5.3825,5.2825,5.3275
1722864600,5.3275,5.38,5.305,5.375
1722866400,5.3725,5.405,5.3525,5.3575
1722868200,5.3575,5.3625,5.2875,5.2975
1722870000,5.3025,5.3025,5.3025,5.3025
1722925800,5.4475,5.4475,5.4475,5.4475
1722927600,5.45,5.4675,5.4,5.4175
1722929400,5.42,5.44,5.4,5.4
1722931200,5.4025,5.4175,5.39,5.4075
1722933000,5.405,5.415,5.3975,5.4025
1722934800,5.4025,5.4325,5.3675,5.42
1722936600,5.4175,5.4325,5.395,5.42
1722938400,5.42,5.425,5.405,5.4175
1722940200,5.4175,5.4275,5.39,5.41
1722942000,5.4075,5.4275,5.405,5.4175
1722943800,5.4175,5.42,5.4025,5.415
1722945600,5.4175,5.42,5.4,5.4075
1722947400,5.4075,5.41,5.37,5.375
1722949200,5.375,5.3825,5.3175,5.3225
1722951000,5.3225,5.3225,5.265,5.2975
1722952800,5.295,5.3325,5.2825,5.3
1722954600,5.3,5.31,5.2525,5.2525
1722956400,5.255,5.255,5.255,5.255
1723012200,5.295,5.295,5.295,5.295
1723014000,5.2975,5.32,5.2625,5.2825
1723015800,5.2825,5.33,5.2775,5.3275
1723017600,5.33,5.3375,5.3,5.32
1723019400,5.3175,5.3625,5.3075,5.3425
1723021200,5.345,5.38,5.335,5.375
1723023000,5.3775,5.385,5.36,5.37
1723024800,5.3725,5.4025,5.3675,5.3925
1723026600,5.3925,5.3975,5.3475,5.3725
1723028400,5.3675,5.425,5.3675,5.4
1723030200,5.4,5.4025,5.3625,5.365
1723032000,5.365,5.3725,5.3225,5.3325
1723033800,5.3325,5.35,5.305,5.3325
1723035600,5.335,5.3425,5.32,5.335
1723037400,5.3375,5.3575,5.3075,5.34
1723039200,5.34,5.4525,5.33,5.425
1723041000,5.4225,5.4825,5.405,5.4825
1723042800,5.4825,5.4825,5.4825,5.4825
1723098600,5.51,5.51,5.51,5.51
1723100400,5.5125,5.6475,5.5025,5.605
1723102200,5.605,5.64,5.585,5.64
1723104000,5.64,5.6575,5.62,5.6425
1723105800,5.6425,5.6475,5.6175,5.6225
1723107600,5.6225,5.63,5.6025,5.6225
1723109400,5.6225,5.675,5.615,5.6675
1723111200,5.665,5.7,5.6625,5.6775
1723113000,5.6775,5.6975,5.655,5.665
1723114800,5.665,5.675,5.6475,5.6675
1723116600,5.6675,5.7275,5.66,5.695
1723118400,5.695,5.7275,5.685,5.6925
1723120200,5.69,5.7625,5.69,5.755
1723122000,5.755,5.765,5.715,5.73
1723123800,5.7275,5.7475,5.715,5.745
1723125600,5.7425,5.7825,5.725,5.78
1723127400,5.78,5.785,5.715,5.75
1723129200,5.7375,5.7375,5.7375,5.7375
1723185000,5.625,5.625,5.625,5.625
1723186800,5.625,5.7575,5.6,5.7125
1723188600,5.715,5.7375,5.6575,5.6625
1723190400,5.665,5.6725,5.5925,5.5975
1723192200,5.5975,5.63,5.585,5.6125
1723194000,5.61,5.62,5.575,5.595
1723195800,5.595,5.595,5.4975,5.5125
1723197600,5.5125,5.545,5.505,5.5375
1723199400,5.54,5.565,5.5225,5.525
1723201200,5.5275,5.5425,5.51,5.52
1723203000,5.52,5.535,5.505,5.535
1723204800,5.535,5.5425,5.5075,5.51
1723206600,5.51,5.515,5.485,5.505
1723208400,5.505,5.595,5.4975,5.555
1723210200,5.555,5.58,5.53,5.56
1723212000,5.5625,5.6025,5.5475,5.5675
1723213800,5.5675,5.5675,5.5025,5.5125
1723215600,5.49,5.49,5.49,5.49
1723444200,5.6,5.6,5.6,5.6
1723446000,5.61,5.95,5.59,5.89
1723447800,5.89,5.9,5.71,5.8
1723449600,5.8,5.9,5.79,5.87
1723451400,5.87,5.87,5.74,5.77
1723453200,5.77,5.8,5.74,5.76
1723455000,5.76,5.79,5.71,5.77
1723456800,5.77,5.79,5.76,5.77
1723458600,5.78,5.82,5.76,5.77
1723460400,5.77,5.79,5.68,5.7
1723462200,5.69,5.77,5.68,5.75
1723464000,5.74,5.75,5.67,5.71
1723465800,5.71,5.73,5.69,5.7
1723467600,5.71,5.75,5.69,5.73
1723469400,5.73,5.74,5.6,5.61
1723471200,5.61,5.65,5.57,5.64
1723473000,5.64,5.64,5.51,5.55
1723474800,5.55,5.55,5.54,5.54
1723530600,5.54,5.54,5.54,5.54
1723532400,5.54,5.62,5.49,5.52
1723534200,5.52,5.52,5.47,5.48
1723536000,5.48,5.49,5.39,5.41
1723537800,5.41,5.46,5.4,5.44
1723539600,5.44,5.45,5.42,5.42
1723541400,5.42,5.46,5.41,5.42
1723543200,5.42,5.43,5.37,5.4
1723545000,5.4,5.41,5.38,5.38
1723546800,5.38,5.42,5.37,5.37
1723548600,5.38,5.38,5.32,5.35
1723550400,5.35,5.35,5.3,5.32
1723552200,5.32,5.35,5.31,5.34
1723554000,5.34,5.34,5.27,5.28
1723555800,5.28,5.31,5.27,5.31
1723557600,5.3,5.36,5.27,5.33
1723559400,5.33,5.39,5.3,5.37
1723561200,5.37,5.37,5.37,5.37
1723617000,5.39,5.39,5.39,5.39
1723618800,5.39,5.4,5.32,5.35
1723620600,5.35,5.39,5.33,5.35
1723622400,5.34,5.35,5.26,5.29
1723624200,5.28,5.3,5.26,5.27
1723626000,5.26,5.3,5.26,5.28
1723627800,5.29,5.3,5.27,5.28
1723629600,5.28,5.29,5.25,5.25
1723631400,5.25,5.28,5.25,5.26
1723633200,5.27,5.27,5.25,5.27
1723635000,5.26,5.28,5.25,5.28
1723636800,5.28,5.31,5.27,5.29
1723638600,5.29,5.31,5.25,5.26
1723640400,5.26,5.26,5.23,5.24
1723642200,5.24,5.25,5.17,5.19
1723644000,5.19,5.2,5.15,5.18
1723645800,5.18,5.19,5.14,5.15
1723647600,5.11,5.11,5.11,5.11
1723703400,5.15,5.15,5.15,5.15
1723705200,5.15,5.18,5.06,5.15
1723707000,5.14,5.22,5.12,5.17
1723708800,5.16,5.3,5.15,5.22
1723710600,5.21,5.24,5.18,5.21
1723712400,5.21,5.24,5.16,5.16
1723714200,5.17,5.18,5.15,5.17
1723716000,5.17,5.18,5.15,5.18
1723717800,5.18,5.21,5.17,5.19
1723719600,5.2,5.22,5.18,5.2
1723721400,5.21,5.21,5.17,5.18
1723723200,5.17,5.19,5.16,5.17
1723725000,5.16,5.24,5.16,5.24
1723726800,5.24,5.25,5.21,5.23
1723728600,5.24,5.24,5.2,5.22
1723730400,5.22,5.22,5.18,5.22
1723732200,5.22,5.33,5.18,5.32
1723734000,5.25,5.25,5.25,5.25
1723789800,5.27,5.27,5.27,5.27
1723791600,5.27,5.3,5.22,5.23
1723793400,5.22,5.24,5.2,5.2
1723795200,5.2,5.21,5.18,5.2
1723797000,5.2,5.21,5.19,5.21
1723798800,5.21,5.21,5.19,5.2
1723800600,5.2,5.2,5.18,5.19
1723802400,5.19,5.2,5.17,5.18
1723804200,5.18,5.18,5.14,5.16
1723806000,5.16,5.16,5.14,5.15
1723807800,5.15,5.16,5.14,5.14
1723809600,5.15,5.19,5.14,5.19
1723811400,5.18,5.18,5.15,5.17
1723813200,5.17,5.17,5.14,5.14
1723815000,5.14,5.15,5.09,5.1
1723816800,5.1,5.13,5.08,5.11
1723818600,5.11,5.11,5.05,5.06
1723820400,5.06,5.06,5.06,5.06
1724049000,5.08,5.08,5.08,5.08
1724050800,5.08,5.12,4.94,4.97
1724052600,4.97,5.03,4.96,5
1724054400,5,5.01,4.95,5
1724056200,5,5.02,4.97,5.01
1724058000,5.01,5.11,4.99,5.07
1724059800,5.07,5.08,5.05,5.07
1724061600,5.07,5.08,5.06,5.07
1724063400,5.07,5.1,5.05,5.06
1724065200,5.06,5.1,5.05,5.1
1724067000,5.1,5.1,5.07,5.08
1724068800,5.08,5.11,5.07,5.1
1724070600,5.09,5.11,5.06,5.07
1724072400,5.08,5.11,5.07,5.1
1724074200,5.1,5.11,5.07,5.07
1724076000,5.08,5.09,5.04,5.06
1724077800,5.06,5.16,5.05,5.11
1724079600,5.11,5.11,5.11,5.11
1724135400,5.11,5.11,5.11,5.11
1724137200,5.1,5.17,5.07,5.16
1724139000,5.16,5.2,5.14,5.16
1724140800,5.15,5.17,5.12,5.15
1724142600,5.15,5.17,5.13,5.16
1724144400,5.15,5.16,5.14,5.16
1724146200,5.15,5.16,5.13,5.14
1724148000,5.14,5.15,5.12,5.14
1724149800,5.14,5.15,5.13,5.14
1724151600,5.13,5.16,5.11,5.12
1724153400,5.12,5.13,5.08,5.09
1724155200,5.09,5.09,5.04,5.06
1724157000,5.06,5.09,5.03,5.08
1724158800,5.08,5.1,5.07,5.07
1724160600,5.07,5.09,5.05,5.07
1724162400,5.07,5.08,5.06,5.08
1724164200,5.08,5.12,5.07,5.1
1724166000,5.09,5.09,5.09,5.09
1724221800,5.1,5.1,5.1,5.1
1724223600,5.11,5.17,5.08,5.14
1724225400,5.14,5.16,5.13,5.14
1724227200,5.14,5.15,5.11,5.12
1724229000,5.12,5.15,5.11,5.14
1724230800,5.14,5.15,5.12,5.13
1724232600,5.13,5.13,5.11,5.12
1724234400,5.12,5.13,5.11,5.12
1724236200,5.12,5.13,5.1,5.1
1724238000,5.1,5.12,5.08,5.11
1724239800,5.11,5.11,5.09,5.11
1724241600,5.1,5.1,5.08,5.1
1724243400,5.1,5.1,5.07,5.1
1724245200,5.1,5.1,5.05,5.07
1724247000,5.06,5.07,5.05,5.07
1724248800,5.07,5.09,5.03,5.05
1724250600,5.05,5.05,5.03,5.04
1724252400,5.03,5.03,5.03,5.03
1724308200,5.06,5.06,5.06,5.06
1724310000,5.06,5.08,5.05,5.07
1724311800,5.06,5.07,5.03,5.05
1724313600,5.04,5.06,5.03,5.03
1724315400,5.04,5.04,4.98,5
1724317200,5,5.01,4.99,5.01
1724319000,5.01,5.02,5,5.01
1724320800,5.02,5.03,5,5
1724322600,5.01,5.02,5,5.02
1724324400,5.02,5.02,5,5.02
1724326200,5.02,5.03,5,5.02
1724328000,5.02,5.03,4.99,5
1724329800,5,5,4.99,4.99
1724331600,5,5.01,4.98,5.01
1724333400,5.01,5.01,4.99,4.99
1724335200,4.99,5.02,4.98,4.99
1724337000,4.99,4.99,4.96,4.97
1724338800,4.96,4.96,4.96,4.96
1724394600,4.97,4.97,4.97,4.97
1724396400,4.97,4.99,4.92,4.94
1724398200,4.94,4.95,4.88,4.89
1724400000,4.89,4.89,4.85,4.87
1724401800,4.87,4.89,4.86,4.88
1724403600,4.87,4.89,4.86,4.88
1724405400,4.87,4.88,4.84,4.86
1724407200,4.85,4.86,4.85,4.86
1724409000,4.86,4.87,4.85,4.87
1724410800,4.87,4.87,4.83,4.85
1724412600,4.86,4.86,4.81,4.82
1724414400,4.81,4.84,4.81,4.81
1724416200,4.82,4.84,4.8,4.84
1724418000,4.84,4.85,4.82,4.84
1724419800,4.84,4.84,4.82,4.84
1724421600,4.84,4.86,4.81,4.82
1724423400,4.81,4.82,4.73,4.73
1724425200,4.72,4.72,4.72,4.72
1724653800,4.82,4.82,4.82,4.82
1724655600,4.83,4.89,4.75,4.84
1724657400,4.84,4.85,4.76,4.77
1724659200,4.76,4.78,4.72,4.73
1724661000,4.73,4.82,4.73,4.79
1724662800,4.78,4.79,4.76,4.78
1724664600,4.78,4.79,4.75,4.76
1724666400,4.76,4.77,4.75,4.75
1724668200,4.76,4.78,4.75,4.76
1724670000,4.77,4.77,4.75,4.76
1724671800,4.75,4.76,4.73,4.75
1724673600,4.75,4.78,4.74,4.75
1724675400,4.75,4.77,4.74,4.75
1724677200,4.75,4.77,4.73,4.76
1724679000,4.76,4.76,4.72,4.73
1724680800,4.73,4.73,4.61,4.62
1724682600,4.62,4.62,4.56,4.58
1724684400,4.56,4.56,4.56,4.56
1724740200,4.55,4.55,4.55,4.55
1724742000,4.56,4.61,4.54,4.59
1724743800,4.59,4.59,4.53,4.55
1724745600,4.55,4.58,4.54,4.55
1724747400,4.55,4.59,4.55,4.58
1724749200,4.58,4.59,4.55,4.57
1724751000,4.56,4.67,4.56,4.63
1724752800,4.62,4.64,4.58,4.61
1724754600,4.61,4.61,4.59,4.61
1724756400,4.61,4.62,4.58,4.61
1724758200,4.61,4.64,4.6,4.61
1724760000,4.61,4.66,4.6,4.63
1724761800,4.62,4.64,4.59,4.61
1724763600,4.61,4.62,4.57,4.61
1724765400,4.61,4.62,4.57,4.59
1724767200,4.59,4.61,4.57,4.61
1724769000,4.61,4.63,4.59,4.62
1724770800,4.62,4.63,4.62,4.63
1724826600,4.65,4.65,4.65,4.65
1724828400,4.65,4.67,4.57,4.61
1724830200,4.61,4.69,4.6,4.66
1724832000,4.67,4.68,4.65,4.66
1724833800,4.66,4.67,4.62,4.65
1724835600,4.65,4.67,4.64,4.65
1724837400,4.65,4.66,4.64,4.64
1724839200,4.64,4.66,4.64,4.66
1724841000,4.66,4.66,4.63,4.64
1724842800,4.64,4.67,4.63,4.65
1724844600,4.65,4.68,4.64,4.68
1724846400,4.68,4.68,4.63,4.64
1724848200,4.64,4.65,4.63,4.65
1724850000,4.65,4.66,4.63,4.64
1724851800,4.64,4.67,4.64,4.65
1724853600,4.65,4.66,4.63,4.64
1724855400,4.65,4.68,4.64,4.65
1724857200,4.65,4.65,4.64,4.64
1724913000,4.66,4.66,4.66,4.66
1724914800,4.65,4.9,4.65,4.85
1724916600,4.85,4.86,4.8,4.83
1724918400,4.83,4.89,4.8,4.8
1724920200,4.8,4.82,4.77,4.77
1724922000,4.78,4.82,4.77,4.8
1724923800,4.8,4.8,4.78,4.79
1724925600,4.78,4.8,4.78,4.8
1724927400,4.8,4.84,4.79,4.82
1724929200,4.82,4.84,4.81,4.84
1724931000,4.84,4.86,4.82,4.84
1724932800,4.84,4.93,4.84,4.92
1724934600,4.92,5,4.89,4.98
1724936400,4.98,5,4.94,4.97
1724938200,4.98,5.08,4.97,5.02
1724940000,5.03,5.05,4.97,5
1724941800,5,5,4.94,4.96
1724943600,4.96,4.96,4.92,4.92
1725258600,4.92,4.92,4.92,4.92
1725260400,4.92,5.01,4.91,4.93
1725262200,4.92,5.03,4.92,4.97
1725264000,4.98,5,4.96,4.99
1725265800,4.99,4.99,4.96,4.97
1725267600,4.97,5.02,4.97,5.01
1725269400,5.01,5.01,4.98,5
1725271200,5,5,4.97,4.98
1725273000,4.97,4.99,4.96,4.96
1725274800,4.97,4.98,4.96,4.98
1725276600,4.97,4.98,4.96,4.96
1725278400,4.97,4.98,4.95,4.97
1725280200,4.97,4.98,4.95,4.97
1725282000,4.96,4.97,4.92,4.94
1725283800,4.94,4.95,4.92,4.93
1725285600,4.92,4.98,4.92,4.96
1725287400,4.96,4.98,4.94,4.98
1725289200,4.98,4.98,4.98,4.98
1725345000,5,5,5,5
1725346800,4.99,5.05,4.96,5.01
1725348600,5.01,5.03,4.96,4.99
1725350400,4.99,5.01,4.98,4.99
1725352200,4.98,4.99,4.97,4.98
1725354000,4.98,4.99,4.94,4.98
1725355800,4.98,4.99,4.97,4.98
1725357600,4.97,4.99,4.97,4.99
1725359400,4.99,4.99,4.96,4.98
1725361200,4.98,4.99,4.94,4.95
1725363000,4.94,4.96,4.94,4.95
1725364800,4.95,4.96,4.93,4.94
1725366600,4.95,4.95,4.93,4.95
1725368400,4.94,4.96,4.94,4.95
1725370200,4.95,4.96,4.92,4.92
1725372000,4.93,4.95,4.91,4.95
1725373800,4.94,4.95,4.92,4.94
1725375600,4.93,4.93,4.93,4.93
1725431400,4.88,4.88,4.88,4.88
1725433200,4.89,4.9,4.84,4.86
1725435000,4.86,4.88,4.84,4.88
1725436800,4.87,4.9,4.85,4.87
1725438600,4.86,4.87,4.85,4.87
1725440400,4.86,4.96,4.85,4.89
1725442200,4.89,4.89,4.81,4.83
1725444000,4.83,4.83,4.82,4.83
1725445800,4.83,4.83,4.81,4.83
1725447600,4.83,4.83,4.77,4.78
1725449400,4.78,4.8,4.78,4.79
1725451200,4.8,4.8,4.78,4.79
1725453000,4.79,4.79,4.75,4.77
1725454800,4.77,4.79,4.75,4.78
1725456600,4.78,4.79,4.77,4.78
1725458400,4.78,4.78,4.75,4.77
1725460200,4.77,4.85,4.76,4.84
1725462000,4.85,4.85,4.85,4.85
1725517800,4.88,4.88,4.88,4.88
1725519600,4.87,4.93,4.86,4.87
1725521400,4.87,4.88,4.81,4.83
1725523200,4.84,4.86,4.83,4.85
1725525000,4.86,4.88,4.84,4.86
1725526800,4.87,4.89,4.85,4.88
1725528600,4.89,4.91,4.88,4.88
1725530400,4.89,4.9,4.86,4.88
1725532200,4.88,4.88,4.85,4.86
1725534000,4.86,4.86,4.81,4.82
1725535800,4.81,4.83,4.81,4.83
1725537600,4.83,4.85,4.81,4.84
1725539400,4.84,4.86,4.82,4.85
1725541200,4.84,4.85,4.82,4.83
1725543000,4.83,4.84,4.8,4.82
1725544800,4.81,4.83,4.8,4.81
1725546600,4.81,4.86,4.78,4.84
1725548400,4.82,4.82,4.82,4.82
1725604200,4.82,4.82,4.82,4.82
1725606000,4.82,4.82,4.78,4.8
1725607800,4.79,4.81,4.78,4.79
1725609600,4.78,4.8,4.77,4.79
1725611400,4.79,4.81,4.78,4.81
1725613200,4.81,4.81,4.79,4.81
1725615000,4.81,4.81,4.78,4.79
1725616800,4.79,4.79,4.77,4.79
1725618600,4.79,4.8,4.77,4.79
1725620400,4.78,4.79,4.77,4.78
1725622200,4.78,4.78,4.75,4.76
1725624000,4.76,4.79,4.76,4.79
1725625800,4.79,4.81,4.77,4.78
1725627600,4.78,4.78,4.76,4.77
1725629400,4.77,4.77,4.74,4.75
1725631200,4.75,4.76,4.73,4.74
1725633000,4.74,4.74,4.69,4.7
1725634800,4.71,4.71,4.69,4.69
1725863400,4.7,4.7,4.7,4.7
1725865200,4.69,4.72,4.65,4.67
1725867000,4.68,4.69,4.67,4.69
1725868800,4.69,4.69,4.66,4.66
1725870600,4.67,4.69,4.66,4.68
1725872400,4.68,4.68,4.67,4.68
1725874200,4.68,4.68,4.66,4.67
1725876000,4.67,4.68,4.66,4.67
1725877800,4.67,4.67,4.66,4.67
1725879600,4.67,4.67,4.64,4.64
1725881400,4.64,4.66,4.64,4.65
1725883200,4.65,4.65,4.62,4.64
1725885000,4.63,4.65,4.63,4.64
1725886800,4.64,4.64,4.62,4.64
1725888600,4.64,4.64,4.62,4.63
1725890400,4.64,4.65,4.58,4.61
1725892200,4.61,4.61,4.55,4.56
1725894000,4.55,4.55,4.55,4.55
1725949800,4.57,4.57,4.57,4.57
1725951600,4.57,4.58,4.53,4.56
1725953400,4.55,4.57,4.54,4.57
1725955200,4.57,4.57,4.48,4.52
1725957000,4.52,4.52,4.48,4.48
1725958800,4.48,4.48,4.44,4.46
1725960600,4.46,4.48,4.45,4.48
1725962400,4.48,4.48,4.46,4.47
1725964200,4.46,4.47,4.43,4.45
1725966000,4.45,4.45,4.41,4.43
1725967800,4.43,4.44,4.42,4.44
1725969600,4.44,4.44,4.42,4.43
1725971400,4.43,4.43,4.37,4.4
1725973200,4.41,4.43,4.39,4.42
1725975000,4.42,4.43,4.39,4.42
1725976800,4.42,4.45,4.4,4.43
1725978600,4.43,4.44,4.4,4.41
1725980400,4.41,4.41,4.39,4.39
1726036200,4.39,4.39,4.39,4.39
1726038000,4.39,4.46,4.36,4.4
1726039800,4.39,4.42,4.33,4.36
1726041600,4.36,4.38,4.34,4.36
1726043400,4.36,4.36,4.32,4.32
1726045200,4.33,4.34,4.32,4.34
1726047000,4.33,4.34,4.33,4.34
1726048800,4.34,4.34,4.32,4.33
1726050600,4.33,4.33,4.3,4.31
1726052400,4.32,4.32,4.29,4.3
1726054200,4.3,4.32,4.28,4.32
1726056000,4.31,4.32,4.3,4.32
1726057800,4.32,4.32,4.3,4.32
1726059600,4.32,4.34,4.26,4.27
1726061400,4.27,4.28,4.23,4.25
1726063200,4.25,4.26,4.2,4.22
1726065000,4.22,4.24,4.19,4.2
1726066800,4.19,4.19,4.19,4.19
1726122600,4.23,4.23,4.23,4.23
1726124400,4.23,4.24,4.16,4.2
1726126200,4.19,4.22,4.18,4.2
1726128000,4.2,4.22,4.19,4.2
1726129800,4.21,4.21,4.17,4.18
1726131600,4.17,4.19,4.17,4.18
1726133400,4.18,4.18,4.16,4.17
1726135200,4.16,4.17,4.13,4.14
1726137000,4.14,4.16,4.13,4.13
1726138800,4.13,4.13,4.07,4.1
1726140600,4.1,4.14,4.09,4.14
1726142400,4.14,4.2,4.13,4.18
1726144200,4.18,4.19,4.13,4.14
1726146000,4.14,4.14,4.04,4.07
1726147800,4.07,4.08,4.02,4.02
1726149600,4.05,4.1,4.03,4.08
1726151400,4.08,4.16,4.07,4.14
1726153200,4.14,4.14,4.14,4.14
1726209000,4.19,4.19,4.19,4.19
1726210800,4.2,4.31,4.19,4.25
1726212600,4.24,4.26,4.18,4.19
1726214400,4.19,4.22,4.17,4.21
1726216200,4.22,4.23,4.2,4.22
1726218000,4.21,4.23,4.19,4.2
1726219800,4.2,4.21,4.19,4.2
1726221600,4.19,4.21,4.19,4.19
1726223400,4.2,4.24,4.19,4.22
1726225200,4.22,4.26,4.21,4.25
1726227000,4.26,4.27,4.22,4.25
1726228800,4.25,4.35,4.24,4.33
1726230600,4.32,4.34,4.27,4.28
1726232400,4.28,4.32,4.27,4.31
1726234200,4.31,4.34,4.29,4.34
1726236000,4.33,4.41,4.33,4.38
1726237800,4.38,4.39,4.34,4.38
1726239600,4.37,4.37,4.37,4.37
1726468200,4.39,4.39,4.39,4.39
1726470000,4.38,4.43,4.32,4.4
1726471800,4.4,4.41,4.34,4.35
1726473600,4.35,4.35,4.31,4.33
1726475400,4.33,4.4,4.31,4.38
1726477200,4.38,4.38,4.35,4.36
1726479000,4.36,4.36,4.34,4.35
1726480800,4.34,4.37,4.34,4.35
1726482600,4.35,4.38,4.34,4.35
1726484400,4.35,4.35,4.32,4.32
1726486200,4.33,4.35,4.32,4.33
1726488000,4.34,4.34,4.31,4.32
1726489800,4.32,4.32,4.25,4.27
1726491600,4.26,4.29,4.26,4.27
1726493400,4.28,4.29,4.25,4.28
1726495200,4.28,4.3,4.27,4.29
1726497000,4.29,4.3,4.25,4.26
1726498800,4.26,4.26,4.25,4.25
1726554600,4.27,4.27,4.27,4.27
1726556400,4.28,4.31,4.26,4.31
1726558200,4.31,4.32,4.27,4.29
1726560000,4.29,4.33,4.28,4.31
1726561800,4.31,4.31,4.28,4.28
1726563600,4.29,4.3,4.28,4.29
1726565400,4.29,4.31,4.28,4.3
1726567200,4.3,4.32,4.29,4.31
1726569000,4.31,4.31,4.3,4.31
1726570800,4.31,4.31,4.29,4.3
1726572600,4.3,4.3,4.27,4.28
1726574400,4.29,4.3,4.27,4.28
1726576200,4.28,4.28,4.26,4.27
1726578000,4.27,4.28,4.26,4.27
1726579800,4.27,4.29,4.26,4.29
1726581600,4.29,4.29,4.27,4.29
1726583400,4.29,4.37,4.28,4.36
1726585200,4.36,4.36,4.32,4.32
1726641000,4.3,4.3,4.3,4.3
1726642800,4.31,4.31,4.26,4.28
1726644600,4.28,4.28,4.24,4.26
1726646400,4.26,4.27,4.23,4.25
1726648200,4.25,4.27,4.24,4.26
1726650000,4.26,4.28,4.25,4.27
1726651800,4.26,4.28,4.26,4.28
1726653600,4.28,4.28,4.26,4.27
1726655400,4.27,4.27,4.23,4.23
1726657200,4.23,4.25,4.23,4.25
1726659000,4.24,4.25,4.23,4.24
1726660800,4.23,4.25,4.22,4.24
1726662600,4.24,4.24,4.2,4.21
1726664400,4.21,4.21,4.19,4.21
1726666200,4.21,4.24,4.18,4.22
1726668000,4.22,4.23,4.17,4.21
1726669800,4.21,4.23,4.19,4.22
1726671600,4.2,4.2,4.2,4.2
1726727400,4.24,4.24,4.24,4.24
1726729200,4.24,4.27,4.23,4.24
1726731000,4.24,4.26,4.24,4.26
1726732800,4.26,4.26,4.24,4.25
1726734600,4.25,4.25,4.23,4.25
1726736400,4.25,4.25,4.24,4.25
1726738200,4.24,4.28,4.24,4.27
1726740000,4.28,4.29,4.26,4.27
1726741800,4.27,4.27,4.26,4.27
1726743600,4.27,4.28,4.24,4.27
1726745400,4.28,4.28,4.26,4.27
1726747200,4.27,4.28,4.26,4.27
1726749000,4.27,4.31,4.26,4.28
1726750800,4.27,4.3,4.27,4.3
1726752600,4.3,4.31,4.28,4.29
1726754400,4.29,4.3,4.28,4.3
1726756200,4.3,4.32,4.29,4.3
1726758000,4.31,4.31,4.31,4.31
1726813800,4.31,4.31,4.31,4.31
1726815600,4.32,4.33,4.27,4.31
1726817400,4.31,4.36,4.3,4.32
1726819200,4.33,4.33,4.31,4.32
1726821000,4.31,4.32,4.3,4.3
1726822800,4.3,4.31,4.29,4.3
1726824600,4.29,4.3,4.28,4.3
1726826400,4.3,4.3,4.29,4.3
1726828200,4.3,4.31,4.29,4.31
1726830000,4.31,4.32,4.29,4.3
1726831800,4.3,4.3,4.29,4.3
1726833600,4.3,4.3,4.29,4.3
1726835400,4.3,4.3,4.28,4.29
1726837200,4.29,4.32,4.29,4.31
1726839000,4.31,4.41,4.29,4.4
1726840800,4.4,4.55,4.4,4.47
1726842600,4.47,4.49,4.43,4.44
1726844400,4.43,4.43,4.43,4.43
1727073000,4.46,4.46,4.46,4.46
1727074800,4.46,4.54,4.45,4.47
1727076600,4.47,4.48,4.42,4.42
1727078400,4.42,4.43,4.35,4.37
1727080200,4.37,4.42,4.36,4.41
1727082000,4.4,4.41,4.38,4.39
1727083800,4.39,4.4,4.37,4.39
1727085600,4.4,4.41,4.38,4.4
1727087400,4.4,4.4,4.39,4.4
1727089200,4.39,4.43,4.39,4.42
1727091000,4.42,4.42,4.41,4.41
1727092800,4.41,4.43,4.39,4.39
1727094600,4.39,4.43,4.39,4.42
1727096400,4.43,4.45,4.41,4.42
1727098200,4.42,4.45,4.4,4.41
1727100000,4.41,4.44,4.4,4.42
1727101800,4.42,4.45,4.41,4.44
1727103600,4.44,4.44,4.44,4.44
1727159400,4.43,4.43,4.43,4.43
1727161200,4.43,4.51,4.43,4.46
1727163000,4.46,4.5,4.44,4.48
1727164800,4.48,4.52,4.47,4.51
1727166600,4.52,4.55,4.49,4.52
1727168400,4.53,4.54,4.51,4.52
1727170200,4.51,4.53,4.5,4.52
1727172000,4.51,4.53,4.5,4.5
1727173800,4.5,4.52,4.49,4.52
1727175600,4.52,4.53,4.51,4.52
1727177400,4.53,4.58,4.52,4.55
1727179200,4.55,4.56,4.54,4.55
1727181000,4.55,4.55,4.52,4.53
1727182800,4.53,4.54,4.5,4.51
1727184600,4.51,4.52,4.49,4.51
1727186400,4.51,4.51,4.46,4.49
1727188200,4.49,4.49,4.45,4.46
1727190000,4.46,4.47,4.46,4.46
1727245800,4.46,4.46,4.46,4.46
1727247600,4.45,4.47,4.43,4.46
1727249400,4.46,4.48,4.43,4.45
1727251200,4.45,4.49,4.44,4.47
1727253000,4.46,4.49,4.46,4.48
1727254800,4.48,4.49,4.46,4.47
1727256600,4.47,4.48,4.46,4.48
1727258400,4.48,4.48,4.46,4.47
1727260200,4.46,4.5,4.46,4.49
1727262000,4.49,4.5,4.48,4.5
1727263800,4.5,4.5,4.46,4.47
1727265600,4.46,4.47,4.43,4.44
1727267400,4.43,4.46,4.4,4.4
1727269200,4.4,4.42,4.38,4.4
1727271000,4.39,4.4,4.35,4.37
1727272800,4.37,4.37,4.34,4.36
1727274600,4.35,4.37,4.33,4.34
1727276400,4.34,4.34,4.33,4.33
1727332200,4.35,4.35,4.35,4.35
1727334000,4.35,4.39,4.35,4.36
1727335800,4.37,4.38,4.36,4.38
1727337600,4.38,4.39,4.37,4.39
1727339400,4.39,4.41,4.38,4.39
1727341200,4.39,4.4,4.38,4.39
1727343000,4.4,4.44,4.38,4.42
1727344800,4.42,4.43,4.41,4.41
1727346600,4.42,4.42,4.36,4.36
1727348400,4.36,4.37,4.34,4.35
1727350200,4.34,4.36,4.33,4.35
1727352000,4.35,4.35,4.26,4.27
1727353800,4.27,4.28,4.24,4.26
1727355600,4.25,4.29,4.25,4.28
1727357400,4.27,4.28,4.26,4.27
1727359200,4.27,4.27,4.22,4.25
1727361000,4.25,4.26,4.2,4.24
1727362800,4.24,4.24,4.23,4.23
1727418600,4.24,4.24,4.24,4.24
1727420400,4.25,4.28,4.23,4.28
1727422200,4.27,4.27,4.23,4.25
1727424000,4.25,4.27,4.24,4.24
1727425800,4.25,4.28,4.24,4.27
1727427600,4.27,4.27,4.25,4.25
1727429400,4.25,4.27,4.24,4.24
1727431200,4.24,4.26,4.24,4.25
1727433000,4.25,4.27,4.24,4.25
1727434800,4.25,4.25,4.22,4.25
1727436600,4.24,4.25,4.23,4.25
1727438400,4.25,4.27,4.24,4.25
1727440200,4.25,4.25,4.23,4.25
1727442000,4.24,4.26,4.23,4.24
1727443800,4.24,4.26,4.23,4.25
1727445600,4.25,4.26,4.22,4.24
1727447400,4.24,4.31,4.24,4.28
1727449200,4.28,4.28,4.28,4.28
1727677800,4.28,4.28,4.28,4.28
1727679600,4.28,4.34,4.27,4.32
1727681400,4.32,4.33,4.3,4.32
1727683200,4.32,4.33,4.28,4.29
1727685000,4.29,4.31,4.28,4.31
1727686800,4.31,4.36,4.28,4.29
1727688600,4.29,4.29,4.25,4.27
1727690400,4.27,4.28,4.27,4.28
1727692200,4.28,4.28,4.27,4.27
1727694000,4.28,4.29,4.24,4.25
1727695800,4.25,4.26,4.23,4.25
1727697600,4.25,4.26,4.23,4.24
1727699400,4.24,4.25,4.22,4.25
1727701200,4.25,4.27,4.23,4.25
1727703000,4.25,4.28,4.23,4.28
1727704800,4.28,4.29,4.26,4.28
1727706600,4.28,4.32,4.27,4.31
1727708400,4.3,4.3,4.3,4.3
1727764200,4.31,4.31,4.31,4.31
1727766000,4.31,4.36,4.27,4.28
1727767800,4.28,4.29,4.25,4.27
1727769600,4.26,4.27,4.24,4.25
1727771400,4.26,4.26,4.24,4.25
1727773200,4.26,4.26,4.23,4.24
1727775000,4.25,4.25,4.22,4.24
1727776800,4.23,4.24,4.21,4.23
1727778600,4.23,4.24,4.21,4.23
1727780400,4.24,4.24,4.23,4.24
1727782200,4.24,4.25,4.23,4.24
1727784000,4.23,4.24,4.22,4.23
1727785800,4.23,4.28,4.22,4.27
1727787600,4.27,4.28,4.25,4.27
1727789400,4.27,4.27,4.14,4.18
1727791200,4.18,4.18,4.03,4.05
1727793000,4.04,4.14,4.03,4.13
1727794800,4.12,4.14,4.12,4.14
1727850600,4.11,4.11,4.11,4.11
1727852400,4.12,4.17,4.09,4.15
1727854200,4.16,4.16,4.07,4.09
1727856000,4.08,4.11,4.08,4.1
1727857800,4.1,4.13,4.09,4.11
1727859600,4.12,4.12,4.09,4.11
1727861400,4.11,4.11,4.08,4.09
1727863200,4.09,4.1,4.08,4.1
1727865000,4.1,4.11,4.07,4.08
1727866800,4.08,4.1,4.06,4.09
1727868600,4.09,4.11,4.07,4.09
1727870400,4.1,4.12,4.09,4.11
1727872200,4.1,4.12,4.09,4.1
1727874000,4.1,4.11,4.08,4.09
1727875800,4.09,4.09,4.05,4.06
1727877600,4.05,4.06,4.03,4.06
1727879400,4.06,4.09,4.02,4.02
1727881200,4.03,4.03,4.02,4.02
1727937000,4.04,4.04,4.04,4.04
1727938800,4.04,4.09,4.03,4.09
1727940600,4.09,4.14,4.08,4.13
1727942400,4.14,4.15,4.11,4.13
1727944200,4.13,4.13,4.1,4.12
1727946000,4.12,4.15,4.11,4.14
1727947800,4.14,4.15,4.13,4.14
1727949600,4.13,4.16,4.13,4.15
1727951400,4.14,4.15,4.13,4.15
1727953200,4.15,4.18,4.13,4.16
1727955000,4.17,4.18,4.14,4.15
1727956800,4.15,4.15,4.12,4.14
1727958600,4.14,4.14,4.11,4.12
1727960400,4.12,4.13,4.1,4.11
1727962200,4.11,4.12,4.07,4.08
1727964000,4.07,4.11,4.07,4.1
1727965800,4.11,4.11,4.06,4.09
1727967600,4.09,4.09,4.09,4.09
1728023400,4.11,4.11,4.11,4.11
1728025200,4.11,4.12,4.03,4.04
1728027000,4.05,4.05,4.03,4.05
1728028800,4.04,4.09,4.04,4.05
1728030600,4.05,4.05,4.03,4.04
1728032400,4.04,4.06,4.03,4.06
1728034200,4.05,4.07,4.05,4.06
1728036000,4.07,4.08,4.04,4.07
1728037800,4.06,4.07,4.04,4.05
1728039600,4.05,4.06,4.04,4.04
1728041400,4.05,4.07,4.04,4.06
1728043200,4.07,4.07,4.04,4.05
1728045000,4.05,4.1,4.04,4.07
1728046800,4.07,4.08,4.05,4.06
1728048600,4.05,4.07,4.05,4.05
1728050400,4.06,4.15,4.05,4.14
1728052200,4.13,4.16,4.11,4.16
1728054000,4.16,4.16,4.15,4.15
1728282600,4.18,4.18,4.18,4.18
1728284400,4.17,4.18,4.13,4.17
1728286200,4.16,4.17,4.12,4.14
1728288000,4.13,4.14,4.13,4.14
1728289800,4.13,4.14,4.12,4.13
1728291600,4.12,4.13,4.11,4.12
1728293400,4.12,4.14,4.11,4.13
1728295200,4.13,4.13,4.11,4.13
1728297000,4.13,4.16,4.12,4.15
1728298800,4.15,4.16,4.13,4.14
1728300600,4.14,4.14,4.11,4.13
1728302400,4.13,4.14,4.12,4.14
1728304200,4.14,4.17,4.13,4.14
1728306000,4.13,4.15,4.13,4.15
1728307800,4.15,4.15,4.09,4.1
1728309600,4.09,4.12,4.07,4.1
1728311400,4.1,4.12,4.09,4.12
1728313200,4.12,4.12,4.12,4.12
1728369000,4.11,4.11,4.11,4.11
1728370800,4.11,4.14,4.09,4.1
1728372600,4.11,4.13,4.09,4.13
1728374400,4.13,4.13,4.11,4.13
1728376200,4.13,4.14,4.12,4.12
1728378000,4.13,4.14,4.12,4.14
1728379800,4.14,4.16,4.13,4.15
1728381600,4.15,4.17,4.14,4.16
1728383400,4.15,4.16,4.12,4.13
1728385200,4.13,4.14,4.12,4.14
1728387000,4.14,4.14,4.12,4.14
1728388800,4.14,4.17,4.13,4.17
1728390600,4.17,4.18,4.15,4.15
1728392400,4.16,4.2,4.15,4.18
1728394200,4.18,4.19,4.15,4.16
1728396000,4.16,4.16,4.11,4.12
1728397800,4.13,4.15,4.12,4.14
1728399600,4.14,4.14,4.14,4.14
1728455400,4.14,4.14,4.14,4.14
1728457200,4.13,4.15,4.11,4.12
1728459000,4.12,4.13,4.1,4.11
1728460800,4.11,4.12,4.1,4.11
1728462600,4.11,4.12,4.09,4.12
1728464400,4.11,4.12,4.1,4.12
1728466200,4.11,4.12,4.08,4.09
1728468000,4.09,4.1,4.05,4.08
1728469800,4.08,4.08,4.06,4.07
1728471600,4.07,4.08,4.06,4.07
1728473400,4.07,4.08,4.06,4.06
1728475200,4.07,4.07,4.05,4.06
1728477000,4.06,4.07,4.05,4.07
1728478800,4.07,4.07,4.03,4.07
1728480600,4.07,4.1,4.06,4.09
1728482400,4.09,4.12,4.07,4.11
1728484200,4.11,4.13,4.1,4.12
1728486000,4.11,4.11,4.11,4.11
1728541800,4.13,4.13,4.13,4.13
1728543600,4.13,4.13,4.09,4.1
1728545400,4.1,4.11,4.09,4.1
1728547200,4.09,4.1,4.07,4.08
1728549000,4.08,4.09,4.07,4.09
1728550800,4.08,4.09,4.07,4.07
1728552600,4.08,4.09,4.07,4.08
1728554400,4.08,4.08,4.06,4.07
1728556200,4.08,4.08,4.07,4.07
1728558000,4.08,4.08,4.06,4.07
1728559800,4.08,4.08,4.06,4.06
1728561600,4.07,4.07,4.03,4.04
1728563400,4.05,4.06,4.03,4.04
1728565200,4.04,4.06,4.03,4.05
1728567000,4.05,4.05,4,4.02
1728568800,4.01,4.03,4,4.03
1728570600,4.03,4.03,4,4.02
1728572400,4.02,4.02,4.02,4.02
1728628200,4.03,4.03,4.03,4.03
1728630000,4.03,4.05,4.02,4.04
1728631800,4.04,4.04,4.02,4.04
1728633600,4.04,4.07,4.03,4.05
1728635400,4.05,4.05,4.03,4.03
1728637200,4.04,4.05,4.03,4.05
1728639000,4.05,4.05,4.02,4.03
1728640800,4.03,4.03,4.02,4.03
1728642600,4.03,4.05,4.02,4.04
1728644400,4.05,4.06,4.03,4.04
1728646200,4.03,4.06,4.03,4.05
1728648000,4.04,4.05,4.02,4.02
1728649800,4.02,4.04,4.02,4.04
1728651600,4.04,4.04,3.99,4
1728653400,3.99,4.01,3.95,3.96
1728655200,3.95,3.97,3.93,3.96
1728657000,3.96,3.96,3.91,3.95
1728658800,3.95,3.95,3.93,3.93
1728887400,3.95,3.95,3.95,3.95
1728889200,3.94,3.96,3.89,3.91
1728891000,3.91,3.92,3.88,3.89
1728892800,3.88,3.9,3.87,3.88
1728894600,3.88,3.89,3.87,3.88
1728896400,3.88,3.88,3.86,3.88
1728898200,3.88,3.88,3.86,3.88
1728900000,3.88,3.88,3.85,3.87
1728901800,3.87,3.87,3.84,3.85
1728903600,3.85,3.86,3.82,3.86
1728905400,3.86,3.87,3.84,3.85
1728907200,3.85,3.86,3.83,3.84
1728909000,3.84,3.87,3.83,3.86
1728910800,3.86,3.86,3.81,3.81
1728912600,3.82,3.85,3.79,3.85
1728914400,3.84,3.86,3.81,3.81
1728916200,3.81,3.83,3.8,3.81
1728918000,3.8,3.8,3.8,3.8
1728973800,3.8,3.8,3.8,3.8
1728975600,3.81,3.83,3.77,3.81
1728977400,3.81,3.83,3.8,3.81
1728979200,3.8,3.82,3.8,3.81
1728981000,3.81,3.83,3.8,3.82
1728982800,3.82,3.83,3.8,3.82
1728984600,3.83,3.84,3.81,3.84
1728986400,3.83,3.86,3.83,3.86
1728988200,3.86,3.87,3.85,3.86
1728990000,3.85,3.86,3.84,3.85
1728991800,3.85,3.85,3.81,3.83
1728993600,3.83,3.84,3.8,3.82
1728995400,3.82,3.83,3.8,3.82
1728997200,3.82,3.84,3.81,3.83
1728999000,3.83,3.86,3.8,3.82
1729000800,3.82,3.87,3.81,3.86
1729002600,3.86,3.88,3.85,3.86
1729004400,3.87,3.87,3.87,3.87
1729060200,3.86,3.86,3.86,3.86
1729062000,3.85,3.88,3.83,3.87
1729063800,3.87,3.89,3.83,3.85
1729065600,3.85,3.85,3.81,3.82
1729067400,3.82,3.83,3.81,3.83
1729069200,3.83,3.84,3.82,3.82
1729071000,3.83,3.84,3.82,3.84
1729072800,3.84,3.84,3.82,3.83
1729074600,3.83,3.84,3.82,3.84
1729076400,3.83,3.84,3.82,3.84
1729078200,3.84,3.84,3.83,3.84
1729080000,3.84,3.85,3.82,3.83
1729081800,3.83,3.83,3.77,3.8
1729083600,3.79,3.83,3.79,3.81
1729085400,3.81,3.83,3.8,3.82
1729087200,3.83,3.84,3.81,3.84
1729089000,3.84,3.9,3.83,3.88
1729090800,3.89,3.89,3.89,3.89
1729146600,3.88,3.88,3.88,3.88
1729148400,3.88,3.93,3.88,3.91
1729150200,3.91,3.92,3.89,3.92
1729152000,3.91,3.97,3.91,3.93
1729153800,3.92,3.93,3.91,3.93
1729155600,3.93,3.93,3.91,3.92
1729157400,3.91,3.93,3.91,3.92
1729159200,3.92,3.93,3.91,3.93
1729161000,3.93,3.93,3.92,3.93
1729162800,3.93,3.95,3.9,3.94
1729164600,3.95,3.95,3.9,3.91
1729166400,3.91,3.91,3.88,3.9
1729168200,3.91,3.94,3.89,3.94
1729170000,3.94,3.95,3.92,3.95
1729171800,3.95,3.96,3.92,3.94
1729173600,3.94,3.97,3.92,3.95
1729175400,3.95,3.98,3.92,3.97
1729177200,3.97,3.97,3.97,3.97
1729233000,3.99,3.99,3.99,3.99
1729234800,3.98,4.08,3.97,4.06
1729236600,4.07,4.07,4.02,4.03
1729238400,4.03,4.04,4.02,4.02
1729240200,4.03,4.04,4.01,4.02
1729242000,4.02,4.02,3.99,4.01
1729243800,4,4.01,3.97,3.99
1729245600,3.99,3.99,3.96,3.97
1729247400,3.97,3.98,3.96,3.98
1729249200,3.97,3.99,3.97,3.97
1729251000,3.98,3.99,3.97,3.98
1729252800,3.98,4.01,3.97,3.98
1729254600,3.98,3.99,3.97,3.98
1729256400,3.99,3.99,3.94,3.96
1729258200,3.96,3.96,3.94,3.94
1729260000,3.95,3.96,3.93,3.96
1729261800,3.96,3.97,3.93,3.97
1729263600,3.97,3.97,3.95,3.95
1729492200,3.96,3.96,3.96,3.96
1729494000,3.96,3.99,3.95,3.96
1729495800,3.97,4,3.96,3.98
1729497600,3.99,4.01,3.98,4
1729499400,4,4,3.98,4
1729501200,3.99,4,3.98,3.99
1729503000,3.99,3.99,3.98,3.99
1729504800,3.99,4,3.98,3.98
1729506600,3.99,3.99,3.95,3.96
1729508400,3.97,3.97,3.93,3.94
1729510200,3.95,3.96,3.94,3.96
1729512000,3.96,3.97,3.94,3.95
1729513800,3.95,3.96,3.92,3.95
1729515600,3.95,3.96,3.94,3.94
1729517400,3.95,3.95,3.92,3.93
1729519200,3.93,3.93,3.89,3.92
1729521000,3.92,3.92,3.9,3.91
1729522800,3.9,3.9,3.9,3.9
1729578600,3.92,3.92,3.92,3.92
1729580400,3.92,3.94,3.91,3.92
1729582200,3.92,3.93,3.91,3.92
1729584000,3.92,3.94,3.89,3.93
1729585800,3.93,3.96,3.93,3.94
1729587600,3.94,3.94,3.92,3.92
1729589400,3.92,3.93,3.9,3.93
1729591200,3.93,3.93,3.9,3.92
1729593000,3.91,3.92,3.9,3.9
1729594800,3.91,3.91,3.88,3.89
1729596600,3.89,3.89,3.87,3.88
1729598400,3.89,3.96,3.88,3.96
1729600200,3.96,3.97,3.94,3.95
1729602000,3.95,4.01,3.95,3.97
1729603800,3.97,3.99,3.92,3.93
1729605600,3.93,3.97,3.92,3.97
1729607400,3.97,3.97,3.95,3.95
1729609200,3.96,3.96,3.94,3.94
1729665000,3.94,3.94,3.94,3.94
1729666800,3.93,3.96,3.92,3.93
1729668600,3.94,3.95,3.92,3.93
1729670400,3.93,3.93,3.9,3.91
1729672200,3.9,3.91,3.88,3.9
1729674000,3.9,3.91,3.89,3.9
1729675800,3.9,3.9,3.89,3.9
1729677600,3.9,3.9,3.87,3.89
1729679400,3.89,3.89,3.86,3.86
1729681200,3.87,3.88,3.85,3.88
1729683000,3.88,3.88,3.86,3.88
1729684800,3.87,3.91,3.87,3.91
1729686600,3.9,3.93,3.87,3.88
1729688400,3.88,3.88,3.8,3.82
1729690200,3.81,3.86,3.81,3.85
1729692000,3.85,3.85,3.82,3.84
1729693800,3.84,3.86,3.82,3.83
1729695600,3.83,3.83,3.82,3.82
1729751400,3.85,3.85,3.85,3.85
1729753200,3.85,3.9,3.85,3.88
1729755000,3.88,3.91,3.87,3.9
1729756800,3.9,3.91,3.88,3.88
1729758600,3.89,3.9,3.88,3.89
1729760400,3.89,3.9,3.87,3.88
1729762200,3.88,3.89,3.87,3.89
1729764000,3.88,3.9,3.88,3.9
1729765800,3.9,3.93,3.89,3.91
1729767600,3.91,3.93,3.9,3.91
1729769400,3.92,3.93,3.9,3.92
1729771200,3.93,3.94,3.92,3.93
1729773000,3.93,3.93,3.91,3.92
1729774800,3.92,3.92,3.89,3.91
1729776600,3.9,3.91,3.89,3.9
1729778400,3.9,3.91,3.87,3.89
1729780200,3.88,3.9,3.88,3.89
1729782000,3.9,3.91,3.9,3.91
1729837800,3.9,3.9,3.9,3.9
1729839600,3.9,3.91,3.88,3.89
1729841400,3.89,3.89,3.85,3.88
1729843200,3.88,3.88,3.86,3.87
1729845000,3.87,3.87,3.86,3.86
1729846800,3.86,3.88,3.86,3.87
1729848600,3.88,3.88,3.87,3.88
1729850400,3.88,3.88,3.87,3.88
1729852200,3.88,3.89,3.87,3.88
1729854000,3.88,3.88,3.87,3.88
1729855800,3.88,3.88,3.87,3.87
1729857600,3.88,3.88,3.86,3.87
1729859400,3.87,3.87,3.85,3.87
1729861200,3.87,3.87,3.85,3.87
1729863000,3.87,3.88,3.85,3.86
1729864800,3.86,3.9,3.86,3.9
1729866600,3.89,3.91,3.88,3.9
1729868400,3.91,3.91,3.91,3.91
1730097000,3.93,3.93,3.93,3.93
1730098800,3.92,3.95,3.91,3.94
1730100600,3.95,3.96,3.91,3.93
1730102400,3.92,3.94,3.92,3.93
1730104200,3.93,3.93,3.91,3.93
1730106000,3.93,3.93,3.92,3.93
1730107800,3.93,3.93,3.93,3.93
1730269800,3.94,3.94,3.94,3.94
1730271600,3.94,3.98,3.93,3.95
1730273400,3.96,3.96,3.93,3.94
1730275200,3.94,3.94,3.93,3.94
1730277000,3.94,3.95,3.93,3.94
1730278800,3.94,3.94,3.93,3.93
1730280600,3.94,3.94,3.93,3.94
1730282400,3.94,3.94,3.93,3.94
1730284200,3.94,3.94,3.93,3.94
1730286000,3.94,3.95,3.93,3.95
1730287800,3.95,3.96,3.94,3.95
1730289600,3.95,3.95,3.93,3.93
1730291400,3.94,3.95,3.93,3.95
1730293200,3.95,3.95,3.93,3.94
1730295000,3.93,3.96,3.93,3.94
1730296800,3.94,3.96,3.94,3.95
1730298600,3.95,3.95,3.93,3.95
1730300400,3.95,3.96,3.95,3.96
1730356200,3.96,3.96,3.96,3.96
1730358000,3.96,3.97,3.94,3.95
1730359800,3.95,3.95,3.94,3.95
1730361600,3.94,3.96,3.94,3.96
1730363400,3.96,3.96,3.94,3.94
1730365200,3.94,3.95,3.92,3.93
1730367000,3.93,3.93,3.91,3.92
1730368800,3.93,3.93,3.88,3.9
1730370600,3.9,3.9,3.88,3.89
1730372400,3.89,3.91,3.88,3.9
1730374200,3.9,3.9,3.89,3.9
1730376000,3.9,3.9,3.88,3.9
1730377800,3.89,3.9,3.88,3.89
1730379600,3.9,3.9,3.88,3.9
1730381400,3.9,3.9,3.88,3.88
1730383200,3.88,3.89,3.87,3.87
1730385000,3.88,3.88,3.84,3.86
1730386800,3.85,3.85,3.85,3.85
1730442600,3.86,3.86,3.86,3.86
1730444400,3.86,3.88,3.86,3.87
1730446200,3.87,3.88,3.86,3.87
1730448000,3.88,3.9,3.87,3.9
1730449800,3.9,3.91,3.89,3.91
1730451600,3.91,3.91,3.85,3.86
1730453400,3.86,3.87,3.85,3.86
1730455200,3.86,3.87,3.85,3.87
1730457000,3.87,3.88,3.85,3.88
1730458800,3.88,3.88,3.86,3.87
1730460600,3.87,3.88,3.85,3.85
1730462400,3.86,3.86,3.84,3.86
1730464200,3.86,3.88,3.85,3.87
1730466000,3.87,3.88,3.85,3.87
1730467800,3.88,3.88,3.85,3.87
1730469600,3.86,3.87,3.84,3.86
1730471400,3.86,3.87,3.85,3.86
1730473200,3.86,3.86,3.86,3.86
1730701800,3.84,3.84,3.84,3.84
1730703600,3.84,3.86,3.83,3.85
1730705400,3.84,3.85,3.82,3.83
1730707200,3.82,3.83,3.79,3.81
1730709000,3.81,3.81,3.76,3.77
1730710800,3.78,3.78,3.75,3.76
1730712600,3.76,3.78,3.75,3.77
1730714400,3.77,3.79,3.76,3.78
1730716200,3.78,3.78,3.75,3.76
1730718000,3.76,3.76,3.74,3.75
1730719800,3.75,3.75,3.73,3.73
1730721600,3.73,3.75,3.73,3.74
1730723400,3.74,3.74,3.72,3.73
1730725200,3.73,3.75,3.73,3.74
1730727000,3.74,3.74,3.71,3.72
1730728800,3.72,3.73,3.68,3.7
1730730600,3.7,3.7,3.68,3.69
1730732400,3.69,3.7,3.68,3.7
1730788200,3.72,3.72,3.72,3.72
1730790000,3.73,3.75,3.7,3.72
1730791800,3.72,3.72,3.69,3.69
1730793600,3.69,3.73,3.68,3.73
1730795400,3.73,3.73,3.71,3.71
1730797200,3.71,3.73,3.7,3.72
1730799000,3.71,3.73,3.71,3.72
1730800800,3.72,3.72,3.7,3.71
1730802600,3.71,3.71,3.69,3.71
1730804400,3.7,3.71,3.69,3.7
1730806200,3.7,3.7,3.67,3.68
1730808000,3.67,3.69,3.67,3.69
1730809800,3.69,3.69,3.67,3.69
1730811600,3.69,3.69,3.66,3.67
1730813400,3.67,3.68,3.65,3.67
1730815200,3.67,3.7,3.67,3.7
1730817000,3.69,3.71,3.68,3.69
1730818800,3.7,3.7,3.69,3.69
1730874600,3.7,3.7,3.7,3.7
1730876400,3.7,3.72,3.68,3.69
1730878200,3.69,3.7,3.67,3.69
1730880000,3.7,3.76,3.69,3.76
1730881800,3.75,3.76,3.74,3.76
1730883600,3.76,3.78,3.74,3.77
1730885400,3.76,3.79,3.76,3.78
1730887200,3.78,3.78,3.76,3.77
1730889000,3.77,3.77,3.75,3.76
1730890800,3.75,3.77,3.75,3.76
1730892600,3.76,3.76,3.73,3.75
1730894400,3.75,3.75,3.73,3.75
1730896200,3.75,3.76,3.74,3.75
1730898000,3.76,3.77,3.75,3.76
1730899800,3.76,3.77,3.74,3.75
1730901600,3.74,3.76,3.74,3.76
1730903400,3.75,3.76,3.73,3.74
1730905200,3.73,3.73,3.73,3.73
1730961000,3.73,3.73,3.73,3.73
1730962800,3.73,3.75,3.72,3.74
1730964600,3.73,3.74,3.7,3.72
1730966400,3.72,3.72,3.7,3.71
1730968200,3.71,3.72,3.7,3.7
1730970000,3.71,3.72,3.69,3.71
1730971800,3.71,3.71,3.69,3.7
1730973600,3.7,3.7,3.68,3.69
1730975400,3.69,3.7,3.68,3.7
1730977200,3.7,3.7,3.69,3.69
1730979000,3.7,3.71,3.69,3.71
1730980800,3.71,3.71,3.68,3.69
1730982600,3.68,3.7,3.67,3.68
1730984400,3.69,3.7,3.68,3.69
1730986200,3.68,3.69,3.67,3.69
1730988000,3.69,3.72,3.68,3.72
1730989800,3.72,3.77,3.71,3.77
1730991600,3.76,3.76,3.76,3.76
1731047400,3.75,3.75,3.75,3.75
1731049200,3.75,3.76,3.74,3.76
1731051000,3.76,3.79,3.75,3.77
1731052800,3.77,3.81,3.76,3.8
1731054600,3.8,3.83,3.8,3.81
1731056400,3.81,3.82,3.81,3.82
1731058200,3.82,3.83,3.81,3.81
1731060000,3.82,3.82,3.8,3.81
1731061800,3.81,3.81,3.79,3.81
1731063600,3.81,3.83,3.8,3.82
1731065400,3.82,3.84,3.81,3.84
1731067200,3.84,3.84,3.82,3.84
1731069000,3.84,3.84,3.82,3.83
1731070800,3.82,3.85,3.82,3.85
1731072600,3.85,3.85,3.83,3.85
1731074400,3.85,3.85,3.84,3.85
1731076200,3.85,3.85,3.82,3.83
1731078000,3.83,3.83,3.83,3.83
1731306600,3.88,3.88,3.88,3.88
1731308400,3.89,4.09,3.89,4.03
1731310200,4.04,4.11,4.03,4.09
1731312000,4.09,4.09,4.05,4.06
1731313800,4.07,4.09,4.06,4.07
1731315600,4.07,4.07,4.04,4.04
1731317400,4.05,4.05,4.03,4.03
1731319200,4.04,4.04,4.01,4.02
1731321000,4.01,4.02,3.99,3.99
1731322800,3.99,4.01,3.99,4
1731324600,4.01,4.02,4,4
1731326400,4.01,4.01,3.99,4
1731328200,4,4.01,3.99,4.01
1731330000,4,4.01,3.99,4
1731331800,4,4.02,3.99,4.02
1731333600,4.02,4.02,3.98,3.99
1731335400,3.98,4,3.97,4
1731337200,4,4,4,4
1731393000,3.98,3.98,3.98,3.98
1731394800,3.98,3.99,3.95,3.99
1731396600,3.99,4,3.96,3.98
1731398400,3.99,3.99,3.95,3.95
1731400200,3.96,3.96,3.94,3.96
1731402000,3.95,3.97,3.95,3.97
1731403800,3.97,3.98,3.96,3.97
1731405600,3.97,3.97,3.93,3.93
1731407400,3.93,3.94,3.91,3.92
1731409200,3.92,3.93,3.92,3.93
1731411000,3.92,3.93,3.9,3.92
1731412800,3.92,3.92,3.91,3.92
1731414600,3.92,3.93,3.91,3.92
1731416400,3.92,3.93,3.89,3.91
1731418200,3.9,3.92,3.87,3.87
1731420000,3.87,3.88,3.83,3.85
1731421800,3.85,3.86,3.83,3.84
1731423600,3.84,3.84,3.83,3.83
1731479400,3.81,3.81,3.81,3.81
1731481200,3.81,3.82,3.79,3.8
1731483000,3.8,3.81,3.79,3.8
1731484800,3.8,3.8,3.78,3.78
1731486600,3.78,3.79,3.77,3.78
1731488400,3.79,3.79,3.73,3.74
1731490200,3.74,3.75,3.72,3.74
1731492000,3.73,3.75,3.73,3.75
1731493800,3.75,3.75,3.72,3.74
1731495600,3.74,3.76,3.73,3.74
1731497400,3.74,3.75,3.73,3.75
1731499200,3.75,3.78,3.74,3.76
1731501000,3.77,3.77,3.75,3.76
1731502800,3.76,3.76,3.74,3.76
1731504600,3.76,3.81,3.75,3.8
1731506400,3.79,3.84,3.79,3.83
1731508200,3.83,3.84,3.78,3.81
1731510000,3.8,3.81,3.8,3.81
1731565800,3.85,3.85,3.85,3.85
1731567600,3.85,3.87,3.83,3.84
1731569400,3.85,3.85,3.83,3.84
1731571200,3.84,3.84,3.81,3.82
1731573000,3.82,3.83,3.81,3.81
1731574800,3.81,3.83,3.8,3.83
1731576600,3.83,3.84,3.81,3.82
1731578400,3.82,3.83,3.81,3.83
1731580200,3.83,3.83,3.82,3.83
1731582000,3.82,3.83,3.82,3.83
1731583800,3.83,3.83,3.82,3.83
1731585600,3.83,3.83,3.81,3.82
1731587400,3.82,3.82,3.8,3.82
1731589200,3.82,3.83,3.81,3.83
1731591000,3.83,3.86,3.82,3.86
1731592800,3.86,3.86,3.81,3.82
1731594600,3.83,3.85,3.82,3.84
1731596400,3.84,3.84,3.84,3.84
1731652200,3.84,3.84,3.84,3.84
1731654000,3.85,3.9,3.84,3.86
1731655800,3.87,3.9,3.86,3.89
1731657600,3.89,3.9,3.87,3.88
1731659400,3.89,3.92,3.88,3.92
1731661200,3.91,3.92,3.9,3.92
1731663000,3.91,3.92,3.91,3.92
1731664800,3.92,3.92,3.89,3.91
1731666600,3.91,3.94,3.9,3.94
1731668400,3.94,3.96,3.9,3.91
1731670200,3.91,3.91,3.88,3.89
1731672000,3.88,3.89,3.87,3.88
1731673800,3.89,3.9,3.88,3.9
1731675600,3.9,3.9,3.88,3.89
1731677400,3.89,3.89,3.87,3.89
1731679200,3.89,3.9,3.87,3.89
1731681000,3.89,3.9,3.85,3.87
1731682800,3.86,3.86,3.86,3.86
1731911400,3.89,3.89,3.89,3.89
1731913200,3.88,3.91,3.85,3.87
1731915000,3.87,3.88,3.85,3.86
1731916800,3.85,3.86,3.83,3.85
1731918600,3.84,3.85,3.83,3.84
1731920400,3.84,3.86,3.83,3.86
1731922200,3.86,3.87,3.85,3.86
1731924000,3.85,3.87,3.85,3.85
1731925800,3.85,3.86,3.85,3.86
1731927600,3.86,3.86,3.83,3.86
1731929400,3.85,3.86,3.84,3.84
1731931200,3.85,3.85,3.84,3.84
1731933000,3.85,3.86,3.84,3.85
1731934800,3.86,3.86,3.84,3.86
1731936600,3.86,3.87,3.85,3.86
1731938400,3.86,3.91,3.84,3.89
1731940200,3.89,3.9,3.86,3.88
1731942000,3.88,3.88,3.88,3.88
1731997800,3.89,3.89,3.89,3.89
1731999600,3.89,3.99,3.89,3.95
1732001400,3.95,3.96,3.91,3.91
1732003200,3.91,3.93,3.9,3.91
1732005000,3.92,3.92,3.88,3.89
1732006800,3.9,3.91,3.88,3.88
1732008600,3.89,3.89,3.84,3.85
1732010400,3.85,3.85,3.83,3.85
1732012200,3.84,3.85,3.83,3.85
1732014000,3.85,3.85,3.83,3.84
1732015800,3.84,3.84,3.83,3.84
1732017600,3.84,3.85,3.83,3.84
1732019400,3.84,3.85,3.83,3.84
1732021200,3.84,3.85,3.83,3.85
1732023000,3.84,3.85,3.8,3.82
1732024800,3.81,3.84,3.8,3.84
1732026600,3.84,3.84,3.82,3.83
1732028400,3.83,3.83,3.83,3.83
1732084200,3.85,3.85,3.85,3.85
1732086000,3.86,3.88,3.83,3.85
1732087800,3.84,3.85,3.83,3.85
1732089600,3.85,3.85,3.81,3.82
1732091400,3.82,3.85,3.81,3.84
1732093200,3.84,3.85,3.83,3.84
1732095000,3.84,3.87,3.83,3.86
1732096800,3.85,3.85,3.83,3.84
1732098600,3.83,3.89,3.82,3.85
1732100400,3.86,3.86,3.84,3.86
1732102200,3.85,3.87,3.85,3.85
1732104000,3.86,3.86,3.85,3.86
1732105800,3.86,3.87,3.85,3.86
1732107600,3.85,3.89,3.84,3.89
1732109400,3.88,3.89,3.86,3.88
1732111200,3.88,3.88,3.82,3.83
1732113000,3.83,3.83,3.77,3.81
1732114800,3.81,3.81,3.81,3.81
1732170600,3.83,3.83,3.83,3.83
1732172400,3.84,3.88,3.83,3.87
1732174200,3.87,3.88,3.84,3.85
1732176000,3.84,3.86,3.83,3.85
1732177800,3.85,3.85,3.83,3.85
1732179600,3.85,3.85,3.83,3.85
1732181400,3.85,3.85,3.83,3.84
1732183200,3.84,3.85,3.83,3.84
1732185000,3.83,3.85,3.82,3.83
1732186800,3.84,3.88,3.82,3.88
1732188600,3.87,3.89,3.86,3.87
1732190400,3.87,3.87,3.86,3.87
1732192200,3.87,3.9,3.86,3.89
1732194000,3.9,3.9,3.88,3.89
1732195800,3.88,3.91,3.88,3.9
1732197600,3.91,3.92,3.9,3.91
1732199400,3.9,3.92,3.89,3.91
1732201200,3.92,3.92,3.91,3.91
1732257000,3.9,3.9,3.9,3.9
1732258800,3.9,3.91,3.87,3.9
1732260600,3.9,4.02,3.89,4
1732262400,4,4.03,3.99,4.02
1732264200,4.02,4.03,3.98,3.99
1732266000,3.99,4,3.97,3.97
1732267800,3.97,3.98,3.96,3.98
1732269600,3.98,3.99,3.97,3.98
1732271400,3.98,3.98,3.96,3.97
1732273200,3.97,3.97,3.93,3.96
1732275000,3.96,3.96,3.92,3.93
1732276800,3.94,3.96,3.93,3.95
1732278600,3.95,3.96,3.94,3.96
1732280400,3.95,3.97,3.94,3.96
1732282200,3.96,4.01,3.96,3.97
1732284000,3.97,3.99,3.96,3.98
1732285800,3.97,4.25,3.97,4.14
1732287600,4.17,4.17,4.17,4.17
1732516200,4.2,4.2,4.2,4.2
1732518000,4.2,4.23,4.15,4.18
1732519800,4.18,4.2,4.14,4.16
1732521600,4.16,4.17,4.16,4.17
1732523400,4.17,4.17,4.14,4.15
1732525200,4.14,4.15,4.12,4.15
1732527000,4.15,4.16,4.14,4.14
1732528800,4.15,4.16,4.14,4.15
1732530600,4.15,4.18,4.14,4.17
1732532400,4.17,4.19,4.16,4.17
1732534200,4.18,4.2,4.17,4.17
1732536000,4.17,4.19,4.15,4.18
1732537800,4.18,4.19,4.16,4.18
1732539600,4.18,4.3,4.17,4.28
1732541400,4.28,4.36,4.26,4.29
1732543200,4.29,4.39,4.27,4.28
1732545000,4.28,4.29,4.24,4.27
1732546800,4.26,4.26,4.23,4.23
1732602600,4.2,4.2,4.2,4.2
1732604400,4.2,4.27,4.18,4.23
1732606200,4.23,4.25,4.22,4.22
1732608000,4.22,4.25,4.21,4.23
1732609800,4.23,4.25,4.22,4.23
1732611600,4.23,4.23,4.21,4.23
1732613400,4.23,4.29,4.21,4.25
1732615200,4.25,4.28,4.24,4.27
1732617000,4.27,4.28,4.25,4.27
1732618800,4.27,4.27,4.25,4.26
1732620600,4.26,4.27,4.24,4.25
1732622400,4.25,4.25,4.21,4.23
1732624200,4.22,4.23,4.2,4.23
1732626000,4.23,4.25,4.22,4.25
1732627800,4.25,4.25,4.22,4.23
1732629600,4.23,4.26,4.21,4.24
1732631400,4.24,4.32,4.23,4.27
1732633200,4.27,4.27,4.27,4.27
1732689000,4.3,4.3,4.3,4.3
1732690800,4.31,4.35,4.29,4.32
1732692600,4.31,4.32,4.28,4.29
1732694400,4.3,4.34,4.27,4.34
1732696200,4.34,4.37,4.28,4.29
1732698000,4.3,4.31,4.29,4.3
1732699800,4.3,4.3,4.28,4.3
1732701600,4.3,4.31,4.29,4.31
1732703400,4.3,4.31,4.28,4.29
1732705200,4.29,4.31,4.28,4.3
1732707000,4.29,4.32,4.29,4.31
1732708800,4.3,4.31,4.28,4.29
1732710600,4.29,4.3,4.28,4.29
1732712400,4.28,4.3,4.26,4.29
1732714200,4.3,4.32,4.29,4.3
1732716000,4.3,4.32,4.29,4.31
1732717800,4.31,4.35,4.29,4.31
1732719600,4.31,4.32,4.31,4.31
1732775400,4.29,4.29,4.29,4.29
1732777200,4.3,4.31,4.26,4.27
1732779000,4.27,4.28,4.22,4.23
1732780800,4.23,4.25,4.21,4.23
1732782600,4.24,4.24,4.22,4.23
1732784400,4.23,4.23,4.17,4.2
1732786200,4.2,4.22,4.19,4.21
1732788000,4.21,4.22,4.19,4.21
1732789800,4.21,4.26,4.19,4.22
1732791600,4.22,4.23,4.2,4.22
1732793400,4.22,4.22,4.18,4.19
1732795200,4.18,4.19,4.16,4.18
1732797000,4.18,4.19,4.14,4.18
1732798800,4.18,4.2,4.17,4.18
1732800600,4.19,4.19,4.17,4.19
1732802400,4.19,4.19,4.16,4.16
1732804200,4.16,4.2,4.16,4.16
1732806000,4.16,4.16,4.16,4.16
1732861800,4.18,4.18,4.18,4.18
1732863600,4.18,4.2,4.13,4.13
1732865400,4.13,4.14,4.12,4.14
1732867200,4.13,4.14,4.12,4.14
1732869000,4.14,4.15,4.13,4.14
1732870800,4.14,4.14,4.12,4.14
1732872600,4.14,4.16,4.13,4.14
1732874400,4.14,4.15,4.13,4.14
1732876200,4.14,4.14,4.12,4.12
1732878000,4.13,4.13,4.08,4.09
1732879800,4.09,4.09,4.05,4.08
1732881600,4.08,4.09,4.06,4.07
1732883400,4.07,4.09,4.06,4.08
1732885200,4.08,4.11,4.07,4.09
1732887000,4.09,4.1,4.07,4.09
1732888800,4.09,4.09,4.05,4.05
1732890600,4.06,4.09,4.04,4.07
1732892400,4.05,4.05,4.05,4.05
1733121000,4.03,4.03,4.03,4.03
1733122800,4.02,4.07,4.02,4.06
1733124600,4.05,4.06,4.03,4.04
1733126400,4.04,4.06,4.03,4.04
1733128200,4.03,4.09,4.03,4.08
1733130000,4.08,4.1,4.07,4.09
1733131800,4.09,4.1,4.07,4.07
1733133600,4.07,4.09,4.07,4.08
1733135400,4.08,4.09,4.07,4.07
1733137200,4.08,4.08,4.06,4.07
1733139000,4.07,4.08,4.06,4.07
1733140800,4.07,4.07,4.05,4.07
1733142600,4.07,4.07,4.06,4.06
1733144400,4.06,4.07,4.02,4.04
1733146200,4.04,4.05,4.03,4.04
1733148000,4.04,4.07,4.04,4.07
1733149800,4.07,4.07,4.05,4.05
1733151600,4.05,4.05,4.05,4.05
1733207400,4.07,4.07,4.07,4.07
1733209200,4.07,4.12,4.06,4.11
1733211000,4.11,4.11,4.09,4.11
1733212800,4.11,4.21,4.1,4.2
1733214600,4.21,4.23,4.19,4.22
1733216400,4.22,4.23,4.19,4.22
1733218200,4.22,4.27,4.22,4.23
1733220000,4.23,4.24,4.21,4.21
1733221800,4.21,4.22,4.2,4.21
1733223600,4.22,4.22,4.2,4.21
1733225400,4.21,4.25,4.21,4.21
1733227200,4.22,4.22,4.2,4.22
1733229000,4.22,4.24,4.21,4.24
1733230800,4.24,4.27,4.23,4.26
1733232600,4.26,4.27,4.22,4.24
1733234400,4.24,4.24,4.23,4.24
1733236200,4.23,4.25,4.21,4.23
1733238000,4.23,4.24,4.23,4.24
1733293800,4.27,4.27,4.27,4.27
1733295600,4.27,4.32,4.25,4.3
1733297400,4.31,4.35,4.27,4.32
1733299200,4.32,4.34,4.31,4.34
1733301000,4.34,4.34,4.32,4.33
1733302800,4.33,4.33,4.3,4.31
1733304600,4.31,4.31,4.29,4.31
1733306400,4.31,4.37,4.3,4.32
1733308200,4.33,4.37,4.32,4.35
1733310000,4.34,4.35,4.33,4.35
1733311800,4.35,4.37,4.34,4.35
1733313600,4.36,4.46,4.34,4.41
1733315400,4.4,4.41,4.35,4.39
1733317200,4.39,4.4,4.32,4.38
1733319000,4.38,4.39,4.37,4.37
1733320800,4.38,4.39,4.37,4.38
1733322600,4.37,4.4,4.32,4.36
1733324400,4.37,4.37,4.36,4.36
1733380200,4.37,4.37,4.37,4.37
1733382000,4.37,4.39,4.28,4.31
1733383800,4.31,4.35,4.31,4.35
1733385600,4.35,4.37,4.33,4.34
1733387400,4.33,4.35,4.32,4.34
1733389200,4.34,4.37,4.33,4.35
1733391000,4.35,4.35,4.33,4.35
1733392800,4.35,4.35,4.34,4.34
1733394600,4.35,4.36,4.33,4.35
1733396400,4.35,4.36,4.34,4.35
1733398200,4.35,4.35,4.32,4.33
1733400000,4.32,4.33,4.31,4.32
1733401800,4.31,4.32,4.28,4.3
1733403600,4.3,4.31,4.26,4.31
1733405400,4.31,4.31,4.28,4.3
1733407200,4.3,4.33,4.29,4.31
1733409000,4.31,4.31,4.27,4.28
1733410800,4.29,4.29,4.29,4.29
1733466600,4.34,4.34,4.34,4.34
1733468400,4.34,4.35,4.29,4.31
1733470200,4.31,4.31,4.29,4.3
1733472000,4.3,4.33,4.29,4.32
1733473800,4.31,4.34,4.31,4.33
1733475600,4.33,4.35,4.32,4.33
1733477400,4.33,4.33,4.32,4.33
1733479200,4.33,4.33,4.32,4.33
1733481000,4.33,4.33,4.32,4.32
1733482800,4.33,4.33,4.31,4.32
1733484600,4.31,4.32,4.31,4.31
1733486400,4.31,4.32,4.3,4.3
1733488200,4.3,4.32,4.3,4.3
1733490000,4.3,4.32,4.3,4.31
1733491800,4.3,4.32,4.3,4.31
1733493600,4.3,4.31,4.29,4.3
1733495400,4.3,4.32,4.29,4.32
1733497200,4.32,4.32,4.31,4.31
1733725800,4.34,4.34,4.34,4.34
1733727600,4.33,4.41,4.33,4.39
1733729400,4.39,4.41,4.35,4.37
1733731200,4.37,4.39,4.36,4.37
1733733000,4.38,4.39,4.37,4.38
1733734800,4.39,4.43,4.38,4.41
1733736600,4.4,4.42,4.4,4.42
1733738400,4.42,4.43,4.39,4.39
1733740200,4.39,4.4,4.38,4.4
1733742000,4.4,4.41,4.39,4.39
1733743800,4.39,4.4,4.38,4.4
1733745600,4.39,4.43,4.39,4.43
1733747400,4.43,4.44,4.42,4.44
1733749200,4.44,4.45,4.41,4.43
1733751000,4.43,4.46,4.42,4.43
1733752800,4.43,4.47,4.42,4.46
1733754600,4.46,4.47,4.44,4.47
1733756400,4.47,4.47,4.46,4.46
1733812200,4.43,4.43,4.43,4.43
1733814000,4.43,4.48,4.39,4.41
1733815800,4.4,4.41,4.39,4.4
1733817600,4.4,4.41,4.38,4.38
1733819400,4.39,4.39,4.37,4.39
1733821200,4.38,4.4,4.38,4.39
1733823000,4.4,4.4,4.38,4.4
1733824800,4.39,4.4,4.39,4.39
1733826600,4.4,4.4,4.38,4.39
1733828400,4.39,4.4,4.38,4.4
1733830200,4.39,4.41,4.38,4.39
1733832000,4.39,4.4,4.38,4.39
1733833800,4.39,4.39,4.35,4.36
1733835600,4.35,4.36,4.32,4.32
1733837400,4.33,4.34,4.32,4.34
1733839200,4.33,4.34,4.31,4.34
1733841000,4.34,4.35,4.32,4.32
1733842800,4.33,4.33,4.32,4.32
1733898600,4.33,4.33,4.33,4.33
1733900400,4.33,4.35,4.3,4.32
1733902200,4.32,4.32,4.29,4.31
1733904000,4.31,4.32,4.3,4.32
1733905800,4.32,4.32,4.28,4.3
1733907600,4.29,4.29,4.25,4.26
1733909400,4.26,4.26,4.24,4.25
1733911200,4.25,4.26,4.24,4.25
1733913000,4.25,4.27,4.24,4.26
1733914800,4.26,4.27,4.25,4.27
1733916600,4.27,4.28,4.26,4.26
1733918400,4.27,4.27,4.25,4.27
1733920200,4.27,4.27,4.24,4.26
1733922000,4.26,4.28,4.25,4.28
1733923800,4.28,4.29,4.26,4.28
1733925600,4.28,4.28,4.23,4.25
1733927400,4.25,4.26,4.23,4.24
1733929200,4.24,4.24,4.24,4.24
1733985000,4.27,4.27,4.27,4.27
1733986800,4.27,4.31,4.27,4.3
1733988600,4.3,4.3,4.28,4.29
1733990400,4.29,4.33,4.28,4.33
1733992200,4.32,4.33,4.31,4.33
1733994000,4.33,4.34,4.31,4.33
1733995800,4.33,4.33,4.32,4.33
1733997600,4.32,4.33,4.32,4.32
1733999400,4.32,4.32,4.31,4.31
1734001200,4.32,4.33,4.31,4.33
1734003000,4.32,4.33,4.29,4.3
1734004800,4.3,4.3,4.28,4.29
1734006600,4.29,4.3,4.29,4.3
1734008400,4.29,4.31,4.29,4.31
1734010200,4.31,4.31,4.26,4.27
1734012000,4.27,4.28,4.26,4.26
1734013800,4.27,4.27,4.24,4.27
1734015600,4.27,4.27,4.27,4.27
1734071400,4.25,4.25,4.25,4.25
1734073200,4.25,4.28,4.24,4.27
1734075000,4.27,4.27,4.24,4.25
1734076800,4.25,4.26,4.23,4.25
1734078600,4.25,4.25,4.24,4.24
1734080400,4.24,4.25,4.23,4.24
1734082200,4.24,4.25,4.23,4.25
1734084000,4.25,4.25,4.24,4.24
1734085800,4.25,4.27,4.24,4.27
1734087600,4.27,4.27,4.25,4.27
1734089400,4.27,4.3,4.27,4.28
1734091200,4.28,4.29,4.26,4.27
1734093000,4.27,4.28,4.25,4.26
1734094800,4.27,4.27,4.25,4.27
1734096600,4.27,4.27,4.25,4.26
1734098400,4.26,4.28,4.25,4.27
1734100200,4.28,4.33,4.27,4.32
1734102000,4.32,4.32,4.32,4.32
1734330600,4.34,4.34,4.34,4.34
1734332400,4.35,4.38,4.34,4.37
1734334200,4.37,4.41,4.36,4.37
1734336000,4.36,4.37,4.35,4.36
1734337800,4.36,4.37,4.35,4.37
1734339600,4.36,4.37,4.35,4.36
1734341400,4.36,4.37,4.34,4.37
1734343200,4.37,4.38,4.35,4.36
1734345000,4.36,4.36,4.34,4.36
1734346800,4.36,4.36,4.35,4.35
1734348600,4.36,4.36,4.34,4.36
1734350400,4.36,4.36,4.35,4.35
1734352200,4.36,4.36,4.34,4.36
1734354000,4.36,4.36,4.33,4.34
1734355800,4.34,4.35,4.33,4.34
1734357600,4.34,4.34,4.31,4.33
1734359400,4.33,4.33,4.3,4.32
1734361200,4.31,4.31,4.31,4.31
1734417000,4.31,4.31,4.31,4.31
1734418800,4.31,4.34,4.29,4.32
1734420600,4.32,4.33,4.31,4.31
1734422400,4.32,4.32,4.26,4.27
1734424200,4.28,4.29,4.26,4.27
1734426000,4.27,4.28,4.26,4.26
1734427800,4.26,4.26,4.24,4.26
1734429600,4.26,4.27,4.25,4.27
1734431400,4.26,4.28,4.26,4.27
1734433200,4.28,4.28,4.26,4.27
1734435000,4.28,4.28,4.26,4.27
1734436800,4.27,4.27,4.26,4.27
1734438600,4.27,4.27,4.23,4.25
1734440400,4.25,4.26,4.24,4.26
1734442200,4.26,4.31,4.26,4.3
1734444000,4.3,4.31,4.28,4.29
1734445800,4.29,4.29,4.26,4.26
1734447600,4.27,4.27,4.26,4.26
1734503400,4.27,4.27,4.27,4.27
1734505200,4.26,4.3,4.26,4.26
1734507000,4.26,4.29,4.26,4.27
1734508800,4.27,4.27,4.26,4.26
1734510600,4.27,4.28,4.26,4.27
1734512400,4.26,4.27,4.26,4.27
1734514200,4.27,4.27,4.25,4.26
1734516000,4.26,4.27,4.25,4.26
1734517800,4.25,4.26,4.25,4.26
1734519600,4.26,4.26,4.24,4.25
1734521400,4.24,4.25,4.22,4.24
1734523200,4.24,4.26,4.23,4.25
1734525000,4.25,4.27,4.24,4.27
1734526800,4.27,4.28,4.25,4.27
1734528600,4.27,4.27,4.25,4.26
1734530400,4.26,4.26,4.17,4.17
1734532200,4.18,4.18,4.13,4.15
1734534000,4.16,4.16,4.16,4.16
1734589800,4.14,4.14,4.14,4.14
1734591600,4.13,4.18,4.12,4.16
1734593400,4.15,4.16,4.15,4.16
1734595200,4.15,4.16,4.14,4.15
1734597000,4.15,4.17,4.14,4.17
1734598800,4.17,4.17,4.16,4.17
1734600600,4.17,4.19,4.16,4.17
1734602400,4.18,4.18,4.17,4.18
1734604200,4.17,4.18,4.16,4.16
1734606000,4.17,4.17,4.15,4.16
1734607800,4.17,4.17,4.15,4.16
1734609600,4.17,4.2,4.16,4.19
1734611400,4.19,4.2,4.18,4.19
1734613200,4.19,4.19,4.17,4.19
1734615000,4.18,4.19,4.15,4.16
1734616800,4.16,4.16,4.12,4.14
1734618600,4.14,4.15,4.11,4.12
1734620400,4.12,4.12,4.12,4.12
1734676200,4.13,4.13,4.13,4.13
1734678000,4.13,4.14,4.1,4.13
1734679800,4.13,4.13,4.11,4.12
1734681600,4.12,4.12,4.09,4.11
1734683400,4.11,4.11,4.07,4.09
1734685200,4.08,4.09,4.07,4.09
1734687000,4.08,4.09,4.07,4.09
1734688800,4.08,4.09,4.08,4.09
1734690600,4.09,4.11,4.08,4.11
1734692400,4.11,4.11,4.09,4.1
1734694200,4.1,4.11,4.08,4.09
1734696000,4.09,4.1,4.08,4.09
1734697800,4.08,4.09,4.06,4.07
1734699600,4.07,4.07,4.04,4.07
1734701400,4.06,4.09,4.04,4.06
1734703200,4.06,4.06,4.05,4.06
1734705000,4.06,4.07,4.04,4.06
1734706800,4.04,4.04,4.04,4.04
1734935400,4.06,4.06,4.06,4.06
1734937200,4.06,4.12,4.06,4.09
1734939000,4.09,4.09,4.06,4.07
1734940800,4.07,4.09,4.06,4.07
1734942600,4.07,4.08,4.06,4.08
1734944400,4.08,4.08,4.06,4.06
1734946200,4.07,4.08,4.06,4.08
1734948000,4.08,4.09,4.07,4.09
1734949800,4.09,4.09,4.07,4.07
1734951600,4.08,4.08,4.06,4.07
1734953400,4.07,4.07,4.06,4.07
1734955200,4.07,4.07,4.05,4.07
1734957000,4.07,4.07,4.05,4.07
1734958800,4.07,4.08,4.06,4.08
1734960600,4.07,4.09,4.06,4.09
1734962400,4.09,4.1,4.07,4.09
1734964200,4.09,4.1,4.05,4.06
1734966000,4.06,4.06,4.05,4.05
1735021800,4.07,4.07,4.07,4.07
1735023600,4.06,4.1,4.06,4.08
1735025400,4.07,4.09,4.06,4.08
1735027200,4.08,4.08,4.05,4.07
1735029000,4.06,4.07,4.06,4.07
1735030800,4.07,4.07,4.06,4.07
1735032600,4.07,4.07,4.06,4.07
1735034400,4.07,4.07,4.06,4.07
1735036200,4.06,4.07,4.06,4.06
1735038000,4.07,4.07,4.04,4.06
1735039800,4.06,4.06,4.04,4.05
1735041600,4.05,4.05,4.02,4.03
1735043400,4.03,4.04,4.01,4.02
1735045200,4.01,4.02,4.01,4.02
1735047000,4.02,4.03,4.01,4.01
1735048800,4.01,4.03,4,4.02
1735050600,4.02,4.05,4.01,4.05
1735052400,4.04,4.04,4.04,4.04
1735108200,4.09,4.09,4.09,4.09
1735110000,4.09,4.14,4.08,4.12
1735111800,4.12,4.12,4.1,4.11
1735113600,4.11,4.11,4.1,4.11
1735115400,4.1,4.11,4.1,4.1
1735117200,4.11,4.11,4.1,4.11
1735119000,4.11,4.11,4.1,4.1
1735120800,4.11,4.11,4.1,4.11
1735122600,4.11,4.12,4.1,4.11
1735124400,4.12,4.12,4.11,4.11
1735126200,4.12,4.12,4.1,4.12
1735128000,4.12,4.12,4.11,4.12
1735129800,4.12,4.13,4.11,4.12
1735131600,4.12,4.12,4.09,4.1
1735133400,4.1,4.12,4.09,4.12
1735135200,4.12,4.15,4.11,4.13
1735137000,4.14,4.17,4.13,4.16
1735138800,4.15,4.15,4.15,4.15
1735194600,4.23,4.23,4.23,4.23
1735196400,4.23,4.28,4.19,4.19
1735198200,4.2,4.21,4.19,4.2
1735200000,4.19,4.21,4.19,4.21
1735201800,4.21,4.21,4.17,4.19
1735203600,4.19,4.19,4.18,4.18
1735205400,4.19,4.19,4.18,4.19
1735207200,4.19,4.19,4.18,4.19
1735209000,4.19,4.2,4.18,4.2
1735210800,4.19,4.21,4.16,4.2
1735212600,4.2,4.2,4.16,4.18
1735214400,4.17,4.18,4.16,4.17
1735216200,4.17,4.19,4.17,4.17
1735218000,4.17,4.19,4.17,4.18
1735219800,4.17,4.18,4.15,4.18
1735221600,4.17,4.18,4.16,4.18
1735223400,4.17,4.19,4.16,4.18
1735225200,4.17,4.17,4.17,4.17
1735281000,4.18,4.18,4.18,4.18
1735282800,4.18,4.22,4.17,4.21
1735284600,4.22,4.24,4.2,4.21
1735286400,4.2,4.21,4.18,4.2
1735288200,4.2,4.2,4.17,4.19
1735290000,4.19,4.19,4.17,4.17
1735291800,4.18,4.18,4.16,4.18
1735293600,4.17,4.19,4.17,4.19
1735295400,4.19,4.21,4.17,4.2
1735297200,4.2,4.21,4.19,4.19
1735299000,4.19,4.22,4.18,4.21
1735300800,4.2,4.22,4.18,4.21
1735302600,4.21,4.21,4.18,4.2
1735304400,4.2,4.21,4.19,4.2
1735306200,4.2,4.21,4.18,4.2
1735308000,4.2,4.21,4.19,4.19
1735309800,4.2,4.2,4.17,4.19
1735311600,4.19,4.19,4.18,4.18
1735540200,4.2,4.2,4.2,4.2
1735542000,4.19,4.21,4.17,4.18
1735543800,4.19,4.19,4.17,4.19
1735545600,4.19,4.19,4.18,4.19
1735547400,4.19,4.19,4.18,4.18
1735549200,4.19,4.19,4.17,4.18
1735551000,4.18,4.19,4.17,4.18
1735552800,4.19,4.19,4.18,4.19
1735554600,4.19,4.19,4.17,4.18
1735556400,4.17,4.18,4.17,4.18
1735558200,4.18,4.18,4.17,4.18
1735560000,4.18,4.18,4.17,4.18
1735561800,4.18,4.18,4.16,4.17
1735563600,4.17,4.17,4.16,4.17
1735565400,4.17,4.17,4.15,4.16
1735567200,4.16,4.17,4.15,4.15
1735569000,4.15,4.16,4.11,4.12
1735570800,4.11,4.11,4.11,4.11
1735626600,4.11,4.11,4.11,4.11
1735628400,4.12,4.12,4.09,4.11
1735630200,4.11,4.11,4.08,4.1
1735632000,4.1,4.1,4.09,4.09
1735633800,4.1,4.1,4.09,4.09
1735635600,4.1,4.1,4.08,4.09
1735637400,4.09,4.1,4.08,4.1
1735639200,4.1,4.11,4.09,4.1
1735641000,4.1,4.11,4.09,4.1
1735642800,4.1,4.12,4.09,4.1
1735644600,4.1,4.11,4.09,4.1
1735646400,4.1,4.11,4.09,4.11
1735648200,4.11,4.14,4.1,4.12
1735650000,4.12,4.15,4.12,4.15
1735651800,4.15,4.15,4.12,4.13
1735653600,4.12,4.14,4.11,4.11
1735655400,4.11,4.12,4.07,4.08
1735657200,4.08,4.08,4.07,4.07
1735799400,4.09,4.09,4.09,4.09
1735801200,4.09,4.1,4.07,4.07
1735803000,4.08,4.09,4.06,4.06
1735804800,4.07,4.08,4.06,4.08
1735806600,4.08,4.08,4.06,4.06
1735808400,4.07,4.07,4.06,4.07
1735810200,4.07,4.07,4.06,4.07
1735812000,4.07,4.07,4.06,4.07
1735813800,4.06,4.09,4.06,4.08
1735815600,4.08,4.11,4.08,4.09
1735817400,4.09,4.09,4.08,4.08
1735819200,4.09,4.09,4.07,4.08
1735821000,4.09,4.1,4.08,4.1
1735822800,4.1,4.11,4.09,4.1
1735824600,4.1,4.12,4.09,4.1
1735826400,4.1,4.11,4.09,4.1
1735828200,4.09,4.1,4.08,4.09
1735830000,4.09,4.09,4.08,4.09
1735885800,4.1,4.1,4.1,4.1
1735887600,4.11,4.15,4.1,4.14
1735889400,4.15,4.17,4.14,4.16
1735891200,4.17,4.21,4.16,4.19
1735893000,4.18,4.19,4.15,4.16
1735894800,4.16,4.16,4.15,4.16
1735896600,4.16,4.16,4.14,4.15
1735898400,4.15,4.15,4.14,4.14
1735900200,4.15,4.17,4.13,4.16
1735902000,4.16,4.16,4.15,4.16
1735903800,4.16,4.18,4.15,4.18
1735905600,4.18,4.31,4.16,4.31
1735907400,4.3,4.33,4.29,4.29
1735909200,4.3,4.3,4.26,4.27
1735911000,4.27,4.27,4.24,4.26
1735912800,4.26,4.29,4.25,4.29
1735914600,4.28,4.32,4.25,4.26
1735916400,4.26,4.27,4.26,4.27
1736145000,4.29,4.29,4.29,4.29
1736146800,4.3,4.3,4.24,4.25
1736148600,4.25,4.27,4.24,4.25
1736150400,4.25,4.3,4.25,4.3
1736152200,4.29,4.39,4.29,4.39
1736154000,4.39,4.39,4.29,4.34
1736155800,4.34,4.35,4.28,4.34
1736157600,4.33,4.44,4.3,4.32
1736159400,4.32,4.33,4.29,4.3
1736161200,4.29,4.33,4.29,4.33
1736163000,4.32,4.35,4.29,4.31
1736164800,4.31,4.32,4.28,4.29
1736166600,4.29,4.32,4.28,4.32
1736168400,4.32,4.32,4.3,4.31
1736170200,4.32,4.37,4.3,4.32
1736172000,4.32,4.32,4.29,4.3
1736173800,4.3,4.31,4.28,4.31
1736175600,4.3,4.3,4.3,4.3
1736231400,4.29,4.29,4.29,4.29
1736233200,4.28,4.29,4.24,4.26
1736235000,4.26,4.27,4.25,4.26
1736236800,4.26,4.3,4.26,4.3
1736238600,4.3,4.32,4.26,4.26
1736240400,4.27,4.27,4.24,4.26
1736242200,4.25,4.27,4.24,4.25
1736244000,4.25,4.25,4.23,4.24
1736245800,4.25,4.25,4.24,4.24
1736247600,4.25,4.26,4.24,4.25
1736249400,4.26,4.26,4.24,4.25
1736251200,4.25,4.26,4.24,4.24
1736253000,4.24,4.25,4.23,4.24
1736254800,4.24,4.27,4.23,4.26
1736256600,4.27,4.28,4.23,4.23
1736258400,4.24,4.24,4.18,4.19
1736260200,4.18,4.19,4.16,4.18
1736262000,4.17,4.17,4.17,4.17
1736317800,4.16,4.16,4.16,4.16
1736319600,4.16,4.18,4.15,4.16
1736321400,4.16,4.18,4.15,4.17
1736323200,4.18,4.18,4.15,4.17
1736325000,4.17,4.18,4.13,4.14
1736326800,4.14,4.14,4.1,4.12
1736328600,4.13,4.13,4.11,4.12
1736330400,4.12,4.13,4.11,4.11
1736332200,4.12,4.13,4.11,4.12
1736334000,4.12,4.14,4.11,4.14
1736335800,4.14,4.14,4.11,4.13
1736337600,4.12,4.13,4.11,4.12
1736339400,4.11,4.13,4.11,4.12
1736341200,4.12,4.13,4.11,4.12
1736343000,4.11,4.12,4.1,4.11
1736344800,4.1,4.13,4.09,4.12
1736346600,4.12,4.13,4.09,4.1
1736348400,4.1,4.1,4.09,4.09
1736404200,4.11,4.11,4.11,4.11
1736406000,4.11,4.13,4.1,4.12
1736407800,4.12,4.12,4.1,4.12
1736409600,4.12,4.13,4.11,4.12
1736411400,4.11,4.12,4.1,4.1
1736413200,4.11,4.12,4.1,4.12
1736415000,4.12,4.12,4.11,4.12
1736416800,4.11,4.14,4.11,4.13
1736418600,4.12,4.13,4.11,4.11
1736420400,4.11,4.12,4.1,4.11
1736422200,4.12,4.13,4.11,4.13
1736424000,4.13,4.13,4.12,4.13
1736425800,4.13,4.13,4.11,4.12
1736427600,4.12,4.12,4.1,4.11
1736429400,4.11,4.12,4.08,4.11
1736431200,4.12,4.13,4.1,4.1
1736433000,4.11,4.12,4.1,4.1
1736434800,4.11,4.11,4.11,4.11
1736490600,4.12,4.12,4.12,4.12
1736492400,4.12,4.14,4.11,4.13
1736494200,4.13,4.13,4.1,4.11
1736496000,4.11,4.11,4.08,4.08
1736497800,4.08,4.09,4.07,4.09
1736499600,4.08,4.09,4.08,4.09
1736501400,4.09,4.09,4.07,4.08
1736503200,4.08,4.08,4.05,4.07
1736505000,4.06,4.07,4.06,4.07
1736506800,4.06,4.08,4.06,4.07
1736508600,4.08,4.08,4.06,4.06
1736510400,4.06,4.07,4.04,4.04
1736512200,4.04,4.06,4.04,4.06
1736514000,4.06,4.06,4.04,4.06
1736515800,4.05,4.06,4.01,4.01
1736517600,4.02,4.02,3.98,4.01
1736519400,4.01,4.01,3.97,3.99
1736521200,3.99,3.99,3.99,3.99
1736749800,3.98,3.98,3.98,3.98
1736751600,3.98,4,3.95,3.97
1736753400,3.97,3.97,3.94,3.96
1736755200,3.96,3.96,3.92,3.93
1736757000,3.93,3.93,3.89,3.91
1736758800,3.91,3.91,3.88,3.9
1736760600,3.9,3.91,3.89,3.91
1736762400,3.91,3.91,3.88,3.89
1736764200,3.89,3.9,3.88,3.9
1736766000,3.89,3.9,3.88,3.88
1736767800,3.89,3.89,3.86,3.88
1736769600,3.88,3.88,3.86,3.88
1736771400,3.88,3.9,3.87,3.9
1736773200,3.9,3.9,3.88,3.89
1736775000,3.89,3.89,3.88,3.89
1736776800,3.89,3.89,3.85,3.86
1736778600,3.87,3.89,3.86,3.88
1736780400,3.87,3.87,3.87,3.87
1736836200,3.89,3.89,3.89,3.89
1736838000,3.89,3.9,3.86,3.87
1736839800,3.88,3.89,3.87,3.89
1736841600,3.88,3.9,3.88,3.9
1736843400,3.9,3.92,3.89,3.91
1736845200,3.91,3.91,3.9,3.91
1736847000,3.91,3.92,3.89,3.92
1736848800,3.92,3.92,3.91,3.92
1736850600,3.92,3.92,3.89,3.9
1736852400,3.9,3.9,3.88,3.88
1736854200,3.88,3.89,3.86,3.88
1736856000,3.88,3.88,3.84,3.85
1736857800,3.86,3.86,3.83,3.84
1736859600,3.84,3.85,3.82,3.83
1736861400,3.83,3.89,3.82,3.86
1736863200,3.86,3.87,3.84,3.86
1736865000,3.87,3.88,3.86,3.87
1736866800,3.88,3.88,3.88,3.88
1736922600,3.89,3.89,3.89,3.89
1736924400,3.89,3.93,3.88,3.91
1736926200,3.92,3.93,3.91,3.93
1736928000,3.92,3.93,3.9,3.91
1736929800,3.91,3.91,3.89,3.91
1736931600,3.91,3.91,3.89,3.89
1736933400,3.9,3.91,3.89,3.9
1736935200,3.89,3.9,3.89,3.9
1736937000,3.9,3.9,3.88,3.89
1736938800,3.9,3.91,3.89,3.91
1736940600,3.9,3.91,3.89,3.9
1736942400,3.89,3.91,3.89,3.9
1736944200,3.9,3.9,3.88,3.89
1736946000,3.88,3.9,3.88,3.89
1736947800,3.89,3.95,3.89,3.9
1736949600,3.89,3.91,3.89,3.91
1736951400,3.9,3.93,3.9,3.93
1736953200,3.92,3.92,3.92,3.92
1737009000,3.97,3.97,3.97,3.97
1737010800,3.97,3.98,3.93,3.94
1737012600,3.94,3.96,3.93,3.95
1737014400,3.94,3.95,3.93,3.94
1737016200,3.94,3.94,3.91,3.92
1737018000,3.91,3.92,3.89,3.9
1737019800,3.89,3.91,3.89,3.9
1737021600,3.91,3.91,3.89,3.91
1737023400,3.91,3.91,3.89,3.9
1737025200,3.91,3.91,3.9,3.9
1737027000,3.91,3.91,3.9,3.91
1737028800,3.9,3.91,3.9,3.91
1737030600,3.91,3.92,3.89,3.9
1737032400,3.9,3.9,3.89,3.9
1737034200,3.9,3.9,3.87,3.88
1737036000,3.88,3.91,3.87,3.91
1737037800,3.91,3.95,3.9,3.95
1737039600,3.94,3.94,3.94,3.94
1737095400,3.95,3.95,3.95,3.95
1737097200,3.95,3.95,3.92,3.95
1737099000,3.95,3.96,3.94,3.95
1737100800,3.95,3.95,3.93,3.94
1737102600,3.94,3.94,3.93,3.93
1737104400,3.94,3.94,3.92,3.93
1737106200,3.93,3.93,3.89,3.9
1737108000,3.9,3.92,3.9,3.92
1737109800,3.92,3.92,3.91,3.91
1737111600,3.92,3.92,3.91,3.92
1737113400,3.92,3.92,3.91,3.92
1737115200,3.92,3.92,3.91,3.92
1737117000,3.91,3.92,3.9,3.9
1737118800,3.9,3.92,3.9,3.92
1737120600,3.92,3.93,3.9,3.91
1737122400,3.9,3.91,3.9,3.9
1737124200,3.9,3.92,3.9,3.91
1737126000,3.91,3.91,3.91,3.91
1737354600,3.92,3.92,3.92,3.92
1737356400,3.92,3.94,3.92,3.93
1737358200,3.93,3.93,3.91,3.92
1737360000,3.91,3.93,3.91,3.93
1737361800,3.93,3.93,3.92,3.93
1737363600,3.92,3.93,3.91,3.91
1737365400,3.92,3.92,3.91,3.92
1737367200,3.92,3.92,3.88,3.88
1737369000,3.89,3.89,3.87,3.88
1737370800,3.88,3.89,3.87,3.88
1737372600,3.88,3.88,3.87,3.88
1737374400,3.88,3.88,3.87,3.88
1737376200,3.88,3.89,3.87,3.88
1737378000,3.88,3.89,3.87,3.89
1737379800,3.89,3.9,3.88,3.89
1737381600,3.9,3.9,3.88,3.9
1737383400,3.9,3.9,3.88,3.89
1737385200,3.89,3.89,3.89,3.89
1737441000,3.88,3.88,3.88,3.88
1737442800,3.88,3.9,3.88,3.89
1737444600,3.89,3.92,3.88,3.9
1737446400,3.89,3.9,3.89,3.9
1737448200,3.9,3.94,3.88,3.91
1737450000,3.91,3.92,3.9,3.92
1737451800,3.91,3.92,3.89,3.9
1737453600,3.9,3.9,3.89,3.9
1737455400,3.9,3.9,3.89,3.9
1737457200,3.89,3.9,3.89,3.9
1737459000,3.9,3.9,3.88,3.88
1737460800,3.89,3.89,3.87,3.88
1737462600,3.88,3.88,3.87,3.88
1737464400,3.88,3.89,3.87,3.88
1737466200,3.88,3.89,3.87,3.89
1737468000,3.89,3.89,3.86,3.88
1737469800,3.87,3.88,3.85,3.85
1737471600,3.86,3.86,3.85,3.85
1737527400,3.85,3.85,3.85,3.85
1737529200,3.85,3.86,3.83,3.85
1737531000,3.84,3.86,3.84,3.84
1737532800,3.85,3.85,3.83,3.84
1737534600,3.84,3.85,3.84,3.85
1737536400,3.85,3.85,3.84,3.85
1737538200,3.85,3.85,3.83,3.84
1737540000,3.84,3.84,3.83,3.83
1737541800,3.83,3.84,3.83,3.84
1737543600,3.84,3.85,3.83,3.84
1737545400,3.84,3.85,3.83,3.85
1737547200,3.85,3.85,3.84,3.85
1737549000,3.85,3.85,3.84,3.85
1737550800,3.85,3.85,3.84,3.84
1737552600,3.85,3.86,3.84,3.86
1737554400,3.86,3.87,3.85,3.87
1737556200,3.87,3.88,3.86,3.87
1737558000,3.87,3.87,3.86,3.86
1737613800,3.88,3.88,3.88,3.88
1737615600,3.88,3.92,3.87,3.91
1737617400,3.91,3.91,3.9,3.9
1737619200,3.91,3.93,3.9,3.92
1737621000,3.92,3.93,3.92,3.93
1737622800,3.93,3.94,3.92,3.92
1737624600,3.93,3.93,3.91,3.92
1737626400,3.91,3.92,3.9,3.91
1737628200,3.9,3.91,3.9,3.9
1737630000,3.9,3.92,3.9,3.9
1737631800,3.91,3.91,3.88,3.89
1737633600,3.9,3.91,3.89,3.9
1737635400,3.89,3.9,3.89,3.9
1737637200,3.9,3.9,3.87,3.88
1737639000,3.88,3.89,3.87,3.88
1737640800,3.88,3.88,3.86,3.88
1737642600,3.88,3.88,3.86,3.87
1737644400,3.87,3.87,3.86,3.87
1737700200,3.87,3.87,3.87,3.87
1737702000,3.88,3.89,3.87,3.88
1737703800,3.88,3.88,3.85,3.85
1737705600,3.85,3.87,3.84,3.86
1737707400,3.86,3.87,3.85,3.87
1737709200,3.87,3.87,3.85,3.87
1737711000,3.86,3.87,3.86,3.87
1737712800,3.87,3.87,3.86,3.87
1737714600,3.87,3.87,3.86,3.87
1737716400,3.87,3.87,3.85,3.86
1737718200,3.86,3.86,3.84,3.85
1737720000,3.85,3.85,3.84,3.85
1737721800,3.84,3.85,3.83,3.84
1737723600,3.84,3.85,3.83,3.84
1737725400,3.84,3.84,3.83,3.84
1737727200,3.84,3.87,3.83,3.86
1737729000,3.86,3.87,3.84,3.85
1737730800,3.84,3.84,3.84,3.84
1737959400,3.82,3.82,3.82,3.82
1737961200,3.81,3.82,3.8,3.81
1737963000,3.82,3.82,3.8,3.8
1737964800,3.81,3.82,3.8,3.81
1737966600,3.81,3.82,3.8,3.81
1737968400,3.8,3.81,3.8,3.81
1737970200,3.81,3.81,3.78,3.79
1737972000,3.79,3.79,3.76,3.76
1737973800,3.76,3.77,3.76,3.77
1737975600,3.77,3.77,3.76,3.77
1737977400,3.77,3.77,3.75,3.76
1737979200,3.75,3.76,3.74,3.75
1737981000,3.75,3.75,3.73,3.75
1737982800,3.75,3.76,3.74,3.76
1737984600,3.75,3.76,3.73,3.74
1737986400,3.74,3.74,3.73,3.74
1737988200,3.74,3.75,3.72,3.74
1737990000,3.74,3.74,3.74,3.74
1738045800,3.75,3.75,3.75,3.75
1738047600,3.75,3.77,3.73,3.75
1738049400,3.75,3.75,3.74,3.75
1738051200,3.74,3.76,3.74,3.76
1738053000,3.76,3.76,3.74,3.76
1738054800,3.76,3.76,3.75,3.76
1738056600,3.75,3.76,3.75,3.75
1738058400,3.76,3.76,3.75,3.76
1738060200,3.76,3.76,3.75,3.76
1738062000,3.76,3.76,3.75,3.76
1738063800,3.75,3.76,3.74,3.74
1738065600,3.75,3.75,3.73,3.73
1738067400,3.73,3.74,3.72,3.73
1738069200,3.73,3.73,3.71,3.73
1738071000,3.73,3.74,3.72,3.73
1738072800,3.74,3.75,3.73,3.75
1738074600,3.75,3.75,3.73,3.75
1738076400,3.75,3.75,3.74,3.74
1738132200,3.75,3.75,3.75,3.75
1738134000,3.75,3.77,3.74,3.75
1738135800,3.76,3.76,3.74,3.75
1738137600,3.75,3.75,3.74,3.75
1738139400,3.75,3.75,3.74,3.75
1738141200,3.75,3.75,3.74,3.75
1738143000,3.75,3.75,3.72,3.73
1738144800,3.74,3.74,3.72,3.73
1738146600,3.72,3.73,3.71,3.72
1738148400,3.71,3.72,3.71,3.72
1738150200,3.72,3.72,3.7,3.71
1738152000,3.71,3.71,3.69,3.7
1738153800,3.69,3.7,3.68,3.7
1738155600,3.69,3.71,3.69,3.7
1738157400,3.69,3.73,3.69,3.72
1738159200,3.71,3.72,3.7,3.71
1738161000,3.71,3.71,3.67,3.68
1738162800,3.68,3.68,3.68,3.68
1738218600,3.69,3.69,3.69,3.69
1738220400,3.69,3.73,3.69,3.73
1738222200,3.73,3.73,3.71,3.73
1738224000,3.73,3.74,3.7,3.72
1738225800,3.72,3.72,3.71,3.71
1738227600,3.71,3.73,3.71,3.72
1738229400,3.72,3.73,3.71,3.71
1738231200,3.71,3.72,3.71,3.72
1738233000,3.72,3.72,3.71,3.71
1738234800,3.71,3.72,3.7,3.71
1738236600,3.72,3.72,3.71,3.71
1738238400,3.72,3.72,3.7,3.7
1738240200,3.71,3.71,3.69,3.71
1738242000,3.7,3.71,3.7,3.71
1738243800,3.7,3.72,3.7,3.72
1738245600,3.71,3.72,3.68,3.7
1738247400,3.7,3.71,3.68,3.7
1738249200,3.69,3.69,3.69,3.69
1738305000,3.71,3.71,3.71,3.71
1738306800,3.71,3.72,3.7,3.71
1738308600,3.71,3.71,3.7,3.71
1738310400,3.71,3.71,3.69,3.7
1738312200,3.7,3.7,3.68,3.69
1738314000,3.69,3.69,3.66,3.67
1738315800,3.67,3.67,3.65,3.66
1738317600,3.65,3.68,3.65,3.68
1738319400,3.68,3.68,3.66,3.66
1738321200,3.67,3.67,3.66,3.67
1738323000,3.66,3.68,3.66,3.67
1738324800,3.68,3.68,3.67,3.67
1738326600,3.67,3.68,3.66,3.67
1738328400,3.66,3.68,3.66,3.67
1738330200,3.67,3.68,3.65,3.67
1738332000,3.68,3.68,3.66,3.67
1738333800,3.67,3.67,3.66,3.67
1738335600,3.67,3.67,3.66,3.66
1738564200,3.64,3.64,3.64,3.64
1738566000,3.63,3.64,3.56,3.57
1738567800,3.57,3.58,3.56,3.58
1738569600,3.58,3.6,3.57,3.6
1738571400,3.6,3.63,3.57,3.59
1738573200,3.59,3.59,3.55,3.56
1738575000,3.57,3.57,3.55,3.57
1738576800,3.57,3.57,3.56,3.57
1738578600,3.57,3.57,3.55,3.56
1738580400,3.57,3.58,3.55,3.57
1738582200,3.58,3.58,3.55,3.56
1738584000,3.56,3.56,3.53,3.54
1738585800,3.54,3.54,3.51,3.52
1738587600,3.52,3.53,3.51,3.53
1738589400,3.53,3.53,3.5,3.52
1738591200,3.52,3.52,3.5,3.52
1738593000,3.52,3.54,3.5,3.51
1738594800,3.51,3.51,3.51,3.51
1738650600,3.53,3.53,3.53,3.53
1738652400,3.53,3.54,3.51,3.52
1738654200,3.51,3.52,3.5,3.52
1738656000,3.52,3.52,3.5,3.51
1738657800,3.52,3.52,3.51,3.51
1738659600,3.52,3.52,3.5,3.51
1738661400,3.52,3.52,3.5,3.52
1738663200,3.52,3.52,3.5,3.52
1738665000,3.52,3.52,3.51,3.52
1738666800,3.52,3.52,3.51,3.51
1738668600,3.51,3.52,3.5,3.51
1738670400,3.5,3.52,3.5,3.52
1738672200,3.52,3.57,3.52,3.56
1738674000,3.56,3.56,3.55,3.56
1738675800,3.55,3.56,3.53,3.54
1738677600,3.53,3.54,3.53,3.54
1738679400,3.53,3.54,3.52,3.54
1738681200,3.54,3.54,3.53,3.53
1738737000,3.54,3.54,3.54,3.54
1738738800,3.54,3.54,3.51,3.51
1738740600,3.52,3.52,3.47,3.49
1738742400,3.49,3.5,3.46,3.47
1738744200,3.47,3.47,3.45,3.47
1738746000,3.47,3.48,3.46,3.47
1738747800,3.48,3.48,3.46,3.47
1738749600,3.47,3.53,3.46,3.53
1738751400,3.52,3.54,3.48,3.48
1738753200,3.48,3.49,3.47,3.49
1738755000,3.49,3.49,3.48,3.49
1738756800,3.49,3.49,3.48,3.49
1738758600,3.49,3.5,3.47,3.47
1738760400,3.48,3.48,3.43,3.44
1738762200,3.44,3.44,3.4,3.42
1738764000,3.42,3.42,3.38,3.41
1738765800,3.41,3.45,3.4,3.45
1738767600,3.45,3.46,3.45,3.46
1738823400,3.48,3.48,3.48,3.48
1738825200,3.49,3.51,3.48,3.48
1738827000,3.48,3.5,3.48,3.5
1738828800,3.5,3.51,3.49,3.51
1738830600,3.51,3.51,3.5,3.51
1738832400,3.51,3.52,3.48,3.49
1738834200,3.48,3.49,3.48,3.49
1738836000,3.48,3.5,3.48,3.49
1738837800,3.49,3.5,3.48,3.48
1738839600,3.48,3.5,3.48,3.5
1738841400,3.49,3.5,3.48,3.48
1738843200,3.49,3.5,3.48,3.49
1738845000,3.48,3.49,3.46,3.48
1738846800,3.49,3.49,3.47,3.49
1738848600,3.48,3.51,3.48,3.5
1738850400,3.5,3.5,3.49,3.5
1738852200,3.5,3.53,3.48,3.52
1738854000,3.52,3.52,3.52,3.52
1738909800,3.52,3.52,3.52,3.52
1738911600,3.52,3.52,3.49,3.49
1738913400,3.5,3.51,3.49,3.51
1738915200,3.51,3.51,3.49,3.49
1738917000,3.5,3.51,3.49,3.5
1738918800,3.5,3.51,3.5,3.5
1738920600,3.5,3.51,3.5,3.51
1738922400,3.51,3.58,3.5,3.54
1738924200,3.54,3.55,3.51,3.53
1738926000,3.53,3.54,3.52,3.54
1738927800,3.53,3.54,3.52,3.53
1738929600,3.53,3.55,3.53,3.53
1738931400,3.53,3.54,3.52,3.53
1738933200,3.52,3.53,3.52,3.53
1738935000,3.53,3.55,3.52,3.55
1738936800,3.55,3.57,3.54,3.55
1738938600,3.56,3.59,3.55,3.58
1738940400,3.58,3.58,3.58,3.58
1739169000,3.59,3.59,3.59,3.59
1739170800,3.59,3.59,3.56,3.57
1739172600,3.58,3.58,3.55,3.56
1739174400,3.56,3.56,3.51,3.53
1739176200,3.53,3.53,3.51,3.52
1739178000,3.51,3.54,3.51,3.53
1739179800,3.53,3.53,3.51,3.52
1739181600,3.51,3.52,3.5,3.52
1739183400,3.51,3.52,3.5,3.5
1739185200,3.51,3.52,3.5,3.51
1739187000,3.51,3.51,3.5,3.51
1739188800,3.51,3.51,3.49,3.5
1739190600,3.51,3.51,3.5,3.51
1739192400,3.51,3.51,3.49,3.51
1739194200,3.51,3.51,3.48,3.5
1739196000,3.5,3.5,3.48,3.49
1739197800,3.49,3.49,3.47,3.49
1739199600,3.49,3.49,3.48,3.48
1739255400,3.48,3.48,3.48,3.48
1739257200,3.47,3.5,3.45,3.47
1739259000,3.47,3.49,3.45,3.47
1739260800,3.48,3.49,3.45,3.46
1739262600,3.46,3.47,3.45,3.47
1739264400,3.47,3.47,3.45,3.45
1739266200,3.46,3.46,3.44,3.45
1739268000,3.45,3.47,3.44,3.47
1739269800,3.47,3.47,3.46,3.47
1739271600,3.47,3.48,3.45,3.48
1739273400,3.48,3.53,3.47,3.51
1739275200,3.51,3.53,3.5,3.52
1739277000,3.53,3.54,3.5,3.51
1739278800,3.5,3.51,3.5,3.51
1739280600,3.51,3.52,3.48,3.48
1739282400,3.48,3.51,3.48,3.5
1739284200,3.5,3.53,3.49,3.53
1739286000,3.53,3.53,3.53,3.53
1739341800,3.58,3.58,3.58,3.58
1739343600,3.59,3.6,3.54,3.54
1739345400,3.55,3.55,3.53,3.54
1739347200,3.54,3.54,3.52,3.53
1739349000,3.53,3.54,3.52,3.53
1739350800,3.53,3.53,3.52,3.53
1739352600,3.52,3.53,3.52,3.53
1739354400,3.52,3.53,3.51,3.52
1739356200,3.52,3.53,3.51,3.52
1739358000,3.51,3.52,3.5,3.51
1739359800,3.5,3.52,3.5,3.52
1739361600,3.52,3.53,3.51,3.52
1739363400,3.52,3.53,3.51,3.53
1739365200,3.52,3.53,3.51,3.52
1739367000,3.52,3.53,3.51,3.51
1739368800,3.52,3.52,3.51,3.52
1739370600,3.52,3.53,3.5,3.52
1739372400,3.52,3.52,3.52,3.52
1739428200,3.53,3.53,3.53,3.53
1739430000,3.54,3.56,3.52,3.54
1739431800,3.55,3.57,3.54,3.56
1739433600,3.57,3.58,3.55,3.57
1739435400,3.57,3.57,3.56,3.57
1739437200,3.56,3.57,3.55,3.56
1739439000,3.56,3.56,3.55,3.55
1739440800,3.56,3.56,3.55,3.56
1739442600,3.55,3.56,3.55,3.56
1739444400,3.56,3.56,3.54,3.55
1739446200,3.55,3.55,3.54,3.54
1739448000,3.54,3.55,3.53,3.54
1739449800,3.54,3.54,3.53,3.54
1739451600,3.54,3.54,3.52,3.53
1739453400,3.53,3.54,3.52,3.54
1739455200,3.54,3.55,3.53,3.53
1739457000,3.53,3.54,3.53,3.54
1739458800,3.54,3.54,3.54,3.54
1739514600,3.55,3.55,3.55,3.55
1739516400,3.55,3.56,3.53,3.55
1739518200,3.54,3.55,3.52,3.52
1739520000,3.53,3.53,3.5,3.5
1739521800,3.51,3.51,3.5,3.51
1739523600,3.51,3.52,3.5,3.52
1739525400,3.51,3.52,3.51,3.52
1739527200,3.52,3.52,3.51,3.51
1739529000,3.51,3.52,3.51,3.52
1739530800,3.51,3.54,3.5,3.52
1739532600,3.53,3.54,3.5,3.5
1739534400,3.51,3.52,3.5,3.51
1739536200,3.51,3.51,3.5,3.51
1739538000,3.51,3.52,3.5,3.52
1739539800,3.52,3.52,3.5,3.52
1739541600,3.52,3.52,3.5,3.51
1739543400,3.52,3.53,3.51,3.53
1739545200,3.53,3.53,3.52,3.52
1739773800,3.52,3.52,3.52,3.52
1739775600,3.52,3.53,3.51,3.52
1739777400,3.52,3.54,3.51,3.54
1739779200,3.53,3.54,3.53,3.54
1739781000,3.53,3.54,3.53,3.54
1739782800,3.54,3.54,3.51,3.51
1739784600,3.51,3.52,3.51,3.51
1739786400,3.52,3.53,3.51,3.52
1739788200,3.53,3.53,3.51,3.52
1739790000,3.52,3.53,3.51,3.53
1739791800,3.53,3.53,3.51,3.51
1739793600,3.51,3.53,3.51,3.53
1739795400,3.52,3.53,3.52,3.52
1739797200,3.53,3.53,3.52,3.53
1739799000,3.53,3.54,3.51,3.52
1739800800,3.52,3.52,3.49,3.49
1739802600,3.5,3.5,3.48,3.49
1739804400,3.49,3.49,3.49,3.49
1739860200,3.48,3.48,3.48,3.48
1739862000,3.47,3.49,3.46,3.47
1739863800,3.46,3.47,3.45,3.46
1739865600,3.46,3.47,3.45,3.46
1739867400,3.47,3.47,3.45,3.45
1739869200,3.46,3.46,3.45,3.46
1739871000,3.46,3.46,3.43,3.44
1739872800,3.44,3.44,3.42,3.43
1739874600,3.43,3.44,3.42,3.44
1739876400,3.44,3.44,3.43,3.44
1739878200,3.44,3.45,3.43,3.44
1739880000,3.45,3.45,3.43,3.44
1739881800,3.44,3.45,3.43,3.44
1739883600,3.44,3.44,3.43,3.44
1739885400,3.44,3.53,3.43,3.53
1739887200,3.53,3.54,3.52,3.53
1739889000,3.54,3.54,3.51,3.53
1739890800,3.52,3.52,3.52,3.52
1739946600,3.51,3.51,3.51,3.51
1739948400,3.51,3.53,3.5,3.52
1739950200,3.51,3.53,3.5,3.51
1739952000,3.51,3.52,3.5,3.51
1739953800,3.5,3.51,3.5,3.51
1739955600,3.51,3.51,3.5,3.51
1739957400,3.51,3.52,3.5,3.51
1739959200,3.51,3.52,3.5,3.51
1739961000,3.5,3.51,3.5,3.51
1739962800,3.5,3.51,3.49,3.51
1739964600,3.51,3.51,3.5,3.5
1739966400,3.51,3.51,3.5,3.5
1739968200,3.5,3.51,3.5,3.5
1739970000,3.51,3.51,3.48,3.49
1739971800,3.49,3.49,3.45,3.46
1739973600,3.45,3.48,3.45,3.48
1739975400,3.48,3.49,3.47,3.49
1739977200,3.49,3.49,3.47,3.47
1740033000,3.48,3.48,3.48,3.48
1740034800,3.48,3.66,3.47,3.6
1740036600,3.59,3.66,3.59,3.63
1740038400,3.63,3.64,3.62,3.63
1740040200,3.63,3.63,3.62,3.63
1740042000,3.63,3.64,3.62,3.62
1740043800,3.62,3.64,3.62,3.62
1740045600,3.63,3.63,3.61,3.62
1740047400,3.62,3.62,3.61,3.61
1740049200,3.62,3.63,3.61,3.62
1740051000,3.62,3.63,3.61,3.62
1740052800,3.61,3.64,3.61,3.63
1740054600,3.62,3.64,3.62,3.62
1740056400,3.62,3.67,3.62,3.66
1740058200,3.66,3.68,3.65,3.66
1740060000,3.66,3.66,3.64,3.66
1740061800,3.65,3.66,3.62,3.66
1740063600,3.66,3.66,3.64,3.64
1740119400,3.64,3.64,3.64,3.64
1740121200,3.64,3.67,3.62,3.66
1740123000,3.67,3.68,3.63,3.64
1740124800,3.64,3.67,3.63,3.66
1740126600,3.67,3.67,3.64,3.65
1740128400,3.64,3.65,3.63,3.64
1740130200,3.65,3.65,3.64,3.65
1740132000,3.65,3.65,3.63,3.64
1740133800,3.63,3.64,3.62,3.62
1740135600,3.63,3.63,3.6,3.61
1740137400,3.62,3.62,3.6,3.61
1740139200,3.6,3.61,3.59,3.6
1740141000,3.6,3.6,3.57,3.59
1740142800,3.59,3.59,3.55,3.57
1740144600,3.56,3.57,3.54,3.55
1740146400,3.54,3.56,3.48,3.49
1740148200,3.49,3.52,3.47,3.52
1740150000,3.51,3.51,3.51,3.51
1740378600,3.55,3.55,3.55,3.55
1740380400,3.55,3.57,3.52,3.53
1740382200,3.54,3.54,3.52,3.53
1740384000,3.53,3.53,3.51,3.52
1740385800,3.52,3.53,3.51,3.53
1740387600,3.53,3.54,3.52,3.53
1740389400,3.53,3.54,3.52,3.53
1740391200,3.53,3.53,3.52,3.53
1740393000,3.53,3.53,3.51,3.52
1740394800,3.51,3.54,3.51,3.54
1740396600,3.54,3.56,3.54,3.56
1740398400,3.56,3.56,3.54,3.56
1740400200,3.55,3.56,3.55,3.55
1740402000,3.56,3.56,3.55,3.56
1740403800,3.56,3.57,3.55,3.56
1740405600,3.55,3.59,3.54,3.56
1740407400,3.55,3.56,3.51,3.54
1740409200,3.53,3.53,3.53,3.53
1740465000,3.53,3.53,3.53,3.53
1740466800,3.54,3.54,3.5,3.51
1740468600,3.52,3.53,3.51,3.52
1740470400,3.52,3.53,3.5,3.53
1740472200,3.53,3.53,3.51,3.52
1740474000,3.52,3.52,3.49,3.49
1740475800,3.5,3.5,3.48,3.48
1740477600,3.48,3.5,3.48,3.49
1740479400,3.49,3.5,3.47,3.49
1740481200,3.49,3.49,3.48,3.49
1740483000,3.48,3.49,3.48,3.49
1740484800,3.48,3.52,3.48,3.51
1740486600,3.51,3.52,3.49,3.5
1740488400,3.49,3.5,3.49,3.5
1740490200,3.5,3.5,3.48,3.49
1740492000,3.49,3.49,3.45,3.48
1740493800,3.48,3.48,3.46,3.47
1740495600,3.47,3.47,3.47,3.47
1740551400,3.48,3.48,3.48,3.48
1740553200,3.48,3.51,3.46,3.49
1740555000,3.49,3.5,3.48,3.49
1740556800,3.49,3.51,3.48,3.5
1740558600,3.51,3.52,3.49,3.49
1740560400,3.49,3.5,3.48,3.5
1740562200,3.49,3.5,3.49,3.5
1740564000,3.5,3.5,3.48,3.49
1740565800,3.49,3.5,3.48,3.5
1740567600,3.49,3.5,3.48,3.5
1740569400,3.5,3.5,3.49,3.49
1740571200,3.49,3.52,3.49,3.52
1740573000,3.52,3.53,3.5,3.51
1740574800,3.51,3.52,3.5,3.52
1740576600,3.52,3.53,3.51,3.51
1740578400,3.52,3.52,3.49,3.5
1740580200,3.5,3.5,3.47,3.49
1740582000,3.48,3.48,3.48,3.48
1740637800,3.49,3.49,3.49,3.49
1740639600,3.48,3.51,3.48,3.5
1740641400,3.5,3.51,3.49,3.5
1740643200,3.5,3.5,3.48,3.49
1740645000,3.48,3.5,3.48,3.5
1740646800,3.5,3.5,3.49,3.5
1740648600,3.5,3.5,3.49,3.5
1740650400,3.5,3.51,3.49,3.5
1740652200,3.5,3.51,3.49,3.51
1740654000,3.51,3.51,3.5,3.51
1740655800,3.5,3.52,3.5,3.52
1740657600,3.52,3.53,3.51,3.51
1740659400,3.52,3.55,3.51,3.55
1740661200,3.55,3.55,3.51,3.52
1740663000,3.52,3.52,3.5,3.51
1740664800,3.51,3.51,3.49,3.5
1740666600,3.5,3.51,3.49,3.5
1740668400,3.5,3.5,3.5,3.5
1740724200,3.49,3.49,3.49,3.49
1740726000,3.49,3.51,3.49,3.51
1740727800,3.51,3.52,3.5,3.52
1740729600,3.52,3.52,3.5,3.51
1740731400,3.51,3.51,3.49,3.5
1740733200,3.5,3.5,3.49,3.5
1740735000,3.49,3.5,3.49,3.49
1740736800,3.5,3.5,3.49,3.49
1740738600,3.5,3.51,3.49,3.5
1740740400,3.49,3.5,3.48,3.49
1740742200,3.49,3.49,3.47,3.47
1740744000,3.48,3.49,3.47,3.47
1740745800,3.48,3.49,3.47,3.49
1740747600,3.48,3.49,3.47,3.48
1740749400,3.48,3.49,3.47,3.49
1740751200,3.49,3.49,3.48,3.48
1740753000,3.48,3.49,3.47,3.49
1740754800,3.53,3.53,3.53,3.53
1740983400,3.62,3.62,3.62,3.62
1740985200,3.63,3.64,3.58,3.6
1740987000,3.59,3.62,3.59,3.59
1740988800,3.59,3.6,3.58,3.59
1740990600,3.6,3.61,3.59,3.61
1740992400,3.61,3.61,3.6,3.61
1740994200,3.61,3.64,3.59,3.64
1740996000,3.64,3.65,3.61,3.62
1740997800,3.62,3.63,3.6,3.61
1740999600,3.61,3.61,3.59,3.6
1741001400,3.59,3.6,3.59,3.6
1741003200,3.6,3.6,3.58,3.58
1741005000,3.59,3.59,3.58,3.59
1741006800,3.59,3.59,3.58,3.59
1741008600,3.59,3.59,3.58,3.58
1741010400,3.59,3.59,3.58,3.59
1741012200,3.59,3.59,3.57,3.58
1741014000,3.58,3.58,3.57,3.57
1741069800,3.55,3.55,3.55,3.55
1741071600,3.55,3.55,3.51,3.52
1741073400,3.52,3.52,3.48,3.49
1741075200,3.49,3.49,3.48,3.49
1741077000,3.49,3.49,3.47,3.48
1741078800,3.48,3.48,3.47,3.48
1741080600,3.48,3.48,3.47,3.48
1741082400,3.48,3.48,3.47,3.48
1741084200,3.48,3.48,3.46,3.47
1741086000,3.46,3.47,3.46,3.47
1741087800,3.46,3.47,3.46,3.46
1741089600,3.46,3.47,3.46,3.47
1741091400,3.47,3.48,3.46,3.48
1741093200,3.48,3.48,3.46,3.47
1741095000,3.47,3.47,3.46,3.47
1741096800,3.47,3.47,3.46,3.47
1741098600,3.47,3.48,3.45,3.48
1741100400,3.48,3.48,3.47,3.47
1741156200,3.49,3.49,3.49,3.49
1741158000,3.49,3.5,3.48,3.49
1741159800,3.5,3.5,3.47,3.48
1741161600,3.47,3.48,3.47,3.47
1741163400,3.47,3.48,3.47,3.48
1741165200,3.47,3.48,3.47,3.48
1741167000,3.48,3.48,3.47,3.48
1741168800,3.48,3.48,3.47,3.48
1741170600,3.48,3.49,3.47,3.49
1741172400,3.49,3.51,3.48,3.49
1741174200,3.49,3.49,3.48,3.49
1741176000,3.49,3.49,3.48,3.49
1741177800,3.49,3.51,3.47,3.51
1741179600,3.51,3.51,3.49,3.5
1741181400,3.5,3.52,3.49,3.51
1741183200,3.51,3.53,3.49,3.49
1741185000,3.49,3.51,3.49,3.51
1741186800,3.51,3.51,3.51,3.51
1741242600,3.52,3.52,3.52,3.52
1741244400,3.52,3.54,3.5,3.54
1741246200,3.54,3.56,3.53,3.54
1741248000,3.54,3.59,3.54,3.59
1741249800,3.58,3.6,3.55,3.55
1741251600,3.56,3.58,3.55,3.57
1741253400,3.57,3.58,3.56,3.57
1741255200,3.56,3.59,3.56,3.58
1741257000,3.57,3.59,3.57,3.58
1741258800,3.58,3.62,3.56,3.61
1741260600,3.61,3.61,3.58,3.59
1741262400,3.6,3.6,3.58,3.6
1741264200,3.6,3.63,3.59,3.61
1741266000,3.6,3.62,3.6,3.61
1741267800,3.61,3.64,3.6,3.63
1741269600,3.63,3.71,3.62,3.69
1741271400,3.69,3.74,3.69,3.72
1741273200,3.73,3.73,3.73,3.73
1741329000,3.71,3.71,3.71,3.71
1741330800,3.7,3.74,3.7,3.74
1741332600,3.74,3.77,3.73,3.76
1741334400,3.76,3.76,3.72,3.74
1741336200,3.74,3.75,3.73,3.75
1741338000,3.75,3.75,3.74,3.75
1741339800,3.75,3.75,3.73,3.74
1741341600,3.73,3.74,3.71,3.73
1741343400,3.72,3.73,3.71,3.72
1741345200,3.72,3.73,3.71,3.71
1741347000,3.72,3.72,3.7,3.7
1741348800,3.7,3.71,3.69,3.7
1741350600,3.7,3.71,3.69,3.7
1741352400,3.71,3.72,3.69,3.71
1741354200,3.71,3.74,3.7,3.71
1741356000,3.71,3.72,3.7,3.71
1741357800,3.71,3.74,3.7,3.73
1741359600,3.73,3.73,3.73,3.73
1741588200,3.74,3.74,3.74,3.74
1741590000,3.74,3.78,3.72,3.76
1741591800,3.75,3.76,3.73,3.74
1741593600,3.74,3.74,3.7,3.71
1741595400,3.71,3.71,3.7,3.71
1741597200,3.7,3.71,3.69,3.69
1741599000,3.69,3.7,3.69,3.7
1741600800,3.69,3.7,3.69,3.7
1741602600,3.7,3.71,3.69,3.71
1741604400,3.71,3.71,3.7,3.71
1741606200,3.7,3.71,3.7,3.71
1741608000,3.71,3.71,3.7,3.71
1741609800,3.71,3.71,3.7,3.71
1741611600,3.71,3.71,3.69,3.7
1741613400,3.7,3.7,3.68,3.69
1741615200,3.68,3.69,3.66,3.66
1741617000,3.66,3.68,3.66,3.67
1741618800,3.67,3.67,3.66,3.66
1741674600,3.68,3.68,3.68,3.68
1741676400,3.67,3.69,3.66,3.69
1741678200,3.69,3.74,3.68,3.73
1741680000,3.72,3.79,3.72,3.77
1741681800,3.77,3.78,3.76,3.77
1741683600,3.77,3.77,3.75,3.76
1741685400,3.75,3.76,3.74,3.74
1741687200,3.75,3.75,3.74,3.75
1741689000,3.74,3.75,3.74,3.75
1741690800,3.75,3.76,3.73,3.76
1741692600,3.76,3.76,3.74,3.75
1741694400,3.75,3.75,3.73,3.74
1741696200,3.74,3.74,3.72,3.73
1741698000,3.73,3.74,3.72,3.73
1741699800,3.73,3.78,3.73,3.77
1741701600,3.77,3.77,3.75,3.77
1741703400,3.76,3.79,3.76,3.78
1741705200,3.79,3.79,3.79,3.79
1741761000,3.79,3.79,3.79,3.79
1741762800,3.8,3.8,3.76,3.77
1741764600,3.77,3.78,3.76,3.78
1741766400,3.78,3.79,3.77,3.79
1741768200,3.78,3.8,3.76,3.8
1741770000,3.8,3.84,3.79,3.83
1741771800,3.83,3.84,3.81,3.81
1741773600,3.82,3.83,3.8,3.82
1741775400,3.82,3.84,3.81,3.82
1741777200,3.81,3.83,3.81,3.83
1741779000,3.83,3.83,3.8,3.81
1741780800,3.82,3.82,3.81,3.82
1741782600,3.82,3.83,3.8,3.82
1741784400,3.82,3.82,3.8,3.82
1741786200,3.82,3.83,3.81,3.83
1741788000,3.83,3.83,3.81,3.82
1741789800,3.82,3.83,3.81,3.83
1741791600,3.83,3.83,3.82,3.82
1741847400,3.84,3.84,3.84,3.84
1741849200,3.84,3.87,3.84,3.87
1741851000,3.87,3.88,3.86,3.87
1741852800,3.86,3.88,3.84,3.86
1741854600,3.86,3.86,3.84,3.85
1741856400,3.85,3.86,3.84,3.86
1741858200,3.86,3.86,3.84,3.86
1741860000,3.85,3.86,3.84,3.86
1741861800,3.86,3.86,3.85,3.85
1741863600,3.85,3.86,3.85,3.85
1741865400,3.86,3.86,3.84,3.84
1741867200,3.85,3.85,3.83,3.84
1741869000,3.84,3.84,3.82,3.83
1741870800,3.83,3.84,3.81,3.82
1741872600,3.82,3.83,3.81,3.82
1741874400,3.82,3.84,3.82,3.84
1741876200,3.84,3.87,3.83,3.87
1741878000,3.87,3.87,3.86,3.86
1741933800,3.89,3.89,3.89,3.89
1741935600,3.88,3.89,3.85,3.86
1741937400,3.86,3.87,3.85,3.87
1741939200,3.87,3.88,3.86,3.87
1741941000,3.88,3.88,3.86,3.86
1741942800,3.86,3.87,3.86,3.87
1741944600,3.87,3.87,3.86,3.87
1741946400,3.87,3.87,3.86,3.87
1741948200,3.87,3.89,3.86,3.88
1741950000,3.89,3.9,3.88,3.88
1741951800,3.89,3.92,3.88,3.91
1741953600,3.92,3.96,3.91,3.95
1741955400,3.95,3.95,3.93,3.93
1741957200,3.94,3.97,3.93,3.94
1741959000,3.94,3.94,3.92,3.93
1741960800,3.92,3.94,3.92,3.94
1741962600,3.93,3.95,3.93,3.95
1741964400,3.95,3.95,3.95,3.95
1742193000,3.96,3.96,3.96,3.96
1742194800,3.96,3.97,3.93,3.94
1742196600,3.94,3.94,3.93,3.94
1742198400,3.94,3.95,3.93,3.95
1742200200,3.95,3.97,3.94,3.96
1742202000,3.95,3.96,3.94,3.95
1742203800,3.95,3.96,3.94,3.95
1742205600,3.96,3.97,3.95,3.96
1742207400,3.95,3.96,3.94,3.95
1742209200,3.95,3.96,3.94,3.96
1742211000,3.96,3.96,3.95,3.96
1742212800,3.96,3.96,3.95,3.95
1742214600,3.96,3.96,3.94,3.96
1742216400,3.95,4,3.95,4
1742218200,4,4,3.98,3.99
1742220000,3.99,4,3.99,3.99
1742221800,4,4.02,3.99,4.02
1742223600,4.01,4.01,4.01,4.01
1742279400,4,4,4,4
1742281200,4,4.02,3.93,3.95
1742283000,3.94,3.95,3.93,3.94
1742284800,3.95,3.97,3.94,3.95
1742286600,3.95,3.96,3.94,3.95
1742288400,3.95,3.97,3.94,3.97
1742290200,3.97,3.97,3.95,3.97
1742292000,3.96,3.98,3.96,3.97
1742293800,3.97,3.97,3.96,3.97
1742295600,3.96,3.97,3.95,3.96
1742297400,3.96,3.98,3.95,3.97
1742299200,3.97,4.01,3.97,3.99
1742301000,3.99,3.99,3.97,3.99
1742302800,3.98,4,3.98,3.99
1742304600,4,4,3.98,3.99
1742306400,3.99,4,3.98,3.98
1742308200,3.99,3.99,3.97,3.98
1742310000,3.98,3.98,3.97,3.97
1742365800,3.71,3.71,3.71,3.71
1742367600,3.71,3.71,3.71,3.71
1742369400,3.71,3.78,3.7,3.75
1742371200,3.74,3.76,3.68,3.76
1742373000,3.76,3.79,3.72,3.73
1742374800,3.73,3.77,3.71,3.74
1742376600,3.74,3.74,3.7,3.72
1742378400,3.72,3.73,3.69,3.7
1742380200,3.69,3.7,3.69,3.7
1742382000,3.7,3.7,3.68,3.69
1742383800,3.69,3.72,3.68,3.71
1742385600,3.71,3.71,3.59,3.61
1742387400,3.61,3.64,3.6,3.64
1742389200,3.64,3.65,3.62,3.63
1742391000,3.62,3.63,3.6,3.61
1742392800,3.61,3.61,3.58,3.58
1742394600,3.58,3.58,3.58,3.58
1742396400,3.58,3.58,3.58,3.58
1742452200,3.58,3.58,3.58,3.58
1742454000,3.58,3.65,3.58,3.63
1742455800,3.63,3.72,3.62,3.71
1742457600,3.72,3.72,3.69,3.7
1742459400,3.71,3.73,3.7,3.71
1742461200,3.71,3.73,3.69,3.72
1742463000,3.73,3.73,3.68,3.71
1742464800,3.71,3.71,3.66,3.66
1742466600,3.67,3.7,3.66,3.7
1742468400,3.69,3.71,3.66,3.67
1742470200,3.67,3.68,3.65,3.67
1742472000,3.67,3.68,3.65,3.68
1742473800,3.67,3.68,3.6,3.61
1742475600,3.61,3.61,3.53,3.54
1742477400,3.55,3.64,3.53,3.61
1742479200,3.61,3.62,3.59,3.6
1742481000,3.59,3.66,3.59,3.61
1742482800,3.6,3.6,3.6,3.6
1742538600,3.59,3.59,3.59,3.59
1742540400,3.59,3.6,3.47,3.52
1742542200,3.51,3.52,3.42,3.42
1742544000,3.42,3.43,3.3,3.34
1742545800,3.34,3.4,3.34,3.36
1742547600,3.35,3.38,3.24,3.33
1742549400,3.33,3.4,3.31,3.39
1742551200,3.39,3.39,3.32,3.38
1742553000,3.38,3.42,3.36,3.39
1742554800,3.39,3.41,3.36,3.37
1742556600,3.37,3.38,3.32,3.34
1742558400,3.34,3.36,3.31,3.32
1742560200,3.31,3.35,3.31,3.35
1742562000,3.35,3.35,3.29,3.33
1742563800,3.33,3.34,3.3,3.33
1742565600,3.32,3.34,3.27,3.34
1742567400,3.34,3.35,3.29,3.33
1742569200,3.33,3.33,3.31,3.31
1742797800,3.31,3.31,3.31,3.31
1742799600,3.32,3.4,3.31,3.36
1742801400,3.36,3.41,3.35,3.39
1742803200,3.38,3.4,3.37,3.39
1742805000,3.39,3.39,3.34,3.35
1742806800,3.36,3.36,3.33,3.34
1742808600,3.34,3.35,3.31,3.33
1742810400,3.32,3.33,3.26,3.27
1742812200,3.27,3.28,3.18,3.21
1742814000,3.21,3.25,3.16,3.21
1742815800,3.21,3.26,3.16,3.24
1742817600,3.25,3.29,3.24,3.26
1742819400,3.26,3.28,3.24,3.27
1742821200,3.27,3.29,3.26,3.28
1742823000,3.28,3.28,3.21,3.23
1742824800,3.23,3.33,3.22,3.31
1742826600,3.31,3.35,3.3,3.35
1742828400,3.34,3.34,3.33,3.33
1742884200,3.37,3.37,3.37,3.37
1742886000,3.37,3.39,3.33,3.36
1742887800,3.36,3.37,3.34,3.36
1742889600,3.36,3.38,3.35,3.37
1742891400,3.37,3.39,3.35,3.38
1742893200,3.38,3.41,3.37,3.4
1742895000,3.4,3.48,3.39,3.46
1742896800,3.47,3.47,3.42,3.43
1742898600,3.43,3.43,3.39,3.41
1742900400,3.41,3.41,3.38,3.41
1742902200,3.41,3.42,3.38,3.39
1742904000,3.39,3.4,3.38,3.39
1742905800,3.39,3.4,3.36,3.39
1742907600,3.39,3.42,3.38,3.42
1742909400,3.42,3.43,3.4,3.42
1742911200,3.43,3.45,3.42,3.44
1742913000,3.44,3.47,3.42,3.43
1742914800,3.44,3.44,3.44,3.44
1742970600,3.4,3.4,3.4,3.4
1742972400,3.39,3.41,3.38,3.39
1742974200,3.39,3.41,3.37,3.39
1742976000,3.39,3.41,3.38,3.41
1742977800,3.41,3.42,3.39,3.4
1742979600,3.41,3.42,3.39,3.4
1742981400,3.4,3.4,3.38,3.39
1742983200,3.39,3.4,3.37,3.38
1742985000,3.38,3.39,3.36,3.37
1742986800,3.37,3.39,3.36,3.38
1742988600,3.39,3.39,3.37,3.38
1742990400,3.39,3.39,3.37,3.39
1742992200,3.38,3.39,3.36,3.37
1742994000,3.37,3.4,3.36,3.4
1742995800,3.4,3.43,3.39,3.4
1742997600,3.4,3.47,3.39,3.47
1742999400,3.47,3.47,3.43,3.44
1743001200,3.45,3.45,3.45,3.45
1743057000,3.49,3.49,3.49,3.49
1743058800,3.5,3.56,3.49,3.55
1743060600,3.56,3.57,3.54,3.56
1743062400,3.56,3.57,3.55,3.56
1743064200,3.55,3.59,3.55,3.58
1743066000,3.58,3.58,3.54,3.54
1743067800,3.55,3.56,3.54,3.56
1743069600,3.56,3.56,3.54,3.55
1743071400,3.55,3.55,3.53,3.54
1743073200,3.54,3.56,3.54,3.55
1743075000,3.55,3.56,3.54,3.56
1743076800,3.56,3.56,3.53,3.54
1743078600,3.54,3.56,3.52,3.54
1743080400,3.54,3.71,3.52,3.68
1743082200,3.68,3.73,3.66,3.67
1743084000,3.67,3.76,3.67,3.75
1743085800,3.76,3.76,3.71,3.72
1743087600,3.72,3.72,3.7,3.7
1743143400,3.72,3.72,3.72,3.72
1743145200,3.71,3.82,3.71,3.79
1743147000,3.78,3.79,3.77,3.78
1743148800,3.78,3.78,3.72,3.73
1743150600,3.74,3.75,3.73,3.74
1743152400,3.74,3.76,3.71,3.74
1743154200,3.75,3.75,3.72,3.73
1743156000,3.72,3.73,3.71,3.73
1743157800,3.72,3.73,3.7,3.72
1743159600,3.73,3.74,3.71,3.73
1743161400,3.74,3.76,3.72,3.74
1743163200,3.74,3.76,3.73,3.76
1743165000,3.75,3.76,3.74,3.75
1743166800,3.75,3.77,3.74,3.75
1743168600,3.75,3.76,3.74,3.74
1743170400,3.75,3.76,3.71,3.75
1743172200,3.75,3.75,3.73,3.74
1743174000,3.74,3.74,3.73,3.74
1743575400,3.72,3.72,3.72,3.72
1743577200,3.72,3.77,3.7,3.75
1743579000,3.75,3.76,3.74,3.76
1743580800,3.76,3.76,3.73,3.74
1743582600,3.74,3.74,3.72,3.72
1743584400,3.73,3.74,3.72,3.73
1743586200,3.72,3.73,3.71,3.73
1743588000,3.72,3.73,3.71,3.73
1743589800,3.72,3.73,3.72,3.73
1743591600,3.72,3.73,3.72,3.73
1743593400,3.73,3.73,3.72,3.73
1743595200,3.73,3.74,3.72,3.74
1743597000,3.73,3.74,3.72,3.74
1743598800,3.74,3.75,3.7,3.72
1743600600,3.71,3.74,3.71,3.73
1743602400,3.74,3.79,3.73,3.76
1743604200,3.76,3.77,3.73,3.73
1743606000,3.75,3.75,3.72,3.72
1743661800,3.73,3.73,3.73,3.73
1743663600,3.73,3.79,3.72,3.74
1743665400,3.73,3.74,3.72,3.74
1743667200,3.74,3.75,3.71,3.73
1743669000,3.73,3.73,3.71,3.73
1743670800,3.73,3.74,3.72,3.73
1743672600,3.73,3.73,3.71,3.72
1743674400,3.73,3.73,3.72,3.73
1743676200,3.73,3.75,3.72,3.74
1743678000,3.74,3.74,3.72,3.73
1743679800,3.73,3.73,3.71,3.72
1743681600,3.72,3.72,3.7,3.72
1743683400,3.72,3.72,3.67,3.68
1743685200,3.67,3.68,3.66,3.66
1743687000,3.67,3.69,3.66,3.67
1743688800,3.66,3.68,3.66,3.68
1743690600,3.68,3.68,3.62,3.62
1743692400,3.62,3.62,3.62,3.62
1743748200,3.62,3.62,3.62,3.62
1743750000,3.61,3.62,3.57,3.59
1743751800,3.59,3.59,3.57,3.58
1743753600,3.58,3.59,3.57,3.59
1743755400,3.58,3.6,3.58,3.59
1743757200,3.59,3.6,3.58,3.59
1743759000,3.59,3.59,3.58,3.59
1743760800,3.59,3.6,3.56,3.57
1743762600,3.57,3.57,3.53,3.54
1743764400,3.54,3.55,3.51,3.53
1743766200,3.52,3.55,3.52,3.54
1743768000,3.54,3.54,3.52,3.53
1743769800,3.53,3.54,3.52,3.53
1743771600,3.53,3.54,3.52,3.53
1743773400,3.53,3.54,3.52,3.54
1743775200,3.54,3.54,3.52,3.53
1743777000,3.52,3.54,3.52,3.54
1743778800,3.54,3.54,3.53,3.53
1744007400,3.47,3.47,3.47,3.47
1744009200,3.46,3.46,3.38,3.45
1744011000,3.45,3.48,3.43,3.47
1744012800,3.47,3.5,3.46,3.47
1744014600,3.47,3.48,3.46,3.47
1744016400,3.46,3.47,3.44,3.45
1744018200,3.44,3.46,3.44,3.44
1744020000,3.45,3.48,3.44,3.47
1744021800,3.47,3.51,3.46,3.49
1744023600,3.49,3.52,3.48,3.52
1744025400,3.52,3.52,3.5,3.51
1744027200,3.51,3.55,3.49,3.54
1744029000,3.54,3.58,3.52,3.56
1744030800,3.56,3.57,3.54,3.55
1744032600,3.55,3.62,3.54,3.62
1744034400,3.62,3.65,3.58,3.61
1744036200,3.6,3.61,3.56,3.61
1744038000,3.61,3.61,3.61,3.61
1744093800,3.66,3.66,3.66,3.66
1744095600,3.66,3.67,3.63,3.64
1744097400,3.64,3.66,3.64,3.66
1744099200,3.66,3.66,3.63,3.63
1744101000,3.63,3.65,3.63,3.64
1744102800,3.64,3.65,3.63,3.64
1744104600,3.63,3.64,3.62,3.64
1744106400,3.63,3.64,3.61,3.63
1744108200,3.62,3.64,3.62,3.62
1744110000,3.63,3.64,3.62,3.62
1744111800,3.63,3.68,3.62,3.67
1744113600,3.67,3.69,3.65,3.69
1744115400,3.69,3.69,3.66,3.67
1744117200,3.66,3.69,3.66,3.69
1744119000,3.69,3.73,3.68,3.7
1744120800,3.71,3.72,3.69,3.71
1744122600,3.71,3.72,3.69,3.7
1744124400,3.7,3.7,3.69,3.69
1744180200,3.66,3.66,3.66,3.66
1744182000,3.66,3.71,3.65,3.71
1744183800,3.71,3.71,3.69,3.71
1744185600,3.7,3.71,3.68,3.69
1744187400,3.69,3.72,3.68,3.71
1744189200,3.71,3.71,3.68,3.7
1744191000,3.69,3.7,3.69,3.7
1744192800,3.69,3.71,3.68,3.69
1744194600,3.68,3.71,3.68,3.7
1744196400,3.69,3.7,3.67,3.68
1744198200,3.68,3.68,3.64,3.65
1744200000,3.66,3.67,3.64,3.66
1744201800,3.66,3.67,3.65,3.66
1744203600,3.66,3.68,3.65,3.67
1744205400,3.67,3.73,3.66,3.72
1744207200,3.73,3.76,3.69,3.7
1744209000,3.7,3.72,3.67,3.68
1744210800,3.68,3.68,3.68,3.68
1744266600,3.8,3.8,3.8,3.8
1744268400,3.8,3.8,3.75,3.76
1744270200,3.77,3.77,3.74,3.76
1744272000,3.76,3.77,3.75,3.76
1744273800,3.75,3.77,3.75,3.75
1744275600,3.76,3.77,3.75,3.77
1744277400,3.76,3.77,3.75,3.76
1744279200,3.75,3.77,3.75,3.77
1744281000,3.76,3.77,3.75,3.77
1744282800,3.77,3.77,3.76,3.77
1744284600,3.77,3.83,3.76,3.82
1744286400,3.82,3.88,3.81,3.87
1744288200,3.87,3.95,3.86,3.91
1744290000,3.91,3.93,3.86,3.87
1744291800,3.87,3.89,3.85,3.88
1744293600,3.89,3.89,3.85,3.86
1744295400,3.85,3.87,3.82,3.83
1744297200,3.83,3.83,3.83,3.83
1744353000,3.85,3.85,3.85,3.85
1744354800,3.85,3.9,3.83,3.89
1744356600,3.88,3.92,3.88,3.92
1744358400,3.92,3.93,3.89,3.92
1744360200,3.92,3.94,3.9,3.92
1744362000,3.92,3.93,3.91,3.92
1744363800,3.92,3.92,3.87,3.9
1744365600,3.91,3.92,3.9,3.91
1744367400,3.91,3.94,3.9,3.93
1744369200,3.93,3.93,3.87,3.87
1744371000,3.87,3.9,3.87,3.89
1744372800,3.9,3.91,3.89,3.9
1744374600,3.91,3.92,3.9,3.92
1744376400,3.91,3.95,3.91,3.94
1744378200,3.94,3.98,3.92,3.95
1744380000,3.95,3.96,3.93,3.96
1744381800,3.95,3.99,3.95,3.99
1744383600,3.99,3.99,3.99,3.99
1744612200,4.01,4.01,4.01,4.01
1744614000,4.01,4.03,3.98,4
1744615800,4,4.02,3.97,4.01
1744617600,4.02,4.12,4,4.07
1744619400,4.07,4.09,4.06,4.07
1744621200,4.08,4.1,4.07,4.09
1744623000,4.09,4.11,4.08,4.1
1744624800,4.1,4.15,4.1,4.12
1744626600,4.12,4.13,4.11,4.12
1744628400,4.13,4.15,4.1,4.12
1744630200,4.12,4.12,4.1,4.11
1744632000,4.1,4.11,4.09,4.1
1744633800,4.1,4.11,4.07,4.1
1744635600,4.09,4.11,4.08,4.11
1744637400,4.1,4.12,4.09,4.1
1744639200,4.11,4.11,4.09,4.09
1744641000,4.09,4.1,4.07,4.08
1744642800,4.08,4.08,4.08,4.08
1744698600,4.09,4.09,4.09,4.09
1744700400,4.1,4.22,4.09,4.2
1744702200,4.2,4.22,4.15,4.17
1744704000,4.17,4.2,4.11,4.2
1744705800,4.2,4.21,4.17,4.18
1744707600,4.18,4.19,4.17,4.19
1744709400,4.19,4.19,4.17,4.19
1744711200,4.19,4.19,4.17,4.17
1744713000,4.18,4.18,4.16,4.17
1744714800,4.17,4.18,4.15,4.17
1744716600,4.17,4.27,4.17,4.26
1744718400,4.26,4.26,4.21,4.22
1744720200,4.22,4.22,4.18,4.2
1744722000,4.19,4.23,4.18,4.22
1744723800,4.23,4.26,4.21,4.25
1744725600,4.25,4.25,4.2,4.21
1744727400,4.2,4.24,4.2,4.23
1744729200,4.23,4.23,4.23,4.23
1744785000,4.24,4.24,4.24,4.24
1744786800,4.24,4.25,4.21,4.23
1744788600,4.24,4.24,4.21,4.22
1744790400,4.22,4.25,4.2,4.24
1744792200,4.24,4.29,4.23,4.26
1744794000,4.25,4.27,4.22,4.24
1744795800,4.23,4.24,4.22,4.23
1744797600,4.23,4.27,4.23,4.24
1744799400,4.24,4.26,4.22,4.25
1744801200,4.24,4.25,4.21,4.22
1744803000,4.22,4.23,4.21,4.22
1744804800,4.22,4.24,4.21,4.24
1744806600,4.24,4.24,4.21,4.22
1744808400,4.21,4.22,4.2,4.22
1744810200,4.22,4.24,4.21,4.23
1744812000,4.24,4.25,4.22,4.23
1744813800,4.24,4.26,4.22,4.23
1744815600,4.22,4.22,4.22,4.22
1744871400,4.23,4.23,4.23,4.23
1744873200,4.24,4.31,4.24,4.28
1744875000,4.28,4.29,4.25,4.27
1744876800,4.27,4.28,4.24,4.26
1744878600,4.25,4.26,4.22,4.25
1744880400,4.24,4.25,4.23,4.25
1744882200,4.24,4.26,4.24,4.25
1744884000,4.24,4.25,4.22,4.24
1744885800,4.24,4.24,4.23,4.24
1744887600,4.23,4.24,4.2,4.21
1744889400,4.21,4.21,4.14,4.14
1744891200,4.14,4.14,4.08,4.1
1744893000,4.1,4.18,4.1,4.18
1744894800,4.18,4.19,4.15,4.17
1744896600,4.17,4.2,4.16,4.18
1744898400,4.18,4.23,4.16,4.22
1744900200,4.23,4.23,4.19,4.2
1744902000,4.2,4.2,4.2,4.2
1744957800,4.22,4.22,4.22,4.22
1744959600,4.23,4.25,4.2,4.25
1744961400,4.25,4.26,4.23,4.25
1744963200,4.26,4.26,4.23,4.23
1744965000,4.23,4.24,4.23,4.23
1744966800,4.23,4.24,4.23,4.24
1744968600,4.23,4.24,4.23,4.23
1744970400,4.23,4.26,4.23,4.25
1744972200,4.24,4.25,4.23,4.24
1744974000,4.25,4.25,4.24,4.24
1744975800,4.25,4.25,4.24,4.24
1744977600,4.24,4.27,4.24,4.27
1744979400,4.27,4.28,4.25,4.25
1744981200,4.26,4.28,4.25,4.28
1744983000,4.28,4.29,4.25,4.27
1744984800,4.27,4.27,4.23,4.24
1744986600,4.25,4.26,4.23,4.24
1744988400,4.24,4.24,4.23,4.23
1745217000,4.25,4.25,4.25,4.25
1745218800,4.24,4.27,4.22,4.23
1745220600,4.22,4.23,4.2,4.22
1745222400,4.21,4.22,4.2,4.21
1745224200,4.2,4.21,4.2,4.21
1745226000,4.2,4.21,4.17,4.18
1745227800,4.18,4.19,4.18,4.19
1745229600,4.18,4.19,4.15,4.16
1745231400,4.15,4.16,4.14,4.16
1745233200,4.16,4.16,4.15,4.15
1745235000,4.16,4.17,4.14,4.16
1745236800,4.16,4.18,4.15,4.17
1745238600,4.17,4.19,4.16,4.18
1745240400,4.19,4.19,4.14,4.14
1745242200,4.15,4.15,4.12,4.14
1745244000,4.13,4.14,4.05,4.07
1745245800,4.06,4.09,4.05,4.08
1745247600,4.06,4.06,4.06,4.06
1745303400,4.09,4.09,4.09,4.09
1745305200,4.1,4.11,4.06,4.09
1745307000,4.1,4.1,4.06,4.06
1745308800,4.07,4.13,4.06,4.11
1745310600,4.11,4.12,4.1,4.11
1745312400,4.11,4.11,4.09,4.1
1745314200,4.09,4.11,4.09,4.1
1745316000,4.11,4.11,4.09,4.1
1745317800,4.09,4.11,4.09,4.09
1745319600,4.1,4.11,4.09,4.1
1745321400,4.09,4.1,4.08,4.08
1745323200,4.09,4.12,4.08,4.12
1745325000,4.12,4.13,4.1,4.11
1745326800,4.1,4.11,4.09,4.1
1745328600,4.1,4.11,4.09,4.1
1745330400,4.1,4.11,4.08,4.09
1745332200,4.08,4.1,4.08,4.09
1745334000,4.09,4.09,4.09,4.09
1745476200,4.1,4.1,4.1,4.1
1745478000,4.1,4.1,4.08,4.1
1745479800,4.1,4.1,4.08,4.09
1745481600,4.09,4.11,4.08,4.08
1745483400,4.08,4.09,4.07,4.09
1745485200,4.08,4.11,4.08,4.1
1745487000,4.09,4.1,4.09,4.09
1745488800,4.09,4.1,4.09,4.09
1745490600,4.09,4.11,4.09,4.11
1745492400,4.11,4.13,4.1,4.11
1745494200,4.1,4.11,4.09,4.09
1745496000,4.09,4.11,4.09,4.11
1745497800,4.11,4.12,4.1,4.12
1745499600,4.11,4.14,4.1,4.12
1745501400,4.12,4.12,4.09,4.1
1745503200,4.11,4.14,4.1,4.12
1745505000,4.13,4.14,4.11,4.13
1745506800,4.13,4.13,4.11,4.11
1745562600,4.11,4.11,4.11,4.11
1745564400,4.11,4.11,4.06,4.08
1745566200,4.07,4.1,4.07,4.07
1745568000,4.08,4.14,4.07,4.14
1745569800,4.14,4.14,4.12,4.13
1745571600,4.13,4.13,4.12,4.13
1745573400,4.13,4.15,4.12,4.12
1745575200,4.13,4.14,4.11,4.13
1745577000,4.13,4.16,4.12,4.14
1745578800,4.14,4.15,4.13,4.15
1745580600,4.15,4.15,4.13,4.15
1745582400,4.15,4.16,4.13,4.14
1745584200,4.14,4.14,4.13,4.14
1745586000,4.13,4.15,4.13,4.14
1745587800,4.14,4.15,4.13,4.13
1745589600,4.13,4.15,4.12,4.14
1745591400,4.13,4.18,4.12,4.17
1745593200,4.17,4.18,4.17,4.18
1745821800,4.19,4.19,4.19,4.19
1745823600,4.18,4.19,4.12,4.13
1745825400,4.12,4.13,4.08,4.1
1745827200,4.1,4.11,4.09,4.1
1745829000,4.1,4.11,4.09,4.11
1745830800,4.1,4.11,4.09,4.1
1745832600,4.09,4.1,4.07,4.09
1745834400,4.09,4.09,4.07,4.09
1745836200,4.08,4.09,4.07,4.08
1745838000,4.08,4.09,4.07,4.09
1745839800,4.09,4.09,4.08,4.09
1745841600,4.09,4.09,4.08,4.09
1745843400,4.09,4.09,4.08,4.08
1745845200,4.09,4.1,4.08,4.1
1745847000,4.1,4.11,4.09,4.1
1745848800,4.09,4.1,4.09,4.1
1745850600,4.09,4.1,4.08,4.09
1745852400,4.09,4.09,4.09,4.09
1745908200,4.09,4.09,4.09,4.09
1745910000,4.09,4.13,4.07,4.11
1745911800,4.11,4.12,4.09,4.12
1745913600,4.11,4.12,4.1,4.11
1745915400,4.1,4.12,4.1,4.11
1745917200,4.1,4.11,4.1,4.1
1745919000,4.1,4.11,4.1,4.11
1745920800,4.11,4.11,4.1,4.11
1745922600,4.1,4.11,4.09,4.11
1745924400,4.11,4.14,4.1,4.12
1745926200,4.12,4.12,4.11,4.12
1745928000,4.12,4.12,4.11,4.12
1745929800,4.12,4.15,4.11,4.14
1745931600,4.14,4.14,4.12,4.13
1745933400,4.13,4.14,4.12,4.13
1745935200,4.12,4.13,4.11,4.13
1745937000,4.12,4.14,4.12,4.13
1745938800,4.13,4.13,4.13,4.13
1745994600,4.18,4.18,4.18,4.18
1745996400,4.18,4.21,4.17,4.19
1745998200,4.19,4.19,4.17,4.18
1746000000,4.19,4.21,4.17,4.21
1746001800,4.21,4.22,4.19,4.22
1746003600,4.22,4.23,4.21,4.22
1746005400,4.21,4.23,4.21,4.23
1746007200,4.23,4.23,4.22,4.23
1746009000,4.22,4.24,4.22,4.23
1746010800,4.23,4.23,4.21,4.21
1746012600,4.21,4.23,4.21,4.22
1746014400,4.22,4.22,4.21,4.21
1746016200,4.21,4.22,4.2,4.21
1746018000,4.21,4.21,4.2,4.21
1746019800,4.2,4.21,4.19,4.2
1746021600,4.21,4.22,4.2,4.2
1746023400,4.21,4.25,4.19,4.24
1746025200,4.23,4.24,4.23,4.23
1746167400,4.24,4.24,4.24,4.24
1746169200,4.24,4.24,4.16,4.21
1746171000,4.21,4.22,4.2,4.2
1746172800,4.21,4.21,4.17,4.19
1746174600,4.19,4.2,4.18,4.2
1746176400,4.2,4.2,4.19,4.2
1746178200,4.19,4.2,4.17,4.18
1746180000,4.19,4.19,4.18,4.19
1746181800,4.19,4.19,4.17,4.19
1746183600,4.19,4.19,4.17,4.18
1746185400,4.19,4.19,4.17,4.17
1746187200,4.18,4.19,4.17,4.18
1746189000,4.17,4.18,4.17,4.17
1746190800,4.18,4.18,4.16,4.17
1746192600,4.17,4.17,4.15,4.16
1746194400,4.16,4.17,4.15,4.16
1746196200,4.15,4.16,4.14,4.15
1746198000,4.13,4.13,4.13,4.13
1746426600,4.14,4.14,4.14,4.14
1746428400,4.15,4.15,4.06,4.07
1746430200,4.08,4.09,4.03,4.04
1746432000,4.04,4.05,4.01,4.03
1746433800,4.02,4.03,4.02,4.02
1746435600,4.02,4.03,4,4.01
1746437400,4.02,4.02,4.01,4.01
1746439200,4.01,4.02,4.01,4.01
1746441000,4.02,4.03,4.01,4.02
1746442800,4.02,4.02,4.01,4.02
1746444600,4.01,4.05,4,4.01
1746446400,4.01,4.01,4,4
1746448200,4,4.01,3.99,4
1746450000,4,4.01,3.99,4.01
1746451800,4,4.07,4,4.05
1746453600,4.06,4.06,4.03,4.04
1746455400,4.04,4.07,4.02,4.07
1746457200,4.06,4.06,4.06,4.06
1746513000,4.07,4.07,4.07,4.07
1746514800,4.07,4.09,4.02,4.04
1746516600,4.04,4.06,4.02,4.05
1746518400,4.05,4.06,4.03,4.06
1746520200,4.06,4.06,4.04,4.05
1746522000,4.05,4.05,4.04,4.04
1746523800,4.04,4.05,4.04,4.05
1746525600,4.05,4.05,4.04,4.04
1746527400,4.04,4.05,4.04,4.05
1746529200,4.04,4.05,4.04,4.04
1746531000,4.05,4.05,4.03,4.04
1746532800,4.04,4.07,4.03,4.04
1746534600,4.04,4.04,4.02,4.04
1746536400,4.04,4.04,4.02,4.03
1746538200,4.02,4.03,4.02,4.03
1746540000,4.02,4.03,4.02,4.02
1746541800,4.03,4.03,4,4
1746543600,4.01,4.01,3.99,3.99
1746599400,3.98,3.98,3.98,3.98
1746601200,3.98,3.98,3.89,3.9
1746603000,3.9,3.91,3.89,3.9
1746604800,3.9,3.9,3.85,3.86
1746606600,3.86,3.86,3.84,3.86
1746608400,3.86,3.87,3.85,3.86
1746610200,3.86,3.86,3.85,3.86
1746612000,3.86,3.87,3.85,3.86
1746613800,3.87,3.87,3.86,3.86
1746615600,3.87,3.88,3.86,3.87
1746617400,3.87,3.87,3.86,3.87
1746619200,3.87,3.87,3.85,3.86
1746621000,3.85,3.86,3.84,3.84
1746622800,3.83,3.84,3.82,3.83
1746624600,3.82,3.83,3.81,3.83
1746626400,3.83,3.83,3.74,3.75
1746628200,3.74,3.8,3.74,3.79
1746630000,3.78,3.79,3.78,3.78
1746685800,3.78,3.78,3.78,3.78
1746687600,3.79,3.83,3.78,3.79
1746689400,3.79,3.82,3.78,3.8
1746691200,3.81,3.81,3.8,3.8
1746693000,3.81,3.82,3.8,3.82
1746694800,3.81,3.82,3.8,3.81
1746696600,3.81,3.81,3.8,3.81
1746698400,3.8,3.82,3.8,3.81
1746700200,3.81,3.82,3.8,3.82
1746702000,3.82,3.82,3.8,3.82
1746703800,3.82,3.82,3.79,3.81
1746705600,3.81,3.82,3.8,3.8
1746707400,3.8,3.81,3.79,3.8
1746709200,3.8,3.81,3.79,3.81
1746711000,3.8,3.81,3.78,3.8
1746712800,3.8,3.83,3.79,3.81
1746714600,3.82,3.82,3.79,3.8
1746716400,3.79,3.79,3.79,3.79
1746772200,3.8,3.8,3.8,3.8
1746774000,3.8,3.83,3.8,3.81
1746775800,3.8,3.83,3.79,3.81
1746777600,3.81,3.81,3.79,3.81
1746779400,3.81,3.81,3.79,3.8
1746781200,3.8,3.82,3.79,3.82
1746783000,3.82,3.88,3.82,3.83
1746784800,3.83,3.83,3.79,3.81
1746786600,3.81,3.82,3.78,3.79
1746788400,3.79,3.8,3.78,3.8
1746790200,3.8,3.81,3.79,3.8
1746792000,3.8,3.82,3.79,3.82
1746793800,3.82,3.82,3.8,3.81
1746795600,3.8,3.81,3.79,3.8
1746797400,3.79,3.8,3.79,3.8
1746799200,3.8,3.8,3.78,3.8
1746801000,3.79,3.81,3.77,3.79
1746802800,3.79,3.79,3.77,3.77
1747031400,3.83,3.83,3.83,3.83
1747033200,3.84,3.87,3.8,3.82
1747035000,3.82,3.84,3.81,3.82
1747036800,3.82,3.84,3.81,3.83
1747038600,3.84,3.85,3.83,3.84
1747040400,3.84,3.85,3.83,3.84
1747042200,3.84,3.84,3.83,3.84
1747044000,3.84,3.85,3.83,3.84
1747045800,3.83,3.85,3.82,3.83
1747047600,3.84,3.84,3.82,3.84
1747049400,3.84,3.84,3.83,3.83
1747051200,3.83,3.86,3.82,3.84
1747053000,3.84,3.85,3.83,3.84
1747054800,3.84,3.85,3.83,3.84
1747056600,3.84,3.85,3.83,3.84
1747058400,3.84,3.85,3.83,3.84
1747060200,3.84,3.85,3.82,3.84
1747062000,3.84,3.84,3.84,3.84
1747117800,3.78,3.78,3.78,3.78
1747119600,3.77,3.79,3.76,3.77
1747121400,3.76,3.81,3.76,3.79
1747123200,3.8,3.81,3.78,3.81
1747125000,3.81,3.82,3.8,3.8
1747126800,3.8,3.81,3.79,3.79
1747128600,3.8,3.8,3.79,3.79
1747130400,3.8,3.8,3.78,3.8
1747132200,3.8,3.8,3.79,3.79
1747134000,3.8,3.8,3.79,3.8
1747135800,3.79,3.8,3.79,3.8
1747137600,3.79,3.81,3.79,3.8
1747139400,3.8,3.81,3.79,3.8
1747141200,3.8,3.82,3.79,3.81
1747143000,3.81,3.83,3.8,3.82
1747144800,3.82,3.83,3.8,3.81
1747146600,3.82,3.82,3.8,3.82
1747148400,3.81,3.81,3.81,3.81
1747204200,3.81,3.81,3.81,3.81
1747206000,3.82,3.85,3.81,3.82
1747207800,3.83,3.84,3.82,3.83
1747209600,3.83,3.84,3.82,3.83
1747211400,3.83,3.83,3.79,3.81
1747213200,3.8,3.81,3.79,3.79
1747215000,3.8,3.81,3.79,3.8
1747216800,3.8,3.81,3.79,3.8
1747218600,3.8,3.81,3.8,3.81
1747220400,3.81,3.82,3.8,3.8
1747222200,3.81,3.81,3.8,3.81
1747224000,3.81,3.81,3.8,3.81
1747225800,3.81,3.82,3.8,3.8
1747227600,3.81,3.83,3.8,3.82
1747229400,3.82,3.82,3.8,3.81
1747231200,3.81,3.81,3.79,3.8
1747233000,3.8,3.81,3.79,3.8
1747234800,3.79,3.79,3.79,3.79
1747290600,3.81,3.81,3.81,3.81
1747292400,3.81,3.84,3.78,3.79
1747294200,3.78,3.79,3.74,3.75
1747296000,3.76,3.76,3.74,3.75
1747297800,3.75,3.77,3.74,3.76
1747299600,3.77,3.77,3.75,3.76
1747301400,3.76,3.76,3.74,3.75
1747303200,3.74,3.75,3.74,3.75
1747305000,3.75,3.75,3.73,3.74
1747306800,3.73,3.74,3.72,3.73
1747308600,3.73,3.74,3.72,3.73
1747310400,3.73,3.74,3.72,3.74
1747312200,3.73,3.74,3.73,3.74
1747314000,3.74,3.74,3.72,3.73
1747315800,3.74,3.74,3.7,3.71
1747317600,3.7,3.71,3.64,3.66
1747319400,3.65,3.66,3.63,3.64
1747321200,3.64,3.64,3.64,3.64
1747377000,3.63,3.63,3.63,3.63
1747378800,3.64,3.66,3.62,3.66
1747380600,3.66,3.67,3.63,3.64
1747382400,3.64,3.65,3.63,3.65
1747384200,3.65,3.65,3.63,3.65
1747386000,3.65,3.65,3.63,3.65
1747387800,3.65,3.65,3.64,3.65
1747389600,3.65,3.65,3.6,3.61
1747391400,3.61,3.61,3.6,3.6
1747393200,3.6,3.61,3.6,3.6
1747395000,3.61,3.61,3.57,3.59
1747396800,3.58,3.59,3.56,3.57
1747398600,3.57,3.59,3.56,3.59
1747400400,3.59,3.6,3.58,3.6
1747402200,3.6,3.62,3.59,3.6
1747404000,3.61,3.65,3.6,3.62
1747405800,3.63,3.65,3.61,3.63
1747407600,3.63,3.63,3.62,3.62
1747722600,3.62,3.62,3.62,3.62
1747724400,3.61,3.62,3.57,3.58
1747726200,3.58,3.58,3.56,3.56
1747728000,3.57,3.58,3.56,3.58
1747729800,3.58,3.58,3.55,3.56
1747731600,3.55,3.56,3.54,3.55
1747733400,3.54,3.56,3.54,3.56
1747735200,3.56,3.56,3.55,3.56
1747737000,3.56,3.56,3.54,3.56
1747738800,3.55,3.56,3.54,3.56
1747740600,3.55,3.56,3.54,3.56
1747742400,3.56,3.56,3.55,3.55
1747744200,3.56,3.56,3.54,3.55
1747746000,3.55,3.56,3.54,3.54
1747747800,3.54,3.56,3.54,3.55
1747749600,3.55,3.55,3.53,3.54
1747751400,3.54,3.55,3.53,3.54
1747753200,3.54,3.54,3.54,3.54
1747809000,3.52,3.52,3.52,3.52
1747810800,3.52,3.56,3.51,3.54
1747812600,3.54,3.57,3.53,3.56
1747814400,3.56,3.57,3.54,3.55
1747816200,3.55,3.56,3.54,3.56
1747818000,3.55,3.56,3.53,3.54
1747819800,3.54,3.56,3.54,3.55
1747821600,3.55,3.56,3.54,3.54
1747823400,3.55,3.55,3.54,3.55
1747825200,3.54,3.55,3.53,3.53
1747827000,3.53,3.55,3.53,3.55
1747828800,3.55,3.56,3.54,3.55
1747830600,3.55,3.56,3.54,3.56
1747832400,3.56,3.63,3.55,3.6
1747834200,3.6,3.66,3.59,3.63
1747836000,3.63,3.69,3.63,3.67
1747837800,3.67,3.7,3.65,3.69
1747839600,3.69,3.69,3.68,3.68
1747895400,3.71,3.71,3.71,3.71
1747897200,3.72,3.75,3.69,3.73
1747899000,3.72,3.76,3.72,3.73
1747900800,3.73,3.75,3.71,3.72
1747902600,3.71,3.74,3.71,3.72
1747904400,3.73,3.73,3.7,3.72
1747906200,3.71,3.72,3.7,3.72
1747908000,3.72,3.73,3.69,3.71
1747909800,3.71,3.71,3.66,3.66
1747911600,3.67,3.68,3.66,3.67
1747913400,3.67,3.7,3.66,3.7
1747915200,3.7,3.7,3.67,3.69
1747917000,3.68,3.71,3.68,3.69
1747918800,3.7,3.71,3.69,3.7
1747920600,3.7,3.7,3.68,3.68
1747922400,3.68,3.71,3.67,3.69
1747924200,3.69,3.74,3.68,3.71
1747926000,3.71,3.71,3.7,3.7
1747981800,3.68,3.68,3.68,3.68
1747983600,3.68,3.7,3.63,3.63
1747985400,3.64,3.67,3.63,3.66
1747987200,3.66,3.67,3.66,3.67
1747989000,3.66,3.69,3.66,3.68
1747990800,3.67,3.68,3.65,3.67
1747992600,3.67,3.67,3.65,3.66
1747994400,3.66,3.67,3.65,3.66
1747996200,3.67,3.67,3.65,3.66
1747998000,3.65,3.67,3.65,3.67
1747999800,3.67,3.67,3.63,3.64
1748001600,3.63,3.65,3.63,3.65
1748003400,3.65,3.65,3.64,3.65
1748005200,3.65,3.65,3.64,3.65
1748007000,3.65,3.65,3.62,3.63
1748008800,3.63,3.67,3.61,3.66
1748010600,3.66,3.69,3.65,3.66
1748012400,3.65,3.65,3.65,3.65
1748241000,3.67,3.67,3.67,3.67
1748242800,3.67,3.68,3.62,3.63
1748244600,3.63,3.65,3.62,3.63
1748246400,3.63,3.63,3.61,3.63
1748248200,3.62,3.64,3.61,3.63
1748250000,3.63,3.63,3.61,3.62
1748251800,3.62,3.63,3.62,3.63
1748253600,3.62,3.65,3.62,3.65
1748255400,3.65,3.66,3.64,3.65
1748257200,3.64,3.65,3.63,3.64
1748259000,3.64,3.64,3.63,3.64
1748260800,3.64,3.64,3.62,3.63
1748262600,3.63,3.64,3.63,3.64
1748264400,3.64,3.65,3.63,3.64
1748266200,3.64,3.65,3.63,3.64
1748268000,3.64,3.64,3.62,3.63
1748269800,3.63,3.63,3.6,3.61
1748271600,3.61,3.61,3.61,3.61
1748327400,3.62,3.62,3.62,3.62
1748329200,3.62,3.65,3.61,3.63
1748331000,3.63,3.65,3.62,3.64
1748332800,3.63,3.64,3.61,3.62
1748334600,3.62,3.62,3.57,3.59
1748336400,3.59,3.6,3.58,3.59
1748338200,3.59,3.6,3.57,3.58
1748340000,3.58,3.59,3.57,3.57
1748341800,3.58,3.58,3.56,3.57
1748343600,3.57,3.57,3.56,3.56
1748345400,3.57,3.57,3.55,3.56
1748347200,3.56,3.57,3.56,3.56
1748349000,3.57,3.57,3.56,3.56
1748350800,3.57,3.57,3.55,3.56
1748352600,3.56,3.57,3.55,3.56
1748354400,3.57,3.58,3.56,3.58
1748356200,3.58,3.59,3.57,3.59
1748358000,3.59,3.59,3.57,3.57
1748413800,3.58,3.58,3.58,3.58
1748415600,3.58,3.6,3.54,3.56
1748417400,3.56,3.57,3.54,3.55
1748419200,3.55,3.56,3.53,3.55
1748421000,3.55,3.57,3.53,3.54
1748422800,3.53,3.55,3.53,3.54
1748424600,3.54,3.54,3.49,3.52
1748426400,3.51,3.52,3.51,3.52
1748428200,3.51,3.52,3.51,3.51
1748430000,3.52,3.52,3.5,3.51
1748431800,3.52,3.52,3.5,3.51
1748433600,3.51,3.51,3.5,3.51
1748435400,3.51,3.51,3.5,3.51
1748437200,3.51,3.51,3.5,3.51
1748439000,3.5,3.51,3.49,3.49
1748440800,3.5,3.5,3.41,3.41
1748442600,3.42,3.43,3.39,3.41
1748444400,3.4,3.4,3.4,3.4
1748500200,3.42,3.42,3.42,3.42
1748502000,3.42,3.43,3.25,3.25
1748503800,3.26,3.29,3.24,3.29
1748505600,3.29,3.35,3.28,3.33
1748507400,3.33,3.34,3.31,3.33
1748509200,3.33,3.33,3.31,3.32
1748511000,3.32,3.33,3.31,3.32
1748512800,3.32,3.33,3.31,3.33
1748514600,3.33,3.35,3.32,3.33
1748516400,3.32,3.34,3.32,3.33
1748518200,3.33,3.34,3.32,3.32
1748520000,3.32,3.33,3.32,3.33
1748521800,3.33,3.34,3.32,3.33
1748523600,3.33,3.34,3.32,3.34
1748525400,3.34,3.34,3.3,3.31
1748527200,3.31,3.32,3.3,3.32
1748529000,3.32,3.33,3.29,3.31
1748530800,3.3,3.3,3.3,3.3
1748586600,3.28,3.28,3.28,3.28
1748588400,3.28,3.33,3.27,3.3
1748590200,3.3,3.3,3.26,3.28
1748592000,3.27,3.28,3.26,3.26
1748593800,3.27,3.27,3.23,3.24
1748595600,3.24,3.24,3.19,3.2
1748597400,3.2,3.23,3.19,3.22
1748599200,3.23,3.23,3.21,3.23
1748601000,3.22,3.23,3.22,3.23
1748602800,3.23,3.23,3.21,3.21
1748604600,3.22,3.22,3.21,3.22
1748606400,3.21,3.22,3.18,3.19
1748608200,3.19,3.21,3.18,3.21
1748610000,3.21,3.21,3.2,3.21
1748611800,3.21,3.21,3.18,3.19
1748613600,3.19,3.2,3.18,3.2
1748615400,3.2,3.2,3.18,3.19
1748617200,3.19,3.28,3.19,3.28
1748845800,3.26,3.26,3.26,3.26
1748847600,3.27,3.27,3.2,3.22
1748849400,3.22,3.22,3.2,3.21
1748851200,3.2,3.22,3.2,3.21
1748853000,3.21,3.25,3.21,3.25
1748854800,3.25,3.27,3.24,3.27
1748856600,3.26,3.27,3.25,3.26
1748858400,3.26,3.28,3.25,3.25
1748860200,3.26,3.26,3.25,3.26
1748862000,3.26,3.26,3.25,3.26
1748863800,3.25,3.26,3.22,3.25
1748865600,3.25,3.26,3.24,3.25
1748867400,3.25,3.26,3.24,3.24
1748869200,3.25,3.25,3.22,3.24
1748871000,3.23,3.24,3.22,3.24
1748872800,3.24,3.24,3.21,3.23
1748874600,3.22,3.25,3.22,3.24
1748876400,3.24,3.24,3.2,3.2
1748932200,3.23,3.23,3.23,3.23
1748934000,3.23,3.28,3.23,3.27
1748935800,3.27,3.29,3.26,3.27
1748937600,3.28,3.3,3.27,3.29
1748939400,3.29,3.3,3.28,3.29
1748941200,3.28,3.31,3.28,3.3
1748943000,3.3,3.3,3.29,3.3
1748944800,3.3,3.3,3.28,3.29
1748946600,3.29,3.29,3.28,3.29
1748948400,3.29,3.29,3.28,3.28
1748950200,3.29,3.29,3.27,3.28
1748952000,3.28,3.28,3.27,3.28
1748953800,3.27,3.28,3.26,3.27
1748955600,3.26,3.28,3.26,3.28
1748957400,3.27,3.29,3.27,3.29
1748959200,3.29,3.29,3.27,3.27
1748961000,3.28,3.3,3.27,3.29
1748962800,3.29,3.29,3.29,3.29
1749018600,3.27,3.27,3.27,3.27
1749020400,3.27,3.31,3.26,3.29
1749022200,3.29,3.33,3.28,3.33
1749024000,3.33,3.33,3.31,3.31
1749025800,3.31,3.32,3.31,3.31
1749027600,3.32,3.32,3.29,3.3
1749029400,3.3,3.31,3.29,3.3
1749031200,3.3,3.31,3.29,3.31
1749033000,3.3,3.31,3.3,3.31
1749034800,3.31,3.33,3.3,3.32
1749036600,3.32,3.33,3.31,3.33
1749038400,3.33,3.33,3.32,3.33
1749040200,3.33,3.33,3.31,3.32
1749042000,3.32,3.34,3.31,3.33
1749043800,3.33,3.33,3.32,3.33
1749045600,3.33,3.33,3.32,3.33
1749047400,3.32,3.35,3.32,3.34
1749049200,3.33,3.33,3.33,3.33
1749105000,3.31,3.31,3.31,3.31
1749106800,3.31,3.34,3.3,3.33
1749108600,3.32,3.34,3.31,3.34
1749110400,3.34,3.35,3.32,3.34
1749112200,3.33,3.34,3.33,3.34
1749114000,3.34,3.36,3.33,3.34
1749115800,3.34,3.34,3.34,3.34
1749537000,3.37,3.37,3.37,3.37
1749538800,3.37,3.38,3.34,3.36
1749540600,3.35,3.39,3.35,3.38
1749542400,3.39,3.39,3.37,3.38
1749544200,3.38,3.39,3.37,3.38
1749546000,3.38,3.38,3.35,3.36
1749547800,3.35,3.37,3.35,3.37
1749549600,3.37,3.38,3.36,3.36
1749551400,3.37,3.38,3.36,3.37
1749553200,3.38,3.4,3.37,3.39
1749555000,3.39,3.39,3.37,3.38
1749556800,3.37,3.38,3.37,3.38
1749558600,3.38,3.38,3.37,3.38
1749560400,3.37,3.39,3.37,3.38
1749562200,3.38,3.4,3.37,3.4
1749564000,3.4,3.4,3.37,3.39
1749565800,3.38,3.4,3.38,3.4
1749567600,3.39,3.39,3.39,3.39
1749623400,3.38,3.38,3.38,3.38
1749625200,3.38,3.39,3.36,3.38
1749627000,3.38,3.39,3.38,3.39
1749628800,3.39,3.39,3.34,3.35
1749630600,3.35,3.36,3.35,3.36
1749632400,3.36,3.36,3.35,3.36
1749634200,3.36,3.36,3.35,3.36
1749636000,3.36,3.36,3.34,3.36
1749637800,3.36,3.36,3.35,3.36
1749639600,3.36,3.36,3.35,3.36
1749641400,3.36,3.39,3.35,3.36
1749643200,3.36,3.37,3.34,3.36
1749645000,3.36,3.37,3.35,3.36
1749646800,3.37,3.37,3.35,3.37
1749648600,3.37,3.37,3.35,3.37
1749650400,3.37,3.38,3.36,3.36
1749652200,3.37,3.37,3.35,3.36
1749654000,3.36,3.36,3.35,3.35
1749709800,3.3,3.3,3.3,3.3
1749711600,3.29,3.3,3.26,3.28
1749713400,3.28,3.28,3.27,3.28
1749715200,3.27,3.28,3.26,3.27
1749717000,3.27,3.27,3.25,3.27
1749718800,3.27,3.27,3.25,3.26
1749720600,3.26,3.26,3.25,3.26
1749722400,3.25,3.26,3.25,3.26
1749724200,3.26,3.26,3.25,3.26
1749726000,3.26,3.26,3.24,3.25
1749727800,3.24,3.25,3.23,3.24
1749729600,3.24,3.25,3.23,3.25
1749731400,3.25,3.25,3.24,3.25
1749733200,3.25,3.25,3.24,3.24
1749735000,3.25,3.25,3.23,3.24
1749736800,3.24,3.24,3.22,3.23
1749738600,3.23,3.24,3.22,3.24
1749740400,3.24,3.24,3.24,3.24
1749796200,3.1,3.1,3.1,3.1
1749798000,3.1,3.11,3.06,3.11
1749799800,3.11,3.12,3.1,3.1
1749801600,3.1,3.12,3.09,3.11
1749803400,3.11,3.11,3.09,3.11
1749805200,3.1,3.11,3.1,3.1
1749807000,3.1,3.11,3.07,3.08
1749808800,3.08,3.08,3.06,3.08
1749810600,3.07,3.08,3.06,3.06
1749812400,3.07,3.07,3.04,3.06
1749814200,3.05,3.06,3.05,3.05
1749816000,3.05,3.07,3.05,3.06
1749817800,3.06,3.08,3.05,3.07
1749819600,3.07,3.08,3.06,3.07
1749821400,3.07,3.08,3.06,3.07
1749823200,3.07,3.08,3.06,3.07
1749825000,3.07,3.11,3.06,3.11
1749826800,3.11,3.11,3.11,3.11
1750055400,3.11,3.11,3.11,3.11
1750057200,3.11,3.14,3.08,3.13
1750059000,3.13,3.15,3.11,3.14
1750060800,3.14,3.14,3.12,3.13
1750062600,3.13,3.14,3.12,3.12
1750064400,3.13,3.13,3.12,3.12
1750066200,3.13,3.14,3.12,3.13
1750068000,3.13,3.13,3.12,3.12
1750069800,3.13,3.14,3.12,3.14
1750071600,3.14,3.14,3.11,3.12
1750073400,3.12,3.13,3.11,3.13
1750075200,3.13,3.13,3.1,3.11
1750077000,3.11,3.11,3.09,3.1
1750078800,3.1,3.1,3.08,3.1
1750080600,3.09,3.14,3.09,3.13
1750082400,3.13,3.14,3.11,3.13
1750084200,3.13,3.15,3.11,3.12
1750086000,3.12,3.12,3.1,3.1
1750141800,3.1,3.1,3.1,3.1
1750143600,3.1,3.12,3.08,3.09
1750145400,3.09,3.1,3.08,3.09
1750147200,3.09,3.09,3.06,3.07
1750149000,3.07,3.08,3.06,3.08
1750150800,3.08,3.08,3.07,3.07
1750152600,3.08,3.08,3.05,3.06
1750154400,3.07,3.07,3.06,3.07
1750156200,3.07,3.07,3.06,3.07
1750158000,3.06,3.08,3.05,3.07
1750159800,3.07,3.08,3.06,3.07
1750161600,3.06,3.07,3.06,3.07
1750163400,3.07,3.07,3.05,3.06
1750165200,3.06,3.07,3.05,3.06
1750167000,3.07,3.07,3.05,3.06
1750168800,3.05,3.06,3.04,3.04
1750170600,3.05,3.05,3.03,3.05
1750172400,3.05,3.05,3.04,3.04
1750228200,3.04,3.04,3.04,3.04
1750230000,3.03,3.05,2.98,3
1750231800,3,3,2.97,2.99
1750233600,2.98,2.99,2.96,2.98
1750235400,2.98,2.98,2.96,2.98
1750237200,2.98,2.98,2.97,2.98
1750239000,2.97,2.98,2.95,2.96
1750240800,2.96,2.96,2.95,2.96
1750242600,2.96,2.96,2.94,2.95
1750244400,2.96,2.96,2.95,2.96
1750246200,2.96,2.96,2.94,2.96
1750248000,2.96,2.96,2.95,2.96
1750249800,2.96,2.96,2.94,2.95
1750251600,2.95,2.95,2.93,2.95
1750253400,2.95,2.95,2.92,2.93
1750255200,2.92,2.96,2.92,2.95
1750257000,2.95,2.96,2.94,2.95
1750258800,2.93,2.93,2.93,2.93
1750314600,2.95,2.95,2.95,2.95
1750316400,2.95,2.97,2.94,2.96
1750318200,2.96,2.96,2.94,2.96
1750320000,2.96,2.96,2.94,2.96
1750321800,2.96,2.96,2.94,2.95
1750323600,2.95,2.95,2.94,2.95
1750325400,2.95,2.95,2.94,2.95
1750327200,2.95,2.95,2.93,2.94
1750329000,2.94,2.94,2.93,2.94
1750330800,2.93,2.94,2.9,2.92
1750332600,2.91,2.92,2.9,2.91
1750334400,2.91,2.91,2.9,2.91
1750336200,2.91,2.91,2.89,2.89
1750338000,2.9,2.9,2.89,2.9
1750339800,2.9,2.9,2.87,2.87
1750341600,2.88,2.88,2.85,2.87
1750343400,2.86,2.87,2.85,2.87
1750345200,2.86,2.86,2.86,2.86
1750401000,2.89,2.89,2.89,2.89
1750402800,2.9,2.92,2.89,2.89
1750404600,2.9,2.91,2.89,2.9
1750406400,2.91,2.91,2.89,2.89
1750408200,2.89,2.9,2.89,2.9
1750410000,2.9,2.9,2.88,2.89
1750411800,2.89,2.9,2.88,2.9
1750413600,2.9,2.9,2.89,2.9
1750415400,2.9,2.9,2.88,2.89
1750417200,2.89,2.89,2.87,2.88
1750419000,2.87,2.89,2.86,2.88
1750420800,2.88,2.89,2.87,2.89
1750422600,2.88,2.89,2.88,2.88
1750424400,2.89,2.89,2.87,2.88
1750426200,2.88,2.88,2.86,2.87
1750428000,2.87,2.87,2.84,2.86
1750429800,2.86,2.88,2.85,2.87
1750431600,2.85,2.85,2.85,2.85
1750660200,2.82,2.82,2.82,2.82
1750662000,2.81,2.81,2.76,2.78
1750663800,2.78,2.79,2.77,2.78
1750665600,2.78,2.8,2.77,2.79
1750667400,2.79,2.8,2.78,2.8
1750669200,2.8,2.81,2.79,2.8
1750671000,2.8,2.8,2.78,2.79
1750672800,2.79,2.79,2.78,2.79
1750674600,2.79,2.8,2.78,2.79
1750676400,2.78,2.79,2.78,2.79
1750678200,2.78,2.79,2.77,2.78
1750680000,2.78,2.79,2.77,2.78
1750681800,2.78,2.79,2.78,2.79
1750683600,2.79,2.79,2.77,2.78
1750685400,2.78,2.79,2.77,2.77
1750687200,2.78,2.79,2.77,2.78
1750689000,2.79,2.79,2.77,2.78
1750690800,2.78,2.78,2.78,2.78
1750746600,2.88,2.88,2.88,2.88
1750748400,2.88,2.93,2.87,2.9
1750750200,2.9,2.91,2.87,2.87
1750752000,2.88,2.88,2.86,2.87
1750753800,2.87,2.89,2.86,2.88
1750755600,2.88,2.88,2.86,2.88
1750757400,2.88,2.9,2.87,2.89
1750759200,2.89,2.89,2.87,2.89
1750761000,2.89,2.89,2.87,2.88
1750762800,2.87,2.88,2.87,2.88
1750764600,2.88,2.9,2.87,2.9
1750766400,2.9,2.9,2.87,2.89
1750768200,2.88,2.89,2.87,2.88
1750770000,2.88,2.89,2.87,2.89
1750771800,2.88,2.89,2.88,2.89
1750773600,2.89,2.9,2.88,2.89
1750775400,2.89,2.9,2.88,2.89
1750777200,2.88,2.88,2.88,2.88
1750833000,2.9,2.9,2.9,2.9
1750834800,2.9,2.9,2.87,2.89
1750836600,2.89,2.89,2.88,2.88
1750838400,2.89,2.91,2.88,2.9
1750840200,2.9,2.9,2.88,2.89
1750842000,2.89,2.9,2.88,2.89
1750843800,2.89,2.9,2.88,2.9
1750845600,2.9,2.9,2.89,2.9
1750847400,2.9,2.92,2.89,2.89
1750849200,2.9,2.9,2.89,2.9
1750851000,2.9,2.9,2.89,2.9
1750852800,2.9,2.9,2.88,2.9
1750854600,2.89,2.92,2.89,2.92
1750856400,2.91,2.93,2.91,2.92
1750858200,2.92,2.93,2.91,2.91
1750860000,2.91,2.92,2.87,2.88
1750861800,2.88,2.89,2.87,2.88
1750863600,2.88,2.88,2.88,2.88
1750919400,2.9,2.9,2.9,2.9
1750921200,2.89,2.9,2.87,2.87
1750923000,2.87,2.89,2.87,2.89
1750924800,2.89,2.89,2.88,2.89
1750926600,2.89,2.9,2.87,2.88
1750928400,2.88,2.89,2.87,2.88
1750930200,2.89,2.89,2.88,2.88
1750932000,2.89,2.89,2.87,2.89
1750933800,2.89,2.92,2.88,2.91
1750935600,2.9,2.91,2.89,2.9
1750937400,2.9,2.9,2.88,2.89
1750939200,2.89,2.89,2.87,2.89
1750941000,2.89,2.89,2.87,2.88
1750942800,2.87,2.88,2.86,2.88
1750944600,2.88,2.89,2.86,2.88
1750946400,2.88,2.89,2.86,2.87
1750948200,2.87,2.88,2.86,2.87
1750950000,2.87,2.87,2.87,2.87
1751005800,2.88,2.88,2.88,2.88
1751007600,2.89,2.89,2.84,2.86
1751009400,2.86,2.86,2.84,2.85
1751011200,2.85,2.86,2.84,2.85
1751013000,2.85,2.85,2.84,2.85
1751014800,2.84,2.85,2.83,2.83
1751016600,2.84,2.86,2.83,2.84
1751018400,2.84,2.84,2.83,2.84
1751020200,2.84,2.85,2.83,2.85
1751022000,2.85,2.88,2.84,2.87
1751023800,2.87,2.89,2.87,2.87
1751025600,2.88,2.88,2.85,2.87
1751027400,2.87,2.88,2.86,2.88
1751029200,2.88,2.88,2.87,2.88
1751031000,2.88,2.91,2.87,2.89
1751032800,2.9,2.9,2.88,2.89
1751034600,2.89,2.92,2.88,2.91
1751036400,2.9,2.9,2.9,2.9
1751265000,2.91,2.91,2.91,2.91
1751266800,2.91,2.94,2.9,2.91
1751268600,2.92,2.92,2.91,2.92
1751270400,2.92,2.94,2.9,2.94
1751272200,2.93,2.97,2.92,2.96
1751274000,2.96,2.98,2.95,2.97
1751275800,2.97,2.98,2.96,2.97
1751277600,2.97,2.99,2.96,2.99
1751279400,2.99,3.04,2.98,3.02
1751281200,3.02,3.03,3,3.02
1751283000,3.02,3.03,3.01,3.03
1751284800,3.03,3.03,3.01,3.03
1751286600,3.03,3.03,3.02,3.02
1751288400,3.03,3.04,3.02,3.03
1751290200,3.04,3.04,3.02,3.04
1751292000,3.04,3.05,3.03,3.03
1751293800,3.03,3.05,3.01,3.05
1751295600,3.04,3.06,3.04,3.06
1751351400,3.06,3.06,3.06,3.06
1751353200,3.07,3.17,3.05,3.15
1751355000,3.14,3.22,3.14,3.19
1751356800,3.19,3.21,3.16,3.16
1751358600,3.16,3.17,3.13,3.13
1751360400,3.14,3.16,3.13,3.15
1751362200,3.15,3.16,3.14,3.16
1751364000,3.16,3.16,3.14,3.15
1751365800,3.15,3.15,3.13,3.14
1751367600,3.13,3.15,3.13,3.14
1751369400,3.14,3.15,3.13,3.14
1751371200,3.13,3.15,3.13,3.15
1751373000,3.15,3.15,3.13,3.15
1751374800,3.15,3.15,3.13,3.14
1751376600,3.15,3.18,3.14,3.17
1751378400,3.17,3.2,3.16,3.18
1751380200,3.18,3.19,3.16,3.17
1751382000,3.17,3.17,3.17,3.17
1751437800,3.18,3.18,3.18,3.18
1751439600,3.18,3.19,3.14,3.17
1751441400,3.16,3.18,3.15,3.16
1751443200,3.15,3.18,3.15,3.18
1751445000,3.18,3.22,3.17,3.22
1751446800,3.21,3.24,3.21,3.23
1751448600,3.22,3.25,3.22,3.24
1751450400,3.23,3.25,3.22,3.23
1751452200,3.24,3.27,3.23,3.25
1751454000,3.25,3.25,3.23,3.25
1751455800,3.25,3.25,3.22,3.22
1751457600,3.22,3.25,3.22,3.24
1751459400,3.24,3.25,3.21,3.22
1751461200,3.22,3.22,3.18,3.2
1751463000,3.19,3.2,3.17,3.19
1751464800,3.19,3.2,3.17,3.19
1751466600,3.18,3.19,3.16,3.17
1751468400,3.17,3.17,3.16,3.16
1751524200,3.19,3.19,3.19,3.19
1751526000,3.2,3.22,3.18,3.2
1751527800,3.2,3.22,3.19,3.21
1751529600,3.21,3.22,3.19,3.2
1751531400,3.2,3.21,3.19,3.19
1751533200,3.19,3.21,3.19,3.2
1751535000,3.2,3.2,3.19,3.2
1751536800,3.2,3.21,3.19,3.21
1751538600,3.21,3.21,3.19,3.2
1751540400,3.2,3.2,3.18,3.2
1751542200,3.2,3.2,3.19,3.2
1751544000,3.2,3.21,3.19,3.2
1751545800,3.21,3.22,3.2,3.2
1751547600,3.21,3.21,3.19,3.2
1751549400,3.2,3.21,3.19,3.2
1751551200,3.19,3.21,3.19,3.2
1751553000,3.21,3.21,3.19,3.2
1751554800,3.2,3.2,3.2,3.2
1751610600,3.2,3.2,3.2,3.2
1751612400,3.2,3.21,3.17,3.18
1751614200,3.18,3.19,3.16,3.18
1751616000,3.19,3.19,3.17,3.18
1751617800,3.18,3.19,3.17,3.19
1751619600,3.19,3.19,3.18,3.19
1751621400,3.19,3.19,3.17,3.18
1751623200,3.18,3.18,3.17,3.18
1751625000,3.18,3.19,3.16,3.18
1751626800,3.19,3.19,3.17,3.18
1751628600,3.18,3.19,3.17,3.17
1751630400,3.18,3.19,3.17,3.19
1751632200,3.19,3.19,3.17,3.18
1751634000,3.18,3.19,3.17,3.17
1751635800,3.17,3.19,3.17,3.19
1751637600,3.19,3.2,3.18,3.18
1751639400,3.19,3.19,3.17,3.18
1751641200,3.18,3.18,3.18,3.18
1751869800,3.11,3.11,3.11,3.11
1751871600,3.12,3.14,3.1,3.13
1751873400,3.12,3.13,3.1,3.11
1751875200,3.11,3.11,3.09,3.09
1751877000,3.1,3.1,3.08,3.09
1751878800,3.08,3.09,3.06,3.08
1751880600,3.07,3.08,3.06,3.07
1751882400,3.08,3.09,3.07,3.09
1751884200,3.09,3.09,3.07,3.09
1751886000,3.09,3.1,3.08,3.1
1751887800,3.1,3.1,3.08,3.1
1751889600,3.1,3.1,3.08,3.09
1751891400,3.09,3.1,3.08,3.09
1751893200,3.09,3.1,3.08,3.09
1751895000,3.09,3.09,3.08,3.09
1751896800,3.08,3.09,3.07,3.09
1751898600,3.09,3.09,3.07,3.08
1751900400,3.08,3.08,3.08,3.08
1751956200,3.1,3.1,3.1,3.1
1751958000,3.1,3.12,3.08,3.09
1751959800,3.09,3.1,3.08,3.09
1751961600,3.09,3.1,3.08,3.09
1751963400,3.09,3.09,3.07,3.08
1751965200,3.09,3.09,3.04,3.05
1751967000,3.05,3.06,3.03,3.03
1751968800,3.03,3.05,3.02,3.02
1751970600,3.02,3.04,3,3.04
1751972400,3.04,3.04,3.02,3.03
1751974200,3.03,3.04,3.02,3.02
1751976000,3.02,3.03,3,3.03
1751977800,3.03,3.03,3.01,3.02
1751979600,3.01,3.03,3.01,3.01
1751981400,3.02,3.04,3.01,3.02
1751983200,3.02,3.03,3.01,3.01
1751985000,3.02,3.02,2.99,3.01
1751986800,3,3,3,3
1752042600,3,3,3,3
1752044400,2.99,3.03,2.99,3.01
1752046200,3.01,3.04,3,3.03
1752048000,3.03,3.03,3.02,3.03
1752049800,3.03,3.03,3.02,3.03
1752051600,3.03,3.04,3.02,3.04
1752053400,3.04,3.04,3.03,3.03
1752055200,3.03,3.04,3.03,3.04
1752057000,3.03,3.05,3.03,3.04
1752058800,3.05,3.06,3.04,3.05
1752060600,3.05,3.08,3.04,3.06
1752062400,3.07,3.09,3.06,3.08
1752064200,3.08,3.08,3.07,3.08
1752066000,3.08,3.1,3.07,3.09
1752067800,3.09,3.09,3.08,3.08
1752069600,3.08,3.1,3.07,3.09
1752071400,3.09,3.09,3.08,3.09
1752073200,3.09,3.09,3.08,3.08
1752129000,3.1,3.1,3.1,3.1
1752130800,3.11,3.16,3.1,3.16
1752132600,3.16,3.18,3.15,3.17
1752134400,3.17,3.19,3.16,3.17
1752136200,3.18,3.19,3.17,3.17
1752138000,3.17,3.18,3.16,3.17
1752139800,3.18,3.18,3.17,3.18
1752141600,3.17,3.18,3.16,3.17
1752143400,3.18,3.18,3.16,3.17
1752145200,3.17,3.18,3.16,3.17
1752147000,3.17,3.17,3.16,3.17
1752148800,3.17,3.17,3.15,3.17
1752150600,3.17,3.17,3.15,3.17
1752152400,3.17,3.17,3.16,3.16
1752154200,3.17,3.17,3.16,3.16
1752156000,3.16,3.33,3.16,3.31
1752157800,3.3,3.33,3.24,3.25
1752159600,3.25,3.25,3.24,3.24
1752215400,3.28,3.28,3.28,3.28
1752217200,3.29,3.34,3.27,3.29
1752219000,3.29,3.29,3.26,3.27
1752220800,3.27,3.27,3.26,3.26
1752222600,3.27,3.27,3.25,3.26
1752224400,3.25,3.26,3.24,3.26
1752226200,3.26,3.26,3.23,3.25
1752228000,3.24,3.25,3.24,3.25
1752229800,3.24,3.25,3.23,3.23
1752231600,3.23,3.24,3.21,3.23
1752233400,3.23,3.23,3.19,3.21
1752235200,3.21,3.24,3.2,3.23
1752237000,3.23,3.25,3.22,3.24
1752238800,3.25,3.26,3.24,3.24
1752240600,3.24,3.25,3.23,3.23
1752242400,3.24,3.26,3.23,3.25
1752244200,3.24,3.25,3.22,3.24
1752246000,3.23,3.23,3.23,3.23
1752474600,3.21,3.21,3.21,3.21
1752476400,3.21,3.25,3.21,3.23
1752478200,3.23,3.28,3.23,3.26
1752480000,3.25,3.28,3.22,3.25
1752481800,3.25,3.28,3.24,3.26
1752483600,3.25,3.31,3.25,3.29
1752485400,3.29,3.31,3.27,3.29
1752487200,3.3,3.3,3.28,3.28
1752489000,3.29,3.29,3.26,3.26
1752490800,3.27,3.28,3.25,3.28
1752492600,3.28,3.28,3.25,3.26
1752494400,3.26,3.26,3.24,3.24
1752496200,3.24,3.25,3.23,3.25
1752498000,3.25,3.25,3.23,3.25
1752499800,3.25,3.25,3.23,3.24
1752501600,3.24,3.24,3.22,3.23
1752503400,3.23,3.24,3.2,3.21
1752505200,3.19,3.19,3.19,3.19
1752647400,3.2,3.2,3.2,3.2
1752649200,3.19,3.24,3.19,3.22
1752651000,3.23,3.26,3.21,3.25
1752652800,3.25,3.26,3.24,3.25
1752654600,3.24,3.25,3.23,3.24
1752656400,3.24,3.24,3.22,3.22
1752658200,3.22,3.23,3.21,3.22
1752660000,3.23,3.23,3.21,3.22
1752661800,3.22,3.22,3.2,3.22
1752663600,3.21,3.22,3.19,3.2
1752665400,3.21,3.21,3.18,3.19
1752667200,3.18,3.19,3.17,3.18
1752669000,3.18,3.18,3.14,3.15
1752670800,3.15,3.15,3.09,3.12
1752672600,3.12,3.13,3.1,3.11
1752674400,3.12,3.14,3.1,3.13
1752676200,3.13,3.16,3.13,3.15
1752678000,3.14,3.14,3.14,3.14
1752733800,3.18,3.18,3.18,3.18
1752735600,3.18,3.2,3.17,3.19
1752737400,3.19,3.21,3.19,3.2
1752739200,3.2,3.2,3.18,3.19
1752741000,3.19,3.19,3.18,3.19
1752742800,3.19,3.2,3.17,3.18
1752744600,3.17,3.19,3.17,3.18
1752746400,3.18,3.19,3.17,3.18
1752748200,3.19,3.2,3.18,3.19
1752750000,3.2,3.21,3.18,3.2
1752751800,3.2,3.2,3.18,3.19
1752753600,3.19,3.22,3.18,3.21
1752755400,3.21,3.22,3.2,3.22
1752757200,3.22,3.22,3.2,3.22
1752759000,3.22,3.23,3.21,3.21
1752760800,3.22,3.23,3.21,3.22
1752762600,3.22,3.22,3.2,3.21
1752764400,3.21,3.21,3.21,3.21
1752820200,3.21,3.21,3.21,3.21
1752822000,3.2,3.22,3.19,3.21
1752823800,3.21,3.21,3.19,3.21
1752825600,3.21,3.21,3.18,3.19
1752827400,3.19,3.19,3.17,3.19
1752829200,3.19,3.2,3.17,3.19
1752831000,3.19,3.19,3.18,3.19
1752832800,3.19,3.19,3.18,3.19
1752834600,3.19,3.19,3.18,3.19
1752836400,3.18,3.19,3.18,3.18
1752838200,3.19,3.2,3.18,3.19
1752840000,3.19,3.2,3.18,3.2
1752841800,3.2,3.21,3.19,3.21
1752843600,3.21,3.21,3.19,3.21
1752845400,3.21,3.22,3.19,3.2
1752847200,3.21,3.21,3.18,3.18
1752849000,3.19,3.19,3.16,3.18
1752850800,3.18,3.18,3.17,3.17
1753079400,3.19,3.19,3.19,3.19
1753081200,3.19,3.23,3.19,3.23
1753083000,3.23,3.25,3.22,3.24
1753084800,3.24,3.24,3.22,3.23
1753086600,3.24,3.24,3.22,3.24
1753088400,3.23,3.24,3.22,3.23
1753090200,3.23,3.24,3.22,3.24
1753092000,3.24,3.24,3.21,3.22
1753093800,3.22,3.23,3.21,3.22
1753095600,3.22,3.22,3.21,3.22
1753097400,3.22,3.23,3.21,3.23
1753099200,3.23,3.23,3.22,3.23
1753101000,3.23,3.24,3.22,3.23
1753102800,3.23,3.23,3.22,3.23
1753104600,3.23,3.24,3.22,3.24
1753106400,3.24,3.24,3.21,3.23
1753108200,3.23,3.23,3.22,3.23
1753110000,3.23,3.23,3.22,3.22
1753165800,3.23,3.23,3.23,3.23
1753167600,3.22,3.25,3.21,3.25
1753169400,3.25,3.26,3.23,3.25
1753171200,3.25,3.26,3.24,3.25
1753173000,3.25,3.25,3.24,3.24
1753174800,3.25,3.25,3.24,3.24
1753176600,3.24,3.25,3.24,3.25
1753178400,3.25,3.27,3.24,3.26
1753180200,3.26,3.27,3.25,3.26
1753182000,3.25,3.26,3.24,3.25
1753183800,3.26,3.26,3.23,3.24
1753185600,3.23,3.24,3.22,3.23
1753187400,3.23,3.24,3.22,3.23
1753189200,3.24,3.24,3.23,3.24
1753191000,3.23,3.24,3.22,3.22
1753192800,3.23,3.23,3.21,3.22
1753194600,3.22,3.23,3.2,3.22
1753196400,3.21,3.21,3.21,3.21
1753252200,3.22,3.22,3.22,3.22
1753254000,3.22,3.24,3.21,3.22
1753255800,3.22,3.23,3.21,3.22
1753257600,3.21,3.23,3.21,3.23
1753259400,3.22,3.24,3.22,3.24
1753261200,3.23,3.25,3.22,3.22
1753263000,3.22,3.24,3.22,3.23
1753264800,3.22,3.25,3.22,3.23
1753266600,3.24,3.26,3.23,3.25
1753268400,3.24,3.25,3.23,3.24
1753270200,3.23,3.24,3.23,3.24
1753272000,3.23,3.24,3.22,3.23
1753273800,3.23,3.25,3.23,3.24
1753275600,3.23,3.25,3.23,3.25
1753277400,3.24,3.25,3.23,3.24
1753279200,3.24,3.27,3.24,3.25
1753281000,3.24,3.25,3.23,3.24
1753282800,3.24,3.24,3.23,3.23
1753338600,3.24,3.24,3.24,3.24
1753340400,3.25,3.28,3.24,3.26
1753342200,3.26,3.27,3.25,3.27
1753344000,3.27,3.27,3.25,3.25
1753345800,3.26,3.27,3.25,3.25
1753347600,3.26,3.27,3.25,3.27
1753349400,3.27,3.27,3.25,3.26
1753351200,3.26,3.26,3.24,3.24
1753353000,3.25,3.26,3.24,3.26
1753354800,3.26,3.27,3.23,3.25
1753356600,3.24,3.28,3.24,3.26
1753358400,3.26,3.27,3.25,3.26
1753360200,3.26,3.27,3.25,3.26
1753362000,3.27,3.27,3.25,3.26
1753363800,3.26,3.27,3.25,3.26
1753365600,3.26,3.27,3.25,3.27
1753367400,3.27,3.27,3.23,3.24
1753369200,3.24,3.24,3.24,3.24
1753425000,3.24,3.24,3.24,3.24
1753426800,3.24,3.26,3.23,3.25
1753428600,3.25,3.26,3.23,3.23
1753430400,3.23,3.25,3.23,3.25
1753432200,3.24,3.25,3.22,3.23
1753434000,3.23,3.23,3.21,3.21
1753435800,3.22,3.22,3.21,3.21
1753437600,3.21,3.22,3.19,3.2
1753439400,3.2,3.2,3.19,3.2
1753441200,3.2,3.21,3.19,3.19
1753443000,3.2,3.21,3.19,3.2
1753444800,3.19,3.21,3.17,3.17
1753446600,3.18,3.19,3.15,3.16
1753448400,3.16,3.16,3.14,3.15
1753450200,3.15,3.17,3.14,3.17
1753452000,3.17,3.17,3.14,3.14
1753453800,3.15,3.15,3.12,3.13
1753455600,3.12,3.12,3.12,3.12
1753684200,3.14,3.14,3.14,3.14
1753686000,3.14,3.15,3.12,3.14
1753687800,3.15,3.19,3.14,3.17
1753689600,3.17,3.18,3.16,3.17
1753691400,3.16,3.17,3.15,3.15
1753693200,3.16,3.16,3.14,3.14
1753695000,3.15,3.15,3.13,3.15
1753696800,3.14,3.17,3.14,3.16
1753698600,3.17,3.18,3.16,3.16
1753700400,3.17,3.18,3.16,3.16
1753702200,3.16,3.17,3.15,3.16
1753704000,3.15,3.17,3.15,3.16
1753705800,3.16,3.16,3.15,3.16
1753707600,3.16,3.18,3.15,3.17
1753709400,3.17,3.17,3.15,3.16
1753711200,3.16,3.16,3.14,3.16
1753713000,3.16,3.16,3.13,3.14
1753714800,3.14,3.14,3.13,3.13
1753770600,3.14,3.14,3.14,3.14
1753772400,3.14,3.16,3.13,3.14
1753774200,3.14,3.16,3.14,3.15
1753776000,3.14,3.15,3.13,3.15
1753777800,3.14,3.15,3.13,3.13
1753779600,3.14,3.15,3.13,3.15
1753781400,3.15,3.15,3.14,3.15
1753783200,3.15,3.16,3.14,3.15
1753785000,3.14,3.15,3.13,3.14
1753786800,3.14,3.15,3.13,3.14
1753788600,3.14,3.14,3.13,3.14
1753790400,3.14,3.14,3.13,3.14
1753792200,3.14,3.14,3.13,3.14
1753794000,3.14,3.14,3.13,3.13
1753795800,3.13,3.14,3.12,3.13
1753797600,3.13,3.13,3.11,3.12
1753799400,3.11,3.12,3.08,3.09
1753801200,3.09,3.09,3.08,3.08
1753857000,3.09,3.09,3.09,3.09
1753858800,3.09,3.12,3.08,3.11
1753860600,3.11,3.12,3.1,3.12
1753862400,3.11,3.12,3.1,3.12
1753864200,3.12,3.12,3.11,3.12
1753866000,3.12,3.15,3.11,3.14
1753867800,3.15,3.15,3.13,3.14
1753869600,3.14,3.14,3.12,3.13
1753871400,3.13,3.13,3.11,3.12
1753873200,3.12,3.13,3.11,3.11
1753875000,3.12,3.13,3.11,3.12
1753876800,3.13,3.13,3.1,3.11
1753878600,3.1,3.11,3.09,3.09
1753880400,3.1,3.11,3.09,3.11
1753882200,3.11,3.12,3.1,3.12
1753884000,3.12,3.12,3.1,3.11
1753885800,3.11,3.11,3.09,3.1
1753887600,3.1,3.1,3.1,3.1
1753943400,3.12,3.12,3.12,3.12
1753945200,3.12,3.14,3.11,3.14
1753947000,3.14,3.16,3.13,3.15
1753948800,3.15,3.15,3.13,3.14
1753950600,3.15,3.15,3.14,3.14
1753952400,3.15,3.15,3.13,3.14
1753954200,3.15,3.15,3.13,3.14
1753956000,3.15,3.15,3.14,3.14
1753957800,3.14,3.15,3.12,3.13
1753959600,3.13,3.13,3.11,3.11
1753961400,3.12,3.12,3.1,3.12
1753963200,3.12,3.13,3.11,3.13
1753965000,3.12,3.13,3.12,3.12
1753966800,3.13,3.13,3.12,3.12
1753968600,3.12,3.13,3.11,3.13
1753970400,3.13,3.13,3.11,3.12
1753972200,3.12,3.13,3.11,3.12
1753974000,3.12,3.12,3.12,3.12
1754029800,3.13,3.13,3.13,3.13
1754031600,3.12,3.15,3.12,3.14
1754033400,3.14,3.14,3.12,3.14
1754035200,3.14,3.14,3.13,3.13
1754037000,3.14,3.14,3.12,3.13
1754038800,3.13,3.13,3.12,3.13
1754040600,3.13,3.14,3.12,3.14
1754042400,3.13,3.14,3.13,3.13
1754044200,3.14,3.14,3.12,3.14
1754046000,3.14,3.14,3.11,3.13
1754047800,3.13,3.13,3.12,3.13
1754049600,3.13,3.14,3.12,3.14
1754051400,3.14,3.14,3.12,3.12
1754053200,3.13,3.14,3.12,3.13
1754055000,3.13,3.14,3.12,3.13
1754056800,3.13,3.13,3.11,3.12
1754058600,3.12,3.13,3.11,3.13
1754060400,3.12,3.12,3.12,3.12
1754289000,3.15,3.15,3.15,3.15
1754290800,3.15,3.18,3.15,3.16
1754292600,3.17,3.18,3.16,3.17
1754294400,3.18,3.18,3.16,3.17
1754296200,3.17,3.17,3.16,3.17
1754298000,3.17,3.17,3.15,3.17
1754299800,3.17,3.17,3.16,3.17
1754301600,3.17,3.17,3.16,3.16
1754303400,3.17,3.17,3.15,3.16
1754305200,3.17,3.17,3.15,3.16
1754307000,3.17,3.18,3.16,3.18
1754308800,3.18,3.18,3.17,3.18
1754310600,3.18,3.18,3.17,3.17
1754312400,3.17,3.18,3.17,3.18
1754314200,3.17,3.18,3.17,3.18
1754316000,3.18,3.18,3.16,3.17
1754317800,3.17,3.19,3.17,3.18
1754319600,3.18,3.18,3.18,3.18
1754375400,3.19,3.19,3.19,3.19
1754377200,3.2,3.21,3.19,3.19
1754379000,3.19,3.2,3.18,3.19
1754380800,3.18,3.19,3.18,3.19
1754382600,3.19,3.19,3.18,3.19
1754384400,3.19,3.2,3.18,3.19
1754386200,3.2,3.2,3.18,3.19
1754388000,3.19,3.19,3.18,3.19
1754389800,3.18,3.19,3.17,3.18
1754391600,3.18,3.18,3.17,3.18
1754393400,3.18,3.18,3.17,3.17
1754395200,3.18,3.18,3.16,3.16
1754397000,3.16,3.17,3.14,3.16
1754398800,3.16,3.16,3.15,3.15
1754400600,3.16,3.17,3.15,3.17
1754402400,3.17,3.17,3.15,3.16
1754404200,3.15,3.16,3.15,3.16
1754406000,3.16,3.16,3.16,3.16
1754461800,3.17,3.17,3.17,3.17
1754463600,3.16,3.18,3.15,3.16
1754465400,3.16,3.16,3.14,3.14
1754467200,3.15,3.16,3.14,3.16
1754469000,3.16,3.17,3.15,3.17
1754470800,3.17,3.17,3.15,3.16
1754472600,3.15,3.16,3.15,3.16
1754474400,3.16,3.16,3.15,3.16
1754476200,3.15,3.16,3.15,3.16
1754478000,3.16,3.17,3.15,3.17
1754479800,3.17,3.18,3.16,3.17
1754481600,3.17,3.18,3.16,3.16
1754483400,3.17,3.17,3.16,3.17
1754485200,3.16,3.17,3.16,3.17
1754487000,3.17,3.17,3.16,3.17
1754488800,3.16,3.17,3.16,3.16
1754490600,3.17,3.18,3.16,3.17
1754492400,3.17,3.18,3.17,3.18
1754548200,3.19,3.19,3.19,3.19
1754550000,3.19,3.24,3.19,3.23
1754551800,3.24,3.25,3.22,3.23
1754553600,3.23,3.24,3.22,3.23
1754555400,3.23,3.23,3.22,3.22
1754557200,3.22,3.24,3.22,3.24
1754559000,3.23,3.25,3.23,3.24
1754560800,3.24,3.24,3.22,3.23
1754562600,3.23,3.23,3.21,3.22
1754564400,3.22,3.22,3.21,3.22
1754566200,3.22,3.22,3.19,3.2
1754568000,3.21,3.21,3.19,3.19
1754569800,3.19,3.2,3.19,3.2
1754571600,3.2,3.21,3.19,3.21
1754573400,3.21,3.21,3.18,3.19
1754575200,3.2,3.2,3.18,3.19
1754577000,3.19,3.19,3.17,3.18
1754578800,3.18,3.18,3.17,3.17
1754634600,3.15,3.15,3.15,3.15
1754636400,3.15,3.17,3.15,3.17
1754638200,3.17,3.17,3.15,3.17
1754640000,3.17,3.17,3.16,3.17
1754641800,3.17,3.2,3.16,3.2
1754643600,3.2,3.42,3.19,3.41
1754645400,3.41,3.45,3.39,3.41
1754647200,3.41,3.43,3.4,3.43
1754649000,3.43,3.43,3.41,3.42
1754650800,3.42,3.43,3.41,3.42
1754652600,3.42,3.47,3.41,3.47
1754654400,3.47,3.47,3.44,3.44
1754656200,3.45,3.46,3.43,3.45
1754658000,3.45,3.45,3.41,3.42
1754659800,3.43,3.44,3.41,3.42
1754661600,3.41,3.43,3.4,3.41
1754663400,3.41,3.43,3.36,3.39
1754665200,3.39,3.39,3.39,3.39
1754893800,3.42,3.42,3.42,3.42
1754895600,3.42,3.43,3.39,3.41
1754897400,3.4,3.47,3.38,3.46
1754899200,3.46,3.49,3.45,3.46
1754901000,3.45,3.46,3.43,3.45
1754902800,3.45,3.47,3.44,3.46
1754904600,3.46,3.46,3.41,3.42
1754906400,3.42,3.43,3.41,3.43
1754908200,3.43,3.43,3.42,3.42
1754910000,3.42,3.43,3.41,3.42
1754911800,3.42,3.44,3.4,3.44
1754913600,3.44,3.45,3.43,3.44
1754915400,3.44,3.44,3.41,3.42
1754917200,3.42,3.43,3.41,3.43
1754919000,3.43,3.43,3.41,3.42
1754920800,3.42,3.42,3.4,3.41
1754922600,3.41,3.42,3.4,3.42
1754924400,3.42,3.42,3.4,3.4
1754980200,3.4,3.4,3.4,3.4
1754982000,3.41,3.41,3.36,3.36
1754983800,3.37,3.38,3.35,3.37
1754985600,3.36,3.37,3.34,3.34
1754987400,3.34,3.35,3.31,3.33
1754989200,3.33,3.34,3.32,3.33
1754991000,3.34,3.34,3.32,3.33
1754992800,3.33,3.33,3.32,3.32
1754994600,3.33,3.33,3.32,3.32
1754996400,3.33,3.33,3.31,3.32
1754998200,3.32,3.33,3.31,3.33
1755000000,3.33,3.34,3.32,3.33
1755001800,3.32,3.34,3.32,3.33
1755003600,3.33,3.34,3.32,3.33
1755005400,3.33,3.33,3.32,3.32
1755007200,3.32,3.33,3.31,3.31
1755009000,3.32,3.33,3.31,3.32
1755010800,3.31,3.31,3.31,3.31
1755066600,3.31,3.31,3.31,3.31
1755068400,3.32,3.37,3.3,3.36
1755070200,3.37,3.41,3.36,3.4
1755072000,3.4,3.44,3.39,3.44
1755073800,3.44,3.44,3.4,3.41
1755075600,3.41,3.43,3.4,3.42
1755077400,3.42,3.43,3.4,3.4
1755079200,3.41,3.42,3.4,3.41
1755081000,3.41,3.45,3.4,3.43
1755082800,3.43,3.44,3.42,3.42
1755084600,3.43,3.46,3.42,3.44
1755086400,3.44,3.44,3.43,3.44
1755088200,3.43,3.45,3.43,3.44
1755090000,3.44,3.55,3.43,3.53
1755091800,3.52,3.55,3.5,3.51
1755093600,3.5,3.53,3.5,3.52
1755095400,3.52,3.53,3.49,3.5
1755097200,3.52,3.52,3.5,3.5
1755153000,3.5,3.5,3.5,3.5
1755154800,3.49,3.62,3.49,3.61
1755156600,3.61,3.63,3.55,3.55
1755158400,3.55,3.58,3.55,3.56
1755160200,3.55,3.56,3.54,3.54
1755162000,3.54,3.56,3.54,3.55
1755163800,3.56,3.58,3.55,3.57
1755165600,3.57,3.61,3.56,3.58
1755167400,3.58,3.61,3.57,3.61
1755169200,3.61,3.64,3.59,3.62
1755171000,3.61,3.62,3.6,3.6
1755172800,3.6,3.62,3.6,3.61
1755174600,3.6,3.61,3.56,3.57
1755176400,3.57,3.59,3.56,3.58
1755178200,3.57,3.58,3.56,3.56
1755180000,3.57,3.58,3.56,3.57
1755181800,3.57,3.58,3.54,3.56
1755183600,3.55,3.55,3.55,3.55
1755239400,3.56,3.56,3.56,3.56
1755241200,3.56,3.76,3.55,3.74
1755243000,3.75,3.84,3.71,3.84
1755244800,3.84,3.85,3.77,3.79
1755246600,3.78,3.83,3.77,3.82
1755248400,3.82,3.86,3.81,3.85
1755250200,3.85,3.88,3.83,3.87
1755252000,3.86,3.87,3.86,3.87
1755253800,3.86,3.87,3.84,3.85
1755255600,3.85,3.86,3.82,3.84
1755257400,3.84,3.85,3.83,3.84
1755259200,3.83,3.86,3.83,3.85
1755261000,3.85,3.85,3.82,3.84
1755262800,3.84,3.86,3.83,3.84
1755264600,3.84,3.85,3.84,3.84
1755266400,3.84,3.86,3.83,3.86
1755268200,3.86,3.9,3.83,3.9
1755270000,3.9,3.9,3.9,3.9
1755498600,4.13,4.13,4.13,4.13
1755500400,4.12,4.27,4.07,4.19
1755502200,4.19,4.29,4.18,4.29
1755504000,4.29,4.29,4.29,4.29
1755505800,4.29,4.29,4.29,4.29
1755507600,4.29,4.29,4.18,4.25
1755509400,4.25,4.27,4.23,4.26
1755511200,4.26,4.29,4.24,4.25
1755513000,4.24,4.26,4.23,4.26
1755514800,4.26,4.28,4.25,4.27
1755516600,4.26,4.28,4.25,4.28
1755518400,4.27,4.29,4.26,4.29
1755520200,4.29,4.29,4.27,4.29
1755522000,4.29,4.29,4.28,4.29
1755523800,4.29,4.29,4.29,4.29
1755525600,4.29,4.29,4.29,4.29
1755527400,4.29,4.29,4.29,4.29
1755529200,4.29,4.29,4.29,4.29
1755585000,4.3,4.3,4.3,4.3
1755586800,4.3,4.55,4.28,4.37
1755588600,4.37,4.42,4.34,4.35
1755590400,4.35,4.37,4.18,4.23
1755592200,4.23,4.25,4.15,4.22
1755594000,4.22,4.4,4.21,4.38
1755595800,4.38,4.43,4.34,4.34
1755597600,4.35,4.36,4.31,4.31
1755599400,4.32,4.35,4.31,4.34
1755601200,4.34,4.36,4.31,4.32
1755603000,4.33,4.38,4.31,4.33
1755604800,4.34,4.34,4.29,4.3
1755606600,4.3,4.34,4.26,4.32
1755608400,4.32,4.32,4.27,4.28
1755610200,4.28,4.3,4.23,4.28
1755612000,4.29,4.29,4.22,4.27
1755613800,4.27,4.36,4.25,4.3
1755615600,4.3,4.3,4.27,4.27
1755671400,4.04,4.04,4.04,4.04
1755673200,4.04,4.11,3.99,4.03
1755675000,4.03,4.04,3.89,3.94
1755676800,3.93,4.01,3.93,4.01
1755678600,4.01,4.01,3.97,4
1755680400,4.01,4.04,3.99,4.01
1755682200,4.02,4.07,3.99,4.02
1755684000,4.02,4.04,4.02,4.03
1755685800,4.03,4.04,4.01,4.02
1755687600,4.02,4.03,4,4
1755689400,4.01,4.01,3.98,3.99
1755691200,3.99,4.01,3.99,4
1755693000,4,4.01,3.99,4
1755694800,4.01,4.01,3.99,3.99
1755696600,3.99,4,3.95,3.97
1755698400,3.96,3.97,3.92,3.93
1755700200,3.93,3.98,3.91,3.95
1755702000,3.96,3.96,3.96,3.96
1755757800,3.98,3.98,3.98,3.98
1755759600,3.98,4.12,3.98,4.05
1755761400,4.05,4.05,4.02,4.04
1755763200,4.04,4.04,4.02,4.04
1755765000,4.04,4.04,4.02,4.02
1755766800,4.03,4.03,3.99,4.03
1755768600,4.03,4.03,4.01,4.02
1755770400,4.02,4.12,4.02,4.07
1755772200,4.06,4.07,4.05,4.06
1755774000,4.05,4.06,4.03,4.04
1755775800,4.05,4.12,4.04,4.11
1755777600,4.11,4.26,4.1,4.24
1755779400,4.24,4.3,4.22,4.24
1755781200,4.24,4.3,4.23,4.27
1755783000,4.28,4.35,4.26,4.35
1755784800,4.35,4.35,4.35,4.35
1755786600,4.35,4.35,4.35,4.35
1755788400,4.35,4.35,4.35,4.35
1755844200,4.47,4.47,4.47,4.47
1755846000,4.47,4.64,4.46,4.53
1755847800,4.53,4.55,4.5,4.53
1755849600,4.52,4.69,4.5,4.66
1755851400,4.66,4.74,4.65,4.72
1755853200,4.72,4.72,4.67,4.71
1755855000,4.71,4.71,4.66,4.69
1755856800,4.69,4.69,4.58,4.63
1755858600,4.63,4.7,4.62,4.69
1755860400,4.69,4.69,4.65,4.68
1755862200,4.68,4.68,4.57,4.59
1755864000,4.59,4.59,4.5,4.53
1755865800,4.53,4.57,4.5,4.56
1755867600,4.56,4.57,4.53,4.55
1755869400,4.54,4.56,4.5,4.52
1755871200,4.52,4.59,4.51,4.55
1755873000,4.54,4.78,4.53,4.78
1755874800,4.78,4.78,4.78,4.78
1756103400,4.93,4.93,4.93,4.93
1756105200,4.93,5.16,4.93,5.12
1756107000,5.13,5.22,5.06,5.2
1756108800,5.21,5.25,5.2,5.23
1756110600,5.24,5.25,5.21,5.24
1756112400,5.24,5.25,5.22,5.23
1756114200,5.23,5.25,5.21,5.25
1756116000,5.25,5.25,5.25,5.25
1756117800,5.25,5.25,5.25,5.25
1756119600,5.25,5.25,5.07,5.11
1756121400,5.12,5.22,4.99,5.2
1756123200,5.19,5.21,5.13,5.19
1756125000,5.19,5.2,5.13,5.17
1756126800,5.18,5.25,5.17,5.2
1756128600,5.19,5.25,5.19,5.25
1756130400,5.25,5.25,5.25,5.25
1756132200,5.25,5.25,5.25,5.25
1756134000,5.25,5.25,5.25,5.25
1756189800,5.44,5.44,5.44,5.44
1756191600,5.44,5.5,5.18,5.28
1756193400,5.28,5.42,5.27,5.3
1756195200,5.3,5.38,5.29,5.36
1756197000,5.36,5.37,5.3,5.31
1756198800,5.3,5.31,5.21,5.3
1756200600,5.3,5.35,5.28,5.33
1756202400,5.33,5.33,5.27,5.3
1756204200,5.3,5.3,5.28,5.29
1756206000,5.29,5.29,5.24,5.28
1756207800,5.28,5.28,5.21,5.23
1756209600,5.24,5.3,5.22,5.27
1756211400,5.28,5.28,5.24,5.26
1756213200,5.25,5.43,5.25,5.42
1756215000,5.42,5.64,5.41,5.63
1756216800,5.62,5.66,5.4,5.51
1756218600,5.51,5.51,5.26,5.32
1756220400,5.32,5.32,5.16,5.16
1756276200,5.1,5.1,5.1,5.1
1756278000,5.1,5.21,4.95,5.01
1756279800,5.01,5.07,4.97,5.03
1756281600,5.03,5.06,5.01,5.04
1756283400,5.03,5.12,4.98,5.11
1756285200,5.11,5.11,5.04,5.06
1756287000,5.07,5.12,5.05,5.12
1756288800,5.11,5.12,5.04,5.05
1756290600,5.05,5.08,5.01,5.05
1756292400,5.05,5.08,5.04,5.07
1756294200,5.06,5.07,5.03,5.04
1756296000,5.04,5.07,5.04,5.05
1756297800,5.06,5.06,5.02,5.04
1756299600,5.04,5.12,5.01,5.11
1756301400,5.11,5.14,5.04,5.05
1756303200,5.04,5.08,5.01,5.03
1756305000,5.03,5.03,4.88,4.92
1756306800,4.89,4.89,4.89,4.89
1756362600,4.98,4.98,4.98,4.98
1756364400,4.97,5.02,4.94,4.99
1756366200,4.99,5,4.91,4.92
1756368000,4.92,4.96,4.91,4.93
1756369800,4.94,4.96,4.93,4.93
1756371600,4.93,5.01,4.93,4.96
1756373400,4.96,4.99,4.95,4.96
1756375200,4.96,4.97,4.93,4.94
1756377000,4.94,4.95,4.92,4.94
1756378800,4.94,4.94,4.92,4.93
1756380600,4.94,4.94,4.92,4.92
1756382400,4.93,4.93,4.85,4.89
1756384200,4.89,4.92,4.86,4.91
1756386000,4.92,4.93,4.88,4.89
1756387800,4.9,4.91,4.86,4.9
1756389600,4.9,4.94,4.82,4.85
1756391400,4.84,4.85,4.77,4.81
1756393200,4.8,4.83,4.8,4.83
1756449000,4.9,4.9,4.9,4.9
1756450800,4.9,4.91,4.82,4.83
1756452600,4.82,4.84,4.81,4.83
1756454400,4.82,4.9,4.81,4.82
1756456200,4.82,4.83,4.81,4.82
1756458000,4.81,4.82,4.76,4.77
1756459800,4.77,4.77,4.71,4.73
1756461600,4.74,4.77,4.73,4.76
1756463400,4.76,4.76,4.74,4.75
1756465200,4.75,4.77,4.71,4.71
1756467000,4.72,4.72,4.67,4.71
1756468800,4.7,4.82,4.7,4.8
1756470600,4.8,4.85,4.69,4.74
1756472400,4.74,4.77,4.72,4.76
1756474200,4.75,4.76,4.73,4.74
1756476000,4.73,4.77,4.66,4.66
1756477800,4.66,4.68,4.59,4.65
1756479600,4.69,4.69,4.69,4.69
1756708200,4.7,4.7,4.7,4.7
1756710000,4.69,4.74,4.55,4.7
1756711800,4.7,4.79,4.67,4.78
1756713600,4.77,4.8,4.73,4.75
1756715400,4.74,4.75,4.68,4.7
1756717200,4.7,4.71,4.64,4.66
1756719000,4.66,4.67,4.63,4.65
1756720800,4.64,4.69,4.62,4.68
1756722600,4.68,4.7,4.67,4.69
1756724400,4.69,4.7,4.67,4.68
1756726200,4.68,4.76,4.67,4.75
1756728000,4.74,4.75,4.66,4.72
1756729800,4.71,4.72,4.67,4.68
1756731600,4.68,4.7,4.63,4.65
1756733400,4.64,4.66,4.58,4.61
1756735200,4.61,4.64,4.59,4.63
1756737000,4.63,4.63,4.57,4.59
1756738800,4.59,4.59,4.58,4.58
1756794600,4.61,4.61,4.61,4.61
1756796400,4.61,4.68,4.61,4.66
1756798200,4.65,4.7,4.62,4.63
1756800000,4.64,4.65,4.6,4.62
1756801800,4.62,4.72,4.61,4.68
1756803600,4.68,4.76,4.68,4.72
1756805400,4.72,4.72,4.68,4.7
1756807200,4.7,4.74,4.69,4.72
1756809000,4.71,4.72,4.68,4.69
1756810800,4.69,4.7,4.69,4.7
1756812600,4.7,4.7,4.66,4.67
1756814400,4.67,4.76,4.67,4.72
1756816200,4.71,4.72,4.46,4.47
1756818000,4.47,4.57,4.4,4.56
1756819800,4.56,4.64,4.54,4.63
1756821600,4.63,4.63,4.53,4.54
1756823400,4.54,4.61,4.53,4.61
1756825200,4.62,4.62,4.62,4.62
1756881000,4.64,4.64,4.64,4.64
1756882800,4.63,4.7,4.55,4.66
1756884600,4.66,4.7,4.65,4.68
1756886400,4.69,4.69,4.58,4.58
1756888200,4.58,4.59,4.47,4.52
1756890000,4.52,4.53,4.47,4.5
1756891800,4.5,4.55,4.5,4.54
1756893600,4.55,4.56,4.52,4.55
1756895400,4.54,4.55,4.51,4.53
1756897200,4.53,4.53,4.49,4.51
1756899000,4.52,4.55,4.49,4.54
1756900800,4.54,4.54,4.51,4.52
1756902600,4.52,4.53,4.48,4.5
1756904400,4.5,4.53,4.49,4.52
1756906200,4.52,4.53,4.5,4.51
1756908000,4.52,4.52,4.49,4.5
1756909800,4.51,4.55,4.49,4.52
1756911600,4.53,4.53,4.52,4.52
1756967400,4.55,4.55,4.55,4.55
1756969200,4.55,4.63,4.54,4.58
1756971000,4.58,4.59,4.54,4.55
1756972800,4.54,4.57,4.54,4.57
1756974600,4.57,4.6,4.55,4.59
1756976400,4.59,4.6,4.54,4.57
1756978200,4.56,4.57,4.53,4.54
1756980000,4.55,4.55,4.52,4.53
1756981800,4.53,4.56,4.52,4.55
1756983600,4.54,4.58,4.54,4.57
1756985400,4.57,4.59,4.56,4.59
1756987200,4.59,4.6,4.56,4.57
1756989000,4.56,4.57,4.5,4.51
1756990800,4.5,4.52,4.46,4.49
1756992600,4.5,4.5,4.42,4.44
1756994400,4.44,4.45,4.43,4.45
1756996200,4.45,4.46,4.43,4.44
1756998000,4.44,4.44,4.43,4.43
1757053800,4.46,4.46,4.46,4.46
1757055600,4.47,4.58,4.47,4.47
1757057400,4.48,4.49,4.4,4.43
1757059200,4.42,4.45,4.41,4.44
1757061000,4.45,4.46,4.44,4.45
1757062800,4.45,4.46,4.43,4.43
1757064600,4.44,4.45,4.43,4.44
1757066400,4.44,4.44,4.42,4.43
1757068200,4.43,4.43,4.39,4.41
1757070000,4.41,4.45,4.39,4.45
1757071800,4.44,4.55,4.43,4.5
1757073600,4.5,4.53,4.48,4.52
1757075400,4.52,4.53,4.46,4.47
1757077200,4.47,4.52,4.47,4.49
1757079000,4.5,4.51,4.44,4.48
1757080800,4.48,4.49,4.43,4.44
1757082600,4.43,4.45,4.39,4.43
1757084400,4.43,4.43,4.43,4.43
1757313000,4.36,4.36,4.36,4.36
1757314800,4.36,4.42,4.35,4.37
1757316600,4.37,4.38,4.31,4.32
1757318400,4.32,4.33,4.28,4.31
1757320200,4.31,4.32,4.29,4.31
1757322000,4.31,4.32,4.29,4.3
1757323800,4.31,4.32,4.3,4.31
1757325600,4.31,4.31,4.23,4.26
1757327400,4.26,4.27,4.21,4.22
1757329200,4.22,4.22,4.14,4.15
1757331000,4.15,4.16,3.99,4.05
1757332800,4.05,4.05,4,4.01
1757334600,4.01,4.03,3.99,3.99
1757336400,3.99,4.03,3.99,4.01
1757338200,4.01,4.02,4,4.01
1757340000,4.02,4.02,3.99,3.99
1757341800,3.99,3.99,3.99,3.99
1757343600,3.99,3.99,3.99,3.99
1757399400,3.92,3.92,3.92,3.92
1757401200,3.92,3.97,3.88,3.92
1757403000,3.91,3.96,3.9,3.93
1757404800,3.93,3.99,3.92,3.94
1757406600,3.95,4.04,3.94,4.02
1757408400,4.02,4.05,3.98,3.99
1757410200,3.99,4.02,3.99,4.02
1757412000,4.01,4.04,4.01,4.03
1757413800,4.02,4.03,3.97,3.98
1757415600,3.98,3.98,3.94,3.97
1757417400,3.96,3.98,3.95,3.97
1757419200,3.97,4.01,3.96,3.99
1757421000,3.99,4.01,3.97,3.98
1757422800,3.99,3.99,3.9,3.93
1757424600,3.94,3.94,3.87,3.93
1757426400,3.92,3.96,3.91,3.93
1757428200,3.93,3.94,3.9,3.92
1757430000,3.91,3.91,3.91,3.91
1757485800,3.94,3.94,3.94,3.94
1757487600,3.94,3.95,3.9,3.95
1757489400,3.94,4.02,3.93,3.99
1757491200,3.99,4,3.94,3.94
1757493000,3.95,3.96,3.92,3.93
1757494800,3.92,3.95,3.92,3.94
1757496600,3.93,3.94,3.93,3.93
1757498400,3.94,3.94,3.93,3.94
1757500200,3.93,3.96,3.93,3.94
1757502000,3.93,3.97,3.93,3.95
1757503800,3.96,3.96,3.93,3.94
1757505600,3.95,3.95,3.93,3.94
1757507400,3.95,3.96,3.92,3.94
1757509200,3.94,3.96,3.93,3.95
1757511000,3.94,3.96,3.93,3.94
1757512800,3.93,3.95,3.91,3.93
1757514600,3.93,3.94,3.9,3.94
1757516400,3.94,3.94,3.92,3.92
1757572200,3.92,3.92,3.92,3.92
1757574000,3.92,3.96,3.91,3.94
1757575800,3.94,3.95,3.92,3.93
1757577600,3.94,3.94,3.92,3.92
1757579400,3.93,3.93,3.9,3.91
1757581200,3.9,3.92,3.9,3.92
1757583000,3.91,3.94,3.91,3.93
1757584800,3.92,3.96,3.92,3.94
1757586600,3.93,3.99,3.93,3.96
1757588400,3.96,3.97,3.92,3.93
1757590200,3.92,3.93,3.87,3.88
1757592000,3.88,3.9,3.79,3.82
1757593800,3.82,3.82,3.77,3.81
1757595600,3.8,3.85,3.78,3.83
1757597400,3.84,3.85,3.8,3.82
1757599200,3.82,3.83,3.73,3.76
1757601000,3.75,3.77,3.72,3.74
1757602800,3.75,3.75,3.75,3.75
1757658600,3.76,3.76,3.76,3.76
1757660400,3.76,3.77,3.66,3.69
1757662200,3.69,3.7,3.67,3.69
1757664000,3.69,3.69,3.66,3.68
1757665800,3.68,3.68,3.63,3.63
1757667600,3.63,3.66,3.63,3.65
1757669400,3.66,3.68,3.65,3.67
1757671200,3.68,3.68,3.65,3.67
1757673000,3.67,3.7,3.66,3.68
1757674800,3.69,3.69,3.63,3.63
1757676600,3.63,3.64,3.61,3.63
1757678400,3.63,3.63,3.6,3.62
1757680200,3.62,3.66,3.61,3.65
1757682000,3.64,3.65,3.62,3.64
1757683800,3.63,3.67,3.62,3.64
1757685600,3.64,3.66,3.62,3.64
1757687400,3.64,3.67,3.59,3.6
1757689200,3.6,3.6,3.6,3.6
1757917800,3.61,3.61,3.61,3.61
1757919600,3.61,3.65,3.6,3.63
1757921400,3.63,3.63,3.58,3.59
1757923200,3.58,3.79,3.53,3.77
1757925000,3.76,3.8,3.72,3.75
1757926800,3.75,3.79,3.74,3.78
1757928600,3.78,3.78,3.75,3.76
1757930400,3.76,3.78,3.75,3.78
1757932200,3.78,3.92,3.77,3.89
1757934000,3.89,3.96,3.88,3.93
1757935800,3.93,3.95,3.92,3.93
1757937600,3.93,3.96,3.93,3.96
1757939400,3.96,3.96,3.96,3.96
1757941200,3.96,3.96,3.96,3.96
1757943000,3.96,3.96,3.96,3.96
1757944800,3.96,3.96,3.96,3.96
1757946600,3.96,3.96,3.96,3.96
1757948400,3.96,3.96,3.96,3.96
1758004200,4.06,4.06,4.06,4.06
1758006000,4.06,4.21,4.05,4.17
1758007800,4.18,4.19,4.11,4.15
1758009600,4.15,4.19,4.14,4.15
1758011400,4.15,4.18,4.14,4.15
1758013200,4.15,4.16,4.06,4.07
1758015000,4.08,4.11,4.06,4.11
1758016800,4.11,4.12,4.09,4.11
1758018600,4.1,4.14,4.09,4.11
1758020400,4.11,4.13,4.09,4.1
1758022200,4.1,4.12,4.09,4.1
1758024000,4.09,4.13,4.09,4.12
1758025800,4.12,4.15,4.11,4.12
1758027600,4.12,4.13,4.09,4.11
1758029400,4.1,4.16,4.1,4.12
1758031200,4.12,4.12,4.04,4.08
1758033000,4.07,4.08,4,4.03
1758034800,4.02,4.03,4.02,4.03
1758090600,4.04,4.04,4.04,4.04
1758092400,4.04,4.1,4.01,4.07
1758094200,4.06,4.08,4.05,4.05
1758096000,4.06,4.07,4.04,4.05
1758097800,4.05,4.07,4.04,4.07
1758099600,4.07,4.11,4.06,4.08
1758101400,4.09,4.09,4.07,4.08
1758103200,4.08,4.14,4.07,4.11
1758105000,4.12,4.13,4.09,4.11
1758106800,4.1,4.11,4.07,4.09
1758108600,4.08,4.1,4.07,4.07
1758110400,4.07,4.09,4.07,4.09
1758112200,4.09,4.11,4.04,4.07
1758114000,4.06,4.09,4.06,4.08
1758115800,4.08,4.1,4.08,4.09
1758117600,4.08,4.12,4.07,4.12
1758119400,4.12,4.24,4.1,4.23
1758121200,4.23,4.23,4.21,4.21
1758177000,4.24,4.24,4.24,4.24
1758178800,4.23,4.26,4.2,4.21
1758180600,4.22,4.23,4.2,4.22
1758182400,4.23,4.24,4.2,4.22
1758184200,4.22,4.22,4.19,4.21
1758186000,4.21,4.21,4.2,4.21
1758187800,4.21,4.22,4.2,4.21
1758189600,4.22,4.22,4.2,4.21
1758191400,4.21,4.22,4.19,4.2
1758193200,4.21,4.21,4.19,4.2
1758195000,4.19,4.2,4.19,4.2
1758196800,4.2,4.21,4.18,4.2
1758198600,4.19,4.22,4.19,4.2
1758200400,4.21,4.21,4.13,4.15
1758202200,4.15,4.16,4.06,4.09
1758204000,4.08,4.1,4.06,4.08
1758205800,4.09,4.09,4.03,4.04
1758207600,4.03,4.03,4.03,4.03
1758263400,4.04,4.04,4.04,4.04
1758265200,4.04,4.1,4.03,4.09
1758267000,4.09,4.11,4.08,4.08
1758268800,4.08,4.09,4.05,4.08
1758270600,4.08,4.08,4.05,4.07
1758272400,4.07,4.07,4.06,4.07
1758274200,4.06,4.07,4.02,4.04
1758276000,4.04,4.08,4.03,4.08
1758277800,4.08,4.08,4.05,4.07
1758279600,4.07,4.08,4.06,4.07
1758281400,4.06,4.07,4.04,4.05
1758283200,4.05,4.08,4.04,4.07
1758285000,4.07,4.1,3.97,4.09
1758286800,4.09,4.11,4.05,4.06
1758288600,4.06,4.07,4.05,4.07
1758290400,4.07,4.08,4.03,4.07
1758292200,4.06,4.07,4.05,4.06
1758294000,4.06,4.07,4.06,4.07
1758522600,4.18,4.18,4.18,4.18
1758524400,4.18,4.19,4.14,4.18
1758526200,4.17,4.22,4.17,4.19
1758528000,4.18,4.21,4.18,4.19
1758529800,4.19,4.2,4.18,4.2
1758531600,4.2,4.32,4.19,4.29
1758533400,4.28,4.29,4.24,4.27
1758535200,4.27,4.27,4.25,4.25
1758537000,4.26,4.27,4.25,4.26
1758538800,4.25,4.26,4.23,4.24
1758540600,4.25,4.25,4.23,4.24
1758542400,4.25,4.27,4.2,4.21
1758544200,4.21,4.22,4.19,4.22
1758546000,4.22,4.22,4.2,4.2
1758547800,4.21,4.26,4.19,4.23
1758549600,4.23,4.26,4.21,4.22
1758551400,4.21,4.23,4.18,4.19
1758553200,4.19,4.19,4.19,4.19
1758609000,4.13,4.13,4.13,4.13
1758610800,4.13,4.13,4.09,4.12
1758612600,4.11,4.12,4.09,4.1
1758614400,4.1,4.11,4.09,4.1
1758616200,4.1,4.11,4.09,4.1
1758618000,4.1,4.1,4.08,4.09
1758619800,4.09,4.09,4.06,4.06
1758621600,4.07,4.08,4.06,4.08
1758623400,4.07,4.09,4.07,4.08
1758625200,4.09,4.09,4.07,4.08
1758627000,4.08,4.09,4.06,4.07
1758628800,4.07,4.08,4.06,4.06
1758630600,4.07,4.07,4.01,4.02
1758632400,4.03,4.03,3.99,4.03
1758634200,4.03,4.03,4.01,4.03
1758636000,4.03,4.03,4,4.01
1758637800,4.01,4.03,4,4
1758639600,4.01,4.01,4.01,4.01
1758695400,4.04,4.04,4.04,4.04
1758697200,4.03,4.07,4.02,4.05
1758699000,4.05,4.05,4.03,4.04
1758700800,4.03,4.04,3.88,3.97
1758702600,3.97,4,3.95,3.98
1758704400,3.99,4,3.96,3.98
1758706200,3.98,4,3.97,4
1758708000,4,4,3.97,3.99
1758709800,3.99,4.07,3.98,4.04
1758711600,4.04,4.06,4.01,4.02
1758713400,4.02,4.03,4,4.03
1758715200,4.03,4.03,4.01,4.02
1758717000,4.02,4.04,4,4.02
1758718800,4.01,4.02,3.98,3.99
1758720600,3.99,4.01,3.98,4
1758722400,4,4.01,3.97,3.98
1758724200,3.98,4,3.97,3.99
1758726000,3.99,3.99,3.99,3.99
1758781800,4.11,4.11,4.11,4.11
1758783600,4.1,4.16,4.07,4.11
1758785400,4.1,4.12,4.09,4.12
1758787200,4.12,4.15,4.11,4.12
1758789000,4.13,4.14,4.11,4.13
1758790800,4.12,4.14,4.11,4.11
1758792600,4.12,4.13,4.11,4.11
1758794400,4.11,4.12,4.09,4.09
1758796200,4.1,4.11,4.09,4.1
1758798000,4.09,4.1,4.08,4.09
1758799800,4.08,4.09,4.06,4.07
1758801600,4.07,4.09,4.06,4.08
1758803400,4.08,4.08,4.05,4.07
1758805200,4.07,4.11,4.06,4.1
1758807000,4.1,4.11,4.08,4.09
1758808800,4.09,4.1,4.07,4.08
1758810600,4.07,4.08,4.06,4.07
1758812400,4.07,4.07,4.07,4.07
1758868200,4.05,4.05,4.05,4.05
1758870000,4.05,4.05,4,4.02
1758871800,4.01,4.05,4,4.02
1758873600,4.02,4.03,4.01,4.02
1758875400,4.02,4.03,4,4.01
1758877200,4.01,4.03,4,4.02
1758879000,4.01,4.03,4.01,4.03
1758880800,4.02,4.03,4.01,4.02
1758882600,4.03,4.03,4.02,4.03
1758884400,4.03,4.03,4,4
1758886200,4,4.01,3.99,4
1758888000,4,4,3.97,3.99
1758889800,4,4,3.98,3.99
1758891600,3.99,4,3.94,3.95
1758893400,3.95,3.97,3.93,3.95
1758895200,3.94,3.97,3.94,3.96
1758897000,3.97,3.97,3.92,3.95
1758898800,3.95,3.95,3.94,3.94
1759127400,3.91,3.91,3.91,3.91
1759129200,3.9,3.95,3.89,3.93
1759131000,3.93,3.94,3.92,3.93
1759132800,3.93,3.93,3.88,3.9
1759134600,3.9,3.91,3.89,3.91
1759136400,3.91,3.93,3.9,3.91
1759138200,3.92,3.93,3.9,3.9
1759140000,3.91,3.91,3.9,3.91
1759141800,3.91,3.91,3.88,3.89
1759143600,3.88,3.89,3.86,3.87
1759145400,3.87,3.88,3.85,3.88
1759147200,3.88,3.88,3.85,3.86
1759149000,3.85,3.86,3.84,3.86
1759150800,3.86,3.87,3.83,3.84
1759152600,3.84,3.86,3.83,3.85
1759154400,3.86,3.87,3.82,3.84
1759156200,3.84,3.84,3.78,3.8
1759158000,3.8,3.8,3.8,3.8
1759213800,3.82,3.82,3.82,3.82
1759215600,3.81,3.82,3.77,3.79
1759217400,3.79,3.82,3.78,3.78
1759219200,3.79,3.81,3.78,3.79
1759221000,3.8,3.8,3.77,3.78
1759222800,3.77,3.78,3.75,3.76
1759224600,3.76,3.77,3.75,3.76
1759226400,3.75,3.79,3.75,3.78
1759228200,3.77,3.78,3.72,3.73
1759230000,3.73,3.75,3.72,3.75
1759231800,3.75,3.76,3.74,3.75
1759233600,3.74,3.75,3.73,3.74
1759235400,3.74,3.74,3.72,3.74
1759237200,3.73,3.75,3.73,3.74
1759239000,3.74,3.77,3.73,3.75
1759240800,3.75,3.77,3.72,3.75
1759242600,3.75,3.77,3.74,3.76
1759244400,3.75,3.75,3.75,3.75
1759300200,3.49,3.49,3.49,3.49
1759302000,3.48,3.54,3.46,3.52
1759303800,3.52,3.52,3.46,3.48
1759305600,3.48,3.49,3.47,3.48
1759307400,3.48,3.48,3.41,3.43
1759309200,3.43,3.44,3.42,3.44
1759311000,3.44,3.44,3.42,3.44
1759312800,3.44,3.46,3.43,3.46
1759314600,3.46,3.47,3.45,3.47
1759316400,3.47,3.48,3.46,3.48
1759318200,3.48,3.51,3.47,3.5
1759320000,3.5,3.52,3.49,3.51
1759321800,3.51,3.53,3.49,3.51
1759323600,3.5,3.53,3.5,3.52
1759325400,3.52,3.52,3.49,3.5
1759327200,3.5,3.51,3.48,3.49
1759329000,3.49,3.51,3.48,3.51
1759330800,3.52,3.52,3.52,3.52
1759386600,3.53,3.53,3.53,3.53
1759388400,3.53,3.54,3.5,3.5
1759390200,3.5,3.51,3.45,3.46
1759392000,3.45,3.46,3.41,3.43
1759393800,3.44,3.45,3.42,3.44
1759395600,3.44,3.45,3.42,3.42
1759397400,3.43,3.43,3.41,3.42
1759399200,3.43,3.43,3.41,3.42
1759401000,3.42,3.43,3.41,3.43
1759402800,3.43,3.43,3.42,3.42
1759404600,3.43,3.43,3.4,3.41
1759406400,3.4,3.41,3.38,3.4
1759408200,3.4,3.47,3.4,3.43
1759410000,3.43,3.43,3.4,3.42
1759411800,3.42,3.42,3.38,3.39
1759413600,3.39,3.4,3.37,3.39
1759415400,3.39,3.4,3.37,3.39
1759417200,3.38,3.38,3.38,3.38
1759473000,3.4,3.4,3.4,3.4
1759474800,3.4,3.41,3.37,3.4
1759476600,3.4,3.4,3.39,3.4
1759478400,3.39,3.4,3.34,3.35
1759480200,3.35,3.36,3.34,3.34
1759482000,3.34,3.35,3.28,3.34
1759483800,3.34,3.35,3.32,3.33
1759485600,3.33,3.34,3.31,3.32
1759487400,3.31,3.34,3.31,3.33
1759489200,3.32,3.33,3.31,3.33
1759491000,3.33,3.35,3.32,3.34
1759492800,3.34,3.35,3.33,3.34
1759494600,3.34,3.34,3.33,3.34
1759496400,3.34,3.34,3.31,3.32
1759498200,3.32,3.33,3.28,3.31
1759500000,3.31,3.36,3.3,3.34
1759501800,3.33,3.36,3.31,3.34
1759503600,3.34,3.34,3.34,3.34
1759732200,3.35,3.35,3.35,3.35
1759734000,3.35,3.36,3.3,3.31
1759735800,3.31,3.33,3.3,3.33
1759737600,3.33,3.33,3.32,3.32
1759739400,3.33,3.33,3.31,3.32
1759741200,3.32,3.32,3.31,3.32
1759743000,3.32,3.32,3.31,3.32
1759744800,3.32,3.33,3.3,3.31
1759746600,3.31,3.32,3.3,3.3
1759748400,3.3,3.31,3.27,3.28
1759750200,3.28,3.28,3.24,3.25
1759752000,3.25,3.26,3.23,3.26
1759753800,3.26,3.26,3.24,3.26
1759755600,3.26,3.26,3.23,3.25
1759757400,3.24,3.26,3.23,3.25
1759759200,3.26,3.27,3.24,3.25
1759761000,3.25,3.25,3.21,3.23
1759762800,3.23,3.23,3.23,3.23
1759818600,3.25,3.25,3.25,3.25
1759820400,3.25,3.3,3.24,3.27
1759822200,3.26,3.27,3.2,3.23
1759824000,3.23,3.23,3.21,3.23
1759825800,3.23,3.24,3.22,3.23
1759827600,3.23,3.24,3.22,3.24
1759829400,3.24,3.25,3.23,3.25
1759831200,3.25,3.26,3.24,3.25
1759833000,3.25,3.26,3.23,3.23
1759834800,3.23,3.24,3.22,3.22
1759836600,3.23,3.24,3.22,3.23
1759838400,3.23,3.24,3.22,3.23
1759840200,3.23,3.24,3.2,3.22
1759842000,3.23,3.24,3.22,3.22
1759843800,3.22,3.24,3.22,3.23
1759845600,3.22,3.23,3.2,3.22
1759847400,3.22,3.25,3.21,3.24
1759849200,3.24,3.24,3.22,3.22
1759905000,3.21,3.21,3.21,3.21
1759906800,3.2,3.24,3.2,3.23
1759908600,3.24,3.25,3.23,3.24
1759910400,3.25,3.26,3.24,3.25
1759912200,3.25,3.26,3.23,3.23
1759914000,3.24,3.24,3.23,3.23
1759915800,3.24,3.25,3.22,3.22
1759917600,3.23,3.23,3.22,3.23
1759919400,3.23,3.23,3.21,3.23
1759921200,3.23,3.23,3.22,3.22
1759923000,3.22,3.24,3.22,3.24
1759924800,3.23,3.24,3.19,3.19
1759926600,3.19,3.2,3.16,3.17
1759928400,3.17,3.18,3.17,3.18
1759930200,3.17,3.19,3.17,3.19
1759932000,3.19,3.2,3.18,3.19
1759933800,3.18,3.19,3.16,3.17
1759935600,3.16,3.16,3.16,3.16
1759991400,3.2,3.2,3.2,3.2
1759993200,3.19,3.26,3.19,3.26
1759995000,3.26,3.26,3.2,3.22
1759996800,3.22,3.22,3.2,3.21
1759998600,3.21,3.22,3.19,3.21
1760000400,3.21,3.21,3.2,3.21
1760002200,3.2,3.21,3.2,3.21
1760004000,3.2,3.21,3.2,3.2
1760005800,3.2,3.21,3.19,3.21
1760007600,3.21,3.21,3.17,3.18
1760009400,3.19,3.2,3.17,3.18
1760011200,3.19,3.19,3.17,3.18
1760013000,3.18,3.18,3.17,3.18
1760014800,3.17,3.19,3.17,3.19
1760016600,3.19,3.19,3.15,3.15
1760018400,3.16,3.16,3.13,3.14
1760020200,3.14,3.14,3.1,3.12
1760022000,3.12,3.12,3.11,3.11
1760077800,3.13,3.13,3.13,3.13
1760079600,3.13,3.13,3.09,3.12
1760081400,3.12,3.13,3.11,3.13
1760083200,3.13,3.14,3.11,3.11
1760085000,3.12,3.12,3.09,3.11
1760086800,3.11,3.13,3.1,3.13
1760088600,3.13,3.13,3.12,3.13
1760090400,3.13,3.15,3.11,3.13
1760092200,3.13,3.13,3.11,3.11
1760094000,3.12,3.12,3.1,3.12
1760095800,3.12,3.12,3.09,3.11
1760097600,3.11,3.12,3.1,3.11
1760099400,3.11,3.11,3.08,3.1
1760101200,3.09,3.11,3.09,3.1
1760103000,3.1,3.13,3.07,3.11
1760104800,3.11,3.11,3.09,3.1
1760106600,3.11,3.13,3.1,3.12
1760108400,3.12,3.12,3.12,3.12
1760337000,3.08,3.08,3.08,3.08
1760338800,3.08,3.09,3.03,3.05
1760340600,3.05,3.06,3.03,3.06
1760342400,3.06,3.06,3.04,3.05
1760344200,3.05,3.08,3.05,3.07
1760346000,3.07,3.08,3.04,3.05
1760347800,3.05,3.05,3.04,3.04
1760349600,3.04,3.05,3.04,3.05
1760351400,3.05,3.06,3.04,3.06
1760353200,3.06,3.06,3.04,3.04
1760355000,3.05,3.05,3.04,3.04
1760356800,3.05,3.05,3.03,3.04
1760358600,3.03,3.04,3.03,3.04
1760360400,3.03,3.05,3.02,3.03
1760362200,3.02,3.03,3.02,3.02
1760364000,3.02,3.04,3.01,3.01
1760365800,3.02,3.03,3.01,3.02
1760367600,3.02,3.02,3.02,3.02
1760423400,3.02,3.02,3.02,3.02
1760425200,3.02,3.08,3.02,3.05
1760427000,3.05,3.05,3,3.01
1760428800,3.01,3.02,3,3.02
1760430600,3.02,3.07,3.01,3.07
1760432400,3.07,3.07,3.04,3.06
1760434200,3.06,3.07,3.05,3.06
1760436000,3.06,3.07,3.05,3.06
1760437800,3.06,3.06,3.04,3.05
1760439600,3.05,3.05,3.04,3.04
1760441400,3.05,3.06,3.04,3.06
1760443200,3.06,3.07,3.05,3.05
1760445000,3.05,3.06,3.04,3.05
1760446800,3.05,3.05,3,3.02
1760448600,3.02,3.03,3.01,3.02
1760450400,3.03,3.07,3.02,3.03
1760452200,3.03,3.08,3.02,3.07
1760454000,3.08,3.08,3.08,3.08
1760509800,3.1,3.1,3.1,3.1
1760511600,3.1,3.1,3,3.01
1760513400,3.01,3.03,3,3.03
1760515200,3.02,3.03,3.01,3.02
1760517000,3.01,3.03,3.01,3.02
1760518800,3.02,3.03,3.01,3.02
1760520600,3.03,3.03,3.02,3.03
1760522400,3.03,3.04,3.02,3.04
1760524200,3.04,3.07,3.03,3.06
1760526000,3.06,3.08,3.05,3.06
1760527800,3.06,3.06,3.05,3.06
1760529600,3.06,3.07,3.03,3.04
1760531400,3.04,3.08,3.03,3.06
1760533200,3.07,3.09,3.06,3.08
1760535000,3.08,3.1,3.06,3.06
1760536800,3.06,3.09,3.06,3.08
1760538600,3.09,3.14,3.08,3.13
1760540400,3.14,3.14,3.13,3.13
1760596200,3.17,3.17,3.17,3.17
1760598000,3.17,3.2,3.14,3.18
1760599800,3.19,3.19,3.16,3.17
1760601600,3.16,3.17,3.14,3.14
1760603400,3.14,3.16,3.14,3.15
1760605200,3.15,3.16,3.11,3.12
1760607000,3.12,3.13,3.09,3.11
1760608800,3.1,3.12,3.09,3.11
1760610600,3.11,3.12,3.1,3.1
1760612400,3.11,3.11,3.1,3.1
1760614200,3.11,3.11,3.08,3.1
1760616000,3.1,3.1,3.08,3.1
1760617800,3.1,3.1,3.06,3.08
1760619600,3.08,3.08,3.06,3.06
1760621400,3.07,3.08,3.05,3.07
1760623200,3.07,3.07,3.06,3.06
1760625000,3.07,3.07,3.05,3.07
1760626800,3.07,3.07,3.06,3.06
1760682600,3.04,3.04,3.04,3.04
1760684400,3.04,3.06,3.03,3.04
1760686200,3.04,3.04,3,3.01
1760688000,3.01,3.02,2.98,3.01
1760689800,3.01,3.01,2.99,3.01
1760691600,3.01,3.02,3,3.02
1760693400,3.01,3.02,3.01,3.02
1760695200,3.02,3.03,3.01,3.01
1760697000,3.02,3.03,3.01,3.03
1760698800,3.03,3.05,3.02,3.05
1760700600,3.04,3.09,3.04,3.04
1760702400,3.05,3.06,3.03,3.05
1760704200,3.04,3.06,3.04,3.05
1760706000,3.05,3.06,3.03,3.05
1760707800,3.06,3.08,3.05,3.07
1760709600,3.08,3.08,3.04,3.04
1760711400,3.05,3.05,3.03,3.04
1760713200,3.04,3.04,3.03,3.03
1760941800,3.05,3.05,3.05,3.05
1760943600,3.05,3.06,3.02,3.03
1760945400,3.03,3.03,3,3.03
1760947200,3.02,3.03,3.01,3.02
1760949000,3.02,3.03,3.01,3.02
1760950800,3.03,3.06,3.02,3.05
1760952600,3.05,3.08,3.05,3.07
1760954400,3.08,3.08,3.06,3.06
1760956200,3.06,3.08,3.05,3.06
1760958000,3.06,3.07,3.05,3.07
1760959800,3.07,3.08,3.06,3.08
1760961600,3.07,3.09,3.07,3.09
1760963400,3.09,3.1,3.07,3.08
1760965200,3.08,3.09,3.08,3.09
1760967000,3.09,3.11,3.08,3.1
1760968800,3.1,3.14,3.09,3.1
1760970600,3.1,3.12,3.1,3.12
1760972400,3.12,3.12,3.11,3.11
1761028200,3.07,3.07,3.07,3.07
1761030000,3.07,3.09,3.05,3.06
1761031800,3.06,3.06,3.05,3.06
1761033600,3.06,3.06,3.02,3.03
1761035400,3.03,3.04,3.02,3.03
1761037200,3.02,3.03,3.02,3.02
1761039000,3.02,3.03,3.02,3.02
1761040800,3.03,3.04,3.02,3.04
1761042600,3.03,3.04,3.02,3.02
1761044400,3.03,3.03,3.02,3.03
1761046200,3.03,3.04,3.02,3.04
1761048000,3.03,3.04,3.02,3.04
1761049800,3.03,3.04,3.02,3.02
1761051600,3.03,3.05,3.02,3.04
1761053400,3.04,3.05,3.02,3.03
1761055200,3.03,3.04,3.01,3.03
1761057000,3.03,3.04,3.02,3.03
1761058800,3.03,3.03,3.01,3.01
1761114600,3.03,3.03,3.03,3.03
1761116400,3.03,3.05,3.02,3.04
1761118200,3.03,3.06,3.03,3.05
1761120000,3.04,3.05,3.02,3.04
1761121800,3.03,3.04,3.02,3.03
1761123600,3.03,3.03,3.02,3.03
1761125400,3.03,3.03,3.02,3.03
1761127200,3.03,3.03,3.01,3.02
1761129000,3.02,3.03,3.01,3.03
1761130800,3.02,3.03,3.01,3.02
1761132600,3.02,3.02,3,3.01
1761134400,3,3.02,3,3.02
1761136200,3.02,3.02,3.01,3.01
1761138000,3.01,3.02,3.01,3.01
1761139800,3.02,3.03,3.01,3.02
1761141600,3.02,3.03,3.01,3.01
1761143400,3.02,3.02,3.01,3.01
1761145200,3.01,3.01,3.01,3.01
1761201000,3.02,3.02,3.02,3.02
1761202800,3.02,3.09,3.01,3.06
1761204600,3.05,3.06,3.04,3.05
1761206400,3.04,3.05,3.03,3.05
1761208200,3.05,3.05,3.03,3.04
1761210000,3.04,3.04,3.03,3.04
1761211800,3.04,3.04,3.02,3.02
1761213600,3.02,3.04,3.02,3.04
1761215400,3.03,3.05,3.03,3.05
1761217200,3.05,3.1,3.02,3.1
1761219000,3.1,3.21,3.07,3.19
1761220800,3.19,3.3,3.17,3.24
1761222600,3.25,3.25,3.18,3.18
1761224400,3.19,3.2,3.15,3.16
1761226200,3.17,3.19,3.14,3.18
1761228000,3.17,3.21,3.15,3.2
1761229800,3.2,3.2,3.13,3.14
1761231600,3.13,3.14,3.13,3.13
1761287400,3.15,3.15,3.15,3.15
1761289200,3.15,3.17,3.12,3.14
1761291000,3.14,3.16,3.13,3.14
1761292800,3.14,3.22,3.13,3.21
1761294600,3.21,3.25,3.19,3.2
1761296400,3.21,3.22,3.19,3.21
1761298200,3.2,3.21,3.17,3.18
1761300000,3.18,3.19,3.16,3.18
1761301800,3.18,3.19,3.17,3.19
1761303600,3.19,3.19,3.16,3.17
1761305400,3.17,3.17,3.15,3.17
1761307200,3.17,3.18,3.16,3.18
1761309000,3.18,3.19,3.17,3.17
1761310800,3.18,3.2,3.17,3.19
1761312600,3.18,3.19,3.16,3.18
1761314400,3.18,3.18,3.16,3.17
1761316200,3.16,3.17,3.14,3.16
1761318000,3.16,3.16,3.16,3.16
1761546600,3.15,3.15,3.15,3.15
1761548400,3.15,3.22,3.14,3.2
1761550200,3.2,3.2,3.18,3.2
1761552000,3.2,3.2,3.18,3.19
1761553800,3.19,3.2,3.18,3.19
1761555600,3.18,3.19,3.18,3.18
1761557400,3.19,3.19,3.16,3.17
1761559200,3.17,3.18,3.15,3.17
1761561000,3.16,3.17,3.15,3.16
1761562800,3.15,3.16,3.15,3.15
1761564600,3.16,3.16,3.14,3.15
1761566400,3.15,3.16,3.14,3.15
1761568200,3.16,3.17,3.15,3.17
1761570000,3.17,3.17,3.16,3.17
1761571800,3.17,3.18,3.16,3.17
1761573600,3.17,3.17,3.15,3.15
1761575400,3.16,3.16,3.14,3.14
1761577200,3.16,3.16,3.16,3.16
1761633000,3.16,3.16,3.16,3.16
1761634800,3.16,3.18,3.14,3.15
1761636600,3.15,3.15,3.14,3.15
1761638400,3.14,3.16,3.14,3.16
1761640200,3.16,3.16,3.14,3.15
1761642000,3.15,3.15,3.12,3.12
1761643800,3.12,3.12,3.1,3.1
1761805800,3.12,3.12,3.12,3.12
1761807600,3.11,3.15,3.11,3.13
1761809400,3.13,3.14,3.12,3.13
1761811200,3.13,3.15,3.13,3.14
1761813000,3.14,3.15,3.12,3.13
1761814800,3.13,3.13,3.11,3.12
1761816600,3.12,3.12,3.11,3.12
1761818400,3.12,3.12,3.11,3.12
1761820200,3.11,3.12,3.11,3.12
1761822000,3.11,3.12,3.11,3.12
1761823800,3.11,3.12,3.09,3.11
1761825600,3.11,3.11,3.1,3.11
1761827400,3.11,3.11,3.08,3.09
1761829200,3.09,3.09,3.07,3.08
1761831000,3.08,3.09,3.08,3.09
1761832800,3.08,3.09,3.06,3.07
1761834600,3.07,3.07,3.05,3.05
1761836400,3.06,3.06,3.06,3.06
1761892200,3.06,3.06,3.06,3.06
1761894000,3.06,3.09,3.05,3.07
1761895800,3.07,3.07,3.05,3.07
1761897600,3.07,3.09,3.06,3.08
1761899400,3.07,3.09,3.07,3.08
1761901200,3.07,3.08,3.07,3.08
1761903000,3.08,3.09,3.07,3.09
1761904800,3.09,3.09,3.07,3.08
1761906600,3.08,3.08,3.07,3.08
1761908400,3.08,3.08,3.06,3.06
1761910200,3.07,3.08,3.05,3.06
1761912000,3.06,3.07,3.06,3.06
1761913800,3.07,3.07,3.05,3.06
1761915600,3.06,3.06,3.05,3.05
1761917400,3.06,3.06,3.04,3.06
1761919200,3.06,3.11,3.05,3.09
1761921000,3.09,3.09,3.07,3.09
1761922800,3.07,3.07,3.07,3.07
1762151400,3.09,3.09,3.09,3.09
1762153200,3.09,3.16,3.08,3.13
1762155000,3.14,3.18,3.13,3.15
1762156800,3.15,3.17,3.14,3.15
1762158600,3.15,3.18,3.14,3.16
1762160400,3.15,3.18,3.15,3.15
1762162200,3.16,3.17,3.15,3.16
1762164000,3.16,3.17,3.15,3.16
1762165800,3.17,3.18,3.14,3.14
1762167600,3.15,3.16,3.13,3.15
1762169400,3.15,3.18,3.14,3.16
1762171200,3.16,3.17,3.15,3.16
1762173000,3.16,3.19,3.16,3.17
1762174800,3.16,3.18,3.15,3.18
1762176600,3.18,3.18,3.14,3.15
1762178400,3.15,3.16,3.12,3.14
1762180200,3.14,3.14,3.11,3.12
1762182000,3.12,3.12,3.12,3.12
1762237800,3.05,3.05,3.05,3.05
1762239600,3.05,3.07,3.01,3.03
1762241400,3.03,3.05,3.02,3.05
1762243200,3.04,3.05,3.03,3.03
1762245000,3.03,3.04,3,3.01
1762246800,3.01,3.01,3,3.01
1762248600,3.01,3.02,3,3.01
1762250400,3.02,3.02,3,3.01
1762252200,3.01,3.02,3.01,3.02
1762254000,3.01,3.02,3.01,3.02
1762255800,3.02,3.02,3.01,3.01
1762257600,3.02,3.02,3.01,3.01
1762259400,3.02,3.02,3.01,3.02
1762261200,3.02,3.02,3.01,3.02
1762263000,3.01,3.02,3.01,3.02
1762264800,3.02,3.02,3,3.01
1762266600,3,3.02,3,3.01
1762268400,3.02,3.03,3.02,3.03
1762324200,3.04,3.04,3.04,3.04
1762326000,3.03,3.04,3.02,3.03
1762327800,3.04,3.04,3.01,3.02
1762329600,3.02,3.03,3.01,3.02
1762331400,3.02,3.03,3.01,3.02
1762333200,3.02,3.03,3.01,3.02
1762335000,3.02,3.02,3.01,3.02
1762336800,3.02,3.02,3,3
1762338600,3,3.02,3,3.02
1762340400,3.01,3.02,3,3.02
1762342200,3.01,3.02,3.01,3.02
1762344000,3.01,3.02,3.01,3.02
1762345800,3.02,3.02,3,3.02
1762347600,3.02,3.02,3.01,3.02
1762349400,3.02,3.03,3.01,3.03
1762351200,3.03,3.03,3.01,3.02
1762353000,3.01,3.02,3.01,3.02
1762354800,3.01,3.01,3.01,3.01
1762410600,3.03,3.03,3.03,3.03
1762412400,3.03,3.03,3.01,3.02
1762414200,3.02,3.02,3,3
1762416000,3,3.01,3,3.01
1762417800,3.01,3.01,2.99,3
1762419600,3,3,2.99,2.99
1762421400,2.99,3,2.97,2.98
1762423200,2.98,2.98,2.97,2.98
1762425000,2.98,2.98,2.97,2.98
1762426800,2.97,2.98,2.97,2.98
1762428600,2.97,2.98,2.97,2.98
1762430400,2.98,2.98,2.97,2.98
1762432200,2.97,2.98,2.97,2.98
1762434000,2.98,2.98,2.96,2.96
1762435800,2.96,2.97,2.96,2.97
1762437600,2.97,2.97,2.95,2.96
1762439400,2.96,2.97,2.95,2.97
1762441200,2.97,2.97,2.97,2.97
1762497000,2.98,2.98,2.98,2.98
1762498800,2.97,3,2.96,3
1762500600,3,3,2.98,2.98
1762502400,2.99,2.99,2.96,2.97
1762504200,2.97,2.97,2.95,2.96
1762506000,2.96,2.97,2.95,2.97
1762507800,2.96,2.97,2.94,2.94
1762509600,2.95,2.95,2.94,2.95
1762511400,2.94,2.95,2.94,2.95
1762513200,2.95,2.95,2.94,2.95
1762515000,2.95,2.95,2.94,2.95
1762516800,2.95,2.95,2.94,2.95
1762518600,2.95,2.95,2.94,2.95
1762520400,2.95,2.95,2.94,2.95
1762522200,2.95,2.95,2.93,2.94
1762524000,2.93,2.94,2.91,2.93
1762525800,2.93,2.93,2.91,2.92
1762527600,2.93,2.93,2.93,2.93
1762756200,2.95,2.95,2.95,2.95
1762758000,2.96,2.97,2.94,2.96
1762759800,2.95,2.97,2.95,2.96
1762761600,2.96,2.96,2.92,2.92
1762763400,2.92,2.93,2.91,2.92
1762765200,2.92,2.93,2.91,2.91
1762767000,2.91,2.92,2.91,2.92
1762768800,2.92,2.92,2.91,2.92
1762770600,2.92,2.92,2.91,2.92
1762772400,2.91,2.92,2.91,2.92
1762774200,2.92,2.92,2.91,2.92
1762776000,2.92,2.92,2.9,2.91
1762777800,2.9,2.91,2.9,2.91
1762779600,2.91,2.91,2.9,2.91
1762781400,2.91,2.91,2.9,2.9
1762783200,2.91,2.91,2.89,2.89
1762785000,2.89,2.9,2.88,2.89
1762786800,2.89,2.89,2.89,2.89
1762842600,2.89,2.89,2.89,2.89
1762844400,2.9,2.9,2.88,2.88
1762846200,2.89,2.89,2.87,2.89
1762848000,2.88,2.89,2.88,2.89
1762849800,2.89,2.92,2.88,2.91
1762851600,2.91,2.94,2.9,2.91
1762853400,2.91,2.91,2.9,2.91
1762855200,2.91,2.91,2.9,2.9
1762857000,2.91,2.91,2.9,2.91
1762858800,2.91,2.91,2.89,2.9
1762860600,2.91,2.91,2.89,2.89
1762862400,2.9,2.91,2.83,2.84
1762864200,2.84,2.9,2.77,2.88
1762866000,2.89,2.91,2.87,2.88
1762867800,2.87,2.89,2.87,2.88
1762869600,2.89,2.9,2.87,2.87
1762871400,2.88,2.88,2.86,2.88
1762873200,2.88,2.88,2.88,2.88
1762929000,2.9,2.9,2.9,2.9
1762930800,2.9,2.91,2.87,2.89
1762932600,2.89,2.9,2.88,2.89
1762934400,2.88,3.06,2.88,3.01
1762936200,3.01,3.02,2.99,3.01
1762938000,3.01,3.03,3,3
1762939800,3,3.01,2.99,2.99
1762941600,2.99,3,2.97,2.98
1762943400,2.98,2.98,2.96,2.98
1762945200,2.98,2.99,2.97,2.98
1762947000,2.97,2.98,2.96,2.97
1762948800,2.98,2.98,2.97,2.98
1762950600,2.98,2.98,2.95,2.95
1762952400,2.96,2.97,2.94,2.96
1762954200,2.96,2.97,2.94,2.95
1762956000,2.95,2.96,2.94,2.96
1762957800,2.95,2.97,2.95,2.97
1762959600,2.96,2.96,2.96,2.96
1763015400,2.97,2.97,2.97,2.97
1763017200,2.96,2.97,2.95,2.96
1763019000,2.95,2.96,2.94,2.95
1763020800,2.96,2.96,2.94,2.94
1763022600,2.95,2.96,2.94,2.95
1763024400,2.95,2.95,2.93,2.94
1763026200,2.94,2.94,2.91,2.92
1763028000,2.92,2.92,2.9,2.9
1763029800,2.91,2.91,2.9,2.9
1763031600,2.9,2.91,2.89,2.89
1763033400,2.9,2.9,2.89,2.9
1763035200,2.9,2.9,2.89,2.9
1763037000,2.9,2.9,2.89,2.9
1763038800,2.9,2.9,2.89,2.9
1763040600,2.9,2.9,2.88,2.88
1763042400,2.89,2.89,2.87,2.88
1763044200,2.88,2.88,2.86,2.88
1763046000,2.88,2.88,2.87,2.87
1763101800,2.86,2.86,2.86,2.86
1763103600,2.85,2.86,2.82,2.83
1763105400,2.83,2.89,2.82,2.87
1763107200,2.87,2.92,2.84,2.9
1763109000,2.9,2.91,2.86,2.87
1763110800,2.87,2.89,2.86,2.88
1763112600,2.88,2.88,2.86,2.87
1763114400,2.87,2.87,2.85,2.86
1763116200,2.86,2.89,2.85,2.88
1763118000,2.88,2.88,2.87,2.88
1763119800,2.88,2.91,2.86,2.87
1763121600,2.87,2.87,2.85,2.87
1763123400,2.87,2.87,2.86,2.86
1763125200,2.87,2.87,2.84,2.85
1763127000,2.84,2.87,2.84,2.87
1763128800,2.87,2.89,2.86,2.87
1763130600,2.87,2.88,2.86,2.88
1763132400,2.88,2.88,2.87,2.87
1763361000,2.9,2.9,2.9,2.9
1763362800,2.89,2.92,2.89,2.91
1763364600,2.91,2.91,2.89,2.89
1763366400,2.9,2.9,2.88,2.9
1763368200,2.9,2.91,2.89,2.9
1763370000,2.9,2.91,2.89,2.9
1763371800,2.9,2.91,2.89,2.91
1763373600,2.91,2.91,2.9,2.91
1763375400,2.91,2.94,2.9,2.93
1763377200,2.92,2.94,2.92,2.94
1763379000,2.93,2.94,2.93,2.94
1763380800,2.94,2.94,2.93,2.94
1763382600,2.94,2.94,2.92,2.93
1763384400,2.93,2.93,2.91,2.92
1763386200,2.92,2.92,2.9,2.91
1763388000,2.91,2.92,2.9,2.91
1763389800,2.91,2.91,2.89,2.91
1763391600,2.91,2.91,2.9,2.9
1763447400,2.88,2.88,2.88,2.88
1763449200,2.88,2.91,2.87,2.9
1763451000,2.91,2.92,2.9,2.91
1763452800,2.91,2.93,2.9,2.91
1763454600,2.91,2.92,2.9,2.92
1763456400,2.91,2.92,2.9,2.92
1763458200,2.91,2.92,2.91,2.92
1763460000,2.92,2.92,2.9,2.9
1763461800,2.9,2.91,2.9,2.91
1763463600,2.91,2.91,2.9,2.9
1763465400,2.91,2.91,2.89,2.89
1763467200,2.9,2.9,2.88,2.89
1763469000,2.89,2.9,2.87,2.88
1763470800,2.88,2.89,2.87,2.88
1763472600,2.89,2.89,2.88,2.89
1763474400,2.88,2.89,2.87,2.88
1763476200,2.87,2.9,2.87,2.89
1763478000,2.89,2.89,2.89,2.89
1763533800,2.91,2.91,2.91,2.91
1763535600,2.91,2.91,2.89,2.9
1763537400,2.89,2.91,2.89,2.91
1763539200,2.9,2.93,2.9,2.93
1763541000,2.93,2.93,2.91,2.92
1763542800,2.92,2.94,2.91,2.93
1763544600,2.93,2.93,2.91,2.93
1763546400,2.92,2.93,2.92,2.92
1763548200,2.92,2.93,2.91,2.92
1763550000,2.92,2.93,2.91,2.93
1763551800,2.93,2.93,2.92,2.93
1763553600,2.93,2.93,2.91,2.92
1763555400,2.92,2.94,2.92,2.93
1763557200,2.93,2.95,2.92,2.94
1763559000,2.95,2.96,2.93,2.95
1763560800,2.95,2.95,2.92,2.94
1763562600,2.93,3,2.93,2.97
1763564400,2.97,2.97,2.97,2.97
1763620200,2.98,2.98,2.98,2.98
1763622000,2.98,3.01,2.97,3.01
1763623800,3,3.01,2.98,2.99
1763625600,2.98,2.99,2.97,2.98
1763627400,2.97,2.98,2.96,2.97
1763629200,2.97,2.97,2.95,2.96
1763631000,2.95,3.1,2.94,3.09
1763632800,3.1,3.13,3.03,3.05
1763634600,3.04,3.05,3.03,3.04
1763636400,3.03,3.04,3,3.02
1763638200,3.02,3.04,3.01,3.02
1763640000,3.03,3.04,3.02,3.04
1763641800,3.04,3.05,3.02,3.02
1763643600,3.03,3.03,3,3
1763645400,3.01,3.02,3,3.02
1763647200,3.02,3.02,2.99,3
1763649000,2.99,3.03,2.99,3.02
1763650800,3.02,3.02,3.02,3.02
1763706600,3,3,3,3
1763708400,3,3.07,3,3.06
1763710200,3.05,3.1,3.04,3.08
1763712000,3.07,3.08,3.06,3.07
1763713800,3.06,3.07,3.06,3.07
1763715600,3.06,3.07,3.04,3.05
1763717400,3.04,3.05,3.04,3.05
1763719200,3.04,3.05,3.03,3.03
1763721000,3.04,3.04,3.03,3.03
1763722800,3.04,3.04,3.03,3.04
1763724600,3.03,3.08,3.03,3.06
1763726400,3.06,3.12,3.05,3.09
1763728200,3.08,3.1,3.07,3.1
1763730000,3.1,3.14,3.09,3.12
1763731800,3.12,3.16,3.11,3.15
1763733600,3.15,3.16,3.12,3.12
1763735400,3.13,3.13,3.11,3.11
1763737200,3.12,3.12,3.12,3.12
1763965800,3.12,3.12,3.12,3.12
1763967600,3.11,3.23,3.11,3.2
1763969400,3.21,3.21,3.17,3.18
1763971200,3.17,3.18,3.17,3.18
1763973000,3.18,3.19,3.15,3.19
1763974800,3.19,3.19,3.17,3.17
1763976600,3.18,3.19,3.17,3.19
1763978400,3.18,3.19,3.17,3.18
1763980200,3.18,3.18,3.16,3.17
1763982000,3.16,3.17,3.13,3.14
1763983800,3.14,3.14,3.13,3.14
1763985600,3.14,3.14,3.12,3.14
1763987400,3.14,3.15,3.13,3.15
1763989200,3.14,3.15,3.14,3.15
1763991000,3.15,3.16,3.14,3.15
1763992800,3.14,3.15,3.12,3.13
1763994600,3.12,3.14,3.11,3.11
1763996400,3.11,3.11,3.11,3.11
1764052200,3.12,3.12,3.12,3.12
1764054000,3.12,3.13,3.06,3.07
1764055800,3.08,3.08,3.04,3.04
1764057600,3.05,3.05,3.04,3.05
1764059400,3.04,3.05,3.02,3.03
1764061200,3.03,3.04,3.03,3.04
1764063000,3.03,3.04,3.02,3.03
1764064800,3.03,3.03,3.02,3.02
1764066600,3.03,3.03,3.01,3.01
1764068400,3.02,3.03,3.01,3.02
1764070200,3.03,3.03,3.02,3.03
1764072000,3.02,3.03,3.02,3.02
1764073800,3.02,3.05,3.02,3.05
1764075600,3.05,3.05,3.03,3.04
1764077400,3.04,3.04,3.02,3.03
1764079200,3.03,3.03,2.98,3
1764081000,2.99,3,2.98,2.99
1764082800,2.96,2.96,2.96,2.96
1764138600,2.97,2.97,2.97,2.97
1764140400,2.97,2.97,2.94,2.96
1764142200,2.96,2.99,2.95,2.97
1764144000,2.97,2.97,2.96,2.97
1764145800,2.97,2.97,2.96,2.97
1764147600,2.97,2.98,2.95,2.97
1764149400,2.97,2.97,2.96,2.97
1764151200,2.97,2.97,2.95,2.96
1764153000,2.96,2.97,2.95,2.96
1764154800,2.96,2.96,2.95,2.96
1764156600,2.96,2.96,2.94,2.95
1764158400,2.95,2.96,2.94,2.94
1764160200,2.94,2.96,2.94,2.96
1764162000,2.96,2.96,2.95,2.96
1764163800,2.96,2.96,2.91,2.92
1764165600,2.92,2.94,2.92,2.94
1764167400,2.94,2.94,2.91,2.92
1764169200,2.91,2.91,2.91,2.91
1764225000,2.93,2.93,2.93,2.93
1764226800,2.93,2.96,2.93,2.96
1764228600,2.96,2.99,2.95,2.96
1764230400,2.95,2.98,2.95,2.97
1764232200,2.97,2.97,2.95,2.96
1764234000,2.96,2.96,2.95,2.96
1764235800,2.96,2.96,2.95,2.95
1764237600,2.96,2.96,2.95,2.95
1764239400,2.96,2.96,2.94,2.95
1764241200,2.94,2.95,2.93,2.94
1764243000,2.94,2.94,2.93,2.94
1764244800,2.94,2.94,2.93,2.94
1764246600,2.94,2.94,2.93,2.94
1764248400,2.94,2.95,2.93,2.95
1764250200,2.95,2.95,2.92,2.93
1764252000,2.93,2.94,2.92,2.94
1764253800,2.94,2.94,2.92,2.94
1764255600,2.93,2.93,2.93,2.93
1764311400,2.93,2.93,2.93,2.93
1764313200,2.93,2.95,2.91,2.94
1764315000,2.94,2.94,2.91,2.92
1764316800,2.92,2.93,2.91,2.93
1764318600,2.93,2.93,2.91,2.91
1764320400,2.92,2.93,2.91,2.92
1764322200,2.92,2.92,2.91,2.91
1764324000,2.92,2.92,2.91,2.92
1764325800,2.92,2.92,2.9,2.9
1764327600,2.91,2.92,2.9,2.92
1764329400,2.92,2.92,2.91,2.92
1764331200,2.91,2.92,2.9,2.91
1764333000,2.91,2.92,2.9,2.92
1764334800,2.92,2.92,2.91,2.92
1764336600,2.92,2.92,2.91,2.92
1764338400,2.91,2.93,2.91,2.93
1764340200,2.93,2.93,2.91,2.92
1764342000,2.92,2.92,2.92,2.92
1764570600,2.93,2.93,2.93,2.93
1764572400,2.93,2.95,2.93,2.94
1764574200,2.95,2.96,2.94,2.96
1764576000,2.96,2.98,2.95,2.97
1764577800,2.97,2.98,2.96,2.97
1764579600,2.96,2.98,2.96,2.98
1764581400,2.98,2.98,2.96,2.97
1764583200,2.97,2.98,2.96,2.98
1764585000,2.98,2.98,2.97,2.98
1764586800,2.97,2.98,2.97,2.98
1764588600,2.98,2.98,2.96,2.97
1764590400,2.96,2.97,2.96,2.96
1764592200,2.97,2.97,2.95,2.96
1764594000,2.96,2.96,2.95,2.96
1764595800,2.96,2.96,2.95,2.96
1764597600,2.96,2.97,2.95,2.95
1764599400,2.96,2.97,2.95,2.97
1764601200,2.97,2.97,2.97,2.97
1764657000,2.98,2.98,2.98,2.98
1764658800,2.97,2.99,2.97,2.98
1764660600,2.98,3,2.97,2.98
1764662400,2.98,2.99,2.98,2.99
1764664200,2.98,2.99,2.98,2.99
1764666000,2.99,2.99,2.97,2.98
1764667800,2.98,2.98,2.97,2.98
1764669600,2.98,2.98,2.97,2.97
1764671400,2.98,2.98,2.97,2.98
1764673200,2.98,2.98,2.97,2.98
1764675000,2.97,2.99,2.97,2.99
1764676800,2.99,2.99,2.97,2.98
1764678600,2.98,2.98,2.96,2.97
1764680400,2.96,2.97,2.95,2.97
1764682200,2.97,2.97,2.95,2.96
1764684000,2.97,2.98,2.96,2.96
1764685800,2.97,2.98,2.96,2.98
1764687600,2.98,2.98,2.98,2.98
1764743400,2.99,2.99,2.99,2.99
1764745200,2.99,3,2.97,2.99
1764747000,2.99,2.99,2.98,2.99
1764748800,2.99,2.99,2.97,2.98
1764750600,2.98,2.98,2.95,2.95
1764752400,2.96,2.96,2.95,2.96
1764754200,2.96,2.96,2.95,2.96
1764756000,2.96,2.96,2.95,2.96
1764757800,2.96,2.96,2.94,2.96
1764759600,2.96,2.96,2.94,2.94
1764761400,2.94,2.95,2.94,2.95
1764763200,2.94,2.96,2.94,2.96
1764765000,2.96,2.96,2.94,2.96
1764766800,2.96,2.96,2.95,2.96
1764768600,2.95,2.96,2.95,2.95
1764770400,2.96,2.96,2.95,2.96
1764772200,2.96,2.96,2.94,2.96
1764774000,2.95,2.95,2.95,2.95
1764829800,2.96,2.96,2.96,2.96
1764831600,2.96,2.98,2.96,2.97
1764833400,2.96,2.97,2.96,2.96
1764835200,2.97,2.97,2.95,2.96
1764837000,2.96,2.96,2.94,2.94
1764838800,2.95,2.95,2.93,2.94
1764840600,2.94,2.95,2.93,2.95
1764842400,2.95,2.95,2.93,2.94
1764844200,2.93,2.94,2.93,2.94
1764846000,2.94,2.94,2.92,2.93
1764847800,2.93,2.93,2.92,2.93
1764849600,2.93,2.93,2.91,2.93
1764851400,2.93,2.93,2.91,2.92
1764853200,2.92,2.92,2.87,2.88
1764855000,2.88,2.89,2.87,2.89
1764856800,2.89,2.9,2.88,2.89
1764858600,2.89,2.89,2.87,2.89
1764860400,2.89,2.89,2.89,2.89
1764916200,2.9,2.9,2.9,2.9
1764918000,2.9,2.91,2.88,2.9
1764919800,2.9,2.9,2.88,2.9
1764921600,2.9,2.9,2.89,2.9
1764923400,2.9,2.9,2.89,2.9
1764925200,2.9,2.9,2.88,2.88
1764927000,2.88,2.89,2.88,2.89
1764928800,2.89,2.89,2.88,2.89
1764930600,2.89,2.9,2.88,2.9
1764932400,2.9,2.9,2.88,2.89
1764934200,2.89,2.89,2.88,2.88
1764936000,2.89,2.89,2.87,2.89
1764937800,2.88,2.89,2.88,2.89
1764939600,2.89,2.89,2.88,2.89
1764941400,2.89,2.89,2.87,2.87
1764943200,2.88,2.89,2.87,2.89
1764945000,2.88,2.89,2.88,2.89
1764946800,2.88,2.88,2.88,2.88
1765175400,2.9,2.9,2.9,2.9
1765177200,2.9,2.95,2.89,2.95
1765179000,2.95,2.96,2.93,2.94
1765180800,2.94,2.94,2.92,2.93
1765182600,2.93,2.95,2.92,2.94
1765184400,2.94,2.94,2.93,2.93
1765186200,2.94,2.95,2.93,2.95
1765188000,2.95,2.95,2.93,2.95
1765189800,2.94,2.95,2.94,2.94
1765191600,2.95,2.97,2.94,2.96
1765193400,2.95,2.97,2.95,2.95
1765195200,2.95,2.96,2.95,2.95
1765197000,2.96,2.96,2.94,2.95
1765198800,2.95,2.95,2.94,2.94
1765200600,2.95,2.95,2.94,2.94
1765202400,2.95,2.95,2.93,2.94
1765204200,2.94,2.94,2.93,2.94
1765206000,2.94,2.94,2.94,2.94
1765261800,2.95,2.95,2.95,2.95
1765263600,2.95,2.98,2.95,2.96
1765265400,2.96,2.96,2.95,2.96
1765267200,2.95,2.96,2.93,2.94
1765269000,2.93,2.95,2.93,2.94
1765270800,2.94,2.94,2.93,2.94
1765272600,2.94,2.94,2.93,2.94
1765274400,2.94,2.94,2.92,2.92
1765276200,2.93,2.93,2.92,2.93
1765278000,2.92,2.93,2.92,2.93
1765279800,2.92,2.94,2.92,2.93
1765281600,2.93,2.94,2.92,2.93
1765283400,2.92,2.93,2.92,2.93
1765285200,2.93,2.93,2.92,2.93
1765287000,2.92,2.93,2.91,2.92
1765288800,2.93,2.93,2.92,2.93
1765290600,2.92,2.93,2.92,2.93
1765292400,2.92,2.92,2.92,2.92
1765348200,2.92,2.92,2.92,2.92
1765350000,2.93,2.94,2.92,2.94
1765351800,2.94,2.94,2.93,2.94
1765353600,2.94,2.94,2.9,2.92
1765355400,2.92,2.92,2.91,2.92
1765357200,2.91,2.92,2.9,2.91
1765359000,2.92,2.92,2.91,2.92
1765360800,2.92,2.92,2.91,2.92
1765362600,2.92,2.92,2.91,2.92
1765364400,2.91,2.92,2.91,2.92
1765366200,2.92,2.92,2.91,2.91
1765368000,2.91,2.92,2.91,2.92
1765369800,2.91,2.92,2.91,2.92
1765371600,2.92,2.92,2.9,2.91
1765373400,2.91,2.91,2.88,2.89
1765375200,2.89,2.89,2.88,2.88
1765377000,2.89,2.89,2.88,2.88
1765378800,2.88,2.88,2.88,2.88
1765434600,2.89,2.89,2.89,2.89
1765436400,2.89,2.92,2.88,2.9
1765438200,2.91,2.91,2.89,2.89
1765440000,2.89,2.9,2.89,2.9
1765441800,2.89,2.9,2.89,2.9
1765443600,2.9,2.9,2.89,2.9
1765445400,2.89,2.9,2.89,2.9
1765447200,2.9,2.9,2.89,2.9
1765449000,2.9,2.9,2.89,2.9
1765450800,2.9,2.9,2.88,2.9
1765452600,2.9,2.9,2.89,2.89
1765454400,2.9,2.9,2.89,2.9
1765456200,2.9,2.9,2.88,2.89
1765458000,2.88,2.89,2.88,2.88
1765459800,2.89,2.89,2.88,2.89
1765461600,2.89,2.9,2.88,2.88
1765463400,2.88,2.89,2.88,2.88
1765465200,2.88,2.89,2.88,2.89
1765521000,2.89,2.89,2.89,2.89
1765522800,2.9,2.91,2.89,2.89
1765524600,2.9,2.9,2.89,2.9
1765526400,2.9,2.9,2.89,2.9
1765528200,2.9,2.9,2.88,2.89
1765530000,2.89,2.89,2.88,2.89
1765531800,2.88,2.89,2.88,2.88
1765533600,2.88,2.89,2.88,2.89
1765535400,2.88,2.89,2.88,2.89
1765537200,2.89,2.89,2.87,2.88
1765539000,2.88,2.88,2.87,2.88
1765540800,2.87,2.88,2.86,2.87
1765542600,2.86,2.87,2.86,2.87
1765544400,2.86,2.87,2.86,2.87
1765546200,2.87,2.87,2.86,2.87
1765548000,2.87,2.87,2.86,2.87
1765549800,2.87,2.88,2.86,2.88
1765551600,2.87,2.87,2.87,2.87
1765780200,2.89,2.89,2.89,2.89
1765782000,2.89,2.9,2.88,2.88
1765783800,2.89,2.9,2.88,2.9
1765785600,2.89,2.93,2.89,2.92
1765787400,2.92,2.92,2.9,2.9
1765789200,2.91,2.92,2.9,2.92
1765791000,2.92,2.92,2.9,2.91
1765792800,2.91,2.91,2.9,2.9
1765794600,2.9,2.91,2.9,2.9
1765796400,2.91,2.91,2.89,2.9
1765798200,2.9,2.9,2.89,2.9
1765800000,2.9,2.9,2.89,2.9
1765801800,2.9,2.9,2.89,2.89
1765803600,2.9,2.9,2.89,2.89
1765805400,2.9,2.9,2.89,2.9
1765807200,2.89,2.9,2.89,2.9
1765809000,2.9,2.92,2.89,2.91
1765810800,2.92,2.92,2.92,2.92
1765866600,2.92,2.92,2.92,2.92
1765868400,2.92,2.92,2.89,2.9
1765870200,2.89,2.9,2.88,2.88
1765872000,2.88,2.89,2.88,2.88
1765873800,2.89,2.89,2.88,2.89
1765875600,2.89,2.89,2.88,2.88
1765877400,2.89,2.89,2.88,2.88
1765879200,2.89,2.89,2.87,2.87
1765881000,2.87,2.88,2.87,2.88
1765882800,2.88,2.88,2.87,2.88
1765884600,2.87,2.88,2.87,2.87
1765886400,2.88,2.88,2.87,2.88
1765888200,2.88,2.88,2.87,2.88
1765890000,2.88,2.88,2.87,2.88
1765891800,2.87,2.88,2.87,2.88
1765893600,2.88,2.89,2.87,2.88
1765895400,2.88,2.88,2.87,2.88
1765897200,2.88,2.88,2.88,2.88
1765953000,2.87,2.87,2.87,2.87
1765954800,2.86,2.87,2.86,2.87
1765956600,2.87,2.87,2.85,2.86
1765958400,2.86,2.86,2.85,2.86
1765960200,2.86,2.86,2.85,2.85
1765962000,2.86,2.86,2.84,2.85
1765963800,2.85,2.85,2.84,2.85
1765965600,2.85,2.85,2.84,2.85
1765967400,2.85,2.85,2.84,2.85
1765969200,2.85,2.85,2.84,2.85
1765971000,2.85,2.86,2.84,2.86
1765972800,2.86,2.86,2.85,2.85
1765974600,2.86,2.86,2.85,2.86
1765976400,2.85,2.86,2.85,2.85
1765978200,2.86,2.86,2.85,2.86
1765980000,2.86,2.86,2.85,2.86
1765981800,2.86,2.86,2.85,2.86
1765983600,2.85,2.85,2.85,2.85
1766039400,2.85,2.85,2.85,2.85
1766041200,2.85,2.87,2.84,2.86
1766043000,2.86,2.86,2.85,2.86
1766044800,2.85,2.86,2.85,2.85
1766046600,2.85,2.86,2.85,2.86
1766048400,2.86,2.86,2.85,2.85
1766050200,2.85,2.86,2.85,2.85
1766052000,2.86,2.86,2.84,2.85
1766053800,2.85,2.85,2.84,2.85
1766055600,2.84,2.85,2.84,2.85
1766057400,2.85,2.85,2.84,2.85
1766059200,2.85,2.85,2.84,2.85
1766061000,2.85,2.86,2.84,2.85
1766062800,2.85,2.85,2.84,2.85
1766064600,2.85,2.85,2.84,2.85
1766066400,2.85,2.85,2.84,2.85
1766068200,2.85,2.85,2.83,2.84
1766070000,2.83,2.83,2.83,2.83
1766125800,2.84,2.84,2.84,2.84
1766127600,2.84,2.85,2.83,2.84
1766129400,2.84,2.85,2.84,2.84
1766131200,2.84,2.85,2.84,2.85
1766133000,2.85,2.85,2.84,2.85
1766134800,2.84,2.85,2.84,2.85
1766136600,2.85,2.85,2.84,2.85
1766138400,2.84,2.85,2.84,2.85
1766140200,2.84,2.85,2.84,2.84
1766142000,2.85,2.85,2.83,2.84
1766143800,2.84,2.84,2.83,2.84
1766145600,2.83,2.84,2.83,2.83
1766147400,2.84,2.84,2.83,2.83
1766149200,2.84,2.84,2.83,2.84
1766151000,2.84,2.84,2.83,2.84
1766152800,2.83,2.84,2.83,2.83
1766154600,2.83,2.84,2.83,2.84
1766156400,2.84,2.85,2.84,2.85
1766385000,2.86,2.86,2.86,2.86
1766386800,2.86,2.87,2.85,2.85
1766388600,2.86,2.86,2.84,2.85
1766390400,2.85,2.85,2.84,2.84
1766392200,2.84,2.85,2.83,2.84
1766394000,2.84,2.84,2.81,2.82
1766395800,2.81,2.82,2.8,2.81
1766397600,2.81,2.81,2.8,2.8
1766399400,2.81,2.81,2.8,2.8
1766401200,2.81,2.81,2.8,2.81
1766403000,2.8,2.81,2.8,2.81
1766404800,2.81,2.81,2.79,2.8
1766406600,2.8,2.8,2.79,2.8
1766408400,2.8,2.8,2.78,2.79
1766410200,2.78,2.79,2.78,2.79
1766412000,2.79,2.79,2.78,2.78
1766413800,2.79,2.79,2.78,2.79
1766415600,2.78,2.78,2.78,2.78
1766471400,2.78,2.78,2.78,2.78
1766473200,2.77,2.78,2.77,2.78
1766475000,2.78,2.78,2.76,2.77
1766476800,2.77,2.79,2.77,2.79
1766478600,2.79,2.79,2.77,2.78
1766480400,2.78,2.78,2.76,2.77
1766482200,2.77,2.77,2.75,2.76
1766484000,2.76,2.76,2.75,2.76
1766485800,2.76,2.76,2.75,2.76
1766487600,2.76,2.76,2.75,2.75
1766489400,2.76,2.76,2.74,2.74
1766491200,2.74,2.75,2.73,2.74
1766493000,2.74,2.74,2.72,2.73
1766494800,2.73,2.73,2.71,2.73
1766496600,2.73,2.73,2.71,2.71
1766498400,2.71,2.73,2.71,2.73
1766500200,2.73,2.73,2.71,2.72
1766502000,2.71,2.71,2.71,2.71
1766557800,2.73,2.73,2.73,2.73
1766559600,2.73,2.74,2.72,2.73
1766561400,2.73,2.73,2.71,2.72
1766563200,2.72,2.72,2.71,2.72
1766565000,2.72,2.72,2.71,2.72
1766566800,2.72,2.72,2.7,2.71
1766568600,2.71,2.71,2.7,2.71
1766570400,2.7,2.71,2.69,2.7
1766572200,2.7,2.7,2.67,2.67
1766574000,2.67,2.68,2.67,2.67
1766575800,2.68,2.68,2.66,2.67
1766577600,2.68,2.69,2.67,2.69
1766579400,2.69,2.76,2.68,2.74
1766581200,2.74,2.87,2.73,2.82
1766583000,2.82,2.9,2.82,2.86
1766584800,2.85,2.91,2.85,2.88
1766586600,2.88,2.88,2.83,2.85
1766588400,2.85,2.85,2.83,2.83
1766644200,2.84,2.84,2.84,2.84
1766646000,2.83,2.84,2.82,2.84
1766647800,2.84,2.9,2.83,2.9
1766649600,2.9,2.93,2.89,2.91
1766651400,2.91,2.91,2.9,2.91
1766653200,2.9,2.91,2.89,2.89
1766655000,2.9,2.9,2.87,2.87
1766656800,2.88,2.88,2.87,2.88
1766658600,2.87,2.92,2.87,2.89
1766660400,2.89,2.9,2.88,2.89
1766662200,2.9,2.93,2.89,2.91
1766664000,2.91,2.92,2.9,2.91
1766665800,2.91,2.92,2.9,2.9
1766667600,2.91,2.91,2.89,2.9
1766669400,2.9,2.9,2.88,2.88
1766671200,2.88,2.89,2.88,2.88
1766673000,2.89,2.89,2.88,2.89
1766674800,2.89,2.89,2.89,2.89
1766730600,2.9,2.9,2.9,2.9
1766732400,2.9,2.95,2.86,2.86
1766734200,2.86,2.87,2.85,2.86
1766736000,2.85,2.87,2.85,2.87
1766737800,2.87,2.87,2.85,2.85
1766739600,2.85,2.86,2.85,2.86
1766741400,2.86,2.86,2.85,2.86
1766743200,2.85,2.86,2.84,2.84
1766745000,2.85,2.85,2.84,2.84
1766746800,2.85,2.85,2.84,2.84
1766748600,2.85,2.86,2.84,2.85
1766750400,2.84,2.85,2.84,2.85
1766752200,2.85,2.85,2.84,2.84
1766754000,2.85,2.85,2.84,2.84
1766755800,2.85,2.89,2.84,2.86
1766757600,2.86,2.87,2.85,2.86
1766759400,2.86,2.87,2.86,2.87
1766761200,2.86,2.86,2.86,2.86
1766989800,2.86,2.86,2.86,2.86
1766991600,2.86,2.89,2.83,2.83
1766993400,2.83,2.84,2.83,2.84
1766995200,2.84,2.84,2.81,2.82
1766997000,2.82,2.82,2.8,2.82
1766998800,2.82,2.82,2.81,2.82
1767000600,2.82,2.84,2.81,2.84
1767002400,2.84,2.84,2.82,2.84
1767004200,2.84,2.84,2.82,2.84
1767006000,2.84,2.84,2.82,2.83
1767007800,2.84,2.84,2.81,2.81
1767009600,2.82,2.82,2.81,2.81
1767011400,2.81,2.82,2.78,2.79
1767013200,2.79,2.8,2.78,2.8
1767015000,2.8,2.8,2.77,2.79
1767016800,2.79,2.79,2.78,2.79
1767018600,2.79,2.81,2.78,2.79
1767020400,2.77,2.77,2.77,2.77
1767076200,2.78,2.78,2.78,2.78
1767078000,2.78,2.8,2.77,2.79
1767079800,2.79,2.79,2.76,2.77
1767081600,2.77,2.77,2.74,2.75
1767083400,2.75,2.75,2.73,2.73
1767085200,2.73,2.75,2.73,2.74
1767087000,2.74,2.75,2.73,2.75
1767088800,2.74,2.75,2.74,2.75
1767090600,2.75,2.83,2.74,2.8
1767092400,2.79,2.82,2.78,2.81
1767094200,2.8,2.87,2.8,2.82
1767096000,2.81,2.83,2.81,2.82
1767097800,2.82,2.83,2.81,2.82
1767099600,2.82,2.83,2.81,2.82
1767101400,2.82,2.82,2.81,2.82
1767103200,2.82,2.82,2.81,2.82
1767105000,2.82,2.83,2.81,2.83
1767106800,2.82,2.82,2.82,2.82
1767162600,2.82,2.82,2.82,2.82
1767164400,2.83,2.85,2.82,2.84
1767166200,2.84,2.85,2.83,2.85
1767168000,2.85,2.86,2.84,2.86
1767169800,2.85,2.86,2.83,2.84
1767171600,2.84,2.84,2.82,2.83
1767173400,2.83,2.83,2.82,2.83
1767175200,2.82,2.83,2.81,2.83
1767177000,2.82,2.83,2.81,2.82
1767178800,2.81,2.82,2.8,2.81
1767180600,2.81,2.82,2.79,2.82
1767182400,2.82,2.82,2.81,2.82
1767184200,2.81,2.82,2.81,2.82
1767186000,2.82,2.82,2.81,2.81
1767187800,2.82,2.82,2.79,2.8
1767189600,2.81,2.81,2.79,2.79
1767191400,2.8,2.8,2.78,2.79
1767193200,2.78,2.78,2.78,2.78
1767335400,2.79,2.79,2.79,2.79
1767337200,2.79,2.84,2.78,2.83
1767339000,2.82,2.84,2.82,2.84
1767340800,2.83,2.89,2.83,2.88
1767342600,2.89,2.94,2.88,2.91
1767344400,2.9,2.92,2.9,2.92
1767346200,2.92,2.92,2.89,2.9
1767348000,2.9,2.91,2.9,2.91
1767349800,2.91,2.91,2.88,2.89
1767351600,2.89,2.89,2.87,2.88
1767353400,2.89,2.89,2.86,2.88
1767355200,2.88,2.88,2.87,2.87
1767357000,2.88,2.88,2.86,2.87
1767358800,2.87,2.87,2.86,2.87
1767360600,2.87,2.9,2.86,2.89
1767362400,2.89,2.9,2.88,2.89
1767364200,2.9,2.9,2.87,2.89
1767366000,2.89,2.89,2.89,2.89
1767594600,2.91,2.91,2.91,2.91
1767596400,2.92,2.93,2.86,2.88
1767598200,2.87,2.88,2.86,2.88
1767600000,2.88,2.9,2.87,2.88
1767601800,2.89,2.9,2.88,2.89
1767603600,2.9,2.91,2.88,2.88
1767605400,2.88,2.91,2.88,2.88
1767607200,2.88,2.89,2.88,2.89
1767609000,2.89,2.9,2.88,2.88
1767610800,2.89,2.89,2.88,2.88
1767612600,2.89,2.89,2.88,2.89
1767614400,2.89,2.9,2.88,2.88
1767616200,2.88,2.89,2.88,2.89
1767618000,2.89,2.94,2.88,2.91
1767619800,2.91,2.91,2.89,2.9
1767621600,2.89,2.9,2.88,2.9
1767623400,2.9,2.9,2.89,2.9
1767625200,2.9,2.9,2.89,2.89
1767681000,2.91,2.91,2.91,2.91
1767682800,2.91,2.92,2.89,2.91
1767684600,2.91,2.92,2.91,2.92
1767686400,2.92,2.93,2.91,2.93
1767688200,2.93,2.94,2.92,2.93
1767690000,2.94,2.95,2.91,2.92
1767691800,2.92,2.92,2.91,2.91
1767693600,2.91,2.92,2.91,2.92
1767695400,2.91,2.93,2.91,2.93
1767697200,2.92,2.93,2.92,2.93
1767699000,2.93,2.93,2.91,2.91
1767700800,2.92,2.93,2.91,2.93
1767702600,2.92,2.93,2.92,2.93
1767704400,2.92,2.93,2.92,2.93
1767706200,2.93,2.93,2.91,2.92
1767708000,2.92,2.94,2.91,2.94
1767709800,2.93,2.94,2.93,2.93
1767711600,2.93,2.93,2.93,2.93
1767767400,2.94,2.94,2.94,2.94
1767769200,2.95,2.95,2.91,2.92
1767771000,2.93,2.93,2.91,2.91
1767772800,2.91,2.93,2.91,2.92
1767774600,2.92,2.92,2.87,2.88
1767776400,2.88,2.88,2.87,2.87
1767778200,2.88,2.88,2.86,2.86
1767780000,2.87,2.87,2.85,2.85
1767781800,2.86,2.86,2.85,2.86
1767783600,2.86,2.86,2.84,2.86
1767785400,2.86,2.87,2.85,2.87
1767787200,2.87,2.87,2.85,2.86
1767789000,2.86,2.86,2.85,2.86
1767790800,2.86,2.86,2.85,2.85
1767792600,2.85,2.86,2.82,2.83
1767794400,2.83,2.83,2.81,2.83
1767796200,2.83,2.84,2.82,2.83
1767798000,2.81,2.81,2.81,2.81
1767853800,2.67,2.67,2.67,2.67
1767855600,2.66,2.66,2.53,2.53
1767857400,2.53,2.53,2.53,2.53
1767859200,2.53,2.53,2.53,2.53
1767861000,2.53,2.53,2.53,2.53
1767862800,2.53,2.53,2.53,2.53
1767864600,2.53,2.53,2.53,2.53
1767866400,2.53,2.53,2.53,2.53
1767868200,2.53,2.53,2.53,2.53
1767870000,2.53,2.53,2.53,2.53
1767871800,2.53,2.53,2.53,2.53
1767873600,2.53,2.53,2.53,2.53
1767875400,2.53,2.53,2.53,2.53
1767877200,2.53,2.53,2.53,2.53
1767879000,2.53,2.53,2.53,2.53
1767880800,2.53,2.53,2.53,2.53
1767882600,2.53,2.53,2.53,2.53
1767884400,2.53,2.53,2.53,2.53
1767940200,2.37,2.37,2.37,2.37
1767942000,2.37,2.4,2.35,2.38
1767943800,2.38,2.39,2.37,2.39
1767945600,2.38,2.4,2.38,2.39
1767947400,2.38,2.39,2.36,2.37
1767949200,2.38,2.38,2.37,2.38
1767951000,2.37,2.38,2.37,2.38
1767952800,2.38,2.38,2.37,2.38
1767954600,2.38,2.38,2.37,2.38
1767956400,2.38,2.38,2.36,2.37
1767958200,2.37,2.37,2.36,2.37
1767960000,2.37,2.37,2.33,2.34
1767961800,2.33,2.34,2.31,2.33
1767963600,2.32,2.33,2.29,2.29
1767965400,2.3,2.33,2.29,2.32
1767967200,2.32,2.34,2.31,2.34
1767969000,2.33,2.36,2.33,2.36
1767970800,2.36,2.36,2.36,2.36
1768199400,2.38,2.38,2.38,2.38
1768201200,2.37,2.38,2.31,2.34
1768203000,2.35,2.37,2.34,2.35
1768204800,2.35,2.36,2.34,2.35
1768206600,2.34,2.35,2.32,2.32
1768208400,2.33,2.34,2.32,2.33
1768210200,2.34,2.34,2.32,2.32
1768212000,2.32,2.33,2.32,2.32
1768213800,2.32,2.35,2.32,2.33
1768215600,2.34,2.35,2.33,2.34
1768217400,2.35,2.36,2.34,2.35
1768219200,2.35,2.37,2.34,2.37
1768221000,2.36,2.38,2.36,2.38
1768222800,2.37,2.38,2.36,2.36
1768224600,2.36,2.37,2.35,2.35
1768226400,2.35,2.36,2.34,2.35
1768228200,2.36,2.36,2.34,2.35
1768230000,2.34,2.34,2.34,2.34
1768285800,2.35,2.35,2.35,2.35
1768287600,2.35,2.36,2.33,2.36
1768289400,2.36,2.36,2.34,2.36
1768291200,2.36,2.37,2.34,2.36
1768293000,2.36,2.37,2.35,2.36
1768294800,2.35,2.36,2.35,2.36
1768296600,2.36,2.36,2.35,2.36
1768298400,2.35,2.36,2.35,2.36
1768300200,2.35,2.36,2.35,2.36
1768302000,2.35,2.36,2.34,2.35
1768303800,2.36,2.36,2.35,2.36
1768305600,2.36,2.38,2.35,2.37
1768307400,2.38,2.38,2.36,2.37
1768309200,2.37,2.38,2.36,2.38
1768311000,2.38,2.38,2.36,2.37
1768312800,2.36,2.38,2.36,2.37
1768314600,2.37,2.38,2.36,2.36
1768316400,2.37,2.37,2.37,2.37
1768372200,2.37,2.37,2.37,2.37
1768374000,2.36,2.38,2.36,2.36
1768375800,2.37,2.37,2.36,2.37
1768377600,2.36,2.37,2.35,2.35
1768379400,2.36,2.36,2.35,2.35
1768381200,2.36,2.36,2.35,2.36
1768383000,2.36,2.36,2.35,2.36
1768384800,2.36,2.36,2.34,2.36
1768386600,2.35,2.36,2.35,2.36
1768388400,2.35,2.36,2.34,2.35
1768390200,2.35,2.35,2.34,2.34
1768392000,2.34,2.35,2.33,2.34
1768393800,2.34,2.34,2.33,2.34
1768395600,2.34,2.34,2.33,2.33
1768397400,2.34,2.34,2.33,2.33
1768399200,2.33,2.34,2.32,2.32
1768401000,2.32,2.33,2.32,2.32
1768402800,2.33,2.33,2.32,2.32
1768458600,2.32,2.32,2.32,2.32
1768460400,2.32,2.35,2.31,2.33
1768462200,2.34,2.34,2.33,2.34
1768464000,2.34,2.35,2.33,2.34
1768465800,2.34,2.34,2.32,2.32
1768467600,2.32,2.33,2.32,2.33
1768469400,2.33,2.33,2.32,2.33
1768471200,2.33,2.33,2.32,2.33
1768473000,2.33,2.33,2.32,2.33
1768474800,2.33,2.34,2.32,2.33
1768476600,2.32,2.33,2.32,2.33
1768478400,2.32,2.33,2.31,2.32
1768480200,2.32,2.32,2.31,2.32
1768482000,2.32,2.33,2.31,2.33
1768483800,2.33,2.34,2.32,2.32
1768485600,2.33,2.35,2.32,2.34
1768487400,2.34,2.34,2.33,2.34
1768489200,2.34,2.34,2.34,2.34
1768545000,2.34,2.34,2.34,2.34
1768546800,2.34,2.37,2.34,2.35
1768548600,2.35,2.35,2.33,2.34
1768550400,2.34,2.34,2.33,2.33
1768552200,2.34,2.35,2.33,2.33
1768554000,2.34,2.34,2.33,2.33
1768555800,2.34,2.34,2.33,2.34
1768557600,2.34,2.34,2.33,2.34
1768559400,2.34,2.34,2.33,2.34
1768561200,2.34,2.34,2.33,2.34
1768563000,2.34,2.34,2.33,2.34
1768564800,2.34,2.34,2.32,2.33
1768566600,2.32,2.36,2.32,2.36
1768568400,2.36,2.37,2.35,2.35
1768570200,2.36,2.41,2.34,2.4
1768572000,2.4,2.42,2.38,2.39
1768573800,2.38,2.41,2.38,2.39
1768575600,2.4,2.4,2.39,2.39
1768804200,2.41,2.41,2.41,2.41
1768806000,2.4,2.44,2.39,2.43
1768807800,2.43,2.43,2.41,2.42
1768809600,2.43,2.43,2.42,2.43
1768811400,2.43,2.43,2.42,2.43
1768813200,2.42,2.43,2.41,2.42
1768815000,2.41,2.42,2.41,2.42
1768816800,2.41,2.42,2.4,2.41
1768818600,2.4,2.41,2.4,2.4
1768820400,2.4,2.41,2.39,2.4
1768822200,2.39,2.41,2.39,2.4
1768824000,2.4,2.4,2.39,2.39
1768825800,2.4,2.41,2.39,2.4
1768827600,2.4,2.4,2.39,2.4
1768829400,2.4,2.4,2.39,2.4
1768831200,2.4,2.44,2.39,2.4
1768833000,2.41,2.42,2.4,2.4
1768834800,2.4,2.4,2.4,2.4
1768890600,2.42,2.42,2.42,2.42
1768892400,2.42,2.43,2.41,2.42
1768894200,2.42,2.44,2.4,2.42
1768896000,2.43,2.43,2.42,2.43
1768897800,2.43,2.43,2.4,2.4
1768899600,2.41,2.41,2.4,2.41
1768901400,2.4,2.41,2.4,2.4
1768903200,2.4,2.41,2.4,2.4
1768905000,2.41,2.41,2.4,2.41
1768906800,2.41,2.41,2.4,2.41
1768908600,2.4,2.41,2.4,2.41
1768910400,2.41,2.41,2.39,2.39
1768912200,2.4,2.4,2.39,2.4
1768914000,2.4,2.4,2.39,2.4
1768915800,2.4,2.4,2.38,2.39
1768917600,2.38,2.4,2.37,2.39
1768919400,2.38,2.4,2.38,2.39
1768921200,2.38,2.38,2.38,2.38
1768977000,2.38,2.38,2.38,2.38
1768978800,2.38,2.39,2.34,2.35
1768980600,2.35,2.35,2.33,2.34
1768982400,2.35,2.35,2.33,2.35
1768984200,2.34,2.35,2.34,2.34
1768986000,2.35,2.35,2.34,2.35
1768987800,2.35,2.35,2.34,2.35
1768989600,2.35,2.4,2.34,2.38
1768991400,2.39,2.4,2.37,2.38
1768993200,2.38,2.38,2.37,2.38
1768995000,2.38,2.4,2.37,2.39
1768996800,2.39,2.39,2.36,2.38
1768998600,2.38,2.41,2.36,2.38
1769000400,2.39,2.4,2.38,2.4
1769002200,2.4,2.41,2.38,2.4
1769004000,2.4,2.41,2.38,2.39
1769005800,2.39,2.39,2.37,2.38
1769007600,2.38,2.38,2.38,2.38
1769063400,2.39,2.39,2.39,2.39
1769065200,2.39,2.4,2.38,2.4
1769067000,2.4,2.41,2.39,2.39
1769068800,2.4,2.41,2.39,2.41
1769070600,2.4,2.41,2.39,2.4
1769072400,2.4,2.4,2.39,2.4
1769074200,2.4,2.4,2.39,2.4
1769076000,2.4,2.41,2.39,2.41
1769077800,2.4,2.42,2.39,2.4
1769079600,2.4,2.4,2.37,2.39
1769081400,2.38,2.41,2.38,2.4
1769083200,2.4,2.4,2.39,2.39
1769085000,2.4,2.41,2.38,2.4
1769086800,2.39,2.4,2.39,2.4
1769088600,2.39,2.4,2.39,2.4
1769090400,2.4,2.4,2.39,2.39
1769092200,2.4,2.4,2.38,2.4
1769094000,2.39,2.39,2.39,2.39
1769149800,2.4,2.4,2.4,2.4
1769151600,2.4,2.44,2.39,2.42
1769153400,2.42,2.42,2.39,2.41
1769155200,2.41,2.41,2.39,2.41
1769157000,2.41,2.42,2.4,2.41
1769158800,2.41,2.42,2.4,2.42
1769160600,2.42,2.42,2.41,2.42
1769162400,2.42,2.42,2.41,2.42
1769164200,2.42,2.42,2.41,2.41
1769166000,2.41,2.42,2.4,2.4
1769167800,2.4,2.41,2.4,2.41
1769169600,2.41,2.41,2.4,2.41
1769171400,2.41,2.41,2.4,2.41
1769173200,2.41,2.41,2.4,2.41
1769175000,2.41,2.41,2.4,2.41
1769176800,2.41,2.41,2.39,2.39
1769178600,2.4,2.4,2.39,2.4
1769180400,2.4,2.4,2.4,2.4
1769409000,2.39,2.39,2.39,2.39
1769410800,2.39,2.4,2.38,2.39
1769412600,2.38,2.4,2.38,2.39
1769414400,2.4,2.4,2.38,2.39
1769416200,2.39,2.39,2.38,2.39
1769418000,2.38,2.39,2.37,2.38
1769419800,2.37,2.39,2.37,2.38
1769421600,2.38,2.4,2.38,2.4
1769423400,2.39,2.46,2.39,2.45
1769425200,2.45,2.48,2.44,2.46
1769427000,2.46,2.47,2.44,2.46
1769428800,2.46,2.5,2.45,2.5
1769430600,2.49,2.5,2.47,2.47
1769432400,2.48,2.49,2.47,2.49
1769434200,2.49,2.52,2.48,2.5
1769436000,2.51,2.52,2.49,2.51
1769437800,2.51,2.51,2.49,2.51
1769439600,2.5,2.51,2.5,2.5
1769495400,2.5,2.5,2.5,2.5
1769497200,2.5,2.51,2.47,2.48
1769499000,2.48,2.49,2.47,2.48
1769500800,2.49,2.52,2.48,2.49
1769502600,2.5,2.5,2.46,2.48
1769504400,2.48,2.49,2.47,2.48
1769506200,2.48,2.48,2.46,2.47
1769508000,2.47,2.47,2.46,2.47
1769509800,2.47,2.47,2.45,2.47
1769511600,2.46,2.47,2.46,2.47
1769513400,2.47,2.48,2.46,2.47
1769515200,2.48,2.49,2.47,2.47
1769517000,2.48,2.48,2.47,2.47
1769518800,2.48,2.48,2.47,2.48
1769520600,2.48,2.48,2.46,2.47
1769522400,2.47,2.48,2.46,2.47
1769524200,2.47,2.48,2.45,2.48
1769526000,2.47,2.47,2.47,2.47
1769581800,2.48,2.48,2.48,2.48
1769583600,2.48,2.53,2.47,2.5
1769585400,2.5,2.51,2.49,2.5
1769587200,2.5,2.52,2.49,2.51
1769589000,2.51,2.51,2.5,2.51
1769590800,2.51,2.51,2.5,2.51
1769592600,2.51,2.51,2.49,2.5
1769594400,2.5,2.51,2.49,2.51
1769596200,2.51,2.52,2.5,2.51
1769598000,2.52,2.53,2.51,2.52
1769599800,2.52,2.52,2.5,2.51
1769601600,2.51,2.52,2.5,2.51
1769603400,2.52,2.61,2.51,2.56
1769605200,2.56,2.59,2.55,2.57
1769607000,2.56,2.58,2.55,2.56
1769608800,2.56,2.58,2.55,2.56
1769610600,2.57,2.62,2.56,2.58
1769612400,2.57,2.57,2.57,2.57
1769668200,2.58,2.58,2.58,2.58
1769670000,2.57,2.59,2.55,2.59
1769671800,2.59,2.59,2.55,2.58
1769673600,2.57,2.59,2.57,2.59
1769675400,2.58,2.59,2.57,2.58
1769677200,2.58,2.64,2.58,2.63
1769679000,2.62,2.63,2.6,2.61
1769680800,2.6,2.62,2.6,2.61
1769682600,2.61,2.63,2.6,2.6
1769684400,2.6,2.61,2.58,2.59
1769686200,2.59,2.62,2.59,2.62
1769688000,2.61,2.66,2.61,2.64
1769689800,2.64,2.66,2.62,2.65
1769691600,2.65,2.66,2.63,2.63
1769693400,2.64,2.64,2.62,2.63
1769695200,2.63,2.64,2.61,2.61
1769697000,2.62,2.62,2.59,2.6
1769698800,2.6,2.6,2.6,2.6
1769754600,2.61,2.61,2.61,2.61
1769756400,2.61,2.66,2.6,2.62
1769758200,2.63,2.63,2.59,2.61
1769760000,2.6,2.61,2.57,2.59
1769761800,2.59,2.6,2.58,2.59
1769763600,2.59,2.59,2.57,2.58
1769765400,2.58,2.58,2.55,2.56
1769767200,2.55,2.56,2.54,2.56
1769769000,2.55,2.57,2.55,2.56
1769770800,2.56,2.57,2.55,2.57
1769772600,2.57,2.58,2.56,2.57
1769774400,2.56,2.58,2.56,2.57
1769776200,2.57,2.57,2.56,2.57
1769778000,2.56,2.58,2.56,2.56
1769779800,2.57,2.57,2.56,2.57
1769781600,2.57,2.57,2.55,2.57
1769783400,2.56,2.57,2.55,2.56
1769785200,2.55,2.55,2.55,2.55
1770013800,2.52,2.52,2.52,2.52
1770015600,2.51,2.52,2.49,2.49
1770017400,2.49,2.5,2.45,2.47
1770019200,2.47,2.48,2.46,2.46
1770021000,2.46,2.49,2.46,2.49
1770022800,2.49,2.5,2.48,2.49
1770024600,2.49,2.5,2.48,2.5
1770026400,2.5,2.5,2.48,2.49
1770028200,2.48,2.51,2.48,2.5
1770030000,2.51,2.52,2.5,2.52
1770031800,2.51,2.57,2.51,2.55
1770033600,2.55,2.56,2.54,2.55
1770035400,2.55,2.55,2.54,2.55
1770037200,2.54,2.56,2.53,2.54
1770039000,2.54,2.55,2.53,2.54
1770040800,2.54,2.56,2.53,2.54
1770042600,2.54,2.54,2.52,2.53
1770044400,2.54,2.54,2.54,2.54
1770100200,2.55,2.55,2.55,2.55
1770102000,2.54,2.57,2.53,2.56
1770103800,2.56,2.61,2.55,2.6
1770105600,2.61,2.62,2.59,2.6
1770107400,2.6,2.61,2.58,2.59
1770109200,2.6,2.6,2.58,2.58
1770111000,2.58,2.59,2.57,2.57
1770112800,2.57,2.58,2.57,2.58
1770114600,2.58,2.58,2.56,2.57
1770116400,2.57,2.58,2.56,2.56
1770118200,2.56,2.58,2.56,2.57
1770120000,2.58,2.58,2.56,2.56
1770121800,2.57,2.58,2.55,2.57
1770123600,2.57,2.58,2.56,2.58
1770125400,2.57,2.58,2.57,2.57
1770127200,2.58,2.58,2.54,2.56
1770129000,2.56,2.57,2.55,2.57
1770130800,2.56,2.56,2.56,2.56
1770186600,2.57,2.57,2.57,2.57
1770188400,2.58,2.59,2.56,2.58
1770190200,2.57,2.58,2.56,2.56
1770192000,2.57,2.6,2.56,2.6
1770193800,2.59,2.61,2.57,2.6
1770195600,2.6,2.61,2.58,2.58
1770197400,2.58,2.59,2.58,2.59
1770199200,2.59,2.59,2.57,2.59
1770201000,2.59,2.59,2.58,2.58
1770202800,2.59,2.59,2.57,2.58
1770204600,2.58,2.59,2.57,2.59
1770206400,2.59,2.59,2.57,2.59
1770208200,2.59,2.59,2.57,2.58
1770210000,2.58,2.58,2.57,2.58
1770211800,2.58,2.58,2.57,2.58
1770213600,2.57,2.58,2.57,2.57
1770215400,2.57,2.58,2.56,2.56
1770217200,2.56,2.56,2.56,2.56
1770273000,2.56,2.56,2.56,2.56
1770274800,2.56,2.56,2.51,2.53
1770276600,2.53,2.55,2.52,2.54
1770278400,2.54,2.55,2.53,2.54
1770280200,2.54,2.55,2.52,2.53
1770282000,2.54,2.54,2.52,2.53
1770283800,2.53,2.54,2.52,2.54
1770285600,2.54,2.54,2.53,2.54
1770287400,2.53,2.55,2.53,2.53
1770289200,2.54,2.54,2.52,2.53
1770291000,2.52,2.53,2.5,2.52
1770292800,2.52,2.53,2.51,2.52
1770294600,2.52,2.52,2.51,2.52
1770296400,2.52,2.53,2.51,2.52
1770298200,2.52,2.53,2.5,2.5
1770300000,2.5,2.51,2.5,2.51
1770301800,2.51,2.51,2.49,2.5
1770303600,2.49,2.49,2.49,2.49
1770359400,2.49,2.49,2.49,2.49
1770361200,2.49,2.5,2.48,2.49
1770363000,2.49,2.49,2.45,2.46
1770364800,2.46,2.46,2.43,2.45
1770366600,2.45,2.46,2.44,2.45
1770368400,2.45,2.46,2.44,2.45
1770370200,2.45,2.46,2.44,2.45
1770372000,2.44,2.46,2.44,2.44
1770373800,2.44,2.45,2.44,2.45
1770375600,2.45,2.45,2.44,2.44
1770377400,2.45,2.45,2.42,2.43
1770379200,2.42,2.43,2.42,2.43
1770381000,2.42,2.43,2.37,2.37
1770382800,2.37,2.38,2.36,2.38
1770384600,2.38,2.39,2.37,2.38
1770386400,2.39,2.4,2.38,2.4
1770388200,2.4,2.42,2.39,2.42
1770390000,2.42,2.42,2.42,2.42
1770618600,2.44,2.44,2.44,2.44
1770620400,2.44,2.47,2.43,2.47
1770622200,2.46,2.49,2.46,2.48
1770624000,2.49,2.49,2.47,2.48
1770625800,2.49,2.49,2.48,2.49
1770627600,2.48,2.52,2.48,2.51
1770629400,2.51,2.53,2.51,2.52
1770631200,2.52,2.55,2.51,2.54
1770633000,2.54,2.55,2.52,2.53
1770634800,2.52,2.53,2.51,2.53
1770636600,2.52,2.53,2.52,2.52
1770638400,2.52,2.53,2.51,2.51
1770640200,2.51,2.52,2.51,2.51
1770642000,2.52,2.52,2.51,2.52
1770643800,2.52,2.52,2.5,2.51
1770645600,2.51,2.51,2.5,2.51
1770647400,2.51,2.53,2.5,2.53
1770649200,2.53,2.53,2.53,2.53
1770705000,2.54,2.54,2.54,2.54
1770706800,2.54,2.55,2.52,2.53
1770708600,2.53,2.54,2.52,2.53
1770710400,2.52,2.53,2.51,2.53
1770712200,2.52,2.55,2.52,2.54
1770714000,2.54,2.58,2.53,2.56
1770715800,2.56,2.57,2.55,2.56
1770717600,2.56,2.57,2.54,2.55
1770719400,2.54,2.55,2.54,2.54
1770721200,2.54,2.55,2.53,2.53
1770723000,2.54,2.55,2.53,2.53
1770724800,2.54,2.54,2.52,2.53
1770726600,2.53,2.53,2.52,2.52
1770728400,2.52,2.53,2.51,2.52
1770730200,2.52,2.52,2.5,2.51
1770732000,2.51,2.52,2.5,2.51
1770733800,2.52,2.52,2.51,2.52
1770735600,2.51,2.51,2.51,2.51
1770791400,2.52,2.52,2.52,2.52
1770793200,2.52,2.54,2.5,2.52
1770795000,2.52,2.52,2.5,2.51
1770796800,2.5,2.54,2.5,2.52
1770798600,2.51,2.53,2.51,2.52
1770800400,2.53,2.58,2.52,2.58
1770802200,2.57,2.59,2.56,2.58
1770804000,2.58,2.58,2.56,2.57
1770805800,2.58,2.59,2.57,2.57
1770807600,2.58,2.62,2.57,2.59
1770809400,2.6,2.63,2.59,2.61
1770811200,2.62,2.64,2.6,2.63
1770813000,2.62,2.65,2.62,2.62
1770814800,2.63,2.65,2.62,2.64
1770816600,2.64,2.66,2.61,2.64
1770818400,2.64,2.67,2.55,2.58
1770820200,2.58,2.58,2.53,2.54
1770822000,2.54,2.54,2.54,2.54
1770877800,2.55,2.55,2.55,2.55
1770879600,2.55,2.58,2.54,2.57
1770881400,2.57,2.58,2.56,2.58
1770883200,2.58,2.59,2.57,2.58
1770885000,2.59,2.59,2.58,2.59
1770886800,2.58,2.6,2.58,2.6
1770888600,2.6,2.6,2.58,2.59
1770890400,2.59,2.59,2.58,2.59
1770892200,2.59,2.59,2.58,2.59
1770894000,2.59,2.61,2.58,2.61
1770895800,2.61,2.66,2.6,2.65
1770897600,2.64,2.66,2.63,2.65
1770899400,2.64,2.68,2.64,2.67
1770901200,2.67,2.73,2.67,2.7
1770903000,2.7,2.72,2.69,2.71
1770904800,2.71,2.71,2.68,2.69
1770906600,2.7,2.72,2.68,2.71
1770908400,2.71,2.71,2.71,2.71
1770964200,2.71,2.71,2.71,2.71
1770966000,2.71,2.74,2.7,2.72
1770967800,2.72,2.73,2.71,2.71
1770969600,2.72,2.75,2.71,2.72
1770971400,2.71,2.73,2.69,2.7
1770973200,2.7,2.74,2.68,2.73
1770975000,2.73,2.73,2.69,2.71
1770976800,2.71,2.71,2.7,2.71
1770978600,2.71,2.71,2.69,2.7
1770980400,2.7,2.7,2.69,2.7
1770982200,2.7,2.71,2.69,2.71
1770984000,2.71,2.71,2.69,2.7
1770985800,2.7,2.7,2.69,2.7
1770987600,2.7,2.72,2.69,2.71
1770989400,2.71,2.71,2.7,2.71
1770991200,2.71,2.73,2.7,2.71
1770993000,2.7,2.73,2.7,2.7
1770994800,2.7,2.7,2.7,2.7
1771223400,2.72,2.72,2.72,2.72
1771225200,2.73,2.78,2.72,2.76
1771227000,2.76,2.76,2.74,2.75
1771228800,2.75,2.76,2.74,2.75
1771230600,2.74,2.76,2.74,2.74
1771232400,2.75,2.75,2.74,2.75
1771234200,2.75,2.75,2.73,2.74
1771236000,2.74,2.75,2.73,2.73
1771237800,2.74,2.74,2.72,2.73
1771239600,2.73,2.73,2.71,2.72
1771241400,2.72,2.74,2.71,2.73
1771243200,2.72,2.74,2.72,2.74
1771245000,2.74,2.75,2.73,2.73
1771246800,2.74,2.75,2.72,2.74
1771248600,2.73,2.76,2.73,2.74
1771250400,2.74,2.76,2.73,2.75
1771252200,2.75,2.79,2.74,2.78
1771254000,2.77,2.77,2.77,2.77
1771309800,2.76,2.76,2.76,2.76
1771311600,2.76,2.78,2.75,2.76
1771313400,2.75,2.76,2.73,2.75
1771315200,2.75,2.76,2.73,2.75
1771317000,2.75,2.75,2.71,2.71
1771318800,2.72,2.72,2.71,2.72
1771320600,2.72,2.72,2.71,2.71
1771322400,2.71,2.72,2.71,2.72
1771324200,2.72,2.72,2.7,2.7
1771326000,2.71,2.72,2.69,2.7
1771327800,2.7,2.7,2.66,2.67
1771329600,2.67,2.68,2.64,2.65
1771331400,2.66,2.66,2.63,2.64
1771333200,2.64,2.64,2.63,2.64
1771335000,2.64,2.66,2.62,2.66
1771336800,2.66,2.68,2.65,2.66
1771338600,2.66,2.66,2.64,2.65
1771340400,2.65,2.65,2.64,2.64
1771396200,2.6,2.6,2.6,2.6
1771398000,2.6,2.63,2.57,2.63
1771399800,2.62,2.66,2.61,2.66
1771401600,2.66,2.67,2.64,2.65
1771403400,2.65,2.66,2.64,2.66
1771405200,2.66,2.66,2.64,2.65
1771407000,2.65,2.65,2.63,2.65
1771408800,2.65,2.65,2.64,2.64
1771410600,2.64,2.66,2.64,2.65
1771412400,2.65,2.65,2.64,2.65
1771414200,2.65,2.65,2.64,2.65
1771416000,2.65,2.65,2.63,2.65
1771417800,2.65,2.65,2.58,2.61
1771419600,2.62,2.62,2.6,2.6
1771421400,2.6,2.61,2.59,2.61
1771423200,2.6,2.62,2.59,2.6
1771425000,2.6,2.61,2.58,2.6
1771426800,2.6,2.6,2.6,2.6
1771482600,2.61,2.61,2.61,2.61
1771484400,2.61,2.63,2.58,2.59
1771486200,2.59,2.6,2.58,2.59
1771488000,2.59,2.6,2.57,2.58
1771489800,2.57,2.58,2.56,2.57
1771491600,2.57,2.57,2.55,2.56
1771493400,2.56,2.56,2.53,2.54
1771495200,2.53,2.54,2.52,2.54
1771497000,2.53,2.54,2.52,2.53
1771498800,2.52,2.54,2.52,2.53
1771500600,2.53,2.53,2.5,2.51
1771502400,2.5,2.53,2.5,2.52
1771504200,2.53,2.53,2.51,2.52
1771506000,2.52,2.52,2.51,2.52
1771507800,2.52,2.52,2.5,2.5
1771509600,2.51,2.51,2.49,2.49
1771511400,2.5,2.52,2.48,2.51
1771513200,2.51,2.52,2.51,2.52
1771569000,2.52,2.52,2.52,2.52
1771570800,2.52,2.53,2.5,2.51
1771572600,2.51,2.51,2.48,2.5
1771574400,2.5,2.5,2.48,2.49
1771576200,2.48,2.5,2.48,2.49
1771578000,2.49,2.49,2.45,2.46
1771579800,2.46,2.47,2.4,2.41
1771581600,2.41,2.43,2.4,2.41
1771583400,2.41,2.42,2.4,2.42
1771585200,2.42,2.42,2.4,2.41
1771587000,2.41,2.41,2.39,2.4
1771588800,2.4,2.41,2.39,2.41
1771590600,2.4,2.43,2.4,2.42
1771592400,2.41,2.44,2.41,2.44
1771594200,2.44,2.44,2.41,2.42
1771596000,2.43,2.44,2.42,2.43
1771597800,2.44,2.44,2.42,2.43
1771599600,2.42,2.42,2.42,2.42
1771828200,2.44,2.44,2.44,2.44
1771830000,2.45,2.49,2.45,2.47
1771831800,2.48,2.48,2.46,2.48
1771833600,2.48,2.48,2.45,2.47
1771835400,2.47,2.47,2.45,2.47
1771837200,2.46,2.47,2.43,2.45
1771839000,2.44,2.45,2.43,2.44
1771840800,2.45,2.45,2.43,2.44
1771842600,2.44,2.44,2.43,2.43
1771844400,2.43,2.44,2.43,2.44
1771846200,2.43,2.44,2.43,2.44
1771848000,2.44,2.44,2.43,2.43
1771849800,2.44,2.44,2.42,2.43
1771851600,2.44,2.44,2.42,2.43
1771853400,2.43,2.44,2.42,2.43
1771855200,2.44,2.44,2.42,2.44
1771857000,2.44,2.44,2.42,2.43
1771858800,2.43,2.43,2.42,2.43
1771914600,2.44,2.44,2.44,2.44
1771916400,2.43,2.44,2.41,2.42
1771918200,2.42,2.43,2.41,2.42
1771920000,2.43,2.43,2.41,2.41
1771921800,2.41,2.42,2.41,2.42
1771923600,2.41,2.42,2.41,2.42
1771925400,2.41,2.42,2.41,2.42
1771927200,2.42,2.42,2.41,2.41
1771929000,2.42,2.45,2.41,2.43
1771930800,2.44,2.44,2.42,2.43
1771932600,2.43,2.43,2.41,2.41
1771934400,2.42,2.42,2.39,2.4
1771936200,2.4,2.41,2.39,2.41
1771938000,2.4,2.41,2.39,2.41
1771939800,2.41,2.42,2.4,2.42
1771941600,2.42,2.42,2.4,2.41
1771943400,2.42,2.42,2.4,2.41
1771945200,2.4,2.4,2.4,2.4
1772001000,2.41,2.41,2.41,2.41
1772002800,2.42,2.42,2.38,2.39
1772004600,2.39,2.39,2.36,2.37
1772006400,2.37,2.38,2.36,2.37
1772008200,2.38,2.39,2.37,2.38
1772010000,2.38,2.39,2.37,2.38
1772011800,2.38,2.39,2.37,2.39
1772013600,2.39,2.39,2.38,2.39
1772015400,2.39,2.39,2.38,2.39
1772017200,2.38,2.39,2.38,2.39
1772019000,2.39,2.39,2.36,2.36
1772020800,2.37,2.38,2.36,2.36
1772022600,2.37,2.37,2.36,2.37
1772024400,2.37,2.38,2.36,2.38
1772026200,2.37,2.38,2.37,2.38
1772028000,2.38,2.39,2.37,2.39
1772029800,2.38,2.39,2.37,2.38
1772031600,2.37,2.37,2.37,2.37
1772087400,2.38,2.38,2.38,2.38
1772089200,2.38,2.44,2.38,2.41
1772091000,2.42,2.43,2.4,2.43
1772092800,2.42,2.43,2.41,2.43
1772094600,2.43,2.44,2.42,2.43
1772096400,2.43,2.44,2.42,2.43
1772098200,2.44,2.44,2.42,2.43
1772100000,2.43,2.44,2.42,2.44
1772101800,2.44,2.44,2.42,2.44
1772103600,2.44,2.45,2.43,2.44
1772105400,2.43,2.44,2.43,2.44
1772107200,2.44,2.44,2.43,2.44
1772109000,2.44,2.45,2.43,2.45
1772110800,2.45,2.51,2.44,2.47
1772112600,2.48,2.5,2.44,2.46
1772114400,2.46,2.46,2.44,2.45
1772116200,2.45,2.46,2.43,2.44
1772118000,2.43,2.43,2.43,2.43
1772173800,2.45,2.45,2.45,2.45
1772175600,2.45,2.47,2.44,2.45
1772177400,2.45,2.45,2.44,2.44
1772179200,2.45,2.45,2.43,2.45
1772181000,2.45,2.45,2.44,2.45
1772182800,2.45,2.45,2.44,2.45
1772184600,2.44,2.45,2.43,2.43
1772186400,2.44,2.44,2.43,2.44
1772188200,2.44,2.45,2.42,2.44
1772190000,2.44,2.46,2.44,2.44
1772191800,2.44,2.45,2.43,2.43
1772193600,2.44,2.44,2.4,2.42
1772195400,2.42,2.44,2.41,2.42
1772197200,2.42,2.44,2.41,2.43
1772199000,2.42,2.43,2.41,2.42
1772200800,2.42,2.45,2.42,2.45
1772202600,2.45,2.46,2.44,2.46
1772204400,2.46,2.47,2.46,2.47
1772433000,2.34,2.34,2.34,2.34
1772434800,2.35,2.37,2.32,2.35
1772436600,2.35,2.35,2.3,2.31
1772438400,2.31,2.33,2.3,2.32
1772440200,2.32,2.32,2.31,2.31
1772442000,2.31,2.33,2.31,2.33
1772443800,2.33,2.36,2.32,2.35
1772445600,2.35,2.35,2.34,2.35
1772447400,2.35,2.36,2.34,2.36
1772449200,2.36,2.36,2.33,2.34
1772451000,2.34,2.34,2.33,2.34
1772452800,2.34,2.34,2.32,2.33
1772454600,2.33,2.34,2.32,2.34
1772456400,2.34,2.36,2.33,2.34
1772458200,2.35,2.35,2.33,2.35
1772460000,2.35,2.35,2.32,2.33
1772461800,2.33,2.36,2.32,2.36
1772463600,2.35,2.35,2.35,2.35
1772519400,2.34,2.34,2.34,2.34
1772521200,2.34,2.37,2.33,2.35
1772523000,2.35,2.38,2.34,2.37
1772524800,2.38,2.39,2.37,2.37
1772526600,2.37,2.38,2.36,2.37
1772528400,2.37,2.37,2.34,2.34
1772530200,2.35,2.35,2.33,2.33
1772532000,2.34,2.34,2.31,2.32
1772533800,2.32,2.32,2.3,2.31
1772535600,2.31,2.32,2.29,2.31
1772537400,2.31,2.31,2.3,2.31
1772539200,2.31,2.32,2.3,2.32
1772541000,2.32,2.32,2.3,2.32
1772542800,2.32,2.32,2.3,2.31
1772544600,2.3,2.31,2.29,2.3
1772546400,2.3,2.3,2.27,2.28
1772548200,2.28,2.29,2.27,2.29
1772550000,2.28,2.28,2.28,2.28
1772605800,2.29,2.29,2.29,2.29
1772607600,2.29,2.31,2.28,2.3
1772609400,2.31,2.33,2.3,2.33
1772611200,2.32,2.33,2.29,2.29
1772613000,2.29,2.31,2.29,2.31
1772614800,2.3,2.31,2.29,2.31
1772616600,2.3,2.31,2.29,2.31
1772618400,2.31,2.32,2.3,2.31
1772620200,2.32,2.32,2.3,2.32
1772622000,2.32,2.32,2.3,2.31
1772623800,2.3,2.31,2.29,2.3
1772625600,2.3,2.31,2.29,2.3
1772627400,2.31,2.31,2.29,2.3
1772629200,2.3,2.31,2.29,2.3
1772631000,2.3,2.3,2.28,2.28
1772632800,2.29,2.29,2.27,2.28
1772634600,2.29,2.3,2.28,2.3
1772636400,2.29,2.29,2.29,2.29
1772692200,2.31,2.31,2.31,2.31
1772694000,2.31,2.33,2.3,2.32
1772695800,2.32,2.33,2.31,2.32
1772697600,2.32,2.32,2.3,2.3
1772699400,2.3,2.31,2.3,2.3
1772701200,2.3,2.32,2.3,2.32
1772703000,2.31,2.32,2.3,2.31
1772704800,2.31,2.31,2.3,2.31
1772706600,2.31,2.31,2.3,2.31
1772708400,2.31,2.31,2.3,2.31
1772710200,2.31,2.31,2.3,2.31
1772712000,2.31,2.31,2.29,2.31
1772713800,2.31,2.31,2.29,2.3
1772715600,2.31,2.31,2.3,2.31
1772717400,2.31,2.31,2.29,2.31
1772719200,2.3,2.31,2.29,2.29
1772721000,2.29,2.3,2.29,2.3
1772722800,2.28,2.28,2.28,2.28
1772778600,2.28,2.28,2.28,2.28
1772780400,2.27,2.3,2.27,2.29
1772782200,2.29,2.3,2.27,2.28
1772784000,2.29,2.29,2.27,2.28
1772785800,2.28,2.29,2.27,2.29
1772787600,2.29,2.29,2.28,2.28
1772789400,2.28,2.29,2.27,2.28
1772791200,2.28,2.29,2.27,2.28
1772793000,2.28,2.29,2.27,2.28
1772794800,2.28,2.28,2.27,2.28
1772796600,2.28,2.28,2.26,2.27
1772798400,2.26,2.27,2.26,2.27
1772800200,2.27,2.27,2.25,2.26
1772802000,2.26,2.27,2.25,2.25
1772803800,2.26,2.26,2.24,2.25
1772805600,2.26,2.26,2.24,2.24
1772807400,2.24,2.25,2.23,2.24
1772809200,2.24,2.24,2.22,2.22
1773037800,2.17,2.17,2.17,2.17
1773039600,2.17,2.2,2.16,2.18
1773041400,2.17,2.18,2.16,2.17
1773043200,2.17,2.17,2.13,2.14
1773045000,2.14,2.16,2.13,2.16
1773046800,2.15,2.17,2.14,2.17
1773048600,2.17,2.18,2.15,2.16
1773050400,2.16,2.17,2.15,2.16
1773052200,2.16,2.16,2.15,2.16
1773054000,2.16,2.17,2.15,2.17
1773055800,2.17,2.17,2.15,2.17
1773057600,2.17,2.18,2.15,2.17
1773059400,2.17,2.18,2.16,2.17
1773061200,2.18,2.18,2.16,2.18
1773063000,2.17,2.18,2.17,2.18
1773064800,2.17,2.18,2.17,2.18
1773066600,2.18,2.19,2.16,2.18
1773068400,2.18,2.18,2.18,2.18
1773124200,2.21,2.21,2.21,2.21
1773126000,2.21,2.24,2.2,2.22
1773127800,2.22,2.22,2.19,2.21
1773129600,2.21,2.21,2.2,2.2
1773131400,2.2,2.21,2.2,2.2
1773133200,2.21,2.21,2.2,2.21
1773135000,2.21,2.22,2.2,2.21
1773136800,2.22,2.22,2.21,2.22
1773138600,2.22,2.22,2.21,2.22
1773140400,2.22,2.23,2.21,2.23
1773142200,2.23,2.24,2.22,2.24
1773144000,2.24,2.24,2.22,2.23
1773145800,2.23,2.25,2.22,2.23
1773147600,2.23,2.24,2.22,2.24
1773149400,2.24,2.25,2.23,2.23
1773151200,2.24,2.24,2.23,2.23
1773153000,2.23,2.26,2.23,2.26
1773154800,2.26,2.26,2.26,2.26
1773210600,2.25,2.25,2.25,2.25
1773212400,2.25,2.27,2.24,2.25
1773214200,2.25,2.25,2.21,2.22
1773216000,2.23,2.24,2.22,2.24
1773217800,2.23,2.24,2.21,2.21
1773219600,2.22,2.23,2.21,2.23
1773221400,2.23,2.23,2.21,2.23
1773223200,2.22,2.23,2.21,2.22
1773225000,2.21,2.22,2.21,2.21
1773226800,2.22,2.23,2.21,2.23
1773228600,2.22,2.23,2.21,2.22
1773230400,2.21,2.22,2.21,2.21
1773232200,2.22,2.22,2.19,2.2
1773234000,2.19,2.2,2.18,2.2
1773235800,2.2,2.2,2.18,2.19
1773237600,2.19,2.22,2.19,2.2
1773239400,2.2,2.21,2.19,2.21
1773241200,2.2,2.2,2.2,2.2
1773297000,2.2,2.2,2.2,2.2
1773298800,2.19,2.23,2.19,2.22
1773300600,2.22,2.23,2.21,2.22
1773302400,2.22,2.24,2.21,2.23
1773304200,2.22,2.26,2.22,2.25
1773306000,2.25,2.26,2.24,2.26
1773307800,2.25,2.29,2.24,2.25
1773309600,2.25,2.25,2.24,2.25
1773311400,2.24,2.27,2.24,2.27
1773313200,2.27,2.38,2.26,2.38
1773315000,2.37,2.42,2.37,2.42
1773316800,2.42,2.42,2.42,2.42
1773318600,2.42,2.42,2.39,2.42
1773320400,2.42,2.42,2.42,2.42
1773322200,2.42,2.42,2.42,2.42
1773324000,2.42,2.42,2.42,2.42
1773325800,2.42,2.42,2.4,2.42
1773327600,2.42,2.42,2.42,2.42
1773383400,2.43,2.43,2.43,2.43
1773385200,2.43,2.46,2.4,2.44
1773387000,2.44,2.45,2.41,2.41
1773388800,2.42,2.59,2.4,2.56
1773390600,2.57,2.62,2.55,2.6
1773392400,2.59,2.61,2.57,2.57
1773394200,2.58,2.58,2.51,2.53
1773396000,2.54,2.54,2.52,2.53
1773397800,2.53,2.54,2.51,2.54
1773399600,2.54,2.54,2.52,2.53
1773401400,2.52,2.53,2.51,2.52
1773403200,2.52,2.53,2.51,2.52
1773405000,2.52,2.52,2.51,2.52
1773406800,2.52,2.53,2.51,2.52
1773408600,2.52,2.57,2.51,2.54
1773410400,2.54,2.56,2.52,2.55
1773412200,2.55,2.59,2.45,2.46
1773414000,2.46,2.46,2.46,2.46
1773642600,2.49,2.49,2.49,2.49
1773644400,2.49,2.52,2.48,2.52
1773646200,2.52,2.56,2.51,2.53
1773648000,2.53,2.53,2.51,2.52
1773649800,2.53,2.53,2.52,2.52
1773651600,2.53,2.53,2.46,2.47
1773653400,2.46,2.48,2.46,2.46
1773655200,2.46,2.47,2.45,2.47
1773657000,2.47,2.51,2.46,2.51
1773658800,2.51,2.51,2.49,2.5
1773660600,2.5,2.51,2.49,2.51
1773662400,2.51,2.51,2.49,2.5
1773664200,2.5,2.53,2.48,2.5
1773666000,2.51,2.52,2.47,2.52
1773667800,2.51,2.52,2.5,2.51
1773669600,2.51,2.51,2.49,2.5
1773671400,2.5,2.5,2.47,2.49
1773673200,2.48,2.48,2.48,2.48
1773729000,2.52,2.52,2.52,2.52
1773730800,2.52,2.54,2.5,2.51
1773732600,2.51,2.52,2.48,2.49
1773734400,2.49,2.5,2.48,2.48
1773736200,2.49,2.49,2.48,2.48
1773738000,2.48,2.49,2.47,2.49
1773739800,2.49,2.49,2.48,2.49
1773741600,2.49,2.5,2.48,2.5
1773743400,2.49,2.5,2.48,2.49
1773745200,2.48,2.49,2.48,2.48
1773747000,2.48,2.49,2.46,2.47
1773748800,2.47,2.48,2.47,2.48
1773750600,2.47,2.49,2.47,2.49
1773752400,2.49,2.5,2.48,2.49
1773754200,2.49,2.5,2.47,2.47
1773756000,2.48,2.48,2.47,2.48
1773757800,2.48,2.48,2.45,2.47
1773759600,2.46,2.46,2.46,2.46
1773815400,2.47,2.47,2.47,2.47
1773817200,2.48,2.49,2.46,2.46
1773819000,2.46,2.47,2.43,2.45
1773820800,2.45,2.45,2.43,2.44
1773822600,2.44,2.45,2.43,2.45
1773824400,2.45,2.47,2.44,2.46
1773826200,2.45,2.47,2.45,2.46
1773828000,2.46,2.46,2.45,2.46
1773829800,2.46,2.46,2.45,2.45
1773831600,2.46,2.46,2.42,2.42
1773833400,2.43,2.44,2.42,2.44
1773835200,2.44,2.49,2.43,2.49
1773837000,2.48,2.5,2.45,2.46
1773838800,2.45,2.46,2.4,2.43
1773840600,2.42,2.43,2.42,2.42
1773842400,2.42,2.43,2.41,2.42
1773844200,2.42,2.42,2.4,2.41
1773846000,2.41,2.41,2.41,2.41
1773901800,2.4,2.4,2.4,2.4
1773903600,2.41,2.44,2.4,2.43
1773905400,2.43,2.44,2.41,2.42
1773907200,2.43,2.45,2.42,2.44
1773909000,2.44,2.44,2.41,2.42
1773910800,2.42,2.43,2.41,2.42
1773912600,2.42,2.42,2.42,2.42
1774247400,2.43,2.43,2.43,2.43
1774249200,2.43,2.49,2.43,2.47
1774251000,2.46,2.47,2.44,2.47
1774252800,2.47,2.47,2.44,2.45
1774254600,2.45,2.48,2.44,2.46
1774256400,2.47,2.47,2.45,2.46
1774258200,2.46,2.46,2.43,2.45
1774260000,2.45,2.45,2.43,2.44
1774261800,2.43,2.44,2.43,2.43
1774263600,2.43,2.5,2.43,2.47
1774265400,2.47,2.49,2.44,2.45
1774267200,2.45,2.46,2.43,2.45
1774269000,2.45,2.47,2.44,2.46
1774270800,2.46,2.47,2.45,2.46
1774272600,2.46,2.47,2.44,2.46
1774274400,2.47,2.48,2.46,2.48
1774276200,2.47,2.49,2.45,2.47
1774278000,2.46,2.46,2.46,2.46
1774333800,2.46,2.46,2.46,2.46
1774335600,2.46,2.49,2.46,2.47
1774337400,2.47,2.47,2.44,2.45
1774339200,2.45,2.45,2.41,2.43
1774341000,2.42,2.43,2.41,2.41
1774342800,2.42,2.43,2.41,2.41
1774344600,2.42,2.42,2.41,2.42
1774346400,2.42,2.42,2.41,2.42
1774348200,2.41,2.42,2.41,2.42
1774350000,2.42,2.42,2.41,2.42
1774351800,2.41,2.43,2.41,2.42
1774353600,2.42,2.42,2.39,2.4
1774355400,2.4,2.4,2.38,2.39
1774357200,2.4,2.4,2.37,2.38
1774359000,2.38,2.39,2.36,2.37
1774360800,2.37,2.38,2.34,2.38
1774362600,2.37,2.39,2.37,2.39
1774364400,2.39,2.39,2.38,2.38
1774420200,2.4,2.4,2.4,2.4
1774422000,2.4,2.41,2.38,2.4
1774423800,2.41,2.41,2.39,2.4
1774425600,2.4,2.4,2.38,2.4
1774427400,2.4,2.4,2.38,2.39
1774429200,2.39,2.39,2.37,2.38
1774431000,2.38,2.39,2.38,2.39
1774432800,2.39,2.39,2.36,2.36
1774434600,2.36,2.37,2.35,2.37
1774436400,2.36,2.38,2.36,2.37
1774438200,2.38,2.38,2.37,2.38
1774440000,2.38,2.38,2.36,2.37
1774441800,2.37,2.38,2.35,2.38
1774443600,2.38,2.38,2.36,2.38
1774445400,2.37,2.38,2.36,2.37
1774447200,2.36,2.37,2.36,2.36
1774449000,2.36,2.37,2.36,2.37
1774450800,2.36,2.36,2.36,2.36
1774506600,2.37,2.37,2.37,2.37
1774508400,2.38,2.41,2.37,2.41
1774510200,2.4,2.43,2.4,2.42
1774512000,2.42,2.45,2.41,2.44
1774513800,2.44,2.44,2.41,2.41
1774515600,2.41,2.44,2.4,2.42
1774517400,2.43,2.43,2.41,2.42
1774519200,2.42,2.42,2.4,2.41
1774521000,2.41,2.41,2.39,2.4
1774522800,2.39,2.41,2.39,2.39
1774524600,2.4,2.41,2.39,2.41
1774526400,2.41,2.41,2.39,2.4
1774528200,2.39,2.4,2.39,2.4
1774530000,2.39,2.43,2.38,2.41
1774531800,2.4,2.43,2.39,2.4
1774533600,2.39,2.42,2.39,2.4
1774535400,2.41,2.41,2.38,2.39
1774537200,2.39,2.39,2.39,2.39
1774593000,2.4,2.4,2.4,2.4
1774594800,2.4,2.41,2.39,2.39
1774596600,2.4,2.41,2.35,2.36
1774598400,2.36,2.36,2.34,2.35
1774600200,2.36,2.36,2.32,2.34
1774602000,2.34,2.34,2.32,2.33
1774603800,2.33,2.34,2.32,2.32
1774605600,2.33,2.34,2.32,2.34
1774607400,2.34,2.34,2.29,2.29
1774609200,2.3,2.31,2.29,2.31
1774611000,2.31,2.31,2.3,2.31
1774612800,2.31,2.31,2.3,2.31
1774614600,2.31,2.31,2.3,2.31
1774616400,2.31,2.32,2.29,2.31
1774618200,2.32,2.32,2.3,2.32
1774620000,2.32,2.33,2.3,2.33
1774621800,2.33,2.34,2.32,2.33
1774623600,2.34,2.34,2.33,2.33
1774852200,2.35,2.35,2.35,2.35
1774854000,2.34,2.35,2.32,2.33
1774855800,2.33,2.33,2.32,2.33
1774857600,2.33,2.34,2.32,2.33
1774859400,2.33,2.34,2.32,2.34
1774861200,2.34,2.34,2.33,2.34
1774863000,2.34,2.34,2.33,2.34
1774864800,2.34,2.34,2.33,2.34
1774866600,2.34,2.34,2.33,2.34
1774868400,2.34,2.34,2.33,2.34
1774870200,2.34,2.34,2.33,2.33
1774872000,2.34,2.34,2.33,2.34
1774873800,2.34,2.34,2.32,2.34
1774875600,2.33,2.34,2.32,2.33
1774877400,2.33,2.33,2.32,2.33
1774879200,2.33,2.33,2.31,2.32
1774881000,2.33,2.34,2.32,2.33
1774882800,2.33,2.33,2.33,2.33
1774938600,2.34,2.34,2.34,2.34
1774940400,2.34,2.35,2.3,2.33
1774942200,2.32,2.36,2.32,2.34
1774944000,2.34,2.34,2.33,2.34
1774945800,2.34,2.34,2.32,2.33
1774947600,2.32,2.34,2.32,2.34
1774949400,2.33,2.35,2.33,2.35
1774951200,2.35,2.35,2.33,2.33
1774953000,2.32,2.33,2.3,2.32
1774954800,2.32,2.33,2.3,2.33
1774956600,2.33,2.34,2.32,2.33
1774958400,2.32,2.33,2.31,2.31
1774960200,2.31,2.33,2.31,2.32
1774962000,2.31,2.33,2.31,2.32
1774963800,2.33,2.33,2.31,2.33
1774965600,2.33,2.34,2.32,2.33
1774967400,2.34,2.34,2.32,2.33
1774969200,2.34,2.34,2.34,2.34
1775025000,2.37,2.37,2.37,2.37
1775026800,2.37,2.39,2.35,2.37
1775028600,2.37,2.37,2.35,2.36
1775030400,2.36,2.37,2.35,2.36
1775032200,2.37,2.37,2.36,2.36
1775034000,2.36,2.37,2.36,2.37
1775035800,2.37,2.38,2.36,2.37
1775037600,2.37,2.38,2.36,2.37
1775039400,2.37,2.37,2.35,2.35
1775041200,2.36,2.36,2.35,2.36
1775043000,2.35,2.36,2.35,2.36
1775044800,2.36,2.36,2.35,2.35
1775046600,2.36,2.36,2.35,2.36
1775048400,2.35,2.36,2.35,2.36
1775050200,2.36,2.37,2.35,2.37
1775052000,2.36,2.37,2.36,2.37
1775053800,2.37,2.44,2.36,2.41
1775055600,2.42,2.42,2.42,2.42
1775111400,2.38,2.38,2.38,2.38
1775113200,2.37,2.4,2.37,2.4
1775115000,2.39,2.41,2.39,2.4
1775116800,2.39,2.45,2.39,2.42
1775118600,2.43,2.44,2.42,2.43
1775120400,2.44,2.5,2.43,2.5
1775122200,2.5,2.5,2.43,2.45
1775124000,2.45,2.46,2.43,2.45
1775125800,2.46,2.46,2.44,2.45
1775127600,2.45,2.47,2.44,2.46
1775129400,2.46,2.48,2.45,2.47
1775131200,2.47,2.51,2.47,2.5
1775133000,2.5,2.52,2.47,2.51
1775134800,2.5,2.51,2.49,2.49
1775136600,2.5,2.5,2.48,2.5
1775138400,2.49,2.5,2.45,2.47
1775140200,2.46,2.47,2.44,2.45
1775142000,2.44,2.44,2.44,2.44
1775197800,2.45,2.45,2.45,2.45
1775199600,2.45,2.49,2.45,2.46
1775201400,2.45,2.46,2.38,2.39
1775203200,2.4,2.4,2.38,2.4
1775205000,2.4,2.4,2.39,2.4
1775206800,2.39,2.41,2.39,2.41
1775208600,2.41,2.41,2.4,2.41
1775210400,2.41,2.41,2.39,2.4
1775212200,2.4,2.4,2.39,2.4
1775214000,2.4,2.41,2.39,2.39
1775215800,2.4,2.4,2.38,2.39
1775217600,2.38,2.39,2.36,2.38
1775219400,2.38,2.38,2.36,2.38
1775221200,2.37,2.38,2.37,2.37
1775223000,2.37,2.39,2.37,2.39
1775224800,2.39,2.39,2.37,2.38
1775226600,2.37,2.39,2.37,2.38
1775228400,2.37,2.37,2.37,2.37
1775457000,2.37,2.37,2.37,2.37
1775458800,2.37,2.41,2.37,2.4
1775460600,2.4,2.41,2.39,2.4
1775462400,2.4,2.41,2.39,2.39
1775464200,2.4,2.41,2.39,2.4
1775466000,2.39,2.41,2.39,2.4
1775467800,2.4,2.41,2.39,2.39
1775469600,2.4,2.4,2.39,2.4
1775471400,2.4,2.4,2.39,2.4
1775473200,2.4,2.4,2.39,2.4
1775475000,2.4,2.45,2.39,2.44
1775476800,2.45,2.46,2.43,2.43
1775478600,2.44,2.45,2.43,2.45
1775480400,2.44,2.45,2.43,2.44
1775482200,2.44,2.45,2.44,2.44
1775484000,2.45,2.48,2.44,2.47
1775485800,2.46,2.51,2.46,2.48
1775487600,2.48,2.48,2.48,2.48
1775543400,2.49,2.49,2.49,2.49
1775545200,2.48,2.52,2.48,2.49
1775547000,2.5,2.5,2.47,2.47
1775548800,2.47,2.48,2.46,2.46
1775550600,2.46,2.47,2.46,2.47
1775552400,2.46,2.47,2.46,2.47
1775554200,2.46,2.47,2.44,2.45
1775556000,2.44,2.45,2.43,2.45
1775557800,2.45,2.45,2.42,2.43
1775559600,2.43,2.46,2.42,2.45
1775561400,2.46,2.46,2.44,2.45
1775563200,2.45,2.45,2.42,2.43
1775565000,2.43,2.44,2.42,2.42
1775566800,2.42,2.43,2.41,2.42
1775568600,2.42,2.45,2.41,2.44
1775570400,2.44,2.45,2.44,2.45
1775572200,2.44,2.45,2.43,2.43
1775574000,2.43,2.43,2.43,2.43
1775629800,2.5,2.5,2.5,2.5
1775631600,2.5,2.53,2.49,2.5
1775633400,2.49,2.51,2.46,2.47
1775635200,2.47,2.53,2.46,2.5
1775637000,2.49,2.51,2.49,2.51
1775638800,2.51,2.52,2.5,2.52
1775640600,2.52,2.52,2.49,2.5
1775642400,2.5,2.51,2.5,2.5
1775644200,2.51,2.51,2.49,2.51
1775646000,2.51,2.52,2.49,2.5
1775647800,2.51,2.51,2.5,2.51
1775649600,2.5,2.51,2.5,2.51
1775651400,2.5,2.51,2.5,2.51
1775653200,2.51,2.52,2.5,2.52
1775655000,2.52,2.53,2.51,2.51
1775656800,2.51,2.52,2.5,2.51
1775658600,2.51,2.51,2.48,2.49
1775660400,2.48,2.48,2.48,2.48
1775716200,2.49,2.49,2.49,2.49
1775718000,2.49,2.51,2.48,2.49
1775719800,2.49,2.5,2.48,2.49
1775721600,2.49,2.5,2.48,2.49
1775723400,2.49,2.49,2.48,2.49
1775725200,2.48,2.49,2.47,2.48
1775727000,2.48,2.48,2.46,2.47
1775728800,2.46,2.47,2.46,2.47
1775730600,2.47,2.47,2.45,2.46
1775732400,2.45,2.46,2.44,2.45
1775734200,2.45,2.47,2.44,2.45
1775736000,2.45,2.46,2.44,2.45
1775737800,2.45,2.46,2.44,2.45
1775739600,2.45,2.48,2.44,2.47
1775741400,2.47,2.48,2.46,2.46
1775743200,2.47,2.47,2.43,2.44
1775745000,2.44,2.46,2.43,2.44
1775746800,2.44,2.45,2.44,2.45
1775802600,2.47,2.47,2.47,2.47
1775804400,2.46,2.51,2.45,2.5
1775806200,2.5,2.52,2.49,2.51
1775808000,2.52,2.64,2.5,2.58
1775809800,2.58,2.59,2.56,2.57
1775811600,2.57,2.59,2.56,2.58
1775813400,2.59,2.61,2.58,2.61
1775815200,2.61,2.61,2.58,2.59
1775817000,2.6,2.6,2.58,2.58
1775818800,2.59,2.6,2.58,2.59
1775820600,2.59,2.59,2.57,2.57
1775822400,2.58,2.58,2.56,2.57
1775824200,2.58,2.58,2.57,2.58
1775826000,2.57,2.59,2.57,2.59
1775827800,2.58,2.6,2.58,2.6
1775829600,2.59,2.63,2.59,2.59
1775831400,2.6,2.63,2.59,2.61
1775833200,2.62,2.62,2.62,2.62
1776061800,2.6,2.6,2.6,2.6
1776063600,2.6,2.67,2.59,2.64
1776065400,2.64,2.65,2.62,2.65
1776067200,2.65,2.66,2.6,2.61
1776069000,2.61,2.61,2.57,2.59
1776070800,2.59,2.6,2.58,2.6
1776072600,2.6,2.6,2.58,2.58
1776074400,2.59,2.59,2.57,2.58
1776076200,2.59,2.59,2.58,2.59
1776078000,2.59,2.6,2.57,2.6
1776079800,2.59,2.63,2.59,2.61
1776081600,2.62,2.62,2.58,2.62
1776083400,2.62,2.63,2.6,2.6
1776085200,2.61,2.61,2.59,2.59
1776087000,2.6,2.61,2.59,2.61
1776088800,2.61,2.62,2.59,2.6
1776090600,2.6,2.61,2.59,2.6
1776092400,2.6,2.6,2.6,2.6
1776148200,2.63,2.63,2.63,2.63
1776150000,2.64,2.67,2.62,2.65
1776151800,2.64,2.65,2.61,2.62
1776153600,2.62,2.63,2.62,2.63
1776155400,2.63,2.64,2.62,2.62
1776157200,2.63,2.63,2.61,2.62
1776159000,2.62,2.62,2.6,2.61
1776160800,2.6,2.61,2.59,2.59
1776162600,2.6,2.63,2.59,2.62
1776164400,2.63,2.64,2.6,2.64
1776166200,2.63,2.66,2.62,2.63
1776168000,2.62,2.63,2.61,2.62
1776169800,2.61,2.66,2.6,2.65
1776171600,2.65,2.69,2.64,2.67
1776173400,2.67,2.68,2.64,2.67
1776175200,2.67,2.71,2.66,2.68
1776177000,2.67,2.74,2.67,2.72
1776178800,2.72,2.72,2.72,2.72
1776234600,2.72,2.72,2.72,2.72
1776236400,2.71,2.74,2.7,2.74
1776238200,2.74,2.8,2.73,2.78
1776240000,2.77,2.82,2.77,2.8
1776241800,2.8,2.86,2.79,2.81
1776243600,2.82,2.83,2.8,2.82
1776245400,2.82,2.82,2.8,2.82
1776247200,2.81,2.83,2.81,2.83
1776249000,2.83,2.83,2.81,2.83
1776250800,2.83,2.84,2.81,2.84
1776252600,2.84,2.88,2.83,2.86
1776254400,2.86,2.89,2.83,2.87
1776256200,2.87,2.9,2.85,2.87
1776258000,2.87,2.89,2.86,2.88
1776259800,2.88,2.91,2.87,2.9
1776261600,2.89,2.99,2.89,2.98
1776263400,2.99,2.99,2.96,2.99
1776265200,2.99,2.99,2.99,2.99
1776321000,3.01,3.01,3.01,3.01
1776322800,3.02,3.19,3.01,3.15
1776324600,3.14,3.15,3.06,3.09
1776326400,3.09,3.12,3.08,3.11
1776328200,3.11,3.13,3.09,3.12
1776330000,3.12,3.13,3.07,3.08
1776331800,3.08,3.1,3.05,3.08
1776333600,3.08,3.1,3.07,3.09
1776335400,3.09,3.1,3.06,3.07
1776337200,3.07,3.12,3.07,3.1
1776339000,3.1,3.1,3.08,3.09
1776340800,3.09,3.09,3.07,3.08
1776342600,3.07,3.09,3.04,3.06
1776344400,3.07,3.1,3.06,3.07
1776346200,3.08,3.09,3.04,3.06
1776348000,3.06,3.07,3,3.03
1776349800,3.03,3.06,3.02,3.06
1776351600,3.06,3.06,3.06,3.06
1776407400,3.07,3.07,3.07,3.07
1776409200,3.07,3.17,3.06,3.16
1776411000,3.17,3.31,3.15,3.31
1776412800,3.31,3.32,3.28,3.29
1776414600,3.3,3.31,3.26,3.28
1776416400,3.28,3.3,3.27,3.29
1776418200,3.28,3.3,3.28,3.28
1776420000,3.29,3.3,3.28,3.29
1776421800,3.29,3.29,3.27,3.29
1776423600,3.28,3.29,3.28,3.29
1776425400,3.28,3.28,3.16,3.2
1776427200,3.2,3.21,3.15,3.21
1776429000,3.21,3.24,3.18,3.19
1776430800,3.19,3.2,3.03,3.14
1776432600,3.14,3.21,3.13,3.18
1776434400,3.17,3.2,3.16,3.19
1776436200,3.19,3.19,3.15,3.16
1776438000,3.14,3.14,3.14,3.14
1776666600,3.16,3.16,3.16,3.16
1776668400,3.16,3.23,3.16,3.16
1776670200,3.16,3.17,3.09,3.09
1776672000,3.1,3.13,3.05,3.13
1776673800,3.12,3.16,3.11,3.16
1776675600,3.15,3.16,3.14,3.14
1776677400,3.14,3.15,3.13,3.13
1776679200,3.14,3.17,3.13,3.15
1776681000,3.15,3.15,3.1,3.13
1776682800,3.13,3.14,3.11,3.12
1776684600,3.13,3.16,3.12,3.15
1776686400,3.14,3.16,3.13,3.14
1776688200,3.15,3.15,3.12,3.13
1776690000,3.13,3.16,3.11,3.15
1776691800,3.15,3.16,3.13,3.14
1776693600,3.14,3.14,3.11,3.12
1776695400,3.12,3.12,3.08,3.1
1776697200,3.1,3.1,3.08,3.08
1776753000,3.09,3.09,3.09,3.09
1776754800,3.1,3.12,3.06,3.09
1776756600,3.1,3.1,3.07,3.08
1776758400,3.08,3.08,3.06,3.06
1776760200,3.07,3.07,3.04,3.04
1776762000,3.04,3.05,2.99,2.99
1776763800,2.99,3.01,2.98,3.01
1776765600,3,3.01,2.98,2.98
1776767400,2.99,2.99,2.96,2.96
1776769200,2.97,2.98,2.95,2.96
1776771000,2.96,2.99,2.96,2.97
1776772800,2.98,2.98,2.94,2.96
1776774600,2.97,3.05,2.96,3.04
1776776400,3.04,3.11,3.03,3.06
1776778200,3.06,3.07,3.05,3.05
1776780000,3.05,3.09,3.03,3.08
1776781800,3.09,3.09,3.03,3.04
1776783600,3.04,3.04,3.03,3.03
1776839400,3.09,3.09,3.09,3.09
1776841200,3.09,3.1,3.06,3.07
1776843000,3.07,3.07,3.04,3.05
1776844800,3.05,3.06,3.02,3.04
1776846600,3.04,3.06,3.03,3.05
1776848400,3.05,3.05,3.01,3.02
1776850200,3.01,3.04,3.01,3.03
1776852000,3.02,3.03,3.01,3.02
1776853800,3.01,3.03,3.01,3.02
1776855600,3.03,3.03,2.99,3
1776857400,3,3.01,2.98,3
1776859200,3,3,2.98,2.99
1776861000,2.99,2.99,2.97,2.98
1776862800,2.97,3.02,2.97,3.02
1776864600,3.01,3.03,3,3
1776866400,3,3.01,2.97,2.97
1776868200,2.97,2.99,2.96,2.98
1776870000,2.97,2.97,2.97,2.97
1777012200,3.01,3.01,3.01,3.01
1777014000,3.01,3.04,2.98,3
1777015800,2.99,3.02,2.98,3.02
1777017600,3.01,3.02,2.99,2.99
1777019400,3,3.01,2.99,2.99
1777021200,3,3.01,2.99,3.01
1777023000,3,3.01,2.99,3
1777024800,3,3,2.99,3
1777026600,2.99,3.01,2.99,3
1777028400,2.99,3.01,2.99,2.99
1777030200,3,3.02,2.99,3.01
1777032000,3.01,3.01,2.99,2.99
1777033800,3,3,2.98,2.99
1777035600,2.99,3.01,2.98,3
1777037400,3,3.01,2.98,3
1777039200,3,3.01,2.99,3
1777041000,3,3.2,2.99,3.15
1777042800,3.15,3.16,3.15,3.16
1777271400,3.2,3.2,3.2,3.2
1777273200,3.21,3.26,3.18,3.22
1777275000,3.22,3.26,3.2,3.23
1777276800,3.23,3.25,3.22,3.24
1777278600,3.24,3.26,3.23,3.25
1777280400,3.25,3.25,3.23,3.23
1777282200,3.24,3.28,3.23,3.27
1777284000,3.28,3.37,3.27,3.34
1777285800,3.35,3.41,3.34,3.37
1777287600,3.36,3.4,3.36,3.38
1777289400,3.39,3.39,3.35,3.36
1777291200,3.36,3.37,3.33,3.36
1777293000,3.36,3.37,3.32,3.35
1777294800,3.35,3.37,3.34,3.35
1777296600,3.35,3.35,3.3,3.31
1777298400,3.32,3.33,3.29,3.3
1777300200,3.3,3.37,3.29,3.33
1777302000,3.33,3.33,3.33,3.33
1777357800,3.31,3.31,3.31,3.31
1777359600,3.3,3.39,3.3,3.35
1777361400,3.35,3.41,3.33,3.39
1777363200,3.39,3.39,3.37,3.38
1777365000,3.37,3.45,3.36,3.44
1777366800,3.44,3.47,3.42,3.45
1777368600,3.45,3.46,3.44,3.44
1777370400,3.45,3.45,3.34,3.35
1777372200,3.35,3.35,3.29,3.3
1777374000,3.3,3.31,3.24,3.25
1777375800,3.25,3.27,3.21,3.26
1777377600,3.26,3.27,3.24,3.27
1777379400,3.27,3.28,3.26,3.27
1777381200,3.27,3.28,3.18,3.23
1777383000,3.24,3.27,3.23,3.24
1777384800,3.24,3.25,3.18,3.2
1777386600,3.2,3.22,3.17,3.18
1777388400,3.18,3.18,3.16,3.16
1777444200,3.2,3.2,3.2,3.2
1777446000,3.2,3.27,3.19,3.24
1777447800,3.23,3.26,3.21,3.24
1777449600,3.24,3.29,3.21,3.23
1777451400,3.23,3.23,3.2,3.21
1777453200,3.21,3.22,3.19,3.21
1777455000,3.21,3.22,3.2,3.21
1777456800,3.2,3.21,3.19,3.2
1777458600,3.19,3.23,3.18,3.22
1777460400,3.22,3.24,3.18,3.2
1777462200,3.2,3.2,3.18,3.18
1777464000,3.19,3.19,3.16,3.17
1777465800,3.17,3.18,3.16,3.17
1777467600,3.17,3.25,3.17,3.22
1777469400,3.22,3.25,3.2,3.21
1777471200,3.22,3.23,3.17,3.19
1777473000,3.19,3.21,3.17,3.19
1777474800,3.2,3.2,3.2,3.2
1777530600,3.21,3.21,3.21,3.21
1777532400,3.21,3.22,3.17,3.17
1777534200,3.18,3.18,3.16,3.16
1777536000,3.17,3.21,3.16,3.18
1777537800,3.17,3.19,3.17,3.18
1777539600,3.17,3.19,3.17,3.18
1777541400,3.18,3.18,3.15,3.15
1777543200,3.16,3.16,3.11,3.13
1777545000,3.13,3.13,3.1,3.11
1777546800,3.11,3.16,3.08,3.15
1777548600,3.16,3.17,3.14,3.16
1777550400,3.16,3.17,3.14,3.16
1777552200,3.15,3.17,3.14,3.16
1777554000,3.16,3.16,3.13,3.15
1777555800,3.16,3.18,3.14,3.16
1777557600,3.16,3.16,3.14,3.14
1777559400,3.15,3.16,3.14,3.14
1777561200,3.15,3.15,3.14,3.14
1777876200,3.23,3.23,3.23,3.23
1777878000,3.24,3.26,3.17,3.19
1777879800,3.19,3.2,3.16,3.17
1777881600,3.17,3.27,3.16,3.24
1777883400,3.24,3.25,3.21,3.25
1777885200,3.25,3.25,3.22,3.23
1777887000,3.22,3.23,3.2,3.2
1777888800,3.21,3.21,3.19,3.2
1777890600,3.2,3.22,3.19,3.2
1777892400,3.19,3.2,3.18,3.19
1777894200,3.19,3.25,3.18,3.22
1777896000,3.21,3.23,3.19,3.2
1777897800,3.2,3.22,3.19,3.2
1777899600,3.2,3.21,3.19,3.2
1777901400,3.19,3.2,3.19,3.2
1777903200,3.19,3.2,3.17,3.19
1777905000,3.18,3.19,3.12,3.13
1777906800,3.13,3.13,3.12,3.12
1777962600,3.14,3.14,3.14,3.14
1777964400,3.14,3.18,3.13,3.17
1777966200,3.17,3.2,3.16,3.16
1777968000,3.17,3.2,3.16,3.18
1777969800,3.18,3.18,3.15,3.15
1777971600,3.15,3.16,3.13,3.15
1777973400,3.15,3.16,3.14,3.15
1777975200,3.15,3.16,3.13,3.14
1777977000,3.14,3.15,3.13,3.15
1777978800,3.15,3.15,3.09,3.11
1777980600,3.11,3.11,3.02,3.04
1777982400,3.04,3.07,3.03,3.05
1777984200,3.05,3.05,3.03,3.05
1777986000,3.05,3.06,3.04,3.06
1777987800,3.06,3.06,3,3.05
1777989600,3.04,3.07,3.03,3.05
1777991400,3.05,3.05,2.99,2.99
1777993200,2.99,2.99,2.99,2.99
1778049000,3.01,3.01,3.01,3.01
1778050800,3.01,3.03,2.96,3
1778052600,3,3.1,2.99,3.06
1778054400,3.07,3.08,3.05,3.07
1778056200,3.07,3.1,3.06,3.09
1778058000,3.09,3.1,3.07,3.1
1778059800,3.09,3.1,3.08,3.1
1778061600,3.1,3.1,3.05,3.06
1778063400,3.06,3.08,3.05,3.08
1778065200,3.08,3.09,3.06,3.08
1778067000,3.08,3.08,3.04,3.05
1778068800,3.04,3.06,3.04,3.05
1778070600,3.05,3.05,3.03,3.05
1778072400,3.05,3.15,3.04,3.14
1778074200,3.13,3.16,3.05,3.07
1778076000,3.07,3.08,3.05,3.07
1778077800,3.06,3.11,3.06,3.08
1778079600,3.09,3.09,3.08,3.08
1778135400,3.11,3.11,3.11,3.11
1778137200,3.11,3.19,3.11,3.14
1778139000,3.14,3.15,3.12,3.12
1778140800,3.13,3.15,3.12,3.14
1778142600,3.15,3.18,3.14,3.15
1778144400,3.15,3.16,3.13,3.14
1778146200,3.15,3.2,3.14,3.19
1778148000,3.19,3.23,3.18,3.21
1778149800,3.21,3.24,3.19,3.22
1778151600,3.23,3.26,3.22,3.25
1778153400,3.25,3.26,3.24,3.25
1778155200,3.25,3.26,3.24,3.26
1778157000,3.26,3.26,3.24,3.26
1778158800,3.25,3.3,3.24,3.3
1778160600,3.3,3.34,3.25,3.33
1778162400,3.34,3.37,3.32,3.37
1778164200,3.37,3.37,3.31,3.32
1778166000,3.33,3.33,3.33,3.33
1778221800,3.35,3.35,3.35,3.35
1778223600,3.35,3.48,3.34,3.47
1778225400,3.47,3.47,3.39,3.44
1778227200,3.45,3.48,3.43,3.46
1778229000,3.46,3.49,3.44,3.45
1778230800,3.45,3.47,3.44,3.46
1778232600,3.46,3.47,3.45,3.46
1778234400,3.45,3.46,3.44,3.45
1778236200,3.44,3.46,3.43,3.44
1778238000,3.44,3.53,3.44,3.52
1778239800,3.52,3.58,3.49,3.55
1778241600,3.55,3.56,3.52,3.54
1778243400,3.54,3.55,3.5,3.54
1778245200,3.54,3.55,3.52,3.53
1778247000,3.53,3.54,3.5,3.51
1778248800,3.52,3.54,3.46,3.47
1778250600,3.48,3.5,3.43,3.48
1778252400,3.49,3.52,3.49,3.52
1778481000,3.57,3.57,3.57,3.57
1778482800,3.57,3.62,3.52,3.56
1778484600,3.56,3.61,3.54,3.57
1778486400,3.58,3.61,3.57,3.6
1778488200,3.6,3.62,3.58,3.6
1778490000,3.59,3.62,3.58,3.6
1778491800,3.6,3.65,3.59,3.64
1778493600,3.64,3.69,3.63,3.65
1778495400,3.65,3.67,3.64,3.66
1778497200,3.67,3.69,3.65,3.67
1778499000,3.67,3.67,3.63,3.65
1778500800,3.64,3.66,3.63,3.64
1778502600,3.64,3.66,3.61,3.62
1778504400,3.63,3.65,3.62,3.65
1778506200,3.65,3.67,3.63,3.66
1778508000,3.66,3.69,3.58,3.61
1778509800,3.61,3.62,3.54,3.55
1778511600,3.54,3.54,3.54,3.54
1778567400,3.55,3.55,3.55,3.55
1778569200,3.54,3.59,3.52,3.54
1778571000,3.54,3.6,3.53,3.58
1778572800,3.57,3.64,3.57,3.61
1778574600,3.61,3.62,3.58,3.59
1778576400,3.59,3.6,3.54,3.55
1778578200,3.56,3.58,3.54,3.56
1778580000,3.56,3.57,3.55,3.55
1778581800,3.56,3.56,3.53,3.56
1778583600,3.56,3.56,3.46,3.49
1778585400,3.48,3.49,3.38,3.38
1778587200,3.4,3.47,3.36,3.46
1778589000,3.46,3.49,3.44,3.46
1778590800,3.46,3.49,3.42,3.45
1778592600,3.45,3.6,3.44,3.57
1778594400,3.56,3.61,3.29,3.35
1778596200,3.35,3.35,3.23,3.23
1778598000,3.23,3.23,3.23,3.23
1778653800,3.24,3.24,3.24,3.24
1778655600,3.25,3.25,3.14,3.15
1778657400,3.15,3.16,3.1,3.12
1778659200,3.11,3.14,3.08,3.08
1778661000,3.09,3.1,3.04,3.08
1778662800,3.08,3.14,3.07,3.14
1778664600,3.14,3.15,3.08,3.08
1778666400,3.09,3.11,3.08,3.1
1778668200,3.1,3.13,3.09,3.11
1778670000,3.11,3.12,2.99,3.01
1778671800,3.01,3.04,2.97,3.04
1778673600,3.04,3.04,2.99,3
1778675400,3.01,3.02,2.98,3
1778677200,3,3.01,2.93,2.95
1778679000,2.95,2.96,2.92,2.95
1778680800,2.95,2.95,2.91,2.91
1778682600,2.91,2.94,2.91,2.92
1778684400,2.92,2.92,2.91,2.91
1778740200,2.93,2.93,2.93,2.93
1778742000,2.93,2.95,2.87,2.9
1778743800,2.9,2.92,2.87,2.9
1778745600,2.9,2.98,2.89,2.97
1778747400,2.97,3.02,2.95,2.99
1778749200,2.99,3,2.97,2.98
1778751000,2.98,2.99,2.96,2.97
1778752800,2.97,2.97,2.94,2.95
1778754600,2.95,2.97,2.94,2.95
1778756400,2.96,2.97,2.94,2.95
1778758200,2.95,2.97,2.94,2.94
1778760000,2.94,2.98,2.93,2.94
1778761800,2.94,2.96,2.91,2.95
1778763600,2.95,3.01,2.95,2.98
1778765400,2.99,3,2.93,2.95
1778767200,2.95,2.97,2.93,2.96
1778769000,2.96,3.01,2.94,3.01
1778770800,3.01,3.01,3.01,3.01
1778826600,2.98,2.98,2.98,2.98
1778828400,2.98,3.02,2.96,2.97
1778830200,2.96,2.99,2.94,2.95
1778832000,2.96,2.96,2.93,2.94
1778833800,2.94,2.95,2.93,2.94
1778835600,2.93,2.94,2.92,2.94
1778837400,2.94,2.94,2.92,2.92
1778839200,2.93,2.94,2.92,2.93
1778841000,2.93,2.93,2.9,2.93
1778842800,2.93,2.93,2.92,2.93
1778844600,2.92,2.93,2.91,2.91
1778846400,2.92,2.92,2.88,2.91
1778848200,2.91,2.92,2.9,2.91
1778850000,2.9,2.91,2.89,2.9
1778851800,2.9,2.9,2.88,2.88
1778853600,2.89,2.9,2.86,2.87
1778855400,2.87,2.89,2.84,2.84
1778857200,2.83,2.83,2.83,2.83
1779085800,2.8,2.8,2.8,2.8
1779087600,2.79,2.82,2.74,2.75
1779089400,2.75,2.75,2.71,2.73
1779091200,2.73,2.75,2.71,2.74
1779093000,2.74,2.75,2.73,2.74
1779094800,2.74,2.74,2.72,2.73
1779096600,2.73,2.75,2.71,2.72
1779098400,2.72,2.72,2.68,2.7
1779100200,2.7,2.7,2.68,2.7
1779102000,2.7,2.7,2.68,2.7
1779103800,2.7,2.72,2.68,2.71
1779105600,2.7,2.74,2.7,2.74
1779107400,2.74,2.75,2.72,2.74
1779109200,2.74,2.74,2.7,2.71
1779111000,2.71,2.77,2.69,2.75
1779112800,2.76,2.76,2.71,2.74
1779114600,2.74,2.75,2.71,2.72
1779116400,2.72,2.72,2.71,2.71
1779258600,2.76,2.76,2.76,2.76
1779260400,2.76,2.78,2.74,2.77
1779262200,2.76,2.77,2.75,2.76
1779264000,2.75,2.81,2.75,2.8
1779265800,2.8,2.8,2.77,2.77
1779267600,2.78,2.78,2.74,2.76
1779269400,2.75,2.77,2.74,2.77
1779271200,2.76,2.8,2.76,2.79
1779273000,2.8,2.8,2.77,2.77
1779274800,2.78,2.78,2.76,2.77
1779276600,2.77,2.77,2.75,2.77
1779278400,2.76,2.78,2.76,2.78
1779280200,2.78,2.8,2.76,2.79
1779282000,2.78,2.79,2.76,2.77
1779283800,2.77,2.79,2.76,2.78
1779285600,2.77,2.85,2.75,2.84
1779287400,2.84,2.86,2.81,2.81
1779289200,2.81,2.81,2.81,2.81
1779345000,2.82,2.82,2.82,2.82
1779346800,2.82,2.85,2.77,2.77
1779348600,2.78,2.79,2.74,2.74
1779350400,2.75,2.76,2.72,2.73
1779352200,2.73,2.75,2.73,2.74
1779354000,2.74,2.77,2.74,2.76
1779355800,2.76,2.77,2.71,2.74
1779357600,2.73,2.76,2.73,2.74
1779359400,2.74,2.74,2.72,2.73
1779361200,2.73,2.74,2.72,2.73
1779363000,2.73,2.75,2.72,2.73
1779364800,2.74,2.74,2.72,2.73
1779366600,2.72,2.74,2.71,2.72
1779368400,2.72,2.73,2.71,2.72
1779370200,2.72,2.73,2.69,2.7
1779372000,2.7,2.7,2.61,2.61
1779373800,2.62,2.62,2.55,2.55
1779375600,2.53,2.53,2.53,2.53
1779431400,2.44,2.44,2.44,2.44
1779433200,2.45,2.57,2.44,2.57
1779435000,2.57,2.59,2.54,2.59
1779436800,2.59,2.61,2.56,2.57
1779438600,2.58,2.59,2.56,2.58
1779440400,2.58,2.61,2.56,2.6
1779442200,2.59,2.62,2.59,2.62
1779444000,2.61,2.62,2.59,2.61
1779445800,2.61,2.62,2.58,2.59
1779447600,2.58,2.6,2.57,2.57
1779449400,2.58,2.63,2.57,2.63
1779451200,2.63,2.66,2.62,2.64
1779453000,2.64,2.67,2.63,2.66
1779454800,2.66,2.66,2.63,2.64
1779456600,2.64,2.64,2.61,2.63
1779458400,2.63,2.65,2.61,2.62
1779460200,2.61,2.66,2.61,2.65
1779462000,2.65,2.65,2.65,2.65
1779690600,2.67,2.67,2.67,2.67
1779692400,2.66,2.69,2.63,2.65
1779694200,2.65,2.66,2.62,2.65
1779696000,2.65,2.67,2.64,2.66
1779697800,2.66,2.68,2.63,2.65
1779699600,2.65,2.66,2.64,2.65
1779701400,2.65,2.69,2.64,2.68
1779703200,2.67,2.69,2.66,2.69
1779705000,2.68,2.73,2.67,2.7
1779706800,2.7,2.72,2.69,2.7
1779708600,2.69,2.71,2.69,2.7
1779710400,2.7,2.72,2.69,2.72
1779712200,2.72,2.72,2.69,2.7
1779714000,2.71,2.71,2.69,2.71
1779715800,2.7,2.71,2.67,2.7
1779717600,2.7,2.71,2.68,2.7
1779719400,2.69,2.7,2.68,2.7
1779721200,2.7,2.7,2.7,2.7
1779777000,2.7,2.7,2.7,2.7
1779778800,2.71,2.71,2.66,2.66
1779780600,2.67,2.67,2.64,2.66
1779782400,2.66,2.66,2.64,2.65
1779784200,2.65,2.65,2.63,2.64
1779786000,2.65,2.65,2.62,2.63
1779787800,2.64,2.64,2.64,2.64
1780295400,2.68,2.68,2.68,2.68
1780297200,2.69,2.73,2.68,2.71
1780299000,2.72,2.74,2.71,2.72
1780300800,2.73,2.75,2.71,2.72
1780302600,2.71,2.72,2.69,2.71
1780304400,2.71,2.72,2.7,2.71
1780306200,2.71,2.72,2.7,2.72
1780308000,2.72,2.72,2.7,2.71
1780309800,2.72,2.72,2.7,2.71
1780311600,2.71,2.71,2.7,2.71
1780313400,2.71,2.72,2.7,2.71
1780315200,2.71,2.71,2.69,2.7
1780317000,2.7,2.72,2.69,2.72
1780318800,2.71,2.72,2.67,2.67
1780320600,2.67,2.69,2.66,2.67
1780322400,2.67,2.72,2.66,2.71
1780324200,2.7,2.71,2.69,2.69
1780326000,2.69,2.69,2.69,2.69
1780381800,2.75,2.75,2.75,2.75
1780383600,2.76,2.78,2.74,2.75
1780385400,2.75,2.76,2.74,2.76
1780387200,2.76,2.77,2.73,2.74
1780389000,2.74,2.76,2.74,2.75
1780390800,2.75,2.76,2.74,2.74
1780392600,2.74,2.75,2.74,2.75
1780394400,2.74,2.75,2.74,2.74
1780396200,2.75,2.75,2.74,2.74
1780398000,2.75,2.76,2.74,2.75
1780399800,2.75,2.75,2.74,2.74
1780401600,2.75,2.76,2.74,2.75
1780403400,2.76,2.77,2.75,2.77
1780405200,2.76,2.79,2.76,2.78
1780407000,2.78,2.79,2.77,2.77
1780408800,2.77,2.78,2.74,2.75
1780410600,2.75,2.76,2.74,2.75
1780412400,2.75,2.75,2.75,2.75
1780468200,2.73,2.73,2.73,2.73
1780470000,2.73,2.76,2.71,2.72
1780471800,2.72,2.72,2.64,2.65
1780473600,2.65,2.66,2.64,2.65
1780475400,2.65,2.66,2.64,2.66
1780477200,2.66,2.67,2.65,2.67
1780479000,2.67,2.67,2.65,2.65
1780480800,2.65,2.66,2.63,2.65
1780482600,2.66,2.66,2.64,2.65
1780484400,2.65,2.66,2.64,2.65
1780486200,2.65,2.66,2.64,2.66
1780488000,2.66,2.68,2.64,2.67
1780489800,2.67,2.67,2.65,2.66
1780491600,2.66,2.66,2.64,2.66
1780493400,2.66,2.66,2.63,2.65
1780495200,2.64,2.65,2.62,2.63
1780497000,2.63,2.63,2.62,2.63
1780498800,2.63,2.63,2.63,2.63
1780554600,2.66,2.66,2.66,2.66
1780556400,2.65,2.67,2.65,2.67
1780558200,2.67,2.67,2.63,2.64
1780560000,2.64,2.64,2.57,2.59
1780561800,2.59,2.62,2.58,2.62
1780563600,2.61,2.62,2.6,2.62
1780565400,2.61,2.63,2.61,2.62
1780567200,2.62,2.62,2.6,2.61
1780569000,2.6,2.61,2.6,2.61
1780570800,2.61,2.61,2.59,2.6
1780572600,2.61,2.62,2.58,2.62
1780574400,2.62,2.63,2.6,2.63
1780576200,2.62,2.63,2.62,2.62
1780578000,2.63,2.63,2.6,2.62
1780579800,2.61,2.62,2.58,2.6
1780581600,2.59,2.6,2.58,2.59
1780583400,2.58,2.6,2.56,2.59
1780585200,2.59,2.59,2.59,2.59
1780641000,2.59,2.59,2.59,2.59
1780642800,2.59,2.62,2.57,2.61
1780644600,2.61,2.62,2.6,2.6
1780646400,2.61,2.61,2.58,2.59
1780648200,2.59,2.59,2.57,2.59
1780650000,2.59,2.59,2.58,2.58
1780651800,2.59,2.59,2.57,2.58
1780653600,2.58,2.58,2.54,2.56
1780655400,2.56,2.57,2.55,2.57
1780657200,2.57,2.57,2.55,2.57
1780659000,2.56,2.57,2.55,2.56
1780660800,2.56,2.56,2.54,2.55
1780662600,2.56,2.56,2.53,2.55
1780664400,2.54,2.56,2.54,2.55
1780666200,2.55,2.55,2.51,2.53
1780668000,2.53,2.54,2.52,2.53
1780669800,2.53,2.54,2.5,2.51
1780671600,2.49,2.49,2.49,2.49
1780900200,2.5,2.5,2.5,2.5
1780902000,2.5,2.55,2.5,2.54
1780903800,2.53,2.57,2.53,2.56
1780905600,2.56,2.57,2.55,2.56
1780907400,2.55,2.56,2.53,2.54
1780909200,2.54,2.55,2.53,2.54
1780911000,2.54,2.54,2.52,2.54
1780912800,2.53,2.54,2.52,2.54
1780914600,2.54,2.55,2.53,2.54
1780916400,2.54,2.57,2.53,2.57
1780918200,2.57,2.58,2.53,2.56
1780920000,2.55,2.57,2.55,2.57
1780921800,2.57,2.62,2.56,2.6
1780923600,2.6,2.62,2.59,2.61
1780925400,2.61,2.61,2.58,2.59
1780927200,2.58,2.61,2.58,2.58
1780929000,2.59,2.6,2.58,2.59
1780930800,2.59,2.59,2.59,2.59
1780986600,2.59,2.59,2.59,2.59
1780988400,2.59,2.6,2.55,2.57
1780990200,2.56,2.57,2.54,2.55
1780992000,2.55,2.55,2.51,2.53
1780993800,2.53,2.55,2.52,2.55
1780995600,2.54,2.55,2.53,2.55
1780997400,2.55,2.55,2.54,2.55
1780999200,2.55,2.55,2.52,2.53
1781001000,2.53,2.53,2.51,2.52
1781002800,2.52,2.53,2.51,2.52
1781004600,2.52,2.53,2.51,2.53
1781006400,2.53,2.53,2.51,2.52
1781008200,2.52,2.52,2.49,2.51
1781010000,2.51,2.51,2.48,2.5
1781011800,2.5,2.51,2.48,2.51
1781013600,2.51,2.52,2.49,2.51
1781015400,2.51,2.51,2.48,2.49
1781017200,2.5,2.5,2.5,2.5
1781073000,2.48,2.48,2.48,2.48
1781074800,2.48,2.55,2.48,2.53
1781076600,2.53,2.53,2.51,2.52
1781078400,2.52,2.52,2.49,2.51
1781080200,2.5,2.51,2.48,2.5
1781082000,2.5,2.5,2.48,2.49
1781083800,2.5,2.5,2.48,2.5
1781085600,2.5,2.5,2.49,2.49
1781087400,2.5,2.5,2.48,2.48
1781089200,2.49,2.5,2.48,2.49
1781091000,2.49,2.49,2.47,2.49
1781092800,2.48,2.49,2.48,2.49
1781094600,2.49,2.5,2.48,2.49
1781096400,2.5,2.5,2.47,2.48
1781098200,2.48,2.51,2.47,2.5
1781100000,2.5,2.51,2.49,2.49
1781101800,2.5,2.52,2.49,2.51
1781103600,2.5,2.5,2.5,2.5
1781159400,2.5,2.5,2.5,2.5
1781161200,2.5,2.52,2.49,2.52
1781163000,2.52,2.52,2.49,2.5
1781164800,2.5,2.51,2.49,2.5
1781166600,2.51,2.51,2.5,2.51
1781168400,2.5,2.51,2.49,2.5
1781170200,2.49,2.51,2.49,2.51
1781172000,2.51,2.54,2.5,2.52
1781173800,2.52,2.53,2.51,2.52
1781175600,2.52,2.63,2.52,2.57
1781177400,2.58,2.7,2.56,2.68
1781179200,2.68,2.68,2.59,2.6
1781181000,2.59,2.61,2.56,2.58
1781182800,2.58,2.58,2.53,2.55
1781184600,2.55,2.59,2.54,2.57
1781186400,2.57,2.62,2.55,2.61
1781188200,2.6,2.64,2.59,2.63
1781190000,2.63,2.63,2.63,2.63
1781245800,2.66,2.66,2.66,2.66
1781247600,2.66,2.67,2.6,2.61
1781249400,2.61,2.62,2.61,2.61
1781251200,2.61,2.66,2.61,2.65
1781253000,2.66,2.67,2.64,2.67
1781254800,2.66,2.67,2.65,2.67
1781256600,2.67,2.68,2.66,2.66
1781258400,2.67,2.67,2.64,2.65
1781260200,2.65,2.68,2.64,2.67
1781262000,2.67,2.68,2.66,2.67
1781263800,2.68,2.68,2.65,2.66
1781265600,2.66,2.67,2.63,2.63
1781267400,2.64,2.65,2.62,2.63
1781269200,2.63,2.64,2.62,2.63
1781271000,2.64,2.64,2.58,2.59
1781272800,2.58,2.6,2.58,2.59
1781274600,2.59,2.61,2.58,2.6
1781276400,2.6,2.6,2.6,2.6
1781505000,2.66,2.66,2.66,2.66
1781506800,2.67,2.71,2.65,2.69
1781508600,2.68,2.7,2.68,2.69
1781510400,2.68,2.7,2.67,2.69
1781512200,2.69,2.69,2.67,2.68
1781514000,2.67,2.68,2.67,2.67
1781515800,2.68,2.7,2.67,2.69
1781517600,2.69,2.69,2.67,2.69
1781519400,2.69,2.7,2.68,2.69
1781521200,2.7,2.7,2.68,2.68
1781523000,2.68,2.7,2.68,2.69
1781524800,2.69,2.69,2.68,2.69
1781526600,2.69,2.71,2.68,2.71
1781528400,2.71,2.71,2.69,2.71
1781530200,2.7,2.71,2.7,2.71
1781532000,2.71,2.71,2.68,2.7
1781533800,2.7,2.71,2.69,2.7
1781535600,2.69,2.69,2.69,2.69
1781591400,2.68,2.68,2.68,2.68
1781593200,2.68,2.72,2.67,2.7
1781595000,2.7,2.73,2.68,2.72
1781596800,2.71,2.72,2.7,2.71
1781598600,2.71,2.72,2.7,2.71
1781600400,2.7,2.72,2.7,2.71
1781602200,2.71,2.72,2.7,2.71
1781604000,2.71,2.72,2.7,2.72
1781605800,2.72,2.72,2.71,2.71
1781607600,2.72,2.72,2.7,2.71
1781609400,2.7,2.71,2.7,2.71
1781611200,2.7,2.72,2.7,2.7
1781613000,2.71,2.74,2.7,2.73
1781614800,2.72,2.74,2.7,2.72
1781616600,2.72,2.73,2.71,2.73
1781618400,2.73,2.74,2.72,2.73
1781620200,2.73,2.73,2.71,2.71
1781622000,2.71,2.71,2.71,2.71
1781677800,2.73,2.73,2.73,2.73
1781679600,2.73,2.75,2.71,2.72
1781681400,2.72,2.73,2.72,2.72
1781683200,2.73,2.73,2.71,2.71
1781685000,2.72,2.72,2.69,2.7
1781686800,2.7,2.71,2.69,2.7
1781688600,2.71,2.71,2.7,2.7
1781690400,2.7,2.71,2.7,2.7
1781692200,2.7,2.71,2.7,2.71
1781694000,2.71,2.71,2.69,2.69
1781695800,2.69,2.7,2.69,2.7
1781697600,2.7,2.7,2.69,2.7
1781699400,2.69,2.72,2.69,2.71
1781701200,2.71,2.73,2.7,2.71
1781703000,2.71,2.74,2.71,2.72
1781704800,2.72,2.74,2.71,2.74
1781706600,2.74,2.77,2.73,2.75
1781708400,2.74,2.74,2.74,2.74
1781764200,2.75,2.75,2.75,2.75
1781766000,2.75,2.78,2.74,2.76
1781767800,2.76,2.79,2.75,2.79
1781769600,2.79,2.79,2.77,2.78
1781771400,2.78,2.79,2.77,2.77
1781773200,2.77,2.79,2.77,2.79
1781775000,2.78,2.81,2.76,2.8
1781776800,2.8,2.81,2.78,2.79
1781778600,2.79,2.79,2.78,2.78
1781780400,2.78,2.79,2.77,2.78
1781782200,2.77,2.78,2.77,2.78
1781784000,2.77,2.78,2.76,2.77
1781785800,2.77,2.79,2.76,2.78
1781787600,2.77,2.8,2.77,2.79
1781789400,2.79,2.79,2.77,2.77
1781791200,2.78,2.79,2.77,2.79
1781793000,2.79,2.79,2.77,2.78
1781794800,2.78,2.78,2.78,2.78
1781850600,2.76,2.76,2.76,2.76
1781852400,2.75,2.77,2.74,2.75
1781854200,2.74,2.75,2.72,2.72
1781856000,2.72,2.73,2.72,2.73
1781857800,2.73,2.75,2.72,2.73
1781859600,2.73,2.75,2.73,2.74
1781861400,2.73,2.74,2.73,2.74
1781863200,2.74,2.74,2.73,2.74
1781865000,2.74,2.74,2.72,2.72
1781866800,2.73,2.73,2.71,2.71
1781868600,2.72,2.73,2.71,2.72
1781870400,2.73,2.73,2.72,2.73
1781872200,2.73,2.74,2.72,2.73
1781874000,2.73,2.74,2.72,2.74
1781875800,2.74,2.74,2.71,2.73
1781877600,2.73,2.73,2.72,2.73
1781879400,2.72,2.73,2.72,2.73
1781881200,2.73,2.73,2.73,2.73
1782109800,2.74,2.74,2.74,2.74
1782111600,2.75,2.75,2.72,2.73
1782113400,2.73,2.73,2.71,2.72
1782115200,2.72,2.73,2.72,2.73
1782117000,2.73,2.74,2.72,2.74
1782118800,2.74,2.74,2.73,2.74
1782120600,2.74,2.76,2.73,2.76
1782122400,2.76,2.76,2.74,2.74
1782124200,2.75,2.75,2.74,2.74
1782126000,2.74,2.75,2.73,2.74
1782127800,2.74,2.75,2.72,2.73
1782129600,2.74,2.75,2.73,2.75
1782131400,2.75,2.75,2.73,2.75
1782133200,2.75,2.77,2.73,2.75
1782135000,2.76,2.77,2.75,2.76
1782136800,2.75,2.77,2.75,2.76
1782138600,2.76,2.76,2.73,2.74
1782140400,2.74,2.74,2.74,2.74
1782196200,2.72,2.72,2.72,2.72
1782198000,2.71,2.75,2.71,2.72
1782199800,2.72,2.74,2.71,2.72
1782201600,2.72,2.73,2.72,2.72
1782203400,2.72,2.73,2.72,2.73
1782205200,2.72,2.73,2.71,2.72
1782207000,2.72,2.73,2.71,2.72
1782208800,2.72,2.73,2.72,2.73
1782210600,2.73,2.73,2.71,2.72
1782212400,2.72,2.73,2.71,2.73
1782214200,2.72,2.73,2.71,2.73
1782216000,2.72,2.73,2.68,2.69
1782217800,2.68,2.69,2.67,2.68
1782219600,2.68,2.7,2.65,2.67
1782221400,2.67,2.68,2.67,2.68
1782223200,2.68,2.69,2.65,2.66
1782225000,2.66,2.66,2.64,2.64
1782226800,2.65,2.65,2.64,2.64
1782282600,2.64,2.64,2.64,2.64
1782284400,2.64,2.65,2.58,2.59
1782286200,2.59,2.6,2.55,2.56
1782288000,2.56,2.59,2.55,2.59
1782289800,2.59,2.6,2.57,2.58
1782291600,2.58,2.58,2.56,2.58
1782293400,2.58,2.58,2.57,2.58
1782295200,2.58,2.58,2.56,2.57
1782297000,2.58,2.58,2.56,2.57
1782298800,2.57,2.58,2.56,2.58
1782300600,2.57,2.58,2.55,2.56
1782302400,2.57,2.57,2.55,2.56
1782304200,2.56,2.57,2.55,2.57
1782306000,2.57,2.57,2.55,2.56
1782307800,2.55,2.57,2.55,2.56
1782309600,2.56,2.56,2.54,2.56
1782311400,2.56,2.56,2.55,2.56
1782313200,2.54,2.54,2.54,2.54
1782369000,2.57,2.57,2.57,2.57
1782370800,2.57,2.6,2.57,2.58
1782372600,2.57,2.58,2.56,2.57
1782374400,2.57,2.58,2.56,2.56
1782376200,2.57,2.57,2.56,2.57
1782378000,2.57,2.58,2.56,2.57
1782379800,2.57,2.57,2.55,2.55
1782381600,2.55,2.56,2.54,2.55
1782383400,2.55,2.56,2.54,2.55
1782385200,2.55,2.55,2.53,2.54
1782387000,2.53,2.54,2.52,2.52
1782388800,2.52,2.54,2.51,2.53
1782390600,2.53,2.54,2.52,2.53
1782392400,2.53,2.53,2.51,2.52
1782394200,2.52,2.53,2.5,2.51
1782396000,2.51,2.52,2.5,2.52
1782397800,2.51,2.52,2.5,2.5
1782399600,2.51,2.51,2.51,2.51
1782455400,2.51,2.51,2.51,2.51
1782457200,2.52,2.53,2.5,2.51
1782459000,2.51,2.52,2.5,2.52
1782460800,2.51,2.52,2.51,2.52
1782462600,2.52,2.52,2.51,2.52
1782464400,2.51,2.53,2.51,2.52
1782466200,2.52,2.52,2.51,2.52
1782468000,2.52,2.52,2.5,2.52
1782469800,2.52,2.52,2.5,2.52
1782471600,2.51,2.52,2.51,2.51
1782473400,2.52,2.52,2.5,2.51
1782475200,2.51,2.52,2.5,2.51
1782477000,2.51,2.51,2.5,2.51
1782478800,2.51,2.51,2.48,2.49
1782480600,2.48,2.5,2.47,2.5
1782482400,2.5,2.52,2.48,2.52
1782484200,2.51,2.53,2.51,2.53
1782486000,2.52,2.52,2.52,2.52
1782714600,2.53,2.53,2.53,2.53
1782716400,2.53,2.54,2.5,2.52
1782718200,2.51,2.52,2.5,2.51
1782720000,2.51,2.52,2.47,2.47
1782721800,2.47,2.48,2.46,2.47
1782723600,2.47,2.48,2.46,2.48
1782725400,2.48,2.48,2.46,2.48
1782727200,2.48,2.48,2.47,2.48
1782729000,2.48,2.48,2.46,2.48
1782730800,2.48,2.48,2.46,2.48
1782732600,2.47,2.48,2.47,2.48
1782734400,2.48,2.48,2.47,2.47
1782736200,2.48,2.48,2.46,2.47
1782738000,2.47,2.47,2.46,2.46
1782739800,2.46,2.47,2.46,2.47
1782741600,2.46,2.47,2.45,2.45
1782743400,2.46,2.47,2.45,2.46
1782745200,2.45,2.45,2.45,2.45
1782801000,2.47,2.47,2.47,2.47
1782802800,2.47,2.47,2.44,2.47
1782804600,2.47,2.47,2.45,2.46
1782806400,2.46,2.46,2.45,2.46
1782808200,2.46,2.47,2.44,2.45
1782810000,2.45,2.46,2.44,2.46
1782811800,2.46,2.46,2.45,2.45
1782813600,2.46,2.46,2.45,2.46
1782815400,2.46,2.46,2.45,2.46
1782817200,2.46,2.46,2.44,2.45
1782819000,2.45,2.46,2.44,2.45
1782820800,2.46,2.46,2.43,2.44
1782822600,2.44,2.45,2.43,2.45
1782824400,2.45,2.45,2.43,2.45
1782826200,2.45,2.45,2.43,2.44
1782828000,2.44,2.44,2.42,2.44
1782829800,2.43,2.46,2.43,2.46
1782831600,2.46,2.46,2.45,2.45
1782887400,2.44,2.44,2.44,2.44
1782889200,2.44,2.45,2.42,2.44
1782891000,2.44,2.44,2.41,2.43
1782892800,2.44,2.44,2.43,2.44
1782894600,2.43,2.46,2.43,2.44
1782896400,2.44,2.44,2.43,2.44
1782898200,2.44,2.44,2.43,2.44
1782900000,2.44,2.45,2.43,2.44
1782901800,2.44,2.44,2.43,2.44
1782903600,2.44,2.45,2.43,2.45
1782905400,2.45,2.46,2.43,2.44
1782907200,2.44,2.45,2.43,2.44
1782909000,2.44,2.44,2.42,2.44
1782910800,2.43,2.44,2.42,2.44
1782912600,2.44,2.44,2.43,2.43
1782914400,2.44,2.44,2.43,2.44
1782916200,2.43,2.44,2.42,2.43
1782918000,2.43,2.43,2.43,2.43
1782973800,2.44,2.44,2.44,2.44
1782975600,2.44,2.48,2.43,2.46
1782977400,2.45,2.46,2.45,2.46
1782979200,2.46,2.46,2.43,2.44
1782981000,2.43,2.44,2.41,2.43
1782982800,2.43,2.43,2.41,2.42
1782984600,2.42,2.42,2.41,2.42
1782986400,2.41,2.42,2.41,2.42
1782988200,2.42,2.42,2.41,2.42
1782990000,2.42,2.42,2.39,2.39
1782991800,2.4,2.4,2.39,2.4
1782993600,2.4,2.4,2.39,2.39
1782995400,2.4,2.41,2.39,2.4
1782997200,2.39,2.4,2.39,2.4
1782999000,2.4,2.4,2.39,2.4
1783000800,2.4,2.42,2.39,2.42
1783002600,2.42,2.42,2.4,2.41
1783004400,2.4,2.4,2.4,2.4
1783060200,2.42,2.42,2.42,2.42
1783062000,2.42,2.43,2.38,2.41
1783063800,2.4,2.41,2.4,2.41
1783065600,2.41,2.41,2.4,2.41
1783067400,2.41,2.41,2.4,2.41
1783069200,2.41,2.41,2.4,2.41
1783071000,2.4,2.41,2.4,2.41
1783072800,2.4,2.42,2.4,2.42
1783074600,2.41,2.42,2.41,2.42
1783076400,2.42,2.42,2.39,2.4
1783078200,2.4,2.4,2.39,2.4
1783080000,2.4,2.41,2.37,2.38
1783081800,2.39,2.39,2.37,2.39
1783083600,2.39,2.4,2.38,2.4
1783085400,2.4,2.4,2.39,2.4
1783087200,2.4,2.4,2.39,2.4
1783089000,2.4,2.41,2.39,2.41
1783090800,2.41,2.41,2.4,2.4
1783319400,2.41,2.41,2.41,2.41
1783321200,2.4,2.41,2.4,2.41
1783323000,2.41,2.42,2.4,2.41
1783324800,2.41,2.41,2.39,2.41
1783326600,2.41,2.41,2.4,2.41
1783328400,2.41,2.41,2.4,2.4
1783330200,2.41,2.41,2.39,2.41
1783332000,2.41,2.41,2.4,2.41
1783333800,2.41,2.41,2.4,2.41
1783335600,2.41,2.41,2.4,2.41
1783337400,2.41,2.41,2.38,2.39
1783339200,2.39,2.39,2.36,2.37
1783341000,2.37,2.37,2.33,2.34
1783342800,2.34,2.34,2.33,2.33
1783344600,2.34,2.34,2.33,2.33
1783346400,2.34,2.34,2.33,2.34
1783348200,2.34,2.34,2.32,2.33
1783350000,2.34,2.34,2.34,2.34
1783405800,2.33,2.33,2.33,2.33
1783407600,2.34,2.34,2.29,2.32
1783409400,2.32,2.32,2.3,2.3
1783411200,2.31,2.31,2.3,2.3
1783413000,2.31,2.31,2.3,2.31
1783414800,2.31,2.31,2.29,2.3
1783416600,2.3,2.3,2.29,2.3
1783418400,2.3,2.34,2.29,2.34
1783420200,2.34,2.35,2.33,2.34
1783422000,2.34,2.34,2.32,2.33
1783423800,2.33,2.34,2.32,2.34
1783425600,2.34,2.35,2.32,2.32
1783427400,2.32,2.34,2.32,2.34
1783429200,2.34,2.34,2.33,2.33
1783431000,2.34,2.34,2.33,2.34
1783432800,2.33,2.34,2.32,2.33
1783434600,2.33,2.33,2.3,2.31
1783436400,2.31,2.31,2.31,2.31
1783492200,2.3,2.3,2.3,2.3
1783494000,2.3,2.32,2.3,2.31
1783495800,2.31,2.32,2.3,2.32
1783497600,2.31,2.32,2.26,2.27
1783499400,2.27,2.28,2.24,2.27
1783501200,2.27,2.27,2.26,2.27
1783503000,2.27,2.27,2.25,2.25
1783504800,2.26,2.26,2.25,2.26
1783506600,2.25,2.26,2.25,2.26
1783508400,2.26,2.26,2.25,2.25
1783510200,2.26,2.26,2.23,2.24
1783512000,2.24,2.25,2.23,2.24
1783513800,2.25,2.26,2.24,2.26
1783515600,2.25,2.28,2.25,2.28
1783517400,2.27,2.29,2.26,2.27
1783519200,2.26,2.27,2.24,2.26
1783521000,2.26,2.26,2.24,2.25
1783522800,2.23,2.23,2.23,2.23
1783578600,2.25,2.25,2.25,2.25
1783580400,2.25,2.26,2.21,2.22
1783582200,2.21,2.26,2.21,2.23
1783584000,2.24,2.24,2.23,2.23
1783585800,2.24,2.24,2.22,2.23
1783587600,2.23,2.24,2.22,2.23
1783589400,2.22,2.33,2.22,2.32
1783591200,2.31,2.34,2.3,2.32
1783593000,2.32,2.32,2.29,2.3
1783594800,2.31,2.32,2.27,2.28
1783596600,2.28,2.28,2.25,2.26
1783598400,2.26,2.27,2.25,2.26
1783600200,2.25,2.27,2.25,2.25
1783602000,2.25,2.28,2.25,2.27
1783603800,2.27,2.27,2.25,2.26
1783605600,2.26,2.26,2.24,2.26
1783607400,2.26,2.29,2.25,2.28
1783609200,2.28,2.28,2.28,2.28
1783665000,2.26,2.26,2.26,2.26
1783666800,2.26,2.41,2.26,2.39
1783668600,2.39,2.42,2.38,2.39
1783670400,2.4,2.43,2.38,2.39
1783672200,2.4,2.4,2.38,2.39
1783674000,2.38,2.42,2.38,2.41
1783675800,2.41,2.42,2.39,2.42
1783677600,2.42,2.42,2.38,2.41
1783679400,2.41,2.41,2.39,2.4
1783681200,2.39,2.41,2.39,2.41
1783683000,2.4,2.42,2.4,2.41
1783684800,2.41,2.42,2.4,2.4
1783686600,2.41,2.44,2.4,2.44
1783688400,2.44,2.45,2.43,2.44
1783690200,2.45,2.45,2.42,2.44
1783692000,2.43,2.45,2.43,2.44
1783693800,2.43,2.44,2.41,2.42
1783695600,2.42,2.42,2.42,2.42
1783924200,2.48,2.48,2.48,2.48
1783926000,2.48,2.55,2.47,2.54
1783927800,2.55,2.57,2.54,2.55
1783929600,2.54,2.55,2.49,2.49
1783931400,2.5,2.51,2.49,2.5
1783933200,2.51,2.51,2.49,2.5
1783935000,2.5,2.51,2.49,2.51
1783936800,2.5,2.52,2.5,2.51
1783938600,2.51,2.51,2.49,2.51
1783940400,2.51,2.51,2.49,2.51
1783942200,2.51,2.51,2.49,2.51
1783944000,2.5,2.52,2.49,2.52
1783945800,2.51,2.53,2.51,2.53
1783947600,2.52,2.53,2.51,2.53
1783949400,2.53,2.55,2.52,2.54
1783951200,2.54,2.55,2.52,2.52
1783953000,2.52,2.57,2.5,2.57
1783954800,2.55,2.55,2.55,2.55
1784010600,2.54,2.54,2.54,2.54
1784012400,2.54,2.55,2.51,2.54
1784014200,2.53,2.56,2.53,2.55
1784016000,2.55,2.6,2.54,2.58
1784017800,2.57,2.58,2.54,2.56
1784019600,2.56,2.56,2.54,2.55
1784021400,2.55,2.55,2.52,2.53
1784023200,2.52,2.53,2.51,2.53
1784025000,2.53,2.53,2.52,2.53
1784026800,2.53,2.53,2.51,2.52
1784028600,2.52,2.53,2.51,2.52
1784030400,2.52,2.52,2.51,2.52
1784032200,2.52,2.53,2.51,2.53
1784034000,2.53,2.54,2.52,2.53
1784035800,2.53,2.54,2.52,2.53
1784037600,2.53,2.54,2.52,2.54
1784039400,2.53,2.54,2.5,2.52
1784041200,2.52,2.52,2.52,2.52
1784183400,2.53,2.53,2.53,2.53
1784185200,2.53,2.62,2.52,2.58
1784187000,2.58,2.59,2.55,2.57
1784188800,2.56,2.58,2.55,2.58
1784190600,2.58,2.58,2.56,2.56
1784192400,2.57,2.57,2.56,2.57
1784194200,2.57,2.57,2.55,2.55
1784196000,2.55,2.56,2.55,2.56
1784197800,2.56,2.56,2.55,2.56
1784199600,2.56,2.56,2.55,2.56
1784201400,2.55,2.56,2.55,2.55
1784203200,2.56,2.56,2.55,2.55
1784205000,2.56,2.56,2.54,2.55
1784206800,2.55,2.56,2.54,2.55
1784208600,2.55,2.55,2.53,2.55
1784210400,2.55,2.55,2.53,2.55
1784212200,2.55,2.56,2.53,2.54
1784214000,2.54,2.54,2.54,2.54
1784269800,2.53,2.53,2.53,2.53
1784271600,2.53,2.55,2.49,2.49
1784273400,2.5,2.5,2.47,2.47
1784275200,2.48,2.48,2.46,2.47
1784277000,2.47,2.47,2.45,2.47
1784278800,2.47,2.47,2.46,2.47
1784280600,2.46,2.48,2.46,2.46
1784282400,2.47,2.47,2.45,2.46
1784284200,2.46,2.46,2.45,2.45
1784286000,2.46,2.46,2.42,2.42
1784287800,2.43,2.44,2.42,2.44
1784289600,2.44,2.45,2.43,2.44
1784291400,2.44,2.45,2.43,2.45
1784293200,2.45,2.45,2.43,2.45
1784295000,2.45,2.45,2.44,2.45
1784296800,2.45,2.47,2.44,2.45
1784298600,2.46,2.46,2.41,2.43
1784300400,2.43,2.43,2.43,2.43
1784529000,2.44,2.44,2.44,2.44
1784530800,2.44,2.47,2.43,2.46
1784532600,2.45,2.46,2.44,2.46
1784534400,2.46,2.46,2.44,2.45
1784536200,2.45,2.45,2.41,2.42
1784538000,2.43,2.44,2.42,2.44
1784539800,2.44,2.45,2.43,2.44
1784541600,2.44,2.45,2.43,2.45
1784543400,2.45,2.46,2.44,2.46
1784545200,2.46,2.53,2.45,2.52
1784547000,2.52,2.56,2.51,2.53
1784548800,2.53,2.61,2.53,2.56
1784550600,2.56,2.56,2.55,2.56
1784552400,2.56,2.56,2.54,2.54
1784554200,2.55,2.56,2.52,2.52
1784556000,2.53,2.55,2.52,2.54
1784557800,2.53,2.56,2.52,2.55
1784559600,2.54,2.54,2.54,2.54
1784615400,2.56,2.56,2.56,2.56
1784617200,2.57,2.57,2.52,2.54
1784619000,2.53,2.54,2.52,2.52
1784620800,2.53,2.53,2.52,2.52
1784622600,2.52,2.53,2.51,2.52
1784624400,2.52,2.52,2.5,2.51
1784626200,2.52,2.52,2.5,2.51
1784628000,2.5,2.52,2.5,2.52
1784629800,2.52,2.55,2.49,2.52
1784631600,2.52,2.52,2.49,2.51
1784633400,2.5,2.51,2.49,2.49
1784635200,2.5,2.5,2.48,2.5
1784637000,2.5,2.5,2.47,2.47
1784638800,2.48,2.49,2.47,2.48
1784640600,2.48,2.49,2.47,2.47
1784642400,2.48,2.48,2.45,2.47
1784644200,2.46,2.51,2.46,2.51
1784646000,2.5,2.51,2.5,2.51
1784701800,2.52,2.52,2.52,2.52
1784703600,2.53,2.53,2.5,2.51
1784705400,2.5,2.53,2.47,2.53
1784707200,2.53,2.55,2.51,2.52
1784709000,2.52,2.54,2.51,2.53
1784710800,2.52,2.58,2.52,2.56
1784712600,2.56,2.56,2.54,2.55
1784714400,2.56,2.6,2.55,2.58
1784716200,2.58,2.59,2.56,2.56
1784718000,2.57,2.58,2.56,2.57
1784719800,2.57,2.57,2.55,2.55
1784721600,2.56,2.57,2.55,2.57
1784723400,2.56,2.6,2.56,2.58
1784725200,2.59,2.68,2.58,2.67
1784727000,2.67,2.69,2.63,2.66
1784728800,2.65,2.7,2.65,2.67
1784730600,2.68,2.68,2.62,2.64
1784732400,2.64,2.64,2.64,2.64
1784788200,2.64,2.64,2.64,2.64
1784790000,2.64,2.67,2.63,2.66
1784791800,2.65,2.68,2.65,2.67
1784793600,2.66,2.69,2.65,2.67
1784795400,2.67,2.67,2.64,2.64
1784797200,2.64,2.67,2.64,2.67
1784799000,2.67,2.68,2.65,2.67
1784800800,2.67,2.67,2.65,2.65
1784802600,2.66,2.66,2.64,2.65
1784804400,2.66,2.72,2.65,2.66
1784806200,2.66,2.68,2.66,2.67
1784808000,2.67,2.68,2.65,2.66
1784809800,2.66,2.67,2.65,2.65
1784811600,2.65,2.67,2.64,2.67
1784813400,2.67,2.69,2.65,2.66
1784815200,2.66,2.67,2.65,2.66
1784817000,2.66,2.67,2.64,2.65
1784818800,2.65,2.65,2.65,2.65
1784874600,2.65,2.65,2.65,2.65
1784876400,2.66,2.68,2.64,2.67
1784878200,2.66,2.72,2.66,2.67
1784880000,2.66,2.68,2.65,2.67
1784881800,2.67,2.67,2.66,2.66
1784883600,2.67,2.67,2.65,2.65
1784885400,2.66,2.66,2.63,2.64
1784887200,2.64,2.64,2.59,2.62
1784889000,2.62,2.63,2.61,2.63
1784890800,2.63,2.64,2.61,2.61
1784892600,2.61,2.62,2.61,2.62
1784894400,2.62,2.63,2.61,2.63
1784896200,2.63,2.63,2.6,2.62
1784898000,2.61,2.66,2.61,2.65
1784899800,2.64,2.67,2.62,2.64
1784901600,2.63,2.66,2.63,2.65
1784903400,2.64,2.71,2.64,2.68
1784905200,2.69,2.69,2.69,2.69
1785133800,2.72,2.72,2.72,2.72
1785135600,2.73,2.75,2.69,2.7
1785137400,2.7,2.7,2.67,2.67
1785139200,2.67,2.69,2.65,2.66
1785141000,2.66,2.67,2.63,2.66
1785142800,2.66,2.66,2.65,2.65
1785144600,2.66,2.66,2.65,2.66
1785146400,2.66,2.66,2.65,2.66
1785148200,2.66,2.66,2.64,2.64
1785150000,2.65,2.66,2.64,2.65
1785151800,2.65,2.65,2.64,2.64