time,open,high,low,close
1641191400,3.024,3.024,3.024,3.024
1641193200,3,3.012,2.944,2.946
1641195000,2.944,3.002,2.944,3.002
1641196800,3.002,3.04,2.996,3.038
1641198600,3.038,3.04,3.014,3.022
1641200400,3.026,3.026,3.014,3.018
1641202200,3.022,3.04,3.022,3.04
1641204000,3.042,3.05,3.034,3.044
1641205800,3.044,3.072,3.04,3.064
1641207600,3.064,3.064,3.03,3.04
1641209400,3.04,3.07,3.038,3.06
1641211200,3.06,3.06,3.04,3.048
1641213000,3.044,3.06,3.044,3.052
1641214800,3.052,3.066,3.05,3.054
1641216600,3.054,3.06,3.036,3.052
1641218400,3.05,3.054,3.04,3.05
1641220200,3.05,3.05,3.038,3.046
1641222000,3.044,3.044,3.044,3.044
1641277800,3.046,3.046,3.046,3.046
1641279600,3.046,3.048,3.01,3.022
1641281400,3.02,3.048,3.016,3.048
1641283200,3.05,3.08,3.046,3.076
1641285000,3.066,3.118,3.066,3.118
1641286800,3.118,3.126,3.076,3.09
1641288600,3.088,3.1,3.076,3.08
1641290400,3.078,3.092,3.078,3.08
1641292200,3.08,3.084,3.064,3.066
1641294000,3.064,3.086,3.062,3.074
1641295800,3.072,3.074,3.054,3.062
1641297600,3.062,3.08,3.054,3.062
1641299400,3.064,3.07,3.018,3.03
1641301200,3.028,3.034,2.99,3.01
1641303000,3.01,3.01,2.96,2.97
1641304800,2.97,2.994,2.954,2.98
1641306600,2.98,2.992,2.964,2.97
1641308400,2.974,2.974,2.974,2.974
1641364200,2.984,2.984,2.984,2.984
1641366000,2.982,3.004,2.968,2.998
1641367800,2.996,3.018,2.992,2.998
1641369600,2.996,3.046,2.99,3.038
1641371400,3.042,3.066,3.016,3.062
1641373200,3.06,3.07,3.056,3.06
1641375000,3.058,3.066,3.036,3.048
1641376800,3.048,3.056,3.036,3.038
1641378600,3.036,3.052,3.032,3.05
1641380400,3.046,3.056,3.036,3.04
1641382200,3.036,3.054,3.034,3.046
1641384000,3.046,3.06,3.022,3.04
1641385800,3.04,3.05,3.018,3.026
1641387600,3.022,3.04,3.018,3.038
1641389400,3.04,3.04,3.018,3.018
1641391200,3.02,3.022,3.01,3.01
1641393000,3.012,3.038,3.01,3.03
1641394800,3.036,3.036,3.036,3.036
1641450600,3.022,3.022,3.022,3.022
1641452400,3.02,3.046,3.004,3.014
1641454200,3.014,3.034,3.006,3.012
1641456000,3.012,3.028,3.008,3.008
1641457800,3.012,3.014,2.992,3.012
1641459600,3.012,3.028,3.008,3.014
1641461400,3.014,3.022,3.01,3.014
1641463200,3.014,3.014,3,3.012
1641465000,3.01,3.022,3.01,3.018
1641466800,3.018,3.018,3.008,3.012
1641468600,3.012,3.02,3.006,3.008
1641470400,3.008,3.018,3.008,3.014
1641472200,3.012,3.026,3.01,3.018
1641474000,3.018,3.036,3.014,3.026
1641475800,3.024,3.028,3.018,3.028
1641477600,3.024,3.044,3.02,3.03
1641479400,3.03,3.038,3.022,3.03
1641481200,3.022,3.022,3.022,3.022
1641537000,3.038,3.038,3.038,3.038
1641538800,3.038,3.046,3.022,3.03
1641540600,3.03,3.034,3.022,3.026
1641542400,3.026,3.03,3.01,3.022
1641544200,3.022,3.024,3.006,3.008
1641546000,3.008,3.014,3.006,3.012
1641547800,3.012,3.014,3.01,3.014
1641549600,3.014,3.014,3.002,3.01
1641551400,3.006,3.012,3.004,3.012
1641553200,3.012,3.012,3.002,3.004
1641555000,3.004,3.006,2.964,2.972
1641556800,2.97,2.976,2.964,2.972
1641558600,2.97,2.972,2.944,2.962
1641560400,2.962,2.962,2.956,2.96
1641562200,2.96,2.962,2.93,2.93
1641564000,2.934,2.95,2.92,2.928
1641565800,2.926,2.952,2.918,2.94
1641567600,2.932,2.932,2.932,2.932
1641796200,2.942,2.942,2.942,2.942
1641798000,2.942,2.97,2.942,2.97
1641799800,2.968,2.972,2.962,2.966
1641801600,2.966,2.974,2.958,2.968
1641803400,2.966,2.984,2.964,2.964
1641805200,2.966,2.984,2.96,2.972
1641807000,2.972,2.974,2.964,2.968
1641808800,2.968,2.97,2.962,2.964
1641810600,2.964,2.968,2.958,2.96
1641812400,2.96,2.97,2.944,2.966
1641814200,2.968,2.972,2.964,2.966
1641816000,2.966,2.97,2.964,2.968
1641817800,2.968,2.972,2.96,2.972
1641819600,2.972,2.972,2.962,2.97
1641821400,2.968,2.978,2.962,2.97
1641823200,2.968,2.984,2.964,2.968
1641825000,2.968,2.97,2.942,2.944
1641826800,2.96,2.96,2.96,2.96
1641882600,2.982,2.982,2.982,2.982
1641884400,2.98,2.982,2.942,2.944
1641886200,2.944,2.956,2.918,2.932
1641888000,2.932,2.944,2.914,2.926
1641889800,2.928,2.942,2.916,2.918
1641891600,2.92,2.93,2.908,2.926
1641893400,2.928,2.94,2.928,2.932
1641895200,2.93,2.934,2.928,2.93
1641897000,2.93,2.932,2.92,2.932
1641898800,2.93,2.93,2.922,2.922
1641900600,2.922,2.926,2.918,2.92
1641902400,2.92,2.922,2.918,2.92
1641904200,2.918,2.924,2.916,2.92
1641906000,2.92,2.928,2.918,2.926
1641907800,2.926,2.926,2.918,2.918
1641909600,2.92,2.926,2.912,2.918
1641911400,2.918,2.918,2.898,2.91
1641913200,2.904,2.904,2.904,2.904
1641969000,2.988,2.988,2.988,2.988
1641970800,2.988,2.99,2.964,2.968
1641972600,2.966,2.97,2.946,2.946
1641974400,2.944,2.954,2.94,2.952
1641976200,2.95,2.954,2.938,2.944
1641978000,2.94,2.944,2.934,2.936
1641979800,2.934,2.936,2.92,2.93
1641981600,2.928,2.934,2.926,2.928
1641983400,2.928,2.93,2.924,2.926
1641985200,2.924,2.928,2.914,2.918
1641987000,2.916,2.926,2.912,2.918
1641988800,2.916,2.918,2.896,2.9
1641990600,2.9,2.904,2.896,2.9
1641992400,2.9,2.902,2.894,2.902
1641994200,2.898,2.908,2.894,2.896
1641996000,2.896,2.916,2.896,2.914
1641997800,2.914,2.93,2.912,2.916
1641999600,2.908,2.908,2.908,2.908
1642055400,2.908,2.908,2.908,2.908
1642057200,2.908,2.94,2.898,2.928
1642059000,2.926,2.946,2.926,2.94
1642060800,2.94,2.944,2.928,2.93
1642062600,2.928,2.934,2.918,2.93
1642064400,2.928,2.934,2.928,2.93
1642066200,2.93,2.934,2.926,2.932
1642068000,2.93,2.946,2.93,2.936
1642069800,2.936,2.942,2.928,2.93
1642071600,2.93,2.932,2.926,2.926
1642073400,2.926,2.93,2.926,2.928
1642075200,2.93,2.932,2.926,2.93
1642077000,2.93,2.932,2.928,2.93
1642078800,2.93,2.934,2.924,2.924
1642080600,2.926,2.934,2.926,2.928
1642082400,2.928,2.932,2.926,2.928
1642084200,2.93,2.936,2.922,2.926
1642086000,2.926,2.926,2.926,2.926
1642141800,2.928,2.928,2.928,2.928
1642143600,2.93,2.958,2.93,2.934
1642145400,2.932,2.944,2.924,2.938
1642147200,2.938,2.944,2.936,2.942
1642149000,2.94,2.944,2.938,2.94
1642150800,2.94,2.944,2.938,2.938
1642152600,2.938,2.942,2.938,2.94
1642154400,2.938,2.942,2.932,2.942
1642156200,2.94,2.952,2.938,2.94
1642158000,2.94,2.984,2.936,2.98
1642159800,2.98,2.986,2.964,2.97
1642161600,2.968,2.97,2.948,2.95
1642163400,2.95,2.96,2.948,2.954
1642165200,2.954,2.964,2.948,2.96
1642167000,2.96,2.962,2.956,2.958
1642168800,2.96,2.964,2.958,2.96
1642170600,2.96,2.962,2.95,2.958
1642172400,2.96,2.96,2.96,2.96
1642401000,2.994,2.994,2.994,2.994
1642402800,2.994,3.004,2.962,2.97
1642404600,2.972,2.978,2.968,2.976
1642406400,2.976,3.006,2.974,2.99
1642408200,2.99,3.002,2.99,3
1642410000,3,3.01,2.996,2.996
1642411800,2.998,3,2.992,3
1642413600,3,3.004,2.996,2.998
1642415400,3,3.002,2.998,3
1642417200,3,3.002,2.996,3
1642419000,3,3.002,2.998,3
1642420800,3,3.002,2.996,3.002
1642422600,3,3.002,2.998,3
1642424400,3,3.002,2.994,2.996
1642426200,2.996,3.02,2.99,2.996
1642428000,2.998,3,2.976,2.976
1642429800,2.976,2.982,2.968,2.97
1642431600,2.976,2.976,2.976,2.976
1642487400,2.976,2.976,2.976,2.976
1642489200,2.974,2.976,2.944,2.952
1642491000,2.95,2.96,2.94,2.944
1642492800,2.944,2.946,2.922,2.928
1642494600,2.928,2.928,2.914,2.92
1642496400,2.92,2.922,2.908,2.91
1642498200,2.91,2.914,2.906,2.91
1642500000,2.91,2.924,2.908,2.92
1642501800,2.922,2.922,2.912,2.92
1642503600,2.92,2.926,2.916,2.922
1642505400,2.922,2.93,2.918,2.92
1642507200,2.92,2.92,2.904,2.904
1642509000,2.906,2.908,2.9,2.9
1642510800,2.902,2.902,2.876,2.878
1642512600,2.876,2.878,2.864,2.866
1642514400,2.864,2.866,2.828,2.828
1642573800,2.84,2.84,2.84,2.84
1642575600,2.836,2.842,2.79,2.804
1642577400,2.804,2.808,2.764,2.768
1642579200,2.766,2.812,2.75,2.794
1642581000,2.798,2.84,2.79,2.838
1642582800,2.838,2.856,2.832,2.84
1642584600,2.84,2.878,2.838,2.872
1642586400,2.872,2.888,2.868,2.886
1642588200,2.886,2.894,2.852,2.854
1642590000,2.852,2.878,2.842,2.878
1642591800,2.876,2.89,2.868,2.888
1642593600,2.888,2.898,2.882,2.892
1642595400,2.892,2.9,2.888,2.892
1642597200,2.89,2.914,2.88,2.882
1642599000,2.886,2.916,2.87,2.912
1642600800,2.916,2.924,2.908,2.916
1642602600,2.914,2.926,2.904,2.916
1642604400,2.912,2.912,2.912,2.912
1642660200,2.924,2.924,2.924,2.924
1642662000,2.924,2.934,2.914,2.928
1642663800,2.928,2.934,2.924,2.928
1642665600,2.928,2.946,2.92,2.942
1642667400,2.944,2.944,2.932,2.938
1642669200,2.94,2.942,2.916,2.932
1642671000,2.932,2.942,2.93,2.94
1642672800,2.94,2.946,2.932,2.942
1642674600,2.942,2.95,2.94,2.946
1642676400,2.948,2.952,2.93,2.946
1642678200,2.946,2.956,2.908,2.912
1642680000,2.908,2.93,2.9,2.922
1642681800,2.924,2.924,2.886,2.888
1642683600,2.886,2.91,2.884,2.902
1642685400,2.904,2.918,2.902,2.908
1642687200,2.91,2.912,2.868,2.868
1642689000,2.868,2.906,2.858,2.898
1642690800,2.9,2.9,2.9,2.9
1642746600,2.896,2.896,2.896,2.896
1642748400,2.894,2.914,2.862,2.868
1642750200,2.866,2.886,2.862,2.886
1642752000,2.884,2.902,2.876,2.888
1642753800,2.892,2.892,2.874,2.88
1642755600,2.88,2.89,2.868,2.87
1642757400,2.87,2.878,2.858,2.864
1642759200,2.862,2.876,2.86,2.876
1642761000,2.872,2.884,2.872,2.872
1642762800,2.874,2.874,2.862,2.866
1642764600,2.868,2.872,2.858,2.872
1642766400,2.872,2.882,2.868,2.874
1642768200,2.876,2.88,2.856,2.86
1642770000,2.86,2.862,2.856,2.862
1642771800,2.86,2.862,2.852,2.858
1642773600,2.858,2.916,2.858,2.888
1642775400,2.888,2.9,2.88,2.896
1642777200,2.898,2.898,2.898,2.898
1643005800,2.894,2.894,2.894,2.894
1643007600,2.894,2.894,2.86,2.864
1643009400,2.866,2.888,2.86,2.884
1643011200,2.886,2.906,2.878,2.898
1643013000,2.902,2.902,2.882,2.89
1643014800,2.884,2.888,2.866,2.882
1643016600,2.884,2.884,2.852,2.852
1643018400,2.856,2.86,2.822,2.83
1643020200,2.828,2.832,2.784,2.794
1643022000,2.79,2.812,2.784,2.796
1643023800,2.794,2.81,2.782,2.79
1643025600,2.79,2.808,2.788,2.8
1643027400,2.798,2.808,2.77,2.788
1643029200,2.788,2.812,2.778,2.802
1643031000,2.804,2.812,2.778,2.79
1643032800,2.786,2.816,2.782,2.814
1643034600,2.814,2.814,2.782,2.782
1643092200,2.794,2.794,2.794,2.794
1643094000,2.794,2.812,2.748,2.758
1643095800,2.758,2.78,2.754,2.78
1643097600,2.778,2.786,2.74,2.75
1643099400,2.744,2.784,2.724,2.784
1643101200,2.786,2.8,2.78,2.792
1643103000,2.79,2.8,2.77,2.788
1643104800,2.788,2.81,2.78,2.792
1643106600,2.796,2.796,2.766,2.778
1643108400,2.778,2.782,2.762,2.776
1643110200,2.77,2.77,2.742,2.76
1643112000,2.762,2.778,2.76,2.77
1643113800,2.772,2.786,2.756,2.784
1643115600,2.784,2.786,2.77,2.776
1643117400,2.774,2.79,2.772,2.776
1643119200,2.776,2.79,2.772,2.784
1643121000,2.786,2.786,2.772,2.776
1643122800,2.77,2.77,2.77,2.77
1643178600,2.772,2.772,2.772,2.772
1643180400,2.792,2.81,2.782,2.806
1643182200,2.804,2.814,2.804,2.808
1643184000,2.81,2.822,2.796,2.822
1643185800,2.822,2.832,2.816,2.818
1643187600,2.818,2.834,2.816,2.824
1643189400,2.822,2.83,2.818,2.82
1643191200,2.82,2.836,2.814,2.834
1643193000,2.834,2.846,2.832,2.838
1643194800,2.838,2.84,2.81,2.814
1643196600,2.814,2.822,2.814,2.82
1643198400,2.82,2.824,2.82,2.82
1643200200,2.824,2.824,2.794,2.814
1643202000,2.812,2.842,2.812,2.842
1643203800,2.84,2.856,2.838,2.852
1643205600,2.85,2.856,2.822,2.838
1643207400,2.838,2.848,2.828,2.842
1643209200,2.842,2.842,2.842,2.842
1643265000,2.846,2.846,2.846,2.846
1643266800,2.846,2.916,2.846,2.852
1643268600,2.85,2.888,2.846,2.888
1643270400,2.89,2.91,2.886,2.89
1643272200,2.896,2.912,2.888,2.904
1643274000,2.904,2.906,2.896,2.902
1643275800,2.9,2.92,2.89,2.918
1643277600,2.916,2.92,2.898,2.9
1643279400,2.898,2.91,2.892,2.904
1643281200,2.904,2.914,2.898,2.904
1643283000,2.902,2.91,2.9,2.91
1643284800,2.908,2.908,2.9,2.908
1643286600,2.908,2.912,2.894,2.906
1643288400,2.904,2.908,2.896,2.898
1643290200,2.9,2.914,2.9,2.91
1643292000,2.91,2.912,2.902,2.912
1643293800,2.914,2.92,2.904,2.918
1643295600,2.928,2.928,2.928,2.928
1643351400,2.956,2.956,2.956,2.956
1643353200,2.956,2.966,2.928,2.944
1643355000,2.944,2.944,2.934,2.94
1643356800,2.94,2.946,2.936,2.938
1643358600,2.94,2.94,2.93,2.93
1643360400,2.934,2.936,2.92,2.924
1643362200,2.922,2.93,2.9,2.908
1643364000,2.908,2.922,2.902,2.914
1643365800,2.914,2.934,2.908,2.934
1643367600,2.934,2.94,2.926,2.936
1643369400,2.936,2.938,2.916,2.92
1643371200,2.92,2.92,2.906,2.912
1643373000,2.912,2.924,2.912,2.92
1643374800,2.922,2.934,2.922,2.928
1643376600,2.928,2.936,2.914,2.914
1643378400,2.914,2.922,2.91,2.918
1643380200,2.92,2.92,2.898,2.908
1643382000,2.908,2.908,2.908,2.908
1643610600,2.93,2.93,2.93,2.93
1643612400,2.93,2.948,2.928,2.934
1643614200,2.936,2.94,2.928,2.932
1643616000,2.93,2.932,2.916,2.918
1643617800,2.916,2.918,2.91,2.912
1643619600,2.912,2.918,2.91,2.918
1643621400,2.916,2.926,2.912,2.92
1643623200,2.922,2.926,2.914,2.922
1643625000,2.922,2.924,2.91,2.914
1643626800,2.914,2.92,2.91,2.918
1643628600,2.918,2.92,2.914,2.916
1643630400,2.918,2.922,2.914,2.916
1643632200,2.916,2.918,2.912,2.912
1643634000,2.912,2.916,2.912,2.916
1643635800,2.912,2.924,2.912,2.92
1643637600,2.92,2.92,2.914,2.914
1643639400,2.916,2.92,2.906,2.906
1643641200,2.904,2.904,2.904,2.904
1643697000,2.916,2.916,2.916,2.916
1643698800,2.92,2.932,2.914,2.922
1643700600,2.922,2.924,2.912,2.922
1643702400,2.922,2.924,2.916,2.922
1643704200,2.92,2.922,2.916,2.918
1643706000,2.918,2.92,2.912,2.916
1643707800,2.916,2.93,2.914,2.924
1643709600,2.922,2.926,2.92,2.92
1643711400,2.92,2.94,2.916,2.924
1643713200,2.926,2.94,2.92,2.93
1643715000,2.93,2.932,2.918,2.926
1643716800,2.928,2.928,2.922,2.922
1643718600,2.922,2.93,2.92,2.928
1643720400,2.928,2.93,2.922,2.922
1643722200,2.922,2.928,2.92,2.92
1643724000,2.92,2.924,2.916,2.922
1643725800,2.922,2.926,2.914,2.924
1643727600,2.918,2.918,2.918,2.918
1643783400,2.934,2.934,2.934,2.934
1643785200,2.934,2.94,2.926,2.928
1643787000,2.928,2.932,2.924,2.926
1643788800,2.926,2.93,2.922,2.922
1643790600,2.922,2.93,2.914,2.924
1643792400,2.922,2.924,2.92,2.922
1643794200,2.924,2.924,2.916,2.922
1643796000,2.922,2.922,2.912,2.914
1643797800,2.916,2.928,2.914,2.926
1643799600,2.926,2.938,2.92,2.934
1643801400,2.932,2.938,2.928,2.928
1643803200,2.928,2.936,2.92,2.936
1643805000,2.93,2.944,2.93,2.942
1643806800,2.942,2.944,2.932,2.934
1643808600,2.932,2.94,2.93,2.934
1643810400,2.934,2.936,2.926,2.926
1643812200,2.926,2.928,2.91,2.92
1643814000,2.92,2.92,2.92,2.92
1643869800,2.908,2.908,2.908,2.908
1643871600,2.914,2.926,2.906,2.912
1643873400,2.914,2.92,2.906,2.91
1643875200,2.91,2.91,2.888,2.904
1643877000,2.906,2.906,2.898,2.906
1643878800,2.904,2.91,2.898,2.904
1643880600,2.904,2.906,2.892,2.896
1643882400,2.898,2.904,2.896,2.902
1643884200,2.902,2.904,2.898,2.9
1643886000,2.9,2.9,2.884,2.884
1643887800,2.886,2.886,2.87,2.874
1643889600,2.876,2.876,2.858,2.862
1643891400,2.864,2.872,2.86,2.864
1643893200,2.864,2.87,2.86,2.87
1643895000,2.868,2.87,2.85,2.852
1643896800,2.852,2.906,2.85,2.874
1643898600,2.874,2.874,2.844,2.862
1643900400,2.872,2.872,2.872,2.872
1643956200,2.878,2.878,2.878,2.878
1643958000,2.876,2.878,2.83,2.842
1643959800,2.842,2.85,2.832,2.84
1643961600,2.838,2.854,2.834,2.84
1643963400,2.84,2.84,2.824,2.832
1643965200,2.83,2.84,2.83,2.84
1643967000,2.84,2.84,2.816,2.82
1643968800,2.82,2.824,2.812,2.818
1643970600,2.818,2.818,2.81,2.814
1643972400,2.814,2.816,2.794,2.804
1643974200,2.804,2.806,2.782,2.79
1643976000,2.79,2.794,2.782,2.79
1643977800,2.792,2.792,2.786,2.792
1643979600,2.792,2.794,2.788,2.792
1643981400,2.792,2.8,2.784,2.8
1643983200,2.798,2.802,2.792,2.8
1643985000,2.8,2.848,2.792,2.838
1643986800,2.81,2.81,2.81,2.81
1644215400,2.818,2.818,2.818,2.818
1644217200,2.818,2.836,2.806,2.816
1644219000,2.816,2.82,2.812,2.816
1644220800,2.816,2.816,2.78,2.786
1644222600,2.786,2.79,2.768,2.772
1644224400,2.772,2.782,2.772,2.78
1644226200,2.782,2.808,2.77,2.808
1644228000,2.806,2.816,2.8,2.808
1644229800,2.808,2.822,2.806,2.814
1644231600,2.816,2.834,2.812,2.832
1644233400,2.836,2.842,2.818,2.818
1644235200,2.818,2.828,2.814,2.816
1644237000,2.814,2.824,2.812,2.814
1644238800,2.814,2.832,2.814,2.82
1644240600,2.822,2.824,2.816,2.822
1644242400,2.824,2.832,2.816,2.826
1644244200,2.824,2.836,2.818,2.826
1644246000,2.854,2.854,2.854,2.854
1644301800,2.854,2.854,2.854,2.854
1644303600,2.854,2.87,2.824,2.858
1644305400,2.86,2.92,2.86,2.884
1644307200,2.886,2.91,2.882,2.894
1644309000,2.894,2.908,2.888,2.892
1644310800,2.894,2.898,2.892,2.892
1644312600,2.892,2.894,2.884,2.886
1644314400,2.886,2.892,2.87,2.89
1644316200,2.89,2.894,2.882,2.886
1644318000,2.89,2.9,2.87,2.876
1644319800,2.872,2.886,2.87,2.878
1644321600,2.874,2.88,2.856,2.856
1644323400,2.854,2.86,2.848,2.86
1644325200,2.86,2.874,2.854,2.866
1644327000,2.864,2.872,2.86,2.87
1644328800,2.872,2.882,2.866,2.878
1644330600,2.88,2.88,2.862,2.866
1644332400,2.86,2.86,2.86,2.86
1644388200,2.888,2.888,2.888,2.888
1644390000,2.888,2.894,2.874,2.88
1644391800,2.884,2.886,2.868,2.87
1644393600,2.868,2.878,2.862,2.876
1644395400,2.876,2.888,2.876,2.884
1644397200,2.882,2.896,2.882,2.89
1644399000,2.89,2.912,2.886,2.9
1644400800,2.904,2.904,2.89,2.892
1644402600,2.89,2.894,2.884,2.888
1644404400,2.886,2.892,2.882,2.89
1644406200,2.888,2.892,2.88,2.886
1644408000,2.886,2.894,2.882,2.886
1644409800,2.884,2.892,2.88,2.892
1644411600,2.892,2.898,2.886,2.89
1644413400,2.89,2.89,2.874,2.876
1644415200,2.876,2.886,2.876,2.884
1644417000,2.882,2.89,2.88,2.884
1644418800,2.956,2.956,2.956,2.956
1644474600,2.94,2.94,2.94,2.94
1644476400,2.936,2.936,2.906,2.92
1644478200,2.918,2.92,2.908,2.912
1644480000,2.912,2.916,2.902,2.902
1644481800,2.904,2.908,2.9,2.906
1644483600,2.906,2.906,2.9,2.904
1644485400,2.904,2.92,2.9,2.916
1644487200,2.916,2.92,2.91,2.918
1644489000,2.918,2.92,2.91,2.912
1644490800,2.916,2.922,2.914,2.92
1644492600,2.92,2.926,2.918,2.918
1644494400,2.918,2.922,2.914,2.918
1644496200,2.918,2.922,2.908,2.92
1644498000,2.922,2.924,2.918,2.92
1644499800,2.92,2.92,2.896,2.906
1644501600,2.906,2.912,2.898,2.9
1644503400,2.9,2.908,2.896,2.902
1644505200,2.888,2.888,2.888,2.888
1644561000,2.87,2.87,2.87,2.87
1644562800,2.87,2.896,2.866,2.878
1644564600,2.872,2.886,2.868,2.88
1644566400,2.878,2.888,2.866,2.874
1644568200,2.874,2.876,2.866,2.866
1644570000,2.868,2.868,2.854,2.86
1644571800,2.86,2.868,2.838,2.852
1644573600,2.852,2.852,2.832,2.842
1644575400,2.842,2.854,2.84,2.854
1644577200,2.852,2.86,2.848,2.848
1644579000,2.848,2.85,2.834,2.85
1644580800,2.852,2.858,2.846,2.858
1644582600,2.858,2.87,2.854,2.864
1644584400,2.866,2.888,2.864,2.882
1644586200,2.882,2.894,2.88,2.892
1644588000,2.888,2.91,2.886,2.892
1644589800,2.892,2.91,2.88,2.9
1644591600,2.902,2.902,2.902,2.902
1644820200,2.86,2.86,2.86,2.86
1644822000,2.86,2.888,2.85,2.854
1644823800,2.854,2.872,2.84,2.868
1644825600,2.866,2.878,2.86,2.864
1644827400,2.864,2.864,2.826,2.84
1644829200,2.836,2.854,2.828,2.846
1644831000,2.848,2.85,2.832,2.836
1644832800,2.836,2.85,2.826,2.842
1644834600,2.84,2.856,2.84,2.856
1644836400,2.856,2.874,2.854,2.872
1644838200,2.872,2.876,2.856,2.872
1644840000,2.874,2.874,2.84,2.85
1644841800,2.85,2.872,2.85,2.87
1644843600,2.872,2.882,2.868,2.878
1644845400,2.88,2.888,2.874,2.874
1644847200,2.878,2.878,2.87,2.876
1644849000,2.876,2.878,2.852,2.858
1644850800,2.872,2.872,2.872,2.872
1644906600,2.898,2.898,2.898,2.898
1644908400,2.89,2.9,2.876,2.878
1644910200,2.882,2.882,2.85,2.874
1644912000,2.876,2.92,2.866,2.916
1644913800,2.918,2.922,2.91,2.912
1644915600,2.912,2.916,2.906,2.914
1644917400,2.914,2.914,2.906,2.914
1644919200,2.914,2.916,2.91,2.914
1644921000,2.916,2.93,2.914,2.928
1644922800,2.926,2.934,2.926,2.928
1644924600,2.928,2.932,2.926,2.93
1644926400,2.93,2.932,2.922,2.928
1644928200,2.93,2.934,2.918,2.924
1644930000,2.924,2.932,2.922,2.93
1644931800,2.928,2.932,2.912,2.918
1644933600,2.916,2.94,2.916,2.934
1644935400,2.934,2.938,2.93,2.936
1644937200,2.936,2.936,2.936,2.936
1644993000,2.96,2.96,2.96,2.96
1644994800,2.958,2.96,2.942,2.946
1644996600,2.946,2.952,2.94,2.946
1644998400,2.946,2.952,2.944,2.944
1645000200,2.946,2.946,2.938,2.94
1645002000,2.938,2.94,2.928,2.928
1645003800,2.93,2.938,2.93,2.938
1645005600,2.938,2.94,2.934,2.934
1645007400,2.934,2.94,2.93,2.936
1645009200,2.936,2.948,2.936,2.944
1645011000,2.946,2.948,2.944,2.944
1645012800,2.942,2.944,2.94,2.942
1645014600,2.942,2.948,2.94,2.94
1645016400,2.942,2.946,2.94,2.942
1645018200,2.942,2.946,2.938,2.94
1645020000,2.94,2.94,2.924,2.928
1645021800,2.924,2.934,2.918,2.924
1645023600,2.922,2.922,2.922,2.922
1645079400,2.948,2.948,2.948,2.948
1645081200,2.946,2.946,2.922,2.94
1645083000,2.94,2.942,2.93,2.932
1645084800,2.932,2.934,2.922,2.922
1645086600,2.922,2.934,2.872,2.916
1645088400,2.916,2.924,2.912,2.916
1645090200,2.92,2.932,2.918,2.932
1645092000,2.928,2.94,2.922,2.932
1645093800,2.93,2.934,2.922,2.928
1645095600,2.928,2.932,2.918,2.932
1645097400,2.932,2.936,2.928,2.932
1645099200,2.934,2.948,2.934,2.946
1645101000,2.946,2.946,2.938,2.942
1645102800,2.94,2.946,2.914,2.926
1645104600,2.924,2.928,2.906,2.916
1645106400,2.914,2.92,2.896,2.896
1645108200,2.894,2.924,2.882,2.9
1645110000,2.882,2.882,2.882,2.882
1645165800,2.894,2.894,2.894,2.894
1645167600,2.898,2.92,2.894,2.902
1645169400,2.904,2.93,2.904,2.924
1645171200,2.924,2.932,2.922,2.93
1645173000,2.93,2.942,2.93,2.938
1645174800,2.938,2.948,2.932,2.932
1645176600,2.938,2.944,2.93,2.938
1645178400,2.942,2.942,2.934,2.94
1645180200,2.94,2.94,2.932,2.932
1645182000,2.932,2.936,2.916,2.926
1645183800,2.924,2.926,2.92,2.926
1645185600,2.926,2.934,2.918,2.932
1645187400,2.934,2.936,2.924,2.924
1645189200,2.928,2.928,2.904,2.914
1645191000,2.914,2.928,2.906,2.928
1645192800,2.928,2.942,2.926,2.932
1645194600,2.932,2.94,2.928,2.94
1645196400,2.938,2.938,2.938,2.938
1645425000,2.95,2.95,2.95,2.95
1645426800,2.95,2.96,2.94,2.942
1645428600,2.942,2.948,2.936,2.942
1645430400,2.94,2.94,2.932,2.938
1645432200,2.936,2.938,2.924,2.932
1645434000,2.932,2.932,2.92,2.926
1645435800,2.926,2.936,2.924,2.928
1645437600,2.932,2.932,2.924,2.928
1645439400,2.924,2.928,2.914,2.922
1645441200,2.924,2.934,2.918,2.918
1645443000,2.918,2.932,2.906,2.92
1645444800,2.924,2.938,2.924,2.938
1645446600,2.938,2.94,2.922,2.926
1645448400,2.926,2.928,2.908,2.908
1645450200,2.914,2.92,2.908,2.912
1645452000,2.91,2.936,2.91,2.936
1645453800,2.934,2.938,2.924,2.932
1645455600,2.922,2.922,2.922,2.922
1645511400,2.894,2.894,2.894,2.894
1645513200,2.886,2.888,2.848,2.878
1645515000,2.874,2.894,2.866,2.888
1645516800,2.888,2.902,2.878,2.892
1645518600,2.89,2.894,2.878,2.884
1645520400,2.886,2.886,2.874,2.88
1645522200,2.88,2.886,2.874,2.876
1645524000,2.872,2.88,2.868,2.874
1645525800,2.874,2.884,2.87,2.88
1645527600,2.884,2.89,2.874,2.882
1645529400,2.884,2.894,2.88,2.89
1645531200,2.894,2.896,2.87,2.876
1645533000,2.876,2.878,2.866,2.868
1645534800,2.868,2.874,2.864,2.87
1645536600,2.87,2.882,2.87,2.874
1645538400,2.876,2.876,2.87,2.872
1645540200,2.872,2.884,2.87,2.88
1645542000,2.874,2.874,2.874,2.874
1645597800,2.87,2.87,2.87,2.87
1645599600,2.87,2.9,2.87,2.884
1645601400,2.886,2.898,2.882,2.888
1645603200,2.886,2.888,2.88,2.886
1645605000,2.884,2.892,2.878,2.89
1645606800,2.894,2.912,2.89,2.902
1645608600,2.9,2.918,2.9,2.904
1645610400,2.906,2.906,2.894,2.896
1645612200,2.9,2.91,2.9,2.906
1645614000,2.906,2.906,2.898,2.902
1645615800,2.902,2.91,2.9,2.9
1645617600,2.9,2.9,2.878,2.88
1645619400,2.88,2.888,2.866,2.884
1645621200,2.882,2.882,2.858,2.862
1645623000,2.862,2.886,2.862,2.88
1645624800,2.884,2.898,2.876,2.892
1645626600,2.894,2.898,2.878,2.882
1645628400,2.852,2.852,2.852,2.852
1645684200,2.69,2.69,2.69,2.69
1645686000,2.684,2.684,2.684,2.684
1645687800,2.682,2.762,2.582,2.648
1645689600,2.642,2.658,2.628,2.642
1645691400,2.642,2.664,2.63,2.65
1645693200,2.65,2.654,2.638,2.652
1645695000,2.65,2.652,2.624,2.628
1645696800,2.626,2.646,2.576,2.606
1645698600,2.606,2.636,2.574,2.576
1645700400,2.578,2.578,2.568,2.568
1645702200,2.568,2.616,2.568,2.6
1645704000,2.6,2.606,2.586,2.586
1645705800,2.586,2.602,2.582,2.598
1645707600,2.596,2.642,2.584,2.624
1645709400,2.624,2.688,2.614,2.662
1645711200,2.66,2.67,2.626,2.636
1645713000,2.636,2.64,2.6,2.618
1645714800,2.64,2.64,2.64,2.64
1645770600,2.642,2.642,2.642,2.642
1645772400,2.642,2.73,2.642,2.684
1645774200,2.684,2.71,2.682,2.7
1645776000,2.7,2.716,2.696,2.704
1645777800,2.706,2.71,2.692,2.696
1645779600,2.696,2.708,2.696,2.704
1645781400,2.702,2.734,2.7,2.73
1645783200,2.73,2.744,2.726,2.734
1645785000,2.738,2.774,2.736,2.754
1645786800,2.756,2.778,2.74,2.746
1645788600,2.746,2.75,2.736,2.74
1645790400,2.742,2.76,2.722,2.728
1645792200,2.728,2.74,2.716,2.738
1645794000,2.738,2.744,2.718,2.722
1645795800,2.72,2.738,2.708,2.72
1645797600,2.72,2.724,2.704,2.704
1645799400,2.706,2.708,2.68,2.684
1645801200,2.684,2.684,2.684,2.684
1646029800,2.672,2.672,2.672,2.672
1646031600,2.668,2.668,2.54,2.54
1646033400,2.554,2.564,2.512,2.526
1646035200,2.526,2.528,2.476,2.5
1646037000,2.502,2.516,2.486,2.508
1646038800,2.508,2.518,2.498,2.514
1646040600,2.514,2.514,2.486,2.49
1646042400,2.49,2.496,2.468,2.482
1646044200,2.484,2.486,2.464,2.476
1646046000,2.476,2.48,2.472,2.478
1646047800,2.48,2.488,2.478,2.482
1646049600,2.484,2.502,2.482,2.498
1646051400,2.498,2.5,2.476,2.486
1646053200,2.486,2.486,2.454,2.456
1646055000,2.458,2.462,2.428,2.448
1646056800,2.446,2.448,2.418,2.424
1646058600,2.424,2.434,2.416,2.424
1646060400,2.416,2.416,2.416,2.416
1646116200,2.418,2.418,2.418,2.418
1646118000,2.422,2.444,2.382,2.404
1646119800,2.406,2.424,2.396,2.4
1646121600,2.4,2.416,2.398,2.408
1646123400,2.41,2.41,2.384,2.39
1646125200,2.39,2.392,2.37,2.374
1646127000,2.374,2.376,2.344,2.366
1646128800,2.368,2.368,2.322,2.326
1646130600,2.328,2.34,2.314,2.33
1646132400,2.33,2.356,2.328,2.348
1646134200,2.35,2.364,2.328,2.336
1646136000,2.336,2.35,2.328,2.348
1646137800,2.35,2.35,2.342,2.348
1646139600,2.346,2.352,2.34,2.35
1646141400,2.35,2.35,2.344,2.348
1646143200,2.35,2.35,2.334,2.338
1646145000,2.336,2.342,2.322,2.334
1646146800,2.348,2.348,2.348,2.348
1646202600,2.356,2.356,2.356,2.356
1646204400,2.36,2.37,2.308,2.31
1646206200,2.312,2.322,2.296,2.312
1646208000,2.312,2.326,2.31,2.324
1646209800,2.322,2.326,2.308,2.308
1646211600,2.31,2.32,2.302,2.312
1646213400,2.312,2.326,2.31,2.32
1646215200,2.32,2.322,2.306,2.31
1646217000,2.31,2.318,2.308,2.31
1646218800,2.31,2.31,2.3,2.306
1646220600,2.306,2.314,2.298,2.302
1646222400,2.302,2.308,2.298,2.3
1646224200,2.3,2.3,2.284,2.294
1646226000,2.294,2.3,2.288,2.29
1646227800,2.29,2.294,2.27,2.288
1646229600,2.288,2.302,2.284,2.29
1646231400,2.292,2.298,2.27,2.284
1646233200,2.27,2.27,2.27,2.27
1646289000,2.282,2.282,2.282,2.282
1646290800,2.284,2.32,2.274,2.308
1646292600,2.308,2.316,2.304,2.31
1646294400,2.31,2.324,2.288,2.308
1646296200,2.308,2.308,2.288,2.296
1646298000,2.298,2.298,2.286,2.292
1646299800,2.29,2.33,2.282,2.282
1646301600,2.282,2.29,2.276,2.276
1646303400,2.278,2.284,2.258,2.284
1646305200,2.284,2.312,2.28,2.304
1646307000,2.302,2.312,2.27,2.276
1646308800,2.28,2.282,2.27,2.28
1646310600,2.28,2.28,2.268,2.272
1646312400,2.272,2.276,2.266,2.266
1646314200,2.268,2.286,2.258,2.276
1646316000,2.278,2.286,2.266,2.27
1646317800,2.268,2.276,2.258,2.262
1646319600,2.26,2.26,2.26,2.26
1646375400,2.25,2.25,2.25,2.25
1646377200,2.252,2.258,2.232,2.234
1646379000,2.234,2.246,2.234,2.238
1646380800,2.236,2.242,2.228,2.23
1646382600,2.23,2.23,2.194,2.202
1646384400,2.196,2.202,2.188,2.196
1646386200,2.194,2.2,2.188,2.2
1646388000,2.2,2.204,2.188,2.2
1646389800,2.2,2.2,2.19,2.194
1646391600,2.194,2.204,2.192,2.204
1646393400,2.202,2.204,2.196,2.196
1646395200,2.198,2.198,2.19,2.19
1646397000,2.194,2.202,2.162,2.166
1646398800,2.168,2.174,2.164,2.168
1646400600,2.168,2.174,2.154,2.16
1646402400,2.16,2.178,2.152,2.172
1646404200,2.17,2.176,2.15,2.164
1646406000,2.152,2.152,2.152,2.152
1646634600,2.128,2.128,2.128,2.128
1646636400,2.13,2.198,2.126,2.178
1646638200,2.178,2.186,2.148,2.154
1646640000,2.154,2.166,2.138,2.14
1646641800,2.14,2.156,2.138,2.148
1646643600,2.148,2.156,2.14,2.15
1646645400,2.15,2.178,2.148,2.174
1646647200,2.174,2.184,2.17,2.176
1646649000,2.176,2.204,2.172,2.19
1646650800,2.192,2.214,2.18,2.206
1646652600,2.206,2.212,2.19,2.202
1646654400,2.202,2.224,2.196,2.212
1646656200,2.214,2.22,2.202,2.206
1646658000,2.206,2.224,2.196,2.21
1646659800,2.212,2.232,2.212,2.23
1646661600,2.232,2.236,2.22,2.228
1646663400,2.228,2.23,2.2,2.212
1646665200,2.204,2.204,2.204,2.204
1646721000,2.204,2.204,2.204,2.204
1646722800,2.206,2.214,2.184,2.198
1646724600,2.202,2.202,2.186,2.19
1646726400,2.188,2.2,2.176,2.184
1646728200,2.186,2.204,2.166,2.188
1646730000,2.19,2.2,2.184,2.196
1646731800,2.198,2.198,2.178,2.186
1646733600,2.188,2.196,2.18,2.194
1646735400,2.196,2.22,2.19,2.21
1646737200,2.21,2.214,2.196,2.198
1646739000,2.2,2.206,2.196,2.202
1646740800,2.202,2.216,2.2,2.208
1646742600,2.206,2.21,2.194,2.2
1646744400,2.2,2.202,2.186,2.196
1646746200,2.196,2.2,2.18,2.198
1646748000,2.196,2.202,2.188,2.188
1646749800,2.19,2.194,2.18,2.192
1646751600,2.192,2.192,2.192,2.192
1646807400,2.216,2.216,2.216,2.216
1646809200,2.214,2.22,2.2,2.208
1646811000,2.208,2.22,2.2,2.212
1646812800,2.212,2.218,2.206,2.214
1646814600,2.214,2.244,2.214,2.222
1646816400,2.222,2.228,2.212,2.224
1646818200,2.224,2.256,2.222,2.248
1646820000,2.248,2.272,2.248,2.256
1646821800,2.256,2.27,2.248,2.266
1646823600,2.264,2.266,2.254,2.254
1646825400,2.256,2.258,2.246,2.254
1646827200,2.254,2.268,2.252,2.256
1646829000,2.254,2.256,2.248,2.25
1646830800,2.252,2.27,2.248,2.256
1646832600,2.254,2.262,2.252,2.252
1646834400,2.252,2.264,2.25,2.258
1646836200,2.26,2.264,2.244,2.246
1646838000,2.246,2.246,2.246,2.246
1646893800,2.268,2.268,2.268,2.268
1646895600,2.268,2.288,2.266,2.27
1646897400,2.268,2.276,2.26,2.27
1646899200,2.27,2.272,2.26,2.262
1646901000,2.262,2.264,2.212,2.236
1646902800,2.236,2.248,2.234,2.24
1646904600,2.24,2.244,2.21,2.216
1646906400,2.216,2.226,2.19,2.22
1646908200,2.22,2.224,2.208,2.21
1646910000,2.21,2.216,2.2,2.212
1646911800,2.214,2.214,2.204,2.21
1646913600,2.208,2.212,2.202,2.208
1646915400,2.208,2.208,2.192,2.2
1646917200,2.2,2.208,2.196,2.2
1646919000,2.2,2.21,2.2,2.21
1646920800,2.21,2.216,2.208,2.21
1646922600,2.21,2.212,2.202,2.206
1646924400,2.206,2.206,2.206,2.206
1646980200,2.206,2.206,2.206,2.206
1646982000,2.208,2.222,2.204,2.22
1646983800,2.22,2.22,2.21,2.214
1646985600,2.214,2.216,2.2,2.206
1646987400,2.204,2.208,2.19,2.196
1646989200,2.196,2.198,2.182,2.196
1646991000,2.194,2.196,2.188,2.192
1646992800,2.192,2.2,2.19,2.196
1646994600,2.196,2.198,2.19,2.196
1646996400,2.194,2.224,2.19,2.224
1646998200,2.224,2.274,2.224,2.248
1647000000,2.248,2.25,2.23,2.242
1647001800,2.244,2.266,2.24,2.25
1647003600,2.25,2.27,2.248,2.258
1647005400,2.26,2.268,2.256,2.262
1647007200,2.262,2.262,2.242,2.244
1647009000,2.242,2.244,2.228,2.24
1647010800,2.23,2.23,2.23,2.23
1647239400,2.242,2.242,2.242,2.242
1647241200,2.244,2.254,2.226,2.232
1647243000,2.232,2.246,2.23,2.24
1647244800,2.24,2.252,2.24,2.248
1647246600,2.246,2.266,2.242,2.26
1647248400,2.258,2.264,2.254,2.256
1647250200,2.256,2.26,2.252,2.258
1647252000,2.258,2.268,2.254,2.258
1647253800,2.258,2.262,2.252,2.256
1647255600,2.256,2.26,2.254,2.256
1647257400,2.256,2.258,2.252,2.252
1647259200,2.254,2.256,2.25,2.252
1647261000,2.252,2.254,2.25,2.252
1647262800,2.25,2.256,2.248,2.248
1647264600,2.25,2.252,2.242,2.244
1647266400,2.242,2.254,2.242,2.254
1647268200,2.254,2.256,2.25,2.254
1647270000,2.24,2.24,2.24,2.24
1647325800,2.244,2.244,2.244,2.244
1647327600,2.25,2.288,2.25,2.28
1647329400,2.28,2.29,2.274,2.286
1647331200,2.286,2.29,2.272,2.276
1647333000,2.276,2.278,2.27,2.276
1647334800,2.274,2.304,2.274,2.298
1647336600,2.296,2.312,2.296,2.304
1647338400,2.304,2.308,2.294,2.3
1647340200,2.3,2.304,2.296,2.3
1647342000,2.3,2.3,2.29,2.29
1647343800,2.292,2.296,2.284,2.288
1647345600,2.288,2.294,2.284,2.294
1647347400,2.296,2.298,2.288,2.292
1647349200,2.292,2.296,2.286,2.29
1647351000,2.29,2.304,2.29,2.302
1647352800,2.3,2.302,2.286,2.296
1647354600,2.298,2.298,2.282,2.284
1647356400,2.282,2.282,2.282,2.282
1647412200,2.302,2.302,2.302,2.302
1647414000,2.304,2.35,2.302,2.35
1647415800,2.35,2.354,2.33,2.338
1647417600,2.338,2.344,2.328,2.338
1647419400,2.336,2.344,2.318,2.32
1647421200,2.322,2.328,2.316,2.324
1647423000,2.324,2.332,2.322,2.33
1647424800,2.328,2.33,2.322,2.328
1647426600,2.328,2.328,2.318,2.324
1647428400,2.324,2.326,2.322,2.324
1647430200,2.324,2.326,2.318,2.322
1647432000,2.322,2.324,2.32,2.324
1647433800,2.324,2.324,2.314,2.316
1647435600,2.316,2.318,2.304,2.312
1647437400,2.312,2.316,2.31,2.312
1647439200,2.312,2.336,2.308,2.322
1647441000,2.322,2.322,2.308,2.32
1647442800,2.32,2.32,2.32,2.32
1647498600,2.336,2.336,2.336,2.336
1647500400,2.336,2.35,2.33,2.342
1647502200,2.342,2.356,2.342,2.348
1647504000,2.348,2.352,2.342,2.352
1647505800,2.352,2.354,2.348,2.348
1647507600,2.348,2.35,2.336,2.336
1647509400,2.336,2.344,2.332,2.338
1647511200,2.336,2.338,2.322,2.328
1647513000,2.328,2.328,2.318,2.32
1647514800,2.322,2.33,2.32,2.328
1647516600,2.326,2.33,2.322,2.322
1647518400,2.324,2.324,2.318,2.324
1647520200,2.324,2.332,2.322,2.326
1647522000,2.324,2.328,2.32,2.322
1647523800,2.322,2.334,2.322,2.33
1647525600,2.33,2.334,2.326,2.33
1647527400,2.332,2.334,2.322,2.332
1647529200,2.336,2.336,2.336,2.336
1647585000,2.352,2.352,2.352,2.352
1647586800,2.352,2.378,2.346,2.354
1647588600,2.354,2.356,2.346,2.348
1647590400,2.35,2.352,2.342,2.348
1647592200,2.346,2.352,2.344,2.344
1647594000,2.346,2.354,2.342,2.354
1647595800,2.352,2.356,2.35,2.354
1647597600,2.352,2.354,2.346,2.352
1647599400,2.352,2.352,2.344,2.348
1647601200,2.348,2.35,2.344,2.346
1647603000,2.348,2.348,2.342,2.346
1647604800,2.344,2.348,2.34,2.346
1647606600,2.346,2.348,2.342,2.342
1647608400,2.342,2.346,2.336,2.34
1647610200,2.34,2.346,2.338,2.346
1647612000,2.346,2.346,2.336,2.344
1647613800,2.344,2.35,2.342,2.348
1647615600,2.418,2.418,2.418,2.418
1647844200,2.42,2.42,2.42,2.42
1647846000,2.422,2.44,2.418,2.426
1647847800,2.426,2.442,2.424,2.442
1647849600,2.442,2.448,2.432,2.44
1647851400,2.44,2.448,2.438,2.442
1647853200,2.442,2.442,2.432,2.434
1647855000,2.434,2.438,2.432,2.434
1647856800,2.434,2.436,2.432,2.432
1647858600,2.434,2.436,2.43,2.434
1647860400,2.434,2.44,2.432,2.44
1647862200,2.44,2.44,2.434,2.438
1647864000,2.44,2.44,2.43,2.434
1647865800,2.434,2.438,2.432,2.438
1647867600,2.438,2.444,2.436,2.442
1647869400,2.442,2.45,2.442,2.448
1647871200,2.446,2.45,2.442,2.448
1647873000,2.448,2.45,2.438,2.444
1647874800,2.44,2.44,2.44,2.44
1647930600,2.442,2.442,2.442,2.442
1647932400,2.444,2.474,2.432,2.468
1647934200,2.468,2.474,2.464,2.468
1647936000,2.468,2.486,2.466,2.482
1647937800,2.482,2.484,2.466,2.468
1647939600,2.466,2.468,2.456,2.462
1647941400,2.46,2.462,2.45,2.454
1647943200,2.454,2.456,2.438,2.446
1647945000,2.446,2.456,2.444,2.446
1647946800,2.446,2.45,2.442,2.446
1647948600,2.444,2.448,2.44,2.444
1647950400,2.444,2.448,2.44,2.448
1647952200,2.448,2.452,2.446,2.45
1647954000,2.45,2.454,2.448,2.452
1647955800,2.45,2.462,2.448,2.458
1647957600,2.46,2.466,2.454,2.466
1647959400,2.464,2.47,2.46,2.47
1647961200,2.468,2.468,2.468,2.468
1648017000,2.474,2.474,2.474,2.474
1648018800,2.474,2.476,2.448,2.458
1648020600,2.458,2.46,2.438,2.444
1648022400,2.444,2.448,2.422,2.436
1648024200,2.436,2.442,2.434,2.442
1648026000,2.442,2.442,2.436,2.44
1648027800,2.44,2.442,2.434,2.44
1648029600,2.442,2.444,2.436,2.438
1648031400,2.438,2.446,2.436,2.444
1648033200,2.444,2.446,2.44,2.444
1648035000,2.444,2.446,2.44,2.44
1648036800,2.442,2.444,2.438,2.44
1648038600,2.44,2.442,2.432,2.442
1648040400,2.442,2.444,2.436,2.442
1648042200,2.44,2.442,2.432,2.442
1648044000,2.442,2.442,2.436,2.436
1648045800,2.436,2.442,2.436,2.438
1648047600,2.436,2.436,2.436,2.436
1648103400,2.446,2.446,2.446,2.446
1648105200,2.446,2.45,2.436,2.438
1648107000,2.438,2.438,2.428,2.434
1648108800,2.436,2.438,2.43,2.432
1648110600,2.432,2.436,2.416,2.42
1648112400,2.42,2.422,2.406,2.406
1648114200,2.406,2.412,2.396,2.412
1648116000,2.41,2.412,2.404,2.41
1648117800,2.412,2.414,2.394,2.4
1648119600,2.4,2.404,2.396,2.402
1648121400,2.402,2.404,2.4,2.402
1648123200,2.404,2.406,2.398,2.406
1648125000,2.406,2.408,2.404,2.406
1648126800,2.406,2.408,2.402,2.408
1648128600,2.408,2.408,2.404,2.408
1648130400,2.41,2.412,2.39,2.396
1648132200,2.396,2.398,2.39,2.392
1648134000,2.4,2.4,2.4,2.4
1648189800,2.402,2.402,2.402,2.402
1648191600,2.404,2.406,2.39,2.394
1648193400,2.392,2.418,2.392,2.418
1648195200,2.416,2.418,2.398,2.398
1648197000,2.4,2.402,2.392,2.398
1648198800,2.394,2.402,2.394,2.396
1648200600,2.396,2.396,2.38,2.388
1648202400,2.388,2.392,2.386,2.392
1648204200,2.392,2.394,2.388,2.39
1648206000,2.394,2.396,2.388,2.39
1648207800,2.388,2.396,2.388,2.396
1648209600,2.394,2.396,2.39,2.39
1648211400,2.394,2.394,2.39,2.394
1648213200,2.394,2.396,2.388,2.396
1648215000,2.396,2.396,2.388,2.39
1648216800,2.39,2.392,2.38,2.39
1648218600,2.39,2.396,2.384,2.394
1648220400,2.394,2.394,2.384,2.384
1648449000,2.39,2.39,2.39,2.39
1648450800,2.392,2.446,2.39,2.442
1648452600,2.442,2.458,2.436,2.438
1648454400,2.438,2.442,2.436,2.44
1648456200,2.44,2.442,2.436,2.438
1648458000,2.438,2.446,2.436,2.442
1648459800,2.442,2.442,2.436,2.438
1648461600,2.438,2.44,2.436,2.438
1648463400,2.438,2.442,2.438,2.44
1648465200,2.44,2.442,2.436,2.442
1648467000,2.442,2.442,2.436,2.438
1648468800,2.438,2.442,2.436,2.44
1648470600,2.44,2.442,2.436,2.442
1648472400,2.44,2.444,2.432,2.434
1648474200,2.434,2.436,2.424,2.426
1648476000,2.428,2.448,2.42,2.442
1648477800,2.44,2.444,2.438,2.442
1648479600,2.44,2.44,2.44,2.44
1648535400,2.52,2.52,2.52,2.52
1648537200,2.52,2.59,2.52,2.582
1648539000,2.582,2.624,2.576,2.618
1648540800,2.616,2.624,2.59,2.596
1648542600,2.596,2.604,2.592,2.596
1648544400,2.596,2.6,2.592,2.598
1648546200,2.598,2.61,2.596,2.6
1648548000,2.6,2.616,2.6,2.61
1648549800,2.608,2.644,2.608,2.634
1648551600,2.634,2.644,2.622,2.636
1648553400,2.638,2.65,2.624,2.642
1648555200,2.642,2.684,2.642,2.684
1648557000,2.684,2.684,2.68,2.684
1648558800,2.684,2.684,2.664,2.678
1648560600,2.676,2.684,2.62,2.672
1648562400,2.672,2.684,2.66,2.684
1648564200,2.684,2.684,2.68,2.684
1648566000,2.684,2.684,2.684,2.684
1648621800,2.74,2.74,2.74,2.74
1648623600,2.742,2.85,2.74,2.812
1648625400,2.812,2.812,2.774,2.78
1648627200,2.78,2.784,2.756,2.782
1648629000,2.782,2.786,2.762,2.764
1648630800,2.764,2.764,2.742,2.746
1648632600,2.746,2.752,2.738,2.74
1648634400,2.742,2.742,2.712,2.72
1648636200,2.72,2.73,2.716,2.726
1648638000,2.728,2.754,2.726,2.746
1648639800,2.746,2.746,2.726,2.734
1648641600,2.732,2.736,2.72,2.734
1648643400,2.732,2.77,2.732,2.77
1648645200,2.77,2.776,2.756,2.764
1648647000,2.766,2.766,2.736,2.738
1648648800,2.738,2.744,2.734,2.74
1648650600,2.74,2.74,2.722,2.726
1648652400,2.722,2.722,2.722,2.722
1648708200,2.728,2.728,2.728,2.728
1648710000,2.728,2.74,2.67,2.702
1648711800,2.704,2.708,2.692,2.692
1648713600,2.694,2.698,2.686,2.69
1648715400,2.69,2.69,2.676,2.686
1648717200,2.686,2.688,2.672,2.686
1648719000,2.686,2.69,2.68,2.68
1648720800,2.682,2.686,2.674,2.676
1648722600,2.676,2.682,2.672,2.678
1648724400,2.68,2.684,2.674,2.68
1648726200,2.68,2.688,2.676,2.686
1648728000,2.684,2.698,2.684,2.692
1648729800,2.692,2.698,2.686,2.692
1648731600,2.692,2.692,2.684,2.684
1648733400,2.684,2.692,2.682,2.682
1648735200,2.684,2.69,2.682,2.684
1648737000,2.686,2.686,2.676,2.684
1648738800,2.684,2.684,2.684,2.684
1648794600,2.686,2.686,2.686,2.686
1648796400,2.69,2.714,2.69,2.7
1648798200,2.7,2.72,2.698,2.714
1648800000,2.714,2.754,2.712,2.752
1648801800,2.752,2.758,2.744,2.746
1648803600,2.746,2.764,2.744,2.758
1648805400,2.758,2.76,2.75,2.752
1648807200,2.754,2.766,2.746,2.76
1648809000,2.758,2.76,2.752,2.754
1648810800,2.756,2.776,2.754,2.77
1648812600,2.768,2.786,2.768,2.784
1648814400,2.784,2.786,2.77,2.772
1648816200,2.774,2.776,2.754,2.76
1648818000,2.758,2.76,2.75,2.75
1648819800,2.752,2.752,2.714,2.728
1648821600,2.73,2.742,2.73,2.738
1648823400,2.738,2.744,2.724,2.742
1648825200,2.74,2.74,2.74,2.74
1649053800,2.762,2.762,2.762,2.762
1649055600,2.77,2.814,2.762,2.798
1649057400,2.8,2.802,2.792,2.8
1649059200,2.8,2.82,2.796,2.812
1649061000,2.812,2.828,2.808,2.818
1649062800,2.816,2.822,2.808,2.816
1649064600,2.814,2.818,2.81,2.812
1649066400,2.812,2.814,2.802,2.806
1649068200,2.804,2.812,2.802,2.81
1649070000,2.808,2.812,2.806,2.808
1649071800,2.808,2.81,2.804,2.806
1649073600,2.808,2.81,2.802,2.81
1649075400,2.81,2.818,2.808,2.81
1649077200,2.812,2.822,2.808,2.818
1649079000,2.818,2.82,2.804,2.808
1649080800,2.806,2.814,2.806,2.808
1649082600,2.81,2.818,2.806,2.818
1649084400,2.818,2.818,2.818,2.818
1649140200,2.826,2.826,2.826,2.826
1649142000,2.83,2.85,2.8,2.802
1649143800,2.804,2.804,2.75,2.798
1649145600,2.8,2.818,2.796,2.808
1649147400,2.806,2.808,2.794,2.804
1649149200,2.804,2.812,2.8,2.808
1649151000,2.808,2.808,2.796,2.8
1649152800,2.8,2.804,2.796,2.796
1649154600,2.796,2.798,2.784,2.79
1649156400,2.79,2.802,2.79,2.802
1649158200,2.802,2.804,2.798,2.802
1649160000,2.802,2.808,2.798,2.802
1649161800,2.804,2.814,2.8,2.8
1649163600,2.802,2.812,2.8,2.812
1649165400,2.812,2.82,2.798,2.804
1649167200,2.804,2.81,2.782,2.79
1649169000,2.79,2.82,2.786,2.812
1649170800,2.81,2.81,2.81,2.81
1649226600,2.802,2.802,2.802,2.802
1649228400,2.806,2.826,2.796,2.824
1649230200,2.824,2.83,2.802,2.82
1649232000,2.824,2.828,2.808,2.81
1649233800,2.81,2.812,2.802,2.806
1649235600,2.804,2.818,2.804,2.818
1649237400,2.816,2.82,2.802,2.808
1649239200,2.806,2.81,2.798,2.808
1649241000,2.808,2.81,2.796,2.802
1649242800,2.8,2.804,2.788,2.796
1649244600,2.798,2.8,2.78,2.784
1649246400,2.784,2.8,2.782,2.792
1649248200,2.79,2.798,2.782,2.788
1649250000,2.788,2.794,2.786,2.788
1649251800,2.79,2.79,2.778,2.778
1649253600,2.78,2.78,2.766,2.774
1649255400,2.774,2.788,2.772,2.78
1649257200,2.786,2.786,2.786,2.786
1649313000,2.786,2.786,2.786,2.786
1649314800,2.786,2.802,2.774,2.78
1649316600,2.778,2.8,2.77,2.792
1649318400,2.79,2.802,2.788,2.79
1649320200,2.79,2.796,2.788,2.792
1649322000,2.794,2.794,2.782,2.782
1649323800,2.784,2.788,2.782,2.784
1649325600,2.784,2.794,2.778,2.792
1649327400,2.792,2.794,2.788,2.792
1649329200,2.792,2.792,2.782,2.784
1649331000,2.784,2.79,2.778,2.788
1649332800,2.788,2.788,2.784,2.788
1649334600,2.788,2.79,2.78,2.782
1649336400,2.782,2.788,2.776,2.778
1649338200,2.778,2.778,2.77,2.774
1649340000,2.772,2.776,2.768,2.772
1649341800,2.772,2.784,2.77,2.782
1649343600,2.782,2.782,2.782,2.782
1649399400,2.79,2.79,2.79,2.79
1649401200,2.79,2.798,2.784,2.788
1649403000,2.786,2.798,2.782,2.798
1649404800,2.798,2.798,2.786,2.792
1649406600,2.792,2.792,2.784,2.79
1649408400,2.788,2.796,2.788,2.788
1649410200,2.788,2.792,2.784,2.79
1649412000,2.79,2.79,2.786,2.786
1649413800,2.788,2.788,2.784,2.788
1649415600,2.786,2.788,2.782,2.784
1649417400,2.786,2.786,2.784,2.784
1649419200,2.784,2.79,2.784,2.786
1649421000,2.788,2.79,2.784,2.786
1649422800,2.786,2.786,2.78,2.782
1649424600,2.782,2.788,2.78,2.784
1649426400,2.784,2.79,2.782,2.788
1649428200,2.788,2.808,2.786,2.802
1649430000,2.804,2.804,2.804,2.804
1649658600,2.82,2.82,2.82,2.82
1649660400,2.822,2.84,2.804,2.83
1649662200,2.832,2.874,2.83,2.872
1649664000,2.87,2.894,2.866,2.884
1649665800,2.882,2.886,2.87,2.878
1649667600,2.878,2.882,2.874,2.88
1649669400,2.876,2.88,2.868,2.872
1649671200,2.87,2.878,2.87,2.872
1649673000,2.87,2.882,2.858,2.866
1649674800,2.866,2.878,2.866,2.878
1649676600,2.878,2.89,2.876,2.886
1649678400,2.886,2.888,2.86,2.874
1649680200,2.876,2.886,2.874,2.884
1649682000,2.884,2.906,2.882,2.906
1649683800,2.906,2.918,2.9,2.906
1649685600,2.908,2.918,2.898,2.906
1649687400,2.908,2.914,2.902,2.91
1649689200,2.912,2.912,2.912,2.912
1649745000,2.938,2.938,2.938,2.938
1649746800,2.94,2.972,2.918,2.922
1649748600,2.922,2.932,2.912,2.916
1649750400,2.916,2.918,2.89,2.906
1649752200,2.904,2.908,2.88,2.888
1649754000,2.89,2.89,2.87,2.886
1649755800,2.886,2.888,2.88,2.882
1649757600,2.88,2.898,2.88,2.892
1649759400,2.894,2.9,2.892,2.898
1649761200,2.898,2.906,2.896,2.9
1649763000,2.9,2.912,2.9,2.902
1649764800,2.904,2.904,2.898,2.902
1649766600,2.902,2.926,2.902,2.922
1649768400,2.92,2.92,2.894,2.9
1649770200,2.902,2.936,2.902,2.928
1649772000,2.93,2.936,2.914,2.916
1649773800,2.918,2.93,2.914,2.93
1649775600,2.93,2.93,2.93,2.93
1649831400,2.946,2.946,2.946,2.946
1649833200,2.95,2.984,2.948,2.952
1649835000,2.952,2.96,2.944,2.948
1649836800,2.95,2.952,2.93,2.946
1649838600,2.946,2.952,2.946,2.95
1649840400,2.95,2.952,2.944,2.946
1649842200,2.944,2.952,2.942,2.946
1649844000,2.946,2.948,2.93,2.934
1649845800,2.934,2.948,2.934,2.942
1649847600,2.942,2.944,2.93,2.93
1649849400,2.932,2.942,2.93,2.94
1649851200,2.938,2.942,2.924,2.93
1649853000,2.934,2.934,2.872,2.896
1649854800,2.894,2.896,2.854,2.884
1649856600,2.884,2.912,2.882,2.91
1649858400,2.91,2.916,2.898,2.912
1649860200,2.912,2.912,2.892,2.898
1649862000,2.9,2.9,2.9,2.9
1649917800,2.912,2.912,2.912,2.912
1649919600,2.918,2.928,2.9,2.908
1649921400,2.908,2.924,2.906,2.916
1649923200,2.916,2.918,2.91,2.914
1649925000,2.91,2.914,2.908,2.912
1649926800,2.912,2.912,2.9,2.904
1649928600,2.904,2.914,2.902,2.906
1649930400,2.906,2.912,2.904,2.912
1649932200,2.912,2.912,2.906,2.908
1649934000,2.91,2.91,2.902,2.906
1649935800,2.906,2.906,2.898,2.9
1649937600,2.902,2.912,2.902,2.908
1649939400,2.91,2.914,2.906,2.91
1649941200,2.91,2.918,2.908,2.918
1649943000,2.918,2.922,2.912,2.918
1649944800,2.918,2.92,2.908,2.91
1649946600,2.91,2.91,2.902,2.904
1649948400,2.902,2.902,2.902,2.902
1650004200,2.916,2.916,2.916,2.916
1650006000,2.916,2.92,2.884,2.89
1650007800,2.89,2.912,2.888,2.912
1650009600,2.912,2.912,2.906,2.91
1650011400,2.91,2.912,2.904,2.904
1650013200,2.904,2.906,2.894,2.898
1650015000,2.898,2.902,2.896,2.9
1650016800,2.9,2.912,2.892,2.91
1650018600,2.91,2.91,2.902,2.91
1650020400,2.91,2.92,2.908,2.92
1650022200,2.918,2.92,2.912,2.916
1650024000,2.916,2.924,2.916,2.92
1650025800,2.918,2.924,2.914,2.916
1650027600,2.916,2.926,2.912,2.916
1650029400,2.916,2.922,2.912,2.918
1650031200,2.918,2.928,2.912,2.926
1650033000,2.924,2.928,2.918,2.928
1650034800,2.928,2.928,2.928,2.928
1650263400,2.952,2.952,2.952,2.952
1650265200,2.954,2.972,2.934,2.936
1650267000,2.936,2.95,2.93,2.948
1650268800,2.948,2.948,2.93,2.94
1650270600,2.942,2.946,2.936,2.94
1650272400,2.94,2.946,2.94,2.942
1650274200,2.946,2.952,2.942,2.948
1650276000,2.95,2.952,2.934,2.938
1650277800,2.94,2.942,2.934,2.936
1650279600,2.936,2.942,2.936,2.942
1650281400,2.94,2.944,2.938,2.94
1650283200,2.94,2.95,2.936,2.944
1650285000,2.944,2.944,2.938,2.944
1650286800,2.942,2.95,2.942,2.948
1650288600,2.948,2.952,2.946,2.948
1650290400,2.948,2.948,2.938,2.942
1650292200,2.94,2.942,2.926,2.93
1650294000,2.934,2.934,2.934,2.934
1650349800,2.95,2.95,2.95,2.95
1650351600,2.95,2.95,2.926,2.932
1650353400,2.932,2.94,2.926,2.93
1650355200,2.932,2.94,2.928,2.938
1650357000,2.938,2.942,2.932,2.932
1650358800,2.932,2.938,2.928,2.928
1650360600,2.93,2.932,2.922,2.924
1650362400,2.924,2.928,2.916,2.916
1650364200,2.918,2.918,2.892,2.904
1650366000,2.904,2.918,2.902,2.916
1650367800,2.916,2.93,2.916,2.922
1650369600,2.922,2.922,2.904,2.912
1650371400,2.912,2.914,2.894,2.898
1650373200,2.896,2.902,2.87,2.898
1650375000,2.898,2.912,2.89,2.91
1650376800,2.912,2.918,2.908,2.916
1650378600,2.916,2.918,2.908,2.914
1650380400,2.914,2.914,2.914,2.914
1650436200,2.92,2.92,2.92,2.92
1650438000,2.922,2.928,2.894,2.91
1650439800,2.912,2.916,2.888,2.89
1650441600,2.888,2.896,2.882,2.894
1650443400,2.892,2.918,2.892,2.914
1650445200,2.916,2.924,2.914,2.92
1650447000,2.92,2.932,2.916,2.93
1650448800,2.928,2.944,2.924,2.938
1650450600,2.938,2.94,2.916,2.92
1650452400,2.92,2.92,2.9,2.916
1650454200,2.918,2.92,2.916,2.918
1650456000,2.918,2.92,2.914,2.916
1650457800,2.916,2.918,2.914,2.916
1650459600,2.916,2.918,2.906,2.914
1650461400,2.914,2.924,2.91,2.916
1650463200,2.916,2.918,2.908,2.916
1650465000,2.914,2.916,2.902,2.906
1650466800,2.904,2.904,2.904,2.904
1650522600,2.924,2.924,2.924,2.924
1650524400,2.922,2.964,2.922,2.956
1650526200,2.956,2.97,2.956,2.958
1650528000,2.956,2.958,2.946,2.948
1650529800,2.946,2.97,2.944,2.962
1650531600,2.962,2.998,2.96,2.99
1650533400,2.992,3.004,2.988,2.992
1650535200,2.992,2.998,2.978,2.984
1650537000,2.984,2.996,2.968,2.99
1650538800,2.988,3.002,2.988,3
1650540600,3,3.008,2.998,2.998
1650542400,3.002,3.004,2.99,3.002
1650544200,3.002,3.01,2.996,3.008
1650546000,3.01,3.018,3.008,3.018
1650547800,3.018,3.04,3.004,3.012
1650549600,3.014,3.03,3.01,3.018
1650551400,3.016,3.038,3.014,3.036
1650553200,3.038,3.04,3.038,3.04
1650609000,3.1,3.1,3.1,3.1
1650610800,3.1,3.196,3.1,3.14
1650612600,3.142,3.156,3.122,3.136
1650614400,3.136,3.142,3.128,3.138
1650616200,3.138,3.138,3.118,3.13
1650618000,3.128,3.13,3.12,3.122
1650619800,3.122,3.13,3.092,3.118
1650621600,3.118,3.126,3.108,3.116
1650623400,3.116,3.124,3.114,3.116
1650625200,3.116,3.116,3.086,3.096
1650627000,3.094,3.098,3.08,3.094
1650628800,3.092,3.096,3.084,3.094
1650630600,3.096,3.096,3.072,3.082
1650632400,3.08,3.084,3.078,3.08
1650634200,3.08,3.09,3.07,3.082
1650636000,3.084,3.086,3.042,3.042
1650637800,3.042,3.044,2.99,2.994
1650639600,2.994,2.994,2.994,2.994
1650868200,2.994,2.994,2.994,2.994
1650870000,2.992,2.994,2.88,2.942
1650871800,2.942,2.968,2.932,2.962
1650873600,2.964,2.968,2.9,2.956
1650875400,2.956,2.964,2.924,2.938
1650877200,2.936,2.946,2.93,2.936
1650879000,2.938,2.954,2.932,2.942
1650880800,2.946,2.95,2.938,2.944
1650882600,2.944,2.952,2.938,2.948
1650884400,2.95,2.954,2.938,2.952
1650886200,2.952,2.97,2.95,2.964
1650888000,2.966,2.97,2.954,2.96
1650889800,2.962,2.974,2.962,2.972
1650891600,2.974,2.982,2.954,2.956
1650893400,2.956,2.972,2.956,2.96
1650895200,2.96,2.972,2.942,2.968
1650897000,2.968,2.97,2.96,2.964
1650898800,2.96,2.96,2.96,2.96
1650954600,2.99,2.99,2.99,2.99
1650956400,2.992,3.008,2.968,2.984
1650958200,2.984,2.992,2.976,2.98
1650960000,2.978,2.984,2.97,2.976
1650961800,2.974,2.98,2.966,2.976
1650963600,2.976,2.98,2.962,2.972
1650965400,2.974,2.974,2.966,2.968
1650967200,2.97,2.972,2.96,2.966
1650969000,2.966,2.972,2.958,2.962
1650970800,2.962,2.964,2.946,2.952
1650972600,2.952,2.958,2.924,2.94
1650974400,2.94,2.968,2.936,2.968
1650976200,2.968,2.99,2.968,2.98
1650978000,2.98,2.982,2.954,2.958
1650979800,2.956,2.958,2.92,2.93
1650981600,2.928,2.94,2.904,2.926
1650983400,2.922,2.922,2.886,2.904
1650985200,2.904,2.904,2.904,2.904
1651041000,2.898,2.898,2.898,2.898
1651042800,2.896,2.92,2.862,2.884
1651044600,2.884,2.9,2.882,2.888
1651046400,2.89,2.892,2.872,2.876
1651048200,2.876,2.878,2.86,2.862
1651050000,2.864,2.864,2.842,2.846
1651051800,2.846,2.85,2.834,2.846
1651053600,2.848,2.856,2.844,2.854
1651055400,2.854,2.864,2.848,2.85
1651057200,2.852,2.856,2.844,2.848
1651059000,2.846,2.86,2.844,2.858
1651060800,2.86,2.892,2.858,2.884
1651062600,2.884,2.894,2.882,2.892
1651064400,2.892,2.91,2.89,2.906
1651066200,2.906,2.918,2.902,2.914
1651068000,2.912,2.926,2.894,2.904
1651069800,2.904,2.914,2.898,2.908
1651071600,2.896,2.896,2.896,2.896
1651127400,2.9,2.9,2.9,2.9
1651129200,2.906,2.936,2.896,2.918
1651131000,2.918,2.93,2.916,2.926
1651132800,2.928,2.93,2.918,2.926
1651134600,2.926,2.93,2.926,2.93
1651136400,2.93,2.932,2.926,2.932
1651138200,2.93,2.932,2.918,2.92
1651140000,2.92,2.928,2.918,2.928
1651141800,2.926,2.932,2.924,2.93
1651143600,2.93,2.94,2.924,2.94
1651145400,2.942,2.944,2.918,2.934
1651147200,2.93,2.936,2.922,2.93
1651149000,2.93,2.946,2.928,2.938
1651150800,2.94,2.952,2.938,2.942
1651152600,2.942,2.958,2.928,2.952
1651154400,2.95,2.976,2.946,2.966
1651156200,2.968,2.972,2.956,2.97
1651158000,2.962,2.962,2.962,2.962
1651213800,2.964,2.964,2.964,2.964
1651215600,2.966,2.98,2.932,2.942
1651217400,2.942,2.944,2.936,2.944
1651219200,2.944,2.946,2.93,2.942
1651221000,2.94,2.942,2.93,2.93
1651222800,2.932,2.936,2.92,2.926
1651224600,2.924,2.926,2.914,2.922
1651226400,2.924,2.926,2.92,2.922
1651228200,2.92,2.926,2.918,2.926
1651230000,2.924,2.932,2.92,2.922
1651231800,2.922,2.922,2.914,2.918
1651233600,2.92,2.934,2.92,2.93
1651235400,2.932,2.932,2.918,2.926
1651237200,2.926,2.932,2.914,2.92
1651239000,2.922,2.948,2.92,2.946
1651240800,2.944,2.954,2.936,2.94
1651242600,2.94,2.964,2.934,2.964
1651244400,2.96,2.96,2.96,2.96
1651732200,2.972,2.972,2.972,2.972
1651734000,2.972,3,2.966,2.978
1651735800,2.978,2.982,2.97,2.98
1651737600,2.98,2.988,2.98,2.984
1651739400,2.982,2.984,2.98,2.984
1651741200,2.984,2.986,2.98,2.98
1651743000,2.982,3,2.98,2.994
1651744800,2.992,3.016,2.99,3.008
1651746600,3.006,3.036,3.006,3.028
1651748400,3.028,3.04,3.024,3.034
1651750200,3.034,3.036,3.022,3.034
1651752000,3.034,3.1,3.034,3.096
1651753800,3.098,3.1,3.092,3.1
1651755600,3.098,3.1,3.092,3.096
1651757400,3.096,3.1,3.04,3.046
1651759200,3.048,3.07,3.046,3.066
1651761000,3.066,3.066,3.026,3.05
1651762800,3.068,3.068,3.068,3.068
1651818600,3.04,3.04,3.04,3.04
1651820400,3.034,3.092,3.008,3.088
1651822200,3.088,3.134,3.068,3.116
1651824000,3.116,3.116,3.094,3.106
1651825800,3.104,3.104,3.09,3.098
1651827600,3.1,3.122,3.098,3.116
1651829400,3.114,3.122,3.106,3.116
1651831200,3.118,3.12,3.112,3.118
1651833000,3.118,3.118,3.108,3.112
1651834800,3.114,3.134,3.104,3.128
1651836600,3.128,3.136,3.118,3.126
1651838400,3.126,3.132,3.124,3.126
1651840200,3.126,3.134,3.126,3.132
1651842000,3.132,3.218,3.132,3.218
1651843800,3.218,3.236,3.15,3.17
1651845600,3.168,3.196,3.164,3.18
1651847400,3.178,3.2,3.174,3.186
1651849200,3.184,3.184,3.184,3.184
1652077800,3.196,3.196,3.196,3.196
1652079600,3.198,3.3,3.198,3.26
1652081400,3.26,3.264,3.194,3.218
1652083200,3.216,3.22,3.168,3.18
1652085000,3.182,3.202,3.164,3.194
1652086800,3.194,3.196,3.182,3.182
1652088600,3.18,3.198,3.166,3.174
1652090400,3.176,3.178,3.162,3.164
1652092200,3.164,3.164,3.128,3.134
1652094000,3.132,3.146,3.126,3.132
1652095800,3.132,3.154,3.114,3.144
1652097600,3.144,3.166,3.144,3.156
1652099400,3.158,3.162,3.148,3.158
1652101200,3.158,3.17,3.152,3.152
1652103000,3.152,3.154,3.138,3.15
1652104800,3.15,3.164,3.15,3.156
1652106600,3.154,3.154,3.124,3.126
1652108400,3.12,3.12,3.12,3.12
1652164200,3.12,3.12,3.12,3.12
1652166000,3.122,3.14,3.064,3.094
1652167800,3.094,3.136,3.094,3.118
1652169600,3.116,3.122,3.092,3.096
1652171400,3.094,3.1,3.08,3.088
1652173200,3.088,3.094,3.082,3.088
1652175000,3.088,3.104,3.088,3.104
1652176800,3.104,3.106,3.092,3.094
1652178600,3.094,3.094,3.086,3.088
1652180400,3.088,3.094,3.078,3.078
1652182200,3.078,3.082,3.076,3.08
1652184000,3.082,3.088,3.078,3.086
1652185800,3.086,3.092,3.078,3.082
1652187600,3.082,3.086,3.08,3.084
1652189400,3.084,3.086,3.074,3.076
1652191200,3.076,3.08,3.074,3.078
1652193000,3.078,3.09,3.074,3.078
1652194800,3.074,3.074,3.074,3.074
1652250600,3.074,3.074,3.074,3.074
1652252400,3.076,3.094,3.076,3.078
1652254200,3.078,3.078,2.998,3.012
1652256000,3.01,3.018,3.004,3.006
1652257800,3.006,3.016,2.994,3.016
1652259600,3.016,3.026,3.014,3.018
1652261400,3.018,3.018,3.012,3.014
1652263200,3.014,3.02,3.01,3.02
1652265000,3.02,3.05,3.018,3.044
1652266800,3.044,3.06,3.02,3.028
1652268600,3.03,3.056,3.024,3.054
1652270400,3.056,3.08,3.05,3.07
1652272200,3.07,3.088,3.026,3.044
1652274000,3.042,3.06,3.036,3.046
1652275800,3.048,3.064,3.04,3.062
1652277600,3.062,3.064,3.042,3.05
1652279400,3.05,3.052,3.038,3.046
1652281200,3.044,3.044,3.044,3.044
1652337000,3.018,3.018,3.018,3.018
1652338800,3.014,3.034,2.966,2.972
1652340600,2.968,2.982,2.962,2.976
1652342400,2.972,2.982,2.97,2.98
1652344200,2.98,2.982,2.936,2.946
1652346000,2.946,2.95,2.902,2.93
1652347800,2.93,2.936,2.916,2.928
1652349600,2.928,2.946,2.928,2.942
1652351400,2.944,2.952,2.938,2.95
1652353200,2.952,2.958,2.944,2.95
1652355000,2.95,2.962,2.944,2.952
1652356800,2.952,2.958,2.944,2.954
1652358600,2.954,2.954,2.938,2.94
1652360400,2.94,2.942,2.922,2.928
1652362200,2.928,2.936,2.91,2.92
1652364000,2.92,2.944,2.914,2.936
1652365800,2.936,2.95,2.922,2.932
1652367600,2.928,2.928,2.928,2.928
1652423400,2.934,2.934,2.934,2.934
1652425200,2.948,3.02,2.948,3.008
1652427000,3.008,3.012,2.996,3
1652428800,3,3.006,2.994,3.006
1652430600,3.004,3.006,2.97,2.986
1652432400,2.986,2.986,2.94,2.946
1652434200,2.944,2.958,2.942,2.958
1652436000,2.958,2.966,2.954,2.962
1652437800,2.962,2.972,2.956,2.97
1652439600,2.97,2.978,2.968,2.972
1652441400,2.972,2.988,2.966,2.984
1652443200,2.982,2.982,2.976,2.98
1652445000,2.982,2.994,2.982,2.984
1652446800,2.984,2.986,2.966,2.976
1652448600,2.974,3,2.972,2.996
1652450400,2.996,3.002,2.99,3
1652452200,2.998,3.004,2.988,2.996
1652454000,2.99,2.99,2.99,2.99
1652682600,3.004,3.004,3.004,3.004
1652684400,3.004,3.066,3.004,3.044
1652686200,3.044,3.062,3.036,3.058
1652688000,3.058,3.064,3.046,3.054
1652689800,3.054,3.082,3.052,3.08
1652691600,3.08,3.088,3.074,3.084
1652693400,3.084,3.098,3.08,3.086
1652695200,3.086,3.092,3.068,3.078
1652697000,3.074,3.086,3.062,3.08
1652698800,3.08,3.09,3.072,3.076
1652700600,3.074,3.078,3.05,3.078
1652702400,3.076,3.082,3.07,3.08
1652704200,3.08,3.082,3.072,3.074
1652706000,3.074,3.084,3.068,3.072
1652707800,3.074,3.082,3.07,3.078
1652709600,3.074,3.08,3.066,3.074
1652711400,3.072,3.074,3.056,3.07
1652713200,3.064,3.064,3.064,3.064
1652769000,3.072,3.072,3.072,3.072
1652770800,3.074,3.098,3.054,3.054
1652772600,3.052,3.076,3,3.026
1652774400,3.026,3.036,3.02,3.026
1652776200,3.028,3.046,3.028,3.038
1652778000,3.036,3.044,3.028,3.03
1652779800,3.03,3.036,3.026,3.034
1652781600,3.034,3.04,3.03,3.038
1652783400,3.038,3.038,3.026,3.028
1652785200,3.028,3.036,3.024,3.032
1652787000,3.032,3.038,3.032,3.034
1652788800,3.034,3.036,3.026,3.03
1652790600,3.032,3.042,3.028,3.038
1652792400,3.038,3.05,3.036,3.048
1652794200,3.048,3.058,3.038,3.056
1652796000,3.054,3.058,3.04,3.042
1652797800,3.042,3.044,3.032,3.034
1652799600,3.03,3.03,3.03,3.03
1652855400,3.034,3.034,3.034,3.034
1652857200,3.034,3.04,2.998,3.006
1652859000,3.006,3.006,2.986,3.002
1652860800,3.002,3.01,2.998,3.008
1652862600,3.01,3.01,3.004,3.008
1652864400,3.008,3.008,3,3.002
1652866200,3,3.012,2.996,3.002
1652868000,3.002,3.01,3,3.008
1652869800,3.008,3.008,2.996,3.002
1652871600,3.004,3.006,2.996,2.998
1652873400,2.998,3.002,2.996,3.002
1652875200,3.002,3.006,2.998,3.004
1652877000,3.004,3.004,2.99,2.994
1652878800,2.994,3,2.984,2.992
1652880600,2.992,2.996,2.986,2.986
1652882400,2.986,3,2.986,2.988
1652884200,2.988,3.018,2.988,3.016
1652886000,3.024,3.024,3.024,3.024
1653028200,2.95,2.95,2.95,2.95
1653030000,2.95,2.95,2.828,2.83
1653031800,2.828,2.84,2.822,2.824
1653033600,2.824,2.826,2.81,2.818
1653035400,2.816,2.82,2.81,2.814
1653037200,2.812,2.826,2.804,2.804
1653039000,2.802,2.81,2.788,2.798
1653040800,2.796,2.8,2.79,2.794
1653042600,2.794,2.8,2.792,2.8
1653044400,2.798,2.8,2.784,2.788
1653046200,2.788,2.788,2.768,2.784
1653048000,2.782,2.784,2.766,2.772
1653049800,2.772,2.782,2.77,2.776
1653051600,2.78,2.782,2.772,2.772
1653053400,2.774,2.78,2.77,2.772
1653055200,2.774,2.782,2.77,2.78
1653057000,2.778,2.778,2.75,2.758
1653058800,2.75,2.75,2.75,2.75
1653287400,2.754,2.754,2.754,2.754
1653289200,2.76,2.798,2.76,2.778
1653291000,2.778,2.778,2.752,2.752
1653292800,2.752,2.754,2.722,2.728
1653294600,2.728,2.736,2.7,2.704
1653296400,2.704,2.716,2.698,2.702
1653298200,2.702,2.704,2.698,2.704
1653300000,2.704,2.708,2.698,2.706
1653301800,2.708,2.712,2.694,2.696
1653303600,2.694,2.7,2.688,2.694
1653305400,2.694,2.698,2.686,2.69
1653307200,2.688,2.692,2.686,2.69
1653309000,2.688,2.698,2.686,2.696
1653310800,2.694,2.7,2.688,2.688
1653312600,2.69,2.692,2.68,2.684
1653314400,2.684,2.692,2.68,2.69
1653316200,2.692,2.694,2.68,2.684
1653318000,2.68,2.68,2.68,2.68
1653373800,2.68,2.68,2.68,2.68
1653375600,2.682,2.698,2.68,2.692
1653377400,2.692,2.692,2.678,2.684
1653379200,2.686,2.686,2.676,2.682
1653381000,2.68,2.694,2.674,2.686
1653382800,2.688,2.69,2.68,2.684
1653384600,2.686,2.69,2.68,2.682
1653386400,2.684,2.694,2.68,2.692
1653388200,2.692,2.698,2.686,2.696
1653390000,2.696,2.714,2.696,2.702
1653391800,2.702,2.702,2.684,2.69
1653393600,2.688,2.69,2.672,2.678
1653395400,2.678,2.686,2.674,2.684
1653397200,2.684,2.686,2.676,2.682
1653399000,2.682,2.686,2.678,2.682
1653400800,2.684,2.684,2.672,2.674
1653402600,2.676,2.682,2.672,2.682
1653404400,2.682,2.682,2.682,2.682
1653460200,2.686,2.686,2.686,2.686
1653462000,2.69,2.696,2.67,2.674
1653463800,2.674,2.676,2.668,2.672
1653465600,2.672,2.676,2.668,2.67
1653467400,2.672,2.676,2.67,2.674
1653469200,2.676,2.676,2.668,2.672
1653471000,2.672,2.684,2.672,2.682
1653472800,2.682,2.682,2.674,2.682
1653474600,2.68,2.692,2.67,2.676
1653476400,2.674,2.678,2.672,2.678
1653478200,2.678,2.68,2.67,2.672
1653480000,2.674,2.678,2.67,2.676
1653481800,2.678,2.682,2.676,2.68
1653483600,2.68,2.682,2.674,2.674
1653485400,2.676,2.68,2.674,2.68
1653487200,2.68,2.7,2.676,2.69
1653489000,2.69,2.694,2.682,2.69
1653490800,2.684,2.684,2.684,2.684
1653546600,2.692,2.692,2.692,2.692
1653548400,2.694,2.714,2.684,2.702
1653550200,2.7,2.704,2.7,2.702
1653552000,2.704,2.71,2.7,2.702
1653553800,2.702,2.704,2.698,2.698
1653555600,2.7,2.702,2.696,2.7
1653557400,2.7,2.702,2.692,2.698
1653559200,2.698,2.698,2.682,2.688
1653561000,2.686,2.692,2.686,2.69
1653562800,2.69,2.702,2.69,2.696
1653564600,2.696,2.698,2.688,2.698
1653566400,2.698,2.7,2.694,2.698
1653568200,2.698,2.7,2.692,2.696
1653570000,2.696,2.7,2.69,2.692
1653571800,2.692,2.702,2.692,2.696
1653573600,2.696,2.71,2.696,2.702
1653575400,2.702,2.706,2.694,2.702
1653577200,2.704,2.704,2.704,2.704
1653633000,2.706,2.706,2.706,2.706
1653634800,2.706,2.714,2.694,2.71
1653636600,2.71,2.712,2.708,2.712
1653638400,2.712,2.712,2.706,2.708
1653640200,2.708,2.712,2.7,2.71
1653642000,2.71,2.712,2.7,2.702
1653643800,2.7,2.702,2.696,2.7
1653645600,2.702,2.702,2.698,2.7
1653647400,2.7,2.702,2.696,2.698
1653649200,2.696,2.698,2.69,2.694
1653651000,2.694,2.7,2.682,2.69
1653652800,2.69,2.694,2.682,2.686
1653654600,2.686,2.69,2.684,2.686
1653656400,2.686,2.688,2.676,2.682
1653658200,2.682,2.692,2.678,2.686
1653660000,2.686,2.688,2.684,2.686
1653661800,2.686,2.688,2.682,2.684
1653663600,2.686,2.686,2.686,2.686
1653892200,2.71,2.71,2.71,2.71
1653894000,2.712,2.728,2.706,2.728
1653895800,2.726,2.78,2.724,2.774
1653897600,2.774,2.788,2.766,2.786
1653899400,2.786,2.794,2.772,2.78
1653901200,2.78,2.794,2.778,2.794
1653903000,2.796,2.81,2.794,2.808
1653904800,2.808,2.83,2.8,2.816
1653906600,2.818,2.828,2.812,2.816
1653908400,2.818,2.82,2.8,2.82
1653910200,2.82,2.83,2.818,2.828
1653912000,2.828,2.83,2.818,2.822
1653913800,2.822,2.832,2.82,2.822
1653915600,2.822,2.876,2.822,2.854
1653917400,2.854,2.884,2.85,2.872
1653919200,2.87,2.88,2.864,2.872
1653921000,2.872,2.876,2.86,2.86
1653922800,2.864,2.864,2.864,2.864
1653978600,2.906,2.906,2.906,2.906
1653980400,2.906,2.95,2.868,2.87
1653982200,2.868,2.894,2.866,2.884
1653984000,2.884,2.886,2.846,2.85
1653985800,2.852,2.868,2.84,2.856
1653987600,2.856,2.864,2.85,2.856
1653989400,2.856,2.856,2.844,2.85
1653991200,2.848,2.85,2.824,2.838
1653993000,2.84,2.844,2.826,2.84
1653994800,2.838,2.858,2.836,2.852
1653996600,2.852,2.854,2.84,2.844
1653998400,2.842,2.844,2.836,2.84
1654000200,2.838,2.854,2.836,2.854
1654002000,2.856,2.864,2.856,2.86
1654003800,2.86,2.866,2.842,2.846
1654005600,2.846,2.848,2.834,2.84
1654007400,2.842,2.846,2.83,2.842
1654009200,2.828,2.828,2.828,2.828
1654065000,2.87,2.87,2.87,2.87
1654066800,2.878,2.886,2.838,2.852
1654068600,2.85,2.86,2.838,2.856
1654070400,2.858,2.858,2.842,2.842
1654072200,2.842,2.852,2.838,2.846
1654074000,2.848,2.85,2.83,2.832
1654075800,2.832,2.848,2.83,2.838
1654077600,2.84,2.842,2.83,2.83
1654079400,2.83,2.83,2.818,2.82
1654081200,2.822,2.826,2.82,2.824
1654083000,2.824,2.836,2.822,2.828
1654084800,2.826,2.83,2.822,2.83
1654086600,2.828,2.838,2.826,2.834
1654088400,2.834,2.848,2.83,2.832
1654090200,2.832,2.832,2.826,2.83
1654092000,2.83,2.838,2.828,2.832
1654093800,2.832,2.834,2.822,2.828
1654095600,2.83,2.83,2.83,2.83
1654151400,2.836,2.836,2.836,2.836
1654153200,2.838,2.86,2.834,2.842
1654155000,2.844,2.846,2.824,2.826
1654156800,2.824,2.828,2.804,2.812
1654158600,2.812,2.82,2.81,2.818
1654160400,2.816,2.822,2.816,2.82
1654162200,2.82,2.828,2.818,2.822
1654164000,2.822,2.826,2.82,2.824
1654165800,2.824,2.83,2.822,2.826
1654167600,2.826,2.83,2.824,2.824
1654169400,2.824,2.828,2.818,2.82
1654171200,2.818,2.826,2.816,2.818
1654173000,2.818,2.826,2.814,2.822
1654174800,2.822,2.822,2.804,2.806
1654176600,2.808,2.816,2.806,2.81
1654178400,2.812,2.816,2.81,2.812
1654180200,2.81,2.82,2.808,2.816
1654182000,2.814,2.814,2.814,2.814
1654237800,2.822,2.822,2.822,2.822
1654239600,2.824,2.846,2.818,2.832
1654241400,2.832,2.836,2.83,2.834
1654243200,2.836,2.86,2.836,2.858
1654245000,2.856,2.858,2.832,2.844
1654246800,2.844,2.844,2.836,2.84
1654248600,2.84,2.846,2.836,2.838
1654250400,2.836,2.846,2.834,2.844
1654252200,2.844,2.846,2.834,2.838
1654254000,2.838,2.838,2.828,2.83
1654255800,2.83,2.834,2.822,2.826
1654257600,2.826,2.836,2.824,2.832
1654259400,2.832,2.846,2.83,2.844
1654261200,2.842,2.85,2.838,2.844
1654263000,2.846,2.854,2.838,2.838
1654264800,2.838,2.844,2.836,2.84
1654266600,2.842,2.846,2.836,2.84
1654268400,2.83,2.83,2.83,2.83
1654497000,2.842,2.842,2.842,2.842
1654498800,2.844,2.858,2.83,2.844
1654500600,2.844,2.866,2.842,2.866
1654502400,2.866,2.868,2.846,2.848
1654504200,2.848,2.86,2.846,2.85
1654506000,2.852,2.856,2.848,2.848
1654507800,2.85,2.85,2.844,2.85
1654509600,2.848,2.856,2.846,2.846
1654511400,2.848,2.854,2.846,2.852
1654513200,2.852,2.858,2.848,2.856
1654515000,2.856,2.86,2.852,2.856
1654516800,2.856,2.86,2.852,2.858
1654518600,2.856,2.864,2.852,2.862
1654520400,2.862,2.886,2.862,2.878
1654522200,2.878,2.88,2.852,2.874
1654524000,2.872,2.878,2.866,2.87
1654525800,2.868,2.87,2.86,2.868
1654527600,2.868,2.874,2.868,2.874
1654583400,2.876,2.876,2.876,2.876
1654585200,2.878,2.894,2.85,2.858
1654587000,2.86,2.87,2.852,2.866
1654588800,2.866,2.87,2.858,2.86
1654590600,2.858,2.86,2.85,2.856
1654592400,2.856,2.856,2.84,2.844
1654594200,2.844,2.85,2.844,2.846
1654596000,2.848,2.85,2.844,2.85
1654597800,2.85,2.854,2.848,2.85
1654599600,2.85,2.852,2.842,2.844
1654601400,2.844,2.85,2.844,2.846
1654603200,2.846,2.85,2.842,2.844
1654605000,2.844,2.846,2.84,2.844
1654606800,2.844,2.846,2.832,2.838
1654608600,2.838,2.846,2.832,2.846
1654610400,2.846,2.846,2.832,2.842
1654612200,2.842,2.848,2.838,2.84
1654614000,2.85,2.85,2.85,2.85
1654669800,2.862,2.862,2.862,2.862
1654671600,2.864,2.88,2.85,2.852
1654673400,2.852,2.852,2.828,2.828
1654675200,2.828,2.834,2.808,2.818
1654677000,2.82,2.824,2.812,2.816
1654678800,2.818,2.824,2.816,2.82
1654680600,2.82,2.834,2.82,2.824
1654682400,2.822,2.822,2.814,2.82
1654684200,2.822,2.824,2.818,2.822
1654686000,2.82,2.83,2.814,2.818
1654687800,2.818,2.824,2.808,2.82
1654689600,2.818,2.818,2.776,2.78
1654691400,2.782,2.79,2.772,2.786
1654693200,2.786,2.79,2.762,2.78
1654695000,2.78,2.81,2.778,2.794
1654696800,2.794,2.8,2.778,2.78
1654698600,2.78,2.782,2.72,2.72
1654700400,2.708,2.708,2.708,2.708
1654756200,2.71,2.71,2.71,2.71
1654758000,2.718,2.748,2.684,2.726
1654759800,2.724,2.728,2.712,2.728
1654761600,2.728,2.732,2.72,2.728
1654763400,2.728,2.746,2.722,2.744
1654765200,2.746,2.748,2.736,2.744
1654767000,2.746,2.756,2.718,2.726
1654768800,2.726,2.74,2.712,2.726
1654770600,2.726,2.738,2.702,2.738
1654772400,2.736,2.746,2.73,2.746
1654774200,2.744,2.754,2.734,2.748
1654776000,2.746,2.752,2.726,2.746
1654777800,2.746,2.762,2.736,2.758
1654779600,2.76,2.774,2.75,2.756
1654781400,2.756,2.77,2.74,2.76
1654783200,2.762,2.78,2.748,2.776
1654785000,2.778,2.8,2.776,2.792
1654786800,2.786,2.786,2.786,2.786
1654842600,2.786,2.786,2.786,2.786
1654844400,2.786,2.806,2.72,2.794
1654846200,2.798,2.8,2.78,2.788
1654848000,2.788,2.818,2.78,2.804
1654849800,2.804,2.82,2.794,2.812
1654851600,2.81,2.816,2.798,2.804
1654853400,2.804,2.808,2.794,2.796
1654855200,2.794,2.798,2.782,2.786
1654857000,2.786,2.788,2.754,2.768
1654858800,2.766,2.766,2.738,2.748
1654860600,2.748,2.754,2.738,2.744
1654862400,2.742,2.764,2.738,2.758
1654864200,2.758,2.762,2.736,2.736
1654866000,2.734,2.752,2.734,2.744
1654867800,2.746,2.75,2.734,2.736
1654869600,2.736,2.736,2.71,2.718
1654871400,2.72,2.734,2.718,2.73
1654873200,2.73,2.73,2.73,2.73
1655101800,2.73,2.73,2.73,2.73
1655103600,2.732,2.742,2.704,2.72
1655105400,2.72,2.734,2.696,2.702
1655107200,2.7,2.716,2.698,2.714
1655109000,2.716,2.73,2.714,2.714
1655110800,2.714,2.73,2.714,2.722
1655112600,2.72,2.722,2.704,2.71
1655114400,2.71,2.714,2.704,2.706
1655116200,2.708,2.71,2.7,2.706
1655118000,2.706,2.718,2.706,2.718
1655119800,2.718,2.722,2.71,2.712
1655121600,2.712,2.714,2.7,2.704
1655123400,2.704,2.706,2.696,2.704
1655125200,2.704,2.71,2.698,2.706
1655127000,2.704,2.72,2.704,2.714
1655128800,2.712,2.718,2.704,2.708
1655130600,2.706,2.708,2.696,2.704
1655132400,2.702,2.702,2.702,2.702
1655188200,2.7,2.7,2.7,2.7
1655190000,2.702,2.74,2.702,2.734
1655191800,2.734,2.748,2.732,2.748
1655193600,2.748,2.75,2.736,2.748
1655195400,2.746,2.748,2.734,2.734
1655197200,2.738,2.738,2.716,2.718
1655199000,2.718,2.72,2.706,2.712
1655200800,2.712,2.724,2.712,2.716
1655202600,2.718,2.736,2.718,2.734
1655204400,2.732,2.734,2.722,2.73
1655206200,2.73,2.73,2.714,2.72
1655208000,2.72,2.738,2.72,2.732
1655209800,2.732,2.74,2.726,2.738
1655211600,2.738,2.75,2.722,2.722
1655213400,2.724,2.736,2.714,2.73
1655215200,2.73,2.732,2.72,2.726
1655217000,2.726,2.728,2.714,2.722
1655218800,2.712,2.712,2.712,2.712
1655274600,2.722,2.722,2.722,2.722
1655276400,2.726,2.726,2.706,2.722
1655278200,2.722,2.726,2.71,2.712
1655280000,2.712,2.716,2.71,2.714
1655281800,2.712,2.716,2.708,2.714
1655283600,2.714,2.718,2.71,2.714
1655285400,2.714,2.716,2.708,2.712
1655287200,2.712,2.712,2.706,2.71
1655289000,2.706,2.708,2.696,2.698
1655290800,2.698,2.706,2.684,2.704
1655292600,2.704,2.714,2.704,2.712
1655294400,2.712,2.718,2.706,2.716
1655296200,2.716,2.722,2.712,2.718
1655298000,2.716,2.724,2.714,2.722
1655299800,2.724,2.76,2.722,2.748
1655301600,2.748,2.756,2.738,2.74799995
1655303400,2.75,2.75,2.736,2.736
1655305200,2.75,2.75,2.75,2.75
1655361000,2.754,2.754,2.754,2.754
1655362800,2.756,2.786,2.742,2.75
1655364600,2.748,2.764,2.74,2.756
1655366400,2.76,2.764,2.74,2.748
1655368200,2.75,2.756,2.744,2.746
1655370000,2.744,2.744,2.728,2.73
1655371800,2.728,2.742,2.726,2.738
1655373600,2.736,2.736,2.726,2.728
1655375400,2.726,2.728,2.698,2.7
1655377200,2.698,2.708,2.69,2.7
1655379000,2.7,2.708,2.694,2.706
1655380800,2.706,2.71,2.7,2.706
1655382600,2.706,2.712,2.704,2.71
1655384400,2.71,2.716,2.702,2.712
1655386200,2.714,2.716,2.702,2.712
1655388000,2.71,2.712,2.7,2.708
1655389800,2.708,2.71,2.696,2.702
1655391600,2.698,2.698,2.698,2.698
1655447400,2.698,2.698,2.698,2.698
1655449200,2.698,2.714,2.698,2.708
1655451000,2.708,2.724,2.698,2.704
1655452800,2.704,2.718,2.696,2.71
1655454600,2.71,2.716,2.706,2.708
1655456400,2.71,2.714,2.704,2.708
1655458200,2.71,2.71,2.7,2.702
1655460000,2.704,2.708,2.702,2.704
1655461800,2.704,2.708,2.698,2.704
1655463600,2.704,2.706,2.694,2.7
1655465400,2.7,2.704,2.696,2.704
1655467200,2.704,2.708,2.7,2.7
1655469000,2.702,2.704,2.696,2.704
1655470800,2.704,2.704,2.69,2.698
1655472600,2.7,2.71,2.7,2.71
1655474400,2.71,2.71,2.696,2.698
1655476200,2.7,2.706,2.696,2.706
1655478000,2.782,2.782,2.782,2.782
1655706600,2.784,2.784,2.784,2.784
1655708400,2.786,2.79,2.73,2.74
1655710200,2.74,2.742,2.732,2.736
1655712000,2.736,2.752,2.736,2.738
1655713800,2.738,2.742,2.734,2.738
1655715600,2.736,2.744,2.734,2.736
1655717400,2.74,2.74,2.734,2.738
1655719200,2.738,2.744,2.736,2.744
1655721000,2.744,2.748,2.736,2.74
1655722800,2.738,2.74,2.732,2.734
1655724600,2.734,2.736,2.73,2.736
1655726400,2.736,2.738,2.724,2.728
1655728200,2.728,2.728,2.718,2.72
1655730000,2.722,2.73,2.718,2.73
1655731800,2.728,2.732,2.726,2.728
1655733600,2.726,2.736,2.724,2.734
1655735400,2.734,2.738,2.728,2.734
1655737200,2.734,2.734,2.734,2.734
1655793000,2.752,2.752,2.752,2.752
1655794800,2.752,2.758,2.734,2.736
1655796600,2.734,2.744,2.734,2.742
1655798400,2.742,2.754,2.74,2.748
1655800200,2.748,2.762,2.744,2.756
1655802000,2.756,2.758,2.744,2.746
1655803800,2.748,2.748,2.738,2.744
1655805600,2.744,2.744,2.74,2.74
1655807400,2.74,2.742,2.736,2.738
1655809200,2.738,2.744,2.738,2.742
1655811000,2.742,2.752,2.738,2.75
1655812800,2.746,2.754,2.74,2.742
1655814600,2.742,2.744,2.738,2.74
1655816400,2.738,2.74,2.734,2.738
1655818200,2.738,2.742,2.736,2.738
1655820000,2.74,2.744,2.736,2.74
1655821800,2.738,2.75,2.736,2.75
1655823600,2.752,2.752,2.752,2.752
1655879400,2.75,2.75,2.75,2.75
1655881200,2.748,2.748,2.716,2.726
1655883000,2.726,2.742,2.724,2.74
1655884800,2.74,2.744,2.73,2.734
1655886600,2.734,2.742,2.732,2.74
1655888400,2.74,2.762,2.736,2.758
1655890200,2.76,2.782,2.754,2.77
1655892000,2.77,2.788,2.768,2.782
1655893800,2.78,2.796,2.778,2.79
1655895600,2.79,2.814,2.79,2.812
1655897400,2.812,2.846,2.8,2.822
1655899200,2.82,2.82,2.81,2.818
1655901000,2.818,2.826,2.814,2.814
1655902800,2.814,2.828,2.814,2.816
1655904600,2.814,2.822,2.814,2.816
1655906400,2.82,2.82,2.81,2.818
1655908200,2.82,2.82,2.798,2.8
1655910000,2.808,2.808,2.808,2.808
1655965800,2.814,2.814,2.814,2.814
1655967600,2.814,2.832,2.81,2.822
1655969400,2.822,2.838,2.818,2.836
1655971200,2.836,2.85,2.83,2.836
1655973000,2.836,2.836,2.824,2.83
1655974800,2.83,2.83,2.824,2.83
1655976600,2.83,2.834,2.826,2.832
1655978400,2.83,2.832,2.826,2.826
1655980200,2.828,2.83,2.824,2.826
1655982000,2.828,2.834,2.812,2.814
1655983800,2.814,2.826,2.81,2.822
1655985600,2.822,2.822,2.806,2.816
1655987400,2.816,2.824,2.8,2.82
1655989200,2.822,2.826,2.818,2.82
1655991000,2.82,2.822,2.802,2.802
1655992800,2.802,2.802,2.778,2.79
1655994600,2.792,2.8,2.79,2.792
1655996400,2.82,2.82,2.82,2.82
1656052200,2.82,2.82,2.82,2.82
1656054000,2.82,2.842,2.804,2.83
1656055800,2.828,2.846,2.82,2.834
1656057600,2.834,2.834,2.816,2.818
1656059400,2.818,2.82,2.8,2.804
1656061200,2.804,2.81,2.796,2.81
1656063000,2.81,2.81,2.798,2.8
1656064800,2.8,2.804,2.782,2.788
1656066600,2.788,2.802,2.784,2.798
1656068400,2.798,2.808,2.798,2.808
1656070200,2.808,2.81,2.802,2.806
1656072000,2.808,2.814,2.8,2.804
1656073800,2.804,2.814,2.796,2.81
1656075600,2.808,2.81,2.804,2.806
1656077400,2.808,2.818,2.806,2.814
1656079200,2.816,2.822,2.808,2.808
1656081000,2.808,2.814,2.8,2.806
1656082800,2.8,2.8,2.8,2.8
1656311400,2.74,2.74,2.74,2.74
1656313200,2.736,2.77,2.706,2.758
1656315000,2.758,2.768,2.75,2.758
1656316800,2.758,2.762,2.754,2.754
1656318600,2.756,2.764,2.736,2.746
1656320400,2.746,2.754,2.742,2.75
1656322200,2.75,2.754,2.734,2.734
1656324000,2.738,2.746,2.732,2.74
1656325800,2.74,2.748,2.738,2.74
1656327600,2.74,2.752,2.74,2.75
1656329400,2.75,2.754,2.736,2.74
1656331200,2.738,2.742,2.736,2.736
1656333000,2.736,2.752,2.734,2.748
1656334800,2.746,2.76,2.746,2.746
1656336600,2.748,2.754,2.736,2.748
1656338400,2.75,2.76,2.744,2.744
1656340200,2.746,2.754,2.734,2.736
1656342000,2.736,2.736,2.736,2.736
1656397800,2.74,2.74,2.74,2.74
1656399600,2.748,2.81,2.748,2.8
1656401400,2.8,2.81,2.788,2.792
1656403200,2.792,2.808,2.78,2.804
1656405000,2.802,2.822,2.798,2.818
1656406800,2.818,2.822,2.81,2.82
1656408600,2.82,2.824,2.81,2.812
1656410400,2.814,2.814,2.798,2.804
1656412200,2.804,2.816,2.804,2.808
1656414000,2.806,2.808,2.8,2.802
1656415800,2.8,2.8,2.778,2.782
1656417600,2.78,2.802,2.778,2.798
1656419400,2.798,2.798,2.79,2.794
1656421200,2.794,2.8,2.79,2.794
1656423000,2.796,2.802,2.782,2.786
1656424800,2.784,2.784,2.74,2.742
1656426600,2.742,2.756,2.714,2.744
1656428400,2.736,2.736,2.736,2.736
1656484200,2.74,2.74,2.74,2.74
1656486000,2.742,2.758,2.7,2.702
1656487800,2.702,2.704,2.676,2.682
1656489600,2.682,2.688,2.676,2.686
1656491400,2.686,2.692,2.682,2.69
1656493200,2.69,2.692,2.686,2.692
1656495000,2.692,2.692,2.68,2.684
1656496800,2.686,2.692,2.684,2.688
1656498600,2.686,2.688,2.682,2.684
1656500400,2.682,2.684,2.674,2.674
1656502200,2.676,2.68,2.674,2.68
1656504000,2.68,2.688,2.678,2.684
1656505800,2.684,2.684,2.672,2.68
1656507600,2.682,2.686,2.672,2.674
1656509400,2.674,2.674,2.662,2.666
1656511200,2.668,2.668,2.658,2.666
1656513000,2.664,2.666,2.652,2.658
1656514800,2.652,2.652,2.652,2.652
1656570600,2.65,2.65,2.65,2.65
1656572400,2.646,2.68,2.604,2.65
1656574200,2.652,2.652,2.636,2.642
1656576000,2.642,2.656,2.638,2.638
1656577800,2.638,2.64,2.616,2.618
1656579600,2.618,2.624,2.61,2.61
1656581400,2.61,2.63,2.61,2.624
1656583200,2.624,2.624,2.616,2.618
1656585000,2.618,2.62,2.61,2.612
1656586800,2.612,2.614,2.608,2.612
1656588600,2.614,2.626,2.606,2.626
1656590400,2.626,2.642,2.616,2.64
1656592200,2.642,2.654,2.636,2.654
1656594000,2.654,2.656,2.642,2.644
1656595800,2.646,2.646,2.624,2.63
1656597600,2.63,2.634,2.622,2.626
1656599400,2.626,2.692,2.618,2.664
1656601200,2.716,2.716,2.716,2.716
1656657000,2.71,2.71,2.71,2.71
1656658800,2.71,2.71,2.676,2.69
1656660600,2.69,2.7,2.69,2.698
1656662400,2.7,2.716,2.692,2.716
1656664200,2.716,2.73,2.698,2.714
1656666000,2.714,2.716,2.706,2.71
1656667800,2.71,2.712,2.698,2.702
1656669600,2.704,2.712,2.702,2.708
1656671400,2.708,2.714,2.704,2.712
1656673200,2.712,2.716,2.704,2.706
1656675000,2.708,2.708,2.702,2.708
1656676800,2.708,2.71,2.702,2.704
1656678600,2.704,2.708,2.698,2.704
1656680400,2.706,2.708,2.698,2.704
1656682200,2.704,2.71,2.7,2.704
1656684000,2.706,2.708,2.704,2.706
1656685800,2.706,2.708,2.698,2.706
1656687600,2.706,2.706,2.706,2.706
1656916200,2.706,2.706,2.706,2.706
1656918000,2.708,2.71,2.694,2.706
1656919800,2.706,2.71,2.696,2.708
1656921600,2.708,2.71,2.702,2.708
1656923400,2.708,2.708,2.706,2.708
1656925200,2.708,2.708,2.704,2.706
1656927000,2.708,2.708,2.702,2.704
1656928800,2.704,2.708,2.7,2.7
1656930600,2.702,2.702,2.7,2.7
1656932400,2.7,2.704,2.696,2.702
1656934200,2.704,2.706,2.698,2.698
1656936000,2.698,2.7,2.682,2.688
1656937800,2.686,2.688,2.682,2.688
1656939600,2.686,2.688,2.68,2.682
1656941400,2.684,2.684,2.664,2.668
1656943200,2.668,2.67,2.654,2.658
1656945000,2.658,2.658,2.646,2.648
1656946800,2.644,2.644,2.644,2.644
1657002600,2.72,2.72,2.72,2.72
1657004400,2.72,2.734,2.67,2.716
1657006200,2.716,2.718,2.686,2.698
1657008000,2.696,2.704,2.684,2.686
1657009800,2.684,2.708,2.68,2.7
1657011600,2.7,2.704,2.694,2.698
1657013400,2.696,2.698,2.692,2.694
1657015200,2.696,2.708,2.694,2.706
1657017000,2.704,2.708,2.702,2.704
1657018800,2.704,2.704,2.692,2.692
1657020600,2.694,2.698,2.692,2.692
1657022400,2.692,2.694,2.686,2.69
1657024200,2.69,2.692,2.684,2.684
1657026000,2.684,2.69,2.684,2.686
1657027800,2.684,2.686,2.642,2.652
1657029600,2.65,2.676,2.644,2.674
1657031400,2.676,2.684,2.672,2.682
1657033200,2.672,2.672,2.672,2.672
1657089000,2.75,2.75,2.75,2.75
1657090800,2.752,2.866,2.75,2.864
1657092600,2.864,2.882,2.84,2.856
1657094400,2.854,2.87,2.848,2.858
1657096200,2.858,2.874,2.848,2.866
1657098000,2.866,2.878,2.858,2.878
1657099800,2.878,2.896,2.866,2.89
1657101600,2.89,2.892,2.872,2.884
1657103400,2.884,2.89,2.868,2.872
1657105200,2.874,2.884,2.864,2.868
1657107000,2.87,2.878,2.866,2.872
1657108800,2.872,2.878,2.868,2.872
1657110600,2.872,2.876,2.858,2.864
1657112400,2.864,2.866,2.84,2.846
1657114200,2.848,2.878,2.844,2.87
1657116000,2.87,2.91,2.868,2.902
1657117800,2.902,2.93,2.89,2.91
1657119600,2.9,2.9,2.9,2.9
1657175400,2.902,2.902,2.902,2.902
1657177200,2.902,2.93,2.88,2.906
1657179000,2.906,2.928,2.89,2.926
1657180800,2.926,2.964,2.908,2.938
1657182600,2.936,2.936,2.918,2.926
1657184400,2.922,2.924,2.89,2.9
1657186200,2.898,2.898,2.872,2.888
1657188000,2.886,2.918,2.88,2.906
1657189800,2.904,2.93,2.904,2.922
1657191600,2.918,2.928,2.914,2.922
1657193400,2.922,2.96,2.916,2.952
1657195200,2.95,2.982,2.948,2.976
1657197000,2.974,2.98,2.952,2.958
1657198800,2.958,2.976,2.952,2.958
1657200600,2.958,2.968,2.95,2.96
1657202400,2.96,2.962,2.95,2.952
1657204200,2.954,2.96,2.932,2.94
1657206000,2.954,2.954,2.954,2.954
1657261800,2.974,2.974,2.974,2.974
1657263600,2.97,2.996,2.94,2.99
1657265400,2.99,3.054,2.99,3.042
1657267200,3.042,3.044,2.99,2.998
1657269000,2.998,3.044,2.986,3.038
1657270800,3.042,3.066,3.032,3.054
1657272600,3.06,3.06,3.06,3.06
1657693800,3.068,3.068,3.068,3.068
1657695600,3.068,3.126,3.068,3.108
1657697400,3.108,3.108,3.076,3.086
1657699200,3.086,3.094,3.068,3.07
1657701000,3.072,3.076,3.06,3.06
1657702800,3.062,3.074,3.06,3.07
1657704600,3.072,3.076,3.066,3.074
1657706400,3.072,3.086,3.072,3.086
1657708200,3.086,3.088,3.078,3.08
1657710000,3.082,3.094,3.078,3.084
1657711800,3.084,3.09,3.082,3.088
1657713600,3.086,3.104,3.082,3.102
1657715400,3.102,3.104,3.06,3.076
1657717200,3.074,3.094,3.07,3.08
1657719000,3.082,3.09,3.074,3.086
1657720800,3.086,3.088,3.062,3.072
1657722600,3.074,3.074,3.038,3.06
1657724400,3.058,3.058,3.058,3.058
1657780200,3.058,3.058,3.058,3.058
1657782000,3.058,3.126,3.052,3.12
1657783800,3.118,3.124,3.112,3.118
1657785600,3.12,3.15,3.118,3.126
1657787400,3.124,3.124,3.094,3.116
1657789200,3.116,3.116,3.074,3.088
1657791000,3.088,3.094,3.082,3.09
1657792800,3.088,3.098,3.082,3.096
1657794600,3.096,3.102,3.092,3.096
1657796400,3.094,3.098,3.086,3.09
1657798200,3.09,3.1,3.088,3.088
1657800000,3.088,3.098,3.082,3.082
1657801800,3.082,3.088,3.078,3.082
1657803600,3.08,3.092,3.056,3.078
1657805400,3.078,3.084,3.058,3.068
1657807200,3.066,3.066,3.02,3.046
1657809000,3.044,3.06,3.02,3.06
1657810800,3.06,3.06,3.046,3.046
1658125800,3.06,3.06,3.06,3.06
1658127600,3.064,3.1,3.012,3.068
1658129400,3.07,3.094,3.07,3.094
1658131200,3.094,3.128,3.092,3.12
1658133000,3.12,3.122,3.102,3.12
1658134800,3.12,3.124,3.104,3.116
1658136600,3.114,3.156,3.114,3.144
1658138400,3.14,3.152,3.128,3.132
1658140200,3.132,3.14,3.126,3.138
1658142000,3.136,3.14,3.136,3.138
1658143800,3.136,3.142,3.136,3.138
1658145600,3.138,3.142,3.128,3.13
1658147400,3.13,3.138,3.13,3.134
1658149200,3.134,3.14,3.132,3.132
1658151000,3.132,3.146,3.13,3.144
1658152800,3.148,3.154,3.142,3.144
1658154600,3.144,3.188,3.136,3.184
1658156400,3.182,3.182,3.18,3.18
1658212200,3.2,3.2,3.2,3.2
1658214000,3.2,3.234,3.184,3.226
1658215800,3.228,3.23,3.178,3.188
1658217600,3.188,3.218,3.186,3.208
1658219400,3.206,3.222,3.202,3.22
1658221200,3.218,3.22,3.196,3.198
1658223000,3.198,3.202,3.184,3.186
1658224800,3.186,3.212,3.182,3.202
1658226600,3.202,3.21,3.198,3.206
1658228400,3.208,3.214,3.202,3.212
1658230200,3.214,3.22,3.208,3.216
1658232000,3.216,3.222,3.21,3.212
1658233800,3.212,3.22,3.208,3.212
1658235600,3.21,3.218,3.21,3.218
1658237400,3.218,3.23,3.214,3.222
1658239200,3.224,3.226,3.212,3.222
1658241000,3.22,3.248,3.216,3.24
1658242800,3.232,3.232,3.232,3.232
1658298600,3.28,3.28,3.28,3.28
1658300400,3.282,3.29,3.25,3.26
1658302200,3.26,3.294,3.252,3.284
1658304000,3.284,3.3,3.276,3.282
1658305800,3.28,3.286,3.266,3.276
1658307600,3.276,3.296,3.276,3.29
1658309400,3.288,3.3,3.28,3.288
1658311200,3.288,3.294,3.278,3.288
1658313000,3.288,3.288,3.276,3.276
1658314800,3.278,3.278,3.262,3.264
1658316600,3.264,3.272,3.252,3.266
1658318400,3.264,3.27,3.258,3.262
1658320200,3.262,3.264,3.252,3.26
1658322000,3.26,3.262,3.254,3.26
1658323800,3.262,3.276,3.258,3.27
1658325600,3.27,3.272,3.24,3.256
1658327400,3.254,3.26,3.238,3.248
1658329200,3.246,3.246,3.246,3.246
1658385000,3.246,3.246,3.246,3.246
1658386800,3.248,3.268,3.212,3.256
1658388600,3.256,3.284,3.254,3.264
1658390400,3.266,3.29,3.256,3.272
1658392200,3.272,3.28,3.222,3.224
1658394000,3.222,3.24,3.218,3.224
1658395800,3.222,3.226,3.216,3.224
1658397600,3.224,3.232,3.22,3.226
1658399400,3.226,3.234,3.222,3.222
1658401200,3.222,3.234,3.22,3.232
1658403000,3.232,3.242,3.232,3.238
1658404800,3.238,3.252,3.234,3.246
1658406600,3.246,3.252,3.24,3.252
1658408400,3.25,3.276,3.248,3.268
1658410200,3.268,3.268,3.252,3.262
1658412000,3.264,3.264,3.228,3.24
1658413800,3.242,3.25,3.226,3.236
1658415600,3.236,3.236,3.222,3.222
1658471400,3.228,3.228,3.228,3.228
1658473200,3.23,3.266,3.212,3.226
1658475000,3.228,3.242,3.218,3.236
1658476800,3.236,3.236,3.226,3.228
1658478600,3.228,3.236,3.224,3.232
1658480400,3.23,3.236,3.222,3.226
1658482200,3.224,3.23,3.222,3.226
1658484000,3.228,3.228,3.222,3.224
1658485800,3.224,3.234,3.22,3.232
1658487600,3.232,3.236,3.224,3.224
1658489400,3.224,3.226,3.218,3.22
1658491200,3.22,3.226,3.214,3.214
1658493000,3.214,3.216,3.206,3.212
1658494800,3.212,3.212,3.19,3.194
1658496600,3.194,3.194,3.172,3.174
1658498400,3.172,3.182,3.166,3.176
1658500200,3.174,3.204,3.16,3.194
1658502000,3.194,3.194,3.194,3.194
1658730600,3.196,3.196,3.196,3.196
1658732400,3.196,3.3,3.178,3.296
1658734200,3.298,3.322,3.286,3.322
1658736000,3.322,3.356,3.322,3.348
1658737800,3.346,3.38,3.334,3.356
1658739600,3.356,3.382,3.348,3.352
1658741400,3.35,3.376,3.348,3.364
1658743200,3.366,3.366,3.348,3.358
1658745000,3.36,3.386,3.36,3.366
1658746800,3.366,3.372,3.348,3.37
1658748600,3.37,3.39,3.366,3.39
1658750400,3.39,3.392,3.37,3.378
1658752200,3.376,3.396,3.374,3.39
1658754000,3.388,3.392,3.372,3.372
1658755800,3.374,3.41,3.37,3.39
1658757600,3.39,3.398,3.382,3.388
1658759400,3.388,3.39,3.376,3.386
1658761200,3.394,3.394,3.394,3.394
1658817000,3.394,3.394,3.394,3.394
1658818800,3.396,3.454,3.396,3.426
1658820600,3.426,3.426,3.378,3.406
1658822400,3.404,3.418,3.392,3.404
1658824200,3.406,3.45,3.406,3.43
1658826000,3.43,3.432,3.414,3.416
1658827800,3.414,3.43,3.408,3.408
1658829600,3.41,3.41,3.394,3.398
1658831400,3.4,3.428,3.398,3.418
1658833200,3.418,3.428,3.406,3.41
1658835000,3.412,3.432,3.41,3.43
1658836800,3.43,3.448,3.43,3.432
1658838600,3.43,3.446,3.422,3.438
1658840400,3.44,3.446,3.434,3.444
1658842200,3.446,3.482,3.438,3.47
1658844000,3.47,3.478,3.442,3.456
1658845800,3.456,3.466,3.446,3.456
1658847600,3.46,3.46,3.46,3.46
1658903400,3.48,3.48,3.48,3.48
1658905200,3.48,3.508,3.464,3.476
1658907000,3.476,3.508,3.464,3.488
1658908800,3.486,3.516,3.482,3.514
1658910600,3.514,3.52,3.5,3.504
1658912400,3.502,3.502,3.478,3.486
1658914200,3.488,3.522,3.486,3.518
1658916000,3.518,3.52,3.486,3.486
1658917800,3.488,3.494,3.478,3.478
1658919600,3.478,3.482,3.456,3.47
1658921400,3.47,3.486,3.466,3.466
1658923200,3.466,3.48,3.456,3.472
1658925000,3.472,3.482,3.466,3.482
1658926800,3.482,3.498,3.47,3.482
1658928600,3.482,3.51,3.48,3.49
1658930400,3.49,3.514,3.48,3.5
1658932200,3.498,3.51,3.48,3.494
1658934000,3.496,3.496,3.496,3.496
1658989800,3.512,3.512,3.512,3.512
1658991600,3.512,3.538,3.492,3.498
1658993400,3.496,3.538,3.492,3.536
1658995200,3.536,3.536,3.508,3.512
1658997000,3.512,3.53,3.512,3.524
1658998800,3.524,3.528,3.5,3.51
1659000600,3.512,3.518,3.502,3.508
1659002400,3.508,3.508,3.492,3.5
1659004200,3.498,3.502,3.484,3.502
1659006000,3.502,3.518,3.494,3.518
1659007800,3.518,3.536,3.514,3.53
1659009600,3.53,3.53,3.512,3.514
1659011400,3.514,3.554,3.506,3.548
1659013200,3.546,3.548,3.506,3.54
1659015000,3.542,3.58,3.54,3.568
1659016800,3.568,3.568,3.528,3.536
1659018600,3.536,3.56,3.502,3.514
1659020400,3.532,3.532,3.532,3.532
1659076200,3.536,3.536,3.536,3.536
1659078000,3.538,3.634,3.536,3.584
1659079800,3.586,3.61,3.58,3.594
1659081600,3.594,3.626,3.594,3.624
1659083400,3.624,3.63,3.598,3.598
1659085200,3.596,3.604,3.59,3.604
1659087000,3.604,3.622,3.598,3.618
1659088800,3.616,3.618,3.596,3.606
1659090600,3.606,3.608,3.592,3.606
1659092400,3.606,3.626,3.606,3.624
1659094200,3.624,3.624,3.614,3.618
1659096000,3.618,3.62,3.608,3.61
1659097800,3.608,3.632,3.608,3.62
1659099600,3.62,3.624,3.606,3.61
1659101400,3.608,3.61,3.602,3.606
1659103200,3.608,3.616,3.6,3.602
1659105000,3.602,3.642,3.602,3.63
1659106800,3.664,3.664,3.664,3.664
1659335400,3.71,3.71,3.71,3.71
1659337200,3.71,3.75,3.672,3.73
1659339000,3.728,3.74,3.72,3.728
1659340800,3.73,3.73,3.694,3.708
1659342600,3.708,3.712,3.69,3.7
1659344400,3.698,3.718,3.698,3.714
1659346200,3.714,3.732,3.714,3.732
1659348000,3.732,3.732,3.71,3.72
1659349800,3.72,3.726,3.72,3.722
1659351600,3.72,3.722,3.704,3.71
1659353400,3.71,3.71,3.698,3.708
1659355200,3.706,3.708,3.698,3.704
1659357000,3.702,3.706,3.694,3.698
1659358800,3.696,3.704,3.692,3.702
1659360600,3.7,3.71,3.698,3.704
1659362400,3.704,3.704,3.686,3.686
1659364200,3.688,3.714,3.686,3.702
1659366000,3.718,3.718,3.718,3.718
1659421800,3.716,3.716,3.716,3.716
1659423600,3.716,3.718,3.688,3.704
1659425400,3.704,3.704,3.686,3.69
1659427200,3.688,3.722,3.68,3.712
1659429000,3.708,3.708,3.686,3.688
1659430800,3.688,3.696,3.682,3.692
1659432600,3.692,3.706,3.688,3.702
1659434400,3.702,3.722,3.692,3.704
1659436200,3.702,3.708,3.698,3.702
1659438000,3.7,3.72,3.698,3.712
1659439800,3.712,3.72,3.704,3.704
1659441600,3.706,3.708,3.668,3.676
1659443400,3.676,3.708,3.674,3.698
1659445200,3.698,3.698,3.684,3.692
1659447000,3.692,3.698,3.682,3.692
1659448800,3.692,3.714,3.69,3.706
1659450600,3.704,3.71,3.644,3.654
1659452400,3.654,3.654,3.654,3.654
1659508200,3.654,3.654,3.654,3.654
1659510000,3.656,3.716,3.656,3.686
1659511800,3.688,3.69,3.66,3.67
1659513600,3.668,3.676,3.642,3.65
1659515400,3.648,3.652,3.622,3.63
1659517200,3.628,3.628,3.6,3.622
1659519000,3.62,3.62,3.608,3.614
1659520800,3.614,3.616,3.586,3.602
1659522600,3.598,3.6,3.58,3.592
1659524400,3.592,3.602,3.588,3.592
1659526200,3.592,3.592,3.578,3.586
1659528000,3.586,3.588,3.576,3.578
1659529800,3.578,3.578,3.53,3.542
1659531600,3.538,3.552,3.528,3.53
1659533400,3.53,3.544,3.528,3.542
1659535200,3.54,3.546,3.53,3.536
1659537000,3.536,3.552,3.53,3.536
1659538800,3.544,3.544,3.544,3.544
1659594600,3.572,3.572,3.572,3.572
1659596400,3.572,3.61,3.558,3.598
1659598200,3.6,3.694,3.594,3.684
1659600000,3.686,3.7,3.648,3.662
1659601800,3.662,3.664,3.648,3.656
1659603600,3.654,3.662,3.638,3.65
1659605400,3.648,3.648,3.626,3.628
1659607200,3.626,3.642,3.622,3.636
1659609000,3.634,3.65,3.63,3.65
1659610800,3.652,3.652,3.63,3.64
1659612600,3.64,3.64,3.61,3.624
1659614400,3.622,3.634,3.622,3.632
1659616200,3.63,3.662,3.628,3.646
1659618000,3.644,3.686,3.642,3.67
1659619800,3.672,3.68,3.662,3.668
1659621600,3.668,3.67,3.648,3.658
1659623400,3.656,3.674,3.654,3.674
1659625200,3.658,3.658,3.658,3.658
1659681000,3.666,3.666,3.666,3.666
1659682800,3.668,3.69,3.6,3.604
1659684600,3.61,3.634,3.592,3.592
1659686400,3.594,3.612,3.59,3.602
1659688200,3.602,3.608,3.588,3.596
1659690000,3.596,3.596,3.564,3.568
1659691800,3.566,3.586,3.562,3.586
1659693600,3.588,3.598,3.588,3.592
1659695400,3.594,3.628,3.594,3.618
1659697200,3.616,3.654,3.61,3.636
1659699000,3.638,3.67,3.636,3.646
1659700800,3.646,3.66,3.64,3.65
1659702600,3.648,3.65,3.618,3.64
1659704400,3.638,3.642,3.624,3.636
1659706200,3.638,3.646,3.632,3.636
1659708000,3.634,3.64,3.628,3.63
1659709800,3.63,3.652,3.624,3.642
1659711600,3.654,3.654,3.654,3.654
1659940200,3.698,3.698,3.698,3.698
1659942000,3.696,3.746,3.682,3.7
1659943800,3.7,3.71,3.69,3.696
1659945600,3.696,3.696,3.654,3.654
1659947400,3.66,3.67,3.656,3.668
1659949200,3.67,3.676,3.664,3.668
1659951000,3.666,3.672,3.66,3.67
1659952800,3.67,3.674,3.66,3.66
1659954600,3.662,3.664,3.616,3.62
1659956400,3.62,3.65,3.616,3.644
1659958200,3.646,3.65,3.634,3.638
1659960000,3.638,3.644,3.626,3.644
1659961800,3.644,3.654,3.638,3.652
1659963600,3.654,3.668,3.642,3.652
1659965400,3.652,3.652,3.64,3.646
1659967200,3.646,3.65,3.64,3.646
1659969000,3.646,3.648,3.636,3.64
1659970800,3.64,3.64,3.64,3.64
1660026600,3.644,3.644,3.644,3.644
1660028400,3.646,3.69,3.618,3.688
1660030200,3.686,3.714,3.672,3.714
1660032000,3.712,3.744,3.706,3.744
1660033800,3.746,3.75,3.704,3.73
1660035600,3.728,3.74,3.72,3.728
1660037400,3.726,3.744,3.716,3.722
1660039200,3.724,3.738,3.716,3.734
1660041000,3.734,3.748,3.714,3.714
1660042800,3.716,3.72,3.664,3.72
1660044600,3.718,3.724,3.7,3.712
1660046400,3.712,3.73,3.692,3.72
1660048200,3.72,3.732,3.714,3.718
1660050000,3.718,3.728,3.712,3.724
1660051800,3.726,3.744,3.722,3.742
1660053600,3.742,3.754,3.73,3.732
1660055400,3.73,3.732,3.72,3.726
1660057200,3.72,3.72,3.72,3.72
1660113000,3.73,3.73,3.73,3.73
1660114800,3.738,3.77,3.724,3.762
1660116600,3.764,3.8,3.764,3.768
1660118400,3.768,3.774,3.752,3.768
1660120200,3.768,3.768,3.724,3.736
1660122000,3.736,3.738,3.69,3.714
1660123800,3.712,3.736,3.706,3.726
1660125600,3.726,3.73,3.724,3.728
1660127400,3.728,3.74,3.722,3.738
1660129200,3.736,3.756,3.736,3.742
1660131000,3.742,3.784,3.742,3.776
1660132800,3.778,3.82,3.774,3.814
1660134600,3.814,3.84,3.806,3.83
1660136400,3.828,3.836,3.826,3.83
1660138200,3.83,3.834,3.812,3.818
1660140000,3.816,3.836,3.81,3.824
1660141800,3.824,3.834,3.816,3.826
1660143600,3.84,3.84,3.84,3.84
1660199400,3.97,3.97,3.97,3.97
1660201200,3.974,4.024,3.79,3.828
1660203000,3.826,3.828,3.772,3.804
1660204800,3.806,3.81,3.714,3.732
1660206600,3.734,3.75,3.684,3.732
1660208400,3.728,3.736,3.714,3.726
1660210200,3.724,3.726,3.704,3.712
1660212000,3.714,3.728,3.714,3.722
1660213800,3.724,3.728,3.712,3.724
1660215600,3.724,3.724,3.704,3.716
1660217400,3.716,3.718,3.706,3.716
1660219200,3.714,3.722,3.712,3.722
1660221000,3.72,3.73,3.714,3.73
1660222800,3.73,3.736,3.716,3.736
1660224600,3.736,3.736,3.724,3.73
1660226400,3.728,3.736,3.714,3.716
1660228200,3.716,3.722,3.71,3.722
1660230000,3.728,3.728,3.728,3.728
1660285800,3.734,3.734,3.734,3.734
1660287600,3.736,3.81,3.734,3.75
1660289400,3.752,3.756,3.712,3.72
1660291200,3.722,3.728,3.7,3.702
1660293000,3.702,3.734,3.7,3.724
1660294800,3.722,3.74,3.718,3.736
1660296600,3.736,3.736,3.72,3.726
1660298400,3.726,3.732,3.716,3.718
1660300200,3.718,3.732,3.716,3.726
1660302000,3.724,3.732,3.72,3.728
1660303800,3.73,3.74,3.724,3.732
1660305600,3.732,3.754,3.724,3.746
1660307400,3.748,3.762,3.744,3.75
1660309200,3.75,3.78,3.746,3.77
1660311000,3.77,3.77,3.742,3.756
1660312800,3.758,3.766,3.712,3.738
1660314600,3.738,3.768,3.732,3.74
1660316400,3.74,3.74,3.74,3.74
1660545000,3.75,3.75,3.75,3.75
1660546800,3.756,3.778,3.736,3.772
1660548600,3.768,3.784,3.738,3.75
1660550400,3.75,3.764,3.748,3.754
1660552200,3.754,3.772,3.748,3.752
1660554000,3.752,3.754,3.732,3.734
1660555800,3.736,3.738,3.712,3.734
1660557600,3.732,3.736,3.718,3.726
1660559400,3.726,3.736,3.722,3.732
1660561200,3.73,3.73,3.712,3.718
1660563000,3.72,3.734,3.718,3.726
1660564800,3.724,3.728,3.718,3.722
1660566600,3.72,3.722,3.702,3.712
1660568400,3.714,3.714,3.68,3.688
1660570200,3.686,3.7,3.682,3.698
1660572000,3.698,3.702,3.65,3.664
1660573800,3.666,3.674,3.66,3.662
1660575600,3.7,3.7,3.7,3.7
1660631400,3.706,3.706,3.706,3.706
1660633200,3.706,3.762,3.686,3.754
1660635000,3.756,3.79,3.756,3.776
1660636800,3.772,3.79,3.764,3.778
1660638600,3.778,3.8,3.778,3.796
1660640400,3.794,3.83,3.794,3.8
1660642200,3.798,3.834,3.798,3.834
1660644000,3.834,3.85,3.83,3.838
1660645800,3.838,3.86,3.832,3.85
1660647600,3.85,3.878,3.85,3.854
1660649400,3.854,3.866,3.846,3.848
1660651200,3.848,3.86,3.798,3.8
1660653000,3.798,3.798,3.73,3.794
1660654800,3.794,3.848,3.778,3.844
1660656600,3.844,3.88,3.844,3.868
1660658400,3.87,3.896,3.864,3.882
1660660200,3.882,3.94,3.882,3.936
1660662000,3.934,3.934,3.934,3.934
1660717800,3.94,3.94,3.94,3.94
1660719600,3.942,4.002,3.94,3.962
1660721400,3.962,3.968,3.94,3.954
1660723200,3.954,3.96,3.906,3.952
1660725000,3.952,3.954,3.928,3.936
1660726800,3.936,3.982,3.932,3.97
1660728600,3.972,3.98,3.954,3.956
1660730400,3.956,3.982,3.952,3.97
1660732200,3.97,3.988,3.962,3.974
1660734000,3.972,3.974,3.95,3.954
1660735800,3.954,3.982,3.952,3.978
1660737600,3.976,4.002,3.976,3.99
1660739400,3.99,4.01,3.982,3.998
1660741200,4,4.038,4,4.014
1660743000,4.014,4.022,3.992,3.992
1660744800,3.994,3.998,3.978,3.998
1660746600,3.992,3.998,3.98,3.994
1660748400,3.998,4,3.998,4
1660804200,4.02,4.02,4.02,4.02
1660806000,4.004,4.02,3.942,3.988
1660807800,3.988,3.988,3.934,3.948
1660809600,3.946,3.948,3.92,3.94
1660811400,3.938,3.942,3.928,3.934
1660813200,3.936,3.942,3.91,3.93
1660815000,3.93,3.934,3.92,3.922
1660816800,3.922,3.928,3.914,3.916
1660818600,3.914,3.92,3.904,3.92
1660820400,3.92,3.922,3.82,3.862
1660822200,3.862,3.91,3.862,3.892
1660824000,3.894,3.902,3.86,3.868
1660825800,3.868,3.894,3.862,3.89
1660827600,3.89,3.918,3.888,3.914
1660829400,3.914,3.934,3.91,3.932
1660831200,3.93,3.946,3.926,3.94
1660833000,3.94,3.946,3.922,3.926
1660834800,3.918,3.918,3.918,3.918
1660890600,3.936,3.936,3.936,3.936
1660892400,3.94,3.952,3.924,3.942
1660894200,3.944,3.968,3.93,3.954
1660896000,3.954,3.958,3.938,3.942
1660897800,3.94,3.942,3.906,3.92
1660899600,3.92,3.932,3.914,3.93
1660901400,3.93,3.944,3.922,3.94
1660903200,3.94,3.946,3.93,3.938
1660905000,3.938,3.94,3.93,3.932
1660906800,3.93,3.946,3.93,3.932
1660908600,3.932,3.976,3.924,3.948
1660910400,3.948,3.958,3.892,3.904
1660912200,3.904,3.924,3.898,3.91
1660914000,3.912,3.936,3.912,3.926
1660915800,3.928,3.948,3.924,3.946
1660917600,3.946,3.946,3.906,3.918
1660919400,3.92,3.926,3.9,3.902
1660921200,3.9,3.9,3.9,3.9
1661149800,3.884,3.884,3.884,3.884
1661151600,3.882,3.92,3.88,3.914
1661153400,3.912,3.918,3.876,3.894
1661155200,3.894,3.898,3.882,3.884
1661157000,3.884,3.896,3.874,3.888
1661158800,3.888,3.896,3.886,3.892
1661160600,3.894,3.914,3.888,3.902
1661162400,3.902,3.92,3.898,3.916
1661164200,3.916,3.942,3.904,3.928
1661166000,3.93,3.936,3.908,3.928
1661167800,3.928,3.944,3.924,3.938
1661169600,3.936,3.946,3.914,3.918
1661171400,3.92,3.93,3.904,3.91
1661173200,3.908,3.922,3.902,3.922
1661175000,3.918,3.934,3.906,3.912
1661176800,3.912,3.914,3.894,3.898
1661178600,3.9,3.918,3.898,3.91
1661180400,3.9,3.9,3.9,3.9
1661236200,3.928,3.928,3.928,3.928
1661238000,3.928,4.064,3.928,4.048
1661239800,4.048,4.1,4.036,4.058
1661241600,4.06,4.076,4.058,4.072
1661243400,4.07,4.078,4.064,4.074
1661245200,4.072,4.088,4.066,4.07
1661247000,4.072,4.074,4.042,4.048
1661248800,4.05,4.052,4.036,4.042
1661250600,4.042,4.05,4.022,4.046
1661252400,4.05,4.054,4.024,4.038
1661254200,4.038,4.06,4.014,4.05
1661256000,4.05,4.094,4.044,4.086
1661257800,4.086,4.13,4.08,4.126
1661259600,4.126,4.136,4.104,4.126
1661261400,4.126,4.152,4.108,4.134
1661263200,4.134,4.152,4.114,4.116
1661265000,4.112,4.116,4.07,4.094
1661266800,4.094,4.11,4.094,4.11
1661322600,4.124,4.124,4.124,4.124
1661324400,4.124,4.16,4.088,4.098
1661326200,4.098,4.152,4.084,4.104
1661328000,4.108,4.124,4.088,4.122
1661329800,4.12,4.12,4.092,4.096
1661331600,4.096,4.108,4.06,4.072
1661333400,4.072,4.076,4.046,4.07
1661335200,4.072,4.09,4.066,4.086
1661337000,4.086,4.09,4.074,4.078
1661338800,4.078,4.09,4.07,4.08
1661340600,4.08,4.092,4.042,4.044
1661342400,4.044,4.08,4.038,4.068
1661344200,4.068,4.094,4.058,4.092
1661346000,4.092,4.098,4.072,4.086
1661347800,4.086,4.086,4.05,4.052
1661349600,4.052,4.096,4.05,4.066
1661351400,4.066,4.078,4.05,4.06
1661353200,4.046,4.046,4.046,4.046
1661409000,4.048,4.048,4.048,4.048
1661410800,4.05,4.196,4.05,4.188
1661412600,4.188,4.238,4.186,4.202
1661414400,4.202,4.216,4.196,4.204
1661416200,4.204,4.244,4.19,4.24
1661418000,4.242,4.242,4.19,4.196
1661419800,4.196,4.22,4.196,4.22
1661421600,4.218,4.224,4.214,4.214
1661423400,4.216,4.222,4.208,4.218
1661425200,4.218,4.224,4.208,4.218
1661427000,4.22,4.234,4.206,4.214
1661428800,4.216,4.232,4.212,4.22
1661430600,4.216,4.23,4.208,4.212
1661432400,4.214,4.224,4.208,4.208
1661434200,4.208,4.226,4.206,4.224
1661436000,4.224,4.234,4.214,4.224
1661437800,4.224,4.226,4.19,4.194
1661439600,4.19,4.19,4.19,4.19
1661495400,4.194,4.194,4.194,4.194
1661497200,4.194,4.258,4.19,4.244
1661499000,4.242,4.246,4.182,4.182
1661500800,4.182,4.214,4.142,4.154
1661502600,4.152,4.16,4.126,4.142
1661504400,4.142,4.17,4.128,4.152
1661506200,4.152,4.16,4.138,4.154
1661508000,4.154,4.162,4.132,4.138
1661509800,4.136,4.144,4.13,4.134
1661511600,4.136,4.152,4.132,4.132
1661513400,4.134,4.152,4.132,4.152
1661515200,4.152,4.164,4.124,4.124
1661517000,4.126,4.13,4.112,4.128
1661518800,4.128,4.16,4.126,4.152
1661520600,4.15,4.188,4.142,4.178
1661522400,4.178,4.27,4.178,4.198
1661524200,4.196,4.224,4.12,4.19
1661526000,4.246,4.246,4.246,4.246
1661754600,4.236,4.236,4.236,4.236
1661756400,4.23,4.236,4.088,4.114
1661758200,4.114,4.132,4.07,4.126
1661760000,4.124,4.126,4.026,4.026
1661761800,4.05,4.09,4.016,4.082
1661763600,4.078,4.084,4.04,4.054
1661765400,4.058,4.092,4.054,4.086
1661767200,4.086,4.102,4.08,4.102
1661769000,4.102,4.138,4.098,4.128
1661770800,4.126,4.128,4.112,4.12
1661772600,4.122,4.166,4.102,4.166
1661774400,4.164,4.172,4.13,4.14
1661776200,4.142,4.146,4.12,4.122
1661778000,4.124,4.13,4.108,4.108
1661779800,4.11,4.114,4.098,4.104
1661781600,4.106,4.13,4.104,4.116
1661783400,4.118,4.12,4.102,4.11
1661785200,4.15,4.15,4.15,4.15
1661927400,4.15,4.15,4.15,4.15
1661929200,4.154,4.164,4.094,4.102
1661931000,4.102,4.108,4.092,4.094
1661932800,4.096,4.144,4.096,4.098
1661934600,4.096,4.116,4.092,4.112
1661936400,4.11,4.116,4.096,4.098
1661938200,4.098,4.1,4.076,4.094
1661940000,4.094,4.094,4.08,4.084
1661941800,4.084,4.086,4.066,4.084
1661943600,4.082,4.088,4.076,4.08
1661945400,4.082,4.084,4.076,4.084
1661947200,4.084,4.094,4.074,4.092
1661949000,4.094,4.096,4.08,4.082
1661950800,4.082,4.096,4.08,4.092
1661952600,4.096,4.12,4.092,4.1
1661954400,4.1,4.12,4.08,4.108
1661956200,4.104,4.108,4.06,4.094
1661958000,4.132,4.132,4.132,4.132
1662013800,4.126,4.126,4.126,4.126
1662015600,4.12,4.126,4.068,4.086
1662017400,4.088,4.088,4.036,4.04
1662019200,4.04,4.052,4.026,4.044
1662021000,4.044,4.05,4.038,4.05
1662022800,4.048,4.052,4.042,4.05
1662024600,4.05,4.058,4.044,4.052
1662026400,4.054,4.1,4.054,4.094
1662028200,4.092,4.092,4.078,4.086
1662030000,4.092,4.1,4.08,4.082
1662031800,4.08,4.082,4.07,4.072
1662033600,4.072,4.076,4.052,4.06
1662035400,4.058,4.064,4.034,4.064
1662037200,4.066,4.086,4.066,4.066
1662039000,4.07,4.09,4.066,4.078
1662040800,4.078,4.09,4.068,4.076
1662042600,4.076,4.084,4.048,4.074
1662044400,4.034,4.034,4.034,4.034
1662100200,4.036,4.036,4.036,4.036
1662102000,4.038,4.118,4.036,4.068
1662103800,4.068,4.078,4.058,4.064
1662105600,4.064,4.078,4.048,4.058
1662107400,4.056,4.056,4.04,4.046
1662109200,4.046,4.048,4.036,4.04
1662111000,4.042,4.05,4.034,4.042
1662112800,4.042,4.05,4.04,4.046
1662114600,4.046,4.046,4.034,4.036
1662116400,4.036,4.042,4.034,4.034
1662118200,4.034,4.034,4.026,4.032
1662120000,4.03,4.036,4.028,4.032
1662121800,4.032,4.044,4.016,4.042
1662123600,4.044,4.08,4.038,4.064
1662125400,4.066,4.076,4.05,4.07
1662127200,4.07,4.098,4.07,4.082
1662129000,4.082,4.154,4.078,4.09
1662130800,4.09,4.09,4.09,4.09
1662359400,4.09,4.09,4.09,4.09
1662361200,4.092,4.11,4.06,4.072
1662363000,4.07,4.092,4.064,4.09
1662364800,4.09,4.116,4.09,4.104
1662366600,4.102,4.104,4.086,4.086
1662368400,4.088,4.1,4.078,4.092
1662370200,4.092,4.122,4.088,4.104
1662372000,4.102,4.11,4.096,4.104
1662373800,4.104,4.106,4.098,4.1
1662375600,4.1,4.116,4.096,4.1
1662377400,4.1,4.106,4.09,4.096
1662379200,4.098,4.108,4.082,4.102
1662381000,4.102,4.152,4.102,4.134
1662382800,4.136,4.142,4.112,4.116
1662384600,4.116,4.12,4.1,4.114
1662386400,4.112,4.13,4.092,4.106
1662388200,4.106,4.15,4.098,4.12
1662390000,4.126,4.126,4.126,4.126
1662445800,4.16,4.16,4.16,4.16
1662447600,4.164,4.216,4.146,4.18
1662449400,4.178,4.218,4.164,4.168
1662451200,4.168,4.168,4.064,4.12
1662453000,4.12,4.216,4.12,4.2
1662454800,4.2,4.202,4.182,4.198
1662456600,4.198,4.198,4.156,4.17
1662458400,4.166,4.202,4.162,4.2
1662460200,4.198,4.198,4.174,4.182
1662462000,4.18,4.198,4.17,4.192
1662463800,4.192,4.208,4.188,4.204
1662465600,4.204,4.212,4.174,4.188
1662467400,4.186,4.204,4.176,4.2
1662469200,4.2,4.214,4.2,4.208
1662471000,4.204,4.21,4.182,4.194
1662472800,4.198,4.204,4.19,4.196
1662474600,4.194,4.208,4.192,4.198
1662476400,4.19,4.19,4.19,4.19
1662532200,4.178,4.178,4.178,4.178
1662534000,4.178,4.18,4.128,4.168
1662535800,4.166,4.168,4.094,4.094
1662537600,4.094,4.096,4.006,4.072
1662539400,4.07,4.094,4.066,4.084
1662541200,4.082,4.122,4.076,4.122
1662543000,4.122,4.13,4.108,4.12
1662544800,4.124,4.152,4.124,4.14
1662546600,4.142,4.18,4.132,4.17
1662548400,4.17,4.206,4.158,4.206
1662550200,4.204,4.248,4.202,4.206
1662552000,4.206,4.208,4.182,4.186
1662553800,4.186,4.204,4.152,4.202
1662555600,4.202,4.218,4.186,4.214
1662557400,4.216,4.238,4.216,4.232
1662559200,4.234,4.25,4.192,4.212
1662561000,4.208,4.236,4.206,4.22
1662562800,4.228,4.228,4.228,4.228
1662618600,4.236,4.236,4.236,4.236
1662620400,4.238,4.292,4.238,4.284
1662622200,4.284,4.288,4.26,4.262
1662624000,4.264,4.268,4.246,4.246
1662625800,4.244,4.266,4.236,4.258
1662627600,4.256,4.258,4.248,4.254
1662629400,4.256,4.26,4.242,4.25
1662631200,4.248,4.376,4.246,4.336
1662633000,4.336,4.356,4.322,4.346
1662634800,4.348,4.348,4.322,4.342
1662636600,4.344,4.366,4.344,4.366
1662638400,4.368,4.404,4.366,4.368
1662640200,4.368,4.378,4.344,4.364
1662642000,4.366,4.374,4.352,4.368
1662643800,4.366,4.392,4.358,4.374
1662645600,4.376,4.376,4.314,4.368
1662647400,4.368,4.38,4.304,4.35
1662649200,4.35,4.35,4.35,4.35
1662705000,4.398,4.398,4.398,4.398
1662706800,4.398,4.408,4.326,4.34
1662708600,4.34,4.342,4.294,4.302
1662710400,4.3,4.304,4.278,4.296
1662712200,4.296,4.296,4.274,4.288
1662714000,4.288,4.31,4.28,4.294
1662715800,4.294,4.298,4.28,4.284
1662717600,4.284,4.3,4.282,4.3
1662719400,4.3,4.306,4.294,4.298
1662721200,4.298,4.302,4.284,4.302
1662723000,4.302,4.318,4.298,4.298
1662724800,4.298,4.318,4.29,4.318
1662726600,4.318,4.318,4.29,4.296
1662728400,4.296,4.322,4.294,4.3
1662730200,4.3,4.31,4.288,4.304
1662732000,4.302,4.344,4.302,4.342
1662733800,4.34,4.342,4.31,4.31
1662735600,4.306,4.306,4.306,4.306
1662964200,4.312,4.312,4.312,4.312
1662966000,4.314,4.344,4.282,4.332
1662967800,4.332,4.38,4.32,4.336
1662969600,4.336,4.364,4.324,4.348
1662971400,4.346,4.384,4.346,4.382
1662973200,4.382,4.39,4.374,4.39
1662975000,4.39,4.394,4.386,4.394
1662976800,4.392,4.442,4.39,4.44
1662978600,4.44,4.44,4.41,4.424
1662980400,4.426,4.476,4.424,4.454
1662982200,4.454,4.476,4.454,4.462
1662984000,4.462,4.466,4.43,4.434
1662985800,4.434,4.44,4.418,4.43
1662987600,4.428,4.452,4.428,4.432
1662989400,4.432,4.446,4.428,4.438
1662991200,4.438,4.442,4.408,4.436
1662993000,4.44,4.44,4.37,4.412
1662994800,4.412,4.412,4.412,4.412
1663050600,4.458,4.458,4.458,4.458
1663052400,4.458,4.552,4.426,4.542
1663054200,4.542,4.598,4.536,4.546
1663056000,4.544,4.64,4.542,4.64
1663057800,4.64,4.678,4.61,4.672
1663059600,4.674,4.694,4.642,4.642
1663061400,4.646,4.658,4.55,4.594
1663063200,4.598,4.614,4.512,4.57
1663065000,4.572,4.614,4.56,4.582
1663066800,4.584,4.67,4.58,4.626
1663068600,4.626,4.628,4.586,4.596
1663070400,4.598,4.6,4.556,4.562
1663072200,4.56,4.57,4.5,4.516
1663074000,4.516,4.532,4.468,4.492
1663075800,4.49,4.56,4.476,4.516
1663077600,4.512,4.516,4.474,4.496
1663079400,4.494,4.5,4.412,4.422
1663081200,4.48,4.48,4.48,4.48
1663137000,4.47,4.47,4.47,4.47
1663138800,4.462,4.58,4.43,4.578
1663140600,4.58,4.606,4.494,4.51
1663142400,4.51,4.524,4.43,4.44
1663144200,4.44,4.444,4.36,4.394
1663146000,4.394,4.432,4.394,4.416
1663147800,4.414,4.474,4.414,4.452
1663149600,4.454,4.494,4.45,4.48
1663151400,4.48,4.554,4.48,4.552
1663153200,4.554,4.664,4.55,4.664
1663155000,4.66,4.678,4.614,4.614
1663156800,4.618,4.648,4.602,4.642
1663158600,4.648,4.662,4.596,4.598
1663160400,4.598,4.66,4.596,4.656
1663162200,4.656,4.662,4.62,4.63
1663164000,4.63,4.632,4.582,4.59
1663165800,4.59,4.676,4.588,4.662
1663167600,4.66,4.66,4.66,4.66
1663223400,4.666,4.666,4.666,4.666
1663225200,4.668,4.792,4.668,4.758
1663227000,4.758,4.778,4.722,4.734
1663228800,4.732,4.754,4.684,4.684
1663230600,4.686,4.734,4.67,4.732
1663232400,4.732,4.776,4.72,4.752
1663234200,4.75,4.764,4.75,4.764
1663236000,4.762,4.774,4.756,4.762
1663237800,4.76,4.768,4.758,4.76
1663239600,4.762,4.766,4.726,4.742
1663241400,4.742,4.752,4.74,4.742
1663243200,4.744,4.756,4.742,4.744
1663245000,4.746,4.758,4.722,4.722
1663246800,4.728,4.728,4.636,4.648
1663248600,4.65,4.684,4.574,4.592
1663250400,4.59,4.606,4.538,4.558
1663252200,4.558,4.58,4.552,4.566
1663254000,4.58,4.58,4.58,4.58
1663309800,4.648,4.648,4.648,4.648
1663311600,4.648,4.654,4.564,4.608
1663313400,4.608,4.64,4.606,4.622
1663315200,4.622,4.622,4.584,4.584
1663317000,4.586,4.634,4.582,4.63
1663318800,4.626,4.638,4.626,4.632
1663320600,4.632,4.634,4.608,4.62
1663322400,4.62,4.636,4.616,4.63
1663324200,4.632,4.662,4.624,4.636
1663326000,4.636,4.668,4.636,4.652
1663327800,4.652,4.664,4.648,4.652
1663329600,4.648,4.652,4.644,4.652
1663331400,4.654,4.672,4.65,4.658
1663333200,4.66,4.676,4.658,4.66
1663335000,4.658,4.69,4.656,4.69
1663336800,4.688,4.7,4.65,4.652
1663338600,4.652,4.654,4.65,4.652
1663340400,4.686,4.686,4.686,4.686
1663569000,4.684,4.684,4.684,4.684
1663570800,4.68,4.708,4.662,4.706
1663572600,4.71,4.804,4.71,4.772
1663574400,4.772,4.778,4.748,4.754
1663576200,4.752,4.754,4.698,4.714
1663578000,4.708,4.736,4.7,4.734
1663579800,4.734,4.736,4.64,4.664
1663581600,4.662,4.708,4.662,4.702
1663583400,4.702,4.708,4.698,4.706
1663585200,4.706,4.708,4.68,4.698
1663587000,4.698,4.7,4.68,4.69
1663588800,4.688,4.7,4.686,4.692
1663590600,4.69,4.69,4.678,4.688
1663592400,4.686,4.696,4.684,4.684
1663594200,4.682,4.682,4.564,4.564
1663596000,4.564,4.564,4.504,4.506
1663599600,4.54,4.54,4.54,4.54
1663655400,4.54,4.54,4.54,4.54
1663657200,4.538,4.62,4.33,4.588
1663659000,4.59,4.59,4.56,4.578
1663660800,4.584,4.616,4.572,4.578
1663662600,4.578,4.578,4.478,4.478
1663664400,4.48,4.548,4.468,4.548
1663666200,4.544,4.6,4.538,4.596
1663668000,4.6,4.626,4.556,4.562
1663669800,4.562,4.598,4.548,4.598
1663671600,4.598,4.598,4.564,4.572
1663673400,4.568,4.62,4.566,4.588
1663675200,4.588,4.6,4.576,4.582
1663677000,4.582,4.602,4.494,4.528
1663678800,4.522,4.572,4.5,4.564
1663680600,4.564,4.572,4.546,4.548
1663682400,4.55,4.554,4.49,4.5
1663684200,4.504,4.598,4.5,4.568
1663686000,4.61,4.61,4.61,4.61
1663741800,4.6,4.6,4.6,4.6
1663743600,4.592,4.684,4.512,4.514
1663745400,4.514,4.514,4.39,4.446
1663747200,4.444,4.464,4.43,4.442
1663749000,4.442,4.478,4.432,4.478
1663750800,4.474,4.484,4.458,4.458
1663752600,4.458,4.464,4.428,4.43
1663754400,4.436,4.436,4.42,4.424
1663756200,4.426,4.45,4.38,4.38
1663758000,4.38,4.388,4.342,4.342
1663759800,4.34,4.346,4.3,4.334
1663761600,4.332,4.358,4.33,4.354
1663763400,4.352,4.386,4.342,4.386
1663765200,4.386,4.426,4.384,4.392
1663767000,4.392,4.43,4.36,4.394
1663768800,4.4,4.402,4.368,4.384
1663770600,4.384,4.402,4.362,4.39
1663772400,4.38,4.38,4.38,4.38
1663828200,4.382,4.382,4.382,4.382
1663830000,4.38,4.444,4.34,4.344
1663831800,4.344,4.366,4.32,4.33
1663833600,4.332,4.356,4.304,4.312
1663835400,4.312,4.35,4.306,4.35
1663837200,4.35,4.356,4.332,4.338
1663839000,4.338,4.342,4.33,4.332
1663840800,4.33,4.342,4.33,4.338
1663842600,4.334,4.34,4.32,4.332
1663844400,4.334,4.336,4.316,4.334
1663846200,4.33,4.332,4.306,4.308
1663848000,4.314,4.324,4.306,4.312
1663849800,4.314,4.32,4.3,4.318
1663851600,4.318,4.33,4.31,4.314
1663853400,4.31,4.326,4.3,4.31
1663855200,4.314,4.346,4.31,4.324
1663857000,4.326,4.412,4.326,4.4
1663858800,4.38,4.38,4.38,4.38
1663914600,4.38,4.38,4.38,4.38
1663916400,4.39,4.476,4.38,4.43
1663918200,4.428,4.526,4.412,4.502
1663920000,4.502,4.504,4.47,4.47
1663921800,4.474,4.5,4.46,4.476
1663923600,4.478,4.498,4.464,4.464
1663925400,4.464,4.48,4.464,4.464
1663927200,4.464,4.496,4.462,4.486
1663929000,4.484,4.496,4.432,4.436
1663930800,4.44,4.47,4.43,4.466
1663932600,4.466,4.474,4.456,4.46
1663934400,4.454,4.476,4.45,4.466
1663936200,4.466,4.468,4.434,4.434
1663938000,4.434,4.434,4.37,4.378
1663939800,4.376,4.43,4.358,4.4
1663941600,4.4,4.47,4.4,4.448
1663943400,4.448,4.452,4.39,4.406
1663945200,4.444,4.444,4.444,4.444
1664173800,4.432,4.432,4.432,4.432
1664175600,4.43,4.44,4.386,4.406
1664177400,4.408,4.424,4.364,4.396
1664179200,4.396,4.4,4.368,4.382
1664181000,4.382,4.382,4.37,4.376
1664182800,4.376,4.38,4.334,4.338
1664184600,4.336,4.34,4.324,4.334
1664186400,4.332,4.334,4.296,4.322
1664188200,4.318,4.32,4.3,4.304
1664190000,4.304,4.31,4.298,4.3
1664191800,4.298,4.306,4.29,4.296
1664193600,4.29,4.296,4.274,4.296
1664195400,4.294,4.314,4.288,4.288
1664197200,4.288,4.3,4.28,4.29
1664199000,4.288,4.372,4.288,4.362
1664200800,4.36,4.426,4.36,4.396
1664202600,4.396,4.424,4.388,4.424
1664204400,4.394,4.394,4.394,4.394
1664260200,4.416,4.416,4.416,4.416
1664262000,4.416,4.54,4.416,4.534
1664263800,4.528,4.53,4.474,4.488
1664265600,4.486,4.504,4.48,4.496
1664267400,4.492,4.5,4.48,4.49
1664269200,4.49,4.502,4.462,4.484
1664271000,4.484,4.488,4.458,4.468
1664272800,4.47,4.472,4.412,4.432
1664274600,4.438,4.438,4.41,4.418
1664276400,4.42,4.438,4.398,4.43
1664278200,4.428,4.436,4.408,4.434
1664280000,4.434,4.444,4.42,4.426
1664281800,4.428,4.428,4.382,4.392
1664283600,4.392,4.42,4.374,4.384
1664285400,4.386,4.388,4.376,4.388
1664287200,4.384,4.404,4.378,4.386
1664289000,4.386,4.4,4.346,4.394
1664290800,4.386,4.386,4.386,4.386
1664346600,4.356,4.356,4.356,4.356
1664348400,4.354,4.408,4.35,4.38
1664350200,4.38,4.4,4.378,4.388
1664352000,4.392,4.392,4.358,4.36
1664353800,4.36,4.374,4.358,4.358
1664355600,4.358,4.358,4.348,4.348
1664357400,4.348,4.366,4.348,4.36
1664359200,4.362,4.362,4.336,4.34
1664361000,4.34,4.362,4.336,4.354
1664362800,4.354,4.354,4.336,4.34
1664364600,4.34,4.35,4.3,4.318
1664366400,4.318,4.322,4.3,4.314
1664368200,4.312,4.314,4.3,4.304
1664370000,4.304,4.306,4.292,4.292
1664371800,4.292,4.298,4.288,4.292
1664373600,4.292,4.298,4.288,4.294
1664375400,4.296,4.298,4.272,4.28
1664377200,4.268,4.268,4.268,4.268
1664433000,4.3,4.3,4.3,4.3
1664434800,4.298,4.33,4.254,4.254
1664436600,4.256,4.262,4.23,4.23
1664438400,4.232,4.232,4.202,4.202
1664440200,4.202,4.204,4.154,4.158
1664442000,4.158,4.184,4.144,4.18
1664443800,4.18,4.186,4.172,4.176
1664445600,4.176,4.178,4.158,4.176
1664447400,4.176,4.18,4.15,4.18
1664449200,4.182,4.236,4.182,4.218
1664451000,4.214,4.214,4.194,4.194
1664452800,4.196,4.242,4.196,4.218
1664454600,4.22,4.22,4.182,4.182
1664456400,4.182,4.196,4.174,4.176
1664458200,4.18,4.19,4.11,4.114
1664460000,4.116,4.116,4.028,4.028
1664461800,4.028,4.09,4.004,4.086
1664463600,4.074,4.074,4.074,4.074
1664519400,4.08,4.08,4.08,4.08
1664521200,4.092,4.106,4.052,4.078
1664523000,4.078,4.132,4.074,4.114
1664524800,4.116,4.154,4.11,4.142
1664526600,4.142,4.142,4.102,4.11
1664528400,4.112,4.114,4.1,4.104
1664530200,4.104,4.106,4.028,4.044
1664532000,4.044,4.066,4.016,4.016
1664533800,4.016,4.044,4.012,4.018
1664535600,4.018,4.056,4.012,4.044
1664537400,4.044,4.06,4.042,4.048
1664539200,4.048,4.056,4.026,4.032
1664541000,4.034,4.076,4.034,4.052
1664542800,4.054,4.082,4.048,4.066
1664544600,4.068,4.074,4.04,4.044
1664546400,4.042,4.054,4.03,4.036
1664548200,4.036,4.042,4.002,4.036
1664550000,4.006,4.006,4.006,4.006
1664778600,4.006,4.006,4.006,4.006
1664780400,4.028,4.09,4.012,4.06
1664782200,4.066,4.126,4.06,4.116
1664784000,4.116,4.116,4.084,4.1
1664785800,4.102,4.146,4.092,4.146
1664787600,4.146,4.158,4.13,4.13
1664789400,4.13,4.148,4.106,4.13
1664791200,4.13,4.166,4.13,4.132
1664793000,4.13,4.182,4.124,4.166
1664794800,4.162,4.178,4.156,4.162
1664796600,4.162,4.172,4.126,4.142
1664798400,4.142,4.172,4.14,4.164
1664800200,4.166,4.174,4.154,4.168
1664802000,4.168,4.184,4.14,4.178
1664803800,4.176,4.18,4.158,4.16
1664805600,4.16,4.178,4.15,4.176
1664807400,4.178,4.208,4.16,4.186
1664809200,4.2,4.2,4.2,4.2
1664865000,4.252,4.252,4.252,4.252
1664866800,4.256,4.32,4.182,4.24
1664868600,4.238,4.286,4.232,4.264
1664870400,4.262,4.306,4.238,4.252
1664872200,4.246,4.25,4.218,4.24
1664874000,4.238,4.238,4.198,4.22
1664875800,4.222,4.248,4.218,4.244
1664877600,4.242,4.246,4.232,4.238
1664879400,4.24,4.252,4.238,4.242
1664881200,4.238,4.254,4.238,4.252
1664883000,4.252,4.252,4.206,4.21
1664884800,4.212,4.25,4.21,4.248
1664886600,4.25,4.26,4.232,4.246
1664888400,4.248,4.268,4.234,4.254
1664890200,4.254,4.272,4.242,4.244
1664892000,4.242,4.28,4.24,4.254
1664893800,4.252,4.26,4.232,4.244
1664895600,4.246,4.246,4.246,4.246
1664951400,4.258,4.258,4.258,4.258
1664953200,4.26,4.332,4.26,4.316
1664955000,4.318,4.32,4.3,4.31
1664956800,4.318,4.324,4.254,4.26
1664958600,4.254,4.268,4.218,4.258
1664960400,4.258,4.268,4.216,4.248
1664962200,4.248,4.256,4.23,4.256
1664964000,4.256,4.28,4.246,4.272
1664965800,4.274,4.282,4.254,4.27
1664967600,4.27,4.28,4.246,4.254
1664969400,4.254,4.254,4.236,4.25
1664971200,4.25,4.254,4.234,4.248
1664973000,4.248,4.26,4.246,4.258
1664974800,4.258,4.262,4.248,4.258
1664976600,4.254,4.266,4.226,4.252
1664978400,4.25,4.258,4.226,4.238
1664980200,4.238,4.268,4.226,4.264
1664982000,4.272,4.272,4.272,4.272
1665037800,4.276,4.276,4.276,4.276
1665039600,4.28,4.33,4.254,4.268
1665041400,4.266,4.27,4.222,4.246
1665043200,4.248,4.262,4.246,4.256
1665045000,4.256,4.258,4.24,4.248
1665046800,4.248,4.25,4.216,4.224
1665048600,4.224,4.24,4.224,4.234
1665050400,4.234,4.252,4.224,4.236
1665052200,4.234,4.252,4.234,4.24
1665054000,4.24,4.244,4.226,4.23
1665055800,4.23,4.232,4.212,4.212
1665057600,4.21,4.214,4.192,4.194
1665059400,4.198,4.216,4.192,4.21
1665061200,4.206,4.222,4.202,4.212
1665063000,4.21,4.216,4.202,4.21
1665064800,4.21,4.216,4.198,4.212
1665066600,4.212,4.222,4.204,4.212
1665068400,4.21,4.21,4.21,4.21
1665124200,4.216,4.216,4.216,4.216
1665126000,4.216,4.278,4.206,4.264
1665127800,4.264,4.276,4.246,4.256
1665129600,4.258,4.258,4.238,4.248
1665131400,4.25,4.278,4.244,4.268
1665133200,4.272,4.294,4.262,4.282
1665135000,4.284,4.31,4.278,4.304
1665136800,4.306,4.32,4.266,4.28
1665138600,4.28,4.282,4.268,4.274
1665140400,4.276,4.276,4.244,4.272
1665142200,4.272,4.278,4.264,4.268
1665144000,4.268,4.282,4.264,4.272
1665145800,4.27,4.27,4.232,4.244
1665147600,4.242,4.262,4.238,4.26
1665149400,4.26,4.264,4.23,4.256
1665151200,4.26,4.314,4.252,4.306
1665153000,4.306,4.32,4.274,4.314
1665154800,4.294,4.294,4.294,4.294
1665383400,4.326,4.326,4.326,4.326
1665385200,4.326,4.368,4.31,4.334
1665387000,4.334,4.416,4.332,4.41
1665388800,4.41,4.434,4.378,4.396
1665390600,4.398,4.43,4.386,4.43
1665392400,4.426,4.47,4.422,4.46
1665394200,4.462,4.486,4.44,4.462
1665396000,4.46,4.494,4.44,4.476
1665397800,4.476,4.488,4.456,4.468
1665399600,4.468,4.496,4.45,4.474
1665401400,4.474,4.484,4.45,4.454
1665403200,4.452,4.486,4.452,4.462
1665405000,4.462,4.474,4.41,4.45
1665406800,4.45,4.476,4.448,4.474
1665408600,4.474,4.492,4.472,4.484
1665410400,4.48,4.484,4.452,4.46
1665412200,4.462,4.486,4.458,4.476
1665414000,4.478,4.478,4.478,4.478
1665469800,4.508,4.508,4.508,4.508
1665471600,4.508,4.534,4.42,4.422
1665473400,4.42,4.5,4.416,4.486
1665475200,4.488,4.56,4.48,4.554
1665477000,4.56,4.562,4.512,4.52
1665478800,4.524,4.542,4.518,4.536
1665480600,4.536,4.558,4.524,4.524
1665482400,4.526,4.532,4.506,4.51
1665484200,4.51,4.55,4.494,4.542
1665486000,4.544,4.556,4.534,4.546
1665487800,4.544,4.556,4.538,4.554
1665489600,4.554,4.556,4.54,4.548
1665491400,4.546,4.546,4.518,4.52
1665493200,4.518,4.53,4.484,4.49
1665495000,4.49,4.528,4.462,4.5
1665496800,4.5,4.524,4.49,4.502
1665498600,4.502,4.51,4.484,4.494
1665500400,4.49,4.49,4.49,4.49
1665556200,4.53,4.53,4.53,4.53
1665558000,4.53,4.532,4.444,4.446
1665559800,4.444,4.5,4.416,4.49
1665561600,4.496,4.496,4.426,4.434
1665563400,4.432,4.454,4.41,4.45
1665565200,4.448,4.49,4.438,4.476
1665567000,4.478,4.494,4.474,4.48
1665568800,4.48,4.492,4.46,4.462
1665570600,4.464,4.524,4.464,4.478
1665572400,4.476,4.554,4.476,4.554
1665574200,4.556,4.632,4.548,4.598
1665576000,4.602,4.636,4.594,4.622
1665577800,4.622,4.656,4.596,4.622
1665579600,4.618,4.644,4.6,4.616
1665581400,4.616,4.654,4.59,4.628
1665583200,4.63,4.634,4.602,4.616
1665585000,4.616,4.666,4.598,4.614
1665586800,4.646,4.646,4.646,4.646
1665642600,4.678,4.678,4.678,4.678
1665644400,4.678,4.748,4.678,4.74
1665646200,4.74,4.74,4.704,4.724
1665648000,4.722,4.744,4.702,4.706
1665649800,4.706,4.714,4.694,4.712
1665651600,4.714,4.75,4.704,4.728
1665653400,4.724,4.724,4.696,4.702
1665655200,4.704,4.712,4.7,4.706
1665657000,4.706,4.72,4.598,4.682
1665658800,4.686,4.706,4.664,4.668
1665660600,4.67,4.674,4.614,4.632
1665662400,4.632,4.64,4.604,4.608
1665664200,4.61,4.618,4.574,4.604
1665666000,4.604,4.612,4.572,4.578
1665667800,4.576,4.58,4.532,4.566
1665669600,4.564,4.57,4.54,4.548
1665671400,4.55,4.568,4.53,4.55
1665673200,4.548,4.548,4.548,4.548
1665729000,4.624,4.624,4.624,4.624
1665730800,4.622,4.734,4.584,4.734
1665732600,4.732,4.898,4.718,4.882
1665734400,4.882,4.946,4.882,4.93
1665736200,4.932,4.94,4.9,4.91
1665738000,4.912,4.93,4.906,4.924
1665739800,4.92,4.936,4.912,4.928
1665741600,4.932,4.938,4.914,4.92
1665743400,4.92,4.944,4.916,4.924
1665745200,4.922,4.924,4.888,4.9
1665747000,4.898,4.898,4.862,4.87
1665748800,4.872,4.894,4.86,4.868
1665750600,4.87,4.91,4.86,4.904
1665752400,4.908,4.934,4.89,4.91
1665754200,4.91,4.932,4.902,4.916
1665756000,4.916,4.97,4.91,4.952
1665757800,4.952,4.998,4.934,4.98
1665759600,5,5,5,5
1665988200,5.125,5.125,5.125,5.125
1665990000,5.13,5.18,5.08,5.13
1665991800,5.13,5.285,5.125,5.235
1665993600,5.235,5.31,5.21,5.295
1665995400,5.295,5.3,5.19,5.25
1665997200,5.255,5.3,5.225,5.24
1665999000,5.24,5.28,5.15,5.235
1666000800,5.235,5.285,5.225,5.265
1666002600,5.27,5.27,5.23,5.23
1666004400,5.23,5.255,5.22,5.25
1666006200,5.25,5.265,5.22,5.225
1666008000,5.23,5.245,5.165,5.18
1666009800,5.17,5.24,5.17,5.21
1666011600,5.205,5.265,5.205,5.26
1666013400,5.26,5.3,5.23,5.235
1666015200,5.245,5.265,5.15,5.175
1666017000,5.18,5.25,5.13,5.22
1666018800,5.205,5.205,5.205,5.205
1666074600,5.27,5.27,5.27,5.27
1666076400,5.23,5.27,5.115,5.115
1666078200,5.115,5.135,5.035,5.065
1666080000,5.07,5.08,5.06,5.065
1666081800,5.065,5.08,5.045,5.07
1666083600,5.07,5.075,5.04,5.05
1666085400,5.05,5.05,5.02,5.045
1666087200,5.05,5.065,5.025,5.04
1666089000,5.04,5.06,5.04,5.05
1666090800,5.05,5.065,5.04,5.055
1666092600,5.055,5.055,5.03,5.04
1666094400,5.045,5.05,5.02,5.045
1666096200,5.04,5.05,5.025,5.03
1666098000,5.025,5.03,5.01,5.01
1666099800,5.015,5.04,5,5.025
1666101600,5.02,5.04,4.97,4.978
1666103400,4.978,5.03,4.954,4.99
1666105200,4.97,4.97,4.97,4.97
1666161000,4.982,4.982,4.982,4.982
1666162800,4.984,5,4.894,4.898
1666164600,4.896,4.898,4.842,4.86
1666166400,4.858,4.87,4.848,4.866
1666168200,4.864,4.892,4.85,4.874
1666170000,4.876,4.88,4.862,4.876
1666171800,4.876,4.882,4.864,4.88
1666173600,4.88,4.884,4.864,4.87
1666175400,4.868,4.878,4.866,4.878
1666177200,4.876,4.896,4.872,4.882
1666179000,4.882,4.9,4.866,4.874
1666180800,4.874,4.876,4.84,4.844
1666182600,4.842,4.908,4.842,4.898
1666184400,4.896,4.906,4.872,4.89
1666186200,4.89,4.908,4.874,4.89
1666188000,4.89,4.936,4.876,4.884
1666189800,4.884,4.91,4.862,4.89
1666191600,4.834,4.834,4.834,4.834
1666247400,4.84,4.84,4.84,4.84
1666249200,4.838,4.88,4.812,4.88
1666251000,4.876,4.926,4.84,4.886
1666252800,4.886,4.898,4.856,4.89
1666254600,4.888,4.922,4.884,4.922
1666256400,4.92,4.922,4.884,4.888
1666258200,4.886,4.9,4.876,4.88
1666260000,4.882,4.918,4.882,4.912
1666261800,4.912,4.916,4.89,4.908
1666263600,4.908,4.92,4.882,4.914
1666265400,4.914,4.92,4.912,4.92
1666267200,4.92,4.934,4.892,4.914
1666269000,4.916,4.938,4.914,4.922
1666270800,4.926,4.936,4.914,4.924
1666272600,4.922,4.932,4.896,4.902
1666274400,4.906,4.924,4.894,4.9
1666276200,4.9,4.934,4.894,4.926
1666278000,4.958,4.958,4.958,4.958
1666333800,4.958,4.958,4.958,4.958
1666335600,4.96,4.962,4.874,4.884
1666337400,4.886,4.894,4.868,4.888
1666339200,4.886,4.888,4.86,4.866
1666341000,4.866,4.902,4.866,4.878
1666342800,4.878,4.884,4.868,4.872
1666344600,4.87,4.894,4.87,4.878
1666346400,4.878,4.896,4.874,4.884
1666348200,4.884,4.884,4.858,4.862
1666350000,4.864,4.898,4.864,4.886
1666351800,4.886,4.892,4.88,4.882
1666353600,4.88,4.886,4.87,4.878
1666355400,4.874,4.88,4.846,4.854
1666357200,4.856,4.86,4.846,4.854
1666359000,4.854,4.87,4.85,4.862
1666360800,4.86,4.882,4.85,4.854
1666362600,4.854,4.862,4.85,4.852
1666364400,4.83,4.83,4.83,4.83
1666593000,4.85,4.85,4.85,4.85
1666594800,4.85,4.866,4.786,4.856
1666596600,4.856,4.898,4.832,4.894
1666598400,4.892,4.898,4.86,4.88
1666600200,4.88,4.884,4.858,4.876
1666602000,4.872,4.914,4.872,4.9
1666603800,4.898,4.91,4.892,4.91
1666605600,4.902,4.91,4.88,4.89
1666607400,4.89,4.89,4.864,4.872
1666609200,4.874,4.88,4.862,4.876
1666611000,4.876,4.908,4.87,4.9
1666612800,4.904,4.908,4.878,4.886
1666614600,4.886,4.89,4.868,4.88
1666616400,4.878,4.886,4.862,4.878
1666618200,4.876,4.884,4.862,4.872
1666620000,4.874,4.888,4.87,4.88
1666621800,4.876,4.878,4.858,4.858
1666623600,4.868,4.868,4.868,4.868
1666679400,4.9,4.9,4.9,4.9
1666681200,4.902,4.906,4.792,4.8
1666683000,4.802,4.802,4.788,4.8
1666684800,4.8,4.814,4.794,4.808
1666686600,4.81,4.82,4.804,4.806
1666688400,4.81,4.812,4.794,4.812
1666690200,4.81,4.812,4.798,4.808
1666692000,4.808,4.818,4.798,4.812
1666693800,4.806,4.816,4.798,4.798
1666695600,4.8,4.802,4.794,4.8
1666697400,4.8,4.818,4.794,4.818
1666699200,4.816,4.826,4.796,4.802
1666701000,4.802,4.804,4.75,4.776
1666702800,4.774,4.816,4.77,4.804
1666704600,4.806,4.826,4.804,4.826
1666706400,4.828,4.834,4.808,4.818
1666708200,4.818,4.818,4.772,4.772
1666710000,4.78,4.78,4.78,4.78
1666765800,4.754,4.754,4.754,4.754
1666767600,4.77,4.862,4.77,4.822
1666769400,4.82,4.842,4.812,4.818
1666771200,4.818,4.826,4.814,4.82
1666773000,4.82,4.836,4.8,4.806
1666774800,4.81,4.812,4.804,4.806
1666776600,4.804,4.806,4.78,4.784
1666778400,4.784,4.802,4.774,4.788
1666780200,4.786,4.81,4.786,4.8
1666782000,4.8,4.812,4.796,4.808
1666783800,4.81,4.828,4.798,4.82
1666785600,4.818,4.822,4.79,4.806
1666787400,4.806,4.824,4.798,4.814
1666789200,4.818,4.818,4.798,4.8
1666791000,4.802,4.804,4.772,4.774
1666792800,4.776,4.796,4.772,4.784
1666794600,4.786,4.806,4.786,4.806
1666796400,4.794,4.794,4.794,4.794
1666852200,4.85,4.85,4.85,4.85
1666854000,4.85,4.87,4.816,4.85
1666855800,4.85,4.856,4.798,4.806
1666857600,4.804,4.84,4.796,4.83
1666859400,4.828,4.858,4.822,4.85
1666861200,4.85,4.864,4.848,4.852
1666863000,4.854,4.882,4.85,4.858
1666864800,4.86,4.886,4.85,4.86
1666866600,4.86,4.888,4.848,4.886
1666868400,4.888,4.9,4.868,4.89
1666870200,4.89,4.896,4.878,4.886
1666872000,4.886,4.898,4.87,4.88
1666873800,4.88,4.892,4.868,4.882
1666875600,4.882,4.9,4.848,4.848
1666877400,4.852,4.866,4.836,4.838
1666879200,4.836,4.848,4.818,4.83
1666881000,4.83,4.866,4.83,4.848
1666882800,4.838,4.838,4.838,4.838
1666938600,4.848,4.848,4.848,4.848
1666940400,4.848,4.856,4.72,4.73
1666942200,4.73,4.738,4.708,4.724
1666944000,4.722,4.73,4.716,4.718
1666945800,4.722,4.758,4.722,4.728
1666947600,4.728,4.73,4.702,4.708
1666949400,4.7,4.7,4.7,4.7
1667197800,4.72,4.72,4.72,4.72
1667199600,4.72,4.73,4.692,4.702
1667201400,4.704,4.75,4.696,4.75
1667203200,4.748,4.79,4.742,4.764
1667205000,4.76,4.786,4.75,4.782
1667206800,4.78,4.78,4.734,4.766
1667208600,4.766,4.77,4.748,4.75
1667210400,4.75,4.756,4.722,4.746
1667212200,4.746,4.75,4.714,4.724
1667214000,4.724,4.736,4.718,4.732
1667215800,4.732,4.738,4.714,4.726
1667217600,4.726,4.742,4.726,4.74
1667219400,4.736,4.752,4.726,4.746
1667221200,4.746,4.76,4.74,4.752
1667223000,4.752,4.774,4.744,4.774
1667224800,4.774,4.798,4.762,4.788
1667226600,4.788,4.798,4.768,4.788
1667228400,4.796,4.796,4.796,4.796
1667284200,4.82,4.82,4.82,4.82
1667286000,4.824,4.846,4.79,4.828
1667287800,4.83,4.856,4.816,4.832
1667289600,4.832,4.856,4.816,4.836
1667291400,4.834,4.844,4.822,4.83
1667293200,4.828,4.83,4.808,4.814
1667295000,4.814,4.842,4.804,4.822
1667296800,4.822,4.826,4.81,4.812
1667298600,4.812,4.818,4.792,4.816
1667300400,4.814,4.84,4.814,4.822
1667302200,4.828,4.834,4.818,4.832
1667304000,4.832,4.848,4.828,4.844
1667305800,4.846,4.868,4.844,4.862
1667307600,4.866,4.872,4.814,4.822
1667309400,4.82,4.844,4.814,4.828
1667311200,4.826,4.826,4.782,4.806
1667313000,4.806,4.822,4.8,4.81
1667314800,4.812,4.812,4.812,4.812
1667370600,4.856,4.856,4.856,4.856
1667372400,4.85,4.854,4.79,4.806
1667374200,4.808,4.844,4.804,4.822
1667376000,4.826,4.852,4.824,4.84
1667377800,4.84,4.846,4.796,4.804
1667379600,4.804,4.81,4.794,4.81
1667381400,4.812,4.822,4.806,4.812
1667383200,4.812,4.816,4.806,4.812
1667385000,4.812,4.82,4.806,4.814
1667386800,4.814,4.818,4.806,4.81
1667388600,4.81,4.812,4.794,4.8
1667390400,4.8,4.804,4.792,4.796
1667392200,4.796,4.8,4.784,4.79
1667394000,4.79,4.792,4.752,4.754
1667395800,4.752,4.758,4.702,4.714
1667397600,4.712,4.716,4.692,4.7
1667399400,4.702,4.702,4.674,4.694
1667401200,4.678,4.678,4.678,4.678
1667457000,4.92,4.92,4.92,4.92
1667458800,4.922,5,4.878,4.886
1667460600,4.89,4.944,4.876,4.932
1667462400,4.936,4.956,4.924,4.944
1667464200,4.946,4.996,4.94,4.996
1667466000,4.996,4.996,4.95,4.954
1667467800,4.958,4.982,4.948,4.98
1667469600,4.98,4.99,4.968,4.982
1667471400,4.984,4.984,4.958,4.964
1667473200,4.964,4.986,4.96,4.98
1667475000,4.98,5,4.964,4.986
1667476800,4.992,4.994,4.964,4.966
1667478600,4.966,4.988,4.956,4.97
1667480400,4.97,4.996,4.96,4.994
1667482200,4.994,4.996,4.97,4.988
1667484000,4.988,4.996,4.976,4.986
1667485800,4.986,5.015,4.986,4.994
1667487600,4.982,4.982,4.982,4.982
1667543400,5.015,5.015,5.015,5.015
1667545200,5.015,5.03,4.946,4.958
1667547000,4.96,4.984,4.906,4.916
1667548800,4.916,4.932,4.902,4.912
1667550600,4.908,4.918,4.892,4.896
1667552400,4.896,4.926,4.888,4.92
1667554200,4.92,4.936,4.918,4.936
1667556000,4.934,4.948,4.926,4.944
1667557800,4.944,4.976,4.936,4.972
1667559600,4.972,5.05,4.972,5.04
1667561400,5.04,5.08,5.025,5.04
1667563200,5.04,5.045,5,5.03
1667565000,5.02,5.055,5.015,5.045
1667566800,5.045,5.14,5.025,5.125
1667568600,5.125,5.14,5.08,5.095
1667570400,5.09,5.13,5.09,5.12
1667572200,5.115,5.13,5.09,5.1
1667574000,5.12,5.12,5.12,5.12
1667802600,5.2,5.2,5.2,5.2
1667804400,5.2,5.25,5.09,5.1
1667806200,5.105,5.15,5.09,5.11
1667808000,5.11,5.115,5.075,5.08
1667809800,5.075,5.11,5.07,5.105
1667811600,5.105,5.12,5.09,5.115
1667813400,5.115,5.17,5.11,5.12
1667815200,5.125,5.125,5.1,5.11
1667817000,5.11,5.14,5.1,5.105
1667818800,5.105,5.11,5.075,5.105
1667820600,5.1,5.12,5.08,5.11
1667822400,5.11,5.16,5.105,5.15
1667824200,5.155,5.175,5.14,5.15
1667826000,5.155,5.16,5.11,5.13
1667827800,5.125,5.13,5.105,5.11
1667829600,5.11,5.125,5.095,5.105
1667831400,5.105,5.11,5.07,5.07
1667833200,5.07,5.07,5.07,5.07
1667889000,5.09,5.09,5.09,5.09
1667890800,5.095,5.22,5.085,5.13
1667892600,5.125,5.13,5.1,5.125
1667894400,5.125,5.16,5.12,5.135
1667896200,5.14,5.145,5.11,5.12
1667898000,5.115,5.13,5.1,5.125
1667899800,5.135,5.18,5.125,5.165
1667901600,5.16,5.175,5.135,5.17
1667903400,5.18,5.18,5.12,5.145
1667905200,5.15,5.175,5.145,5.155
1667907000,5.16,5.17,5.125,5.155
1667908800,5.155,5.38,5.155,5.32
1667910600,5.32,5.325,5.285,5.32
1667912400,5.32,5.32,5.29,5.305
1667914200,5.3,5.45,5.3,5.395
1667916000,5.395,5.415,5.3,5.315
1667917800,5.31,5.38,5.305,5.36
1667919600,5.375,5.375,5.375,5.375
1667975400,5.38,5.38,5.38,5.38
1667977200,5.38,5.425,5.29,5.32
1667979000,5.32,5.37,5.29,5.3
1667980800,5.3,5.32,5.275,5.29
1667982600,5.295,5.3,5.25,5.285
1667984400,5.285,5.305,5.275,5.3
1667986200,5.3,5.3,5.27,5.285
1667988000,5.285,5.31,5.265,5.275
1667989800,5.275,5.275,5.23,5.25
1667991600,5.25,5.295,5.245,5.295
1667993400,5.295,5.33,5.285,5.3
1667995200,5.3,5.34,5.3,5.335
1667997000,5.335,5.36,5.28,5.36
1667998800,5.355,5.365,5.275,5.295
1668000600,5.295,5.335,5.28,5.3
1668002400,5.3,5.31,5.28,5.29
1668004200,5.29,5.305,5.27,5.285
1668006000,5.27,5.27,5.27,5.27
1668061800,5.32,5.32,5.32,5.32
1668063600,5.325,5.605,5.3,5.555
1668065400,5.55,5.575,5.505,5.54
1668067200,5.54,5.59,5.51,5.58
1668069000,5.585,5.585,5.495,5.5
1668070800,5.5,5.56,5.495,5.56
1668072600,5.555,5.565,5.52,5.53
1668074400,5.53,5.53,5.49,5.495
1668076200,5.495,5.5,5.48,5.485
1668078000,5.475,5.475,5.405,5.425
1668079800,5.425,5.49,5.4,5.445
1668081600,5.445,5.55,5.41,5.445
1668083400,5.44,5.54,5.44,5.54
1668085200,5.54,5.57,5.41,5.42
1668087000,5.425,5.44,5.375,5.405
1668088800,5.405,5.425,5.39,5.39
1668090600,5.4,5.465,5.36,5.44
1668092400,5.47,5.47,5.47,5.47
1668148200,5.51,5.51,5.51,5.51
1668150000,5.51,5.555,5.46,5.525
1668151800,5.53,5.575,5.52,5.55
1668153600,5.55,5.565,5.465,5.495
1668155400,5.49,5.51,5.47,5.495
1668157200,5.5,5.545,5.495,5.535
1668159000,5.535,5.535,5.465,5.48
1668160800,5.475,5.515,5.465,5.5
1668162600,5.5,5.51,5.48,5.49
1668164400,5.49,5.495,5.475,5.49
1668166200,5.49,5.495,5.465,5.465
1668168000,5.465,5.49,5.42,5.47
1668169800,5.47,5.51,5.47,5.49
1668171600,5.49,5.515,5.47,5.5
1668173400,5.5,5.515,5.46,5.465
1668175200,5.47,5.485,5.42,5.42
1668177000,5.42,5.42,5.37,5.41
1668178800,5.41,5.41,5.41,5.41
1668407400,5.4,5.4,5.4,5.4
1668409200,5.4,5.405,5.285,5.315
1668411000,5.31,5.375,5.31,5.355
1668412800,5.355,5.39,5.34,5.355
1668414600,5.355,5.41,5.335,5.39
1668416400,5.395,5.42,5.365,5.365
1668418200,5.37,5.425,5.365,5.41
1668420000,5.415,5.435,5.405,5.425
1668421800,5.42,5.43,5.395,5.41
1668423600,5.41,5.415,5.39,5.4
1668425400,5.4,5.43,5.385,5.42
1668427200,5.415,5.455,5.415,5.43
1668429000,5.43,5.495,5.425,5.465
1668430800,5.465,5.49,5.435,5.475
1668432600,5.475,5.48,5.46,5.47
1668434400,5.47,5.48,5.45,5.455
1668436200,5.45,5.48,5.44,5.465
1668438000,5.455,5.455,5.455,5.455
1668493800,5.48,5.48,5.48,5.48
1668495600,5.485,5.535,5.46,5.475
1668497400,5.48,5.48,5.445,5.45
1668499200,5.45,5.485,5.315,5.395
1668501000,5.395,5.43,5.355,5.395
1668502800,5.39,5.395,5.31,5.365
1668504600,5.365,5.37,5.35,5.36
1668506400,5.36,5.39,5.355,5.375
1668508200,5.375,5.39,5.365,5.375
1668510000,5.375,5.425,5.375,5.405
1668511800,5.4,5.405,5.37,5.385
1668513600,5.385,5.445,5.37,5.44
1668515400,5.44,5.47,5.435,5.465
1668517200,5.47,5.475,5.44,5.455
1668519000,5.455,5.47,5.445,5.455
1668520800,5.46,5.495,5.45,5.47
1668522600,5.475,5.5,5.465,5.495
1668524400,5.525,5.525,5.525,5.525
1668580200,5.59,5.59,5.59,5.59
1668582000,5.58,5.605,5.515,5.53
1668583800,5.535,5.565,5.5,5.525
1668585600,5.525,5.53,5.43,5.47
1668587400,5.47,5.515,5.465,5.495
1668589200,5.495,5.52,5.465,5.485
1668591000,5.48,5.51,5.475,5.485
1668592800,5.485,5.515,5.47,5.5
1668594600,5.495,5.5,5.445,5.45
1668596400,5.45,5.455,5.395,5.415
1668598200,5.415,5.475,5.415,5.47
1668600000,5.47,5.47,5.385,5.43
1668601800,5.425,5.43,5.375,5.43
1668603600,5.43,5.445,5.38,5.38
1668605400,5.375,5.465,5.33,5.44
1668607200,5.44,5.495,5.43,5.455
1668609000,5.45,5.455,5.315,5.315
1668610800,5.355,5.355,5.355,5.355
1668666600,5.46,5.46,5.46,5.46
1668668400,5.46,5.475,5.235,5.24
1668670200,5.235,5.395,5.195,5.38
1668672000,5.38,5.445,5.365,5.435
1668673800,5.43,5.465,5.425,5.445
1668675600,5.45,5.47,5.425,5.465
1668677400,5.465,5.465,5.435,5.455
1668679200,5.455,5.465,5.435,5.455
1668681000,5.455,5.575,5.455,5.52
1668682800,5.52,5.52,5.48,5.48
1668684600,5.475,5.525,5.47,5.505
1668686400,5.51,5.54,5.495,5.54
1668688200,5.54,5.55,5.45,5.46
1668690000,5.46,5.475,5.42,5.43
1668691800,5.43,5.455,5.385,5.39
1668693600,5.385,5.4,5.355,5.36
1668695400,5.36,5.375,5.28,5.3
1668697200,5.275,5.275,5.275,5.275
1668753000,5.275,5.275,5.275,5.275
1668754800,5.28,5.545,5.25,5.48
1668756600,5.48,5.525,5.465,5.51
1668758400,5.515,5.55,5.495,5.545
1668760200,5.545,5.575,5.515,5.52
1668762000,5.525,5.57,5.51,5.55
1668763800,5.55,5.59,5.545,5.575
1668765600,5.58,5.595,5.53,5.55
1668767400,5.555,5.605,5.54,5.54
1668769200,5.545,5.545,5.48,5.49
1668771000,5.49,5.51,5.48,5.485
1668772800,5.49,5.525,5.48,5.525
1668774600,5.515,5.54,5.5,5.515
1668776400,5.52,5.53,5.49,5.505
1668778200,5.505,5.55,5.5,5.545
1668780000,5.545,5.545,5.47,5.47
1668781800,5.48,5.535,5.47,5.51
1668783600,5.525,5.525,5.525,5.525
1669012200,5.55,5.55,5.55,5.55
1669014000,5.555,5.74,5.555,5.74
1669015800,5.735,5.775,5.725,5.74
1669017600,5.745,5.76,5.72,5.735
1669019400,5.735,5.735,5.715,5.73
1669021200,5.73,5.79,5.725,5.74
1669023000,5.735,5.745,5.715,5.72
1669024800,5.715,5.73,5.705,5.71
1669026600,5.71,5.755,5.705,5.705
1669028400,5.715,5.725,5.705,5.71
1669030200,5.71,5.745,5.71,5.725
1669032000,5.72,5.73,5.71,5.72
1669033800,5.725,5.725,5.7,5.715
1669035600,5.71,5.765,5.71,5.765
1669037400,5.765,5.775,5.735,5.755
1669039200,5.755,5.82,5.735,5.785
1669041000,5.78,5.885,5.78,5.865
1669042800,5.865,5.875,5.865,5.875
1669098600,5.875,5.875,5.875,5.875
1669100400,5.88,5.895,5.84,5.875
1669102200,5.875,5.885,5.785,5.8
1669104000,5.8,5.845,5.775,5.845
1669105800,5.84,5.885,5.825,5.865
1669107600,5.87,5.89,5.86,5.87
1669109400,5.87,5.885,5.83,5.84
1669111200,5.845,5.875,5.835,5.855
1669113000,5.86,5.94,5.83,5.935
1669114800,5.94,6.03,5.93,5.94
1669116600,5.94,5.955,5.88,5.885
1669118400,5.88,5.905,5.86,5.895
1669120200,5.9,6.005,5.885,6
1669122000,5.995,6.005,5.85,5.895
1669123800,5.895,5.95,5.89,5.94
1669125600,5.935,5.945,5.88,5.9
1669127400,5.895,5.96,5.895,5.95
1669129200,5.98,5.98,5.98,5.98
1669185000,5.98,5.98,5.98,5.98
1669186800,5.985,6.065,5.915,5.955
1669188600,5.955,5.975,5.905,5.97
1669190400,5.975,5.995,5.93,5.965
1669192200,5.965,5.965,5.92,5.93
1669194000,5.935,5.95,5.915,5.92
1669195800,5.92,5.955,5.92,5.935
1669197600,5.935,5.965,5.92,5.965
1669199400,5.965,6.005,5.93,5.98
1669201200,5.975,6.05,5.97,6.035
1669203000,6.04,6.1,6.025,6.085
1669204800,6.085,6.105,6.07,6.09
1669206600,6.095,6.13,6.075,6.08
1669208400,6.08,6.08,6.04,6.045
1669210200,6.045,6.095,6.02,6.09
1669212000,6.085,6.14,6.085,6.11
1669213800,6.11,6.125,6.1,6.105
1669215600,6.115,6.115,6.115,6.115
1669271400,6.15,6.15,6.15,6.15
1669273200,6.15,6.17,6.12,6.14
1669275000,6.14,6.14,6.115,6.125
1669276800,6.125,6.15,6.075,6.1
1669278600,6.095,6.105,6.08,6.085
1669280400,6.085,6.085,6.03,6.075
1669282200,6.07,6.095,6.07,6.095
1669284000,6.095,6.1,6.03,6.05
1669285800,6.055,6.065,6.045,6.055
1669287600,6.06,6.08,6.02,6.08
1669289400,6.08,6.085,6.06,6.065
1669291200,6.065,6.09,6.06,6.085
1669293000,6.085,6.11,6.06,6.075
1669294800,6.07,6.075,5.94,5.985
1669296600,5.985,6.045,5.955,5.99
1669298400,5.985,6.025,5.97,6.01
1669300200,6.01,6.075,6,6.04
1669302000,6.07,6.07,6.07,6.07
1669357800,6.045,6.045,6.045,6.045
1669359600,6.045,6.08,5.995,6.02
1669361400,6.025,6.1,5.995,6.085
1669363200,6.085,6.135,6.08,6.105
1669365000,6.095,6.115,6.085,6.095
1669366800,6.095,6.105,6.085,6.085
1669368600,6.09,6.095,6.07,6.075
1669370400,6.08,6.08,6.045,6.055
1669372200,6.055,6.065,6.035,6.065
1669374000,6.065,6.065,6.035,6.055
1669375800,6.06,6.065,6.03,6.06
1669377600,6.065,6.07,6.025,6.035
1669379400,6.03,6.035,5.99,5.995
1669381200,6,6.025,5.99,6.02
1669383000,6.02,6.025,6,6.005
1669384800,6.005,6.01,5.985,6.005
1669386600,6.005,6.025,5.99,6.005
1669388400,5.98,5.98,5.98,5.98
1669617000,5.995,5.995,5.995,5.995
1669618800,5.995,6.055,5.975,6.02
1669620600,6.02,6.1,6.015,6.07
1669622400,6.075,6.155,6.065,6.115
1669624200,6.115,6.12,6.09,6.095
1669626000,6.095,6.175,6.095,6.1
1669627800,6.1,6.115,6.095,6.11
1669629600,6.105,6.135,6.1,6.11
1669631400,6.115,6.125,6.1,6.115
1669633200,6.115,6.12,6.07,6.08
1669635000,6.08,6.12,6.06,6.105
1669636800,6.105,6.22,6.1,6.195
1669638600,6.2,6.25,6.175,6.225
1669640400,6.23,6.255,6.215,6.23
1669642200,6.23,6.26,6.225,6.255
1669644000,6.255,6.255,6.22,6.22
1669645800,6.23,6.25,6.195,6.235
1669647600,6.23,6.25,6.23,6.25
1669703400,6.29,6.29,6.29,6.29
1669705200,6.295,6.325,6.245,6.305
1669707000,6.3,6.315,6.17,6.21
1669708800,6.215,6.36,6.21,6.335
1669710600,6.33,6.38,6.33,6.375
1669712400,6.375,6.38,6.34,6.36
1669714200,6.36,6.395,6.355,6.385
1669716000,6.385,6.415,6.38,6.41
1669717800,6.41,6.41,6.335,6.35
1669719600,6.345,6.35,6.28,6.295
1669721400,6.3,6.315,6.24,6.265
1669723200,6.27,6.3,6.265,6.3
1669725000,6.295,6.295,6.245,6.27
1669726800,6.27,6.28,6.23,6.275
1669728600,6.275,6.285,6.245,6.255
1669730400,6.255,6.305,6.24,6.265
1669732200,6.265,6.27,6.24,6.25
1669734000,6.27,6.27,6.27,6.27
1669789800,6.27,6.27,6.27,6.27
1669791600,6.27,6.36,6.24,6.355
1669793400,6.36,6.37,6.325,6.35
1669795200,6.345,6.35,6.28,6.285
1669797000,6.285,6.3,6.255,6.29
1669798800,6.285,6.335,6.275,6.33
1669800600,6.33,6.36,6.3,6.345
1669802400,6.345,6.38,6.335,6.345
1669804200,6.345,6.355,6.31,6.35
1669806000,6.34,6.38,6.315,6.375
1669807800,6.38,6.385,6.365,6.365
1669809600,6.375,6.38,6.345,6.345
1669811400,6.35,6.35,6.31,6.315
1669813200,6.32,6.36,6.31,6.345
1669815000,6.345,6.355,6.315,6.33
1669816800,6.335,6.41,6.32,6.395
1669818600,6.395,6.41,6.35,6.4
1669820400,6.43,6.43,6.43,6.43
1669876200,6.46,6.46,6.46,6.46
1669878000,6.46,6.55,6.38,6.425
1669879800,6.425,6.435,6.36,6.39
1669881600,6.39,6.395,6.25,6.305
1669883400,6.31,6.345,6.29,6.34
1669885200,6.34,6.35,6.33,6.335
1669887000,6.34,6.36,6.335,6.355
1669888800,6.35,6.355,6.32,6.33
1669890600,6.33,6.355,6.315,6.32
1669892400,6.325,6.36,6.295,6.325
1669894200,6.325,6.325,6.285,6.305
1669896000,6.305,6.355,6.29,6.345
1669897800,6.345,6.4,6.32,6.325
1669899600,6.325,6.325,6.295,6.31
1669901400,6.305,6.32,6.245,6.255
1669903200,6.255,6.31,6.24,6.3
1669905000,6.3,6.31,6.29,6.31
1669906800,6.33,6.33,6.33,6.33
1669962600,6.39,6.39,6.39,6.39
1669964400,6.39,6.44,6.3,6.385
1669966200,6.385,6.42,6.355,6.395
1669968000,6.4,6.4,6.28,6.34
1669969800,6.34,6.355,6.32,6.34
1669971600,6.335,6.34,6.275,6.325
1669973400,6.325,6.36,6.29,6.335
1669975200,6.335,6.36,6.32,6.345
1669977000,6.35,6.435,6.345,6.415
1669978800,6.415,6.45,6.4,6.42
1669980600,6.42,6.425,6.4,6.4
1669982400,6.405,6.465,6.39,6.4
1669984200,6.4,6.435,6.38,6.435
1669986000,6.435,6.445,6.395,6.415
1669987800,6.415,6.46,6.365,6.37
1669989600,6.37,6.38,6.315,6.36
1669991400,6.36,6.4,6.3,6.39
1669993200,6.4,6.4,6.4,6.4
1670221800,6.425,6.425,6.425,6.425
1670223600,6.43,6.48,6.405,6.445
1670225400,6.44,6.455,6.36,6.36
1670227200,6.365,6.365,6.285,6.33
1670229000,6.33,6.365,6.33,6.35
1670230800,6.35,6.35,6.245,6.245
1670232600,6.25,6.285,6.24,6.25
1670234400,6.245,6.3,6.24,6.275
1670236200,6.275,6.3,6.26,6.285
1670238000,6.285,6.295,6.255,6.27
1670239800,6.265,6.3,6.245,6.295
1670241600,6.295,6.305,6.275,6.28
1670243400,6.28,6.29,6.27,6.28
1670245200,6.28,6.28,6.165,6.2
1670247000,6.205,6.235,6.17,6.18
1670248800,6.175,6.215,6.155,6.2
1670250600,6.205,6.335,6.195,6.25
1670252400,6.26,6.26,6.26,6.26
1670308200,6.25,6.25,6.25,6.25
1670310000,6.255,6.375,6.2,6.34
1670311800,6.345,6.44,6.305,6.39
1670313600,6.395,6.48,6.365,6.37
1670315400,6.365,6.41,6.365,6.405
1670317200,6.405,6.41,6.375,6.39
1670319000,6.39,6.45,6.385,6.45
1670320800,6.45,6.46,6.4,6.435
1670322600,6.435,6.475,6.415,6.465
1670324400,6.46,6.465,6.38,6.385
1670326200,6.38,6.425,6.38,6.39
1670328000,6.385,6.44,6.38,6.39
1670329800,6.39,6.415,6.365,6.395
1670331600,6.395,6.415,6.385,6.385
1670333400,6.38,6.445,6.38,6.43
1670335200,6.43,6.465,6.415,6.435
1670337000,6.43,6.46,6.425,6.445
1670338800,6.46,6.46,6.46,6.46
1670394600,6.47,6.47,6.47,6.47
1670396400,6.47,6.475,6.38,6.395
1670398200,6.39,6.445,6.38,6.43
1670400000,6.425,6.44,6.38,6.395
1670401800,6.39,6.44,6.35,6.44
1670403600,6.445,6.45,6.4,6.43
1670405400,6.43,6.465,6.39,6.39
1670407200,6.395,6.445,6.38,6.42
1670409000,6.42,6.42,6.395,6.4
1670410800,6.4,6.405,6.395,6.395
1670412600,6.395,6.4,6.38,6.395
1670414400,6.395,6.4,6.36,6.375
1670416200,6.38,6.4,6.35,6.39
1670418000,6.395,6.395,6.305,6.325
1670419800,6.32,6.435,6.32,6.4
1670421600,6.4,6.44,6.15,6.15
1670423400,6.175,6.335,6.175,6.315
1670425200,6.31,6.31,6.31,6.31
1670481000,6.285,6.285,6.285,6.285
1670482800,6.275,6.295,6.175,6.2
1670484600,6.2,6.255,6.17,6.23
1670486400,6.235,6.33,6.22,6.29
1670488200,6.295,6.365,6.265,6.3
1670490000,6.3,6.36,6.295,6.32
1670491800,6.32,6.32,6.25,6.25
1670493600,6.25,6.29,6.225,6.255
1670495400,6.265,6.32,6.265,6.265
1670497200,6.265,6.27,6.175,6.205
1670499000,6.21,6.255,6.21,6.245
1670500800,6.245,6.245,6.215,6.245
1670502600,6.245,6.25,6.195,6.245
1670504400,6.24,6.27,6.225,6.255
1670506200,6.255,6.29,6.21,6.29
1670508000,6.29,6.3,6.26,6.295
1670509800,6.3,6.32,6.255,6.27
1670511600,6.285,6.285,6.285,6.285
1670567400,6.335,6.335,6.335,6.335
1670569200,6.335,6.45,6.335,6.415
1670571000,6.415,6.5,6.41,6.49
1670572800,6.49,6.51,6.46,6.49
1670574600,6.49,6.505,6.475,6.485
1670576400,6.485,6.505,6.465,6.485
1670578200,6.49,6.49,6.445,6.45
1670580000,6.45,6.47,6.44,6.445
1670581800,6.44,6.445,6.4,6.405
1670583600,6.41,6.445,6.395,6.42
1670585400,6.43,6.44,6.4,6.41
1670587200,6.405,6.465,6.4,6.43
1670589000,6.44,6.445,6.405,6.42
1670590800,6.42,6.425,6.365,6.375
1670592600,6.375,6.425,6.345,6.415
1670594400,6.42,6.44,6.4,6.42
1670596200,6.43,6.5,6.41,6.485
1670598000,6.485,6.485,6.485,6.485
1670826600,6.53,6.53,6.53,6.53
1670828400,6.53,6.77,6.53,6.715
1670830200,6.72,6.805,6.7,6.805
1670832000,6.805,6.815,6.68,6.7
1670833800,6.7,6.705,6.66,6.675
1670835600,6.675,6.695,6.635,6.685
1670837400,6.685,6.76,6.68,6.685
1670839200,6.69,6.69,6.63,6.64
1670841000,6.645,6.665,6.62,6.65
1670842800,6.65,6.685,6.61,6.62
1670844600,6.62,6.63,6.6,6.62
1670846400,6.62,6.635,6.59,6.59
1670848200,6.59,6.635,6.58,6.605
1670850000,6.61,6.645,6.605,6.635
1670851800,6.64,6.705,6.62,6.7
1670853600,6.69,6.7,6.635,6.695
1670855400,6.7,6.735,6.66,6.695
1670857200,6.71,6.71,6.71,6.71
1670913000,6.755,6.755,6.755,6.755
1670914800,6.755,6.815,6.735,6.745
1670916600,6.745,6.815,6.72,6.79
1670918400,6.795,6.855,6.75,6.83
1670920200,6.835,6.885,6.81,6.87
1670922000,6.87,6.875,6.825,6.875
1670923800,6.875,6.88,6.825,6.865
1670925600,6.87,6.93,6.83,6.845
1670927400,6.835,6.885,6.82,6.845
1670929200,6.84,6.89,6.84,6.855
1670931000,6.855,6.87,6.835,6.855
1670932800,6.855,6.865,6.8,6.815
1670934600,6.82,6.83,6.74,6.76
1670936400,6.755,6.795,6.735,6.765
1670938200,6.76,6.81,6.745,6.75
1670940000,6.755,6.81,6.745,6.785
1670941800,6.775,6.8,6.75,6.775
1670943600,6.77,6.77,6.77,6.77
1670999400,6.775,6.775,6.775,6.775
1671001200,6.77,6.83,6.72,6.825
1671003000,6.825,6.85,6.775,6.79
1671004800,6.79,6.835,6.735,6.825
1671006600,6.83,6.845,6.8,6.84
1671008400,6.845,6.9,6.83,6.835
1671010200,6.835,6.865,6.825,6.855
1671012000,6.855,6.88,6.825,6.85
1671013800,6.855,6.895,6.765,6.78
1671015600,6.78,6.78,6.705,6.765
1671017400,6.765,6.83,6.76,6.77
1671019200,6.77,6.795,6.755,6.785
1671021000,6.78,6.83,6.715,6.825
1671022800,6.825,6.86,6.82,6.82
1671024600,6.815,6.82,6.775,6.81
1671026400,6.805,6.82,6.74,6.795
1671028200,6.795,6.8,6.44,6.44
1671030000,6.6,6.6,6.6,6.6
1671085800,6.65,6.65,6.65,6.65
1671087600,6.65,6.76,6.65,6.76
1671089400,6.76,6.785,6.745,6.765
1671091200,6.765,6.785,6.73,6.735
1671093000,6.74,6.775,6.73,6.75
1671094800,6.745,6.765,6.725,6.755
1671096600,6.755,6.755,6.675,6.705
1671098400,6.71,6.76,6.68,6.68
1671100200,6.685,6.725,6.68,6.715
1671102000,6.72,6.775,6.715,6.74
1671103800,6.74,6.765,6.73,6.745
1671105600,6.74,6.77,6.735,6.74
1671107400,6.74,6.74,6.64,6.69
1671109200,6.69,6.745,6.675,6.7
1671111000,6.7,6.715,6.64,6.66
1671112800,6.655,6.71,6.635,6.685
1671114600,6.69,6.715,6.66,6.685
1671116400,6.7,6.7,6.7,6.7
1671172200,6.7,6.7,6.7,6.7
1671174000,6.72,6.805,6.7,6.76
1671175800,6.76,6.805,6.745,6.795
1671177600,6.8,6.82,6.755,6.765
1671179400,6.77,6.865,6.755,6.835
1671181200,6.835,6.835,6.77,6.79
1671183000,6.795,6.815,6.785,6.8
1671184800,6.795,6.805,6.765,6.77
1671186600,6.77,6.81,6.765,6.795
1671188400,6.8,6.81,6.77,6.8
1671190200,6.8,6.845,6.785,6.79
1671192000,6.79,6.8,6.76,6.79
1671193800,6.79,6.845,6.78,6.82
1671195600,6.82,6.87,6.8,6.83
1671197400,6.83,6.835,6.765,6.8
1671199200,6.8,6.815,6.78,6.79
1671201000,6.795,6.985,6.785,6.85
1671202800,6.845,6.845,6.845,6.845
1671431400,6.92,6.92,6.92,6.92
1671433200,6.925,6.965,6.895,6.945
1671435000,6.945,6.95,6.835,6.845
1671436800,6.84,6.885,6.785,6.795
1671438600,6.8,6.895,6.8,6.875
1671440400,6.875,6.93,6.87,6.93
1671442200,6.93,6.95,6.91,6.915
1671444000,6.915,6.93,6.88,6.92
1671445800,6.925,6.935,6.875,6.875
1671447600,6.885,6.9,6.87,6.875
1671449400,6.875,6.98,6.865,6.95
1671451200,6.95,7.04,6.945,6.98
1671453000,6.985,6.985,6.925,6.95
1671454800,6.945,6.955,6.885,6.915
1671456600,6.91,6.92,6.9,6.915
1671458400,6.915,6.93,6.88,6.89
1671460200,6.89,6.925,6.87,6.89
1671462000,6.88,6.88,6.88,6.88
1671517800,6.88,6.88,6.88,6.88
1671519600,6.885,6.975,6.88,6.935
1671521400,6.93,6.975,6.89,6.95
1671523200,6.95,7.045,6.94,6.99
1671525000,6.98,6.99,6.875,6.9
1671526800,6.91,6.91,6.885,6.895
1671528600,6.905,6.905,6.875,6.89
1671530400,6.895,6.91,6.87,6.885
1671532200,6.89,6.935,6.87,6.93
1671534000,6.93,6.965,6.915,6.945
1671535800,6.945,6.965,6.915,6.93
1671537600,6.93,6.945,6.885,6.895
1671539400,6.895,6.93,6.885,6.93
1671541200,6.925,6.975,6.92,6.955
1671543000,6.96,7.005,6.945,6.965
1671544800,6.965,6.99,6.925,6.95
1671546600,6.955,7.01,6.93,6.965
1671548400,6.985,6.985,6.985,6.985
1671604200,7,7,7,7
1671606000,7,7.135,7,7.075
1671607800,7.075,7.08,7.01,7.025
1671609600,7.025,7.055,6.93,6.945
1671611400,6.945,6.955,6.885,6.895
1671613200,6.895,6.9,6.84,6.85
1671615000,6.845,6.86,6.825,6.84
1671616800,6.84,6.865,6.815,6.85
1671618600,6.85,6.85,6.825,6.835
1671620400,6.835,6.845,6.785,6.795
1671622200,6.795,6.82,6.775,6.815
1671624000,6.81,6.825,6.8,6.81
1671625800,6.815,6.815,6.78,6.79
1671627600,6.79,6.795,6.765,6.78
1671629400,6.785,6.805,6.78,6.8
1671631200,6.8,6.805,6.77,6.785
1671633000,6.785,6.795,6.77,6.785
1671634800,6.785,6.785,6.785,6.785
1671690600,6.84,6.84,6.84,6.84
1671692400,6.84,6.85,6.8,6.82
1671694200,6.82,6.825,6.8,6.825
1671696000,6.825,6.85,6.82,6.84
1671697800,6.84,6.865,6.835,6.86
1671699600,6.86,6.875,6.86,6.865
1671701400,6.865,6.885,6.855,6.885
1671703200,6.885,6.915,6.875,6.905
1671705000,6.905,6.91,6.85,6.865
1671706800,6.865,6.885,6.85,6.87
1671708600,6.87,6.885,6.865,6.87
1671710400,6.87,6.88,6.82,6.825
1671712200,6.82,6.84,6.805,6.81
1671714000,6.815,6.825,6.785,6.785
1671715800,6.785,6.795,6.775,6.785
1671717600,6.785,6.795,6.77,6.775
1671719400,6.775,6.795,6.765,6.785
1671721200,6.785,6.785,6.785,6.785
1671777000,6.785,6.785,6.785,6.785
1671778800,6.79,6.82,6.77,6.795
1671780600,6.795,6.83,6.77,6.815
1671782400,6.815,6.835,6.81,6.815
1671784200,6.815,6.825,6.805,6.825
1671786000,6.82,6.84,6.81,6.83
1671787800,6.83,6.85,6.825,6.845
1671789600,6.845,6.855,6.82,6.845
1671791400,6.845,6.85,6.835,6.845
1671793200,6.85,6.855,6.845,6.85
1671795000,6.845,6.855,6.835,6.85
1671796800,6.85,6.86,6.835,6.84
1671798600,6.85,6.855,6.82,6.85
1671800400,6.85,6.865,6.85,6.86
1671802200,6.855,6.86,6.845,6.845
1671804000,6.85,6.865,6.825,6.85
1671805800,6.86,6.88,6.85,6.88
1671807600,6.895,6.895,6.895,6.895
1672036200,6.91,6.91,6.91,6.91
1672038000,6.915,6.94,6.885,6.915
1672039800,6.915,6.915,6.85,6.86
1672041600,6.86,6.89,6.85,6.89
1672043400,6.89,6.925,6.89,6.905
1672045200,6.905,6.915,6.895,6.905
1672047000,6.9,6.905,6.895,6.9
1672048800,6.9,6.905,6.885,6.9
1672050600,6.895,6.905,6.885,6.895
1672052400,6.89,6.895,6.87,6.87
1672054200,6.875,6.9,6.87,6.895
1672056000,6.895,6.9,6.885,6.89
1672057800,6.895,6.905,6.89,6.89
1672059600,6.89,6.895,6.875,6.875
1672061400,6.875,6.89,6.87,6.88
1672063200,6.88,6.9,6.87,6.885
1672065000,6.885,6.91,6.855,6.895
1672066800,6.89,6.89,6.89,6.89
1672122600,6.915,6.915,6.915,6.915
1672124400,6.92,6.945,6.885,6.9
1672126200,6.9,6.95,6.87,6.94
1672128000,6.94,6.95,6.865,6.895
1672129800,6.9,6.91,6.89,6.89
1672131600,6.89,6.89,6.865,6.865
1672133400,6.865,6.89,6.86,6.885
1672135200,6.88,6.91,6.88,6.895
1672137000,6.9,6.91,6.875,6.885
1672138800,6.885,6.89,6.865,6.87
1672140600,6.87,6.935,6.87,6.93
1672142400,6.93,7.02,6.92,6.995
1672144200,6.99,6.995,6.91,6.915
1672146000,6.92,6.925,6.905,6.91
1672147800,6.905,6.91,6.88,6.885
1672149600,6.885,6.885,6.82,6.84
1672151400,6.84,6.85,6.8,6.81
1672153200,6.8,6.8,6.8,6.8
1672209000,6.8,6.8,6.8,6.8
1672210800,6.8,6.855,6.785,6.8
1672212600,6.8,6.835,6.78,6.83
1672214400,6.83,6.865,6.81,6.82
1672216200,6.82,6.82,6.78,6.805
1672218000,6.805,6.825,6.795,6.795
1672219800,6.795,6.815,6.79,6.805
1672221600,6.805,6.815,6.79,6.79
1672223400,6.795,6.805,6.79,6.795
1672225200,6.795,6.805,6.79,6.79
1672227000,6.795,6.795,6.775,6.78
1672228800,6.78,6.785,6.77,6.775
1672230600,6.775,6.78,6.765,6.765
1672232400,6.77,6.78,6.74,6.77
1672234200,6.775,6.78,6.735,6.75
1672236000,6.75,6.775,6.72,6.73
1672237800,6.725,6.76,6.705,6.745
1672239600,6.75,6.75,6.75,6.75
1672295400,6.755,6.755,6.755,6.755
1672297200,6.76,6.785,6.725,6.735
1672299000,6.735,6.775,6.73,6.755
1672300800,6.755,6.805,6.74,6.785
1672302600,6.785,6.8,6.77,6.795
1672304400,6.8,6.825,6.79,6.81
1672306200,6.815,6.83,6.805,6.805
1672308000,6.805,6.83,6.795,6.805
1672309800,6.805,6.815,6.79,6.81
1672311600,6.81,6.82,6.78,6.79
1672313400,6.79,6.795,6.76,6.775
1672315200,6.77,6.785,6.765,6.765
1672317000,6.765,6.775,6.755,6.77
1672318800,6.765,6.79,6.765,6.77
1672320600,6.77,6.77,6.735,6.755
1672322400,6.76,6.775,6.745,6.76
1672324200,6.765,6.805,6.755,6.77
1672326000,6.8,6.8,6.8,6.8
1672381800,6.83,6.83,6.83,6.83
1672383600,6.83,6.855,6.815,6.85
1672385400,6.85,6.85,6.825,6.835
1672387200,6.84,6.84,6.8,6.805
1672389000,6.805,6.84,6.8,6.8
1672390800,6.805,6.815,6.775,6.8
1672392600,6.795,6.825,6.795,6.82
1672394400,6.82,6.83,6.8,6.815
1672396200,6.82,6.855,6.81,6.84
1672398000,6.845,6.845,6.83,6.84
1672399800,6.84,6.855,6.83,6.84
1672401600,6.84,6.86,6.835,6.84
1672403400,6.835,6.84,6.81,6.815
1672405200,6.815,6.815,6.745,6.775
1672407000,6.775,6.79,6.75,6.765
1672408800,6.765,6.775,6.74,6.76
1672410600,6.76,6.77,6.73,6.77
1672412400,6.775,6.775,6.775,6.775
1672641000,6.795,6.795,6.795,6.795
1672642800,6.795,6.835,6.78,6.825
1672644600,6.82,6.86,6.82,6.83
1672646400,6.83,6.855,6.825,6.845
1672648200,6.845,6.855,6.825,6.855
1672650000,6.855,6.865,6.84,6.85
1672651800,6.85,6.86,6.82,6.85
1672653600,6.855,6.87,6.845,6.86
1672655400,6.86,6.87,6.85,6.865
1672657200,6.865,6.875,6.86,6.87
1672659000,6.87,6.88,6.86,6.87
1672660800,6.865,6.87,6.855,6.865
1672662600,6.865,6.875,6.85,6.865
1672664400,6.87,6.885,6.855,6.865
1672666200,6.865,6.88,6.865,6.875
1672668000,6.875,6.885,6.86,6.875
1672669800,6.875,6.89,6.865,6.875
1672671600,6.87,6.87,6.87,6.87
1672727400,6.88,6.88,6.88,6.88
1672729200,6.88,6.94,6.87,6.91
1672731000,6.915,6.92,6.85,6.855
1672732800,6.85,6.86,6.795,6.815
1672734600,6.81,6.83,6.8,6.83
1672736400,6.835,6.835,6.8,6.82
1672738200,6.82,6.845,6.815,6.84
1672740000,6.845,6.855,6.83,6.835
1672741800,6.835,6.855,6.82,6.85
1672743600,6.85,6.875,6.845,6.87
1672745400,6.87,6.875,6.825,6.845
1672747200,6.85,6.89,6.84,6.86
1672749000,6.86,6.89,6.845,6.865
1672750800,6.86,6.89,6.845,6.86
1672752600,6.86,6.91,6.845,6.895
1672754400,6.895,6.895,6.845,6.89
1672756200,6.885,6.92,6.86,6.9
1672758000,6.89,6.89,6.89,6.89
1672813800,6.93,6.93,6.93,6.93
1672815600,6.925,6.94,6.895,6.93
1672817400,6.935,6.97,6.91,6.96
1672819200,6.955,7.01,6.925,6.945
1672821000,6.945,6.96,6.93,6.95
1672822800,6.95,6.995,6.94,6.985
1672824600,6.985,7.015,6.975,7.01
1672826400,7.01,7.06,7,7.05
1672828200,7.05,7.175,7.045,7.17
1672830000,7.17,7.175,7.025,7.04
1672831800,7.035,7.055,6.99,7.035
1672833600,7.035,7.075,7.035,7.055
1672835400,7.055,7.055,7,7.005
1672837200,7.01,7.04,6.96,6.97
1672839000,6.965,6.965,6.925,6.93
1672840800,6.93,6.935,6.88,6.925
1672842600,6.925,6.955,6.875,6.905
1672844400,6.9,6.92,6.9,6.92
1672900200,6.98,6.98,6.98,6.98
1672902000,6.98,7.04,6.96,6.965
1672903800,6.965,6.99,6.75,6.86
1672905600,6.865,6.87,6.715,6.79
1672907400,6.79,6.85,6.755,6.82
1672909200,6.825,6.85,6.76,6.78
1672911000,6.785,6.815,6.735,6.805
1672912800,6.8,6.845,6.8,6.835
1672914600,6.84,6.855,6.82,6.825
1672916400,6.825,6.825,6.76,6.77
1672918200,6.77,6.815,6.755,6.805
1672920000,6.805,6.805,6.735,6.77
1672921800,6.77,6.775,6.725,6.76
1672923600,6.755,6.78,6.71,6.71
1672925400,6.71,6.715,6.7,6.7
1672927200,6.7,6.71,6.565,6.57
1672930800,6.59,6.59,6.59,6.59
1672986600,6.5,6.5,6.5,6.5
1672988400,6.495,6.615,6.445,6.465
1672990200,6.455,6.46,6.34,6.415
1672992000,6.415,6.625,6.395,6.575
1672993800,6.58,6.81,6.57,6.695
1672995600,6.695,6.7,6.665,6.695
1672997400,6.7,6.745,6.675,6.715
1672999200,6.715,6.8,6.705,6.745
1673001000,6.75,6.815,6.735,6.79
1673002800,6.79,6.805,6.7,6.715
1673004600,6.715,6.715,6.61,6.665
1673006400,6.66,6.71,6.635,6.705
1673008200,6.705,6.74,6.69,6.73
1673010000,6.73,6.755,6.72,6.745
1673011800,6.75,6.8,6.74,6.79
1673013600,6.795,6.81,6.785,6.795
1673015400,6.8,6.815,6.76,6.795
1673017200,6.795,6.795,6.795,6.795
1673245800,6.89,6.89,6.89,6.89
1673247600,6.88,6.92,6.6,6.825
1673249400,6.83,6.895,6.815,6.865
1673251200,6.865,6.875,6.55,6.555
1673253000,6.51,6.54,6.435,6.46
1673254800,6.46,6.505,6.35,6.35
1673256600,6.355,6.445,6.34,6.415
1673258400,6.42,6.425,6.36,6.42
1673260200,6.42,6.465,6.37,6.45
1673262000,6.445,6.545,6.43,6.44
1673263800,6.44,6.46,6.425,6.44
1673265600,6.44,6.46,6.395,6.46
1673267400,6.465,6.47,6.4,6.405
1673269200,6.405,6.45,6.39,6.45
1673271000,6.45,6.46,6.41,6.415
1673272800,6.415,6.44,6.38,6.38
1673274600,6.385,6.44,6.365,6.415
1673276400,6.41,6.41,6.41,6.41
1673332200,6.405,6.405,6.405,6.405
1673334000,6.4,6.4,6.255,6.27
1673335800,6.27,6.31,6.23,6.25
1673337600,6.25,6.36,6.245,6.36
1673339400,6.365,6.395,6.32,6.32
1673341200,6.32,6.355,6.305,6.315
1673343000,6.31,6.39,6.305,6.385
1673344800,6.39,6.39,6.3,6.315
1673346600,6.31,6.345,6.28,6.29
1673348400,6.3,6.315,6.245,6.255
1673350200,6.255,6.275,6.24,6.25
1673352000,6.25,6.28,6.23,6.275
1673353800,6.27,6.305,6.25,6.275
1673355600,6.275,6.31,6.26,6.265
1673357400,6.26,6.27,6.21,6.225
1673359200,6.22,6.25,6.155,6.165
1673361000,6.165,6.17,6.085,6.085
1673362800,6.045,6.045,6.045,6.045
1673418600,6.045,6.045,6.045,6.045
1673420400,6.045,6.12,5.94,6.03
1673422200,6.03,6.035,5.925,6.01
1673424000,6.01,6.105,6.005,6.075
1673425800,6.075,6.09,5.975,6.03
1673427600,6.025,6.025,5.955,5.985
1673429400,5.98,5.995,5.925,5.93
1673431200,5.935,5.96,5.93,5.95
1673433000,5.95,5.95,5.88,5.915
1673434800,5.915,5.92,5.825,5.835
1673436600,5.83,5.84,5.745,5.745
1673438400,5.77,5.805,5.695,5.71
1673440200,5.71,5.79,5.71,5.76
1673442000,5.76,5.77,5.66,5.67
1673443800,5.67,5.695,5.645,5.68
1673445600,5.69,5.715,5.585,5.585
1673449200,5.585,5.585,5.585,5.585
1673505000,5.655,5.655,5.655,5.655
1673506800,5.655,5.71,5.59,5.6
1673508600,5.6,5.68,5.595,5.68
1673510400,5.68,5.705,5.66,5.695
1673512200,5.695,5.755,5.69,5.75
1673514000,5.755,5.755,5.59,5.61
1673515800,5.61,5.61,5.47,5.5
1673517600,5.5,5.54,5.375,5.375
1673519400,5.365,5.48,5.36,5.455
1673521200,5.45,5.56,5.445,5.55
1673523000,5.56,5.58,5.5,5.52
1673524800,5.52,5.59,5.515,5.58
1673526600,5.58,5.62,5.55,5.59
1673528400,5.59,5.61,5.545,5.61
1673530200,5.605,5.615,5.525,5.55
1673532000,5.555,5.705,5.555,5.64
1673533800,5.64,5.715,5.625,5.68
1673535600,5.675,5.675,5.675,5.675
1673591400,5.68,5.68,5.68,5.68
1673593200,5.69,5.725,5.635,5.7
1673595000,5.7,5.72,5.685,5.69
1673596800,5.69,5.69,5.615,5.66
1673598600,5.66,5.69,5.66,5.67
1673600400,5.675,5.685,5.64,5.665
1673602200,5.665,5.68,5.64,5.665
1673604000,5.66,5.68,5.66,5.675
1673605800,5.675,5.68,5.62,5.625
1673607600,5.625,5.63,5.585,5.585
1673609400,5.585,5.6,5.545,5.55
1673611200,5.55,5.575,5.475,5.5
1673613000,5.5,5.505,5.42,5.47
1673614800,5.46,5.47,5.41,5.44
1673616600,5.44,5.465,5.41,5.425
1673618400,5.425,5.43,5.4,5.41
1673620200,5.41,5.475,5.405,5.445
1673622000,5.45,5.45,5.45,5.45
1673850600,5.57,5.57,5.57,5.57
1673852400,5.57,5.57,5.45,5.54
1673854200,5.545,5.545,5.485,5.51
1673856000,5.515,5.545,5.51,5.54
1673857800,5.545,5.575,5.545,5.555
1673859600,5.56,5.585,5.55,5.58
1673861400,5.58,5.615,5.56,5.59
1673863200,5.59,5.615,5.585,5.605
1673865000,5.605,5.63,5.585,5.62
1673866800,5.62,5.66,5.615,5.625
1673868600,5.625,5.625,5.595,5.6
1673870400,5.6,5.6,5.535,5.55
1673872200,5.55,5.555,5.535,5.55
1673874000,5.55,5.585,5.55,5.58
1673875800,5.58,5.595,5.575,5.575
1673877600,5.575,5.65,5.565,5.62
1673879400,5.615,5.63,5.6,5.63
1673881200,5.65,5.65,5.65,5.65
1673937000,5.71,5.71,5.71,5.71
1673938800,5.72,5.795,5.665,5.755
1673940600,5.755,5.775,5.71,5.725
1673942400,5.725,5.75,5.68,5.695
1673944200,5.7,5.73,5.665,5.73
1673946000,5.73,5.82,5.73,5.815
1673947800,5.82,5.825,5.74,5.785
1673949600,5.785,5.785,5.765,5.775
1673951400,5.775,5.805,5.775,5.775
1673953200,5.775,5.775,5.66,5.7
1673955000,5.7,5.725,5.685,5.695
1673956800,5.695,5.745,5.685,5.73
1673958600,5.735,5.745,5.715,5.73
1673960400,5.73,5.76,5.72,5.745
1673962200,5.745,5.765,5.73,5.755
1673964000,5.755,5.83,5.74,5.755
1673965800,5.755,5.775,5.69,5.72
1673967600,5.71,5.71,5.71,5.71
1674023400,5.78,5.78,5.78,5.78
1674025200,5.785,5.905,5.76,5.905
1674027000,5.9,5.95,5.865,5.9
1674028800,5.905,5.915,5.855,5.865
1674030600,5.865,5.92,5.855,5.915
1674032400,5.915,5.95,5.905,5.915
1674034200,5.915,5.93,5.84,5.845
1674036000,5.85,5.87,5.805,5.825
1674037800,5.83,5.885,5.82,5.86
1674039600,5.865,5.89,5.86,5.89
1674041400,5.885,5.985,5.88,5.96
1674043200,5.96,6.015,5.925,5.93
1674045000,5.93,5.935,5.805,5.835
1674046800,5.835,5.865,5.815,5.855
1674048600,5.855,5.855,5.77,5.805
1674050400,5.795,5.805,5.735,5.75
1674052200,5.75,5.765,5.72,5.75
1674054000,5.75,5.75,5.75,5.75
1674109800,5.765,5.765,5.765,5.765
1674111600,5.765,5.835,5.76,5.825
1674113400,5.825,5.85,5.78,5.82
1674115200,5.82,5.845,5.78,5.805
1674117000,5.805,5.845,5.79,5.805
1674118800,5.805,5.84,5.795,5.805
1674120600,5.81,5.81,5.77,5.79
1674122400,5.79,5.805,5.785,5.805
1674124200,5.805,5.81,5.78,5.8
1674126000,5.805,5.805,5.78,5.795
1674127800,5.795,5.795,5.775,5.78
1674129600,5.78,5.805,5.775,5.79
1674131400,5.79,5.795,5.74,5.755
1674133200,5.755,5.765,5.715,5.735
1674135000,5.735,5.77,5.735,5.765
1674136800,5.765,5.77,5.72,5.75
1674138600,5.75,5.79,5.745,5.78
1674140400,5.785,5.785,5.785,5.785
1674196200,5.8,5.8,5.8,5.8
1674198000,5.805,5.82,5.76,5.81
1674199800,5.815,5.845,5.8,5.815
1674201600,5.82,5.835,5.765,5.77
1674203400,5.78,5.83,5.77,5.825
1674205200,5.825,5.86,5.825,5.845
1674207000,5.845,5.855,5.83,5.845
1674208800,5.845,5.85,5.825,5.84
1674210600,5.84,5.84,5.815,5.82
1674212400,5.825,5.825,5.79,5.79
1674214200,5.785,5.795,5.765,5.785
1674216000,5.78,5.85,5.765,5.795
1674217800,5.795,5.815,5.785,5.795
1674219600,5.8,5.805,5.775,5.775
1674221400,5.775,5.79,5.76,5.785
1674223200,5.785,5.79,5.77,5.785
1674225000,5.785,5.795,5.77,5.79
1674226800,5.795,5.795,5.795,5.795
1674455400,5.85,5.85,5.85,5.85
1674457200,5.84,5.91,5.805,5.84
1674459000,5.84,5.855,5.755,5.795
1674460800,5.795,5.8,5.735,5.76
1674462600,5.76,5.78,5.745,5.755
1674464400,5.75,5.77,5.75,5.755
1674466200,5.755,5.77,5.75,5.755
1674468000,5.75,5.76,5.73,5.755
1674469800,5.76,5.76,5.745,5.75
1674471600,5.75,5.755,5.735,5.74
1674473400,5.74,5.755,5.735,5.75
1674475200,5.75,5.76,5.745,5.755
1674477000,5.755,5.77,5.75,5.75
1674478800,5.75,5.76,5.74,5.755
1674480600,5.76,5.78,5.715,5.745
1674482400,5.745,5.745,5.665,5.705
1674484200,5.705,5.725,5.6,5.665
1674486000,5.67,5.67,5.67,5.67
1674541800,5.67,5.67,5.67,5.67
1674543600,5.67,5.675,5.58,5.6
1674545400,5.59,5.605,5.515,5.535
1674547200,5.535,5.57,5.47,5.56
1674549000,5.56,5.6,5.55,5.59
1674550800,5.595,5.62,5.575,5.62
1674552600,5.62,5.635,5.61,5.635
1674554400,5.635,5.635,5.6,5.62
1674556200,5.62,5.65,5.62,5.63
1674558000,5.63,5.635,5.585,5.595
1674559800,5.595,5.64,5.585,5.63
1674561600,5.63,5.63,5.565,5.58
1674563400,5.58,5.625,5.575,5.61
1674565200,5.61,5.645,5.585,5.64
1674567000,5.64,5.66,5.595,5.595
1674568800,5.59,5.645,5.58,5.63
1674570600,5.63,5.64,5.605,5.625
1674572400,5.625,5.625,5.61,5.61
1674628200,5.67,5.67,5.67,5.67
1674630000,5.67,5.72,5.64,5.66
1674631800,5.66,5.71,5.64,5.65
1674633600,5.65,5.66,5.62,5.635
1674635400,5.63,5.64,5.57,5.585
1674637200,5.58,5.59,5.535,5.55
1674639000,5.545,5.565,5.525,5.535
1674640800,5.54,5.54,5.445,5.455
1674642600,5.45,5.505,5.42,5.485
1674644400,5.485,5.5,5.41,5.435
1674646200,5.435,5.45,5.39,5.39
1674648000,5.395,5.465,5.395,5.425
1674649800,5.425,5.45,5.39,5.45
1674651600,5.45,5.465,5.38,5.41
1674653400,5.41,5.515,5.39,5.49
1674655200,5.49,5.525,5.465,5.505
1674657000,5.505,5.545,5.505,5.53
1674658800,5.525,5.525,5.525,5.525
1674714600,5.525,5.525,5.525,5.525
1674716400,5.53,5.535,5.42,5.46
1674718200,5.46,5.5,5.44,5.49
1674720000,5.49,5.52,5.455,5.455
1674721800,5.455,5.455,5.41,5.425
1674723600,5.42,5.465,5.42,5.465
1674725400,5.465,5.48,5.445,5.45
1674727200,5.455,5.455,5.405,5.425
1674729000,5.425,5.45,5.405,5.415
1674730800,5.42,5.45,5.395,5.435
1674732600,5.435,5.445,5.425,5.43
1674734400,5.43,5.48,5.42,5.47
1674736200,5.47,5.495,5.435,5.435
1674738000,5.435,5.455,5.42,5.455
1674739800,5.455,5.49,5.445,5.47
1674741600,5.475,5.5,5.47,5.475
1674743400,5.475,5.49,5.42,5.435
1674745200,5.425,5.425,5.425,5.425
1674801000,5.32,5.32,5.32,5.32
1674802800,5.32,5.39,5.31,5.355
1674804600,5.36,5.36,5.28,5.315
1674806400,5.315,5.315,5.25,5.295
1674808200,5.29,5.31,5.28,5.285
1674810000,5.285,5.295,5.25,5.25
1674811800,5.25,5.27,5.23,5.255
1674813600,5.255,5.26,5.23,5.235
1674815400,5.235,5.255,5.21,5.245
1674817200,5.25,5.275,5.235,5.25
1674819000,5.25,5.3,5.24,5.285
1674820800,5.285,5.285,5.225,5.24
1674822600,5.235,5.25,5.185,5.235
1674824400,5.24,5.26,5.215,5.22
1674826200,5.22,5.235,5.185,5.225
1674828000,5.225,5.295,5.22,5.29
1674829800,5.29,5.31,5.26,5.285
1674831600,5.27,5.27,5.27,5.27
1675060200,5.275,5.275,5.275,5.275
1675062000,5.28,5.35,5.26,5.285
1675063800,5.29,5.36,5.285,5.34
1675065600,5.34,5.385,5.33,5.365
1675067400,5.36,5.38,5.35,5.355
1675069200,5.355,5.355,5.315,5.32
1675071000,5.315,5.335,5.31,5.325
1675072800,5.325,5.325,5.285,5.295
1675074600,5.295,5.33,5.29,5.325
1675076400,5.325,5.335,5.27,5.29
1675078200,5.29,5.31,5.25,5.26
1675080000,5.26,5.3,5.255,5.265
1675081800,5.265,5.3,5.26,5.275
1675083600,5.275,5.325,5.27,5.3
1675085400,5.3,5.305,5.275,5.29
1675087200,5.285,5.29,5.25,5.25
1675089000,5.255,5.3,5.25,5.26
1675090800,5.255,5.255,5.255,5.255
1675146600,5.245,5.245,5.245,5.245
1675148400,5.245,5.27,5.175,5.195
1675150200,5.2,5.22,5.165,5.21
1675152000,5.205,5.25,5.2,5.225
1675153800,5.22,5.225,5.155,5.17
1675155600,5.17,5.19,5.155,5.17
1675157400,5.175,5.19,5.17,5.19
1675159200,5.19,5.19,5.16,5.165
1675161000,5.165,5.2,5.16,5.2
1675162800,5.2,5.225,5.2,5.22
1675164600,5.215,5.235,5.2,5.225
1675166400,5.22,5.25,5.21,5.245
1675168200,5.245,5.33,5.245,5.31
1675170000,5.31,5.325,5.285,5.285
1675171800,5.285,5.29,5.245,5.255
1675173600,5.25,5.26,5.195,5.2
1675175400,5.2,5.315,5.165,5.225
1675177200,5.22,5.22,5.22,5.22
1675233000,5.22,5.22,5.22,5.22
1675234800,5.225,5.245,5.185,5.2
1675236600,5.2,5.24,5.18,5.215
1675238400,5.22,5.225,5.165,5.185
1675240200,5.18,5.21,5.165,5.165
1675242000,5.165,5.205,5.135,5.16
1675243800,5.16,5.19,5.115,5.125
1675245600,5.12,5.155,5.085,5.135
1675247400,5.135,5.145,5.11,5.11
1675249200,5.115,5.115,5.075,5.09
1675251000,5.09,5.125,5.09,5.125
1675252800,5.125,5.14,5.115,5.12
1675254600,5.125,5.15,5.095,5.11
1675256400,5.11,5.115,5.055,5.055
1675258200,5.05,5.075,4.982,4.982
1675260000,4.982,5.01,4.96,4.96
1675263600,4.946,4.946,4.946,4.946
1675319400,4.952,4.952,4.952,4.952
1675321200,4.954,4.99,4.874,4.92
1675323000,4.926,4.928,4.74,4.774
1675324800,4.77,4.93,4.77,4.922
1675326600,4.924,4.98,4.854,4.878
1675328400,4.874,4.9,4.832,4.876
1675330200,4.878,4.894,4.85,4.886
1675332000,4.886,4.918,4.864,4.904
1675333800,4.902,4.902,4.87,4.874
1675335600,4.874,4.902,4.864,4.866
1675337400,4.866,4.87,4.818,4.848
1675339200,4.846,4.858,4.818,4.832
1675341000,4.828,4.836,4.72,4.736
1675342800,4.732,4.734,4.694,4.696
1675344600,4.696,4.812,4.67,4.8
1675346400,4.8,4.822,4.754,4.808
1675348200,4.808,4.908,4.808,4.886
1675350000,4.888,4.888,4.888,4.888
1675405800,4.928,4.928,4.928,4.928
1675407600,4.928,4.96,4.874,4.916
1675409400,4.916,4.938,4.902,4.922
1675411200,4.924,4.974,4.902,4.956
1675413000,4.956,4.992,4.956,4.988
1675414800,4.99,4.998,4.958,4.99
1675416600,4.988,5.02,4.984,4.984
1675418400,4.986,4.99,4.942,4.962
1675420200,4.964,5.01,4.962,4.996
1675422000,4.996,5,4.968,4.98
1675423800,4.982,5.015,4.982,5.005
1675425600,5.005,5.055,5.005,5.05
1675427400,5.045,5.06,5.02,5.04
1675429200,5.04,5.055,5.02,5.05
1675431000,5.045,5.07,5.035,5.07
1675432800,5.07,5.1,5.065,5.095
1675434600,5.095,5.12,5.08,5.095
1675436400,5.115,5.115,5.115,5.115
1675665000,5.01,5.01,5.01,5.01
1675666800,5.005,5.065,4.888,5.01
1675668600,5,5.03,4.8,4.968
1675670400,4.966,4.966,4.8,4.88
1675672200,4.88,4.95,4.878,4.9
1675674000,4.9,4.952,4.898,4.952
1675675800,4.95,4.956,4.946,4.956
1675677600,4.956,4.956,4.898,4.91
1675679400,4.916,4.92,4.864,4.864
1675681200,4.864,4.864,4.83,4.848
1675683000,4.848,4.848,4.828,4.834
1675684800,4.834,4.852,4.822,4.844
1675686600,4.844,4.848,4.824,4.848
1675688400,4.848,4.848,4.808,4.81
1675690200,4.81,4.844,4.808,4.844
1675692000,4.844,4.878,4.83,4.878
1675693800,4.878,4.948,4.878,4.942
1675695600,5,5,5,5
1675751400,4.97,4.97,4.97,4.97
1675753200,4.96,4.97,4.8,4.824
1675755000,4.824,4.868,4.816,4.866
1675756800,4.868,4.876,4.848,4.874
1675758600,4.878,4.88,4.83,4.83
1675760400,4.83,4.844,4.804,4.824
1675762200,4.82,4.828,4.79,4.806
1675764000,4.81,4.81,4.78,4.78
1675765800,4.78,4.842,4.772,4.826
1675767600,4.828,4.828,4.73,4.732
1675769400,4.732,4.74,4.658,4.662
1675771200,4.664,4.716,4.66,4.692
1675773000,4.7,4.758,4.696,4.75
1675774800,4.75,4.82,4.75,4.804
1675776600,4.81,4.846,4.74,4.74
1675778400,4.74,4.748,4.664,4.694
1675780200,4.694,4.7,4.612,4.668
1675782000,4.668,4.668,4.668,4.668
1676442600,4.692,4.692,4.692,4.692
1676444400,4.704,4.994,4.704,4.98
1676446200,4.962,5.02,4.944,5.02
1676448000,5.02,5.07,5.015,5.03
1676449800,5.04,5.04,5,5.03
1676451600,5.025,5.055,5.025,5.05
1676453400,5.05,5.055,5.045,5.05
1676455200,5.055,5.1,5.05,5.07
1676457000,5.08,5.12,5.07,5.12
1676458800,5.12,5.12,5.095,5.11
1676460600,5.105,5.12,5.1,5.105
1676462400,5.11,5.125,5.105,5.115
1676464200,5.125,5.13,5.115,5.125
1676466000,5.125,5.13,5.12,5.13
1676467800,5.13,5.13,5.115,5.13
1676469600,5.13,5.13,5.12,5.13
1676471400,5.13,5.13,5.115,5.12
1676473200,5.13,5.13,5.13,5.13
1676529000,5.295,5.295,5.295,5.295
1676530800,5.295,5.45,5.14,5.29
1676532600,5.29,5.3,5.15,5.17
1676534400,5.175,5.175,5.035,5.035
1676536200,5.025,5.085,4.932,5.06
1676538000,5.06,5.065,4.992,5.005
1676539800,5.01,5.02,4.962,4.97
1676541600,4.968,5.02,4.95,5.015
1676543400,5.02,5.02,4.954,4.972
1676545200,4.972,4.998,4.956,4.988
1676547000,4.988,5.025,4.984,5.01
1676548800,5.015,5.05,4.998,4.998
1676550600,5.01,5.03,5,5.025
1676552400,5.035,5.07,5.035,5.04
1676554200,5.04,5.055,4.998,4.998
1676556000,5.005,5.01,4.958,4.96
1676557800,4.956,4.968,4.9,4.922
1676559600,4.922,4.922,4.922,4.922
1676615400,4.89,4.89,4.89,4.89
1676617200,4.89,5.01,4.8,4.944
1676619000,4.946,4.97,4.922,4.96
1676620800,4.958,5.015,4.956,4.988
1676622600,4.99,4.992,4.954,4.972
1676624400,4.968,4.978,4.922,4.974
1676626200,4.974,4.984,4.972,4.982
1676628000,4.982,4.984,4.972,4.984
1676629800,4.982,4.984,4.966,4.972
1676631600,4.974,4.98,4.966,4.976
1676633400,4.976,4.976,4.948,4.958
1676635200,4.958,4.962,4.922,4.922
1676637000,4.922,4.922,4.908,4.912
1676638800,4.912,4.948,4.898,4.946
1676640600,4.946,4.966,4.918,4.938
1676642400,4.938,5,4.936,4.998
1676644200,4.998,5.005,4.946,4.97
1676646000,4.984,4.984,4.984,4.984
1676874600,4.992,4.992,4.992,4.992
1676876400,4.998,5.025,4.972,4.988
1676878200,4.99,4.996,4.96,4.962
1676880000,4.962,5.005,4.96,4.986
1676881800,4.98,5.005,4.968,4.986
1676883600,4.98,5.01,4.974,4.996
1676885400,4.996,5.025,4.992,5.025
1676887200,5.025,5.07,5.025,5.06
1676889000,5.06,5.065,5.045,5.06
1676890800,5.06,5.07,5.01,5.01
1676892600,5.01,5.06,5.01,5.06
1676894400,5.055,5.075,5.03,5.035
1676896200,5.04,5.05,5.015,5.02
1676898000,5.02,5.025,5.015,5.025
1676899800,5.025,5.03,5.015,5.025
1676901600,5.025,5.035,5.015,5.03
1676903400,5.03,5.035,4.952,4.968
1676905200,4.974,4.974,4.974,4.974
1676961000,4.97,4.97,4.97,4.97
1676962800,4.968,4.978,4.952,4.974
1676964600,4.972,4.982,4.966,4.97
1676966400,4.97,5.025,4.968,4.994
1676968200,4.996,5.02,4.976,5
1676970000,4.998,5,4.962,4.978
1676971800,4.978,4.988,4.968,4.976
1676973600,4.976,4.994,4.972,4.984
1676975400,4.988,5.02,4.984,5.02
1676977200,5.015,5.035,5.005,5.015
1676979000,5.025,5.095,5.02,5.075
1676980800,5.075,5.13,5.06,5.105
1676982600,5.11,5.165,5.105,5.135
1676984400,5.135,5.14,5.115,5.14
1676986200,5.135,5.16,5.12,5.14
1676988000,5.135,5.145,5.085,5.11
1676989800,5.11,5.16,5.11,5.125
1676991600,5.125,5.125,5.125,5.125
1677047400,5.125,5.125,5.125,5.125
1677049200,5.12,5.145,5.03,5.06
1677051000,5.07,5.225,5.055,5.22
1677052800,5.215,5.28,5.205,5.255
1677054600,5.25,5.26,5.175,5.19
1677056400,5.18,5.185,5.15,5.155
1677058200,5.155,5.155,5.1,5.125
1677060000,5.12,5.155,5.105,5.145
1677061800,5.14,5.18,5.13,5.15
1677063600,5.15,5.165,5.08,5.1
1677065400,5.105,5.105,5.06,5.07
1677067200,5.07,5.085,5.05,5.06
1677069000,5.06,5.06,5.02,5.05
1677070800,5.055,5.055,5.02,5.03
1677072600,5.03,5.055,5.015,5.025
1677074400,5.03,5.095,5.01,5.05
1677076200,5.05,5.08,5.02,5.035
1677078000,5.06,5.06,5.06,5.06
1677133800,5.06,5.06,5.06,5.06
1677135600,5.065,5.145,5.06,5.14
1677137400,5.14,5.175,5.115,5.145
1677139200,5.145,5.18,5.135,5.155
1677141000,5.15,5.16,5.105,5.115
1677142800,5.115,5.15,5.11,5.14
1677144600,5.13,5.15,5.125,5.135
1677146400,5.13,5.145,5.105,5.11
1677148200,5.11,5.12,5.095,5.095
1677150000,5.105,5.105,5.05,5.05
1677151800,5.05,5.065,5.01,5.045
1677153600,5.045,5.08,4.982,4.988
1677155400,4.988,5.025,4.988,5.005
1677157200,5,5.015,4.99,5.005
1677159000,5.005,5.025,4.998,5.025
1677160800,5.025,5.03,4.998,5.02
1677162600,5.025,5.07,5.02,5.06
1677164400,5.04,5.04,5.04,5.04
1677220200,5.05,5.05,5.05,5.05
1677222000,5.06,5.08,5.025,5.045
1677223800,5.04,5.11,5.04,5.085
1677225600,5.085,5.085,5.05,5.08
1677227400,5.08,5.105,5.055,5.1
1677229200,5.1,5.155,5.095,5.13
1677231000,5.13,5.155,5.12,5.125
1677232800,5.13,5.195,5.125,5.16
1677234600,5.16,5.19,5.16,5.18
1677236400,5.18,5.19,5.15,5.165
1677238200,5.17,5.175,5.155,5.16
1677240000,5.155,5.16,5.105,5.145
1677241800,5.14,5.175,5.13,5.17
1677243600,5.17,5.18,5.115,5.155
1677245400,5.155,5.18,5.14,5.175
1677247200,5.18,5.19,5.17,5.18
1677249000,5.18,5.21,5.18,5.21
1677250800,5.21,5.21,5.2,5.2
1677479400,5.245,5.245,5.245,5.245
1677481200,5.25,5.29,5.2,5.215
1677483000,5.215,5.25,5.165,5.215
1677484800,5.215,5.215,5.125,5.145
1677486600,5.155,5.2,5.145,5.2
1677488400,5.2,5.215,5.185,5.195
1677490200,5.195,5.225,5.18,5.225
1677492000,5.22,5.24,5.22,5.24
1677493800,5.235,5.255,5.215,5.225
1677495600,5.23,5.26,5.21,5.25
1677497400,5.25,5.26,5.245,5.255
1677499200,5.255,5.26,5.185,5.19
1677501000,5.2,5.24,5.185,5.24
1677502800,5.24,5.26,5.23,5.255
1677504600,5.25,5.27,5.24,5.265
1677506400,5.27,5.3,5.27,5.295
1677508200,5.295,5.3,5.28,5.285
1677510000,5.285,5.285,5.285,5.285
1677565800,5.34,5.34,5.34,5.34
1677567600,5.34,5.38,5.31,5.37
1677569400,5.375,5.39,5.335,5.36
1677571200,5.36,5.375,5.33,5.36
1677573000,5.355,5.37,5.345,5.36
1677574800,5.355,5.365,5.34,5.35
1677576600,5.355,5.375,5.34,5.375
1677578400,5.375,5.38,5.37,5.37
1677580200,5.375,5.385,5.37,5.38
1677582000,5.38,5.395,5.36,5.38
1677583800,5.385,5.42,5.37,5.415
1677585600,5.415,5.425,5.4,5.41
1677587400,5.41,5.435,5.395,5.415
1677589200,5.415,5.495,5.385,5.485
1677591000,5.485,5.5,5.47,5.495
1677592800,5.495,5.55,5.46,5.535
1677594600,5.535,5.57,5.46,5.565
1677596400,5.565,5.57,5.565,5.57
1677652200,5.405,5.405,5.405,5.405
1677654000,5.405,5.5,5.335,5.495
1677655800,5.5,5.53,5.47,5.52
1677657600,5.515,5.525,5.455,5.5
1677659400,5.5,5.535,5.42,5.435
1677661200,5.435,5.44,5.385,5.405
1677663000,5.405,5.415,5.395,5.415
1677664800,5.41,5.445,5.41,5.44
1677666600,5.445,5.445,5.425,5.425
1677668400,5.425,5.43,5.39,5.39
1677670200,5.395,5.41,5.385,5.395
1677672000,5.395,5.425,5.39,5.405
1677673800,5.405,5.42,5.4,5.405
1677675600,5.405,5.42,5.39,5.39
1677677400,5.4,5.405,5.385,5.4
1677679200,5.4,5.41,5.395,5.405
1677681000,5.4,5.405,5.36,5.385
1677682800,5.365,5.365,5.365,5.365
1677738600,5.4,5.4,5.4,5.4
1677740400,5.4,5.435,5.365,5.415
1677742200,5.415,5.42,5.385,5.415
1677744000,5.41,5.42,5.38,5.415
1677745800,5.415,5.445,5.395,5.4
1677747600,5.41,5.515,5.395,5.48
1677749400,5.48,5.49,5.475,5.485
1677751200,5.48,5.49,5.455,5.455
1677753000,5.455,5.47,5.425,5.435
1677754800,5.425,5.455,5.425,5.445
1677756600,5.445,5.46,5.43,5.44
1677758400,5.445,5.445,5.415,5.425
1677760200,5.43,5.44,5.42,5.43
1677762000,5.435,5.435,5.4,5.415
1677763800,5.415,5.43,5.385,5.405
1677765600,5.4,5.45,5.39,5.43
1677767400,5.425,5.435,5.385,5.39
1677769200,5.37,5.37,5.37,5.37
1677825000,5.4,5.4,5.4,5.4
1677826800,5.395,5.42,5.36,5.385
1677828600,5.385,5.425,5.38,5.42
1677830400,5.415,5.425,5.3,5.335
1677832200,5.33,5.335,5.275,5.295
1677834000,5.29,5.31,5.255,5.29
1677835800,5.295,5.3,5.275,5.29
1677837600,5.295,5.32,5.285,5.32
1677839400,5.315,5.32,5.295,5.305
1677841200,5.305,5.305,5.26,5.275
1677843000,5.275,5.285,5.255,5.26
1677844800,5.255,5.28,5.13,5.135
1677846600,5.145,5.215,5.145,5.185
1677848400,5.185,5.21,5.165,5.18
1677850200,5.185,5.225,5.16,5.21
1677852000,5.21,5.225,5.185,5.205
1677853800,5.21,5.23,5.195,5.225
1677855600,5.225,5.225,5.225,5.225
1678084200,5.235,5.235,5.235,5.235
1678086000,5.24,5.265,5.21,5.25
1678087800,5.25,5.275,5.25,5.26
1678089600,5.26,5.3,5.25,5.255
1678091400,5.255,5.27,5.235,5.24
1678093200,5.245,5.255,5.235,5.245
1678095000,5.24,5.255,5.24,5.25
1678096800,5.25,5.275,5.245,5.265
1678098600,5.26,5.345,5.255,5.3
1678100400,5.295,5.38,5.295,5.35
1678102200,5.35,5.385,5.345,5.36
1678104000,5.36,5.41,5.355,5.37
1678105800,5.37,5.575,5.36,5.535
1678107600,5.53,5.645,5.525,5.62
1678109400,5.62,5.695,5.605,5.67
1678111200,5.665,5.675,5.6,5.66
1678113000,5.66,5.66,5.585,5.645
1678114800,5.66,5.66,5.66,5.66
1678170600,5.8,5.8,5.8,5.8
1678172400,5.805,5.98,5.805,5.92
1678174200,5.915,6.09,5.83,5.87
1678176000,5.88,5.895,5.775,5.795
1678177800,5.795,5.815,5.69,5.71
1678179600,5.71,5.8,5.71,5.77
1678181400,5.765,5.77,5.71,5.715
1678183200,5.71,5.73,5.675,5.675
1678185000,5.675,5.78,5.635,5.68
1678186800,5.685,5.705,5.66,5.69
1678188600,5.69,5.7,5.68,5.68
1678190400,5.68,5.7,5.66,5.7
1678192200,5.7,5.715,5.66,5.7
1678194000,5.705,5.705,5.665,5.7
1678195800,5.7,5.745,5.67,5.715
1678197600,5.72,5.72,5.665,5.675
1678199400,5.67,5.76,5.635,5.75
1678201200,5.75,5.75,5.75,5.75
1678257000,5.705,5.705,5.705,5.705
1678258800,5.7,5.775,5.695,5.72
1678260600,5.725,5.75,5.695,5.695
1678262400,5.705,5.705,5.63,5.655
1678264200,5.655,5.7,5.64,5.69
1678266000,5.69,5.71,5.68,5.7
1678267800,5.7,5.71,5.695,5.705
1678269600,5.705,5.74,5.705,5.735
1678271400,5.73,5.9,5.73,5.785
1678273200,5.79,5.795,5.74,5.75
1678275000,5.75,5.78,5.745,5.76
1678276800,5.75,5.76,5.69,5.695
1678278600,5.7,5.76,5.695,5.76
1678280400,5.755,5.81,5.755,5.8
1678282200,5.795,5.84,5.79,5.82
1678284000,5.815,5.835,5.8,5.815
1678285800,5.805,5.93,5.79,5.905
1678287600,5.97,5.97,5.97,5.97
1678343400,5.97,5.97,5.97,5.97
1678345200,5.975,5.985,5.86,5.91
1678347000,5.92,6.05,5.915,5.96
1678348800,5.96,5.99,5.925,5.93
1678350600,5.935,5.945,5.905,5.915
1678352400,5.92,6.015,5.915,6.015
1678354200,6.02,6.105,6.015,6.045
1678356000,6.05,6.06,6.025,6.035
1678357800,6.035,6.055,6.01,6.015
1678359600,6.02,6.045,5.985,6.025
1678361400,6.02,6.065,6.01,6.05
1678363200,6.055,6.16,6.045,6.155
1678365000,6.155,6.23,6.14,6.19
1678366800,6.19,6.215,6.16,6.17
1678368600,6.17,6.185,6.17,6.175
1678370400,6.175,6.235,6.15,6.2
1678372200,6.195,6.27,6.16,6.25
1678374000,6.22,6.22,6.22,6.22
1678429800,6.15,6.15,6.15,6.15
1678431600,6.15,6.28,6.11,6.205
1678433400,6.2,6.215,6.115,6.115
1678435200,6.12,6.155,6.09,6.155
1678437000,6.15,6.165,6.12,6.15
1678438800,6.15,6.21,6.14,6.21
1678440600,6.215,6.22,6.165,6.205
1678442400,6.21,6.21,6.175,6.185
1678444200,6.18,6.19,6.16,6.16
1678446000,6.16,6.235,6.16,6.23
1678447800,6.23,6.33,6.23,6.265
1678449600,6.26,6.29,6.245,6.285
1678451400,6.285,6.315,6.23,6.25
1678453200,6.255,6.27,6.195,6.255
1678455000,6.25,6.275,6.23,6.23
1678456800,6.23,6.27,6.23,6.245
1678458600,6.245,6.25,6.19,6.23
1678460400,6.255,6.255,6.255,6.255
1678689000,6.255,6.255,6.255,6.255
1678690800,6.255,6.295,6.19,6.225
1678692600,6.22,6.23,6.18,6.195
1678694400,6.2,6.22,6.15,6.2
1678696200,6.205,6.21,6.15,6.165
1678698000,6.165,6.165,6.105,6.115
1678699800,6.115,6.125,6.09,6.095
1678701600,6.095,6.1,6.055,6.095
1678703400,6.09,6.21,6.07,6.19
1678705200,6.19,6.195,6.155,6.155
1678707000,6.155,6.165,6.095,6.1
1678708800,6.09,6.15,6.08,6.105
1678710600,6.12,6.12,6.05,6.065
1678712400,6.065,6.105,6.06,6.09
1678714200,6.095,6.105,6.085,6.105
1678716000,6.11,6.235,6.105,6.2
1678717800,6.205,6.265,6.16,6.225
1678719600,6.235,6.235,6.235,6.235
1678775400,6.245,6.245,6.245,6.245
1678777200,6.245,6.28,6.05,6.235
1678779000,6.23,6.28,6.22,6.24
1678780800,6.245,6.27,6.185,6.225
1678782600,6.225,6.24,6.18,6.2
1678784400,6.195,6.23,6.185,6.22
1678786200,6.23,6.245,6.19,6.225
1678788000,6.22,6.27,6.21,6.235
1678789800,6.235,6.24,6.2,6.22
1678791600,6.225,6.245,6.22,6.225
1678793400,6.23,6.25,6.205,6.225
1678795200,6.23,6.305,6.225,6.28
1678797000,6.29,6.3,6.28,6.3
1678798800,6.3,6.305,6.28,6.3
1678800600,6.3,6.36,6.28,6.35
1678802400,6.35,6.355,6.305,6.33
1678804200,6.325,6.34,6.225,6.26
1678806000,6.25,6.25,6.25,6.25
1678861800,6.3,6.3,6.3,6.3
1678863600,6.3,6.325,6.205,6.27
1678865400,6.265,6.27,6.165,6.24
1678867200,6.25,6.255,6.22,6.235
1678869000,6.235,6.32,6.235,6.275
1678870800,6.27,6.275,6.165,6.19
1678872600,6.19,6.31,6.185,6.23
1678874400,6.23,6.24,6.19,6.23
1678876200,6.23,6.23,6.145,6.145
1678878000,6.14,6.235,6.14,6.19
1678879800,6.19,6.23,6.15,6.165
1678881600,6.165,6.18,6.14,6.17
1678883400,6.17,6.215,6.17,6.19
1678885200,6.18,6.23,6.165,6.17
1678887000,6.17,6.19,6.13,6.13
1678888800,6.13,6.15,6.1,6.12
1678890600,6.125,6.22,6.09,6.205
1678892400,6.185,6.185,6.185,6.185
1678948200,6.25,6.25,6.25,6.25
1678950000,6.25,6.3,6.215,6.275
1678951800,6.275,6.4,6.27,6.39
1678953600,6.39,6.415,6.355,6.39
1678955400,6.395,6.4,6.32,6.32
1678957200,6.325,6.35,6.31,6.335
1678959000,6.335,6.355,6.31,6.34
1678960800,6.34,6.405,6.34,6.385
1678962600,6.385,6.48,6.38,6.43
1678964400,6.44,6.445,6.41,6.435
1678966200,6.435,6.455,6.43,6.435
1678968000,6.435,6.44,6.405,6.43
1678969800,6.42,6.455,6.365,6.385
1678971600,6.38,6.43,6.37,6.385
1678973400,6.385,6.47,6.35,6.455
1678975200,6.465,6.485,6.43,6.47
1678977000,6.465,6.485,6.42,6.43
1678978800,6.42,6.42,6.42,6.42
1679034600,6.47,6.47,6.47,6.47
1679036400,6.47,6.495,6.415,6.43
1679038200,6.43,6.44,6.365,6.37
1679040000,6.365,6.375,6.27,6.275
1679041800,6.28,6.325,6.27,6.305
1679043600,6.305,6.315,6.3,6.305
1679045400,6.31,6.315,6.3,6.31
1679047200,6.31,6.325,6.3,6.305
1679049000,6.305,6.31,6.29,6.3
1679050800,6.3,6.315,6.3,6.305
1679052600,6.3,6.31,6.275,6.275
1679054400,6.28,6.3,6.2,6.205
1679056200,6.205,6.265,6.18,6.235
1679058000,6.235,6.275,6.22,6.265
1679059800,6.26,6.27,6.22,6.235
1679061600,6.24,6.26,6.23,6.255
1679063400,6.255,6.275,6.245,6.26
1679065200,6.2,6.2,6.2,6.2
1679293800,6.135,6.135,6.135,6.135
1679295600,6.135,6.145,6.045,6.065
1679297400,6.06,6.125,6.06,6.1
1679299200,6.1,6.125,5.975,5.98
1679301000,5.975,6.035,5.97,6.025
1679302800,6.03,6.035,5.935,5.935
1679304600,5.935,5.955,5.915,5.94
1679306400,5.94,5.95,5.91,5.935
1679308200,5.94,6.015,5.935,5.965
1679310000,5.96,5.97,5.93,5.955
1679311800,5.945,5.96,5.9,5.92
1679313600,5.92,5.96,5.905,5.935
1679315400,5.945,5.985,5.93,5.95
1679317200,5.95,5.965,5.915,5.92
1679319000,5.92,5.93,5.9,5.925
1679320800,5.92,6.035,5.905,5.94
1679322600,5.935,5.945,5.89,5.91
1679324400,5.895,5.895,5.895,5.895
1679380200,5.92,5.92,5.92,5.92
1679382000,5.925,5.95,5.83,5.855
1679383800,5.865,5.875,5.825,5.835
1679385600,5.835,5.95,5.835,5.95
1679387400,5.945,5.97,5.915,5.96
1679389200,5.955,5.965,5.905,5.92
1679391000,5.915,5.925,5.87,5.87
1679392800,5.87,5.905,5.85,5.87
1679394600,5.865,5.89,5.83,5.835
1679396400,5.84,5.85,5.8,5.81
1679398200,5.81,5.815,5.76,5.77
1679400000,5.78,5.87,5.77,5.87
1679401800,5.875,5.94,5.87,5.895
1679403600,5.9,5.95,5.89,5.92
1679405400,5.92,5.965,5.92,5.94
1679407200,5.94,6.015,5.905,5.925
1679409000,5.92,5.93,5.815,5.89
1679410800,5.89,5.89,5.89,5.89
1679466600,5.93,5.93,5.93,5.93
1679468400,5.93,6,5.9,5.96
1679470200,5.945,6,5.935,5.965
1679472000,5.965,6.015,5.96,6
1679473800,6,6.05,5.975,6.005
1679475600,6,6.02,5.98,5.995
1679477400,5.99,6.005,5.975,5.98
1679479200,5.98,6.005,5.96,5.98
1679481000,5.98,5.98,5.955,5.96
1679482800,5.955,6.005,5.955,6
1679484600,6,6,5.975,5.985
1679486400,5.985,6,5.97,5.98
1679488200,5.98,6,5.965,5.975
1679490000,5.97,5.975,5.91,5.94
1679491800,5.94,6.005,5.925,6.005
1679493600,5.995,6.07,5.985,6.07
1679495400,6.06,6.09,6.06,6.09
1679497200,6.095,6.095,6.095,6.095
1679553000,6.1,6.1,6.1,6.1
1679554800,6.095,6.105,6.045,6.07
1679556600,6.065,6.09,6.04,6.085
1679558400,6.085,6.12,6.08,6.09
1679560200,6.1,6.105,6.08,6.09
1679562000,6.09,6.11,6.075,6.095
1679563800,6.09,6.13,6.085,6.1
1679565600,6.105,6.105,6.05,6.06
1679567400,6.065,6.075,6.055,6.07
1679569200,6.075,6.08,6.055,6.065
1679571000,6.07,6.07,6.05,6.055
1679572800,6.055,6.06,6.035,6.04
1679574600,6.04,6.065,6.03,6.045
1679576400,6.045,6.045,6.02,6.035
1679578200,6.025,6.04,6.02,6.03
1679580000,6.02,6.115,6.02,6.08
1679581800,6.075,6.1,6.055,6.08
1679583600,6.1,6.1,6.1,6.1
1679639400,6.1,6.1,6.1,6.1
1679641200,6.105,6.135,6.085,6.085
1679643000,6.09,6.09,6.045,6.055
1679644800,6.06,6.06,6.01,6.015
1679646600,6.015,6.02,5.995,5.995
1679648400,5.995,6.01,5.99,5.995
1679650200,5.99,6.015,5.985,6
1679652000,6.005,6.005,5.955,5.985
1679653800,5.985,5.995,5.965,5.965
1679655600,5.965,5.975,5.935,5.945
1679657400,5.945,5.945,5.9,5.905
1679659200,5.91,5.955,5.9,5.945
1679661000,5.955,6.045,5.95,6.03
1679662800,6.04,6.04,6.005,6.005
1679664600,6.005,6.01,5.99,5.99
1679666400,5.99,6.04,5.99,6.02
1679668200,6.02,6.1,6.02,6.085
1679670000,6.11,6.11,6.11,6.11
1679898600,6.115,6.115,6.115,6.115
1679900400,6.115,6.31,6.11,6.24
1679902200,6.235,6.265,6.22,6.22
1679904000,6.23,6.295,6.22,6.28
1679905800,6.275,6.285,6.255,6.275
1679907600,6.28,6.33,6.275,6.3
1679909400,6.31,6.32,6.3,6.31
1679911200,6.31,6.32,6.29,6.295
1679913000,6.295,6.375,6.28,6.33
1679914800,6.335,6.335,6.305,6.33
1679916600,6.33,6.35,6.315,6.315
1679918400,6.315,6.325,6.3,6.315
1679920200,6.315,6.335,6.295,6.31
1679922000,6.305,6.31,6.29,6.29
1679923800,6.295,6.32,6.29,6.31
1679925600,6.31,6.33,6.29,6.295
1679927400,6.3,6.315,6.275,6.28
1679929200,6.315,6.315,6.315,6.315
1679985000,6.33,6.33,6.33,6.33
1679986800,6.33,6.365,6.29,6.345
1679988600,6.345,6.395,6.33,6.36
1679990400,6.37,6.37,6.33,6.34
1679992200,6.335,6.34,6.285,6.31
1679994000,6.305,6.31,6.28,6.295
1679995800,6.295,6.32,6.27,6.315
1679997600,6.315,6.315,6.29,6.305
1679999400,6.305,6.31,6.27,6.31
1680001200,6.315,6.34,6.305,6.32
1680003000,6.33,6.36,6.325,6.345
1680004800,6.345,6.375,6.345,6.35
1680006600,6.35,6.355,6.315,6.35
1680008400,6.345,6.38,6.33,6.365
1680010200,6.36,6.375,6.305,6.345
1680012000,6.35,6.365,6.29,6.305
1680013800,6.31,6.32,6.26,6.285
1680015600,6.275,6.275,6.275,6.275
1680071400,6.23,6.23,6.23,6.23
1680073200,6.25,6.36,6.23,6.24
1680075000,6.24,6.245,6.15,6.22
1680076800,6.225,6.26,6.195,6.24
1680078600,6.245,6.255,6.18,6.18
1680080400,6.19,6.195,6.135,6.135
1680082200,6.135,6.145,6.115,6.12
1680084000,6.125,6.16,6.12,6.15
1680085800,6.155,6.155,6.13,6.13
1680087600,6.13,6.15,6.125,6.13
1680089400,6.135,6.205,6.125,6.205
1680091200,6.2,6.28,6.2,6.23
1680093000,6.235,6.36,6.235,6.29
1680094800,6.29,6.305,6.27,6.27
1680096600,6.27,6.31,6.27,6.29
1680098400,6.3,6.38,6.29,6.37
1680100200,6.375,6.485,6.375,6.47
1680102000,6.48,6.48,6.48,6.48
1680157800,6.48,6.48,6.48,6.48
1680159600,6.48,6.515,6.4,6.45
1680161400,6.445,6.485,6.425,6.485
1680163200,6.49,6.57,6.47,6.485
1680165000,6.485,6.5,6.445,6.455
1680166800,6.455,6.47,6.425,6.455
1680168600,6.465,6.505,6.455,6.5
1680170400,6.5,6.5,6.47,6.47
1680172200,6.48,6.505,6.465,6.48
1680174000,6.49,6.515,6.475,6.49
1680175800,6.495,6.495,6.43,6.46
1680177600,6.455,6.525,6.45,6.515
1680179400,6.52,6.535,6.48,6.485
1680181200,6.485,6.485,6.425,6.435
1680183000,6.435,6.48,6.43,6.47
1680184800,6.47,6.485,6.4,6.465
1680186600,6.465,6.515,6.43,6.48
1680188400,6.485,6.485,6.485,6.485
1680244200,6.47,6.47,6.47,6.47
1680246000,6.47,6.485,6.405,6.445
1680247800,6.445,6.465,6.355,6.375
1680249600,6.375,6.41,6.355,6.4
1680251400,6.405,6.41,6.365,6.375
1680253200,6.37,6.42,6.365,6.4
1680255000,6.4,6.41,6.38,6.395
1680256800,6.4,6.45,6.38,6.445
1680258600,6.445,6.46,6.43,6.45
1680260400,6.45,6.48,6.44,6.47
1680262200,6.47,6.47,6.425,6.435
1680264000,6.43,6.47,6.295,6.33
1680265800,6.335,6.355,6.29,6.355
1680267600,6.36,6.38,6.275,6.29
1680269400,6.29,6.35,6.23,6.24
1680271200,6.235,6.45,6.215,6.445
1680273000,6.45,6.47,6.37,6.39
1680274800,6.42,6.42,6.42,6.42
1680503400,6.405,6.405,6.405,6.405
1680505200,6.4,6.405,6.32,6.32
1680507000,6.315,6.315,6.195,6.22
1680508800,6.23,6.27,6.185,6.22
1680510600,6.215,6.235,6.205,6.22
1680512400,6.225,6.225,6.185,6.225
1680514200,6.215,6.26,6.2,6.25
1680516000,6.25,6.275,6.23,6.275
1680517800,6.28,6.28,6.225,6.235
1680519600,6.225,6.26,6.225,6.245
1680521400,6.24,6.245,6.18,6.195
1680523200,6.195,6.195,6.155,6.17
1680525000,6.165,6.17,6.15,6.16
1680526800,6.16,6.17,6.11,6.155
1680528600,6.17,6.325,6.14,6.31
1680530400,6.31,6.325,6.3,6.32
1680532200,6.315,6.39,6.315,6.38
1680534000,6.37,6.37,6.37,6.37
1680589800,6.39,6.39,6.39,6.39
1680591600,6.39,6.45,6.35,6.44
1680593400,6.44,6.445,6.395,6.395
1680595200,6.4,6.4,6.365,6.39
1680597000,6.39,6.4,6.33,6.35
1680598800,6.35,6.38,6.35,6.375
1680600600,6.38,6.38,6.345,6.35
1680602400,6.355,6.365,6.35,6.355
1680604200,6.355,6.385,6.345,6.345
1680606000,6.345,6.36,6.34,6.35
1680607800,6.34,6.37,6.34,6.365
1680609600,6.365,6.38,6.325,6.38
1680611400,6.375,6.385,6.36,6.365
1680613200,6.365,6.37,6.325,6.34
1680615000,6.335,6.39,6.32,6.38
1680616800,6.38,6.465,6.36,6.445
1680618600,6.44,6.45,6.42,6.445
1680620400,6.42,6.42,6.42,6.42
1680676200,6.45,6.45,6.45,6.45
1680678000,6.45,6.48,6.42,6.44
1680679800,6.44,6.45,6.42,6.43
1680681600,6.43,6.435,6.4,6.405
1680683400,6.405,6.41,6.37,6.395
1680685200,6.4,6.425,6.37,6.39
1680687000,6.39,6.42,6.385,6.415
1680688800,6.41,6.425,6.38,6.395
1680690600,6.395,6.395,6.375,6.39
1680692400,6.39,6.39,6.34,6.355
1680694200,6.365,6.39,6.35,6.39
1680696000,6.385,6.4,6.38,6.39
1680697800,6.395,6.4,6.375,6.385
1680699600,6.385,6.395,6.37,6.37
1680701400,6.38,6.41,6.355,6.405
1680703200,6.405,6.42,6.355,6.355
1680705000,6.35,6.41,6.35,6.375
1680706800,6.38,6.38,6.38,6.38
1680762600,6.385,6.385,6.385,6.385
1680764400,6.385,6.41,6.375,6.395
1680766200,6.39,6.415,6.385,6.39
1680768000,6.39,6.405,6.385,6.385
1680769800,6.38,6.39,6.36,6.365
1680771600,6.365,6.37,6.335,6.35
1680773400,6.35,6.36,6.35,6.36
1680775200,6.35,6.38,6.35,6.37
1680777000,6.375,6.415,6.375,6.39
1680778800,6.39,6.4,6.38,6.38
1680780600,6.385,6.39,6.36,6.385
1680782400,6.385,6.39,6.335,6.375
1680784200,6.375,6.38,6.34,6.36
1680786000,6.365,6.365,6.285,6.295
1680787800,6.3,6.315,6.265,6.295
1680789600,6.295,6.3,6.23,6.265
1680791400,6.27,6.275,6.24,6.265
1680793200,6.295,6.295,6.295,6.295
1680849000,6.295,6.295,6.295,6.295
1680850800,6.295,6.32,6.25,6.3
1680852600,6.305,6.315,6.245,6.245
1680854400,6.25,6.25,6.195,6.23
1680856200,6.235,6.275,6.23,6.24
1680858000,6.24,6.265,6.235,6.26
1680859800,6.255,6.255,6.24,6.24
1680861600,6.245,6.25,6.23,6.235
1680863400,6.23,6.24,6.22,6.23
1680865200,6.23,6.23,6.215,6.215
1680867000,6.215,6.225,6.215,6.215
1680868800,6.22,6.225,6.21,6.215
1680870600,6.22,6.27,6.215,6.25
1680872400,6.25,6.25,6.235,6.24
1680874200,6.24,6.255,6.235,6.25
1680876000,6.25,6.295,6.24,6.25
1680877800,6.24,6.29,6.225,6.27
1680879600,6.29,6.29,6.29,6.29
1681108200,6.3,6.3,6.3,6.3
1681110000,6.31,6.37,6.3,6.335
1681111800,6.335,6.345,6.31,6.315
1681113600,6.31,6.33,6.31,6.32
1681115400,6.325,6.385,6.32,6.35
1681117200,6.355,6.36,6.345,6.36
1681119000,6.35,6.38,6.35,6.36
1681120800,6.36,6.38,6.355,6.36
1681122600,6.36,6.375,6.35,6.37
1681124400,6.37,6.38,6.335,6.35
1681126200,6.35,6.42,6.345,6.415
1681128000,6.415,6.45,6.365,6.435
1681129800,6.43,6.43,6.39,6.4
1681131600,6.4,6.415,6.375,6.405
1681133400,6.405,6.415,6.4,6.405
1681135200,6.4,6.425,6.385,6.4
1681137000,6.4,6.425,6.39,6.425
1681138800,6.41,6.41,6.41,6.41
1681194600,6.42,6.42,6.42,6.42
1681196400,6.42,6.49,6.41,6.475
1681198200,6.475,6.53,6.465,6.475
1681200000,6.48,6.485,6.45,6.475
1681201800,6.475,6.49,6.45,6.46
1681203600,6.46,6.465,6.435,6.435
1681205400,6.44,6.44,6.42,6.425
1681207200,6.425,6.44,6.42,6.435
1681209000,6.435,6.445,6.425,6.425
1681210800,6.425,6.435,6.415,6.435
1681212600,6.43,6.455,6.42,6.44
1681214400,6.445,6.45,6.425,6.445
1681216200,6.45,6.47,6.445,6.445
1681218000,6.445,6.455,6.425,6.44
1681219800,6.445,6.535,6.43,6.52
1681221600,6.52,6.6,6.51,6.55
1681223400,6.55,6.6,6.545,6.595
1681225200,6.59,6.59,6.59,6.59
1681281000,6.64,6.64,6.64,6.64
1681282800,6.64,6.655,6.575,6.63
1681284600,6.625,6.63,6.575,6.61
1681286400,6.61,6.625,6.585,6.61
1681288200,6.61,6.615,6.58,6.59
1681290000,6.585,6.615,6.575,6.61
1681291800,6.61,6.61,6.585,6.6
1681293600,6.6,6.605,6.58,6.585
1681295400,6.585,6.59,6.555,6.575
1681297200,6.575,6.575,6.545,6.56
1681299000,6.56,6.575,6.535,6.54
1681300800,6.54,6.56,6.535,6.55
1681302600,6.55,6.595,6.55,6.575
1681304400,6.585,6.585,6.56,6.565
1681306200,6.56,6.565,6.53,6.54
1681308000,6.545,6.56,6.48,6.5
1681309800,6.5,6.535,6.465,6.49
1681311600,6.475,6.475,6.475,6.475
1681367400,6.49,6.49,6.49,6.49
1681369200,6.5,6.505,6.435,6.45
1681371000,6.45,6.49,6.44,6.455
1681372800,6.455,6.48,6.45,6.47
1681374600,6.475,6.475,6.44,6.455
1681376400,6.455,6.455,6.435,6.445
1681378200,6.445,6.455,6.435,6.445
1681380000,6.44,6.48,6.44,6.46
1681381800,6.47,6.485,6.455,6.465
1681383600,6.465,6.485,6.46,6.475
1681385400,6.475,6.485,6.425,6.445
1681387200,6.45,6.465,6.4,6.43
1681389000,6.43,6.44,6.42,6.43
1681390800,6.42,6.425,6.375,6.385
1681392600,6.385,6.4,6.37,6.395
1681394400,6.385,6.445,6.375,6.4
1681396200,6.415,6.415,6.335,6.36
1681398000,6.335,6.335,6.335,6.335
1681453800,6.325,6.325,6.325,6.325
1681455600,6.32,6.38,6.315,6.375
1681457400,6.375,6.395,6.37,6.385
1681459200,6.38,6.41,6.35,6.36
1681461000,6.35,6.375,6.35,6.355
1681462800,6.36,6.36,6.33,6.34
1681464600,6.34,6.345,6.33,6.335
1681466400,6.335,6.345,6.33,6.34
1681468200,6.335,6.38,6.325,6.375
1681470000,6.385,6.415,6.34,6.35
1681471800,6.345,6.37,6.34,6.36
1681473600,6.355,6.38,6.345,6.37
1681475400,6.37,6.38,6.325,6.345
1681477200,6.35,6.36,6.34,6.355
1681479000,6.355,6.38,6.33,6.365
1681480800,6.365,6.38,6.33,6.335
1681482600,6.34,6.34,6.255,6.27
1681484400,6.26,6.26,6.26,6.26
1681713000,6.27,6.27,6.27,6.27
1681714800,6.27,6.285,6.2,6.23
1681716600,6.225,6.245,6.19,6.22
1681718400,6.22,6.24,6.2,6.235
1681720200,6.245,6.245,6.205,6.23
1681722000,6.225,6.235,6.215,6.23
1681723800,6.23,6.25,6.225,6.245
1681725600,6.245,6.26,6.235,6.24
1681727400,6.245,6.245,6.215,6.22
1681729200,6.22,6.235,6.22,6.225
1681731000,6.23,6.235,6.21,6.22
1681732800,6.22,6.25,6.21,6.25
1681734600,6.24,6.255,6.225,6.25
1681736400,6.25,6.295,6.25,6.295
1681738200,6.295,6.295,6.255,6.255
1681740000,6.26,6.265,6.215,6.23
1681741800,6.23,6.24,6.215,6.22
1681743600,6.215,6.215,6.215,6.215
1681799400,6.235,6.235,6.235,6.235
1681801200,6.235,6.31,6.235,6.29
1681803000,6.28,6.295,6.225,6.225
1681804800,6.235,6.27,6.225,6.265
1681806600,6.265,6.275,6.215,6.215
1681808400,6.23,6.23,6.21,6.23
1681810200,6.22,6.245,6.215,6.225
1681812000,6.22,6.26,6.215,6.25
1681813800,6.245,6.26,6.24,6.25
1681815600,6.255,6.255,6.215,6.235
1681817400,6.235,6.245,6.23,6.245
1681819200,6.24,6.245,6.215,6.225
1681821000,6.225,6.24,6.215,6.22
1681822800,6.22,6.24,6.21,6.235
1681824600,6.235,6.335,6.23,6.33
1681826400,6.325,6.385,6.28,6.365
1681828200,6.36,6.385,6.335,6.335
1681830000,6.325,6.325,6.325,6.325
1681885800,6.325,6.325,6.325,6.325
1681887600,6.325,6.375,6.255,6.37
1681889400,6.365,6.395,6.33,6.345
1681891200,6.35,6.4,6.34,6.385
1681893000,6.38,6.385,6.31,6.315
1681894800,6.315,6.335,6.295,6.315
1681896600,6.325,6.345,6.3,6.305
1681898400,6.305,6.32,6.285,6.3
1681900200,6.3,6.305,6.29,6.305
1681902000,6.3,6.33,6.3,6.32
1681903800,6.32,6.33,6.265,6.27
1681905600,6.275,6.325,6.26,6.3
1681907400,6.3,6.315,6.3,6.3
1681909200,6.305,6.325,6.3,6.305
1681911000,6.31,6.31,6.3,6.305
1681912800,6.305,6.355,6.3,6.335
1681914600,6.32,6.345,6.275,6.295
1681916400,6.29,6.29,6.29,6.29
1681972200,6.295,6.295,6.295,6.295
1681974000,6.3,6.325,6.275,6.31
1681975800,6.31,6.325,6.275,6.31
1681977600,6.31,6.36,6.31,6.355
1681979400,6.35,6.35,6.29,6.295
1681981200,6.295,6.345,6.295,6.325
1681983000,6.285,6.285,6.285,6.285
1682317800,6.285,6.285,6.285,6.285
1682319600,6.29,6.325,6.265,6.315
1682321400,6.315,6.38,6.3,6.38
1682323200,6.38,6.415,6.365,6.395
1682325000,6.4,6.43,6.38,6.4
1682326800,6.395,6.43,6.39,6.395
1682328600,6.39,6.395,6.38,6.385
1682330400,6.385,6.42,6.38,6.42
1682332200,6.42,6.42,6.375,6.39
1682334000,6.39,6.395,6.375,6.395
1682335800,6.39,6.42,6.39,6.41
1682337600,6.41,6.415,6.385,6.395
1682339400,6.395,6.405,6.38,6.385
1682341200,6.38,6.41,6.37,6.395
1682343000,6.4,6.405,6.375,6.39
1682344800,6.39,6.42,6.385,6.4
1682346600,6.405,6.42,6.39,6.415
1682348400,6.405,6.405,6.405,6.405
1682404200,6.415,6.415,6.415,6.415
1682406000,6.415,6.535,6.36,6.37
1682407800,6.37,6.385,6.335,6.345
1682409600,6.34,6.385,6.335,6.37
1682411400,6.37,6.37,6.33,6.355
1682413200,6.35,6.365,6.33,6.36
1682415000,6.36,6.37,6.35,6.36
1682416800,6.355,6.395,6.34,6.395
1682418600,6.385,6.405,6.38,6.4
1682420400,6.4,6.42,6.375,6.4
1682422200,6.395,6.405,6.37,6.385
1682424000,6.385,6.41,6.385,6.41
1682425800,6.4,6.41,6.38,6.385
1682427600,6.38,6.39,6.34,6.375
1682429400,6.375,6.375,6.325,6.355
1682431200,6.35,6.415,6.325,6.33
1682433000,6.335,6.375,6.3,6.375
1682434800,6.35,6.35,6.35,6.35
1682490600,6.3,6.3,6.3,6.3
1682492400,6.3,6.385,6.3,6.34
1682494200,6.335,6.36,6.275,6.345
1682496000,6.345,6.39,6.335,6.355
1682497800,6.365,6.365,6.32,6.35
1682499600,6.35,6.35,6.33,6.345
1682501400,6.345,6.345,6.275,6.31
1682503200,6.305,6.34,6.305,6.325
1682505000,6.325,6.395,6.315,6.36
1682506800,6.36,6.375,6.335,6.34
1682508600,6.335,6.345,6.32,6.34
1682510400,6.335,6.34,6.295,6.295
1682512200,6.29,6.29,6.25,6.27
1682514000,6.27,6.3,6.235,6.25
1682515800,6.25,6.28,6.23,6.245
1682517600,6.25,6.295,6.2,6.28
1682519400,6.28,6.425,6.28,6.375
1682521200,6.385,6.385,6.385,6.385
1682577000,6.375,6.375,6.375,6.375
1682578800,6.375,6.4,6.34,6.375
1682580600,6.375,6.385,6.335,6.375
1682582400,6.385,6.425,6.365,6.375
1682584200,6.375,6.39,6.36,6.385
1682586000,6.38,6.39,6.37,6.38
1682587800,6.38,6.425,6.37,6.37
1682589600,6.375,6.39,6.365,6.38
1682591400,6.38,6.4,6.38,6.38
1682593200,6.38,6.4,6.38,6.4
1682595000,6.4,6.415,6.38,6.395
1682596800,6.4,6.41,6.39,6.4
1682598600,6.395,6.405,6.38,6.39
1682600400,6.39,6.415,6.385,6.4
1682602200,6.4,6.43,6.38,6.425
1682604000,6.425,6.44,6.405,6.425
1682605800,6.425,6.43,6.37,6.38
1682607600,6.36,6.36,6.36,6.36
1682663400,6.415,6.415,6.415,6.415
1682665200,6.415,6.425,6.37,6.41
1682667000,6.41,6.47,6.37,6.445
1682668800,6.435,6.61,6.42,6.56
1682670600,6.56,6.565,6.51,6.54
1682672400,6.535,6.545,6.48,6.49
1682674200,6.49,6.49,6.45,6.46
1682676000,6.46,6.485,6.42,6.43
1682677800,6.43,6.455,6.415,6.43
1682679600,6.43,6.43,6.37,6.38
1682681400,6.375,6.39,6.35,6.36
1682683200,6.355,6.395,6.33,6.365
1682685000,6.37,6.38,6.35,6.36
1682686800,6.36,6.405,6.345,6.345
1682688600,6.35,6.355,6.315,6.34
1682690400,6.34,6.425,6.315,6.34
1682692200,6.34,6.345,6.175,6.32
1682694000,6.295,6.295,6.295,6.295
1683009000,6.29,6.29,6.29,6.29
1683010800,6.29,6.33,6.265,6.28
1683012600,6.28,6.32,6.265,6.29
1683014400,6.285,6.295,6.27,6.29
1683016200,6.295,6.295,6.205,6.215
1683018000,6.21,6.255,6.18,6.185
1683019800,6.18,6.215,6.17,6.19
1683021600,6.185,6.275,6.18,6.27
1683023400,6.27,6.275,6.23,6.24
1683025200,6.24,6.285,6.215,6.275
1683027000,6.275,6.36,6.27,6.34
1683028800,6.345,6.4,6.335,6.375
1683030600,6.38,6.415,6.37,6.39
1683032400,6.39,6.395,6.36,6.375
1683034200,6.365,6.375,6.345,6.35
1683036000,6.355,6.355,6.25,6.27
1683037800,6.27,6.295,6.195,6.235
1683039600,6.25,6.25,6.25,6.25
1683095400,6.24,6.24,6.24,6.24
1683097200,6.245,6.295,6.205,6.23
1683099000,6.23,6.26,6.19,6.25
1683100800,6.25,6.255,6.15,6.19
1683102600,6.185,6.195,6.1,6.125
1683104400,6.12,6.22,6.115,6.205
1683106200,6.21,6.26,6.195,6.225
1683108000,6.225,6.225,6.17,6.195
1683109800,6.195,6.25,6.19,6.25
1683111600,6.24,6.27,6.235,6.235
1683113400,6.25,6.265,6.24,6.255
1683115200,6.26,6.285,6.235,6.245
1683117000,6.245,6.26,6.235,6.245
1683118800,6.245,6.26,6.235,6.245
1683120600,6.25,6.405,6.25,6.385
1683122400,6.39,6.395,6.325,6.335
1683124200,6.33,6.335,6.275,6.325
1683126000,6.3,6.3,6.3,6.3
1683181800,6.275,6.275,6.275,6.275
1683183600,6.275,6.36,6.265,6.295
1683185400,6.295,6.37,6.295,6.37
1683187200,6.365,6.375,6.32,6.345
1683189000,6.345,6.375,6.325,6.325
1683190800,6.335,6.37,6.32,6.33
1683192600,6.33,6.39,6.32,6.37
1683194400,6.37,6.375,6.32,6.32
1683196200,6.32,6.37,6.31,6.355
1683198000,6.36,6.41,6.315,6.355
1683199800,6.355,6.37,6.335,6.345
1683201600,6.35,6.38,6.325,6.34
1683203400,6.34,6.355,6.32,6.335
1683205200,6.33,6.34,6.3,6.305
1683207000,6.305,6.31,6.255,6.27
1683208800,6.265,6.3,6.245,6.27
1683210600,6.26,6.315,6.25,6.285
1683212400,6.29,6.29,6.29,6.29
1683268200,6.305,6.305,6.305,6.305
1683270000,6.31,6.355,6.255,6.275
1683271800,6.285,6.29,6.265,6.285
1683273600,6.28,6.31,6.265,6.285
1683275400,6.29,6.295,6.27,6.285
1683277200,6.28,6.29,6.275,6.28
1683279000,6.28,6.285,6.27,6.28
1683280800,6.28,6.285,6.27,6.275
1683282600,6.27,6.285,6.27,6.27
1683284400,6.27,6.29,6.27,6.28
1683286200,6.28,6.285,6.265,6.28
1683288000,6.28,6.285,6.26,6.28
1683289800,6.275,6.28,6.26,6.265
1683291600,6.265,6.28,6.25,6.27
1683293400,6.27,6.28,6.255,6.265
1683295200,6.265,6.29,6.265,6.275
1683297000,6.275,6.295,6.27,6.29
1683298800,6.28,6.28,6.28,6.28
1683527400,6.305,6.305,6.305,6.305
1683529200,6.305,6.375,6.285,6.31
1683531000,6.31,6.345,6.305,6.32
1683532800,6.315,6.315,6.29,6.295
1683534600,6.29,6.305,6.285,6.305
1683536400,6.305,6.31,6.29,6.3
1683538200,6.3,6.3,6.285,6.29
1683540000,6.295,6.315,6.29,6.305
1683541800,6.315,6.335,6.315,6.325
1683543600,6.325,6.345,6.315,6.345
1683545400,6.345,6.345,6.31,6.345
1683547200,6.35,6.35,6.325,6.34
1683549000,6.345,6.37,6.335,6.355
1683550800,6.365,6.435,6.365,6.415
1683552600,6.415,6.435,6.385,6.415
1683554400,6.415,6.42,6.37,6.38
1683556200,6.38,6.605,6.375,6.57
1683558000,6.56,6.56,6.56,6.56
1683613800,6.6,6.6,6.6,6.6
1683615600,6.605,6.91,6.6,6.835
1683617400,6.83,6.875,6.665,6.695
1683619200,6.695,6.77,6.665,6.765
1683621000,6.76,6.785,6.745,6.78
1683622800,6.78,6.785,6.74,6.77
1683624600,6.77,6.83,6.69,6.74
1683626400,6.745,6.775,6.725,6.755
1683628200,6.75,6.785,6.735,6.775
1683630000,6.775,6.815,6.755,6.805
1683631800,6.805,6.84,6.785,6.81
1683633600,6.81,6.86,6.785,6.845
1683635400,6.845,6.85,6.785,6.8
1683637200,6.8,6.89,6.795,6.87
1683639000,6.87,6.9,6.81,6.88
1683640800,6.88,6.96,6.84,6.855
1683642600,6.86,6.99,6.84,6.985
1683644400,6.96,6.96,6.96,6.96
1683700200,6.98,6.98,6.98,6.98
1683702000,6.985,7.015,6.94,6.95
1683703800,6.945,7.005,6.935,6.995
1683705600,6.995,7.025,6.96,6.965
1683707400,6.965,6.97,6.945,6.95
1683709200,6.94,6.97,6.935,6.965
1683711000,6.96,6.985,6.945,6.975
1683712800,6.97,6.99,6.96,6.975
1683714600,6.975,6.985,6.965,6.98
1683716400,6.97,6.99,6.955,6.975
1683718200,6.985,7.03,6.98,7.02
1683720000,7.02,7.025,6.995,7.025
1683721800,7.025,7.065,7.02,7.045
1683723600,7.045,7.045,6.995,7.015
1683725400,7.015,7.015,6.995,7
1683727200,6.995,7.015,6.99,7.005
1683729000,7.005,7.08,7,7.06
1683730800,7.04,7.04,7.04,7.04
1683786600,7.11,7.11,7.11,7.11
1683788400,7.095,7.125,7.025,7.115
1683790200,7.115,7.165,7.095,7.14
1683792000,7.135,7.18,7.13,7.15
1683793800,7.155,7.26,7.105,7.24
1683795600,7.24,7.285,7.155,7.17
1683797400,7.17,7.24,7.095,7.12
1683799200,7.12,7.13,7,7.115
1683801000,7.115,7.12,7.06,7.08
1683802800,7.08,7.48,7.025,7.425
1683804600,7.425,7.48,7.365,7.39
1683806400,7.39,7.475,7.34,7.435
1683808200,7.435,7.73,7.435,7.72
1683810000,7.72,7.72,7.66,7.685
1683811800,7.695,7.74,7.57,7.685
1683813600,7.69,7.74,7.66,7.72
1683815400,7.725,7.74,7.71,7.725
1683817200,7.7,7.7,7.7,7.7
1683873000,7.775,7.775,7.775,7.775
1683874800,7.78,8.07,7.7,7.84
1683876600,7.84,7.93,7.79,7.885
1683878400,7.875,7.885,7.81,7.87
1683880200,7.875,7.935,7.8,7.82
1683882000,7.815,7.835,7.755,7.815
1683883800,7.82,7.89,7.785,7.885
1683885600,7.88,7.99,7.84,7.965
1683887400,7.965,8.05,7.95,7.98
1683889200,7.985,7.995,7.885,7.89
1683891000,7.89,7.89,7.82,7.875
1683892800,7.875,7.885,7.805,7.83
1683894600,7.835,7.87,7.825,7.845
1683896400,7.85,7.91,7.84,7.865
1683898200,7.865,7.87,7.63,7.715
1683900000,7.715,7.79,7.66,7.68
1683901800,7.685,7.79,7.57,7.67
1683903600,7.635,7.635,7.635,7.635
1684132200,6.875,6.875,6.875,6.875
1684134000,6.875,6.875,6.875,6.875
1684135800,6.875,6.875,6.875,6.875
1684137600,6.875,6.875,6.875,6.875
1684139400,6.875,6.875,6.875,6.875
1684141200,6.875,6.875,6.875,6.875
1684143000,6.875,6.875,6.875,6.875
1684144800,6.875,6.875,6.875,6.875
1684146600,6.875,6.875,6.875,6.875
1684148400,6.875,6.875,6.875,6.875
1684150200,6.875,6.875,6.875,6.875
1684152000,6.875,6.875,6.875,6.875
1684153800,6.875,6.875,6.875,6.875
1684155600,6.875,6.875,6.875,6.875
1684157400,6.875,6.875,6.875,6.875
1684159200,6.875,6.875,6.875,6.875
1684161000,6.875,6.875,6.875,6.875
1684162800,6.875,6.875,6.875,6.875
1684218600,6.19,6.19,6.19,6.19
1684220400,6.19,6.27,6.19,6.19
1684222200,6.19,6.235,6.19,6.19
1684224000,6.19,6.19,6.19,6.19
1684225800,6.19,6.19,6.19,6.19
1684227600,6.19,6.19,6.19,6.19
1684229400,6.19,6.19,6.19,6.19
1684231200,6.19,6.19,6.19,6.19
1684233000,6.19,6.19,6.19,6.19
1684234800,6.19,6.225,6.19,6.19
1684236600,6.19,6.215,6.19,6.19
1684238400,6.19,6.2,6.19,6.19
1684240200,6.19,6.19,6.19,6.19
1684242000,6.19,6.19,6.19,6.19
1684243800,6.19,6.19,6.19,6.19
1684245600,6.19,6.205,6.19,6.19
1684247400,6.19,6.195,6.19,6.19
1684249200,6.19,6.19,6.19,6.19
1684305000,6.235,6.235,6.235,6.235
1684306800,6.24,6.28,6.075,6.11
1684308600,6.11,6.16,6.105,6.155
1684310400,6.155,6.205,6.115,6.185
1684312200,6.185,6.19,6.145,6.15
1684314000,6.15,6.195,6.12,6.19
1684315800,6.195,6.195,6.145,6.155
1684317600,6.155,6.2,6.15,6.18
1684319400,6.18,6.185,6.145,6.155
1684321200,6.15,6.17,6.13,6.17
1684323000,6.17,6.195,6.15,6.18
1684324800,6.18,6.21,6.175,6.195
1684326600,6.19,6.205,6.18,6.195
1684328400,6.2,6.21,6.16,6.17
1684330200,6.165,6.19,6.155,6.19
1684332000,6.19,6.22,6.185,6.21
1684333800,6.21,6.235,6.18,6.19
1684335600,6.195,6.195,6.195,6.195
1684391400,6.21,6.21,6.21,6.21
1684393200,6.205,6.35,6.205,6.33
1684395000,6.335,6.34,6.235,6.24
1684396800,6.245,6.25,6.12,6.17
1684398600,6.16,6.21,6.15,6.19
1684400400,6.19,6.21,6.16,6.185
1684402200,6.18,6.2,6.17,6.18
1684404000,6.18,6.19,6.17,6.18
1684405800,6.175,6.22,6.17,6.195
1684407600,6.195,6.21,6.165,6.17
1684409400,6.165,6.175,6.14,6.155
1684411200,6.15,6.16,5.98,6.07
1684413000,6.07,6.125,6.025,6.065
1684414800,6.065,6.105,6.045,6.095
1684416600,6.09,6.1,6.07,6.1
1684418400,6.095,6.11,6.085,6.095
1684420200,6.095,6.105,6.055,6.08
1684422000,6.08,6.1,6.08,6.1
1684737000,6.125,6.125,6.125,6.125
1684738800,6.125,6.165,6.07,6.075
1684740600,6.075,6.12,6.065,6.08
1684742400,6.09,6.13,6.07,6.095
1684744200,6.1,6.12,6.085,6.095
1684746000,6.105,6.11,6.085,6.095
1684747800,6.09,6.105,6.08,6.095
1684749600,6.09,6.11,6.075,6.085
1684751400,6.08,6.085,6.045,6.05
1684753200,6.05,6.065,6.04,6.055
1684755000,6.055,6.09,6.02,6.055
1684756800,6.06,6.07,6.035,6.045
1684758600,6.045,6.05,5.99,6.01
1684760400,6.01,6.04,6.005,6.01
1684762200,6.01,6.02,5.995,6.005
1684764000,6.005,6.01,5.9,5.94
1684765800,5.94,6.005,5.905,5.905
1684767600,5.915,5.915,5.915,5.915
1684823400,5.83,5.83,5.83,5.83
1684825200,5.83,5.84,5.78,5.79
1684827000,5.79,5.81,5.745,5.795
1684828800,5.79,5.8,5.775,5.785
1684830600,5.775,5.8,5.765,5.78
1684832400,5.785,5.795,5.77,5.775
1684834200,5.775,5.78,5.755,5.77
1684836000,5.765,5.785,5.76,5.765
1684837800,5.765,5.78,5.76,5.77
1684839600,5.77,5.79,5.76,5.78
1684841400,5.78,5.785,5.75,5.755
1684843200,5.75,5.79,5.745,5.755
1684845000,5.755,5.845,5.755,5.805
1684846800,5.805,5.805,5.775,5.785
1684848600,5.78,5.78,5.76,5.765
1684850400,5.765,5.765,5.755,5.76
1684852200,5.76,5.77,5.75,5.75
1684854000,5.755,5.755,5.755,5.755
1684909800,5.77,5.77,5.77,5.77
1684911600,5.77,5.78,5.715,5.725
1684913400,5.725,5.765,5.715,5.755
1684915200,5.755,5.775,5.745,5.77
1684917000,5.77,5.86,5.765,5.8
1684918800,5.795,5.8,5.785,5.79
1684920600,5.79,5.8,5.77,5.795
1684922400,5.79,5.795,5.745,5.755
1684924200,5.76,5.795,5.745,5.77
1684926000,5.77,5.815,5.77,5.795
1684927800,5.795,5.85,5.775,5.835
1684929600,5.83,5.89,5.825,5.845
1684931400,5.85,5.86,5.815,5.82
1684933200,5.82,5.915,5.815,5.9
1684935000,5.9,5.915,5.875,5.905
1684936800,5.905,5.91,5.885,5.91
1684938600,5.91,5.925,5.88,5.905
1684940400,5.905,5.905,5.905,5.905
1684996200,5.91,5.91,5.91,5.91
1684998000,5.905,5.94,5.855,5.89
1684999800,5.88,5.9,5.87,5.89
1685001600,5.89,5.91,5.865,5.91
1685003400,5.91,5.915,5.875,5.885
1685005200,5.885,5.905,5.875,5.885
1685007000,5.885,5.9,5.88,5.895
1685008800,5.9,5.905,5.89,5.905
1685010600,5.905,5.905,5.875,5.88
1685012400,5.88,5.89,5.875,5.885
1685014200,5.88,5.895,5.855,5.865
1685016000,5.86,5.875,5.845,5.87
1685017800,5.87,5.885,5.855,5.87
1685019600,5.87,5.895,5.855,5.885
1685021400,5.885,5.915,5.86,5.91
1685023200,5.915,5.92,5.89,5.9
1685025000,5.905,5.945,5.89,5.94
1685026800,5.915,5.915,5.915,5.915
1685082600,5.9,5.9,5.9,5.9
1685084400,5.9,5.91,5.88,5.905
1685086200,5.9,5.915,5.885,5.905
1685088000,5.905,5.91,5.875,5.875
1685089800,5.885,5.885,5.845,5.865
1685091600,5.86,5.87,5.795,5.845
1685093400,5.845,5.875,5.845,5.855
1685095200,5.855,5.905,5.84,5.855
1685097000,5.855,5.91,5.85,5.87
1685098800,5.865,5.91,5.86,5.905
1685100600,5.9,5.915,5.875,5.88
1685102400,5.885,5.915,5.87,5.9
1685104200,5.905,5.915,5.875,5.895
1685106000,5.895,5.905,5.88,5.9
1685107800,5.9,5.91,5.885,5.895
1685109600,5.895,5.925,5.885,5.92
1685111400,5.93,5.96,5.87,5.91
1685113200,5.905,5.905,5.905,5.905
1685341800,5.895,5.895,5.895,5.895
1685343600,5.89,5.92,5.695,5.79
1685345400,5.79,5.9,5.785,5.885
1685347200,5.885,5.905,5.84,5.85
1685349000,5.85,5.855,5.74,5.81
1685350800,5.81,5.855,5.81,5.845
1685352600,5.845,5.875,5.835,5.855
1685354400,5.855,5.865,5.84,5.85
1685356200,5.845,5.85,5.81,5.815
1685358000,5.82,5.84,5.795,5.83
1685359800,5.83,5.84,5.795,5.805
1685361600,5.81,5.81,5.795,5.795
1685363400,5.8,5.8,5.77,5.785
1685365200,5.79,5.81,5.78,5.805
1685367000,5.81,5.815,5.785,5.785
1685368800,5.79,5.79,5.735,5.75
1685370600,5.75,5.765,5.735,5.75
1685372400,5.745,5.745,5.745,5.745
1685428200,5.785,5.785,5.785,5.785
1685430000,5.785,5.88,5.745,5.87
1685431800,5.87,5.885,5.83,5.835
1685433600,5.835,5.85,5.795,5.835
1685435400,5.83,5.855,5.825,5.83
1685437200,5.83,5.84,5.82,5.835
1685439000,5.83,5.875,5.825,5.87
1685440800,5.87,5.875,5.835,5.835
1685442600,5.84,5.855,5.83,5.845
1685444400,5.845,5.86,5.84,5.855
1685446200,5.86,5.925,5.85,5.905
1685448000,5.905,5.91,5.87,5.89
1685449800,5.885,5.9,5.875,5.885
1685451600,5.89,5.905,5.875,5.885
1685453400,5.89,5.91,5.88,5.895
1685455200,5.9,5.905,5.88,5.89
1685457000,5.885,5.9,5.875,5.885
1685458800,5.875,5.875,5.875,5.875
1685514600,5.9,5.9,5.9,5.9
1685516400,5.9,5.96,5.865,5.92
1685518200,5.915,5.925,5.895,5.92
1685520000,5.92,5.93,5.91,5.915
1685521800,5.91,5.92,5.86,5.875
1685523600,5.87,5.88,5.85,5.855
1685525400,5.855,5.875,5.855,5.86
1685527200,5.855,5.875,5.85,5.86
1685529000,5.855,5.865,5.85,5.855
1685530800,5.855,5.905,5.85,5.89
1685532600,5.895,5.94,5.87,5.89
1685534400,5.89,5.895,5.865,5.87
1685536200,5.865,5.87,5.86,5.86
1685538000,5.865,5.915,5.86,5.895
1685539800,5.895,5.895,5.86,5.87
1685541600,5.865,5.87,5.84,5.855
1685543400,5.855,5.875,5.84,5.865
1685545200,5.82,5.82,5.82,5.82
1685601000,5.865,5.865,5.865,5.865
1685602800,5.87,5.94,5.865,5.92
1685604600,5.915,5.935,5.91,5.935
1685606400,5.93,5.935,5.87,5.875
1685608200,5.875,5.89,5.875,5.88
1685610000,5.885,5.9,5.88,5.88
1685611800,5.88,5.89,5.87,5.875
1685613600,5.875,5.89,5.87,5.885
1685615400,5.885,5.89,5.875,5.89
1685617200,5.89,5.9,5.845,5.85
1685619000,5.85,5.925,5.85,5.9
1685620800,5.9,5.915,5.885,5.9
1685622600,5.9,5.91,5.88,5.895
1685624400,5.89,5.91,5.885,5.89
1685626200,5.89,5.895,5.875,5.88
1685628000,5.88,5.89,5.865,5.88
1685629800,5.88,5.89,5.865,5.87
1685631600,5.875,5.875,5.875,5.875
1685687400,5.93,5.93,5.93,5.93
1685689200,5.935,6.005,5.91,5.96
1685691000,5.955,5.965,5.94,5.96
1685692800,5.96,5.98,5.945,5.955
1685694600,5.95,5.97,5.95,5.97
1685696400,5.97,5.975,5.955,5.96
1685698200,5.955,5.96,5.935,5.94
1685700000,5.94,5.95,5.925,5.93
1685701800,5.925,5.935,5.91,5.93
1685703600,5.93,5.935,5.92,5.925
1685705400,5.93,5.93,5.915,5.92
1685707200,5.92,5.93,5.915,5.925
1685709000,5.92,5.94,5.92,5.94
1685710800,5.94,5.965,5.925,5.925
1685712600,5.93,5.95,5.915,5.945
1685714400,5.945,6.06,5.945,6.045
1685716200,6.05,6.085,6.025,6.045
1685718000,6.04,6.04,6.04,6.04
1685946600,6.15,6.15,6.15,6.15
1685948400,6.155,6.185,6.105,6.14
1685950200,6.14,6.175,6.105,6.15
1685952000,6.15,6.22,6.15,6.22
1685953800,6.215,6.325,6.21,6.28
1685955600,6.275,6.285,6.245,6.27
1685957400,6.275,6.295,6.265,6.275
1685959200,6.275,6.275,6.235,6.245
1685961000,6.245,6.3,6.235,6.28
1685962800,6.28,6.325,6.255,6.31
1685964600,6.31,6.32,6.275,6.275
1685966400,6.275,6.29,6.265,6.285
1685968200,6.29,6.29,6.25,6.27
1685970000,6.275,6.335,6.26,6.33
1685971800,6.335,6.475,6.32,6.42
1685973600,6.42,6.5,6.395,6.425
1685975400,6.42,6.43,6.355,6.385
1685977200,6.37,6.37,6.37,6.37
1686033000,6.4,6.4,6.4,6.4
1686034800,6.4,6.555,6.32,6.535
1686036600,6.53,6.535,6.45,6.455
1686038400,6.455,6.52,6.44,6.515
1686040200,6.52,6.545,6.51,6.54
1686042000,6.545,6.595,6.46,6.475
1686043800,6.475,6.48,6.4,6.415
1686045600,6.41,6.46,6.39,6.42
1686047400,6.415,6.465,6.415,6.44
1686049200,6.44,6.45,6.41,6.435
1686051000,6.44,6.46,6.435,6.46
1686052800,6.455,6.495,6.445,6.445
1686054600,6.445,6.465,6.435,6.44
1686056400,6.44,6.475,6.44,6.465
1686058200,6.465,6.475,6.425,6.43
1686060000,6.43,6.475,6.43,6.47
1686061800,6.47,6.475,6.405,6.41
1686063600,6.415,6.415,6.41,6.41
1686119400,6.5,6.5,6.5,6.5
1686121200,6.505,6.595,6.45,6.475
1686123000,6.475,6.5,6.445,6.495
1686124800,6.49,6.58,6.49,6.575
1686126600,6.575,6.63,6.57,6.585
1686128400,6.585,6.62,6.555,6.565
1686130200,6.565,6.565,6.535,6.56
1686132000,6.555,6.61,6.545,6.59
1686133800,6.595,6.61,6.545,6.57
1686135600,6.575,6.58,6.515,6.53
1686137400,6.515,6.56,6.515,6.555
1686139200,6.56,6.57,6.545,6.57
1686141000,6.57,6.615,6.55,6.615
1686142800,6.61,6.625,6.6,6.62
1686144600,6.625,6.685,6.605,6.665
1686146400,6.665,6.715,6.65,6.69
1686148200,6.69,6.705,6.65,6.675
1686150000,6.665,6.665,6.665,6.665
1686205800,6.65,6.65,6.65,6.65
1686207600,6.64,6.66,6.525,6.57
1686209400,6.575,6.65,6.57,6.605
1686211200,6.6,6.615,6.585,6.61
1686213000,6.605,6.65,6.57,6.64
1686214800,6.635,6.715,6.635,6.7
1686216600,6.705,6.705,6.65,6.67
1686218400,6.675,6.685,6.66,6.685
1686220200,6.685,6.69,6.63,6.63
1686222000,6.63,6.65,6.6,6.61
1686223800,6.61,6.64,6.57,6.575
1686225600,6.575,6.605,6.56,6.58
1686227400,6.58,6.6,6.535,6.545
1686229200,6.55,6.56,6.515,6.545
1686231000,6.545,6.585,6.545,6.56
1686232800,6.565,6.59,6.555,6.57
1686234600,6.575,6.59,6.515,6.56
1686236400,6.625,6.625,6.625,6.625
1686292200,6.685,6.685,6.685,6.685
1686294000,6.685,6.705,6.595,6.61
1686295800,6.61,6.67,6.605,6.645
1686297600,6.65,6.65,6.625,6.63
1686299400,6.625,6.645,6.6,6.635
1686301200,6.635,6.64,6.61,6.625
1686303000,6.62,6.635,6.59,6.605
1686304800,6.605,6.61,6.595,6.605
1686306600,6.605,6.61,6.585,6.595
1686308400,6.6,6.625,6.585,6.615
1686310200,6.615,6.63,6.615,6.615
1686312000,6.615,6.645,6.61,6.63
1686313800,6.63,6.64,6.625,6.63
1686315600,6.63,6.775,6.63,6.7
1686317400,6.705,6.715,6.655,6.68
1686319200,6.68,6.69,6.595,6.63
1686321000,6.63,6.695,6.615,6.685
1686322800,6.69,6.69,6.69,6.69
1686551400,6.715,6.715,6.715,6.715
1686553200,6.715,6.78,6.705,6.73
1686555000,6.73,6.74,6.685,6.73
1686556800,6.73,6.76,6.715,6.73
1686558600,6.725,6.74,6.715,6.73
1686560400,6.735,6.75,6.71,6.75
1686562200,6.75,6.825,6.74,6.785
1686564000,6.785,6.8,6.755,6.785
1686565800,6.785,6.805,6.765,6.765
1686567600,6.77,6.79,6.76,6.77
1686569400,6.77,6.815,6.75,6.765
1686571200,6.77,6.79,6.755,6.77
1686573000,6.765,6.775,6.73,6.76
1686574800,6.75,6.8,6.725,6.775
1686576600,6.775,6.795,6.765,6.795
1686578400,6.795,6.8,6.745,6.775
1686580200,6.775,6.79,6.71,6.735
1686582000,6.715,6.715,6.715,6.715
1686637800,6.705,6.705,6.705,6.705
1686639600,6.705,6.79,6.7,6.79
1686641400,6.785,6.81,6.695,6.7
1686643200,6.7,6.7,6.66,6.685
1686645000,6.68,6.745,6.675,6.745
1686646800,6.74,6.745,6.695,6.695
1686648600,6.7,6.725,6.695,6.725
1686650400,6.72,6.755,6.705,6.71
1686652200,6.71,6.73,6.7,6.71
1686654000,6.71,6.725,6.705,6.72
1686655800,6.715,6.725,6.71,6.725
1686657600,6.72,6.725,6.695,6.71
1686659400,6.71,6.73,6.705,6.725
1686661200,6.725,6.76,6.725,6.735
1686663000,6.735,6.735,6.705,6.705
1686664800,6.705,6.72,6.645,6.65
1686666600,6.655,6.715,6.65,6.68
1686668400,6.66,6.66,6.66,6.66
1686724200,6.665,6.665,6.665,6.665
1686726000,6.67,6.73,6.63,6.695
1686727800,6.69,6.715,6.67,6.695
1686729600,6.695,6.7,6.62,6.62
1686731400,6.62,6.665,6.615,6.64
1686733200,6.64,6.645,6.595,6.61
1686735000,6.615,6.655,6.595,6.625
1686736800,6.635,6.67,6.605,6.655
1686738600,6.655,6.675,6.645,6.655
1686740400,6.65,6.67,6.605,6.63
1686742200,6.63,6.665,6.63,6.655
1686744000,6.66,6.715,6.655,6.695
1686745800,6.7,6.79,6.695,6.745
1686747600,6.745,6.815,6.73,6.785
1686749400,6.785,6.825,6.775,6.78
1686751200,6.78,6.82,6.77,6.81
1686753000,6.805,6.81,6.755,6.8
1686754800,6.81,6.81,6.81,6.81
1686810600,6.87,6.87,6.87,6.87
1686812400,6.87,6.89,6.83,6.83
1686814200,6.83,6.88,6.82,6.87
1686816000,6.875,6.9,6.825,6.855
1686817800,6.855,6.855,6.805,6.81
1686819600,6.805,6.83,6.78,6.78
1686821400,6.78,6.79,6.745,6.755
1686823200,6.755,6.76,6.74,6.75
1686825000,6.75,6.755,6.72,6.745
1686826800,6.74,6.765,6.735,6.755
1686828600,6.755,6.755,6.69,6.7
1686830400,6.695,6.7,6.665,6.675
1686832200,6.675,6.7,6.66,6.675
1686834000,6.675,6.68,6.61,6.62
1686835800,6.625,6.64,6.6,6.615
1686837600,6.61,6.635,6.555,6.575
1686839400,6.58,6.625,6.56,6.6
1686841200,6.6,6.6,6.6,6.6
1686897000,6.65,6.65,6.65,6.65
1686898800,6.655,6.695,6.63,6.67
1686900600,6.67,6.705,6.66,6.69
1686902400,6.685,6.715,6.665,6.67
1686904200,6.665,6.68,6.665,6.67
1686906000,6.665,6.67,6.635,6.64
1686907800,6.635,6.635,6.595,6.6
1686909600,6.595,6.625,6.595,6.605
1686911400,6.605,6.625,6.59,6.605
1686913200,6.605,6.62,6.6,6.61
1686915000,6.605,6.605,6.555,6.555
1686916800,6.56,6.56,6.52,6.55
1686918600,6.55,6.565,6.54,6.555
1686920400,6.555,6.565,6.535,6.54
1686922200,6.545,6.56,6.525,6.53
1686924000,6.53,6.54,6.485,6.505
1686925800,6.5,6.535,6.495,6.53
1686927600,6.48,6.48,6.48,6.48
1687156200,6.485,6.485,6.485,6.485
1687158000,6.485,6.56,6.455,6.535
1687159800,6.53,6.55,6.505,6.52
1687161600,6.515,6.555,6.49,6.52
1687163400,6.52,6.55,6.51,6.53
1687165200,6.53,6.55,6.525,6.535
1687167000,6.53,6.55,6.515,6.515
1687168800,6.515,6.515,6.49,6.495
1687170600,6.49,6.505,6.485,6.5
1687172400,6.495,6.505,6.475,6.485
1687174200,6.485,6.49,6.475,6.48
1687176000,6.485,6.485,6.45,6.455
1687177800,6.455,6.48,6.44,6.455
1687179600,6.45,6.485,6.445,6.465
1687181400,6.465,6.475,6.445,6.475
1687183200,6.47,6.485,6.43,6.43
1687185000,6.43,6.445,6.38,6.405
1687186800,6.385,6.385,6.385,6.385
1687242600,6.385,6.385,6.385,6.385
1687244400,6.38,6.425,6.345,6.4
1687246200,6.395,6.45,6.395,6.425
1687248000,6.425,6.445,6.345,6.35
1687249800,6.345,6.38,6.335,6.37
1687251600,6.37,6.425,6.37,6.425
1687253400,6.425,6.425,6.365,6.37
1687255200,6.365,6.39,6.35,6.36
1687257000,6.355,6.415,6.355,6.415
1687258800,6.415,6.43,6.37,6.385
1687260600,6.38,6.41,6.355,6.37
1687262400,6.37,6.39,6.365,6.37
1687264200,6.365,6.38,6.345,6.35
1687266000,6.345,6.37,6.335,6.365
1687267800,6.365,6.375,6.335,6.34
1687269600,6.345,6.345,6.325,6.33
1687271400,6.33,6.39,6.325,6.385
1687273200,6.4,6.4,6.4,6.4
1687329000,6.455,6.455,6.455,6.455
1687330800,6.455,6.485,6.395,6.415
1687332600,6.41,6.44,6.39,6.395
1687334400,6.395,6.425,6.395,6.415
1687336200,6.415,6.425,6.375,6.385
1687338000,6.385,6.435,6.38,6.415
1687339800,6.42,6.43,6.385,6.4
1687341600,6.4,6.4,6.36,6.375
1687343400,6.37,6.37,6.315,6.33
1687345200,6.33,6.33,6.285,6.31
1687347000,6.31,6.34,6.3,6.34
1687348800,6.335,6.34,6.32,6.32
1687350600,6.32,6.335,6.31,6.32
1687352400,6.325,6.33,6.31,6.325
1687354200,6.325,6.365,6.32,6.34
1687356000,6.34,6.365,6.33,6.335
1687357800,6.335,6.375,6.325,6.365
1687359600,6.365,6.365,6.365,6.365
1687415400,6.38,6.38,6.38,6.38
1687417200,6.38,6.415,6.35,6.4
1687419000,6.395,6.415,6.355,6.37
1687420800,6.37,6.38,6.355,6.38
1687422600,6.38,6.39,6.315,6.335
1687424400,6.335,6.335,6.28,6.285
1687426200,6.29,6.32,6.285,6.305
1687428000,6.305,6.325,6.3,6.31
1687429800,6.31,6.315,6.29,6.295
1687431600,6.295,6.36,6.245,6.32
1687433400,6.325,6.365,6.28,6.36
1687435200,6.36,6.415,6.36,6.41
1687437000,6.405,6.52,6.405,6.465
1687438800,6.47,6.51,6.44,6.44
1687440600,6.44,6.465,6.385,6.465
1687442400,6.465,6.5,6.46,6.495
1687444200,6.5,6.515,6.45,6.51
1687446000,6.5,6.5,6.5,6.5
1687501800,6.56,6.56,6.56,6.56
1687503600,6.565,6.64,6.55,6.61
1687505400,6.605,6.63,6.585,6.605
1687507200,6.6,6.61,6.56,6.61
1687509000,6.61,6.63,6.6,6.605
1687510800,6.605,6.64,6.605,6.64
1687512600,6.64,6.645,6.605,6.62
1687514400,6.615,6.63,6.605,6.62
1687516200,6.625,6.645,6.605,6.605
1687518000,6.605,6.625,6.605,6.615
1687519800,6.615,6.68,6.61,6.68
1687521600,6.68,6.68,6.64,6.645
1687523400,6.645,6.68,6.61,6.655
1687525200,6.655,6.67,6.635,6.66
1687527000,6.66,6.66,6.63,6.65
1687528800,6.655,6.655,6.625,6.645
1687530600,6.65,6.655,6.605,6.62
1687532400,6.61,6.61,6.61,6.61
1687761000,6.615,6.615,6.615,6.615
1687762800,6.615,6.65,6.54,6.65
1687764600,6.65,6.65,6.595,6.625
1687766400,6.625,6.675,6.625,6.655
1687768200,6.655,6.705,6.65,6.69
1687770000,6.69,6.71,6.675,6.685
1687771800,6.685,6.715,6.675,6.695
1687773600,6.7,6.705,6.68,6.695
1687775400,6.695,6.72,6.69,6.72
1687777200,6.72,6.725,6.665,6.68
1687779000,6.68,6.695,6.67,6.69
1687780800,6.69,6.69,6.665,6.675
1687782600,6.675,6.68,6.65,6.66
1687784400,6.66,6.685,6.66,6.67
1687786200,6.67,6.675,6.65,6.66
1687788000,6.66,6.67,6.65,6.665
1687789800,6.66,6.745,6.655,6.695
1687791600,6.68,6.68,6.68,6.68
1687847400,6.69,6.69,6.69,6.69
1687849200,6.685,6.69,6.635,6.65
1687851000,6.65,6.67,6.63,6.635
1687852800,6.64,6.66,6.63,6.655
1687854600,6.655,6.665,6.625,6.635
1687856400,6.635,6.66,6.615,6.625
1687858200,6.635,6.635,6.635,6.635
1688365800,6.68,6.68,6.68,6.68
1688367600,6.685,6.765,6.68,6.75
1688369400,6.745,6.86,6.73,6.835
1688371200,6.835,6.865,6.82,6.83
1688373000,6.83,7.055,6.82,6.875
1688374800,6.875,6.895,6.84,6.885
1688376600,6.895,6.9,6.865,6.88
1688378400,6.88,6.92,6.87,6.88
1688380200,6.875,6.89,6.855,6.88
1688382000,6.88,6.885,6.83,6.83
1688383800,6.83,6.86,6.815,6.845
1688385600,6.845,6.85,6.805,6.82
1688387400,6.82,6.825,6.785,6.795
1688389200,6.795,6.855,6.79,6.84
1688391000,6.835,6.85,6.815,6.83
1688392800,6.825,6.84,6.815,6.835
1688394600,6.835,6.85,6.8,6.83
1688396400,6.82,6.82,6.82,6.82
1688452200,6.85,6.85,6.85,6.85
1688454000,6.85,6.92,6.8,6.91
1688455800,6.915,6.995,6.875,6.92
1688457600,6.92,6.93,6.875,6.895
1688459400,6.9,6.91,6.885,6.89
1688461200,6.895,6.91,6.88,6.895
1688463000,6.895,6.905,6.88,6.895
1688464800,6.895,6.915,6.89,6.91
1688466600,6.91,7.03,6.91,6.995
1688468400,6.995,7.135,6.995,7.08
1688470200,7.085,7.14,7.08,7.125
1688472000,7.125,7.255,7.095,7.25
1688473800,7.24,7.26,7.17,7.205
1688475600,7.21,7.22,7.135,7.2
1688477400,7.2,7.21,7.18,7.195
1688479200,7.2,7.23,7.16,7.175
1688481000,7.17,7.23,7.15,7.18
1688482800,7.17,7.17,7.17,7.17
1688538600,7.165,7.165,7.165,7.165
1688540400,7.165,7.23,7.15,7.22
1688542200,7.215,7.22,7.11,7.16
1688544000,7.16,7.18,7.12,7.18
1688545800,7.18,7.185,7.135,7.15
1688547600,7.15,7.16,7.095,7.095
1688549400,7.09,7.115,7.02,7.06
1688551200,7.055,7.055,6.95,6.97
1688553000,6.97,7.07,6.955,7.055
1688554800,7.06,7.13,7.055,7.125
1688556600,7.125,7.2,7.125,7.19
1688558400,7.19,7.2,7.165,7.195
1688560200,7.195,7.25,7.16,7.235
1688562000,7.24,7.27,7.23,7.26
1688563800,7.26,7.27,7.22,7.245
1688565600,7.245,7.29,7.23,7.255
1688567400,7.255,7.255,7.2,7.23
1688569200,7.265,7.265,7.265,7.265
1688625000,7.265,7.265,7.265,7.265
1688626800,7.27,7.285,7.19,7.21
1688628600,7.215,7.275,7.205,7.27
1688630400,7.275,7.275,7.21,7.22
1688632200,7.215,7.23,7.18,7.225
1688634000,7.23,7.235,7.205,7.21
1688635800,7.21,7.225,7.195,7.215
1688637600,7.215,7.215,7.19,7.2
1688639400,7.2,7.21,7.185,7.2
1688641200,7.2,7.205,7.15,7.16
1688643000,7.165,7.185,7.155,7.16
1688644800,7.155,7.16,7.12,7.135
1688646600,7.135,7.135,7.1,7.105
1688648400,7.105,7.105,7.035,7.1
1688650200,7.105,7.125,7.09,7.11
1688652000,7.11,7.245,7.1,7.135
1688653800,7.135,7.135,7.09,7.095
1688655600,7.085,7.085,7.085,7.085
1688711400,7.1,7.1,7.1,7.1
1688713200,7.1,7.14,7.065,7.11
1688715000,7.115,7.185,7.105,7.16
1688716800,7.16,7.175,7.125,7.165
1688718600,7.16,7.17,7.13,7.14
1688720400,7.145,7.18,7.14,7.17
1688722200,7.17,7.175,7.125,7.13
1688724000,7.125,7.14,7.11,7.12
1688725800,7.12,7.135,7.11,7.135
1688727600,7.125,7.145,7.12,7.135
1688729400,7.135,7.14,7.115,7.125
1688731200,7.12,7.125,7.105,7.12
1688733000,7.12,7.14,7.105,7.11
1688734800,7.115,7.125,7.1,7.125
1688736600,7.125,7.155,7.085,7.15
1688738400,7.15,7.175,7.12,7.125
1688740200,7.125,7.13,7.1,7.105
1688742000,7.115,7.115,7.11,7.11
1688970600,7.205,7.205,7.205,7.205
1688972400,7.205,7.345,7.205,7.305
1688974200,7.305,7.33,7.265,7.275
1688976000,7.27,7.315,7.24,7.31
1688977800,7.31,7.345,7.29,7.345
1688979600,7.34,7.35,7.33,7.34
1688981400,7.345,7.355,7.335,7.355
1688983200,7.355,7.37,7.295,7.35
1688985000,7.35,7.37,7.33,7.355
1688986800,7.36,7.37,7.345,7.35
1688988600,7.35,7.36,7.305,7.33
1688990400,7.33,7.375,7.325,7.365
1688992200,7.365,7.37,7.34,7.37
1688994000,7.37,7.375,7.315,7.325
1688995800,7.325,7.345,7.315,7.32
1688997600,7.325,7.33,7.25,7.28
1688999400,7.285,7.345,7.28,7.345
1689001200,7.315,7.315,7.315,7.315
1689057000,7.405,7.405,7.405,7.405
1689058800,7.405,7.56,7.345,7.415
1689060600,7.415,7.445,7.39,7.425
1689062400,7.425,7.485,7.415,7.47
1689064200,7.47,7.56,7.455,7.54
1689066000,7.54,7.635,7.52,7.565
1689067800,7.565,7.585,7.525,7.535
1689069600,7.535,7.535,7.48,7.485
1689071400,7.485,7.5,7.455,7.485
1689073200,7.485,7.525,7.48,7.51
1689075000,7.51,7.54,7.505,7.54
1689076800,7.535,7.555,7.515,7.53
1689078600,7.525,7.56,7.525,7.555
1689080400,7.55,7.565,7.525,7.555
1689082200,7.555,7.6,7.55,7.6
1689084000,7.6,7.625,7.54,7.54
1689085800,7.54,7.565,7.5,7.52
1689087600,7.495,7.495,7.495,7.495
1689143400,7.5,7.5,7.5,7.5
1689145200,7.505,7.56,7.4,7.545
1689147000,7.545,7.585,7.525,7.57
1689148800,7.57,7.63,7.57,7.605
1689150600,7.605,7.66,7.575,7.62
1689152400,7.62,7.72,7.605,7.645
1689154200,7.65,7.7,7.64,7.69
1689156000,7.685,7.7,7.66,7.69
1689157800,7.695,7.745,7.69,7.735
1689159600,7.735,7.765,7.715,7.765
1689161400,7.765,7.78,7.69,7.75
1689163200,7.75,7.875,7.75,7.8
1689165000,7.8,7.83,7.715,7.745
1689166800,7.745,7.785,7.725,7.765
1689168600,7.765,7.82,7.755,7.775
1689170400,7.775,7.84,7.77,7.83
1689172200,7.835,7.875,7.785,7.85
1689174000,7.855,7.855,7.855,7.855
1689229800,7.88,7.88,7.88,7.88
1689231600,7.865,7.885,7.775,7.83
1689233400,7.83,8.015,7.82,8.015
1689235200,8.015,8.06,7.985,8.04
1689237000,8.035,8.08,8.01,8.075
1689238800,8.08,8.13,8.06,8.125
1689240600,8.125,8.15,8.095,8.13
1689242400,8.135,8.14,8.11,8.14
1689244200,8.14,8.145,8.035,8.135
1689246000,8.14,8.145,8.12,8.13
1689247800,8.135,8.165,8.125,8.15
1689249600,8.15,8.15,8.03,8.095
1689251400,8.095,8.095,7.99,8.04
1689253200,8.04,8.11,7.915,8.085
1689255000,8.085,8.18,8.08,8.17
1689256800,8.165,8.335,8.15,8.245
1689258600,8.245,8.33,8.24,8.285
1689260400,8.285,8.285,8.285,8.285
1689316200,8.295,8.295,8.295,8.295
1689318000,8.295,8.45,8.255,8.44
1689319800,8.445,8.475,8.33,8.43
1689321600,8.43,8.5,8.425,8.46
1689323400,8.455,8.475,8.355,8.465
1689325200,8.47,8.55,8.445,8.495
1689327000,8.495,8.625,8.495,8.615
1689328800,8.61,8.675,8.56,8.645
1689330600,8.645,8.685,8.61,8.655
1689332400,8.655,8.725,8.635,8.655
1689334200,8.655,8.755,8.65,8.705
1689336000,8.705,8.8,8.695,8.75
1689337800,8.75,8.86,8.7,8.715
1689339600,8.71,8.715,8.585,8.67
1689341400,8.67,8.77,8.66,8.74
1689343200,8.745,8.795,8.715,8.795
1689345000,8.795,8.81,8.71,8.73
1689346800,8.685,8.685,8.685,8.685
1689575400,8.7,8.7,8.7,8.7
1689577200,8.71,8.98,8.695,8.895
1689579000,8.895,8.935,8.85,8.93
1689580800,8.93,8.945,8.745,8.805
1689582600,8.81,8.82,8.75,8.805
1689584400,8.805,8.815,8.775,8.8
1689586200,8.8,8.81,8.78,8.795
1689588000,8.795,8.8,8.725,8.745
1689589800,8.745,8.795,8.725,8.755
1689591600,8.755,8.76,8.705,8.71
1689593400,8.71,8.74,8.7,8.705
1689595200,8.705,8.74,8.685,8.71
1689597000,8.71,8.715,8.66,8.7
1689598800,8.69,8.71,8.675,8.675
1689600600,8.675,8.69,8.645,8.685
1689602400,8.685,8.72,8.675,8.695
1689604200,8.695,8.7,8.66,8.675
1689606000,8.655,8.655,8.655,8.655
1689661800,8.745,8.745,8.745,8.745
1689663600,8.745,8.77,8.57,8.635
1689665400,8.635,8.69,8.575,8.655
1689667200,8.65,8.705,8.63,8.7
1689669000,8.7,8.71,8.645,8.665
1689670800,8.665,8.69,8.615,8.66
1689672600,8.66,8.705,8.65,8.675
1689674400,8.675,8.685,8.655,8.655
1689676200,8.655,8.665,8.63,8.655
1689678000,8.65,8.66,8.6,8.63
1689679800,8.625,8.635,8.6,8.61
1689681600,8.605,8.64,8.6,8.6
1689683400,8.605,8.675,8.6,8.645
1689685200,8.645,8.725,8.62,8.72
1689687000,8.72,8.72,8.56,8.57
1689688800,8.575,8.625,8.485,8.57
1689690600,8.565,8.585,8.31,8.31
1689692400,8.3,8.3,8.3,8.3
1689748200,8.295,8.295,8.295,8.295
1689750000,8.295,8.34,8.2,8.275
1689751800,8.27,8.445,8.26,8.41
1689753600,8.41,8.475,8.39,8.4
1689755400,8.4,8.44,8.34,8.405
1689757200,8.405,8.43,8.375,8.41
1689759000,8.41,8.455,8.41,8.435
1689760800,8.43,8.445,8.415,8.425
1689762600,8.425,8.455,8.41,8.44
1689764400,8.445,8.505,8.415,8.445
1689766200,8.45,8.55,8.45,8.515
1689768000,8.515,8.62,8.51,8.585
1689769800,8.585,8.64,8.52,8.595
1689771600,8.595,8.69,8.575,8.66
1689773400,8.66,8.705,8.62,8.705
1689775200,8.71,8.765,8.705,8.745
1689777000,8.75,8.815,8.74,8.765
1689778800,8.775,8.775,8.775,8.775
1689834600,8.86,8.86,8.86,8.86
1689836400,8.86,8.9,8.65,8.655
1689838200,8.65,8.72,8.65,8.72
1689840000,8.72,8.77,8.715,8.755
1689841800,8.755,8.79,8.75,8.78
1689843600,8.78,8.84,8.775,8.84
1689845400,8.84,8.845,8.805,8.81
1689847200,8.805,8.81,8.78,8.79
1689849000,8.79,8.795,8.76,8.77
1689850800,8.765,8.82,8.71,8.78
1689852600,8.78,8.79,8.69,8.695
1689854400,8.7,8.725,8.615,8.715
1689856200,8.715,8.75,8.68,8.7
1689858000,8.7,8.725,8.695,8.7
1689859800,8.7,8.72,8.675,8.715
1689861600,8.715,8.74,8.685,8.72
1689863400,8.725,8.835,8.72,8.75
1689865200,8.75,8.75,8.75,8.75
1689921000,8.805,8.805,8.805,8.805
1689922800,8.81,9.02,8.74,8.78
1689924600,8.775,8.82,8.75,8.78
1689926400,8.78,8.835,8.775,8.81
1689928200,8.81,8.855,8.725,8.845
1689930000,8.84,8.88,8.79,8.815
1689931800,8.815,8.82,8.79,8.805
1689933600,8.805,8.81,8.775,8.775
1689935400,8.775,8.78,8.735,8.765
1689937200,8.765,8.875,8.755,8.835
1689939000,8.84,8.845,8.815,8.83
1689940800,8.825,8.85,8.78,8.81
1689942600,8.81,8.83,8.75,8.81
1689944400,8.81,8.825,8.765,8.775
1689946200,8.77,8.85,8.75,8.84
1689948000,8.845,8.9,8.825,8.89
1689949800,8.895,8.925,8.83,8.88
1689951600,8.87,8.87,8.87,8.87
1690180200,8.94,8.94,8.94,8.94
1690182000,8.94,8.955,8.76,8.815
1690183800,8.815,8.855,8.795,8.83
1690185600,8.83,8.9,8.82,8.895
1690187400,8.89,8.895,8.815,8.815
1690189200,8.82,8.89,8.81,8.875
1690191000,8.875,8.9,8.87,8.885
1690192800,8.89,8.895,8.855,8.86
1690194600,8.86,8.87,8.82,8.84
1690196400,8.84,8.84,8.79,8.805
1690198200,8.805,8.805,8.77,8.785
1690200000,8.785,8.84,8.77,8.835
1690201800,8.83,8.83,8.78,8.795
1690203600,8.795,8.81,8.78,8.785
1690205400,8.79,8.82,8.79,8.8
1690207200,8.8,8.85,8.715,8.775
1690209000,8.77,8.89,8.755,8.85
1690210800,8.81,8.81,8.81,8.81
1690266600,8.84,8.84,8.84,8.84
1690268400,8.84,8.91,8.705,8.77
1690270200,8.765,8.94,8.765,8.885
1690272000,8.885,8.885,8.81,8.83
1690273800,8.83,8.89,8.825,8.885
1690275600,8.885,8.885,8.845,8.87
1690277400,8.87,8.875,8.84,8.85
1690279200,8.85,8.86,8.82,8.835
1690281000,8.835,8.945,8.825,8.905
1690282800,8.9,8.92,8.835,8.9
1690284600,8.9,8.965,8.9,8.95
1690286400,8.955,8.965,8.875,8.88
1690288200,8.885,8.885,8.75,8.765
1690290000,8.77,8.83,8.755,8.815
1690291800,8.815,8.875,8.815,8.865
1690293600,8.87,8.935,8.845,8.9
1690295400,8.905,9.19,8.875,9.145
1690297200,9.16,9.16,9.16,9.16
1690353000,9.155,9.155,9.155,9.155
1690354800,9.15,9.24,9.095,9.095
1690356600,9.09,9.095,9.03,9.055
1690358400,9.05,9.055,8.99,9.005
1690360200,9.005,9.03,8.97,9.005
1690362000,9,9.02,8.995,9
1690363800,9.005,9.01,8.945,8.975
1690365600,8.975,8.975,8.905,8.935
1690367400,8.935,8.935,8.9,8.91
1690369200,8.915,8.945,8.875,8.945
1690371000,8.95,8.965,8.925,8.95
1690372800,8.95,8.96,8.925,8.95
1690374600,8.955,9.01,8.955,8.98
1690376400,8.98,9.09,8.965,9.075
1690378200,9.08,9.1,9.045,9.065
1690380000,9.07,9.18,9.065,9.155
1690381800,9.155,9.175,9.125,9.135
1690383600,9.15,9.15,9.15,9.15
1690439400,9.21,9.21,9.21,9.21
1690441200,9.21,9.27,9.04,9.065
1690443000,9.065,9.145,9.04,9.05
1690444800,9.05,9.06,9.015,9.055
1690446600,9.055,9.07,9.03,9.04
1690448400,9.035,9.055,8.955,8.995
1690450200,8.99,8.995,8.95,8.98
1690452000,8.98,8.995,8.96,8.985
1690453800,8.985,8.995,8.965,8.975
1690455600,8.975,8.98,8.95,8.955
1690457400,8.96,8.99,8.95,8.985
1690459200,8.99,9.155,8.975,9.055
1690461000,9.065,9.065,8.965,8.975
1690462800,8.98,8.98,8.93,8.95
1690464600,8.95,8.955,8.91,8.94
1690466400,8.94,8.955,8.93,8.94
1690468200,8.935,9.01,8.915,8.99
1690470000,9,9,9,9
1690525800,9.03,9.03,9.03,9.03
1690527600,9.04,9.08,8.98,9.005
1690529400,9.005,9.12,9,9.075
1690531200,9.075,9.075,9.04,9.06
1690533000,9.055,9.055,9,9.015
1690534800,9.015,9.03,9,9.01
1690536600,9.01,9.02,8.985,8.99
1690538400,8.985,9.015,8.98,9.015
1690540200,9.015,9.015,8.98,9
1690542000,8.995,9.03,8.995,9.01
1690543800,9.015,9.05,9,9.005
1690545600,9.01,9.02,8.985,9.015
1690547400,9.015,9.12,9.005,9.115
1690549200,9.115,9.165,9.04,9.115
1690551000,9.115,9.145,9.085,9.12
1690552800,9.125,9.15,9.1,9.125
1690554600,9.13,9.165,9.08,9.135
1690556400,9.13,9.13,9.13,9.13
1690785000,9.15,9.15,9.15,9.15
1690786800,9.15,9.195,9.08,9.125
1690788600,9.115,9.18,9.08,9.15
1690790400,9.15,9.185,9.15,9.165
1690792200,9.17,9.26,9.16,9.21
1690794000,9.215,9.25,9.205,9.245
1690795800,9.245,9.295,9.225,9.28
1690797600,9.285,9.32,9.165,9.215
1690799400,9.215,9.3,9.215,9.285
1690801200,9.285,9.4,9.25,9.275
1690803000,9.27,9.28,9.175,9.25
1690804800,9.25,9.255,9.185,9.19
1690806600,9.19,9.19,9.11,9.12
1690808400,9.115,9.14,9.1,9.105
1690810200,9.1,9.18,9.08,9.115
1690812000,9.115,9.115,9.06,9.075
1690813800,9.075,9.09,9.05,9.075
1690815600,9.005,9.005,9.005,9.005
1690871400,9.005,9.005,9.005,9.005
1690873200,9.01,9.075,8.85,9.075
1690875000,9.075,9.1,9.04,9.09
1690876800,9.1,9.12,9.04,9.11
1690878600,9.11,9.16,9.06,9.095
1690880400,9.1,9.145,9.08,9.085
1690882200,9.085,9.12,9.07,9.105
1690884000,9.105,9.125,9.08,9.115
1690885800,9.12,9.165,9.115,9.135
1690887600,9.13,9.14,9.045,9.075
1690889400,9.07,9.1,9.05,9.065
1690891200,9.065,9.14,9.03,9.135
1690893000,9.135,9.15,9.1,9.145
1690894800,9.145,9.26,9.14,9.225
1690896600,9.225,9.33,9.18,9.305
1690898400,9.305,9.52,9.295,9.4
1690900200,9.395,9.505,9.325,9.445
1690902000,9.435,9.435,9.435,9.435
1690957800,9.51,9.51,9.51,9.51
1690959600,9.51,9.56,9.365,9.445
1690961400,9.445,9.55,9.425,9.495
1690963200,9.5,9.68,9.5,9.63
1690965000,9.635,9.64,9.545,9.57
1690966800,9.57,9.575,9.525,9.525
1690968600,9.53,9.53,9.475,9.515
1690970400,9.52,9.525,9.47,9.505
1690972200,9.505,9.66,9.505,9.635
1690974000,9.635,9.65,9.57,9.615
1690975800,9.61,9.63,9.6,9.61
1690977600,9.615,9.78,9.605,9.71
1690979400,9.705,9.73,9.67,9.7
1690981200,9.7,9.84,9.695,9.82
1690983000,9.82,10.1,9.815,10.04
1690984800,10.04,10.14,9.915,9.925
1690986600,9.925,9.93,9.71,9.83
1690988400,9.835,9.835,9.835,9.835
1691044200,9.9,9.9,9.9,9.9
1691046000,9.91,10.18,9.91,10.03
1691047800,10.02,10.06,9.9,9.97
1691049600,9.98,10.03,9.915,9.92
1691051400,9.925,10.05,9.92,10.03
1691053200,10.03,10.05,9.96,10.04
1691055000,10.04,10.2,10.04,10.19
1691056800,10.19,10.2,10.09,10.16
1691058600,10.15,10.27,10.14,10.24
1691060400,10.25,10.26,10.19,10.19
1691062200,10.2,10.2,10.07,10.09
1691064000,10.08,10.14,10.03,10.12
1691065800,10.12,10.18,10,10.1
1691067600,10.1,10.18,10.09,10.18
1691069400,10.17,10.18,10.04,10.12
1691071200,10.12,10.14,9.955,9.99
1691073000,9.98,10.05,9.945,9.98
1691074800,10.04,10.04,10.04,10.04
1691130600,10.11,10.11,10.11,10.11
1691132400,10.1,10.15,9.895,9.905
1691134200,9.91,10.03,9.91,9.97
1691136000,9.965,10.03,9.85,9.96
1691137800,9.96,10,9.84,9.855
1691139600,9.86,9.9,9.83,9.865
1691141400,9.865,9.875,9.83,9.84
1691143200,9.835,9.9,9.785,9.895
1691145000,9.89,10.02,9.89,9.96
1691146800,9.96,10.04,9.945,10
1691148600,10.01,10.26,10.01,10.25
1691150400,10.26,10.33,10.15,10.2
1691152200,10.19,10.25,10.14,10.19
1691154000,10.18,10.33,10.14,10.23
1691155800,10.23,10.32,10.2,10.21
1691157600,10.21,10.25,10.16,10.19
1691159400,10.2,10.21,10.11,10.13
1691161200,10.21,10.21,10.21,10.21
1691389800,10.35,10.35,10.35,10.35
1691391600,10.35,10.49,10.34,10.39
1691393400,10.39,10.43,10.27,10.28
1691395200,10.27,10.37,10.23,10.34
1691397000,10.35,10.45,10.34,10.37
1691398800,10.37,10.38,10.31,10.36
1691400600,10.37,10.42,10.34,10.38
1691402400,10.39,10.54,10.34,10.5
1691404200,10.5,10.61,10.48,10.6
1691406000,10.59,10.72,10.58,10.66
1691407800,10.66,10.69,10.52,10.53
1691409600,10.54,10.65,10.5,10.64
1691411400,10.64,10.73,10.61,10.71
1691413200,10.71,10.83,10.69,10.79
1691415000,10.79,10.88,10.72,10.77
1691416800,10.76,10.79,10.74,10.75
1691418600,10.74,10.88,10.71,10.78
1691420400,10.77,10.77,10.77,10.77
1691476200,10.77,10.77,10.77,10.77
1691478000,10.77,10.9,10.62,10.74
1691479800,10.74,10.78,10.6,10.7
1691481600,10.7,10.71,10.61,10.71
1691483400,10.72,10.74,10.6,10.7
1691485200,10.7,10.73,10.56,10.6
1691487000,10.6,10.63,10.55,10.59
1691488800,10.6,10.6,10.48,10.54
1691490600,10.55,10.6,10.52,10.54
1691492400,10.52,10.59,10.5,10.58
1691494200,10.59,10.59,10.52,10.55
1691496000,10.57,10.58,10.5,10.56
1691497800,10.56,10.58,10.53,10.56
1691499600,10.56,10.58,10.5,10.52
1691501400,10.52,10.55,10.39,10.44
1691503200,10.45,10.48,10.38,10.43
1691505000,10.43,10.49,10.36,10.42
1691506800,10.5,10.5,10.5,10.5
1691562600,10.9,10.9,10.9,10.9
1691564400,10.88,10.9,10.63,10.73
1691566200,10.73,10.74,10.63,10.65
1691568000,10.65,10.66,10.53,10.57
1691569800,10.59,10.71,10.55,10.7
1691571600,10.71,10.73,10.6,10.71
1691573400,10.7,10.75,10.67,10.7
1691575200,10.69,10.71,10.66,10.7
1691577000,10.7,10.84,10.69,10.82
1691578800,10.81,11.02,10.77,10.9
1691580600,10.9,10.91,10.84,10.9
1691582400,10.9,10.91,10.82,10.84
1691584200,10.84,10.86,10.82,10.83
1691586000,10.83,10.88,10.8,10.87
1691587800,10.87,10.92,10.84,10.92
1691589600,10.93,10.93,10.81,10.84
1691591400,10.84,10.88,10.74,10.77
1691593200,10.76,10.76,10.76,10.76
1691649000,10.77,10.77,10.77,10.77
1691650800,10.77,10.91,10.71,10.73
1691652600,10.72,10.79,10.65,10.73
1691654400,10.74,10.75,10.67,10.69
1691656200,10.7,10.78,10.65,10.77
1691658000,10.76,10.82,10.71,10.77
1691659800,10.77,10.77,10.71,10.71
1691661600,10.71,10.76,10.65,10.67
1691663400,10.68,10.7,10.66,10.68
1691665200,10.68,10.7,10.62,10.66
1691667000,10.66,10.69,10.64,10.66
1691668800,10.66,10.68,10.56,10.6
1691670600,10.6,10.63,10.53,10.54
1691672400,10.54,10.56,10.38,10.41
1691674200,10.42,10.53,10.35,10.46
1691676000,10.46,10.47,10.33,10.37
1691677800,10.37,10.46,10.28,10.34
1691679600,10.32,10.32,10.32,10.32
1691735400,10.33,10.33,10.33,10.33
1691737200,10.34,10.59,10.33,10.58
1691739000,10.58,10.6,10.38,10.41
1691740800,10.4,10.5,10.4,10.45
1691742600,10.46,10.54,10.44,10.52
1691744400,10.53,10.6,10.5,10.58
1691746200,10.58,10.63,10.52,10.53
1691748000,10.53,10.68,10.48,10.64
1691749800,10.64,10.83,10.64,10.76
1691751600,10.76,10.84,10.74,10.8
1691753400,10.8,10.84,10.74,10.78
1691755200,10.77,10.84,10.76,10.79
1691757000,10.79,10.8,10.76,10.8
1691758800,10.8,10.94,10.79,10.94
1691760600,10.94,10.95,10.85,10.94
1691762400,10.94,10.99,10.91,10.95
1691764200,10.94,10.97,10.89,10.94
1691766000,10.99,10.99,10.99,10.99
1691994600,11.05,11.05,11.05,11.05
1691996400,11.05,11.12,10.9,11.11
1691998200,11.12,11.39,11.12,11.38
1692000000,11.38,11.48,11.29,11.35
1692001800,11.35,11.4,11.33,11.38
1692003600,11.38,11.45,11.36,11.41
1692005400,11.41,11.42,11.36,11.38
1692007200,11.38,11.42,11.31,11.4
1692009000,11.39,11.42,11.36,11.38
1692010800,11.38,11.47,11.37,11.43
1692012600,11.43,11.44,11.29,11.38
1692014400,11.38,11.42,11.3,11.38
1692016200,11.38,11.42,11.29,11.41
1692018000,11.41,11.62,11.38,11.46
1692019800,11.45,11.5,11.41,11.45
1692021600,11.45,11.6,11.37,11.57
1692023400,11.58,11.62,11.35,11.38
1692025200,11.33,11.33,11.33,11.33
1692081000,11.33,11.33,11.33,11.33
1692082800,11.32,11.4,11.2,11.36
1692084600,11.36,11.45,11.23,11.29
1692086400,11.29,11.39,11.25,11.39
1692088200,11.38,11.4,11.26,11.27
1692090000,11.28,11.29,11.24,11.27
1692091800,11.27,11.33,11.19,11.24
1692093600,11.25,11.29,11.17,11.17
1692095400,11.17,11.2,11.07,11.15
1692097200,11.15,11.21,11.14,11.2
1692099000,11.19,11.22,11.18,11.2
1692100800,11.19,11.24,11.16,11.17
1692102600,11.17,11.2,11.07,11.12
1692104400,11.11,11.16,11.05,11.06
1692106200,11.07,11.12,10.98,10.98
1692108000,10.98,11.05,10.93,10.97
1692109800,10.95,11.04,10.88,11.01
1692111600,11.1,11.1,11.1,11.1
1692167400,11.15,11.15,11.15,11.15
1692169200,11.15,11.32,11.03,11.3
1692171000,11.3,11.55,11.29,11.42
1692172800,11.42,11.5,11.28,11.37
1692174600,11.37,11.39,11.26,11.33
1692176400,11.34,11.38,11.24,11.24
1692178200,11.24,11.4,11.19,11.19
1692180000,11.19,11.26,11.12,11.15
1692181800,11.15,11.19,11.12,11.16
1692183600,11.17,11.2,11.13,11.15
1692185400,11.15,11.17,11.06,11.09
1692187200,11.08,11.2,11.06,11.16
1692189000,11.16,11.2,11.13,11.17
1692190800,11.17,11.17,11.09,11.12
1692192600,11.11,11.15,11.08,11.12
1692194400,11.13,11.15,11.09,11.11
1692196200,11.11,11.13,11.06,11.08
1692198000,11.08,11.15,11.08,11.15
1692253800,11.15,11.15,11.15,11.15
1692255600,11.16,11.23,11.13,11.19
1692257400,11.19,11.25,11.16,11.2
1692259200,11.21,11.23,11.16,11.2
1692261000,11.21,11.22,11.18,11.2
1692262800,11.21,11.26,11.14,11.16
1692264600,11.16,11.19,11.11,11.14
1692266400,11.15,11.17,11.13,11.16
1692268200,11.16,11.17,11.13,11.16
1692270000,11.16,11.17,11.07,11.14
1692271800,11.14,11.23,11.11,11.16
1692273600,11.16,11.2,11.04,11.07
1692275400,11.07,11.14,11.06,11.1
1692277200,11.11,11.17,11.05,11.06
1692279000,11.07,11.09,11.01,11.02
1692280800,11.02,11.05,11.01,11.04
1692282600,11.05,11.12,11.02,11.12
1692284400,11,11,11,11
1692340200,11.01,11.01,11.01,11.01
1692342000,11.02,11.05,10.8,10.84
1692343800,10.84,10.87,10.72,10.77
1692345600,10.76,10.89,10.75,10.82
1692347400,10.82,10.91,10.81,10.88
1692349200,10.89,10.89,10.85,10.86
1692351000,10.85,10.85,10.79,10.79
1692352800,10.79,10.88,10.78,10.87
1692354600,10.87,10.93,10.85,10.92
1692356400,10.92,10.99,10.87,10.96
1692358200,10.96,10.97,10.88,10.92
1692360000,10.91,10.98,10.9,10.97
1692361800,10.96,10.97,10.89,10.91
1692363600,10.92,11.1,10.9,11.1
1692365400,11.1,11.13,11,11.02
1692367200,11.01,11.03,10.83,10.86
1692369000,10.86,10.87,10.52,10.65
1692370800,10.58,10.58,10.58,10.58
1692599400,10.54,10.54,10.54,10.54
1692601200,10.53,10.57,10.32,10.49
1692603000,10.48,10.58,10.38,10.57
1692604800,10.58,10.74,10.58,10.63
1692606600,10.64,10.7,10.62,10.67
1692608400,10.66,10.68,10.62,10.67
1692610200,10.67,10.67,10.56,10.6
1692612000,10.6,10.64,10.58,10.59
1692613800,10.59,10.68,10.57,10.62
1692615600,10.62,10.66,10.61,10.63
1692617400,10.63,10.64,10.53,10.6
1692619200,10.59,10.61,10.53,10.55
1692621000,10.56,10.58,10.52,10.56
1692622800,10.56,10.64,10.55,10.63
1692624600,10.63,11.01,10.63,10.95
1692626400,10.96,10.98,10.75,10.76
1692628200,10.75,10.87,10.75,10.79
1692630000,10.75,10.75,10.75,10.75
1692685800,10.81,10.81,10.81,10.81
1692687600,10.81,11.2,10.81,11.16
1692689400,11.15,11.24,11.08,11.12
1692691200,11.11,11.28,11.1,11.23
1692693000,11.23,11.25,11.14,11.21
1692694800,11.21,11.31,11.19,11.3
1692696600,11.3,11.31,11.13,11.14
1692698400,11.15,11.17,11.05,11.14
1692700200,11.14,11.21,11.03,11.2
1692702000,11.2,11.23,11.11,11.18
1692703800,11.19,11.2,11.14,11.15
1692705600,11.14,11.16,11.05,11.05
1692707400,11.06,11.16,11.02,11.14
1692709200,11.14,11.17,11.1,11.13
1692711000,11.13,11.13,11.05,11.08
1692712800,11.07,11.18,11.06,11.11
1692714600,11.12,11.16,11.08,11.09
1692716400,11.09,11.2,11.09,11.2
1692772200,11.28,11.28,11.28,11.28
1692774000,11.29,11.3,11.07,11.12
1692775800,11.12,11.28,11.11,11.15
1692777600,11.16,11.21,11.14,11.19
1692779400,11.19,11.33,11.15,11.31
1692781200,11.31,11.34,11.11,11.12
1692783000,11.11,11.15,11.07,11.12
1692784800,11.11,11.19,11.11,11.16
1692786600,11.17,11.2,11.14,11.17
1692788400,11.18,11.21,11.13,11.14
1692790200,11.14,11.16,11.07,11.16
1692792000,11.16,11.25,11.11,11.12
1692793800,11.11,11.15,11.05,11.1
1692795600,11.09,11.16,11.06,11.15
1692797400,11.14,11.21,11.09,11.2
1692799200,11.2,11.23,11.07,11.14
1692801000,11.13,11.15,11.07,11.1
1692802800,11.13,11.13,11.13,11.13
1692858600,11.14,11.14,11.14,11.14
1692860400,11.14,11.18,10.9,10.97
1692862200,10.98,11.09,10.89,11.04
1692864000,11.04,11.06,11,11.03
1692865800,11.03,11.07,11,11.03
1692867600,11.03,11.04,10.95,11
1692869400,10.99,11,10.89,10.9
1692871200,10.9,11,10.89,11
1692873000,10.99,11.07,10.97,11.06
1692874800,11.06,11.16,10.94,11.03
1692876600,11.04,11.04,10.59,10.77
1692878400,10.77,10.85,10.74,10.81
1692880200,10.81,10.82,10.5,10.54
1692882000,10.53,10.7,10.48,10.7
1692883800,10.67,10.71,10.61,10.68
1692885600,10.69,10.71,10.56,10.6
1692887400,10.6,10.61,10.4,10.45
1692889200,10.4,10.4,10.4,10.4
1692945000,10.48,10.48,10.48,10.48
1692946800,10.48,10.59,10.28,10.34
1692948600,10.33,10.47,10.33,10.46
1692950400,10.47,10.47,10.3,10.35
1692952200,10.35,10.37,10.24,10.25
1692954000,10.25,10.25,10.16,10.17
1692955800,10.17,10.17,9.96,9.96
1692957600,9.955,10.03,9.8,9.95
1692959400,9.955,10.04,9.935,9.975
1692961200,9.97,10.08,9.95,10.07
1692963000,10.07,10.09,10.01,10.03
1692964800,10.04,10.07,10,10.06
1692966600,10.06,10.07,9.98,10.01
1692968400,10.02,10.04,9.985,10.02
1692970200,10.03,10.16,10,10.16
1692972000,10.16,10.24,10.14,10.23
1692973800,10.23,10.35,10.13,10.25
1692975600,10.26,10.26,10.26,10.26
1693204200,10.3,10.3,10.3,10.3
1693206000,10.3,10.48,10.27,10.47
1693207800,10.47,10.55,10.43,10.55
1693209600,10.55,10.6,10.54,10.57
1693211400,10.58,10.59,10.53,10.53
1693213200,10.53,10.55,10.5,10.53
1693215000,10.52,10.58,10.45,10.54
1693216800,10.54,10.57,10.52,10.54
1693218600,10.54,10.57,10.54,10.55
1693220400,10.55,10.56,10.53,10.54
1693222200,10.53,10.55,10.51,10.53
1693224000,10.52,10.75,10.52,10.66
1693225800,10.65,10.69,10.58,10.6
1693227600,10.61,10.69,10.6,10.67
1693229400,10.68,10.69,10.64,10.66
1693231200,10.66,10.67,10.52,10.57
1693233000,10.56,10.68,10.56,10.64
1693234800,10.75,10.75,10.75,10.75
1693290600,10.76,10.76,10.76,10.76
1693292400,10.76,10.78,10.59,10.73
1693294200,10.73,10.95,10.72,10.92
1693296000,10.92,10.95,10.86,10.93
1693297800,10.94,11.01,10.91,11
1693299600,11.01,11.1,10.97,11.07
1693301400,11.07,11.07,10.98,11.06
1693303200,11.06,11.1,11.01,11.07
1693305000,11.08,11.18,11.06,11.18
1693306800,11.18,11.27,11.1,11.12
1693308600,11.12,11.2,11.08,11.17
1693310400,11.18,11.24,11.12,11.15
1693312200,11.15,11.24,11.15,11.23
1693314000,11.23,11.26,11.1,11.15
1693315800,11.15,11.21,11.14,11.19
1693317600,11.18,11.22,11.12,11.12
1693319400,11.12,11.12,11,11.08
1693321200,11.06,11.06,11.06,11.06
1693463400,11.11,11.11,11.11,11.11
1693465200,11.11,11.16,10.78,10.82
1693467000,10.81,10.89,10.78,10.86
1693468800,10.85,10.91,10.82,10.85
1693470600,10.86,10.88,10.74,10.78
1693472400,10.78,10.78,10.73,10.75
1693474200,10.75,10.75,10.69,10.73
1693476000,10.73,10.75,10.7,10.74
1693477800,10.74,10.74,10.68,10.68
1693479600,10.7,10.72,10.66,10.71
1693481400,10.71,10.73,10.69,10.7
1693483200,10.7,10.71,10.65,10.68
1693485000,10.67,10.69,10.59,10.61
1693486800,10.6,10.64,10.58,10.62
1693488600,10.61,10.66,10.56,10.57
1693490400,10.57,10.61,10.45,10.5
1693492200,10.49,10.7,10.46,10.62
1693494000,10.79,10.79,10.79,10.79
1693549800,10.79,10.79,10.79,10.79
1693551600,10.79,10.83,10.62,10.71
1693553400,10.7,10.81,10.65,10.79
1693555200,10.79,10.84,10.76,10.81
1693557000,10.81,10.87,10.75,10.83
1693558800,10.83,10.91,10.81,10.82
1693560600,10.82,10.84,10.8,10.84
1693562400,10.84,10.85,10.8,10.8
1693564200,10.8,10.82,10.77,10.79
1693566000,10.78,10.9,10.77,10.84
1693567800,10.84,10.86,10.77,10.79
1693569600,10.79,10.83,10.76,10.8
1693571400,10.8,10.86,10.78,10.85
1693573200,10.86,10.87,10.82,10.87
1693575000,10.86,11.01,10.86,10.9
1693576800,10.91,10.95,10.86,10.88
1693578600,10.89,10.96,10.87,10.89
1693580400,10.89,10.89,10.85,10.85
1693809000,11.05,11.05,11.05,11.05
1693810800,11.02,11.13,10.92,11.12
1693812600,11.12,11.28,11.03,11.27
1693814400,11.27,11.49,11.25,11.38
1693816200,11.38,11.41,11.3,11.4
1693818000,11.4,11.44,11.3,11.43
1693819800,11.43,11.49,11.41,11.43
1693821600,11.43,11.55,11.42,11.54
1693823400,11.54,11.57,11.46,11.55
1693825200,11.55,11.61,11.51,11.56
1693827000,11.56,11.62,11.51,11.54
1693828800,11.55,11.57,11.49,11.54
1693830600,11.54,11.56,11.47,11.48
1693832400,11.48,11.51,11.43,11.51
1693834200,11.51,11.57,11.45,11.54
1693836000,11.55,11.62,11.5,11.5
1693837800,11.5,11.75,11.46,11.75
1693839600,11.7,11.75,11.7,11.75
1693895400,11.8,11.8,11.8,11.8
1693897200,11.8,11.98,11.65,11.76
1693899000,11.75,11.75,11.56,11.63
1693900800,11.62,11.67,11.53,11.62
1693902600,11.64,11.7,11.56,11.61
1693904400,11.61,11.65,11.52,11.59
1693906200,11.59,11.61,11.53,11.54
1693908000,11.54,11.58,11.47,11.57
1693909800,11.57,11.62,11.56,11.59
1693911600,11.59,11.6,11.54,11.59
1693913400,11.59,11.6,11.5,11.5
1693915200,11.51,11.54,11.45,11.47
1693917000,11.46,11.52,11.45,11.48
1693918800,11.48,11.5,11.36,11.41
1693920600,11.42,11.43,11.35,11.36
1693922400,11.36,11.43,11.33,11.42
1693924200,11.41,11.46,11.35,11.45
1693926000,11.43,11.43,11.43,11.43
1693981800,11.5,11.5,11.5,11.5
1693983600,11.51,11.6,11.4,11.41
1693985400,11.41,11.47,11.39,11.43
1693987200,11.42,11.44,11.38,11.4
1693989000,11.4,11.41,11.36,11.36
1693990800,11.37,11.41,11.34,11.35
1693992600,11.35,11.36,11.25,11.36
1693994400,11.35,11.36,11.28,11.3
1693996200,11.31,11.37,11.31,11.37
1693998000,11.37,11.37,11.29,11.37
1693999800,11.38,11.38,11.31,11.36
1694001600,11.35,11.36,11.22,11.3
1694003400,11.31,11.31,11.26,11.27
1694005200,11.27,11.32,11.26,11.3
1694007000,11.3,11.36,11.23,11.36
1694008800,11.36,11.37,11.26,11.29
1694010600,11.29,11.34,11.25,11.27
1694012400,11.27,11.27,11.24,11.24
1694068200,11.27,11.27,11.27,11.27
1694070000,11.27,11.55,11.27,11.49
1694071800,11.49,11.5,11.38,11.42
1694073600,11.43,11.43,11.36,11.4
1694075400,11.4,11.48,11.38,11.48
1694077200,11.48,11.49,11.43,11.43
1694079000,11.43,11.43,11.38,11.4
1694080800,11.41,11.42,11.37,11.4
1694082600,11.4,11.46,11.39,11.41
1694084400,11.42,11.43,11.38,11.41
1694086200,11.41,11.42,11.4,11.41
1694088000,11.42,11.45,11.39,11.43
1694089800,11.44,11.46,11.4,11.44
1694091600,11.45,11.5,11.43,11.47
1694093400,11.46,11.5,11.45,11.47
1694095200,11.48,11.51,11.43,11.48
1694097000,11.48,11.59,11.45,11.52
1694098800,11.51,11.51,11.51,11.51
1694154600,11.51,11.51,11.51,11.51
1694156400,11.53,11.64,11.48,11.61
1694158200,11.61,11.76,11.55,11.6
1694160000,11.59,11.61,11.54,11.59
1694161800,11.6,11.64,11.58,11.62
1694163600,11.62,11.62,11.53,11.54
1694165400,11.55,11.55,11.49,11.5
1694167200,11.5,11.52,11.46,11.5
1694169000,11.5,11.51,11.44,11.48
1694170800,11.49,11.5,11.45,11.48
1694172600,11.48,11.49,11.42,11.45
1694174400,11.44,11.47,11.36,11.42
1694176200,11.41,11.48,11.4,11.47
1694178000,11.47,11.49,11.4,11.43
1694179800,11.43,11.48,11.37,11.38
1694181600,11.37,11.37,11.28,11.35
1694183400,11.34,11.51,11.32,11.49
1694185200,11.46,11.46,11.46,11.46
1694413800,11.55,11.55,11.55,11.55
1694415600,11.55,11.57,11.42,11.48
1694417400,11.48,11.55,11.45,11.48
1694419200,11.49,11.49,11.44,11.44
1694421000,11.44,11.47,11.41,11.46
1694422800,11.46,11.47,11.41,11.43
1694424600,11.44,11.45,11.41,11.42
1694426400,11.42,11.45,11.41,11.43
1694428200,11.43,11.45,11.39,11.4
1694430000,11.4,11.41,11.35,11.38
1694431800,11.38,11.39,11.31,11.32
1694433600,11.32,11.32,11.24,11.28
1694435400,11.28,11.28,11.21,11.25
1694437200,11.25,11.27,11.13,11.15
1694439000,11.15,11.21,11.04,11.08
1694440800,11.08,11.12,11,11.08
1694442600,11.08,11.09,10.98,10.98
1694444400,10.93,10.93,10.93,10.93
1694500200,10.96,10.96,10.96,10.96
1694502000,10.97,11.1,10.92,11.08
1694503800,11.08,11.11,10.9,10.95
1694505600,10.95,10.97,10.89,10.93
1694507400,10.93,10.94,10.86,10.92
1694509200,10.92,10.96,10.92,10.95
1694511000,10.95,10.96,10.9,10.91
1694512800,10.91,10.91,10.86,10.87
1694514600,10.87,10.96,10.86,10.88
1694516400,10.89,10.9,10.82,10.88
1694518200,10.88,10.88,10.83,10.84
1694520000,10.84,10.94,10.83,10.87
1694521800,10.88,10.9,10.86,10.87
1694523600,10.88,10.91,10.87,10.89
1694525400,10.89,10.94,10.88,10.9
1694527200,10.89,10.9,10.81,10.83
1694529000,10.84,10.89,10.81,10.87
1694530800,10.82,10.82,10.82,10.82
1694586600,10.82,10.82,10.82,10.82
1694588400,10.82,10.87,10.69,10.77
1694590200,10.78,10.78,10.73,10.75
1694592000,10.75,10.76,10.72,10.74
1694593800,10.74,10.82,10.74,10.77
1694595600,10.78,10.99,10.78,10.93
1694597400,10.93,11.03,10.88,11.02
1694599200,11.02,11.13,11.02,11.07
1694601000,11.08,11.08,11.01,11.04
1694602800,11.03,11.22,11.03,11.2
1694604600,11.2,11.28,11.16,11.17
1694606400,11.17,11.18,11.1,11.17
1694608200,11.16,11.21,11.06,11.09
1694610000,11.08,11.14,10.99,11.01
1694611800,11.01,11.06,10.83,10.84
1694613600,10.83,10.96,10.74,10.88
1694615400,10.88,10.92,10.8,10.83
1694617200,10.8,10.8,10.8,10.8
1694673000,10.85,10.85,10.85,10.85
1694674800,10.85,10.93,10.73,10.77
1694676600,10.76,10.77,10.62,10.67
1694678400,10.67,10.7,10.59,10.63
1694680200,10.62,10.66,10.59,10.6
1694682000,10.6,10.7,10.6,10.68
1694683800,10.67,10.67,10.55,10.6
1694685600,10.6,10.63,10.53,10.53
1694687400,10.53,10.57,10.51,10.57
1694689200,10.58,10.61,10.54,10.56
1694691000,10.55,10.56,10.43,10.49
1694692800,10.48,10.52,10.42,10.48
1694694600,10.48,10.62,10.48,10.61
1694696400,10.62,10.82,10.6,10.76
1694698200,10.76,10.84,10.73,10.77
1694700000,10.78,10.8,10.7,10.78
1694701800,10.78,10.96,10.76,10.92
1694703600,10.89,10.89,10.89,10.89
1694759400,10.92,10.92,10.92,10.92
1694761200,10.92,11,10.69,10.81
1694763000,10.81,10.81,10.73,10.74
1694764800,10.75,10.82,10.74,10.82
1694766600,10.82,10.83,10.75,10.78
1694768400,10.78,10.84,10.78,10.83
1694770200,10.83,10.85,10.71,10.74
1694772000,10.73,10.75,10.69,10.7
1694773800,10.71,10.74,10.69,10.73
1694775600,10.73,10.75,10.7,10.7
1694777400,10.71,10.78,10.7,10.75
1694779200,10.76,10.76,10.7,10.76
1694781000,10.76,10.77,10.7,10.72
1694782800,10.71,10.73,10.67,10.71
1694784600,10.7,10.71,10.63,10.65
1694786400,10.64,10.67,10.6,10.65
1694788200,10.65,10.67,10.58,10.61
1694790000,10.45,10.45,10.45,10.45
1695018600,10.38,10.38,10.38,10.38
1695020400,10.37,10.46,10.21,10.39
1695022200,10.38,10.38,10.28,10.32
1695024000,10.31,10.4,10.3,10.35
1695025800,10.35,10.37,10.29,10.35
1695027600,10.35,10.38,10.33,10.35
1695029400,10.34,10.36,10.24,10.27
1695031200,10.27,10.29,10.24,10.25
1695033000,10.26,10.26,10.13,10.15
1695034800,10.15,10.15,10.07,10.1
1695036600,10.1,10.13,10.05,10.12
1695038400,10.11,10.15,10.08,10.1
1695040200,10.1,10.13,10.05,10.12
1695042000,10.12,10.2,10.12,10.15
1695043800,10.15,10.18,10.01,10.06
1695045600,10.05,10.07,9.94,9.945
1695047400,9.945,10.04,9.92,9.965
1695049200,9.97,9.97,9.97,9.97
1695105000,9.95,9.95,9.95,9.95
1695106800,9.95,10.01,9.83,9.955
1695108600,9.965,10.12,9.94,9.985
1695110400,9.985,10.02,9.96,9.99
1695112200,9.995,10.01,9.92,9.945
1695114000,9.945,9.99,9.915,9.975
1695115800,9.975,9.985,9.91,9.96
1695117600,9.96,10,9.955,9.98
1695119400,9.975,9.99,9.94,9.945
1695121200,9.95,10.09,9.935,10
1695123000,10,10.07,9.975,10.02
1695124800,10.03,10.1,10.02,10.02
1695126600,10.03,10.03,9.93,9.95
1695128400,9.945,10.02,9.92,10.01
1695130200,10.02,10.07,10,10.06
1695132000,10.06,10.13,10.04,10.07
1695133800,10.06,10.17,10.03,10.15
1695135600,10.23,10.23,10.23,10.23
1695191400,10.25,10.25,10.25,10.25
1695193200,10.26,10.33,10.23,10.31
1695195000,10.31,10.33,10.24,10.27
1695196800,10.27,10.32,10.25,10.31
1695198600,10.31,10.32,10.23,10.25
1695200400,10.25,10.27,10.2,10.21
1695202200,10.23,10.24,10.18,10.22
1695204000,10.23,10.25,10.21,10.25
1695205800,10.25,10.26,10.18,10.26
1695207600,10.26,10.32,10.23,10.23
1695209400,10.24,10.26,10.22,10.24
1695211200,10.24,10.28,10.24,10.26
1695213000,10.25,10.25,10.13,10.13
1695214800,10.13,10.18,10.09,10.14
1695216600,10.14,10.16,10.09,10.15
1695218400,10.15,10.15,10,10.01
1695220200,10.02,10.08,10,10.05
1695222000,10.01,10.01,10.01,10.01
1695277800,10.19,10.19,10.19,10.19
1695279600,10.11,10.23,10,10.04
1695281400,10.04,10.1,10,10
1695283200,10,10.03,9.965,10.02
1695285000,10.03,10.05,10.01,10.02
1695286800,10.02,10.02,9.945,9.95
1695288600,9.955,10.12,9.955,10.01
1695290400,10.01,10.02,9.975,10.01
1695292200,10.01,10.05,9.995,10.05
1695294000,10.04,10.4,10.04,10.3
1695295800,10.3,10.36,10.18,10.31
1695297600,10.31,10.41,10.28,10.39
1695299400,10.39,10.46,10.38,10.38
1695301200,10.39,10.55,10.39,10.53
1695303000,10.53,10.61,10.53,10.6
1695304800,10.6,10.73,10.6,10.71
1695306600,10.71,10.79,10.7,10.74
1695308400,10.78,10.78,10.78,10.78
1695364200,10.78,10.78,10.78,10.78
1695366000,10.78,10.84,10.67,10.7
1695367800,10.7,10.8,10.61,10.67
1695369600,10.66,10.7,10.64,10.66
1695371400,10.66,10.71,10.65,10.69
1695373200,10.7,10.71,10.64,10.65
1695375000,10.65,10.69,10.63,10.64
1695376800,10.63,10.64,10.59,10.64
1695378600,10.64,10.64,10.6,10.64
1695380400,10.63,10.64,10.54,10.56
1695382200,10.56,10.58,10.48,10.49
1695384000,10.48,10.48,10.38,10.39
1695385800,10.39,10.46,10.38,10.43
1695387600,10.44,10.52,10.41,10.52
1695389400,10.52,10.52,10.43,10.45
1695391200,10.44,10.48,10.4,10.44
1695393000,10.43,10.56,10.42,10.56
1695394800,10.63,10.63,10.63,10.63
1695623400,10.67,10.67,10.67,10.67
1695625200,10.67,10.73,10.55,10.59
1695627000,10.6,10.62,10.57,10.6
1695628800,10.61,10.65,10.55,10.6
1695630600,10.6,10.62,10.57,10.61
1695632400,10.6,10.63,10.59,10.63
1695634200,10.63,10.66,10.62,10.64
1695636000,10.64,10.65,10.61,10.65
1695637800,10.66,10.69,10.64,10.67
1695639600,10.67,10.68,10.63,10.65
1695641400,10.64,10.65,10.59,10.6
1695643200,10.6,10.69,10.58,10.69
1695645000,10.68,10.78,10.63,10.76
1695646800,10.76,10.86,10.76,10.84
1695648600,10.84,10.91,10.83,10.88
1695650400,10.87,10.89,10.81,10.83
1695652200,10.84,10.85,10.76,10.79
1695654000,10.69,10.69,10.69,10.69
1695709800,10.71,10.71,10.71,10.71
1695711600,10.71,10.76,10.6,10.72
1695713400,10.71,10.72,10.54,10.58
1695715200,10.58,10.63,10.53,10.63
1695717000,10.63,10.67,10.6,10.63
1695718800,10.64,10.64,10.61,10.64
1695720600,10.64,10.67,10.63,10.65
1695722400,10.65,10.66,10.63,10.66
1695724200,10.66,10.72,10.62,10.72
1695726000,10.72,10.84,10.66,10.67
1695727800,10.66,10.7,10.62,10.65
1695729600,10.65,10.67,10.57,10.64
1695731400,10.65,10.66,10.6,10.64
1695733200,10.63,10.72,10.63,10.72
1695735000,10.72,10.83,10.71,10.79
1695736800,10.79,10.88,10.73,10.79
1695738600,10.78,10.83,10.7,10.72
1695740400,10.78,10.78,10.78,10.78
1695796200,10.92,10.92,10.92,10.92
1695798000,10.9,10.97,10.66,10.68
1695799800,10.68,10.72,10.62,10.67
1695801600,10.67,10.68,10.63,10.67
1695803400,10.67,10.69,10.62,10.63
1695805200,10.63,10.66,10.62,10.65
1695807000,10.66,10.66,10.59,10.59
1695808800,10.6,10.61,10.57,10.6
1695810600,10.6,10.61,10.57,10.59
1695812400,10.59,10.61,10.48,10.52
1695814200,10.52,10.58,10.5,10.55
1695816000,10.55,10.56,10.48,10.49
1695817800,10.49,10.52,10.45,10.5
1695819600,10.51,10.54,10.48,10.51
1695821400,10.51,10.56,10.49,10.51
1695823200,10.5,10.59,10.5,10.56
1695825000,10.56,10.56,10.5,10.52
1695826800,10.45,10.45,10.45,10.45
1695882600,10.53,10.53,10.53,10.53
1695884400,10.52,10.63,10.5,10.59
1695886200,10.6,10.6,10.45,10.47
1695888000,10.47,10.49,10.44,10.46
1695889800,10.46,10.47,10.42,10.45
1695891600,10.45,10.5,10.43,10.46
1695893400,10.46,10.48,10.44,10.44
1695895200,10.45,10.47,10.39,10.41
1695897000,10.41,10.5,10.39,10.46
1695898800,10.46,10.49,10.41,10.47
1695900600,10.47,10.47,10.41,10.42
1695902400,10.42,10.43,10.4,10.41
1695904200,10.41,10.42,10.38,10.4
1695906000,10.39,10.41,10.35,10.38
1695907800,10.38,10.39,10.35,10.35
1695909600,10.36,10.42,10.33,10.34
1695911400,10.33,10.36,10.22,10.25
1695913200,10.2,10.2,10.2,10.2
1695969000,10.25,10.25,10.25,10.25
1695970800,10.25,10.36,10.23,10.35
1695972600,10.35,10.43,10.34,10.41
1695974400,10.41,10.48,10.38,10.39
1695976200,10.4,10.42,10.38,10.42
1695978000,10.41,10.43,10.39,10.4
1695979800,10.4,10.42,10.39,10.41
1695981600,10.41,10.44,10.25,10.3
1695983400,10.3,10.34,10.29,10.34
1695985200,10.34,10.36,10.27,10.3
1695987000,10.3,10.36,10.29,10.35
1695988800,10.36,10.36,10.34,10.35
1695990600,10.35,10.37,10.34,10.37
1695992400,10.37,10.63,10.37,10.6
1695994200,10.59,10.69,10.57,10.68
1695996000,10.67,10.68,10.52,10.53
1695997800,10.53,10.55,10.39,10.49
1695999600,10.57,10.57,10.57,10.57
1696228200,10.65,10.65,10.65,10.65
1696230000,10.66,10.84,10.65,10.8
1696231800,10.81,10.93,10.79,10.88
1696233600,10.88,10.91,10.77,10.81
1696235400,10.81,10.85,10.8,10.83
1696237200,10.82,10.84,10.76,10.77
1696239000,10.78,10.79,10.74,10.75
1696240800,10.75,10.81,10.75,10.79
1696242600,10.78,10.82,10.77,10.81
1696244400,10.82,10.98,10.81,10.97
1696246200,10.97,11.03,10.9,10.92
1696248000,10.91,10.93,10.8,10.92
1696249800,10.92,10.93,10.91,10.92
1696251600,10.91,10.93,10.88,10.9
1696253400,10.89,10.92,10.86,10.9
1696255200,10.9,10.95,10.88,10.95
1696257000,10.95,10.99,10.92,10.95
1696258800,10.99,10.99,10.99,10.99
1696314600,11.03,11.03,11.03,11.03
1696316400,11.03,11.29,11.03,11.28
1696318200,11.28,11.37,11.22,11.29
1696320000,11.29,11.36,11.28,11.33
1696321800,11.32,11.36,11.28,11.29
1696323600,11.29,11.36,11.29,11.32
1696325400,11.33,11.39,11.31,11.36
1696327200,11.36,11.42,11.34,11.38
1696329000,11.38,11.41,11.34,11.34
1696330800,11.34,11.35,11.29,11.32
1696332600,11.32,11.35,11.27,11.32
1696334400,11.31,11.34,11.3,11.32
1696336200,11.32,11.33,11.29,11.31
1696338000,11.3,11.34,11.29,11.31
1696339800,11.31,11.35,11.28,11.3
1696341600,11.3,11.37,11.27,11.29
1696343400,11.29,11.6,11.25,11.58
1696345200,11.57,11.57,11.56,11.56
1696401000,11.57,11.57,11.57,11.57
1696402800,11.57,11.62,11.35,11.4
1696404600,11.39,11.4,11.26,11.29
1696406400,11.28,11.34,11.25,11.3
1696408200,11.31,11.34,11.25,11.29
1696410000,11.28,11.3,11.21,11.24
1696411800,11.23,11.23,11.18,11.18
1696413600,11.19,11.23,11.18,11.21
1696415400,11.21,11.23,11.17,11.22
1696417200,11.22,11.23,11.16,11.18
1696419000,11.18,11.2,11.13,11.14
1696420800,11.14,11.15,11.06,11.09
1696422600,11.1,11.2,11.07,11.17
1696424400,11.17,11.22,11.11,11.12
1696426200,11.12,11.13,11,11
1696428000,11.06,11.1,11,11.05
1696429800,11.05,11.1,11.01,11.03
1696431600,11.08,11.08,11.08,11.08
1696487400,11.08,11.08,11.08,11.08
1696489200,11.08,11.16,10.96,11.02
1696491000,11.02,11.1,10.99,11.09
1696492800,11.08,11.14,11.06,11.1
1696494600,11.11,11.13,11.09,11.12
1696496400,11.12,11.13,11.04,11.06
1696498200,11.06,11.12,11.02,11.11
1696500000,11.11,11.14,11,11.05
1696501800,11.06,11.07,10.85,10.91
1696503600,10.91,10.97,10.86,10.96
1696505400,10.97,11.12,10.96,11.1
1696507200,11.1,11.19,11.02,11.04
1696509000,11.05,11.06,11,11.06
1696510800,11.06,11.12,11.05,11.1
1696512600,11.09,11.16,11.07,11.15
1696514400,11.15,11.35,11.15,11.28
1696516200,11.28,11.38,11.22,11.32
1696518000,11.29,11.29,11.29,11.29
1696573800,11.26,11.26,11.26,11.26
1696575600,11.26,11.32,11.16,11.3
1696577400,11.29,11.34,11.24,11.31
1696579200,11.31,11.35,11.25,11.34
1696581000,11.34,11.42,11.31,11.32
1696582800,11.33,11.38,11.27,11.29
1696584600,11.29,11.3,11.23,11.24
1696586400,11.24,11.33,11.24,11.28
1696588200,11.28,11.31,11.26,11.3
1696590000,11.31,11.37,11.3,11.31
1696591800,11.31,11.33,11.29,11.31
1696593600,11.3,11.35,11.29,11.32
1696595400,11.31,11.34,11.27,11.33
1696597200,11.33,11.4,11.31,11.37
1696599000,11.37,11.38,11.27,11.29
1696600800,11.28,11.34,11.25,11.33
1696602600,11.33,11.5,11.31,11.45
1696604400,11.47,11.47,11.47,11.47
1696833000,11.19,11.19,11.19,11.19
1696834800,11.18,11.26,11.02,11.11
1696836600,11.11,11.13,11.04,11.04
1696838400,11.05,11.13,11.03,11.09
1696840200,11.09,11.1,11.03,11.06
1696842000,11.05,11.14,10.98,11.12
1696843800,11.11,11.14,11.02,11.09
1696845600,11.08,11.1,11.06,11.07
1696847400,11.07,11.08,11.02,11.02
1696849200,11.03,11.08,11.01,11.08
1696851000,11.08,11.17,11.07,11.14
1696852800,11.14,11.17,11.02,11.03
1696854600,11.03,11.12,10.96,11.12
1696856400,11.12,11.12,11.07,11.09
1696858200,11.09,11.11,11.05,11.09
1696860000,11.08,11.11,10.91,10.91
1696861800,10.91,11,10.69,10.96
1696863600,10.88,10.88,10.88,10.88
1696919400,10.96,10.96,10.96,10.96
1696921200,10.97,11.37,10.97,11.37
1696923000,11.37,11.38,11.23,11.28
1696924800,11.28,11.3,11.25,11.29
1696926600,11.3,11.3,11.21,11.23
1696928400,11.24,11.31,11.23,11.25
1696930200,11.25,11.26,11.19,11.22
1696932000,11.22,11.27,11.22,11.25
1696933800,11.25,11.26,11.2,11.25
1696935600,11.25,11.27,11.23,11.25
1696937400,11.25,11.28,11.23,11.24
1696939200,11.24,11.28,11.23,11.25
1696941000,11.25,11.26,11.22,11.26
1696942800,11.26,11.27,11.21,11.22
1696944600,11.21,11.24,11.17,11.22
1696946400,11.22,11.38,11.22,11.35
1696948200,11.36,11.53,11.34,11.48
1696950000,11.45,11.45,11.45,11.45
1697005800,11.44,11.44,11.44,11.44
1697007600,11.43,11.64,11.43,11.51
1697009400,11.52,11.53,11.4,11.42
1697011200,11.42,11.43,11.32,11.34
1697013000,11.33,11.38,11.31,11.34
1697014800,11.34,11.36,11.31,11.31
1697016600,11.32,11.33,11.26,11.31
1697018400,11.31,11.32,11.26,11.26
1697020200,11.26,11.31,11.24,11.3
1697022000,11.29,11.3,11.23,11.25
1697023800,11.26,11.3,11.2,11.22
1697025600,11.22,11.28,11.22,11.25
1697027400,11.25,11.26,11.21,11.25
1697029200,11.25,11.27,11.19,11.22
1697031000,11.21,11.23,11.12,11.15
1697032800,11.14,11.14,11.07,11.09
1697034600,11.1,11.13,11,11.07
1697036400,10.99,10.99,10.99,10.99
1697092200,11.15,11.15,11.15,11.15
1697094000,11.16,11.24,11.06,11.1
1697095800,11.09,11.15,11.05,11.11
1697097600,11.11,11.11,11.01,11.01
1697099400,11.01,11.06,11,11.04
1697101200,11.03,11.06,11.02,11.06
1697103000,11.06,11.07,11.03,11.03
1697104800,11.03,11.05,11.02,11.03
1697106600,11.04,11.04,11,11
1697108400,11,11.01,10.95,10.97
1697110200,10.97,10.97,10.74,10.88
1697112000,10.87,10.91,10.75,10.81
1697113800,10.81,10.85,10.67,10.67
1697115600,10.68,10.74,10.6,10.73
1697117400,10.73,10.73,10.56,10.59
1697119200,10.58,10.75,10.55,10.68
1697121000,10.67,10.94,10.64,10.88
1697122800,10.93,10.93,10.93,10.93
1697178600,10.9,10.9,10.9,10.9
1697180400,10.9,10.92,10.73,10.78
1697182200,10.77,10.78,10.59,10.63
1697184000,10.63,10.68,10.59,10.6
1697185800,10.6,10.62,10.55,10.58
1697187600,10.58,10.59,10.52,10.57
1697189400,10.57,10.59,10.51,10.54
1697191200,10.55,10.56,10.48,10.53
1697193000,10.53,10.54,10.46,10.49
1697194800,10.49,10.54,10.49,10.5
1697196600,10.51,10.52,10.45,10.48
1697198400,10.48,10.53,10.47,10.48
1697200200,10.49,10.5,10.41,10.42
1697202000,10.42,10.51,10.42,10.49
1697203800,10.49,10.6,10.45,10.59
1697205600,10.59,10.7,10.59,10.62
1697207400,10.63,10.64,10.57,10.63
1697209200,10.63,10.63,10.63,10.63
1697437800,10.7,10.7,10.7,10.7
1697439600,10.72,10.81,10.51,10.53
1697441400,10.53,10.53,10.42,10.49
1697443200,10.49,10.5,10.34,10.36
1697445000,10.36,10.41,10.32,10.41
1697446800,10.41,10.48,10.39,10.4
1697448600,10.41,10.43,10.36,10.37
1697450400,10.37,10.4,10.34,10.37
1697452200,10.36,10.38,10.3,10.32
1697454000,10.32,10.39,10.3,10.35
1697455800,10.36,10.43,10.34,10.39
1697457600,10.38,10.43,10.33,10.38
1697459400,10.39,10.41,10.34,10.35
1697461200,10.35,10.41,10.3,10.37
1697463000,10.36,10.4,10.31,10.39
1697464800,10.4,10.41,10.32,10.32
1697466600,10.33,10.36,10.26,10.29
1697468400,10.24,10.24,10.24,10.24
1697524200,10.32,10.32,10.32,10.32
1697526000,10.32,10.38,10.17,10.37
1697527800,10.38,10.41,10.23,10.31
1697529600,10.31,10.39,10.26,10.36
1697531400,10.36,10.39,10.33,10.38
1697533200,10.38,10.43,10.21,10.21
1697535000,10.21,10.29,10.2,10.26
1697536800,10.26,10.28,10.22,10.25
1697538600,10.25,10.25,10.22,10.24
1697540400,10.24,10.32,10.24,10.3
1697542200,10.3,10.31,10.23,10.28
1697544000,10.28,10.3,10.25,10.28
1697545800,10.28,10.33,10.28,10.33
1697547600,10.33,10.4,10.32,10.32
1697549400,10.32,10.34,10.24,10.3
1697551200,10.3,10.4,10.27,10.35
1697553000,10.34,10.38,10.32,10.37
1697554800,10.38,10.38,10.38,10.38
1697610600,10.18,10.18,10.18,10.18
1697612400,10.18,10.37,10.18,10.26
1697614200,10.25,10.28,10.15,10.17
1697616000,10.16,10.18,10.12,10.17
1697617800,10.16,10.21,10.15,10.16
1697619600,10.15,10.16,10.1,10.13
1697621400,10.13,10.13,10.07,10.08
1697623200,10.07,10.1,10.06,10.07
1697625000,10.07,10.18,10.06,10.1
1697626800,10.11,10.11,10.01,10.01
1697628600,10.02,10.04,10,10.04
1697630400,10.03,10.05,9.995,10
1697632200,10.01,10.01,9.94,9.955
1697634000,9.95,9.955,9.875,9.9
1697635800,9.895,10.02,9.88,10
1697637600,10,10.01,9.9,9.98
1697639400,9.98,9.985,9.88,9.885
1697641200,9.885,9.885,9.825,9.825
1697697000,9.855,9.855,9.855,9.855
1697698800,9.86,9.97,9.78,9.785
1697700600,9.79,9.795,9.7,9.78
1697702400,9.78,9.795,9.735,9.76
1697704200,9.76,9.845,9.755,9.84
1697706000,9.84,9.86,9.815,9.82
1697707800,9.82,9.87,9.82,9.855
1697709600,9.86,9.87,9.825,9.85
1697711400,9.85,9.86,9.82,9.835
1697713200,9.83,9.895,9.83,9.855
1697715000,9.85,9.88,9.79,9.87
1697716800,9.865,9.875,9.825,9.83
1697718600,9.83,9.835,9.78,9.795
1697720400,9.79,9.835,9.765,9.77
1697722200,9.765,9.79,9.685,9.7
1697724000,9.7,9.7,9.58,9.625
1697725800,9.625,9.66,9.4,9.575
1697727600,9.48,9.48,9.48,9.48
1697783400,9.4,9.4,9.4,9.4
1697785200,9.395,9.54,9.34,9.48
1697787000,9.48,9.57,9.48,9.55
1697788800,9.545,9.545,9.5,9.51
1697790600,9.515,9.555,9.48,9.525
1697792400,9.52,9.525,9.5,9.52
1697794200,9.52,9.72,9.5,9.705
1697796000,9.705,9.81,9.7,9.75
1697797800,9.75,9.77,9.635,9.66
1697799600,9.665,9.665,9.585,9.59
1697801400,9.595,9.62,9.53,9.61
1697803200,9.61,9.67,9.58,9.615
1697805000,9.62,9.655,9.6,9.62
1697806800,9.62,9.685,9.59,9.59
1697808600,9.595,9.68,9.57,9.57
1697810400,9.57,9.62,9.5,9.56
1697812200,9.565,9.57,9.405,9.5
1697814000,9.505,9.505,9.505,9.505
1698042600,9.72,9.72,9.72,9.72
1698044400,9.73,9.93,9.73,9.76
1698046200,9.755,9.765,9.62,9.735
1698048000,9.735,9.755,9.59,9.59
1698049800,9.59,9.63,9.55,9.605
1698051600,9.6,9.62,9.535,9.575
1698053400,9.575,9.62,9.545,9.615
1698055200,9.61,9.63,9.585,9.61
1698057000,9.615,9.645,9.58,9.58
1698058800,9.585,9.64,9.565,9.585
1698060600,9.585,9.685,9.58,9.675
1698062400,9.675,9.845,9.675,9.845
1698064200,9.84,9.91,9.795,9.875
1698066000,9.88,9.895,9.81,9.815
1698067800,9.815,9.9,9.78,9.895
1698069600,9.895,9.93,9.86,9.91
1698071400,9.92,9.98,9.845,9.98
1698073200,9.915,9.915,9.915,9.915
1698129000,9.97,9.97,9.97,9.97
1698130800,9.97,10.1,9.97,10.01
1698132600,10.01,10.11,10.01,10.08
1698134400,10.08,10.1,9.985,10.03
1698136200,10.02,10.12,10.02,10.12
1698138000,10.12,10.15,10.1,10.15
1698139800,10.15,10.15,10.09,10.11
1698141600,10.1,10.15,10.1,10.14
1698143400,10.15,10.19,10.13,10.17
1698145200,10.17,10.18,10.11,10.14
1698147000,10.14,10.14,10.08,10.12
1698148800,10.12,10.13,10.08,10.1
1698150600,10.1,10.13,10.05,10.11
1698152400,10.11,10.16,10.11,10.14
1698154200,10.14,10.22,10.13,10.21
1698156000,10.2,10.33,10.19,10.31
1698157800,10.32,10.37,10.27,10.3
1698159600,10.3,10.3,10.3,10.3
1698215400,10.3,10.3,10.3,10.3
1698217200,10.3,10.34,10.26,10.3
1698219000,10.3,10.31,10.18,10.25
1698220800,10.25,10.26,10.1,10.15
1698222600,10.15,10.22,10.13,10.19
1698224400,10.19,10.21,10.15,10.18
1698226200,10.19,10.2,10.09,10.1
1698228000,10.1,10.1,10.02,10.02
1698229800,10.02,10.23,9.95,10.21
1698231600,10.21,10.24,10.11,10.12
1698233400,10.12,10.27,10.11,10.18
1698235200,10.17,10.23,10.14,10.2
1698237000,10.2,10.21,10.06,10.06
1698238800,10.06,10.21,10.03,10.2
1698240600,10.19,10.21,9.995,9.995
1698242400,9.995,10.04,9.93,9.935
1698246000,9.98,9.98,9.98,9.98
1698301800,10,10,10,10
1698303600,10.01,10.06,9.815,9.88
1698305400,9.875,9.97,9.76,9.88
1698307200,9.88,9.94,9.755,9.835
1698309000,9.84,9.915,9.83,9.915
1698310800,9.915,9.945,9.855,9.92
1698312600,9.925,10,9.91,9.91
1698314400,9.91,10.02,9.89,10.01
1698316200,10.01,10.14,9.955,10.12
1698318000,10.12,10.23,9.905,10.01
1698319800,10.01,10.14,9.99,10.09
1698321600,10.1,10.19,10.05,10.09
1698323400,10.1,10.21,9.995,10.03
1698325200,10.04,10.09,10,10.03
1698327000,10.02,10.15,9.955,10.1
1698328800,10.11,10.18,10.05,10.15
1698330600,10.15,10.3,10.13,10.28
1698332400,10.29,10.29,10.29,10.29
1698388200,10.4,10.4,10.4,10.4
1698390000,10.41,10.59,10.24,10.5
1698391800,10.49,10.49,10.35,10.35
1698393600,10.35,10.39,10.3,10.39
1698395400,10.39,10.4,10.36,10.4
1698397200,10.4,10.4,10.33,10.34
1698399000,10.33,10.35,10.3,10.31
1698400800,10.32,10.33,10.29,10.33
1698402600,10.32,10.37,10.3,10.37
1698404400,10.37,10.38,10.31,10.38
1698406200,10.37,10.39,10.32,10.34
1698408000,10.35,10.37,10.24,10.26
1698409800,10.26,10.26,10.03,10.03
1698411600,10.03,10.06,9.985,10.04
1698413400,10.04,10.08,10,10.01
1698415200,10.02,10.24,9.985,10.18
1698417000,10.18,10.4,10.17,10.3
1698418800,10.34,10.39,10.34,10.39
1698647400,10.39,10.39,10.39,10.39
1698649200,10.36,10.39,10.27,10.34
1698651000,10.35,10.37,10.26,10.27
1698652800,10.26,10.33,10.25,10.27
1698654600,10.28,10.31,10.26,10.26
1698656400,10.25,10.27,10.21,10.24
1698658200,10.23,10.25,10.18,10.23
1698660000,10.23,10.29,10.2,10.22
1698661800,10.23,10.24,10.2,10.21
1698663600,10.2,10.23,10.17,10.2
1698665400,10.2,10.25,10.17,10.24
1698667200,10.24,10.28,10.18,10.21
1698669000,10.21,10.25,10.19,10.2
1698670800,10.2,10.35,10.19,10.27
1698672600,10.26,10.33,10.23,10.31
1698674400,10.31,10.34,10.27,10.32
1698676200,10.32,10.41,10.3,10.35
1698678000,10.4,10.4,10.4,10.4
1698733800,10.4,10.4,10.4,10.4
1698735600,10.41,10.58,10.41,10.49
1698737400,10.48,10.5,10.4,10.42
1698739200,10.41,10.43,10.31,10.34
1698741000,10.35,10.39,10.33,10.37
1698742800,10.37,10.39,10.35,10.36
1698744600,10.36,10.44,10.36,10.4
1698746400,10.4,10.42,10.37,10.39
1698748200,10.39,10.45,10.38,10.44
1698750000,10.44,10.46,10.36,10.36
1698751800,10.36,10.37,10.26,10.3
1698753600,10.3,10.32,10.25,10.28
1698755400,10.28,10.3,10.23,10.25
1698757200,10.25,10.33,10.16,10.22
1698759000,10.22,10.24,10.15,10.19
1698760800,10.19,10.2,10.06,10.07
1698762600,10.06,10.13,9.975,10.08
1698764400,9.985,9.985,9.985,9.985
1698820200,10.11,10.11,10.11,10.11
1698822000,10.11,10.34,10.08,10.22
1698823800,10.23,10.23,10.09,10.22
1698825600,10.22,10.26,10.15,10.18
1698827400,10.2,10.26,10.17,10.17
1698829200,10.17,10.24,10.12,10.24
1698831000,10.24,10.3,10.17,10.18
1698832800,10.18,10.19,10.04,10.15
1698834600,10.14,10.18,10.07,10.08
1698836400,10.08,10.28,10.06,10.21
1698838200,10.2,10.27,10.16,10.16
1698840000,10.17,10.22,10.17,10.2
1698841800,10.2,10.24,10.12,10.13
1698843600,10.13,10.19,10.05,10.09
1698845400,10.09,10.1,9.95,10.1
1698847200,10.1,10.35,10.09,10.33
1698849000,10.33,10.36,10.26,10.29
1698850800,10.29,10.29,10.29,10.29
1698906600,10.4,10.4,10.4,10.4
1698908400,10.41,10.8,10.36,10.72
1698910200,10.71,10.81,10.65,10.73
1698912000,10.73,10.95,10.71,10.76
1698913800,10.76,10.8,10.72,10.79
1698915600,10.79,10.89,10.77,10.88
1698917400,10.87,11.08,10.87,11
1698919200,11,11.01,10.95,10.96
1698921000,10.96,11,10.91,10.94
1698922800,10.94,11.14,10.92,11.12
1698924600,11.12,11.31,11.04,11.31
1698926400,11.31,11.31,11.2,11.26
1698928200,11.26,11.31,11.16,11.17
1698930000,11.18,11.25,11.13,11.25
1698931800,11.25,11.31,11.23,11.31
1698933600,11.31,11.31,11.25,11.29
1698935400,11.29,11.31,11.14,11.27
1698937200,11.23,11.23,11.23,11.23
1698993000,11.24,11.24,11.24,11.24
1698994800,11.23,11.47,11.16,11.45
1698996600,11.45,11.45,11.29,11.3
1698998400,11.3,11.33,11.2,11.23
1699000200,11.23,11.4,11.2,11.37
1699002000,11.38,11.42,11.33,11.38
1699003800,11.38,11.44,11.32,11.43
1699005600,11.44,11.44,11.25,11.27
1699007400,11.27,11.31,11.23,11.26
1699009200,11.26,11.3,11.25,11.28
1699011000,11.27,11.29,11.2,11.22
1699012800,11.22,11.22,11.1,11.13
1699014600,11.13,11.17,11.09,11.1
1699016400,11.11,11.11,11,11.03
1699018200,11.03,11.18,11.03,11.13
1699020000,11.13,11.17,11.08,11.14
1699021800,11.15,11.18,11.05,11.14
1699023600,11.15,11.17,11.1,11.1
1699252200,11.28,11.28,11.28,11.28
1699254000,11.29,11.38,11.24,11.28
1699255800,11.28,11.45,11.27,11.4
1699257600,11.39,11.48,11.38,11.48
1699259400,11.47,11.48,11.37,11.48
1699261200,11.47,11.51,11.45,11.46
1699263000,11.46,11.48,11.42,11.43
1699264800,11.42,11.43,11.33,11.35
1699266600,11.36,11.41,11.34,11.41
1699268400,11.4,11.45,11.4,11.41
1699270200,11.4,11.43,11.35,11.38
1699272000,11.39,11.41,11.36,11.39
1699273800,11.39,11.41,11.37,11.39
1699275600,11.4,11.4,11.3,11.32
1699277400,11.33,11.36,11.3,11.31
1699279200,11.32,11.35,11.3,11.34
1699281000,11.35,11.39,11.28,11.3
1699282800,11.3,11.3,11.3,11.3
1699338600,11.3,11.3,11.3,11.3
1699340400,11.3,11.45,11.23,11.37
1699342200,11.36,11.43,11.35,11.41
1699344000,11.41,11.45,11.34,11.36
1699345800,11.36,11.43,11.35,11.38
1699347600,11.37,11.39,11.32,11.32
1699349400,11.32,11.32,11.25,11.27
1699351200,11.28,11.33,11.25,11.32
1699353000,11.32,11.33,11.25,11.28
1699354800,11.29,11.3,11.22,11.3
1699356600,11.29,11.35,11.29,11.34
1699358400,11.34,11.35,11.29,11.29
1699360200,11.28,11.35,11.28,11.32
1699362000,11.33,11.51,11.32,11.46
1699363800,11.47,11.53,11.43,11.46
1699365600,11.47,11.48,11.37,11.4
1699367400,11.39,11.44,11.31,11.35
1699369200,11.3,11.3,11.3,11.3
1699425000,11.39,11.39,11.39,11.39
1699426800,11.39,11.51,11.34,11.45
1699428600,11.45,11.51,11.42,11.43
1699430400,11.43,11.57,11.43,11.51
1699432200,11.5,11.56,11.45,11.5
1699434000,11.49,11.5,11.38,11.4
1699435800,11.39,11.42,11.35,11.36
1699437600,11.36,11.39,11.3,11.35
1699439400,11.34,11.41,11.33,11.39
1699441200,11.38,11.42,11.35,11.41
1699443000,11.39,11.45,11.39,11.44
1699444800,11.44,11.45,11.32,11.35
1699446600,11.34,11.38,11.32,11.36
1699448400,11.35,11.42,11.35,11.42
1699450200,11.41,11.47,11.38,11.43
1699452000,11.43,11.54,11.43,11.48
1699453800,11.48,11.57,11.43,11.54
1699455600,11.57,11.57,11.57,11.57
1699511400,11.54,11.54,11.54,11.54
1699513200,11.53,11.73,11.49,11.65
1699515000,11.66,11.78,11.63,11.72
1699516800,11.72,11.75,11.57,11.6
1699518600,11.59,11.69,11.59,11.65
1699520400,11.65,11.69,11.6,11.62
1699522200,11.61,11.62,11.49,11.53
1699524000,11.54,11.6,11.49,11.51
1699525800,11.51,11.62,11.5,11.59
1699527600,11.59,11.62,11.48,11.49
1699529400,11.49,11.51,11.43,11.44
1699531200,11.43,11.52,11.4,11.5
1699533000,11.49,11.54,11.47,11.48
1699534800,11.49,11.63,11.48,11.61
1699536600,11.61,11.73,11.6,11.72
1699538400,11.73,11.87,11.64,11.78
1699540200,11.79,11.82,11.72,11.79
1699542000,11.81,11.81,11.81,11.81
1699597800,11.82,11.82,11.82,11.82
1699599600,11.84,11.89,11.68,11.78
1699601400,11.78,11.92,11.74,11.89
1699603200,11.9,12,11.87,11.88
1699605000,11.89,11.99,11.87,11.99
1699606800,11.99,12.01,11.9,11.97
1699608600,11.97,12,11.97,11.99
1699610400,11.98,11.99,11.9,11.94
1699612200,11.94,11.97,11.91,11.95
1699614000,11.94,11.97,11.93,11.95
1699615800,11.95,12.01,11.94,12.01
1699617600,12.01,12.07,11.99,12.03
1699619400,12.03,12.04,11.99,12.02
1699621200,12.03,12.06,12.02,12.04
1699623000,12.04,12.1,12.03,12.06
1699624800,12.07,12.1,11.96,11.99
1699626600,11.98,12,11.78,11.84
1699628400,11.82,11.82,11.82,11.82
1699857000,11.89,11.89,11.89,11.89
1699858800,11.86,12,11.63,11.68
1699860600,11.67,11.76,11.63,11.74
1699862400,11.74,11.76,11.52,11.52
1699864200,11.52,11.55,11.43,11.43
1699866000,11.44,11.46,11.39,11.4
1699867800,11.4,11.42,11.31,11.37
1699869600,11.38,11.48,11.37,11.42
1699871400,11.41,11.46,11.38,11.42
1699873200,11.41,11.46,11.35,11.39
1699875000,11.4,11.42,11.31,11.31
1699876800,11.31,11.35,11.28,11.29
1699878600,11.3,11.32,11.17,11.18
1699880400,11.17,11.18,11.07,11.16
1699882200,11.17,11.21,11.13,11.14
1699884000,11.13,11.16,10.93,10.94
1699885800,10.93,11.11,10.93,11.08
1699887600,11.2,11.2,11.2,11.2
1699943400,11.2,11.2,11.2,11.2
1699945200,11.2,11.22,10.96,11.1
1699947000,11.1,11.15,11,11.12
1699948800,11.12,11.18,11.07,11.15
1699950600,11.15,11.23,11.13,11.14
1699952400,11.12,11.19,11.09,11.11
1699954200,11.1,11.13,11.07,11.08
1699956000,11.09,11.14,11.08,11.14
1699957800,11.14,11.15,11.08,11.13
1699959600,11.13,11.13,11,11.01
1699961400,11.02,11.15,11,11.12
1699963200,11.12,11.2,11.12,11.13
1699965000,11.13,11.15,11.08,11.11
1699966800,11.12,11.22,11.08,11.21
1699968600,11.22,11.37,11.21,11.35
1699970400,11.36,11.36,11.27,11.27
1699972200,11.27,11.31,11.24,11.27
1699974000,11.39,11.39,11.39,11.39
1700029800,11.48,11.48,11.48,11.48
1700031600,11.48,11.54,11.32,11.38
1700033400,11.37,11.39,11.1,11.14
1700035200,11.14,11.17,11.08,11.12
1700037000,11.12,11.15,11.08,11.09
1700038800,11.09,11.14,11.07,11.11
1700040600,11.11,11.14,11.1,11.12
1700042400,11.11,11.12,11.04,11.07
1700044200,11.07,11.11,11.06,11.08
1700046000,11.09,11.14,11.07,11.11
1700047800,11.11,11.13,11.04,11.05
1700049600,11.05,11.06,11.02,11.04
1700051400,11.05,11.12,11.03,11.03
1700053200,11.03,11.05,11,11.02
1700055000,11.01,11.12,11,11.12
1700056800,11.12,11.13,11.04,11.05
1700058600,11.05,11.06,10.99,11.02
1700060400,11.03,11.03,11.03,11.03
1700116200,11.09,11.09,11.09,11.09
1700118000,11.09,11.13,11.04,11.1
1700119800,11.09,11.1,11.02,11.06
1700121600,11.07,11.14,11.04,11.12
1700123400,11.11,11.13,11.04,11.04
1700125200,11.05,11.11,11.04,11.08
1700127000,11.08,11.09,11.05,11.07
1700128800,11.07,11.08,11.03,11.05
1700130600,11.04,11.1,11.04,11.08
1700132400,11.08,11.11,11.07,11.09
1700134200,11.08,11.09,11.06,11.08
1700136000,11.09,11.11,11.06,11.1
1700137800,11.09,11.15,11.08,11.13
1700139600,11.13,11.14,11.1,11.13
1700141400,11.13,11.19,11.11,11.12
1700143200,11.11,11.14,10.96,10.98
1700145000,10.97,11.02,10.91,10.99
1700146800,11.05,11.05,11.05,11.05
1700202600,11.04,11.04,11.04,11.04
1700204400,11.04,11.14,11.02,11.05
1700206200,11.04,11.04,10.93,10.97
1700208000,10.98,11,10.94,10.94
1700209800,10.94,11.02,10.94,11.02
1700211600,11.02,11.02,10.93,10.96
1700213400,10.95,10.96,10.85,10.91
1700215200,10.91,10.93,10.89,10.91
1700217000,10.91,10.96,10.9,10.93
1700218800,10.92,10.95,10.9,10.92
1700220600,10.92,10.96,10.9,10.95
1700222400,10.95,11,10.93,10.97
1700224200,10.98,11,10.93,10.95
1700226000,10.94,10.96,10.93,10.94
1700227800,10.93,10.96,10.92,10.94
1700229600,10.94,10.95,10.91,10.93
1700231400,10.93,10.97,10.9,10.96
1700233200,10.92,10.92,10.92,10.92
1700461800,11,11,11,11
1700463600,11.01,11.15,10.99,11.14
1700465400,11.14,11.15,11.03,11.08
1700467200,11.07,11.18,11.06,11.14
1700469000,11.14,11.14,11.03,11.08
1700470800,11.09,11.11,11.06,11.06
1700472600,11.06,11.07,11.03,11.05
1700474400,11.05,11.07,11.03,11.06
1700476200,11.07,11.09,11.02,11.04
1700478000,11.04,11.07,10.99,11
1700479800,11,11.05,10.99,11.01
1700481600,11,11.01,10.95,10.99
1700483400,10.98,11.03,10.98,11.02
1700485200,11.03,11.03,10.98,11.02
1700487000,11.03,11.04,11,11.03
1700488800,11.03,11.08,10.99,11.07
1700490600,11.05,11.11,11.04,11.09
1700492400,11.07,11.07,11.07,11.07
1700548200,11.13,11.13,11.13,11.13
1700550000,11.14,11.28,11.04,11.18
1700551800,11.18,11.19,11.12,11.14
1700553600,11.14,11.17,11.13,11.15
1700555400,11.14,11.16,11.11,11.14
1700557200,11.14,11.14,11.11,11.12
1700559000,11.12,11.14,11.12,11.12
1700560800,11.12,11.14,11.06,11.06
1700562600,11.06,11.08,11.02,11.06
1700564400,11.07,11.08,11.02,11.04
1700566200,11.04,11.06,11.01,11.03
1700568000,11.03,11.07,11.02,11.06
1700569800,11.06,11.09,11.04,11.06
1700571600,11.06,11.12,11.06,11.09
1700573400,11.1,11.12,11.01,11.02
1700575200,11.02,11.05,10.99,11.02
1700577000,11.02,11.1,11,11.1
1700578800,11.06,11.06,11.06,11.06
1700634600,11.1,11.1,11.1,11.1
1700636400,11.11,11.18,11.05,11.05
1700638200,11.06,11.14,11.05,11.06
1700640000,11.05,11.13,11.05,11.11
1700641800,11.1,11.15,11.06,11.1
1700643600,11.09,11.1,11.07,11.08
1700645400,11.08,11.09,11.06,11.06
1700647200,11.06,11.08,11.02,11.03
1700649000,11.03,11.07,11.02,11.06
1700650800,11.05,11.06,11.01,11.04
1700652600,11.04,11.05,11.03,11.04
1700654400,11.04,11.05,11.03,11.03
1700656200,11.04,11.06,11.01,11.03
1700658000,11.03,11.06,11.02,11.03
1700659800,11.04,11.17,11.03,11.13
1700661600,11.13,11.46,11.1,11.26
1700663400,11.27,11.3,11.22,11.24
1700665200,11.2,11.2,11.2,11.2
1700721000,11.21,11.21,11.21,11.21
1700722800,11.22,11.34,11.21,11.26
1700724600,11.24,11.26,11.18,11.19
1700726400,11.19,11.29,11.18,11.21
1700728200,11.2,11.23,11.18,11.19
1700730000,11.19,11.21,11.17,11.19
1700731800,11.19,11.2,11.16,11.17
1700733600,11.16,11.21,11.16,11.19
1700735400,11.19,11.19,11.14,11.15
1700737200,11.15,11.2,11.1,11.12
1700739000,11.12,11.19,11.1,11.16
1700740800,11.16,11.21,11.12,11.18
1700742600,11.18,11.23,11.14,11.21
1700744400,11.2,11.42,11.2,11.41
1700746200,11.41,11.43,11.24,11.29
1700748000,11.29,11.46,11.25,11.45
1700749800,11.45,11.65,11.41,11.49
1700751600,11.48,11.48,11.43,11.43
1700807400,11.64,11.64,11.64,11.64
1700809200,11.62,11.68,11.42,11.48
1700811000,11.49,11.55,11.45,11.55
1700812800,11.54,11.56,11.46,11.53
1700814600,11.52,11.53,11.46,11.5
1700816400,11.49,11.57,11.46,11.57
1700818200,11.57,11.65,11.56,11.58
1700820000,11.57,11.59,11.56,11.57
1700821800,11.56,11.57,11.41,11.43
1700823600,11.43,11.44,11.34,11.37
1700825400,11.37,11.4,11.34,11.36
1700827200,11.36,11.4,11.33,11.39
1700829000,11.39,11.43,11.37,11.4
1700830800,11.4,11.54,11.39,11.47
1700832600,11.48,11.52,11.45,11.51
1700834400,11.51,11.52,11.4,11.44
1700836200,11.43,11.44,11.35,11.37
1700838000,11.37,11.37,11.37,11.37
1701066600,11.41,11.41,11.41,11.41
1701068400,11.42,11.64,11.42,11.63
1701070200,11.62,11.65,11.55,11.58
1701072000,11.58,11.63,11.53,11.54
1701073800,11.54,11.57,11.5,11.53
1701075600,11.53,11.55,11.51,11.52
1701077400,11.52,11.52,11.47,11.51
1701079200,11.5,11.51,11.48,11.5
1701081000,11.5,11.51,11.49,11.5
1701082800,11.49,11.53,11.44,11.52
1701084600,11.52,11.64,11.51,11.59
1701086400,11.6,11.6,11.54,11.56
1701088200,11.55,11.65,11.54,11.65
1701090000,11.64,11.7,11.63,11.64
1701091800,11.64,11.68,11.63,11.65
1701093600,11.65,11.67,11.53,11.55
1701095400,11.55,11.58,11.49,11.57
1701097200,11.52,11.52,11.52,11.52
1701153000,11.53,11.53,11.53,11.53
1701154800,11.53,11.62,11.47,11.56
1701156600,11.57,11.67,11.56,11.58
1701158400,11.59,11.6,11.53,11.54
1701160200,11.54,11.57,11.49,11.53
1701162000,11.53,11.55,11.5,11.53
1701163800,11.53,11.54,11.49,11.5
1701165600,11.5,11.52,11.47,11.5
1701167400,11.49,11.53,11.49,11.5
1701169200,11.5,11.53,11.46,11.48
1701171000,11.48,11.51,11.47,11.48
1701172800,11.48,11.54,11.47,11.53
1701174600,11.54,11.55,11.5,11.5
1701176400,11.51,11.55,11.42,11.48
1701178200,11.47,11.51,11.44,11.44
1701180000,11.45,11.54,11.41,11.49
1701181800,11.5,11.57,11.49,11.56
1701183600,11.54,11.54,11.54,11.54
1701239400,11.65,11.65,11.65,11.65
1701241200,11.62,11.68,11.52,11.56
1701243000,11.55,11.69,11.51,11.65
1701244800,11.65,11.74,11.59,11.59
1701246600,11.59,11.66,11.56,11.63
1701248400,11.63,11.67,11.6,11.62
1701250200,11.63,11.68,11.59,11.61
1701252000,11.61,11.61,11.54,11.56
1701253800,11.55,11.58,11.51,11.56
1701255600,11.56,11.58,11.54,11.56
1701257400,11.56,11.57,11.49,11.5
1701259200,11.5,11.53,11.5,11.51
1701261000,11.51,11.53,11.45,11.51
1701262800,11.51,11.55,11.49,11.53
1701264600,11.54,11.55,11.44,11.44
1701266400,11.44,11.53,11.43,11.45
1701268200,11.45,11.49,11.42,11.47
1701270000,11.45,11.45,11.45,11.45
1701325800,11.47,11.47,11.47,11.47
1701327600,11.48,11.49,11.38,11.43
1701329400,11.43,11.44,11.39,11.41
1701331200,11.41,11.45,11.36,11.37
1701333000,11.38,11.41,11.37,11.38
1701334800,11.38,11.4,11.36,11.38
1701336600,11.38,11.39,11.28,11.3
1701338400,11.3,11.42,11.28,11.37
1701340200,11.37,11.39,11.33,11.34
1701342000,11.34,11.34,11.29,11.29
1701343800,11.31,11.33,11.28,11.29
1701345600,11.3,11.34,11.28,11.31
1701347400,11.32,11.33,11.27,11.28
1701349200,11.29,11.3,11.2,11.24
1701351000,11.25,11.25,11.1,11.12
1701352800,11.13,11.15,11.08,11.1
1701354600,11.1,11.24,11.07,11.22
1701356400,11.09,11.09,11.09,11.09
1701412200,11.17,11.17,11.17,11.17
1701414000,11.18,11.28,11.1,11.13
1701415800,11.13,11.13,11.02,11.05
1701417600,11.05,11.06,10.92,11
1701419400,11,11,10.91,10.93
1701421200,10.92,10.94,10.89,10.9
1701423000,10.89,10.93,10.88,10.9
1701424800,10.89,10.94,10.87,10.88
1701426600,10.87,10.94,10.87,10.89
1701428400,10.89,10.95,10.88,10.93
1701430200,10.93,10.98,10.92,10.95
1701432000,10.96,11.09,10.93,11.06
1701433800,11.05,11.11,11.05,11.06
1701435600,11.05,11.12,11.04,11.09
1701437400,11.09,11.17,11.08,11.17
1701439200,11.16,11.19,11.09,11.14
1701441000,11.13,11.18,11.09,11.18
1701442800,11.16,11.16,11.16,11.16
1701671400,11.17,11.17,11.17,11.17
1701673200,11.18,11.31,11.14,11.22
1701675000,11.22,11.27,11.16,11.18
1701676800,11.18,11.21,11.12,11.19
1701678600,11.2,11.42,11.19,11.36
1701680400,11.35,11.44,11.33,11.34
1701682200,11.33,11.4,11.31,11.39
1701684000,11.38,11.42,11.36,11.38
1701685800,11.39,11.46,11.36,11.44
1701687600,11.45,11.46,11.42,11.44
1701689400,11.45,11.47,11.41,11.45
1701691200,11.46,11.51,11.45,11.49
1701693000,11.49,11.57,11.48,11.55
1701694800,11.54,11.58,11.5,11.51
1701696600,11.51,11.59,11.5,11.57
1701698400,11.56,11.6,11.52,11.52
1701700200,11.52,11.54,11.43,11.51
1701702000,11.47,11.47,11.47,11.47
1701757800,11.45,11.45,11.45,11.45
1701759600,11.45,11.54,11.38,11.51
1701761400,11.5,11.57,11.48,11.55
1701763200,11.55,11.74,11.55,11.72
1701765000,11.72,11.76,11.6,11.65
1701766800,11.65,11.67,11.6,11.66
1701768600,11.66,11.67,11.61,11.64
1701770400,11.64,11.67,11.6,11.61
1701772200,11.62,11.76,11.61,11.73
1701774000,11.74,11.82,11.72,11.74
1701775800,11.74,11.81,11.74,11.79
1701777600,11.79,11.83,11.78,11.8
1701779400,11.79,11.86,11.79,11.84
1701781200,11.84,11.87,11.73,11.77
1701783000,11.77,11.88,11.72,11.85
1701784800,11.86,11.87,11.72,11.81
1701786600,11.82,11.84,11.77,11.78
1701788400,11.75,11.75,11.75,11.75
1701844200,11.76,11.76,11.76,11.76
1701846000,11.76,11.94,11.76,11.81
1701847800,11.81,11.86,11.7,11.82
1701849600,11.82,12.11,11.8,12.08
1701851400,12.09,12.11,11.93,11.94
1701853200,11.94,11.95,11.86,11.92
1701855000,11.9,11.9,11.8,11.85
1701856800,11.83,11.87,11.78,11.78
1701858600,11.79,11.87,11.77,11.8
1701860400,11.8,11.8,11.72,11.76
1701862200,11.76,11.77,11.72,11.74
1701864000,11.74,11.77,11.7,11.73
1701865800,11.73,11.78,11.69,11.71
1701867600,11.72,11.72,11.67,11.7
1701869400,11.7,11.71,11.62,11.65
1701871200,11.65,11.67,11.6,11.61
1701873000,11.61,11.63,11.49,11.52
1701874800,11.52,11.52,11.52,11.52
1701930600,11.52,11.52,11.52,11.52
1701932400,11.53,11.54,11.27,11.28
1701934200,11.29,11.41,11.25,11.35
1701936000,11.35,11.35,11.16,11.2
1701937800,11.2,11.23,11.16,11.19
1701939600,11.2,11.22,11.16,11.17
1701941400,11.17,11.2,11.11,11.12
1701943200,11.12,11.2,11.11,11.13
1701945000,11.13,11.21,11.13,11.14
1701946800,11.15,11.15,11.05,11.06
1701948600,11.05,11.07,11.02,11.04
1701950400,11.04,11.05,10.95,11.02
1701952200,11.02,11.06,10.95,10.95
1701954000,10.96,10.97,10.88,10.93
1701955800,10.93,11.03,10.89,11.02
1701957600,11.02,11.13,11.02,11.08
1701959400,11.09,11.19,11.02,11.15
1701961200,11.2,11.2,11.2,11.2
1702017000,11.25,11.25,11.25,11.25
1702018800,11.24,11.43,11.2,11.34
1702020600,11.34,11.36,11.28,11.32
1702022400,11.32,11.52,11.3,11.46
1702024200,11.46,11.54,11.44,11.53
1702026000,11.53,11.59,11.48,11.54
1702027800,11.54,11.6,11.52,11.57
1702029600,11.57,11.64,11.56,11.62
1702031400,11.61,11.77,11.6,11.75
1702033200,11.75,11.89,11.75,11.78
1702035000,11.77,11.91,11.73,11.89
1702036800,11.89,11.95,11.87,11.91
1702038600,11.91,11.95,11.87,11.94
1702040400,11.93,11.99,11.93,11.99
1702042200,11.99,12.09,11.95,12.04
1702044000,12.04,12.07,11.91,11.96
1702045800,11.96,11.97,11.85,11.88
1702047600,11.87,11.87,11.87,11.87
1702276200,11.87,11.87,11.87,11.87
1702278000,11.88,12.03,11.87,11.99
1702279800,11.99,12.22,11.98,12.04
1702281600,12.03,12.05,11.89,12.01
1702283400,12,12.2,11.99,12.06
1702285200,12.05,12.06,11.95,12.03
1702287000,12.04,12.04,11.97,12
1702288800,11.99,12.07,11.92,11.95
1702290600,11.95,11.96,11.77,11.83
1702292400,11.84,11.94,11.82,11.89
1702294200,11.89,11.92,11.82,11.91
1702296000,11.91,11.92,11.84,11.86
1702297800,11.87,11.89,11.81,11.82
1702299600,11.82,11.85,11.73,11.73
1702301400,11.74,11.76,11.63,11.75
1702303200,11.75,11.88,11.75,11.84
1702305000,11.85,12.06,11.83,11.92
1702306800,11.9,11.9,11.9,11.9
1702362600,11.9,11.9,11.9,11.9
1702364400,11.9,12,11.66,11.78
1702366200,11.78,11.79,11.64,11.66
1702368000,11.65,11.67,11.52,11.53
1702369800,11.53,11.59,11.46,11.46
1702371600,11.46,11.48,11.35,11.38
1702373400,11.39,11.4,11.33,11.33
1702375200,11.34,11.45,11.29,11.33
1702377000,11.33,11.5,11.32,11.41
1702378800,11.42,11.44,11.36,11.43
1702380600,11.43,11.52,11.42,11.51
1702382400,11.51,11.55,11.49,11.52
1702384200,11.52,11.57,11.47,11.54
1702386000,11.54,11.68,11.51,11.65
1702387800,11.65,11.68,11.5,11.6
1702389600,11.59,11.82,11.54,11.79
1702391400,11.8,11.85,11.74,11.8
1702393200,11.84,11.84,11.84,11.84
1702449000,11.78,11.78,11.78,11.78
1702450800,11.78,11.92,11.74,11.83
1702452600,11.82,11.9,11.76,11.79
1702454400,11.79,11.84,11.56,11.58
1702456200,11.58,11.74,11.56,11.71
1702458000,11.7,11.74,11.62,11.69
1702459800,11.7,11.71,11.61,11.66
1702461600,11.66,11.67,11.59,11.64
1702463400,11.64,11.69,11.59,11.62
1702465200,11.61,11.75,11.59,11.74
1702467000,11.73,11.76,11.69,11.7
1702468800,11.7,11.73,11.56,11.62
1702470600,11.62,11.71,11.61,11.7
1702472400,11.71,11.71,11.64,11.67
1702474200,11.67,11.72,11.6,11.61
1702476000,11.61,11.81,11.59,11.72
1702477800,11.72,11.73,11.5,11.52
1702479600,11.47,11.47,11.47,11.47
1702535400,11.59,11.59,11.59,11.59
1702537200,11.59,11.68,11.47,11.51
1702539000,11.53,11.57,11.51,11.51
1702540800,11.51,11.54,11.51,11.52
1702542600,11.52,11.54,11.49,11.52
1702544400,11.53,11.6,11.52,11.58
1702546200,11.58,11.59,11.51,11.55
1702548000,11.56,11.56,11.49,11.53
1702549800,11.54,11.55,11.32,11.35
1702551600,11.34,11.46,11.34,11.46
1702553400,11.45,11.51,11.44,11.5
1702555200,11.5,11.59,11.49,11.54
1702557000,11.54,11.63,11.52,11.57
1702558800,11.58,11.7,11.57,11.68
1702560600,11.68,11.73,11.65,11.66
1702562400,11.66,11.74,11.64,11.64
1702564200,11.64,11.7,11.61,11.66
1702566000,11.63,11.63,11.63,11.63
1702621800,11.71,11.71,11.71,11.71
1702623600,11.72,12,11.72,11.86
1702625400,11.85,11.91,11.78,11.87
1702627200,11.88,12.04,11.87,12.01
1702629000,12,12.06,11.99,12.05
1702630800,12.06,12.16,12.05,12.13
1702632600,12.12,12.15,12.07,12.08
1702634400,12.08,12.1,12.04,12.04
1702636200,12.05,12.1,12,12.07
1702638000,12.07,12.14,12.05,12.13
1702639800,12.12,12.13,12.03,12.09
1702641600,12.09,12.13,11.97,11.99
1702643400,11.97,11.98,11.85,11.87
1702645200,11.87,11.91,11.82,11.84
1702647000,11.85,11.86,11.76,11.83
1702648800,11.84,11.87,11.8,11.83
1702650600,11.83,11.87,11.8,11.84
1702652400,11.82,11.82,11.82,11.82
1702881000,11.82,11.82,11.82,11.82
1702882800,11.81,11.88,11.7,11.76
1702884600,11.75,11.77,11.7,11.74
1702886400,11.74,11.81,11.67,11.8
1702888200,11.8,12.02,11.78,11.95
1702890000,11.96,12.06,11.96,12.04
1702891800,12.03,12.13,12.02,12.07
1702893600,12.07,12.14,12.06,12.12
1702895400,12.11,12.13,11.97,12
1702897200,12,12.02,11.94,11.97
1702899000,11.98,12.06,11.94,11.96
1702900800,11.95,12.05,11.92,12.01
1702902600,12.02,12.03,11.94,12
1702904400,11.99,12.05,11.95,11.99
1702906200,11.99,12,11.88,11.94
1702908000,11.94,11.98,11.72,11.73
1702909800,11.74,11.79,11.61,11.7
1702911600,11.69,11.69,11.63,11.63
1702967400,11.88,11.88,11.88,11.88
1702969200,11.88,12.1,11.83,12.03
1702971000,12.03,12.15,12.02,12.09
1702972800,12.09,12.25,12.07,12.13
1702974600,12.13,12.25,12.1,12.24
1702976400,12.24,12.43,12.21,12.41
1702978200,12.41,12.49,12.32,12.48
1702980000,12.48,12.7,12.45,12.59
1702981800,12.59,12.63,12.53,12.56
1702983600,12.56,12.59,12.4,12.42
1702985400,12.43,12.51,12.33,12.34
1702987200,12.34,12.37,12.24,12.32
1702989000,12.32,12.45,12.32,12.43
1702990800,12.44,12.52,12.35,12.51
1702992600,12.5,12.67,12.49,12.65
1702994400,12.64,12.73,12.62,12.66
1702996200,12.65,12.68,12.52,12.55
1702998000,12.59,12.59,12.59,12.59
1703053800,12.51,12.51,12.51,12.51
1703055600,12.5,12.69,12.41,12.58
1703057400,12.58,12.83,12.54,12.82
1703059200,12.8,12.95,12.79,12.88
1703061000,12.86,12.92,12.71,12.75
1703062800,12.74,12.75,12.62,12.7
1703064600,12.69,12.73,12.62,12.64
1703066400,12.64,12.72,12.52,12.58
1703068200,12.58,12.59,12.48,12.52
1703070000,12.52,12.52,12.33,12.36
1703071800,12.36,12.49,12.29,12.47
1703073600,12.46,12.55,12.4,12.44
1703075400,12.44,12.46,12.4,12.43
1703077200,12.41,12.45,12.37,12.43
1703079000,12.43,12.49,12.35,12.37
1703080800,12.36,12.43,12.31,12.41
1703082600,12.42,12.75,12.3,12.72
1703084400,12.88,12.88,12.88,12.88
1703140200,12.9,12.9,12.9,12.9
1703142000,12.89,12.93,12.65,12.69
1703143800,12.69,12.76,12.46,12.47
1703145600,12.47,12.53,12.41,12.43
1703147400,12.42,12.51,12.36,12.5
1703149200,12.5,12.52,12.44,12.46
1703151000,12.46,12.46,12.35,12.37
1703152800,12.35,12.4,12.17,12.21
1703154600,12.21,12.29,12.19,12.23
1703156400,12.23,12.32,12.16,12.23
1703158200,12.22,12.23,12.15,12.16
1703160000,12.16,12.18,11.93,12.11
1703161800,12.1,12.31,12.1,12.3
1703163600,12.3,12.46,12.29,12.4
1703165400,12.41,12.52,12.4,12.52
1703167200,12.52,12.75,12.49,12.74
1703169000,12.74,12.81,12.66,12.7
1703170800,12.68,12.68,12.68,12.68
1703226600,12.68,12.68,12.68,12.68
1703228400,12.68,12.98,12.68,12.88
1703230200,12.87,13.42,12.8,13.35
1703232000,13.35,13.4,13.25,13.29
1703233800,13.29,13.3,13.18,13.23
1703235600,13.23,13.27,13.14,13.16
1703237400,13.15,13.27,13.15,13.16
1703239200,13.16,13.31,13.15,13.3
1703241000,13.3,13.31,13.26,13.29
1703242800,13.29,13.36,13.26,13.3
1703244600,13.3,13.36,13.25,13.29
1703246400,13.29,13.44,13.27,13.43
1703248200,13.44,13.44,13.25,13.26
1703250000,13.26,13.3,13.19,13.26
1703251800,13.25,13.3,13.16,13.29
1703253600,13.29,13.44,13.27,13.44
1703255400,13.45,13.48,13.25,13.37
1703257200,13.45,13.45,13.45,13.45
1703485800,13.07,13.07,13.07,13.07
1703487600,13.07,13.19,12.85,13.02
1703489400,13.02,13.1,12.9,12.92
1703491200,12.93,12.93,12.8,12.81
1703493000,12.8,13.1,12.77,13.06
1703494800,13.06,13.07,12.98,12.98
1703496600,12.99,13.04,12.9,12.91
1703498400,12.9,13.06,12.9,13.05
1703500200,13.04,13.34,12.96,13.16
1703502000,13.17,13.31,13.12,13.23
1703503800,13.23,13.29,13.15,13.18
1703505600,13.17,13.37,13.16,13.36
1703507400,13.36,13.39,13.24,13.35
1703509200,13.36,13.38,13.19,13.31
1703511000,13.32,13.35,13.2,13.22
1703512800,13.22,13.22,12.8,12.96
1703514600,12.97,13.25,12.86,13.15
1703516400,12.98,12.98,12.98,12.98
1703572200,13.3,13.3,13.3,13.3
1703574000,13.3,13.48,13.14,13.15
1703575800,13.17,13.71,13.02,13.7
1703577600,13.71,13.73,13.46,13.53
1703579400,13.53,13.54,13.44,13.54
1703581200,13.53,13.59,13.5,13.55
1703583000,13.54,13.67,13.47,13.53
1703584800,13.54,13.54,13.38,13.42
1703586600,13.42,13.52,13.4,13.46
1703588400,13.46,13.55,13.25,13.31
1703590200,13.32,13.32,13.03,13.05
1703592000,13.04,13.06,12.95,13.03
1703593800,13.03,13.18,12.99,12.99
1703595600,13,13.03,12.95,13
1703597400,13.01,13.02,12.79,12.85
1703599200,12.85,13,12.82,12.88
1703601000,12.88,12.91,12.64,12.64
1703602800,13,13,13,13
1703658600,13.05,13.05,13.05,13.05
1703660400,13.03,13.05,12.62,12.68
1703662200,12.68,12.79,12.61,12.69
1703664000,12.68,12.73,12.65,12.68
1703665800,12.67,12.72,12.67,12.7
1703667600,12.69,12.7,12.66,12.68
1703669400,12.68,12.75,12.46,12.47
1703671200,12.47,12.54,12.46,12.53
1703673000,12.53,12.57,12.5,12.54
1703674800,12.54,12.58,12.5,12.52
1703676600,12.53,12.62,12.51,12.61
1703678400,12.62,12.67,12.56,12.62
1703680200,12.62,12.72,12.58,12.69
1703682000,12.7,12.72,12.62,12.63
1703683800,12.64,12.7,12.63,12.65
1703685600,12.65,12.7,12.55,12.67
1703687400,12.66,12.72,12.61,12.61
1703689200,12.79,12.79,12.79,12.79
1703745000,12.79,12.79,12.79,12.79
1703746800,12.8,13.04,12.78,12.99
1703748600,12.99,13.01,12.88,12.92
1703750400,12.93,12.93,12.73,12.83
1703752200,12.83,12.85,12.77,12.81
1703754000,12.81,12.99,12.8,12.96
1703755800,12.95,13.27,12.94,13.23
1703757600,13.23,13.3,13.15,13.21
1703759400,13.2,13.28,13.18,13.2
1703761200,13.2,13.27,13.18,13.25
1703763000,13.26,13.26,13.2,13.23
1703764800,13.23,13.25,13.18,13.22
1703766600,13.22,13.28,13.15,13.17
1703768400,13.17,13.3,13.16,13.26
1703770200,13.26,13.33,13.22,13.32
1703772000,13.33,13.33,13.2,13.21
1703773800,13.21,13.43,13.21,13.36
1703775600,13.4,13.4,13.4,13.4
1703831400,13.65,13.65,13.65,13.65
1703833200,13.64,13.76,13.48,13.74
1703835000,13.72,13.74,13.59,13.65
1703836800,13.66,13.73,13.59,13.61
1703838600,13.62,13.77,13.61,13.73
1703840400,13.72,13.75,13.52,13.67
1703842200,13.66,13.68,13.61,13.64
1703844000,13.64,13.66,13.6,13.61
1703845800,13.61,13.67,13.6,13.61
1703847600,13.62,13.63,13.6,13.63
1703849400,13.63,13.65,13.61,13.65
1703851200,13.65,13.72,13.63,13.66
1703853000,13.65,13.74,13.65,13.69
1703854800,13.7,13.72,13.6,13.71
1703856600,13.72,13.72,13.58,13.59
1703858400,13.59,13.72,13.56,13.7
1703860200,13.71,13.8,13.67,13.75
1703862000,13.75,13.75,13.75,13.75
1704177000,13.7,13.7,13.7,13.7
1704178800,13.65,13.76,13.58,13.74
1704180600,13.73,13.96,13.72,13.93
1704182400,13.94,14,13.9,13.92
1704184200,13.92,13.94,13.83,13.86
1704186000,13.84,13.89,13.8,13.84
1704187800,13.84,13.86,13.69,13.74
1704189600,13.75,13.76,13.63,13.67
1704191400,13.66,13.67,13.53,13.58
1704193200,13.57,13.66,13.57,13.62
1704195000,13.62,13.63,13.58,13.61
1704196800,13.6,13.61,13.54,13.55
1704198600,13.55,13.74,13.52,13.72
1704200400,13.71,13.9,13.7,13.74
1704202200,13.74,13.85,13.71,13.81
1704204000,13.8,13.83,13.71,13.74
1704205800,13.75,13.82,13.74,13.81
1704207600,13.8,13.8,13.8,13.8
1704263400,13.8,13.8,13.8,13.8
1704265200,13.8,13.82,13.42,13.44
1704267000,13.45,13.58,13.4,13.4
1704268800,13.4,13.43,13.33,13.35
1704270600,13.34,13.46,13.32,13.34
1704272400,13.34,13.5,13.31,13.47
1704274200,13.47,13.58,13.47,13.5
1704276000,13.51,13.55,13.42,13.51
1704277800,13.51,13.58,13.5,13.57
1704279600,13.57,13.58,13.48,13.51
1704281400,13.5,13.58,13.47,13.55
1704283200,13.54,13.6,13.5,13.52
1704285000,13.51,13.55,13.5,13.51
1704286800,13.51,13.51,13.41,13.41
1704288600,13.41,13.42,13.29,13.29
1704290400,13.29,13.33,13.22,13.31
1704292200,13.31,13.38,13.24,13.3
1704294000,13.19,13.19,13.19,13.19
1704349800,13.21,13.21,13.21,13.21
1704351600,13.21,13.28,12.92,12.96
1704353400,12.96,13.02,12.81,12.86
1704355200,12.87,13.08,12.83,13.05
1704357000,13.04,13.24,13.02,13.19
1704358800,13.19,13.24,13.07,13.08
1704360600,13.09,13.12,13,13.1
1704362400,13.11,13.13,13.02,13.03
1704364200,13.03,13.03,12.96,12.96
1704366000,12.96,12.98,12.92,12.94
1704367800,12.94,12.98,12.88,12.97
1704369600,12.97,12.99,12.89,12.93
1704371400,12.92,12.94,12.88,12.89
1704373200,12.9,12.96,12.88,12.95
1704375000,12.96,12.99,12.9,12.91
1704376800,12.91,12.96,12.9,12.96
1704378600,12.95,13.14,12.94,13.07
1704380400,13.13,13.13,13.13,13.13
1704436200,13.17,13.17,13.17,13.17
1704438000,13.18,13.29,13.12,13.14
1704439800,13.14,13.16,13.05,13.05
1704441600,13.06,13.11,13.01,13.03
1704443400,13.03,13.04,12.94,12.94
1704445200,12.94,12.98,12.92,12.97
1704447000,12.98,12.98,12.93,12.95
1704448800,12.95,12.95,12.89,12.92
1704450600,12.91,13.06,12.89,13.06
1704452400,13.05,13.12,13.03,13.06
1704454200,13.06,13.16,13.04,13.14
1704456000,13.13,13.15,13.08,13.11
1704457800,13.11,13.11,13,13.03
1704459600,13.03,13.06,12.99,13.02
1704461400,13.01,13.04,12.96,13.03
1704463200,13.03,13.1,13.02,13.03
1704465000,13.03,13.16,12.98,13.09
1704466800,13.14,13.14,13.14,13.14
1704695400,13.2,13.2,13.2,13.2
1704697200,13.21,13.3,13.14,13.2
1704699000,13.2,13.23,13.15,13.17
1704700800,13.17,13.24,13.17,13.21
1704702600,13.21,13.22,13.07,13.14
1704704400,13.14,13.2,13.13,13.17
1704706200,13.16,13.17,13.1,13.1
1704708000,13.1,13.18,13.1,13.16
1704709800,13.16,13.16,13.08,13.12
1704711600,13.12,13.12,13,13.05
1704713400,13.06,13.09,13.05,13.08
1704715200,13.07,13.08,13.04,13.05
1704717000,13.05,13.11,13.04,13.11
1704718800,13.1,13.12,13.05,13.09
1704720600,13.1,13.13,13.05,13.12
1704722400,13.11,13.13,13.09,13.1
1704724200,13.11,13.13,13.08,13.12
1704726000,13.03,13.03,13.03,13.03
1704781800,12.98,12.98,12.98,12.98
1704783600,12.98,13.09,12.9,13.01
1704785400,13.02,13.03,12.86,12.9
1704787200,12.9,12.9,12.64,12.66
1704789000,12.67,12.67,12.6,12.66
1704790800,12.66,12.69,12.62,12.63
1704792600,12.62,12.64,12.57,12.59
1704794400,12.59,12.61,12.54,12.54
1704796200,12.55,12.61,12.53,12.57
1704798000,12.56,12.58,12.53,12.54
1704799800,12.55,12.65,12.54,12.63
1704801600,12.63,12.69,12.55,12.57
1704803400,12.56,12.57,12.46,12.51
1704805200,12.52,12.64,12.51,12.59
1704807000,12.59,12.59,12.51,12.51
1704808800,12.51,12.57,12.5,12.54
1704810600,12.54,12.56,12.49,12.52
1704812400,12.47,12.47,12.47,12.47
1704868200,12.48,12.48,12.48,12.48
1704870000,12.48,12.5,12.36,12.42
1704871800,12.41,12.51,12.41,12.45
1704873600,12.46,12.51,12.42,12.44
1704875400,12.44,12.51,12.42,12.48
1704877200,12.48,12.53,12.47,12.52
1704879000,12.52,12.53,12.48,12.49
1704880800,12.5,12.52,12.43,12.46
1704882600,12.46,12.48,12.43,12.44
1704884400,12.44,12.46,12.3,12.33
1704886200,12.33,12.35,12.32,12.33
1704888000,12.34,12.35,12.29,12.34
1704889800,12.35,12.37,12.23,12.3
1704891600,12.29,12.34,12.24,12.3
1704893400,12.3,12.34,12.22,12.34
1704895200,12.34,12.6,12.33,12.49
1704897000,12.5,12.75,12.47,12.74
1704898800,12.71,12.71,12.71,12.71
1704954600,12.84,12.84,12.84,12.84
1704956400,12.84,13.12,12.78,13.08
1704958200,13.08,13.15,13.04,13.07
1704960000,13.06,13.19,13.05,13.07
1704961800,13.07,13.1,13.04,13.05
1704963600,13.04,13.09,13.04,13.06
1704965400,13.06,13.07,13.01,13.05
1704967200,13.05,13.07,13,13.02
1704969000,13.01,13.03,12.99,13
1704970800,13,13.04,13,13.03
1704972600,13.03,13.06,13,13.03
1704974400,13.02,13.04,13.01,13.02
1704976200,13.02,13.03,12.89,12.89
1704978000,12.9,13.01,12.86,13
1704979800,13.01,13.01,12.9,12.92
1704981600,12.93,13,12.85,12.87
1704983400,12.86,12.95,12.85,12.95
1704985200,12.91,12.91,12.91,12.91
1705041000,12.87,12.87,12.87,12.87
1705042800,12.87,12.87,12.73,12.8
1705044600,12.81,12.92,12.73,12.82
1705046400,12.82,13,12.81,12.95
1705048200,12.95,13.03,12.94,13.01
1705050000,13,13.03,12.92,12.94
1705051800,12.94,12.96,12.91,12.92
1705053600,12.91,12.98,12.89,12.96
1705055400,12.96,13.06,12.9,13.03
1705057200,13.04,13.2,13.04,13.16
1705059000,13.17,13.29,13.13,13.25
1705060800,13.25,13.31,13.21,13.28
1705062600,13.28,13.34,13.23,13.26
1705064400,13.25,13.37,13.23,13.33
1705066200,13.33,13.46,13.3,13.46
1705068000,13.46,13.59,13.45,13.5
1705069800,13.5,13.55,13.3,13.32
1705071600,13.31,13.31,13.31,13.31
1705300200,13.41,13.41,13.41,13.41
1705302000,13.43,13.59,13.34,13.5
1705303800,13.49,13.54,13.44,13.48
1705305600,13.48,13.48,13.4,13.44
1705307400,13.45,13.49,13.39,13.43
1705309200,13.44,13.45,13.26,13.3
1705311000,13.3,13.36,13.28,13.29
1705312800,13.29,13.29,13.2,13.27
1705314600,13.27,13.3,13.23,13.29
1705316400,13.29,13.29,13.19,13.22
1705318200,13.22,13.25,13.18,13.18
1705320000,13.17,13.22,13.13,13.19
1705321800,13.19,13.24,13.18,13.22
1705323600,13.22,13.28,13.18,13.28
1705325400,13.27,13.36,13.23,13.36
1705327200,13.35,13.36,13.26,13.29
1705329000,13.29,13.39,13.27,13.34
1705330800,13.32,13.32,13.32,13.32
1705386600,13.37,13.37,13.37,13.37
1705388400,13.37,13.55,13.36,13.41
1705390200,13.42,13.46,13.39,13.4
1705392000,13.39,13.39,13.25,13.3
1705393800,13.3,13.32,13.24,13.28
1705395600,13.28,13.29,13.16,13.17
1705397400,13.17,13.21,13.15,13.19
1705399200,13.19,13.22,13.17,13.21
1705401000,13.2,13.26,13.18,13.25
1705402800,13.25,13.25,13.2,13.22
1705404600,13.21,13.26,13.19,13.24
1705406400,13.24,13.27,13.22,13.26
1705408200,13.26,13.26,13.21,13.23
1705410000,13.23,13.42,13.22,13.42
1705411800,13.42,13.48,13.36,13.44
1705413600,13.45,13.52,13.42,13.46
1705415400,13.45,13.47,13.36,13.41
1705417200,13.37,13.37,13.37,13.37
1705473000,13.37,13.37,13.37,13.37
1705474800,13.36,13.45,13.29,13.33
1705476600,13.32,13.33,13.22,13.24
1705478400,13.23,13.26,13.15,13.26
1705480200,13.25,13.26,13.17,13.17
1705482000,13.18,13.18,13.13,13.16
1705483800,13.17,13.17,13.12,13.16
1705485600,13.14,13.17,13.11,13.16
1705487400,13.16,13.25,13.11,13.23
1705489200,13.23,13.26,13.2,13.23
1705491000,13.23,13.31,13.22,13.24
1705492800,13.25,13.32,13.23,13.25
1705494600,13.26,13.32,13.23,13.24
1705496400,13.24,13.24,13.21,13.22
1705498200,13.22,13.24,13.2,13.22
1705500000,13.21,13.22,13.15,13.19
1705501800,13.19,13.23,13.15,13.15
1705503600,13.17,13.17,13.17,13.17
1705559400,13.32,13.32,13.32,13.32
1705561200,13.3,13.32,13.22,13.26
1705563000,13.25,13.36,13.23,13.31
1705564800,13.31,13.36,13.24,13.35
1705566600,13.35,13.38,13.25,13.32
1705568400,13.31,13.32,13.2,13.2
1705570200,13.2,13.32,13.19,13.25
1705572000,13.25,13.26,13.17,13.18
1705573800,13.16,13.22,13.15,13.18
1705575600,13.18,13.23,13.15,13.17
1705577400,13.16,13.16,13.08,13.09
1705579200,13.08,13.21,13.04,13.18
1705581000,13.18,13.27,13.16,13.21
1705582800,13.21,13.27,13.18,13.25
1705584600,13.25,13.42,13.25,13.34
1705586400,13.33,13.53,13.33,13.52
1705588200,13.52,13.53,13.34,13.39
1705590000,13.38,13.38,13.38,13.38
1705645800,13.41,13.41,13.41,13.41
1705647600,13.41,13.43,13.31,13.38
1705649400,13.39,13.45,13.35,13.37
1705651200,13.37,13.37,13.32,13.35
1705653000,13.34,13.49,13.33,13.39
1705654800,13.39,13.39,13.32,13.35
1705656600,13.34,13.38,13.34,13.37
1705658400,13.37,13.41,13.34,13.35
1705660200,13.36,13.36,13.3,13.33
1705662000,13.33,13.37,13.33,13.36
1705663800,13.36,13.41,13.33,13.39
1705665600,13.4,13.42,13.36,13.4
1705667400,13.42,13.51,13.42,13.5
1705669200,13.5,13.51,13.45,13.46
1705671000,13.46,13.5,13.44,13.48
1705672800,13.47,13.47,13.35,13.36
1705674600,13.36,13.38,13.3,13.34
1705676400,13.47,13.47,13.47,13.47
1705905000,13.5,13.5,13.5,13.5
1705906800,13.49,13.74,13.41,13.62
1705908600,13.62,13.66,13.41,13.46
1705910400,13.46,13.49,13.38,13.39
1705912200,13.39,13.43,13.37,13.39
1705914000,13.4,13.43,13.35,13.4
1705915800,13.4,13.48,13.4,13.44
1705917600,13.44,13.47,13.42,13.44
1705919400,13.44,13.46,13.43,13.45
1705921200,13.45,13.45,13.42,13.43
1705923000,13.43,13.47,13.41,13.46
1705924800,13.47,13.53,13.47,13.52
1705926600,13.52,13.53,13.47,13.48
1705928400,13.48,13.6,13.46,13.55
1705930200,13.55,13.58,13.52,13.55
1705932000,13.55,13.58,13.5,13.58
1705933800,13.57,13.6,13.51,13.58
1705935600,13.67,13.67,13.67,13.67
1705991400,13.75,13.75,13.75,13.75
1705993200,13.75,13.8,13.63,13.7
1705995000,13.7,13.72,13.59,13.7
1705996800,13.7,13.71,13.62,13.64
1705998600,13.63,13.64,13.52,13.54
1706000400,13.54,13.54,13.46,13.47
1706002200,13.48,13.51,13.46,13.49
1706004000,13.49,13.49,13.46,13.48
1706005800,13.47,13.48,13.43,13.43
1706007600,13.43,13.44,13.35,13.4
1706009400,13.4,13.41,13.29,13.31
1706011200,13.31,13.34,13.27,13.31
1706013000,13.31,13.34,13.26,13.29
1706014800,13.29,13.29,13.16,13.18
1706016600,13.18,13.18,13.07,13.07
1706018400,13.08,13.19,13.06,13.12
1706020200,13.13,13.19,13.06,13.11
1706022000,13.15,13.15,13.15,13.15
1706077800,13.32,13.32,13.32,13.32
1706079600,13.32,13.34,13.19,13.31
1706081400,13.31,13.33,13.15,13.17
1706083200,13.17,13.32,13.15,13.28
1706085000,13.28,13.35,13.27,13.31
1706086800,13.3,13.32,13.25,13.27
1706088600,13.27,13.3,13.24,13.25
1706090400,13.26,13.3,13.23,13.24
1706092200,13.25,13.25,13.16,13.21
1706094000,13.21,13.25,13.16,13.2
1706095800,13.2,13.22,13.18,13.18
1706097600,13.18,13.4,13.18,13.35
1706099400,13.35,13.44,13.35,13.41
1706101200,13.41,13.48,13.36,13.41
1706103000,13.41,13.42,13.32,13.35
1706104800,13.34,13.36,13.31,13.34
1706106600,13.33,13.34,13.27,13.28
1706108400,13.26,13.26,13.26,13.26
1706164200,13.3,13.3,13.3,13.3
1706166000,13.3,13.38,13.24,13.33
1706167800,13.33,13.4,13.28,13.31
1706169600,13.31,13.34,13.3,13.34
1706171400,13.34,13.38,13.31,13.36
1706173200,13.37,13.37,13.3,13.36
1706175000,13.36,13.36,13.3,13.31
1706176800,13.31,13.35,13.31,13.32
1706178600,13.31,13.34,13.31,13.33
1706180400,13.33,13.49,13.32,13.47
1706182200,13.46,13.56,13.44,13.5
1706184000,13.5,13.51,13.4,13.42
1706185800,13.42,13.44,13.4,13.41
1706187600,13.41,13.45,13.37,13.45
1706189400,13.45,13.49,13.42,13.46
1706191200,13.45,13.49,13.41,13.48
1706193000,13.48,13.54,13.45,13.52
1706194800,13.55,13.55,13.55,13.55
1706250600,13.65,13.65,13.65,13.65
1706252400,13.64,13.65,13.51,13.59
1706254200,13.59,13.59,13.52,13.56
1706256000,13.55,13.58,13.5,13.57
1706257800,13.56,13.57,13.51,13.53
1706259600,13.53,13.53,13.5,13.52
1706261400,13.51,13.54,13.49,13.53
1706263200,13.53,13.6,13.52,13.55
1706265000,13.56,13.58,13.53,13.56
1706266800,13.56,13.69,13.56,13.6
1706268600,13.6,13.62,13.54,13.56
1706270400,13.55,13.68,13.55,13.68
1706272200,13.68,13.77,13.66,13.72
1706274000,13.71,13.82,13.68,13.78
1706275800,13.79,13.92,13.79,13.91
1706277600,13.9,13.92,13.83,13.89
1706279400,13.89,13.95,13.85,13.91
1706281200,13.91,13.91,13.91,13.91
1706509800,14.01,14.01,14.01,14.01
1706511600,14.01,14.04,13.89,13.96
1706513400,13.97,13.98,13.83,13.86
1706515200,13.86,13.93,13.81,13.93
1706517000,13.92,13.95,13.87,13.9
1706518800,13.91,14.13,13.9,14.1
1706520600,14.1,14.13,14.06,14.08
1706522400,14.08,14.12,14,14.03
1706524200,14.03,14.04,13.99,14.01
1706526000,14.01,14.03,13.96,13.99
1706527800,13.99,14,13.95,13.97
1706529600,13.98,14.01,13.95,13.97
1706531400,13.97,13.97,13.82,13.85
1706533200,13.84,13.89,13.8,13.84
1706535000,13.83,13.86,13.78,13.85
1706536800,13.85,13.94,13.83,13.92
1706538600,13.92,14.02,13.9,13.95
1706540400,13.99,13.99,13.99,13.99
1706596200,14.07,14.07,14.07,14.07
1706598000,14.06,14.08,13.93,14.04
1706599800,14.04,14.06,13.93,13.93
1706601600,13.93,13.99,13.9,13.96
1706603400,13.96,14.13,13.95,14.11
1706605200,14.1,14.12,14,14.1
1706607000,14.1,14.3,14.1,14.27
1706608800,14.28,14.28,14.19,14.26
1706610600,14.27,14.28,14.18,14.23
1706612400,14.23,14.24,14.19,14.2
1706614200,14.2,14.25,14.17,14.18
1706616000,14.18,14.27,14.16,14.2
1706617800,14.2,14.26,14.18,14.22
1706619600,14.22,14.27,14.18,14.19
1706621400,14.19,14.24,14.15,14.21
1706623200,14.21,14.25,14.17,14.2
1706625000,14.2,14.24,14.07,14.08
1706626800,14.08,14.08,14.08,14.08
1706682600,14.06,14.06,14.06,14.06
1706684400,14.06,14.06,13.76,13.95
1706686200,13.95,13.97,13.86,13.97
1706688000,13.96,14.19,13.95,14.18
1706689800,14.17,14.23,14.16,14.17
1706691600,14.18,14.24,14.16,14.2
1706693400,14.2,14.29,14.2,14.25
1706695200,14.25,14.3,14.2,14.29
1706697000,14.28,14.29,14.22,14.22
1706698800,14.22,14.24,14.19,14.2
1706700600,14.2,14.22,14.17,14.18
1706702400,14.18,14.2,14.15,14.17
1706704200,14.17,14.2,14.14,14.18
1706706000,14.17,14.22,14.14,14.2
1706707800,14.2,14.35,14.19,14.33
1706709600,14.33,14.39,14.22,14.26
1706711400,14.26,14.28,14.09,14.22
1706713200,14.08,14.08,14.08,14.08
1706769000,14.14,14.14,14.14,14.14
1706770800,14.14,14.38,14.14,14.3
1706772600,14.3,14.42,14.28,14.3
1706774400,14.3,14.42,14.28,14.4
1706776200,14.39,14.5,14.38,14.49
1706778000,14.48,14.63,14.48,14.61
1706779800,14.61,15,14.6,14.99
1706781600,15,15.09,14.96,15.01
1706783400,15,15.03,14.99,15.02
1706785200,15.03,15.09,14.99,15.09
1706787000,15.09,15.23,15,15.04
1706788800,15.03,15.14,15.03,15.07
1706790600,15.08,15.1,15.02,15.05
1706792400,15.06,15.17,14.99,15.13
1706794200,15.13,15.2,15.1,15.18
1706796000,15.18,15.25,15.04,15.04
1706797800,15.06,15.12,14.94,15.04
1706799600,15.04,15.04,15.04,15.04
1706855400,15.1,15.1,15.1,15.1
1706857200,15.1,15.14,14.94,15.02
1706859000,15.03,15.09,14.94,14.98
1706860800,14.99,14.99,14.89,14.93
1706862600,14.92,14.92,14.79,14.84
1706864400,14.85,14.9,14.81,14.82
1706866200,14.82,14.88,14.8,14.88
1706868000,14.88,14.94,14.86,14.92
1706869800,14.91,14.93,14.86,14.92
1706871600,14.92,15,14.91,14.96
1706873400,14.96,15.01,14.89,14.91
1706875200,14.9,14.96,14.87,14.89
1706877000,14.88,14.92,14.77,14.78
1706878800,14.78,14.87,14.77,14.87
1706880600,14.86,14.92,14.79,14.83
1706882400,14.82,14.88,14.76,14.87
1706884200,14.87,14.93,14.82,14.85
1706886000,14.94,14.94,14.94,14.94
1707114600,14.94,14.94,14.94,14.94
1707116400,14.92,14.94,14.75,14.93
1707118200,14.93,15.05,14.92,14.97
1707120000,14.97,15.08,14.92,15.03
1707121800,15.04,15.08,14.95,14.99
1707123600,14.98,15.02,14.95,15.02
1707125400,15.02,15.06,14.97,14.98
1707127200,14.98,15.06,14.93,15.02
1707129000,15.02,15.1,14.97,15.07
1707130800,15.07,15.1,15.07,15.08
1707132600,15.1,15.11,15.06,15.1
1707134400,15.1,15.12,15.07,15.1
1707136200,15.11,15.13,15.09,15.12
1707138000,15.13,15.17,15.12,15.16
1707139800,15.16,15.2,15.14,15.2
1707141600,15.19,15.23,15.18,15.22
1707143400,15.22,15.32,15.21,15.29
1707145200,15.35,15.35,15.35,15.35
1707201000,15.31,15.31,15.31,15.31
1707202800,15.31,15.39,15.14,15.35
1707204600,15.35,15.45,15.23,15.34
1707206400,15.33,15.33,15.11,15.21
1707208200,15.2,15.24,15.16,15.2
1707210000,15.2,15.26,15.15,15.24
1707211800,15.24,15.31,15.2,15.23
1707213600,15.23,15.36,15.22,15.32
1707215400,15.32,15.41,15.29,15.4
1707217200,15.39,15.42,15.39,15.42
1707219000,15.43,15.49,15.4,15.45
1707220800,15.45,15.5,15.44,15.5
1707222600,15.49,15.5,15.48,15.5
1707224400,15.49,15.5,15.47,15.5
1707226200,15.5,15.51,15.48,15.5
1707228000,15.51,15.51,15.47,15.48
1707229800,15.47,15.58,15.46,15.48
1707231600,15.53,15.53,15.53,15.53
1707287400,15.56,15.56,15.56,15.56
1707289200,15.56,15.71,15.5,15.62
1707291000,15.62,15.67,15.53,15.58
1707292800,15.58,15.65,15.53,15.6
1707294600,15.6,15.62,15.54,15.55
1707296400,15.54,15.61,15.53,15.57
1707298200,15.57,15.59,15.56,15.57
1707300000,15.58,15.59,15.56,15.58
1707301800,15.58,15.59,15.51,15.51
1707303600,15.51,15.58,15.37,15.55
1707305400,15.55,15.55,15.54,15.54
1707307200,15.55,15.55,15.53,15.55
1707309000,15.55,15.61,15.53,15.58
1707310800,15.58,15.58,15.53,15.57
1707312600,15.57,15.58,15.51,15.53
1707314400,15.52,15.53,15.5,15.5
1707316200,15.51,15.55,15.49,15.52
1707318000,15.51,15.51,15.51,15.51
1707373800,15.51,15.51,15.51,15.51
1707375600,15.51,15.65,15.43,15.52
1707377400,15.51,15.53,15.45,15.51
1707379200,15.51,15.53,15.46,15.49
1707381000,15.48,15.54,15.45,15.5
1707382800,15.5,15.53,15.47,15.47
1707384600,15.49,15.49,15.46,15.49
1707386400,15.49,15.53,15.49,15.52
1707388200,15.52,15.59,15.5,15.58
1707390000,15.58,15.6,15.57,15.59
1707391800,15.59,15.64,15.58,15.61
1707393600,15.6,15.63,15.58,15.63
1707395400,15.63,15.64,15.55,15.61
1707397200,15.6,15.65,15.55,15.65
1707399000,15.65,15.68,15.62,15.66
1707400800,15.65,15.72,15.64,15.66
1707402600,15.66,15.72,15.61,15.7
1707404400,15.75,15.75,15.75,15.75
1707460200,15.75,15.75,15.75,15.75
1707462000,15.76,15.84,15.68,15.69
1707463800,15.69,15.73,15.63,15.68
1707465600,15.67,15.67,15.45,15.54
1707467400,15.56,15.64,15.52,15.62
1707469200,15.61,15.63,15.56,15.59
1707471000,15.59,15.68,15.57,15.63
1707472800,15.64,15.68,15.63,15.63
1707474600,15.64,15.64,15.61,15.61
1707476400,15.62,15.62,15.56,15.59
1707478200,15.59,15.64,15.58,15.6
1707480000,15.59,15.61,15.56,15.56
1707481800,15.57,15.62,15.56,15.56
1707483600,15.57,15.57,15.5,15.51
1707485400,15.52,15.53,15.48,15.51
1707487200,15.5,15.56,15.45,15.55
1707489000,15.55,15.65,15.52,15.59
1707490800,15.59,15.59,15.59,15.59
1707719400,15.7,15.7,15.7,15.7
1707721200,15.69,15.78,15.67,15.71
1707723000,15.71,15.79,15.69,15.7
1707724800,15.7,15.79,15.7,15.77
1707726600,15.77,15.78,15.72,15.75
1707728400,15.75,15.82,15.74,15.79
1707730200,15.8,15.8,15.75,15.79
1707732000,15.79,15.83,15.77,15.78
1707733800,15.79,15.79,15.75,15.76
1707735600,15.76,15.77,15.71,15.73
1707737400,15.73,15.74,15.69,15.72
1707739200,15.72,15.76,15.71,15.74
1707741000,15.74,15.75,15.72,15.73
1707742800,15.73,15.75,15.72,15.74
1707744600,15.73,15.76,15.71,15.72
1707746400,15.72,15.72,15.65,15.7
1707748200,15.7,15.78,15.69,15.71
1707750000,15.71,15.8,15.71,15.8
1707805800,15.8,15.8,15.8,15.8
1707807600,15.81,15.88,15.67,15.67
1707809400,15.66,15.67,15.54,15.55
1707811200,15.54,15.62,15.42,15.62
1707813000,15.62,15.74,15.59,15.69
1707814800,15.71,15.77,15.67,15.67
1707816600,15.67,15.7,15.65,15.66
1707818400,15.66,15.67,15.58,15.58
1707820200,15.58,15.7,15.5,15.7
1707822000,15.69,15.74,15.67,15.7
1707823800,15.69,15.72,15.68,15.7
1707825600,15.69,15.75,15.68,15.72
1707827400,15.71,15.73,15.69,15.72
1707829200,15.71,15.73,15.7,15.71
1707831000,15.71,15.71,15.68,15.69
1707832800,15.68,15.69,15.62,15.64
1707834600,15.64,15.7,15.61,15.61
1707836400,15.74,15.74,15.74,15.74
1707892200,15.71,15.71,15.71,15.71
1707894000,15.71,15.71,15.42,15.45
1707895800,15.47,15.53,15.28,15.42
1707897600,15.42,15.42,15.27,15.28
1707899400,15.28,15.4,15.25,15.31
1707901200,15.31,15.34,15.25,15.28
1707903000,15.28,15.3,15.23,15.29
1707904800,15.29,15.32,15.28,15.3
1707906600,15.29,15.32,15.24,15.25
1707908400,15.25,15.25,15.14,15.17
1707910200,15.17,15.18,15.1,15.1
1707912000,15.11,15.25,15.08,15.24
1707913800,15.25,15.27,15.21,15.24
1707915600,15.23,15.23,15.12,15.12
1707917400,15.13,15.15,15.08,15.11
1707919200,15.12,15.24,15.05,15.18
1707921000,15.18,15.33,15.16,15.31
1707922800,15.5,15.5,15.5,15.5
1707978600,15.5,15.5,15.5,15.5
1707980400,15.51,15.69,15.46,15.62
1707982200,15.62,15.67,15.56,15.6
1707984000,15.6,15.73,15.57,15.65
1707985800,15.66,15.76,15.65,15.75
1707987600,15.75,15.8,15.72,15.76
1707989400,15.77,15.78,15.69,15.76
1707991200,15.76,15.79,15.71,15.75
1707993000,15.75,15.75,15.67,15.73
1707994800,15.73,15.75,15.68,15.69
1707996600,15.68,15.77,15.67,15.77
1707998400,15.76,15.78,15.71,15.74
1708000200,15.74,15.74,15.65,15.67
1708002000,15.67,15.76,15.67,15.75
1708003800,15.76,15.86,15.74,15.79
1708005600,15.79,15.93,15.78,15.86
1708007400,15.85,15.87,15.72,15.77
1708009200,15.77,15.77,15.77,15.77
1708065000,15.81,15.81,15.81,15.81
1708066800,15.82,16.02,15.78,16
1708068600,15.98,16.02,15.78,15.84
1708070400,15.86,15.9,15.77,15.87
1708072200,15.87,15.9,15.82,15.88
1708074000,15.88,15.9,15.86,15.9
1708075800,15.9,15.98,15.89,15.89
1708077600,15.91,16.01,15.89,15.98
1708079400,15.98,16,15.96,16
1708081200,15.98,16.01,15.89,15.94
1708083000,15.95,15.99,15.91,15.93
1708084800,15.93,15.96,15.88,15.89
1708086600,15.89,16.01,15.85,15.91
1708088400,15.91,15.92,15.84,15.92
1708090200,15.91,15.93,15.87,15.88
1708092000,15.88,15.94,15.87,15.89
1708093800,15.89,15.94,15.88,15.91
1708095600,15.87,15.87,15.87,15.87
1708324200,15.91,15.91,15.91,15.91
1708326000,15.91,15.98,15.82,15.83
1708327800,15.83,15.86,15.72,15.79
1708329600,15.79,15.81,15.75,15.76
1708331400,15.75,15.76,15.71,15.71
1708333200,15.71,15.75,15.7,15.72
1708335000,15.72,15.75,15.71,15.75
1708336800,15.74,15.81,15.71,15.8
1708338600,15.79,15.89,15.78,15.84
1708340400,15.84,15.84,15.76,15.78
1708342200,15.77,15.82,15.74,15.76
1708344000,15.76,15.76,15.72,15.73
1708345800,15.73,15.74,15.69,15.69
1708347600,15.69,15.72,15.68,15.71
1708349400,15.7,15.7,15.64,15.64
1708351200,15.64,15.65,15.46,15.53
1708353000,15.52,15.64,15.48,15.53
1708354800,15.53,15.63,15.53,15.63
1708410600,15.65,15.65,15.65,15.65
1708412400,15.64,15.65,15.48,15.56
1708414200,15.55,15.56,15.43,15.49
1708416000,15.49,15.51,15.43,15.49
1708417800,15.5,15.59,15.48,15.58
1708419600,15.58,15.59,15.53,15.53
1708421400,15.53,15.61,15.53,15.58
1708423200,15.58,15.6,15.56,15.59
1708425000,15.59,15.6,15.57,15.58
1708426800,15.58,15.61,15.56,15.57
1708428600,15.57,15.6,15.5,15.55
1708430400,15.56,15.7,15.55,15.69
1708432200,15.69,15.72,15.68,15.68
1708434000,15.68,15.72,15.68,15.7
1708435800,15.69,15.71,15.55,15.55
1708437600,15.55,15.59,15.51,15.55
1708439400,15.54,15.6,15.52,15.59
1708441200,15.66,15.66,15.66,15.66
1708497000,15.75,15.75,15.75,15.75
1708498800,15.74,15.77,15.61,15.61
1708500600,15.6,15.6,15.46,15.49
1708502400,15.48,15.49,15.45,15.46
1708504200,15.46,15.49,15.42,15.43
1708506000,15.43,15.46,15.4,15.45
1708507800,15.45,15.47,15.43,15.46
1708509600,15.46,15.49,15.43,15.48
1708511400,15.48,15.48,15.44,15.47
1708513200,15.48,15.54,15.47,15.52
1708515000,15.52,15.64,15.51,15.62
1708516800,15.63,15.75,15.62,15.73
1708518600,15.73,15.74,15.67,15.69
1708520400,15.7,15.8,15.69,15.8
1708522200,15.8,15.82,15.7,15.76
1708524000,15.77,15.77,15.69,15.71
1708525800,15.71,15.78,15.7,15.77
1708527600,15.79,15.79,15.79,15.79
1708583400,15.81,15.81,15.81,15.81
1708585200,15.81,15.82,15.62,15.7
1708587000,15.72,15.73,15.67,15.7
1708588800,15.7,15.76,15.69,15.71
1708590600,15.72,15.77,15.71,15.71
1708592400,15.72,15.73,15.68,15.69
1708594200,15.69,15.69,15.66,15.69
1708596000,15.68,15.7,15.52,15.52
1708597800,15.54,15.57,15.48,15.56
1708599600,15.55,15.57,15.49,15.53
1708601400,15.53,15.53,15.43,15.44
1708603200,15.43,15.5,15.42,15.44
1708605000,15.44,15.48,15.43,15.44
1708606800,15.44,15.48,15.38,15.4
1708608600,15.41,15.49,15.4,15.48
1708610400,15.48,15.58,15.46,15.57
1708612200,15.58,15.63,15.55,15.6
1708614000,15.49,15.49,15.49,15.49
1708669800,15.57,15.57,15.57,15.57
1708671600,15.57,15.57,15.42,15.53
1708673400,15.53,15.58,15.47,15.55
1708675200,15.56,15.6,15.54,15.59
1708677000,15.59,15.65,15.57,15.59
1708678800,15.59,15.62,15.56,15.6
1708680600,15.6,15.6,15.55,15.58
1708682400,15.58,15.67,15.58,15.61
1708684200,15.61,15.61,15.55,15.61
1708686000,15.61,15.64,15.59,15.63
1708687800,15.63,15.65,15.57,15.62
1708689600,15.61,15.65,15.53,15.56
1708691400,15.55,15.56,15.44,15.44
1708693200,15.45,15.52,15.42,15.5
1708695000,15.51,15.57,15.5,15.56
1708696800,15.57,15.59,15.52,15.56
1708698600,15.56,15.56,15.25,15.36
1708700400,15.31,15.31,15.31,15.31
1708929000,15.39,15.39,15.39,15.39
1708930800,15.39,15.54,15.35,15.44
1708932600,15.45,15.5,15.31,15.42
1708934400,15.42,15.47,15.38,15.45
1708936200,15.46,15.57,15.45,15.53
1708938000,15.54,15.58,15.5,15.54
1708939800,15.53,15.53,15.47,15.48
1708941600,15.49,15.51,15.44,15.45
1708943400,15.44,15.54,15.44,15.51
1708945200,15.51,15.55,15.51,15.51
1708947000,15.51,15.51,15.43,15.44
1708948800,15.46,15.47,15.42,15.45
1708950600,15.46,15.49,15.45,15.49
1708952400,15.49,15.51,15.46,15.51
1708954200,15.51,15.53,15.45,15.46
1708956000,15.46,15.47,15.3,15.32
1708957800,15.31,15.42,15.3,15.38
1708959600,15.38,15.38,15.38,15.38
1709015400,15.4,15.4,15.4,15.4
1709017200,15.4,15.42,15.2,15.31
1709019000,15.31,15.32,15.13,15.16
1709020800,15.15,15.25,15.14,15.17
1709022600,15.16,15.23,15.08,15.22
1709024400,15.23,15.26,15.16,15.23
1709026200,15.22,15.23,15.05,15.09
1709028000,15.09,15.22,15.09,15.2
1709029800,15.2,15.23,15.15,15.19
1709031600,15.19,15.27,15.17,15.27
1709033400,15.26,15.28,15.2,15.25
1709035200,15.25,15.38,15.23,15.38
1709037000,15.37,15.38,15.26,15.29
1709038800,15.3,15.35,15.3,15.32
1709040600,15.32,15.35,15.26,15.26
1709042400,15.27,15.32,15.22,15.29
1709044200,15.3,15.33,15.25,15.3
1709046000,15.18,15.18,15.18,15.18
1709101800,15.2,15.2,15.2,15.2
1709103600,15.21,15.24,15.03,15.07
1709105400,15.07,15.13,15.01,15.08
1709107200,15.09,15.23,15.08,15.17
1709109000,15.17,15.19,15.1,15.15
1709110800,15.15,15.17,15.08,15.09
1709112600,15.1,15.13,15.09,15.11
1709114400,15.11,15.13,15.09,15.12
1709116200,15.13,15.17,15.12,15.12
1709118000,15.12,15.13,15.08,15.12
1709119800,15.11,15.13,14.92,14.95
1709121600,14.94,15,14.92,14.94
1709123400,14.95,14.95,14.82,14.83
1709125200,14.82,14.94,14.82,14.89
1709127000,14.89,14.96,14.73,14.76
1709128800,14.76,14.8,14.74,14.77
1709130600,14.77,14.85,14.76,14.78
1709132400,14.75,14.75,14.75,14.75
1709188200,14.83,14.83,14.83,14.83
1709190000,14.83,15.26,14.83,15.18
1709191800,15.18,15.25,15.12,15.19
1709193600,15.2,15.26,15.15,15.21
1709195400,15.21,15.26,15.2,15.25
1709197200,15.26,15.31,15.24,15.31
1709199000,15.31,15.4,15.27,15.37
1709200800,15.37,15.37,15.3,15.31
1709202600,15.31,15.35,15.28,15.34
1709204400,15.34,15.36,15.3,15.34
1709206200,15.34,15.39,15.29,15.39
1709208000,15.39,15.44,15.36,15.43
1709209800,15.43,15.6,15.42,15.57
1709211600,15.57,15.59,15.48,15.55
1709213400,15.55,15.59,15.47,15.49
1709215200,15.49,15.56,15.47,15.54
1709217000,15.54,15.72,15.54,15.69
1709218800,15.57,15.57,15.57,15.57
1709274600,15.6,15.6,15.6,15.6
1709276400,15.61,15.68,15.47,15.62
1709278200,15.62,15.72,15.59,15.62
1709280000,15.62,15.63,15.36,15.38
1709281800,15.38,15.41,15.33,15.36
1709283600,15.36,15.36,15.24,15.25
1709285400,15.24,15.29,15.23,15.28
1709287200,15.28,15.3,15.24,15.27
1709289000,15.27,15.27,15.18,15.25
1709290800,15.24,15.26,15.18,15.25
1709292600,15.25,15.26,15.22,15.24
1709294400,15.24,15.27,15.2,15.24
1709296200,15.23,15.27,15.16,15.18
1709298000,15.17,15.21,15.04,15.05
1709299800,15.05,15.06,14.93,14.98
1709301600,14.97,15.04,14.91,14.97
1709303400,14.97,14.99,14.93,14.94
1709305200,14.99,14.99,14.99,14.99
1709533800,15.09,15.09,15.09,15.09
1709535600,15.08,15.11,14.97,15.1
1709537400,15.1,15.12,14.96,14.97
1709539200,14.98,14.98,14.72,14.75
1709541000,14.75,14.88,14.74,14.87
1709542800,14.87,14.9,14.81,14.81
1709544600,14.81,14.88,14.81,14.83
1709546400,14.83,14.83,14.76,14.8
1709548200,14.8,14.8,14.74,14.78
1709550000,14.77,14.82,14.77,14.82
1709551800,14.82,14.83,14.76,14.77
1709553600,14.76,14.79,14.73,14.74
1709555400,14.74,14.74,14.66,14.71
1709557200,14.71,14.71,14.61,14.65
1709559000,14.64,14.71,14.62,14.69
1709560800,14.69,14.91,14.68,14.82
1709562600,14.81,14.88,14.77,14.77
1709564400,14.82,14.82,14.82,14.82
1709620200,14.82,14.82,14.82,14.82
1709622000,14.82,14.9,14.78,14.84
1709623800,14.83,14.85,14.67,14.69
1709625600,14.7,14.77,14.67,14.76
1709627400,14.76,14.85,14.74,14.81
1709629200,14.81,14.83,14.77,14.8
1709631000,14.8,14.82,14.76,14.8
1709632800,14.8,14.84,14.68,14.77
1709634600,14.76,14.81,14.64,14.67
1709636400,14.67,14.67,14.56,14.6
1709638200,14.59,14.72,14.54,14.6
1709640000,14.6,14.61,14.54,14.59
1709641800,14.59,14.64,14.57,14.59
1709643600,14.58,14.7,14.46,14.48
1709645400,14.48,14.49,14.33,14.43
1709647200,14.43,14.66,14.37,14.66
1709649000,14.66,14.69,14.51,14.53
1709650800,14.57,14.57,14.57,14.57
1709706600,14.62,14.62,14.62,14.62
1709708400,14.62,14.63,14.38,14.46
1709710200,14.46,14.47,14.27,14.42
1709712000,14.43,14.5,14.4,14.47
1709713800,14.48,14.53,14.42,14.5
1709715600,14.5,14.54,14.41,14.44
1709717400,14.44,14.46,14.4,14.42
1709719200,14.42,14.5,14.41,14.44
1709721000,14.44,14.45,14.37,14.38
1709722800,14.38,14.38,14.16,14.19
1709724600,14.19,14.19,14.05,14.06
1709726400,14.06,14.06,13.89,13.89
1709728200,13.9,14.07,13.77,13.99
1709730000,13.98,14.02,13.95,14
1709731800,13.99,14,13.89,13.91
1709733600,13.91,13.95,13.84,13.87
1709735400,13.87,13.97,13.85,13.97
1709737200,13.82,13.82,13.82,13.82
1709793000,13.9,13.9,13.9,13.9
1709794800,13.9,14.06,13.89,14.01
1709796600,14.02,14.15,14.02,14.07
1709798400,14.07,14.16,14.07,14.1
1709800200,14.1,14.21,14.05,14.2
1709802000,14.22,14.22,14.16,14.2
1709803800,14.2,14.2,13.99,14.06
1709805600,14.06,14.08,14.02,14.07
1709807400,14.07,14.08,14.03,14.07
1709809200,14.07,14.07,13.99,14
1709811000,14.01,14.02,13.96,14.01
1709812800,14.01,14.04,13.97,14.01
1709814600,14.02,14.1,14.02,14.1
1709816400,14.11,14.16,14.06,14.14
1709818200,14.14,14.2,14.12,14.18
1709820000,14.18,14.27,14.16,14.27
1709821800,14.26,14.36,14.26,14.35
1709823600,14.34,14.34,14.34,14.34
1709879400,14.36,14.36,14.36,14.36
1709881200,14.35,14.58,14.35,14.55
1709883000,14.54,14.72,14.48,14.56
1709884800,14.56,14.69,14.55,14.67
1709886600,14.67,14.81,14.67,14.74
1709888400,14.73,14.73,14.59,14.68
1709890200,14.68,14.73,14.64,14.7
1709892000,14.7,14.74,14.66,14.71
1709893800,14.71,14.76,14.68,14.72
1709895600,14.72,14.77,14.7,14.72
1709897400,14.72,14.72,14.69,14.7
1709899200,14.7,14.79,14.69,14.76
1709901000,14.76,14.78,14.71,14.74
1709902800,14.73,14.74,14.67,14.69
1709904600,14.68,14.81,14.68,14.79
1709906400,14.8,14.86,14.77,14.86
1709908200,14.86,14.87,14.72,14.83
1709910000,14.74,14.74,14.74,14.74
1710138600,14.93,14.93,14.93,14.93
1710140400,14.94,15.03,14.77,14.81
1710142200,14.81,14.81,14.51,14.52
1710144000,14.52,14.62,14.5,14.54
1710145800,14.53,14.56,14.49,14.5
1710147600,14.5,14.78,14.49,14.77
1710149400,14.78,14.79,14.71,14.76
1710151200,14.76,14.85,14.75,14.82
1710153000,14.82,14.87,14.8,14.84
1710154800,14.84,14.88,14.8,14.88
1710156600,14.87,14.91,14.84,14.9
1710158400,14.91,15.02,14.9,15.01
1710160200,15.02,15.14,14.98,15.13
1710162000,15.13,15.21,15.05,15.18
1710163800,15.18,15.27,15.15,15.22
1710165600,15.22,15.26,15.01,15.02
1710167400,15.01,15.17,15,15.09
1710169200,15.02,15.02,15.02,15.02
1710225000,15.2,15.2,15.2,15.2
1710226800,15.18,15.18,14.74,14.86
1710228600,14.86,15.03,14.82,15.03
1710230400,15.02,15.1,14.99,15.09
1710232200,15.09,15.15,15.07,15.09
1710234000,15.1,15.11,15.07,15.09
1710235800,15.09,15.1,15.07,15.07
1710237600,15.07,15.15,15.05,15.15
1710239400,15.15,15.18,15.14,15.17
1710241200,15.17,15.18,15.15,15.17
1710243000,15.17,15.2,15.17,15.2
1710244800,15.19,15.24,15.19,15.21
1710246600,15.21,15.23,15.2,15.23
1710248400,15.22,15.24,15.21,15.23
1710250200,15.24,15.25,15.22,15.24
1710252000,15.24,15.26,15.2,15.21
1710253800,15.21,15.26,15.2,15.25
1710255600,15.29,15.29,15.29,15.29
1710311400,15.29,15.29,15.29,15.29
1710313200,15.28,15.32,15.06,15.06
1710315000,15.06,15.06,14.93,15.03
1710316800,15.03,15.07,14.95,14.96
1710318600,14.96,14.97,14.9,14.93
1710320400,14.93,14.93,14.79,14.8
1710322200,14.8,14.9,14.78,14.87
1710324000,14.87,14.93,14.82,14.92
1710325800,14.92,15.08,14.91,15.01
1710327600,15.02,15.02,14.92,14.94
1710329400,14.94,15.06,14.93,15.06
1710331200,15.06,15.06,14.98,15
1710333000,15,15.01,14.91,14.98
1710334800,14.99,15.02,14.94,14.96
1710336600,14.96,14.98,14.93,14.95
1710338400,14.95,15.01,14.93,15
1710340200,15,15.01,14.86,14.87
1710342000,14.82,14.82,14.82,14.82
1710397800,14.97,14.97,14.97,14.97
1710399600,14.92,14.95,14.55,14.59
1710401400,14.6,14.69,14.55,14.58
1710403200,14.58,14.63,14.5,14.51
1710405000,14.51,14.52,14.28,14.28
1710406800,14.29,14.3,14.21,14.22
1710408600,14.21,14.29,14.18,14.25
1710410400,14.25,14.26,14,14.18
1710412200,14.19,14.22,14.14,14.16
1710414000,14.16,14.17,14.07,14.15
1710415800,14.15,14.17,14.08,14.12
1710417600,14.13,14.14,14.06,14.07
1710419400,14.06,14.12,14.03,14.08
1710421200,14.09,14.09,13.96,13.98
1710423000,13.99,14.01,13.93,13.96
1710424800,13.95,13.98,13.88,13.91
1710426600,13.91,13.98,13.89,13.9
1710428400,13.91,13.91,13.91,13.91
1710484200,14.05,14.05,14.05,14.05
1710486000,14.05,14.05,13.75,13.89
1710487800,13.88,13.9,13.82,13.89
1710489600,13.88,13.89,13.73,13.79
1710491400,13.79,13.85,13.78,13.8
1710493200,13.8,13.82,13.78,13.81
1710495000,13.81,13.84,13.79,13.83
1710496800,13.83,13.94,13.8,13.92
1710498600,13.93,14.03,13.92,13.99
1710500400,13.99,13.99,13.88,13.9
1710502200,13.91,13.98,13.89,13.97
1710504000,13.97,13.97,13.82,13.85
1710505800,13.86,13.98,13.84,13.97
1710507600,13.98,14.01,13.93,13.95
1710509400,13.95,13.97,13.91,13.94
1710511200,13.94,13.97,13.92,13.94
1710513000,13.93,13.99,13.88,13.96
1710514800,13.86,13.86,13.86,13.86
1710743400,13.99,13.99,13.99,13.99
1710745200,13.97,13.98,13.65,13.72
1710747000,13.73,13.76,13.66,13.75
1710748800,13.73,13.86,13.72,13.8
1710750600,13.8,14.03,13.8,14.03
1710752400,14.02,14.09,13.98,14
1710754200,14.01,14.03,13.95,13.97
1710756000,13.98,14.04,13.95,13.99
1710757800,13.99,14.01,13.86,13.89
1710759600,13.89,13.9,13.78,13.82
1710761400,13.83,13.83,13.75,13.76
1710763200,13.76,13.85,13.74,13.8
1710765000,13.79,13.85,13.75,13.76
1710766800,13.77,13.79,13.7,13.71
1710768600,13.71,13.8,13.7,13.77
1710770400,13.77,13.84,13.76,13.82
1710772200,13.8,13.84,13.78,13.8
1710774000,13.75,13.75,13.75,13.75
1710829800,13.78,13.78,13.78,13.78
1710831600,13.78,13.89,13.71,13.81
1710833400,13.82,13.88,13.79,13.87
1710835200,13.88,13.89,13.81,13.85
1710837000,13.85,13.94,13.82,13.93
1710838800,13.93,13.98,13.9,13.96
1710840600,13.96,14.01,13.94,14
1710842400,14.01,14.02,13.92,13.94
1710844200,13.94,13.98,13.93,13.96
1710846000,13.96,14,13.95,13.99
1710847800,13.99,14,13.96,14
1710849600,14,14,13.96,13.99
1710851400,13.98,14,13.92,13.93
1710853200,13.94,14,13.93,13.99
1710855000,13.98,14.09,13.96,13.97
1710856800,13.97,14.01,13.95,14
1710858600,14,14.07,13.97,14.07
1710860400,14.05,14.05,14.05,14.05
1710916200,14.06,14.06,14.06,14.06
1710918000,14.06,14.34,14.06,14.14
1710919800,14.16,14.24,14.11,14.22
1710921600,14.22,14.28,14.18,14.2
1710923400,14.2,14.2,14.05,14.06
1710925200,14.06,14.07,13.96,14
1710927000,14,14.02,13.94,13.99
1710928800,13.99,14.17,13.95,14.16
1710930600,14.17,14.2,14.14,14.18
1710932400,14.18,14.21,14.14,14.2
1710934200,14.2,14.22,14.18,14.2
1710936000,14.2,14.24,14.19,14.22
1710937800,14.22,14.25,14.22,14.23
1710939600,14.23,14.31,14.23,14.3
1710941400,14.29,14.41,14.29,14.4
1710943200,14.39,14.57,14.39,14.55
1710945000,14.55,14.57,14.48,14.52
1710946800,14.51,14.51,14.51,14.51
1711002600,14.58,14.58,14.58,14.58
1711004400,14.58,14.87,14.54,14.86
1711006200,14.85,14.92,14.84,14.91
1711008000,14.91,14.94,14.84,14.9
1711009800,14.9,14.95,14.9,14.93
1711011600,14.93,15.05,14.93,14.99
1711013400,14.99,15,14.95,14.96
1711015200,14.96,15.04,14.93,15.03
1711017000,15.03,15.1,15.01,15.06
1711018800,15.06,15.19,15.01,15.11
1711020600,15.1,15.34,15.1,15.33
1711022400,15.34,15.36,15.19,15.19
1711024200,15.19,15.21,15.14,15.19
1711026000,15.2,15.29,15.16,15.27
1711027800,15.28,15.39,15.27,15.38
1711029600,15.39,15.39,15.21,15.21
1711031400,15.21,15.22,15.17,15.21
1711033200,15.21,15.21,15.21,15.21
1711089000,15.16,15.16,15.16,15.16
1711090800,15.16,15.53,14.74,15.4
1711092600,15.4,15.68,15.27,15.64
1711094400,15.65,15.66,15.33,15.42
1711096200,15.42,15.55,15.4,15.53
1711098000,15.54,15.54,15.43,15.5
1711099800,15.5,15.55,15.48,15.53
1711101600,15.53,15.56,15.42,15.43
1711103400,15.43,15.67,15.39,15.59
1711105200,15.59,15.59,15.51,15.59
1711107000,15.59,15.68,15.59,15.64
1711108800,15.64,15.64,15.55,15.6
1711110600,15.59,15.6,15.51,15.53
1711112400,15.53,15.56,15.48,15.5
1711114200,15.49,15.53,15.47,15.48
1711116000,15.49,15.51,15.45,15.46
1711117800,15.46,15.5,15.45,15.47
1711119600,15.45,15.45,15.45,15.45
1711348200,15.44,15.44,15.44,15.44
1711350000,15.44,15.49,15.2,15.21
1711351800,15.2,15.34,15.18,15.34
1711353600,15.34,15.51,15.34,15.44
1711355400,15.43,15.48,15.39,15.47
1711357200,15.47,15.49,15.41,15.41
1711359000,15.41,15.41,15.34,15.36
1711360800,15.38,15.39,15.32,15.34
1711362600,15.34,15.4,15.32,15.34
1711364400,15.34,15.35,15.26,15.35
1711366200,15.34,15.36,15.22,15.23
1711368000,15.22,15.25,15.11,15.13
1711369800,15.12,15.13,15.04,15.05
1711371600,15.04,15.07,14.95,14.96
1711373400,14.95,14.96,14.89,14.9
1711375200,14.89,14.95,14.85,14.93
1711377000,14.93,15.08,14.86,14.99
1711378800,15,15,15,15
1711434600,15,15,15,15
1711436400,15,15.1,14.92,14.93
1711438200,14.93,15.07,14.85,14.99
1711440000,14.99,15.04,14.9,14.91
1711441800,14.91,14.98,14.81,14.84
1711443600,14.84,14.89,14.78,14.84
1711445400,14.84,14.85,14.72,14.73
1711447200,14.73,14.79,14.71,14.73
1711449000,14.72,14.74,14.62,14.63
1711450800,14.62,14.66,14.53,14.65
1711452600,14.65,14.71,14.57,14.58
1711454400,14.57,14.6,14.53,14.56
1711456200,14.56,14.68,14.48,14.64
1711458000,14.65,14.65,14.49,14.58
1711459800,14.58,14.64,14.5,14.5
1711461600,14.5,14.56,14.45,14.48
1711463400,14.47,14.62,14.46,14.61
1711465200,14.6,14.6,14.6,14.6
1711521000,14.69,14.69,14.69,14.69
1711522800,14.7,15.05,14.57,14.86
1711524600,14.86,14.96,14.83,14.92
1711526400,14.93,14.97,14.83,14.86
1711528200,14.87,14.88,14.79,14.85
1711530000,14.85,14.88,14.77,14.79
1711531800,14.78,14.88,14.78,14.87
1711533600,14.87,14.95,14.86,14.9
1711535400,14.89,14.96,14.86,14.91
1711537200,14.92,14.92,14.83,14.87
1711539000,14.87,14.97,14.86,14.93
1711540800,14.93,15.04,14.92,15.01
1711542600,15.01,15.11,15.01,15.07
1711544400,15.07,15.08,14.92,14.93
1711546200,14.93,14.96,14.73,14.78
1711548000,14.78,14.89,14.76,14.81
1711549800,14.81,14.83,14.73,14.82
1711551600,14.8,14.8,14.77,14.77
1711607400,14.81,14.81,14.81,14.81
1711609200,14.79,14.89,14.75,14.87
1711611000,14.88,14.91,14.85,14.86
1711612800,14.87,14.95,14.85,14.94
1711614600,14.94,14.94,14.88,14.9
1711616400,14.91,14.95,14.9,14.92
1711618200,14.92,14.95,14.89,14.95
1711620000,14.95,14.96,14.91,14.93
1711621800,14.92,14.94,14.91,14.94
1711623600,14.94,14.97,14.89,14.96
1711625400,14.96,15.04,14.95,15.01
1711627200,15.02,15.02,14.96,14.97
1711629000,14.97,15.08,14.97,15.05
1711630800,15.05,15.07,15.03,15.05
1711632600,15.05,15.12,15.04,15.08
1711634400,15.08,15.11,15.06,15.07
1711636200,15.08,15.13,15.06,15.09
1711638000,15.12,15.12,15.12,15.12
1711693800,15.13,15.13,15.13,15.13
1711695600,15.13,15.26,15.1,15.26
1711697400,15.26,15.28,15.18,15.19
1711699200,15.19,15.19,15.09,15.09
1711701000,15.09,15.13,15.08,15.09
1711702800,15.09,15.11,15.08,15.1
1711704600,15.09,15.18,15.08,15.16
1711706400,15.15,15.2,15.14,15.2
1711708200,15.2,15.2,15.16,15.17
1711710000,15.17,15.29,15.15,15.28
1711711800,15.28,15.29,15.21,15.23
1711713600,15.24,15.27,15.22,15.27
1711715400,15.27,15.27,15.21,15.24
1711717200,15.24,15.25,15.19,15.2
1711719000,15.19,15.3,15.16,15.3
1711720800,15.3,15.33,15.26,15.3
1711722600,15.3,15.34,15.3,15.33
1711724400,15.29,15.29,15.29,15.29
1711953000,15.4,15.4,15.4,15.4
1711954800,15.39,15.92,15.38,15.39
1711956600,15.41,15.42,15.15,15.17
1711958400,15.16,15.3,15.14,15.29
1711960200,15.28,15.58,15.27,15.56
1711962000,15.55,15.59,15.51,15.54
1711963800,15.54,15.55,15.45,15.49
1711965600,15.49,15.65,15.48,15.65
1711967400,15.65,15.71,15.61,15.64
1711969200,15.64,15.75,15.64,15.74
1711971000,15.74,15.76,15.66,15.73
1711972800,15.73,15.78,15.68,15.75
1711974600,15.76,15.78,15.64,15.71
1711976400,15.71,15.74,15.57,15.67
1711978200,15.68,15.68,15.62,15.66
1711980000,15.67,15.88,15.65,15.86
1711981800,15.87,15.95,15.4,15.55
1711983600,15.55,15.55,15.5,15.5
1712039400,15.55,15.55,15.55,15.55
1712041200,15.56,16,15.41,15.98
1712043000,15.98,16,15.47,15.56
1712044800,15.56,15.6,15.54,15.58
1712046600,15.57,15.6,15.52,15.52
1712048400,15.53,15.57,15.52,15.56
1712050200,15.55,15.57,15.54,15.56
1712052000,15.56,15.62,15.54,15.59
1712053800,15.59,15.75,15.57,15.72
1712055600,15.72,15.84,15.56,15.67
1712057400,15.67,15.68,15.49,15.64
1712059200,15.65,15.66,15.42,15.5
1712061000,15.49,15.51,15.39,15.42
1712062800,15.43,15.45,15.3,15.33
1712064600,15.33,15.35,15.21,15.23
1712066400,15.21,15.34,15.18,15.26
1712068200,15.25,15.27,15.13,15.22
1712070000,15.2,15.25,15.2,15.25
1712125800,15.25,15.25,15.25,15.25
1712127600,15.25,15.25,15.03,15.08
1712129400,15.07,15.19,14.98,15.19
1712131200,15.19,15.2,15.04,15.05
1712133000,15.04,15.05,15,15
1712134800,15,15.14,15,15.07
1712136600,15.07,15.28,15.07,15.24
1712138400,15.24,15.25,15.2,15.22
1712140200,15.22,15.23,15.17,15.2
1712142000,15.2,15.27,15.17,15.26
1712143800,15.25,15.28,15.17,15.2
1712145600,15.2,15.27,15.17,15.24
1712147400,15.24,15.37,15.19,15.36
1712149200,15.36,15.38,15.26,15.28
1712151000,15.29,15.33,15.23,15.32
1712152800,15.31,15.47,15.3,15.45
1712154600,15.45,15.49,15.43,15.44
1712156400,15.47,15.47,15.47,15.47
1712212200,15.48,15.48,15.48,15.48
1712214000,15.48,15.64,15.41,15.56
1712215800,15.57,15.6,15.51,15.54
1712217600,15.54,15.77,15.53,15.67
1712219400,15.67,15.74,15.66,15.72
1712221200,15.73,15.76,15.68,15.74
1712223000,15.73,15.77,15.5,15.58
1712224800,15.59,15.8,15.56,15.72
1712226600,15.73,15.8,15.57,15.66
1712228400,15.65,15.69,15.61,15.68
1712230200,15.67,15.68,15.61,15.65
1712232000,15.65,15.75,15.61,15.74
1712233800,15.74,15.74,15.52,15.65
1712235600,15.65,15.77,15.62,15.69
1712237400,15.69,15.73,15.68,15.7
1712239200,15.7,15.77,15.65,15.75
1712241000,15.74,16.05,15.74,16.05
1712242800,15.92,15.92,15.92,15.92
1712298600,16,16,16,16
1712300400,16,16.32,15.96,16.25
1712302200,16.25,16.33,16.23,16.3
1712304000,16.3,16.35,16.27,16.29
1712305800,16.29,16.3,16.17,16.19
1712307600,16.19,16.26,16.16,16.19
1712309400,16.18,16.22,16.13,16.15
1712311200,16.16,16.17,16.06,16.12
1712313000,16.12,16.17,16.07,16.14
1712314800,16.12,16.28,16.12,16.2
1712316600,16.19,16.27,16.15,16.25
1712318400,16.25,16.25,16.12,16.13
1712320200,16.13,16.16,16.01,16.05
1712322000,16.05,16.2,16.05,16.19
1712323800,16.19,16.27,16.16,16.21
1712325600,16.21,16.31,16.14,16.29
1712327400,16.29,16.41,16.22,16.29
1712329200,16.28,16.36,16.28,16.36
1712557800,16.38,16.38,16.38,16.38
1712559600,16.38,16.73,16.34,16.45
1712561400,16.44,16.51,16.37,16.41
1712563200,16.4,16.42,16.3,16.36
1712565000,16.35,16.42,16.35,16.41
1712566800,16.41,16.42,16.31,16.39
1712568600,16.39,16.46,16.38,16.39
1712570400,16.39,16.43,16.35,16.41
1712572200,16.41,16.42,16.39,16.4
1712574000,16.4,16.48,16.37,16.48
1712575800,16.48,16.57,16.4,16.56
1712577600,16.57,16.57,16.46,16.53
1712579400,16.54,16.58,16.47,16.56
1712581200,16.56,16.57,16.49,16.57
1712583000,16.57,16.75,16.55,16.73
1712584800,16.73,16.75,16.65,16.69
1712586600,16.69,16.77,16.66,16.75
1712588400,16.77,16.77,16.77,16.77
1712644200,16.8,16.8,16.8,16.8
1712646000,16.81,16.9,16.66,16.75
1712647800,16.74,16.84,16.72,16.82
1712649600,16.82,16.89,16.74,16.79
1712651400,16.79,16.83,16.71,16.73
1712653200,16.72,16.76,16.7,16.74
1712655000,16.8,16.8,16.8,16.8
1713162600,16.75,16.75,16.75,16.75
1713164400,16.74,16.75,16.33,16.34
1713166200,16.34,16.34,16.22,16.31
1713168000,16.3,16.33,16.17,16.18
1713169800,16.18,16.3,16.09,16.11
1713171600,16.11,16.12,16.05,16.07
1713173400,16.08,16.09,15.92,15.92
1713175200,15.97,15.97,15.83,15.91
1713177000,15.91,15.95,15.82,15.85
1713178800,15.85,15.86,15.71,15.75
1713180600,15.75,15.95,15.73,15.93
1713182400,15.93,15.95,15.86,15.89
1713184200,15.89,15.92,15.86,15.88
1713186000,15.88,15.96,15.88,15.93
1713187800,15.94,16,15.91,15.98
1713189600,15.97,15.99,15.89,15.95
1713191400,15.95,16,15.9,15.95
1713193200,15.87,15.87,15.87,15.87
1713249000,15.65,15.65,15.65,15.65
1713250800,15.65,15.94,15.6,15.87
1713252600,15.88,15.91,15.74,15.83
1713254400,15.83,15.99,15.77,15.97
1713256200,15.97,16.03,15.9,15.98
1713258000,15.96,15.98,15.86,15.86
1713259800,15.87,15.97,15.86,15.95
1713261600,15.95,16.02,15.95,15.99
1713263400,15.99,16.09,15.94,16.07
1713265200,16.08,16.29,15.97,16.28
1713267000,16.28,16.37,16.25,16.27
1713268800,16.27,16.35,16.17,16.3
1713270600,16.3,16.37,16.26,16.35
1713272400,16.34,16.37,16.21,16.25
1713274200,16.25,16.28,15.98,16.2
1713276000,16.2,16.24,16.1,16.19
1713277800,16.19,16.27,16.1,16.14
1713279600,16.18,16.18,16.18,16.18
1713335400,16.34,16.34,16.34,16.34
1713337200,16.34,16.51,16.2,16.45
1713339000,16.45,16.48,16.28,16.48
1713340800,16.48,16.59,16.39,16.57
1713342600,16.57,16.58,16.5,16.54
1713344400,16.55,16.72,16.53,16.69
1713346200,16.7,16.72,16.6,16.69
1713348000,16.69,16.74,16.63,16.7
1713349800,16.7,16.88,16.68,16.78
1713351600,16.76,16.78,16.67,16.75
1713353400,16.74,16.96,16.74,16.85
1713355200,16.84,16.91,16.76,16.88
1713357000,16.88,16.92,16.68,16.68
1713358800,16.69,16.75,16.68,16.71
1713360600,16.71,16.74,16.68,16.68
1713362400,16.69,16.81,16.64,16.74
1713364200,16.75,16.85,16.68,16.7
1713366000,16.68,16.68,16.68,16.68
1713421800,16.78,16.78,16.78,16.78
1713423600,16.79,16.97,16.78,16.94
1713425400,16.94,16.94,16.6,16.6
1713427200,16.6,16.71,16.57,16.69
1713429000,16.69,16.9,16.68,16.83
1713430800,16.83,16.93,16.83,16.83
1713432600,16.84,16.87,16.81,16.82
1713434400,16.82,16.95,16.79,16.91
1713436200,16.91,16.93,16.85,16.93
1713438000,16.92,16.98,16.89,16.95
1713439800,16.95,17.09,16.94,17.07
1713441600,17.07,17.1,16.99,17.02
1713443400,17.02,17.07,16.95,16.98
1713445200,16.98,16.98,16.83,16.84
1713447000,16.84,17.08,16.84,17.05
1713448800,17.05,17.17,17.02,17.09
1713450600,17.09,17.25,17.07,17.15
1713452400,17.2,17.2,17.2,17.2
1713508200,16.9,16.9,16.9,16.9
1713510000,16.9,16.96,16.75,16.88
1713511800,16.88,17.04,16.83,16.96
1713513600,16.95,17.06,16.91,16.97
1713515400,16.97,17.1,16.97,17.01
1713517200,17.02,17.03,16.97,17
1713519000,17,17.03,16.93,16.96
1713520800,16.96,17,16.9,16.96
1713522600,16.96,17.05,16.96,17
1713524400,17.01,17.01,16.94,16.96
1713526200,16.96,17.02,16.93,16.98
1713528000,16.98,17.15,16.97,17.13
1713529800,17.14,17.17,17.06,17.09
1713531600,17.08,17.24,17.07,17.23
1713533400,17.22,17.35,16.99,17.02
1713535200,17.01,17.11,16.98,17.09
1713537000,17.1,17.12,16.98,16.98
1713538800,17.16,17.16,17.16,17.16
1713767400,17.34,17.34,17.34,17.34
1713769200,17.31,17.86,17.3,17.76
1713771000,17.77,17.88,17.67,17.67
1713772800,17.66,17.66,17.53,17.62
1713774600,17.63,17.86,17.6,17.82
1713776400,17.82,17.84,17.71,17.72
1713778200,17.72,17.75,17.65,17.7
1713780000,17.7,17.78,17.67,17.67
1713781800,17.67,17.77,17.65,17.75
1713783600,17.75,17.77,17.63,17.64
1713785400,17.63,17.76,17.59,17.74
1713787200,17.74,17.81,17.73,17.79
1713789000,17.79,17.81,17.74,17.77
1713790800,17.77,17.88,17.75,17.81
1713792600,17.81,17.84,17.64,17.7
1713794400,17.7,17.74,17.55,17.65
1713796200,17.64,17.7,17.58,17.59
1713798000,17.5,17.5,17.5,17.5
1713940200,17.57,17.57,17.57,17.57
1713942000,17.58,17.77,17.46,17.74
1713943800,17.74,17.84,17.66,17.67
1713945600,17.67,17.76,17.64,17.72
1713947400,17.71,17.75,17.61,17.63
1713949200,17.63,17.65,17.5,17.57
1713951000,17.57,17.59,17.52,17.53
1713952800,17.53,17.54,17.36,17.37
1713954600,17.38,17.4,17.23,17.37
1713956400,17.36,17.42,17.26,17.3
1713958200,17.29,17.4,17.23,17.31
1713960000,17.3,17.37,17.27,17.34
1713961800,17.34,17.45,17.33,17.42
1713963600,17.42,17.48,17.38,17.46
1713965400,17.46,17.57,17.41,17.53
1713967200,17.53,17.6,17.51,17.54
1713969000,17.55,17.64,17.53,17.63
1713970800,17.64,17.64,17.64,17.64
1714026600,17.65,17.65,17.65,17.65
1714028400,17.65,18.06,17.56,18.01
1714030200,18.02,18.04,17.9,17.91
1714032000,17.92,17.96,17.81,17.84
1714033800,17.85,17.87,17.7,17.72
1714035600,17.73,17.77,17.66,17.74
1714037400,17.74,17.74,17.64,17.73
1714039200,17.73,17.76,17.66,17.74
1714041000,17.74,17.75,17.65,17.72
1714042800,17.71,17.9,17.71,17.84
1714044600,17.84,18.04,17.7,18
1714046400,18.01,18.1,17.93,17.97
1714048200,17.97,18.15,17.96,18.07
1714050000,18.08,18.14,18,18.1
1714051800,18.09,18.13,18.02,18.05
1714053600,18.04,18.15,18.01,18.09
1714055400,18.1,18.14,18.03,18.07
1714057200,18.06,18.12,18.06,18.12
1714113000,18.12,18.12,18.12,18.12
1714114800,18.12,18.31,18.07,18.3
1714116600,18.29,18.42,18.17,18.23
1714118400,18.23,18.3,18.15,18.28
1714120200,18.27,18.28,18.18,18.23
1714122000,18.23,18.25,18.09,18.12
1714123800,18.12,18.25,18.1,18.15
1714125600,18.15,18.2,18.11,18.14
1714127400,18.14,18.16,17.98,17.98
1714129200,17.98,18.12,17.87,18.1
1714131000,18.08,18.09,17.97,18.03
1714132800,18.02,18.02,17.96,17.98
1714134600,17.98,18.13,17.94,18.1
1714136400,18.1,18.16,18.06,18.12
1714138200,18.12,18.16,18.07,18.09
1714140000,18.1,18.16,18.07,18.14
1714141800,18.14,18.15,18.02,18.1
1714143600,18.02,18.02,18.02,18.02
1714372200,18.25,18.25,18.25,18.25
1714374000,18.21,18.29,18.1,18.16
1714375800,18.15,18.28,18.11,18.23
1714377600,18.23,18.28,18.16,18.18
1714379400,18.19,18.26,18.18,18.2
1714381200,18.19,18.25,18.15,18.17
1714383000,18.17,18.18,18.1,18.13
1714384800,18.14,18.15,18.09,18.12
1714386600,18.12,18.12,17.95,17.97
1714388400,17.97,18.05,17.95,17.96
1714390200,17.97,18.03,17.95,17.98
1714392000,17.97,17.99,17.8,17.87
1714393800,17.86,18.04,17.85,18.02
1714395600,18.03,18.13,17.98,18.06
1714397400,18.06,18.2,18.06,18.17
1714399200,18.17,18.37,18.16,18.29
1714401000,18.28,18.29,18.16,18.19
1714402800,18.26,18.26,18.26,18.26
1714458600,18.3,18.3,18.3,18.3
1714460400,18.29,18.5,18.07,18.37
1714462200,18.37,18.41,18.25,18.38
1714464000,18.37,18.5,18.36,18.48
1714465800,18.48,18.72,18.48,18.68
1714467600,18.67,18.79,18.65,18.7
1714469400,18.7,18.73,18.62,18.67
1714471200,18.67,18.68,18.6,18.63
1714473000,18.64,18.68,18.59,18.67
1714474800,18.66,18.69,18.6,18.67
1714476600,18.68,18.7,18.63,18.64
1714478400,18.65,18.66,18.58,18.58
1714480200,18.58,18.58,18.34,18.43
1714482000,18.43,18.43,18.35,18.42
1714483800,18.43,18.5,18.43,18.46
1714485600,18.46,18.47,18.27,18.29
1714487400,18.28,18.37,18.27,18.37
1714489200,18.25,18.25,18.25,18.25
1714631400,18.34,18.34,18.34,18.34
1714633200,18.35,18.59,18.34,18.56
1714635000,18.55,18.69,18.49,18.63
1714636800,18.64,18.71,18.58,18.63
1714638600,18.62,18.68,18.52,18.64
1714640400,18.64,18.65,18.59,18.64
1714642200,18.64,18.73,18.61,18.64
1714644000,18.64,18.65,18.54,18.59
1714645800,18.59,18.62,18.47,18.52
1714647600,18.52,18.56,18.47,18.5
1714649400,18.5,18.5,18.37,18.39
1714651200,18.39,18.52,18.38,18.51
1714653000,18.5,18.65,18.48,18.58
1714654800,18.58,18.72,18.57,18.62
1714656600,18.63,18.67,18.55,18.63
1714658400,18.63,18.65,18.49,18.6
1714660200,18.6,18.63,18.52,18.59
1714662000,18.59,18.59,18.59,18.59
1714717800,18.61,18.61,18.61,18.61
1714719600,18.61,19.19,18.61,19.18
1714721400,19.18,19.28,19.12,19.22
1714723200,19.22,19.22,19.02,19.07
1714725000,19.06,19.14,19.01,19.02
1714726800,19.02,19.19,19,19.19
1714728600,19.19,19.23,19.16,19.18
1714730400,19.18,19.22,19.12,19.18
1714732200,19.19,19.23,19.16,19.23
1714734000,19.23,19.45,19.22,19.42
1714735800,19.43,19.43,19.26,19.28
1714737600,19.28,19.33,19.19,19.21
1714739400,19.21,19.3,19.17,19.24
1714741200,19.23,19.25,19.16,19.24
1714743000,19.23,19.28,19.15,19.17
1714744800,19.17,19.31,19.15,19.31
1714746600,19.31,19.36,19.26,19.34
1714748400,19.35,19.35,19.35,19.35
1714977000,19.5,19.5,19.5,19.5
1714978800,19.47,19.59,19.27,19.42
1714980600,19.43,19.5,19.35,19.42
1714982400,19.41,19.49,19.4,19.45
1714984200,19.45,19.45,19.3,19.31
1714986000,19.31,19.31,19.18,19.28
1714987800,19.28,19.41,19.27,19.4
1714989600,19.4,19.45,19.37,19.44
1714991400,19.44,19.44,19.35,19.39
1714993200,19.39,19.46,19.36,19.44
1714995000,19.43,19.5,19.34,19.37
1714996800,19.37,19.43,19.36,19.43
1714998600,19.43,19.43,19.3,19.31
1715000400,19.31,19.33,19.12,19.17
1715002200,19.17,19.25,19.13,19.21
1715004000,19.21,19.31,19.2,19.22
1715005800,19.22,19.31,19.17,19.28
1715007600,19.21,19.21,19.21,19.21
1715063400,19.3,19.3,19.3,19.3
1715065200,19.3,19.39,19.13,19.35
1715067000,19.36,19.55,19.33,19.54
1715068800,19.53,19.58,19.44,19.49
1715070600,19.49,19.53,19.39,19.45
1715072400,19.45,19.46,19.3,19.32
1715074200,19.33,19.35,19.25,19.31
1715076000,19.31,19.35,19.27,19.29
1715077800,19.29,19.29,19.12,19.16
1715079600,19.16,19.29,19.14,19.26
1715081400,19.26,19.29,19.22,19.27
1715083200,19.28,19.29,19.05,19.12
1715085000,19.11,19.2,19.08,19.12
1715086800,19.13,19.19,19.07,19.15
1715088600,19.14,19.52,19.12,19.5
1715090400,19.52,19.68,19.46,19.53
1715092200,19.52,19.59,19.48,19.54
1715094000,19.6,19.6,19.6,19.6
1715149800,19.65,19.65,19.65,19.65
1715151600,19.64,19.72,19.35,19.35
1715153400,19.35,19.42,19.29,19.32
1715155200,19.33,19.43,19.31,19.38
1715157000,19.39,19.41,19.34,19.39
1715158800,19.39,19.43,19.33,19.38
1715160600,19.38,19.43,19.36,19.37
1715162400,19.37,19.43,19.34,19.4
1715164200,19.4,19.43,19.37,19.42
1715166000,19.43,19.6,19.42,19.59
1715167800,19.58,19.72,19.58,19.65
1715169600,19.65,19.67,19.52,19.54
1715171400,19.54,19.67,19.51,19.56
1715173200,19.56,19.74,19.55,19.62
1715175000,19.63,19.66,19.51,19.52
1715176800,19.51,19.55,19.38,19.46
1715178600,19.45,19.54,19.37,19.42
1715180400,19.39,19.39,19.39,19.39
1715236200,19.5,19.5,19.5,19.5
1715238000,19.5,19.55,19.32,19.34
1715239800,19.35,19.46,19.33,19.38
1715241600,19.39,19.47,19.38,19.41
1715243400,19.41,19.64,19.35,19.6
1715245200,19.6,19.82,19.6,19.78
1715247000,19.79,19.85,19.7,19.8
1715248800,19.8,19.87,19.78,19.82
1715250600,19.83,19.83,19.73,19.76
1715252400,19.76,19.78,19.68,19.68
1715254200,19.68,19.8,19.66,19.8
1715256000,19.8,19.86,19.74,19.78
1715257800,19.79,19.82,19.57,19.6
1715259600,19.61,19.77,19.56,19.77
1715261400,19.76,19.85,19.7,19.79
1715263200,19.79,19.87,19.76,19.85
1715265000,19.85,20.01,19.85,19.99
1715266800,20,20,20,20
1715322600,20.02,20.02,20.02,20.02
1715324400,20.01,20.57,19.92,20.5
1715326200,20.49,20.6,20.26,20.3
1715328000,20.29,20.35,20.23,20.3
1715329800,20.3,20.3,20.16,20.27
1715331600,20.27,20.29,20.23,20.26
1715333400,20.26,20.27,20.17,20.21
1715335200,20.21,20.24,20.11,20.14
1715337000,20.13,20.17,20.03,20.06
1715338800,20.06,20.14,20.02,20.08
1715340600,20.07,20.19,20.05,20.15
1715342400,20.15,20.23,20.11,20.12
1715344200,20.12,20.14,20.02,20.04
1715346000,20.03,20.1,19.98,20.08
1715347800,20.08,20.2,19.96,19.98
1715349600,19.98,20.02,19.89,19.92
1715351400,19.91,19.98,19.83,19.94
1715353200,19.9,19.9,19.9,19.9
1715581800,20,20,20,20
1715583600,20.01,20.3,19.84,19.86
1715585400,19.87,19.88,19.64,19.8
1715587200,19.79,19.98,19.7,19.86
1715589000,19.85,19.95,19.77,19.79
1715590800,19.78,19.79,19.64,19.65
1715592600,19.65,19.68,19.57,19.59
1715594400,19.59,19.6,19.39,19.43
1715596200,19.44,19.5,19.4,19.41
1715598000,19.4,19.54,19.4,19.54
1715599800,19.54,19.59,19.5,19.54
1715601600,19.54,19.7,19.51,19.69
1715603400,19.69,19.95,19.66,19.94
1715605200,19.93,20.03,19.75,19.78
1715607000,19.79,19.99,19.76,19.8
1715608800,19.8,19.8,19.65,19.69
1715610600,19.68,19.73,19.56,19.6
1715612400,19.52,19.52,19.52,19.52
1715668200,19.61,19.61,19.61,19.61
1715670000,19.61,19.78,19.55,19.6
1715671800,19.6,19.67,19.39,19.4
1715673600,19.4,19.57,19.36,19.55
1715675400,19.55,19.61,19.45,19.61
1715677200,19.61,19.66,19.51,19.63
1715679000,19.63,19.63,19.5,19.52
1715680800,19.51,19.51,19.36,19.36
1715682600,19.35,19.45,19.35,19.37
1715684400,19.38,19.54,19.35,19.46
1715686200,19.45,19.48,19.41,19.41
1715688000,19.41,19.56,19.38,19.55
1715689800,19.55,19.6,19.5,19.58
1715691600,19.58,19.77,19.58,19.7
1715693400,19.7,19.81,19.63,19.65
1715695200,19.64,19.78,19.55,19.69
1715697000,19.7,19.77,19.66,19.71
1715698800,19.74,19.74,19.74,19.74
1715754600,19.7,19.7,19.7,19.7
1715756400,19.7,19.97,19.65,19.95
1715758200,19.94,19.97,19.68,19.72
1715760000,19.72,19.78,19.57,19.59
1715761800,19.59,19.6,19.45,19.46
1715763600,19.47,19.5,19.4,19.48
1715765400,19.48,19.49,19.39,19.41
1715767200,19.41,19.42,19.3,19.31
1715769000,19.3,19.36,19.26,19.35
1715770800,19.34,19.45,19.28,19.44
1715772600,19.44,19.46,19.4,19.4
1715774400,19.42,19.48,19.39,19.46
1715776200,19.46,19.54,19.41,19.46
1715778000,19.45,19.53,19.43,19.46
1715779800,19.47,19.5,19.4,19.41
1715781600,19.41,19.53,19.35,19.49
1715783400,19.49,19.55,19.4,19.44
1715785200,19.44,19.44,19.44,19.44
1715841000,19.44,19.44,19.44,19.44
1715842800,19.48,19.73,19.44,19.62
1715844600,19.62,19.66,19.51,19.54
1715846400,19.53,19.64,19.52,19.56
1715848200,19.56,19.64,19.54,19.61
1715850000,19.61,19.63,19.57,19.61
1715851800,19.61,19.69,19.59,19.67
1715853600,19.67,19.69,19.65,19.67
1715855400,19.67,19.85,19.66,19.77
1715857200,19.77,19.87,19.71,19.76
1715859000,19.76,19.86,19.72,19.85
1715860800,19.85,20.27,19.85,20.24
1715862600,20.24,20.27,20.1,20.15
1715864400,20.15,20.2,20.09,20.18
1715866200,20.17,20.26,20.14,20.19
1715868000,20.19,20.55,20.17,20.54
1715869800,20.53,20.61,20.39,20.45
1715871600,20.8,20.8,20.8,20.8
1715927400,20.8,20.8,20.8,20.8
1715929200,20.79,20.99,20.6,20.98
1715931000,20.99,21.02,20.76,20.96
1715932800,20.96,21.01,20.85,20.88
1715934600,20.87,20.96,20.79,20.94
1715936400,20.96,20.98,20.82,20.86
1715938200,20.86,20.94,20.84,20.84
1715940000,20.85,20.86,20.72,20.74
1715941800,20.74,20.86,20.7,20.84
1715943600,20.83,20.94,20.8,20.92
1715945400,20.93,21.11,20.9,20.94
1715947200,20.93,20.94,20.86,20.87
1715949000,20.87,20.91,20.8,20.88
1715950800,20.88,20.96,20.87,20.95
1715952600,20.95,21.03,20.84,20.85
1715954400,20.85,21.01,20.77,20.96
1715956200,20.95,21.04,20.82,20.85
1715958000,20.82,20.82,20.82,20.82
1716186600,20.86,20.86,20.86,20.86
1716188400,20.86,21.2,20.86,21.1
1716190200,21.1,21.11,21,21.03
1716192000,21.03,21.09,20.8,20.88
1716193800,20.88,20.88,20.67,20.73
1716195600,20.73,20.74,20.65,20.73
1716197400,20.72,20.74,20.59,20.62
1716199200,20.61,20.69,20.59,20.68
1716201000,20.69,20.7,20.57,20.59
1716202800,20.57,20.65,20.55,20.64
1716204600,20.62,20.83,20.62,20.82
1716206400,20.81,20.94,20.78,20.92
1716208200,20.92,20.98,20.8,20.83
1716210000,20.83,20.88,20.77,20.77
1716211800,20.77,20.91,20.77,20.91
1716213600,20.91,21.01,20.86,20.97
1716215400,20.97,21.01,20.77,20.81
1716217200,20.81,20.81,20.81,20.81
1716273000,20.84,20.84,20.84,20.84
1716274800,20.85,20.94,20.73,20.92
1716276600,20.92,21.1,20.85,21.08
1716278400,21.09,21.24,20.98,21.16
1716280200,21.15,21.24,21.13,21.17
1716282000,21.17,21.18,21.01,21.07
1716283800,21.07,21.1,20.98,21.1
1716285600,21.1,21.1,20.83,20.85
1716287400,20.86,20.94,20.74,20.8
1716289200,20.8,20.89,20.75,20.89
1716291000,20.89,20.99,20.84,20.97
1716292800,20.97,20.97,20.7,20.72
1716294600,20.72,20.91,20.68,20.91
1716296400,20.9,20.91,20.75,20.79
1716298200,20.79,20.84,20.75,20.75
1716300000,20.76,20.8,20.53,20.58
1716301800,20.57,20.66,20.47,20.59
1716303600,20.43,20.43,20.43,20.43
1716359400,20.5,20.5,20.5,20.5
1716361200,20.51,20.97,20.51,20.91
1716363000,20.9,20.94,20.69,20.72
1716364800,20.71,20.73,20.54,20.57
1716366600,20.57,20.7,20.54,20.6
1716368400,20.59,20.62,20.43,20.51
1716370200,20.51,20.6,20.5,20.6
1716372000,20.6,20.64,20.53,20.6
1716373800,20.59,20.62,20.49,20.52
1716375600,20.52,20.56,20.42,20.45
1716377400,20.46,20.5,20.41,20.47
1716379200,20.47,20.63,20.45,20.6
1716381000,20.6,20.62,20.43,20.44
1716382800,20.45,20.54,20.42,20.51
1716384600,20.51,20.6,20.46,20.52
1716386400,20.52,20.55,20.46,20.51
1716388200,20.51,20.53,20.45,20.49
1716390000,20.44,20.44,20.44,20.44
1716445800,20.38,20.38,20.38,20.38
1716447600,20.38,20.52,20.23,20.31
1716449400,20.31,20.47,20.25,20.38
1716451200,20.38,20.5,20.34,20.45
1716453000,20.45,20.48,20.34,20.38
1716454800,20.37,20.4,20.33,20.38
1716456600,20.38,20.4,20.32,20.33
1716458400,20.33,20.35,20.25,20.26
1716460200,20.26,20.3,20.23,20.28
1716462000,20.29,20.48,20.22,20.47
1716463800,20.48,20.57,20.37,20.38
1716465600,20.38,20.54,20.27,20.49
1716467400,20.48,20.55,20.42,20.49
1716469200,20.49,20.62,20.49,20.57
1716471000,20.56,20.61,20.49,20.6
1716472800,20.6,20.6,20.47,20.48
1716474600,20.47,20.49,20.28,20.3
1716476400,20.3,20.3,20.28,20.28
1716532200,20.63,20.63,20.63,20.63
1716534000,20.63,20.85,20.09,20.33
1716535800,20.32,20.53,20.27,20.5
1716537600,20.49,20.59,20.41,20.48
1716539400,20.48,20.58,20.46,20.52
1716541200,20.53,20.53,20.4,20.53
1716543000,20.53,20.54,20.4,20.43
1716544800,20.42,20.45,20.34,20.35
1716546600,20.35,20.4,20.3,20.34
1716548400,20.34,20.37,20.13,20.15
1716550200,20.15,20.2,20.13,20.17
1716552000,20.17,20.2,20.14,20.16
1716553800,20.14,20.18,20,20.09
1716555600,20.1,20.21,20.07,20.2
1716557400,20.21,20.22,20.12,20.18
1716559200,20.18,20.38,20.16,20.37
1716561000,20.36,20.37,20.21,20.27
1716562800,20.27,20.27,20.24,20.24
1716791400,20.27,20.27,20.27,20.27
1716793200,20.29,20.57,20.29,20.42
1716795000,20.42,20.65,20.4,20.56
1716796800,20.58,20.7,20.56,20.68
1716798600,20.7,20.83,20.69,20.77
1716800400,20.79,20.88,20.73,20.79
1716802200,20.79,20.82,20.71,20.72
1716804000,20.72,20.74,20.64,20.68
1716805800,20.69,20.75,20.68,20.72
1716807600,20.72,20.79,20.7,20.75
1716809400,20.75,20.85,20.73,20.79
1716811200,20.79,20.82,20.72,20.72
1716813000,20.73,20.73,20.58,20.63
1716814800,20.63,20.71,20.56,20.64
1716816600,20.63,20.76,20.63,20.65
1716818400,20.65,20.85,20.63,20.71
1716820200,20.71,20.81,20.67,20.8
1716822000,20.79,20.79,20.79,20.79
1716877800,20.78,20.78,20.78,20.78
1716879600,20.78,20.82,20.51,20.57
1716881400,20.56,20.63,20.35,20.36
1716883200,20.35,20.38,20.25,20.27
1716885000,20.28,20.49,20.27,20.43
1716886800,20.42,20.56,20.41,20.49
1716888600,20.5,20.51,20.38,20.43
1716890400,20.42,20.5,20.41,20.49
1716892200,20.49,20.52,20.44,20.5
1716894000,20.5,20.54,20.42,20.47
1716895800,20.45,20.5,20.4,20.49
1716897600,20.49,20.6,20.46,20.52
1716899400,20.52,20.89,20.52,20.87
1716901200,20.87,20.88,20.73,20.79
1716903000,20.79,20.87,20.74,20.79
1716904800,20.78,20.79,20.67,20.68
1716906600,20.68,20.85,20.68,20.71
1716908400,20.64,20.64,20.64,20.64
1716964200,20.65,20.65,20.65,20.65
1716966000,20.66,20.83,20.54,20.58
1716967800,20.57,20.59,20.34,20.39
1716969600,20.38,20.4,20.24,20.3
1716971400,20.3,20.4,20.22,20.23
1716973200,20.23,20.27,20.17,20.18
1716975000,20.18,20.2,20.08,20.12
1716976800,20.12,20.15,20.09,20.11
1716978600,20.11,20.18,20,20.01
1716980400,20.02,20.03,19.92,19.92
1716982200,19.93,19.96,19.86,19.88
1716984000,19.88,19.88,19.78,19.81
1716985800,19.81,19.9,19.71,19.87
1716987600,19.87,20.51,19.86,20.13
1716989400,20.14,20.4,20.09,20.37
1716991200,20.37,20.4,19.97,19.98
1716993000,19.99,20.05,19.95,19.97
1716994800,19.97,19.97,19.97,19.97
1717050600,19.97,19.97,19.97,19.97
1717052400,19.97,20,19.55,19.57
1717054200,19.57,19.66,19.45,19.52
1717056000,19.52,19.57,19.46,19.47
1717057800,19.47,19.47,19.39,19.47
1717059600,19.47,19.5,19.41,19.45
1717061400,19.45,19.45,19.39,19.4
1717063200,19.4,19.4,19.31,19.34
1717065000,19.34,19.34,19.28,19.31
1717066800,19.31,19.4,19.25,19.33
1717068600,19.33,19.5,19.27,19.48
1717070400,19.48,19.49,19.35,19.37
1717072200,19.38,19.4,19.29,19.31
1717074000,19.32,19.39,19.3,19.38
1717075800,19.36,19.55,19.34,19.53
1717077600,19.53,19.59,19.47,19.51
1717079400,19.5,19.61,19.48,19.49
1717081200,19.52,19.52,19.52,19.52
1717137000,20,20,20,20
1717138800,20.01,20.3,20.01,20.22
1717140600,20.22,20.39,20.19,20.39
1717142400,20.39,20.69,20.38,20.51
1717144200,20.51,20.62,20.44,20.58
1717146000,20.58,20.62,20.2,20.3
1717147800,20.3,20.31,20.19,20.29
1717149600,20.28,20.31,20.21,20.29
1717151400,20.29,20.32,20.25,20.31
1717153200,20.3,20.32,20.23,20.28
1717155000,20.28,20.29,20.15,20.19
1717156800,20.2,20.42,20.16,20.38
1717158600,20.38,20.41,20.25,20.3
1717160400,20.31,20.31,20.15,20.16
1717162200,20.16,20.3,20.13,20.15
1717164000,20.14,20.16,19.89,20
1717165800,20,20.21,19.99,20.16
1717167600,19.9,19.9,19.9,19.9
1717396200,20.05,20.05,20.05,20.05
1717398000,20.06,20.72,20.06,20.39
1717399800,20.4,20.58,20.29,20.49
1717401600,20.48,21.1,20.47,20.97
1717403400,20.96,21.01,20.89,20.95
1717405200,20.94,21.14,20.94,20.97
1717407000,20.97,21.05,20.95,21.01
1717408800,21.01,21.06,20.92,20.94
1717410600,20.94,20.99,20.9,20.94
1717412400,20.94,21.19,20.92,21.16
1717414200,21.16,21.23,21.1,21.18
1717416000,21.19,21.22,21.05,21.17
1717417800,21.18,21.21,21.12,21.15
1717419600,21.15,21.16,21.09,21.12
1717421400,21.12,21.21,21.04,21.06
1717423200,21.06,21.2,21.01,21.2
1717425000,21.18,21.4,21.11,21.32
1717426800,21.32,21.4,21.32,21.4
1717482600,21.5,21.5,21.5,21.5
1717484400,21.52,22.09,21.43,21.53
1717486200,21.53,21.54,21.35,21.43
1717488000,21.42,21.6,21.35,21.59
1717489800,21.59,21.75,21.55,21.59
1717491600,21.6,21.69,21.55,21.61
1717493400,21.61,21.69,21.55,21.61
1717495200,21.6,21.64,21.48,21.5
1717497000,21.52,21.52,21.34,21.42
1717498800,21.42,21.45,21.32,21.38
1717500600,21.37,21.47,21.31,21.39
1717502400,21.38,21.38,21.19,21.3
1717504200,21.29,21.34,21.18,21.3
1717506000,21.3,21.45,21.28,21.41
1717507800,21.42,21.54,21.38,21.42
1717509600,21.43,21.55,21.41,21.47
1717511400,21.48,21.58,21.35,21.4
1717513200,21.4,21.4,21.4,21.4
1717569000,21.4,21.4,21.4,21.4
1717570800,21.4,21.49,20.91,20.91
1717572600,20.92,21.02,20.88,20.97
1717574400,20.96,21.02,20.83,20.99
1717576200,21,21.04,20.85,20.89
1717578000,20.9,21.4,20.89,21.27
1717579800,21.28,21.64,21.24,21.42
1717581600,21.41,21.56,21.39,21.52
1717583400,21.52,21.61,21.49,21.55
1717585200,21.55,21.81,21.54,21.76
1717587000,21.76,21.91,21.45,21.63
1717588800,21.63,21.65,21.37,21.46
1717590600,21.46,21.55,21.41,21.46
1717592400,21.45,21.62,21.44,21.48
1717594200,21.47,21.69,21.3,21.67
1717596000,21.67,21.75,21.5,21.56
1717597800,21.55,21.67,21.48,21.53
1717599600,21.67,21.67,21.67,21.67
1717655400,21.75,21.75,21.75,21.75
1717657200,21.75,21.97,21.35,21.44
1717659000,21.44,21.49,21.26,21.28
1717660800,21.27,21.44,21.2,21.28
1717662600,21.3,21.33,21.19,21.28
1717664400,21.28,21.28,21.23,21.25
1717666200,21.25,21.29,21.21,21.22
1717668000,21.23,21.31,21.22,21.27
1717669800,21.27,21.27,21.21,21.23
1717671600,21.23,21.26,21.16,21.19
1717673400,21.19,21.22,21.12,21.17
1717675200,21.18,21.33,21.18,21.25
1717677000,21.25,21.3,21.17,21.21
1717678800,21.21,21.25,21.16,21.21
1717680600,21.21,21.25,21.15,21.22
1717682400,21.21,21.25,21.13,21.2
1717684200,21.2,21.24,21.12,21.14
1717686000,21.1,21.1,21.1,21.1
1717741800,21.17,21.17,21.17,21.17
1717743600,21.16,21.18,21,21.11
1717745400,21.11,21.19,21.03,21.05
1717747200,21.04,21.05,20.88,20.98
1717749000,20.97,21.04,20.92,20.99
1717750800,20.99,21.19,20.98,21.1
1717752600,21.1,21.19,21.05,21.17
1717754400,21.17,21.24,21.09,21.14
1717756200,21.14,21.15,21.04,21.07
1717758000,21.06,21.15,21.03,21.09
1717759800,21.09,21.31,21.08,21.29
1717761600,21.29,21.35,21.16,21.2
1717763400,21.19,21.25,21.09,21.1
1717765200,21.1,21.13,20.76,20.86
1717767000,20.85,21.17,20.82,21.06
1717768800,21.07,21.08,20.79,20.88
1717770600,20.86,20.87,20.5,20.63
1717772400,20.51,20.51,20.51,20.51
1718001000,20.57,20.57,20.57,20.57
1718002800,20.57,20.71,20.45,20.48
1718004600,20.48,20.59,20.37,20.57
1718006400,20.57,20.82,20.56,20.74
1718008200,20.74,20.99,20.64,20.97
1718010000,20.98,21.21,20.97,21.19
1718011800,21.2,21.24,21.14,21.17
1718013600,21.16,21.27,21.12,21.14
1718015400,21.14,21.2,21.06,21.1
1718017200,21.09,21.15,21.06,21.06
1718019000,21.06,21.15,21.05,21.07
1718020800,21.06,21.09,20.95,21.02
1718022600,21.01,21.06,20.9,20.98
1718024400,20.99,21.16,20.95,21.12
1718026200,21.11,21.17,21.02,21.12
1718028000,21.11,21.15,21.03,21.03
1718029800,21.02,21.14,20.93,20.99
1718031600,21,21,21,21
1718087400,21,21,21,21
1718089200,21,21.18,20.93,20.94
1718091000,20.94,21.22,20.94,21.1
1718092800,21.11,21.24,21.04,21.16
1718094600,21.16,21.26,21.09,21.15
1718096400,21.15,21.21,21.13,21.2
1718098200,21.2,21.39,21.15,21.38
1718100000,21.38,21.44,21.32,21.36
1718101800,21.36,21.42,21.26,21.28
1718103600,21.28,21.57,21.28,21.52
1718105400,21.51,21.64,21.41,21.43
1718107200,21.43,21.46,21.35,21.43
1718109000,21.43,21.55,21.41,21.48
1718110800,21.49,21.55,21.44,21.52
1718112600,21.53,21.57,21.44,21.57
1718114400,21.57,21.67,21.5,21.59
1718116200,21.58,21.61,21.46,21.5
1718118000,21.49,21.49,21.49,21.49
1718173800,21.49,21.49,21.49,21.49
1718175600,21.49,22.15,21.45,22.13
1718177400,22.13,22.44,21.94,21.98
1718179200,21.98,22.08,21.94,21.99
1718181000,21.98,21.99,21.78,21.89
1718182800,21.89,21.93,21.76,21.83
1718184600,21.85,21.86,21.71,21.71
1718186400,21.72,21.87,21.65,21.8
1718188200,21.78,21.98,21.75,21.93
1718190000,21.93,22.19,21.9,22.17
1718191800,22.16,22.18,21.95,22.11
1718193600,22.1,22.14,21.9,21.92
1718195400,21.91,22.06,21.85,21.86
1718197200,21.85,22.24,21.84,22.1
1718199000,22.1,22.32,22.05,22.09
1718200800,22.08,22.17,22.03,22.14
1718202600,22.14,22.25,22.08,22.23
1718204400,22.24,22.24,22.24,22.24
1718260200,22.58,22.58,22.58,22.58
1718262000,22.58,23.24,22.5,22.78
1718263800,22.78,22.82,22.54,22.57
1718265600,22.56,22.7,22.48,22.64
1718267400,22.63,22.65,22.54,22.59
1718269200,22.58,22.62,22.36,22.52
1718271000,22.53,22.57,22.47,22.56
1718272800,22.57,22.59,22.37,22.43
1718274600,22.43,22.56,22.38,22.5
1718276400,22.5,22.54,22.33,22.33
1718278200,22.33,22.33,22.15,22.16
1718280000,22.16,22.25,22.12,22.18
1718281800,22.18,22.31,22.16,22.27
1718283600,22.28,22.45,22.27,22.32
1718285400,22.31,22.37,22.3,22.3
1718287200,22.31,22.31,22.22,22.27
1718289000,22.27,22.58,22.25,22.53
1718290800,22.53,22.53,22.53,22.53
1718346600,22.7,22.7,22.7,22.7
1718348400,22.7,22.75,22.28,22.43
1718350200,22.44,22.59,22.35,22.46
1718352000,22.47,22.56,22.41,22.47
1718353800,22.48,22.59,22.45,22.53
1718355600,22.54,22.59,22.41,22.47
1718357400,22.47,22.48,22.3,22.32
1718359200,22.32,22.32,22.16,22.24
1718361000,22.24,22.24,22.18,22.19
1718362800,22.18,22.28,22.18,22.23
1718364600,22.24,22.24,22.1,22.12
1718366400,22.12,22.27,22.05,22.24
1718368200,22.24,22.36,22.24,22.33
1718370000,22.33,22.41,22.32,22.35
1718371800,22.35,22.41,22.31,22.39
1718373600,22.39,22.6,22.37,22.56
1718375400,22.56,22.61,22.48,22.55
1718377200,22.55,22.55,22.55,22.55
1718865000,22.7,22.7,22.7,22.7
1718866800,22.71,22.91,22.47,22.55
1718868600,22.56,22.58,22.37,22.41
1718870400,22.41,22.6,22.38,22.54
1718872200,22.54,22.55,22.43,22.45
1718874000,22.44,22.48,22.41,22.48
1718875800,22.48,22.57,22.44,22.54
1718877600,22.54,22.55,22.43,22.48
1718879400,22.48,22.48,22.4,22.41
1718881200,22.4,22.46,22.36,22.37
1718883000,22.37,22.43,22.37,22.37
1718884800,22.37,22.39,22.23,22.35
1718886600,22.34,22.42,22.31,22.41
1718888400,22.4,22.56,22.4,22.52
1718890200,22.52,22.53,22.46,22.47
1718892000,22.46,22.48,22.4,22.43
1718893800,22.45,22.61,22.42,22.59
1718895600,22.61,22.61,22.61,22.61
1718951400,22.64,22.64,22.64,22.64
1718953200,22.64,22.88,22.61,22.88
1718955000,22.88,22.89,22.64,22.66
1718956800,22.66,22.67,22.39,22.4
1718958600,22.4,22.48,22.39,22.4
1718960400,22.4,22.45,22.38,22.43
1718962200,22.43,22.58,22.41,22.5
1718964000,22.5,22.51,22.45,22.49
1718965800,22.49,22.55,22.48,22.52
1718967600,22.52,22.54,22.45,22.5
1718969400,22.49,22.53,22.48,22.51
1718971200,22.5,22.55,22.48,22.49
1718973000,22.48,22.54,22.48,22.49
1718974800,22.5,22.54,22.47,22.47
1718976600,22.48,22.5,22.33,22.36
1718978400,22.36,22.44,22.33,22.43
1718980200,22.43,22.48,22.36,22.38
1718982000,22.13,22.13,22.13,22.13
1719210600,22.15,22.15,22.15,22.15
1719212400,22.15,22.3,22.02,22.14
1719214200,22.16,22.34,22.1,22.32
1719216000,22.33,22.42,22.28,22.31
1719217800,22.31,22.31,22.19,22.24
1719219600,22.24,22.54,22.23,22.44
1719221400,22.45,22.6,22.41,22.42
1719223200,22.42,22.45,22.33,22.35
1719225000,22.35,22.42,22.35,22.38
1719226800,22.38,22.46,22.35,22.38
1719228600,22.38,22.46,22.35,22.38
1719230400,22.39,22.55,22.35,22.44
1719232200,22.44,22.52,22.36,22.48
1719234000,22.48,22.53,22.44,22.45
1719235800,22.44,22.54,22.42,22.42
1719237600,22.42,22.65,22.41,22.61
1719239400,22.62,22.79,22.58,22.7
1719241200,22.71,22.71,22.71,22.71
1719297000,22.74,22.74,22.74,22.74
1719298800,22.73,22.8,22.41,22.47
1719300600,22.46,22.51,22.27,22.49
1719302400,22.47,23.03,22.43,22.95
1719304200,22.94,23.04,22.92,23.04
1719306000,23.04,23.27,23.02,23.17
1719307800,23.17,23.37,23.15,23.35
1719309600,23.37,23.4,23.2,23.23
1719311400,23.24,23.36,23.16,23.36
1719313200,23.35,23.44,23.25,23.33
1719315000,23.33,23.35,23.27,23.32
1719316800,23.32,23.44,23.3,23.39
1719318600,23.4,23.49,23.37,23.39
1719320400,23.39,23.43,23.34,23.36
1719322200,23.36,23.43,23.3,23.35
1719324000,23.35,23.42,23.34,23.41
1719325800,23.4,23.46,23.35,23.43
1719327600,23.44,23.44,23.44,23.44
1719383400,23.46,23.46,23.46,23.46
1719385200,23.45,23.54,23.18,23.27
1719387000,23.26,23.28,23.08,23.2
1719388800,23.19,23.4,23.16,23.26
1719390600,23.26,23.3,23.19,23.25
1719392400,23.26,23.31,23.21,23.23
1719394200,23.24,23.26,23.09,23.1
1719396000,23.1,23.26,23.09,23.2
1719397800,23.19,23.27,23.18,23.2
1719399600,23.2,23.34,23.09,23.1
1719401400,23.1,23.19,23.09,23.19
1719403200,23.19,23.22,23.15,23.2
1719405000,23.2,23.23,22.95,22.96
1719406800,22.96,23.1,22.92,23.1
1719408600,23.1,23.22,23.03,23.2
1719410400,23.2,23.22,23.11,23.12
1719412200,23.11,23.5,23.1,23.14
1719414000,23.07,23.07,23.07,23.07
1719469800,23.1,23.1,23.1,23.1
1719471600,23.1,23.27,23.06,23.2
1719473400,23.2,23.4,23.18,23.37
1719475200,23.36,23.65,23.32,23.61
1719477000,23.61,23.61,23.25,23.37
1719478800,23.36,23.44,23.3,23.36
1719480600,23.37,23.47,23.34,23.45
1719482400,23.45,23.49,23.38,23.39
1719484200,23.4,23.41,23.22,23.25
1719486000,23.25,23.27,23.2,23.27
1719487800,23.28,23.39,23.24,23.24
1719489600,23.24,23.28,23.12,23.12
1719491400,23.13,23.33,23.11,23.31
1719493200,23.31,23.36,23.18,23.2
1719495000,23.2,23.24,23.04,23.1
1719496800,23.1,23.23,23.09,23.15
1719498600,23.16,23.21,23.13,23.2
1719500400,23.2,23.2,23.2,23.2
1719556200,23.75,23.75,23.75,23.75
1719558000,23.76,24.39,23.75,24.18
1719559800,24.17,24.4,24.01,24.34
1719561600,24.34,24.4,24.13,24.18
1719563400,24.17,24.4,24.08,24.38
1719565200,24.37,24.39,24.22,24.23
1719567000,24.23,24.36,24.2,24.29
1719568800,24.29,24.31,24.21,24.22
1719570600,24.22,24.29,24.15,24.19
1719572400,24.2,24.25,24.14,24.19
1719574200,24.21,24.22,24.03,24.21
1719576000,24.22,24.25,24.15,24.16
1719577800,24.16,24.57,24.12,24.49
1719579600,24.49,24.71,24.49,24.64
1719581400,24.63,24.66,24.5,24.66
1719583200,24.66,24.92,24.63,24.89
1719585000,24.88,25.125,24.52,24.68
1719586800,24.71,24.71,24.71,24.71
1719815400,24.86,24.86,24.86,24.86
1719817200,24.86,25.05,24.55,24.76
1719819000,24.76,24.8,24.51,24.53
1719820800,24.53,24.72,24.4,24.46
1719822600,24.45,24.52,24.36,24.38
1719824400,24.39,24.4,24.03,24.1
1719826200,24.11,24.14,23.92,24.01
1719828000,24.01,24.04,23.87,23.98
1719829800,23.98,24.18,23.97,24.06
1719831600,24.05,24.18,24.04,24.12
1719833400,24.11,24.19,24.09,24.13
1719835200,24.13,24.36,24.13,24.35
1719837000,24.33,24.39,24.21,24.29
1719838800,24.29,24.4,24.25,24.38
1719840600,24.38,24.4,24.09,24.15
1719842400,24.14,24.23,24,24.09
1719844200,24.09,24.36,24.04,24.16
1719846000,24.21,24.21,24.21,24.21
1719901800,24.31,24.31,24.31,24.31
1719903600,24.32,24.42,24.15,24.28
1719905400,24.28,24.71,24.27,24.62
1719907200,24.62,24.68,24.33,24.34
1719909000,24.34,24.43,24.15,24.18
1719910800,24.18,24.29,24.07,24.09
1719912600,24.09,24.18,24.02,24.06
1719914400,24.07,24.14,23.96,23.99
1719916200,23.99,24.02,23.78,23.8
1719918000,23.8,23.8,23.68,23.72
1719919800,23.72,24.04,23.61,23.96
1719921600,23.98,24.21,23.95,24.18
1719923400,24.18,24.49,24.17,24.38
1719925200,24.4,24.6,24.4,24.57
1719927000,24.57,24.61,24.46,24.47
1719928800,24.46,24.57,24.38,24.55
1719930600,24.55,24.82,24.53,24.82
1719932400,24.88,24.88,24.88,24.88
1719988200,24.9,24.9,24.9,24.9
1719990000,24.9,25.4,24.88,25.35
1719991800,25.35,25.875,25.3,25.375
1719993600,25.375,25.675,25.375,25.625
1719995400,25.625,25.775,25.35,25.375
1719997200,25.35,25.4,25.175,25.3
1719999000,25.3,25.375,25.175,25.3
1720000800,25.3,25.4,25.2,25.2
1720002600,25.225,25.4,25.175,25.25
1720004400,25.275,25.275,25.125,25.15
1720006200,25.15,25.4,25.075,25.15
1720008000,25.15,25.5,25.075,25.175
1720009800,25.2,25.375,25.125,25.225
1720011600,25.225,25.375,25.2,25.3
1720013400,25.3,25.45,25.2,25.375
1720015200,25.35,25.55,25.25,25.275
1720017000,25.3,25.375,25.15,25.375
1720018800,25.425,25.425,25.425,25.425
1720074600,25.45,25.45,25.45,25.45
1720076400,25.475,25.725,25.2,25.325
1720078200,25.325,25.6,25.25,25.525
1720080000,25.525,25.625,25.35,25.4
1720081800,25.4,25.7,25.4,25.65
1720083600,25.65,25.675,25.5,25.675
1720085400,25.675,25.7,25.55,25.6
1720087200,25.6,25.65,25.525,25.65
1720089000,25.65,25.8,25.625,25.75
1720090800,25.75,25.825,25.65,25.775
1720092600,25.8,25.8,25.7,25.725
1720094400,25.725,25.9,25.675,25.825
1720096200,25.85,25.9,25.725,25.825
1720098000,25.825,26.1,25.775,26.025
1720099800,26.05,26.25,25.9,26.25
1720101600,26.25,26.35,26.15,26.225
1720103400,26.2,26.375,26.175,26.3
1720105200,26.3,26.375,26.3,26.375
1720161000,26.8,26.8,26.8,26.8
1720162800,26.8,27.15,26.55,26.775
1720164600,26.775,26.875,26.475,26.85
1720166400,26.85,27.1,26.8,27.1
1720168200,27.075,27.125,26.85,27.025
1720170000,27,27.125,26.95,27.1
1720171800,27.125,27.15,26.925,26.95
1720173600,26.95,26.975,26.825,26.875
1720175400,26.875,27,26.825,26.85
1720177200,26.85,26.975,26.8,26.825
1720179000,26.85,27.2,26.775,27.125
1720180800,27.15,27.225,27.075,27.175
1720182600,27.2,27.425,27.15,27.175
1720184400,27.15,27.25,27.125,27.2
1720186200,27.175,27.275,27.125,27.2
1720188000,27.25,27.275,27,27.2
1720189800,27.2,27.225,27.05,27.15
1720191600,27.15,27.25,27.15,27.25
1720420200,27.6,27.6,27.6,27.6
1720422000,27.525,27.7,27.175,27.6
1720423800,27.575,27.625,27.3,27.375
1720425600,27.375,27.4,27.125,27.3
1720427400,27.3,27.325,27,27.15
1720429200,27.15,27.3,27.1,27.3
1720431000,27.3,27.325,27.225,27.275
1720432800,27.3,27.325,27.2,27.225
1720434600,27.225,27.25,27,27.175
1720436400,27.2,27.5,27.175,27.475
1720438200,27.475,27.65,27.4,27.6
1720440000,27.6,27.7,27.55,27.625
1720441800,27.625,27.675,27.55,27.625
1720443600,27.625,27.75,27.45,27.55
1720445400,27.55,27.575,27.45,27.5
1720447200,27.5,27.65,27.475,27.65
1720449000,27.65,27.7,27.55,27.675
1720450800,27.625,27.625,27.625,27.625
1720506600,27.65,27.65,27.65,27.65
1720508400,27.675,27.85,27.2,27.275
1720510200,27.275,27.4,27.025,27.125
1720512000,27.1,27.2,27.05,27.125
1720513800,27.125,27.3,26.925,27.25
1720515600,27.25,27.375,27.15,27.35
1720517400,27.35,27.375,27.2,27.25
1720519200,27.225,27.4,27.225,27.325
1720521000,27.3,27.35,27.2,27.225
1720522800,27.2,27.275,27.125,27.175
1720524600,27.15,27.2,27,27.125
1720526400,27.1,27.225,27.1,27.175
1720528200,27.175,27.275,27.15,27.275
1720530000,27.25,27.475,27.175,27.475
1720531800,27.475,27.525,27.225,27.3
1720533600,27.3,27.65,27.2,27.25
1720535400,27.25,27.425,27.2,27.325
1720537200,27.35,27.35,27.35,27.35
1720593000,27.6,27.6,27.6,27.6
1720594800,27.5,28.325,27.3,28.275
1720596600,28.275,28.75,28.15,28.65
1720598400,28.65,29.3,28.55,28.6
1720600200,28.6,28.675,28.425,28.65
1720602000,28.65,28.8,28.6,28.675
1720603800,28.675,28.825,28.65,28.725
1720605600,28.75,28.8,28.65,28.75
1720607400,28.775,28.85,28.65,28.7
1720609200,28.7,28.75,28.575,28.6
1720611000,28.6,28.6,28.525,28.525
1720612800,28.525,28.775,28.525,28.575
1720614600,28.6,28.675,28.525,28.675
1720616400,28.675,28.675,28.55,28.625
1720618200,28.65,28.8,28.6,28.75
1720620000,28.75,28.95,28.65,28.95
1720621800,28.95,29.1,28.85,28.95
1720623600,28.95,28.95,28.95,28.95
1720679400,29.175,29.175,29.175,29.175
1720681200,29.175,29.675,29,29.275
1720683000,29.275,29.475,29.15,29.275
1720684800,29.25,29.325,29.175,29.275
1720686600,29.25,29.3,29.075,29.075
1720688400,29.1,29.15,28.875,28.925
1720690200,28.95,29.2,28.875,29.15
1720692000,29.15,29.225,29.025,29.025
1720693800,29.025,29.125,28.95,29.075
1720695600,29.075,29.225,29.05,29.175
1720697400,29.175,29.25,29,29
1720699200,29.025,29.05,28.825,28.85
1720701000,28.85,29.025,28.7,28.725
1720702800,28.75,28.875,28.7,28.825
1720704600,28.825,29.025,28.8,28.95
1720706400,28.95,28.95,28.825,28.85
1720708200,28.85,28.95,28.825,28.9
1720710000,28.85,28.85,28.85,28.85
1720765800,28.75,28.75,28.75,28.75
1720767600,28.75,29.35,28.65,28.975
1720769400,28.975,29,28.5,28.825
1720771200,28.8,28.85,28.625,28.8
1720773000,28.825,28.925,28.75,28.8
1720774800,28.8,28.825,28.75,28.775
1720776600,28.8,29.125,28.8,29.05
1720778400,29.025,29.225,29.025,29.15
1720780200,29.125,29.225,29.05,29.1
1720782000,29.1,29.35,29.075,29.3
1720783800,29.3,29.375,29.125,29.175
1720785600,29.175,29.2,29.125,29.125
1720787400,29.15,29.15,29.025,29.1
1720789200,29.1,29.15,28.975,29.075
1720791000,29.075,29.2,29.05,29.15
1720792800,29.125,29.15,29,29.1
1720794600,29.1,29.2,28.95,29.025
1720796400,29,29,29,29
1721111400,29.2,29.2,29.2,29.2
1721113200,29.225,29.575,28.9,29.4
1721115000,29.425,29.475,29.15,29.25
1721116800,29.25,29.5,29.15,29.475
1721118600,29.45,29.475,29.35,29.425
1721120400,29.45,29.475,29.2,29.325
1721122200,29.325,29.425,29.3,29.35
1721124000,29.35,29.775,29.35,29.75
1721125800,29.775,30.375,29.75,30.175
1721127600,30.175,30.225,29.975,30
1721129400,29.975,30.05,29.95,30
1721131200,30,30.025,29.925,29.95
1721133000,29.95,29.95,29.775,29.9
1721134800,29.9,29.95,29.75,29.825
1721136600,29.85,29.95,29.825,29.95
1721138400,29.925,30.075,29.875,29.975
1721140200,30,30.025,29.85,29.95
1721142000,29.9,29.9,29.9,29.9
1721197800,30.2,30.2,30.2,30.2
1721199600,30.175,30.475,29.8,29.9
1721201400,29.9,30,29.825,29.875
1721203200,29.875,29.925,29.775,29.875
1721205000,29.875,30.025,29.725,29.8
1721206800,29.8,29.85,29.65,29.675
1721208600,29.675,29.775,29.575,29.75
1721210400,29.75,29.775,29.675,29.725
1721212200,29.725,29.775,29.65,29.75
1721214000,29.775,29.8,29.675,29.725
1721215800,29.725,29.9,29.625,29.825
1721217600,29.825,30.025,29.8,30
1721219400,30,30.25,29.95,30.1
1721221200,30.1,30.15,29.975,30.05
1721223000,30.075,30.15,30.025,30.1
1721224800,30.1,30.175,30,30.05
1721226600,30.05,30.175,29.925,30.05
1721228400,30.175,30.175,30.175,30.175
1721284200,30.3,30.3,30.3,30.3
1721286000,30.325,30.475,29.6,29.625
1721287800,29.625,29.7,29.175,29.225
1721289600,29.225,29.675,29.125,29.525
1721291400,29.525,29.55,29.2,29.25
1721293200,29.225,29.3,29.15,29.175
1721295000,29.2,29.2,28.875,29.025
1721296800,29.025,29.2,28.975,29.175
1721298600,29.175,29.225,29.125,29.175
1721300400,29.175,29.325,29.15,29.25
1721302200,29.275,29.375,29.175,29.375
1721304000,29.375,29.375,29.2,29.275
1721305800,29.25,29.4,29.25,29.375
1721307600,29.375,29.375,29.25,29.35
1721309400,29.35,29.4,29.275,29.35
1721311200,29.35,29.35,29.1,29.1
1721313000,29.1,29.175,28.8,28.8
1721314800,28.775,28.775,28.775,28.775
1721370600,28.825,28.825,28.825,28.825
1721372400,28.825,29.1,28.725,28.9
1721374200,28.9,28.95,28.675,28.825
1721376000,28.825,28.85,28.475,28.475
1721377800,28.475,28.575,28.25,28.25
1721379600,28.25,28.325,27.9,27.95
1721381400,27.95,28.05,27.9,27.925
1721383200,27.95,28.05,27.775,27.875
1721385000,27.875,28.075,27.85,27.975
1721386800,27.975,28.25,27.9,28.1
1721388600,28.1,28.6,27.975,28.525
1721390400,28.525,28.75,28.475,28.7
1721392200,28.7,28.825,28.6,28.675
1721394000,28.675,28.675,28.425,28.425
1721395800,28.45,28.525,28.4,28.45
1721397600,28.425,28.6,28.425,28.525
1721399400,28.525,28.55,28.4,28.475
1721401200,28.6,28.6,28.6,28.6
1721629800,28.95,28.95,28.95,28.95
1721631600,28.975,29.075,28.6,28.975
1721633400,28.975,29.25,28.925,29.2
1721635200,29.2,29.225,29,29.025
1721637000,29.025,29.125,29,29.075
1721638800,29.05,29.25,29.05,29.175
1721640600,29.175,29.375,29.125,29.325
1721642400,29.35,29.525,29.3,29.4
1721644200,29.45,29.6,29.375,29.575
1721646000,29.575,29.6,29.45,29.5
1721647800,29.475,29.6,29.425,29.55
1721649600,29.55,29.65,29.45,29.45
1721651400,29.475,29.475,29.25,29.35
1721653200,29.35,29.475,29.25,29.375
1721655000,29.4,29.45,29.3,29.35
1721656800,29.325,29.35,29.025,29.2
1721658600,29.2,29.325,29.15,29.2
1721660400,29.3,29.3,29.3,29.3
1721716200,29.3,29.3,29.3,29.3
1721718000,29.3,29.45,28.95,29.175
1721719800,29.175,29.2,29.025,29.075
1721721600,29.05,29.125,28.625,28.65
1721723400,28.65,28.675,28.3,28.4
1721725200,28.375,28.525,28.35,28.45
1721727000,28.45,28.475,28.225,28.275
1721728800,28.275,28.425,28.15,28.425
1721730600,28.425,28.475,28.325,28.45
1721732400,28.45,28.525,28.35,28.375
1721734200,28.375,28.4,28.275,28.4
1721736000,28.375,28.5,28.35,28.375
1721737800,28.4,28.425,28.3,28.4
1721739600,28.4,28.575,28.325,28.5
1721741400,28.475,28.575,28.4,28.55
1721743200,28.575,28.625,28.4,28.525
1721745000,28.525,28.575,28.3,28.375
1721746800,28.4,28.4,28.4,28.4
1721802600,28.4,28.4,28.4,28.4
1721804400,28.4,28.425,27.9,27.975
1721806200,28,28.05,27.7,27.825
1721808000,27.85,27.925,27.725,27.825
1721809800,27.825,27.85,27.7,27.85
1721811600,27.85,27.95,27.775,27.875
1721813400,27.875,27.875,27.675,27.725
1721815200,27.725,27.8,27.65,27.725
1721817000,27.75,27.75,27.625,27.65
1721818800,27.625,28.15,27.6,28.05
1721820600,28.025,28.1,27.85,28.025
1721822400,28.025,28.1,27.925,27.975
1721824200,27.975,28.275,27.925,28.15
1721826000,28.15,28.2,28.05,28.15
1721827800,28.15,28.2,27.975,28.075
1721829600,28.075,28.125,27.925,28.025
1721831400,28.05,28.05,27.825,27.925
1721833200,27.9,27.9,27.9,27.9
1721889000,28.375,28.375,28.375,28.375
1721890800,28.275,28.275,27.625,28
1721892600,28.025,28.025,27.85,27.85
1721894400,27.85,27.925,27.775,27.825
1721896200,27.8,27.825,27.7,27.775
1721898000,27.775,27.775,27.425,27.475
1721899800,27.5,27.575,27.325,27.375
1721901600,27.375,27.575,27.325,27.475
1721903400,27.475,27.475,27.3,27.35
1721905200,27.375,27.45,27.325,27.35
1721907000,27.35,27.35,27.25,27.3
1721908800,27.3,27.375,27.25,27.325
1721910600,27.35,27.5,27.275,27.35
1721912400,27.375,27.4,27.15,27.175
1721914200,27.175,27.225,26.975,26.975
1721916000,26.975,27.225,26.85,27.125
1721917800,27.125,27.525,27.125,27.325
1721919600,27.3,27.45,27.3,27.45
1721975400,27.75,27.75,27.75,27.75
1721977200,27.675,27.75,27.3,27.45
1721979000,27.45,27.6,27.45,27.45
1721980800,27.425,27.475,27.075,27.125
1721982600,27.1,27.125,26.925,26.95
1721984400,26.95,27.075,26.9,27
1721986200,27,27.025,26.9,26.95
1721988000,26.95,26.975,26.825,26.85
1721989800,26.85,26.9,26.775,26.8
1721991600,26.8,26.825,26.725,26.775
1721993400,26.775,26.8,26.65,26.7
1721995200,26.725,26.8,26.55,26.65
1721997000,26.65,26.85,26.625,26.7
1721998800,26.675,26.775,26.65,26.7
1722000600,26.675,26.775,26.6,26.65
1722002400,26.65,26.675,26.55,26.65
1722004200,26.65,26.75,26.525,26.6
1722006000,26.725,26.725,26.725,26.725
1722234600,26.7,26.7,26.7,26.7
1722236400,26.675,26.675,26.05,26.275
1722238200,26.25,26.275,25.95,26.075
1722240000,26.075,26.2,25.975,26.125
1722241800,26.15,26.275,26.1,26.225
1722243600,26.225,26.325,26.2,26.275
1722245400,26.25,26.325,26.15,26.225
1722247200,26.225,26.275,26.175,26.225
1722249000,26.25,26.3,26.2,26.25
1722250800,26.275,26.3,26.2,26.25
1722252600,26.275,26.375,26.2,26.3
1722254400,26.3,26.4,26.225,26.25
1722256200,26.275,26.3,26.175,26.25
1722258000,26.25,26.325,26.1,26.15
1722259800,26.15,26.225,26.075,26.225
1722261600,26.225,26.25,26.125,26.225
1722263400,26.225,26.4,26.2,26.275
1722265200,26.425,26.425,26.425,26.425
1722321000,26.55,26.55,26.55,26.55
1722322800,26.55,26.875,26.375,26.45
1722324600,26.45,26.775,26.425,26.725
1722326400,26.725,26.8,26.525,26.55
1722328200,26.55,26.625,26.5,26.55
1722330000,26.55,26.75,26.525,26.725
1722331800,26.75,26.85,26.675,26.825
1722333600,26.8,26.85,26.675,26.7
1722335400,26.675,26.875,26.625,26.7
1722337200,26.725,26.725,26.375,26.475
1722339000,26.5,26.55,26.4,26.4
1722340800,26.4,26.5,26.3,26.35
1722342600,26.35,26.575,26.3,26.425
1722344400,26.425,26.5,26.35,26.45
1722346200,26.425,26.55,26.4,26.5
1722348000,26.5,26.75,26.5,26.6
1722349800,26.6,26.9,26.55,26.9
1722351600,26.9,27,26.9,27
1722407400,27,27,27,27
1722409200,27.025,27.425,26.55,27.4
1722411000,27.375,27.425,26.85,26.975
1722412800,26.975,26.975,26.525,26.65
1722414600,26.65,26.7,26.425,26.475
1722416400,26.5,26.55,26.45,26.5
1722418200,26.5,26.525,26.325,26.375
1722420000,26.375,26.4,26.25,26.375
1722421800,26.35,26.5,26.35,26.45
1722423600,26.45,26.525,26.35,26.35
1722425400,26.375,26.525,26.275,26.45
1722427200,26.45,26.725,26.45,26.575
1722429000,26.575,26.75,26.525,26.75
1722430800,26.75,26.85,26.625,26.75
1722432600,26.775,26.8,26.55,26.625
1722434400,26.625,26.85,26.525,26.65
1722436200,26.625,26.65,26.425,26.5
1722438000,26.7,26.7,26.7,26.7
1722493800,26.975,26.975,26.975,26.975
1722495600,26.975,27.3,26.7,26.875
1722497400,26.875,26.875,26.425,26.475
1722499200,26.45,26.525,26.325,26.45
1722501000,26.45,26.575,26.325,26.45
1722502800,26.475,26.525,26.45,26.5
1722504600,26.525,26.65,26.5,26.55
1722506400,26.55,26.6,26.45,26.5
1722508200,26.5,26.625,26.475,26.525
1722510000,26.525,26.55,26.45,26.525
1722511800,26.525,26.55,26.35,26.375
1722513600,26.375,26.425,26.275,26.3
1722515400,26.325,26.725,26.275,26.55
1722517200,26.575,26.625,26.475,26.525
1722519000,26.525,26.65,26.475,26.55
1722520800,26.55,26.575,26.475,26.525
1722522600,26.525,26.575,26.475,26.525
1722524400,26.5,26.5,26.5,26.5
1722580200,26.4,26.4,26.4,26.4
1722582000,26.375,26.6,26.15,26.5
1722583800,26.5,26.625,26.35,26.575
1722585600,26.6,26.675,26.475,26.575
1722587400,26.575,26.85,26.55,26.825
1722589200,26.8,27,26.775,26.775
1722591000,26.775,26.8,26.65,26.75
1722592800,26.75,26.85,26.7,26.775
1722594600,26.775,26.825,26.7,26.775
1722596400,26.775,26.925,26.65,26.675
1722598200,26.675,26.85,26.5,26.675
1722600000,26.675,26.75,26.625,26.725
1722601800,26.7,26.7,26.45,26.5
1722603600,26.475,26.6,26.35,26.55
1722605400,26.55,26.775,26.475,26.575
1722607200,26.575,26.6,26.15,26.2
1722609000,26.225,26.55,26.1,26.45
1722610800,26.275,26.275,26.275,26.275
1722839400,24.92,24.92,24.92,24.92
1722841200,23.65,23.65,23.65,23.65
1722843000,23.66,24.8,23.66,24.79
1722844800,24.79,25.625,24.63,25.5
1722846600,25.475,25.85,25.275,25.825
1722848400,25.85,25.85,25.4,25.45
1722850200,25.475,25.725,25.475,25.625
1722852000,25.625,25.7,25.4,25.6
1722853800,25.6,25.625,25.275,25.375
1722855600,25.375,25.475,25.175,25.275
1722857400,25.275,25.375,25.2,25.25
1722859200,25.25,25.275,25.05,25.125
1722861000,25.125,25.3,24.96,25.275
1722862800,25.275,25.4,25.15,25.225
1722864600,25.225,25.4,25.15,25.4
1722866400,25.4,25.55,25.275,25.325
1722868200,25.3,25.45,25.2,25.225
1722870000,25.375,25.375,25.375,25.375
1722925800,26.1,26.1,26.1,26.1
1722927600,26.125,26.35,25.95,26
1722929400,26,26.05,25.775,25.825
1722931200,25.775,26,25.75,25.875
1722933000,25.9,25.95,25.825,25.9
1722934800,25.9,26,25.75,25.875
1722936600,25.9,25.95,25.85,25.9
1722938400,25.9,26,25.85,25.975
1722940200,25.975,26.15,23.62,24.02
1722942000,24.01,24.25,22.89,23.85
1722943800,23.85,24.27,23.8,24.22
1722945600,24.22,24.54,24.15,24.38
1722947400,24.39,24.54,24.22,24.35
1722949200,24.36,24.45,24.05,24.15
1722951000,24.16,24.22,24.06,24.15
1722952800,24.14,24.26,24.09,24.14
1722954600,24.13,24.18,23.94,23.98
1722956400,23.81,23.81,23.81,23.81
1723012200,24,24,24,24
1723014000,24.01,24.14,23.35,23.47
1723015800,23.46,23.52,23.08,23.15
1723017600,23.17,23.75,23.13,23.51
1723019400,23.53,23.68,23.44,23.46
1723021200,23.46,23.55,23.45,23.53
1723023000,23.53,23.75,23.51,23.72
1723024800,23.72,23.94,23.72,23.94
1723026600,23.93,24.06,23.89,24.01
1723028400,24,24.13,23.6,24.02
1723030200,24.03,24.15,23.96,24
1723032000,24.01,24.04,23.82,23.91
1723033800,23.91,23.98,23.82,23.92
1723035600,23.93,23.93,23.61,23.68
1723037400,23.69,23.76,23.45,23.65
1723039200,23.64,23.81,23.57,23.67
1723041000,23.67,23.76,23.63,23.7
1723042800,23.65,23.65,23.65,23.65
1723098600,23.5,23.5,23.5,23.5
1723100400,23.5,24.51,23.39,24.15
1723102200,24.13,24.5,24.11,24.42
1723104000,24.41,24.66,24.28,24.63
1723105800,24.63,24.66,24.41,24.59
1723107600,24.59,24.72,24.53,24.59
1723109400,24.58,24.63,24.5,24.55
1723111200,24.54,24.65,24.48,24.64
1723113000,24.64,24.89,24.63,24.82
1723114800,24.82,24.92,24.78,24.81
1723116600,24.8,24.86,24.78,24.84
1723118400,24.84,24.88,24.78,24.83
1723120200,24.85,24.96,24.79,24.95
1723122000,24.96,24.98,24.43,24.53
1723123800,24.52,24.68,24.49,24.53
1723125600,24.53,24.58,24.46,24.58
1723127400,24.58,24.64,24.54,24.6
1723129200,24.62,24.62,24.62,24.62
1723185000,24.63,24.63,24.63,24.63
1723186800,24.64,25.325,24.64,25.075
1723188600,25.1,25.475,25,25.325
1723190400,25.325,25.375,24.99,25.325
1723192200,25.35,25.45,25.3,25.425
1723194000,25.425,25.525,25.35,25.425
1723195800,25.45,25.5,25.225,25.325
1723197600,25.3,25.4,25.2,25.325
1723199400,25.35,25.5,25.325,25.425
1723201200,25.425,25.775,25.425,25.775
1723203000,25.75,25.775,25.45,25.65
1723204800,25.65,25.725,25.525,25.625
1723206600,25.6,25.675,25.45,25.45
1723208400,25.45,25.475,25.225,25.3
1723210200,25.3,25.35,25.175,25.3
1723212000,25.325,25.475,25.125,25.375
1723213800,25.375,25.45,25.25,25.425
1723215600,25.475,25.475,25.475,25.475
1723444200,25.725,25.725,25.725,25.725
1723446000,25.75,25.975,25.1,25.525
1723447800,25.55,25.575,25.175,25.45
1723449600,25.45,25.5,24.92,25.05
1723451400,25.025,25.05,24.75,24.75
1723453200,24.76,25.025,24.73,24.99
1723455000,24.99,25.125,24.89,24.95
1723456800,24.96,25.375,24.89,24.94
1723458600,24.94,25.1,24.93,25
1723460400,25.025,25.175,25,25.1
1723462200,25.1,25.3,25.1,25.275
1723464000,25.25,25.35,25.15,25.2
1723465800,25.175,25.25,24.96,24.98
1723467600,24.99,25.025,24.82,24.83
1723469400,24.84,24.9,24.63,24.65
1723471200,24.64,24.97,24.58,24.88
1723473000,24.88,24.91,24.79,24.86
1723474800,24.88,24.88,24.88,24.88
1723530600,25.35,25.35,25.35,25.35
1723532400,25.25,25.275,24.89,24.95
1723534200,24.95,25.05,24.86,24.89
1723536000,24.89,24.97,24.83,24.83
1723537800,24.83,24.89,24.73,24.8
1723539600,24.8,24.91,24.77,24.84
1723541400,24.85,25.075,24.85,24.98
1723543200,24.97,25.05,24.87,25.025
1723545000,25,25.15,25,25.075
1723546800,25.1,25.275,25.075,25.2
1723548600,25.175,25.225,25.075,25.125
1723550400,25.15,25.2,25.125,25.175
1723552200,25.175,25.325,24.99,25.2
1723554000,25.2,25.375,25.175,25.2
1723555800,25.175,25.25,25.075,25.15
1723557600,25.15,25.7,25.125,25.625
1723559400,25.625,25.85,25.525,25.775
1723561200,25.875,25.875,25.875,25.875
1723617000,26.05,26.05,26.05,26.05
1723618800,26.05,26.525,26,26.275
1723620600,26.275,26.3,26.05,26.125
1723622400,26.125,26.125,25.825,26.025
1723624200,26.025,26.125,25.975,26.05
1723626000,26.05,26.15,25.95,25.95
1723627800,25.975,26.05,25.925,25.95
1723629600,25.975,26.05,25.925,25.975
1723631400,25.975,26.05,25.9,25.925
1723633200,25.925,26,25.8,25.825
1723635000,25.825,26.075,25.575,25.7
1723636800,25.725,25.825,25.675,25.8
1723638600,25.825,25.875,25.7,25.725
1723640400,25.725,25.925,25.625,25.825
1723642200,25.825,25.975,25.675,25.75
1723644000,25.775,25.9,25.75,25.85
1723645800,25.875,25.925,25.525,25.7
1723647600,25.875,25.875,25.875,25.875
1723703400,25.9,25.9,25.9,25.9
1723705200,25.925,26.05,25.6,25.65
1723707000,25.625,26.1,25.6,26.05
1723708800,26.05,26.2,25.925,25.925
1723710600,25.925,26.025,25.85,25.925
1723712400,25.95,25.95,25.7,25.775
1723714200,25.775,25.95,25.725,25.925
1723716000,25.925,25.95,25.725,25.825
1723717800,25.775,25.9,25.675,25.7
1723719600,25.7,25.7,25.525,25.575
1723721400,25.575,25.6,25.45,25.475
1723723200,25.475,25.525,25.3,25.375
1723725000,25.375,25.75,25.375,25.75
1723726800,25.75,25.825,25.65,25.775
1723728600,25.8,25.875,25.725,25.85
1723730400,25.85,26.1,25.775,25.975
1723732200,26,26.15,25.975,26.1
1723734000,26.175,26.175,26.175,26.175
1723789800,26.2,26.2,26.2,26.2
1723791600,26.2,26.35,25.925,25.95
1723793400,25.95,26.05,25.925,26.025
1723795200,26,26.025,25.85,25.9
1723797000,25.925,26.025,25.925,26.025
1723798800,26.025,26.15,26,26
1723800600,26,26.225,26,26.2
1723802400,26.175,26.175,26.025,26.075
1723804200,26.075,26.125,26.025,26.025
1723806000,26.05,26.1,25.9,25.95
1723807800,25.95,26.1,25.95,25.975
1723809600,25.975,26.175,25.9,26.05
1723811400,26.05,26.125,26.025,26.1
1723813200,26.125,26.15,25.875,25.875
1723815000,25.875,26,25.775,25.825
1723816800,25.825,25.975,25.825,25.925
1723818600,25.925,25.95,25.675,25.725
1723820400,25.725,25.725,25.725,25.725
1724049000,25.85,25.85,25.85,25.85
1724050800,25.85,25.875,25.325,25.375
1724052600,25.4,25.6,25.3,25.5
1724054400,25.525,25.65,25.425,25.6
1724056200,25.6,25.825,25.55,25.8
1724058000,25.8,25.9,25.7,25.9
1724059800,25.9,26.025,25.85,26
1724061600,26.025,26.05,25.8,25.875
1724063400,25.9,25.925,25.875,25.875
1724065200,25.9,25.975,25.875,25.925
1724067000,25.925,25.975,25.85,25.975
1724068800,25.95,26.025,25.925,25.925
1724070600,25.95,26,25.9,25.9
1724072400,25.9,25.975,25.775,25.9
1724074200,25.9,25.925,25.7,25.75
1724076000,25.775,25.85,25.75,25.775
1724077800,25.8,26,25.8,25.925
1724079600,25.9,25.9,25.9,25.9
1724135400,25.85,25.85,25.85,25.85
1724137200,25.85,26.075,25.5,25.95
1724139000,25.95,25.95,25.5,25.525
1724140800,25.525,25.525,25.15,25.325
1724142600,25.35,25.35,25.25,25.3
1724144400,25.3,25.35,25.25,25.3
1724146200,25.275,25.325,25.025,25.1
1724148000,25.1,25.15,25,25.1
1724149800,25.125,25.15,25.075,25.075
1724151600,25.075,25.175,24.83,24.92
1724153400,24.92,24.95,24.73,24.75
1724155200,24.75,24.78,24.56,24.56
1724157000,24.6,24.64,24.39,24.61
1724158800,24.61,24.71,24.47,24.59
1724160600,24.59,24.84,24.58,24.81
1724162400,24.8,24.91,24.77,24.89
1724164200,24.89,25.1,24.87,24.9
1724166000,24.81,24.81,24.81,24.81
1724221800,24.2,24.2,24.2,24.2
1724223600,24.2,24.89,24,24.51
1724225400,24.53,24.97,24.47,24.89
1724227200,24.9,25.1,24.87,25.05
1724229000,25.025,25.15,24.96,25.05
1724230800,25.05,25.125,25,25.075
1724232600,25.075,25.075,24.9,24.98
1724234400,24.99,25.025,24.91,24.92
1724236200,24.92,24.93,24.75,24.78
1724238000,24.78,24.91,24.66,24.88
1724239800,24.87,25.025,24.85,25.025
1724241600,25.025,25.05,24.9,24.96
1724243400,24.96,24.98,24.81,24.84
1724245200,24.85,24.88,24.76,24.8
1724247000,24.81,24.84,24.67,24.73
1724248800,24.74,24.75,24.43,24.45
1724250600,24.44,24.54,24.42,24.47
1724252400,24.47,24.47,24.47,24.47
1724308200,24.84,24.84,24.84,24.84
1724310000,24.72,24.8,23.9,24.14
1724311800,24.15,24.21,23.64,23.72
1724313600,23.73,23.88,23.65,23.88
1724315400,23.87,23.88,23.65,23.68
1724317200,23.68,23.72,23.6,23.6
1724319000,23.66,23.66,23.32,23.59
1724320800,23.59,23.59,23.44,23.46
1724322600,23.47,23.5,23.36,23.39
1724324400,23.38,23.59,23.37,23.57
1724326200,23.58,23.66,23.54,23.55
1724328000,23.56,23.63,23.47,23.55
1724329800,23.54,23.55,23.4,23.42
1724331600,23.42,23.52,23.36,23.46
1724333400,23.45,23.5,23.38,23.42
1724335200,23.43,23.47,23.25,23.4
1724337000,23.42,23.42,23.25,23.26
1724338800,23.35,23.35,23.35,23.35
1724394600,23.4,23.4,23.4,23.4
1724396400,23.39,23.55,23.27,23.5
1724398200,23.5,23.54,23.43,23.44
1724400000,23.44,23.45,23.3,23.35
1724401800,23.35,23.47,23.31,23.45
1724403600,23.46,23.48,23.39,23.41
1724405400,23.4,23.42,23.22,23.23
1724407200,23.24,23.34,23.2,23.28
1724409000,23.29,23.37,23.26,23.35
1724410800,23.35,23.55,23.35,23.51
1724412600,23.5,23.55,23.44,23.47
1724414400,23.47,23.55,23.45,23.51
1724416200,23.51,23.54,23.45,23.52
1724418000,23.51,23.53,23.47,23.49
1724419800,23.5,23.52,23.47,23.5
1724421600,23.5,23.63,23.45,23.49
1724423400,23.5,23.5,22.95,23
1724425200,22.72,22.72,22.72,22.72
1724653800,23.01,23.01,23.01,23.01
1724655600,23.01,23.36,22.96,23.02
1724657400,23.02,23.1,22.83,23.02
1724659200,23.02,23.11,22.97,22.99
1724661000,22.99,23.15,22.87,22.88
1724662800,22.88,22.96,22.84,22.92
1724664600,22.92,23.06,22.91,22.94
1724666400,22.93,22.96,22.78,22.82
1724668200,22.81,22.98,22.77,22.95
1724670000,22.96,23.03,22.88,22.98
1724671800,22.98,23.08,22.95,23.06
1724673600,23.07,23.1,22.99,23.03
1724675400,23.03,23.07,23,23
1724677200,23,23.14,22.99,23.11
1724679000,23.12,23.32,23.1,23.24
1724680800,23.23,23.24,23,23.08
1724682600,23.09,23.12,22.88,22.95
1724684400,22.98,22.98,22.98,22.98
1724740200,23.08,23.08,23.08,23.08
1724742000,23.05,23.15,22.76,23.12
1724743800,23.12,23.38,23.11,23.25
1724745600,23.25,23.38,23.14,23.35
1724747400,23.35,23.47,23.3,23.42
1724749200,23.43,23.44,23.25,23.28
1724751000,23.28,23.34,23.19,23.22
1724752800,23.22,23.31,23.19,23.25
1724754600,23.25,23.3,23.23,23.26
1724756400,23.27,23.47,23.27,23.41
1724758200,23.42,23.42,23.3,23.38
1724760000,23.39,23.44,23.33,23.38
1724761800,23.39,23.4,23.08,23.24
1724763600,23.25,23.26,23,23.03
1724765400,23.02,23.05,22.65,22.69
1724767200,22.69,22.69,22.39,22.54
1724769000,22.54,22.78,22.28,22.7
1724770800,22.7,22.92,22.7,22.92
1724826600,23,23,23,23
1724828400,23,23.33,22.99,23.26
1724830200,23.26,23.27,22.8,22.92
1724832000,22.9,22.99,22.8,22.8
1724833800,22.82,22.82,22.3,22.65
1724835600,22.67,22.7,22.51,22.59
1724837400,22.6,22.69,22.57,22.63
1724839200,22.63,22.75,22.62,22.75
1724841000,22.75,22.79,22.71,22.78
1724842800,22.77,22.8,22.58,22.62
1724844600,22.62,22.7,22.56,22.67
1724846400,22.68,22.69,22.56,22.58
1724848200,22.57,22.64,22.55,22.57
1724850000,22.56,22.59,22.48,22.54
1724851800,22.54,22.54,22.37,22.44
1724853600,22.45,22.53,22.38,22.45
1724855400,22.45,22.46,22.34,22.38
1724857200,22.53,22.53,22.53,22.53
1724913000,22.57,22.57,22.57,22.57
1724914800,22.56,22.75,22.27,22.42
1724916600,22.44,22.53,22.37,22.43
1724918400,22.43,22.59,22.43,22.46
1724920200,22.46,22.49,22.34,22.36
1724922000,22.35,22.44,22.33,22.37
1724923800,22.37,22.37,22.31,22.33
1724925600,22.32,22.41,22.3,22.4
1724927400,22.4,22.55,22.4,22.54
1724929200,22.55,22.66,22.5,22.55
1724931000,22.55,22.71,22.54,22.66
1724932800,22.67,22.8,22.65,22.7
1724934600,22.69,22.77,22.63,22.73
1724936400,22.74,22.88,22.71,22.86
1724938200,22.87,23.04,22.83,22.92
1724940000,22.93,23.03,22.82,23.03
1724941800,23.02,23.02,22.68,22.7
1724943600,22.68,22.95,22.27,22.27
1725258600,22.36,22.36,22.36,22.36
1725260400,22.36,22.49,22.28,22.41
1725262200,22.4,22.44,22.35,22.4
1725264000,22.4,22.43,22.32,22.4
1725265800,22.4,22.41,22.33,22.38
1725267600,22.38,22.41,22.35,22.4
1725269400,22.4,22.65,22.4,22.58
1725271200,22.58,22.59,22.45,22.46
1725273000,22.45,22.49,22.44,22.47
1725274800,22.46,22.49,22.44,22.48
1725276600,22.48,22.48,22.41,22.45
1725278400,22.45,22.46,22.41,22.41
1725280200,22.42,22.45,22.38,22.4
1725282000,22.4,22.42,22.32,22.33
1725283800,22.33,22.47,22.31,22.44
1725285600,22.43,22.45,22.39,22.44
1725287400,22.44,22.58,22.42,22.55
1725289200,22.55,22.55,22.55,22.55
1725345000,22.65,22.65,22.65,22.65
1725346800,22.66,22.84,22.64,22.84
1725348600,22.83,22.83,22.51,22.53
1725350400,22.54,22.54,22.44,22.48
1725352200,22.48,22.48,22.36,22.41
1725354000,22.4,22.44,22.35,22.38
1725355800,22.38,22.4,22.35,22.4
1725357600,22.4,22.41,22.37,22.41
1725359400,22.39,22.43,22.37,22.43
1725361200,22.43,22.44,22.32,22.33
1725363000,22.33,22.33,21.56,22.08
1725364800,22.08,22.09,21.93,22.07
1725366600,22.07,22.13,22.03,22.05
1725368400,22.06,22.24,22.05,22.13
1725370200,22.13,22.15,22.03,22.04
1725372000,22.04,22.2,21.96,22.18
1725373800,22.18,22.19,22.06,22.08
1725375600,22.12,22.12,22.12,22.12
1725431400,21.99,21.99,21.99,21.99
1725433200,21.97,22.02,21.75,21.85
1725435000,21.84,21.85,21.6,21.62
1725436800,21.62,21.63,21.51,21.62
1725438600,21.61,21.64,21.51,21.51
1725440400,21.51,21.53,21.41,21.47
1725442200,21.47,21.51,21.43,21.45
1725444000,21.45,21.49,21.42,21.44
1725445800,21.44,21.45,21.33,21.4
1725447600,21.4,21.49,21.34,21.36
1725449400,21.36,21.38,21.29,21.32
1725451200,21.32,21.34,21.24,21.29
1725453000,21.3,21.3,21.22,21.25
1725454800,21.25,21.32,21.21,21.27
1725456600,21.27,21.27,21.21,21.22
1725458400,21.23,21.28,21.13,21.27
1725460200,21.27,21.36,21.19,21.29
1725462000,21.39,21.39,21.39,21.39
1725517800,21.4,21.4,21.4,21.4
1725519600,21.43,21.53,21.17,21.25
1725521400,21.25,21.28,21.17,21.2
1725523200,21.2,21.32,21.18,21.3
1725525000,21.3,21.43,21.24,21.36
1725526800,21.36,21.43,21.32,21.34
1725528600,21.34,21.35,21.3,21.32
1725530400,21.31,21.34,21.3,21.33
1725532200,21.33,21.34,21.2,21.23
1725534000,21.23,21.25,21.16,21.18
1725535800,21.18,21.2,21.16,21.17
1725537600,21.18,21.2,21.08,21.08
1725539400,21.08,21.28,21.06,21.18
1725541200,21.18,21.19,21.08,21.12
1725543000,21.13,21.19,21.1,21.13
1725544800,21.13,21.2,21.1,21.13
1725546600,21.12,21.13,21,21.09
1725548400,21.15,21.15,21.15,21.15
1725604200,21.14,21.14,21.14,21.14
1725606000,21.13,21.15,20.9,20.95
1725607800,20.94,21.04,20.89,21.01
1725609600,21.01,21.08,21,21.02
1725611400,21.03,21.07,20.99,21.04
1725613200,21.04,21.09,21.01,21.07
1725615000,21.08,21.09,21,21.03
1725616800,21.03,21.04,21,21.02
1725618600,21.02,21.05,21,21.02
1725620400,21.02,21.11,21.01,21.09
1725622200,21.08,21.08,21,21.01
1725624000,21.01,21.01,20.96,20.99
1725625800,21,21.07,20.96,21.02
1725627600,21.02,21.07,20.93,20.93
1725629400,20.94,20.97,20.88,20.97
1725631200,20.96,20.98,20.88,20.9
1725633000,20.9,20.94,20.65,20.68
1725634800,20.69,20.69,20.66,20.66
1725863400,20.31,20.31,20.31,20.31
1725865200,20.46,21.13,20.41,20.99
1725867000,20.98,20.99,20.83,20.89
1725868800,20.89,20.92,20.84,20.86
1725870600,20.87,21.07,20.86,21.06
1725872400,21.06,21.33,21.04,21.17
1725874200,21.17,21.23,21.14,21.16
1725876000,21.16,21.33,21.16,21.32
1725877800,21.32,21.39,21.29,21.3
1725879600,21.3,21.43,21.29,21.42
1725881400,21.41,21.59,21.38,21.55
1725883200,21.55,21.66,21.48,21.53
1725885000,21.54,21.59,21.46,21.48
1725886800,21.48,21.51,21.3,21.38
1725888600,21.38,21.45,21.37,21.41
1725890400,21.42,21.56,21.41,21.53
1725892200,21.54,21.61,21.45,21.45
1725894000,21.47,21.47,21.47,21.47
1725949800,21.62,21.62,21.62,21.62
1725951600,21.62,21.66,21.2,21.25
1725953400,21.25,21.64,21.22,21.55
1725955200,21.54,21.55,21.3,21.38
1725957000,21.37,21.38,21.23,21.25
1725958800,21.26,21.26,21.17,21.21
1725960600,21.21,21.26,21.13,21.23
1725962400,21.22,21.32,21.22,21.24
1725964200,21.24,21.32,21.22,21.23
1725966000,21.23,21.44,21.22,21.4
1725967800,21.39,21.56,21.33,21.33
1725969600,21.33,21.36,21.22,21.32
1725971400,21.31,21.44,21.27,21.42
1725973200,21.43,21.6,21.38,21.59
1725975000,21.58,21.72,21.35,21.51
1725976800,21.5,21.6,21.43,21.52
1725978600,21.52,21.56,21.34,21.34
1725980400,21.69,21.69,21.69,21.69
1726036200,21.61,21.61,21.61,21.61
1726038000,21.6,21.6,21.28,21.37
1726039800,21.38,21.49,21.37,21.41
1726041600,21.41,21.5,21.39,21.4
1726043400,21.4,21.46,21.39,21.39
1726045200,21.39,21.42,21.35,21.39
1726047000,21.39,21.39,21.29,21.3
1726048800,21.3,21.33,21.25,21.3
1726050600,21.3,21.31,21.23,21.3
1726052400,21.3,21.31,21.25,21.3
1726054200,21.3,21.38,21.28,21.36
1726056000,21.36,21.36,21.28,21.32
1726057800,21.31,21.32,21.16,21.23
1726059600,21.23,21.31,21.11,21.13
1726061400,21.12,21.18,21,21.06
1726063200,21.05,21.19,20.97,21.08
1726065000,21.08,21.08,20.88,20.96
1726066800,20.95,20.95,20.95,20.95
1726122600,21.23,21.23,21.23,21.23
1726124400,21.23,21.27,20.79,20.81
1726126200,20.81,20.86,20.73,20.82
1726128000,20.82,20.89,20.73,20.88
1726129800,20.87,20.88,20.77,20.78
1726131600,20.79,20.81,20.76,20.79
1726133400,20.8,20.82,20.76,20.77
1726135200,20.76,20.78,20.69,20.71
1726137000,20.72,20.75,20.68,20.69
1726138800,20.69,20.73,20.65,20.68
1726140600,20.68,20.81,20.67,20.8
1726142400,20.8,20.92,20.79,20.87
1726144200,20.86,20.86,20.77,20.79
1726146000,20.79,20.79,20.56,20.6
1726147800,20.61,20.66,20.5,20.61
1726149600,20.62,20.69,20.54,20.62
1726151400,20.63,20.99,20.61,20.94
1726153200,21.11,21.11,21.11,21.11
1726209000,21.11,21.11,21.11,21.11
1726210800,21.1,21.22,20.9,20.96
1726212600,20.96,21,20.79,20.79
1726214400,20.8,20.86,20.7,20.74
1726216200,20.73,20.8,20.72,20.79
1726218000,20.79,20.8,20.72,20.72
1726219800,20.71,20.74,20.69,20.73
1726221600,20.72,20.79,20.71,20.72
1726223400,20.71,20.86,20.71,20.74
1726225200,20.73,20.81,20.7,20.8
1726227000,20.79,20.84,20.76,20.81
1726228800,20.8,21.05,20.79,20.9
1726230600,20.9,20.92,20.77,20.78
1726232400,20.78,20.84,20.72,20.72
1726234200,20.72,20.82,20.7,20.81
1726236000,20.82,20.97,20.81,20.88
1726237800,20.88,20.99,20.86,20.99
1726239600,21.04,21.04,21.04,21.04
1726468200,21.04,21.04,21.04,21.04
1726470000,21.04,21.15,20.92,20.97
1726471800,20.96,20.97,20.86,20.9
1726473600,20.9,20.95,20.83,20.86
1726475400,20.85,21.1,20.85,21.1
1726477200,21.09,21.11,20.99,21.06
1726479000,21.05,21.07,20.96,20.99
1726480800,20.98,21.07,20.95,20.96
1726482600,20.96,21.03,20.95,20.96
1726484400,20.96,21,20.91,20.96
1726486200,20.96,21.03,20.95,21.03
1726488000,21.02,21.05,20.97,21
1726489800,21,21.08,20.96,20.97
1726491600,20.96,21,20.89,20.89
1726493400,20.89,20.9,20.77,20.83
1726495200,20.83,20.88,20.74,20.75
1726497000,20.76,20.78,20.55,20.58
1726498800,20.58,20.63,20.58,20.63
1726554600,20.75,20.75,20.75,20.75
1726556400,20.75,20.9,20.61,20.84
1726558200,20.85,20.9,20.8,20.88
1726560000,20.9,21.05,20.88,20.96
1726561800,20.96,21.02,20.94,21.01
1726563600,21.01,21.03,20.95,20.97
1726565400,20.97,21.12,20.96,21.11
1726567200,21.12,21.15,21.07,21.07
1726569000,21.06,21.2,21.06,21.17
1726570800,21.17,21.31,21.04,21.12
1726572600,21.13,21.25,21.1,21.25
1726574400,21.24,21.31,21.24,21.27
1726576200,21.27,21.3,21.21,21.28
1726578000,21.28,21.29,21.2,21.22
1726579800,21.22,21.27,21.21,21.27
1726581600,21.26,21.3,21.21,21.22
1726583400,21.23,21.27,21.13,21.2
1726585200,21.2,21.2,21.2,21.2
1726641000,21.2,21.2,21.2,21.2
1726642800,21.2,21.38,21.1,21.27
1726644600,21.27,21.33,21.1,21.15
1726646400,21.15,21.17,21.04,21.07
1726648200,21.06,21.07,20.93,20.96
1726650000,20.95,20.96,20.86,20.92
1726651800,20.92,20.98,20.87,20.94
1726653600,20.95,20.95,20.79,20.82
1726655400,20.81,20.83,20.74,20.75
1726657200,20.75,20.79,20.68,20.79
1726659000,20.79,20.81,20.68,20.7
1726660800,20.7,20.76,20.68,20.72
1726662600,20.72,20.74,20.66,20.68
1726664400,20.68,20.75,20.67,20.73
1726666200,20.72,20.84,20.69,20.75
1726668000,20.76,20.81,20.69,20.74
1726669800,20.74,20.76,20.68,20.69
1726671600,20.68,20.68,20.68,20.68
1726727400,20.87,20.87,20.87,20.87
1726729200,20.87,21,20.78,20.92
1726731000,20.92,21.06,20.72,20.73
1726732800,20.73,20.74,20.67,20.7
1726734600,20.7,20.7,20.61,20.65
1726736400,20.64,20.67,20.59,20.67
1726738200,20.66,20.78,20.63,20.75
1726740000,20.74,20.96,20.74,20.84
1726741800,20.83,20.84,20.68,20.69
1726743600,20.68,20.82,20.65,20.78
1726745400,20.79,20.82,20.72,20.72
1726747200,20.72,20.79,20.71,20.73
1726749000,20.72,20.78,20.71,20.74
1726750800,20.74,20.77,20.71,20.74
1726752600,20.74,20.74,20.69,20.71
1726754400,20.7,20.73,20.68,20.7
1726756200,20.69,20.74,20.67,20.73
1726758000,20.9,20.9,20.9,20.9
1726813800,21.07,21.07,21.07,21.07
1726815600,21.06,21.19,20.93,21.12
1726817400,21.13,21.14,20.9,20.96
1726819200,20.96,21.06,20.95,21.02
1726821000,21.02,21.17,21.01,21.05
1726822800,21.05,21.06,20.97,21
1726824600,20.99,21.11,20.98,21.09
1726826400,21.1,21.17,21.06,21.13
1726828200,21.13,21.17,21.07,21.07
1726830000,21.08,21.11,21.04,21.05
1726831800,21.05,21.11,21.03,21.1
1726833600,21.11,21.13,21.08,21.1
1726835400,21.09,21.11,21.05,21.09
1726837200,21.09,21.14,21.08,21.1
1726839000,21.1,21.12,20.95,20.95
1726840800,20.95,21.05,20.94,21.05
1726842600,21.05,21.07,20.99,21.06
1726844400,21.02,21.02,21.02,21.02
1727073000,21.17,21.17,21.17,21.17
1727074800,21.17,21.2,21,21.01
1727076600,21,21.01,20.76,20.81
1727078400,20.8,20.84,20.75,20.82
1727080200,20.81,20.83,20.78,20.8
1727082000,20.8,20.83,20.79,20.81
1727083800,20.81,20.85,20.8,20.82
1727085600,20.83,20.85,20.8,20.83
1727087400,20.83,20.83,20.77,20.83
1727089200,20.83,20.87,20.81,20.84
1727091000,20.84,20.87,20.82,20.83
1727092800,20.84,20.85,20.79,20.81
1727094600,20.81,20.95,20.79,20.9
1727096400,20.9,20.91,20.79,20.81
1727098200,20.81,20.89,20.79,20.84
1727100000,20.85,20.85,20.7,20.71
1727101800,20.71,20.73,20.45,20.5
1727103600,20.5,20.5,20.5,20.5
1727159400,20.61,20.61,20.61,20.61
1727161200,20.61,20.63,20.34,20.41
1727163000,20.41,20.44,20.31,20.35
1727164800,20.35,20.53,20.31,20.5
1727166600,20.5,20.5,20.36,20.36
1727168400,20.36,20.55,20.36,20.52
1727170200,20.52,20.58,20.5,20.52
1727172000,20.53,20.62,20.49,20.59
1727173800,20.59,20.62,20.48,20.5
1727175600,20.5,20.5,20.42,20.42
1727177400,20.44,20.45,20.32,20.33
1727179200,20.33,20.38,20.32,20.37
1727181000,20.37,20.38,20.3,20.33
1727182800,20.34,20.37,20.3,20.32
1727184600,20.32,20.33,20.26,20.32
1727186400,20.32,20.39,20.29,20.36
1727188200,20.35,20.39,20.09,20.14
1727190000,20.12,20.12,20.12,20.12
1727245800,20.12,20.12,20.12,20.12
1727247600,20.13,20.23,19.97,20.01
1727249400,20,20.02,19.76,19.77
1727251200,19.76,19.78,19.67,19.71
1727253000,19.71,19.79,19.68,19.76
1727254800,19.77,19.82,19.72,19.78
1727256600,19.78,19.83,19.76,19.77
1727258400,19.77,19.77,19.56,19.64
1727260200,19.63,19.65,19.59,19.62
1727262000,19.61,19.65,19.59,19.62
1727263800,19.62,19.64,19.57,19.59
1727265600,19.58,19.6,19.33,19.34
1727267400,19.34,19.43,19.28,19.31
1727269200,19.31,19.37,19.24,19.3
1727271000,19.29,19.34,19.25,19.32
1727272800,19.31,19.33,19.17,19.22
1727274600,19.22,19.31,19.17,19.28
1727276400,19.24,19.24,19.24,19.24
1727332200,19.34,19.34,19.34,19.34
1727334000,19.35,19.58,19.34,19.49
1727335800,19.5,19.73,19.48,19.71
1727337600,19.71,19.8,19.65,19.78
1727339400,19.78,19.89,19.71,19.88
1727341200,19.88,19.99,19.85,19.95
1727343000,19.95,20.07,19.93,20
1727344800,20.01,20.08,19.97,19.99
1727346600,19.98,20.02,19.91,19.91
1727348400,19.92,19.93,19.82,19.89
1727350200,19.89,20.03,19.88,19.96
1727352000,19.97,19.98,19.79,19.83
1727353800,19.84,19.9,19.7,19.85
1727355600,19.86,19.95,19.85,19.92
1727357400,19.92,20.06,19.92,20.04
1727359200,20.03,20.08,19.91,19.94
1727361000,19.94,20,19.83,19.85
1727362800,19.99,19.99,19.99,19.99
1727418600,19.99,19.99,19.99,19.99
1727420400,19.99,20.25,19.85,19.98
1727422200,19.99,20.11,19.87,19.96
1727424000,19.95,20.12,19.9,20.09
1727425800,20.09,20.14,20.06,20.09
1727427600,20.09,20.09,20.01,20.04
1727429400,20.05,20.12,20.03,20.08
1727431200,20.09,20.14,20.05,20.1
1727433000,20.09,20.18,20.08,20.14
1727434800,20.14,20.16,20.1,20.14
1727436600,20.13,20.15,20.07,20.11
1727438400,20.11,20.12,19.96,19.98
1727440200,19.97,20.07,19.95,20.03
1727442000,20.03,20.07,19.97,19.97
1727443800,19.96,20.04,19.93,20.02
1727445600,20.02,20.02,19.91,19.97
1727447400,19.97,20.13,19.96,20.05
1727449200,20.04,20.04,20.04,20.04
1727677800,19.9,19.9,19.9,19.9
1727679600,20,20.01,19.58,19.66
1727681400,19.68,19.77,19.61,19.75
1727683200,19.75,19.75,19.62,19.67
1727685000,19.67,19.7,19.62,19.67
1727686800,19.67,19.69,19.63,19.65
1727688600,19.65,19.69,19.63,19.67
1727690400,19.66,19.7,19.64,19.66
1727692200,19.66,19.67,19.55,19.61
1727694000,19.61,19.66,19.56,19.59
1727695800,19.58,19.61,19.55,19.59
1727697600,19.59,19.61,19.54,19.58
1727699400,19.58,19.61,19.55,19.6
1727701200,19.59,19.71,19.59,19.66
1727703000,19.66,19.66,19.58,19.59
1727704800,19.58,19.62,19.46,19.51
1727706600,19.5,19.6,19.5,19.55
1727708400,19.63,19.63,19.63,19.63
1727764200,19.63,19.63,19.63,19.63
1727766000,19.64,19.79,19.49,19.67
1727767800,19.68,19.79,19.64,19.7
1727769600,19.7,19.76,19.65,19.76
1727771400,19.76,19.81,19.73,19.73
1727773200,19.74,19.78,19.72,19.73
1727775000,19.73,19.73,19.57,19.64
1727776800,19.65,19.68,19.6,19.63
1727778600,19.63,19.72,19.61,19.63
1727780400,19.63,19.68,19.58,19.59
1727782200,19.6,19.69,19.57,19.65
1727784000,19.66,19.72,19.64,19.68
1727785800,19.66,19.72,19.56,19.7
1727787600,19.71,19.86,19.7,19.83
1727789400,19.82,19.84,19.19,19.34
1727791200,19.33,19.48,19.21,19.23
1727793000,19.23,19.42,19.17,19.29
1727794800,19.29,19.29,19.29,19.29
1727850600,19.29,19.29,19.29,19.29
1727852400,19.29,19.33,19.07,19.11
1727854200,19.11,19.22,19.08,19.18
1727856000,19.2,19.2,19.01,19.02
1727857800,19.01,19.13,18.94,19.13
1727859600,19.13,19.19,18.98,19
1727861400,19,19.02,18.95,18.97
1727863200,18.97,19,18.93,18.98
1727865000,18.98,18.98,18.83,18.83
1727866800,18.84,18.89,18.82,18.86
1727868600,18.86,18.92,18.81,18.88
1727870400,18.87,19.17,18.84,19.16
1727872200,19.16,19.2,19.05,19.18
1727874000,19.18,19.24,19.07,19.09
1727875800,19.09,19.14,18.94,18.96
1727877600,18.96,18.98,18.76,18.95
1727879400,18.95,19.13,18.93,18.99
1727881200,18.96,18.96,18.96,18.96
1727937000,18.95,18.95,18.95,18.95
1727938800,18.95,19.03,18.66,18.77
1727940600,18.77,18.86,18.74,18.85
1727942400,18.86,18.94,18.81,18.83
1727944200,18.83,18.89,18.8,18.83
1727946000,18.84,19,18.83,18.93
1727947800,18.93,18.95,18.83,18.83
1727949600,18.83,18.9,18.76,18.77
1727951400,18.78,18.87,18.77,18.86
1727953200,18.86,18.94,18.84,18.88
1727955000,18.88,18.98,18.87,18.9
1727956800,18.9,18.94,18.78,18.82
1727958600,18.82,18.82,18.7,18.72
1727960400,18.71,18.87,18.71,18.75
1727962200,18.74,18.82,18.58,18.6
1727964000,18.59,18.69,18.53,18.56
1727965800,18.55,18.57,18.45,18.49
1727967600,18.6,18.6,18.6,18.6
1728023400,18.65,18.65,18.65,18.65
1728025200,18.65,18.72,18.49,18.68
1728027000,18.7,18.91,18.65,18.89
1728028800,18.89,19.11,18.79,18.82
1728030600,18.82,18.86,18.78,18.82
1728032400,18.82,18.95,18.79,18.91
1728034200,18.91,19.01,18.85,18.97
1728036000,18.97,19.01,18.91,18.98
1728037800,18.98,19,18.8,18.88
1728039600,18.89,18.93,18.8,18.83
1728041400,18.83,18.95,18.8,18.94
1728043200,18.95,18.95,18.78,18.81
1728045000,18.81,18.99,18.8,18.91
1728046800,18.91,18.97,18.86,18.97
1728048600,18.96,19.04,18.92,18.97
1728050400,18.99,19.16,18.96,19.07
1728052200,19.07,19.21,18.98,19.18
1728054000,19.18,19.19,19.18,19.19
1728282600,19.2,19.2,19.2,19.2
1728284400,19.22,19.5,19.22,19.48
1728286200,19.48,19.49,19.33,19.36
1728288000,19.35,19.44,19.35,19.43
1728289800,19.43,19.45,19.35,19.37
1728291600,19.37,19.43,19.35,19.42
1728293400,19.42,19.56,19.42,19.53
1728295200,19.53,19.55,19.48,19.5
1728297000,19.49,19.55,19.48,19.51
1728298800,19.51,19.61,19.49,19.6
1728300600,19.61,19.62,19.47,19.47
1728302400,19.47,19.53,19.45,19.51
1728304200,19.51,19.53,19.43,19.45
1728306000,19.46,19.51,19.42,19.51
1728307800,19.51,19.51,19.29,19.29
1728309600,19.29,19.37,19.24,19.35
1728311400,19.34,19.42,19.26,19.27
1728313200,19.27,19.27,19.25,19.25
1728369000,19.23,19.23,19.23,19.23
1728370800,19.23,19.31,18.97,19.18
1728372600,19.18,19.35,19.11,19.27
1728374400,19.28,19.57,19.26,19.39
1728376200,19.39,19.4,19.26,19.31
1728378000,19.31,19.45,19.31,19.37
1728379800,19.39,19.41,19.3,19.37
1728381600,19.38,19.43,19.32,19.42
1728383400,19.43,19.45,19.13,19.17
1728385200,19.18,19.18,19.07,19.12
1728387000,19.12,19.26,19.11,19.25
1728388800,19.25,19.39,19.25,19.39
1728390600,19.4,19.43,19.28,19.28
1728392400,19.28,19.43,19.27,19.42
1728394200,19.42,19.44,19.34,19.35
1728396000,19.35,19.4,19.2,19.34
1728397800,19.34,19.39,19.24,19.24
1728399600,19.13,19.13,19.13,19.13
1728455400,19.13,19.13,19.13,19.13
1728457200,19.14,19.18,18.88,18.89
1728459000,18.88,18.9,18.82,18.88
1728460800,18.88,18.96,18.86,18.93
1728462600,18.92,19.01,18.88,19.01
1728464400,19.01,19.11,18.99,19.08
1728466200,19.08,19.09,19,19.04
1728468000,19.03,19.09,19.02,19.07
1728469800,19.07,19.07,19,19.02
1728471600,19.02,19.05,18.98,19.04
1728473400,19.03,19.15,19.01,19.09
1728475200,19.09,19.13,18.98,19.09
1728477000,19.09,19.22,19.05,19.18
1728478800,19.18,19.37,19.18,19.32
1728480600,19.31,19.53,19.23,19.5
1728482400,19.5,19.73,19.42,19.7
1728484200,19.71,19.93,19.7,19.87
1728486000,19.85,19.85,19.85,19.85
1728541800,20.05,20.05,20.05,20.05
1728543600,20.05,20.18,19.83,19.89
1728545400,19.88,20.04,19.87,20.02
1728547200,20.02,20.03,19.92,19.97
1728549000,19.98,20.01,19.93,19.99
1728550800,19.98,20.02,19.88,19.93
1728552600,19.94,19.98,19.89,19.93
1728554400,19.92,20.01,19.91,19.95
1728556200,19.96,20.14,19.95,20.1
1728558000,20.09,20.19,20.05,20.15
1728559800,20.15,20.16,20.01,20.06
1728561600,20.06,20.11,19.97,20.08
1728563400,20.07,20.16,19.98,20.04
1728565200,20.04,20.21,20.03,20.12
1728567000,20.12,20.17,20.04,20.05
1728568800,20.05,20.17,20,20.13
1728570600,20.12,20.32,19.97,20.03
1728572400,19.88,19.88,19.88,19.88
1728628200,19.9,19.9,19.9,19.9
1728630000,19.9,19.96,19.65,19.95
1728631800,19.95,19.99,19.7,19.8
1728633600,19.79,19.85,19.72,19.74
1728635400,19.73,19.86,19.71,19.72
1728637200,19.73,19.77,19.68,19.73
1728639000,19.71,19.75,19.53,19.61
1728640800,19.61,19.69,19.6,19.67
1728642600,19.67,19.69,19.62,19.67
1728644400,19.65,19.73,19.64,19.69
1728646200,19.69,19.82,19.67,19.71
1728648000,19.71,19.83,19.6,19.71
1728649800,19.7,19.78,19.66,19.71
1728651600,19.7,19.72,19.53,19.54
1728653400,19.53,19.62,19.36,19.4
1728655200,19.4,19.53,19.34,19.46
1728657000,19.46,19.47,19.31,19.37
1728658800,19.32,19.32,19.32,19.32
1728887400,19.22,19.22,19.22,19.22
1728889200,19.22,19.25,18.84,18.93
1728891000,18.92,18.97,18.69,18.75
1728892800,18.75,18.78,18.6,18.62
1728894600,18.62,18.7,18.57,18.64
1728896400,18.63,18.67,18.56,18.59
1728898200,18.58,18.6,18.52,18.58
1728900000,18.58,18.63,18.54,18.58
1728901800,18.59,18.68,18.52,18.54
1728903600,18.54,18.57,18.48,18.54
1728905400,18.54,18.59,18.49,18.54
1728907200,18.54,18.54,18.46,18.49
1728909000,18.48,18.55,18.43,18.47
1728910800,18.47,18.49,18.42,18.45
1728912600,18.45,18.6,18.36,18.54
1728914400,18.55,18.58,18.44,18.47
1728916200,18.46,18.55,18.36,18.4
1728918000,18.4,18.4,18.4,18.4
1728973800,18.4,18.4,18.4,18.4
1728975600,18.4,18.46,18.13,18.23
1728977400,18.24,18.4,18.2,18.35
1728979200,18.34,18.39,18.22,18.36
1728981000,18.36,18.43,18.32,18.37
1728982800,18.37,18.47,18.34,18.42
1728984600,18.42,18.57,18.41,18.56
1728986400,18.56,18.85,18.55,18.78
1728988200,18.77,18.79,18.59,18.62
1728990000,18.62,18.63,18.45,18.45
1728991800,18.46,18.46,18.36,18.42
1728993600,18.42,18.5,18.37,18.42
1728995400,18.42,18.44,18.36,18.37
1728997200,18.38,18.43,18.37,18.39
1728999000,18.4,18.49,18.36,18.42
1729000800,18.41,18.52,18.37,18.48
1729002600,18.49,18.55,18.44,18.52
1729004400,18.42,18.42,18.42,18.42
1729060200,18.1,18.1,18.1,18.1
1729062000,18.09,18.17,17.83,17.87
1729063800,17.87,18.05,17.86,17.87
1729065600,17.87,17.89,17.82,17.86
1729067400,17.87,17.93,17.85,17.92
1729069200,17.92,17.94,17.88,17.9
1729071000,17.89,17.92,17.87,17.89
1729072800,17.89,17.91,17.87,17.89
1729074600,17.88,17.94,17.85,17.89
1729076400,17.88,17.9,17.85,17.88
1729078200,17.88,17.91,17.86,17.88
1729080000,17.87,17.9,17.82,17.85
1729081800,17.85,17.85,17.67,17.71
1729083600,17.71,17.84,17.71,17.8
1729085400,17.8,17.92,17.77,17.89
1729087200,17.9,18.08,17.87,18.05
1729089000,18.07,18.16,18.02,18.05
1729090800,18.12,18.12,18.12,18.12
1729146600,18.12,18.12,18.12,18.12
1729148400,18.12,18.23,18.02,18.12
1729150200,18.12,18.22,18.09,18.16
1729152000,18.16,18.25,18.12,18.21
1729153800,18.21,18.33,18.14,18.29
1729155600,18.3,18.39,18.28,18.33
1729157400,18.33,18.38,18.3,18.37
1729159200,18.37,18.39,18.32,18.37
1729161000,18.38,18.47,18.33,18.37
1729162800,18.37,18.43,18.28,18.4
1729164600,18.4,18.4,18.3,18.32
1729166400,18.32,18.4,18.24,18.38
1729168200,18.38,18.39,18.28,18.3
1729170000,18.3,18.39,18.29,18.39
1729171800,18.38,18.48,18.33,18.35
1729173600,18.35,18.41,18.26,18.31
1729175400,18.31,18.38,18.22,18.29
1729177200,18.29,18.29,18.29,18.29
1729233000,18.31,18.31,18.31,18.31
1729234800,18.32,18.45,18.17,18.22
1729236600,18.22,18.27,18.18,18.23
1729238400,18.22,18.27,18.19,18.2
1729240200,18.19,18.2,18.01,18.04
1729242000,18.03,18.13,18.02,18.11
1729243800,18.12,18.14,18.05,18.08
1729245600,18.07,18.09,17.96,18
1729247400,18,18.04,17.97,18.02
1729249200,18.01,18.05,17.98,18.03
1729251000,18.02,18.14,18.02,18.13
1729252800,18.13,18.17,18.09,18.1
1729254600,18.1,18.15,18.08,18.09
1729256400,18.08,18.08,17.97,17.99
1729258200,17.99,18.04,17.96,17.97
1729260000,17.97,18,17.89,17.99
1729261800,17.99,17.99,17.78,17.92
1729263600,17.89,17.89,17.89,17.89
1729492200,17.89,17.89,17.89,17.89
1729494000,17.89,17.9,17.7,17.77
1729495800,17.77,17.96,17.76,17.87
1729497600,17.86,17.95,17.86,17.86
1729499400,17.86,17.93,17.83,17.88
1729501200,17.88,17.94,17.82,17.87
1729503000,17.88,17.97,17.85,17.93
1729504800,17.91,18.07,17.91,17.92
1729506600,17.92,17.98,17.86,17.91
1729508400,17.91,17.95,17.89,17.92
1729510200,17.92,17.94,17.88,17.91
1729512000,17.91,17.91,17.85,17.85
1729513800,17.85,17.91,17.79,17.88
1729515600,17.88,17.95,17.86,17.89
1729517400,17.9,17.94,17.78,17.86
1729519200,17.85,17.87,17.72,17.82
1729521000,17.82,17.84,17.69,17.8
1729522800,17.62,17.62,17.62,17.62
1729578600,17.74,17.74,17.74,17.74
1729580400,17.74,17.85,17.57,17.62
1729582200,17.63,17.75,17.63,17.74
1729584000,17.74,18.14,17.73,18.11
1729585800,18.1,18.21,18.05,18.17
1729587600,18.17,18.18,18.04,18.13
1729589400,18.13,18.21,18.06,18.2
1729591200,18.2,18.31,18.16,18.22
1729593000,18.21,18.22,18.1,18.13
1729594800,18.12,18.14,18.05,18.11
1729596600,18.12,18.19,18.09,18.12
1729598400,18.12,18.4,18.1,18.31
1729600200,18.31,18.47,18.29,18.38
1729602000,18.39,18.57,18.35,18.38
1729603800,18.39,18.42,18.22,18.25
1729605600,18.24,18.43,18.23,18.43
1729607400,18.43,18.43,18.32,18.4
1729609200,18.3,18.3,18.3,18.3
1729665000,19.5,19.5,19.5,19.5
1729666800,19.51,19.8,19.04,19.2
1729668600,19.2,19.33,19.18,19.29
1729670400,19.29,19.29,19.02,19.1
1729672200,19.11,19.11,18.97,19
1729674000,19,19.11,18.97,19
1729675800,19,19.03,18.87,18.99
1729677600,19,19.1,19,19.1
1729679400,19.1,19.25,19.08,19.25
1729681200,19.25,19.31,19.2,19.21
1729683000,19.2,19.2,19.08,19.11
1729684800,19.1,19.15,19.01,19.15
1729686600,19.14,19.2,19.07,19.2
1729688400,19.21,19.27,18.92,19.03
1729690200,19.03,19.13,18.94,19.1
1729692000,19.11,19.18,19.03,19.15
1729693800,19.15,19.18,19.02,19.05
1729695600,19.05,19.05,19.05,19.05
1729751400,19.06,19.06,19.06,19.06
1729753200,19.06,19.3,18.97,18.99
1729755000,18.98,19.02,18.87,18.89
1729756800,18.89,19.05,18.8,18.93
1729758600,18.93,18.99,18.86,18.99
1729760400,18.98,18.98,18.83,18.88
1729762200,18.89,18.92,18.87,18.91
1729764000,18.9,18.99,18.9,18.93
1729765800,18.93,19.08,18.92,19.08
1729767600,19.08,19.13,19.06,19.09
1729769400,19.09,19.16,19.05,19.14
1729771200,19.14,19.14,19.07,19.1
1729773000,19.1,19.2,19.09,19.16
1729774800,19.17,19.35,19.15,19.24
1729776600,19.25,19.28,19.08,19.13
1729778400,19.13,19.14,18.99,19.1
1729780200,19.1,19.23,19.07,19.16
1729782000,19.1,19.1,19.1,19.1
1729837800,19.1,19.1,19.1,19.1
1729839600,19.09,19.27,18.94,19.14
1729841400,19.12,19.18,19.09,19.1
1729843200,19.1,19.11,18.95,18.96
1729845000,18.96,19.02,18.91,19.01
1729846800,19.01,19.08,19,19.08
1729848600,19.07,19.1,19.02,19.04
1729850400,19.04,19.09,19,19.08
1729852200,19.07,19.13,19,19.01
1729854000,19.01,19.02,18.92,18.96
1729855800,18.94,18.97,18.92,18.93
1729857600,18.93,19.03,18.9,18.97
1729859400,18.97,19.12,18.95,19.03
1729861200,19.03,19.13,19,19.11
1729863000,19.11,19.13,19.04,19.08
1729864800,19.08,19.46,19.05,19.44
1729866600,19.45,19.67,19.37,19.5
1729868400,19.56,19.56,19.56,19.56
1730097000,19.75,19.75,19.75,19.75
1730098800,19.74,19.75,19.17,19.43
1730100600,19.41,19.44,19.31,19.42
1730102400,19.43,19.5,19.37,19.4
1730104200,19.4,19.46,19.36,19.36
1730106000,19.36,19.42,19.23,19.29
1730107800,19.28,19.28,19.28,19.28
1730269800,19.3,19.3,19.3,19.3
1730271600,19.31,19.45,19.25,19.25
1730273400,19.26,19.28,19.16,19.17
1730275200,19.18,19.19,19.09,19.19
1730277000,19.19,19.31,19.16,19.28
1730278800,19.27,19.34,19.24,19.28
1730280600,19.28,19.33,19.26,19.29
1730282400,19.29,19.29,19.19,19.23
1730284200,19.24,19.32,19.22,19.28
1730286000,19.27,19.28,19.21,19.28
1730287800,19.26,19.33,19.23,19.3
1730289600,19.3,19.32,19.25,19.26
1730291400,19.26,19.33,19.25,19.27
1730293200,19.27,19.29,19.18,19.23
1730295000,19.22,19.3,19.22,19.26
1730296800,19.26,19.3,19.23,19.27
1730298600,19.27,19.37,19.27,19.3
1730300400,19.31,19.31,19.31,19.31
1730356200,19.3,19.3,19.3,19.3
1730358000,19.29,19.45,19.23,19.29
1730359800,19.29,19.39,19.26,19.35
1730361600,19.36,19.41,19.26,19.29
1730363400,19.29,19.33,19.22,19.23
1730365200,19.23,19.24,19.17,19.19
1730367000,19.19,19.22,19.14,19.16
1730368800,19.16,19.19,19.12,19.18
1730370600,19.17,19.18,19.14,19.14
1730372400,19.15,19.21,19.14,19.18
1730374200,19.17,19.19,19.11,19.12
1730376000,19.11,19.14,19.07,19.14
1730377800,19.14,19.14,19.09,19.12
1730379600,19.12,19.19,19.1,19.17
1730381400,19.16,19.21,19.12,19.19
1730383200,19.19,19.19,18.99,19.09
1730385000,19.07,19.07,18.98,19.01
1730386800,19.17,19.17,19.17,19.17
1730442600,19.21,19.21,19.21,19.21
1730444400,19.22,19.35,19.1,19.14
1730446200,19.14,19.19,18.99,19.17
1730448000,19.17,19.26,19.14,19.25
1730449800,19.25,19.32,19.19,19.3
1730451600,19.3,19.3,19.05,19.08
1730453400,19.07,19.21,19.04,19.2
1730455200,19.19,19.21,19.11,19.16
1730457000,19.15,19.19,19.1,19.13
1730458800,19.14,19.17,19.09,19.16
1730460600,19.16,19.25,19.12,19.14
1730462400,19.14,19.2,19.13,19.18
1730464200,19.17,19.23,19.15,19.18
1730466000,19.16,19.2,19.14,19.16
1730467800,19.15,19.16,18.89,18.94
1730469600,18.94,18.99,18.88,18.96
1730471400,18.96,19.01,18.92,18.97
1730473200,19.15,19.15,19.15,19.15
1730701800,19.1,19.1,19.1,19.1
1730703600,19.09,19.09,18.6,18.62
1730705400,18.63,18.65,18.46,18.55
1730707200,18.55,18.59,18.46,18.46
1730709000,18.47,18.49,18.42,18.43
1730710800,18.44,18.45,18.38,18.42
1730712600,18.42,18.46,18.41,18.43
1730714400,18.42,18.45,18.36,18.43
1730716200,18.43,18.45,18.38,18.39
1730718000,18.38,18.45,18.36,18.44
1730719800,18.43,18.43,18.22,18.25
1730721600,18.25,18.28,18.17,18.26
1730723400,18.25,18.3,18.15,18.24
1730725200,18.23,18.24,18.16,18.17
1730727000,18.16,18.2,18.08,18.14
1730728800,18.14,18.34,18,18.08
1730730600,18.08,18.13,17.96,18
1730732400,18.1,18.1,18.1,18.1
1730788200,18.13,18.13,18.13,18.13
1730790000,18.12,18.12,17.58,17.59
1730791800,17.59,17.63,17.47,17.55
1730793600,17.55,17.87,17.53,17.87
1730795400,17.86,17.9,17.8,17.84
1730797200,17.85,17.91,17.81,17.84
1730799000,17.84,18.02,17.84,18
1730800800,18,18.01,17.91,17.95
1730802600,17.95,18.04,17.92,17.92
1730804400,17.92,17.94,17.78,17.79
1730806200,17.78,17.78,17.68,17.7
1730808000,17.7,17.78,17.68,17.75
1730809800,17.75,17.84,17.74,17.78
1730811600,17.78,17.83,17.73,17.83
1730813400,17.83,17.86,17.78,17.81
1730815200,17.81,17.91,17.81,17.85
1730817000,17.84,17.9,17.75,17.81
1730818800,17.77,17.77,17.77,17.77
1730874600,18.1,18.1,18.1,18.1
1730876400,18.11,18.17,17.61,17.62
1730878200,17.63,18.57,17.62,18.47
1730880000,18.46,19.15,18.33,18.89
1730881800,18.88,19.43,18.82,19.32
1730883600,19.33,19.54,19.33,19.54
1730885400,19.54,19.54,19.54,19.54
1730887200,19.54,19.54,19.54,19.54
1730889000,19.54,19.54,19.54,19.54
1730890800,19.54,19.54,19.54,19.54
1730892600,19.54,19.54,19.54,19.54
1730894400,19.54,19.54,19.54,19.54
1730896200,19.54,19.54,19.54,19.54
1730898000,19.54,19.54,19.54,19.54
1730899800,19.54,19.54,19.54,19.54
1730901600,19.54,19.54,19.54,19.54
1730903400,19.54,19.54,19.54,19.54
1730905200,19.54,19.54,19.54,19.54
1730961000,19.56,19.56,19.56,19.56
1730962800,19.55,19.98,19.28,19.65
1730964600,19.62,20.03,19.6,19.99
1730966400,20.01,20.14,19.84,19.91
1730968200,19.91,20.39,19.9,19.97
1730970000,19.96,20.02,19.88,19.94
1730971800,19.94,19.97,19.87,19.95
1730973600,19.95,20,19.9,19.92
1730975400,19.92,19.97,19.92,19.94
1730977200,19.93,20.04,19.92,20.02
1730979000,20,20,19.92,19.92
1730980800,19.92,19.95,19.91,19.92
1730982600,19.92,19.94,19.63,19.71
1730984400,19.72,19.84,19.61,19.79
1730986200,19.79,19.82,19.73,19.75
1730988000,19.75,19.89,19.75,19.84
1730989800,19.83,20.62,19.79,20.62
1730991600,20.4,20.4,20.4,20.4
1731047400,20.4,20.4,20.4,20.4
1731049200,20.4,20.5,20.17,20.24
1731051000,20.24,20.3,20.14,20.27
1731052800,20.27,20.37,20.11,20.14
1731054600,20.14,20.23,20.02,20.1
1731056400,20.1,20.13,20.05,20.08
1731058200,20.07,20.16,19.98,20.01
1731060000,20.01,20.04,19.97,19.98
1731061800,19.99,19.99,19.9,19.95
1731063600,19.96,20,19.93,19.93
1731065400,19.92,20.09,19.92,20.08
1731067200,20.08,20.42,20.07,20.31
1731069000,20.3,20.42,20.15,20.15
1731070800,20.16,20.23,20.1,20.14
1731072600,20.15,20.16,20.03,20.07
1731074400,20.07,20.19,20.01,20.1
1731076200,20.09,20.33,20,20.3
1731078000,20.38,20.38,20.38,20.38
1731306600,20.36,20.36,20.36,20.36
1731308400,20.36,20.42,20.03,20.39
1731310200,20.39,20.47,20.22,20.28
1731312000,20.28,20.3,20.21,20.23
1731313800,20.22,20.24,20.16,20.18
1731315600,20.18,20.29,20.17,20.21
1731317400,20.22,20.22,20.13,20.16
1731319200,20.14,20.19,20.05,20.18
1731321000,20.18,20.21,20.01,20.07
1731322800,20.06,20.15,20.05,20.11
1731324600,20.1,20.18,20.09,20.1
1731326400,20.1,20.17,20.09,20.11
1731328200,20.11,20.15,20.06,20.13
1731330000,20.12,20.18,20.1,20.16
1731331800,20.16,20.25,20.14,20.25
1731333600,20.24,20.28,20.17,20.19
1731335400,20.19,20.2,20.12,20.14
1731337200,20.15,20.15,20.15,20.15
1731393000,20.2,20.2,20.2,20.2
1731394800,20.2,20.57,20.16,20.51
1731396600,20.5,20.95,20.41,20.91
1731398400,20.91,21.2,20.78,20.97
1731400200,20.96,21.34,20.92,21.08
1731402000,21.08,21.23,21.02,21.17
1731403800,21.17,21.37,21.15,21.33
1731405600,21.34,21.48,21.28,21.29
1731407400,21.29,21.36,21.2,21.26
1731409200,21.26,21.44,21.22,21.28
1731411000,21.28,21.33,21.14,21.22
1731412800,21.22,21.24,21.11,21.21
1731414600,21.21,21.23,21.1,21.18
1731416400,21.19,21.37,21.15,21.33
1731418200,21.33,21.55,21.3,21.41
1731420000,21.4,21.44,21.31,21.4
1731421800,21.4,21.4,21.17,21.22
1731423600,21.22,21.22,21.22,21.22
1731479400,21.18,21.18,21.18,21.18
1731481200,21.18,21.53,21.02,21.37
1731483000,21.35,21.42,21.23,21.28
1731484800,21.29,21.31,21.12,21.23
1731486600,21.22,21.25,21.09,21.13
1731488400,21.13,21.2,21.09,21.1
1731490200,21.1,21.11,20.96,21.07
1731492000,21.07,21.18,21.04,21.06
1731493800,21.05,21.14,20.95,21.03
1731495600,21.03,21.15,20.96,21.01
1731497400,21.01,21.26,20.96,21.22
1731499200,21.22,21.22,21.08,21.15
1731501000,21.15,21.36,21.14,21.21
1731502800,21.2,21.2,21.04,21.13
1731504600,21.13,21.35,21.13,21.33
1731506400,21.33,21.35,21.24,21.26
1731508200,21.26,21.35,21.2,21.28
1731510000,21.3,21.3,21.3,21.3
1731565800,21.59,21.59,21.59,21.59
1731567600,21.56,21.87,21.52,21.8
1731569400,21.79,22.31,21.77,22.06
1731571200,22.05,22.06,21.77,21.82
1731573000,21.82,21.94,21.81,21.86
1731574800,21.86,22.01,21.84,21.94
1731576600,21.95,21.96,21.73,21.74
1731578400,21.75,21.86,21.73,21.79
1731580200,21.79,21.86,21.74,21.85
1731582000,21.86,22.02,21.81,21.85
1731583800,21.87,21.93,21.82,21.85
1731585600,21.86,21.89,21.83,21.86
1731587400,21.86,21.87,21.7,21.71
1731589200,21.71,21.83,21.7,21.8
1731591000,21.8,21.84,21.71,21.82
1731592800,21.82,21.83,21.71,21.73
1731594600,21.73,21.87,21.69,21.82
1731596400,21.75,21.75,21.75,21.75
1731652200,21.82,21.82,21.82,21.82
1731654000,21.83,21.98,21.62,21.69
1731655800,21.7,22.08,21.69,22.04
1731657600,22.04,22.13,21.77,21.8
1731659400,21.8,21.89,21.69,21.74
1731661200,21.75,21.75,21.6,21.61
1731663000,21.61,21.61,21.46,21.53
1731664800,21.54,21.54,21.42,21.47
1731666600,21.47,21.66,21.43,21.63
1731668400,21.63,21.65,21.42,21.51
1731670200,21.51,21.51,21.41,21.46
1731672000,21.45,21.5,21.38,21.45
1731673800,21.45,21.75,21.42,21.7
1731675600,21.7,21.8,21.6,21.62
1731677400,21.62,21.71,21.57,21.66
1731679200,21.66,21.71,21.58,21.63
1731681000,21.63,21.65,21.36,21.38
1731682800,21.32,21.32,21.32,21.32
1731911400,21.3,21.3,21.3,21.3
1731913200,21.3,21.37,20.72,20.78
1731915000,20.78,20.82,20.59,20.72
1731916800,20.72,20.97,20.69,20.88
1731918600,20.88,20.88,20.75,20.76
1731920400,20.75,20.84,20.66,20.77
1731922200,20.76,20.83,20.75,20.81
1731924000,20.81,20.92,20.71,20.8
1731925800,20.8,20.82,20.77,20.79
1731927600,20.8,20.8,20.72,20.79
1731929400,20.79,20.83,20.7,20.78
1731931200,20.79,20.8,20.71,20.79
1731933000,20.79,20.84,20.72,20.75
1731934800,20.74,20.79,20.69,20.74
1731936600,20.74,20.83,20.73,20.77
1731938400,20.77,20.89,20.75,20.82
1731940200,20.82,21.44,20.8,21.4
1731942000,21.5,21.5,21.5,21.5
1731997800,21.59,21.59,21.59,21.59
1731999600,21.59,21.87,21.41,21.41
1732001400,21.41,21.42,21.04,21.1
1732003200,21.1,21.25,21.08,21.15
1732005000,21.16,21.17,21.06,21.17
1732006800,21.17,21.26,21.09,21.1
1732008600,21.1,21.1,20.74,20.77
1732010400,20.76,20.89,20.71,20.85
1732012200,20.85,20.85,20.72,20.77
1732014000,20.76,20.81,20.68,20.69
1732015800,20.68,20.71,20.52,20.52
1732017600,20.5,20.53,20.33,20.47
1732019400,20.47,20.86,20.43,20.79
1732021200,20.8,20.82,20.42,20.53
1732023000,20.53,20.53,20.32,20.34
1732024800,20.34,20.67,20.31,20.65
1732026600,20.66,20.75,20.52,20.52
1732028400,20.64,20.64,20.64,20.64
1732084200,21.08,21.08,21.08,21.08
1732086000,21.08,21.11,20.74,20.75
1732087800,20.75,20.8,20.66,20.76
1732089600,20.76,20.77,20.36,20.38
1732091400,20.37,20.52,20.34,20.48
1732093200,20.48,20.49,20.38,20.38
1732095000,20.38,20.4,20.36,20.4
1732096800,20.4,20.42,20.37,20.38
1732098600,20.38,20.41,20.36,20.38
1732100400,20.37,20.42,20.3,20.4
1732102200,20.41,20.44,20.35,20.36
1732104000,20.37,20.43,20.35,20.39
1732105800,20.39,20.47,20.38,20.43
1732107600,20.43,20.52,20.42,20.49
1732109400,20.48,20.48,20.29,20.3
1732111200,20.29,20.31,20.03,20.03
1732113000,19.92,19.97,19.7,19.8
1732114800,19.67,19.67,19.67,19.67
1732170600,19.75,19.75,19.75,19.75
1732172400,19.75,19.85,19.38,19.41
1732174200,19.41,19.61,19.4,19.54
1732176000,19.54,19.56,19.45,19.52
1732177800,19.53,19.58,19.48,19.53
1732179600,19.54,19.55,19.47,19.49
1732181400,19.48,19.5,19.4,19.45
1732183200,19.45,19.65,19.44,19.49
1732185000,19.49,19.51,19.43,19.45
1732186800,19.45,19.74,19.38,19.69
1732188600,19.7,19.75,19.62,19.68
1732190400,19.69,19.73,19.65,19.72
1732192200,19.72,19.79,19.66,19.73
1732194000,19.74,19.75,19.54,19.58
1732195800,19.57,19.76,19.55,19.76
1732197600,19.76,19.78,19.63,19.66
1732199400,19.66,19.68,19.6,19.63
1732201200,19.56,19.56,19.56,19.56
1732257000,19.56,19.56,19.56,19.56
1732258800,19.56,19.64,19.32,19.37
1732260600,19.37,19.37,19.23,19.34
1732262400,19.34,19.37,19.31,19.36
1732264200,19.36,19.54,19.35,19.37
1732266000,19.37,19.45,19.36,19.37
1732267800,19.36,19.46,19.36,19.44
1732269600,19.44,19.61,19.43,19.5
1732271400,19.49,19.61,19.45,19.47
1732273200,19.47,19.58,19.34,19.51
1732275000,19.51,19.78,19.5,19.68
1732276800,19.67,19.79,19.64,19.68
1732278600,19.68,19.69,19.55,19.58
1732280400,19.58,19.72,19.57,19.69
1732282200,19.69,20.14,19.67,20.05
1732284000,20.05,20.1,19.93,19.99
1732285800,19.99,21,19.96,20.92
1732287600,20.92,21.2,20.92,21.2
1732516200,21.16,21.16,21.16,21.16
1732518000,21.15,21.28,20.79,21.08
1732519800,21.07,21.2,20.99,21.15
1732521600,21.15,21.23,21.04,21.12
1732523400,21.11,21.21,21.05,21.06
1732525200,21.07,21.21,21.05,21.09
1732527000,21.08,21.11,20.96,21.01
1732528800,21.02,21.1,21,21.09
1732530600,21.08,21.16,21.07,21.12
1732532400,21.12,21.17,21.08,21.16
1732534200,21.16,21.17,21.11,21.13
1732536000,21.12,21.14,21.02,21.11
1732537800,21.11,21.23,21.09,21.18
1732539600,21.2,21.22,21.12,21.16
1732541400,21.17,21.31,21.16,21.19
1732543200,21.19,21.43,21.14,21.24
1732545000,21.25,21.32,21.15,21.28
1732546800,21.85,21.85,21.85,21.85
1732602600,21.59,21.59,21.59,21.59
1732604400,21.59,21.71,21.42,21.61
1732606200,21.62,21.71,21.51,21.52
1732608000,21.51,21.66,21.47,21.64
1732609800,21.64,21.65,21.54,21.57
1732611600,21.57,21.6,21.51,21.56
1732613400,21.55,21.67,21.53,21.53
1732615200,21.53,21.57,21.42,21.44
1732617000,21.44,21.44,21.33,21.39
1732618800,21.39,21.43,21.36,21.38
1732620600,21.38,21.44,21.36,21.36
1732622400,21.37,21.38,21.28,21.31
1732624200,21.33,21.35,21.21,21.35
1732626000,21.34,21.41,21.31,21.36
1732627800,21.36,21.37,21.31,21.32
1732629600,21.32,21.39,21.27,21.34
1732631400,21.33,21.4,21.21,21.25
1732633200,21.24,21.24,21.18,21.18
1732689000,21.35,21.35,21.35,21.35
1732690800,21.36,21.51,21.13,21.24
1732692600,21.24,21.34,21.2,21.25
1732694400,21.24,21.27,21.14,21.24
1732696200,21.23,21.42,21.2,21.21
1732698000,21.21,21.23,21.17,21.2
1732699800,21.19,21.22,21.15,21.2
1732701600,21.2,21.23,21.17,21.19
1732703400,21.19,21.23,21.16,21.2
1732705200,21.21,21.23,21.06,21.08
1732707000,21.07,21.23,21.06,21.16
1732708800,21.17,21.26,21.13,21.2
1732710600,21.19,21.23,21.16,21.16
1732712400,21.17,21.2,21.1,21.17
1732714200,21.18,21.25,21.13,21.23
1732716000,21.23,21.25,21.15,21.2
1732717800,21.2,21.21,21,21.08
1732719600,21.08,21.08,20.94,20.94
1732775400,20.9,20.9,20.9,20.9
1732777200,20.9,20.9,20.52,20.65
1732779000,20.65,20.69,20.47,20.5
1732780800,20.5,20.59,20.46,20.58
1732782600,20.57,20.59,20.44,20.51
1732784400,20.52,20.6,20.5,20.56
1732786200,20.57,20.58,20.51,20.56
1732788000,20.56,20.59,20.51,20.52
1732789800,20.52,20.55,20.51,20.53
1732791600,20.54,20.56,20.52,20.53
1732793400,20.53,20.54,20.41,20.42
1732795200,20.43,20.45,20.31,20.34
1732797000,20.34,20.36,20.28,20.35
1732798800,20.35,20.38,20.28,20.31
1732800600,20.31,20.36,20.27,20.35
1732802400,20.36,20.52,20.35,20.43
1732804200,20.42,20.87,20.41,20.6
1732806000,20.6,20.61,20.51,20.51
1732861800,20.53,20.53,20.53,20.53
1732863600,20.52,20.57,20.31,20.37
1732865400,20.38,20.44,20.34,20.41
1732867200,20.41,20.42,20.28,20.3
1732869000,20.31,20.33,20.18,20.23
1732870800,20.22,20.29,20.22,20.27
1732872600,20.27,20.27,20.19,20.19
1732874400,20.19,20.24,20.16,20.22
1732876200,20.22,20.27,20.17,20.19
1732878000,20.18,20.28,20.09,20.14
1732879800,20.15,20.16,19.99,20.07
1732881600,20.08,20.13,20.01,20.11
1732883400,20.11,20.19,20.1,20.12
1732885200,20.12,20.29,20.12,20.23
1732887000,20.23,20.37,20.2,20.32
1732888800,20.32,20.32,20.03,20.13
1732890600,20.13,20.23,20.04,20.09
1732892400,19.96,19.96,19.96,19.96
1733121000,20,20,20,20
1733122800,20.02,20.14,19.77,19.78
1733124600,19.78,19.83,19.68,19.73
1733126400,19.73,19.82,19.72,19.75
1733128200,19.75,19.77,19.71,19.74
1733130000,19.73,19.87,19.73,19.85
1733131800,19.85,19.96,19.85,19.93
1733133600,19.93,19.97,19.9,19.95
1733135400,19.97,20.03,19.94,20.03
1733137200,20.03,20.06,19.95,20.01
1733139000,20.01,20.05,19.98,20.01
1733140800,20.01,20.17,19.99,20.1
1733142600,20.1,20.12,19.93,20.05
1733144400,20.06,20.15,20.05,20.07
1733146200,20.08,20.32,20.06,20.21
1733148000,20.22,20.43,20.19,20.34
1733149800,20.35,20.5,20.25,20.43
1733151600,20.38,20.38,20.38,20.38
1733207400,20.44,20.44,20.44,20.44
1733209200,20.44,20.54,20.16,20.47
1733211000,20.47,20.65,20.44,20.52
1733212800,20.52,20.71,20.5,20.62
1733214600,20.61,20.67,20.54,20.58
1733216400,20.58,20.6,20.53,20.58
1733218200,20.58,20.58,20.48,20.5
1733220000,20.49,20.5,20.4,20.46
1733221800,20.46,20.52,20.41,20.41
1733223600,20.42,20.46,20.41,20.43
1733225400,20.44,20.54,20.4,20.54
1733227200,20.53,20.58,20.51,20.57
1733229000,20.58,20.69,20.53,20.66
1733230800,20.68,20.69,20.61,20.65
1733232600,20.65,20.71,20.57,20.61
1733234400,20.61,20.68,20.56,20.58
1733236200,20.59,20.61,20.49,20.52
1733238000,20.52,20.52,20.52,20.52
1733293800,20.52,20.52,20.52,20.52
1733295600,20.52,20.57,20.38,20.48
1733297400,20.49,20.66,20.44,20.48
1733299200,20.48,20.57,20.47,20.49
1733301000,20.49,20.5,20.41,20.43
1733302800,20.42,20.48,20.4,20.45
1733304600,20.45,20.46,20.41,20.41
1733306400,20.41,20.42,20.32,20.39
1733308200,20.39,20.75,20.36,20.6
1733310000,20.6,20.83,20.6,20.78
1733311800,20.79,20.88,20.74,20.77
1733313600,20.77,20.77,20.64,20.68
1733315400,20.67,20.7,20.63,20.67
1733317200,20.67,20.69,20.52,20.58
1733319000,20.58,20.76,20.55,20.74
1733320800,20.74,20.96,20.71,20.83
1733322600,20.82,20.86,20.7,20.71
1733324400,20.71,20.71,20.71,20.71
1733380200,20.85,20.85,20.85,20.85
1733382000,20.85,20.92,20.75,20.91
1733383800,20.92,21.22,20.91,21.14
1733385600,21.14,21.45,21.14,21.37
1733387400,21.37,21.55,21.35,21.54
1733389200,21.55,21.62,21.4,21.41
1733391000,21.42,21.52,21.4,21.41
1733392800,21.42,21.48,21.4,21.45
1733394600,21.45,21.46,21.41,21.43
1733396400,21.43,21.49,21.39,21.45
1733398200,21.45,21.45,21.39,21.41
1733400000,21.41,21.49,21.39,21.4
1733401800,21.4,21.43,21.29,21.37
1733403600,21.38,21.38,21.19,21.27
1733405400,21.26,21.32,21.23,21.31
1733407200,21.31,21.39,21.31,21.34
1733409000,21.34,21.35,21.24,21.32
1733410800,21.3,21.3,21.3,21.3
1733466600,21.54,21.54,21.54,21.54
1733468400,21.54,21.67,21.42,21.53
1733470200,21.52,21.83,21.52,21.83
1733472000,21.82,22.38,21.77,22.21
1733473800,22.21,22.48,22.2,22.33
1733475600,22.33,22.67,22.3,22.52
1733477400,22.52,22.79,22.51,22.64
1733479200,22.65,22.71,22.58,22.61
1733481000,22.62,22.67,22.57,22.61
1733482800,22.62,22.75,22.51,22.61
1733484600,22.61,22.75,22.61,22.7
1733486400,22.71,22.72,22.59,22.65
1733488200,22.66,22.7,22.6,22.68
1733490000,22.68,22.78,22.61,22.7
1733491800,22.69,22.78,22.67,22.77
1733493600,22.77,22.78,22.59,22.7
1733495400,22.71,22.76,22.62,22.7
1733497200,22.74,22.74,22.74,22.74
1733725800,23.1,23.1,23.1,23.1
1733727600,23.11,23.32,22.79,23.07
1733729400,23.07,23.63,23.01,23.3
1733731200,23.3,23.58,23.19,23.45
1733733000,23.45,23.58,23.38,23.46
1733734800,23.46,23.49,23.4,23.45
1733736600,23.45,23.51,23.4,23.47
1733738400,23.48,23.5,23.4,23.43
1733740200,23.43,23.5,23.4,23.43
1733742000,23.44,23.51,23.43,23.47
1733743800,23.46,23.48,23.4,23.42
1733745600,23.42,23.48,23.4,23.47
1733747400,23.46,23.46,23.23,23.27
1733749200,23.26,23.4,23.22,23.34
1733751000,23.34,23.4,23.28,23.33
1733752800,23.32,23.42,23.29,23.32
1733754600,23.32,23.34,23.15,23.34
1733756400,23.35,23.35,23.35,23.35
1733812200,23.26,23.26,23.26,23.26
1733814000,23.25,23.42,22.81,23.26
1733815800,23.26,23.61,23.15,23.58
1733817600,23.57,23.57,23.26,23.27
1733819400,23.27,23.38,23.23,23.31
1733821200,23.31,23.35,23.16,23.16
1733823000,23.16,23.25,23.08,23.24
1733824800,23.23,23.25,23.19,23.22
1733826600,23.22,23.57,23.22,23.43
1733828400,23.43,23.52,23.39,23.41
1733830200,23.4,23.47,23.34,23.41
1733832000,23.41,23.41,23.3,23.35
1733833800,23.35,23.4,23.26,23.34
1733835600,23.33,23.34,23.17,23.18
1733837400,23.18,23.23,22.99,23
1733839200,23.01,23.11,22.88,23.08
1733841000,23.08,23.14,22.95,23.12
1733842800,23.06,23.06,23.06,23.06
1733898600,23.06,23.06,23.06,23.06
1733900400,23.06,23.29,22.9,23.16
1733902200,23.15,23.26,23.07,23.2
1733904000,23.21,23.45,23.19,23.24
1733905800,23.24,23.25,23.05,23.06
1733907600,23.06,23.07,22.93,22.96
1733909400,22.96,23.14,22.94,23.06
1733911200,23.06,23.14,23,23.02
1733913000,23.02,23.02,22.84,22.93
1733914800,22.93,23.04,22.92,23
1733916600,23.01,23.01,22.9,22.91
1733918400,22.92,22.95,22.85,22.9
1733920200,22.91,22.92,22.87,22.87
1733922000,22.87,22.95,22.85,22.9
1733923800,22.9,23.1,22.9,22.99
1733925600,23,23.03,22.83,22.87
1733927400,22.87,22.89,22.78,22.79
1733929200,22.74,22.74,22.74,22.74
1733985000,22.95,22.95,22.95,22.95
1733986800,22.95,23.29,22.94,23.05
1733988600,23.05,23.08,22.8,22.97
1733990400,22.96,23.06,22.9,22.97
1733992200,22.97,22.98,22.94,22.97
1733994000,22.96,22.99,22.92,22.93
1733995800,22.94,23.01,22.93,22.98
1733997600,22.97,22.98,22.94,22.97
1733999400,22.97,22.97,22.91,22.92
1734001200,22.92,23.01,22.92,22.97
1734003000,22.97,22.98,22.85,22.86
1734004800,22.85,23.04,22.8,22.89
1734006600,22.89,22.97,22.89,22.9
1734008400,22.9,22.93,22.85,22.9
1734010200,22.91,22.99,22.85,22.89
1734012000,22.88,22.98,22.85,22.93
1734013800,22.93,22.95,22.83,22.89
1734015600,22.85,22.85,22.85,22.85
1734071400,22.85,22.85,22.85,22.85
1734073200,22.88,22.95,22.5,22.57
1734075000,22.57,22.63,22.46,22.6
1734076800,22.59,22.77,22.56,22.77
1734078600,22.78,22.86,22.72,22.75
1734080400,22.75,22.82,22.73,22.79
1734082200,22.8,22.91,22.78,22.82
1734084000,22.82,22.88,22.76,22.78
1734085800,22.78,22.78,22.69,22.73
1734087600,22.73,22.79,22.68,22.69
1734089400,22.69,22.81,22.69,22.77
1734091200,22.77,22.84,22.7,22.78
1734093000,22.78,22.79,22.65,22.7
1734094800,22.7,22.75,22.65,22.67
1734096600,22.67,22.73,22.64,22.66
1734098400,22.67,22.84,22.66,22.8
1734100200,22.8,23.09,22.8,23.02
1734102000,23.03,23.03,23.03,23.03
1734330600,23.2,23.2,23.2,23.2
1734332400,23.21,23.48,23.17,23.36
1734334200,23.35,23.39,23.22,23.23
1734336000,23.22,23.37,23.17,23.19
1734337800,23.19,23.22,23.12,23.16
1734339600,23.16,23.23,23.15,23.18
1734341400,23.18,23.25,23.14,23.19
1734343200,23.19,23.2,23.07,23.12
1734345000,23.12,23.13,22.95,23.11
1734346800,23.11,23.2,23.1,23.18
1734348600,23.18,23.24,23.13,23.17
1734350400,23.17,23.21,23.09,23.13
1734352200,23.13,23.15,23.08,23.12
1734354000,23.11,23.12,23.06,23.08
1734355800,23.07,23.1,22.81,22.82
1734357600,22.82,22.82,22.54,22.68
1734359400,22.68,22.69,22.38,22.4
1734361200,22.31,22.31,22.31,22.31
1734417000,22.4,22.4,22.4,22.4
1734418800,22.4,22.43,22.1,22.13
1734420600,22.13,22.26,21.98,22.02
1734422400,22.02,22.14,21.96,22.02
1734424200,22.01,22.17,21.97,22.09
1734426000,22.09,22.12,22.02,22.04
1734427800,22.03,22.06,21.85,21.85
1734429600,21.86,22.08,21.83,22.07
1734431400,22.07,22.25,22.03,22.2
1734433200,22.2,22.2,22,22.16
1734435000,22.17,22.21,22.04,22.11
1734436800,22.1,22.18,22.05,22.07
1734438600,22.07,22.29,22,22.28
1734440400,22.29,22.35,22.17,22.24
1734442200,22.25,22.44,22.25,22.37
1734444000,22.38,22.38,22.16,22.22
1734445800,22.22,22.26,22.17,22.23
1734447600,22.07,22.07,22.07,22.07
1734503400,22.07,22.07,22.07,22.07
1734505200,22.07,22.14,21.76,21.77
1734507000,21.78,22.08,21.75,22
1734508800,22,22.2,21.96,22.14
1734510600,22.14,22.16,22.03,22.15
1734512400,22.16,22.16,22.04,22.07
1734514200,22.08,22.09,22.02,22.02
1734516000,22.02,22.05,21.97,22.02
1734517800,22.02,22.07,22.01,22.05
1734519600,22.04,22.08,22.02,22.02
1734521400,22.02,22.3,21.96,22.22
1734523200,22.22,22.41,22.21,22.32
1734525000,22.32,22.6,22.29,22.47
1734526800,22.47,22.57,22.42,22.5
1734528600,22.5,22.64,22.48,22.58
1734530400,22.57,22.6,22.34,22.35
1734532200,22.35,22.39,22.14,22.22
1734534000,22.18,22.18,22.18,22.18
1734589800,22,22,22,22
1734591600,22,22.07,21.88,21.96
1734593400,21.96,22,21.91,21.99
1734595200,21.99,22.48,21.96,22.3
1734597000,22.3,22.91,22.29,22.78
1734598800,22.78,22.99,22.74,22.77
1734600600,22.78,23.07,22.77,22.91
1734602400,22.9,22.96,22.83,22.84
1734604200,22.84,22.85,22.72,22.75
1734606000,22.74,22.77,22.68,22.71
1734607800,22.71,22.83,22.7,22.76
1734609600,22.76,22.81,22.7,22.8
1734611400,22.8,22.8,22.67,22.73
1734613200,22.74,22.78,22.7,22.72
1734615000,22.71,22.72,22.44,22.49
1734616800,22.49,22.58,22.35,22.46
1734618600,22.46,22.51,22.35,22.38
1734620400,22.41,22.41,22.41,22.41
1734676200,22.64,22.64,22.64,22.64
1734678000,22.65,23.97,22.4,23.63
1734679800,23.62,23.78,23.31,23.33
1734681600,23.32,23.41,23.18,23.29
1734683400,23.29,23.41,23.23,23.39
1734685200,23.39,23.52,23.3,23.49
1734687000,23.48,23.57,23.47,23.53
1734688800,23.52,23.6,23.5,23.52
1734690600,23.51,23.58,23.5,23.54
1734692400,23.55,23.56,23.4,23.4
1734694200,23.4,23.45,23.37,23.4
1734696000,23.41,23.48,23.33,23.37
1734697800,23.37,23.38,23.21,23.29
1734699600,23.29,23.33,23.23,23.3
1734701400,23.3,23.41,23.19,23.26
1734703200,23.26,23.59,23.25,23.53
1734705000,23.53,23.55,23.35,23.4
1734706800,23.46,23.46,23.46,23.46
1734935400,23.46,23.46,23.46,23.46
1734937200,23.46,23.75,23.45,23.67
1734939000,23.67,23.76,23.38,23.4
1734940800,23.4,23.43,23.23,23.24
1734942600,23.24,23.41,23.18,23.36
1734944400,23.37,23.45,23.3,23.34
1734946200,23.34,23.37,23.3,23.31
1734948000,23.31,23.39,23.29,23.36
1734949800,23.36,23.4,23.1,23.13
1734951600,23.13,23.22,23.05,23.17
1734953400,23.16,23.25,23.1,23.12
1734955200,23.12,23.27,23.1,23.22
1734957000,23.22,23.22,23.09,23.12
1734958800,23.13,23.13,22.99,23.07
1734960600,23.07,23.07,22.87,22.89
1734962400,22.88,22.98,22.81,22.98
1734964200,22.97,23.06,22.82,22.87
1734966000,22.95,22.95,22.95,22.95
1735021800,22.95,22.95,22.95,22.95
1735023600,22.95,23.54,22.82,23.38
1735025400,23.39,23.51,23.27,23.34
1735027200,23.34,23.49,23.2,23.22
1735029000,23.21,23.5,23.17,23.47
1735030800,23.47,23.5,23.28,23.37
1735032600,23.38,23.46,23.34,23.42
1735034400,23.42,23.44,23.32,23.37
1735036200,23.37,23.46,23.33,23.4
1735038000,23.4,23.44,23.35,23.41
1735039800,23.42,23.43,23.26,23.34
1735041600,23.34,23.4,23.31,23.38
1735043400,23.38,23.42,23.35,23.37
1735045200,23.36,23.42,23.33,23.38
1735047000,23.37,23.47,23.33,23.42
1735048800,23.42,23.46,23.32,23.41
1735050600,23.41,23.59,23.4,23.51
1735052400,23.52,23.52,23.52,23.52
1735108200,23.79,23.79,23.79,23.79
1735110000,23.79,23.9,23.61,23.63
1735111800,23.63,23.78,23.57,23.69
1735113600,23.7,23.78,23.69,23.71
1735115400,23.72,23.88,23.7,23.84
1735117200,23.84,23.88,23.77,23.83
1735119000,23.84,23.85,23.75,23.8
1735120800,23.81,23.81,23.76,23.76
1735122600,23.79,23.82,23.76,23.82
1735124400,23.82,23.85,23.68,23.71
1735126200,23.7,23.73,23.64,23.72
1735128000,23.72,23.75,23.7,23.73
1735129800,23.74,23.84,23.74,23.81
1735131600,23.8,23.83,23.71,23.73
1735133400,23.73,23.75,23.71,23.72
1735135200,23.73,23.74,23.66,23.73
1735137000,23.74,23.76,23.65,23.68
1735138800,23.63,23.63,23.63,23.63
1735194600,23.75,23.75,23.75,23.75
1735196400,23.73,23.98,23.68,23.86
1735198200,23.87,23.95,23.82,23.9
1735200000,23.89,23.91,23.65,23.65
1735201800,23.65,23.68,23.47,23.5
1735203600,23.51,23.65,23.5,23.6
1735205400,23.6,23.69,23.58,23.69
1735207200,23.68,23.74,23.65,23.68
1735209000,23.69,23.7,23.63,23.68
1735210800,23.68,23.73,23.5,23.63
1735212600,23.64,23.7,23.48,23.53
1735214400,23.52,23.69,23.51,23.67
1735216200,23.67,23.7,23.59,23.64
1735218000,23.64,23.79,23.61,23.66
1735219800,23.65,23.69,23.6,23.67
1735221600,23.67,23.89,23.58,23.8
1735223400,23.8,23.87,23.7,23.77
1735225200,23.75,23.75,23.75,23.75
1735281000,23.81,23.81,23.81,23.81
1735282800,23.81,24.18,23.76,23.98
1735284600,23.98,24.1,23.93,23.94
1735286400,23.93,24.05,23.84,23.87
1735288200,23.88,23.98,23.8,23.81
1735290000,23.81,23.84,23.76,23.8
1735291800,23.8,23.82,23.66,23.69
1735293600,23.68,23.78,23.64,23.72
1735295400,23.72,23.79,23.68,23.78
1735297200,23.79,23.88,23.74,23.75
1735299000,23.75,23.85,23.74,23.79
1735300800,23.8,23.87,23.7,23.74
1735302600,23.75,23.86,23.73,23.83
1735304400,23.84,23.85,23.77,23.78
1735306200,23.78,23.84,23.77,23.79
1735308000,23.8,23.83,23.73,23.75
1735309800,23.73,23.79,23.63,23.67
1735311600,23.64,23.64,23.64,23.64
1735540200,23.65,23.65,23.65,23.65
1735542000,23.65,23.74,23.46,23.64
1735543800,23.65,23.86,23.61,23.75
1735545600,23.76,23.82,23.74,23.79
1735547400,23.8,23.86,23.73,23.74
1735549200,23.75,23.87,23.74,23.83
1735551000,23.84,23.95,23.77,23.8
1735552800,23.81,23.93,23.8,23.85
1735554600,23.85,23.87,23.79,23.86
1735556400,23.86,23.87,23.75,23.77
1735558200,23.77,23.82,23.73,23.79
1735560000,23.8,23.85,23.64,23.66
1735561800,23.66,23.71,23.52,23.56
1735563600,23.56,23.62,23.5,23.6
1735565400,23.61,23.62,23.5,23.6
1735567200,23.61,23.62,22.47,22.48
1735569000,21.28,21.7,21.28,21.28
1735570800,21.28,21.28,21.28,21.28
1735626600,19.16,19.16,19.16,19.16
1735628400,19.16,19.16,19.16,19.16
1735630200,19.16,19.16,19.16,19.16
1735632000,19.16,19.16,19.16,19.16
1735633800,19.16,19.16,19.16,19.16
1735635600,19.16,19.16,19.16,19.16
1735637400,19.16,19.16,19.16,19.16
1735639200,19.16,19.16,19.16,19.16
1735641000,19.16,19.16,19.16,19.16
1735642800,19.16,19.16,19.16,19.16
1735644600,19.16,19.16,19.16,19.16
1735646400,19.16,19.16,19.16,19.16
1735648200,19.16,19.16,19.16,19.16
1735650000,19.16,19.16,19.16,19.16
1735651800,19.16,19.16,19.16,19.16
1735653600,19.16,19.16,19.16,19.16
1735655400,19.16,19.16,19.16,19.16
1735657200,19.16,19.16,19.16,19.16
1735799400,18.1,18.1,18.1,18.1
1735801200,18.13,18.33,17.3,17.62
1735803000,17.62,17.7,17.43,17.45
1735804800,17.45,17.47,17.26,17.35
1735806600,17.35,17.44,17.32,17.43
1735808400,17.43,17.48,17.34,17.43
1735810200,17.43,17.44,17.26,17.29
1735812000,17.3,17.36,17.28,17.31
1735813800,17.31,17.32,17.27,17.3
1735815600,17.3,17.38,17.29,17.35
1735817400,17.35,17.37,17.3,17.34
1735819200,17.34,17.5,17.31,17.4
1735821000,17.4,17.45,17.32,17.38
1735822800,17.38,17.46,17.33,17.39
1735824600,17.39,17.61,17.37,17.55
1735826400,17.55,17.56,17.35,17.37
1735828200,17.37,17.39,17.26,17.28
1735830000,17.27,17.28,17.27,17.28
1735885800,17.5,17.5,17.5,17.5
1735887600,17.49,17.54,17.28,17.39
1735889400,17.39,17.65,17.35,17.45
1735891200,17.45,17.54,17.44,17.45
1735893000,17.45,17.57,17.43,17.54
1735894800,17.55,17.82,17.53,17.65
1735896600,17.65,17.76,17.64,17.69
1735898400,17.7,17.74,17.56,17.57
1735900200,17.57,17.63,17.53,17.59
1735902000,17.59,17.65,17.58,17.6
1735903800,17.61,17.62,17.53,17.56
1735905600,17.55,17.57,17.46,17.5
1735907400,17.51,17.53,17.47,17.51
1735909200,17.51,17.64,17.48,17.61
1735911000,17.61,17.62,17.51,17.52
1735912800,17.51,17.54,17.49,17.53
1735914600,17.53,17.61,17.52,17.56
1735916400,17.55,17.55,17.55,17.55
1736145000,17.66,17.66,17.66,17.66
1736146800,17.66,17.69,17.36,17.4
1736148600,17.39,17.44,17.35,17.36
1736150400,17.36,17.37,17.3,17.31
1736152200,17.3,17.32,17.27,17.29
1736154000,17.29,17.36,17.28,17.34
1736155800,17.34,17.37,17.31,17.33
1736157600,17.33,17.35,17.31,17.32
1736159400,17.32,17.39,17.31,17.34
1736161200,17.34,17.4,17.33,17.39
1736163000,17.39,17.4,17.37,17.39
1736164800,17.39,17.39,17.36,17.37
1736166600,17.37,17.4,17.36,17.4
1736168400,17.4,17.9,17.39,17.84
1736170200,17.84,17.87,17.69,17.7
1736172000,17.7,17.72,17.57,17.61
1736173800,17.6,17.66,17.53,17.58
1736175600,17.58,17.58,17.58,17.58
1736231400,17.61,17.61,17.61,17.61
1736233200,17.6,17.63,17.44,17.49
1736235000,17.5,17.56,17.45,17.48
1736236800,17.49,17.49,17.37,17.4
1736238600,17.39,17.42,17.35,17.37
1736240400,17.37,17.4,17.34,17.36
1736242200,17.36,17.4,17.36,17.38
1736244000,17.39,17.4,17.36,17.4
1736245800,17.4,17.43,17.35,17.41
1736247600,17.4,17.42,17.35,17.38
1736249400,17.38,17.4,17.35,17.37
1736251200,17.37,17.41,17.36,17.38
1736253000,17.38,17.42,17.36,17.41
1736254800,17.41,17.46,17.39,17.41
1736256600,17.41,17.43,17.34,17.39
1736258400,17.38,17.42,17.32,17.35
1736260200,17.36,17.36,17.25,17.27
1736262000,17.25,17.25,17.25,17.25
1736317800,17.3,17.3,17.3,17.3
1736319600,17.3,17.42,17.29,17.34
1736321400,17.34,17.4,17.28,17.33
1736323200,17.33,17.33,17.23,17.28
1736325000,17.27,17.28,17.21,17.21
1736326800,17.21,17.22,17.1,17.11
1736328600,17.11,17.13,17.08,17.11
1736330400,17.11,17.14,17.09,17.13
1736332200,17.13,17.21,17.09,17.2
1736334000,17.21,17.25,17.2,17.22
1736335800,17.22,17.24,17.17,17.2
1736337600,17.2,17.28,17.17,17.19
1736339400,17.19,17.32,17.16,17.29
1736341200,17.29,17.3,17.2,17.25
1736343000,17.25,17.32,17.2,17.24
1736344800,17.24,17.3,17.22,17.28
1736346600,17.28,17.3,17.16,17.2
1736348400,17.15,17.15,17.15,17.15
1736404200,17.21,17.21,17.21,17.21
1736406000,17.21,17.4,17.21,17.35
1736407800,17.35,17.37,17.31,17.34
1736409600,17.34,17.35,17.3,17.31
1736411400,17.31,17.36,17.31,17.35
1736413200,17.34,17.37,17.31,17.34
1736415000,17.34,17.35,17.3,17.31
1736416800,17.31,17.34,17.31,17.34
1736418600,17.34,17.35,17.31,17.33
1736420400,17.32,17.41,17.32,17.38
1736422200,17.39,17.39,17.36,17.39
1736424000,17.39,17.39,17.33,17.35
1736425800,17.35,17.37,17.32,17.33
1736427600,17.34,17.34,17.3,17.32
1736429400,17.32,17.32,17.26,17.3
1736431200,17.3,17.35,17.28,17.29
1736433000,17.29,17.35,17.25,17.28
1736434800,17.29,17.29,17.29,17.29
1736490600,17.36,17.36,17.36,17.36
1736492400,17.35,17.41,17.29,17.36
1736494200,17.35,17.53,17.35,17.47
1736496000,17.48,17.5,17.36,17.38
1736497800,17.38,17.39,17.34,17.35
1736499600,17.34,17.35,17.29,17.32
1736501400,17.33,17.41,17.32,17.39
1736503200,17.38,17.39,17.35,17.36
1736505000,17.36,17.39,17.35,17.37
1736506800,17.37,17.39,17.28,17.33
1736508600,17.32,17.37,17.32,17.35
1736510400,17.34,17.36,17.31,17.31
1736512200,17.32,17.33,17.26,17.29
1736514000,17.3,17.3,17,17.07
1736515800,17.07,17.07,16.93,17
1736517600,16.99,17.01,16.81,16.84
1736519400,16.84,16.85,16.7,16.71
1736521200,16.72,16.72,16.72,16.72
1736749800,16.74,16.74,16.74,16.74
1736751600,16.74,16.87,16.68,16.7
1736753400,16.7,16.72,16.61,16.68
1736755200,16.68,16.71,16.42,16.44
1736757000,16.44,16.47,16.39,16.4
1736758800,16.4,16.41,16.34,16.39
1736760600,16.4,16.46,16.38,16.42
1736762400,16.42,16.5,16.41,16.47
1736764200,16.48,16.48,16.41,16.42
1736766000,16.43,16.46,16.42,16.45
1736767800,16.45,16.47,16.39,16.41
1736769600,16.42,16.46,16.4,16.44
1736771400,16.44,16.45,16.4,16.42
1736773200,16.42,16.47,16.36,16.38
1736775000,16.37,16.4,16.34,16.38
1736776800,16.38,16.38,16.28,16.3
1736778600,16.3,16.43,16.28,16.37
1736780400,16.35,16.35,16.35,16.35
1736836200,16.5,16.5,16.5,16.5
1736838000,16.5,16.53,16.44,16.46
1736839800,16.46,16.55,16.46,16.49
1736841600,16.5,16.6,16.47,16.52
1736843400,16.51,16.57,16.47,16.52
1736845200,16.52,16.53,16.48,16.49
1736847000,16.48,16.5,16.46,16.48
1736848800,16.49,16.52,16.47,16.49
1736850600,16.49,16.52,16.48,16.51
1736852400,16.51,16.54,16.45,16.45
1736854200,16.45,16.46,16.3,16.32
1736856000,16.32,16.34,16.22,16.24
1736857800,16.24,16.24,16.13,16.14
1736859600,16.15,16.2,16.11,16.14
1736861400,16.14,16.4,16.14,16.29
1736863200,16.29,16.38,16.26,16.37
1736865000,16.37,16.39,16.23,16.28
1736866800,16.28,16.28,16.28,16.28
1736922600,16.31,16.31,16.31,16.31
1736924400,16.32,16.41,16.13,16.19
1736926200,16.19,16.23,16.17,16.2
1736928000,16.2,16.27,16.12,16.16
1736929800,16.16,16.23,16.12,16.22
1736931600,16.22,16.22,16.1,16.14
1736933400,16.13,16.15,16.09,16.11
1736935200,16.12,16.13,16.06,16.08
1736937000,16.08,16.13,16.06,16.13
1736938800,16.13,16.2,16.11,16.15
1736940600,16.15,16.19,16.13,16.16
1736942400,16.16,16.22,16.15,16.18
1736944200,16.18,16.2,16.14,16.15
1736946000,16.15,16.18,16.14,16.17
1736947800,16.17,16.33,16.12,16.12
1736949600,16.12,16.21,16.11,16.21
1736951400,16.21,16.3,16.17,16.29
1736953200,16.33,16.33,16.33,16.33
1737009000,16.48,16.48,16.48,16.48
1737010800,16.48,16.5,16.32,16.36
1737012600,16.37,16.41,16.35,16.36
1737014400,16.36,16.42,16.36,16.37
1737016200,16.36,16.38,16.21,16.24
1737018000,16.24,16.25,16.15,16.16
1737019800,16.18,16.28,16.16,16.26
1737021600,16.27,16.33,16.24,16.31
1737023400,16.3,16.31,16.24,16.26
1737025200,16.27,16.28,16.23,16.27
1737027000,16.27,16.29,16.25,16.27
1737028800,16.27,16.3,16.24,16.27
1737030600,16.27,16.3,16.24,16.24
1737032400,16.25,16.38,16.24,16.32
1737034200,16.31,16.38,16.27,16.36
1737036000,16.37,17.02,16.35,16.92
1737037800,16.92,17.26,16.75,17.19
1737039600,17.19,17.19,17.19,17.19
1737095400,17.1,17.1,17.1,17.1
1737097200,17.09,17.09,16.7,16.73
1737099000,16.73,16.78,16.61,16.69
1737100800,16.69,16.71,16.6,16.66
1737102600,16.66,16.69,16.58,16.6
1737104400,16.6,16.68,16.56,16.67
1737106200,16.66,16.7,16.64,16.65
1737108000,16.66,16.69,16.64,16.67
1737109800,16.67,16.68,16.59,16.61
1737111600,16.61,16.64,16.59,16.6
1737113400,16.61,16.68,16.58,16.67
1737115200,16.68,16.73,16.63,16.66
1737117000,16.66,16.68,16.62,16.63
1737118800,16.63,16.69,16.63,16.69
1737120600,16.69,16.7,16.63,16.66
1737122400,16.65,16.67,16.61,16.66
1737124200,16.67,16.67,16.56,16.58
1737126000,16.57,16.57,16.57,16.57
1737354600,16.65,16.65,16.65,16.65
1737356400,16.66,16.71,16.58,16.58
1737358200,16.59,16.67,16.57,16.62
1737360000,16.62,16.66,16.62,16.65
1737361800,16.66,16.77,16.66,16.7
1737363600,16.69,16.75,16.68,16.71
1737365400,16.71,16.76,16.68,16.74
1737367200,16.75,16.75,16.58,16.59
1737369000,16.58,16.6,16.48,16.58
1737370800,16.57,16.62,16.57,16.61
1737372600,16.61,16.61,16.54,16.56
1737374400,16.56,16.76,16.56,16.72
1737376200,16.72,16.99,16.71,16.9
1737378000,16.89,16.94,16.84,16.92
1737379800,16.92,16.98,16.9,16.94
1737381600,16.95,17.12,16.93,17.05
1737383400,17.05,17.15,17.05,17.07
1737385200,17.06,17.06,17.06,17.06
1737441000,17.06,17.06,17.06,17.06
1737442800,17.05,17.11,16.82,16.92
1737444600,16.93,16.96,16.88,16.91
1737446400,16.91,16.95,16.88,16.94
1737448200,16.94,16.95,16.83,16.89
1737450000,16.89,16.89,16.83,16.85
1737451800,16.86,16.9,16.83,16.84
1737453600,16.84,16.86,16.75,16.77
1737455400,16.78,16.84,16.76,16.77
1737457200,16.78,16.93,16.76,16.91
1737459000,16.91,16.96,16.84,16.88
1737460800,16.89,16.9,16.8,16.88
1737462600,16.89,16.94,16.87,16.9
1737464400,16.9,16.94,16.87,16.91
1737466200,16.91,16.95,16.87,16.88
1737468000,16.88,16.93,16.79,16.81
1737469800,16.81,16.82,16.74,16.8
1737471600,16.83,16.83,16.83,16.83
1737527400,16.7,16.7,16.7,16.7
1737529200,16.7,16.7,16.54,16.6
1737531000,16.59,16.63,16.48,16.5
1737532800,16.49,16.49,16.38,16.39
1737534600,16.39,16.39,16.32,16.35
1737536400,16.35,16.36,16.33,16.35
1737538200,16.34,16.37,16.33,16.35
1737540000,16.35,16.37,16.32,16.32
1737541800,16.33,16.36,16.32,16.34
1737543600,16.33,16.34,16.29,16.32
1737545400,16.31,16.37,16.27,16.35
1737547200,16.35,16.43,16.34,16.37
1737549000,16.36,16.41,16.33,16.38
1737550800,16.38,16.4,16.34,16.36
1737552600,16.36,16.45,16.33,16.43
1737554400,16.43,16.43,16.33,16.35
1737556200,16.36,16.4,16.29,16.31
1737558000,16.3,16.3,16.3,16.3
1737613800,16.4,16.4,16.4,16.4
1737615600,16.41,16.49,16.29,16.36
1737617400,16.35,16.41,16.23,16.25
1737619200,16.25,16.3,16.24,16.3
1737621000,16.29,16.33,16.29,16.3
1737622800,16.3,16.37,16.29,16.36
1737624600,16.35,16.35,16.31,16.32
1737626400,16.33,16.35,16.32,16.35
1737628200,16.35,16.35,16.31,16.33
1737630000,16.33,16.45,16.3,16.43
1737631800,16.43,16.43,16.34,16.34
1737633600,16.34,16.41,16.32,16.4
1737635400,16.4,16.4,16.35,16.36
1737637200,16.35,16.37,16.3,16.33
1737639000,16.32,16.38,16.32,16.33
1737640800,16.32,16.34,16.28,16.31
1737642600,16.31,16.38,16.29,16.35
1737644400,16.31,16.31,16.31,16.31
1737700200,16.32,16.32,16.32,16.32
1737702000,16.33,16.46,16.33,16.4
1737703800,16.41,16.48,16.37,16.42
1737705600,16.42,16.59,16.41,16.53
1737707400,16.53,16.55,16.48,16.51
1737709200,16.51,16.55,16.5,16.55
1737711000,16.55,16.57,16.51,16.54
1737712800,16.54,16.59,16.53,16.58
1737714600,16.58,16.6,16.53,16.54
1737716400,16.54,16.64,16.54,16.59
1737718200,16.6,16.61,16.5,16.52
1737720000,16.52,16.57,16.51,16.53
1737721800,16.54,16.56,16.53,16.56
1737723600,16.55,16.56,16.5,16.56
1737725400,16.55,16.63,16.55,16.58
1737727200,16.59,16.62,16.56,16.61
1737729000,16.6,16.75,16.57,16.59
1737730800,16.58,16.58,16.58,16.58
1737959400,16.52,16.52,16.52,16.52
1737961200,16.51,16.51,16.29,16.46
1737963000,16.46,16.63,16.4,16.41
1737964800,16.41,16.48,16.4,16.44
1737966600,16.43,16.45,16.38,16.39
1737968400,16.39,16.41,16.33,16.33
1737970200,16.33,16.4,16.32,16.39
1737972000,16.39,16.57,16.37,16.54
1737973800,16.55,16.64,16.52,16.55
1737975600,16.55,16.62,16.54,16.61
1737977400,16.62,16.65,16.57,16.6
1737979200,16.61,16.63,16.48,16.57
1737981000,16.57,16.63,16.54,16.62
1737982800,16.63,16.64,16.53,16.55
1737984600,16.54,16.56,16.49,16.53
1737986400,16.53,16.57,16.5,16.52
1737988200,16.52,16.6,16.5,16.52
1737990000,16.52,16.52,16.52,16.52
1738045800,16.53,16.53,16.53,16.53
1738047600,16.54,16.61,16.35,16.41
1738049400,16.41,16.42,16.32,16.34
1738051200,16.34,16.41,16.32,16.38
1738053000,16.39,16.39,16.34,16.38
1738054800,16.38,16.41,16.35,16.39
1738056600,16.39,16.4,16.37,16.38
1738058400,16.38,16.44,16.37,16.43
1738060200,16.42,16.45,16.41,16.42
1738062000,16.42,16.46,16.4,16.42
1738063800,16.41,16.44,16.39,16.42
1738065600,16.43,16.47,16.41,16.43
1738067400,16.43,16.44,16.38,16.41
1738069200,16.4,16.43,16.39,16.41
1738071000,16.42,16.51,16.41,16.49
1738072800,16.49,16.54,16.45,16.5
1738074600,16.5,16.5,16.43,16.43
1738076400,16.43,16.43,16.43,16.43
1738132200,16.49,16.49,16.49,16.49
1738134000,16.49,16.6,16.47,16.49
1738135800,16.5,16.5,16.44,16.44
1738137600,16.45,16.65,16.43,16.64
1738139400,16.64,16.67,16.58,16.64
1738141200,16.64,16.72,16.64,16.69
1738143000,16.69,16.72,16.66,16.67
1738144800,16.66,16.72,16.66,16.68
1738146600,16.67,16.69,16.64,16.66
1738148400,16.66,16.75,16.66,16.74
1738150200,16.74,16.74,16.65,16.66
1738152000,16.66,16.67,16.57,16.58
1738153800,16.58,16.62,16.57,16.59
1738155600,16.59,16.6,16.56,16.58
1738157400,16.58,16.7,16.57,16.63
1738159200,16.63,16.63,16.51,16.55
1738161000,16.55,16.56,16.46,16.47
1738162800,16.45,16.45,16.45,16.45
1738218600,16.48,16.48,16.48,16.48
1738220400,16.49,16.55,16.41,16.47
1738222200,16.47,16.51,16.41,16.47
1738224000,16.47,16.54,16.46,16.5
1738225800,16.51,16.56,16.48,16.55
1738227600,16.55,16.63,16.52,16.62
1738229400,16.63,16.68,16.59,16.61
1738231200,16.61,16.65,16.6,16.64
1738233000,16.65,16.68,16.59,16.61
1738234800,16.61,16.62,16.57,16.59
1738236600,16.59,16.59,16.54,16.55
1738238400,16.55,16.57,16.51,16.55
1738240200,16.55,16.55,16.47,16.48
1738242000,16.47,16.52,16.45,16.51
1738243800,16.52,16.56,16.5,16.55
1738245600,16.54,16.54,16.46,16.52
1738247400,16.52,16.53,16.46,16.49
1738249200,16.47,16.47,16.47,16.47
1738305000,16.4,16.4,16.4,16.4
1738306800,16.4,16.4,16.22,16.26
1738308600,16.27,16.27,16.16,16.21
1738310400,16.22,16.22,16.08,16.15
1738312200,16.16,16.2,16.14,16.16
1738314000,16.16,16.17,16.12,16.16
1738315800,16.15,16.16,16.09,16.11
1738317600,16.1,16.12,16.07,16.09
1738319400,16.08,16.09,16.01,16.01
1738321200,16.01,16.06,15.99,16.01
1738323000,16.01,16.09,16,16.08
1738324800,16.09,16.09,16.01,16.04
1738326600,16.03,16.09,15.94,15.95
1738328400,15.95,15.97,15.91,15.94
1738330200,15.94,15.95,15.89,15.94
1738332000,15.94,15.99,15.91,15.96
1738333800,15.96,15.97,15.91,15.93
1738335600,16.14,16.14,16.14,16.14
1738564200,16,16,16,16
1738566000,16,16.01,15.83,15.88
1738567800,15.89,15.9,15.74,15.75
1738569600,15.74,15.82,15.69,15.82
1738571400,15.81,15.89,15.81,15.88
1738573200,15.88,15.88,15.81,15.85
1738575000,15.85,15.86,15.8,15.82
1738576800,15.82,15.84,15.78,15.83
1738578600,15.82,15.86,15.8,15.85
1738580400,15.85,15.86,15.81,15.83
1738582200,15.83,15.85,15.78,15.83
1738584000,15.84,15.87,15.82,15.85
1738585800,15.85,15.87,15.84,15.85
1738587600,15.85,15.86,15.81,15.82
1738589400,15.81,15.83,15.78,15.83
1738591200,15.83,15.83,15.74,15.79
1738593000,15.79,15.81,15.74,15.78
1738594800,15.76,15.76,15.76,15.76
1738650600,15.82,15.82,15.82,15.82
1738652400,15.82,15.87,15.78,15.8
1738654200,15.81,15.82,15.71,15.72
1738656000,15.71,15.72,15.61,15.63
1738657800,15.63,15.64,15.58,15.61
1738659600,15.6,15.68,15.6,15.67
1738661400,15.67,15.79,15.65,15.75
1738663200,15.75,15.85,15.74,15.83
1738665000,15.83,15.93,15.83,15.88
1738666800,15.87,15.89,15.83,15.89
1738668600,15.88,15.9,15.78,15.79
1738670400,15.79,15.93,15.79,15.93
1738672200,15.93,16.03,15.9,16.01
1738674000,16.01,16.05,15.94,16.02
1738675800,16.02,16.03,15.93,15.96
1738677600,15.97,16.01,15.92,15.99
1738679400,15.99,16.02,15.87,15.92
1738681200,15.89,15.89,15.89,15.89
1738737000,15.93,15.93,15.93,15.93
1738738800,15.93,16.39,15.93,16.36
1738740600,16.37,16.37,16.2,16.23
1738742400,16.23,16.29,16.14,16.16
1738744200,16.16,16.22,16.11,16.19
1738746000,16.19,16.2,16.12,16.14
1738747800,16.14,16.17,16.11,16.13
1738749600,16.13,16.15,16.06,16.11
1738751400,16.11,16.25,16.08,16.22
1738753200,16.23,16.36,16.21,16.32
1738755000,16.32,16.33,16.26,16.29
1738756800,16.29,16.29,16.11,16.18
1738758600,16.18,16.24,16.17,16.17
1738760400,16.18,16.22,15.95,15.97
1738762200,15.97,16.04,15.87,16.01
1738764000,16.01,16.02,15.94,15.97
1738765800,15.96,16.15,15.96,16.1
1738767600,16.06,16.06,16.06,16.06
1738823400,16.19,16.19,16.19,16.19
1738825200,16.2,16.25,16.05,16.09
1738827000,16.09,16.09,15.96,15.96
1738828800,15.97,15.99,15.86,15.99
1738830600,15.98,16.06,15.96,16
1738832400,16.01,16.02,15.92,15.97
1738834200,15.97,15.97,15.91,15.96
1738836000,15.95,15.99,15.93,15.96
1738837800,15.96,15.96,15.86,15.89
1738839600,15.89,15.92,15.88,15.92
1738841400,15.91,15.91,15.84,15.87
1738843200,15.87,15.89,15.85,15.87
1738845000,15.87,15.87,15.82,15.86
1738846800,15.85,15.86,15.78,15.82
1738848600,15.81,15.84,15.79,15.82
1738850400,15.82,15.85,15.81,15.82
1738852200,15.82,15.83,15.8,15.81
1738854000,15.83,15.83,15.83,15.83
1738909800,15.89,15.89,15.89,15.89
1738911600,15.89,15.89,15.79,15.83
1738913400,15.83,15.85,15.8,15.82
1738915200,15.82,15.82,15.75,15.79
1738917000,15.78,15.85,15.78,15.83
1738918800,15.83,15.98,15.81,15.89
1738920600,15.88,15.88,15.82,15.85
1738922400,15.85,15.88,15.84,15.87
1738924200,15.87,15.92,15.85,15.89
1738926000,15.9,15.94,15.78,15.79
1738927800,15.8,15.84,15.78,15.81
1738929600,15.81,15.84,15.79,15.84
1738931400,15.84,15.84,15.77,15.79
1738933200,15.79,15.79,15.76,15.79
1738935000,15.79,16.15,15.78,16.14
1738936800,16.14,16.36,16.1,16.35
1738938600,16.36,16.38,16.24,16.31
1738940400,16.26,16.26,16.26,16.26
1739169000,16.34,16.34,16.34,16.34
1739170800,16.34,16.59,16.26,16.46
1739172600,16.46,16.46,16.24,16.27
1739174400,16.27,16.38,16.27,16.37
1739176200,16.37,16.41,16.31,16.31
1739178000,16.32,16.32,16.21,16.27
1739179800,16.27,16.27,16.19,16.22
1739181600,16.21,16.23,16.17,16.22
1739183400,16.22,16.23,16.15,16.18
1739185200,16.18,16.22,16.13,16.13
1739187000,16.14,16.17,16.11,16.17
1739188800,16.16,16.18,16.11,16.14
1739190600,16.14,16.15,16.1,16.14
1739192400,16.14,16.15,16.09,16.11
1739194200,16.11,16.14,16.09,16.11
1739196000,16.1,16.13,16.09,16.1
1739197800,16.1,16.1,16,16.04
1739199600,16.04,16.04,16.04,16.04
1739255400,16,16,16,16
1739257200,15.99,16,15.81,15.91
1739259000,15.92,16.06,15.88,15.98
1739260800,15.97,15.99,15.81,15.82
1739262600,15.82,15.84,15.8,15.84
1739264400,15.84,15.84,15.76,15.79
1739266200,15.79,15.81,15.77,15.81
1739268000,15.8,15.81,15.77,15.79
1739269800,15.79,16,15.73,15.97
1739271600,15.97,16.16,15.94,16.06
1739273400,16.06,16.12,16.04,16.09
1739275200,16.09,16.14,15.99,16.11
1739277000,16.12,16.14,16.07,16.1
1739278800,16.11,16.11,16.02,16.06
1739280600,16.04,16.09,16,16
1739282400,16,16.08,15.99,16.05
1739284200,16.04,16.07,16,16.01
1739286000,16,16,16,16
1739341800,16,16,16,16
1739343600,16,16.41,16,16.4
1739345400,16.4,16.52,16.34,16.35
1739347200,16.35,16.36,16.23,16.3
1739349000,16.3,16.36,16.29,16.3
1739350800,16.29,16.3,16.21,16.23
1739352600,16.22,16.24,16.16,16.23
1739354400,16.23,16.27,16.19,16.25
1739356200,16.24,16.3,16.2,16.22
1739358000,16.21,16.23,16.15,16.19
1739359800,16.19,16.34,16.18,16.32
1739361600,16.32,16.37,16.31,16.34
1739363400,16.34,16.44,16.3,16.39
1739365200,16.39,16.41,16.31,16.34
1739367000,16.34,16.41,16.27,16.38
1739368800,16.38,16.58,16.37,16.46
1739370600,16.46,16.51,16.42,16.44
1739372400,16.44,16.44,16.42,16.42
1739428200,16.97,16.97,16.97,16.97
1739430000,16.98,17.33,16.83,17.08
1739431800,17.09,17.17,16.99,17.16
1739433600,17.16,17.2,17.07,17.14
1739435400,17.13,17.26,17.13,17.21
1739437200,17.21,17.24,17.09,17.09
1739439000,17.1,17.15,17.08,17.09
1739440800,17.09,17.15,17.08,17.1
1739442600,17.1,17.15,17.08,17.14
1739444400,17.14,17.15,17.11,17.11
1739446200,17.12,17.15,17.11,17.13
1739448000,17.13,17.17,17.08,17.14
1739449800,17.14,17.16,17.12,17.13
1739451600,17.14,17.17,17.1,17.16
1739453400,17.17,17.21,17.14,17.18
1739455200,17.18,17.43,17.18,17.3
1739457000,17.3,17.34,17.22,17.24
1739458800,17.22,17.22,17.22,17.22
1739514600,17.26,17.26,17.26,17.26
1739516400,17.26,17.32,17.04,17.05
1739518200,17.06,17.16,16.96,16.99
1739520000,16.99,17.07,16.95,17.07
1739521800,17.07,17.1,17.02,17.03
1739523600,17.04,17.08,17.02,17.08
1739525400,17.08,17.13,17.07,17.09
1739527200,17.09,17.11,17.07,17.1
1739529000,17.1,17.1,17.03,17.05
1739530800,17.05,17.12,17.04,17.07
1739532600,17.07,17.08,17.02,17.06
1739534400,17.06,17.07,17,17.04
1739536200,17.03,17.05,16.99,17
1739538000,17,17.03,16.98,17.01
1739539800,17.02,17.29,17.01,17.29
1739541600,17.29,17.31,17.18,17.2
1739543400,17.2,17.23,17.13,17.17
1739545200,17.19,17.19,17.19,17.19
1739773800,17.27,17.27,17.27,17.27
1739775600,17.26,17.28,17.15,17.19
1739777400,17.19,17.23,17.13,17.14
1739779200,17.13,17.16,17.09,17.12
1739781000,17.11,17.13,17.07,17.09
1739782800,17.09,17.09,16.88,16.98
1739784600,16.98,17.02,16.9,17
1739786400,16.99,17.15,16.95,17.04
1739788200,17.05,17.55,17.02,17.45
1739790000,17.46,17.48,17.36,17.38
1739791800,17.39,17.4,17.26,17.29
1739793600,17.29,17.34,17.26,17.27
1739795400,17.26,17.33,17.22,17.24
1739797200,17.24,17.29,17.16,17.25
1739799000,17.24,17.26,17.2,17.22
1739800800,17.23,17.24,17.18,17.23
1739802600,17.23,17.24,17.19,17.21
1739804400,17.21,17.21,17.21,17.21
1739860200,17.18,17.18,17.18,17.18
1739862000,17.17,17.27,17.11,17.2
1739863800,17.2,17.35,17.19,17.24
1739865600,17.23,17.25,17.18,17.24
1739867400,17.25,17.27,17.21,17.25
1739869200,17.25,17.3,17.21,17.24
1739871000,17.25,17.3,17.21,17.23
1739872800,17.23,17.24,17.18,17.19
1739874600,17.19,17.22,17.17,17.22
1739876400,17.22,17.29,17.2,17.21
1739878200,17.21,17.24,17.1,17.24
1739880000,17.24,17.29,17.21,17.21
1739881800,17.22,17.35,17.21,17.23
1739883600,17.23,17.31,17.23,17.28
1739885400,17.28,17.66,17.27,17.64
1739887200,17.64,17.72,17.56,17.6
1739889000,17.6,17.61,17.43,17.5
1739890800,17.47,17.47,17.47,17.47
1739946600,17.57,17.57,17.57,17.57
1739948400,17.56,17.59,17.35,17.36
1739950200,17.36,17.41,17.26,17.38
1739952000,17.38,17.43,17.35,17.38
1739953800,17.39,17.46,17.36,17.39
1739955600,17.39,17.43,17.38,17.4
1739957400,17.4,17.41,17.36,17.39
1739959200,17.39,17.4,17.35,17.39
1739961000,17.39,17.39,17.29,17.3
1739962800,17.3,17.37,17.29,17.31
1739964600,17.31,17.34,17.27,17.27
1739966400,17.27,17.28,17.15,17.19
1739968200,17.18,17.26,17.17,17.22
1739970000,17.22,17.24,17.14,17.15
1739971800,17.14,17.16,17.02,17.09
1739973600,17.09,17.12,17.03,17.04
1739975400,17.03,17.04,16.82,16.91
1739977200,16.91,16.91,16.91,16.91
1740033000,16.93,16.93,16.93,16.93
1740034800,16.94,17.07,16.92,16.99
1740036600,16.99,17.05,16.94,16.96
1740038400,16.96,16.98,16.91,16.97
1740040200,16.97,17,16.95,16.97
1740042000,16.97,17.11,16.92,17.05
1740043800,17.06,17.23,17.06,17.21
1740045600,17.2,17.24,17.16,17.2
1740047400,17.21,17.22,17.18,17.21
1740049200,17.2,17.32,17.2,17.27
1740051000,17.28,17.29,17.21,17.22
1740052800,17.22,17.24,17.19,17.2
1740054600,17.2,17.22,17.08,17.09
1740056400,17.09,17.17,17.06,17.07
1740058200,17.08,17.09,17,17.03
1740060000,17.02,17.09,17.02,17.07
1740061800,17.07,17.08,16.95,17.01
1740063600,16.97,16.97,16.97,16.97
1740119400,17,17,17,17
1740121200,17,17,16.85,16.87
1740123000,16.88,16.97,16.86,16.91
1740124800,16.91,16.93,16.8,16.83
1740126600,16.82,16.86,16.8,16.8
1740128400,16.81,16.85,16.79,16.82
1740130200,16.82,16.85,16.8,16.82
1740132000,16.82,16.86,16.78,16.82
1740133800,16.83,16.84,16.73,16.76
1740135600,16.77,16.78,16.66,16.69
1740137400,16.69,16.72,16.65,16.66
1740139200,16.65,16.71,16.63,16.67
1740141000,16.67,16.68,16.59,16.61
1740142800,16.6,16.61,16.51,16.6
1740144600,16.6,16.6,16.5,16.5
1740146400,16.5,16.6,16.37,16.37
1740148200,16.37,16.41,16.19,16.41
1740150000,16.45,16.45,16.45,16.45
1740378600,16.61,16.61,16.61,16.61
1740380400,16.61,16.65,16.33,16.39
1740382200,16.39,16.5,16.34,16.41
1740384000,16.41,16.45,16.24,16.27
1740385800,16.27,16.33,16.23,16.28
1740387600,16.28,16.41,16.27,16.37
1740389400,16.36,16.37,16.21,16.25
1740391200,16.26,16.29,16.22,16.29
1740393000,16.29,16.34,16.26,16.32
1740394800,16.31,16.34,16.27,16.33
1740396600,16.32,16.36,16.29,16.3
1740398400,16.3,16.36,16.26,16.35
1740400200,16.34,16.34,16.3,16.32
1740402000,16.32,16.35,16.25,16.28
1740403800,16.27,16.3,16.26,16.28
1740405600,16.29,16.3,16.25,16.26
1740407400,16.26,16.27,16.1,16.14
1740409200,16.2,16.2,16.2,16.2
1740465000,16.22,16.22,16.22,16.22
1740466800,16.21,16.26,16.13,16.26
1740468600,16.25,16.3,16.2,16.24
1740470400,16.25,16.32,16.2,16.24
1740472200,16.25,16.29,16.23,16.26
1740474000,16.26,16.32,16.22,16.28
1740475800,16.27,16.28,16.21,16.23
1740477600,16.23,16.3,16.22,16.25
1740479400,16.25,16.33,16.21,16.32
1740481200,16.33,16.34,16.23,16.25
1740483000,16.24,16.29,16.23,16.28
1740484800,16.27,16.29,16.25,16.27
1740486600,16.27,16.35,16.26,16.34
1740488400,16.33,16.45,16.32,16.36
1740490200,16.37,16.4,16.29,16.31
1740492000,16.3,16.31,16.19,16.25
1740493800,16.25,16.26,16.18,16.23
1740495600,16.15,16.15,16.15,16.15
1740551400,16.19,16.19,16.19,16.19
1740553200,16.2,16.41,16.19,16.2
1740555000,16.19,16.2,16.1,16.18
1740556800,16.17,16.4,16.17,16.31
1740558600,16.32,16.42,16.32,16.39
1740560400,16.38,16.43,16.33,16.42
1740562200,16.42,16.51,16.4,16.47
1740564000,16.47,16.5,16.42,16.45
1740565800,16.45,16.53,16.42,16.52
1740567600,16.53,16.79,16.51,16.73
1740569400,16.72,17.2,16.7,17.16
1740571200,17.16,17.21,16.94,16.96
1740573000,16.97,17.06,16.96,17
1740574800,17,17.12,16.98,17.12
1740576600,17.13,17.36,17.08,17.28
1740578400,17.28,17.29,17,17.05
1740580200,17.06,17.08,17,17
1740582000,17.02,17.05,17.02,17.05
1740637800,17.07,17.07,17.07,17.07
1740639600,17.08,17.27,16.95,17.18
1740641400,17.17,17.26,17.09,17.1
1740643200,17.11,17.26,17.07,17.18
1740645000,17.17,17.22,17.16,17.22
1740646800,17.21,17.22,17.13,17.16
1740648600,17.16,17.2,17.08,17.13
1740650400,17.13,17.19,17.11,17.19
1740652200,17.18,17.21,17.16,17.2
1740654000,17.19,17.31,17.18,17.3
1740655800,17.3,17.39,17.27,17.29
1740657600,17.28,17.3,17.2,17.25
1740659400,17.24,17.48,17.24,17.37
1740661200,17.37,17.38,17.32,17.34
1740663000,17.33,17.49,17.27,17.37
1740664800,17.37,17.44,17.31,17.34
1740666600,17.34,17.48,17.31,17.38
1740668400,17.34,17.34,17.34,17.34
1740724200,17.45,17.45,17.45,17.45
1740726000,17.45,17.52,17.25,17.37
1740727800,17.37,17.43,17.31,17.41
1740729600,17.4,17.41,17.25,17.27
1740731400,17.27,17.28,17.19,17.19
1740733200,17.2,17.21,17.14,17.19
1740735000,17.19,17.2,17.14,17.14
1740736800,17.14,17.22,17.12,17.17
1740738600,17.17,17.43,17.17,17.36
1740740400,17.36,17.39,17.27,17.38
1740742200,17.37,17.4,17.31,17.35
1740744000,17.35,17.35,17.26,17.31
1740745800,17.31,17.34,17.28,17.29
1740747600,17.29,17.32,17.25,17.27
1740749400,17.27,17.37,17.24,17.34
1740751200,17.33,17.34,17.19,17.19
1740753000,17.19,17.2,17.06,17.13
1740754800,17.28,17.28,17.28,17.28
1740983400,17.23,17.23,17.23,17.23
1740985200,17.23,17.36,17.13,17.33
1740987000,17.33,17.38,17.27,17.35
1740988800,17.35,17.45,17.24,17.28
1740990600,17.28,17.34,17.24,17.32
1740992400,17.33,17.43,17.33,17.37
1740994200,17.36,17.41,17.35,17.38
1740996000,17.38,17.41,17.27,17.34
1740997800,17.33,17.34,17.27,17.3
1740999600,17.31,17.4,17.31,17.39
1741001400,17.39,17.41,17.36,17.39
1741003200,17.39,17.41,17.31,17.32
1741005000,17.32,17.33,17.27,17.31
1741006800,17.32,17.32,17.24,17.27
1741008600,17.27,17.29,17.24,17.28
1741010400,17.27,17.32,17.27,17.29
1741012200,17.29,17.3,17.21,17.22
1741014000,17.21,17.21,17.21,17.21
1741069800,17.18,17.18,17.18,17.18
1741071600,17.19,17.56,17.17,17.48
1741073400,17.48,17.62,17.42,17.6
1741075200,17.59,17.62,17.48,17.56
1741077000,17.56,17.65,17.55,17.57
1741078800,17.58,17.71,17.57,17.58
1741080600,17.58,17.69,17.58,17.59
1741082400,17.59,17.61,17.56,17.59
1741084200,17.59,17.68,17.51,17.67
1741086000,17.67,17.71,17.6,17.62
1741087800,17.62,17.64,17.55,17.61
1741089600,17.62,17.64,17.57,17.58
1741091400,17.58,17.6,17.54,17.57
1741093200,17.57,17.63,17.54,17.56
1741095000,17.56,17.65,17.53,17.61
1741096800,17.6,17.65,17.59,17.63
1741098600,17.63,17.63,17.49,17.53
1741100400,17.53,17.53,17.53,17.53
1741156200,17.57,17.57,17.57,17.57
1741158000,17.58,17.73,17.44,17.46
1741159800,17.47,17.58,17.32,17.57
1741161600,17.56,17.59,17.46,17.57
1741163400,17.57,17.62,17.54,17.59
1741165200,17.59,17.59,17.53,17.54
1741167000,17.54,17.56,17.51,17.55
1741168800,17.55,17.58,17.52,17.55
1741170600,17.55,17.6,17.54,17.56
1741172400,17.56,17.61,17.44,17.47
1741174200,17.47,17.5,17.42,17.46
1741176000,17.46,17.58,17.45,17.57
1741177800,17.56,17.86,17.56,17.7
1741179600,17.69,17.79,17.68,17.69
1741181400,17.69,17.84,17.68,17.84
1741183200,17.84,17.84,17.7,17.7
1741185000,17.69,17.7,17.54,17.6
1741186800,17.62,17.62,17.62,17.62
1741242600,17.51,17.51,17.51,17.51
1741244400,17.52,17.67,17.29,17.52
1741246200,17.52,17.56,17.39,17.43
1741248000,17.42,17.47,17.37,17.39
1741249800,17.39,17.41,17.32,17.35
1741251600,17.35,17.35,17.3,17.32
1741253400,17.31,17.35,17.31,17.34
1741255200,17.34,17.36,17.31,17.32
1741257000,17.32,17.34,17.24,17.27
1741258800,17.26,17.36,17.19,17.34
1741260600,17.35,17.51,17.32,17.48
1741262400,17.49,17.58,17.43,17.46
1741264200,17.46,17.53,17.39,17.41
1741266000,17.41,17.46,17.4,17.43
1741267800,17.43,17.49,17.41,17.46
1741269600,17.47,17.74,17.47,17.73
1741271400,17.74,18.06,17.71,17.96
1741273200,17.95,17.95,17.95,17.95
1741329000,17.95,17.95,17.95,17.95
1741330800,17.95,18.01,17.82,17.9
1741332600,17.9,18.05,17.88,18.03
1741334400,18.02,18.04,17.87,17.96
1741336200,17.96,17.97,17.9,17.92
1741338000,17.91,17.97,17.9,17.94
1741339800,17.94,18.01,17.91,17.93
1741341600,17.93,17.99,17.86,17.94
1741343400,17.94,17.96,17.85,17.89
1741345200,17.89,17.96,17.87,17.89
1741347000,17.88,17.93,17.85,17.86
1741348800,17.86,17.91,17.84,17.87
1741350600,17.87,17.92,17.85,17.89
1741352400,17.89,17.97,17.85,17.91
1741354200,17.9,17.99,17.84,17.88
1741356000,17.87,17.89,17.8,17.83
1741357800,17.83,17.92,17.8,17.87
1741359600,17.9,17.9,17.9,17.9
1741588200,17.9,17.9,17.9,17.9
1741590000,17.9,18.23,17.9,18.22
1741591800,18.23,18.46,18.22,18.38
1741593600,18.39,18.39,18.18,18.22
1741595400,18.22,18.23,18.11,18.15
1741597200,18.14,18.15,18.06,18.11
1741599000,18.11,18.11,18,18.07
1741600800,18.07,18.12,18.05,18.06
1741602600,18.06,18.07,18,18.01
1741604400,18.01,18.05,17.98,18.02
1741606200,18.02,18.14,18,18.09
1741608000,18.09,18.1,18.02,18.02
1741609800,18.03,18.08,17.99,18.04
1741611600,18.03,18.05,17.88,17.89
1741613400,17.89,17.97,17.88,17.94
1741615200,17.93,17.93,17.79,17.82
1741617000,17.81,17.84,17.72,17.83
1741618800,17.8,17.8,17.8,17.8
1741674600,17.89,17.89,17.89,17.89
1741676400,17.89,17.94,17.77,17.86
1741678200,17.86,18.02,17.86,18
1741680000,18,18.09,17.92,18.03
1741681800,18.03,18.15,18.02,18.1
1741683600,18.09,18.11,18.03,18.06
1741685400,18.07,18.07,17.98,17.98
1741687200,17.98,18.03,17.97,17.97
1741689000,17.97,18,17.94,17.96
1741690800,17.96,17.97,17.83,17.85
1741692600,17.85,17.98,17.8,17.93
1741694400,17.92,17.95,17.89,17.91
1741696200,17.91,17.93,17.77,17.77
1741698000,17.79,17.82,17.54,17.55
1741699800,17.55,17.85,17.54,17.75
1741701600,17.75,17.84,17.7,17.71
1741703400,17.71,17.79,17.7,17.75
1741705200,17.7,17.7,17.7,17.7
1741761000,18.2,18.2,18.2,18.2
1741762800,18.2,18.57,18.04,18.35
1741764600,18.34,18.42,18.29,18.38
1741766400,18.38,18.38,18.31,18.33
1741768200,18.34,18.34,18.25,18.33
1741770000,18.33,18.42,18.29,18.39
1741771800,18.4,18.45,18.34,18.38
1741773600,18.38,18.44,18.35,18.41
1741775400,18.41,18.44,18.36,18.37
1741777200,18.36,18.48,18.34,18.43
1741779000,18.44,18.45,18.18,18.24
1741780800,18.25,18.29,18.22,18.27
1741782600,18.27,18.33,18.24,18.3
1741784400,18.3,18.31,18.26,18.28
1741786200,18.28,18.29,18.21,18.24
1741788000,18.23,18.27,18.19,18.24
1741789800,18.24,18.28,18.18,18.21
1741791600,18.2,18.2,18.2,18.2
1741847400,18.3,18.3,18.3,18.3
1741849200,18.31,18.36,18.25,18.31
1741851000,18.3,18.37,18.24,18.25
1741852800,18.26,18.36,18.25,18.32
1741854600,18.32,18.35,18.28,18.31
1741856400,18.31,18.31,18.09,18.16
1741858200,18.16,18.17,18.08,18.11
1741860000,18.1,18.11,18.01,18.06
1741861800,18.05,18.18,18.03,18.18
1741863600,18.18,18.33,18.16,18.33
1741865400,18.32,18.34,18.24,18.26
1741867200,18.26,18.28,18.22,18.23
1741869000,18.23,18.29,18.08,18.16
1741870800,18.16,18.25,18.1,18.25
1741872600,18.24,18.36,18.21,18.32
1741874400,18.32,18.34,18.27,18.3
1741876200,18.3,18.32,18.26,18.29
1741878000,18.27,18.27,18.27,18.27
1741933800,18.39,18.39,18.39,18.39
1741935600,18.38,18.4,18.28,18.39
1741937400,18.39,18.45,18.37,18.42
1741939200,18.42,18.75,18.4,18.72
1741941000,18.71,19.02,18.71,18.89
1741942800,18.9,19,18.87,18.97
1741944600,18.97,18.98,18.85,18.85
1741946400,18.85,18.89,18.8,18.84
1741948200,18.85,18.95,18.83,18.95
1741950000,18.95,19.04,18.94,18.99
1741951800,19,19.03,18.84,18.91
1741953600,18.91,19.04,18.9,19.03
1741955400,19.04,19.09,18.98,19.05
1741957200,19.05,19.05,18.97,19.01
1741959000,19.01,19.08,19,19.02
1741960800,19.02,19.14,19,19.1
1741962600,19.1,19.1,18.94,19
1741964400,19,19,19,19
1742193000,19.16,19.16,19.16,19.16
1742194800,19.15,19.23,18.95,19.04
1742196600,19.04,19.13,18.97,18.99
1742198400,18.98,19.01,18.85,18.95
1742200200,18.96,19,18.91,18.99
1742202000,18.99,19,18.91,18.95
1742203800,18.95,18.99,18.94,18.95
1742205600,18.96,18.97,18.93,18.96
1742207400,18.96,18.97,18.85,18.96
1742209200,18.96,18.99,18.93,18.94
1742211000,18.94,19.08,18.94,19.05
1742212800,19.06,19.1,19.01,19.04
1742214600,19.04,19.18,18.94,18.96
1742216400,18.97,19,18.94,18.99
1742218200,18.99,19.05,18.92,18.92
1742220000,18.92,18.97,18.91,18.96
1742221800,18.96,19.04,18.92,18.94
1742223600,18.94,18.94,18.94,18.94
1742279400,18.91,18.91,18.91,18.91
1742281200,18.9,18.95,18.55,18.56
1742283000,18.56,18.64,18.54,18.61
1742284800,18.61,18.93,18.61,18.91
1742286600,18.9,19.2,18.9,19.13
1742288400,19.14,19.17,19.07,19.14
1742290200,19.14,19.15,19.05,19.08
1742292000,19.08,19.09,18.89,18.97
1742293800,18.96,18.98,18.89,18.9
1742295600,18.89,18.95,18.84,18.84
1742297400,18.84,18.87,18.8,18.82
1742299200,18.82,18.87,18.77,18.84
1742301000,18.84,18.87,18.73,18.75
1742302800,18.75,18.83,18.74,18.83
1742304600,18.82,18.86,18.78,18.85
1742306400,18.85,18.94,18.82,18.93
1742308200,18.94,18.94,18.82,18.88
1742310000,18.83,18.83,18.83,18.83
1742365800,17.45,17.45,17.45,17.45
1742367600,17.45,17.45,17.45,17.45
1742369400,17.46,18.12,17.45,17.64
1742371200,17.64,17.67,17.35,17.63
1742373000,17.63,17.67,17.56,17.62
1742374800,17.62,17.78,17.59,17.69
1742376600,17.7,17.71,17.53,17.56
1742378400,17.55,17.56,17.42,17.45
1742380200,17.46,17.56,17.4,17.44
1742382000,17.44,17.44,17.36,17.36
1742383800,17.36,17.43,17.11,17.28
1742385600,17.28,17.3,16.98,17
1742387400,17.01,17.02,16.95,16.95
1742389200,16.95,16.98,16.95,16.95
1742391000,16.95,16.95,16.95,16.95
1742392800,16.95,16.95,16.95,16.95
1742394600,16.95,16.97,16.95,16.95
1742396400,16.95,16.95,16.95,16.95
1742452200,16.85,16.85,16.85,16.85
1742454000,16.85,17.09,16.79,17.05
1742455800,17.06,17.44,17.05,17.42
1742457600,17.42,17.6,17.33,17.44
1742459400,17.45,17.61,17.43,17.48
1742461200,17.48,17.59,17.44,17.56
1742463000,17.56,17.61,17.42,17.59
1742464800,17.59,17.59,17.26,17.29
1742466600,17.29,17.46,17.26,17.42
1742468400,17.43,17.44,17.26,17.29
1742470200,17.28,17.41,17.26,17.33
1742472000,17.32,17.36,17.23,17.31
1742473800,17.31,17.33,17.18,17.24
1742475600,17.21,17.24,16.96,17.01
1742477400,17,17.4,16.98,17.3
1742479200,17.3,17.4,17.28,17.31
1742481000,17.31,17.56,17.24,17.32
1742482800,17.3,17.3,17.3,17.3
1742538600,17.3,17.3,17.3,17.3
1742540400,17.3,17.36,16.81,16.95
1742542200,16.96,16.96,16.56,16.56
1742544000,16.55,16.64,16.28,16.29
1742545800,16.25,16.44,16.22,16.25
1742547600,16.26,16.26,15.71,15.86
1742549400,15.86,16.09,15.86,16
1742551200,16,16.11,15.8,16.1
1742553000,16.1,16.29,16.06,16.17
1742554800,16.17,16.28,16.05,16.06
1742556600,16.06,16.14,15.89,16
1742558400,16,16.1,15.88,15.93
1742560200,15.94,16.09,15.92,16.02
1742562000,16,16.03,15.73,15.85
1742563800,15.84,15.84,15.68,15.74
1742565600,15.73,15.81,15.57,15.79
1742567400,15.79,15.85,15.63,15.73
1742569200,15.57,15.57,15.57,15.57
1742797800,15.59,15.59,15.59,15.59
1742799600,15.6,16.09,15.59,15.88
1742801400,15.88,16.08,15.81,16.03
1742803200,16.03,16.06,15.9,16.02
1742805000,16.03,16.04,15.85,15.85
1742806800,15.86,15.92,15.78,15.79
1742808600,15.8,15.8,15.52,15.55
1742810400,15.55,15.6,15.5,15.53
1742812200,15.53,15.54,15.11,15.2
1742814000,15.2,15.34,15.03,15.09
1742815800,15.09,15.32,14.95,15.3
1742817600,15.3,15.47,15.16,15.33
1742819400,15.34,15.45,15.29,15.44
1742821200,15.43,15.61,15.34,15.59
1742823000,15.59,15.63,15.29,15.35
1742824800,15.35,15.7,15.34,15.6
1742826600,15.6,15.74,15.55,15.73
1742828400,15.71,15.71,15.71,15.71
1742884200,15.78,15.78,15.78,15.78
1742886000,15.79,16.22,15.79,16.16
1742887800,16.16,16.36,16.15,16.26
1742889600,16.26,16.55,16.26,16.49
1742891400,16.48,16.5,16.37,16.45
1742893200,16.44,16.57,16.43,16.52
1742895000,16.53,16.81,16.5,16.75
1742896800,16.74,16.79,16.65,16.66
1742898600,16.66,16.73,16.6,16.66
1742900400,16.66,16.75,16.59,16.72
1742902200,16.73,16.75,16.62,16.67
1742904000,16.66,16.71,16.61,16.63
1742905800,16.64,16.73,16.56,16.73
1742907600,16.72,16.81,16.62,16.8
1742909400,16.8,16.84,16.7,16.73
1742911200,16.74,16.89,16.72,16.78
1742913000,16.79,16.87,16.74,16.82
1742914800,16.81,16.81,16.81,16.81
1742970600,16.8,16.8,16.8,16.8
1742972400,16.8,16.9,16.5,16.83
1742974200,16.83,16.85,16.68,16.76
1742976000,16.76,17.26,16.73,17.19
1742977800,17.18,17.36,17.16,17.35
1742979600,17.36,17.45,17.27,17.34
1742981400,17.34,17.34,17.24,17.28
1742983200,17.27,17.27,17.15,17.16
1742985000,17.16,17.19,17.09,17.11
1742986800,17.11,17.19,17.1,17.12
1742988600,17.12,17.14,17.04,17.08
1742990400,17.08,17.15,17.03,17.11
1742992200,17.1,17.14,16.99,16.99
1742994000,16.99,17.17,16.97,16.99
1742995800,16.99,17.08,16.88,16.93
1742997600,16.93,17.26,16.85,17.23
1742999400,17.23,17.24,16.98,17.04
1743001200,17,17,17,17
1743057000,17.27,17.27,17.27,17.27
1743058800,17.26,17.31,17.02,17.06
1743060600,17.06,17.09,16.98,17.02
1743062400,17.02,17.04,16.91,17
1743064200,17,17.2,16.99,17.12
1743066000,17.12,17.17,17.02,17.05
1743067800,17.05,17.13,17,17.01
1743069600,17,17.03,16.97,16.97
1743071400,16.97,16.99,16.88,16.93
1743073200,16.93,17.03,16.92,17.02
1743075000,17.02,17.07,16.99,16.99
1743076800,16.99,17.01,16.94,16.95
1743078600,16.95,16.99,16.9,16.9
1743080400,16.9,16.95,16.88,16.88
1743082200,16.89,16.99,16.88,16.9
1743084000,16.9,16.94,16.87,16.92
1743085800,16.92,16.94,16.8,16.8
1743087600,16.75,16.75,16.75,16.75
1743143400,16.77,16.77,16.77,16.77
1743145200,16.76,16.77,16.5,16.57
1743147000,16.57,16.64,16.53,16.54
1743148800,16.53,16.56,16.46,16.5
1743150600,16.5,16.5,16.41,16.48
1743152400,16.49,16.49,16.4,16.46
1743154200,16.46,16.5,16.41,16.42
1743156000,16.41,16.44,16.39,16.41
1743157800,16.41,16.47,16.39,16.39
1743159600,16.39,16.41,16.37,16.4
1743161400,16.41,16.54,16.38,16.53
1743163200,16.53,16.6,16.51,16.57
1743165000,16.57,16.58,16.5,16.5
1743166800,16.5,16.64,16.48,16.58
1743168600,16.58,16.7,16.56,16.66
1743170400,16.66,16.78,16.57,16.76
1743172200,16.76,16.82,16.75,16.76
1743174000,16.71,16.71,16.71,16.71
1743575400,16.72,16.72,16.72,16.72
1743577200,16.71,16.97,16.6,16.88
1743579000,16.88,16.93,16.74,16.87
1743580800,16.87,16.87,16.74,16.77
1743582600,16.78,16.78,16.64,16.65
1743584400,16.65,16.69,16.61,16.64
1743586200,16.64,16.67,16.61,16.63
1743588000,16.63,16.64,16.58,16.62
1743589800,16.62,16.65,16.6,16.61
1743591600,16.61,16.61,16.53,16.59
1743593400,16.58,16.7,16.58,16.62
1743595200,16.61,16.66,16.59,16.63
1743597000,16.62,16.65,16.56,16.64
1743598800,16.64,16.67,16.6,16.62
1743600600,16.62,16.84,16.6,16.83
1743602400,16.83,16.97,16.8,16.97
1743604200,16.97,17.24,16.97,17.03
1743606000,17.02,17.02,17.02,17.02
1743661800,17.1,17.1,17.1,17.1
1743663600,17.1,17.15,16.98,17.06
1743665400,17.05,17.06,16.96,17.02
1743667200,17.02,17.07,16.98,16.99
1743669000,16.99,17.01,16.96,17
1743670800,16.99,17.01,16.94,16.99
1743672600,16.99,17.02,16.97,16.98
1743674400,16.98,17.01,16.96,17
1743676200,16.99,17.04,16.97,16.99
1743678000,16.99,17,16.89,16.91
1743679800,16.9,16.91,16.84,16.87
1743681600,16.88,16.9,16.85,16.89
1743683400,16.89,17,16.82,16.9
1743685200,16.89,16.89,16.78,16.81
1743687000,16.8,16.89,16.77,16.77
1743688800,16.78,16.81,16.65,16.7
1743690600,16.71,16.73,16.6,16.6
1743692400,16.6,16.6,16.57,16.57
1743748200,16.57,16.57,16.57,16.57
1743750000,16.57,16.65,16.45,16.46
1743751800,16.47,16.54,16.45,16.48
1743753600,16.47,16.53,16.47,16.48
1743755400,16.49,16.54,16.47,16.51
1743757200,16.51,16.51,16.47,16.48
1743759000,16.48,16.51,16.46,16.5
1743760800,16.5,16.51,16.35,16.37
1743762600,16.37,16.4,16.18,16.23
1743764400,16.23,16.26,16.15,16.23
1743766200,16.22,16.26,16.18,16.25
1743768000,16.25,16.28,16.23,16.24
1743769800,16.24,16.3,16.17,16.27
1743771600,16.27,16.32,16.22,16.23
1743773400,16.23,16.25,16.14,16.19
1743775200,16.19,16.2,16.11,16.15
1743777000,16.15,16.17,16.1,16.14
1743778800,16.13,16.13,16.13,16.13
1744007400,15.73,15.73,15.73,15.73
1744009200,15.73,15.85,15.59,15.81
1744011000,15.81,15.91,15.78,15.8
1744012800,15.81,15.94,15.78,15.89
1744014600,15.88,15.96,15.84,15.89
1744016400,15.88,15.94,15.87,15.89
1744018200,15.89,15.9,15.81,15.81
1744020000,15.81,15.98,15.81,15.88
1744021800,15.88,16.02,15.83,15.89
1744023600,15.89,15.99,15.87,15.93
1744025400,15.93,15.97,15.89,15.93
1744027200,15.93,16.06,15.88,16.05
1744029000,16.05,16.19,15.99,16.13
1744030800,16.13,16.19,16.07,16.12
1744032600,16.12,16.3,16.07,16.27
1744034400,16.27,16.42,16.17,16.3
1744036200,16.29,16.31,16.06,16.23
1744038000,16.23,16.23,16.23,16.23
1744093800,16.42,16.42,16.42,16.42
1744095600,16.42,16.56,16.39,16.55
1744097400,16.56,16.64,16.54,16.58
1744099200,16.57,16.58,16.45,16.48
1744101000,16.48,16.64,16.48,16.54
1744102800,16.55,16.59,16.48,16.48
1744104600,16.48,16.53,16.43,16.51
1744106400,16.51,16.53,16.44,16.47
1744108200,16.47,16.56,16.47,16.48
1744110000,16.49,16.52,16.46,16.49
1744111800,16.5,16.58,16.47,16.53
1744113600,16.53,16.69,16.52,16.65
1744115400,16.65,16.66,16.58,16.6
1744117200,16.6,16.73,16.57,16.72
1744119000,16.72,16.73,16.59,16.64
1744120800,16.63,16.69,16.61,16.64
1744122600,16.63,16.67,16.53,16.55
1744124400,16.57,16.57,16.57,16.57
1744180200,16.44,16.44,16.44,16.44
1744182000,16.45,16.5,16.3,16.46
1744183800,16.46,16.48,16.4,16.43
1744185600,16.44,16.49,16.29,16.3
1744187400,16.29,16.34,16.22,16.31
1744189200,16.3,16.3,16.15,16.19
1744191000,16.18,16.24,16.17,16.23
1744192800,16.23,16.25,16.19,16.21
1744194600,16.21,16.29,16.16,16.22
1744196400,16.21,16.32,16.15,16.25
1744198200,16.25,16.3,16.17,16.26
1744200000,16.25,16.29,16.22,16.26
1744201800,16.26,16.36,16.26,16.3
1744203600,16.3,16.67,16.29,16.52
1744205400,16.52,16.65,16.5,16.6
1744207200,16.61,16.71,16.49,16.51
1744209000,16.52,16.59,16.4,16.4
1744210800,16.39,16.39,16.39,16.39
1744266600,16.89,16.89,16.89,16.89
1744268400,16.89,16.9,16.72,16.8
1744270200,16.8,16.89,16.71,16.87
1744272000,16.87,16.95,16.82,16.85
1744273800,16.85,16.86,16.82,16.83
1744275600,16.83,16.85,16.8,16.83
1744277400,16.82,16.84,16.77,16.79
1744279200,16.79,16.85,16.77,16.83
1744281000,16.83,16.84,16.67,16.71
1744282800,16.71,16.76,16.69,16.69
1744284600,16.7,16.74,16.69,16.73
1744286400,16.74,16.78,16.7,16.72
1744288200,16.72,16.76,16.7,16.73
1744290000,16.72,16.79,16.7,16.71
1744291800,16.71,16.72,16.6,16.66
1744293600,16.66,16.67,16.53,16.55
1744295400,16.54,16.63,16.46,16.48
1744297200,16.44,16.44,16.44,16.44
1744353000,16.5,16.5,16.5,16.5
1744354800,16.51,16.6,16.35,16.38
1744356600,16.39,16.54,16.37,16.43
1744358400,16.42,16.46,16.33,16.39
1744360200,16.38,16.41,16.27,16.33
1744362000,16.32,16.4,16.31,16.33
1744363800,16.32,16.35,16.28,16.33
1744365600,16.32,16.36,16.3,16.33
1744367400,16.33,16.42,16.3,16.37
1744369200,16.37,16.39,16.27,16.29
1744371000,16.29,16.42,16.27,16.4
1744372800,16.4,16.47,16.37,16.44
1744374600,16.44,16.48,16.38,16.4
1744376400,16.4,16.42,16.37,16.38
1744378200,16.38,16.52,16.32,16.39
1744380000,16.39,16.44,16.32,16.4
1744381800,16.4,16.45,16.35,16.4
1744383600,16.44,16.44,16.44,16.44
1744612200,16.51,16.51,16.51,16.51
1744614000,16.51,16.58,16.47,16.52
1744615800,16.52,16.57,16.48,16.55
1744617600,16.54,16.56,16.44,16.47
1744619400,16.46,16.5,16.46,16.5
1744621200,16.5,16.5,16.42,16.44
1744623000,16.44,16.48,16.43,16.46
1744624800,16.47,16.48,16.45,16.47
1744626600,16.46,16.49,16.45,16.49
1744628400,16.49,16.59,16.46,16.52
1744630200,16.51,16.52,16.37,16.38
1744632000,16.37,16.39,16.31,16.38
1744633800,16.38,16.4,16.34,16.39
1744635600,16.39,16.42,16.37,16.37
1744637400,16.37,16.39,16.35,16.36
1744639200,16.36,16.39,16.28,16.31
1744641000,16.32,16.4,16.29,16.3
1744642800,16.36,16.36,16.36,16.36
1744698600,16.43,16.43,16.43,16.43
1744700400,16.43,16.49,16.32,16.39
1744702200,16.4,16.42,16.31,16.31
1744704000,16.32,16.35,16.31,16.34
1744705800,16.35,16.43,16.33,16.4
1744707600,16.4,16.41,16.35,16.38
1744709400,16.37,16.42,16.37,16.41
1744711200,16.4,16.43,16.37,16.4
1744713000,16.4,16.44,16.37,16.38
1744714800,16.38,16.42,16.36,16.41
1744716600,16.41,16.41,16.35,16.37
1744718400,16.38,16.38,16.32,16.36
1744720200,16.36,16.48,16.34,16.4
1744722000,16.4,16.41,16.3,16.32
1744723800,16.33,16.34,16.22,16.23
1744725600,16.22,16.3,16.18,16.28
1744727400,16.27,16.3,16.23,16.28
1744729200,16.27,16.27,16.27,16.27
1744785000,16.23,16.23,16.23,16.23
1744786800,16.23,16.26,15.95,15.99
1744788600,15.98,16,15.91,15.93
1744790400,15.92,15.95,15.85,15.89
1744792200,15.89,15.92,15.85,15.87
1744794000,15.86,15.89,15.82,15.82
1744795800,15.83,15.95,15.79,15.8
1744797600,15.8,15.84,15.78,15.79
1744799400,15.79,15.83,15.76,15.77
1744801200,15.77,15.77,15.7,15.72
1744803000,15.72,15.74,15.69,15.71
1744804800,15.72,15.75,15.64,15.64
1744806600,15.65,15.66,15.6,15.65
1744808400,15.66,15.69,15.65,15.67
1744810200,15.67,15.74,15.65,15.7
1744812000,15.71,15.77,15.67,15.68
1744813800,15.68,15.75,15.67,15.74
1744815600,15.72,15.72,15.72,15.72
1744871400,15.74,15.74,15.74,15.74
1744873200,15.75,15.99,15.73,15.99
1744875000,15.99,16.03,15.9,16
1744876800,16,16.03,15.96,15.98
1744878600,15.98,15.99,15.89,15.91
1744880400,15.91,15.99,15.89,15.95
1744882200,15.95,16.02,15.95,16.01
1744884000,16,16.01,15.92,15.95
1744885800,15.96,16.13,15.94,16.08
1744887600,16.08,16.09,15.85,15.98
1744889400,15.99,15.99,15.82,15.83
1744891200,15.83,15.86,15.71,15.79
1744893000,15.79,16.07,15.79,16.07
1744894800,16.06,16.09,15.92,16.09
1744896600,16.09,16.2,16.07,16.19
1744898400,16.18,16.36,16.15,16.33
1744900200,16.33,16.35,16.22,16.26
1744902000,16.3,16.3,16.3,16.3
1744957800,16.27,16.27,16.27,16.27
1744959600,16.26,16.27,16,16.03
1744961400,16.03,16.07,15.97,15.99
1744963200,15.98,16.04,15.98,16.01
1744965000,16,16.01,15.92,15.97
1744966800,15.96,15.99,15.94,15.94
1744968600,15.95,15.96,15.91,15.95
1744970400,15.94,15.98,15.9,15.92
1744972200,15.92,15.93,15.89,15.93
1744974000,15.92,15.93,15.86,15.89
1744975800,15.89,15.92,15.87,15.88
1744977600,15.87,15.88,15.84,15.87
1744979400,15.88,15.91,15.8,15.88
1744981200,15.87,16.12,15.86,16.09
1744983000,16.09,16.27,16.03,16.23
1744984800,16.23,16.38,16.21,16.33
1744986600,16.33,16.35,16.26,16.28
1744988400,16.29,16.29,16.29,16.29
1745217000,16.28,16.28,16.28,16.28
1745218800,16.29,16.36,16.18,16.31
1745220600,16.32,16.52,16.26,16.47
1745222400,16.47,16.49,16.42,16.45
1745224200,16.45,16.5,16.45,16.47
1745226000,16.47,16.48,16.43,16.44
1745227800,16.45,16.47,16.37,16.38
1745229600,16.38,16.42,16.34,16.35
1745231400,16.34,16.5,16.34,16.49
1745233200,16.49,16.5,16.43,16.48
1745235000,16.48,16.49,16.43,16.47
1745236800,16.47,16.59,16.45,16.55
1745238600,16.56,16.66,16.51,16.6
1745240400,16.59,16.64,16.52,16.59
1745242200,16.59,16.8,16.58,16.78
1745244000,16.78,16.82,16.58,16.6
1745245800,16.59,16.73,16.46,16.67
1745247600,16.55,16.55,16.55,16.55
1745303400,16.76,16.76,16.76,16.76
1745305200,16.77,17.05,16.75,16.88
1745307000,16.88,17.31,16.87,17.19
1745308800,17.19,17.27,17.16,17.2
1745310600,17.2,17.26,17.13,17.13
1745312400,17.13,17.14,16.97,17.1
1745314200,17.11,17.11,17,17.03
1745316000,17.03,17.08,16.97,16.98
1745317800,16.99,17.05,16.98,17.01
1745319600,17.01,17.03,16.93,16.93
1745321400,16.93,16.95,16.8,16.84
1745323200,16.83,16.87,16.75,16.85
1745325000,16.84,16.87,16.77,16.8
1745326800,16.8,16.88,16.79,16.83
1745328600,16.83,16.88,16.77,16.8
1745330400,16.79,16.91,16.76,16.82
1745332200,16.82,16.89,16.8,16.85
1745334000,16.83,16.83,16.83,16.83
1745476200,16.92,16.92,16.92,16.92
1745478000,16.92,17.02,16.74,17.02
1745479800,17.03,17.21,17.02,17.07
1745481600,17.07,17.11,16.94,16.97
1745483400,16.96,16.99,16.83,16.84
1745485200,16.83,16.93,16.81,16.92
1745487000,16.91,17.04,16.9,16.96
1745488800,16.95,16.96,16.88,16.9
1745490600,16.91,17.01,16.89,16.94
1745492400,16.94,17,16.84,16.85
1745494200,16.85,16.93,16.73,16.86
1745496000,16.86,16.86,16.75,16.81
1745497800,16.81,17.05,16.8,17.03
1745499600,17.04,17.06,16.94,17.01
1745501400,17.01,17.14,17,17.05
1745503200,17.05,17.09,17.03,17.06
1745505000,17.06,17.13,17,17.03
1745506800,17.01,17.01,17.01,17.01
1745562600,17.07,17.07,17.07,17.07
1745564400,17.06,17.24,17.01,17.09
1745566200,17.09,17.24,17.05,17.23
1745568000,17.22,17.29,17.17,17.19
1745569800,17.19,17.26,17.18,17.22
1745571600,17.23,17.24,17.11,17.17
1745573400,17.16,17.19,17.12,17.17
1745575200,17.17,17.19,17.07,17.11
1745577000,17.1,17.13,17.05,17.08
1745578800,17.08,17.17,17.07,17.16
1745580600,17.15,17.16,17.02,17.03
1745582400,17.03,17.05,16.94,16.96
1745584200,16.96,17.01,16.92,16.93
1745586000,16.93,17,16.9,16.94
1745587800,16.95,17.01,16.9,16.99
1745589600,17,17.05,16.99,17.01
1745591400,17.01,17.04,16.94,16.95
1745593200,16.97,16.97,16.97,16.97
1745821800,16.97,16.97,16.97,16.97
1745823600,16.97,17.07,16.63,16.66
1745825400,16.67,16.81,16.65,16.78
1745827200,16.77,16.8,16.73,16.75
1745829000,16.75,16.79,16.73,16.77
1745830800,16.76,16.82,16.76,16.8
1745832600,16.8,16.84,16.75,16.78
1745834400,16.79,16.8,16.68,16.69
1745836200,16.69,16.71,16.59,16.61
1745838000,16.6,16.78,16.59,16.67
1745839800,16.66,16.86,16.64,16.77
1745841600,16.76,16.81,16.74,16.77
1745843400,16.77,16.79,16.68,16.69
1745845200,16.69,16.8,16.68,16.74
1745847000,16.74,16.8,16.69,16.78
1745848800,16.77,16.79,16.73,16.74
1745850600,16.73,16.84,16.66,16.67
1745852400,16.67,16.67,16.62,16.62
1745908200,16.56,16.56,16.56,16.56
1745910000,16.56,16.69,16.5,16.62
1745911800,16.62,16.63,16.49,16.51
1745913600,16.52,16.63,16.46,16.61
1745915400,16.61,16.78,16.57,16.73
1745917200,16.74,16.8,16.71,16.79
1745919000,16.78,16.78,16.59,16.6
1745920800,16.6,16.67,16.57,16.62
1745922600,16.62,16.66,16.57,16.64
1745924400,16.64,16.67,16.59,16.65
1745926200,16.64,16.67,16.61,16.61
1745928000,16.61,16.63,16.58,16.61
1745929800,16.61,16.65,16.56,16.61
1745931600,16.61,16.62,16.48,16.51
1745933400,16.51,16.55,16.46,16.47
1745935200,16.47,16.53,16.43,16.46
1745937000,16.45,16.64,16.45,16.59
1745938800,16.54,16.54,16.54,16.54
1745994600,16.56,16.56,16.56,16.56
1745996400,16.57,16.74,16.45,16.53
1745998200,16.53,16.54,16.46,16.47
1746000000,16.47,16.48,16.3,16.3
1746001800,16.3,16.32,16.22,16.27
1746003600,16.26,16.29,16.18,16.23
1746005400,16.22,16.26,16.2,16.23
1746007200,16.23,16.25,16.15,16.2
1746009000,16.2,16.24,16.15,16.22
1746010800,16.22,16.29,16.18,16.18
1746012600,16.18,16.28,16.16,16.27
1746014400,16.27,16.3,16.21,16.22
1746016200,16.22,16.24,16.15,16.17
1746018000,16.16,16.17,16.07,16.07
1746019800,16.08,16.09,15.93,15.97
1746021600,15.96,15.97,15.86,15.91
1746023400,15.91,15.98,15.8,15.92
1746025200,15.92,15.96,15.92,15.96
1746167400,16.03,16.03,16.03,16.03
1746169200,16.03,16.15,15.94,15.95
1746171000,15.95,16,15.92,15.92
1746172800,15.93,15.98,15.91,15.93
1746174600,15.93,15.95,15.89,15.9
1746176400,15.91,15.99,15.87,15.98
1746178200,15.98,16.05,15.97,16.03
1746180000,16.03,16.05,15.97,16
1746181800,16.01,16.01,15.96,15.97
1746183600,15.98,16.01,15.97,15.99
1746185400,15.98,16.01,15.94,15.95
1746187200,15.96,16.02,15.95,15.97
1746189000,15.97,16.03,15.96,16.02
1746190800,16.02,16.04,15.93,15.94
1746192600,15.93,15.96,15.92,15.95
1746194400,15.95,15.99,15.89,15.92
1746196200,15.92,15.98,15.89,15.93
1746198000,15.91,15.91,15.91,15.91
1746426600,15.98,15.98,15.98,15.98
1746428400,15.98,16.11,15.82,15.9
1746430200,15.88,16.04,15.83,15.98
1746432000,15.98,16.01,15.9,15.91
1746433800,15.91,15.91,15.83,15.86
1746435600,15.86,15.89,15.83,15.84
1746437400,15.83,15.89,15.83,15.84
1746439200,15.83,15.87,15.81,15.86
1746441000,15.86,15.86,15.8,15.85
1746442800,15.85,15.95,15.81,15.92
1746444600,15.92,15.98,15.91,15.94
1746446400,15.95,16,15.93,15.96
1746448200,15.97,15.97,15.91,15.95
1746450000,15.95,15.96,15.9,15.92
1746451800,15.9,15.91,15.84,15.89
1746453600,15.9,15.96,15.89,15.91
1746455400,15.9,15.92,15.87,15.9
1746457200,15.9,15.9,15.9,15.9
1746513000,15.9,15.9,15.9,15.9
1746514800,15.9,16.02,15.84,15.97
1746516600,15.98,16.06,15.95,16
1746518400,15.99,16.04,15.92,15.93
1746520200,15.94,15.99,15.9,15.99
1746522000,15.98,16,15.92,15.95
1746523800,15.95,15.98,15.94,15.96
1746525600,15.96,15.98,15.94,15.98
1746527400,15.97,16,15.95,15.96
1746529200,15.96,15.98,15.93,15.95
1746531000,15.95,15.99,15.92,15.94
1746532800,15.94,15.95,15.73,15.79
1746534600,15.79,15.84,15.79,15.84
1746536400,15.84,15.94,15.77,15.87
1746538200,15.86,15.88,15.76,15.77
1746540000,15.76,16.06,15.76,16.01
1746541800,16,16.03,15.89,15.89
1746543600,15.89,15.89,15.89,15.89
1746599400,15.89,15.89,15.89,15.89
1746601200,15.89,15.89,15.65,15.73
1746603000,15.73,15.83,15.7,15.73
1746604800,15.73,15.74,15.67,15.7
1746606600,15.7,15.74,15.66,15.68
1746608400,15.67,15.72,15.67,15.69
1746610200,15.69,15.7,15.64,15.66
1746612000,15.66,15.69,15.57,15.6
1746613800,15.6,15.62,15.51,15.55
1746615600,15.54,15.57,15.48,15.5
1746617400,15.51,15.51,15.43,15.46
1746619200,15.46,15.46,15.4,15.43
1746621000,15.43,15.44,15.4,15.41
1746622800,15.4,15.42,15.26,15.27
1746624600,15.27,15.29,15.13,15.14
1746626400,15.14,15.17,15.1,15.12
1746628200,15.11,15.17,15.07,15.09
1746630000,15.04,15.04,15.04,15.04
1746685800,15.04,15.04,15.04,15.04
1746687600,15.03,15.13,14.57,14.67
1746689400,14.67,14.8,14.65,14.78
1746691200,14.79,14.85,14.76,14.81
1746693000,14.82,14.95,14.79,14.92
1746694800,14.91,15.02,14.89,15.01
1746696600,15.01,15.01,14.86,14.87
1746698400,14.86,14.89,14.83,14.87
1746700200,14.87,14.88,14.81,14.85
1746702000,14.85,14.86,14.82,14.84
1746703800,14.83,14.88,14.82,14.88
1746705600,14.87,14.93,14.85,14.92
1746707400,14.92,14.99,14.83,14.83
1746709200,14.83,14.91,14.83,14.9
1746711000,14.89,14.92,14.84,14.85
1746712800,14.86,14.94,14.83,14.92
1746714600,14.91,14.95,14.86,14.9
1746716400,14.92,14.92,14.92,14.92
1746772200,14.97,14.97,14.97,14.97
1746774000,14.97,15.1,14.97,15
1746775800,15,15.27,14.99,15.18
1746777600,15.18,15.19,15.02,15.08
1746779400,15.08,15.08,14.98,15.03
1746781200,15.02,15.13,15.02,15.08
1746783000,15.09,15.13,15.04,15.12
1746784800,15.11,15.12,15.05,15.07
1746786600,15.07,15.12,15.05,15.05
1746788400,15.06,15.13,15.03,15.07
1746790200,15.06,15.16,15.05,15.13
1746792000,15.14,15.22,15.13,15.21
1746793800,15.21,15.23,15.15,15.18
1746795600,15.17,15.23,15.16,15.21
1746797400,15.21,15.24,15.15,15.16
1746799200,15.16,15.19,15.12,15.16
1746801000,15.16,15.22,15.1,15.18
1746802800,15.21,15.21,15.21,15.21
1747031400,16.08,16.08,16.08,16.08
1747033200,16.09,16.55,16.09,16.54
1747035000,16.53,16.73,16.53,16.72
1747036800,16.72,16.73,16.69,16.73
1747038600,16.73,16.73,16.73,16.73
1747040400,16.73,16.73,16.73,16.73
1747042200,16.73,16.73,16.73,16.73
1747044000,16.73,16.73,16.66,16.73
1747045800,16.73,16.73,16.73,16.73
1747047600,16.73,16.73,16.73,16.73
1747049400,16.73,16.73,16.73,16.73
1747051200,16.73,16.73,16.73,16.73
1747053000,16.73,16.73,16.73,16.73
1747054800,16.73,16.73,16.71,16.73
1747056600,16.73,16.73,16.73,16.73
1747058400,16.73,16.73,16.73,16.73
1747060200,16.73,16.73,16.73,16.73
1747062000,16.73,16.73,16.73,16.73
1747117800,17.5,17.5,17.5,17.5
1747119600,17.5,17.5,16.9,17.16
1747121400,17.16,17.28,17.12,17.21
1747123200,17.22,17.25,17.12,17.15
1747125000,17.15,17.17,16.82,16.85
1747126800,16.85,17,16.82,16.91
1747128600,16.91,17.09,16.87,17.03
1747130400,17.04,17.07,16.93,16.97
1747132200,16.96,16.96,16.85,16.87
1747134000,16.86,16.9,16.8,16.82
1747135800,16.81,16.89,16.76,16.83
1747137600,16.82,16.88,16.8,16.86
1747139400,16.86,16.94,16.85,16.86
1747141200,16.86,16.93,16.84,16.93
1747143000,16.93,16.94,16.86,16.9
1747144800,16.9,16.97,16.87,16.95
1747146600,16.95,16.97,16.83,16.83
1747148400,16.8,16.8,16.8,16.8
1747204200,16.8,16.8,16.8,16.8
1747206000,16.8,16.86,16.54,16.67
1747207800,16.67,16.76,16.56,16.6
1747209600,16.6,16.63,16.55,16.6
1747211400,16.59,16.6,16.44,16.46
1747213200,16.46,16.55,16.38,16.54
1747215000,16.53,16.76,16.52,16.64
1747216800,16.65,16.7,16.63,16.65
1747218600,16.65,17.2,16.63,17.05
1747220400,17.06,17.1,16.82,16.87
1747222200,16.87,16.98,16.87,16.93
1747224000,16.93,17.23,16.92,17.18
1747225800,17.17,17.54,17.13,17.33
1747227600,17.32,17.39,17.29,17.31
1747229400,17.3,17.32,17.15,17.23
1747231200,17.22,17.27,17.15,17.19
1747233000,17.18,17.2,16.99,17.08
1747234800,17.07,17.07,17.07,17.07
1747290600,16.8,16.8,16.8,16.8
1747292400,16.8,16.96,16.77,16.82
1747294200,16.81,16.84,16.66,16.82
1747296000,16.82,16.82,16.71,16.72
1747297800,16.72,16.77,16.68,16.77
1747299600,16.76,16.77,16.71,16.74
1747301400,16.74,16.74,16.63,16.64
1747303200,16.64,16.71,16.62,16.71
1747305000,16.7,16.86,16.62,16.66
1747306800,16.66,16.73,16.58,16.6
1747308600,16.59,16.62,16.54,16.6
1747310400,16.6,16.69,16.58,16.67
1747312200,16.68,16.72,16.61,16.61
1747314000,16.61,16.64,16.56,16.6
1747315800,16.62,16.63,16.42,16.43
1747317600,16.42,16.48,16.35,16.38
1747319400,16.39,16.43,16.32,16.34
1747321200,16.32,16.32,16.32,16.32
1747377000,16.22,16.22,16.22,16.22
1747378800,16.22,16.41,15.84,16.13
1747380600,16.13,16.14,16,16.03
1747382400,16.03,16.09,15.97,16.02
1747384200,16.02,16.11,15.97,16.01
1747386000,16.02,16.05,16,16.02
1747387800,16.01,16.04,15.99,16
1747389600,16,16.03,15.99,16.01
1747391400,16,16.01,15.97,15.99
1747393200,15.98,16,15.88,15.91
1747395000,15.91,15.96,15.87,15.94
1747396800,15.95,15.98,15.92,15.95
1747398600,15.94,15.99,15.86,15.94
1747400400,15.94,16.14,15.94,16.07
1747402200,16.06,16.37,16.06,16.13
1747404000,16.13,16.33,16.11,16.26
1747405800,16.26,16.33,16.19,16.23
1747407600,16.22,16.22,16.22,16.22
1747722600,16.58,16.58,16.58,16.58
1747724400,16.58,16.64,16.22,16.23
1747726200,16.22,16.24,16.09,16.16
1747728000,16.16,16.2,16.08,16.15
1747729800,16.14,16.16,16.11,16.14
1747731600,16.13,16.15,16.02,16.03
1747733400,16.02,16.08,16.02,16.04
1747735200,16.03,16.07,16.03,16.05
1747737000,16.05,16.05,16,16.03
1747738800,16.02,16.05,16,16.02
1747740600,16.03,16.04,16,16.01
1747742400,16.01,16.05,15.98,16.03
1747744200,16.04,16.09,15.99,16.06
1747746000,16.06,16.07,16.01,16.01
1747747800,16.01,16.02,15.96,15.96
1747749600,15.97,15.97,15.85,15.88
1747751400,15.87,15.88,15.8,15.82
1747753200,15.77,15.77,15.77,15.77
1747809000,15.7,15.7,15.7,15.7
1747810800,15.7,15.73,15.52,15.53
1747812600,15.52,15.59,15.52,15.57
1747814400,15.57,15.64,15.56,15.58
1747816200,15.58,15.6,15.54,15.58
1747818000,15.59,15.59,15.5,15.52
1747819800,15.52,15.55,15.51,15.52
1747821600,15.51,15.53,15.47,15.47
1747823400,15.47,15.5,15.44,15.5
1747825200,15.5,15.51,15.48,15.5
1747827000,15.51,15.56,15.49,15.53
1747828800,15.54,15.55,15.49,15.5
1747830600,15.51,15.55,15.49,15.51
1747832400,15.5,15.54,15.48,15.49
1747834200,15.49,15.52,15.46,15.47
1747836000,15.48,15.49,15.39,15.41
1747837800,15.4,15.41,15.34,15.35
1747839600,15.34,15.34,15.34,15.34
1747895400,15.44,15.44,15.44,15.44
1747897200,15.45,15.49,15.3,15.33
1747899000,15.34,15.37,15.28,15.29
1747900800,15.29,15.32,15.23,15.26
1747902600,15.26,15.32,15.23,15.27
1747904400,15.27,15.28,15.24,15.25
1747906200,15.25,15.26,15.21,15.22
1747908000,15.22,15.24,15.2,15.22
1747909800,15.22,15.22,15.17,15.2
1747911600,15.21,15.23,15.19,15.22
1747913400,15.22,15.3,15.2,15.2
1747915200,15.22,15.25,15.19,15.21
1747917000,15.22,15.28,15.21,15.26
1747918800,15.27,15.37,15.26,15.33
1747920600,15.34,15.36,15.3,15.33
1747922400,15.33,15.4,15.29,15.3
1747924200,15.3,15.37,15.28,15.3
1747926000,15.29,15.29,15.29,15.29
1747981800,15.28,15.28,15.28,15.28
1747983600,15.27,15.3,15.12,15.14
1747985400,15.13,15.29,15.12,15.2
1747987200,15.2,15.25,15.2,15.23
1747989000,15.23,15.3,15.23,15.29
1747990800,15.29,15.3,15.21,15.25
1747992600,15.25,15.42,15.24,15.39
1747994400,15.39,15.45,15.35,15.44
1747996200,15.45,15.47,15.35,15.38
1747998000,15.38,15.39,15.34,15.37
1747999800,15.36,15.37,15.19,15.2
1748001600,15.2,15.22,15.16,15.2
1748003400,15.2,15.21,15.14,15.19
1748005200,15.19,15.23,15.13,15.19
1748007000,15.19,15.21,15.13,15.15
1748008800,15.14,15.18,15.11,15.16
1748010600,15.15,15.2,15.08,15.11
1748012400,15.08,15.08,15.08,15.08
1748241000,15.15,15.15,15.15,15.15
1748242800,15.14,15.2,15.06,15.06
1748244600,15.06,15.2,15.06,15.1
1748246400,15.1,15.1,15.01,15.04
1748248200,15.03,15.09,15.03,15.07
1748250000,15.06,15.13,15.04,15.12
1748251800,15.12,15.15,15.11,15.13
1748253600,15.14,15.15,15.11,15.12
1748255400,15.13,15.14,15.11,15.13
1748257200,15.12,15.13,15.07,15.08
1748259000,15.09,15.15,15.05,15.13
1748260800,15.12,15.13,15.08,15.1
1748262600,15.1,15.15,15.08,15.15
1748264400,15.14,15.24,15.13,15.18
1748266200,15.18,15.23,15.14,15.2
1748268000,15.19,15.27,15.18,15.24
1748269800,15.24,15.25,15.16,15.24
1748271600,15.23,15.23,15.23,15.23
1748327400,15.11,15.11,15.11,15.11
1748329200,15.11,15.15,14.98,15.01
1748331000,15.01,15.05,14.94,14.98
1748332800,14.98,14.99,14.88,14.89
1748334600,14.88,14.93,14.82,14.9
1748336400,14.9,14.92,14.87,14.87
1748338200,14.87,14.9,14.84,14.85
1748340000,14.86,14.9,14.85,14.88
1748341800,14.89,14.91,14.8,14.83
1748343600,14.84,14.86,14.81,14.84
1748345400,14.84,14.85,14.76,14.76
1748347200,14.76,14.8,14.75,14.77
1748349000,14.77,14.78,14.72,14.75
1748350800,14.75,14.78,14.74,14.77
1748352600,14.76,14.77,14.72,14.75
1748354400,14.75,14.8,14.73,14.77
1748356200,14.77,14.78,14.71,14.73
1748358000,14.72,14.72,14.72,14.72
1748413800,14.72,14.72,14.72,14.72
1748415600,14.72,14.8,14.63,14.67
1748417400,14.66,14.75,14.66,14.71
1748419200,14.71,14.73,14.64,14.69
1748421000,14.69,14.76,14.69,14.72
1748422800,14.72,14.8,14.67,14.67
1748424600,14.68,14.69,14.64,14.68
1748426400,14.68,14.71,14.67,14.68
1748428200,14.69,14.71,14.67,14.71
1748430000,14.71,14.71,14.67,14.69
1748431800,14.7,14.7,14.65,14.67
1748433600,14.68,14.69,14.6,14.64
1748435400,14.63,14.73,14.59,14.62
1748437200,14.61,14.65,14.56,14.57
1748439000,14.58,14.6,14.47,14.48
1748440800,14.48,14.5,14.31,14.46
1748442600,14.45,14.55,14.41,14.5
1748444400,14.54,14.54,14.54,14.54
1748500200,14.67,14.67,14.67,14.67
1748502000,14.67,14.74,14.56,14.59
1748503800,14.59,14.68,14.57,14.6
1748505600,14.6,14.65,14.58,14.64
1748507400,14.63,14.68,14.59,14.66
1748509200,14.65,14.67,14.63,14.67
1748511000,14.66,14.77,14.64,14.74
1748512800,14.75,14.76,14.69,14.72
1748514600,14.72,14.73,14.65,14.68
1748516400,14.69,14.7,14.66,14.68
1748518200,14.67,14.7,14.62,14.63
1748520000,14.62,14.67,14.61,14.66
1748521800,14.66,14.68,14.64,14.67
1748523600,14.67,14.73,14.66,14.67
1748525400,14.66,14.67,14.52,14.57
1748527200,14.57,14.63,14.53,14.61
1748529000,14.61,14.66,14.55,14.58
1748530800,14.53,14.53,14.53,14.53
1748586600,14.53,14.53,14.53,14.53
1748588400,14.53,14.56,14.35,14.37
1748590200,14.36,14.37,14.15,14.18
1748592000,14.18,14.24,14.17,14.21
1748593800,14.21,14.22,14.17,14.19
1748595600,14.19,14.21,14.1,14.19
1748597400,14.19,14.21,14.16,14.18
1748599200,14.17,14.29,14.16,14.2
1748601000,14.2,14.22,14.16,14.17
1748602800,14.17,14.19,14.14,14.14
1748604600,14.14,14.17,14.1,14.17
1748606400,14.17,14.17,14.04,14.05
1748608200,14.04,14.12,14.02,14.1
1748610000,14.1,14.12,14.06,14.08
1748611800,14.08,14.08,14,14.02
1748613600,14.02,14.05,13.99,14
1748615400,14,14,13.9,13.91
1748617200,13.93,13.93,13.93,13.93
1748845800,13.9,13.9,13.9,13.9
1748847600,13.89,13.93,13.73,13.75
1748849400,13.74,13.81,13.71,13.76
1748851200,13.75,13.79,13.73,13.77
1748853000,13.77,13.81,13.75,13.77
1748854800,13.77,13.83,13.76,13.81
1748856600,13.81,13.84,13.77,13.79
1748858400,13.8,13.83,13.74,13.75
1748860200,13.75,13.77,13.73,13.73
1748862000,13.73,13.8,13.73,13.74
1748863800,13.73,13.87,13.7,13.82
1748865600,13.81,14.02,13.81,13.93
1748867400,13.94,13.95,13.88,13.9
1748869200,13.89,13.9,13.75,13.81
1748871000,13.82,13.84,13.7,13.72
1748872800,13.72,13.8,13.7,13.79
1748874600,13.79,13.79,13.71,13.74
1748876400,13.71,13.71,13.71,13.71
1748932200,13.84,13.84,13.84,13.84
1748934000,13.84,13.97,13.81,13.85
1748935800,13.85,13.88,13.78,13.86
1748937600,13.86,13.9,13.85,13.87
1748939400,13.87,13.9,13.84,13.86
1748941200,13.87,13.91,13.85,13.88
1748943000,13.89,13.9,13.86,13.87
1748944800,13.86,13.91,13.86,13.9
1748946600,13.89,13.9,13.87,13.89
1748948400,13.89,13.98,13.89,13.97
1748950200,13.98,14.08,13.97,14.03
1748952000,14.03,14.07,14.01,14.02
1748953800,14.02,14.03,13.97,13.98
1748955600,13.98,13.99,13.95,13.95
1748957400,13.96,13.97,13.89,13.91
1748959200,13.91,13.99,13.88,13.96
1748961000,13.96,14.03,13.95,13.99
1748962800,13.99,13.99,13.99,13.99
1749018600,14,14,14,14
1749020400,14,14.02,13.9,13.95
1749022200,13.96,14.12,13.95,14.1
1749024000,14.1,14.17,14.08,14.15
1749025800,14.16,14.22,14.14,14.18
1749027600,14.18,14.2,14.12,14.13
1749029400,14.13,14.2,14.12,14.19
1749031200,14.19,14.2,14.14,14.18
1749033000,14.18,14.25,14.18,14.22
1749034800,14.23,14.3,14.21,14.3
1749036600,14.29,14.32,14.28,14.31
1749038400,14.31,14.34,14.27,14.29
1749040200,14.29,14.32,14.27,14.29
1749042000,14.29,14.34,14.28,14.31
1749043800,14.32,14.35,14.31,14.34
1749045600,14.34,14.37,14.3,14.36
1749047400,14.36,14.42,14.35,14.4
1749049200,14.36,14.36,14.36,14.36
1749105000,14.29,14.29,14.29,14.29
1749106800,14.29,14.38,14.23,14.25
1749108600,14.25,14.31,14.17,14.25
1749110400,14.25,14.27,14.2,14.22
1749112200,14.22,14.38,14.11,14.36
1749114000,14.36,14.43,14.36,14.4
1749115800,14.38,14.38,14.38,14.38
1749537000,14.47,14.47,14.47,14.47
1749538800,14.48,14.65,14.47,14.63
1749540600,14.63,14.66,14.53,14.54
1749542400,14.54,14.62,14.53,14.57
1749544200,14.57,14.63,14.56,14.59
1749546000,14.59,14.67,14.55,14.59
1749547800,14.6,14.65,14.56,14.63
1749549600,14.64,14.68,14.6,14.62
1749551400,14.62,14.65,14.61,14.62
1749553200,14.62,14.63,14.6,14.62
1749555000,14.62,14.76,14.59,14.72
1749556800,14.72,14.74,14.69,14.72
1749558600,14.71,14.77,14.71,14.77
1749560400,14.77,14.77,14.71,14.74
1749562200,14.73,14.79,14.72,14.74
1749564000,14.74,14.82,14.72,14.78
1749565800,14.78,14.84,14.76,14.8
1749567600,14.8,14.81,14.8,14.81
1749623400,14.7,14.7,14.7,14.7
1749625200,14.7,14.72,14.59,14.71
1749627000,14.7,14.72,14.63,14.66
1749628800,14.66,14.67,14.58,14.64
1749630600,14.64,14.65,14.61,14.65
1749632400,14.65,14.67,14.62,14.66
1749634200,14.65,14.67,14.63,14.64
1749636000,14.63,14.66,14.63,14.66
1749637800,14.66,14.72,14.65,14.68
1749639600,14.67,14.68,14.64,14.67
1749641400,14.67,14.69,14.64,14.65
1749643200,14.66,14.68,14.59,14.64
1749645000,14.63,14.67,14.62,14.64
1749646800,14.63,14.67,14.62,14.65
1749648600,14.64,14.65,14.58,14.64
1749650400,14.64,14.67,14.61,14.62
1749652200,14.62,14.63,14.59,14.61
1749654000,14.59,14.59,14.59,14.59
1749709800,14.55,14.55,14.55,14.55
1749711600,14.54,14.54,14.41,14.49
1749713400,14.48,14.49,14.39,14.48
1749715200,14.47,14.47,14.36,14.38
1749717000,14.37,14.38,14.24,14.29
1749718800,14.29,14.29,14.23,14.25
1749720600,14.25,14.25,14.19,14.23
1749722400,14.23,14.24,14.19,14.22
1749724200,14.22,14.26,14.21,14.23
1749726000,14.23,14.23,14.17,14.19
1749727800,14.18,14.2,14.15,14.17
1749729600,14.16,14.19,14.13,14.18
1749731400,14.18,14.23,14.15,14.19
1749733200,14.2,14.23,14.16,14.18
1749735000,14.17,14.24,14.16,14.2
1749736800,14.19,14.21,14.17,14.18
1749738600,14.18,14.26,14.17,14.21
1749740400,14.17,14.17,14.17,14.17
1749796200,13.71,13.71,13.71,13.71
1749798000,13.7,13.7,13.42,13.65
1749799800,13.66,13.74,13.65,13.73
1749801600,13.73,13.74,13.68,13.69
1749803400,13.7,13.78,13.68,13.75
1749805200,13.76,13.76,13.68,13.71
1749807000,13.71,13.74,13.69,13.7
1749808800,13.71,13.74,13.66,13.69
1749810600,13.68,13.71,13.66,13.67
1749812400,13.68,13.69,13.59,13.64
1749814200,13.64,13.64,13.54,13.57
1749816000,13.58,13.59,13.55,13.57
1749817800,13.56,13.61,13.54,13.58
1749819600,13.58,13.66,13.56,13.62
1749821400,13.62,13.68,13.58,13.6
1749823200,13.6,13.68,13.58,13.65
1749825000,13.64,13.83,13.64,13.83
1749826800,13.85,13.85,13.85,13.85
1750055400,13.89,13.89,13.89,13.89
1750057200,13.9,14.08,13.76,13.84
1750059000,13.84,13.87,13.73,13.83
1750060800,13.82,13.89,13.81,13.87
1750062600,13.86,13.94,13.85,13.89
1750064400,13.9,13.93,13.86,13.89
1750066200,13.9,13.96,13.87,13.93
1750068000,13.93,13.96,13.92,13.95
1750069800,13.94,13.96,13.92,13.95
1750071600,13.95,13.97,13.9,13.93
1750073400,13.92,14.01,13.9,13.98
1750075200,13.98,14.04,13.95,13.96
1750077000,13.95,14,13.88,13.9
1750078800,13.9,13.98,13.88,13.98
1750080600,13.97,14.07,13.92,14.06
1750082400,14.06,14.15,14.02,14.12
1750084200,14.13,14.13,14.04,14.05
1750086000,14.05,14.05,14.05,14.05
1750141800,14.05,14.05,14.05,14.05
1750143600,14.04,14.07,13.92,13.93
1750145400,13.93,13.98,13.91,13.96
1750147200,13.96,13.97,13.88,13.93
1750149000,13.92,13.93,13.8,13.82
1750150800,13.82,13.82,13.76,13.78
1750152600,13.77,13.78,13.62,13.7
1750154400,13.7,13.71,13.6,13.63
1750156200,13.64,13.65,13.57,13.61
1750158000,13.61,13.66,13.58,13.63
1750159800,13.63,13.65,13.6,13.62
1750161600,13.62,13.63,13.58,13.6
1750163400,13.6,13.6,13.57,13.59
1750165200,13.59,13.62,13.58,13.61
1750167000,13.61,13.64,13.59,13.61
1750168800,13.61,13.62,13.59,13.6
1750170600,13.59,13.67,13.58,13.63
1750172400,13.6,13.6,13.6,13.6
1750228200,13.52,13.52,13.52,13.52
1750230000,13.53,13.65,13.52,13.58
1750231800,13.58,13.59,13.53,13.58
1750233600,13.58,13.59,13.5,13.55
1750235400,13.55,13.58,13.5,13.55
1750237200,13.56,13.72,13.56,13.69
1750239000,13.7,13.76,13.68,13.68
1750240800,13.68,13.69,13.57,13.6
1750242600,13.6,13.69,13.6,13.69
1750244400,13.68,13.7,13.64,13.66
1750246200,13.66,13.7,13.65,13.66
1750248000,13.66,13.72,13.64,13.71
1750249800,13.72,13.72,13.64,13.65
1750251600,13.65,13.68,13.61,13.64
1750253400,13.63,13.64,13.55,13.57
1750255200,13.58,13.66,13.57,13.62
1750257000,13.61,13.65,13.57,13.63
1750258800,13.59,13.59,13.59,13.59
1750314600,13.64,13.64,13.64,13.64
1750316400,13.65,13.78,13.64,13.74
1750318200,13.74,13.87,13.74,13.85
1750320000,13.85,13.97,13.82,13.92
1750321800,13.92,13.94,13.89,13.89
1750323600,13.9,13.96,13.89,13.93
1750325400,13.93,13.95,13.92,13.94
1750327200,13.94,13.96,13.89,13.93
1750329000,13.93,13.93,13.87,13.88
1750330800,13.87,13.88,13.75,13.76
1750332600,13.76,13.8,13.73,13.78
1750334400,13.78,13.85,13.75,13.85
1750336200,13.84,13.85,13.77,13.77
1750338000,13.77,13.82,13.77,13.81
1750339800,13.81,13.87,13.76,13.8
1750341600,13.8,13.84,13.73,13.81
1750343400,13.81,13.84,13.75,13.77
1750345200,13.74,13.74,13.74,13.74
1750401000,13.94,13.94,13.94,13.94
1750402800,13.93,14.01,13.83,13.9
1750404600,13.9,13.95,13.84,13.87
1750406400,13.87,13.9,13.81,13.84
1750408200,13.84,13.93,13.7,13.74
1750410000,13.74,13.79,13.7,13.75
1750411800,13.74,13.75,13.69,13.72
1750413600,13.73,13.74,13.67,13.71
1750415400,13.7,13.71,13.66,13.67
1750417200,13.68,13.69,13.66,13.67
1750419000,13.67,13.72,13.64,13.69
1750420800,13.69,13.7,13.65,13.68
1750422600,13.68,13.7,13.63,13.65
1750424400,13.64,13.65,13.51,13.53
1750426200,13.52,13.57,13.46,13.46
1750428000,13.47,13.53,13.44,13.47
1750429800,13.47,13.54,13.46,13.48
1750431600,13.46,13.46,13.46,13.46
1750660200,13.4,13.4,13.4,13.4
1750662000,13.4,13.41,13.28,13.29
1750663800,13.29,13.31,13.25,13.28
1750665600,13.28,13.35,13.27,13.32
1750667400,13.33,13.38,13.32,13.38
1750669200,13.39,13.43,13.37,13.38
1750671000,13.39,13.4,13.34,13.36
1750672800,13.36,13.37,13.33,13.35
1750674600,13.36,13.42,13.34,13.39
1750676400,13.39,13.4,13.32,13.35
1750678200,13.35,13.37,13.33,13.36
1750680000,13.35,13.37,13.29,13.35
1750681800,13.35,13.36,13.31,13.35
1750683600,13.35,13.35,13.28,13.3
1750685400,13.31,13.32,13.27,13.28
1750687200,13.28,13.3,13.26,13.29
1750689000,13.28,13.3,13.26,13.28
1750690800,13.27,13.27,13.27,13.27
1750746600,13.7,13.7,13.7,13.7
1750748400,13.7,13.82,13.66,13.72
1750750200,13.72,13.75,13.61,13.65
1750752000,13.65,13.69,13.64,13.68
1750753800,13.68,13.69,13.64,13.68
1750755600,13.68,13.72,13.66,13.71
1750757400,13.7,13.84,13.7,13.78
1750759200,13.78,13.8,13.77,13.77
1750761000,13.77,13.79,13.68,13.69
1750762800,13.69,13.72,13.68,13.71
1750764600,13.72,13.84,13.71,13.79
1750766400,13.78,13.82,13.75,13.76
1750768200,13.76,13.83,13.74,13.8
1750770000,13.79,13.86,13.78,13.85
1750771800,13.84,13.93,13.84,13.91
1750773600,13.91,13.92,13.86,13.87
1750775400,13.87,13.9,13.8,13.89
1750777200,13.84,13.84,13.84,13.84
1750833000,13.9,13.9,13.9,13.9
1750834800,13.9,13.98,13.84,13.94
1750836600,13.93,14.03,13.92,13.99
1750838400,13.99,14,13.91,13.96
1750840200,13.97,13.97,13.89,13.91
1750842000,13.91,13.97,13.91,13.92
1750843800,13.92,13.96,13.91,13.95
1750845600,13.95,13.95,13.91,13.94
1750847400,13.94,13.96,13.93,13.95
1750849200,13.95,13.95,13.93,13.94
1750851000,13.94,13.95,13.9,13.92
1750852800,13.92,13.94,13.83,13.91
1750854600,13.91,13.94,13.9,13.93
1750856400,13.93,14.02,13.92,13.98
1750858200,13.97,13.99,13.88,13.89
1750860000,13.89,13.91,13.88,13.89
1750861800,13.89,13.97,13.89,13.93
1750863600,13.93,13.93,13.93,13.93
1750919400,13.85,13.85,13.85,13.85
1750921200,13.86,14.69,13.86,14.19
1750923000,14.19,14.32,14.19,14.31
1750924800,14.31,14.31,14.21,14.22
1750926600,14.23,14.34,14.22,14.24
1750928400,14.24,14.26,14.13,14.17
1750930200,14.17,14.21,14.14,14.2
1750932000,14.2,14.28,14.18,14.27
1750933800,14.27,14.32,14.18,14.2
1750935600,14.2,14.28,14.2,14.23
1750937400,14.22,14.33,14.19,14.31
1750939200,14.31,14.34,14.28,14.33
1750941000,14.34,14.42,14.25,14.27
1750942800,14.25,14.27,14.11,14.15
1750944600,14.15,14.3,14.03,14.29
1750946400,14.29,14.33,14.17,14.18
1750948200,14.18,14.23,14.08,14.09
1750950000,14.11,14.11,14.11,14.11
1751005800,14.25,14.25,14.25,14.25
1751007600,14.26,14.51,14.04,14.09
1751009400,14.08,14.11,14.03,14.05
1751011200,14.06,14.09,13.92,13.95
1751013000,13.95,13.99,13.93,13.95
1751014800,13.96,13.96,13.89,13.92
1751016600,13.92,13.94,13.9,13.92
1751018400,13.92,13.93,13.88,13.89
1751020200,13.9,14,13.89,14
1751022000,13.99,14.03,13.93,14.03
1751023800,14.03,14.14,14,14.02
1751025600,14.01,14.02,13.93,13.99
1751027400,13.99,14.04,13.96,14.01
1751029200,14.01,14.01,13.97,13.99
1751031000,14,14.15,13.99,14.09
1751032800,14.09,14.14,14.03,14.09
1751034600,14.09,14.35,14.08,14.15
1751036400,14.15,14.15,14.15,14.15
1751265000,14.17,14.17,14.17,14.17
1751266800,14.18,14.23,14.12,14.13
1751268600,14.14,14.18,14.11,14.15
1751270400,14.14,14.3,14.13,14.29
1751272200,14.29,14.49,14.25,14.45
1751274000,14.46,14.61,14.43,14.59
1751275800,14.58,14.72,14.56,14.71
1751277600,14.7,14.76,14.68,14.75
1751279400,14.75,14.89,14.75,14.79
1751281200,14.8,14.83,14.73,14.75
1751283000,14.74,14.8,14.72,14.78
1751284800,14.77,14.79,14.5,14.69
1751286600,14.69,14.76,14.65,14.74
1751288400,14.74,14.82,14.73,14.81
1751290200,14.82,14.83,14.72,14.81
1751292000,14.8,15,14.77,14.99
1751293800,14.98,15,14.81,14.92
1751295600,14.91,14.97,14.91,14.97
1751351400,14.97,14.97,14.97,14.97
1751353200,14.98,15.09,14.75,15.01
1751355000,15,15.11,14.99,15.06
1751356800,15.07,15.22,15.01,15.03
1751358600,15.03,15.06,14.93,14.94
1751360400,14.93,15.11,14.93,15.04
1751362200,15.04,15.12,15.01,15.12
1751364000,15.11,15.13,15.07,15.09
1751365800,15.09,15.09,15.02,15.02
1751367600,15.03,15.06,15,15.05
1751369400,15.05,15.08,15.02,15.03
1751371200,15.03,15.05,14.97,15.04
1751373000,15.04,15.08,15.02,15.04
1751374800,15.04,15.06,15.02,15.04
1751376600,15.03,15.22,15.03,15.18
1751378400,15.18,15.36,15.15,15.35
1751380200,15.34,15.39,15.26,15.32
1751382000,15.36,15.36,15.36,15.36
1751437800,15.43,15.43,15.43,15.43
1751439600,15.43,15.49,15.32,15.46
1751441400,15.45,15.78,15.45,15.6
1751443200,15.6,15.75,15.58,15.74
1751445000,15.75,15.81,15.64,15.7
1751446800,15.7,15.78,15.68,15.74
1751448600,15.74,15.78,15.6,15.66
1751450400,15.65,15.7,15.65,15.69
1751452200,15.7,15.73,15.65,15.66
1751454000,15.66,15.78,15.64,15.71
1751455800,15.71,15.74,15.64,15.64
1751457600,15.65,15.68,15.61,15.66
1751459400,15.65,15.68,15.58,15.63
1751461200,15.64,15.64,15.35,15.48
1751463000,15.48,15.5,15.33,15.4
1751464800,15.41,15.48,15.35,15.36
1751466600,15.37,15.37,15.28,15.31
1751468400,15.32,15.32,15.32,15.32
1751524200,15.47,15.47,15.47,15.47
1751526000,15.48,15.68,15.4,15.48
1751527800,15.48,15.59,15.48,15.54
1751529600,15.54,15.6,15.43,15.46
1751531400,15.45,15.53,15.37,15.42
1751533200,15.42,15.52,15.41,15.48
1751535000,15.48,15.66,15.48,15.66
1751536800,15.66,16.15,15.65,16.12
1751538600,16.12,16.24,16.04,16.09
1751540400,16.09,16.16,16.07,16.15
1751542200,16.15,16.33,16.14,16.27
1751544000,16.27,16.28,16.18,16.19
1751545800,16.19,16.23,16.12,16.18
1751547600,16.19,16.21,16.08,16.12
1751549400,16.13,16.15,16.08,16.09
1751551200,16.1,16.16,16.01,16.04
1751553000,16.04,16.05,15.96,16.05
1751554800,16.05,16.08,16.05,16.08
1751610600,16.05,16.05,16.05,16.05
1751612400,16.04,16.1,15.78,15.99
1751614200,15.99,16,15.88,15.94
1751616000,15.94,15.98,15.91,15.93
1751617800,15.93,15.95,15.85,15.92
1751619600,15.93,16,15.92,15.96
1751621400,15.97,15.99,15.94,15.97
1751623200,15.97,16.05,15.92,15.93
1751625000,15.92,15.95,15.91,15.92
1751626800,15.93,15.93,15.83,15.85
1751628600,15.84,15.87,15.82,15.85
1751630400,15.85,15.89,15.8,15.85
1751632200,15.84,15.88,15.77,15.86
1751634000,15.87,16.01,15.85,15.98
1751635800,15.99,16.04,15.93,16.02
1751637600,16.03,16.17,16.02,16.09
1751639400,16.08,16.12,15.96,16.04
1751641200,16.08,16.08,16.08,16.08
1751869800,15.82,15.82,15.82,15.82
1751871600,15.82,15.89,15.68,15.81
1751873400,15.81,15.82,15.68,15.7
1751875200,15.7,15.83,15.64,15.65
1751877000,15.65,15.66,15.51,15.52
1751878800,15.53,15.53,15.45,15.46
1751880600,15.46,15.58,15.44,15.57
1751882400,15.57,15.57,15.52,15.55
1751884200,15.55,15.6,15.54,15.6
1751886000,15.6,15.6,15.56,15.56
1751887800,15.56,15.58,15.55,15.57
1751889600,15.57,15.6,15.54,15.55
1751891400,15.55,15.61,15.53,15.57
1751893200,15.57,15.64,15.55,15.62
1751895000,15.63,15.66,15.53,15.54
1751896800,15.54,15.56,15.49,15.53
1751898600,15.53,15.53,15.43,15.46
1751900400,15.52,15.52,15.52,15.52
1751956200,15.62,15.62,15.62,15.62
1751958000,15.62,15.65,15.46,15.5
1751959800,15.5,15.53,15.44,15.52
1751961600,15.53,15.58,15.49,15.52
1751963400,15.52,15.53,15.47,15.53
1751965200,15.53,15.53,15.4,15.44
1751967000,15.43,15.44,15.31,15.32
1751968800,15.32,15.33,15.17,15.21
1751970600,15.2,15.2,15.12,15.17
1751972400,15.18,15.2,15.11,15.15
1751974200,15.15,15.2,15.11,15.17
1751976000,15.17,15.18,15.09,15.13
1751977800,15.13,15.22,15.11,15.17
1751979600,15.18,15.2,15.14,15.17
1751981400,15.17,15.29,15.14,15.22
1751983200,15.21,15.27,15.17,15.17
1751985000,15.17,15.27,15.17,15.23
1751986800,15.19,15.19,15.19,15.19
1752042600,15.2,15.2,15.2,15.2
1752044400,15.21,15.28,15.1,15.21
1752046200,15.21,15.3,15.2,15.27
1752048000,15.28,15.34,15.25,15.28
1752049800,15.28,15.29,15.21,15.23
1752051600,15.23,15.26,15.2,15.26
1752053400,15.26,15.38,15.21,15.37
1752055200,15.37,15.42,15.36,15.4
1752057000,15.41,15.48,15.39,15.48
1752058800,15.47,15.54,15.45,15.52
1752060600,15.51,15.69,15.51,15.63
1752062400,15.63,15.7,15.58,15.65
1752064200,15.66,15.66,15.57,15.58
1752066000,15.58,15.61,15.5,15.58
1752067800,15.58,15.58,15.45,15.52
1752069600,15.51,15.6,15.5,15.56
1752071400,15.56,15.59,15.52,15.58
1752073200,15.62,15.62,15.62,15.62
1752129000,15.72,15.72,15.72,15.72
1752130800,15.72,15.88,15.69,15.74
1752132600,15.74,15.79,15.36,15.79
1752134400,15.79,15.82,15.66,15.73
1752136200,15.74,15.82,15.7,15.78
1752138000,15.78,15.8,15.75,15.78
1752139800,15.78,15.84,15.75,15.83
1752141600,15.83,15.96,15.82,15.92
1752143400,15.92,15.93,15.86,15.89
1752145200,15.89,15.96,15.86,15.93
1752147000,15.93,16.11,15.9,15.96
1752148800,15.95,15.98,15.85,15.88
1752150600,15.89,15.9,15.82,15.84
1752152400,15.85,15.87,15.82,15.85
1752154200,15.85,15.92,15.83,15.89
1752156000,15.88,15.91,15.85,15.85
1752157800,15.85,15.87,15.8,15.83
1752159600,15.82,15.82,15.82,15.82
1752215400,15.95,15.95,15.95,15.95
1752217200,15.96,16.12,15.95,16.04
1752219000,16.03,16.08,15.91,15.92
1752220800,15.92,15.96,15.88,15.9
1752222600,15.9,15.91,15.84,15.86
1752224400,15.87,15.87,15.76,15.78
1752226200,15.79,15.86,15.78,15.84
1752228000,15.84,15.86,15.82,15.83
1752229800,15.83,15.83,15.76,15.79
1752231600,15.78,15.8,15.65,15.67
1752233400,15.66,15.68,15.55,15.58
1752235200,15.58,15.72,15.57,15.71
1752237000,15.71,15.77,15.69,15.73
1752238800,15.74,15.77,15.69,15.72
1752240600,15.73,15.73,15.67,15.71
1752242400,15.72,15.82,15.71,15.72
1752244200,15.71,15.74,15.63,15.69
1752246000,15.69,15.69,15.69,15.69
1752474600,15.69,15.69,15.69,15.69
1752476400,15.69,15.72,15.42,15.47
1752478200,15.46,15.5,15.34,15.38
1752480000,15.37,15.39,15.29,15.32
1752481800,15.31,15.42,15.29,15.36
1752483600,15.36,15.38,15.32,15.33
1752485400,15.33,15.37,15.33,15.34
1752487200,15.34,15.36,15.32,15.32
1752489000,15.32,15.35,15.28,15.29
1752490800,15.29,15.34,15.28,15.32
1752492600,15.32,15.35,15.31,15.33
1752494400,15.34,15.35,15.3,15.31
1752496200,15.3,15.32,15.27,15.27
1752498000,15.27,15.3,15.25,15.29
1752499800,15.29,15.29,15.2,15.24
1752501600,15.24,15.25,15.2,15.22
1752503400,15.22,15.28,15.19,15.22
1752505200,15.2,15.2,15.2,15.2
1752647400,15.2,15.2,15.2,15.2
1752649200,15.19,15.29,15.05,15.27
1752651000,15.27,15.4,15.22,15.36
1752652800,15.37,15.39,15.28,15.34
1752654600,15.34,15.36,15.29,15.31
1752656400,15.32,15.33,15.29,15.3
1752658200,15.3,15.32,15.28,15.3
1752660000,15.3,15.33,15.25,15.27
1752661800,15.27,15.28,15.22,15.22
1752663600,15.23,15.23,15.17,15.18
1752665400,15.18,15.19,15.06,15.09
1752667200,15.08,15.09,15.01,15.08
1752669000,15.09,15.1,14.82,14.85
1752670800,14.85,14.86,14.61,14.74
1752672600,14.73,14.77,14.66,14.69
1752674400,14.7,14.76,14.64,14.75
1752676200,14.76,14.87,14.71,14.77
1752678000,14.76,14.76,14.76,14.76
1752733800,14.9,14.9,14.9,14.9
1752735600,14.9,14.99,14.87,14.95
1752737400,14.96,15.03,14.91,15.01
1752739200,15.02,15.09,15.01,15.07
1752741000,15.07,15.22,15.06,15.17
1752742800,15.17,15.25,15.06,15.08
1752744600,15.07,15.16,15.04,15.15
1752746400,15.15,15.15,15.06,15.09
1752748200,15.08,15.15,15.07,15.12
1752750000,15.12,15.13,15.06,15.09
1752751800,15.09,15.1,14.95,15.07
1752753600,15.07,15.1,14.96,15.08
1752755400,15.07,15.14,15.06,15.1
1752757200,15.11,15.18,15.08,15.16
1752759000,15.17,15.23,15.14,15.18
1752760800,15.17,15.22,15.15,15.2
1752762600,15.21,15.24,15.17,15.22
1752764400,15.22,15.22,15.18,15.18
1752820200,15.25,15.25,15.25,15.25
1752822000,15.23,15.25,15.08,15.17
1752823800,15.18,15.24,15.14,15.14
1752825600,15.14,15.19,15.1,15.15
1752827400,15.14,15.15,15.07,15.08
1752829200,15.08,15.14,15.03,15.14
1752831000,15.14,15.21,15.1,15.15
1752832800,15.15,15.26,15.13,15.15
1752834600,15.15,15.15,15.06,15.08
1752836400,15.08,15.09,15.04,15.05
1752838200,15.06,15.07,14.89,14.97
1752840000,14.97,15.05,14.97,15.03
1752841800,15.03,15.06,15.01,15.02
1752843600,15.01,15.09,14.99,15.09
1752845400,15.09,15.1,15.03,15.03
1752847200,15.04,15.04,14.96,14.98
1752849000,14.99,15.01,14.97,15.01
1752850800,14.98,14.98,14.98,14.98
1753079400,15.06,15.06,15.06,15.06
1753081200,15.06,15.34,15.06,15.31
1753083000,15.32,15.48,15.31,15.43
1753084800,15.44,15.44,15.36,15.38
1753086600,15.38,15.41,15.35,15.36
1753088400,15.36,15.41,15.36,15.41
1753090200,15.41,15.44,15.38,15.41
1753092000,15.41,15.47,15.4,15.43
1753093800,15.43,15.52,15.42,15.45
1753095600,15.46,15.46,15.4,15.4
1753097400,15.4,15.49,15.39,15.49
1753099200,15.49,15.6,15.47,15.55
1753101000,15.54,15.57,15.52,15.54
1753102800,15.55,15.56,15.48,15.52
1753104600,15.52,15.62,15.51,15.6
1753106400,15.6,15.6,15.56,15.58
1753108200,15.58,15.71,15.58,15.67
1753110000,15.66,15.66,15.66,15.66
1753165800,15.72,15.72,15.72,15.72
1753167600,15.72,15.78,15.57,15.72
1753169400,15.72,15.83,15.71,15.72
1753171200,15.72,15.8,15.72,15.74
1753173000,15.74,15.86,15.73,15.82
1753174800,15.83,15.83,15.75,15.8
1753176600,15.8,15.81,15.66,15.66
1753178400,15.67,15.74,15.66,15.71
1753180200,15.7,15.77,15.69,15.75
1753182000,15.74,15.75,15.61,15.65
1753183800,15.65,15.69,15.53,15.55
1753185600,15.55,15.6,15.5,15.54
1753187400,15.54,15.62,15.51,15.62
1753189200,15.62,15.7,15.61,15.63
1753191000,15.63,15.67,15.6,15.66
1753192800,15.66,15.69,15.59,15.6
1753194600,15.6,15.69,15.54,15.6
1753196400,15.59,15.59,15.59,15.59
1753252200,15.59,15.59,15.59,15.59
1753254000,15.6,15.68,15.44,15.6
1753255800,15.61,15.62,15.49,15.54
1753257600,15.54,15.66,15.52,15.62
1753259400,15.62,15.86,15.62,15.82
1753261200,15.83,15.89,15.73,15.84
1753263000,15.84,15.88,15.78,15.79
1753264800,15.8,15.84,15.75,15.82
1753266600,15.82,15.83,15.72,15.74
1753268400,15.75,15.78,15.71,15.74
1753270200,15.75,15.76,15.67,15.71
1753272000,15.71,15.73,15.63,15.67
1753273800,15.66,15.75,15.65,15.68
1753275600,15.7,15.78,15.67,15.77
1753277400,15.77,15.81,15.75,15.8
1753279200,15.8,15.83,15.76,15.82
1753281000,15.81,15.82,15.68,15.77
1753282800,15.79,15.79,15.79,15.79
1753338600,15.91,15.91,15.91,15.91
1753340400,15.92,15.97,15.71,15.75
1753342200,15.75,15.78,15.71,15.76
1753344000,15.77,15.83,15.67,15.71
1753345800,15.7,15.77,15.6,15.63
1753347600,15.62,15.64,15.54,15.58
1753349400,15.58,15.6,15.56,15.57
1753351200,15.56,15.59,15.55,15.57
1753353000,15.56,15.59,15.53,15.56
1753354800,15.57,15.7,15.48,15.55
1753356600,15.55,15.8,15.55,15.71
1753358400,15.71,15.74,15.66,15.72
1753360200,15.71,15.78,15.67,15.75
1753362000,15.75,15.77,15.68,15.69
1753363800,15.69,15.71,15.61,15.63
1753365600,15.64,15.69,15.62,15.67
1753367400,15.66,15.68,15.56,15.58
1753369200,15.57,15.57,15.57,15.57
1753425000,15.59,15.59,15.59,15.59
1753426800,15.59,15.65,15.52,15.54
1753428600,15.54,15.56,15.51,15.54
1753430400,15.54,15.54,15.44,15.45
1753432200,15.45,15.46,15.4,15.43
1753434000,15.43,15.46,15.41,15.45
1753435800,15.44,15.48,15.38,15.39
1753437600,15.4,15.4,15.26,15.29
1753439400,15.29,15.29,15.17,15.25
1753441200,15.24,15.27,15.21,15.22
1753443000,15.22,15.28,15.18,15.27
1753444800,15.27,15.33,15.25,15.29
1753446600,15.3,15.33,15.29,15.31
1753448400,15.31,15.34,15.28,15.31
1753450200,15.32,15.38,15.31,15.34
1753452000,15.34,15.34,15.23,15.23
1753453800,15.24,15.25,15.21,15.24
1753455600,15.23,15.23,15.23,15.23
1753684200,15.3,15.3,15.3,15.3
1753686000,15.29,15.33,15.23,15.27
1753687800,15.26,15.37,15.26,15.32
1753689600,15.32,15.35,15.24,15.25
1753691400,15.26,15.28,15.24,15.28
1753693200,15.28,15.28,15.23,15.25
1753695000,15.26,15.29,15.21,15.27
1753696800,15.26,15.27,15.23,15.25
1753698600,15.25,15.29,15.24,15.28
1753700400,15.28,15.31,15.26,15.28
1753702200,15.29,15.29,15.23,15.26
1753704000,15.26,15.3,15.23,15.26
1753705800,15.26,15.3,15.24,15.24
1753707600,15.25,15.27,15.23,15.24
1753709400,15.24,15.24,15.19,15.2
1753711200,15.2,15.23,15.19,15.2
1753713000,15.2,15.25,15.2,15.23
1753714800,15.19,15.19,15.19,15.19
1753770600,15.2,15.2,15.2,15.2
1753772400,15.2,15.26,15.2,15.22
1753774200,15.22,15.28,15.15,15.16
1753776000,15.16,15.23,15.14,15.22
1753777800,15.22,15.24,15.19,15.21
1753779600,15.2,15.21,15.16,15.19
1753781400,15.19,15.2,15.16,15.18
1753783200,15.18,15.21,15.16,15.2
1753785000,15.2,15.2,15.17,15.17
1753786800,15.18,15.2,15.13,15.14
1753788600,15.14,15.2,15.13,15.19
1753790400,15.19,15.19,15.16,15.18
1753792200,15.18,15.18,15.13,15.14
1753794000,15.14,15.17,15.13,15.17
1753795800,15.17,15.17,15.13,15.16
1753797600,15.16,15.16,15.06,15.08
1753799400,15.08,15.15,15.05,15.12
1753801200,15.1,15.1,15.1,15.1
1753857000,15.1,15.1,15.1,15.1
1753858800,15.1,15.21,15.02,15.18
1753860600,15.17,15.24,15.13,15.23
1753862400,15.23,15.33,15.23,15.28
1753864200,15.29,15.35,15.26,15.26
1753866000,15.27,15.29,15.25,15.28
1753867800,15.28,15.31,15.27,15.28
1753869600,15.28,15.29,15.22,15.23
1753871400,15.23,15.26,15.2,15.22
1753873200,15.22,15.27,15.22,15.24
1753875000,15.24,15.26,15.22,15.24
1753876800,15.23,15.27,15.22,15.23
1753878600,15.23,15.25,15.21,15.24
1753880400,15.24,15.33,15.23,15.32
1753882200,15.32,15.37,15.31,15.33
1753884000,15.33,15.36,15.31,15.33
1753885800,15.33,15.36,15.3,15.33
1753887600,15.32,15.32,15.32,15.32
1753943400,15.33,15.33,15.33,15.33
1753945200,15.33,15.45,15.3,15.41
1753947000,15.41,15.54,15.33,15.34
1753948800,15.34,15.35,15.26,15.32
1753950600,15.32,15.36,15.3,15.33
1753952400,15.34,15.35,15.3,15.33
1753954200,15.33,15.37,15.31,15.35
1753956000,15.35,15.35,15.3,15.32
1753957800,15.32,15.32,15.18,15.19
1753959600,15.19,15.19,15.07,15.13
1753961400,15.13,15.15,15.11,15.14
1753963200,15.14,15.16,15.12,15.14
1753965000,15.15,15.17,15.13,15.16
1753966800,15.15,15.21,15.14,15.16
1753968600,15.17,15.21,15.16,15.18
1753970400,15.17,15.21,15.15,15.18
1753972200,15.17,15.21,15.16,15.17
1753974000,15.16,15.16,15.16,15.16
1754029800,15.18,15.18,15.18,15.18
1754031600,15.18,15.44,15.17,15.26
1754033400,15.26,15.33,15.23,15.31
1754035200,15.31,15.35,15.26,15.28
1754037000,15.28,15.34,15.24,15.31
1754038800,15.31,15.42,15.27,15.35
1754040600,15.35,15.37,15.3,15.31
1754042400,15.31,15.32,15.28,15.32
1754044200,15.31,15.56,15.31,15.46
1754046000,15.46,15.49,15.35,15.45
1754047800,15.45,15.52,15.39,15.49
1754049600,15.49,15.54,15.44,15.51
1754051400,15.51,15.52,15.46,15.48
1754053200,15.48,15.48,15.33,15.42
1754055000,15.42,15.43,15.38,15.39
1754056800,15.38,15.42,15.31,15.39
1754058600,15.38,15.46,15.38,15.43
1754060400,15.4,15.4,15.4,15.4
1754289000,15.55,15.55,15.55,15.55
1754290800,15.56,15.82,15.56,15.76
1754292600,15.75,15.8,15.69,15.71
1754294400,15.71,15.72,15.63,15.69
1754296200,15.69,15.7,15.66,15.69
1754298000,15.68,15.73,15.65,15.68
1754299800,15.67,15.72,15.66,15.71
1754301600,15.7,15.72,15.66,15.68
1754303400,15.67,15.7,15.65,15.67
1754305200,15.67,15.68,15.62,15.67
1754307000,15.66,15.67,15.61,15.64
1754308800,15.64,15.65,15.59,15.6
1754310600,15.59,15.66,15.58,15.66
1754312400,15.66,15.68,15.64,15.67
1754314200,15.66,15.69,15.6,15.61
1754316000,15.62,15.68,15.61,15.66
1754317800,15.67,15.71,15.65,15.68
1754319600,15.68,15.68,15.68,15.68
1754375400,15.76,15.76,15.76,15.76
1754377200,15.77,15.82,15.73,15.77
1754379000,15.76,15.77,15.7,15.72
1754380800,15.72,15.84,15.72,15.84
1754382600,15.83,15.89,15.79,15.82
1754384400,15.82,15.83,15.76,15.78
1754386200,15.78,15.78,15.73,15.75
1754388000,15.74,15.76,15.71,15.73
1754389800,15.72,15.73,15.62,15.63
1754391600,15.64,15.74,15.62,15.71
1754393400,15.71,15.73,15.67,15.71
1754395200,15.71,15.77,15.67,15.68
1754397000,15.68,15.7,15.62,15.69
1754398800,15.68,15.71,15.68,15.69
1754400600,15.69,15.71,15.64,15.67
1754402400,15.67,15.69,15.63,15.66
1754404200,15.65,15.74,15.65,15.7
1754406000,15.69,15.69,15.69,15.69
1754461800,15.7,15.7,15.7,15.7
1754463600,15.71,15.79,15.61,15.64
1754465400,15.64,15.7,15.58,15.59
1754467200,15.59,15.6,15.52,15.58
1754469000,15.58,15.62,15.57,15.61
1754470800,15.61,15.75,15.58,15.69
1754472600,15.69,15.7,15.66,15.68
1754474400,15.68,15.81,15.67,15.79
1754476200,15.79,15.82,15.75,15.82
1754478000,15.81,16.13,15.81,16.03
1754479800,16.03,16.19,16.02,16.15
1754481600,16.15,16.2,16.09,16.17
1754483400,16.17,16.18,16.12,16.13
1754485200,16.14,16.37,16.13,16.27
1754487000,16.28,16.35,16.27,16.29
1754488800,16.3,16.34,16.19,16.26
1754490600,16.26,16.33,16.2,16.29
1754492400,16.29,16.29,16.25,16.25
1754548200,16.59,16.59,16.59,16.59
1754550000,16.6,16.81,16.59,16.72
1754551800,16.72,17.05,16.64,16.94
1754553600,16.94,17.21,16.91,17.15
1754555400,17.16,17.27,17.09,17.12
1754557200,17.11,17.12,17.04,17.07
1754559000,17.06,17.12,16.93,16.97
1754560800,16.97,16.98,16.89,16.94
1754562600,16.93,17.05,16.93,16.98
1754564400,16.97,17.04,16.92,16.94
1754566200,16.94,16.96,16.9,16.92
1754568000,16.92,16.99,16.92,16.94
1754569800,16.93,16.96,16.92,16.94
1754571600,16.93,16.97,16.87,16.88
1754573400,16.87,16.93,16.85,16.85
1754575200,16.86,16.87,16.76,16.85
1754577000,16.84,16.85,16.72,16.78
1754578800,16.79,16.79,16.78,16.78
1754634600,16.79,16.79,16.79,16.79
1754636400,16.79,17.12,16.72,17
1754638200,16.99,17.04,16.88,17.02
1754640000,17.02,17.11,16.97,17.08
1754641800,17.08,17.38,17,17.16
1754643600,17.16,17.23,17.09,17.11
1754645400,17.12,17.14,17.04,17.1
1754647200,17.1,17.12,17.08,17.09
1754649000,17.09,17.11,17.02,17.06
1754650800,17.05,17.16,17.05,17.12
1754652600,17.11,17.15,17.08,17.13
1754654400,17.12,17.18,17.12,17.14
1754656200,17.14,17.15,17.1,17.13
1754658000,17.13,17.14,17.09,17.11
1754659800,17.11,17.15,17.09,17.14
1754661600,17.14,17.28,17.12,17.19
1754663400,17.19,17.21,17.11,17.15
1754665200,17.21,17.21,17.21,17.21
1754893800,17.45,17.45,17.45,17.45
1754895600,17.46,17.55,17.34,17.44
1754897400,17.43,17.64,17.43,17.56
1754899200,17.56,17.59,17.53,17.54
1754901000,17.54,17.58,17.49,17.5
1754902800,17.5,17.56,17.48,17.53
1754904600,17.54,17.57,17.48,17.5
1754906400,17.5,17.5,17.43,17.46
1754908200,17.46,17.48,17.41,17.47
1754910000,17.47,17.47,17.43,17.45
1754911800,17.45,17.5,17.44,17.47
1754913600,17.48,17.55,17.47,17.52
1754915400,17.52,17.53,17.44,17.47
1754917200,17.48,17.55,17.43,17.44
1754919000,17.43,17.44,17.36,17.42
1754920800,17.41,17.42,17.16,17.29
1754922600,17.29,17.32,17.25,17.29
1754924400,17.28,17.28,17.28,17.28
1754980200,17.28,17.28,17.28,17.28
1754982000,17.28,17.3,17.15,17.2
1754983800,17.19,17.42,17.17,17.37
1754985600,17.37,17.38,17.11,17.16
1754987400,17.15,17.18,17.07,17.18
1754989200,17.17,17.17,17.11,17.11
1754991000,17.1,17.11,16.92,16.94
1754992800,16.94,17.03,16.92,17.01
1754994600,17.02,17.04,17.01,17.03
1754996400,17.04,17.07,17.01,17.04
1754998200,17.05,17.07,17.02,17.05
1755000000,17.06,17.07,17,17.03
1755001800,17.02,17.08,17,17.07
1755003600,17.08,17.25,17.04,17.22
1755005400,17.23,17.24,17.1,17.12
1755007200,17.11,17.14,17.02,17.02
1755009000,17.02,17.07,16.97,16.98
1755010800,16.97,16.97,16.96,16.96
1755066600,17.15,17.15,17.15,17.15
1755068400,17.13,17.24,17.05,17.21
1755070200,17.21,17.53,17.16,17.44
1755072000,17.45,17.52,17.36,17.5
1755073800,17.5,17.56,17.45,17.51
1755075600,17.51,17.6,17.51,17.58
1755077400,17.59,17.7,17.56,17.56
1755079200,17.57,17.57,17.49,17.5
1755081000,17.5,17.5,17.42,17.42
1755082800,17.42,17.43,17.37,17.43
1755084600,17.42,17.45,17.39,17.39
1755086400,17.4,17.43,17.37,17.42
1755088200,17.41,17.44,17.37,17.39
1755090000,17.4,17.42,16.8,16.87
1755091800,16.87,17.14,16.8,17.09
1755093600,17.09,17.17,17.07,17.16
1755095400,17.16,17.18,17.08,17.15
1755097200,17.16,17.16,17.16,17.16
1755153000,17.16,17.16,17.16,17.16
1755154800,17.16,17.22,17.07,17.13
1755156600,17.12,17.41,17.11,17.34
1755158400,17.34,17.36,17.17,17.19
1755160200,17.19,17.26,17.14,17.19
1755162000,17.19,17.2,17.08,17.14
1755163800,17.14,17.23,17.14,17.2
1755165600,17.19,17.26,17.17,17.23
1755167400,17.23,17.27,17.18,17.22
1755169200,17.22,17.22,17.14,17.14
1755171000,17.14,17.19,17.14,17.16
1755172800,17.16,17.22,17.1,17.16
1755174600,17.17,17.17,16.85,16.92
1755176400,16.91,16.91,16.72,16.75
1755178200,16.75,16.79,16.66,16.69
1755180000,16.7,16.78,16.69,16.7
1755181800,16.69,16.7,16.54,16.62
1755183600,16.6,16.6,16.6,16.6
1755239400,16.65,16.65,16.65,16.65
1755241200,16.65,16.67,16.54,16.57
1755243000,16.56,16.69,16.5,16.68
1755244800,16.67,16.84,16.65,16.72
1755246600,16.72,16.74,16.65,16.69
1755248400,16.68,16.7,16.59,16.62
1755250200,16.62,16.65,16.61,16.65
1755252000,16.65,16.69,16.63,16.65
1755253800,16.64,16.69,16.64,16.67
1755255600,16.67,16.74,16.66,16.72
1755257400,16.72,16.82,16.69,16.75
1755259200,16.75,16.89,16.71,16.81
1755261000,16.81,17.06,16.81,17.06
1755262800,17.06,17.58,17.05,17.46
1755264600,17.46,17.47,17.19,17.32
1755266400,17.31,17.35,17.23,17.24
1755268200,17.24,17.36,17.22,17.29
1755270000,17.3,17.3,17.3,17.3
1755498600,17.38,17.38,17.38,17.38
1755500400,17.38,17.4,17.01,17.11
1755502200,17.1,17.14,17.07,17.1
1755504000,17.1,17.2,17.09,17.15
1755505800,17.16,17.18,16.94,16.94
1755507600,16.94,17.06,16.91,16.98
1755509400,16.98,17,16.92,16.95
1755511200,16.95,17.01,16.92,16.98
1755513000,16.97,17,16.94,16.94
1755514800,16.94,16.97,16.89,16.9
1755516600,16.89,16.94,16.87,16.91
1755518400,16.91,16.94,16.88,16.93
1755520200,16.93,16.96,16.89,16.96
1755522000,16.96,17.08,16.95,17.07
1755523800,17.07,17.13,17.05,17.09
1755525600,17.08,17.11,17.02,17.08
1755527400,17.08,17.12,16.98,17.09
1755529200,17.1,17.1,17.1,17.1
1755585000,17.31,17.31,17.31,17.31
1755586800,17.32,17.59,17.29,17.44
1755588600,17.45,17.46,17.29,17.38
1755590400,17.38,17.39,17.26,17.36
1755592200,17.35,17.36,17.25,17.3
1755594000,17.3,17.34,17.27,17.27
1755595800,17.28,17.34,17.23,17.29
1755597600,17.28,17.3,17.26,17.29
1755599400,17.28,17.4,17.27,17.34
1755601200,17.35,17.39,17.32,17.34
1755603000,17.34,17.36,17.29,17.33
1755604800,17.33,17.41,17.28,17.29
1755606600,17.29,17.32,17.21,17.25
1755608400,17.24,17.26,17.17,17.19
1755610200,17.2,17.26,17.18,17.23
1755612000,17.24,17.24,17.06,17.14
1755613800,17.15,17.49,17.14,17.47
1755615600,17.49,17.49,17.49,17.49
1755671400,17.49,17.49,17.49,17.49
1755673200,17.49,17.87,17.35,17.82
1755675000,17.82,17.94,17.78,17.83
1755676800,17.82,17.84,17.75,17.77
1755678600,17.77,17.81,17.75,17.78
1755680400,17.79,17.84,17.78,17.79
1755682200,17.78,17.92,17.71,17.84
1755684000,17.85,17.89,17.82,17.87
1755685800,17.87,17.87,17.77,17.84
1755687600,17.84,17.84,17.76,17.8
1755689400,17.8,17.82,17.73,17.78
1755691200,17.77,17.78,17.74,17.77
1755693000,17.77,17.92,17.76,17.91
1755694800,17.91,17.91,17.84,17.88
1755696600,17.88,17.97,17.77,17.79
1755698400,17.79,17.83,17.77,17.8
1755700200,17.8,17.86,17.78,17.83
1755702000,17.83,17.83,17.83,17.83
1755757800,17.94,17.94,17.94,17.94
1755759600,17.94,17.99,17.74,17.77
1755761400,17.77,17.83,17.75,17.76
1755763200,17.76,17.98,17.74,17.96
1755765000,17.96,17.97,17.87,17.88
1755766800,17.87,17.96,17.85,17.93
1755768600,17.93,18.1,17.92,18.09
1755770400,18.09,18.13,18.01,18.03
1755772200,18.03,18.03,17.91,17.95
1755774000,17.95,17.99,17.93,17.97
1755775800,17.97,18,17.93,17.94
1755777600,17.93,17.94,17.88,17.9
1755779400,17.91,17.98,17.88,17.98
1755781200,17.98,18.05,17.95,17.99
1755783000,17.98,18,17.9,18
1755784800,17.99,18.05,17.96,18.03
1755786600,18.03,18.04,17.9,17.94
1755788400,17.95,17.95,17.95,17.95
1755844200,17.95,17.95,17.95,17.95
1755846000,17.95,18.04,17.89,17.91
1755847800,17.91,18.01,17.86,17.96
1755849600,17.96,18,17.93,17.93
1755851400,17.94,17.98,17.92,17.95
1755853200,17.95,18.02,17.93,17.95
1755855000,17.95,17.95,17.9,17.91
1755856800,17.91,17.91,17.83,17.88
1755858600,17.88,17.89,17.83,17.86
1755860400,17.86,17.89,17.82,17.87
1755862200,17.87,17.92,17.85,17.92
1755864000,17.91,17.91,17.69,17.71
1755865800,17.71,17.77,17.7,17.75
1755867600,17.74,17.82,17.73,17.8
1755869400,17.8,17.83,17.72,17.74
1755871200,17.74,17.83,17.74,17.76
1755873000,17.77,17.84,17.73,17.73
1755874800,17.74,17.74,17.74,17.74
1756103400,17.84,17.84,17.84,17.84
1756105200,17.84,17.92,17.82,17.88
1756107000,17.88,17.88,17.71,17.73
1756108800,17.73,17.74,17.55,17.66
1756110600,17.66,17.72,17.65,17.7
1756112400,17.69,17.77,17.69,17.71
1756114200,17.72,17.72,17.68,17.69
1756116000,17.69,17.72,17.67,17.68
1756117800,17.68,17.72,17.66,17.69
1756119600,17.69,17.73,17.66,17.67
1756121400,17.67,17.69,17.64,17.67
1756123200,17.67,17.69,17.66,17.69
1756125000,17.68,17.7,17.64,17.66
1756126800,17.66,17.68,17.64,17.64
1756128600,17.65,17.68,17.64,17.68
1756130400,17.68,17.73,17.65,17.71
1756132200,17.71,17.72,17.66,17.68
1756134000,17.67,17.67,17.67,17.67
1756189800,17.67,17.67,17.67,17.67
1756191600,17.67,17.69,17.4,17.4
1756193400,17.4,17.54,17.37,17.44
1756195200,17.44,17.5,17.43,17.48
1756197000,17.48,17.51,17.47,17.49
1756198800,17.5,17.62,17.49,17.6
1756200600,17.6,17.64,17.53,17.55
1756202400,17.55,17.59,17.53,17.57
1756204200,17.57,17.64,17.57,17.63
1756206000,17.63,17.65,17.57,17.63
1756207800,17.63,17.63,17.57,17.6
1756209600,17.6,17.61,17.57,17.59
1756211400,17.59,17.64,17.58,17.6
1756213200,17.6,17.77,17.5,17.73
1756215000,17.72,17.75,17.65,17.69
1756216800,17.68,17.73,17.64,17.64
1756218600,17.65,17.68,17.56,17.58
1756220400,17.51,17.51,17.51,17.51
1756276200,17.53,17.53,17.53,17.53
1756278000,17.54,17.59,17.38,17.39
1756279800,17.38,17.39,17.3,17.33
1756281600,17.33,17.33,17.19,17.21
1756283400,17.2,17.29,17.19,17.26
1756285200,17.25,17.29,17.23,17.24
1756287000,17.25,17.33,17.24,17.29
1756288800,17.29,17.29,17.24,17.27
1756290600,17.27,17.29,17.23,17.26
1756292400,17.26,17.26,17.21,17.22
1756294200,17.22,17.24,17.18,17.23
1756296000,17.23,17.23,17.2,17.22
1756297800,17.21,17.27,17.21,17.26
1756299600,17.26,17.27,17.23,17.23
1756301400,17.24,17.28,17.21,17.23
1756303200,17.23,17.34,17.22,17.3
1756305000,17.3,17.3,17.2,17.26
1756306800,17.27,17.27,17.25,17.25
1756362600,17.29,17.29,17.29,17.29
1756364400,17.3,17.45,17.3,17.4
1756366200,17.4,17.43,17.33,17.34
1756368000,17.34,17.37,17.3,17.3
1756369800,17.31,17.32,17.21,17.22
1756371600,17.22,17.25,17.18,17.22
1756373400,17.22,17.26,17.18,17.2
1756375200,17.2,17.23,17.19,17.21
1756377000,17.21,17.27,17.19,17.24
1756378800,17.25,17.27,17.2,17.23
1756380600,17.23,17.23,17.15,17.16
1756382400,17.15,17.16,17.03,17.11
1756384200,17.12,17.16,17.1,17.14
1756386000,17.14,17.18,17.13,17.16
1756387800,17.17,17.17,17.11,17.12
1756389600,17.12,17.15,17.05,17.07
1756391400,17.08,17.35,17.06,17.3
1756393200,17.32,17.32,17.32,17.32
1756449000,17.34,17.34,17.34,17.34
1756450800,17.35,17.36,17.16,17.2
1756452600,17.2,17.21,17.12,17.13
1756454400,17.13,17.17,17.13,17.14
1756456200,17.15,17.18,17.13,17.16
1756458000,17.15,17.16,17.08,17.12
1756459800,17.12,17.25,17.11,17.18
1756461600,17.18,17.19,17.12,17.13
1756463400,17.14,17.14,17.09,17.1
1756465200,17.1,17.12,17.05,17.09
1756467000,17.09,17.09,17.04,17.06
1756468800,17.06,17.1,17.05,17.07
1756470600,17.07,17.11,17.05,17.09
1756472400,17.08,17.1,17.06,17.08
1756474200,17.08,17.08,17.03,17.04
1756476000,17.04,17.07,16.96,16.97
1756477800,16.96,16.98,16.89,16.96
1756479600,16.92,16.92,16.92,16.92
1756708200,17,17,17,17
1756710000,17,17.03,16.9,17.03
1756711800,17.03,17.09,17.02,17.06
1756713600,17.06,17.08,17.01,17.03
1756715400,17.03,17.16,17.02,17.07
1756717200,17.08,17.09,17.03,17.06
1756719000,17.06,17.07,17,17.02
1756720800,17.02,17.05,16.99,17
1756722600,17,17.01,16.94,16.97
1756724400,16.97,17.02,16.96,17
1756726200,17.01,17.02,16.98,17
1756728000,17,17.06,16.99,17.04
1756729800,17.05,17.05,17.01,17.05
1756731600,17.05,17.06,16.95,16.98
1756733400,16.98,17.08,16.97,17.03
1756735200,17.03,17.1,17.02,17.1
1756737000,17.1,17.1,17.04,17.06
1756738800,17.07,17.07,17.07,17.07
1756794600,16.6,16.6,16.6,16.6
1756796400,16.6,16.67,16.34,16.37
1756798200,16.37,16.38,15.93,15.99
1756800000,15.98,16.06,15.58,15.64
1756801800,15.64,15.89,15.48,15.85
1756803600,15.85,16.09,15.82,16.06
1756805400,16.06,16.27,16.05,16.2
1756807200,16.21,16.22,16.13,16.16
1756809000,16.16,16.18,16.08,16.17
1756810800,16.17,16.39,16.17,16.32
1756812600,16.33,16.43,16.32,16.38
1756814400,16.39,16.55,16.26,16.33
1756816200,16.33,16.34,15.72,15.74
1756818000,15.74,15.79,15.47,15.65
1756819800,15.65,15.82,15.63,15.76
1756821600,15.75,15.77,15.65,15.68
1756823400,15.67,15.76,15.67,15.74
1756825200,15.74,15.74,15.74,15.74
1756881000,15.78,15.78,15.78,15.78
1756882800,15.78,15.8,15.44,15.52
1756884600,15.51,15.51,15.3,15.36
1756886400,15.36,15.36,15.19,15.27
1756888200,15.27,15.36,15.21,15.32
1756890000,15.33,15.34,15.2,15.23
1756891800,15.22,15.26,15.18,15.25
1756893600,15.25,15.27,15.21,15.24
1756895400,15.23,15.27,15.21,15.23
1756897200,15.23,15.23,15.16,15.18
1756899000,15.19,15.23,15.16,15.21
1756900800,15.22,15.22,15.16,15.17
1756902600,15.17,15.23,15.16,15.21
1756904400,15.2,15.32,15.19,15.3
1756906200,15.3,15.36,15.25,15.3
1756908000,15.3,15.46,15.27,15.44
1756909800,15.43,15.51,15.39,15.45
1756911600,15.45,15.45,15.45,15.45
1756967400,15.48,15.48,15.48,15.48
1756969200,15.48,15.49,15.28,15.33
1756971000,15.32,15.38,15.29,15.33
1756972800,15.34,15.44,15.33,15.41
1756974600,15.41,15.61,15.41,15.61
1756976400,15.6,15.67,15.49,15.52
1756978200,15.52,15.56,15.45,15.53
1756980000,15.53,15.57,15.48,15.53
1756981800,15.53,15.59,15.52,15.54
1756983600,15.54,15.55,15.47,15.49
1756985400,15.49,15.51,15.41,15.43
1756987200,15.43,15.47,15.42,15.45
1756989000,15.45,15.49,15.44,15.47
1756990800,15.47,15.53,15.42,15.43
1756992600,15.44,15.44,15.34,15.38
1756994400,15.38,15.45,15.36,15.43
1756996200,15.43,15.49,15.39,15.4
1756998000,15.38,15.38,15.38,15.38
1757053800,15.46,15.46,15.46,15.46
1757055600,15.46,15.48,15.29,15.31
1757057400,15.31,15.31,15.17,15.22
1757059200,15.22,15.23,15.16,15.18
1757061000,15.18,15.23,15.12,15.17
1757062800,15.17,15.18,15.09,15.13
1757064600,15.13,15.16,15.08,15.16
1757066400,15.16,15.18,15.11,15.13
1757068200,15.14,15.16,15.05,15.08
1757070000,15.09,15.11,15.06,15.1
1757071800,15.1,15.12,15.07,15.09
1757073600,15.09,15.11,15.03,15.07
1757075400,15.08,15.1,15.03,15.05
1757077200,15.06,15.1,15.02,15.06
1757079000,15.06,15.29,15.01,15.2
1757080800,15.19,15.21,15.01,15.03
1757082600,15.03,15.03,14.9,14.91
1757084400,14.9,14.9,14.9,14.9
1757313000,14.64,14.64,14.64,14.64
1757314800,14.64,14.75,14.52,14.66
1757316600,14.66,14.68,14.55,14.57
1757318400,14.58,14.65,14.55,14.6
1757320200,14.6,14.63,14.55,14.57
1757322000,14.58,14.63,14.57,14.6
1757323800,14.6,14.72,14.59,14.7
1757325600,14.69,14.7,14.62,14.64
1757327400,14.65,14.68,14.56,14.57
1757329200,14.57,14.61,14.54,14.58
1757331000,14.57,14.62,14.52,14.55
1757332800,14.55,14.62,14.52,14.56
1757334600,14.56,14.6,14.5,14.59
1757336400,14.59,14.61,14.53,14.57
1757338200,14.57,14.63,14.56,14.58
1757340000,14.58,14.62,14.52,14.55
1757341800,14.54,14.57,14.5,14.51
1757343600,14.5,14.5,14.5,14.5
1757399400,14.56,14.56,14.56,14.56
1757401200,14.57,14.65,14.53,14.57
1757403000,14.57,14.59,14.51,14.52
1757404800,14.53,14.57,14.46,14.51
1757406600,14.51,14.57,14.5,14.56
1757408400,14.56,14.74,14.56,14.68
1757410200,14.68,14.74,14.67,14.71
1757412000,14.71,14.8,14.7,14.76
1757413800,14.77,14.79,14.69,14.75
1757415600,14.75,14.77,14.73,14.75
1757417400,14.75,14.79,14.72,14.77
1757419200,14.76,14.84,14.75,14.8
1757421000,14.8,14.8,14.72,14.74
1757422800,14.74,14.75,14.65,14.69
1757424600,14.69,14.7,14.51,14.64
1757426400,14.64,14.72,14.62,14.69
1757428200,14.69,14.7,14.64,14.66
1757430000,14.67,14.67,14.67,14.67
1757485800,14.81,14.81,14.81,14.81
1757487600,14.8,14.81,14.69,14.72
1757489400,14.72,14.75,14.69,14.72
1757491200,14.73,14.74,14.62,14.66
1757493000,14.67,14.69,14.57,14.6
1757494800,14.59,14.61,14.52,14.58
1757496600,14.58,14.62,14.57,14.6
1757498400,14.6,14.6,14.55,14.57
1757500200,14.58,14.65,14.56,14.62
1757502000,14.62,14.7,14.58,14.69
1757503800,14.69,14.76,14.65,14.73
1757505600,14.73,14.85,14.71,14.83
1757507400,14.83,14.91,14.76,14.8
1757509200,14.81,14.85,14.8,14.85
1757511000,14.85,15.02,14.83,14.99
1757512800,14.98,15.03,14.94,14.98
1757514600,14.98,15.03,14.9,14.99
1757516400,15.02,15.02,15.02,15.02
1757572200,15.02,15.02,15.02,15.02
1757574000,15.03,15.04,14.94,14.94
1757575800,14.95,14.95,14.78,14.85
1757577600,14.85,14.88,14.84,14.86
1757579400,14.85,14.91,14.85,14.86
1757581200,14.85,14.87,14.79,14.8
1757583000,14.8,14.8,14.74,14.77
1757584800,14.77,14.95,14.77,14.84
1757586600,14.84,14.86,14.8,14.84
1757588400,14.85,14.88,14.67,14.67
1757590200,14.68,14.73,14.64,14.67
1757592000,14.66,14.71,14.64,14.65
1757593800,14.65,14.66,14.59,14.62
1757595600,14.63,14.63,14.55,14.6
1757597400,14.6,14.63,14.56,14.57
1757599200,14.57,14.59,14.39,14.43
1757601000,14.42,14.44,14.38,14.4
1757602800,14.41,14.41,14.41,14.41
1757658600,14.41,14.41,14.41,14.41
1757660400,14.42,14.44,14.24,14.3
1757662200,14.3,14.31,14.22,14.29
1757664000,14.29,14.31,14.24,14.26
1757665800,14.26,14.29,14.24,14.25
1757667600,14.25,14.26,14.17,14.22
1757669400,14.22,14.25,14.22,14.23
1757671200,14.23,14.25,14.2,14.22
1757673000,14.23,14.29,14.21,14.25
1757674800,14.25,14.26,14.17,14.19
1757676600,14.19,14.21,14.18,14.19
1757678400,14.19,14.2,14.13,14.17
1757680200,14.17,14.22,14.15,14.18
1757682000,14.18,14.19,14.16,14.18
1757683800,14.19,14.24,14.19,14.19
1757685600,14.2,14.29,14.19,14.27
1757687400,14.27,14.36,14.25,14.29
1757689200,14.32,14.32,14.32,14.32
1757917800,14.31,14.31,14.31,14.31
1757919600,14.31,14.42,14.27,14.34
1757921400,14.34,14.35,14.24,14.27
1757923200,14.27,14.89,14.1,14.88
1757925000,14.87,14.94,14.8,14.85
1757926800,14.85,14.95,14.84,14.91
1757928600,14.92,14.94,14.82,14.82
1757930400,14.82,14.88,14.82,14.86
1757932200,14.86,14.91,14.85,14.89
1757934000,14.9,14.92,14.88,14.89
1757935800,14.89,15.02,14.89,14.97
1757937600,14.98,15.02,14.95,15
1757939400,15,15.13,14.99,15.09
1757941200,15.1,15.1,15.06,15.06
1757943000,15.07,15.09,15.04,15.08
1757944800,15.08,15.2,15.08,15.13
1757946600,15.14,15.19,15.13,15.17
1757948400,15.19,15.19,15.19,15.19
1758004200,15.2,15.2,15.2,15.2
1758006000,15.2,15.22,15.1,15.17
1758007800,15.17,15.28,15.16,15.21
1758009600,15.21,15.23,15.17,15.21
1758011400,15.21,15.21,15.1,15.12
1758013200,15.11,15.12,15.01,15.01
1758015000,15.02,15.03,14.98,15.02
1758016800,15.02,15.13,15,15.1
1758018600,15.1,15.14,15.09,15.13
1758020400,15.13,15.16,15.1,15.12
1758022200,15.12,15.14,15.1,15.13
1758024000,15.13,15.23,15.12,15.19
1758025800,15.2,15.24,15.17,15.22
1758027600,15.22,15.31,15.2,15.27
1758029400,15.27,15.34,15.24,15.33
1758031200,15.32,15.36,15.28,15.35
1758033000,15.34,15.43,15.34,15.41
1758034800,15.45,15.45,15.45,15.45
1758090600,15.46,15.46,15.46,15.46
1758092400,15.45,15.46,15.29,15.39
1758094200,15.4,15.4,15.29,15.31
1758096000,15.31,15.33,15.26,15.28
1758097800,15.28,15.29,15.24,15.27
1758099600,15.27,15.29,15.24,15.26
1758101400,15.26,15.26,15.21,15.23
1758103200,15.24,15.31,15.23,15.28
1758105000,15.28,15.29,15.22,15.23
1758106800,15.23,15.32,15.23,15.3
1758108600,15.31,15.32,15.24,15.24
1758110400,15.25,15.27,15.21,15.27
1758112200,15.27,15.35,15.25,15.34
1758114000,15.35,15.45,15.34,15.38
1758115800,15.38,15.4,15.29,15.32
1758117600,15.32,15.34,15.29,15.29
1758119400,15.29,15.31,15.22,15.25
1758121200,15.22,15.22,15.22,15.22
1758177000,15.25,15.25,15.25,15.25
1758178800,15.26,15.42,15.26,15.39
1758180600,15.39,15.53,15.37,15.46
1758182400,15.46,15.51,15.45,15.49
1758184200,15.48,15.54,15.46,15.52
1758186000,15.52,15.57,15.49,15.54
1758187800,15.54,15.61,15.54,15.57
1758189600,15.57,15.61,15.54,15.59
1758191400,15.6,15.68,15.58,15.67
1758193200,15.68,15.76,15.62,15.68
1758195000,15.68,15.7,15.62,15.64
1758196800,15.64,15.65,15.61,15.63
1758198600,15.62,15.73,15.62,15.68
1758200400,15.68,15.69,15.51,15.55
1758202200,15.55,15.55,15.36,15.4
1758204000,15.39,15.45,15.37,15.41
1758205800,15.41,15.42,15.28,15.34
1758207600,15.34,15.34,15.34,15.34
1758263400,15.4,15.4,15.4,15.4
1758265200,15.41,15.41,15.28,15.32
1758267000,15.32,15.43,15.31,15.38
1758268800,15.38,15.44,15.34,15.41
1758270600,15.42,15.5,15.36,15.43
1758272400,15.43,15.44,15.36,15.37
1758274200,15.37,15.39,15.3,15.33
1758276000,15.33,15.37,15.28,15.36
1758277800,15.37,15.39,15.33,15.36
1758279600,15.36,15.37,15.33,15.36
1758281400,15.36,15.37,15.31,15.32
1758283200,15.33,15.45,15.32,15.39
1758285000,15.39,15.55,15.24,15.55
1758286800,15.54,15.59,15.45,15.52
1758288600,15.52,15.61,15.49,15.53
1758290400,15.53,15.56,15.4,15.48
1758292200,15.47,15.74,15.47,15.72
1758294000,15.59,15.59,15.59,15.59
1758522600,15.9,15.9,15.9,15.9
1758524400,15.9,15.93,15.63,15.71
1758526200,15.71,15.74,15.67,15.73
1758528000,15.72,15.74,15.66,15.68
1758529800,15.67,15.72,15.64,15.65
1758531600,15.65,15.65,15.59,15.61
1758533400,15.62,15.65,15.6,15.63
1758535200,15.63,15.64,15.6,15.61
1758537000,15.61,15.63,15.57,15.59
1758538800,15.6,15.61,15.58,15.58
1758540600,15.59,15.59,15.5,15.59
1758542400,15.59,15.61,15.56,15.56
1758544200,15.57,15.61,15.55,15.6
1758546000,15.6,15.61,15.58,15.59
1758547800,15.59,15.64,15.58,15.62
1758549600,15.61,15.62,15.58,15.58
1758551400,15.58,15.64,15.57,15.61
1758553200,15.61,15.61,15.61,15.61
1758609000,15.49,15.49,15.49,15.49
1758610800,15.49,15.51,15.33,15.4
1758612600,15.39,15.4,15.33,15.34
1758614400,15.35,15.38,15.32,15.37
1758616200,15.37,15.39,15.35,15.37
1758618000,15.38,15.38,15.32,15.33
1758619800,15.34,15.36,15.32,15.34
1758621600,15.34,15.36,15.32,15.34
1758623400,15.34,15.38,15.33,15.36
1758625200,15.37,15.37,15.29,15.33
1758627000,15.33,15.36,15.28,15.32
1758628800,15.32,15.32,15.23,15.26
1758630600,15.26,15.27,15.18,15.2
1758632400,15.2,15.2,15.13,15.16
1758634200,15.15,15.2,15.15,15.17
1758636000,15.17,15.19,15.14,15.15
1758637800,15.15,15.17,15.1,15.12
1758639600,15.12,15.12,15.12,15.12
1758695400,15.13,15.13,15.13,15.13
1758697200,15.12,15.15,15,15.03
1758699000,15.03,15.1,15.02,15.05
1758700800,15.05,15.08,14.73,14.9
1758702600,14.9,14.95,14.87,14.92
1758704400,14.92,14.98,14.89,14.93
1758706200,14.92,14.98,14.92,14.96
1758708000,14.97,15.01,14.9,14.91
1758709800,14.91,15.04,14.91,14.96
1758711600,14.96,14.98,14.83,14.86
1758713400,14.86,14.86,14.74,14.76
1758715200,14.75,14.83,14.75,14.81
1758717000,14.81,14.86,14.79,14.86
1758718800,14.86,14.86,14.8,14.83
1758720600,14.83,14.91,14.82,14.89
1758722400,14.89,14.89,14.83,14.84
1758724200,14.84,14.87,14.83,14.85
1758726000,14.82,14.82,14.82,14.82
1758781800,14.85,14.85,14.85,14.85
1758783600,14.85,15.01,14.8,14.83
1758785400,14.84,14.85,14.68,14.69
1758787200,14.69,14.7,14.62,14.64
1758789000,14.64,14.65,14.58,14.6
1758790800,14.6,14.76,14.59,14.64
1758792600,14.63,14.64,14.48,14.52
1758794400,14.52,14.52,14.47,14.49
1758796200,14.49,14.49,14.37,14.47
1758798000,14.47,14.48,14.41,14.42
1758799800,14.42,14.46,14.41,14.43
1758801600,14.43,14.47,14.41,14.45
1758803400,14.44,14.46,14.42,14.44
1758805200,14.45,14.52,14.44,14.48
1758807000,14.48,14.49,14.45,14.47
1758808800,14.48,14.54,14.46,14.53
1758810600,14.53,14.55,14.5,14.5
1758812400,14.49,14.49,14.49,14.49
1758868200,14.49,14.49,14.49,14.49
1758870000,14.48,14.48,14.23,14.24
1758871800,14.24,14.27,14.12,14.13
1758873600,14.13,14.17,14.11,14.14
1758875400,14.13,14.16,13.97,13.98
1758877200,13.98,14.06,13.94,14.05
1758879000,14.05,14.07,14.04,14.06
1758880800,14.06,14.08,14.05,14.07
1758882600,14.07,14.07,14.05,14.07
1758884400,14.07,14.08,13.99,14.02
1758886200,14.02,14.05,14,14.01
1758888000,14.01,14.04,13.98,14.03
1758889800,14.03,14.05,14.01,14.04
1758891600,14.04,14.04,13.92,13.95
1758893400,13.95,13.96,13.89,13.93
1758895200,13.93,14.02,13.91,13.99
1758897000,13.99,14.02,13.96,13.98
1758898800,13.99,14.02,13.99,14.02
1759127400,13.94,13.94,13.94,13.94
1759129200,13.93,14.03,13.87,14
1759131000,14.01,14.01,13.95,13.99
1759132800,13.99,13.99,13.92,13.96
1759134600,13.97,14,13.95,13.99
1759136400,13.98,14.01,13.96,14
1759138200,14,14,13.96,13.97
1759140000,13.97,14,13.96,13.98
1759141800,13.98,13.98,13.93,13.94
1759143600,13.94,13.98,13.93,13.97
1759145400,13.97,13.98,13.94,13.94
1759147200,13.94,13.96,13.83,13.86
1759149000,13.86,13.9,13.84,13.88
1759150800,13.88,13.89,13.78,13.79
1759152600,13.79,13.84,13.75,13.8
1759154400,13.8,13.81,13.69,13.74
1759156200,13.74,13.75,13.65,13.68
1759158000,13.68,13.68,13.65,13.65
1759213800,13.69,13.69,13.69,13.69
1759215600,13.68,13.75,13.63,13.71
1759217400,13.7,13.72,13.62,13.66
1759219200,13.66,13.72,13.65,13.7
1759221000,13.69,13.73,13.67,13.67
1759222800,13.67,13.68,13.61,13.64
1759224600,13.64,13.65,13.58,13.63
1759226400,13.63,13.66,13.6,13.62
1759228200,13.62,13.62,13.55,13.57
1759230000,13.58,13.67,13.56,13.64
1759231800,13.65,13.7,13.64,13.69
1759233600,13.7,13.73,13.67,13.72
1759235400,13.72,13.75,13.67,13.74
1759237200,13.74,13.8,13.72,13.75
1759239000,13.75,13.91,13.71,13.88
1759240800,13.89,14,13.85,13.88
1759242600,13.88,13.89,13.8,13.85
1759244400,13.83,13.83,13.83,13.83
1759300200,13.83,13.83,13.83,13.83
1759302000,13.84,13.93,13.81,13.84
1759303800,13.84,13.89,13.78,13.79
1759305600,13.79,13.83,13.73,13.78
1759307400,13.78,13.79,13.73,13.75
1759309200,13.75,13.76,13.72,13.76
1759311000,13.76,13.77,13.74,13.77
1759312800,13.77,13.77,13.72,13.73
1759314600,13.72,13.77,13.72,13.75
1759316400,13.74,13.76,13.71,13.76
1759318200,13.75,13.87,13.75,13.79
1759320000,13.79,13.92,13.78,13.92
1759321800,13.92,14.02,13.9,13.94
1759323600,13.94,14.04,13.91,14.02
1759325400,14.01,14.02,13.93,13.94
1759327200,13.94,14.01,13.91,14.01
1759329000,14.01,14.11,14.01,14.06
1759330800,14.04,14.04,14.04,14.04
1759386600,14.08,14.08,14.08,14.08
1759388400,14.09,14.11,13.94,14.01
1759390200,14.01,14.01,13.89,13.9
1759392000,13.9,13.91,13.85,13.87
1759393800,13.86,13.93,13.85,13.87
1759395600,13.86,13.88,13.8,13.82
1759397400,13.82,13.83,13.78,13.8
1759399200,13.79,13.81,13.78,13.8
1759401000,13.8,13.82,13.79,13.82
1759402800,13.82,13.85,13.81,13.83
1759404600,13.84,13.87,13.8,13.82
1759406400,13.82,13.84,13.81,13.84
1759408200,13.84,13.87,13.82,13.85
1759410000,13.85,13.87,13.8,13.82
1759411800,13.82,13.83,13.75,13.76
1759413600,13.77,13.78,13.73,13.77
1759415400,13.77,13.77,13.73,13.75
1759417200,13.75,13.75,13.75,13.75
1759473000,13.86,13.86,13.86,13.86
1759474800,13.86,13.9,13.73,13.76
1759476600,13.75,13.76,13.67,13.69
1759478400,13.69,13.75,13.64,13.68
1759480200,13.68,13.7,13.64,13.67
1759482000,13.67,13.68,13.61,13.65
1759483800,13.66,13.68,13.63,13.67
1759485600,13.67,13.71,13.66,13.67
1759487400,13.66,13.71,13.66,13.69
1759489200,13.69,13.71,13.66,13.68
1759491000,13.68,13.69,13.64,13.68
1759492800,13.68,13.72,13.65,13.67
1759494600,13.67,13.7,13.64,13.65
1759496400,13.65,13.66,13.6,13.63
1759498200,13.64,13.66,13.59,13.62
1759500000,13.61,13.69,13.6,13.65
1759501800,13.65,13.66,13.59,13.6
1759503600,13.67,13.67,13.67,13.67
1759732200,13.7,13.7,13.7,13.7
1759734000,13.71,13.82,13.69,13.77
1759735800,13.78,13.78,13.72,13.78
1759737600,13.78,13.91,13.78,13.85
1759739400,13.84,13.86,13.78,13.81
1759741200,13.81,13.84,13.78,13.79
1759743000,13.8,13.83,13.78,13.83
1759744800,13.82,13.86,13.8,13.81
1759746600,13.81,13.82,13.73,13.74
1759748400,13.73,13.75,13.65,13.7
1759750200,13.69,13.7,13.58,13.6
1759752000,13.59,13.62,13.56,13.61
1759753800,13.61,13.61,13.57,13.58
1759755600,13.59,13.63,13.55,13.56
1759757400,13.55,13.57,13.46,13.55
1759759200,13.56,13.56,13.46,13.54
1759761000,13.54,13.56,13.47,13.5
1759762800,13.51,13.51,13.51,13.51
1759818600,13.54,13.54,13.54,13.54
1759820400,13.55,13.71,13.54,13.67
1759822200,13.66,13.67,13.61,13.64
1759824000,13.64,13.71,13.61,13.69
1759825800,13.68,13.7,13.65,13.66
1759827600,13.66,13.7,13.64,13.69
1759829400,13.68,13.72,13.68,13.71
1759831200,13.71,13.78,13.7,13.74
1759833000,13.74,13.76,13.72,13.72
1759834800,13.72,13.74,13.7,13.72
1759836600,13.72,13.75,13.7,13.72
1759838400,13.72,13.8,13.71,13.76
1759840200,13.76,13.77,13.7,13.76
1759842000,13.76,13.81,13.73,13.76
1759843800,13.75,13.77,13.72,13.76
1759845600,13.77,13.77,13.69,13.73
1759847400,13.74,13.82,13.73,13.8
1759849200,13.8,13.8,13.8,13.8
1759905000,13.82,13.82,13.82,13.82
1759906800,13.82,14.05,13.78,14.05
1759908600,14.05,14.17,14.01,14.16
1759910400,14.17,14.32,14.16,14.25
1759912200,14.24,14.39,14.22,14.39
1759914000,14.38,14.6,14.35,14.38
1759915800,14.38,14.44,14.27,14.29
1759917600,14.29,14.3,14.23,14.26
1759919400,14.25,14.27,14.21,14.23
1759921200,14.22,14.25,14.2,14.21
1759923000,14.21,14.29,14.2,14.27
1759924800,14.26,14.28,14.11,14.11
1759926600,14.11,14.16,14.02,14.04
1759928400,14.04,14.09,14.03,14.08
1759930200,14.09,14.11,14.04,14.07
1759932000,14.08,14.1,14.02,14.04
1759933800,14.04,14.06,14,14.03
1759935600,13.95,13.95,13.95,13.95
1759991400,14.09,14.09,14.09,14.09
1759993200,14.09,14.18,14.01,14.05
1759995000,14.05,14.05,13.92,13.95
1759996800,13.95,13.95,13.88,13.92
1759998600,13.93,13.93,13.82,13.85
1760000400,13.85,13.88,13.8,13.81
1760002200,13.81,13.84,13.78,13.82
1760004000,13.81,13.86,13.79,13.83
1760005800,13.84,13.84,13.76,13.78
1760007600,13.78,13.79,13.68,13.76
1760009400,13.76,13.8,13.72,13.74
1760011200,13.73,13.76,13.72,13.73
1760013000,13.73,13.74,13.63,13.66
1760014800,13.65,13.8,13.62,13.74
1760016600,13.75,13.76,13.69,13.71
1760018400,13.71,13.77,13.66,13.69
1760020200,13.69,13.7,13.6,13.69
1760022000,13.78,13.78,13.78,13.78
1760077800,13.78,13.78,13.78,13.78
1760079600,13.77,14.01,13.73,13.99
1760081400,13.99,14.04,13.95,14.01
1760083200,14.01,14.02,13.93,13.94
1760085000,13.94,13.95,13.8,13.83
1760086800,13.84,13.85,13.8,13.81
1760088600,13.8,13.82,13.74,13.75
1760090400,13.75,13.81,13.74,13.79
1760092200,13.79,13.82,13.78,13.81
1760094000,13.81,13.87,13.8,13.82
1760095800,13.83,13.85,13.78,13.8
1760097600,13.79,13.83,13.78,13.79
1760099400,13.78,13.8,13.72,13.74
1760101200,13.74,13.77,13.73,13.76
1760103000,13.76,13.76,13.66,13.73
1760104800,13.73,13.79,13.71,13.74
1760106600,13.74,13.8,13.71,13.79
1760108400,13.82,13.82,13.82,13.82
1760337000,13.7,13.7,13.7,13.7
1760338800,13.69,13.69,13.56,13.63
1760340600,13.63,13.63,13.57,13.58
1760342400,13.58,13.74,13.54,13.72
1760344200,13.72,13.8,13.7,13.77
1760346000,13.76,13.78,13.71,13.74
1760347800,13.74,13.75,13.71,13.73
1760349600,13.72,13.74,13.69,13.74
1760351400,13.73,13.81,13.71,13.78
1760353200,13.78,13.84,13.74,13.79
1760355000,13.78,13.86,13.76,13.76
1760356800,13.77,13.77,13.73,13.74
1760358600,13.74,13.8,13.73,13.76
1760360400,13.76,13.83,13.66,13.72
1760362200,13.72,13.74,13.7,13.73
1760364000,13.73,13.75,13.67,13.72
1760365800,13.71,13.73,13.68,13.72
1760367600,13.72,13.72,13.72,13.72
1760423400,13.72,13.72,13.72,13.72
1760425200,13.73,13.81,13.68,13.72
1760427000,13.73,13.75,13.58,13.65
1760428800,13.64,13.74,13.62,13.69
1760430600,13.69,13.73,13.66,13.69
1760432400,13.7,13.72,13.67,13.67
1760434200,13.67,13.71,13.65,13.67
1760436000,13.67,13.71,13.62,13.63
1760437800,13.62,13.64,13.56,13.6
1760439600,13.6,13.6,13.53,13.54
1760441400,13.54,13.58,13.47,13.48
1760443200,13.47,13.61,13.47,13.59
1760445000,13.59,13.66,13.56,13.62
1760446800,13.62,13.62,13.46,13.5
1760448600,13.49,13.51,13.44,13.45
1760450400,13.45,13.48,13.42,13.43
1760452200,13.43,13.45,13.37,13.4
1760454000,13.39,13.39,13.39,13.39
1760509800,13.43,13.43,13.43,13.43
1760511600,13.44,13.58,13.43,13.52
1760513400,13.53,13.6,13.51,13.51
1760515200,13.5,13.67,13.5,13.65
1760517000,13.65,13.76,13.63,13.71
1760518800,13.7,13.93,13.68,13.88
1760520600,13.89,14.02,13.88,13.97
1760522400,13.96,14.05,13.96,13.98
1760524200,13.98,14.17,13.98,14.09
1760526000,14.09,14.19,14.04,14.19
1760527800,14.19,14.22,14.13,14.16
1760529600,14.16,14.21,13.92,13.96
1760531400,13.96,14.09,13.95,14.04
1760533200,14.04,14.08,13.95,13.99
1760535000,13.98,14.01,13.9,13.95
1760536800,13.95,14.01,13.9,13.99
1760538600,13.99,14.08,13.96,14.07
1760540400,14,14,14,14
1760596200,14,14,14,14
1760598000,14,14.33,13.94,14.21
1760599800,14.22,14.22,14.01,14.07
1760601600,14.07,14.14,14.02,14.13
1760603400,14.13,14.19,14.08,14.12
1760605200,14.12,14.16,14.03,14.04
1760607000,14.04,14.09,14.02,14.06
1760608800,14.05,14.08,13.97,14.04
1760610600,14.04,14.07,14.04,14.05
1760612400,14.05,14.05,13.87,13.96
1760614200,13.97,14,13.87,13.88
1760616000,13.87,14,13.86,13.98
1760617800,13.98,13.98,13.93,13.96
1760619600,13.96,14.02,13.95,13.95
1760621400,13.95,13.97,13.91,13.97
1760623200,13.97,13.98,13.91,13.96
1760625000,13.95,13.96,13.86,13.89
1760626800,13.9,13.9,13.9,13.9
1760682600,13.91,13.91,13.91,13.91
1760684400,13.92,14.11,13.88,14.03
1760686200,14.02,14.1,13.95,13.96
1760688000,13.97,14,13.87,13.94
1760689800,13.93,13.96,13.84,13.91
1760691600,13.91,13.97,13.82,13.92
1760693400,13.91,13.94,13.88,13.92
1760695200,13.92,13.94,13.84,13.84
1760697000,13.84,13.89,13.82,13.85
1760698800,13.85,14.05,13.84,14.04
1760700600,14.04,14.07,13.93,13.98
1760702400,13.98,14,13.88,13.9
1760704200,13.9,13.98,13.87,13.95
1760706000,13.95,14.15,13.94,14.13
1760707800,14.12,14.43,14.11,14.41
1760709600,14.41,14.49,14.23,14.23
1760711400,14.22,14.28,14.15,14.23
1760713200,14.28,14.28,14.28,14.28
1760941800,14.52,14.52,14.52,14.52
1760943600,14.53,14.55,14.02,14.03
1760945400,14.03,14.29,13.95,14.23
1760947200,14.24,14.43,14.18,14.34
1760949000,14.34,14.48,14.33,14.46
1760950800,14.46,14.6,14.44,14.55
1760952600,14.55,14.73,14.54,14.61
1760954400,14.61,14.65,14.57,14.63
1760956200,14.63,14.65,14.59,14.61
1760958000,14.61,14.65,14.56,14.63
1760959800,14.64,14.67,14.6,14.66
1760961600,14.66,14.68,14.61,14.68
1760963400,14.68,14.8,14.67,14.72
1760965200,14.73,14.78,14.72,14.76
1760967000,14.77,14.8,14.73,14.78
1760968800,14.78,14.78,14.64,14.66
1760970600,14.66,14.76,14.65,14.7
1760972400,14.74,14.74,14.74,14.74
1761028200,14.78,14.78,14.78,14.78
1761030000,14.78,14.79,14.43,14.46
1761031800,14.46,14.47,14.28,14.39
1761033600,14.39,14.42,14.31,14.32
1761035400,14.32,14.36,14.2,14.25
1761037200,14.24,14.26,14.17,14.22
1761039000,14.22,14.24,14.13,14.2
1761040800,14.2,14.26,14.19,14.22
1761042600,14.21,14.26,14.18,14.2
1761044400,14.2,14.23,14.17,14.22
1761046200,14.21,14.24,14.2,14.21
1761048000,14.21,14.27,14.18,14.23
1761049800,14.23,14.25,14.19,14.23
1761051600,14.23,14.37,14.23,14.29
1761053400,14.3,14.33,14.19,14.2
1761055200,14.2,14.28,14.16,14.26
1761057000,14.25,14.26,14.18,14.21
1761058800,14.28,14.28,14.28,14.28
1761114600,14.28,14.28,14.28,14.28
1761116400,14.29,14.34,14.15,14.31
1761118200,14.31,14.59,14.3,14.59
1761120000,14.58,14.64,14.54,14.6
1761121800,14.59,14.6,14.49,14.52
1761123600,14.52,14.55,14.45,14.47
1761125400,14.46,14.48,14.39,14.41
1761127200,14.41,14.42,14.35,14.41
1761129000,14.4,14.47,14.4,14.43
1761130800,14.43,14.45,14.38,14.39
1761132600,14.39,14.42,14.35,14.39
1761134400,14.38,14.46,14.36,14.44
1761136200,14.44,14.53,14.43,14.46
1761138000,14.46,14.48,14.36,14.41
1761139800,14.41,14.43,14.39,14.4
1761141600,14.41,14.45,14.38,14.38
1761143400,14.39,14.43,14.34,14.36
1761145200,14.35,14.35,14.35,14.35
1761201000,14.35,14.35,14.35,14.35
1761202800,14.34,14.41,14.27,14.34
1761204600,14.34,14.46,14.28,14.35
1761206400,14.34,14.36,14.3,14.33
1761208200,14.32,14.35,14.22,14.23
1761210000,14.22,14.23,14.11,14.13
1761211800,14.13,14.15,14.05,14.1
1761213600,14.09,14.12,14.07,14.1
1761215400,14.1,14.11,14.05,14.09
1761217200,14.1,14.1,14.01,14.03
1761219000,14.03,14.05,13.96,14.03
1761220800,14.02,14.09,13.99,14.01
1761222600,14,14.08,13.97,14.05
1761224400,14.05,14.06,13.98,14.05
1761226200,14.05,14.08,14.01,14.03
1761228000,14.03,14.03,13.95,13.97
1761229800,13.96,13.97,13.9,13.91
1761231600,13.87,13.87,13.87,13.87
1761287400,13.94,13.94,13.94,13.94
1761289200,13.94,14,13.88,13.94
1761291000,13.95,14.01,13.93,13.98
1761292800,13.98,14.43,13.98,14.36
1761294600,14.37,14.5,14.29,14.31
1761296400,14.31,14.39,14.29,14.32
1761298200,14.32,14.33,14.27,14.32
1761300000,14.32,14.58,14.3,14.5
1761301800,14.5,14.58,14.46,14.48
1761303600,14.48,14.48,14.41,14.42
1761305400,14.42,14.46,14.38,14.41
1761307200,14.41,14.48,14.37,14.42
1761309000,14.42,14.51,14.4,14.5
1761310800,14.51,14.56,14.46,14.47
1761312600,14.49,14.52,14.46,14.5
1761314400,14.5,14.52,14.42,14.44
1761316200,14.44,14.51,14.41,14.48
1761318000,14.45,14.45,14.45,14.45
1761546600,14.45,14.45,14.45,14.45
1761548400,14.46,14.56,14.41,14.44
1761550200,14.44,14.45,14.28,14.35
1761552000,14.35,14.46,14.34,14.38
1761553800,14.38,14.42,14.36,14.37
1761555600,14.37,14.4,14.32,14.39
1761557400,14.39,14.39,14.31,14.34
1761559200,14.34,14.34,14.24,14.34
1761561000,14.34,14.48,14.33,14.41
1761562800,14.41,14.42,14.31,14.33
1761564600,14.33,14.34,14.22,14.23
1761566400,14.23,14.28,14.2,14.27
1761568200,14.27,14.33,14.26,14.32
1761570000,14.32,14.33,14.29,14.29
1761571800,14.29,14.39,14.28,14.35
1761573600,14.35,14.38,14.32,14.34
1761575400,14.34,14.39,14.31,14.37
1761577200,14.41,14.41,14.41,14.41
1761633000,14.41,14.41,14.41,14.41
1761634800,14.41,14.43,14.33,14.36
1761636600,14.35,14.44,14.33,14.42
1761638400,14.42,14.49,14.41,14.47
1761640200,14.47,14.52,14.45,14.49
1761642000,14.48,14.52,14.43,14.49
1761643800,14.52,14.52,14.52,14.52
1761805800,14.52,14.52,14.52,14.52
1761807600,14.52,14.61,14.42,14.5
1761809400,14.5,14.54,14.43,14.45
1761811200,14.45,14.49,14.4,14.45
1761813000,14.45,14.56,14.45,14.49
1761814800,14.5,14.52,14.46,14.48
1761816600,14.48,14.51,14.48,14.5
1761818400,14.5,14.54,14.49,14.52
1761820200,14.53,14.53,14.44,14.46
1761822000,14.47,14.49,14.42,14.44
1761823800,14.43,14.45,14.39,14.43
1761825600,14.43,14.46,14.42,14.46
1761827400,14.46,14.47,14.42,14.44
1761829200,14.44,14.44,14.38,14.41
1761831000,14.41,14.44,14.39,14.43
1761832800,14.43,14.44,14.35,14.38
1761834600,14.38,14.44,14.35,14.4
1761836400,14.44,14.44,14.44,14.44
1761892200,14.44,14.44,14.44,14.44
1761894000,14.44,14.46,14.36,14.39
1761895800,14.39,14.4,14.34,14.35
1761897600,14.35,14.49,14.35,14.39
1761899400,14.4,14.44,14.38,14.41
1761901200,14.41,14.44,14.39,14.43
1761903000,14.43,14.53,14.42,14.5
1761904800,14.5,14.54,14.49,14.52
1761906600,14.52,14.58,14.51,14.54
1761908400,14.54,14.55,14.49,14.52
1761910200,14.52,14.52,14.46,14.47
1761912000,14.48,14.49,14.44,14.46
1761913800,14.45,14.46,14.41,14.43
1761915600,14.44,14.46,14.43,14.44
1761917400,14.45,14.48,14.43,14.46
1761919200,14.47,14.49,14.44,14.45
1761921000,14.45,14.51,14.4,14.5
1761922800,14.53,14.53,14.53,14.53
1762151400,14.53,14.53,14.53,14.53
1762153200,14.54,14.78,14.54,14.71
1762155000,14.7,14.76,14.69,14.71
1762156800,14.71,14.77,14.7,14.72
1762158600,14.72,14.81,14.69,14.79
1762160400,14.79,14.81,14.76,14.79
1762162200,14.79,14.85,14.79,14.82
1762164000,14.82,14.83,14.76,14.77
1762165800,14.77,14.78,14.73,14.73
1762167600,14.73,14.75,14.7,14.71
1762169400,14.71,14.74,14.7,14.74
1762171200,14.73,14.76,14.72,14.73
1762173000,14.73,14.74,14.7,14.73
1762174800,14.72,14.74,14.68,14.73
1762176600,14.73,14.8,14.67,14.72
1762178400,14.72,14.74,14.67,14.68
1762180200,14.68,14.72,14.62,14.72
1762182000,14.71,14.71,14.69,14.69
1762237800,14.69,14.69,14.69,14.69
1762239600,14.69,14.7,14.55,14.6
1762241400,14.6,14.62,14.53,14.59
1762243200,14.58,14.61,14.49,14.51
1762245000,14.51,14.53,14.43,14.44
1762246800,14.43,14.47,14.4,14.43
1762248600,14.42,14.43,14.38,14.4
1762250400,14.41,14.42,14.34,14.36
1762252200,14.36,14.4,14.34,14.38
1762254000,14.38,14.42,14.36,14.41
1762255800,14.41,14.44,14.37,14.38
1762257600,14.38,14.39,14.34,14.39
1762259400,14.39,14.39,14.34,14.36
1762261200,14.36,14.4,14.35,14.38
1762263000,14.37,14.39,14.33,14.36
1762264800,14.36,14.38,14.29,14.31
1762266600,14.31,14.36,14.28,14.35
1762268400,14.4,14.4,14.4,14.4
1762324200,14.51,14.51,14.51,14.51
1762326000,14.51,14.58,14.38,14.5
1762327800,14.51,14.52,14.45,14.49
1762329600,14.49,14.66,14.47,14.64
1762331400,14.65,14.7,14.63,14.69
1762333200,14.69,14.71,14.58,14.6
1762335000,14.59,14.6,14.54,14.59
1762336800,14.59,14.59,14.51,14.55
1762338600,14.56,14.62,14.56,14.57
1762340400,14.57,14.59,14.56,14.57
1762342200,14.57,14.67,14.56,14.67
1762344000,14.67,14.76,14.65,14.75
1762345800,14.75,14.77,14.69,14.77
1762347600,14.77,14.84,14.72,14.82
1762349400,14.83,14.91,14.82,14.9
1762351200,14.9,14.92,14.84,14.86
1762353000,14.86,14.89,14.79,14.83
1762354800,14.79,14.79,14.79,14.79
1762410600,14.82,14.82,14.82,14.82
1762412400,14.81,14.82,14.52,14.75
1762414200,14.75,14.76,14.59,14.61
1762416000,14.61,14.75,14.61,14.69
1762417800,14.69,14.73,14.59,14.72
1762419600,14.72,14.73,14.67,14.69
1762421400,14.69,14.73,14.68,14.7
1762423200,14.7,14.74,14.69,14.72
1762425000,14.72,14.73,14.69,14.72
1762426800,14.72,14.82,14.7,14.82
1762428600,14.82,14.84,14.72,14.73
1762430400,14.73,14.8,14.72,14.76
1762432200,14.76,14.81,14.74,14.79
1762434000,14.79,14.84,14.72,14.73
1762435800,14.73,14.87,14.73,14.79
1762437600,14.79,15.09,14.78,14.99
1762439400,15,15.02,14.83,14.86
1762441200,14.84,14.84,14.84,14.84
1762497000,14.86,14.86,14.86,14.86
1762498800,14.86,14.95,14.8,14.82
1762500600,14.82,14.82,14.66,14.66
1762502400,14.67,14.69,14.54,14.55
1762504200,14.55,14.55,14.41,14.43
1762506000,14.43,14.47,14.4,14.44
1762507800,14.44,14.45,14.38,14.39
1762509600,14.38,14.42,14.32,14.39
1762511400,14.39,14.4,14.32,14.38
1762513200,14.38,14.45,14.34,14.4
1762515000,14.39,14.41,14.36,14.39
1762516800,14.39,14.46,14.34,14.34
1762518600,14.35,14.37,14.32,14.36
1762520400,14.36,14.38,14.33,14.38
1762522200,14.38,14.41,14.31,14.32
1762524000,14.32,14.38,14.28,14.33
1762525800,14.32,14.41,14.32,14.4
1762527600,14.4,14.43,14.4,14.43
1762756200,14.47,14.47,14.47,14.47
1762758000,14.48,14.51,14.39,14.44
1762759800,14.44,14.56,14.43,14.55
1762761600,14.56,14.59,14.33,14.34
1762763400,14.34,14.39,14.29,14.36
1762765200,14.35,14.38,14.3,14.31
1762767000,14.3,14.32,14.21,14.22
1762768800,14.22,14.33,14.21,14.32
1762770600,14.33,14.33,14.25,14.26
1762772400,14.26,14.29,14.25,14.27
1762774200,14.27,14.29,14.25,14.29
1762776000,14.29,14.36,14.28,14.33
1762777800,14.33,14.34,14.29,14.31
1762779600,14.31,14.37,14.3,14.34
1762781400,14.34,14.37,14.31,14.31
1762783200,14.3,14.36,14.3,14.32
1762785000,14.31,14.34,14.26,14.26
1762786800,14.21,14.21,14.21,14.21
1762842600,14.25,14.25,14.25,14.25
1762844400,14.26,14.28,14.19,14.22
1762846200,14.22,14.43,14.16,14.37
1762848000,14.37,14.56,14.36,14.52
1762849800,14.53,14.56,14.48,14.53
1762851600,14.52,14.55,14.47,14.54
1762853400,14.54,14.62,14.49,14.49
1762855200,14.5,14.51,14.46,14.47
1762857000,14.47,14.49,14.4,14.42
1762858800,14.41,14.43,14.39,14.4
1762860600,14.4,14.41,14.32,14.35
1762862400,14.35,14.39,13.82,13.92
1762864200,13.92,14.23,13.66,14.14
1762866000,14.15,14.25,14.04,14.09
1762867800,14.08,14.13,14,14.07
1762869600,14.06,14.18,14.04,14.16
1762871400,14.15,14.21,14.11,14.16
1762873200,14.11,14.11,14.11,14.11
1762929000,14.18,14.18,14.18,14.18
1762930800,14.18,14.31,14.06,14.14
1762932600,14.13,14.24,14.12,14.16
1762934400,14.16,14.38,14.14,14.37
1762936200,14.37,14.4,14.31,14.38
1762938000,14.38,14.52,14.38,14.47
1762939800,14.46,14.47,14.39,14.4
1762941600,14.4,14.44,14.37,14.39
1762943400,14.39,14.42,14.37,14.42
1762945200,14.42,14.44,14.38,14.4
1762947000,14.39,14.46,14.38,14.39
1762948800,14.38,14.42,14.36,14.38
1762950600,14.38,14.39,14.31,14.31
1762952400,14.32,14.33,14.25,14.27
1762954200,14.28,14.31,14.25,14.25
1762956000,14.25,14.33,14.23,14.29
1762957800,14.29,14.39,14.29,14.35
1762959600,14.35,14.35,14.35,14.35
1763015400,14.42,14.42,14.42,14.42
1763017200,14.42,14.47,14.34,14.35
1763019000,14.35,14.51,14.3,14.46
1763020800,14.47,14.54,14.44,14.51
1763022600,14.52,14.55,14.47,14.48
1763024400,14.48,14.55,14.46,14.52
1763026200,14.52,14.53,14.48,14.51
1763028000,14.5,14.51,14.37,14.42
1763029800,14.42,14.45,14.35,14.37
1763031600,14.37,14.41,14.33,14.33
1763033400,14.33,14.39,14.32,14.39
1763035200,14.39,14.49,14.36,14.48
1763037000,14.47,14.48,14.4,14.41
1763038800,14.41,14.41,14.37,14.39
1763040600,14.39,14.42,14.35,14.36
1763042400,14.35,14.41,14.33,14.36
1763044200,14.36,14.38,14.31,14.32
1763046000,14.33,14.34,14.32,14.32
1763101800,14.32,14.32,14.32,14.32
1763103600,14.31,14.32,14.16,14.18
1763105400,14.17,14.28,14.13,14.22
1763107200,14.22,14.28,14.16,14.21
1763109000,14.21,14.25,14.19,14.24
1763110800,14.25,14.36,14.21,14.3
1763112600,14.31,14.35,14.28,14.34
1763114400,14.34,14.35,14.28,14.29
1763116200,14.29,14.34,14.28,14.32
1763118000,14.32,14.33,14.21,14.25
1763119800,14.26,14.26,14.16,14.18
1763121600,14.19,14.19,14.12,14.13
1763123400,14.14,14.16,14.1,14.13
1763125200,14.13,14.18,14.11,14.12
1763127000,14.12,14.2,14.12,14.17
1763128800,14.17,14.25,14.16,14.22
1763130600,14.22,14.28,14.18,14.22
1763132400,14.2,14.23,14.2,14.23
1763361000,14.26,14.26,14.26,14.26
1763362800,14.27,14.57,14.26,14.52
1763364600,14.51,14.61,14.41,14.42
1763366400,14.42,14.53,14.4,14.45
1763368200,14.45,14.54,14.42,14.52
1763370000,14.52,14.58,14.5,14.53
1763371800,14.53,14.6,14.52,14.55
1763373600,14.55,14.55,14.48,14.5
1763375400,14.51,14.71,14.5,14.69
1763377200,14.69,14.71,14.61,14.62
1763379000,14.62,14.69,14.61,14.63
1763380800,14.63,14.69,14.63,14.68
1763382600,14.67,14.7,14.62,14.64
1763384400,14.63,14.65,14.55,14.56
1763386200,14.57,14.57,14.45,14.49
1763388000,14.49,14.55,14.47,14.5
1763389800,14.5,14.55,14.47,14.5
1763391600,14.48,14.48,14.48,14.48
1763447400,14.43,14.43,14.43,14.43
1763449200,14.43,14.69,14.35,14.68
1763451000,14.68,14.85,14.67,14.76
1763452800,14.77,14.83,14.73,14.81
1763454600,14.81,14.9,14.81,14.85
1763456400,14.85,14.85,14.76,14.79
1763458200,14.78,14.81,14.71,14.72
1763460000,14.71,14.72,14.6,14.62
1763461800,14.61,14.67,14.57,14.66
1763463600,14.65,14.7,14.62,14.63
1763465400,14.62,14.63,14.53,14.54
1763467200,14.54,14.55,14.49,14.54
1763469000,14.55,14.59,14.5,14.51
1763470800,14.52,14.58,14.5,14.55
1763472600,14.55,14.6,14.55,14.58
1763474400,14.57,14.62,14.52,14.59
1763476200,14.59,14.69,14.59,14.66
1763478000,14.7,14.7,14.7,14.7
1763533800,14.77,14.77,14.77,14.77
1763535600,14.77,14.79,14.68,14.76
1763537400,14.75,14.82,14.73,14.81
1763539200,14.81,14.94,14.81,14.9
1763541000,14.9,14.91,14.82,14.83
1763542800,14.83,14.84,14.76,14.8
1763544600,14.79,14.82,14.73,14.77
1763546400,14.77,14.8,14.73,14.77
1763548200,14.77,14.78,14.72,14.77
1763550000,14.77,14.87,14.76,14.87
1763551800,14.86,15.03,14.86,14.9
1763553600,14.9,15.2,14.9,15.07
1763555400,15.07,15.19,15.05,15.15
1763557200,15.16,15.19,15.13,15.16
1763559000,15.16,15.21,15.12,15.18
1763560800,15.18,15.22,15.09,15.13
1763562600,15.13,15.19,15.07,15.13
1763564400,15.11,15.11,15.11,15.11
1763620200,15.16,15.16,15.16,15.16
1763622000,15.16,15.34,15.09,15.17
1763623800,15.17,15.33,15.11,15.29
1763625600,15.29,15.29,15.17,15.2
1763627400,15.2,15.2,15.05,15.08
1763629200,15.07,15.09,15.02,15.03
1763631000,15.04,15.06,14.94,14.98
1763632800,14.98,14.98,14.92,14.94
1763634600,14.95,14.95,14.91,14.95
1763636400,14.94,15.03,14.92,14.95
1763638200,14.95,14.96,14.88,14.92
1763640000,14.91,15.05,14.9,14.99
1763641800,14.99,15.05,14.99,15
1763643600,15,15.01,14.95,14.99
1763645400,14.99,15.01,14.95,15
1763647200,15,15.01,14.91,14.94
1763649000,14.94,15,14.92,14.94
1763650800,14.95,15.03,14.95,15.03
1763706600,14.99,14.99,14.99,14.99
1763708400,14.98,15.05,14.89,14.96
1763710200,14.96,14.96,14.81,14.83
1763712000,14.83,14.87,14.82,14.86
1763713800,14.85,14.88,14.77,14.86
1763715600,14.85,14.92,14.81,14.83
1763717400,14.82,14.83,14.73,14.77
1763719200,14.76,14.77,14.68,14.71
1763721000,14.7,14.73,14.65,14.7
1763722800,14.7,14.83,14.69,14.8
1763724600,14.81,14.83,14.71,14.74
1763726400,14.74,14.74,14.64,14.68
1763728200,14.68,14.8,14.68,14.79
1763730000,14.79,14.8,14.72,14.75
1763731800,14.75,14.82,14.75,14.79
1763733600,14.8,14.9,14.77,14.78
1763735400,14.78,14.92,14.76,14.92
1763737200,14.92,14.95,14.92,14.95
1763965800,15.14,15.14,15.14,15.14
1763967600,15.15,15.91,15.15,15.82
1763969400,15.83,16,15.5,15.57
1763971200,15.57,15.79,15.53,15.6
1763973000,15.59,15.82,15.57,15.76
1763974800,15.77,15.77,15.47,15.53
1763976600,15.53,15.56,15.38,15.45
1763978400,15.45,15.45,15.35,15.42
1763980200,15.42,15.48,15.4,15.42
1763982000,15.42,15.72,15.37,15.6
1763983800,15.6,15.85,15.53,15.79
1763985600,15.79,15.89,15.72,15.76
1763987400,15.76,15.88,15.71,15.81
1763989200,15.82,15.95,15.73,15.86
1763991000,15.86,15.92,15.82,15.83
1763992800,15.82,15.87,15.78,15.8
1763994600,15.8,15.88,15.75,15.79
1763996400,15.74,15.74,15.74,15.74
1764052200,15.74,15.74,15.74,15.74
1764054000,15.73,15.77,15.63,15.7
1764055800,15.7,15.73,15.56,15.56
1764057600,15.56,15.81,15.51,15.77
1764059400,15.77,15.85,15.71,15.75
1764061200,15.76,15.82,15.72,15.74
1764063000,15.74,15.79,15.7,15.72
1764064800,15.72,15.74,15.68,15.73
1764066600,15.73,15.76,15.64,15.68
1764068400,15.68,15.73,15.64,15.73
1764070200,15.73,15.77,15.69,15.74
1764072000,15.74,15.89,15.73,15.81
1764073800,15.8,16.7,15.62,16.58
1764075600,16.58,16.59,16.2,16.27
1764077400,16.28,16.32,16.06,16.16
1764079200,16.14,16.26,15.99,16.09
1764081000,16.09,16.1,15.86,15.94
1764082800,16,16,16,16
1764138600,15.98,15.98,15.98,15.98
1764140400,15.97,16.01,15.69,15.74
1764142200,15.74,15.89,15.73,15.89
1764144000,15.89,16.15,15.87,16.05
1764145800,16.05,16.06,15.91,16
1764147600,15.99,16.01,15.96,15.97
1764149400,15.97,16.03,15.96,15.98
1764151200,15.98,16,15.75,15.79
1764153000,15.79,15.81,15.74,15.76
1764154800,15.76,15.83,15.72,15.83
1764156600,15.82,15.93,15.78,15.87
1764158400,15.87,16,15.86,15.98
1764160200,15.98,15.99,15.95,15.98
1764162000,15.99,15.99,15.91,15.98
1764163800,15.98,16.01,15.95,15.97
1764165600,15.98,16.01,15.95,15.97
1764167400,15.97,16.01,15.91,15.93
1764169200,15.94,15.94,15.94,15.94
1764225000,16.09,16.09,16.09,16.09
1764226800,16.08,16.29,16.01,16.21
1764228600,16.2,16.3,16.14,16.22
1764230400,16.23,16.3,16.17,16.19
1764232200,16.19,16.26,16.16,16.25
1764234000,16.25,16.33,16.16,16.32
1764235800,16.32,16.33,16.24,16.32
1764237600,16.31,16.35,16.24,16.25
1764239400,16.25,16.25,16.15,16.21
1764241200,16.19,16.35,16.19,16.35
1764243000,16.35,16.39,16.32,16.38
1764244800,16.38,16.4,16.33,16.34
1764246600,16.35,16.35,16.31,16.31
1764248400,16.31,16.33,16.29,16.32
1764250200,16.32,16.55,16.29,16.36
1764252000,16.36,16.41,16.29,16.31
1764253800,16.31,16.33,16.26,16.28
1764255600,16.28,16.28,16.28,16.28
1764311400,16.25,16.25,16.25,16.25
1764313200,16.25,16.29,16.16,16.2
1764315000,16.21,16.27,16.06,16.06
1764316800,16.07,16.24,16.05,16.23
1764318600,16.23,16.26,16.21,16.25
1764320400,16.25,16.28,16.21,16.23
1764322200,16.23,16.24,16.17,16.2
1764324000,16.21,16.24,16.19,16.21
1764325800,16.21,16.23,16.18,16.21
1764327600,16.21,16.25,16.18,16.23
1764329400,16.23,16.23,16.02,16.05
1764331200,16.05,16.07,16.03,16.04
1764333000,16.04,16.07,15.98,16
1764334800,16,16.03,15.97,15.99
1764336600,15.99,16.03,15.97,15.98
1764338400,15.97,16.02,15.87,15.88
1764340200,15.88,15.88,15.79,15.82
1764342000,15.79,15.79,15.79,15.79
1764570600,15.79,15.79,15.79,15.79
1764572400,15.78,15.79,15.67,15.75
1764574200,15.76,15.89,15.71,15.88
1764576000,15.88,15.93,15.77,15.93
1764577800,15.93,15.95,15.88,15.94
1764579600,15.95,15.99,15.93,15.98
1764581400,15.98,16.12,15.91,15.92
1764583200,15.92,15.98,15.89,15.94
1764585000,15.93,15.97,15.92,15.94
1764586800,15.94,15.96,15.93,15.95
1764588600,15.95,15.95,15.91,15.92
1764590400,15.91,15.93,15.9,15.92
1764592200,15.93,16.01,15.93,16
1764594000,16,16.06,15.99,16.05
1764595800,16.05,16.09,16.03,16.05
1764597600,16.06,16.19,16.05,16.13
1764599400,16.14,16.2,16.11,16.16
1764601200,16.19,16.19,16.19,16.19
1764657000,16.2,16.2,16.2,16.2
1764658800,16.2,16.2,16.04,16.15
1764660600,16.14,16.17,16.05,16.08
1764662400,16.08,16.1,16.02,16.04
1764664200,16.05,16.13,16.01,16.07
1764666000,16.08,16.12,16.04,16.07
1764667800,16.07,16.07,16.02,16.04
1764669600,16.03,16.12,16.03,16.08
1764671400,16.07,16.08,16.01,16.03
1764673200,16.03,16.04,16.02,16.03
1764675000,16.03,16.13,15.97,16.12
1764676800,16.12,16.12,16.05,16.07
1764678600,16.07,16.07,15.98,16
1764680400,16.01,16.03,15.99,16.03
1764682200,16.03,16.07,15.97,16.01
1764684000,16,16.02,15.92,15.95
1764685800,15.96,16.02,15.94,15.95
1764687600,15.95,15.95,15.95,15.95
1764743400,15.89,15.89,15.89,15.89
1764745200,15.88,16.08,15.77,15.87
1764747000,15.86,15.92,15.81,15.85
1764748800,15.85,15.89,15.7,15.71
1764750600,15.71,15.76,15.6,15.73
1764752400,15.73,15.78,15.7,15.76
1764754200,15.76,15.83,15.75,15.78
1764756000,15.78,15.93,15.76,15.88
1764757800,15.89,15.92,15.8,15.8
1764759600,15.8,15.85,15.78,15.85
1764761400,15.85,15.89,15.82,15.84
1764763200,15.84,15.9,15.82,15.86
1764765000,15.85,15.89,15.79,15.86
1764766800,15.86,15.9,15.82,15.83
1764768600,15.83,15.85,15.78,15.8
1764770400,15.8,15.82,15.77,15.8
1764772200,15.8,15.81,15.75,15.79
1764774000,15.77,15.77,15.77,15.77
1764829800,15.79,15.79,15.79,15.79
1764831600,15.8,15.91,15.8,15.89
1764833400,15.88,15.94,15.86,15.88
1764835200,15.89,15.91,15.84,15.89
1764837000,15.89,15.9,15.77,15.79
1764838800,15.78,15.83,15.77,15.82
1764840600,15.82,15.86,15.81,15.83
1764842400,15.83,15.85,15.8,15.84
1764844200,15.83,15.84,15.76,15.76
1764846000,15.76,15.77,15.66,15.67
1764847800,15.67,15.69,15.64,15.67
1764849600,15.66,15.69,15.62,15.67
1764851400,15.66,15.69,15.63,15.66
1764853200,15.67,15.75,15.64,15.71
1764855000,15.71,15.71,15.66,15.67
1764856800,15.67,15.78,15.66,15.77
1764858600,15.77,15.83,15.65,15.66
1764860400,15.67,15.67,15.64,15.64
1764916200,15.7,15.7,15.7,15.7
1764918000,15.7,15.78,15.67,15.78
1764919800,15.77,15.83,15.72,15.81
1764921600,15.81,15.89,15.81,15.85
1764923400,15.86,15.86,15.83,15.83
1764925200,15.84,15.85,15.75,15.79
1764927000,15.78,15.79,15.67,15.69
1764928800,15.7,15.81,15.66,15.77
1764930600,15.77,15.82,15.75,15.8
1764932400,15.8,15.85,15.79,15.83
1764934200,15.82,15.83,15.67,15.7
1764936000,15.7,15.72,15.66,15.69
1764937800,15.7,15.7,15.66,15.68
1764939600,15.67,15.72,15.67,15.67
1764941400,15.67,15.69,15.55,15.56
1764943200,15.56,15.63,15.47,15.62
1764945000,15.61,15.67,15.6,15.67
1764946800,15.69,15.69,15.69,15.69
1765175400,15.73,15.73,15.73,15.73
1765177200,15.74,15.96,15.74,15.94
1765179000,15.94,15.98,15.88,15.91
1765180800,15.91,15.97,15.89,15.92
1765182600,15.92,15.97,15.9,15.96
1765184400,15.97,15.98,15.91,15.93
1765186200,15.93,15.94,15.86,15.89
1765188000,15.89,15.92,15.87,15.92
1765189800,15.92,15.93,15.89,15.89
1765191600,15.9,15.9,15.84,15.84
1765193400,15.85,15.94,15.84,15.93
1765195200,15.93,15.94,15.89,15.9
1765197000,15.91,15.91,15.85,15.87
1765198800,15.86,15.92,15.85,15.9
1765200600,15.9,15.9,15.84,15.86
1765202400,15.86,15.93,15.84,15.87
1765204200,15.87,15.91,15.79,15.8
1765206000,15.85,15.85,15.85,15.85
1765261800,15.85,15.85,15.85,15.85
1765263600,15.85,15.87,15.78,15.84
1765265400,15.84,15.84,15.75,15.79
1765267200,15.79,15.79,15.7,15.76
1765269000,15.76,15.76,15.67,15.68
1765270800,15.67,15.69,15.57,15.62
1765272600,15.62,15.64,15.58,15.59
1765274400,15.58,15.59,15.53,15.54
1765276200,15.54,15.57,15.53,15.56
1765278000,15.56,15.59,15.55,15.58
1765279800,15.58,15.68,15.57,15.64
1765281600,15.65,15.67,15.63,15.65
1765283400,15.64,15.76,15.64,15.71
1765285200,15.72,15.73,15.68,15.7
1765287000,15.7,15.71,15.61,15.69
1765288800,15.69,15.77,15.67,15.74
1765290600,15.74,15.77,15.71,15.76
1765292400,15.78,15.78,15.78,15.78
1765348200,15.85,15.85,15.85,15.85
1765350000,15.85,16.18,15.82,16.13
1765351800,16.12,16.16,16.03,16.04
1765353600,16.04,16.06,15.94,15.96
1765355400,15.96,15.98,15.94,15.96
1765357200,15.96,15.97,15.91,15.94
1765359000,15.93,16.05,15.93,16.04
1765360800,16.04,16.04,15.96,15.97
1765362600,15.97,16.01,15.96,15.98
1765364400,15.98,15.98,15.93,15.96
1765366200,15.96,15.97,15.93,15.97
1765368000,15.97,16.07,15.96,16.06
1765369800,16.07,16.07,16.01,16.03
1765371600,16.03,16.05,15.94,15.97
1765373400,15.97,15.97,15.87,15.92
1765375200,15.92,16.03,15.9,15.97
1765377000,15.97,16,15.9,15.9
1765378800,15.89,15.89,15.89,15.89
1765434600,15.96,15.96,15.96,15.96
1765436400,15.97,16.15,15.92,16.1
1765438200,16.1,16.21,16.07,16.17
1765440000,16.18,16.29,16.17,16.27
1765441800,16.28,16.28,16.14,16.16
1765443600,16.16,16.2,16.15,16.17
1765445400,16.17,16.31,16.16,16.25
1765447200,16.26,16.29,16.24,16.25
1765449000,16.25,16.25,16.18,16.2
1765450800,16.2,16.25,16.15,16.23
1765452600,16.23,16.27,16.21,16.23
1765454400,16.23,16.25,16.2,16.23
1765456200,16.22,16.24,16.09,16.12
1765458000,16.12,16.15,16.07,16.07
1765459800,16.06,16.12,16.06,16.11
1765461600,16.11,16.15,15.94,15.99
1765463400,15.99,16.06,15.98,16.03
1765465200,16.03,16.03,16.02,16.02
1765521000,16.02,16.02,16.02,16.02
1765522800,16.03,16.17,16.03,16.08
1765524600,16.09,16.1,16.03,16.04
1765526400,16.05,16.18,16.04,16.14
1765528200,16.15,16.17,16.07,16.07
1765530000,16.08,16.16,16.05,16.1
1765531800,16.09,16.13,16.08,16.11
1765533600,16.11,16.13,16.09,16.12
1765535400,16.12,16.12,16.08,16.1
1765537200,16.1,16.18,16.07,16.13
1765539000,16.13,16.13,16.11,16.13
1765540800,16.12,16.2,16.1,16.19
1765542600,16.19,16.38,16.18,16.3
1765544400,16.3,16.32,16.24,16.27
1765546200,16.27,16.32,16.26,16.32
1765548000,16.31,16.32,16.29,16.31
1765549800,16.31,16.31,16.26,16.28
1765551600,16.32,16.32,16.32,16.32
1765780200,16.32,16.32,16.32,16.32
1765782000,16.33,16.39,16.24,16.26
1765783800,16.25,16.51,16.25,16.38
1765785600,16.38,16.53,16.37,16.51
1765787400,16.5,16.58,16.48,16.53
1765789200,16.53,16.56,16.48,16.51
1765791000,16.51,16.52,16.48,16.51
1765792800,16.5,16.57,16.5,16.55
1765794600,16.54,16.58,16.45,16.47
1765796400,16.47,16.58,16.46,16.5
1765798200,16.5,16.55,16.46,16.47
1765800000,16.48,16.49,16.46,16.47
1765801800,16.47,16.53,16.46,16.51
1765803600,16.51,16.55,16.48,16.5
1765805400,16.49,16.51,16.43,16.45
1765807200,16.46,16.54,16.45,16.47
1765809000,16.47,16.52,16.44,16.51
1765810800,16.5,16.71,16.5,16.71
1765866600,16.99,16.99,16.99,16.99
1765868400,16.99,17.09,16.76,16.77
1765870200,16.78,16.78,16.52,16.59
1765872000,16.59,16.64,16.5,16.59
1765873800,16.59,16.63,16.55,16.57
1765875600,16.58,16.66,16.5,16.57
1765877400,16.57,16.69,16.55,16.68
1765879200,16.68,16.76,16.66,16.68
1765881000,16.69,16.69,16.63,16.64
1765882800,16.64,16.7,16.59,16.66
1765884600,16.66,16.68,16.64,16.66
1765886400,16.66,16.7,16.64,16.65
1765888200,16.65,16.79,16.65,16.75
1765890000,16.75,16.76,16.68,16.7
1765891800,16.69,16.73,16.67,16.68
1765893600,16.68,16.78,16.64,16.76
1765895400,16.76,16.84,16.71,16.77
1765897200,16.75,16.75,16.73,16.73
1765953000,16.69,16.69,16.69,16.69
1765954800,16.68,16.72,16.58,16.71
1765956600,16.71,16.77,16.63,16.7
1765958400,16.7,16.82,16.7,16.71
1765960200,16.71,16.75,16.65,16.67
1765962000,16.68,16.69,16.62,16.64
1765963800,16.64,16.66,16.57,16.6
1765965600,16.6,16.65,16.58,16.61
1765967400,16.61,16.66,16.57,16.59
1765969200,16.58,16.6,16.53,16.54
1765971000,16.55,16.6,16.52,16.55
1765972800,16.55,16.6,16.52,16.58
1765974600,16.58,16.61,16.55,16.59
1765976400,16.59,16.74,16.59,16.73
1765978200,16.73,16.73,16.64,16.66
1765980000,16.66,16.73,16.65,16.69
1765981800,16.69,16.79,16.69,16.75
1765983600,16.83,16.83,16.83,16.83
1766039400,16.8,16.8,16.8,16.8
1766041200,16.79,16.82,16.55,16.78
1766043000,16.79,16.87,16.76,16.85
1766044800,16.85,16.92,16.82,16.84
1766046600,16.85,16.88,16.84,16.87
1766048400,16.87,16.87,16.8,16.82
1766050200,16.82,16.83,16.76,16.77
1766052000,16.77,16.79,16.75,16.76
1766053800,16.77,16.81,16.76,16.81
1766055600,16.81,16.89,16.79,16.86
1766057400,16.85,16.86,16.83,16.85
1766059200,16.84,16.86,16.82,16.83
1766061000,16.83,16.93,16.83,16.84
1766062800,16.84,16.86,16.83,16.85
1766064600,16.85,16.91,16.84,16.84
1766066400,16.84,16.86,16.76,16.8
1766068200,16.8,16.84,16.77,16.83
1766070000,16.82,16.82,16.8,16.8
1766125800,16.84,16.84,16.84,16.84
1766127600,16.84,16.9,16.56,16.57
1766129400,16.57,16.63,16.52,16.59
1766131200,16.59,16.64,16.48,16.5
1766133000,16.5,16.5,16.46,16.49
1766134800,16.48,16.53,16.45,16.46
1766136600,16.45,16.49,16.45,16.48
1766138400,16.48,16.49,16.44,16.46
1766140200,16.45,16.62,16.45,16.55
1766142000,16.55,16.57,16.5,16.52
1766143800,16.52,16.53,16.45,16.49
1766145600,16.49,16.55,16.49,16.53
1766147400,16.53,16.67,16.53,16.66
1766149200,16.66,16.73,16.62,16.71
1766151000,16.71,16.72,16.6,16.65
1766152800,16.64,16.66,16.58,16.58
1766154600,16.59,16.61,16.54,16.55
1766156400,16.54,16.54,16.52,16.52
1766385000,16.52,16.52,16.52,16.52
1766386800,16.52,16.54,16.25,16.42
1766388600,16.41,16.44,16.36,16.39
1766390400,16.38,16.48,16.34,16.44
1766392200,16.45,16.63,16.43,16.61
1766394000,16.6,16.65,16.48,16.5
1766395800,16.5,16.5,16.37,16.41
1766397600,16.4,16.41,16.31,16.32
1766399400,16.32,16.33,16.3,16.33
1766401200,16.33,16.41,16.32,16.36
1766403000,16.37,16.39,16.32,16.32
1766404800,16.32,16.37,16.3,16.33
1766406600,16.32,16.36,16.3,16.33
1766408400,16.33,16.33,16.2,16.24
1766410200,16.23,16.23,16.12,16.14
1766412000,16.13,16.24,16.12,16.22
1766413800,16.22,16.29,16.19,16.2
1766415600,16.18,16.18,16.18,16.18
1766471400,16.15,16.15,16.15,16.15
1766473200,16.15,16.16,15.94,15.95
1766475000,15.95,15.98,15.87,15.9
1766476800,15.9,15.99,15.88,15.99
1766478600,15.99,15.99,15.92,15.92
1766480400,15.94,15.98,15.91,15.92
1766482200,15.92,15.94,15.85,15.87
1766484000,15.87,15.87,15.78,15.8
1766485800,15.8,15.83,15.77,15.79
1766487600,15.78,15.79,15.72,15.75
1766489400,15.74,15.83,15.71,15.78
1766491200,15.78,15.83,15.78,15.79
1766493000,15.79,15.8,15.68,15.7
1766494800,15.69,15.71,15.66,15.69
1766496600,15.68,15.75,15.64,15.64
1766498400,15.64,15.67,15.6,15.64
1766500200,15.64,15.66,15.58,15.6
1766502000,15.58,15.58,15.58,15.58
1766557800,15.56,15.56,15.56,15.56
1766559600,15.55,15.61,15.46,15.49
1766561400,15.48,15.57,15.47,15.53
1766563200,15.53,15.59,15.51,15.53
1766565000,15.54,15.56,15.47,15.48
1766566800,15.48,15.54,15.46,15.52
1766568600,15.52,15.58,15.5,15.55
1766570400,15.55,15.55,15.47,15.5
1766572200,15.49,15.51,15.47,15.48
1766574000,15.48,15.7,15.48,15.56
1766575800,15.57,15.64,15.56,15.61
1766577600,15.61,15.7,15.59,15.7
1766579400,15.69,15.76,15.65,15.72
1766581200,15.72,15.74,15.67,15.69
1766583000,15.7,15.76,15.68,15.7
1766584800,15.7,15.74,15.68,15.72
1766586600,15.72,15.74,15.68,15.72
1766588400,15.72,15.72,15.72,15.72
1766644200,15.71,15.71,15.71,15.71
1766646000,15.72,15.84,15.72,15.83
1766647800,15.84,15.91,15.83,15.86
1766649600,15.86,15.86,15.82,15.83
1766651400,15.82,15.83,15.77,15.79
1766653200,15.79,15.79,15.77,15.78
1766655000,15.78,15.79,15.75,15.76
1766656800,15.76,15.76,15.71,15.74
1766658600,15.74,15.76,15.71,15.74
1766660400,15.73,15.86,15.73,15.85
1766662200,15.85,15.87,15.78,15.79
1766664000,15.79,15.82,15.77,15.79
1766665800,15.78,15.82,15.75,15.79
1766667600,15.79,15.83,15.78,15.83
1766669400,15.83,15.84,15.78,15.79
1766671200,15.79,15.82,15.77,15.79
1766673000,15.79,15.8,15.74,15.75
1766674800,15.75,15.75,15.75,15.75
1766730600,15.75,15.75,15.75,15.75
1766732400,15.75,16.05,15.74,15.76
1766734200,15.76,16.05,15.72,15.76
1766736000,15.75,15.79,15.72,15.74
1766737800,15.75,15.78,15.72,15.73
1766739600,15.72,15.82,15.72,15.75
1766741400,15.74,15.82,15.74,15.79
1766743200,15.8,15.87,15.76,15.81
1766745000,15.82,15.84,15.79,15.84
1766746800,15.84,15.88,15.8,15.83
1766748600,15.83,15.86,15.73,15.74
1766750400,15.74,15.76,15.71,15.76
1766752200,15.76,15.81,15.74,15.79
1766754000,15.78,16.01,15.78,16
1766755800,16,16.21,15.99,16.13
1766757600,16.13,16.21,16.07,16.12
1766759400,16.12,16.18,16.1,16.18
1766761200,16.15,16.15,16.15,16.15
1766989800,16.49,16.49,16.49,16.49
1766991600,16.49,16.71,16.28,16.32
1766993400,16.33,16.4,16.3,16.38
1766995200,16.37,16.4,16.32,16.38
1766997000,16.38,16.4,16.19,16.2
1766998800,16.2,16.23,16.04,16.06
1767000600,16.07,16.14,16.02,16.1
1767002400,16.1,16.22,16.1,16.16
1767004200,16.16,16.24,16.14,16.22
1767006000,16.22,16.24,16.2,16.22
1767007800,16.22,16.29,16.05,16.08
1767009600,16.08,16.11,15.98,15.99
1767011400,15.99,15.99,15.72,15.73
1767013200,15.72,15.83,15.72,15.79
1767015000,15.8,15.81,15.67,15.7
1767016800,15.71,15.77,15.68,15.69
1767018600,15.69,15.7,15.6,15.62
1767020400,15.6,15.6,15.6,15.6
1767076200,15.52,15.52,15.52,15.52
1767078000,15.53,15.59,15.45,15.5
1767079800,15.49,15.55,15.46,15.47
1767081600,15.47,15.52,15.42,15.43
1767083400,15.44,15.44,15.37,15.43
1767085200,15.42,15.47,15.33,15.4
1767087000,15.4,15.42,15.37,15.38
1767088800,15.38,15.42,15.38,15.39
1767090600,15.4,15.47,15.36,15.45
1767092400,15.44,15.66,15.4,15.63
1767094200,15.63,15.76,15.63,15.7
1767096000,15.7,15.72,15.58,15.59
1767097800,15.6,15.67,15.55,15.66
1767099600,15.67,15.75,15.64,15.68
1767101400,15.68,15.72,15.66,15.71
1767103200,15.72,15.72,15.63,15.66
1767105000,15.66,15.72,15.65,15.67
1767106800,15.7,15.7,15.7,15.7
1767162600,15.69,15.69,15.69,15.69
1767164400,15.68,15.98,15.67,15.96
1767166200,15.96,16.02,15.93,16
1767168000,16,16.05,15.98,16.03
1767169800,16.03,16.09,16,16.01
1767171600,16.01,16.04,16,16.02
1767173400,16.02,16.06,16.01,16.03
1767175200,16.03,16.06,16.02,16.03
1767177000,16.03,16.06,15.95,15.98
1767178800,15.98,15.98,15.89,15.92
1767180600,15.92,15.95,15.84,15.85
1767182400,15.85,15.88,15.82,15.84
1767184200,15.85,15.87,15.82,15.86
1767186000,15.86,15.87,15.83,15.86
1767187800,15.85,15.87,15.79,15.8
1767189600,15.8,15.86,15.79,15.8
1767191400,15.8,15.81,15.65,15.73
1767193200,15.71,15.71,15.71,15.71
1767335400,15.73,15.73,15.73,15.73
1767337200,15.74,15.88,15.7,15.86
1767339000,15.86,15.89,15.83,15.87
1767340800,15.87,15.93,15.85,15.86
1767342600,15.86,15.89,15.84,15.88
1767344400,15.89,16.12,15.89,16.03
1767346200,16.03,16.04,15.97,16.01
1767348000,16.01,16.03,16,16.03
1767349800,16.02,16.05,16.02,16.03
1767351600,16.03,16.06,16.01,16.05
1767353400,16.06,16.06,16,16.01
1767355200,16.02,16.02,15.95,15.99
1767357000,15.99,16.01,15.92,15.96
1767358800,15.96,15.96,15.85,15.86
1767360600,15.86,15.91,15.85,15.88
1767362400,15.89,15.96,15.87,15.9
1767364200,15.9,15.94,15.88,15.94
1767366000,15.93,15.96,15.93,15.96
1767594600,16,16,16,16
1767596400,16.01,16.09,15.96,16.01
1767598200,16.01,16.02,15.94,16
1767600000,16,16.14,15.98,16.14
1767601800,16.13,16.19,16.05,16.06
1767603600,16.07,16.15,16.05,16.09
1767605400,16.1,16.13,16.03,16.06
1767607200,16.06,16.08,16.01,16.06
1767609000,16.06,16.1,16.04,16.09
1767610800,16.1,16.11,16.08,16.09
1767612600,16.08,16.11,16.07,16.07
1767614400,16.07,16.07,16.01,16.05
1767616200,16.05,16.09,16.04,16.08
1767618000,16.08,16.09,16.03,16.08
1767619800,16.08,16.09,16.03,16.06
1767621600,16.06,16.09,16.05,16.08
1767623400,16.09,16.21,16.08,16.14
1767625200,16.17,16.17,16.17,16.17
1767681000,16.2,16.2,16.2,16.2
1767682800,16.21,16.21,16.09,16.14
1767684600,16.14,16.27,16.14,16.25
1767686400,16.24,16.33,16.21,16.23
1767688200,16.23,16.27,16.2,16.24
1767690000,16.24,16.26,16.21,16.22
1767691800,16.22,16.26,16.22,16.24
1767693600,16.25,16.33,16.24,16.27
1767695400,16.27,16.3,16.26,16.3
1767697200,16.3,16.38,16.26,16.28
1767699000,16.28,16.29,16.23,16.27
1767700800,16.27,16.29,16.25,16.27
1767702600,16.26,16.28,16.23,16.26
1767704400,16.26,16.3,16.23,16.29
1767706200,16.29,16.33,16.29,16.32
1767708000,16.33,16.35,16.29,16.31
1767709800,16.31,16.42,16.3,16.4
1767711600,16.4,16.4,16.4,16.4
1767767400,16.45,16.45,16.45,16.45
1767769200,16.46,16.49,16.25,16.42
1767771000,16.42,16.48,16.38,16.46
1767772800,16.46,16.62,16.46,16.59
1767774600,16.6,16.67,16.57,16.65
1767776400,16.65,16.72,16.58,16.58
1767778200,16.58,16.62,16.57,16.62
1767780000,16.62,16.63,16.58,16.61
1767781800,16.6,16.75,16.59,16.7
1767783600,16.69,16.73,16.61,16.62
1767785400,16.61,16.65,16.61,16.64
1767787200,16.64,16.64,16.57,16.57
1767789000,16.57,16.64,16.54,16.62
1767790800,16.62,16.67,16.58,16.6
1767792600,16.6,16.63,16.54,16.58
1767794400,16.58,16.59,16.46,16.56
1767796200,16.56,16.59,16.5,16.5
1767798000,16.51,16.51,16.51,16.51
1767853800,16.52,16.52,16.52,16.52
1767855600,16.52,16.55,16.4,16.41
1767857400,16.41,16.41,16.25,16.26
1767859200,16.25,16.34,16.24,16.28
1767861000,16.29,16.3,16.22,16.24
1767862800,16.24,16.35,16.22,16.28
1767864600,16.27,16.3,16.16,16.17
1767866400,16.17,16.25,16.13,16.23
1767868200,16.23,16.23,16.12,16.14
1767870000,16.14,16.19,16.13,16.18
1767871800,16.18,16.32,16.17,16.3
1767873600,16.29,16.44,16.29,16.32
1767875400,16.31,16.41,16.31,16.41
1767877200,16.4,16.46,16.38,16.43
1767879000,16.44,16.61,16.41,16.56
1767880800,16.56,16.61,16.53,16.57
1767882600,16.57,16.6,16.5,16.55
1767884400,16.56,16.6,16.56,16.6
1767940200,16.65,16.65,16.65,16.65
1767942000,16.65,16.7,16.56,16.66
1767943800,16.67,16.67,16.6,16.61
1767945600,16.6,16.61,16.51,16.53
1767947400,16.52,16.58,16.49,16.54
1767949200,16.54,16.6,16.53,16.58
1767951000,16.58,16.58,16.53,16.56
1767952800,16.55,16.58,16.55,16.56
1767954600,16.55,16.56,16.48,16.5
1767956400,16.49,16.55,16.45,16.46
1767958200,16.47,16.56,16.44,16.56
1767960000,16.56,16.57,16.52,16.56
1767961800,16.56,16.57,16.54,16.56
1767963600,16.56,16.56,16.46,16.51
1767965400,16.52,16.56,16.51,16.51
1767967200,16.52,16.52,16.4,16.45
1767969000,16.45,16.5,16.45,16.48
1767970800,16.48,16.49,16.48,16.49
1768199400,16.55,16.55,16.55,16.55
1768201200,16.56,16.64,16.45,16.61
1768203000,16.61,16.63,16.54,16.58
1768204800,16.57,16.65,16.57,16.58
1768206600,16.58,16.58,16.43,16.45
1768208400,16.45,16.47,16.37,16.42
1768210200,16.42,16.43,16.36,16.41
1768212000,16.4,16.45,16.39,16.44
1768213800,16.45,16.52,16.44,16.51
1768215600,16.51,16.55,16.5,16.52
1768217400,16.52,16.53,16.51,16.52
1768219200,16.53,16.53,16.51,16.51
1768221000,16.52,16.52,16.48,16.5
1768222800,16.5,16.5,16.42,16.42
1768224600,16.42,16.48,16.39,16.44
1768226400,16.45,16.46,16.42,16.46
1768228200,16.46,16.47,16.39,16.41
1768230000,16.41,16.41,16.4,16.4
1768285800,16.42,16.42,16.42,16.42
1768287600,16.43,16.45,16.31,16.36
1768289400,16.37,16.46,16.33,16.33
1768291200,16.32,16.37,16.26,16.35
1768293000,16.35,16.42,16.31,16.39
1768294800,16.39,16.44,16.37,16.38
1768296600,16.39,16.5,16.37,16.49
1768298400,16.48,16.49,16.42,16.46
1768300200,16.46,16.46,16.38,16.41
1768302000,16.4,16.45,16.39,16.42
1768303800,16.42,16.52,16.42,16.51
1768305600,16.52,16.6,16.51,16.59
1768307400,16.59,16.66,16.56,16.59
1768309200,16.58,16.61,16.53,16.55
1768311000,16.55,16.62,16.54,16.6
1768312800,16.6,16.62,16.56,16.59
1768314600,16.59,16.6,16.52,16.54
1768316400,16.51,16.51,16.51,16.51
1768372200,16.58,16.58,16.58,16.58
1768374000,16.58,16.67,16.54,16.59
1768375800,16.58,16.76,16.58,16.67
1768377600,16.67,16.82,16.67,16.8
1768379400,16.79,16.8,16.69,16.74
1768381200,16.75,16.81,16.74,16.79
1768383000,16.79,16.81,16.78,16.78
1768384800,16.78,16.83,16.71,16.77
1768386600,16.76,16.83,16.74,16.81
1768388400,16.81,16.86,16.76,16.8
1768390200,16.8,16.85,16.75,16.79
1768392000,16.78,16.83,16.73,16.81
1768393800,16.81,16.91,16.78,16.89
1768395600,16.89,16.91,16.81,16.85
1768397400,16.85,16.96,16.84,16.86
1768399200,16.86,16.96,16.86,16.91
1768401000,16.92,17.01,16.9,16.98
1768402800,16.99,16.99,16.99,16.99
1768458600,17.04,17.04,17.04,17.04
1768460400,17.04,17.2,16.97,17.07
1768462200,17.08,17.54,17.07,17.31
1768464000,17.31,17.37,17.26,17.27
1768465800,17.26,17.3,16.96,16.99
1768467600,16.99,17.06,16.9,16.99
1768469400,16.99,17.05,16.97,17.01
1768471200,17,17.13,16.99,17.08
1768473000,17.08,17.11,17.04,17.09
1768474800,17.09,17.18,17.08,17.17
1768476600,17.18,17.18,16.95,16.97
1768478400,16.97,17.03,16.95,17.03
1768480200,17.04,17.08,17.02,17.05
1768482000,17.06,17.14,17.04,17.13
1768483800,17.13,17.14,17.07,17.14
1768485600,17.14,17.18,17.11,17.13
1768487400,17.13,17.18,17.1,17.15
1768489200,17.16,17.16,17.16,17.16
1768545000,17.21,17.21,17.21,17.21
1768546800,17.21,17.39,17.14,17.36
1768548600,17.37,17.49,17.35,17.48
1768550400,17.47,17.55,17.36,17.52
1768552200,17.53,17.58,17.48,17.5
1768554000,17.51,17.52,17.41,17.43
1768555800,17.44,17.5,17.39,17.49
1768557600,17.5,17.54,17.47,17.51
1768559400,17.51,17.53,17.42,17.45
1768561200,17.45,17.51,17.42,17.45
1768563000,17.45,17.52,17.39,17.41
1768564800,17.4,17.62,17.39,17.6
1768566600,17.6,17.62,17.54,17.61
1768568400,17.62,17.8,17.59,17.7
1768570200,17.69,17.86,17.69,17.86
1768572000,17.86,17.94,17.83,17.88
1768573800,17.89,18.03,17.86,17.99
1768575600,18.06,18.06,18.06,18.06
1768804200,18.09,18.09,18.09,18.09
1768806000,18.09,18.09,17.68,17.78
1768807800,17.78,17.89,17.77,17.86
1768809600,17.86,17.91,17.79,17.83
1768811400,17.83,17.9,17.77,17.79
1768813200,17.79,17.8,17.57,17.69
1768815000,17.69,17.74,17.66,17.68
1768816800,17.68,17.81,17.66,17.81
1768818600,17.8,17.81,17.76,17.79
1768820400,17.78,17.83,17.76,17.81
1768822200,17.81,17.96,17.79,17.96
1768824000,17.96,18.04,17.92,18.03
1768825800,18.02,18.18,18.02,18.13
1768827600,18.13,18.22,18.1,18.18
1768829400,18.18,18.2,18.12,18.14
1768831200,18.14,18.19,18.11,18.14
1768833000,18.13,18.16,18.04,18.04
1768834800,18.04,18.04,18.03,18.03
1768890600,18.03,18.03,18.03,18.03
1768892400,18.03,18.08,17.68,17.69
1768894200,17.69,17.91,17.64,17.84
1768896000,17.84,17.86,17.77,17.82
1768897800,17.82,17.85,17.74,17.78
1768899600,17.78,17.8,17.73,17.8
1768901400,17.79,17.79,17.61,17.66
1768903200,17.65,17.66,17.57,17.64
1768905000,17.63,17.68,17.59,17.67
1768906800,17.67,17.69,17.61,17.63
1768908600,17.62,17.67,17.55,17.64
1768910400,17.65,17.67,17.55,17.59
1768912200,17.58,17.65,17.57,17.6
1768914000,17.6,17.6,17.49,17.51
1768915800,17.51,17.52,17.13,17.13
1768917600,17.14,17.2,16.99,17.1
1768919400,17.1,17.14,17.02,17.07
1768921200,17.09,17.09,17.09,17.09
1768977000,17.16,17.16,17.16,17.16
1768978800,17.15,17.15,17,17.06
1768980600,17.06,17.09,16.88,16.9
1768982400,16.9,16.91,16.76,16.78
1768984200,16.78,16.79,16.65,16.67
1768986000,16.66,16.77,16.66,16.76
1768987800,16.75,16.76,16.67,16.71
1768989600,16.71,16.73,16.68,16.7
1768991400,16.7,16.84,16.68,16.81
1768993200,16.8,16.85,16.78,16.83
1768995000,16.83,16.89,16.81,16.83
1768996800,16.83,16.92,16.82,16.89
1768998600,16.89,16.94,16.83,16.86
1769000400,16.86,16.96,16.85,16.92
1769002200,16.91,16.96,16.89,16.9
1769004000,16.9,16.99,16.9,16.94
1769005800,16.94,16.99,16.86,16.89
1769007600,16.89,16.89,16.89,16.89
1769063400,16.99,16.99,16.99,16.99
1769065200,16.99,17.06,16.75,16.77
1769067000,16.78,16.87,16.69,16.78
1769068800,16.78,16.83,16.64,16.74
1769070600,16.74,16.85,16.73,16.81
1769072400,16.82,16.89,16.81,16.88
1769074200,16.88,16.9,16.85,16.87
1769076000,16.86,17,16.85,17
1769077800,17,17.25,16.97,17.17
1769079600,17.17,17.43,16.99,17.41
1769081400,17.41,17.52,17.34,17.37
1769083200,17.36,17.44,17.2,17.22
1769085000,17.22,17.38,17.16,17.35
1769086800,17.36,17.41,17.34,17.37
1769088600,17.38,17.38,17.29,17.36
1769090400,17.37,17.4,17.34,17.4
1769092200,17.4,17.65,17.4,17.61
1769094000,17.59,17.59,17.59,17.59
1769149800,17.7,17.7,17.7,17.7
1769151600,17.71,17.93,17.7,17.93
1769153400,17.93,17.95,17.74,17.82
1769155200,17.81,17.87,17.68,17.72
1769157000,17.73,17.8,17.7,17.8
1769158800,17.8,17.8,17.64,17.67
1769160600,17.67,17.75,17.66,17.75
1769162400,17.75,17.81,17.74,17.81
1769164200,17.81,17.83,17.73,17.74
1769166000,17.74,17.75,17.66,17.67
1769167800,17.67,17.77,17.66,17.77
1769169600,17.77,17.87,17.76,17.83
1769171400,17.82,17.84,17.78,17.81
1769173200,17.8,17.91,17.79,17.85
1769175000,17.84,17.84,17.75,17.81
1769176800,17.81,17.84,17.76,17.76
1769178600,17.76,17.83,17.75,17.79
1769180400,17.85,17.85,17.85,17.85
1769409000,17.77,17.77,17.77,17.77
1769410800,17.77,17.99,17.62,17.97
1769412600,17.98,18.19,17.92,17.97
1769414400,17.97,18,17.84,17.87
1769416200,17.88,17.97,17.87,17.91
1769418000,17.9,17.95,17.87,17.88
1769419800,17.88,18.01,17.87,17.98
1769421600,17.99,18.07,17.98,18.02
1769423400,18.03,18.08,18,18.04
1769425200,18.05,18.08,18.02,18.03
1769427000,18.03,18.18,18.02,18.14
1769428800,18.14,18.18,18.09,18.12
1769430600,18.13,18.14,18.09,18.09
1769432400,18.09,18.21,18.06,18.18
1769434200,18.19,18.19,18.1,18.11
1769436000,18.12,18.13,18.02,18.09
1769437800,18.09,18.22,18.08,18.18
1769439600,18.17,18.17,18.17,18.17
1769495400,18.19,18.19,18.19,18.19
1769497200,18.19,18.35,18.12,18.15
1769499000,18.16,18.28,18.16,18.19
1769500800,18.18,18.29,18.07,18.18
1769502600,18.2,18.28,18.14,18.15
1769504400,18.14,18.25,18.07,18.09
1769506200,18.09,18.11,18.02,18.06
1769508000,18.06,18.06,17.87,17.89
1769509800,17.89,17.98,17.88,17.96
1769511600,17.95,18.12,17.93,18.09
1769513400,18.09,18.15,18.03,18.07
1769515200,18.06,18.1,18.02,18.03
1769517000,18.03,18.07,17.99,18.01
1769518800,18.01,18.08,18,18.07
1769520600,18.08,18.08,17.89,17.89
1769522400,17.89,18.05,17.88,17.96
1769524200,17.96,18.02,17.8,17.89
1769526000,17.9,17.9,17.9,17.9
1769581800,17.89,17.89,17.89,17.89
1769583600,17.89,18.31,17.88,18.3
1769585400,18.31,18.35,18.22,18.34
1769587200,18.34,18.59,18.33,18.55
1769589000,18.56,18.57,18.41,18.51
1769590800,18.51,18.57,18.43,18.44
1769592600,18.44,18.55,18.42,18.54
1769594400,18.54,18.59,18.48,18.5
1769596200,18.49,18.52,18.45,18.47
1769598000,18.47,18.5,18.45,18.46
1769599800,18.47,18.55,18.46,18.55
1769601600,18.55,18.57,18.47,18.5
1769603400,18.5,18.54,18.44,18.47
1769605200,18.47,18.52,18.43,18.48
1769607000,18.48,18.57,18.48,18.52
1769608800,18.52,18.62,18.5,18.61
1769610600,18.6,18.62,18.52,18.53
1769612400,18.54,18.57,18.54,18.57
1769668200,18.6,18.6,18.6,18.6
1769670000,18.6,18.64,18.43,18.59
1769671800,18.59,18.6,18.5,18.55
1769673600,18.54,18.67,18.53,18.62
1769675400,18.62,18.63,18.48,18.52
1769677200,18.51,18.67,18.5,18.61
1769679000,18.61,18.63,18.53,18.55
1769680800,18.55,18.68,18.52,18.62
1769682600,18.62,18.69,18.54,18.64
1769684400,18.64,18.84,18.61,18.79
1769686200,18.79,19.02,18.79,18.99
1769688000,18.99,19.07,18.86,18.86
1769689800,18.87,18.92,18.72,18.83
1769691600,18.83,18.85,18.73,18.85
1769693400,18.86,18.94,18.82,18.83
1769695200,18.83,18.9,18.81,18.82
1769697000,18.81,18.83,18.69,18.78
1769698800,18.8,18.8,18.8,18.8
1769754600,18.8,18.8,18.8,18.8
1769756400,18.8,19.08,18.7,18.9
1769758200,18.91,18.95,18.76,18.78
1769760000,18.78,18.87,18.59,18.85
1769761800,18.85,18.88,18.77,18.82
1769763600,18.83,18.91,18.82,18.86
1769765400,18.87,18.91,18.77,18.81
1769767200,18.8,18.84,18.7,18.75
1769769000,18.76,18.83,18.75,18.78
1769770800,18.78,18.9,18.73,18.87
1769772600,18.87,19.02,18.77,18.8
1769774400,18.8,18.97,18.8,18.93
1769776200,18.93,18.98,18.82,18.97
1769778000,18.97,19.06,18.9,18.95
1769779800,18.94,19.06,18.86,19.03
1769781600,19.03,19.06,18.95,19.03
1769783400,19.04,19.14,18.95,19.07
1769785200,19.07,19.21,19.06,19.21
1770013800,19.03,19.03,19.03,19.03
1770015600,19.03,19.03,18.67,18.76
1770017400,18.76,18.89,18.71,18.74
1770019200,18.74,18.88,18.72,18.88
1770021000,18.87,19.07,18.87,19.01
1770022800,19.01,19.16,18.99,19.11
1770024600,19.11,19.21,19.11,19.19
1770026400,19.19,19.25,19.08,19.24
1770028200,19.25,19.38,19.24,19.33
1770030000,19.34,19.59,19.32,19.56
1770031800,19.56,19.63,19.5,19.58
1770033600,19.59,19.86,19.57,19.77
1770035400,19.76,19.89,19.69,19.81
1770037200,19.82,19.82,19.6,19.67
1770039000,19.66,19.83,19.65,19.79
1770040800,19.8,19.89,19.69,19.69
1770042600,19.7,19.73,19.57,19.62
1770044400,19.64,19.64,19.64,19.64
1770100200,20.12,20.12,20.12,20.12
1770102000,20.12,20.24,19.86,20.02
1770103800,20,20.18,19.99,20
1770105600,20.02,20.08,19.94,20.04
1770107400,20.06,20.28,20.04,20.26
1770109200,20.24,20.3,20.16,20.18
1770111000,20.16,20.24,20.1,20.2
1770112800,20.2,20.26,20.04,20.14
1770114600,20.16,20.22,20.12,20.2
1770116400,20.2,20.24,20.12,20.18
1770118200,20.16,20.2,19.99,20.06
1770120000,20.06,20.2,20.02,20.18
1770121800,20.2,20.22,20.16,20.18
1770123600,20.18,20.32,20.16,20.2
1770125400,20.2,20.34,20.18,20.28
1770127200,20.3,20.3,20.1,20.22
1770129000,20.22,20.34,20.18,20.28
1770130800,20.22,20.22,20.22,20.22
1770186600,20.42,20.42,20.42,20.42
1770188400,20.42,20.44,19.79,19.81
1770190200,19.81,19.82,19.63,19.65
1770192000,19.65,19.77,19.55,19.62
1770193800,19.61,19.7,19.61,19.7
1770195600,19.7,19.71,19.64,19.66
1770197400,19.66,19.77,19.66,19.75
1770199200,19.74,19.94,19.67,19.94
1770201000,19.94,20.1,19.86,20.06
1770202800,20.08,20.14,20.04,20.12
1770204600,20.14,20.28,20.12,20.24
1770206400,20.24,20.38,20.22,20.36
1770208200,20.36,20.44,20.24,20.26
1770210000,20.28,20.32,20.14,20.14
1770211800,20.14,20.24,20.12,20.2
1770213600,20.2,20.22,20.12,20.2
1770215400,20.18,20.28,20.14,20.18
1770217200,20.18,20.18,20.18,20.18
1770273000,20.18,20.18,20.18,20.18
1770274800,20.18,20.26,19.76,19.99
1770276600,19.99,20.24,19.97,20.22
1770278400,20.22,20.58,20.2,20.42
1770280200,20.44,20.44,20.14,20.34
1770282000,20.34,20.46,20.28,20.42
1770283800,20.44,20.46,20.3,20.4
1770285600,20.4,20.5,20.28,20.48
1770287400,20.48,20.52,20.34,20.46
1770289200,20.48,20.54,20.34,20.4
1770291000,20.4,20.46,20.34,20.44
1770292800,20.44,20.46,20.24,20.26
1770294600,20.24,20.32,20.2,20.3
1770296400,20.3,20.34,20.22,20.26
1770298200,20.28,20.3,20.1,20.1
1770300000,20.1,20.22,20.1,20.18
1770301800,20.18,20.26,20.06,20.08
1770303600,19.98,19.98,19.98,19.98
1770359400,19.9,19.9,19.9,19.9
1770361200,19.9,20.12,19.71,20.06
1770363000,20.04,20.12,19.98,20.04
1770364800,20.04,20.08,19.84,19.96
1770366600,19.96,20.1,19.95,20.04
1770368400,20.02,20.1,20,20.06
1770370200,20.06,20.14,19.97,20.12
1770372000,20.12,20.18,20.08,20.12
1770373800,20.12,20.22,20.08,20.16
1770375600,20.18,20.24,20.06,20.08
1770377400,20.06,20.16,20.04,20.1
1770379200,20.08,20.16,20.06,20.08
1770381000,20.08,20.1,19.98,19.98
1770382800,19.99,20.12,19.98,20.1
1770384600,20.1,20.12,20,20.08
1770386400,20.08,20.16,20.04,20.12
1770388200,20.1,20.3,20.08,20.12
1770390000,20.18,20.18,20.18,20.18
1770618600,20.42,20.42,20.42,20.42
1770620400,20.42,20.62,20.38,20.6
1770622200,20.6,20.7,20.56,20.64
1770624000,20.68,20.68,20.54,20.56
1770625800,20.58,20.6,20.52,20.52
1770627600,20.54,20.6,20.48,20.52
1770629400,20.52,20.54,20.42,20.48
1770631200,20.46,20.48,20.44,20.48
1770633000,20.48,20.5,20.42,20.42
1770634800,20.42,20.54,20.4,20.48
1770636600,20.46,20.48,20.4,20.46
1770638400,20.44,20.5,20.44,20.5
1770640200,20.5,20.5,20.32,20.4
1770642000,20.4,20.48,20.4,20.48
1770643800,20.48,20.56,20.44,20.56
1770645600,20.54,20.68,20.52,20.64
1770647400,20.66,20.68,20.6,20.62
1770649200,20.56,20.56,20.56,20.56
1770705000,20.66,20.66,20.66,20.66
1770706800,20.64,20.66,20.46,20.46
1770708600,20.46,20.52,20.18,20.28
1770710400,20.28,20.46,20.18,20.44
1770712200,20.44,20.5,20.3,20.34
1770714000,20.32,20.46,20.3,20.44
1770715800,20.44,20.48,20.4,20.44
1770717600,20.44,20.5,20.38,20.4
1770719400,20.38,20.52,20.38,20.46
1770721200,20.46,20.48,20.4,20.44
1770723000,20.46,20.48,20.4,20.42
1770724800,20.4,20.42,20.26,20.32
1770726600,20.32,20.32,20.2,20.2
1770728400,20.2,20.44,20.2,20.4
1770730200,20.38,20.42,20.28,20.32
1770732000,20.32,20.4,20.3,20.34
1770733800,20.34,20.4,20.3,20.34
1770735600,20.32,20.32,20.32,20.32
1770791400,20.32,20.32,20.32,20.32
1770793200,20.32,20.34,20.06,20.24
1770795000,20.24,20.24,20.06,20.12
1770796800,20.12,20.22,19.99,20.12
1770798600,20.12,20.3,20.06,20.3
1770800400,20.3,20.46,20.26,20.4
1770802200,20.42,20.42,20.3,20.42
1770804000,20.42,20.42,20.34,20.36
1770805800,20.36,20.4,20.32,20.38
1770807600,20.4,20.52,20.38,20.46
1770809400,20.48,20.54,20.3,20.36
1770811200,20.38,20.52,20.34,20.5
1770813000,20.48,20.56,20.46,20.52
1770814800,20.52,20.54,20.44,20.52
1770816600,20.52,20.52,20.46,20.48
1770818400,20.46,20.54,20.42,20.48
1770820200,20.48,20.52,20.38,20.44
1770822000,20.44,20.44,20.44,20.44
1770877800,20.6,20.6,20.6,20.6
1770879600,20.6,20.68,20.52,20.56
1770881400,20.56,20.66,20.54,20.66
1770883200,20.66,20.76,20.52,20.58
1770885000,20.58,20.62,20.54,20.58
1770886800,20.58,20.6,20.46,20.54
1770888600,20.54,20.56,20.48,20.52
1770890400,20.52,20.64,20.5,20.62
1770892200,20.6,20.64,20.56,20.62
1770894000,20.62,20.72,20.58,20.68
1770895800,20.68,20.78,20.66,20.76
1770897600,20.76,20.86,20.7,20.84
1770899400,20.84,21.12,20.8,21.1
1770901200,21.12,21.18,21.06,21.12
1770903000,21.12,21.2,21.04,21.18
1770904800,21.16,21.44,21.12,21.38
1770906600,21.38,21.46,21.34,21.42
1770908400,21.4,21.52,21.4,21.52
1770964200,22.12,22.12,22.12,22.12
1770966000,22.12,23.28,21.98,22.54
1770967800,22.54,22.54,22.08,22.18
1770969600,22.18,22.2,21.64,21.72
1770971400,21.72,21.9,21.6,21.82
1770973200,21.82,21.88,21.62,21.78
1770975000,21.78,21.82,21.7,21.72
1770976800,21.74,21.8,21.68,21.74
1770978600,21.74,21.74,21.48,21.52
1770980400,21.54,21.94,21.52,21.9
1770982200,21.92,21.94,21.74,21.86
1770984000,21.86,21.86,21.68,21.7
1770985800,21.68,21.8,21.66,21.72
1770987600,21.72,21.86,21.7,21.82
1770989400,21.82,21.86,21.7,21.8
1770991200,21.82,21.88,21.76,21.82
1770993000,21.82,21.9,21.76,21.78
1770994800,21.9,21.9,21.9,21.9
1771223400,22.1,22.1,22.1,22.1
1771225200,22.1,22.3,22,22.22
1771227000,22.22,22.24,22.02,22.14
1771228800,22.12,22.12,21.9,22.04
1771230600,22.06,22.18,22,22.12
1771232400,22.12,22.16,22.02,22.06
1771234200,22.06,22.18,22.04,22.14
1771236000,22.14,22.18,22.08,22.14
1771237800,22.16,22.2,21.98,22.04
1771239600,22.02,22.06,21.94,21.94
1771241400,21.94,21.98,21.86,21.92
1771243200,21.9,21.94,21.8,21.84
1771245000,21.82,21.82,21.48,21.64
1771246800,21.64,21.68,21.54,21.66
1771248600,21.64,21.76,21.6,21.72
1771250400,21.72,21.78,21.64,21.76
1771252200,21.78,21.88,21.76,21.82
1771254000,21.82,21.82,21.82,21.82
1771309800,21.82,21.82,21.82,21.82
1771311600,21.82,21.98,21.7,21.9
1771313400,21.88,21.94,21.76,21.84
1771315200,21.84,21.9,21.7,21.74
1771317000,21.76,21.82,21.68,21.78
1771318800,21.78,21.82,21.72,21.78
1771320600,21.78,21.92,21.74,21.9
1771322400,21.92,21.96,21.78,21.94
1771324200,21.94,21.94,21.84,21.88
1771326000,21.86,21.92,21.78,21.88
1771327800,21.88,21.9,21.8,21.84
1771329600,21.82,21.9,21.74,21.84
1771331400,21.82,21.9,21.82,21.9
1771333200,21.88,21.9,21.76,21.84
1771335000,21.84,21.96,21.76,21.92
1771336800,21.92,21.94,21.56,21.58
1771338600,21.56,21.74,21.54,21.64
1771340400,21.5,21.5,21.5,21.5
1771396200,21.5,21.5,21.5,21.5
1771398000,21.5,21.5,21.08,21.4
1771399800,21.38,21.54,21.38,21.5
1771401600,21.52,21.72,21.5,21.66
1771403400,21.66,21.74,21.56,21.72
1771405200,21.72,21.72,21.64,21.7
1771407000,21.7,21.82,21.68,21.7
1771408800,21.7,21.8,21.7,21.8
1771410600,21.78,21.98,21.78,21.84
1771412400,21.84,21.94,21.8,21.84
1771414200,21.82,21.9,21.8,21.88
1771416000,21.9,21.92,21.62,21.66
1771417800,21.66,21.68,21.06,21.34
1771419600,21.34,21.38,21.2,21.24
1771421400,21.22,21.32,21.14,21.24
1771423200,21.24,21.38,21.16,21.3
1771425000,21.28,21.32,21.14,21.24
1771426800,21.22,21.22,21.22,21.22
1771482600,21.24,21.24,21.24,21.24
1771484400,21.24,21.38,20.96,21.08
1771486200,21.06,21.16,20.96,20.98
1771488000,20.98,21.12,20.9,20.96
1771489800,20.98,21.06,20.94,20.94
1771491600,20.94,20.96,20.84,20.9
1771493400,20.9,20.92,20.46,20.48
1771495200,20.48,20.48,20.18,20.26
1771497000,20.28,20.3,19.97,20.02
1771498800,20.02,20.14,20,20.06
1771500600,20.06,20.1,19.79,19.89
1771502400,19.88,20.06,19.86,20.04
1771504200,20.02,20.12,20.02,20.1
1771506000,20.1,20.12,20.02,20.1
1771507800,20.12,20.2,19.95,19.99
1771509600,20,20.08,19.9,19.92
1771511400,19.93,20,19.83,19.96
1771513200,19.95,19.95,19.91,19.91
1771569000,19.93,19.93,19.93,19.93
1771570800,19.94,20.16,19.91,20.06
1771572600,20.06,20.1,19.91,19.95
1771574400,19.95,20.02,19.79,19.94
1771576200,19.95,19.99,19.77,19.85
1771578000,19.85,19.9,19.77,19.88
1771579800,19.89,19.91,19.67,19.7
1771581600,19.69,19.93,19.65,19.93
1771583400,19.93,20.06,19.89,19.9
1771585200,19.89,20.02,19.87,19.92
1771587000,19.91,19.97,19.87,19.88
1771588800,19.87,19.98,19.81,19.95
1771590600,19.96,20.06,19.93,20.04
1771592400,20.04,20.14,20,20.1
1771594200,20.12,20.12,19.89,19.96
1771596000,19.96,20.04,19.92,19.98
1771597800,19.99,20.06,19.95,19.97
1771599600,20.02,20.02,20.02,20.02
1771828200,20.26,20.26,20.26,20.26
1771830000,20.26,20.48,20.16,20.24
1771831800,20.24,20.36,20.22,20.28
1771833600,20.3,20.36,20.22,20.26
1771835400,20.26,20.4,20.24,20.38
1771837200,20.38,20.4,20.3,20.38
1771839000,20.4,20.52,20.38,20.44
1771840800,20.44,20.48,20.28,20.32
1771842600,20.34,20.4,20.28,20.3
1771844400,20.3,20.38,20.3,20.38
1771846200,20.38,20.42,20.32,20.36
1771848000,20.36,20.44,20.34,20.38
1771849800,20.4,20.4,20.24,20.26
1771851600,20.24,20.28,20.16,20.24
1771853400,20.24,20.34,20.2,20.3
1771855200,20.3,20.44,20.28,20.4
1771857000,20.4,20.44,20.26,20.32
1771858800,20.34,20.34,20.34,20.34
1771914600,20.26,20.26,20.26,20.26
1771916400,20.26,20.32,20.1,20.18
1771918200,20.18,20.24,20.14,20.16
1771920000,20.18,20.18,19.98,20.02
1771921800,20.02,20.08,19.94,20.04
1771923600,20.04,20.14,20.02,20.04
1771925400,20.04,20.08,20,20
1771927200,20,20.12,19.97,20.1
1771929000,20.1,20.2,20.08,20.16
1771930800,20.16,20.24,20.1,20.12
1771932600,20.14,20.3,20.1,20.2
1771934400,20.2,20.28,20.14,20.24
1771936200,20.22,20.32,20.18,20.24
1771938000,20.22,20.3,20.18,20.24
1771939800,20.24,20.32,20.18,20.2
1771941600,20.22,20.24,20.16,20.2
1771943400,20.18,20.26,20.14,20.18
1771945200,20.18,20.18,20.18,20.18
1772001000,20.2,20.2,20.2,20.2
1772002800,20.22,20.3,19.84,19.88
1772004600,19.87,19.9,19.71,19.74
1772006400,19.73,19.78,19.62,19.65
1772008200,19.64,19.71,19.6,19.67
1772010000,19.67,19.75,19.63,19.72
1772011800,19.71,19.76,19.65,19.75
1772013600,19.75,19.77,19.7,19.72
1772015400,19.72,19.74,19.67,19.71
1772017200,19.71,19.72,19.65,19.67
1772019000,19.68,19.71,19.6,19.62
1772020800,19.63,19.67,19.53,19.61
1772022600,19.62,19.65,19.57,19.62
1772024400,19.61,19.74,19.61,19.73
1772026200,19.72,19.82,19.72,19.8
1772028000,19.8,19.86,19.76,19.82
1772029800,19.81,19.82,19.61,19.62
1772031600,19.61,19.61,19.6,19.6
1772087400,19.6,19.6,19.6,19.6
1772089200,19.6,19.62,19.28,19.36
1772091000,19.37,19.41,19.33,19.34
1772092800,19.35,19.39,19.27,19.37
1772094600,19.37,19.44,19.34,19.4
1772096400,19.4,19.49,19.31,19.49
1772098200,19.48,19.5,19.37,19.37
1772100000,19.38,19.53,19.36,19.48
1772101800,19.48,19.64,19.45,19.64
1772103600,19.63,19.71,19.56,19.59
1772105400,19.6,19.62,19.52,19.52
1772107200,19.53,19.58,19.3,19.35
1772109000,19.36,19.42,19.32,19.35
1772110800,19.35,19.43,19.33,19.4
1772112600,19.41,19.48,19.39,19.41
1772114400,19.41,19.48,19.39,19.44
1772116200,19.44,19.47,19.36,19.4
1772118000,19.4,19.4,19.4,19.4
1772173800,19.52,19.52,19.52,19.52
1772175600,19.53,19.59,18.91,19.01
1772177400,19,19.02,18.75,18.97
1772179200,18.98,19.27,18.95,19.27
1772181000,19.26,19.3,19.2,19.26
1772182800,19.26,19.33,19.2,19.21
1772184600,19.21,19.25,19.16,19.2
1772186400,19.2,19.22,19.14,19.19
1772188200,19.18,19.23,19.15,19.17
1772190000,19.18,19.19,19.05,19.06
1772191800,19.06,19.11,18.82,18.89
1772193600,18.89,18.9,18.62,18.74
1772195400,18.73,18.78,18.67,18.74
1772197200,18.74,18.84,18.71,18.73
1772199000,18.73,18.85,18.67,18.82
1772200800,18.83,19.03,18.79,19.01
1772202600,19.01,19.11,18.99,19.05
1772204400,19.05,19.05,18.95,18.95
1772433000,17.71,17.71,17.71,17.71
1772434800,17.75,18.37,17.75,18.28
1772436600,18.28,18.39,18.04,18.06
1772438400,18.07,18.19,18,18.11
1772440200,18.11,18.15,18,18.14
1772442000,18.14,18.24,18.08,18.22
1772443800,18.23,18.43,18.19,18.35
1772445600,18.35,18.38,18.23,18.32
1772447400,18.33,18.43,18.32,18.39
1772449200,18.39,18.47,18.34,18.45
1772451000,18.44,18.66,18.43,18.63
1772452800,18.63,18.68,18.5,18.56
1772454600,18.55,18.58,18.49,18.55
1772456400,18.55,18.65,18.54,18.57
1772458200,18.57,18.61,18.5,18.53
1772460000,18.53,18.53,18.19,18.29
1772461800,18.29,18.4,18.26,18.38
1772463600,18.4,18.4,18.4,18.4
1772519400,18.38,18.38,18.38,18.38
1772521200,18.38,18.67,18.34,18.58
1772523000,18.57,18.74,18.57,18.66
1772524800,18.66,19.04,18.63,18.98
1772526600,18.97,19.12,18.93,18.97
1772528400,18.98,19.04,18.8,18.83
1772530200,18.83,18.86,18.72,18.75
1772532000,18.75,18.82,18.62,18.72
1772533800,18.74,18.78,18.59,18.64
1772535600,18.64,18.68,18.51,18.63
1772537400,18.63,18.73,18.61,18.7
1772539200,18.69,18.9,18.68,18.82
1772541000,18.83,19.07,18.82,18.94
1772542800,18.95,18.99,18.87,18.87
1772544600,18.88,18.93,18.76,18.78
1772546400,18.77,18.8,18.55,18.61
1772548200,18.61,18.64,18.41,18.55
1772550000,18.55,18.55,18.55,18.55
1772605800,18.53,18.53,18.53,18.53
1772607600,18.53,18.69,18.35,18.45
1772609400,18.45,18.8,18.44,18.78
1772611200,18.77,18.98,18.76,18.8
1772613000,18.8,18.87,18.62,18.62
1772614800,18.61,18.8,18.58,18.79
1772616600,18.79,18.79,18.66,18.73
1772618400,18.73,18.95,18.71,18.85
1772620200,18.86,18.97,18.84,18.96
1772622000,18.96,19.04,18.81,18.84
1772623800,18.84,18.9,18.53,18.63
1772625600,18.63,18.81,18.63,18.81
1772627400,18.81,18.83,18.73,18.76
1772629200,18.75,18.93,18.74,18.82
1772631000,18.83,18.84,18.7,18.74
1772632800,18.74,18.74,18.6,18.64
1772634600,18.64,18.77,18.59,18.63
1772636400,18.64,18.7,18.64,18.7
1772692200,18.93,18.93,18.93,18.93
1772694000,18.93,19.14,18.9,19.01
1772695800,19.02,19.09,18.93,19.02
1772697600,19.02,19.05,18.86,18.87
1772699400,18.86,18.9,18.83,18.83
1772701200,18.83,18.95,18.82,18.87
1772703000,18.88,18.94,18.84,18.88
1772704800,18.88,18.88,18.82,18.82
1772706600,18.83,18.84,18.77,18.83
1772708400,18.82,18.84,18.8,18.81
1772710200,18.81,18.82,18.77,18.81
1772712000,18.81,18.82,18.71,18.81
1772713800,18.82,18.97,18.79,18.89
1772715600,18.9,18.91,18.75,18.77
1772717400,18.77,18.91,18.71,18.87
1772719200,18.87,18.88,18.72,18.77
1772721000,18.76,18.81,18.71,18.76
1772722800,18.76,18.76,18.75,18.75
1772778600,18.18,18.18,18.18,18.18
1772780400,18.18,18.33,18.03,18.19
1772782200,18.2,18.22,17.94,18.02
1772784000,18.04,18.1,17.84,17.95
1772785800,17.96,18.09,17.89,17.92
1772787600,17.92,17.94,17.81,17.84
1772789400,17.84,17.88,17.75,17.79
1772791200,17.79,17.79,17.63,17.67
1772793000,17.66,17.67,17.59,17.61
1772794800,17.61,17.61,17.28,17.28
1772796600,17.15,17.28,17.03,17.05
1772798400,17.06,17.09,16.93,17.07
1772800200,17.05,17.06,16.91,16.95
1772802000,16.95,16.96,16.89,16.92
1772803800,16.91,16.93,16.88,16.88
1772805600,16.88,16.89,16.88,16.88
1772807400,16.88,16.9,16.88,16.89
1772809200,16.89,16.89,16.89,16.89
1773037800,16.33,16.33,16.33,16.33
1773039600,16.37,16.58,15.68,15.84
1773041400,15.83,15.99,15.76,15.93
1773043200,15.93,16.21,15.89,16.09
1773045000,16.09,16.3,15.8,16.15
1773046800,16.16,16.4,16.11,16.36
1773048600,16.37,16.52,16.33,16.47
1773050400,16.47,16.53,16.43,16.45
1773052200,16.46,16.47,16.36,16.44
1773054000,16.44,16.53,16.41,16.46
1773055800,16.47,16.53,16.38,16.38
1773057600,16.38,16.6,16.36,16.59
1773059400,16.6,16.8,16.59,16.76
1773061200,16.76,16.77,16.56,16.62
1773063000,16.61,16.66,16.57,16.61
1773064800,16.61,16.65,16.49,16.62
1773066600,16.63,16.85,16.62,16.81
1773068400,16.89,16.89,16.89,16.89
1773124200,17.49,17.49,17.49,17.49
1773126000,17.46,17.49,17,17.14
1773127800,17.14,17.17,17,17.17
1773129600,17.16,17.22,17.07,17.09
1773131400,17.1,17.17,17.06,17.08
1773133200,17.08,17.36,17.07,17.36
1773135000,17.36,17.42,17.3,17.38
1773136800,17.38,17.44,17.33,17.36
1773138600,17.37,17.38,17.26,17.35
1773140400,17.34,17.47,17.34,17.47
1773142200,17.47,17.72,17.46,17.54
1773144000,17.54,17.54,17.37,17.44
1773145800,17.44,17.51,17.43,17.48
1773147600,17.49,17.5,17.44,17.48
1773149400,17.48,17.54,17.43,17.44
1773151200,17.44,17.55,17.43,17.53
1773153000,17.53,17.67,17.52,17.62
1773154800,17.58,17.58,17.58,17.58
1773210600,17.64,17.64,17.64,17.64
1773212400,17.63,17.92,17.52,17.79
1773214200,17.78,17.81,17.65,17.66
1773216000,17.66,18,17.56,17.83
1773217800,17.84,17.85,17.48,17.53
1773219600,17.52,17.53,17.38,17.39
1773221400,17.39,17.4,17.28,17.33
1773223200,17.33,17.33,17.16,17.19
1773225000,17.19,17.21,17.08,17.21
1773226800,17.21,17.43,17.2,17.38
1773228600,17.38,17.65,17.34,17.38
1773230400,17.37,17.44,17.36,17.36
1773232200,17.37,17.37,17.28,17.28
1773234000,17.28,17.28,17.15,17.2
1773235800,17.2,17.24,17.05,17.13
1773237600,17.13,17.3,17.11,17.16
1773239400,17.16,17.28,17.11,17.28
1773241200,17.28,17.45,17.28,17.45
1773297000,17.21,17.21,17.21,17.21
1773298800,17.22,17.28,17.12,17.18
1773300600,17.17,17.27,17.12,17.25
1773302400,17.26,17.3,17.18,17.22
1773304200,17.22,17.27,17.17,17.25
1773306000,17.24,17.36,17.24,17.33
1773307800,17.33,17.44,17.31,17.4
1773309600,17.41,17.47,17.34,17.4
1773311400,17.39,17.44,17.34,17.37
1773313200,17.36,17.43,17.3,17.4
1773315000,17.4,17.71,17.39,17.57
1773316800,17.58,17.59,17.49,17.52
1773318600,17.52,17.56,17.48,17.51
1773320400,17.51,17.56,17.46,17.47
1773322200,17.47,17.5,17.32,17.34
1773324000,17.34,17.43,17.32,17.38
1773325800,17.38,17.56,17.37,17.53
1773327600,17.64,17.64,17.64,17.64
1773383400,17.46,17.46,17.46,17.46
1773385200,17.45,17.5,17.26,17.29
1773387000,17.29,17.3,17.14,17.14
1773388800,17.13,17.14,17.05,17.08
1773390600,17.09,17.26,17.08,17.26
1773392400,17.25,17.3,17.23,17.23
1773394200,17.23,17.25,17.2,17.21
1773396000,17.21,17.25,17.19,17.23
1773397800,17.23,17.24,17.13,17.15
1773399600,17.15,17.31,17.14,17.27
1773401400,17.27,17.29,17.22,17.26
1773403200,17.27,17.29,17.19,17.22
1773405000,17.23,17.29,17.22,17.25
1773406800,17.26,17.32,17.21,17.28
1773408600,17.28,17.38,17.27,17.29
1773410400,17.3,17.4,17.28,17.37
1773412200,17.37,17.48,17.3,17.3
1773414000,17.29,17.29,17.29,17.29
1773642600,17.36,17.36,17.36,17.36
1773644400,17.37,17.44,17.2,17.29
1773646200,17.29,17.43,17.22,17.29
1773648000,17.29,17.3,17.17,17.17
1773649800,17.18,17.18,17.1,17.11
1773651600,17.13,17.13,17.06,17.09
1773653400,17.09,17.09,17,17.01
1773655200,17.02,17.04,16.97,17.02
1773657000,17.02,17.04,16.98,17.03
1773658800,17.03,17.07,17.02,17.02
1773660600,17.02,17.04,17,17.02
1773662400,17.02,17.09,17,17.05
1773664200,17.06,17.12,17.05,17.1
1773666000,17.11,17.12,17.08,17.08
1773667800,17.08,17.2,17.04,17.2
1773669600,17.2,17.23,17.13,17.15
1773671400,17.16,17.2,17.08,17.16
1773673200,17.19,17.19,17.19,17.19
1773729000,17.33,17.33,17.33,17.33
1773730800,17.28,17.43,17.24,17.39
1773732600,17.38,17.45,17.37,17.41
1773734400,17.41,17.41,17.32,17.33
1773736200,17.34,17.35,17.28,17.32
1773738000,17.31,17.35,17.3,17.34
1773739800,17.34,17.42,17.33,17.4
1773741600,17.41,17.46,17.37,17.45
1773743400,17.45,17.52,17.42,17.52
1773745200,17.51,17.58,17.46,17.48
1773747000,17.49,17.51,17.45,17.47
1773748800,17.48,17.53,17.47,17.49
1773750600,17.48,17.49,17.43,17.49
1773752400,17.49,17.52,17.45,17.51
1773754200,17.5,17.57,17.49,17.54
1773756000,17.53,17.68,17.5,17.65
1773757800,17.66,17.8,17.63,17.73
1773759600,17.73,17.73,17.73,17.73
1773815400,17.77,17.77,17.77,17.77
1773817200,17.78,17.92,17.71,17.87
1773819000,17.87,17.91,17.68,17.69
1773820800,17.68,17.69,17.57,17.66
1773822600,17.66,17.7,17.58,17.61
1773824400,17.61,17.64,17.54,17.62
1773826200,17.61,17.63,17.59,17.6
1773828000,17.6,17.62,17.56,17.57
1773829800,17.57,17.57,17.51,17.52
1773831600,17.52,17.57,17.44,17.46
1773833400,17.47,17.58,17.44,17.54
1773835200,17.53,17.53,17.45,17.5
1773837000,17.5,17.54,17.35,17.36
1773838800,17.36,17.45,17.33,17.44
1773840600,17.44,17.54,17.4,17.5
1773842400,17.5,17.52,17.39,17.4
1773844200,17.4,17.42,17.33,17.35
1773846000,17.51,17.51,17.51,17.51
1773901800,17.5,17.5,17.5,17.5
1773903600,17.5,17.63,17.3,17.59
1773905400,17.58,17.71,17.51,17.57
1773907200,17.56,17.57,17.48,17.54
1773909000,17.54,17.63,17.41,17.6
1773910800,17.6,17.63,17.51,17.58
1773912600,17.52,17.52,17.52,17.52
1774247400,17.44,17.44,17.44,17.44
1774249200,17.44,17.44,17.18,17.25
1774251000,17.23,17.31,17.17,17.18
1774252800,17.19,17.19,17.02,17.02
1774254600,17.03,17.09,16.7,16.72
1774256400,16.72,16.72,16.62,16.66
1774258200,16.66,16.67,16.34,16.37
1774260000,16.37,16.41,16.35,16.37
1774261800,16.37,16.39,16.22,16.31
1774263600,16.3,17.29,16.25,17.28
1774265400,17.28,17.39,16.9,16.92
1774267200,16.92,17,16.73,16.97
1774269000,16.97,17.2,16.89,17.18
1774270800,17.17,17.32,17.08,17.21
1774272600,17.23,17.34,17.12,17.32
1774274400,17.32,17.46,17.3,17.46
1774276200,17.46,17.47,17.29,17.32
1774278000,17.47,17.47,17.47,17.47
1774333800,17.25,17.25,17.25,17.25
1774335600,17.25,17.29,17.14,17.28
1774337400,17.28,17.32,17.12,17.2
1774339200,17.21,17.23,17.15,17.17
1774341000,17.18,17.37,17.17,17.24
1774342800,17.25,17.31,17.13,17.19
1774344600,17.19,17.27,17.17,17.26
1774346400,17.26,17.3,17.2,17.2
1774348200,17.2,17.24,17.13,17.21
1774350000,17.2,17.26,17.19,17.22
1774351800,17.22,17.26,17.17,17.18
1774353600,17.17,17.19,17.09,17.14
1774355400,17.14,17.19,17.07,17.09
1774357200,17.09,17.21,17.06,17.19
1774359000,17.19,17.26,17.16,17.26
1774360800,17.25,17.38,17.23,17.3
1774362600,17.29,17.36,17.28,17.3
1774364400,17.32,17.32,17.32,17.32
1774420200,17.5,17.5,17.5,17.5
1774422000,17.51,17.69,17.5,17.52
1774423800,17.52,17.58,17.51,17.56
1774425600,17.56,17.66,17.51,17.64
1774427400,17.64,17.67,17.59,17.61
1774429200,17.61,17.65,17.4,17.4
1774431000,17.4,17.52,17.4,17.51
1774432800,17.5,17.52,17.48,17.49
1774434600,17.49,17.52,17.46,17.47
1774436400,17.47,17.51,17.44,17.48
1774438200,17.48,17.5,17.46,17.49
1774440000,17.49,17.53,17.4,17.43
1774441800,17.42,17.42,17.25,17.29
1774443600,17.29,17.53,17.27,17.53
1774445400,17.53,17.6,17.5,17.55
1774447200,17.55,17.63,17.52,17.61
1774449000,17.61,17.64,17.55,17.63
1774450800,17.64,17.64,17.64,17.64
1774506600,17.69,17.69,17.69,17.69
1774508400,17.68,17.82,17.6,17.73
1774510200,17.73,17.81,17.68,17.74
1774512000,17.74,17.8,17.64,17.65
1774513800,17.64,17.64,17.5,17.54
1774515600,17.53,17.55,17.33,17.36
1774517400,17.36,17.37,17.27,17.31
1774519200,17.33,17.34,17.26,17.29
1774521000,17.29,17.29,17.23,17.24
1774522800,17.24,17.3,17.21,17.25
1774524600,17.25,17.27,17.18,17.2
1774526400,17.2,17.25,17.16,17.21
1774528200,17.21,17.22,17.16,17.16
1774530000,17.16,17.2,17.15,17.19
1774531800,17.19,17.28,17.16,17.28
1774533600,17.27,17.27,17.16,17.18
1774535400,17.17,17.33,17.13,17.22
1774537200,17.19,17.19,17.19,17.19
1774593000,17.3,17.3,17.3,17.3
1774594800,17.3,17.34,17.08,17.1
1774596600,17.09,17.13,16.98,17
1774598400,16.99,17,16.86,16.88
1774600200,16.88,16.9,16.73,16.75
1774602000,16.76,16.81,16.67,16.78
1774603800,16.79,16.82,16.77,16.78
1774605600,16.78,16.82,16.77,16.81
1774607400,16.81,16.82,16.67,16.68
1774609200,16.67,16.68,16.63,16.67
1774611000,16.67,16.68,16.61,16.64
1774612800,16.64,16.68,16.6,16.65
1774614600,16.65,16.68,16.61,16.67
1774616400,16.67,16.68,16.61,16.66
1774618200,16.66,16.67,16.56,16.59
1774620000,16.59,16.67,16.58,16.66
1774621800,16.65,16.75,16.61,16.68
1774623600,16.73,16.73,16.73,16.73
1774852200,16.65,16.65,16.65,16.65
1774854000,16.65,16.67,16.31,16.36
1774855800,16.35,16.4,16.21,16.35
1774857600,16.35,16.41,16.3,16.4
1774859400,16.41,16.47,16.35,16.42
1774861200,16.42,16.43,16.35,16.38
1774863000,16.39,16.39,16.33,16.38
1774864800,16.38,16.39,16.36,16.38
1774866600,16.38,16.42,16.37,16.4
1774868400,16.41,16.47,16.4,16.43
1774870200,16.44,16.53,16.43,16.45
1774872000,16.45,16.45,16.39,16.43
1774873800,16.43,16.46,16.36,16.36
1774875600,16.37,16.38,16.29,16.36
1774877400,16.36,16.37,16.25,16.26
1774879200,16.26,16.27,16.15,16.17
1774881000,16.16,16.3,16.16,16.21
1774882800,16.17,16.17,16.17,16.17
1774938600,16.17,16.17,16.17,16.17
1774940400,16.17,16.4,16.17,16.39
1774942200,16.38,16.58,16.37,16.55
1774944000,16.56,16.6,16.49,16.5
1774945800,16.49,16.51,16.4,16.45
1774947600,16.46,16.5,16.43,16.48
1774949400,16.47,16.54,16.45,16.51
1774951200,16.5,16.61,16.49,16.5
1774953000,16.49,16.51,16.38,16.41
1774954800,16.4,16.53,16.36,16.51
1774956600,16.51,16.65,16.49,16.63
1774958400,16.63,16.71,16.5,16.62
1774960200,16.62,16.71,16.61,16.69
1774962000,16.7,16.72,16.65,16.67
1774963800,16.67,16.8,16.66,16.8
1774965600,16.8,16.86,16.76,16.83
1774967400,16.83,16.86,16.72,16.76
1774969200,16.78,16.78,16.78,16.78
1775025000,16.95,16.95,16.95,16.95
1775026800,16.96,17.18,16.94,17.04
1775028600,17.05,17.1,16.96,17.01
1775030400,17,17.03,16.91,16.94
1775032200,16.93,16.97,16.89,16.92
1775034000,16.91,16.94,16.79,16.86
1775035800,16.86,16.9,16.82,16.85
1775037600,16.84,16.88,16.81,16.88
1775039400,16.88,16.92,16.85,16.89
1775041200,16.88,16.89,16.84,16.86
1775043000,16.86,16.9,16.84,16.9
1775044800,16.9,16.9,16.84,16.85
1775046600,16.85,16.96,16.84,16.89
1775048400,16.89,16.9,16.82,16.89
1775050200,16.89,16.92,16.86,16.88
1775052000,16.89,16.94,16.88,16.9
1775053800,16.91,16.98,16.9,16.94
1775055600,16.94,16.94,16.93,16.93
1775111400,16.55,16.55,16.55,16.55
1775113200,16.55,16.69,16.51,16.68
1775115000,16.68,16.82,16.66,16.75
1775116800,16.74,16.78,16.69,16.76
1775118600,16.76,16.78,16.73,16.76
1775120400,16.76,16.85,16.69,16.84
1775122200,16.85,16.86,16.78,16.81
1775124000,16.8,16.86,16.78,16.85
1775125800,16.85,17.17,16.85,17.1
1775127600,17.11,17.14,17.05,17.09
1775129400,17.09,17.11,17.05,17.09
1775131200,17.09,17.11,17.06,17.08
1775133000,17.08,17.09,17.04,17.06
1775134800,17.05,17.05,16.93,16.95
1775136600,16.95,17.06,16.93,17.06
1775138400,17.06,17.08,17,17.04
1775140200,17.04,17.24,16.99,17.21
1775142000,17.21,17.24,17.21,17.24
1775197800,17.26,17.26,17.26,17.26
1775199600,17.26,17.42,17.2,17.29
1775201400,17.3,17.32,17.21,17.26
1775203200,17.27,17.42,17.25,17.34
1775205000,17.34,17.34,17.27,17.3
1775206800,17.3,17.31,17.24,17.25
1775208600,17.25,17.27,17.21,17.22
1775210400,17.22,17.23,17.17,17.2
1775212200,17.2,17.4,17.19,17.35
1775214000,17.35,17.39,17.31,17.37
1775215800,17.37,17.38,17.34,17.35
1775217600,17.36,17.38,17.25,17.26
1775219400,17.25,17.26,17.12,17.2
1775221200,17.2,17.28,17.17,17.25
1775223000,17.26,17.55,17.21,17.53
1775224800,17.52,17.68,17.47,17.5
1775226600,17.5,17.5,17.4,17.4
1775228400,17.5,17.5,17.5,17.5
1775457000,17.59,17.59,17.59,17.59
1775458800,17.59,17.73,17.47,17.49
1775460600,17.49,17.64,17.47,17.61
1775462400,17.62,17.66,17.37,17.45
1775464200,17.44,17.46,17.35,17.38
1775466000,17.38,17.51,17.37,17.49
1775467800,17.49,17.57,17.37,17.37
1775469600,17.38,17.43,17.35,17.37
1775471400,17.36,17.45,17.33,17.36
1775473200,17.36,17.37,17.24,17.27
1775475000,17.27,17.36,17.26,17.34
1775476800,17.34,17.35,17.23,17.26
1775478600,17.26,17.34,17.25,17.29
1775480400,17.29,17.34,17.12,17.15
1775482200,17.15,17.18,17.12,17.16
1775484000,17.15,17.2,17.12,17.17
1775485800,17.18,17.25,17.16,17.22
1775487600,17.24,17.24,17.24,17.24
1775543400,17.24,17.24,17.24,17.24
1775545200,17.24,17.4,17.08,17.09
1775547000,17.09,17.18,17.06,17.15
1775548800,17.15,17.22,17.13,17.16
1775550600,17.16,17.2,17.14,17.15
1775552400,17.15,17.21,17.14,17.2
1775554200,17.19,17.2,17.11,17.15
1775556000,17.15,17.15,17.06,17.08
1775557800,17.08,17.08,16.88,16.94
1775559600,16.93,16.99,16.86,16.88
1775561400,16.87,16.94,16.86,16.9
1775563200,16.9,16.9,16.72,16.76
1775565000,16.76,16.78,16.71,16.73
1775566800,16.73,16.75,16.64,16.68
1775568600,16.68,16.69,16.61,16.61
1775570400,16.61,16.7,16.56,16.7
1775572200,16.69,16.71,16.61,16.61
1775574000,16.62,16.62,16.61,16.61
1775629800,17.3,17.3,17.3,17.3
1775631600,17.3,17.41,17.23,17.34
1775633400,17.34,17.43,17.3,17.34
1775635200,17.34,17.45,17.31,17.42
1775637000,17.42,17.51,17.41,17.49
1775638800,17.5,17.54,17.43,17.46
1775640600,17.45,17.48,17.4,17.44
1775642400,17.44,17.46,17.41,17.45
1775644200,17.44,17.55,17.42,17.46
1775646000,17.45,17.48,17.42,17.45
1775647800,17.45,17.55,17.41,17.5
1775649600,17.5,17.63,17.5,17.56
1775651400,17.56,17.62,17.52,17.59
1775653200,17.58,17.67,17.58,17.62
1775655000,17.62,17.69,17.6,17.6
1775656800,17.61,17.64,17.51,17.55
1775658600,17.55,17.58,17.42,17.48
1775660400,17.45,17.45,17.45,17.45
1775716200,17.4,17.4,17.4,17.4
1775718000,17.42,17.47,17.29,17.41
1775719800,17.41,17.42,17.3,17.3
1775721600,17.3,17.39,17.28,17.33
1775723400,17.33,17.38,17.31,17.35
1775725200,17.35,17.44,17.35,17.41
1775727000,17.41,17.46,17.39,17.45
1775728800,17.45,17.45,17.38,17.43
1775730600,17.43,17.43,17.33,17.34
1775732400,17.33,17.36,17.3,17.34
1775734200,17.34,17.54,17.33,17.53
1775736000,17.53,17.67,17.51,17.65
1775737800,17.65,17.7,17.61,17.68
1775739600,17.67,17.69,17.57,17.63
1775741400,17.63,17.64,17.54,17.61
1775743200,17.61,17.74,17.57,17.72
1775745000,17.72,17.8,17.66,17.71
1775746800,17.8,17.8,17.8,17.8
1775802600,18.01,18.01,18.01,18.01
1775804400,18.01,18.07,17.92,17.98
1775806200,17.99,18,17.87,17.92
1775808000,17.91,17.93,17.85,17.9
1775809800,17.9,17.95,17.85,17.89
1775811600,17.89,18.79,17.88,18.67
1775813400,18.67,18.82,18.35,18.79
1775815200,18.79,19.17,18.77,19.05
1775817000,19.04,19.15,18.94,19.13
1775818800,19.13,19.37,19.11,19.18
1775820600,19.18,19.28,19.14,19.17
1775822400,19.17,19.21,19.12,19.16
1775824200,19.16,19.23,19.11,19.15
1775826000,19.15,19.22,19.13,19.21
1775827800,19.2,19.2,19,19.04
1775829600,19.03,19.31,19.03,19.27
1775831400,19.26,19.35,19.25,19.27
1775833200,19.3,19.3,19.3,19.3
1776061800,18.95,18.95,18.95,18.95
1776063600,18.95,19.09,18.84,18.89
1776065400,18.89,18.89,18.71,18.72
1776067200,18.71,18.72,18.39,18.4
1776069000,18.41,18.46,18.32,18.33
1776070800,18.33,18.39,18.3,18.36
1776072600,18.37,18.37,18.26,18.29
1776074400,18.28,18.32,18.25,18.31
1776076200,18.31,18.32,18.24,18.31
1776078000,18.31,18.53,18.3,18.45
1776079800,18.45,18.53,18.45,18.49
1776081600,18.49,18.49,18.41,18.45
1776083400,18.44,18.45,18.39,18.39
1776085200,18.39,18.41,18.3,18.32
1776087000,18.32,18.45,18.25,18.45
1776088800,18.45,18.53,18.39,18.44
1776090600,18.44,18.54,18.42,18.52
1776092400,18.51,18.51,18.44,18.44
1776148200,18.6,18.6,18.6,18.6
1776150000,18.6,18.79,18.6,18.75
1776151800,18.75,18.83,18.72,18.8
1776153600,18.8,18.83,18.75,18.81
1776155400,18.82,18.82,18.65,18.73
1776157200,18.73,18.76,18.5,18.51
1776159000,18.52,18.56,18.49,18.55
1776160800,18.54,18.6,18.48,18.52
1776162600,18.51,18.51,18.37,18.42
1776164400,18.42,18.56,18.4,18.45
1776166200,18.45,18.56,18.42,18.55
1776168000,18.55,18.71,18.51,18.6
1776169800,18.59,18.68,18.49,18.66
1776171600,18.66,18.68,18.57,18.59
1776173400,18.58,18.7,18.58,18.68
1776175200,18.68,18.98,18.68,18.81
1776177000,18.81,18.88,18.66,18.77
1776178800,18.77,18.9,18.77,18.9
1776234600,18.98,18.98,18.98,18.98
1776236400,18.97,19.05,18.79,18.87
1776238200,18.88,18.97,18.69,18.73
1776240000,18.72,18.77,18.64,18.75
1776241800,18.75,18.78,18.63,18.64
1776243600,18.64,18.67,18.55,18.57
1776245400,18.57,18.63,18.55,18.63
1776247200,18.62,18.69,18.58,18.67
1776249000,18.68,18.81,18.65,18.75
1776250800,18.76,18.8,18.72,18.76
1776252600,18.76,18.86,18.75,18.85
1776254400,18.86,18.86,18.78,18.83
1776256200,18.83,18.88,18.78,18.81
1776258000,18.81,18.85,18.8,18.83
1776259800,18.83,18.91,18.79,18.85
1776261600,18.84,18.98,18.77,18.78
1776263400,18.79,18.83,18.72,18.76
1776265200,18.82,18.82,18.82,18.82
1776321000,18.9,18.9,18.9,18.9
1776322800,18.9,19.09,18.9,19.02
1776324600,19.02,19.09,18.86,18.9
1776326400,18.9,18.93,18.8,18.84
1776328200,18.83,18.84,18.76,18.84
1776330000,18.83,18.93,18.82,18.84
1776331800,18.83,18.85,18.79,18.82
1776333600,18.82,18.84,18.81,18.81
1776335400,18.81,18.84,18.72,18.82
1776337200,18.82,18.86,18.8,18.84
1776339000,18.85,18.87,18.79,18.82
1776340800,18.82,18.83,18.72,18.8
1776342600,18.8,18.83,18.63,18.64
1776344400,18.64,18.75,18.61,18.7
1776346200,18.7,18.74,18.5,18.52
1776348000,18.52,18.63,18.49,18.56
1776349800,18.57,18.72,18.53,18.63
1776351600,18.58,18.58,18.58,18.58
1776407400,18.62,18.62,18.62,18.62
1776409200,18.62,18.65,18.51,18.52
1776411000,18.52,18.61,18.5,18.58
1776412800,18.58,18.66,18.47,18.62
1776414600,18.63,18.65,18.56,18.62
1776416400,18.62,18.63,18.54,18.56
1776418200,18.56,18.57,18.5,18.51
1776420000,18.51,18.54,18.45,18.46
1776421800,18.46,18.46,18.38,18.43
1776423600,18.43,18.45,18.3,18.34
1776425400,18.34,18.37,18.28,18.36
1776427200,18.37,18.5,18.35,18.46
1776429000,18.45,19.06,18.4,18.86
1776430800,18.87,19.03,18.74,18.85
1776432600,18.84,19.19,18.82,19.16
1776434400,19.16,19.29,19.14,19.25
1776436200,19.24,19.41,19.15,19.37
1776438000,19.42,19.42,19.42,19.42
1776666600,19.16,19.16,19.16,19.16
1776668400,19.16,19.2,18.9,19.05
1776670200,19.04,19.09,18.99,19.07
1776672000,19.08,19.16,19.05,19.09
1776673800,19.09,19.22,19.07,19.22
1776675600,19.21,19.22,19.08,19.09
1776677400,19.09,19.1,19.01,19.04
1776679200,19.03,19.27,19.03,19.17
1776681000,19.17,19.29,19.11,19.27
1776682800,19.27,19.29,19.12,19.16
1776684600,19.16,19.24,19.12,19.24
1776686400,19.24,19.43,19.18,19.41
1776688200,19.4,19.47,19.29,19.32
1776690000,19.33,19.33,19.2,19.31
1776691800,19.31,19.35,19.2,19.3
1776693600,19.29,19.37,19.22,19.23
1776695400,19.24,19.24,18.95,19.1
1776697200,19.15,19.15,19.15,19.15
1776753000,19.18,19.18,19.18,19.18
1776754800,19.19,19.44,19.18,19.4
1776756600,19.4,19.41,19.29,19.37
1776758400,19.36,19.39,19.3,19.33
1776760200,19.33,19.54,19.31,19.43
1776762000,19.42,19.43,19.21,19.22
1776763800,19.21,19.24,19.17,19.22
1776765600,19.22,19.31,19.18,19.23
1776767400,19.22,19.44,19.22,19.39
1776769200,19.38,19.4,19.16,19.37
1776771000,19.38,19.45,19.27,19.32
1776772800,19.33,19.37,19.28,19.36
1776774600,19.35,19.44,19.33,19.34
1776776400,19.34,19.37,19.3,19.3
1776778200,19.29,19.35,19.27,19.3
1776780000,19.31,19.44,19.28,19.3
1776781800,19.3,19.4,19.27,19.39
1776783600,19.38,19.4,19.38,19.4
1776839400,19.52,19.52,19.52,19.52
1776841200,19.53,19.88,19.45,19.49
1776843000,19.49,19.59,19.38,19.47
1776844800,19.47,19.58,19.41,19.43
1776846600,19.43,19.55,19.41,19.53
1776848400,19.52,19.6,19.41,19.42
1776850200,19.42,19.44,19.37,19.38
1776852000,19.37,19.44,19.32,19.34
1776853800,19.34,19.39,19.28,19.33
1776855600,19.32,19.4,19.15,19.19
1776857400,19.19,19.24,19.07,19.15
1776859200,19.14,19.2,19.12,19.14
1776861000,19.14,19.16,19.08,19.14
1776862800,19.13,19.23,19.12,19.2
1776864600,19.19,19.32,19.13,19.3
1776866400,19.3,19.34,19.18,19.28
1776868200,19.28,19.35,19.22,19.22
1776870000,19.2,19.2,19.2,19.2
1777012200,19.2,19.2,19.2,19.2
1777014000,19.2,19.26,18.85,18.87
1777015800,18.87,18.87,18.73,18.78
1777017600,18.77,18.97,18.76,18.81
1777019400,18.82,18.82,18.68,18.7
1777021200,18.69,18.73,18.66,18.67
1777023000,18.67,18.85,18.66,18.83
1777024800,18.83,18.86,18.78,18.8
1777026600,18.8,18.87,18.78,18.83
1777028400,18.83,19.04,18.83,19.01
1777030200,19.02,19.08,18.96,19.01
1777032000,19.01,19.11,18.99,19.04
1777033800,19.05,19.17,18.99,19.05
1777035600,19.05,19.12,19,19
1777037400,19,19.01,18.91,18.97
1777039200,18.97,19.08,18.94,19.08
1777041000,19.09,19.17,19.06,19.1
1777042800,19.11,19.11,19.11,19.11
1777271400,19.11,19.11,19.11,19.11
1777273200,19.11,19.41,19.03,19.25
1777275000,19.24,19.48,19.24,19.33
1777276800,19.33,19.35,19.2,19.26
1777278600,19.25,19.33,19.25,19.3
1777280400,19.29,19.29,19.21,19.24
1777282200,19.24,19.28,19.23,19.28
1777284000,19.28,19.33,19.25,19.32
1777285800,19.3,19.35,19.27,19.28
1777287600,19.28,19.37,19.27,19.35
1777289400,19.34,19.38,19.29,19.32
1777291200,19.33,19.38,19.26,19.32
1777293000,19.33,19.36,19.28,19.28
1777294800,19.29,19.34,19.26,19.3
1777296600,19.3,19.34,19.14,19.21
1777298400,19.21,19.26,19.13,19.13
1777300200,19.14,19.28,19.13,19.23
1777302000,19.24,19.24,19.24,19.24
1777357800,19.13,19.13,19.13,19.13
1777359600,19.12,19.17,19.04,19.09
1777361400,19.09,19.09,18.94,19.01
1777363200,19,19.01,18.85,18.96
1777365000,18.95,18.97,18.9,18.97
1777366800,18.96,19.04,18.95,19.03
1777368600,19.03,19.05,18.97,19.02
1777370400,19.01,19.05,18.97,19.02
1777372200,19.02,19.03,18.96,19.01
1777374000,19,19.03,18.9,18.91
1777375800,18.9,18.92,18.85,18.86
1777377600,18.86,18.89,18.79,18.87
1777379400,18.87,19,18.84,18.97
1777381200,18.97,18.98,18.92,18.97
1777383000,18.98,19.01,18.95,18.98
1777384800,18.98,18.98,18.85,18.86
1777386600,18.87,18.92,18.76,18.8
1777388400,18.85,18.85,18.85,18.85
1777444200,18.9,18.9,18.9,18.9
1777446000,18.9,19.11,18.86,18.94
1777447800,18.94,18.95,18.82,18.87
1777449600,18.87,18.89,18.71,18.8
1777451400,18.8,18.82,18.71,18.81
1777453200,18.8,18.87,18.8,18.86
1777455000,18.86,18.9,18.81,18.83
1777456800,18.83,18.89,18.83,18.88
1777458600,18.89,18.9,18.82,18.83
1777460400,18.84,18.85,18.82,18.83
1777462200,18.84,18.86,18.81,18.83
1777464000,18.82,18.85,18.74,18.74
1777465800,18.75,18.75,18.6,18.63
1777467600,18.63,18.69,18.57,18.6
1777469400,18.6,18.62,18.41,18.44
1777471200,18.43,18.56,18.41,18.55
1777473000,18.55,18.6,18.53,18.58
1777474800,18.61,18.61,18.61,18.61
1777530600,18.53,18.53,18.53,18.53
1777532400,18.56,18.58,18.36,18.39
1777534200,18.39,18.52,18.36,18.5
1777536000,18.5,18.78,18.5,18.73
1777537800,18.72,18.88,18.72,18.8
1777539600,18.81,18.86,18.72,18.78
1777541400,18.77,18.84,18.76,18.79
1777543200,18.79,18.82,18.74,18.79
1777545000,18.79,18.93,18.72,18.86
1777546800,18.86,19,18.86,18.94
1777548600,18.95,18.97,18.84,18.87
1777550400,18.87,18.88,18.76,18.87
1777552200,18.86,18.92,18.85,18.86
1777554000,18.86,19.05,18.85,19.03
1777555800,19.03,19.08,18.95,18.96
1777557600,18.95,18.98,18.8,18.88
1777559400,18.89,19.04,18.87,19.01
1777561200,18.98,18.98,18.98,18.98
1777876200,19.08,19.08,19.08,19.08
1777878000,19.08,19.18,18.57,18.58
1777879800,18.59,18.75,18.55,18.68
1777881600,18.67,18.75,18.61,18.74
1777883400,18.75,18.98,18.73,18.91
1777885200,18.91,18.94,18.89,18.92
1777887000,18.92,18.96,18.91,18.92
1777888800,18.92,18.93,18.75,18.84
1777890600,18.84,19.09,18.83,18.87
1777892400,18.87,18.92,18.84,18.89
1777894200,18.88,19,18.86,18.95
1777896000,18.95,18.99,18.88,18.99
1777897800,18.99,19.21,18.98,19.04
1777899600,19.03,19.05,18.94,18.95
1777901400,18.95,19.15,18.93,19.14
1777903200,19.13,19.2,18.94,18.96
1777905000,18.96,19.03,18.93,18.97
1777906800,19.04,19.04,19.04,19.04
1777962600,19.25,19.25,19.25,19.25
1777964400,19.24,19.54,19.2,19.5
1777966200,19.5,19.52,19.1,19.13
1777968000,19.13,19.39,19.12,19.38
1777969800,19.38,19.45,19.22,19.42
1777971600,19.41,19.49,19.33,19.37
1777973400,19.37,19.46,19.36,19.41
1777975200,19.42,19.45,19.35,19.38
1777977000,19.37,19.42,19.34,19.35
1777978800,19.35,19.39,19.31,19.31
1777980600,19.3,19.41,19.28,19.37
1777982400,19.37,19.4,19.31,19.32
1777984200,19.32,19.35,19.27,19.31
1777986000,19.31,19.36,19.3,19.34
1777987800,19.35,19.51,19.32,19.47
1777989600,19.47,19.52,19.38,19.44
1777991400,19.44,19.45,19.35,19.38
1777993200,19.34,19.34,19.34,19.34
1778049000,19.38,19.38,19.38,19.38
1778050800,19.38,19.67,19.17,19.65
1778052600,19.64,19.74,19.49,19.74
1778054400,19.75,19.85,19.71,19.74
1778056200,19.74,20.16,19.73,20.12
1778058000,20.14,20.18,20.02,20.14
1778059800,20.14,20.18,20.02,20.1
1778061600,20.08,20.16,20.02,20.02
1778063400,20.04,20.18,20,20.1
1778065200,20.1,20.22,20.08,20.18
1778067000,20.18,20.2,19.98,19.98
1778068800,19.99,20.02,19.91,19.97
1778070600,19.98,20.04,19.91,19.92
1778072400,19.91,19.99,19.83,19.88
1778074200,19.89,19.96,19.84,19.85
1778076000,19.85,19.94,19.82,19.91
1778077800,19.91,20.06,19.89,20.02
1778079600,20.02,20.02,20.02,20.02
1778135400,20.2,20.2,20.2,20.2
1778137200,20.2,20.3,20.12,20.22
1778139000,20.22,20.38,20.16,20.24
1778140800,20.24,20.52,20.22,20.3
1778142600,20.32,20.44,20.28,20.38
1778144400,20.38,20.6,20.34,20.54
1778146200,20.54,20.54,20.44,20.46
1778148000,20.46,20.5,20.4,20.46
1778149800,20.46,20.48,20.36,20.48
1778151600,20.48,20.52,20.46,20.48
1778153400,20.46,20.68,20.46,20.54
1778155200,20.54,20.66,20.54,20.66
1778157000,20.66,20.7,20.52,20.56
1778158800,20.56,20.7,20.5,20.64
1778160600,20.64,20.66,20.42,20.48
1778162400,20.48,20.66,20.44,20.54
1778164200,20.56,20.6,20.46,20.52
1778166000,20.54,20.54,20.54,20.54
1778221800,20.48,20.48,20.48,20.48
1778223600,20.48,20.48,20.16,20.22
1778225400,20.22,20.4,20.18,20.38
1778227200,20.36,20.56,20.34,20.54
1778229000,20.56,20.58,20.4,20.42
1778230800,20.42,20.56,20.38,20.54
1778232600,20.56,20.7,20.5,20.64
1778234400,20.64,20.7,20.56,20.62
1778236200,20.62,20.72,20.6,20.62
1778238000,20.62,20.7,20.58,20.62
1778239800,20.62,20.66,20.54,20.6
1778241600,20.6,20.66,20.56,20.58
1778243400,20.58,20.64,20.54,20.6
1778245200,20.6,20.64,20.56,20.62
1778247000,20.6,20.68,20.58,20.62
1778248800,20.62,20.64,20.38,20.42
1778250600,20.42,20.48,20.34,20.4
1778252400,20.46,20.46,20.46,20.46
1778481000,21.18,21.18,21.18,21.18
1778482800,21.2,21.36,20.72,20.94
1778484600,20.92,21.22,20.9,21.22
1778486400,21.2,21.38,21.1,21.32
1778488200,21.32,21.42,21.26,21.3
1778490000,21.26,21.38,21.24,21.34
1778491800,21.34,21.44,21.3,21.38
1778493600,21.38,21.48,21.34,21.4
1778495400,21.42,21.56,21.38,21.5
1778497200,21.5,21.54,21.4,21.44
1778499000,21.42,21.46,21.3,21.34
1778500800,21.36,21.38,21.3,21.34
1778502600,21.36,21.44,21.24,21.3
1778504400,21.3,21.42,21.22,21.38
1778506200,21.38,21.44,21.26,21.3
1778508000,21.28,21.32,21.22,21.26
1778509800,21.24,21.28,21.16,21.24
1778511600,21.2,21.2,21.2,21.2
1778567400,21.2,21.2,21.2,21.2
1778569200,21.2,21.22,20.88,20.94
1778571000,20.94,20.98,20.84,20.86
1778572800,20.84,20.96,20.84,20.94
1778574600,20.94,21.04,20.92,21.04
1778576400,21.02,21.04,20.68,20.68
1778578200,20.7,21.38,20.7,21.08
1778580000,21.08,21.08,20.92,20.98
1778581800,20.98,20.98,20.8,20.84
1778583600,20.84,20.84,20.76,20.82
1778585400,20.8,20.82,20.72,20.76
1778587200,20.76,20.82,20.72,20.8
1778589000,20.8,20.84,20.72,20.76
1778590800,20.76,20.82,20.7,20.74
1778592600,20.72,20.92,20.66,20.8
1778594400,20.8,20.82,20.76,20.78
1778596200,20.78,20.78,20.42,20.46
1778598000,20.52,20.52,20.52,20.52
1778653800,20.5,20.5,20.5,20.5
1778655600,20.52,20.8,20.44,20.58
1778657400,20.56,20.84,20.5,20.62
1778659200,20.6,20.66,20.4,20.42
1778661000,20.4,20.46,20.36,20.42
1778662800,20.42,20.44,20.24,20.32
1778664600,20.32,20.6,20.22,20.56
1778666400,20.58,20.6,20.48,20.48
1778668200,20.5,20.76,20.48,20.68
1778670000,20.68,20.9,20.6,20.82
1778671800,20.8,20.86,20.62,20.66
1778673600,20.68,20.84,20.66,20.76
1778675400,20.76,20.82,20.6,20.8
1778677200,20.8,20.86,20.74,20.74
1778679000,20.74,20.86,20.66,20.84
1778680800,20.84,21.04,20.76,20.8
1778682600,20.8,20.92,20.7,20.7
1778684400,20.7,20.7,20.7,20.7
1778740200,20.78,20.78,20.78,20.78
1778742000,20.76,20.9,20.6,20.8
1778743800,20.8,21,20.72,20.72
1778745600,20.72,20.78,20.68,20.68
1778747400,20.7,20.74,20.66,20.7
1778749200,20.7,20.76,20.6,20.66
1778751000,20.66,20.76,20.6,20.76
1778752800,20.74,20.8,20.7,20.76
1778754600,20.74,20.78,20.7,20.74
1778756400,20.74,21.04,20.7,21
1778758200,21,21.04,20.82,20.84
1778760000,20.84,20.9,20.76,20.76
1778761800,20.76,20.82,20.64,20.72
1778763600,20.7,20.72,20.5,20.54
1778765400,20.54,20.58,20.5,20.52
1778767200,20.5,20.58,20.44,20.52
1778769000,20.52,20.54,20.42,20.48
1778770800,20.42,20.42,20.42,20.42
1778826600,20.44,20.44,20.44,20.44
1778828400,20.42,20.44,19.94,19.95
1778830200,19.94,19.98,19.78,19.96
1778832000,19.97,20.04,19.9,19.97
1778833800,19.97,20.16,19.95,19.98
1778835600,19.98,19.98,19.81,19.89
1778837400,19.89,19.91,19.84,19.85
1778839200,19.85,20.04,19.81,19.89
1778841000,19.9,20.02,19.89,19.97
1778842800,19.98,19.98,19.9,19.94
1778844600,19.94,19.95,19.81,19.83
1778846400,19.83,19.83,19.66,19.67
1778848200,19.68,19.71,19.62,19.65
1778850000,19.65,19.74,19.63,19.7
1778851800,19.69,19.74,19.49,19.68
1778853600,19.67,19.73,19.6,19.69
1778855400,19.7,19.76,19.57,19.6
1778857200,19.57,19.57,19.57,19.57
1779085800,19.56,19.56,19.56,19.56
1779087600,19.56,19.85,19.38,19.73
1779089400,19.74,19.75,19.42,19.42
1779091200,19.42,19.61,19.4,19.55
1779093000,19.55,19.91,19.54,19.77
1779094800,19.77,19.78,19.55,19.57
1779096600,19.57,19.61,19.5,19.53
1779098400,19.52,19.53,19.43,19.47
1779100200,19.47,19.57,19.45,19.53
1779102000,19.52,19.53,19.48,19.49
1779103800,19.49,19.68,19.46,19.48
1779105600,19.48,19.56,19.44,19.53
1779107400,19.52,19.87,19.52,19.87
1779109200,19.87,19.87,19.69,19.72
1779111000,19.72,19.78,19.6,19.71
1779112800,19.72,19.73,19.57,19.64
1779114600,19.64,19.64,19.5,19.5
1779116400,19.5,19.5,19.48,19.48
1779258600,19.44,19.44,19.44,19.44
1779260400,19.43,19.43,18.95,19.31
1779262200,19.31,19.63,19.3,19.6
1779264000,19.59,19.71,19.54,19.7
1779265800,19.71,19.71,19.51,19.54
1779267600,19.54,19.61,19.51,19.6
1779269400,19.6,19.64,19.54,19.6
1779271200,19.61,19.65,19.5,19.55
1779273000,19.56,19.69,19.54,19.59
1779274800,19.59,19.59,19.46,19.49
1779276600,19.5,19.52,19.44,19.46
1779278400,19.46,19.66,19.45,19.63
1779280200,19.64,19.78,19.63,19.7
1779282000,19.71,19.74,19.64,19.7
1779283800,19.71,19.78,19.68,19.69
1779285600,19.68,19.8,19.4,19.78
1779287400,19.79,19.86,19.66,19.71
1779289200,19.75,19.75,19.75,19.75
1779345000,19.75,19.75,19.75,19.75
1779346800,19.76,19.79,19.24,19.27
1779348600,19.28,19.46,19.26,19.31
1779350400,19.3,19.52,19.2,19.24
1779352200,19.25,19.29,19.18,19.26
1779354000,19.25,19.54,19.21,19.54
1779355800,19.53,19.66,19.49,19.54
1779357600,19.54,19.56,19.49,19.5
1779359400,19.5,19.51,19.39,19.41
1779361200,19.41,19.5,19.39,19.47
1779363000,19.46,19.51,19.42,19.44
1779364800,19.43,19.53,19.4,19.41
1779366600,19.43,19.46,19.39,19.46
1779368400,19.45,19.53,19.38,19.45
1779370200,19.45,19.46,19.3,19.34
1779372000,19.33,19.34,18.96,18.98
1779373800,18.98,19.03,18.77,18.77
1779375600,18.58,18.58,18.58,18.58
1779431400,18,18,18,18
1779433200,18,18.56,17.98,18.44
1779435000,18.44,18.7,18.31,18.68
1779436800,18.68,18.8,18.6,18.73
1779438600,18.72,18.85,18.67,18.73
1779440400,18.72,18.87,18.68,18.8
1779442200,18.81,19.07,18.79,19
1779444000,18.99,19.01,18.81,18.93
1779445800,18.93,18.96,18.76,18.84
1779447600,18.84,18.91,18.74,18.81
1779449400,18.81,19.13,18.81,19.13
1779451200,19.13,19.31,19.03,19.12
1779453000,19.12,19.38,19.12,19.33
1779454800,19.32,19.53,19.3,19.3
1779456600,19.31,19.33,19.18,19.21
1779458400,19.2,19.38,18.97,19.06
1779460200,19.07,19.46,18.99,19.34
1779462000,19.28,19.28,19.28,19.28
1779690600,19.31,19.31,19.31,19.31
1779692400,19.32,19.63,19.31,19.45
1779694200,19.46,19.52,19.36,19.4
1779696000,19.41,19.44,19.24,19.36
1779697800,19.35,19.47,19.33,19.37
1779699600,19.38,19.65,19.38,19.48
1779701400,19.48,19.55,19.47,19.5
1779703200,19.5,19.59,19.48,19.51
1779705000,19.51,19.52,19.39,19.42
1779706800,19.42,19.52,19.34,19.44
1779708600,19.43,19.47,19.26,19.3
1779710400,19.3,19.43,19.1,19.36
1779712200,19.36,19.52,19.35,19.42
1779714000,19.41,19.44,19.35,19.35
1779715800,19.35,19.48,19.35,19.41
1779717600,19.4,19.58,19.38,19.51
1779719400,19.5,19.56,19.45,19.49
1779721200,19.54,19.54,19.54,19.54
1779777000,19.38,19.38,19.38,19.38
1779778800,19.47,19.56,19.32,19.32
1779780600,19.32,19.51,19.3,19.47
1779782400,19.47,19.66,19.45,19.45
1779784200,19.45,19.46,19.33,19.33
1779786000,19.34,19.4,19.28,19.36
1779787800,19.36,19.36,19.3,19.3
1780295400,19.37,19.37,19.37,19.37
1780297200,19.38,19.6,19.29,19.33
1780299000,19.33,19.35,19.26,19.33
1780300800,19.34,19.5,19.29,19.42
1780302600,19.42,19.49,19.39,19.42
1780304400,19.42,19.46,19.41,19.46
1780306200,19.46,19.59,19.42,19.57
1780308000,19.56,19.66,19.56,19.61
1780309800,19.61,19.62,19.54,19.59
1780311600,19.59,19.64,19.5,19.6
1780313400,19.6,19.65,19.59,19.63
1780315200,19.63,19.66,19.57,19.64
1780317000,19.64,19.75,19.64,19.65
1780318800,19.66,19.72,19.31,19.31
1780320600,19.31,19.43,19.24,19.25
1780322400,19.24,19.49,19.23,19.38
1780324200,19.38,19.45,19.31,19.33
1780326000,19.41,19.41,19.41,19.41
1780381800,19.47,19.47,19.47,19.47
1780383600,19.48,19.74,19.48,19.69
1780385400,19.69,19.78,19.65,19.76
1780387200,19.77,19.9,19.73,19.84
1780389000,19.84,19.97,19.84,19.89
1780390800,19.89,19.94,19.88,19.9
1780392600,19.9,19.95,19.85,19.93
1780394400,19.93,19.97,19.9,19.93
1780396200,19.93,20.02,19.88,19.99
1780398000,20,20.08,19.96,20
1780399800,20,20.04,19.98,19.98
1780401600,19.98,20.08,19.92,20.08
1780403400,20.06,20.1,20,20.04
1780405200,20.06,20.16,20,20.06
1780407000,20.06,20.1,20.02,20.08
1780408800,20.08,20.14,20.02,20.08
1780410600,20.08,20.22,20.06,20.14
1780412400,20.18,20.18,20.18,20.18
1780468200,20.2,20.2,20.2,20.2
1780470000,20.2,20.34,19.96,20.26
1780471800,20.26,20.36,20.14,20.14
1780473600,20.14,20.16,20.02,20.06
1780475400,20.06,20.16,20.04,20.06
1780477200,20.06,20.16,20.06,20.16
1780479000,20.16,20.2,20.1,20.12
1780480800,20.12,20.24,20.06,20.2
1780482600,20.18,20.24,20.1,20.16
1780484400,20.18,20.26,20.16,20.2
1780486200,20.2,20.44,20.2,20.36
1780488000,20.36,20.5,20.26,20.34
1780489800,20.36,20.42,20.22,20.32
1780491600,20.32,20.4,20.14,20.28
1780493400,20.28,20.36,20.14,20.22
1780495200,20.2,20.34,20.14,20.18
1780497000,20.18,20.22,20.08,20.08
1780498800,20.12,20.12,20.12,20.12
1780554600,20.12,20.12,20.12,20.12
1780556400,20.14,20.44,20.14,20.34
1780558200,20.34,20.38,20.06,20.08
1780560000,20.08,20.1,19.6,19.82
1780561800,19.82,19.9,19.54,19.55
1780563600,19.55,19.64,19.53,19.6
1780565400,19.6,19.69,19.58,19.65
1780567200,19.66,19.7,19.6,19.62
1780569000,19.62,19.63,19.5,19.51
1780570800,19.51,19.63,19.47,19.62
1780572600,19.62,19.71,19.41,19.69
1780574400,19.68,19.81,19.66,19.75
1780576200,19.74,19.78,19.7,19.71
1780578000,19.71,19.76,19.68,19.72
1780579800,19.71,19.85,19.5,19.81
1780581600,19.81,19.95,19.75,19.95
1780583400,19.94,20.6,19.9,20.24
1780585200,20.66,20.66,20.66,20.66
1780641000,20.5,20.5,20.5,20.5
1780642800,20.5,20.6,20.2,20.3
1780644600,20.3,20.4,20.26,20.32
1780646400,20.34,20.34,20.12,20.22
1780648200,20.22,20.28,20.2,20.2
1780650000,20.2,20.26,20.14,20.14
1780651800,20.16,20.24,20.14,20.16
1780653600,20.18,20.2,20.12,20.16
1780655400,20.16,20.3,20.14,20.28
1780657200,20.3,20.34,20.24,20.32
1780659000,20.32,20.32,20.22,20.24
1780660800,20.24,20.28,20.18,20.24
1780662600,20.26,20.26,19.99,20.04
1780664400,20.04,20.28,20.02,20.06
1780666200,20.06,20.12,19.86,19.86
1780668000,19.87,19.96,19.82,19.92
1780669800,19.92,20.2,19.87,20.1
1780671600,20.36,20.36,20.36,20.36
1780900200,19.9,19.9,19.9,19.9
1780902000,19.9,20,19.73,19.93
1780903800,19.93,20.16,19.92,20.02
1780905600,20.02,20.1,19.94,19.96
1780907400,19.96,19.99,19.91,19.94
1780909200,19.94,19.97,19.88,19.93
1780911000,19.93,20,19.9,19.95
1780912800,19.96,20.04,19.89,20.02
1780914600,20.02,20.14,19.97,20.12
1780916400,20.12,20.3,20.1,20.3
1780918200,20.32,20.36,20.2,20.22
1780920000,20.24,20.26,20.1,20.16
1780921800,20.16,20.26,20.14,20.26
1780923600,20.26,20.46,20.18,20.42
1780925400,20.4,20.52,20.32,20.34
1780927200,20.36,20.46,20.34,20.42
1780929000,20.42,20.54,20.42,20.48
1780930800,20.3,20.3,20.3,20.3
1780986600,20.34,20.34,20.34,20.34
1780988400,20.34,20.58,20.32,20.5
1780990200,20.52,20.54,20.36,20.36
1780992000,20.36,20.56,20.36,20.54
1780993800,20.56,20.7,20.48,20.7
1780995600,20.7,20.84,20.7,20.74
1780997400,20.76,20.8,20.72,20.78
1780999200,20.78,20.86,20.74,20.78
1781001000,20.8,20.8,20.56,20.6
1781002800,20.6,20.66,20.58,20.6
1781004600,20.62,20.62,20.44,20.44
1781006400,20.44,20.48,20.38,20.38
1781008200,20.4,20.42,20.24,20.28
1781010000,20.28,20.36,20.2,20.32
1781011800,20.32,20.56,20.24,20.28
1781013600,20.28,20.38,20.18,20.28
1781015400,20.26,20.32,20.18,20.3
1781017200,20.3,20.3,20.3,20.3
1781073000,20.2,20.2,20.2,20.2
1781074800,20.18,20.32,20.02,20.3
1781076600,20.3,20.34,20.12,20.18
1781078400,20.2,20.2,20.04,20.12
1781080200,20.12,20.16,19.99,20
1781082000,20,20.12,19.99,20.12
1781083800,20.1,20.14,20,20.1
1781085600,20.08,20.1,20.04,20.08
1781087400,20.06,20.12,20.04,20.06
1781089200,20.06,20.08,19.94,19.99
1781091000,19.98,20.04,19.92,20.02
1781092800,20,20,19.93,19.97
1781094600,19.96,20.1,19.92,19.93
1781096400,19.93,19.99,19.9,19.94
1781098200,19.93,20.16,19.93,20.06
1781100000,20.04,20.08,19.95,19.96
1781101800,19.95,20.04,19.88,19.9
1781103600,19.9,19.96,19.9,19.96
1781159400,19.96,19.96,19.96,19.96
1781161200,19.98,20.24,19.86,20.22
1781163000,20.22,20.28,20.14,20.22
1781164800,20.22,20.32,20.18,20.26
1781166600,20.26,20.3,20.2,20.24
1781168400,20.2,20.24,20.08,20.1
1781170200,20.1,20.14,20.04,20.06
1781172000,20.08,20.16,20.06,20.12
1781173800,20.14,20.34,20.14,20.22
1781175600,20.22,20.3,20.06,20.3
1781177400,20.28,20.32,20,20.06
1781179200,20.08,20.12,19.89,19.91
1781181000,19.9,19.93,19.76,19.8
1781182800,19.8,19.83,19.71,19.79
1781184600,19.78,19.97,19.78,19.92
1781186400,19.91,19.97,19.87,19.92
1781188200,19.92,20.2,19.9,20.16
1781190000,20.22,20.22,20.22,20.22
1781245800,20.42,20.42,20.42,20.42
1781247600,20.42,20.74,20.36,20.66
1781249400,20.66,20.82,20.62,20.82
1781251200,20.8,21.1,20.76,20.98
1781253000,21,21.06,20.8,20.98
1781254800,20.98,21.04,20.9,21
1781256600,21.02,21.12,21,21
1781258400,21.02,21.06,20.9,20.92
1781260200,20.92,21.12,20.92,21.08
1781262000,21.06,21.14,21.06,21.08
1781263800,21.08,21.16,21,21.08
1781265600,21.1,21.14,21.06,21.1
1781267400,21.08,21.12,21,21.02
1781269200,21.02,21.02,20.78,20.78
1781271000,20.78,20.82,20.48,20.5
1781272800,20.5,20.58,20.3,20.38
1781274600,20.38,20.54,20.3,20.52
1781276400,20.4,20.4,20.4,20.4
1781505000,21.06,21.06,21.06,21.06
1781506800,21.08,21.14,20.86,20.88
1781508600,20.88,21.12,20.88,21
1781510400,21.02,21.08,20.92,21
1781512200,21,21.02,20.94,21
1781514000,21,21.08,20.92,20.98
1781515800,20.98,21.12,20.98,21.06
1781517600,21.06,21.1,21.04,21.08
1781519400,21.08,21.16,21.04,21.12
1781521200,21.14,21.22,21.12,21.2
1781523000,21.2,21.3,21.18,21.24
1781524800,21.24,21.26,21.18,21.2
1781526600,21.2,21.24,21.16,21.18
1781528400,21.16,21.22,21.12,21.14
1781530200,21.14,21.22,21.1,21.18
1781532000,21.16,21.22,21.12,21.2
1781533800,21.2,21.3,21.18,21.26
1781535600,21.26,21.3,21.26,21.3
1781591400,21.36,21.36,21.36,21.36
1781593200,21.36,21.52,21.26,21.38
1781595000,21.38,21.4,21.28,21.34
1781596800,21.36,21.36,21.2,21.26
1781598600,21.24,21.36,21.2,21.34
1781600400,21.34,21.4,21.28,21.38
1781602200,21.38,21.56,21.3,21.5
1781604000,21.5,21.6,21.4,21.5
1781605800,21.52,21.52,21.46,21.48
1781607600,21.48,21.56,21.44,21.5
1781609400,21.48,21.5,21.24,21.28
1781611200,21.26,21.34,21.2,21.24
1781613000,21.22,21.38,21.22,21.32
1781614800,21.32,21.4,21.28,21.32
1781616600,21.34,21.4,21.26,21.28
1781618400,21.3,21.32,21.1,21.2
1781620200,21.2,21.34,21.18,21.26
1781622000,21.26,21.26,21.26,21.26
1781677800,21.3,21.3,21.3,21.3
1781679600,21.32,21.36,21.1,21.26
1781681400,21.28,21.38,21.2,21.28
1781683200,21.28,21.32,21.22,21.24
1781685000,21.24,21.28,21.2,21.26
1781686800,21.24,21.28,21.22,21.28
1781688600,21.28,21.3,21.24,21.24
1781690400,21.24,21.28,21.22,21.24
1781692200,21.22,21.26,21.06,21.1
1781694000,21.08,21.1,20.92,20.94
1781695800,20.94,20.98,20.74,20.82
1781697600,20.84,20.98,20.82,20.94
1781699400,20.92,20.98,20.88,20.88
1781701200,20.88,21.04,20.88,21
1781703000,21,21,20.86,20.94
1781704800,20.96,21,20.84,20.98
1781706600,20.96,21.1,20.88,20.98
1781708400,21.06,21.06,21.06,21.06
1781764200,21.06,21.06,21.06,21.06
1781766000,21.06,21.18,20.92,21.18
1781767800,21.18,21.38,21.1,21.32
1781769600,21.34,21.4,21.3,21.34
1781771400,21.32,21.44,21.32,21.4
1781773200,21.4,21.42,21.34,21.34
1781775000,21.34,21.36,21.26,21.3
1781776800,21.3,21.36,21.28,21.32
1781778600,21.3,21.34,21.24,21.3
1781780400,21.3,21.34,21.22,21.28
1781782200,21.28,21.34,21.24,21.34
1781784000,21.32,21.34,21.28,21.32
1781785800,21.32,21.4,21.3,21.38
1781787600,21.38,21.66,21.38,21.58
1781789400,21.58,21.6,21.5,21.56
1781791200,21.58,21.62,21.54,21.6
1781793000,21.6,21.6,21.48,21.52
1781794800,21.52,21.52,21.52,21.52
1781850600,21.22,21.22,21.22,21.22
1781852400,21.24,21.28,21.04,21.2
1781854200,21.2,21.26,21.16,21.22
1781856000,21.22,21.48,21.2,21.38
1781857800,21.36,21.4,21.32,21.38
1781859600,21.36,21.42,21.34,21.4
1781861400,21.4,21.4,21.34,21.36
1781863200,21.36,21.44,21.34,21.38
1781865000,21.4,21.4,21.24,21.24
1781866800,21.26,21.28,21.2,21.2
1781868600,21.2,21.24,21.14,21.16
1781870400,21.18,21.2,21.06,21.14
1781872200,21.14,21.34,21.02,21.14
1781874000,21.16,21.24,21.06,21.1
1781875800,21.1,21.18,21.08,21.14
1781877600,21.14,21.26,21.14,21.22
1781879400,21.22,21.24,20.96,21.1
1781881200,21.1,21.1,21.02,21.02
1782109800,21.04,21.04,21.04,21.04
1782111600,21.04,21.16,20.94,21.06
1782113400,21.06,21.12,21.06,21.08
1782115200,21.08,21.1,21,21.06
1782117000,21.08,21.18,21.04,21.16
1782118800,21.16,21.18,21.06,21.08
1782120600,21.06,21.1,20.86,20.94
1782122400,20.96,21.02,20.92,20.94
1782124200,20.94,21.04,20.92,21.02
1782126000,21.04,21.12,21,21.02
1782127800,21.02,21.08,20.96,20.98
1782129600,20.96,21.06,20.96,21.02
1782131400,21.02,21.06,20.88,20.9
1782133200,20.9,20.96,20.82,20.92
1782135000,20.9,21,20.9,20.96
1782136800,20.94,21.04,20.9,20.98
1782138600,20.98,21,20.92,20.96
1782140400,21.06,21.06,21.06,21.06
1782196200,21,21,21,21
1782198000,21,21.04,20.52,20.7
1782199800,20.72,20.76,20.4,20.42
1782201600,20.4,20.52,20.34,20.36
1782203400,20.36,20.52,20.36,20.42
1782205200,20.44,20.48,20.36,20.46
1782207000,20.46,20.64,20.42,20.5
1782208800,20.52,20.54,20.46,20.5
1782210600,20.48,20.52,20.4,20.46
1782212400,20.46,20.66,20.4,20.62
1782214200,20.62,20.64,20.34,20.34
1782216000,20.36,20.42,20.14,20.2
1782217800,20.18,20.32,20.14,20.28
1782219600,20.28,20.42,20.26,20.34
1782221400,20.36,20.42,20.28,20.4
1782223200,20.4,20.42,20.22,20.3
1782225000,20.28,21.08,20.14,20.52
1782226800,20.54,20.54,20.54,20.54
1782282600,20.38,20.38,20.38,20.38
1782284400,20.44,20.74,20.34,20.64
1782286200,20.66,20.72,20.54,20.56
1782288000,20.58,20.64,20.52,20.6
1782289800,20.58,20.6,20.54,20.56
1782291600,20.56,20.58,20.48,20.5
1782293400,20.5,20.56,20.46,20.52
1782295200,20.52,20.58,20.5,20.56
1782297000,20.58,20.64,20.56,20.58
1782298800,20.58,20.62,20.54,20.56
1782300600,20.58,20.64,20.56,20.6
1782302400,20.6,20.66,20.48,20.52
1782304200,20.52,20.6,20.48,20.54
1782306000,20.52,20.62,20.5,20.58
1782307800,20.56,20.74,20.56,20.74
1782309600,20.74,20.74,20.6,20.66
1782311400,20.66,20.74,20.62,20.74
1782313200,20.64,20.64,20.64,20.64
1782369000,20.68,20.68,20.68,20.68
1782370800,20.7,21.02,20.68,20.96
1782372600,20.98,21.02,20.9,21
1782374400,21,21.04,20.94,20.98
1782376200,20.98,21.14,20.88,21.12
1782378000,21.12,21.12,20.92,21
1782379800,21,21.06,20.96,21.02
1782381600,21,21.06,20.9,20.94
1782383400,20.96,20.96,20.84,20.94
1782385200,20.92,20.94,20.78,20.88
1782387000,20.86,20.9,20.82,20.86
1782388800,20.84,20.9,20.78,20.9
1782390600,20.86,20.94,20.72,20.84
1782392400,20.84,20.88,20.74,20.86
1782394200,20.86,20.88,20.78,20.82
1782396000,20.82,20.86,20.72,20.76
1782397800,20.76,20.8,20.64,20.7
1782399600,20.72,20.72,20.72,20.72
1782455400,20.62,20.62,20.62,20.62
1782457200,20.62,20.96,20.62,20.84
1782459000,20.82,21.04,20.78,21
1782460800,21,21.1,20.96,21.08
1782462600,21.08,21.1,20.92,20.94
1782464400,20.94,21.3,20.9,21.2
1782466200,21.2,21.22,21.12,21.14
1782468000,21.14,21.22,21.08,21.2
1782469800,21.22,21.24,21.16,21.16
1782471600,21.16,21.22,21.14,21.18
1782473400,21.18,21.22,21,21.1
1782475200,21.1,21.16,21.04,21.08
1782477000,21.1,21.16,21.06,21.16
1782478800,21.16,21.38,21.12,21.26
1782480600,21.24,21.4,21.16,21.32
1782482400,21.3,21.32,21.22,21.26
1782484200,21.26,21.32,21.22,21.22
1782486000,21.24,21.26,21.24,21.26
1782714600,21.2,21.2,21.2,21.2
1782716400,21.22,21.44,21.16,21.4
1782718200,21.38,21.4,21.3,21.34
1782720000,21.34,21.58,21.28,21.38
1782721800,21.38,21.58,21.36,21.4
1782723600,21.4,21.46,21.32,21.34
1782725400,21.34,21.4,21.3,21.34
1782727200,21.34,21.44,21.28,21.42
1782729000,21.42,21.42,21.34,21.36
1782730800,21.36,21.42,21.32,21.38
1782732600,21.4,21.42,21.32,21.36
1782734400,21.36,21.38,21.28,21.34
1782736200,21.32,21.34,21.28,21.32
1782738000,21.3,21.4,21.3,21.36
1782739800,21.38,21.42,21.34,21.38
1782741600,21.38,21.4,21.3,21.34
1782743400,21.36,21.42,21.32,21.34
1782745200,21.32,21.34,21.32,21.34
1782801000,21.42,21.42,21.42,21.42
1782802800,21.42,21.68,21.28,21.58
1782804600,21.6,21.6,21.44,21.52
1782806400,21.5,21.56,21.46,21.52
1782808200,21.5,21.52,21.38,21.5
1782810000,21.5,21.54,21.48,21.5
1782811800,21.5,21.5,21.46,21.48
1782813600,21.48,21.5,21.28,21.34
1782815400,21.34,21.44,21.32,21.42
1782817200,21.42,21.42,21.32,21.32
1782819000,21.32,21.4,21.26,21.26
1782820800,21.26,21.28,21.1,21.18
1782822600,21.18,21.22,21.12,21.14
1782824400,21.12,21.14,21,21.08
1782826200,21.08,21.2,21.02,21.08
1782828000,21.08,21.1,20.98,21
1782829800,20.98,21.14,20.96,21.08
1782831600,21.1,21.1,21.04,21.04
1782887400,21,21,21,21
1782889200,21,21.1,20.66,21.06
1782891000,21.06,21.2,20.98,21.14
1782892800,21.16,21.18,21.08,21.12
1782894600,21.12,21.16,21.08,21.12
1782896400,21.12,21.18,21.04,21.1
1782898200,21.1,21.12,21.04,21.08
1782900000,21.08,21.24,21.06,21.14
1782901800,21.12,21.18,21.12,21.14
1782903600,21.12,21.24,21.06,21.2
1782905400,21.2,21.26,21.12,21.12
1782907200,21.12,21.16,21.08,21.1
1782909000,21.1,21.12,21.06,21.1
1782910800,21.08,21.14,21.04,21.12
1782912600,21.14,21.18,21.1,21.12
1782914400,21.12,21.12,20.98,21
1782916200,21,21,20.82,20.86
1782918000,20.86,20.86,20.86,20.86
1782973800,20.88,20.88,20.88,20.88
1782975600,20.9,20.94,20.82,20.86
1782977400,20.86,20.9,20.78,20.8
1782979200,20.8,20.86,20.76,20.8
1782981000,20.78,20.84,20.74,20.78
1782982800,20.76,20.78,20.7,20.74
1782984600,20.74,20.76,20.68,20.72
1782986400,20.72,20.74,20.64,20.64
1782988200,20.66,20.68,20.54,20.56
1782990000,20.56,20.56,20.5,20.52
1782991800,20.52,20.56,20.38,20.42
1782993600,20.42,20.52,20.36,20.38
1782995400,20.38,20.46,20.3,20.34
1782997200,20.32,20.48,20.3,20.32
1782999000,20.32,20.4,20.24,20.36
1783000800,20.36,20.52,20.34,20.46
1783002600,20.48,20.5,20.4,20.44
1783004400,20.5,20.5,20.5,20.5
1783060200,20.56,20.56,20.56,20.56
1783062000,20.56,21.1,20.5,20.74
1783063800,20.74,20.78,20.66,20.7
1783065600,20.7,20.7,20.58,20.66
1783067400,20.64,20.76,20.64,20.7
1783069200,20.7,20.8,20.66,20.74
1783071000,20.76,20.86,20.74,20.82
1783072800,20.8,20.82,20.76,20.76
1783074600,20.74,20.82,20.64,20.68
1783076400,20.68,20.7,20.56,20.68
1783078200,20.7,20.72,20.66,20.7
1783080000,20.7,20.72,20.56,20.72
1783081800,20.72,20.72,20.58,20.62
1783083600,20.62,20.72,20.58,20.7
1783085400,20.7,20.72,20.52,20.54
1783087200,20.54,20.6,20.5,20.56
1783089000,20.54,20.6,20.46,20.56
1783090800,20.5,20.5,20.5,20.5
1783319400,20.58,20.58,20.58,20.58
1783321200,20.58,20.74,20.5,20.72
1783323000,20.74,20.76,20.62,20.66
1783324800,20.66,20.68,20.56,20.56
1783326600,20.58,20.58,20.42,20.48
1783328400,20.46,20.46,20.34,20.36
1783330200,20.34,20.4,20.26,20.34
1783332000,20.34,20.42,20.32,20.4
1783333800,20.4,20.42,20.36,20.38
1783335600,20.4,20.44,20.36,20.38
1783337400,20.4,20.4,20.24,20.26
1783339200,20.26,20.28,20.18,20.24
1783341000,20.24,20.24,20.1,20.1
1783342800,20.1,20.16,20.06,20.08
1783344600,20.1,20.12,20.08,20.1
1783346400,20.1,20.28,20.08,20.24
1783348200,20.24,20.24,20.18,20.18
1783350000,20.22,20.22,20.22,20.22
1783405800,20.2,20.2,20.2,20.2
1783407600,20.2,20.32,20.06,20.3
1783409400,20.28,20.38,20.24,20.38
1783411200,20.38,20.38,20.22,20.24
1783413000,20.22,20.3,20.18,20.2
1783414800,20.2,20.22,20.1,20.12
1783416600,20.12,20.16,20.08,20.1
1783418400,20.1,20.14,20.06,20.08
1783420200,20.08,20.46,20.06,20.4
1783422000,20.4,20.5,20.26,20.28
1783423800,20.28,20.46,20.26,20.3
1783425600,20.3,20.36,20.26,20.3
1783427400,20.3,20.36,20.26,20.3
1783429200,20.3,20.46,20.28,20.36
1783431000,20.36,20.54,20.36,20.52
1783432800,20.52,20.64,20.38,20.46
1783434600,20.44,20.5,20.42,20.48
1783436400,20.52,20.52,20.52,20.52
1783492200,20.38,20.38,20.38,20.38
1783494000,20.36,20.42,20.18,20.36
1783495800,20.36,20.68,20.3,20.66
1783497600,20.66,20.72,19.99,20.38
1783499400,20.4,20.5,20.3,20.42
1783501200,20.42,20.5,20.32,20.48
1783503000,20.46,20.56,20.42,20.48
1783504800,20.48,20.56,20.42,20.48
1783506600,20.48,20.54,20.42,20.44
1783508400,20.44,20.5,20.42,20.46
1783510200,20.48,20.58,20.4,20.52
1783512000,20.52,20.54,20.36,20.38
1783513800,20.38,20.58,20.32,20.5
1783515600,20.48,20.54,20.38,20.46
1783517400,20.48,20.52,20.08,20.3
1783519200,20.3,20.36,20.22,20.22
1783521000,20.22,20.26,20.08,20.1
1783522800,20.14,20.14,20.14,20.14
1783578600,20.18,20.18,20.18,20.18
1783580400,20.18,20.34,20.06,20.12
1783582200,20.12,20.22,20.06,20.1
1783584000,20.12,20.16,20.06,20.08
1783585800,20.08,20.12,19.98,20.02
1783587600,20.02,20.06,19.87,19.91
1783589400,19.91,19.97,19.87,19.94
1783591200,19.95,19.95,19.84,19.86
1783593000,19.86,19.91,19.72,19.78
1783594800,19.79,19.85,19.78,19.82
1783596600,19.81,19.82,19.76,19.79
1783598400,19.8,19.8,19.71,19.76
1783600200,19.76,19.79,19.73,19.74
1783602000,19.74,19.76,19.7,19.73
1783603800,19.73,19.73,19.42,19.7
1783605600,19.7,19.73,19.63,19.67
1783607400,19.67,19.74,19.63,19.67
1783609200,19.71,19.71,19.71,19.71
1783665000,19.72,19.72,19.72,19.72
1783666800,19.73,20.5,19.66,20.4
1783668600,20.4,20.44,20.22,20.26
1783670400,20.26,20.34,20.2,20.28
1783672200,20.28,20.3,20.16,20.2
1783674000,20.18,20.22,20.06,20.16
1783675800,20.16,20.16,20.08,20.12
1783677600,20.12,20.12,19.89,20
1783679400,20.02,20.06,19.99,20.06
1783681200,20.06,20.1,20.04,20.1
1783683000,20.1,20.24,20.08,20.16
1783684800,20.16,20.28,20.14,20.28
1783686600,20.26,20.3,20.22,20.3
1783688400,20.28,20.34,20.26,20.34
1783690200,20.34,20.48,20.34,20.46
1783692000,20.44,20.48,20.4,20.46
1783693800,20.46,20.48,20.32,20.46
1783695600,20.46,20.46,20.46,20.46
1783924200,20.2,20.2,20.2,20.2
1783926000,20.2,20.38,20.08,20.18
1783927800,20.18,20.24,20.12,20.14
1783929600,20.14,20.18,20.04,20.08
1783931400,20.08,20.1,20,20
1783933200,20,20.04,19.9,19.91
1783935000,19.91,20.02,19.91,20
1783936800,20,20.04,19.95,19.96
1783938600,19.95,19.98,19.91,19.93
1783940400,19.93,19.99,19.93,19.97
1783942200,19.97,20.04,19.95,19.97
1783944000,19.97,19.97,19.86,19.9
1783945800,19.89,19.95,19.8,19.87
1783947600,19.88,19.91,19.85,19.89
1783949400,19.89,19.95,19.85,19.94
1783951200,19.95,20.22,19.91,20.16
1783953000,20.16,20.18,20.02,20.02
1783954800,20.08,20.08,20.08,20.08
1784010600,20,20,20,20
1784012400,20.02,20.04,19.89,20.02
1784014200,20.04,20.06,19.98,20.04
1784016000,20.04,20.18,20.02,20.18
1784017800,20.18,20.22,20.08,20.1
1784019600,20.1,20.18,20.08,20.12
1784021400,20.1,20.16,20.04,20.1
1784023200,20.12,20.16,20.1,20.14
1784025000,20.14,20.18,20.1,20.16
1784026800,20.16,20.16,20.08,20.14
1784028600,20.14,20.22,20.1,20.2
1784030400,20.18,20.2,20.06,20.1
1784032200,20.12,20.2,19.92,19.93
1784034000,19.93,20.1,19.91,20.1
1784035800,20.08,20.1,19.99,20.02
1784037600,20.02,20.08,20,20.02
1784039400,20.02,20.06,19.96,19.96
1784041200,20.02,20.02,20.02,20.02
1784183400,20.02,20.02,20.02,20.02
1784185200,20.02,20.34,20,20.3
1784187000,20.3,20.38,20.18,20.36
1784188800,20.38,20.52,20.36,20.48
1784190600,20.48,20.5,20.36,20.44
1784192400,20.44,20.5,20.42,20.48
1784194200,20.48,20.6,20.44,20.5
1784196000,20.52,20.6,20.48,20.56
1784197800,20.56,20.76,20.54,20.72
1784199600,20.72,20.74,20.64,20.68
1784201400,20.68,20.7,20.6,20.66
1784203200,20.66,20.68,20.52,20.52
1784205000,20.54,20.6,20.46,20.56
1784206800,20.56,20.7,20.54,20.68
1784208600,20.68,20.74,20.66,20.72
1784210400,20.7,20.76,20.68,20.72
1784212200,20.72,20.74,20.68,20.72
1784214000,20.76,20.76,20.76,20.76
1784269800,20.76,20.76,20.76,20.76
1784271600,20.76,21,20.62,20.86
1784273400,20.88,20.88,20.72,20.76
1784275200,20.74,20.8,20.58,20.7
1784277000,20.7,20.94,20.62,20.82
1784278800,20.84,20.92,20.78,20.9
1784280600,20.92,20.92,20.8,20.8
1784282400,20.82,20.84,20.76,20.82
1784284200,20.84,20.84,20.8,20.82
1784286000,20.82,20.92,20.82,20.88
1784287800,20.88,20.96,20.84,20.92
1784289600,20.9,20.92,20.74,20.74
1784291400,20.76,20.8,20.72,20.76
1784293200,20.78,20.84,20.76,20.84
1784295000,20.86,20.98,20.84,20.98
1784296800,20.98,21,20.8,20.84
1784298600,20.82,20.84,20.7,20.74
1784300400,20.8,20.8,20.8,20.8
1784529000,20.8,20.8,20.8,20.8
1784530800,20.8,20.86,20.6,20.82
1784532600,20.82,21,20.78,20.94
1784534400,20.92,20.98,20.7,20.82
1784536200,20.8,20.82,20.72,20.78
1784538000,20.76,20.9,20.76,20.9
1784539800,20.9,21.02,20.88,20.96
1784541600,20.96,21.04,20.9,20.92
1784543400,20.92,21.02,20.9,20.98
1784545200,20.98,21.18,20.98,21.14
1784547000,21.14,21.4,21.14,21.36
1784548800,21.36,21.42,21.32,21.34
1784550600,21.36,21.38,21.3,21.36
1784552400,21.36,21.36,21.24,21.26
1784554200,21.28,21.3,21.16,21.22
1784556000,21.2,21.26,21.18,21.2
1784557800,21.2,21.2,21.14,21.18
1784559600,21.16,21.16,21.16,21.16
1784615400,21.2,21.2,21.2,21.2
1784617200,21.2,21.42,21.06,21.4
1784619000,21.4,21.4,21.1,21.12
1784620800,21.14,21.3,21.12,21.3
1784622600,21.28,21.7,21.28,21.66
1784624400,21.68,22,21.64,21.96
1784626200,21.94,22.06,21.88,22.04
1784628000,22.04,22.18,22,22.1
1784629800,22.1,22.16,22.06,22.14
1784631600,22.14,22.14,21.98,22.08
1784633400,22.08,22.14,22.02,22.02
1784635200,22.02,22.1,21.96,21.98
1784637000,22,22,21.88,21.92
1784638800,21.92,22.14,21.92,22.04
1784640600,22.02,22.14,21.98,22.08
1784642400,22.08,22.22,22.06,22.2
1784644200,22.18,22.3,22.16,22.2
1784646000,22.18,22.24,22.18,22.24
1784701800,22.3,22.3,22.3,22.3
1784703600,22.3,22.48,22.14,22.46
1784705400,22.46,22.46,22.24,22.34
1784707200,22.32,22.38,22.24,22.32
1784709000,22.32,22.34,22.06,22.16
1784710800,22.18,22.36,22.08,22.2
1784712600,22.2,22.22,22.14,22.2
1784714400,22.22,22.26,22.14,22.22
1784716200,22.22,22.38,22.16,22.32
1784718000,22.32,22.46,22.18,22.18
1784719800,22.18,22.24,22.04,22.06
1784721600,22.04,22.16,22.04,22.08
1784723400,22.1,22.14,22.02,22.06
1784725200,22.04,22.1,22.04,22.06
1784727000,22.06,22.12,21.96,21.98
1784728800,21.98,22.08,21.94,22.04
1784730600,22.02,22.1,22,22.02
1784732400,22.04,22.12,22.04,22.12
1784788200,22.1,22.1,22.1,22.1
1784790000,22.08,22.12,21.8,21.86
1784791800,21.86,21.88,21.62,21.7
1784793600,21.7,21.82,21.66,21.76
1784795400,21.74,21.96,21.74,21.88
1784797200,21.88,21.9,21.72,21.8
1784799000,21.8,21.88,21.78,21.84
1784800800,21.84,22.04,21.84,21.96
1784802600,21.96,21.98,21.86,21.92
1784804400,21.92,21.92,21.74,21.76
1784806200,21.74,21.76,21.66,21.7
1784808000,21.7,21.74,21.62,21.68
1784809800,21.68,21.72,21.54,21.6
1784811600,21.58,21.64,21.48,21.56
1784813400,21.56,21.58,21.5,21.56
1784815200,21.54,21.56,21.38,21.5
1784817000,21.48,21.58,21.42,21.5
1784818800,21.54,21.54,21.54,21.54
1784874600,21.6,21.6,21.6,21.6
1784876400,21.6,21.78,21.52,21.78
1784878200,21.78,22,21.64,21.64
1784880000,21.64,21.66,21.5,21.58
1784881800,21.58,21.6,21.34,21.34
1784883600,21.36,21.38,21.08,21.18
1784885400,21.18,21.18,20.96,21
1784887200,21,21.12,20.96,21.04
1784889000,21.06,21.24,21.04,21.2
1784890800,21.2,21.28,21.2,21.24
1784892600,21.24,21.36,21.22,21.34
1784894400,21.34,21.36,21.28,21.34
1784896200,21.34,21.36,21.16,21.2
1784898000,21.18,21.22,21.02,21.04
1784899800,21.02,21.06,20.98,21.02
1784901600,21.02,21.14,21.02,21.08
1784903400,21.06,21.08,20.94,21.02
1784905200,20.96,20.96,20.96,20.96
1785133800,21.1,21.1,21.1,21.1
1785135600,21.12,21.38,21.12,21.2
1785137400,21.22,21.22,21,21
1785139200,21.02,21.14,20.98,21.08
1785141000,21.08,21.14,21.02,21.08
1785142800,21.06,21.2,21.02,21.1
1785144600,21.1,21.24,21.06,21.22
1785146400,21.22,21.28,21.2,21.22
1785148200,21.22,21.24,21.18,21.22
1785150000,21.22,21.22,21.12,21.14