time,open,high,low,close
1641191400,11.29,11.29,11.29,11.29
1641193200,11.29,11.38,11.29,11.35
1641195000,11.36,11.45,11.35,11.44
1641196800,11.44,11.47,11.42,11.45
1641198600,11.44,11.5,11.44,11.48
1641200400,11.48,11.49,11.46,11.47
1641202200,11.47,11.48,11.46,11.47
1641204000,11.47,11.48,11.45,11.46
1641205800,11.46,11.47,11.45,11.46
1641207600,11.47,11.52,11.46,11.52
1641209400,11.52,11.54,11.49,11.49
1641211200,11.5,11.51,11.49,11.49
1641213000,11.49,11.5,11.43,11.44
1641214800,11.45,11.47,11.44,11.47
1641216600,11.47,11.5,11.46,11.49
1641218400,11.49,11.5,11.44,11.46
1641220200,11.46,11.46,11.44,11.45
1641222000,11.46,11.46,11.46,11.46
1641277800,11.49,11.49,11.49,11.49
1641279600,11.49,11.6,11.47,11.59
1641281400,11.59,11.61,11.55,11.58
1641283200,11.58,11.59,11.52,11.54
1641285000,11.55,11.56,11.54,11.54
1641286800,11.54,11.56,11.53,11.55
1641288600,11.55,11.55,11.49,11.5
1641290400,11.49,11.53,11.48,11.52
1641292200,11.52,11.53,11.47,11.47
1641294000,11.47,11.51,11.47,11.5
1641295800,11.51,11.51,11.48,11.49
1641297600,11.49,11.5,11.48,11.49
1641299400,11.49,11.49,11.38,11.42
1641301200,11.42,11.42,11.33,11.42
1641303000,11.42,11.42,11.36,11.38
1641304800,11.39,11.44,11.36,11.44
1641306600,11.43,11.45,11.4,11.45
1641308400,11.43,11.43,11.43,11.43
1641364200,11.43,11.43,11.43,11.43
1641366000,11.44,11.47,11.41,11.44
1641367800,11.44,11.45,11.41,11.43
1641369600,11.43,11.47,11.42,11.45
1641371400,11.45,11.5,11.44,11.47
1641373200,11.47,11.5,11.46,11.47
1641375000,11.47,11.47,11.43,11.44
1641376800,11.44,11.44,11.42,11.44
1641378600,11.44,11.46,11.43,11.45
1641380400,11.45,11.46,11.43,11.45
1641382200,11.45,11.46,11.44,11.44
1641384000,11.45,11.46,11.43,11.43
1641385800,11.44,11.45,11.43,11.44
1641387600,11.44,11.45,11.43,11.44
1641389400,11.43,11.45,11.41,11.42
1641391200,11.41,11.46,11.41,11.45
1641393000,11.46,11.48,11.42,11.46
1641394800,11.45,11.45,11.45,11.45
1641450600,11.38,11.38,11.38,11.38
1641452400,11.37,11.47,11.36,11.47
1641454200,11.46,11.51,11.46,11.5
1641456000,11.5,11.51,11.46,11.47
1641457800,11.46,11.55,11.46,11.54
1641459600,11.54,11.57,11.48,11.5
1641461400,11.5,11.52,11.48,11.48
1641463200,11.49,11.5,11.45,11.48
1641465000,11.48,11.48,11.47,11.48
1641466800,11.47,11.5,11.46,11.48
1641468600,11.47,11.51,11.47,11.5
1641470400,11.5,11.52,11.48,11.5
1641472200,11.5,11.53,11.49,11.53
1641474000,11.53,11.54,11.49,11.51
1641475800,11.51,11.55,11.49,11.54
1641477600,11.54,11.54,11.5,11.52
1641479400,11.52,11.53,11.48,11.49
1641481200,11.48,11.48,11.48,11.48
1641537000,11.48,11.48,11.48,11.48
1641538800,11.49,11.54,11.48,11.52
1641540600,11.52,11.59,11.5,11.59
1641542400,11.59,11.76,11.57,11.7
1641544200,11.7,11.72,11.67,11.68
1641546000,11.69,11.7,11.66,11.68
1641547800,11.69,11.7,11.68,11.69
1641549600,11.69,11.7,11.66,11.69
1641551400,11.69,11.77,11.67,11.76
1641553200,11.76,11.76,11.68,11.7
1641555000,11.69,11.7,11.64,11.7
1641556800,11.7,11.71,11.65,11.67
1641558600,11.67,11.67,11.63,11.65
1641560400,11.65,11.69,11.64,11.68
1641562200,11.67,11.72,11.64,11.72
1641564000,11.72,11.74,11.7,11.72
1641565800,11.71,11.78,11.69,11.74
1641567600,11.75,11.75,11.75,11.75
1641796200,11.83,11.83,11.83,11.83
1641798000,11.83,11.92,11.83,11.89
1641799800,11.88,11.89,11.84,11.85
1641801600,11.85,11.86,11.84,11.86
1641803400,11.86,11.86,11.8,11.81
1641805200,11.82,11.84,11.79,11.83
1641807000,11.84,11.84,11.79,11.8
1641808800,11.8,11.85,11.78,11.83
1641810600,11.84,11.86,11.83,11.85
1641812400,11.85,11.85,11.83,11.83
1641814200,11.84,11.84,11.82,11.83
1641816000,11.84,11.86,11.83,11.84
1641817800,11.84,11.86,11.83,11.86
1641819600,11.85,11.87,11.83,11.84
1641821400,11.84,11.87,11.83,11.85
1641823200,11.86,11.86,11.82,11.82
1641825000,11.83,11.84,11.79,11.79
1641826800,11.74,11.74,11.74,11.74
1641882600,11.81,11.81,11.81,11.81
1641884400,11.81,11.82,11.74,11.75
1641886200,11.76,11.76,11.69,11.74
1641888000,11.74,11.75,11.72,11.72
1641889800,11.73,11.75,11.71,11.72
1641891600,11.72,11.72,11.68,11.7
1641893400,11.71,11.76,11.7,11.75
1641895200,11.75,11.78,11.74,11.78
1641897000,11.78,11.78,11.74,11.76
1641898800,11.75,11.78,11.74,11.75
1641900600,11.75,11.79,11.74,11.79
1641902400,11.79,11.87,11.78,11.82
1641904200,11.82,11.91,11.82,11.87
1641906000,11.88,11.89,11.83,11.85
1641907800,11.84,11.86,11.83,11.83
1641909600,11.83,11.85,11.79,11.84
1641911400,11.84,11.84,11.77,11.78
1641913200,11.78,11.78,11.78,11.78
1641969000,11.87,11.87,11.87,11.87
1641970800,11.87,11.92,11.85,11.88
1641972600,11.88,11.89,11.87,11.88
1641974400,11.87,11.89,11.87,11.88
1641976200,11.88,11.88,11.82,11.84
1641978000,11.84,11.85,11.83,11.85
1641979800,11.85,11.85,11.84,11.85
1641981600,11.85,11.85,11.83,11.84
1641983400,11.84,11.85,11.83,11.85
1641985200,11.84,11.87,11.84,11.84
1641987000,11.84,11.86,11.84,11.84
1641988800,11.84,11.85,11.8,11.83
1641990600,11.83,11.84,11.82,11.83
1641992400,11.83,11.83,11.81,11.83
1641994200,11.83,11.86,11.82,11.86
1641996000,11.86,11.87,11.83,11.84
1641997800,11.84,11.91,11.84,11.86
1641999600,11.85,11.85,11.85,11.85
1642055400,11.84,11.84,11.84,11.84
1642057200,11.84,11.91,11.83,11.88
1642059000,11.87,11.89,11.84,11.88
1642060800,11.89,11.95,11.88,11.92
1642062600,11.91,11.92,11.86,11.88
1642064400,11.87,11.89,11.87,11.89
1642066200,11.88,11.91,11.88,11.9
1642068000,11.89,11.93,11.89,11.91
1642069800,11.91,11.92,11.9,11.9
1642071600,11.91,11.91,11.89,11.9
1642073400,11.9,11.92,11.89,11.91
1642075200,11.9,11.93,11.9,11.92
1642077000,11.91,11.92,11.87,11.89
1642078800,11.9,11.9,11.86,11.86
1642080600,11.86,11.88,11.84,11.86
1642082400,11.85,11.88,11.84,11.86
1642084200,11.86,11.87,11.85,11.86
1642086000,11.88,11.88,11.88,11.88
1642141800,11.86,11.86,11.86,11.86
1642143600,11.86,11.87,11.81,11.81
1642145400,11.81,11.82,11.75,11.79
1642147200,11.79,11.79,11.74,11.79
1642149000,11.79,11.8,11.77,11.79
1642150800,11.79,11.8,11.78,11.79
1642152600,11.78,11.8,11.78,11.79
1642154400,11.79,11.8,11.76,11.79
1642156200,11.78,11.82,11.77,11.81
1642158000,11.81,11.81,11.79,11.8
1642159800,11.8,11.81,11.79,11.8
1642161600,11.8,11.81,11.78,11.79
1642163400,11.78,11.8,11.77,11.77
1642165200,11.78,11.8,11.75,11.8
1642167000,11.8,11.81,11.79,11.8
1642168800,11.8,11.85,11.79,11.84
1642170600,11.84,11.87,11.82,11.86
1642172400,11.86,11.86,11.86,11.86
1642401000,12.02,12.02,12.02,12.02
1642402800,12.02,12.04,11.94,12.02
1642404600,12.01,12.03,11.97,11.99
1642406400,12,12.03,11.98,11.99
1642408200,11.99,12,11.96,11.97
1642410000,11.97,11.98,11.96,11.97
1642411800,11.97,11.97,11.95,11.96
1642413600,11.97,11.98,11.96,11.97
1642415400,11.98,11.99,11.97,11.99
1642417200,11.98,11.99,11.97,11.98
1642419000,11.99,12,11.97,11.98
1642420800,11.98,12.01,11.98,11.99
1642422600,11.99,12.05,11.99,12.01
1642424400,12,12.01,11.95,11.97
1642426200,11.97,12.01,11.96,11.98
1642428000,11.97,12.04,11.97,11.98
1642429800,11.99,12.01,11.97,11.99
1642431600,11.99,11.99,11.99,11.99
1642487400,11.96,11.96,11.96,11.96
1642489200,11.96,11.98,11.94,11.97
1642491000,11.97,12.04,11.96,12.02
1642492800,12.02,12.03,11.96,11.98
1642494600,11.97,11.99,11.97,11.98
1642496400,11.98,11.99,11.95,11.97
1642498200,11.96,11.99,11.95,11.97
1642500000,11.97,12,11.97,12
1642501800,12,12.01,11.98,12
1642503600,12,12.01,11.98,12.01
1642505400,12,12.1,12,12.06
1642507200,12.06,12.09,12.05,12.08
1642509000,12.08,12.11,12.07,12.08
1642510800,12.08,12.08,11.98,11.98
1642512600,11.98,12.02,11.95,11.98
1642514400,11.98,11.99,11.67,11.71
1642516200,11.71,11.73,11.52,11.52
1642573800,11.67,11.67,11.67,11.67
1642575600,11.68,11.8,11.65,11.76
1642577400,11.76,11.78,11.7,11.74
1642579200,11.73,11.78,11.73,11.75
1642581000,11.76,11.78,11.74,11.78
1642582800,11.78,11.82,11.75,11.76
1642584600,11.75,11.82,11.75,11.8
1642586400,11.8,11.83,11.79,11.8
1642588200,11.8,11.82,11.74,11.76
1642590000,11.75,11.78,11.72,11.77
1642591800,11.77,11.83,11.76,11.82
1642593600,11.82,11.82,11.79,11.8
1642595400,11.81,11.84,11.8,11.83
1642597200,11.83,11.9,11.82,11.87
1642599000,11.87,11.93,11.86,11.92
1642600800,11.93,11.98,11.92,11.96
1642602600,11.95,12.04,11.93,12.04
1642604400,12.03,12.03,12.03,12.03
1642660200,12.07,12.07,12.07,12.07
1642662000,12.07,12.14,12.05,12.1
1642663800,12.11,12.11,12.07,12.11
1642665600,12.11,12.11,12.04,12.07
1642667400,12.06,12.12,12.06,12.1
1642669200,12.1,12.11,12.07,12.1
1642671000,12.1,12.11,12.07,12.09
1642672800,12.09,12.14,12.08,12.12
1642674600,12.12,12.13,12.1,12.12
1642676400,12.12,12.16,12.05,12.08
1642678200,12.08,12.09,11.85,11.91
1642680000,11.91,11.99,11.81,11.97
1642681800,11.97,11.98,11.9,11.91
1642683600,11.92,11.96,11.89,11.95
1642685400,11.95,12.02,11.93,12.01
1642687200,12.01,12.01,11.78,11.78
1642689000,11.78,11.95,11.75,11.95
1642690800,11.94,11.94,11.94,11.94
1642746600,11.9,11.9,11.9,11.9
1642748400,11.89,11.9,11.83,11.84
1642750200,11.84,11.9,11.83,11.89
1642752000,11.88,11.93,11.87,11.9
1642753800,11.91,11.91,11.83,11.86
1642755600,11.86,11.89,11.85,11.89
1642757400,11.9,11.93,11.87,11.89
1642759200,11.89,11.94,11.86,11.91
1642761000,11.9,11.95,11.9,11.93
1642762800,11.93,11.93,11.83,11.88
1642764600,11.88,11.88,11.81,11.87
1642766400,11.86,11.91,11.85,11.89
1642768200,11.89,11.9,11.87,11.89
1642770000,11.88,11.89,11.87,11.88
1642771800,11.87,11.92,11.84,11.9
1642773600,11.9,11.96,11.89,11.92
1642775400,11.93,11.95,11.92,11.93
1642777200,11.93,11.93,11.93,11.93
1643005800,11.92,11.92,11.92,11.92
1643007600,11.92,12.05,11.91,12.02
1643009400,12.03,12.03,11.98,12
1643011200,12.01,12.06,11.99,12.04
1643013000,12.05,12.07,12.01,12.02
1643014800,12.02,12.03,11.97,12.01
1643016600,12,12.01,11.96,11.96
1643018400,11.96,11.97,11.86,11.92
1643020200,11.91,11.92,11.78,11.81
1643022000,11.81,11.85,11.78,11.81
1643023800,11.81,11.87,11.8,11.85
1643025600,11.85,11.86,11.83,11.83
1643027400,11.84,11.85,11.68,11.72
1643029200,11.72,11.77,11.68,11.71
1643031000,11.71,11.75,11.66,11.7
1643032800,11.7,11.76,11.69,11.75
1643034600,11.75,11.75,11.68,11.68
1643092200,11.76,11.76,11.76,11.76
1643094000,11.76,11.8,11.7,11.75
1643095800,11.76,11.8,11.75,11.79
1643097600,11.79,11.79,11.68,11.68
1643099400,11.68,11.76,11.68,11.74
1643101200,11.74,11.77,11.73,11.77
1643103000,11.77,11.78,11.75,11.77
1643104800,11.77,11.81,11.75,11.78
1643106600,11.79,11.79,11.75,11.78
1643108400,11.78,11.8,11.76,11.78
1643110200,11.79,11.79,11.75,11.78
1643112000,11.78,11.84,11.76,11.83
1643113800,11.83,11.86,11.8,11.85
1643115600,11.85,11.86,11.79,11.79
1643117400,11.79,11.83,11.78,11.8
1643119200,11.81,11.84,11.79,11.84
1643121000,11.84,11.84,11.8,11.84
1643122800,11.84,11.84,11.84,11.84
1643178600,11.85,11.85,11.85,11.85
1643180400,11.85,11.87,11.82,11.83
1643182200,11.83,11.86,11.82,11.84
1643184000,11.85,11.88,11.84,11.86
1643185800,11.86,11.9,11.86,11.87
1643187600,11.87,11.89,11.85,11.87
1643189400,11.86,11.87,11.84,11.85
1643191200,11.86,11.88,11.84,11.86
1643193000,11.86,11.88,11.86,11.86
1643194800,11.86,11.88,11.85,11.85
1643196600,11.85,11.88,11.85,11.88
1643198400,11.87,11.88,11.86,11.87
1643200200,11.87,11.87,11.81,11.83
1643202000,11.83,11.86,11.82,11.85
1643203800,11.85,11.86,11.84,11.86
1643205600,11.86,11.86,11.81,11.83
1643207400,11.84,11.84,11.8,11.82
1643209200,11.82,11.82,11.82,11.82
1643265000,11.73,11.73,11.73,11.73
1643266800,11.73,11.78,11.71,11.76
1643268600,11.76,11.81,11.76,11.79
1643270400,11.79,11.81,11.78,11.79
1643272200,11.8,11.84,11.77,11.83
1643274000,11.84,11.85,11.81,11.85
1643275800,11.85,11.87,11.84,11.86
1643277600,11.87,11.87,11.83,11.86
1643279400,11.85,11.85,11.82,11.83
1643281200,11.83,11.84,11.8,11.83
1643283000,11.83,11.85,11.81,11.85
1643284800,11.85,11.85,11.81,11.83
1643286600,11.82,11.83,11.8,11.82
1643288400,11.83,11.86,11.82,11.83
1643290200,11.84,11.87,11.82,11.87
1643292000,11.87,11.87,11.83,11.87
1643293800,11.87,11.91,11.85,11.9
1643295600,11.92,11.92,11.92,11.92
1643351400,11.93,11.93,11.93,11.93
1643353200,11.92,11.95,11.9,11.92
1643355000,11.92,11.93,11.9,11.91
1643356800,11.92,11.94,11.87,11.9
1643358600,11.89,11.93,11.89,11.92
1643360400,11.93,11.97,11.87,11.87
1643362200,11.88,11.91,11.87,11.88
1643364000,11.88,11.89,11.85,11.86
1643365800,11.86,11.87,11.83,11.84
1643367600,11.84,11.85,11.82,11.83
1643369400,11.83,11.84,11.82,11.84
1643371200,11.84,11.84,11.8,11.8
1643373000,11.8,11.82,11.77,11.79
1643374800,11.79,11.83,11.79,11.82
1643376600,11.82,11.85,11.82,11.83
1643378400,11.83,11.86,11.81,11.86
1643380200,11.86,11.86,11.78,11.81
1643382000,11.8,11.8,11.8,11.8
1643610600,11.87,11.87,11.87,11.87
1643612400,11.87,11.89,11.86,11.87
1643614200,11.87,11.91,11.87,11.89
1643616000,11.89,11.9,11.87,11.87
1643617800,11.87,11.89,11.87,11.89
1643619600,11.89,11.9,11.87,11.89
1643621400,11.89,11.92,11.88,11.91
1643623200,11.91,11.91,11.87,11.89
1643625000,11.89,11.89,11.85,11.88
1643626800,11.87,11.9,11.86,11.89
1643628600,11.9,11.92,11.88,11.9
1643630400,11.9,11.9,11.86,11.88
1643632200,11.87,11.88,11.85,11.86
1643634000,11.86,11.87,11.84,11.87
1643635800,11.87,11.9,11.86,11.89
1643637600,11.89,11.9,11.87,11.89
1643639400,11.89,11.91,11.88,11.89
1643641200,11.91,11.91,11.91,11.91
1643697000,11.96,11.96,11.96,11.96
1643698800,11.96,12.01,11.96,12
1643700600,12,12.03,11.99,12.01
1643702400,12.02,12.02,12,12.02
1643704200,12.01,12.02,11.99,12.01
1643706000,12.01,12.05,12,12.03
1643707800,12.04,12.07,12.02,12.07
1643709600,12.07,12.07,12.02,12.02
1643711400,12.02,12.03,12.01,12.01
1643713200,12.02,12.03,12.01,12.01
1643715000,12.01,12.02,11.99,12.01
1643716800,12.01,12.02,11.98,11.98
1643718600,11.98,12,11.97,12
1643720400,12,12.01,11.98,11.98
1643722200,11.98,11.99,11.97,11.98
1643724000,11.98,11.99,11.94,11.94
1643725800,11.95,11.97,11.93,11.96
1643727600,11.94,11.94,11.94,11.94
1643783400,12.02,12.02,12.02,12.02
1643785200,12.03,12.14,12.03,12.09
1643787000,12.1,12.12,12.08,12.12
1643788800,12.11,12.12,12.09,12.12
1643790600,12.11,12.12,12.06,12.09
1643792400,12.08,12.13,12.08,12.11
1643794200,12.12,12.14,12.11,12.12
1643796000,12.12,12.12,12.07,12.09
1643797800,12.09,12.11,12.08,12.1
1643799600,12.09,12.1,12.06,12.09
1643801400,12.09,12.14,12.08,12.13
1643803200,12.12,12.17,12.12,12.16
1643805000,12.15,12.2,12.15,12.2
1643806800,12.2,12.21,12.18,12.2
1643808600,12.2,12.24,12.14,12.18
1643810400,12.18,12.26,12.16,12.25
1643812200,12.25,12.32,12.21,12.29
1643814000,12.29,12.29,12.29,12.29
1643869800,12.1,12.1,12.1,12.1
1643871600,12.1,12.17,12.06,12.12
1643873400,12.12,12.13,12.08,12.09
1643875200,12.1,12.1,12.04,12.07
1643877000,12.08,12.1,12.07,12.09
1643878800,12.1,12.1,12.05,12.07
1643880600,12.08,12.09,12.05,12.05
1643882400,12.05,12.07,12.05,12.07
1643884200,12.07,12.07,12.04,12.04
1643886000,12.04,12.04,12.01,12.01
1643887800,12.02,12.03,11.99,12.03
1643889600,12.03,12.03,12,12.02
1643891400,12.02,12.04,12.01,12.03
1643893200,12.03,12.04,12,12.04
1643895000,12.04,12.05,11.95,11.98
1643896800,11.98,12,11.94,11.99
1643898600,11.98,11.99,11.91,11.93
1643900400,11.94,11.94,11.94,11.94
1643956200,11.95,11.95,11.95,11.95
1643958000,11.96,11.97,11.89,11.94
1643959800,11.93,11.95,11.91,11.93
1643961600,11.93,11.96,11.93,11.94
1643963400,11.94,11.94,11.86,11.91
1643965200,11.91,11.93,11.9,11.92
1643967000,11.92,11.95,11.92,11.94
1643968800,11.94,11.95,11.91,11.93
1643970600,11.93,11.94,11.92,11.93
1643972400,11.93,11.94,11.9,11.9
1643974200,11.9,11.91,11.87,11.88
1643976000,11.89,11.91,11.86,11.91
1643977800,11.91,11.94,11.89,11.94
1643979600,11.94,11.95,11.93,11.94
1643981400,11.94,11.94,11.9,11.93
1643983200,11.94,11.95,11.91,11.95
1643985000,11.94,11.95,11.89,11.93
1643986800,11.93,11.93,11.92,11.93
1644215400,11.92,11.92,11.92,11.92
1644217200,11.92,11.94,11.88,11.9
1644219000,11.89,11.9,11.88,11.89
1644220800,11.9,11.91,11.82,11.85
1644222600,11.86,11.86,11.81,11.85
1644224400,11.84,11.86,11.82,11.85
1644226200,11.86,11.86,11.84,11.86
1644228000,11.86,11.86,11.84,11.84
1644229800,11.84,11.87,11.84,11.84
1644231600,11.84,11.88,11.83,11.87
1644233400,11.87,11.88,11.84,11.85
1644235200,11.84,11.87,11.84,11.86
1644237000,11.86,11.9,11.85,11.88
1644238800,11.87,11.91,11.87,11.89
1644240600,11.89,11.93,11.88,11.91
1644242400,11.92,11.96,11.9,11.94
1644244200,11.94,11.96,11.92,11.94
1644246000,11.94,11.94,11.94,11.94
1644301800,11.93,11.93,11.93,11.93
1644303600,11.93,12.04,11.92,12.03
1644305400,12.03,12.05,12.01,12.04
1644307200,12.04,12.07,12.02,12.06
1644309000,12.06,12.06,12.04,12.06
1644310800,12.06,12.07,12.03,12.04
1644312600,12.03,12.05,12.02,12.03
1644314400,12.03,12.04,11.96,11.99
1644316200,12,12,11.98,12
1644318000,12,12,11.95,11.96
1644319800,11.95,11.98,11.94,11.96
1644321600,11.96,11.97,11.94,11.95
1644323400,11.96,11.98,11.95,11.97
1644325200,11.98,12.04,11.96,12.03
1644327000,12.02,12.06,12,12.06
1644328800,12.06,12.08,12.03,12.05
1644330600,12.05,12.05,11.99,12.01
1644332400,12,12,12,12
1644388200,12.05,12.05,12.05,12.05
1644390000,12.05,12.06,12.01,12.03
1644391800,12.02,12.03,12,12
1644393600,12,12.01,11.99,12
1644395400,12,12.03,12,12.03
1644397200,12.03,12.04,12.02,12.03
1644399000,12.02,12.04,12,12.02
1644400800,12.02,12.02,12.01,12.02
1644402600,12.01,12.04,12.01,12.03
1644404400,12.04,12.04,12.01,12.02
1644406200,12.03,12.03,12.01,12.03
1644408000,12.03,12.03,11.99,12.01
1644409800,12,12.02,11.99,12
1644411600,12,12.06,12,12.05
1644413400,12.06,12.07,12.04,12.04
1644415200,12.05,12.06,12.03,12.06
1644417000,12.06,12.06,12.01,12.02
1644418800,12.03,12.03,12.03,12.03
1644474600,12.03,12.03,12.03,12.03
1644476400,12.04,12.07,12.02,12.06
1644478200,12.06,12.07,12.02,12.02
1644480000,12.03,12.04,12.01,12.02
1644481800,12.03,12.03,11.99,12
1644483600,11.99,12.02,11.99,12.02
1644485400,12.02,12.03,12,12.02
1644487200,12.01,12.02,12,12
1644489000,12,12.02,12,12.02
1644490800,12.01,12.03,12.01,12.03
1644492600,12.02,12.03,12.01,12.02
1644494400,12.01,12.03,12.01,12.02
1644496200,12.02,12.04,12.01,12.03
1644498000,12.03,12.04,12.01,12.02
1644499800,12.01,12.02,11.95,11.99
1644501600,11.98,11.99,11.95,11.95
1644503400,11.96,11.99,11.95,11.98
1644505200,11.97,11.97,11.97,11.97
1644561000,11.89,11.89,11.89,11.89
1644562800,11.9,11.94,11.89,11.92
1644564600,11.91,11.93,11.9,11.9
1644566400,11.9,11.93,11.9,11.92
1644568200,11.91,11.92,11.89,11.89
1644570000,11.89,11.91,11.89,11.9
1644571800,11.89,11.9,11.86,11.87
1644573600,11.87,11.87,11.85,11.86
1644575400,11.86,11.87,11.84,11.87
1644577200,11.87,11.87,11.85,11.85
1644579000,11.85,11.86,11.82,11.85
1644580800,11.85,11.86,11.83,11.86
1644582600,11.85,11.87,11.85,11.86
1644584400,11.86,11.89,11.86,11.87
1644586200,11.87,11.92,11.87,11.91
1644588000,11.9,11.96,11.9,11.94
1644589800,11.93,11.96,11.92,11.94
1644591600,11.94,11.94,11.94,11.94
1644820200,11.85,11.85,11.85,11.85
1644822000,11.85,11.88,11.82,11.84
1644823800,11.84,11.86,11.82,11.86
1644825600,11.86,11.86,11.8,11.82
1644827400,11.81,11.82,11.73,11.75
1644829200,11.75,11.78,11.73,11.78
1644831000,11.78,11.8,11.76,11.79
1644832800,11.79,11.79,11.77,11.79
1644834600,11.79,11.8,11.78,11.79
1644836400,11.79,11.81,11.78,11.81
1644838200,11.81,11.83,11.77,11.82
1644840000,11.82,11.82,11.77,11.78
1644841800,11.78,11.86,11.77,11.85
1644843600,11.86,11.87,11.84,11.87
1644845400,11.86,11.87,11.82,11.85
1644847200,11.84,11.86,11.83,11.83
1644849000,11.83,11.85,11.8,11.82
1644850800,11.81,11.81,11.81,11.81
1644906600,11.82,11.82,11.82,11.82
1644908400,11.83,11.84,11.81,11.82
1644910200,11.83,11.84,11.8,11.82
1644912000,11.83,11.9,11.81,11.9
1644913800,11.9,11.92,11.89,11.91
1644915600,11.91,11.93,11.9,11.92
1644917400,11.93,11.93,11.9,11.92
1644919200,11.91,11.93,11.9,11.91
1644921000,11.91,11.94,11.91,11.92
1644922800,11.93,11.96,11.92,11.94
1644924600,11.95,11.96,11.93,11.93
1644926400,11.93,11.95,11.9,11.91
1644928200,11.91,11.91,11.89,11.9
1644930000,11.91,11.91,11.88,11.9
1644931800,11.91,11.91,11.85,11.86
1644933600,11.86,11.89,11.85,11.86
1644935400,11.87,11.89,11.86,11.88
1644937200,11.9,11.9,11.9,11.9
1644993000,11.91,11.91,11.91,11.91
1644994800,11.91,11.93,11.89,11.9
1644996600,11.9,11.92,11.9,11.91
1644998400,11.92,11.93,11.9,11.91
1645000200,11.92,11.92,11.88,11.91
1645002000,11.9,11.92,11.88,11.9
1645003800,11.9,11.91,11.89,11.9
1645005600,11.9,11.9,11.87,11.88
1645007400,11.88,11.91,11.87,11.89
1645009200,11.89,11.89,11.87,11.88
1645011000,11.88,11.89,11.87,11.89
1645012800,11.88,11.9,11.87,11.89
1645014600,11.89,11.9,11.85,11.86
1645016400,11.85,11.88,11.85,11.87
1645018200,11.86,11.87,11.85,11.86
1645020000,11.86,11.86,11.82,11.85
1645021800,11.84,11.86,11.83,11.83
1645023600,11.84,11.84,11.84,11.84
1645079400,11.87,11.87,11.87,11.87
1645081200,11.87,11.9,11.86,11.89
1645083000,11.88,11.89,11.87,11.88
1645084800,11.89,11.9,11.86,11.87
1645086600,11.86,11.86,11.8,11.85
1645088400,11.84,11.86,11.83,11.85
1645090200,11.84,11.89,11.84,11.89
1645092000,11.88,11.92,11.87,11.9
1645093800,11.89,11.9,11.88,11.89
1645095600,11.9,11.91,11.87,11.89
1645097400,11.88,11.92,11.87,11.91
1645099200,11.91,11.94,11.9,11.93
1645101000,11.93,11.94,11.89,11.9
1645102800,11.91,11.92,11.88,11.91
1645104600,11.9,11.91,11.89,11.89
1645106400,11.9,11.91,11.84,11.85
1645108200,11.85,11.85,11.8,11.81
1645110000,11.8,11.8,11.8,11.8
1645165800,11.84,11.84,11.84,11.84
1645167600,11.84,11.86,11.81,11.81
1645169400,11.81,11.84,11.81,11.83
1645171200,11.83,11.84,11.81,11.83
1645173000,11.83,11.84,11.8,11.81
1645174800,11.81,11.81,11.79,11.81
1645176600,11.81,11.82,11.8,11.82
1645178400,11.82,11.82,11.81,11.82
1645180200,11.81,11.83,11.8,11.81
1645182000,11.81,11.82,11.79,11.79
1645183800,11.8,11.81,11.79,11.79
1645185600,11.8,11.82,11.79,11.81
1645187400,11.81,11.83,11.81,11.82
1645189200,11.82,11.83,11.77,11.79
1645191000,11.79,11.8,11.76,11.78
1645192800,11.79,11.8,11.76,11.77
1645194600,11.77,11.83,11.75,11.82
1645196400,11.84,11.84,11.84,11.84
1645425000,11.9,11.9,11.9,11.9
1645426800,11.91,11.91,11.87,11.88
1645428600,11.88,11.9,11.86,11.89
1645430400,11.88,11.92,11.88,11.91
1645432200,11.91,11.92,11.89,11.9
1645434000,11.9,11.91,11.88,11.88
1645435800,11.89,11.89,11.87,11.88
1645437600,11.88,11.88,11.84,11.85
1645439400,11.85,11.85,11.82,11.83
1645441200,11.84,11.85,11.82,11.82
1645443000,11.83,11.83,11.78,11.81
1645444800,11.8,11.83,11.79,11.82
1645446600,11.83,11.83,11.79,11.8
1645448400,11.8,11.81,11.78,11.79
1645450200,11.79,11.81,11.78,11.79
1645452000,11.8,11.84,11.79,11.82
1645453800,11.83,11.84,11.8,11.82
1645455600,11.8,11.8,11.8,11.8
1645511400,11.7,11.7,11.7,11.7
1645513200,11.7,11.72,11.63,11.65
1645515000,11.65,11.69,11.63,11.67
1645516800,11.67,11.7,11.67,11.69
1645518600,11.69,11.71,11.67,11.7
1645520400,11.7,11.71,11.67,11.68
1645522200,11.68,11.69,11.67,11.67
1645524000,11.67,11.71,11.67,11.71
1645525800,11.7,11.74,11.69,11.74
1645527600,11.73,11.75,11.71,11.71
1645529400,11.71,11.72,11.69,11.69
1645531200,11.69,11.7,11.67,11.68
1645533000,11.68,11.7,11.67,11.68
1645534800,11.68,11.7,11.67,11.69
1645536600,11.68,11.7,11.67,11.68
1645538400,11.69,11.71,11.67,11.69
1645540200,11.68,11.69,11.66,11.69
1645542000,11.69,11.69,11.69,11.69
1645597800,11.72,11.72,11.72,11.72
1645599600,11.72,11.73,11.68,11.7
1645601400,11.7,11.71,11.69,11.7
1645603200,11.7,11.72,11.69,11.7
1645605000,11.69,11.73,11.69,11.7
1645606800,11.71,11.73,11.7,11.72
1645608600,11.72,11.73,11.7,11.71
1645610400,11.72,11.72,11.7,11.71
1645612200,11.71,11.72,11.7,11.72
1645614000,11.72,11.73,11.7,11.72
1645615800,11.72,11.72,11.69,11.71
1645617600,11.7,11.71,11.68,11.69
1645619400,11.69,11.69,11.67,11.67
1645621200,11.67,11.68,11.64,11.66
1645623000,11.66,11.67,11.65,11.67
1645624800,11.67,11.67,11.64,11.67
1645626600,11.67,11.67,11.64,11.64
1645628400,11.64,11.64,11.63,11.63
1645684200,11.1,11.1,11.1,11.1
1645686000,11.1,11.1,11.1,11.1
1645687800,11.1,11.3,11.09,11.23
1645689600,11.22,11.3,11.2,11.27
1645691400,11.27,11.3,11,11.14
1645693200,11.13,11.49,11.08,11.42
1645695000,11.41,11.43,11.14,11.18
1645696800,11.18,11.21,11.05,11.16
1645698600,11.16,11.16,10.95,10.96
1645700400,10.96,11.11,10.91,11.05
1645702200,11.05,11.09,10.97,11.02
1645704000,11.02,11.02,10.93,10.96
1645705800,10.96,10.99,10.93,10.98
1645707600,10.98,11.03,10.95,10.99
1645709400,11,11.03,10.99,11.01
1645711200,11.01,11.12,11,11
1645713000,11.01,11.04,11,11.03
1645714800,11.01,11.01,11.01,11.01
1645770600,11.07,11.07,11.07,11.07
1645772400,11.07,11.21,11.07,11.2
1645774200,11.21,11.29,11.19,11.2
1645776000,11.21,11.23,11.19,11.2
1645777800,11.2,11.21,11.18,11.19
1645779600,11.2,11.22,11.2,11.2
1645781400,11.2,11.41,11.19,11.38
1645783200,11.37,11.39,11.32,11.34
1645785000,11.34,11.36,11.32,11.33
1645786800,11.33,11.43,11.32,11.4
1645788600,11.4,11.43,11.38,11.4
1645790400,11.41,11.41,11.35,11.38
1645792200,11.37,11.42,11.36,11.42
1645794000,11.43,11.45,11.39,11.39
1645795800,11.39,11.43,11.38,11.4
1645797600,11.39,11.41,11.37,11.41
1645799400,11.41,11.41,11.39,11.39
1645801200,11.38,11.38,11.38,11.38
1646029800,11.16,11.16,11.16,11.16
1646031600,11.17,11.24,11.17,11.21
1646033400,11.21,11.25,11.2,11.24
1646035200,11.24,11.24,11.19,11.21
1646037000,11.21,11.21,11.15,11.15
1646038800,11.16,11.19,11.12,11.17
1646040600,11.17,11.17,11.15,11.16
1646042400,11.16,11.19,11.15,11.15
1646044200,11.16,11.17,11.13,11.17
1646046000,11.16,11.19,11.16,11.18
1646047800,11.18,11.19,11.15,11.17
1646049600,11.17,11.19,11.16,11.18
1646051400,11.18,11.19,11.16,11.18
1646053200,11.18,11.18,11.12,11.14
1646055000,11.14,11.14,11.07,11.11
1646056800,11.11,11.16,11.1,11.14
1646058600,11.13,11.19,11.13,11.13
1646060400,11.08,11.08,11.08,11.08
1646116200,11.18,11.18,11.18,11.18
1646118000,11.19,11.39,11.18,11.37
1646119800,11.37,11.41,11.35,11.4
1646121600,11.4,11.7,11.4,11.69
1646123400,11.69,11.83,11.65,11.8
1646125200,11.81,11.81,11.7,11.7
1646127000,11.71,11.74,11.66,11.71
1646128800,11.7,11.74,11.59,11.59
1646130600,11.59,11.61,11.5,11.54
1646132400,11.54,11.62,11.53,11.59
1646134200,11.59,11.63,11.51,11.55
1646136000,11.55,11.59,11.5,11.57
1646137800,11.58,11.62,11.55,11.58
1646139600,11.58,11.65,11.55,11.64
1646141400,11.64,11.71,11.63,11.65
1646143200,11.65,11.67,11.61,11.65
1646145000,11.65,11.68,11.6,11.62
1646146800,11.62,11.62,11.62,11.62
1646202600,11.66,11.66,11.66,11.66
1646204400,11.66,11.69,11.61,11.64
1646206200,11.64,11.65,11.61,11.63
1646208000,11.63,11.68,11.59,11.63
1646209800,11.63,11.66,11.6,11.63
1646211600,11.63,11.66,11.6,11.66
1646213400,11.66,11.72,11.66,11.71
1646215200,11.7,11.73,11.69,11.71
1646217000,11.71,11.79,11.69,11.7
1646218800,11.7,11.7,11.64,11.69
1646220600,11.69,11.72,11.68,11.7
1646222400,11.69,11.71,11.67,11.7
1646224200,11.7,11.71,11.66,11.68
1646226000,11.67,11.68,11.63,11.64
1646227800,11.65,11.66,11.58,11.63
1646229600,11.62,11.63,11.59,11.62
1646231400,11.62,11.62,11.57,11.62
1646233200,11.62,11.62,11.62,11.62
1646289000,11.73,11.73,11.73,11.73
1646290800,11.72,11.73,11.68,11.71
1646292600,11.7,11.72,11.69,11.7
1646294400,11.69,11.7,11.67,11.68
1646296200,11.68,11.77,11.66,11.75
1646298000,11.75,11.75,11.69,11.69
1646299800,11.7,11.71,11.67,11.71
1646301600,11.7,11.75,11.67,11.68
1646303400,11.69,11.7,11.65,11.68
1646305200,11.67,11.69,11.65,11.67
1646307000,11.67,11.7,11.67,11.69
1646308800,11.69,11.72,11.69,11.7
1646310600,11.7,11.73,11.69,11.71
1646312400,11.71,11.78,11.7,11.75
1646314200,11.76,11.77,11.73,11.77
1646316000,11.77,11.85,11.76,11.79
1646317800,11.78,11.79,11.73,11.76
1646319600,11.76,11.78,11.76,11.78
1646375400,11.7,11.7,11.7,11.7
1646377200,11.7,11.76,11.67,11.74
1646379000,11.74,11.76,11.73,11.75
1646380800,11.75,11.75,11.71,11.72
1646382600,11.72,11.72,11.67,11.68
1646384400,11.68,11.69,11.63,11.65
1646386200,11.65,11.68,11.64,11.66
1646388000,11.65,11.68,11.65,11.67
1646389800,11.67,11.68,11.66,11.66
1646391600,11.66,11.68,11.65,11.67
1646393400,11.67,11.7,11.66,11.7
1646395200,11.69,11.72,11.67,11.68
1646397000,11.68,11.68,11.65,11.67
1646398800,11.66,11.72,11.65,11.71
1646400600,11.71,11.74,11.7,11.72
1646402400,11.71,11.96,11.71,11.9
1646404200,11.91,11.94,11.87,11.9
1646406000,11.85,11.85,11.85,11.85
1646634600,11.85,11.85,11.85,11.85
1646636400,11.86,11.97,11.86,11.97
1646638200,11.97,11.97,11.91,11.92
1646640000,11.92,11.94,11.71,11.72
1646641800,11.72,11.76,11.68,11.76
1646643600,11.76,11.78,11.71,11.72
1646645400,11.71,11.73,11.7,11.72
1646647200,11.73,11.74,11.72,11.73
1646649000,11.73,11.75,11.72,11.73
1646650800,11.73,11.76,11.71,11.74
1646652600,11.75,11.75,11.72,11.75
1646654400,11.75,11.81,11.74,11.79
1646656200,11.8,11.85,11.77,11.84
1646658000,11.84,11.87,11.82,11.83
1646659800,11.83,11.85,11.81,11.85
1646661600,11.85,11.85,11.8,11.81
1646663400,11.82,11.82,11.76,11.79
1646665200,11.78,11.78,11.75,11.75
1646721000,11.72,11.72,11.72,11.72
1646722800,11.73,11.8,11.72,11.8
1646724600,11.8,11.81,11.78,11.79
1646726400,11.8,11.8,11.76,11.79
1646728200,11.79,11.8,11.76,11.78
1646730000,11.77,11.81,11.77,11.79
1646731800,11.79,11.83,11.78,11.8
1646733600,11.79,11.8,11.77,11.78
1646735400,11.78,11.79,11.77,11.78
1646737200,11.77,11.8,11.75,11.79
1646739000,11.78,11.8,11.78,11.78
1646740800,11.79,11.82,11.78,11.81
1646742600,11.81,11.81,11.78,11.79
1646744400,11.79,11.8,11.73,11.75
1646746200,11.75,11.76,11.73,11.76
1646748000,11.76,11.76,11.73,11.74
1646749800,11.74,11.74,11.64,11.66
1646751600,11.6,11.6,11.6,11.6
1646807400,11.71,11.71,11.71,11.71
1646809200,11.71,11.75,11.71,11.74
1646811000,11.74,11.74,11.72,11.72
1646812800,11.72,11.76,11.72,11.74
1646814600,11.75,11.75,11.72,11.73
1646816400,11.74,11.74,11.73,11.74
1646818200,11.74,11.76,11.73,11.75
1646820000,11.75,11.78,11.74,11.75
1646821800,11.75,11.75,11.72,11.74
1646823600,11.74,11.74,11.7,11.71
1646825400,11.72,11.72,11.67,11.68
1646827200,11.69,11.75,11.68,11.74
1646829000,11.74,11.75,11.71,11.73
1646830800,11.73,11.82,11.73,11.79
1646832600,11.79,11.82,11.77,11.78
1646834400,11.78,11.87,11.76,11.85
1646836200,11.86,11.87,11.82,11.85
1646838000,11.85,11.85,11.84,11.84
1646893800,11.88,11.88,11.88,11.88
1646895600,11.88,11.89,11.82,11.83
1646897400,11.83,11.86,11.83,11.86
1646899200,11.86,11.86,11.79,11.8
1646901000,11.8,11.82,11.77,11.8
1646902800,11.79,11.82,11.79,11.8
1646904600,11.81,11.81,11.74,11.76
1646906400,11.75,11.78,11.74,11.77
1646908200,11.77,11.77,11.75,11.77
1646910000,11.77,11.77,11.72,11.75
1646911800,11.75,11.75,11.72,11.74
1646913600,11.74,11.74,11.72,11.74
1646915400,11.73,11.74,11.7,11.73
1646917200,11.72,11.73,11.69,11.72
1646919000,11.72,11.73,11.71,11.72
1646920800,11.72,11.78,11.71,11.77
1646922600,11.78,11.78,11.7,11.72
1646924400,11.72,11.72,11.72,11.72
1646980200,11.69,11.69,11.69,11.69
1646982000,11.69,11.73,11.67,11.68
1646983800,11.68,11.74,11.68,11.69
1646985600,11.69,11.71,11.68,11.71
1646987400,11.71,11.72,11.7,11.71
1646989200,11.71,11.72,11.7,11.71
1646991000,11.71,11.72,11.69,11.71
1646992800,11.7,11.73,11.7,11.72
1646994600,11.72,11.72,11.69,11.71
1646996400,11.7,11.76,11.7,11.75
1646998200,11.75,11.79,11.74,11.76
1647000000,11.76,11.78,11.75,11.75
1647001800,11.75,11.76,11.72,11.73
1647003600,11.74,11.76,11.73,11.75
1647005400,11.76,11.76,11.74,11.74
1647007200,11.74,11.82,11.74,11.75
1647009000,11.76,11.78,11.74,11.78
1647010800,11.77,11.77,11.77,11.77
1647239400,11.78,11.78,11.78,11.78
1647241200,11.77,11.81,11.75,11.78
1647243000,11.79,11.8,11.76,11.77
1647244800,11.77,11.83,11.77,11.81
1647246600,11.82,11.83,11.81,11.83
1647248400,11.83,11.87,11.82,11.84
1647250200,11.84,11.86,11.84,11.85
1647252000,11.85,11.86,11.84,11.84
1647253800,11.84,11.86,11.83,11.84
1647255600,11.83,11.87,11.83,11.85
1647257400,11.86,11.86,11.83,11.84
1647259200,11.83,11.85,11.82,11.84
1647261000,11.84,11.84,11.82,11.83
1647262800,11.83,11.85,11.82,11.84
1647264600,11.83,11.85,11.82,11.82
1647266400,11.83,11.88,11.82,11.87
1647268200,11.87,11.89,11.85,11.87
1647270000,11.86,11.86,11.86,11.86
1647325800,11.83,11.83,11.83,11.83
1647327600,11.83,11.98,11.83,11.9
1647329400,11.89,11.9,11.87,11.88
1647331200,11.89,11.9,11.85,11.86
1647333000,11.86,11.87,11.84,11.85
1647334800,11.85,11.87,11.85,11.87
1647336600,11.86,11.91,11.86,11.88
1647338400,11.88,11.89,11.87,11.89
1647340200,11.88,11.89,11.88,11.89
1647342000,11.88,11.94,11.87,11.91
1647343800,11.92,11.93,11.91,11.93
1647345600,11.92,11.94,11.92,11.92
1647347400,11.92,11.94,11.92,11.93
1647349200,11.94,11.96,11.92,11.92
1647351000,11.93,11.94,11.91,11.94
1647352800,11.94,11.94,11.88,11.9
1647354600,11.91,11.91,11.87,11.87
1647356400,11.88,11.89,11.87,11.87
1647412200,11.9,11.9,11.9,11.9
1647414000,11.91,11.93,11.9,11.91
1647415800,11.9,11.91,11.89,11.9
1647417600,11.91,11.91,11.89,11.9
1647419400,11.91,11.91,11.88,11.9
1647421200,11.89,11.92,11.89,11.91
1647423000,11.91,11.93,11.9,11.92
1647424800,11.91,11.93,11.91,11.93
1647426600,11.92,11.93,11.91,11.91
1647428400,11.91,11.93,11.91,11.92
1647430200,11.91,11.93,11.91,11.92
1647432000,11.92,11.93,11.91,11.92
1647433800,11.92,11.93,11.89,11.91
1647435600,11.91,11.91,11.87,11.9
1647437400,11.89,11.92,11.89,11.91
1647439200,11.91,11.92,11.89,11.89
1647441000,11.89,11.9,11.85,11.86
1647442800,11.87,11.87,11.86,11.86
1647498600,11.9,11.9,11.9,11.9
1647500400,11.91,11.92,11.89,11.92
1647502200,11.91,11.94,11.9,11.94
1647504000,11.93,11.96,11.93,11.95
1647505800,11.95,11.95,11.9,11.92
1647507600,11.91,11.93,11.91,11.93
1647509400,11.92,11.94,11.91,11.93
1647511200,11.93,11.94,11.91,11.93
1647513000,11.93,11.94,11.92,11.93
1647514800,11.93,11.94,11.89,11.91
1647516600,11.92,11.92,11.86,11.87
1647518400,11.86,11.88,11.84,11.86
1647520200,11.86,11.87,11.85,11.87
1647522000,11.87,11.88,11.86,11.87
1647523800,11.87,11.89,11.87,11.88
1647525600,11.89,11.93,11.88,11.92
1647527400,11.92,11.92,11.88,11.88
1647529200,11.86,11.86,11.86,11.86
1647585000,11.86,11.86,11.86,11.86
1647586800,11.86,11.88,11.83,11.85
1647588600,11.84,11.85,11.83,11.84
1647590400,11.85,11.85,11.83,11.83
1647592200,11.84,11.84,11.83,11.83
1647594000,11.83,11.84,11.82,11.84
1647595800,11.83,11.84,11.83,11.84
1647597600,11.84,11.84,11.83,11.84
1647599400,11.84,11.84,11.83,11.84
1647601200,11.83,11.84,11.83,11.84
1647603000,11.84,11.84,11.83,11.83
1647604800,11.83,11.84,11.82,11.84
1647606600,11.84,11.84,11.82,11.83
1647608400,11.83,11.83,11.81,11.82
1647610200,11.82,11.83,11.81,11.81
1647612000,11.81,11.83,11.8,11.82
1647613800,11.82,11.82,11.8,11.81
1647615600,11.83,11.83,11.83,11.83
1647844200,11.86,11.86,11.86,11.86
1647846000,11.86,11.87,11.83,11.85
1647847800,11.85,11.87,11.82,11.84
1647849600,11.84,11.85,11.82,11.84
1647851400,11.84,11.84,11.83,11.83
1647853200,11.84,11.84,11.81,11.82
1647855000,11.82,11.83,11.8,11.81
1647856800,11.8,11.85,11.8,11.85
1647858600,11.84,11.85,11.82,11.83
1647860400,11.83,11.85,11.82,11.84
1647862200,11.83,11.85,11.83,11.84
1647864000,11.85,11.85,11.83,11.84
1647865800,11.84,11.85,11.83,11.84
1647867600,11.85,11.86,11.84,11.85
1647869400,11.85,11.85,11.83,11.84
1647871200,11.84,11.84,11.82,11.82
1647873000,11.83,11.83,11.82,11.83
1647874800,11.83,11.83,11.83,11.83
1647930600,11.83,11.83,11.83,11.83
1647932400,11.83,11.86,11.82,11.85
1647934200,11.84,11.85,11.83,11.84
1647936000,11.84,11.85,11.83,11.85
1647937800,11.84,11.85,11.83,11.84
1647939600,11.84,11.88,11.84,11.87
1647941400,11.87,11.87,11.86,11.87
1647943200,11.87,11.87,11.86,11.86
1647945000,11.87,11.88,11.85,11.87
1647946800,11.88,11.93,11.87,11.9
1647948600,11.9,11.92,11.9,11.91
1647950400,11.9,11.91,11.89,11.9
1647952200,11.9,11.9,11.88,11.9
1647954000,11.9,11.91,11.89,11.91
1647955800,11.9,11.93,11.9,11.92
1647957600,11.92,11.93,11.9,11.92
1647959400,11.92,11.95,11.91,11.94
1647961200,11.93,11.93,11.93,11.93
1648017000,12,12,12,12
1648018800,12.01,12.13,12.01,12.09
1648020600,12.08,12.09,12.05,12.07
1648022400,12.08,12.08,12.04,12.07
1648024200,12.06,12.08,12.05,12.07
1648026000,12.07,12.08,12.05,12.07
1648027800,12.07,12.12,12.07,12.12
1648029600,12.12,12.17,12.11,12.14
1648031400,12.14,12.15,12.12,12.14
1648033200,12.13,12.14,12.12,12.13
1648035000,12.14,12.17,12.13,12.16
1648036800,12.15,12.16,12.14,12.14
1648038600,12.15,12.15,12.09,12.12
1648040400,12.11,12.14,12.1,12.13
1648042200,12.13,12.15,12.09,12.15
1648044000,12.14,12.18,12.14,12.16
1648045800,12.16,12.19,12.14,12.16
1648047600,12.17,12.17,12.17,12.17
1648103400,12.12,12.12,12.12,12.12
1648105200,12.12,12.13,12.07,12.12
1648107000,12.11,12.12,12.08,12.11
1648108800,12.11,12.12,12.09,12.11
1648110600,12.11,12.11,12.08,12.1
1648112400,12.1,12.1,12.07,12.08
1648114200,12.07,12.09,12.06,12.08
1648116000,12.08,12.08,12.05,12.06
1648117800,12.06,12.07,12.03,12.06
1648119600,12.06,12.07,12.05,12.05
1648121400,12.06,12.07,12.05,12.06
1648123200,12.06,12.07,12.05,12.06
1648125000,12.06,12.08,12.05,12.07
1648126800,12.07,12.09,12.06,12.08
1648128600,12.09,12.09,12.07,12.07
1648130400,12.08,12.11,12.02,12.04
1648132200,12.04,12.07,12.03,12.06
1648134000,12.05,12.05,12.05,12.05
1648189800,12.04,12.04,12.04,12.04
1648191600,12.05,12.09,12.03,12.08
1648193400,12.07,12.1,12.06,12.09
1648195200,12.1,12.1,12.06,12.07
1648197000,12.07,12.08,12.06,12.08
1648198800,12.07,12.08,12.07,12.07
1648200600,12.07,12.08,12.06,12.07
1648202400,12.07,12.07,12.06,12.06
1648204200,12.07,12.08,12.06,12.07
1648206000,12.08,12.11,12.07,12.1
1648207800,12.11,12.13,12.1,12.12
1648209600,12.12,12.13,12.11,12.12
1648211400,12.12,12.12,12.11,12.12
1648213200,12.12,12.12,12.09,12.1
1648215000,12.11,12.15,12.1,12.14
1648216800,12.15,12.15,12.08,12.09
1648218600,12.09,12.1,12.07,12.09
1648220400,12.09,12.09,12.08,12.09
1648449000,12.15,12.15,12.15,12.15
1648450800,12.15,12.16,12.11,12.13
1648452600,12.12,12.14,12.12,12.14
1648454400,12.14,12.15,12.12,12.13
1648456200,12.13,12.14,12.11,12.12
1648458000,12.13,12.13,12.11,12.12
1648459800,12.12,12.14,12.12,12.13
1648461600,12.13,12.13,12.12,12.12
1648463400,12.13,12.14,12.12,12.13
1648465200,12.13,12.13,12.12,12.13
1648467000,12.13,12.13,12.1,12.11
1648468800,12.11,12.12,12.1,12.11
1648470600,12.12,12.13,12.11,12.12
1648472400,12.12,12.13,12.11,12.11
1648474200,12.11,12.12,12.11,12.12
1648476000,12.12,12.12,12.1,12.11
1648477800,12.12,12.12,12.1,12.11
1648479600,12.1,12.1,12.1,12.1
1648535400,12.11,12.11,12.11,12.11
1648537200,12.11,12.12,12.1,12.11
1648539000,12.11,12.12,12.08,12.09
1648540800,12.09,12.1,12.07,12.09
1648542600,12.09,12.1,12.08,12.08
1648544400,12.08,12.11,12.08,12.1
1648546200,12.1,12.11,12.09,12.09
1648548000,12.09,12.13,12.09,12.1
1648549800,12.1,12.12,12.1,12.1
1648551600,12.11,12.11,12.08,12.1
1648553400,12.1,12.12,12.09,12.11
1648555200,12.1,12.12,12.09,12.11
1648557000,12.1,12.15,12.09,12.12
1648558800,12.13,12.13,12.12,12.13
1648560600,12.12,12.13,12.1,12.11
1648562400,12.11,12.12,12.09,12.11
1648564200,12.11,12.12,12.09,12.12
1648566000,12.12,12.12,12.11,12.11
1648621800,12.13,12.13,12.13,12.13
1648623600,12.14,12.18,12.12,12.15
1648625400,12.16,12.18,12.14,12.16
1648627200,12.17,12.22,12.16,12.2
1648629000,12.2,12.2,12.18,12.2
1648630800,12.19,12.2,12.16,12.18
1648632600,12.18,12.18,12.16,12.18
1648634400,12.18,12.19,12.17,12.18
1648636200,12.17,12.19,12.17,12.19
1648638000,12.19,12.19,12.17,12.17
1648639800,12.18,12.19,12.16,12.16
1648641600,12.16,12.18,12.16,12.18
1648643400,12.18,12.19,12.17,12.19
1648645200,12.18,12.19,12.17,12.19
1648647000,12.19,12.2,12.17,12.19
1648648800,12.19,12.19,12.17,12.19
1648650600,12.19,12.2,12.18,12.18
1648652400,12.19,12.19,12.19,12.19
1648708200,12.21,12.21,12.21,12.21
1648710000,12.21,12.29,12.21,12.25
1648711800,12.26,12.26,12.17,12.19
1648713600,12.19,12.21,12.18,12.2
1648715400,12.2,12.21,12.18,12.19
1648717200,12.18,12.2,12.17,12.17
1648719000,12.17,12.19,12.17,12.18
1648720800,12.19,12.2,12.17,12.18
1648722600,12.17,12.18,12.13,12.14
1648724400,12.14,12.17,12.13,12.17
1648726200,12.17,12.18,12.15,12.17
1648728000,12.17,12.18,12.17,12.18
1648729800,12.18,12.3,12.16,12.26
1648731600,12.26,12.29,12.22,12.25
1648733400,12.24,12.26,12.24,12.25
1648735200,12.25,12.25,12.21,12.23
1648737000,12.24,12.25,12.2,12.21
1648738800,12.2,12.2,12.2,12.2
1648794600,12.3,12.3,12.3,12.3
1648796400,12.31,12.35,12.25,12.3
1648798200,12.29,12.34,12.28,12.32
1648800000,12.33,12.34,12.3,12.32
1648801800,12.32,12.32,12.3,12.32
1648803600,12.31,12.33,12.3,12.31
1648805400,12.31,12.39,12.3,12.36
1648807200,12.36,12.39,12.35,12.37
1648809000,12.38,12.5,12.37,12.47
1648810800,12.46,12.48,12.45,12.47
1648812600,12.47,12.51,12.45,12.48
1648814400,12.49,12.54,12.47,12.5
1648816200,12.49,12.5,12.47,12.49
1648818000,12.49,12.53,12.49,12.51
1648819800,12.5,12.53,12.47,12.5
1648821600,12.49,12.52,12.47,12.48
1648823400,12.48,12.51,12.45,12.46
1648825200,12.46,12.46,12.45,12.45
1649053800,12.5,12.5,12.5,12.5
1649055600,12.5,12.56,12.49,12.51
1649057400,12.51,12.51,12.44,12.46
1649059200,12.46,12.47,12.39,12.44
1649061000,12.44,12.48,12.43,12.47
1649062800,12.47,12.49,12.46,12.46
1649064600,12.47,12.48,12.46,12.47
1649066400,12.47,12.48,12.44,12.46
1649068200,12.46,12.48,12.45,12.48
1649070000,12.48,12.52,12.47,12.49
1649071800,12.48,12.53,12.48,12.52
1649073600,12.51,12.53,12.49,12.52
1649075400,12.53,12.59,12.51,12.57
1649077200,12.58,12.61,12.56,12.6
1649079000,12.59,12.61,12.56,12.58
1649080800,12.58,12.61,12.57,12.6
1649082600,12.59,12.64,12.58,12.63
1649084400,12.63,12.63,12.63,12.63
1649140200,12.63,12.63,12.63,12.63
1649142000,12.62,12.66,12.58,12.62
1649143800,12.62,12.62,12.53,12.58
1649145600,12.58,12.59,12.55,12.56
1649147400,12.55,12.58,12.54,12.56
1649149200,12.56,12.59,12.55,12.55
1649151000,12.55,12.57,12.54,12.57
1649152800,12.56,12.59,12.55,12.55
1649154600,12.56,12.57,12.54,12.56
1649156400,12.55,12.58,12.55,12.57
1649158200,12.58,12.58,12.56,12.58
1649160000,12.58,12.6,12.56,12.58
1649161800,12.58,12.6,12.56,12.59
1649163600,12.6,12.6,12.58,12.6
1649165400,12.59,12.6,12.57,12.58
1649167200,12.58,12.58,12.47,12.52
1649169000,12.52,12.52,12.49,12.5
1649170800,12.5,12.5,12.49,12.49
1649226600,12.51,12.51,12.51,12.51
1649228400,12.51,12.56,12.5,12.52
1649230200,12.52,12.54,12.51,12.53
1649232000,12.53,12.53,12.46,12.49
1649233800,12.5,12.5,12.48,12.49
1649235600,12.49,12.5,12.49,12.49
1649237400,12.5,12.5,12.47,12.47
1649239200,12.46,12.49,12.46,12.48
1649241000,12.47,12.48,12.44,12.44
1649242800,12.44,12.45,12.43,12.44
1649244600,12.44,12.46,12.43,12.44
1649246400,12.44,12.45,12.43,12.43
1649248200,12.43,12.45,12.43,12.44
1649250000,12.45,12.47,12.44,12.46
1649251800,12.45,12.46,12.41,12.44
1649253600,12.45,12.48,12.44,12.46
1649255400,12.47,12.47,12.41,12.42
1649257200,12.41,12.41,12.41,12.41
1649313000,12.46,12.46,12.46,12.46
1649314800,12.45,12.5,12.44,12.48
1649316600,12.48,12.55,12.47,12.55
1649318400,12.54,12.55,12.51,12.51
1649320200,12.51,12.54,12.5,12.52
1649322000,12.51,12.53,12.51,12.53
1649323800,12.52,12.54,12.51,12.52
1649325600,12.51,12.52,12.49,12.51
1649327400,12.52,12.52,12.5,12.51
1649329200,12.52,12.53,12.5,12.52
1649331000,12.51,12.54,12.51,12.54
1649332800,12.54,12.55,12.52,12.53
1649334600,12.54,12.62,12.53,12.58
1649336400,12.59,12.62,12.58,12.58
1649338200,12.57,12.6,12.57,12.58
1649340000,12.59,12.62,12.58,12.59
1649341800,12.59,12.62,12.58,12.6
1649343600,12.61,12.61,12.61,12.61
1649399400,12.72,12.72,12.72,12.72
1649401200,12.73,13.1,12.71,13.03
1649403000,13.03,13.17,12.99,13.14
1649404800,13.14,13.23,13.13,13.16
1649406600,13.17,13.18,13.13,13.15
1649408400,13.15,13.18,13.14,13.16
1649410200,13.16,13.21,13.15,13.21
1649412000,13.21,13.21,13.17,13.19
1649413800,13.19,13.2,13.15,13.17
1649415600,13.17,13.18,13.09,13.14
1649417400,13.15,13.21,13.14,13.16
1649419200,13.15,13.2,13.13,13.18
1649421000,13.18,13.2,13.17,13.19
1649422800,13.18,13.2,13.13,13.17
1649424600,13.17,13.25,13.16,13.23
1649426400,13.23,13.28,13.19,13.28
1649428200,13.28,13.32,13.26,13.3
1649430000,13.3,13.3,13.3,13.3
1649658600,13.5,13.5,13.5,13.5
1649660400,13.51,13.78,13.5,13.6
1649662200,13.6,13.67,13.59,13.66
1649664000,13.66,13.69,13.64,13.65
1649665800,13.65,13.67,13.55,13.63
1649667600,13.63,13.71,13.6,13.69
1649669400,13.69,13.74,13.67,13.68
1649671200,13.69,13.71,13.66,13.67
1649673000,13.67,13.72,13.62,13.7
1649674800,13.69,13.77,13.69,13.77
1649676600,13.77,13.83,13.74,13.82
1649678400,13.81,13.83,13.55,13.63
1649680200,13.63,13.64,13.51,13.63
1649682000,13.62,13.65,13.6,13.65
1649683800,13.65,13.71,13.64,13.71
1649685600,13.7,13.75,13.69,13.74
1649687400,13.75,13.87,13.71,13.86
1649689200,13.86,13.88,13.86,13.88
1649745000,13.82,13.82,13.82,13.82
1649746800,13.81,13.81,13.67,13.71
1649748600,13.71,13.77,13.64,13.67
1649750400,13.66,13.67,13.62,13.63
1649752200,13.62,13.64,13.59,13.6
1649754000,13.59,13.6,13.52,13.57
1649755800,13.58,13.61,13.57,13.6
1649757600,13.59,13.65,13.58,13.64
1649759400,13.64,13.65,13.58,13.59
1649761200,13.59,13.61,13.54,13.55
1649763000,13.55,13.59,13.53,13.59
1649764800,13.58,13.6,13.56,13.58
1649766600,13.58,13.65,13.57,13.65
1649768400,13.65,13.71,13.64,13.69
1649770200,13.68,13.87,13.67,13.87
1649772000,13.87,13.95,13.7,13.72
1649773800,13.72,13.79,13.68,13.76
1649775600,13.73,13.73,13.73,13.73
1649831400,13.86,13.86,13.86,13.86
1649833200,13.86,13.88,13.71,13.76
1649835000,13.75,13.84,13.75,13.82
1649836800,13.83,13.87,13.81,13.85
1649838600,13.85,13.87,13.82,13.83
1649840400,13.83,13.84,13.78,13.81
1649842200,13.81,13.82,13.78,13.81
1649844000,13.82,13.85,13.76,13.79
1649845800,13.8,13.82,13.78,13.8
1649847600,13.8,13.82,13.74,13.76
1649849400,13.76,13.78,13.74,13.78
1649851200,13.77,13.78,13.69,13.7
1649853000,13.7,13.7,13.53,13.59
1649854800,13.59,13.64,13.5,13.61
1649856600,13.62,13.72,13.6,13.71
1649858400,13.71,13.77,13.67,13.74
1649860200,13.75,13.75,13.64,13.66
1649862000,13.64,13.64,13.64,13.64
1649917800,13.74,13.74,13.74,13.74
1649919600,13.74,13.75,13.63,13.68
1649921400,13.69,13.71,13.64,13.66
1649923200,13.66,13.73,13.65,13.7
1649925000,13.7,13.72,13.68,13.71
1649926800,13.71,13.71,13.6,13.65
1649928600,13.64,13.71,13.64,13.7
1649930400,13.71,13.73,13.69,13.72
1649932200,13.72,13.74,13.69,13.73
1649934000,13.74,13.77,13.66,13.68
1649935800,13.68,13.75,13.66,13.74
1649937600,13.74,13.77,13.7,13.71
1649939400,13.72,13.72,13.64,13.69
1649941200,13.68,13.73,13.66,13.72
1649943000,13.73,13.75,13.68,13.7
1649944800,13.69,13.71,13.66,13.68
1649946600,13.68,13.73,13.68,13.69
1649948400,13.7,13.7,13.69,13.7
1650004200,13.7,13.7,13.7,13.7
1650006000,13.7,13.71,13.59,13.62
1650007800,13.61,13.66,13.61,13.65
1650009600,13.65,13.66,13.63,13.65
1650011400,13.64,13.66,13.6,13.61
1650013200,13.61,13.64,13.61,13.63
1650015000,13.62,13.64,13.62,13.63
1650016800,13.63,13.66,13.62,13.65
1650018600,13.64,13.67,13.64,13.66
1650020400,13.67,13.69,13.65,13.67
1650022200,13.68,13.76,13.63,13.7
1650024000,13.69,13.75,13.69,13.75
1650025800,13.75,13.75,13.73,13.74
1650027600,13.74,13.85,13.73,13.81
1650029400,13.81,13.84,13.79,13.82
1650031200,13.82,13.84,13.81,13.83
1650033000,13.83,13.9,13.79,13.89
1650034800,13.9,13.9,13.9,13.9
1650263400,13.93,13.93,13.93,13.93
1650265200,13.93,13.98,13.86,13.92
1650267000,13.91,13.94,13.86,13.93
1650268800,13.93,14.09,13.89,14.07
1650270600,14.07,14.12,14.05,14.07
1650272400,14.07,14.07,14.03,14.04
1650274200,14.05,14.07,14.04,14.07
1650276000,14.06,14.06,14.01,14.06
1650277800,14.05,14.14,14.05,14.08
1650279600,14.09,14.14,14.08,14.13
1650281400,14.13,14.15,14.07,14.11
1650283200,14.11,14.12,14.07,14.09
1650285000,14.08,14.2,14.08,14.18
1650286800,14.17,14.18,14.13,14.13
1650288600,14.14,14.22,14.13,14.17
1650290400,14.16,14.43,14.13,14.41
1650292200,14.41,14.48,14.37,14.42
1650294000,14.41,14.42,14.41,14.42
1650349800,14.5,14.5,14.5,14.5
1650351600,14.49,14.53,14.41,14.53
1650353400,14.53,14.54,14.39,14.46
1650355200,14.45,14.51,14.44,14.46
1650357000,14.45,14.48,14.39,14.43
1650358800,14.43,14.44,14.41,14.42
1650360600,14.41,14.48,14.39,14.45
1650362400,14.45,14.48,14.44,14.46
1650364200,14.45,14.49,14.45,14.45
1650366000,14.45,14.49,14.45,14.48
1650367800,14.47,14.48,14.44,14.46
1650369600,14.46,14.46,14.25,14.36
1650371400,14.36,14.36,14.19,14.22
1650373200,14.22,14.25,14.07,14.22
1650375000,14.22,14.32,14.14,14.29
1650376800,14.29,14.3,14.21,14.25
1650378600,14.25,14.31,14.18,14.18
1650380400,14.18,14.18,14.18,14.18
1650436200,14.25,14.25,14.25,14.25
1650438000,14.24,14.25,14.11,14.14
1650439800,14.14,14.18,14.11,14.13
1650441600,14.13,14.18,14.07,14.17
1650443400,14.17,14.18,14.13,14.15
1650445200,14.16,14.21,14.15,14.17
1650447000,14.18,14.2,14.16,14.19
1650448800,14.19,14.21,14.17,14.18
1650450600,14.19,14.19,14.17,14.18
1650452400,14.18,14.18,14.16,14.18
1650454200,14.18,14.24,14.17,14.24
1650456000,14.23,14.26,14.21,14.24
1650457800,14.24,14.29,14.23,14.26
1650459600,14.26,14.27,14.21,14.25
1650461400,14.25,14.27,14.22,14.23
1650463200,14.23,14.27,14.21,14.24
1650465000,14.24,14.24,14.2,14.2
1650466800,14.19,14.19,14.19,14.19
1650522600,14.23,14.23,14.23,14.23
1650524400,14.23,14.3,14.19,14.22
1650526200,14.22,14.26,14.21,14.25
1650528000,14.26,14.27,14.22,14.26
1650529800,14.25,14.27,14.2,14.27
1650531600,14.27,14.49,14.27,14.48
1650533400,14.48,14.49,14.42,14.42
1650535200,14.43,14.44,14.4,14.41
1650537000,14.42,14.44,14.41,14.43
1650538800,14.43,14.48,14.41,14.45
1650540600,14.46,14.5,14.45,14.48
1650542400,14.48,14.53,14.42,14.45
1650544200,14.46,14.47,14.44,14.44
1650546000,14.44,14.48,14.36,14.46
1650547800,14.46,14.5,14.42,14.45
1650549600,14.45,14.52,14.43,14.52
1650551400,14.51,14.52,14.46,14.49
1650553200,14.49,14.49,14.49,14.49
1650609000,14.41,14.41,14.41,14.41
1650610800,14.4,14.51,14.39,14.41
1650612600,14.41,14.46,14.41,14.46
1650614400,14.45,14.5,14.44,14.5
1650616200,14.5,14.56,14.48,14.54
1650618000,14.54,14.54,14.49,14.51
1650619800,14.51,14.54,14.51,14.53
1650621600,14.54,14.57,14.52,14.53
1650623400,14.53,14.54,14.45,14.46
1650625200,14.47,14.56,14.45,14.54
1650627000,14.54,14.55,14.5,14.53
1650628800,14.54,14.55,14.49,14.5
1650630600,14.5,14.51,14.45,14.48
1650632400,14.48,14.54,14.48,14.5
1650634200,14.5,14.55,14.47,14.51
1650636000,14.52,14.56,14.35,14.39
1650637800,14.39,14.39,14.08,14.14
1650639600,14.19,14.19,14.19,14.19
1650868200,14.99,14.99,14.99,14.99
1650870000,14.98,14.98,14.93,14.96
1650871800,14.96,14.98,14.96,14.98
1650873600,14.97,14.99,14.97,14.98
1650875400,14.99,14.99,14.97,14.97
1650877200,14.97,14.98,14.97,14.98
1650879000,14.97,14.98,14.97,14.98
1650880800,14.97,14.98,14.97,14.97
1650882600,14.97,14.98,14.97,14.98
1650884400,14.98,14.98,14.97,14.98
1650886200,14.97,14.98,14.97,14.97
1650888000,14.97,14.99,14.97,14.97
1650889800,14.98,14.99,14.97,14.99
1650891600,14.99,14.99,14.97,14.97
1650893400,14.98,14.98,14.97,14.97
1650895200,14.98,14.98,14.97,14.97
1650897000,14.97,14.98,14.97,14.98
1650898800,14.97,14.97,14.97,14.97
1650954600,14.98,14.98,14.98,14.98
1650956400,14.98,14.99,14.98,14.98
1650958200,14.98,14.99,14.98,14.98
1650960000,14.99,14.99,14.98,14.99
1650961800,14.98,14.99,14.98,14.98
1650963600,14.99,14.99,14.98,14.98
1650965400,14.98,14.99,14.98,14.99
1650967200,14.98,14.99,14.98,14.99
1650969000,14.98,14.99,14.98,14.98
1650970800,14.98,14.99,14.97,14.97
1650972600,14.97,14.99,14.97,14.98
1650974400,14.98,14.99,14.97,14.98
1650976200,14.98,14.99,14.97,14.97
1650978000,14.98,14.99,14.97,14.97
1650979800,14.97,14.98,14.97,14.97
1650981600,14.97,14.98,14.97,14.98
1650983400,14.98,14.99,14.97,14.97
1650985200,14.98,14.98,14.98,14.98
1651041000,14.98,14.98,14.98,14.98
1651042800,14.98,14.99,14.98,14.98
1651044600,14.98,14.99,14.98,14.99
1651046400,14.99,14.99,14.98,14.99
1651048200,14.98,14.99,14.98,14.99
1651050000,14.99,14.99,14.98,14.98
1651051800,14.98,14.99,14.98,14.98
1651053600,14.98,14.99,14.98,14.99
1651055400,14.98,14.99,14.98,14.98
1651057200,14.98,14.99,14.97,14.97
1651059000,14.97,14.99,14.97,14.99
1651060800,14.99,14.99,14.98,14.99
1651062600,14.99,14.99,14.98,14.99
1651064400,14.98,14.99,14.98,14.98
1651066200,14.98,14.99,14.97,14.97
1651068000,14.98,14.98,14.97,14.97
1651069800,14.98,14.98,14.97,14.98
1651071600,14.97,14.97,14.97,14.97
1651127400,14.99,14.99,14.99,14.99
1651129200,15,15.12,14.99,15.04
1651131000,15.03,15.05,15.03,15.04
1651132800,15.04,15.07,15.02,15.05
1651134600,15.04,15.05,15.04,15.04
1651136400,15.04,15.08,15.04,15.07
1651138200,15.06,15.07,15.03,15.05
1651140000,15.04,15.04,15.01,15.02
1651141800,15.03,15.03,15.01,15.01
1651143600,15.01,15.03,15.01,15.02
1651145400,15.02,15.03,15,15.01
1651147200,15.01,15.03,15.01,15.02
1651149000,15.02,15.03,15.01,15.01
1651150800,15.02,15.03,15,15.01
1651152600,15.02,15.02,14.99,14.99
1651154400,14.99,15,14.98,15
1651156200,14.99,15,14.99,15
1651158000,14.98,14.98,14.98,14.98
1651213800,15,15,15,15
1651215600,15,15.01,14.99,14.99
1651217400,15,15,14.98,15
1651219200,14.99,15,14.99,14.99
1651221000,14.99,15,14.98,14.99
1651222800,14.98,14.99,14.98,14.98
1651224600,14.98,14.99,14.98,14.98
1651226400,14.98,14.99,14.98,14.99
1651228200,14.98,14.99,14.98,14.99
1651230000,14.99,14.99,14.98,14.99
1651231800,14.99,14.99,14.98,14.98
1651233600,14.98,14.99,14.98,14.98
1651235400,14.98,14.99,14.98,14.99
1651237200,14.99,14.99,14.97,14.98
1651239000,14.98,14.99,14.97,14.98
1651240800,14.97,14.99,14.97,14.98
1651242600,14.99,14.99,14.97,14.99
1651244400,14.98,14.98,14.98,14.98
1651732200,15.01,15.01,15.01,15.01
1651734000,15.01,15.02,14.99,15
1651735800,14.99,15,14.99,15
1651737600,15,15,14.99,14.99
1651739400,14.99,15,14.99,14.99
1651741200,15,15,14.99,15
1651743000,14.99,15,14.99,15
1651744800,15,15,14.99,14.99
1651746600,15,15,14.99,14.99
1651748400,15,15,14.99,15
1651750200,14.99,15,14.99,14.99
1651752000,14.99,15,14.99,14.99
1651753800,14.99,15,14.99,14.99
1651755600,14.99,15,14.99,14.99
1651757400,14.99,15,14.98,14.98
1651759200,14.98,14.99,14.98,14.98
1651761000,14.98,14.99,14.98,14.99
1651762800,14.98,14.98,14.98,14.98
1651818600,14.98,14.98,14.98,14.98
1651820400,14.99,15,14.98,15
1651822200,14.99,15,14.99,14.99
1651824000,15,15,14.98,14.98
1651825800,14.98,14.99,14.98,14.99
1651827600,14.99,14.99,14.98,14.98
1651829400,14.98,14.99,14.98,14.98
1651831200,14.99,14.99,14.98,14.98
1651833000,14.98,15,14.98,14.99
1651834800,14.98,14.99,14.98,14.98
1651836600,14.98,14.99,14.98,14.99
1651838400,14.99,14.99,14.98,14.98
1651840200,14.98,14.99,14.98,14.99
1651842000,14.98,14.99,14.98,14.99
1651843800,14.99,14.99,14.98,14.98
1651845600,14.98,14.99,14.98,14.99
1651847400,14.98,14.99,14.98,14.99
1651849200,14.98,14.98,14.98,14.98
1652077800,14.98,14.98,14.98,14.98
1652079600,14.99,14.99,14.98,14.98
1652081400,14.98,14.99,14.98,14.99
1652083200,14.98,14.99,14.98,14.99
1652085000,14.98,14.99,14.98,14.98
1652086800,14.99,14.99,14.98,14.98
1652088600,14.98,14.99,14.98,14.98
1652090400,14.98,14.99,14.98,14.98
1652092200,14.99,14.99,14.98,14.98
1652094000,14.98,14.99,14.98,14.98
1652095800,14.98,14.99,14.98,14.99
1652097600,14.99,15.01,14.98,15
1652099400,15.01,15.01,14.99,15
1652101200,15,15,14.99,14.99
1652103000,15,15,14.99,14.99
1652104800,14.99,15,14.99,14.99
1652106600,14.99,15,14.99,14.99
1652108400,14.99,14.99,14.99,14.99
1652164200,15,15,15,15
1652166000,15,15,14.99,15
1652167800,15,15,14.99,15
1652169600,15,15,14.99,15
1652171400,14.99,15,14.99,14.99
1652173200,15,15,14.99,14.99
1652175000,14.99,15,14.99,15
1652176800,14.99,15,14.99,15
1652178600,14.99,15,14.99,15
1652180400,15,15,14.99,14.99
1652182200,14.99,15,14.99,14.99
1652184000,14.99,15,14.99,15
1652185800,15,15,14.99,15
1652187600,15,15,14.99,14.99
1652189400,15,15,14.99,14.99
1652191200,15,15,14.99,15
1652193000,14.99,15,14.99,15
1652194800,14.99,14.99,14.99,14.99
1652250600,14.99,14.99,14.99,14.99
1652252400,14.99,15.01,14.99,15
1652254200,15,15.01,14.99,14.99
1652256000,15,15,14.99,15
1652257800,15,15,14.99,15
1652259600,14.99,15,14.99,14.99
1652261400,14.99,15,14.99,14.99
1652263200,15,15,14.99,15
1652265000,14.99,15,14.99,15
1652266800,15,15,14.99,14.99
1652268600,14.99,15,14.98,14.99
1652270400,14.98,14.99,14.98,14.99
1652272200,14.98,14.99,14.98,14.98
1652274000,14.98,14.99,14.98,14.99
1652275800,14.99,14.99,14.98,14.98
1652277600,14.99,14.99,14.98,14.98
1652279400,14.98,14.99,14.98,14.99
1652281200,14.98,14.98,14.98,14.98
1652337000,14.99,14.99,14.99,14.99
1652338800,14.99,15,14.99,14.99
1652340600,14.99,15,14.99,14.99
1652342400,15,15,14.98,14.98
1652344200,14.99,14.99,14.98,14.98
1652346000,14.98,14.99,14.98,14.98
1652347800,14.98,14.99,14.98,14.98
1652349600,14.98,14.99,14.98,14.98
1652351400,14.98,14.99,14.98,14.98
1652353200,14.98,14.99,14.98,14.98
1652355000,14.98,14.99,14.98,14.98
1652356800,14.98,14.99,14.98,14.98
1652358600,14.99,14.99,14.98,14.98
1652360400,14.98,14.99,14.98,14.99
1652362200,14.98,14.99,14.98,14.99
1652364000,14.99,14.99,14.98,14.98
1652365800,14.98,14.99,14.98,14.99
1652367600,14.98,14.98,14.98,14.98
1652423400,14.99,14.99,14.99,14.99
1652425200,14.99,15,14.98,14.99
1652427000,14.98,14.99,14.98,14.99
1652428800,14.99,14.99,14.98,14.98
1652430600,14.98,14.99,14.98,14.98
1652432400,14.98,14.99,14.98,14.98
1652434200,14.98,14.99,14.98,14.99
1652436000,14.98,14.99,14.98,14.98
1652437800,14.98,14.99,14.98,14.98
1652439600,14.98,14.99,14.98,14.99
1652441400,14.99,14.99,14.98,14.99
1652443200,14.99,14.99,14.98,14.98
1652445000,14.98,14.99,14.98,14.98
1652446800,14.99,14.99,14.98,14.99
1652448600,14.98,14.99,14.98,14.98
1652450400,14.98,14.99,14.98,14.98
1652452200,14.98,14.99,14.98,14.98
1652454000,14.98,14.98,14.98,14.98
1652682600,14.98,14.98,14.98,14.98
1652684400,14.98,14.99,14.98,14.98
1652686200,14.99,14.99,14.97,14.98
1652688000,14.97,14.98,14.97,14.98
1652689800,14.97,14.98,14.97,14.97
1652691600,14.97,14.98,14.96,14.97
1652693400,14.97,14.98,14.97,14.97
1652695200,14.97,14.98,14.97,14.97
1652697000,14.97,14.98,14.97,14.97
1652698800,14.97,14.98,14.96,14.97
1652700600,14.97,14.97,14.96,14.96
1652702400,14.96,14.97,14.96,14.96
1652704200,14.96,14.97,14.96,14.96
1652706000,14.97,14.97,14.96,14.96
1652707800,14.96,14.97,14.96,14.96
1652709600,14.96,14.97,14.96,14.96
1652711400,14.97,14.97,14.95,14.95
1652713200,14.95,14.97,14.95,14.97
1652769000,14.88,14.88,14.88,14.88
1652770800,14.87,14.96,14.73,14.89
1652772600,14.89,14.9,14.83,14.9
1652774400,14.89,14.94,14.88,14.91
1652776200,14.91,14.99,14.91,14.94
1652778000,14.94,14.97,14.92,14.94
1652779800,14.94,14.96,14.93,14.95
1652781600,14.96,14.97,14.94,14.94
1652783400,14.94,14.96,14.93,14.93
1652785200,14.94,14.98,14.91,14.96
1652787000,14.95,14.97,14.95,14.97
1652788800,14.97,14.98,14.95,14.96
1652790600,14.96,14.99,14.95,14.95
1652792400,14.96,14.97,14.94,14.95
1652794200,14.95,14.96,14.93,14.95
1652796000,14.94,14.95,14.89,14.9
1652797800,14.9,14.93,14.89,14.9
1652799600,14.97,14.97,14.97,14.97
1652855400,14.95,14.95,14.95,14.95
1652857200,14.95,14.98,14.89,14.94
1652859000,14.94,14.95,14.91,14.92
1652860800,14.93,14.98,14.92,14.94
1652862600,14.94,14.97,14.93,14.96
1652864400,14.97,14.98,14.95,14.98
1652866200,14.97,15,14.96,15
1652868000,14.99,15.07,14.98,15.04
1652869800,15.04,15.04,14.97,14.98
1652871600,14.99,15,14.97,14.99
1652873400,14.99,15.04,14.98,15.03
1652875200,15.03,15.03,15.01,15.02
1652877000,15.01,15.03,15,15
1652878800,15,15.01,14.98,15
1652880600,15,15.1,15,15.02
1652882400,15.02,15.08,15.01,15.04
1652884200,15.03,16.4,15.03,15.86
1652886000,15.65,15.65,15.65,15.65
1653028200,15.55,15.55,15.55,15.55
1653030000,15.53,17.09,15.4,16.78
1653031800,16.78,16.82,16.4,16.48
1653033600,16.48,16.56,16.31,16.37
1653035400,16.36,16.37,16.15,16.21
1653037200,16.2,16.33,16.13,16.25
1653039000,16.25,16.27,16.15,16.19
1653040800,16.18,16.28,15.99,16.17
1653042600,16.18,16.2,16.07,16.14
1653044400,16.15,16.15,15.97,16.07
1653046200,16.07,16.08,15.85,15.92
1653048000,15.91,15.94,15.72,15.85
1653049800,15.86,15.89,15.76,15.84
1653051600,15.84,16.15,15.82,15.97
1653053400,15.97,16.18,15.89,16.18
1653055200,16.18,16.26,16.04,16.16
1653057000,16.15,16.72,16.15,16.49
1653058800,16.25,16.25,16.25,16.25
1653287400,16.42,16.42,16.42,16.42
1653289200,16.42,16.6,16.29,16.45
1653291000,16.44,16.48,16.38,16.44
1653292800,16.43,16.45,16.34,16.38
1653294600,16.38,16.4,16.32,16.33
1653296400,16.32,16.33,16.2,16.22
1653298200,16.21,16.26,16.15,16.18
1653300000,16.18,16.19,16.09,16.14
1653301800,16.13,16.15,15.81,15.85
1653303600,15.84,15.84,15.62,15.68
1653305400,15.68,15.76,15.6,15.6
1653307200,15.63,15.66,15.42,15.48
1653309000,15.48,15.54,15.37,15.47
1653310800,15.47,15.53,15.4,15.42
1653312600,15.41,15.42,15.13,15.19
1653314400,15.2,15.42,15.19,15.31
1653316200,15.31,15.43,15.21,15.28
1653318000,15.17,15.17,15.17,15.17
1653373800,15.35,15.35,15.35,15.35
1653375600,15.34,15.44,15.26,15.3
1653377400,15.3,15.31,15.2,15.28
1653379200,15.28,15.34,15.22,15.33
1653381000,15.32,15.46,15.3,15.36
1653382800,15.35,15.4,15.29,15.3
1653384600,15.3,15.4,15.26,15.33
1653386400,15.32,15.33,15.29,15.31
1653388200,15.3,15.34,15.28,15.32
1653390000,15.31,15.34,15.3,15.32
1653391800,15.32,15.36,15.29,15.32
1653393600,15.32,15.32,15.25,15.26
1653395400,15.26,15.27,15.22,15.23
1653397200,15.23,15.25,15.21,15.23
1653399000,15.24,15.28,15.23,15.26
1653400800,15.25,15.25,14.99,15.1
1653402600,15.1,15.13,14.98,15
1653404400,15.12,15.12,15.12,15.12
1653460200,15,15,15,15
1653462000,14.99,14.99,14.74,14.8
1653463800,14.8,14.81,14.72,14.79
1653465600,14.78,14.79,14.61,14.66
1653467400,14.65,14.67,14.58,14.6
1653469200,14.59,14.61,14.51,14.6
1653471000,14.6,14.62,14.53,14.54
1653472800,14.55,14.58,14.51,14.54
1653474600,14.53,14.59,14.53,14.55
1653476400,14.55,14.61,14.51,14.52
1653478200,14.53,14.56,14.52,14.55
1653480000,14.55,14.66,14.53,14.61
1653481800,14.61,14.76,14.59,14.74
1653483600,14.75,14.77,14.65,14.66
1653485400,14.65,14.74,14.65,14.74
1653487200,14.75,14.85,14.72,14.85
1653489000,14.86,14.94,14.75,14.77
1653490800,14.78,14.78,14.75,14.75
1653546600,14.73,14.73,14.73,14.73
1653548400,14.73,14.73,14.68,14.7
1653550200,14.69,14.79,14.69,14.74
1653552000,14.73,14.74,14.71,14.72
1653553800,14.71,14.74,14.7,14.71
1653555600,14.71,14.73,14.69,14.71
1653557400,14.7,14.73,14.69,14.72
1653559200,14.72,14.73,14.68,14.69
1653561000,14.7,14.73,14.69,14.72
1653562800,14.72,14.77,14.69,14.71
1653564600,14.72,14.75,14.69,14.71
1653566400,14.71,14.73,14.7,14.72
1653568200,14.72,14.75,14.7,14.72
1653570000,14.72,14.73,14.68,14.72
1653571800,14.72,14.79,14.71,14.74
1653573600,14.75,14.78,14.72,14.75
1653575400,14.76,14.76,14.68,14.69
1653577200,14.66,14.66,14.66,14.66
1653633000,14.66,14.66,14.66,14.66
1653634800,14.67,14.69,14.63,14.64
1653636600,14.64,14.67,14.63,14.65
1653638400,14.64,14.66,14.55,14.57
1653640200,14.57,14.6,14.53,14.59
1653642000,14.59,14.65,14.56,14.56
1653643800,14.55,14.59,14.55,14.58
1653645600,14.57,14.58,14.55,14.57
1653647400,14.57,14.57,14.55,14.55
1653649200,14.56,14.57,14.54,14.55
1653651000,14.55,14.58,14.53,14.56
1653652800,14.57,14.57,14.51,14.53
1653654600,14.52,14.54,14.43,14.46
1653656400,14.47,14.47,14.39,14.41
1653658200,14.4,14.41,14.3,14.31
1653660000,14.31,14.35,14.28,14.3
1653661800,14.3,14.32,14.17,14.21
1653663600,14.21,14.22,14.21,14.22
1653892200,14.3,14.3,14.3,14.3
1653894000,14.3,14.36,14.28,14.32
1653895800,14.31,14.41,14.31,14.4
1653897600,14.4,14.44,14.36,14.37
1653899400,14.38,14.39,14.34,14.37
1653901200,14.37,14.4,14.36,14.4
1653903000,14.39,14.43,14.38,14.41
1653904800,14.4,14.41,14.34,14.37
1653906600,14.37,14.45,14.36,14.44
1653908400,14.44,14.46,14.42,14.45
1653910200,14.44,14.46,14.4,14.43
1653912000,14.43,14.48,14.42,14.44
1653913800,14.43,14.44,14.38,14.4
1653915600,14.4,14.44,14.39,14.43
1653917400,14.42,14.45,14.4,14.43
1653919200,14.42,14.44,14.41,14.42
1653921000,14.41,14.44,14.39,14.4
1653922800,14.37,14.37,14.37,14.37
1653978600,14.43,14.43,14.43,14.43
1653980400,14.43,14.68,14.41,14.66
1653982200,14.67,14.77,14.63,14.71
1653984000,14.71,14.84,14.7,14.74
1653985800,14.74,14.76,14.68,14.72
1653987600,14.72,14.74,14.71,14.72
1653989400,14.72,14.73,14.67,14.67
1653991200,14.68,14.68,14.59,14.66
1653993000,14.65,14.66,14.62,14.63
1653994800,14.64,14.64,14.59,14.62
1653996600,14.62,14.64,14.54,14.56
1653998400,14.55,14.58,14.53,14.56
1654000200,14.55,14.65,14.53,14.63
1654002000,14.64,14.68,14.59,14.68
1654003800,14.68,14.69,14.58,14.61
1654005600,14.61,14.63,14.57,14.61
1654007400,14.62,14.64,14.54,14.55
1654009200,14.55,14.55,14.55,14.55
1654065000,14.62,14.62,14.62,14.62
1654066800,14.62,14.77,14.62,14.69
1654068600,14.68,14.7,14.66,14.7
1654070400,14.69,14.7,14.66,14.67
1654072200,14.67,14.74,14.65,14.74
1654074000,14.73,14.75,14.72,14.73
1654075800,14.73,14.75,14.72,14.73
1654077600,14.73,14.73,14.66,14.68
1654079400,14.68,14.72,14.67,14.67
1654081200,14.67,14.73,14.65,14.71
1654083000,14.71,14.78,14.71,14.71
1654084800,14.7,14.77,14.7,14.76
1654086600,14.76,14.79,14.75,14.78
1654088400,14.78,14.86,14.76,14.76
1654090200,14.75,14.95,14.74,14.92
1654092000,14.93,15.21,14.92,15.06
1654093800,15.05,15.08,14.93,15.05
1654095600,15.03,15.03,15.03,15.03
1654151400,15.14,15.14,15.14,15.14
1654153200,15.13,15.24,15.06,15.2
1654155000,15.2,15.22,15.07,15.11
1654156800,15.11,15.12,15.02,15.08
1654158600,15.08,15.1,15.06,15.08
1654160400,15.07,15.12,15.07,15.12
1654162200,15.1,15.11,15.07,15.1
1654164000,15.1,15.18,15.1,15.17
1654165800,15.17,15.22,15.16,15.2
1654167600,15.2,15.22,15.17,15.2
1654169400,15.2,15.23,15.17,15.2
1654171200,15.19,15.27,15.18,15.22
1654173000,15.23,15.26,15.17,15.17
1654174800,15.17,15.19,15.08,15.13
1654176600,15.13,15.14,15.09,15.1
1654178400,15.1,15.19,15.09,15.13
1654180200,15.13,15.16,15.06,15.08
1654182000,15.07,15.07,15.07,15.07
1654237800,15.12,15.12,15.12,15.12
1654239600,15.13,15.13,15.07,15.09
1654241400,15.08,15.16,15.06,15.09
1654243200,15.09,15.12,15.08,15.09
1654245000,15.09,15.18,15.07,15.11
1654246800,15.11,15.12,15.07,15.08
1654248600,15.08,15.13,15.07,15.09
1654250400,15.08,15.14,15.08,15.12
1654252200,15.12,15.13,15.1,15.11
1654254000,15.11,15.24,15.08,15.15
1654255800,15.15,15.17,15.09,15.11
1654257600,15.1,15.1,15.03,15.08
1654259400,15.08,15.14,15.05,15.13
1654261200,15.14,15.18,15.12,15.14
1654263000,15.14,15.17,15.12,15.14
1654264800,15.14,15.22,15.12,15.16
1654266600,15.16,15.17,15.07,15.08
1654268400,15.06,15.06,15.06,15.06
1654497000,15.13,15.13,15.13,15.13
1654498800,15.13,15.24,15.11,15.2
1654500600,15.19,15.21,15.18,15.2
1654502400,15.19,15.22,15.18,15.19
1654504200,15.19,15.36,15.18,15.31
1654506000,15.31,15.4,15.31,15.34
1654507800,15.34,15.38,15.32,15.35
1654509600,15.34,15.38,15.33,15.38
1654511400,15.37,15.41,15.36,15.39
1654513200,15.38,15.41,15.38,15.38
1654515000,15.38,15.4,15.37,15.38
1654516800,15.38,15.4,15.34,15.36
1654518600,15.36,15.84,15.35,15.8
1654520400,15.8,15.87,15.67,15.73
1654522200,15.73,15.86,15.69,15.85
1654524000,15.85,16.2,15.82,16.11
1654525800,16.1,16.14,15.99,16.1
1654527600,16.1,16.14,16.1,16.14
1654583400,16.08,16.08,16.08,16.08
1654585200,16.07,16.17,15.96,15.96
1654587000,15.97,16.02,15.92,15.93
1654588800,15.92,15.96,15.89,15.93
1654590600,15.93,16,15.92,15.94
1654592400,15.94,15.96,15.93,15.95
1654594200,15.95,15.96,15.91,15.93
1654596000,15.93,16.06,15.93,16.04
1654597800,16.04,16.06,15.97,15.99
1654599600,16,16.02,15.97,16.02
1654601400,16.01,16.08,15.99,16.01
1654603200,16.03,16.04,15.96,15.98
1654605000,15.98,15.98,15.87,15.89
1654606800,15.88,15.89,15.58,15.65
1654608600,15.65,15.71,15.64,15.67
1654610400,15.68,15.7,15.58,15.63
1654612200,15.63,15.87,15.63,15.67
1654614000,15.65,15.65,15.65,15.65
1654669800,15.75,15.75,15.75,15.75
1654671600,15.74,15.81,15.65,15.66
1654673400,15.66,15.66,15.56,15.57
1654675200,15.56,15.6,15.54,15.58
1654677000,15.57,15.59,15.56,15.57
1654678800,15.57,15.59,15.55,15.58
1654680600,15.58,15.65,15.57,15.63
1654682400,15.63,15.63,15.58,15.6
1654684200,15.6,15.73,15.59,15.73
1654686000,15.72,15.73,15.62,15.65
1654687800,15.65,15.67,15.63,15.63
1654689600,15.64,15.64,15.54,15.56
1654691400,15.57,15.62,15.55,15.6
1654693200,15.59,15.59,15.54,15.57
1654695000,15.57,15.63,15.55,15.6
1654696800,15.6,15.61,15.48,15.48
1654698600,15.48,15.49,15.14,15.21
1654700400,15.25,15.25,15.25,15.25
1654756200,15.25,15.25,15.25,15.25
1654758000,15.25,15.36,15.2,15.29
1654759800,15.3,15.34,15.25,15.33
1654761600,15.33,15.36,15.23,15.24
1654763400,15.24,15.43,15.21,15.37
1654765200,15.37,15.38,15.29,15.32
1654767000,15.31,15.34,15.23,15.23
1654768800,15.24,15.26,15.11,15.17
1654770600,15.17,15.18,15.05,15.17
1654772400,15.17,15.3,15.14,15.26
1654774200,15.25,15.27,15.19,15.22
1654776000,15.21,15.26,15.16,15.2
1654777800,15.21,15.23,15.15,15.21
1654779600,15.22,15.27,15.15,15.18
1654781400,15.2,15.22,15.13,15.18
1654783200,15.17,15.3,15.13,15.25
1654785000,15.26,15.3,15.21,15.28
1654786800,15.3,15.3,15.3,15.3
1654842600,15,15,15,15
1654844400,15,15.72,15,15.71
1654846200,15.71,15.78,15.68,15.71
1654848000,15.7,15.71,15.4,15.42
1654849800,15.41,15.44,15.31,15.42
1654851600,15.42,15.48,15.41,15.43
1654853400,15.43,15.47,15.38,15.41
1654855200,15.41,15.49,15.37,15.44
1654857000,15.44,15.48,15.41,15.48
1654858800,15.48,15.6,15.42,15.45
1654860600,15.45,15.55,15.42,15.44
1654862400,15.42,15.52,15.39,15.48
1654864200,15.49,15.49,15.31,15.32
1654866000,15.31,15.36,15.17,15.26
1654867800,15.26,15.37,15.23,15.3
1654869600,15.29,15.42,15.17,15.39
1654871400,15.4,15.43,15.33,15.36
1654873200,15.32,15.32,15.32,15.32
1655101800,15.2,15.2,15.2,15.2
1655103600,15.21,15.29,15.16,15.22
1655105400,15.21,15.26,15.18,15.2
1655107200,15.2,15.27,15.17,15.24
1655109000,15.24,15.38,15.21,15.25
1655110800,15.24,15.27,15.23,15.24
1655112600,15.24,15.25,15.18,15.21
1655114400,15.2,15.23,15.2,15.23
1655116200,15.23,15.28,15.22,15.24
1655118000,15.25,15.32,15.25,15.3
1655119800,15.31,15.4,15.28,15.29
1655121600,15.28,15.3,15.23,15.25
1655123400,15.25,15.28,15.19,15.27
1655125200,15.27,15.27,15.19,15.22
1655127000,15.23,15.29,15.22,15.25
1655128800,15.26,15.27,15.17,15.19
1655130600,15.19,15.23,15.07,15.08
1655132400,15.08,15.08,15.08,15.08
1655188200,15.16,15.16,15.16,15.16
1655190000,15.17,15.2,15.06,15.09
1655191800,15.09,15.09,15.04,15.07
1655193600,15.07,15.08,15.04,15.06
1655195400,15.06,15.07,15.03,15.04
1655197200,15.03,15.05,14.94,14.95
1655199000,14.95,15.01,14.9,15
1655200800,15,15.05,14.98,15
1655202600,15,15.05,14.99,15.03
1655204400,15.02,15.02,14.98,14.99
1655206200,14.99,15.02,14.97,15
1655208000,14.99,15.06,14.99,15.04
1655209800,15.04,15.08,15.03,15.06
1655211600,15.05,15.07,15.02,15.04
1655213400,15.04,15.06,14.99,15.04
1655215200,15.04,15.08,14.99,15
1655217000,15,15.02,14.94,15
1655218800,15,15.01,15,15.01
1655274600,15,15,15,15
1655276400,15,15.02,14.85,14.91
1655278200,14.9,14.92,14.84,14.86
1655280000,14.85,14.94,14.85,14.93
1655281800,14.92,14.96,14.91,14.94
1655283600,14.94,14.95,14.9,14.94
1655285400,14.93,14.94,14.9,14.93
1655287200,14.93,14.94,14.88,14.89
1655289000,14.9,14.94,14.87,14.92
1655290800,14.92,14.98,14.88,14.97
1655292600,14.97,14.98,14.89,14.9
1655294400,14.9,15.02,14.89,14.92
1655296200,14.93,15.2,14.92,15.09
1655298000,15.09,15.11,15.01,15.09
1655299800,15.09,15.16,15.08,15.08
1655301600,15.1,15.14,15.04,15.09000015
1655303400,15.09000015,15.10000038,14.93,14.95
1655305200,14.92,14.92,14.92,14.92
1655361000,14.96,14.96,14.96,14.96
1655362800,14.97,14.98,14.88,14.93
1655364600,14.93,14.98,14.91,14.93
1655366400,14.92,14.95,14.88,14.93
1655368200,14.93,14.96,14.89,14.92
1655370000,14.91,14.93,14.78,14.82
1655371800,14.81,14.84,14.78,14.82
1655373600,14.83,14.84,14.77,14.78
1655375400,14.78,14.78,14.46,14.46
1655377200,14.46,14.5,14.38,14.46
1655379000,14.46,14.52,14.42,14.48
1655380800,14.48,14.51,14.43,14.45
1655382600,14.44,14.53,14.44,14.5
1655384400,14.51,14.54,14.45,14.52
1655386200,14.52,14.55,14.41,14.46
1655388000,14.45,14.49,14.41,14.47
1655389800,14.47,14.47,14.38,14.42
1655391600,14.41,14.45,14.41,14.45
1655447400,14.45,14.45,14.45,14.45
1655449200,14.46,14.5,14.43,14.46
1655451000,14.45,14.49,14.44,14.47
1655452800,14.46,14.72,14.45,14.67
1655454600,14.66,14.69,14.64,14.68
1655456400,14.67,14.68,14.63,14.67
1655458200,14.66,14.68,14.64,14.65
1655460000,14.65,14.67,14.64,14.66
1655461800,14.66,14.67,14.61,14.62
1655463600,14.62,14.7,14.61,14.67
1655465400,14.67,14.69,14.64,14.67
1655467200,14.68,14.72,14.67,14.7
1655469000,14.71,14.77,14.69,14.72
1655470800,14.71,14.73,14.68,14.71
1655472600,14.71,14.93,14.7,14.9
1655474400,14.9,14.91,14.81,14.83
1655476200,14.83,14.85,14.79,14.8
1655478000,14.81,15.1,14.81,15.1
1655706600,15.1,15.1,15.1,15.1
1655708400,15.09,15.22,14.95,15.09
1655710200,15.09,15.2,15.06,15.13
1655712000,15.13,15.23,15.12,15.14
1655713800,15.13,15.32,15.13,15.26
1655715600,15.26,15.27,15.22,15.26
1655717400,15.25,15.26,15.19,15.19
1655719200,15.19,15.28,15.18,15.22
1655721000,15.22,15.24,15.17,15.19
1655722800,15.2,15.21,15.18,15.21
1655724600,15.21,15.22,15.17,15.21
1655726400,15.21,15.21,15.13,15.14
1655728200,15.14,15.15,15.1,15.12
1655730000,15.11,15.19,15.1,15.17
1655731800,15.17,15.26,15.14,15.26
1655733600,15.26,15.53,15.26,15.44
1655735400,15.43,15.5,15.37,15.4
1655737200,15.4,15.4,15.4,15.4
1655793000,15.42,15.42,15.42,15.42
1655794800,15.43,15.67,15.42,15.63
1655796600,15.62,15.67,15.61,15.62
1655798400,15.62,15.64,15.6,15.62
1655800200,15.61,15.68,15.6,15.68
1655802000,15.67,15.73,15.63,15.65
1655803800,15.64,15.67,15.63,15.64
1655805600,15.64,15.66,15.64,15.64
1655807400,15.63,15.66,15.61,15.64
1655809200,15.64,15.7,15.64,15.66
1655811000,15.65,15.66,15.61,15.61
1655812800,15.6,15.62,15.59,15.61
1655814600,15.61,15.65,15.57,15.61
1655816400,15.61,15.62,15.57,15.6
1655818200,15.6,15.65,15.6,15.65
1655820000,15.65,15.72,15.64,15.68
1655821800,15.68,15.7,15.61,15.64
1655823600,15.62,15.62,15.62,15.62
1655879400,15.5,15.5,15.5,15.5
1655881200,15.52,15.55,15.39,15.47
1655883000,15.47,15.48,15.43,15.48
1655884800,15.47,15.5,15.39,15.48
1655886600,15.48,15.64,15.46,15.62
1655888400,15.62,15.67,15.58,15.65
1655890200,15.64,15.67,15.59,15.61
1655892000,15.6,15.75,15.6,15.7
1655893800,15.7,15.7,15.67,15.69
1655895600,15.69,15.71,15.66,15.7
1655897400,15.7,15.73,15.68,15.7
1655899200,15.7,15.7,15.63,15.66
1655901000,15.66,15.69,15.64,15.66
1655902800,15.66,15.72,15.64,15.68
1655904600,15.67,15.69,15.64,15.65
1655906400,15.65,15.73,15.6,15.7
1655908200,15.7,15.72,15.59,15.61
1655910000,15.6,15.6,15.6,15.6
1655965800,15.7,15.7,15.7,15.7
1655967600,15.69,15.73,15.61,15.63
1655969400,15.62,15.65,15.59,15.63
1655971200,15.62,15.64,15.6,15.63
1655973000,15.63,15.68,15.62,15.65
1655974800,15.64,15.65,15.63,15.65
1655976600,15.64,15.65,15.62,15.62
1655978400,15.62,15.67,15.62,15.67
1655980200,15.67,15.69,15.67,15.68
1655982000,15.68,15.74,15.54,15.54
1655983800,15.54,15.56,15.51,15.51
1655985600,15.52,15.52,15.43,15.51
1655987400,15.51,15.53,15.47,15.53
1655989200,15.52,15.54,15.46,15.47
1655991000,15.47,15.47,15.4,15.43
1655992800,15.42,15.43,15.31,15.4
1655994600,15.4,15.5,15.37,15.38
1655996400,15.38,15.38,15.38,15.38
1656052200,15.41,15.41,15.41,15.41
1656054000,15.42,15.47,15.32,15.34
1656055800,15.34,15.36,15.29,15.31
1656057600,15.31,15.37,15.18,15.21
1656059400,15.2,15.21,15.11,15.14
1656061200,15.14,15.23,15.14,15.21
1656063000,15.2,15.22,15.18,15.21
1656064800,15.21,15.24,15.15,15.16
1656066600,15.16,15.18,15.13,15.16
1656068400,15.17,15.27,15.16,15.23
1656070200,15.23,15.25,15.21,15.23
1656072000,15.23,15.28,15.21,15.27
1656073800,15.26,15.27,15.21,15.26
1656075600,15.26,15.31,15.24,15.26
1656077400,15.27,15.4,15.26,15.38
1656079200,15.38,15.43,15.38,15.39
1656081000,15.4,15.41,15.2,15.21
1656082800,15.18,15.18,15.18,15.18
1656311400,14.9,14.9,14.9,14.9
1656313200,14.91,15.08,14.84,14.97
1656315000,14.97,15.05,14.92,15
1656316800,15,15.05,14.95,15.02
1656318600,15.01,15.05,14.97,15
1656320400,14.99,15.01,14.97,14.98
1656322200,14.97,14.99,14.89,14.92
1656324000,14.92,14.95,14.87,14.94
1656325800,14.93,14.98,14.93,14.95
1656327600,14.95,15.04,14.94,15.01
1656329400,15,15.01,14.93,14.95
1656331200,14.96,15.02,14.96,14.99
1656333000,14.99,15.05,14.97,15.04
1656334800,15.04,15.12,15.01,15.04
1656336600,15.03,15.04,14.97,15
1656338400,15,15.03,14.96,14.98
1656340200,14.98,15,14.91,14.93
1656342000,14.93,14.93,14.93,14.93
1656397800,14.93,14.93,14.93,14.93
1656399600,14.94,15.05,14.94,15.04
1656401400,15.05,15.08,14.99,15.04
1656403200,15.03,15.04,14.99,15
1656405000,15,15.02,14.97,15
1656406800,15,15,14.99,15
1656408600,15,15,14.98,14.99
1656410400,14.99,15,14.97,14.99
1656412200,14.99,15,14.95,14.96
1656414000,14.97,14.98,14.93,14.96
1656415800,14.96,14.96,14.84,14.86
1656417600,14.85,14.85,14.74,14.8
1656419400,14.8,14.8,14.74,14.75
1656421200,14.75,14.78,14.73,14.75
1656423000,14.74,14.78,14.64,14.66
1656424800,14.66,14.66,14.43,14.46
1656426600,14.46,14.57,14.41,14.49
1656428400,14.5,14.5,14.5,14.5
1656484200,14.4,14.4,14.4,14.4
1656486000,14.39,14.56,14.32,14.49
1656487800,14.5,14.52,14.38,14.39
1656489600,14.4,14.42,14.26,14.37
1656491400,14.37,14.45,14.36,14.41
1656493200,14.41,14.46,14.34,14.4
1656495000,14.4,14.43,14.35,14.38
1656496800,14.38,14.48,14.36,14.4
1656498600,14.4,14.42,14.37,14.38
1656500400,14.38,14.39,14.3,14.34
1656502200,14.34,14.37,14.28,14.37
1656504000,14.37,14.44,14.36,14.42
1656505800,14.42,14.47,14.35,14.46
1656507600,14.46,14.5,14.42,14.45
1656509400,14.45,14.45,14.31,14.36
1656511200,14.35,14.36,13.99,14.07
1656513000,14.06,14.07,13.87,13.92
1656514800,13.88,13.88,13.88,13.88
1656570600,13.84,13.84,13.84,13.84
1656572400,13.83,14.02,13.8,13.93
1656574200,13.92,14.03,13.87,13.98
1656576000,13.98,14.09,13.97,14.03
1656577800,14.03,14.03,13.91,13.94
1656579600,13.94,13.98,13.88,13.97
1656581400,13.96,13.97,13.87,13.97
1656583200,13.96,13.96,13.92,13.93
1656585000,13.93,13.96,13.89,13.96
1656586800,13.95,13.96,13.81,13.88
1656588600,13.87,14.01,13.86,13.99
1656590400,13.99,14.09,13.99,14.05
1656592200,14.06,14.11,14.03,14.05
1656594000,14.04,14.06,13.95,14.04
1656595800,14.04,14.05,13.93,13.97
1656597600,13.97,14.01,13.94,13.97
1656599400,13.96,13.97,13.91,13.95
1656601200,13.95,13.95,13.9,13.9
1656657000,13.78,13.78,13.78,13.78
1656658800,13.85,13.93,13.81,13.89
1656660600,13.89,13.94,13.87,13.91
1656662400,13.9,14.13,13.86,14.1
1656664200,14.09,14.15,14.07,14.09
1656666000,14.1,14.12,14.07,14.1
1656667800,14.09,14.1,14.03,14.04
1656669600,14.04,14.06,14.01,14.04
1656671400,14.04,14.05,13.97,13.99
1656673200,13.99,13.99,13.94,13.98
1656675000,13.97,14,13.92,14
1656676800,14,14.08,13.99,14.07
1656678600,14.07,14.09,14.04,14.08
1656680400,14.09,14.15,14.09,14.12
1656682200,14.12,14.13,14.09,14.1
1656684000,14.1,14.11,14.04,14.09
1656685800,14.08,14.1,14,14.02
1656687600,14.03,14.03,14.03,14.03
1656916200,14.14,14.14,14.14,14.14
1656918000,14.14,14.14,14.05,14.12
1656919800,14.11,14.12,14.06,14.1
1656921600,14.09,14.17,14.07,14.07
1656923400,14.06,14.12,14.05,14.1
1656925200,14.09,14.12,14.08,14.1
1656927000,14.1,14.13,14.04,14.09
1656928800,14.08,14.13,14.07,14.12
1656930600,14.11,14.12,14.11,14.11
1656932400,14.11,14.11,14.06,14.08
1656934200,14.09,14.1,14.04,14.06
1656936000,14.06,14.08,13.95,13.98
1656937800,13.99,14.04,13.98,14
1656939600,14.01,14.05,14,14
1656941400,14,14.02,13.86,13.87
1656943200,13.87,13.87,13.73,13.78
1656945000,13.78,13.8,13.57,13.61
1656946800,13.61,13.61,13.55,13.55
1657002600,13.55,13.55,13.55,13.55
1657004400,13.56,13.64,13.53,13.6
1657006200,13.6,13.63,13.51,13.62
1657008000,13.61,13.63,13.51,13.53
1657009800,13.53,13.71,13.52,13.68
1657011600,13.69,13.8,13.67,13.72
1657013400,13.71,13.85,13.69,13.76
1657015200,13.76,13.77,13.71,13.71
1657017000,13.71,13.77,13.69,13.72
1657018800,13.73,13.76,13.67,13.76
1657020600,13.75,13.81,13.72,13.79
1657022400,13.8,13.82,13.73,13.77
1657024200,13.76,13.77,13.71,13.72
1657026000,13.73,13.77,13.68,13.68
1657027800,13.68,13.7,13.46,13.46
1657029600,13.46,13.54,13.41,13.53
1657031400,13.54,13.61,13.37,13.41
1657033200,13.47,13.47,13.47,13.47
1657089000,13.85,13.85,13.85,13.85
1657090800,13.83,13.83,13.57,13.68
1657092600,13.68,13.88,13.68,13.83
1657094400,13.82,13.84,13.72,13.74
1657096200,13.73,13.75,13.63,13.73
1657098000,13.73,13.77,13.7,13.75
1657099800,13.76,13.8,13.69,13.8
1657101600,13.78,13.82,13.76,13.8
1657103400,13.79,13.82,13.73,13.76
1657105200,13.75,13.8,13.74,13.78
1657107000,13.79,13.82,13.74,13.8
1657108800,13.8,13.83,13.77,13.78
1657110600,13.77,13.82,13.77,13.82
1657112400,13.81,13.82,13.77,13.82
1657114200,13.82,13.84,13.72,13.82
1657116000,13.82,13.89,13.81,13.89
1657117800,13.89,13.9,13.8,13.83
1657119600,13.85,13.85,13.85,13.85
1657175400,13.88,13.88,13.88,13.88
1657177200,13.88,14.09,13.88,14.05
1657179000,14.05,14.2,14.03,14.18
1657180800,14.18,14.29,14.15,14.28
1657182600,14.27,14.27,14.19,14.2
1657184400,14.2,14.21,14.15,14.17
1657186200,14.17,14.23,14.16,14.2
1657188000,14.19,14.22,14.19,14.19
1657189800,14.19,14.23,14.18,14.22
1657191600,14.23,14.28,14.21,14.27
1657193400,14.27,14.3,14.24,14.26
1657195200,14.27,14.3,14.23,14.25
1657197000,14.26,14.26,14.21,14.23
1657198800,14.23,14.26,14.12,14.21
1657200600,14.21,14.25,14.19,14.23
1657202400,14.21,14.23,14.18,14.19
1657204200,14.19,14.26,14.18,14.24
1657206000,14.25,14.25,14.25,14.25
1657261800,14.2,14.2,14.2,14.2
1657263600,14.19,14.25,14.09,14.17
1657265400,14.17,14.2,14.16,14.17
1657267200,14.17,14.18,14.12,14.13
1657269000,14.14,14.14,14.11,14.12
1657270800,14.12,14.12,14.03,14.08
1657272600,14.08,14.08,14.08,14.08
1657693800,14.1,14.1,14.1,14.1
1657695600,14.09,14.1,13.88,13.91
1657697400,13.9,13.91,13.85,13.9
1657699200,13.89,13.92,13.86,13.88
1657701000,13.87,13.91,13.86,13.88
1657702800,13.87,13.89,13.86,13.88
1657704600,13.87,13.9,13.86,13.87
1657706400,13.87,13.91,13.86,13.9
1657708200,13.9,13.9,13.87,13.87
1657710000,13.87,13.88,13.83,13.85
1657711800,13.85,13.87,13.84,13.87
1657713600,13.87,13.93,13.86,13.93
1657715400,13.92,13.93,13.81,13.89
1657717200,13.88,13.95,13.87,13.9
1657719000,13.89,13.96,13.88,13.91
1657720800,13.91,13.92,13.74,13.81
1657722600,13.82,13.95,13.79,13.94
1657724400,14,14,14,14
1657780200,13.95,13.95,13.95,13.95
1657782000,13.96,14.15,13.95,14.08
1657783800,14.08,14.13,14.07,14.1
1657785600,14.1,14.11,14.04,14.07
1657787400,14.06,14.08,13.97,14.05
1657789200,14.05,14.11,14.05,14.1
1657791000,14.1,14.17,14.09,14.15
1657792800,14.15,14.16,14.08,14.09
1657794600,14.1,14.1,14.06,14.08
1657796400,14.08,14.1,14.04,14.08
1657798200,14.09,14.12,14.08,14.09
1657800000,14.09,14.11,14.05,14.06
1657801800,14.06,14.14,14.04,14.09
1657803600,14.09,14.16,14.09,14.12
1657805400,14.12,14.13,14.04,14.05
1657807200,14.04,14.06,13.97,14.03
1657809000,14.03,14.14,13.96,14.12
1657810800,14.12,14.12,14.12,14.12
1658125800,14.24,14.24,14.24,14.24
1658127600,14.24,14.5,14.24,14.47
1658129400,14.47,14.54,14.41,14.46
1658131200,14.46,14.56,14.44,14.47
1658133000,14.46,14.57,14.45,14.56
1658134800,14.54,14.61,14.54,14.59
1658136600,14.58,14.61,14.58,14.6
1658138400,14.6,14.61,14.58,14.59
1658140200,14.59,14.6,14.58,14.59
1658142000,14.6,14.65,14.59,14.64
1658143800,14.64,14.75,14.64,14.75
1658145600,14.74,14.81,14.7,14.71
1658147400,14.71,14.83,14.7,14.8
1658149200,14.81,14.84,14.79,14.79
1658151000,14.79,14.83,14.72,14.73
1658152800,14.74,14.79,14.72,14.78
1658154600,14.78,14.84,14.77,14.79
1658156400,14.79,14.79,14.79,14.79
1658212200,14.73,14.73,14.73,14.73
1658214000,14.79,14.8,14.73,14.75
1658215800,14.75,14.75,14.6,14.63
1658217600,14.63,14.65,14.61,14.62
1658219400,14.61,14.7,14.61,14.68
1658221200,14.68,15.04,14.68,15.01
1658223000,15,15.04,14.96,15.03
1658224800,15.02,15.06,14.99,15
1658226600,15,15.03,14.96,15
1658228400,15.01,15.08,14.97,15.07
1658230200,15.08,15.18,15.08,15.16
1658232000,15.16,15.22,15.15,15.17
1658233800,15.16,15.19,15.15,15.16
1658235600,15.16,15.2,15.13,15.15
1658237400,15.14,15.15,15.1,15.14
1658239200,15.14,15.16,15.1,15.14
1658241000,15.14,15.16,15.11,15.12
1658242800,15.16,15.16,15.16,15.16
1658298600,15.18,15.18,15.18,15.18
1658300400,15.19,15.24,15.13,15.15
1658302200,15.14,15.16,15.01,15.08
1658304000,15.08,15.1,15.03,15.06
1658305800,15.05,15.07,15.01,15.02
1658307600,15.02,15.06,15.02,15.04
1658309400,15.04,15.23,15.02,15.2
1658311200,15.2,15.22,15.16,15.17
1658313000,15.18,15.19,15.1,15.14
1658314800,15.14,15.15,15.1,15.11
1658316600,15.11,15.12,14.98,15.03
1658318400,15.02,15.05,14.98,15.02
1658320200,15.01,15.08,15,15.08
1658322000,15.07,15.11,15.05,15.09
1658323800,15.08,15.15,15.06,15.13
1658325600,15.12,15.17,15.1,15.16
1658327400,15.16,15.17,15.1,15.11
1658329200,15.14,15.14,15.14,15.14
1658385000,15.14,15.14,15.14,15.14
1658386800,15.15,15.18,15.09,15.16
1658388600,15.16,15.17,15.11,15.12
1658390400,15.12,15.13,15.08,15.12
1658392200,15.12,15.15,15.06,15.08
1658394000,15.07,15.17,15.04,15.15
1658395800,15.14,15.15,15.06,15.1
1658397600,15.09,15.14,15.09,15.12
1658399400,15.12,15.14,15.11,15.14
1658401200,15.14,15.33,15.06,15.27
1658403000,15.27,15.34,15.24,15.24
1658404800,15.24,15.3,15.19,15.26
1658406600,15.26,15.3,15.25,15.26
1658408400,15.25,15.28,15.17,15.19
1658410200,15.19,15.25,15.18,15.24
1658412000,15.23,15.24,15.06,15.1
1658413800,15.09,15.14,15.07,15.09
1658415600,15.1,15.1,15.1,15.1
1658471400,15.15,15.15,15.15,15.15
1658473200,15.15,15.21,15.12,15.18
1658475000,15.18,15.2,15.15,15.17
1658476800,15.17,15.24,15.15,15.16
1658478600,15.16,15.18,15.15,15.18
1658480400,15.17,15.18,15.14,15.15
1658482200,15.14,15.18,15.14,15.15
1658484000,15.15,15.17,15.15,15.17
1658485800,15.17,15.19,15.16,15.19
1658487600,15.19,15.2,15.13,15.15
1658489400,15.14,15.19,15.13,15.18
1658491200,15.18,15.21,15.16,15.16
1658493000,15.17,15.2,15.15,15.17
1658494800,15.17,15.19,15.13,15.15
1658496600,15.16,15.16,15.02,15.07
1658498400,15.07,15.12,15.05,15.09
1658500200,15.09,15.11,15.01,15.07
1658502000,15.1,15.1,15.1,15.1
1658730600,15.14,15.14,15.14,15.14
1658732400,15.15,15.25,15.12,15.24
1658734200,15.24,15.29,15.22,15.25
1658736000,15.25,15.3,15.24,15.27
1658737800,15.27,15.32,15.24,15.25
1658739600,15.25,15.33,15.24,15.3
1658741400,15.3,15.31,15.28,15.3
1658743200,15.3,15.31,15.28,15.3
1658745000,15.3,15.31,15.26,15.27
1658746800,15.26,15.3,15.23,15.3
1658748600,15.3,15.31,15.28,15.29
1658750400,15.29,15.41,15.28,15.4
1658752200,15.41,15.59,15.38,15.55
1658754000,15.55,15.57,15.5,15.56
1658755800,15.56,15.6,15.51,15.59
1658757600,15.6,15.7,15.59,15.65
1658759400,15.65,15.67,15.6,15.64
1658761200,15.64,15.65,15.64,15.65
1658817000,15.7,15.7,15.7,15.7
1658818800,15.7,15.84,15.34,15.4
1658820600,15.4,15.4,15.3,15.36
1658822400,15.37,15.38,15.33,15.36
1658824200,15.36,15.38,15.32,15.34
1658826000,15.34,15.34,15.26,15.27
1658827800,15.26,15.27,15.22,15.25
1658829600,15.24,15.25,15.14,15.16
1658831400,15.15,15.16,15.06,15.1
1658833200,15.1,15.15,15.08,15.15
1658835000,15.15,15.16,15.09,15.1
1658836800,15.1,15.14,15.06,15.08
1658838600,15.09,15.17,15.07,15.17
1658840400,15.17,15.18,15.1,15.12
1658842200,15.12,15.13,15.01,15.08
1658844000,15.07,15.11,15.04,15.09
1658845800,15.09,15.15,15.06,15.08
1658847600,15.09,15.09,15.09,15.09
1658903400,15.18,15.18,15.18,15.18
1658905200,15.18,15.2,15.07,15.09
1658907000,15.08,15.12,15.07,15.1
1658908800,15.11,15.13,15.08,15.12
1658910600,15.11,15.17,15.1,15.15
1658912400,15.14,15.18,15.13,15.15
1658914200,15.15,15.16,15.09,15.12
1658916000,15.1,15.12,15.09,15.11
1658917800,15.11,15.13,15.07,15.11
1658919600,15.11,15.12,15.09,15.1
1658921400,15.11,15.11,15.09,15.1
1658923200,15.1,15.13,15.1,15.1
1658925000,15.11,15.12,15.07,15.1
1658926800,15.09,15.13,15.09,15.11
1658928600,15.11,15.11,15.04,15.09
1658930400,15.1,15.14,15.05,15.11
1658932200,15.1,15.11,15.05,15.07
1658934000,15.07,15.07,15.06,15.06
1658989800,15.16,15.16,15.16,15.16
1658991600,15.15,15.23,15.11,15.19
1658993400,15.17,15.21,15.1,15.14
1658995200,15.14,15.15,15.09,15.11
1658997000,15.11,15.13,15.09,15.1
1658998800,15.1,15.14,15.1,15.13
1659000600,15.12,15.12,15.09,15.11
1659002400,15.1,15.11,15.09,15.11
1659004200,15.1,15.12,15.09,15.1
1659006000,15.1,15.14,15.09,15.12
1659007800,15.12,15.13,15.09,15.11
1659009600,15.1,15.11,15.05,15.09
1659011400,15.08,15.09,15.04,15.04
1659013200,15.04,15.05,14.88,14.94
1659015000,14.94,14.95,14.82,14.85
1659016800,14.85,14.85,14.69,14.72
1659018600,14.72,14.75,14.67,14.68
1659020400,14.69,14.69,14.69,14.69
1659076200,14.7,14.7,14.7,14.7
1659078000,14.71,14.74,14.56,14.66
1659079800,14.66,14.67,14.5,14.58
1659081600,14.57,14.6,14.51,14.52
1659083400,14.51,14.53,14.46,14.5
1659085200,14.51,14.51,14.48,14.5
1659087000,14.51,14.52,14.48,14.52
1659088800,14.51,14.54,14.49,14.51
1659090600,14.51,14.54,14.47,14.5
1659092400,14.49,14.59,14.48,14.59
1659094200,14.59,14.6,14.52,14.56
1659096000,14.57,14.65,14.57,14.59
1659097800,14.59,14.64,14.57,14.64
1659099600,14.64,14.64,14.59,14.63
1659101400,14.63,14.64,14.6,14.62
1659103200,14.62,14.65,14.61,14.61
1659105000,14.63,14.64,14.58,14.59
1659106800,14.6,14.6,14.52,14.52
1659335400,14.52,14.52,14.52,14.52
1659337200,14.53,14.62,14.53,14.6
1659339000,14.59,14.64,14.59,14.59
1659340800,14.59,14.68,14.59,14.64
1659342600,14.63,14.65,14.61,14.62
1659344400,14.62,14.66,14.62,14.65
1659346200,14.65,14.69,14.64,14.67
1659348000,14.66,14.75,14.66,14.72
1659349800,14.71,14.73,14.68,14.69
1659351600,14.68,14.73,14.67,14.69
1659353400,14.69,14.71,14.67,14.69
1659355200,14.7,14.7,14.65,14.69
1659357000,14.69,14.72,14.65,14.69
1659358800,14.68,14.72,14.66,14.68
1659360600,14.69,14.75,14.68,14.74
1659362400,14.75,14.75,14.68,14.7
1659364200,14.69,14.71,14.67,14.7
1659366000,14.71,14.71,14.71,14.71
1659421800,14.77,14.77,14.77,14.77
1659423600,14.78,14.86,14.74,14.85
1659425400,14.86,14.87,14.78,14.81
1659427200,14.81,14.83,14.77,14.82
1659429000,14.81,14.82,14.68,14.71
1659430800,14.71,14.76,14.71,14.75
1659432600,14.75,14.77,14.7,14.72
1659434400,14.72,14.78,14.72,14.77
1659436200,14.77,14.77,14.73,14.74
1659438000,14.74,14.76,14.73,14.73
1659439800,14.73,14.77,14.73,14.74
1659441600,14.75,14.77,14.7,14.76
1659443400,14.75,14.76,14.72,14.76
1659445200,14.76,14.89,14.74,14.86
1659447000,14.86,14.89,14.61,14.7
1659448800,14.69,14.74,14.59,14.67
1659450600,14.67,14.72,14.62,14.7
1659452400,14.68,14.68,14.68,14.68
1659508200,14.72,14.72,14.72,14.72
1659510000,14.73,14.76,14.64,14.68
1659511800,14.67,14.68,14.64,14.68
1659513600,14.67,14.72,14.67,14.71
1659515400,14.7,14.74,14.7,14.72
1659517200,14.72,14.75,14.72,14.72
1659519000,14.72,14.73,14.7,14.71
1659520800,14.71,14.74,14.7,14.73
1659522600,14.73,14.73,14.69,14.71
1659524400,14.71,14.76,14.7,14.75
1659526200,14.75,14.81,14.75,14.79
1659528000,14.79,14.87,14.79,14.84
1659529800,14.83,14.86,14.81,14.82
1659531600,14.82,14.84,14.81,14.83
1659533400,14.83,14.85,14.82,14.84
1659535200,14.84,14.86,14.78,14.8
1659537000,14.81,14.83,14.79,14.82
1659538800,14.84,14.84,14.84,14.84
1659594600,14.96,14.96,14.96,14.96
1659596400,14.96,15.08,14.96,15.04
1659598200,15.03,15.05,15.01,15.05
1659600000,15.05,15.07,15.02,15.04
1659601800,15.04,15.06,15.02,15.04
1659603600,15.04,15.05,14.96,14.99
1659605400,14.99,15.02,14.98,15
1659607200,14.99,15.12,14.99,15.1
1659609000,15.1,15.15,15.07,15.12
1659610800,15.12,15.12,15.08,15.11
1659612600,15.1,15.13,15.07,15.09
1659614400,15.09,15.11,15.08,15.1
1659616200,15.09,15.12,15.06,15.08
1659618000,15.08,15.1,15.03,15.07
1659619800,15.07,15.14,15.06,15.11
1659621600,15.11,15.12,15.08,15.09
1659623400,15.1,15.19,15.07,15.16
1659625200,15.17,15.2,15.17,15.2
1659681000,15.25,15.25,15.25,15.25
1659682800,15.26,15.42,15.17,15.31
1659684600,15.3,15.48,15.27,15.41
1659686400,15.41,15.46,15.41,15.45
1659688200,15.44,15.47,15.43,15.45
1659690000,15.45,15.46,15.4,15.41
1659691800,15.4,15.46,15.38,15.45
1659693600,15.44,15.46,15.42,15.45
1659695400,15.46,15.48,15.44,15.46
1659697200,15.46,15.49,15.44,15.49
1659699000,15.49,15.52,15.44,15.46
1659700800,15.46,15.49,15.44,15.47
1659702600,15.47,15.47,15.3,15.42
1659704400,15.42,15.5,15.31,15.47
1659706200,15.47,15.7,15.46,15.68
1659708000,15.69,16,15.69,15.93
1659709800,15.94,15.99,15.57,15.62
1659711600,15.68,15.68,15.68,15.68
1659940200,15.78,15.78,15.78,15.78
1659942000,15.78,15.84,15.58,15.65
1659943800,15.66,15.67,15.55,15.6
1659945600,15.6,15.63,15.55,15.59
1659947400,15.59,15.78,15.59,15.76
1659949200,15.76,15.81,15.71,15.79
1659951000,15.78,15.86,15.77,15.81
1659952800,15.81,15.84,15.79,15.82
1659954600,15.81,15.83,15.76,15.77
1659956400,15.77,15.78,15.71,15.72
1659958200,15.71,15.75,15.66,15.71
1659960000,15.72,15.81,15.71,15.81
1659961800,15.81,15.83,15.74,15.77
1659963600,15.78,15.81,15.74,15.77
1659965400,15.77,15.81,15.75,15.81
1659967200,15.81,15.85,15.77,15.8
1659969000,15.79,15.82,15.74,15.79
1659970800,15.76,15.76,15.76,15.76
1660026600,15.65,15.65,15.65,15.65
1660028400,15.66,15.69,15.55,15.6
1660030200,15.59,15.68,15.55,15.67
1660032000,15.67,15.84,15.66,15.71
1660033800,15.71,15.72,15.66,15.67
1660035600,15.66,15.68,15.6,15.63
1660037400,15.62,15.66,15.56,15.63
1660039200,15.62,15.63,15.59,15.63
1660041000,15.62,15.65,15.59,15.64
1660042800,15.63,15.67,15.59,15.63
1660044600,15.63,15.63,15.58,15.61
1660046400,15.62,15.65,15.51,15.56
1660048200,15.56,15.64,15.56,15.61
1660050000,15.61,15.61,15.55,15.6
1660051800,15.6,15.72,15.58,15.62
1660053600,15.62,16.13,15.61,16.08
1660055400,16.07,16.15,15.96,16.05
1660057200,16.03,16.03,16.03,16.03
1660113000,15.95,15.95,15.95,15.95
1660114800,15.99,16.2,15.97,16.12
1660116600,16.12,16.4,16.12,16.35
1660118400,16.35,16.42,16.33,16.36
1660120200,16.35,16.57,16.34,16.52
1660122000,16.51,16.56,16.46,16.51
1660123800,16.51,16.51,16.39,16.47
1660125600,16.48,16.55,16.47,16.53
1660127400,16.52,16.62,16.51,16.56
1660129200,16.56,16.65,16.55,16.61
1660131000,16.61,16.62,16.57,16.58
1660132800,16.58,16.72,16.57,16.71
1660134600,16.7,16.96,16.68,16.83
1660136400,16.83,16.94,16.83,16.92
1660138200,16.92,16.92,16.56,16.69
1660140000,16.68,16.74,16.64,16.69
1660141800,16.7,16.8,16.65,16.67
1660143600,16.7,16.7,16.7,16.7
1660199400,16.84,16.84,16.84,16.84
1660201200,16.84,17.3,16.79,17.18
1660203000,17.18,17.57,17.17,17.5
1660204800,17.49,17.69,17.49,17.54
1660206600,17.54,17.62,17.38,17.56
1660208400,17.56,17.63,17.53,17.56
1660210200,17.56,17.59,17.51,17.56
1660212000,17.57,17.74,17.56,17.65
1660213800,17.66,17.7,17.55,17.63
1660215600,17.63,17.69,17.6,17.66
1660217400,17.65,17.66,17.6,17.61
1660219200,17.61,17.79,17.58,17.72
1660221000,17.73,17.82,17.72,17.79
1660222800,17.8,17.95,17.79,17.81
1660224600,17.81,18.05,17.8,17.99
1660226400,17.98,18.13,17.87,17.97
1660228200,17.97,18.05,17.85,18.05
1660230000,18.07,18.07,18.07,18.07
1660285800,18.08,18.08,18.08,18.08
1660287600,18.08,18.27,17.85,18.07
1660289400,18.07,18.37,18.05,18.28
1660291200,18.29,18.33,18.1,18.18
1660293000,18.17,18.2,18.01,18.09
1660294800,18.1,18.18,18.06,18.17
1660296600,18.16,18.18,18.11,18.17
1660298400,18.17,18.19,18.12,18.15
1660300200,18.15,18.22,18.12,18.16
1660302000,18.16,18.19,18.13,18.17
1660303800,18.16,18.18,18.1,18.12
1660305600,18.11,18.2,18.08,18.12
1660307400,18.13,18.14,18.06,18.11
1660309200,18.11,18.13,17.91,18.01
1660311000,18.02,18.04,17.74,17.84
1660312800,17.85,17.86,17.62,17.77
1660314600,17.77,17.85,17.64,17.75
1660316400,17.75,17.75,17.75,17.75
1660545000,17.82,17.82,17.82,17.82
1660546800,17.83,17.89,17.72,17.88
1660548600,17.88,18.07,17.86,17.99
1660550400,17.99,18.17,17.98,18.14
1660552200,18.14,18.2,18.08,18.12
1660554000,18.11,18.14,18.07,18.07
1660555800,18.07,18.15,18.03,18.12
1660557600,18.12,18.12,18.05,18.11
1660559400,18.11,18.15,18.1,18.12
1660561200,18.13,18.15,18.08,18.1
1660563000,18.1,18.16,18.07,18.15
1660564800,18.15,18.16,18.09,18.11
1660566600,18.12,18.16,18.05,18.08
1660568400,18.08,18.08,17.86,18.03
1660570200,18.03,18.14,18.02,18.13
1660572000,18.12,18.14,18.09,18.11
1660573800,18.11,18.54,18.11,18.3
1660575600,18.3,18.3,18.3,18.3
1660631400,18.38,18.38,18.38,18.38
1660633200,18.39,18.43,18.32,18.4
1660635000,18.4,18.41,18.3,18.38
1660636800,18.38,18.82,18.36,18.78
1660638600,18.78,18.8,18.71,18.78
1660640400,18.77,18.83,18.71,18.73
1660642200,18.72,18.77,18.7,18.74
1660644000,18.73,18.77,18.72,18.74
1660645800,18.74,18.77,18.72,18.74
1660647600,18.74,18.8,18.72,18.76
1660649400,18.77,18.93,18.67,18.71
1660651200,18.71,18.73,18.31,18.33
1660653000,18.33,18.4,17.81,18.38
1660654800,18.38,18.63,18.21,18.5
1660656600,18.5,18.83,18.48,18.76
1660658400,18.76,18.83,18.67,18.78
1660660200,18.79,19.43,18.79,19.24
1660662000,19.24,19.3,19.24,19.3
1660717800,19.38,19.38,19.38,19.38
1660719600,19.39,19.8,19.32,19.76
1660721400,19.76,20.3,19.67,20.18
1660723200,20.18,20.22,19.96,20.16
1660725000,20.14,20.22,20.04,20.08
1660726800,20.08,20.18,20.02,20.12
1660728600,20.12,20.16,20.06,20.1
1660730400,20.08,20.24,20.06,20.08
1660732200,20.1,20.24,20.08,20.2
1660734000,20.18,20.24,20.04,20.14
1660735800,20.12,20.3,20.1,20.26
1660737600,20.26,20.38,20.12,20.38
1660739400,20.36,20.54,20.32,20.48
1660741200,20.48,20.54,20.34,20.4
1660743000,20.42,21.04,20.38,20.96
1660744800,20.96,21.22,20.92,21.14
1660746600,21.14,21.22,20.96,21.22
1660748400,21.22,21.22,21.22,21.22
1660804200,21.22,21.22,21.22,21.22
1660806000,21.2,22.16,21.08,21.96
1660807800,21.96,22.04,21.66,21.7
1660809600,21.7,21.84,21.44,21.8
1660811400,21.78,21.86,21.64,21.76
1660813200,21.78,21.82,21.42,21.56
1660815000,21.58,21.6,21.1,21.24
1660816800,21.24,21.3,21.06,21.26
1660818600,21.24,21.58,21.22,21.54
1660820400,21.52,21.58,20.4,20.86
1660822200,20.88,21.4,20.72,21.4
1660824000,21.4,21.62,21.24,21.38
1660825800,21.38,21.42,21.02,21.2
1660827600,21.22,21.38,21.06,21.28
1660829400,21.26,21.68,21.22,21.56
1660831200,21.56,21.6,21.32,21.36
1660833000,21.36,21.48,20.86,20.96
1660834800,20.98,20.98,20.98,20.98
1660890600,21.02,21.02,21.02,21.02
1660892400,21.02,21.2,20.68,20.88
1660894200,20.88,20.94,20.74,20.84
1660896000,20.8,20.86,20.54,20.62
1660897800,20.62,20.7,20.44,20.62
1660899600,20.62,20.68,20.46,20.58
1660901400,20.56,20.6,20.36,20.48
1660903200,20.48,20.48,20.24,20.36
1660905000,20.36,20.46,20.28,20.36
1660906800,20.38,20.5,20.34,20.46
1660908600,20.46,20.56,20.38,20.52
1660910400,20.54,20.82,20.5,20.78
1660912200,20.74,20.88,20.64,20.74
1660914000,20.74,20.8,20.64,20.68
1660915800,20.7,20.76,20.54,20.66
1660917600,20.68,20.88,20.64,20.66
1660919400,20.66,20.7,20.36,20.38
1660921200,20.42,20.42,20.42,20.42
1661149800,20.36,20.36,20.36,20.36
1661151600,20.34,20.56,19.99,20.28
1661153400,20.3,20.46,20.18,20.28
1661155200,20.26,20.32,20.14,20.16
1661157000,20.16,20.36,20.16,20.26
1661158800,20.26,20.28,20.08,20.24
1661160600,20.24,20.4,20.24,20.32
1661162400,20.34,20.46,20.3,20.44
1661164200,20.44,20.74,20.42,20.64
1661166000,20.66,20.88,20.62,20.78
1661167800,20.8,21.1,20.7,21.02
1661169600,21.02,21.36,21.02,21.2
1661171400,21.18,21.22,21.06,21.2
1661173200,21.2,21.34,21.1,21.22
1661175000,21.24,21.26,21,21.22
1661176800,21.22,21.24,20.94,21.02
1661178600,21.02,21.2,21.02,21.06
1661180400,21,21,21,21
1661236200,21.1,21.1,21.1,21.1
1661238000,21.1,21.34,20.98,21.2
1661239800,21.2,22.1,21.16,21.98
1661241600,21.98,22.22,21.82,22.16
1661243400,22.18,22.22,21.96,22.08
1661245200,22.06,22.1,21.98,22.02
1661247000,22.02,22.18,21.92,22.16
1661248800,22.16,22.46,22.14,22.34
1661250600,22.32,22.6,22.28,22.54
1661252400,22.56,22.9,22.38,22.66
1661254200,22.66,22.76,22.48,22.7
1661256000,22.7,22.82,22.58,22.62
1661257800,22.64,22.86,22.6,22.8
1661259600,22.8,22.8,22.58,22.64
1661261400,22.66,22.8,22.6,22.8
1661263200,22.78,22.82,22.68,22.78
1661265000,22.78,23.1,22.74,23.06
1661266800,23.06,23.08,23.06,23.08
1661322600,23.3,23.3,23.3,23.3
1661324400,23.32,24.2,23.2,23.46
1661326200,23.48,23.86,23.18,23.62
1661328000,23.64,23.96,23.46,23.62
1661329800,23.62,23.82,23.5,23.72
1661331600,23.7,23.86,23.62,23.66
1661333400,23.66,23.84,23.58,23.82
1661335200,23.8,23.84,23.58,23.74
1661337000,23.72,23.82,23.62,23.74
1661338800,23.74,23.84,23.68,23.84
1661340600,23.84,24,23.44,23.46
1661342400,23.48,23.48,22.86,23.4
1661344200,23.4,23.64,23.2,23.5
1661346000,23.52,23.7,23.44,23.52
1661347800,23.52,23.56,23,23.3
1661349600,23.32,23.4,22.98,23.04
1661351400,23.06,23.5,22.7,23.46
1661353200,23.46,23.46,23.42,23.42
1661409000,23.64,23.64,23.64,23.64
1661410800,23.64,23.94,23.52,23.66
1661412600,23.62,24.68,23.54,24.64
1661414400,24.62,25.12,24.6,25.06
1661416200,25.06,25.38,24.88,25.12
1661418000,25.12,25.28,24.88,24.92
1661419800,24.92,25.1,24.84,24.92
1661421600,24.92,25.16,24.84,24.9
1661423400,24.88,25.06,24.86,25.04
1661425200,25.02,25.18,25,25.02
1661427000,25.04,25.08,24.92,25.04
1661428800,25.04,25.14,24.98,25.08
1661430600,25.06,25.4,25.04,25.14
1661432400,25.16,25.36,25.08,25.18
1661434200,25.18,25.32,25.1,25.26
1661436000,25.24,25.34,25.18,25.3
1661437800,25.3,25.76,25.26,25.76
1661439600,25.76,25.76,25.76,25.76
1661495400,26.18,26.18,26.18,26.18
1661497200,26.2,27.54,25.92,27.36
1661499000,27.36,27.4,26.86,26.92
1661500800,26.9,27.28,26.8,26.88
1661502600,26.88,27.06,26.76,26.8
1661504400,26.78,26.82,26.08,26.44
1661506200,26.44,26.52,25.78,25.96
1661508000,25.94,26.24,25.78,25.96
1661509800,25.96,26.48,25.9,26.18
1661511600,26.16,26.26,25.94,26.04
1661513400,26.02,26.18,25.96,26.1
1661515200,26.12,26.2,25.94,26.08
1661517000,26.1,26.22,25.88,26.14
1661518800,26.14,26.66,26.04,26.38
1661520600,26.38,26.54,26.12,26.4
1661522400,26.4,26.48,26.16,26.24
1661524200,26.24,26.26,24.88,25.1
1661526000,25.12,25.16,25,25
1661754600,25.1,25.1,25.1,25.1
1661756400,25.1,25.4,24.5,25
1661758200,25,25.08,24.58,24.68
1661760000,24.68,24.74,24.1,24.3
1661761800,24.3,24.44,24.12,24.16
1661763600,24.16,24.32,23.94,24.18
1661765400,24.18,24.28,24.12,24.14
1661767200,24.14,24.22,24.08,24.2
1661769000,24.2,24.22,24.06,24.08
1661770800,24.08,24.42,23.98,24.14
1661772600,24.12,24.26,24.1,24.24
1661774400,24.24,24.48,24.18,24.32
1661776200,24.34,24.76,24.26,24.6
1661778000,24.64,24.72,24.46,24.66
1661779800,24.66,24.88,24.58,24.8
1661781600,24.8,24.88,24.54,24.54
1661783400,24.54,24.66,24.26,24.26
1661785200,24.28,24.28,24.22,24.22
1661927400,24.24,24.24,24.24,24.24
1661929200,24.24,24.26,23.5,23.58
1661931000,23.58,23.9,23.58,23.68
1661932800,23.66,23.74,23.44,23.5
1661934600,23.48,23.52,23.24,23.3
1661936400,23.32,23.34,23.12,23.14
1661938200,23.12,23.26,23.08,23.24
1661940000,23.24,23.32,23.16,23.18
1661941800,23.2,23.46,23.18,23.44
1661943600,23.44,23.62,23.34,23.62
1661945400,23.62,23.64,23.28,23.34
1661947200,23.34,23.4,23.28,23.34
1661949000,23.36,23.36,23.2,23.28
1661950800,23.3,23.74,23.26,23.5
1661952600,23.5,23.52,23.34,23.36
1661954400,23.38,23.46,23.14,23.32
1661956200,23.32,23.36,23.04,23.04
1661958000,23,23,23,23
1662013800,23.02,23.02,23.02,23.02
1662015600,23.02,23.06,22.64,22.76
1662017400,22.74,22.8,22.18,22.22
1662019200,22.22,22.48,22.16,22.36
1662021000,22.36,22.6,22.28,22.56
1662022800,22.54,23.36,22.5,23.22
1662024600,23.22,23.26,22.82,23.12
1662026400,23.1,23.16,22.84,23.12
1662028200,23.12,23.32,23.08,23.24
1662030000,23.24,23.58,23.24,23.34
1662031800,23.36,23.42,23.16,23.24
1662033600,23.24,23.36,23.2,23.3
1662035400,23.28,23.46,23.24,23.42
1662037200,23.42,23.64,23.3,23.32
1662039000,23.32,23.52,23.32,23.52
1662040800,23.52,23.56,23.18,23.34
1662042600,23.36,23.4,22.76,22.8
1662044400,22.8,22.8,22.72,22.72
1662100200,22.98,22.98,22.98,22.98
1662102000,23,23.18,22.58,22.78
1662103800,22.78,22.94,22.66,22.88
1662105600,22.86,23.12,22.82,22.86
1662107400,22.84,22.94,22.78,22.86
1662109200,22.86,23.08,22.84,23
1662111000,23,23.44,23,23.1
1662112800,23.08,23.16,23.02,23.1
1662114600,23.08,23.14,22.86,22.94
1662116400,22.94,23.16,22.9,23.08
1662118200,23.08,23.08,22.94,23.02
1662120000,23.02,23.14,22.94,23.06
1662121800,23.06,23.54,23,23.52
1662123600,23.52,24.14,23.5,23.86
1662125400,23.88,24.2,23.62,24.08
1662127200,24.08,24.16,23.88,24.14
1662129000,24.14,24.7,23.96,24.36
1662130800,24.38,24.38,24.38,24.38
1662359400,24.4,24.4,24.4,24.4
1662361200,24.42,24.84,24.24,24.52
1662363000,24.52,24.76,24.44,24.64
1662364800,24.62,24.84,24.52,24.72
1662366600,24.72,25.2,24.68,25.1
1662368400,25.12,25.12,24.6,24.84
1662370200,24.86,24.94,24.8,24.9
1662372000,24.88,24.9,24.7,24.76
1662373800,24.74,24.86,24.68,24.78
1662375600,24.8,24.98,24.74,24.8
1662377400,24.82,25.34,24.72,25.2
1662379200,25.2,25.3,24.84,25.24
1662381000,25.26,25.9,25.18,25.76
1662382800,25.74,25.92,25.66,25.82
1662384600,25.82,25.86,25.62,25.84
1662386400,25.84,25.86,25.26,25.54
1662388200,25.54,25.66,25.1,25.3
1662390000,25.3,25.3,25.3,25.3
1662445800,25.66,25.66,25.66,25.66
1662447600,25.68,25.96,25.5,25.68
1662449400,25.66,25.94,25.6,25.9
1662451200,25.9,26,24.4,24.4
1662453000,25.02,25.7,24.6,25.18
1662454800,25.18,25.18,24.82,24.92
1662456600,24.92,25.04,24.76,24.96
1662458400,24.96,25.64,24.9,25.6
1662460200,25.6,25.66,25.32,25.4
1662462000,25.4,25.64,25.32,25.62
1662463800,25.62,25.84,25.6,25.76
1662465600,25.74,25.92,25.36,25.66
1662467400,25.66,25.86,25.4,25.7
1662469200,25.7,26.54,25.64,26.42
1662471000,26.42,26.52,26.2,26.42
1662472800,26.4,26.8,26.24,26.68
1662474600,26.68,26.68,26.02,26.24
1662476400,26.24,26.24,25.88,25.88
1662532200,25.84,25.84,25.84,25.84
1662534000,25.82,26.4,25,26.08
1662535800,26.06,26.14,25.14,25.26
1662537600,25.24,25.5,24.96,25.22
1662539400,25.24,25.46,25.1,25.26
1662541200,25.24,25.56,25.16,25.54
1662543000,25.54,25.62,25.28,25.38
1662544800,25.38,25.64,25.32,25.52
1662546600,25.52,25.54,25.2,25.34
1662548400,25.34,25.38,25.14,25.24
1662550200,25.24,25.34,25.04,25.28
1662552000,25.28,25.34,25.18,25.22
1662553800,25.2,25.28,25.04,25.18
1662555600,25.18,25.22,24.8,24.92
1662557400,24.92,25.06,24.8,24.88
1662559200,24.88,24.92,24.56,24.56
1662561000,24.58,24.66,24.14,24.16
1662562800,24.16,24.16,24.1,24.1
1662618600,24.5,24.5,24.5,24.5
1662620400,24.52,24.62,24.24,24.34
1662622200,24.34,24.44,24.08,24.24
1662624000,24.24,24.28,23.66,23.8
1662625800,23.8,23.9,23.68,23.76
1662627600,23.78,24.54,23.76,24.44
1662629400,24.46,25.18,24.32,25.14
1662631200,25.12,25.14,24.86,24.98
1662633000,24.98,25.02,24.84,24.86
1662634800,24.86,25.08,24.8,25
1662636600,25.02,25.08,24.92,24.96
1662638400,24.98,25.18,24.78,24.86
1662640200,24.84,25.02,24.68,24.88
1662642000,24.9,25.32,24.82,25.24
1662643800,25.24,25.32,24.92,24.94
1662645600,24.94,24.94,24.06,24.42
1662647400,24.42,24.44,23.66,23.74
1662649200,23.8,23.8,23.8,23.8
1662705000,24,24,24,24
1662706800,24.02,25.54,24,25.38
1662708600,25.38,25.42,25,25.28
1662710400,25.28,26.04,25.26,25.92
1662712200,25.92,26.18,25.9,26.18
1662714000,26.18,26.18,26.18,26.18
1662715800,26.18,26.18,26.18,26.18
1662717600,26.18,26.18,26.18,26.18
1662719400,26.18,26.18,26.18,26.18
1662721200,26.18,26.18,26.18,26.18
1662723000,26.18,26.18,26.18,26.18
1662724800,26.18,26.18,26.18,26.18
1662726600,26.18,26.18,26.18,26.18
1662728400,26.18,26.18,26.18,26.18
1662730200,26.18,26.18,26.18,26.18
1662732000,26.18,26.18,26.18,26.18
1662733800,26.18,26.18,26.18,26.18
1662735600,26.18,26.18,26.18,26.18
1662964200,28.16,28.16,28.16,28.16
1662966000,28.18,28.78,27.34,28.78
1662967800,28.78,28.78,28.78,28.78
1662969600,28.78,28.78,28.78,28.78
1662971400,28.78,28.78,28.78,28.78
1662973200,28.78,28.78,28.78,28.78
1662975000,28.78,28.78,28.78,28.78
1662976800,28.78,28.78,28.78,28.78
1662978600,28.78,28.78,28.78,28.78
1662980400,28.78,28.78,28.78,28.78
1662982200,28.78,28.78,28.78,28.78
1662984000,28.78,28.78,28.78,28.78
1662985800,28.78,28.78,28.78,28.78
1662987600,28.78,28.78,28.78,28.78
1662989400,28.78,28.78,28.78,28.78
1662991200,28.78,28.78,28.78,28.78
1662993000,28.78,28.78,28.78,28.78
1662994800,28.78,28.78,28.78,28.78
1663050600,30.48,30.48,30.48,30.48
1663052400,30.48,31.64,29.7,31.64
1663054200,31.64,31.64,31.64,31.64
1663056000,31.64,31.64,31.64,31.64
1663057800,31.64,31.64,31.64,31.64
1663059600,31.64,31.64,31.64,31.64
1663061400,31.64,31.64,30.16,31.64
1663063200,31.64,31.64,30.04,31.64
1663065000,31.64,31.64,31.64,31.64
1663066800,31.64,31.64,31.64,31.64
1663068600,31.64,31.64,31.64,31.64
1663070400,31.64,31.64,31.64,31.64
1663072200,31.64,31.64,31.64,31.64
1663074000,31.64,31.64,31.64,31.64
1663075800,31.64,31.64,31.64,31.64
1663077600,31.64,31.64,31.64,31.64
1663079400,31.64,31.64,30.3,30.46
1663081200,29.56,29.56,29.56,29.56
1663137000,29.9,29.9,29.9,29.9
1663138800,29.9,30.5,28.42,29.38
1663140600,29.46,29.68,27,27
1663142400,26.64,26.88,26.62,26.62
1663144200,26.62,26.62,26.62,26.62
1663146000,26.62,26.8,26.62,26.62
1663147800,26.62,26.62,26.62,26.62
1663149600,26.62,26.62,26.62,26.62
1663151400,26.62,26.9,26.62,26.62
1663153200,26.62,27.44,26.62,27.22
1663155000,27.2,27.26,26.62,26.62
1663156800,26.62,26.62,26.62,26.62
1663158600,26.62,26.62,26.62,26.62
1663160400,26.62,26.62,26.62,26.62
1663162200,26.62,26.62,26.62,26.62
1663164000,26.62,26.62,26.62,26.62
1663165800,26.62,26.62,26.62,26.62
1663167600,26.62,26.62,26.62,26.62
1663223400,26.34,26.34,26.34,26.34
1663225200,26.36,27.7,26.26,26.42
1663227000,26.42,26.46,25.04,25.04
1663228800,24.6,24.6,23.96,23.96
1663230600,23.96,24.1,23.96,23.96
1663232400,23.96,23.96,23.96,23.96
1663234200,23.96,23.96,23.96,23.96
1663236000,23.96,23.96,23.96,23.96
1663237800,23.96,23.96,23.96,23.96
1663239600,23.96,23.96,23.96,23.96
1663241400,23.96,23.96,23.96,23.96
1663243200,23.96,23.96,23.96,23.96
1663245000,23.96,23.96,23.96,23.96
1663246800,23.96,23.96,23.96,23.96
1663248600,23.96,23.96,23.96,23.96
1663250400,23.96,23.96,23.96,23.96
1663252200,23.96,23.96,23.96,23.96
1663254000,23.96,23.96,23.96,23.96
1663309800,21.58,21.58,21.58,21.58
1663311600,21.58,22.4,21.58,22.36
1663313400,22.34,22.5,21.62,22.12
1663315200,22.12,22.44,22.06,22.3
1663317000,22.3,22.4,21.94,22.06
1663318800,22.06,22.42,21.98,22.3
1663320600,22.3,22.54,22.1,22.4
1663322400,22.4,22.48,21.88,22.1
1663324200,22.1,22.32,22.06,22.28
1663326000,22.3,22.52,22.2,22.26
1663327800,22.26,22.32,21.98,22.14
1663329600,22.14,22.2,21.58,21.9
1663331400,21.9,22.04,21.82,21.82
1663333200,21.82,22.24,21.7,22.08
1663335000,22.1,22.24,21.88,22.02
1663336800,22,22.3,21.96,22.14
1663338600,22.14,22.16,21.6,21.8
1663340400,21.78,21.78,21.78,21.78
1663569000,20.58,20.58,20.58,20.58
1663570800,20.58,20.9,20.28,20.64
1663572600,20.66,20.68,20.44,20.64
1663574400,20.64,20.74,20.3,20.34
1663576200,20.34,20.34,19.8,20.06
1663578000,20.04,20.28,19.97,20.2
1663579800,20.2,20.38,20.1,20.26
1663581600,20.26,20.5,20.2,20.4
1663583400,20.4,20.46,20.26,20.42
1663585200,20.42,20.5,20.06,20.26
1663587000,20.24,20.32,20.14,20.32
1663588800,20.32,20.44,20.22,20.28
1663590600,20.28,20.36,20.18,20.3
1663592400,20.28,20.32,19.9,19.92
1663594200,19.92,19.98,19.61,19.75
1663596000,19.74,19.76,19.61,19.62
1663599600,19.61,19.61,19.61,19.61
1663655400,20.4,20.4,20.4,20.4
1663657200,20.4,20.5,20,20.2
1663659000,20.2,20.26,19.63,19.87
1663660800,19.86,20.14,19.67,19.86
1663662600,19.87,19.95,19.38,19.38
1663664400,19,19.25,18.44,19.17
1663666200,19.17,19.34,19.06,19.13
1663668000,19.13,19.81,18.97,19.7
1663669800,19.7,19.99,19.51,19.95
1663671600,19.96,20.14,19.75,19.99
1663673400,19.99,20.42,19.96,20.18
1663675200,20.2,20.22,19.75,19.78
1663677000,19.77,19.96,19.64,19.72
1663678800,19.72,19.79,19.44,19.51
1663680600,19.51,19.82,19.28,19.76
1663682400,19.75,19.86,19.29,19.3
1663684200,19.3,20.04,19.25,19.99
1663686000,20.14,20.14,20.14,20.14
1663741800,19.92,19.92,19.92,19.92
1663743600,19.93,20.2,19.8,19.82
1663745400,19.82,19.84,19.53,19.68
1663747200,19.68,19.94,19.64,19.84
1663749000,19.83,20.3,19.82,20.18
1663750800,20.18,20.42,19.94,19.97
1663752600,19.97,20.1,19.64,19.66
1663754400,19.66,19.74,19.35,19.58
1663756200,19.58,19.79,19.57,19.62
1663758000,19.61,19.78,19.61,19.69
1663759800,19.69,19.69,19.49,19.56
1663761600,19.56,19.57,19.32,19.52
1663763400,19.52,19.68,19.46,19.55
1663765200,19.56,19.6,19.43,19.48
1663767000,19.47,19.57,19.4,19.56
1663768800,19.54,19.6,19.34,19.39
1663770600,19.38,19.4,19.26,19.28
1663772400,19.28,19.28,19.25,19.25
1663828200,19.23,19.23,19.23,19.23
1663830000,19.23,19.41,19.08,19.26
1663831800,19.24,19.46,19.24,19.4
1663833600,19.41,19.53,19.31,19.36
1663835400,19.36,19.49,19.35,19.41
1663837200,19.41,19.42,19.23,19.29
1663839000,19.3,19.42,19.28,19.42
1663840800,19.42,19.45,19.32,19.39
1663842600,19.39,19.43,19.29,19.39
1663844400,19.39,19.68,19.26,19.38
1663846200,19.38,19.39,19.24,19.35
1663848000,19.35,19.46,19.32,19.37
1663849800,19.37,19.37,19.18,19.24
1663851600,19.24,19.27,19.16,19.23
1663853400,19.24,19.3,19.1,19.14
1663855200,19.14,19.18,18.92,19.06
1663857000,19.06,19.19,19.03,19.18
1663858800,19.16,19.16,19.16,19.16
1663914600,19.16,19.16,19.16,19.16
1663916400,19.17,19.26,19.05,19.1
1663918200,19.1,19.43,18.94,19.28
1663920000,19.29,19.3,19.12,19.16
1663921800,19.16,19.16,19.09,19.14
1663923600,19.14,19.14,19.04,19.09
1663925400,19.09,19.1,19.03,19.06
1663927200,19.06,19.08,19.02,19.05
1663929000,19.04,19.06,18.88,18.89
1663930800,18.91,18.96,18.86,18.95
1663932600,18.95,19.04,18.93,18.98
1663934400,18.97,19,18.95,18.97
1663936200,18.97,18.99,18.82,18.86
1663938000,18.85,18.96,18.83,18.93
1663939800,18.93,19.02,18.85,18.87
1663941600,18.86,18.87,18.66,18.8
1663943400,18.8,18.82,18.61,18.64
1663945200,18.61,18.61,18.61,18.61
1664173800,18.35,18.35,18.35,18.35
1664175600,18.35,18.61,18.34,18.47
1664177400,18.47,18.52,18.36,18.38
1664179200,18.38,18.42,18.26,18.4
1664181000,18.41,18.41,18.32,18.32
1664182800,18.32,18.34,17.79,17.88
1664184600,17.88,18.08,17.78,18.05
1664186400,18.05,18.11,17.95,18.06
1664188200,18.06,18.22,18.01,18.08
1664190000,18.08,18.11,18.02,18.07
1664191800,18.07,18.11,17.95,18.02
1664193600,18.01,18.2,18,18.16
1664195400,18.16,18.22,18.09,18.14
1664197200,18.16,18.26,18.06,18.2
1664199000,18.21,18.28,18.11,18.21
1664200800,18.21,19.1,18.17,18.83
1664202600,18.82,19.32,18.76,19.18
1664204400,19.18,19.27,19.18,19.27
1664260200,19.27,19.27,19.27,19.27
1664262000,19.26,19.4,19.04,19.19
1664263800,19.19,19.53,19.15,19.25
1664265600,19.26,19.49,19.22,19.47
1664267400,19.46,19.68,19.44,19.59
1664269200,19.59,19.61,19.43,19.49
1664271000,19.49,19.56,19.46,19.52
1664272800,19.52,19.67,19.52,19.58
1664274600,19.59,19.62,19.45,19.49
1664276400,19.49,19.87,19.48,19.87
1664278200,19.86,20.5,19.86,20.04
1664280000,20.06,20.2,19.96,20.08
1664281800,20.06,20.08,19.83,19.86
1664283600,19.87,20.14,19.76,19.97
1664285400,19.97,20.12,19.85,19.93
1664287200,19.93,19.96,19.69,19.77
1664289000,19.76,19.81,19.56,19.61
1664290800,19.62,19.62,19.62,19.62
1664346600,19.52,19.52,19.52,19.52
1664348400,19.53,19.73,19.43,19.59
1664350200,19.59,19.87,19.57,19.8
1664352000,19.81,20.22,19.81,20.16
1664353800,20.16,20.22,19.95,20.02
1664355600,20.02,20.1,19.78,19.8
1664357400,19.8,19.99,19.71,19.94
1664359200,19.93,20.08,19.87,20
1664361000,20,20.08,19.87,19.89
1664362800,19.9,20.02,19.88,19.96
1664364600,19.97,20.14,19.81,19.88
1664366400,19.88,19.89,19.7,19.75
1664368200,19.75,19.94,19.61,19.92
1664370000,19.92,20.02,19.75,19.83
1664371800,19.83,19.9,19.69,19.84
1664373600,19.84,19.9,19.75,19.76
1664375400,19.75,19.77,19.23,19.27
1664377200,19.27,19.27,19.25,19.25
1664433000,19.35,19.35,19.35,19.35
1664434800,19.36,19.83,19.36,19.59
1664436600,19.58,19.71,19.55,19.65
1664438400,19.65,19.65,19.46,19.49
1664440200,19.49,19.49,19.16,19.17
1664442000,19.17,19.38,19.05,19.34
1664443800,19.33,19.45,19.28,19.41
1664445600,19.41,19.47,19.34,19.42
1664447400,19.42,19.45,19.35,19.43
1664449200,19.44,19.58,19.39,19.51
1664451000,19.51,19.51,19.25,19.3
1664452800,19.29,19.52,19.29,19.38
1664454600,19.38,19.39,19.08,19.15
1664456400,19.15,19.66,19.08,19.45
1664458200,19.44,19.52,19.05,19.07
1664460000,19.08,19.12,18.39,18.39
1664461800,18.78,18.97,18.67,18.83
1664463600,18.8,18.8,18.8,18.8
1664519400,18.82,18.82,18.82,18.82
1664521200,18.83,19.12,18.83,18.83
1664523000,18.83,18.93,18.77,18.87
1664524800,18.87,18.96,18.81,18.83
1664526600,18.84,18.87,18.73,18.82
1664528400,18.83,18.98,18.78,18.85
1664530200,18.85,18.93,18.82,18.85
1664532000,18.85,18.95,18.85,18.88
1664533800,18.87,18.93,18.84,18.87
1664535600,18.86,19,18.8,18.94
1664537400,18.94,19.13,18.89,19.11
1664539200,19.12,19.3,19.01,19.08
1664541000,19.08,19.35,19.02,19.17
1664542800,19.18,19.52,19.16,19.5
1664544600,19.49,19.63,19.23,19.49
1664546400,19.49,19.54,19.34,19.46
1664548200,19.46,19.68,19.31,19.41
1664550000,19.43,19.43,19.43,19.43
1664778600,19.45,19.45,19.45,19.45
1664780400,19.46,19.68,19.41,19.5
1664782200,19.5,19.65,19.38,19.49
1664784000,19.49,19.69,19.47,19.63
1664785800,19.62,19.73,19.61,19.66
1664787600,19.66,19.71,19.6,19.69
1664789400,19.69,19.77,19.65,19.71
1664791200,19.72,19.86,19.7,19.8
1664793000,19.8,20.04,19.78,19.99
1664794800,19.99,20.06,19.95,20.04
1664796600,20.02,20.1,19.88,19.95
1664798400,19.96,20.02,19.92,20
1664800200,20,20.1,19.97,20.02
1664802000,20.02,20.16,20,20.1
1664803800,20.1,20.72,20.04,20.72
1664805600,20.7,21.36,20.66,21.36
1664807400,21.36,21.36,21.3,21.36
1664809200,21.36,21.36,21.36,21.36
1664865000,21.98,21.98,21.98,21.98
1664866800,21.96,22.52,21.76,22.34
1664868600,22.36,22.36,22.14,22.16
1664870400,22.14,22.26,21.78,21.84
1664872200,21.84,21.86,21.56,21.62
1664874000,21.62,21.7,21.3,21.62
1664875800,21.6,21.72,21.42,21.52
1664877600,21.52,21.56,21.28,21.34
1664879400,21.36,21.46,21.18,21.22
1664881200,21.22,21.52,21.22,21.52
1664883000,21.52,21.54,21.36,21.42
1664884800,21.42,21.6,21.38,21.58
1664886600,21.58,21.9,21.58,21.7
1664888400,21.7,21.76,21.54,21.66
1664890200,21.64,21.82,21.54,21.56
1664892000,21.56,21.86,21.32,21.38
1664893800,21.36,21.42,21.16,21.28
1664895600,21.26,21.26,21.26,21.26
1664951400,21.5,21.5,21.5,21.5
1664953200,21.5,21.58,21.1,21.12
1664955000,21.14,21.14,20.88,21.04
1664956800,21.04,21.06,20.7,20.72
1664958600,20.7,20.84,20.66,20.78
1664960400,20.78,20.84,20.7,20.8
1664962200,20.8,20.8,20.7,20.78
1664964000,20.76,20.96,20.76,20.92
1664965800,20.92,20.98,20.8,20.82
1664967600,20.82,21.36,20.82,21.28
1664969400,21.3,21.32,20.88,20.98
1664971200,20.96,20.96,20.78,20.88
1664973000,20.88,20.92,20.76,20.82
1664974800,20.8,20.82,20.6,20.62
1664976600,20.62,20.78,20.46,20.6
1664978400,20.6,20.68,20.5,20.64
1664980200,20.62,20.8,20.48,20.7
1664982000,20.7,20.7,20.7,20.7
1665037800,21,21,21,21
1665039600,21.02,21.34,20.92,21.26
1665041400,21.26,21.28,21.08,21.16
1665043200,21.14,21.26,21.08,21.1
1665045000,21.08,21.2,21,21.16
1665046800,21.18,21.2,21.1,21.14
1665048600,21.14,21.14,21.06,21.1
1665050400,21.1,21.14,21,21.1
1665052200,21.08,21.22,21.02,21.14
1665054000,21.14,21.24,21.1,21.22
1665055800,21.22,21.22,21.08,21.1
1665057600,21.1,21.18,21.04,21.1
1665059400,21.12,21.2,21.06,21.1
1665061200,21.1,21.12,21,21.08
1665063000,21.08,21.12,20.98,21.06
1665064800,21.06,21.06,20.86,20.98
1665066600,20.98,21.24,20.88,21.2
1665068400,21.18,21.2,21.18,21.2
1665124200,21.2,21.2,21.2,21.2
1665126000,21.18,21.2,21.02,21.04
1665127800,21.02,21.12,20.9,21.08
1665129600,21.08,21.52,21.06,21.38
1665131400,21.38,21.38,21.16,21.2
1665133200,21.18,21.2,21.14,21.2
1665135000,21.18,21.32,21.16,21.28
1665136800,21.28,21.34,21.2,21.28
1665138600,21.28,21.28,21.18,21.2
1665140400,21.2,21.28,21.12,21.24
1665142200,21.24,21.26,21.2,21.24
1665144000,21.24,21.36,21.22,21.26
1665145800,21.26,21.44,21.04,21.14
1665147600,21.14,21.3,21.08,21.28
1665149400,21.28,21.3,20.94,21.14
1665151200,21.12,21.38,21.08,21.34
1665153000,21.34,21.36,21.22,21.24
1665154800,21.18,21.18,21.18,21.18
1665383400,21.3,21.3,21.3,21.3
1665385200,21.3,21.44,21.16,21.36
1665387000,21.34,21.54,21.24,21.3
1665388800,21.32,21.44,21.28,21.34
1665390600,21.34,21.36,21.14,21.2
1665392400,21.2,21.26,21.12,21.26
1665394200,21.28,21.28,21.2,21.22
1665396000,21.22,21.24,21.1,21.14
1665397800,21.14,21.16,21.04,21.12
1665399600,21.12,21.14,21.02,21.1
1665401400,21.12,21.14,21.06,21.12
1665403200,21.14,21.18,21.06,21.12
1665405000,21.12,21.26,21.08,21.24
1665406800,21.24,21.3,21.2,21.24
1665408600,21.24,21.24,21.08,21.16
1665410400,21.16,21.16,20.94,21.02
1665412200,21,21.04,20.94,20.96
1665414000,20.92,20.92,20.92,20.92
1665469800,20.98,20.98,20.98,20.98
1665471600,20.96,21.2,20.92,21.02
1665473400,21.02,21.12,20.96,21.12
1665475200,21.1,21.18,21.08,21.12
1665477000,21.1,21.12,21.02,21.06
1665478800,21.04,21.08,21.02,21.04
1665480600,21.04,21.06,20.96,21.02
1665482400,21.04,21.04,20.94,20.96
1665484200,20.96,21.02,20.88,21
1665486000,20.98,21.12,20.96,21.08
1665487800,21.1,21.24,21.06,21.1
1665489600,21.12,21.42,21.1,21.38
1665491400,21.38,21.42,21.24,21.24
1665493200,21.24,21.5,21.24,21.46
1665495000,21.46,21.68,21.38,21.4
1665496800,21.38,21.58,21.28,21.54
1665498600,21.52,22.24,21.4,21.66
1665500400,21.66,21.7,21.66,21.7
1665556200,21.64,21.64,21.64,21.64
1665558000,21.66,21.7,21.4,21.52
1665559800,21.52,21.8,21.4,21.76
1665561600,21.74,21.76,21.5,21.6
1665563400,21.62,21.82,21.54,21.74
1665565200,21.72,21.78,21.66,21.72
1665567000,21.7,21.76,21.66,21.66
1665568800,21.66,21.72,21.6,21.6
1665570600,21.6,21.64,21.14,21.26
1665572400,21.24,21.44,21.16,21.42
1665574200,21.4,21.44,21.34,21.34
1665576000,21.34,21.4,21.32,21.34
1665577800,21.32,21.46,21.24,21.28
1665579600,21.26,21.32,21.14,21.28
1665581400,21.28,21.4,21.16,21.28
1665583200,21.28,21.34,21.14,21.16
1665585000,21.18,21.26,21.04,21.08
1665586800,21.08,21.3,21.08,21.3
1665642600,21.32,21.32,21.32,21.32
1665644400,21.34,21.48,21.3,21.42
1665646200,21.42,21.44,21.32,21.38
1665648000,21.36,21.4,21.32,21.38
1665649800,21.38,21.56,21.38,21.5
1665651600,21.48,21.58,21.42,21.42
1665653400,21.42,21.46,21.38,21.38
1665655200,21.38,21.42,21.32,21.38
1665657000,21.38,21.52,21.36,21.52
1665658800,21.52,21.54,21.42,21.44
1665660600,21.44,21.56,21.42,21.42
1665662400,21.42,21.46,21.28,21.38
1665664200,21.36,21.38,21.18,21.22
1665666000,21.22,21.3,21.1,21.16
1665667800,21.16,21.2,21.04,21.12
1665669600,21.14,21.34,21.06,21.24
1665671400,21.24,21.32,21.2,21.26
1665673200,21.16,21.16,21.16,21.16
1665729000,21.76,21.76,21.76,21.76
1665730800,21.76,22.1,21.72,21.84
1665732600,21.84,21.98,21.76,21.96
1665734400,21.96,21.98,21.84,21.84
1665736200,21.84,21.86,21.66,21.66
1665738000,21.68,21.82,21.66,21.8
1665739800,21.8,21.82,21.72,21.76
1665741600,21.78,21.82,21.74,21.82
1665743400,21.82,21.94,21.8,21.92
1665745200,21.92,21.94,21.82,21.84
1665747000,21.84,21.88,21.7,21.72
1665748800,21.72,21.8,21.7,21.78
1665750600,21.78,21.92,21.68,21.9
1665752400,21.92,21.98,21.82,21.9
1665754200,21.9,21.9,21.76,21.82
1665756000,21.82,21.82,21.62,21.68
1665757800,21.68,21.88,21.66,21.84
1665759600,21.9,21.9,21.9,21.9
1665988200,22.14,22.14,22.14,22.14
1665990000,22.14,22.74,22.14,22.64
1665991800,22.64,23.1,22.62,23.08
1665993600,23.08,23.32,22.92,23.22
1665995400,23.22,24.06,23.18,23.96
1665997200,23.98,24.08,23.86,24.08
1665999000,24.08,24.08,23.9,24.04
1666000800,24.04,24.08,23.96,24.04
1666002600,24.04,24.08,23.92,24
1666004400,23.98,24.08,23.92,24.06
1666006200,24.06,24.08,24.02,24.08
1666008000,24.06,24.08,24.06,24.08
1666009800,24.08,24.08,24.08,24.08
1666011600,24.08,24.08,24.08,24.08
1666013400,24.08,24.08,24.08,24.08
1666015200,24.08,24.08,24.08,24.08
1666017000,24.08,24.08,24.08,24.08
1666018800,24.08,24.08,24.08,24.08
1666074600,25.36,25.36,25.36,25.36
1666076400,25.36,25.68,24.68,24.88
1666078200,24.88,25.06,24.58,24.86
1666080000,24.86,24.98,24.48,24.58
1666081800,24.58,25.04,24.58,24.94
1666083600,24.94,24.94,24.58,24.64
1666085400,24.64,24.66,24.2,24.54
1666087200,24.54,24.74,24.42,24.66
1666089000,24.66,24.82,24.64,24.78
1666090800,24.8,24.98,24.74,24.8
1666092600,24.78,24.84,24.68,24.78
1666094400,24.76,24.82,24.4,24.56
1666096200,24.58,24.78,24.5,24.58
1666098000,24.56,24.58,24.18,24.52
1666099800,24.52,24.54,24.3,24.52
1666101600,24.54,24.56,24.2,24.28
1666103400,24.28,24.58,24.1,24.4
1666105200,24.38,24.38,24.3,24.3
1666161000,24.42,24.42,24.42,24.42
1666162800,24.44,24.88,24.4,24.46
1666164600,24.44,24.48,24.18,24.3
1666166400,24.28,24.38,24.16,24.36
1666168200,24.38,24.76,24.36,24.62
1666170000,24.62,24.64,24.52,24.62
1666171800,24.6,24.78,24.6,24.74
1666173600,24.74,25.04,24.7,24.78
1666175400,24.78,24.86,24.7,24.82
1666177200,24.82,25.32,24.8,25.28
1666179000,25.28,25.62,25.18,25.34
1666180800,25.34,25.38,25.08,25.1
1666182600,25.12,25.34,24.98,25.1
1666184400,25.08,25.14,24.88,24.94
1666186200,24.94,25.14,24.7,24.82
1666188000,24.82,25.38,24.76,25.3
1666189800,25.32,26,25,25.7
1666191600,25.64,25.64,25.64,25.64
1666247400,25.56,25.56,25.56,25.56
1666249200,25.58,25.82,25.32,25.78
1666251000,25.78,26.24,25.74,26.1
1666252800,26.1,26.14,25.86,26.04
1666254600,26.02,26.04,25.8,25.88
1666256400,25.9,25.96,25.82,25.84
1666258200,25.84,26.12,25.84,26
1666260000,25.98,26.2,25.96,26.12
1666261800,26.12,26.22,26.06,26.14
1666263600,26.14,26.32,25.64,26.18
1666265400,26.18,26.3,26.08,26.26
1666267200,26.26,26.28,26.06,26.14
1666269000,26.16,26.18,25.8,25.9
1666270800,25.9,26.06,25.7,25.84
1666272600,25.82,25.96,25.7,25.88
1666274400,25.86,26.2,25.84,26.12
1666276200,26.08,26.12,25.44,25.56
1666278000,25.56,25.56,25.3,25.3
1666333800,25.3,25.3,25.3,25.3
1666335600,25.3,25.6,25.2,25.48
1666337400,25.48,25.62,25.28,25.3
1666339200,25.28,25.3,25,25.08
1666341000,25.1,25.2,25.04,25.14
1666342800,25.14,25.22,24.96,25.02
1666344600,25.04,25.16,24.96,25.16
1666346400,25.16,25.26,25.12,25.16
1666348200,25.16,25.2,25,25.02
1666350000,25.02,25.1,25,25.04
1666351800,25.04,25.24,25,25.16
1666353600,25.16,25.16,25.04,25.04
1666355400,25.06,25.14,25,25.1
1666357200,25.1,25.46,25.1,25.26
1666359000,25.22,25.3,25.16,25.24
1666360800,25.24,25.4,25.18,25.24
1666362600,25.24,25.26,24.96,25
1666364400,25.02,25.02,24.96,24.96
1666593000,25.16,25.16,25.16,25.16
1666594800,25.16,25.54,25.04,25.12
1666596600,25.12,25.18,25,25.04
1666598400,25.02,25.08,24.8,24.88
1666600200,24.88,24.88,24.64,24.7
1666602000,24.7,24.7,24.54,24.64
1666603800,24.64,24.76,24.6,24.74
1666605600,24.74,24.8,24.68,24.76
1666607400,24.76,24.86,24.74,24.78
1666609200,24.76,25,24.76,24.88
1666611000,24.88,25.04,24.88,24.94
1666612800,24.94,24.94,24.78,24.9
1666614600,24.92,25.08,24.84,24.9
1666616400,24.9,24.98,24.86,24.86
1666618200,24.86,24.94,24.76,24.78
1666620000,24.8,24.82,24.62,24.72
1666621800,24.7,24.7,24.4,24.46
1666623600,24.46,24.48,24.46,24.48
1666679400,24.66,24.66,24.66,24.66
1666681200,24.64,24.78,24.5,24.64
1666683000,24.64,24.88,24.62,24.78
1666684800,24.78,25.02,24.74,24.88
1666686600,24.9,25.1,24.88,25
1666688400,25,25.06,24.78,24.84
1666690200,24.84,24.84,24.54,24.78
1666692000,24.78,24.92,24.78,24.9
1666693800,24.9,24.98,24.86,24.92
1666695600,24.92,25,24.88,24.92
1666697400,24.94,25.02,24.66,24.74
1666699200,24.74,24.74,24.5,24.64
1666701000,24.62,24.64,24.3,24.46
1666702800,24.44,24.62,24.38,24.54
1666704600,24.54,24.72,24.44,24.64
1666706400,24.64,24.66,24.48,24.5
1666708200,24.5,24.52,24.26,24.28
1666710000,24.38,24.38,24.38,24.38
1666765800,24.54,24.54,24.54,24.54
1666767600,24.52,24.86,24.5,24.6
1666769400,24.58,24.74,24.58,24.64
1666771200,24.62,24.64,24.5,24.56
1666773000,24.56,24.58,24.44,24.5
1666774800,24.5,24.66,24.48,24.64
1666776600,24.64,24.64,24.48,24.52
1666778400,24.52,24.56,24.46,24.54
1666780200,24.56,24.6,24.52,24.58
1666782000,24.58,24.66,24.56,24.64
1666783800,24.66,24.68,24.54,24.64
1666785600,24.62,24.64,24.42,24.52
1666787400,24.54,24.62,24.46,24.6
1666789200,24.6,25.06,24.56,24.94
1666791000,24.96,25,24.52,24.56
1666792800,24.56,24.76,24.54,24.74
1666794600,24.74,24.9,24.68,24.88
1666796400,24.88,24.88,24.88,24.88
1666852200,25,25,25,25
1666854000,24.98,25.06,24.6,24.64
1666855800,24.62,24.64,24.36,24.48
1666857600,24.48,24.52,24.28,24.42
1666859400,24.42,24.5,24.4,24.44
1666861200,24.44,24.66,24.44,24.56
1666863000,24.54,24.72,24.44,24.5
1666864800,24.48,24.66,24.46,24.62
1666866600,24.64,24.7,24.52,24.56
1666868400,24.56,24.58,24.5,24.54
1666870200,24.52,24.58,24.48,24.5
1666872000,24.48,24.5,24.26,24.34
1666873800,24.34,24.44,24.32,24.42
1666875600,24.42,24.58,24.38,24.56
1666877400,24.56,24.6,24.24,24.28
1666879200,24.26,24.32,23.94,24.04
1666881000,24.04,24.24,23.9,23.9
1666882800,23.9,23.92,23.9,23.92
1666938600,23.8,23.8,23.8,23.8
1666940400,23.8,24.08,23.64,23.74
1666942200,23.74,23.96,23.68,23.82
1666944000,23.84,24.24,23.82,23.88
1666945800,23.88,23.9,23.62,23.66
1666947600,23.64,23.82,23.42,23.52
1666949400,23.42,23.42,23.42,23.42
1667197800,23.52,23.52,23.52,23.52
1667199600,23.54,23.62,22.86,22.92
1667201400,22.92,22.96,22.64,22.84
1667203200,22.84,23.24,22.82,23.24
1667205000,23.22,23.42,23.02,23.2
1667206800,23.2,23.28,23.1,23.22
1667208600,23.22,23.24,22.96,23.02
1667210400,23,23.22,23,23.12
1667212200,23.12,23.18,23.08,23.1
1667214000,23.12,23.32,23.1,23.1
1667215800,23.1,23.12,22.96,23.04
1667217600,23.02,23.12,23,23.12
1667219400,23.12,23.24,23.06,23.2
1667221200,23.22,23.7,23.14,23.58
1667223000,23.58,23.66,23.52,23.62
1667224800,23.62,23.86,23.58,23.66
1667226600,23.62,23.64,23.26,23.48
1667228400,23.5,23.5,23.5,23.5
1667284200,23.62,23.62,23.62,23.62
1667286000,23.62,24.04,23.52,23.88
1667287800,23.88,24.22,23.86,24.2
1667289600,24.2,24.36,24.14,24.24
1667291400,24.24,24.26,24,24.02
1667293200,24.02,24.32,23.96,24.16
1667295000,24.18,24.2,24.12,24.18
1667296800,24.16,24.2,24,24.08
1667298600,24.08,24.2,23.96,24.18
1667300400,24.18,24.28,24.06,24.1
1667302200,24.1,24.12,24,24.04
1667304000,24.04,24.06,23.96,24.04
1667305800,24.02,24.1,23.96,23.98
1667307600,23.98,23.98,23.6,23.74
1667309400,23.74,23.74,23.62,23.64
1667311200,23.62,23.7,23.3,23.46
1667313000,23.46,23.5,23.34,23.4
1667314800,23.4,23.4,23.4,23.4
1667370600,23.4,23.4,23.4,23.4
1667372400,23.42,23.66,23.36,23.44
1667374200,23.42,23.46,23.32,23.4
1667376000,23.38,23.66,23.36,23.64
1667377800,23.64,23.66,23.34,23.38
1667379600,23.38,23.48,23.34,23.46
1667381400,23.44,23.58,23.44,23.56
1667383200,23.56,23.58,23.5,23.54
1667385000,23.54,23.64,23.52,23.6
1667386800,23.6,23.66,23.52,23.54
1667388600,23.54,23.6,23.52,23.56
1667390400,23.56,23.88,23.46,23.84
1667392200,23.82,24.02,23.72,23.92
1667394000,23.9,24.04,23.84,23.96
1667395800,23.96,23.96,23.64,23.72
1667397600,23.7,23.78,23.38,23.44
1667399400,23.44,23.6,23.36,23.44
1667401200,23.48,23.48,23.48,23.48
1667457000,23.44,23.44,23.44,23.44
1667458800,23.42,23.58,23.2,23.48
1667460600,23.46,23.46,23.22,23.24
1667462400,23.24,23.34,23.1,23.26
1667464200,23.26,23.44,23.22,23.4
1667466000,23.42,23.44,23.28,23.36
1667467800,23.38,23.42,23.32,23.38
1667469600,23.36,23.38,23.32,23.32
1667471400,23.34,23.38,23.28,23.38
1667473200,23.36,23.36,23.28,23.3
1667475000,23.32,23.32,23.22,23.28
1667476800,23.26,23.3,23.12,23.12
1667478600,23.12,23.2,22.9,23.14
1667480400,23.14,23.24,23.1,23.2
1667482200,23.2,23.24,23.12,23.2
1667484000,23.2,23.2,23.06,23.12
1667485800,23.12,23.16,23.04,23.1
1667487600,23.1,23.16,23.1,23.16
1667543400,23.28,23.28,23.28,23.28
1667545200,23.28,23.44,23.08,23.12
1667547000,23.1,23.28,23.04,23.18
1667548800,23.18,23.3,23.18,23.24
1667550600,23.24,23.44,23.24,23.4
1667552400,23.38,23.44,23.28,23.3
1667554200,23.3,23.32,23.2,23.28
1667556000,23.28,23.36,23.22,23.26
1667557800,23.24,23.3,23.22,23.28
1667559600,23.26,23.28,23.16,23.18
1667561400,23.18,23.22,23.06,23.14
1667563200,23.14,23.62,23.12,23.48
1667565000,23.48,23.7,23.38,23.64
1667566800,23.64,23.86,23.62,23.74
1667568600,23.76,23.92,23.62,23.7
1667570400,23.7,23.72,23.48,23.6
1667572200,23.6,23.76,23.56,23.7
1667574000,23.6,23.6,23.6,23.6
1667802600,23.9,23.9,23.9,23.9
1667804400,23.92,24.26,23.92,23.98
1667806200,23.98,24.34,23.98,24.2
1667808000,24.2,24.3,24.16,24.18
1667809800,24.16,24.36,24.16,24.34
1667811600,24.32,24.4,24.3,24.36
1667813400,24.36,24.36,24.26,24.34
1667815200,24.32,24.36,24.26,24.32
1667817000,24.32,24.5,24.3,24.32
1667818800,24.32,24.42,24.28,24.4
1667820600,24.4,24.68,24.28,24.34
1667822400,24.32,24.66,24.24,24.64
1667824200,24.64,24.96,24.5,24.94
1667826000,24.94,24.94,24.66,24.7
1667827800,24.7,24.74,24.52,24.64
1667829600,24.64,24.66,24.46,24.54
1667831400,24.56,24.6,24.38,24.54
1667833200,24.6,24.6,24.6,24.6
1667889000,24.6,24.6,24.6,24.6
1667890800,24.6,24.98,24.22,24.86
1667892600,24.88,25.04,24.76,24.98
1667894400,25,25.26,24.94,25.2
1667896200,25.2,25.2,25.02,25.06
1667898000,25.06,25.12,24.92,25.02
1667899800,25,25.14,24.98,25.08
1667901600,25.08,25.22,25.06,25.16
1667903400,25.16,25.18,25.04,25.08
1667905200,25.08,25.4,25.06,25.18
1667907000,25.2,25.3,25.16,25.2
1667908800,25.2,25.2,24.92,25.1
1667910600,25.1,25.42,25.06,25.34
1667912400,25.36,25.56,25.26,25.42
1667914200,25.42,25.48,25.22,25.26
1667916000,25.26,25.28,24.4,24.6
1667917800,24.6,24.96,24.52,24.7
1667919600,24.72,24.72,24.72,24.72
1667975400,24.84,24.84,24.84,24.84
1667977200,24.82,24.9,24.72,24.78
1667979000,24.78,24.94,24.72,24.74
1667980800,24.72,24.82,24.58,24.72
1667982600,24.72,24.96,24.66,24.86
1667984400,24.84,24.86,24.72,24.8
1667986200,24.78,24.84,24.56,24.7
1667988000,24.7,24.76,24.62,24.66
1667989800,24.66,24.7,24.62,24.64
1667991600,24.66,24.72,24.62,24.7
1667993400,24.7,24.88,24.66,24.86
1667995200,24.86,25.12,24.64,24.7
1667997000,24.72,24.72,24.3,24.42
1667998800,24.42,24.5,24.12,24.22
1668000600,24.24,24.56,24.12,24.3
1668002400,24.3,24.46,24.18,24.22
1668004200,24.22,24.38,24.14,24.22
1668006000,24.22,24.26,24.22,24.26
1668061800,24.26,24.26,24.26,24.26
1668063600,24.24,24.58,24.22,24.42
1668065400,24.4,24.52,24.36,24.38
1668067200,24.38,24.48,24.32,24.42
1668069000,24.42,24.46,24.36,24.42
1668070800,24.42,24.52,24.38,24.5
1668072600,24.5,24.62,24.48,24.54
1668074400,24.56,24.78,24.52,24.64
1668076200,24.66,24.72,24.56,24.7
1668078000,24.7,24.8,24.66,24.74
1668079800,24.76,24.78,24.62,24.62
1668081600,24.62,24.62,24.36,24.46
1668083400,24.44,24.6,24.44,24.52
1668085200,24.54,24.62,24.44,24.58
1668087000,24.58,25.16,24.58,25.16
1668088800,25.14,25.4,25.04,25.08
1668090600,25.1,25.2,24.94,24.94
1668092400,24.96,24.96,24.96,24.96
1668148200,25.6,25.6,25.6,25.6
1668150000,25.6,25.82,25.46,25.64
1668151800,25.62,25.68,25.26,25.36
1668153600,25.36,25.42,25.2,25.32
1668155400,25.34,25.4,25.22,25.28
1668157200,25.26,25.32,25.16,25.26
1668159000,25.26,25.28,25.02,25.08
1668160800,25.08,25.26,24.9,25.24
1668162600,25.24,25.32,25.12,25.12
1668164400,25.12,25.28,25.1,25.2
1668166200,25.2,25.22,25.06,25.08
1668168000,25.08,25.08,24.78,24.98
1668169800,24.96,25.06,24.88,24.88
1668171600,24.88,25.06,24.82,24.98
1668173400,24.98,25.06,24.76,24.86
1668175200,24.86,24.96,24.44,24.5
1668177000,24.5,24.5,24.26,24.42
1668178800,24.4,24.44,24.36,24.44
1668407400,24.3,24.3,24.3,24.3
1668409200,24.3,24.54,24.28,24.44
1668411000,24.42,24.66,24.28,24.62
1668412800,24.62,24.76,24.58,24.72
1668414600,24.7,24.72,24.52,24.6
1668416400,24.62,24.66,24.46,24.52
1668418200,24.52,24.66,24.46,24.6
1668420000,24.6,24.66,24.54,24.58
1668421800,24.6,24.6,24.46,24.52
1668423600,24.54,24.56,24.48,24.56
1668425400,24.56,24.6,24.44,24.58
1668427200,24.58,24.86,24.56,24.68
1668429000,24.68,24.68,24.52,24.58
1668430800,24.58,24.62,24.46,24.48
1668432600,24.48,24.66,24.46,24.6
1668434400,24.6,24.62,24.5,24.56
1668436200,24.56,24.76,24.52,24.64
1668438000,24.6,24.6,24.6,24.6
1668493800,24.8,24.8,24.8,24.8
1668495600,24.8,24.92,24.68,24.7
1668497400,24.7,24.9,24.66,24.88
1668499200,24.86,25.22,24.44,24.84
1668501000,24.84,24.94,24.6,24.8
1668502800,24.8,24.8,24.32,24.62
1668504600,24.6,24.98,24.58,24.82
1668506400,24.84,24.98,24.82,24.86
1668508200,24.86,25.16,24.82,25.02
1668510000,25,25.14,24.98,25.06
1668511800,25.04,25.2,24.88,24.98
1668513600,24.98,25.2,24.96,25.16
1668515400,25.18,25.24,25.06,25.16
1668517200,25.16,25.24,24.92,24.94
1668519000,24.96,25.12,24.9,25.04
1668520800,25.04,25.3,24.86,25.26
1668522600,25.24,25.98,25.2,25.96
1668524400,26.02,26.02,26.02,26.02
1668580200,26.04,26.04,26.04,26.04
1668582000,26.06,26.7,25.7,26.64
1668583800,26.62,26.74,26.18,26.52
1668585600,26.52,28.04,26.44,27.86
1668587400,27.86,28.16,27.58,27.78
1668589200,27.78,28,27.58,27.74
1668591000,27.72,27.82,27.6,27.66
1668592800,27.66,27.74,27.54,27.66
1668594600,27.64,28,27.62,27.84
1668596400,27.84,27.84,27.08,27.48
1668598200,27.46,27.66,27.28,27.64
1668600000,27.64,27.64,26.94,27.36
1668601800,27.36,27.4,26.82,27.34
1668603600,27.32,27.44,26.98,27.18
1668605400,27.18,27.66,27.1,27.4
1668607200,27.4,27.78,27.32,27.32
1668609000,27.3,27.36,26.3,26.38
1668610800,26.4,26.4,26.38,26.38
1668666600,26.38,26.38,26.38,26.38
1668668400,26.4,26.62,25.2,25.64
1668670200,25.66,26.1,25.46,25.82
1668672000,25.8,26.02,25.26,25.54
1668673800,25.5,25.72,25.4,25.64
1668675600,25.64,25.76,25.4,25.7
1668677400,25.7,25.82,25.56,25.58
1668679200,25.56,25.58,25.34,25.54
1668681000,25.52,25.56,25.36,25.42
1668682800,25.44,25.66,25.34,25.38
1668684600,25.38,25.46,25.32,25.42
1668686400,25.42,25.48,25.28,25.38
1668688200,25.38,25.48,25.28,25.28
1668690000,25.26,25.4,25.16,25.26
1668691800,25.28,25.4,25.08,25.08
1668693600,25.02,25.24,24.88,25.02
1668695400,25.02,25.08,24.66,24.7
1668697200,24.7,24.7,24.7,24.7
1668753000,24.74,24.74,24.74,24.74
1668754800,24.76,25.26,24.76,24.92
1668756600,24.9,25.32,24.9,25.26
1668758400,25.26,25.58,25.24,25.48
1668760200,25.5,25.88,25.46,25.6
1668762000,25.58,25.76,25.44,25.7
1668763800,25.68,25.74,25.56,25.66
1668765600,25.66,25.72,25.42,25.56
1668767400,25.56,25.8,25.52,25.58
1668769200,25.56,25.66,25.44,25.52
1668771000,25.52,25.66,25.46,25.54
1668772800,25.52,25.6,25.42,25.46
1668774600,25.46,25.46,25.04,25.36
1668776400,25.38,25.5,25.26,25.38
1668778200,25.4,25.52,25.34,25.4
1668780000,25.38,25.42,25.12,25.14
1668781800,25.14,25.38,25.08,25.38
1668783600,25.38,25.38,25.38,25.38
1669012200,25.5,25.5,25.5,25.5
1669014000,25.5,25.74,25.46,25.68
1669015800,25.66,25.7,25.54,25.56
1669017600,25.56,25.58,25.14,25.34
1669019400,25.34,25.42,25.22,25.4
1669021200,25.4,25.44,25.24,25.3
1669023000,25.32,25.38,25.26,25.32
1669024800,25.3,25.36,25.22,25.26
1669026600,25.26,25.32,25.08,25.1
1669028400,25.1,25.14,24.86,25.02
1669030200,25.02,25.2,25.02,25.08
1669032000,25.1,25.2,25.06,25.18
1669033800,25.18,25.2,25.08,25.14
1669035600,25.16,25.32,25.12,25.3
1669037400,25.32,25.38,25.16,25.34
1669039200,25.34,26.04,25.26,26.02
1669041000,26.04,26.5,26,26.04
1669042800,26.02,26.16,26.02,26.16
1669098600,26.36,26.36,26.36,26.36
1669100400,26.38,26.6,26.08,26.24
1669102200,26.24,26.38,26.22,26.28
1669104000,26.3,26.44,26.18,26.2
1669105800,26.18,26.3,26.1,26.22
1669107600,26.22,26.28,26.16,26.24
1669109400,26.26,26.42,26.24,26.34
1669111200,26.36,26.4,26.22,26.28
1669113000,26.28,26.4,26.24,26.3
1669114800,26.3,26.46,26.28,26.42
1669116600,26.4,26.74,26.36,26.74
1669118400,26.74,27.08,26.72,26.82
1669120200,26.8,27.02,26.76,26.88
1669122000,26.88,27.04,26.76,26.8
1669123800,26.8,27.12,26.8,26.9
1669125600,26.9,26.96,26.62,26.66
1669127400,26.68,26.84,26.62,26.76
1669129200,26.8,26.8,26.8,26.8
1669185000,26.88,26.88,26.88,26.88
1669186800,26.88,26.98,26.54,26.84
1669188600,26.84,27.24,26.8,27.04
1669190400,27.02,27.2,26.82,27.08
1669192200,27.06,27.14,26.92,26.94
1669194000,26.94,27.08,26.92,26.96
1669195800,26.94,27.12,26.92,26.98
1669197600,26.94,27.06,26.86,26.98
1669199400,26.96,27.06,26.82,27.06
1669201200,27.08,27.18,27,27.14
1669203000,27.14,27.4,27.12,27.3
1669204800,27.3,27.4,27.22,27.24
1669206600,27.26,27.36,27.16,27.28
1669208400,27.28,27.46,27.26,27.4
1669210200,27.38,27.62,27.38,27.52
1669212000,27.52,27.94,27.5,27.8
1669213800,27.82,27.88,27.68,27.68
1669215600,27.64,27.64,27.64,27.64
1669271400,27.74,27.74,27.74,27.74
1669273200,27.76,28.08,27.74,27.92
1669275000,27.9,27.98,27.72,27.76
1669276800,27.74,27.92,27.54,27.72
1669278600,27.74,27.84,27.62,27.74
1669280400,27.72,27.78,27.62,27.76
1669282200,27.76,27.8,27.7,27.8
1669284000,27.76,27.9,27.74,27.88
1669285800,27.88,27.94,27.78,27.86
1669287600,27.86,28.28,27.32,27.84
1669289400,27.84,27.92,27.64,27.66
1669291200,27.64,27.8,27.56,27.78
1669293000,27.78,27.9,27.64,27.76
1669294800,27.76,27.76,27.14,27.32
1669296600,27.3,27.3,26.82,27.08
1669298400,27.08,27.22,26.98,27.18
1669300200,27.16,27.36,27.02,27.08
1669302000,27.1,27.1,27.1,27.1
1669357800,26.8,26.8,26.8,26.8
1669359600,26.82,26.94,26.48,26.56
1669361400,26.54,26.6,26.36,26.56
1669363200,26.54,26.92,26.5,26.7
1669365000,26.7,26.74,26.52,26.6
1669366800,26.58,26.66,26.5,26.52
1669368600,26.52,26.58,26.48,26.54
1669370400,26.54,26.62,26.52,26.58
1669372200,26.56,26.72,26.52,26.66
1669374000,26.64,26.74,26.6,26.62
1669375800,26.6,26.62,26.5,26.56
1669377600,26.56,26.84,26.54,26.66
1669379400,26.66,26.68,26.56,26.6
1669381200,26.6,26.68,26.58,26.64
1669383000,26.64,26.66,26.44,26.56
1669384800,26.56,26.62,26.44,26.5
1669386600,26.5,26.54,26.4,26.42
1669388400,26.38,26.38,26.38,26.38
1669617000,26.52,26.52,26.52,26.52
1669618800,26.54,26.74,26.54,26.68
1669620600,26.68,26.84,26.54,26.64
1669622400,26.64,27.02,26.54,26.94
1669624200,26.94,27.14,26.92,27.08
1669626000,27.08,27.18,26.9,26.98
1669627800,26.96,27.06,26.88,26.98
1669629600,26.98,27.14,26.96,27.08
1669631400,27.08,27.18,27.04,27.16
1669633200,27.18,27.22,27.1,27.18
1669635000,27.18,27.46,27.16,27.42
1669636800,27.42,27.52,27.28,27.44
1669638600,27.44,27.58,27.4,27.5
1669640400,27.5,27.58,27.38,27.46
1669642200,27.44,27.54,27.38,27.42
1669644000,27.44,27.5,27.12,27.16
1669645800,27.16,27.24,26.94,27
1669647600,27.02,27.02,27.02,27.02
1669703400,27.14,27.14,27.14,27.14
1669705200,27.14,27.4,26.9,27.06
1669707000,27.04,27.04,26.5,26.68
1669708800,26.66,26.84,26.62,26.8
1669710600,26.78,26.92,26.72,26.9
1669712400,26.88,26.92,26.76,26.76
1669714200,26.76,26.86,26.7,26.82
1669716000,26.8,26.82,26.72,26.74
1669717800,26.74,26.78,26.66,26.74
1669719600,26.74,26.88,26.7,26.78
1669721400,26.8,26.84,26.62,26.68
1669723200,26.66,26.72,26.64,26.66
1669725000,26.66,26.76,26.64,26.68
1669726800,26.68,26.7,26.44,26.68
1669728600,26.7,26.8,26.66,26.78
1669730400,26.8,27.06,26.78,26.88
1669732200,26.9,26.92,26.82,26.84
1669734000,26.86,26.86,26.8,26.8
1669789800,26.7,26.7,26.7,26.7
1669791600,26.72,26.88,26.64,26.78
1669793400,26.78,26.98,26.76,26.94
1669795200,26.92,27.04,26.92,26.98
1669797000,26.98,27.04,26.82,27
1669798800,27.02,27.12,26.94,26.98
1669800600,26.96,27.04,26.92,26.94
1669802400,26.96,27,26.9,26.96
1669804200,26.96,26.98,26.84,26.86
1669806000,26.84,26.9,26.68,26.88
1669807800,26.88,26.9,26.82,26.86
1669809600,26.86,26.92,26.82,26.88
1669811400,26.88,27.28,26.88,27.12
1669813200,27.14,27.16,27.04,27.12
1669815000,27.1,27.12,26.8,26.86
1669816800,26.86,26.88,26.68,26.86
1669818600,26.86,26.88,26.7,26.78
1669820400,26.66,26.66,26.66,26.66
1669876200,27.26,27.26,27.26,27.26
1669878000,27.26,27.28,26.94,27.02
1669879800,27.04,27.06,26.96,27
1669881600,27,27.04,26.9,26.94
1669883400,26.94,27.1,26.92,27.04
1669885200,27.04,27.18,27.04,27.1
1669887000,27.08,27.12,27.02,27.06
1669888800,27.06,27.1,26.96,27
1669890600,27,27,26.9,26.96
1669892400,26.96,26.98,26.8,26.86
1669894200,26.86,27.1,26.86,27.04
1669896000,27.04,27.06,26.88,26.92
1669897800,26.92,26.94,26.82,26.84
1669899600,26.82,26.9,26.76,26.78
1669901400,26.76,26.8,26.56,26.56
1669903200,26.56,26.7,26.54,26.66
1669905000,26.66,26.88,26.58,26.82
1669906800,26.78,26.78,26.78,26.78
1669962600,26.7,26.7,26.7,26.7
1669964400,26.74,26.88,26.68,26.82
1669966200,26.82,26.82,26.64,26.68
1669968000,26.68,26.74,26.54,26.58
1669969800,26.56,26.6,26.46,26.46
1669971600,26.46,26.54,26.28,26.34
1669973400,26.32,26.4,26.22,26.3
1669975200,26.28,26.38,26.24,26.28
1669977000,26.3,26.4,26.28,26.36
1669978800,26.32,26.42,26.3,26.4
1669980600,26.42,26.46,26.32,26.36
1669982400,26.34,26.36,26.26,26.3
1669984200,26.3,26.42,26.26,26.32
1669986000,26.34,26.38,26.28,26.32
1669987800,26.3,26.34,26.16,26.2
1669989600,26.2,26.22,26.02,26.06
1669991400,26.06,26.06,25.74,25.82
1669993200,25.86,25.86,25.86,25.86
1670221800,25.98,25.98,25.98,25.98
1670223600,25.98,26.08,25.74,26
1670225400,26,26,25.76,25.82
1670227200,25.8,25.8,25.46,25.6
1670229000,25.58,25.74,25.54,25.74
1670230800,25.72,25.88,25.62,25.8
1670232600,25.8,26.02,25.78,25.88
1670234400,25.86,26.02,25.86,25.88
1670236200,25.86,26.04,25.86,26
1670238000,26.02,26.04,25.92,26
1670239800,26,26.06,25.96,26.04
1670241600,26.04,26.28,26.04,26.24
1670243400,26.22,26.26,26.12,26.18
1670245200,26.2,26.2,25.88,26.04
1670247000,26.04,26.12,25.88,25.9
1670248800,25.9,25.92,25.74,25.82
1670250600,25.8,25.9,25.58,25.68
1670252400,25.7,25.7,25.7,25.7
1670308200,25.7,25.7,25.7,25.7
1670310000,25.7,26.16,25.66,25.98
1670311800,25.98,26.16,25.9,26.1
1670313600,26.12,26.36,26.1,26.12
1670315400,26.12,26.14,25.96,25.98
1670317200,25.98,26.16,25.94,26.16
1670319000,26.16,26.18,26,26.12
1670320800,26.12,26.18,26.02,26.06
1670322600,26.06,26.08,25.96,26.02
1670324400,26.04,26.04,25.82,25.86
1670326200,25.86,25.96,25.8,25.86
1670328000,25.84,25.9,25.68,25.84
1670329800,25.86,25.94,25.74,25.8
1670331600,25.78,25.86,25.68,25.82
1670333400,25.82,25.92,25.72,25.88
1670335200,25.9,26,25.78,25.82
1670337000,25.82,25.84,25.7,25.74
1670338800,25.8,25.8,25.8,25.8
1670394600,25.8,25.8,25.8,25.8
1670396400,25.8,26,25.78,25.84
1670398200,25.82,25.94,25.78,25.9
1670400000,25.9,26.16,25.88,26.06
1670401800,26.06,26.06,25.82,25.98
1670403600,25.96,26.14,25.92,26.02
1670405400,26.02,26.02,25.88,25.94
1670407200,25.94,26.06,25.94,26.02
1670409000,26.04,26.06,25.94,26
1670410800,26,26.12,25.98,26.1
1670412600,26.1,26.18,25.96,25.98
1670414400,25.98,26,25.84,25.86
1670416200,25.86,25.88,25.7,25.8
1670418000,25.82,25.82,25.32,25.62
1670419800,25.6,25.62,25.08,25.2
1670421600,25.22,25.22,24.7,24.92
1670423400,24.92,25.16,24.78,25
1670425200,25,25,25,25
1670481000,25.08,25.08,25.08,25.08
1670482800,25.08,25.16,24.74,25
1670484600,24.98,25.3,24.94,25.3
1670486400,25.3,25.38,25.12,25.22
1670488200,25.2,25.4,25.14,25.22
1670490000,25.2,25.34,25.18,25.28
1670491800,25.26,25.28,25.06,25.08
1670493600,25.08,25.14,24.88,25
1670495400,25,25.1,24.88,24.92
1670497200,24.92,24.92,24.68,24.9
1670499000,24.9,25.54,24.88,25.48
1670500800,25.46,26.02,25.44,25.86
1670502600,25.86,26.02,25.66,25.8
1670504400,25.8,26.04,25.68,25.96
1670506200,25.98,26,25.68,25.82
1670508000,25.8,25.9,25.7,25.86
1670509800,25.86,25.92,25.76,25.84
1670511600,26.02,26.02,26.02,26.02
1670567400,25.92,25.92,25.92,25.92
1670569200,25.96,26.08,25.86,25.96
1670571000,25.96,26.22,25.92,26.2
1670572800,26.2,26.28,26.04,26.08
1670574600,26.1,26.12,25.96,25.98
1670576400,25.96,26.02,25.88,26
1670578200,26,26.2,25.94,26.12
1670580000,26.1,26.32,26.1,26.32
1670581800,26.34,26.38,26.16,26.22
1670583600,26.22,26.3,26.22,26.26
1670585400,26.28,26.54,26.2,26.5
1670587200,26.5,26.54,26.34,26.38
1670589000,26.38,26.4,26.26,26.34
1670590800,26.34,26.42,26.1,26.22
1670592600,26.22,26.5,26.02,26.38
1670594400,26.36,26.8,26.3,26.76
1670596200,26.78,26.94,26.66,26.8
1670598000,26.88,26.88,26.88,26.88
1670826600,26.84,26.84,26.84,26.84
1670828400,26.84,27.12,26.64,27.1
1670830200,27.1,27.18,27.02,27.12
1670832000,27.12,27.2,27.02,27.12
1670833800,27.12,27.32,27.04,27.3
1670835600,27.3,27.62,27.26,27.6
1670837400,27.6,27.78,27.56,27.62
1670839200,27.62,27.8,27.46,27.62
1670841000,27.62,27.94,27.58,27.92
1670842800,27.92,28.14,27.76,27.88
1670844600,27.88,27.9,27.72,27.84
1670846400,27.82,27.9,27.64,27.68
1670848200,27.68,27.72,27.4,27.58
1670850000,27.58,27.64,27.44,27.58
1670851800,27.58,28.08,27.44,28
1670853600,28,28.08,27.78,27.94
1670855400,27.92,27.96,27.5,27.56
1670857200,27.54,27.54,27.52,27.52
1670913000,27.6,27.6,27.6,27.6
1670914800,27.62,27.86,27.42,27.44
1670916600,27.42,27.68,27.26,27.28
1670918400,27.28,27.28,27.06,27.22
1670920200,27.22,27.38,27.08,27.34
1670922000,27.34,27.42,27.2,27.4
1670923800,27.4,27.7,27.36,27.66
1670925600,27.66,27.82,27.62,27.66
1670927400,27.66,27.84,27.54,27.6
1670929200,27.62,27.82,27.56,27.82
1670931000,27.8,27.88,27.64,27.68
1670932800,27.68,27.74,27.48,27.52
1670934600,27.52,27.64,27.5,27.52
1670936400,27.52,27.66,27.48,27.58
1670938200,27.58,28.02,27.58,27.86
1670940000,27.86,27.9,27.72,27.76
1670941800,27.76,27.78,27.52,27.54
1670943600,27.52,27.52,27.52,27.52
1670999400,27.6,27.6,27.6,27.6
1671001200,27.62,27.9,27.52,27.72
1671003000,27.74,28.1,27.74,28.04
1671004800,28.06,28.16,27.74,28.02
1671006600,28.02,28.72,28.02,28.48
1671008400,28.48,28.48,28.2,28.28
1671010200,28.3,28.52,28.28,28.44
1671012000,28.42,28.5,28.04,28.2
1671013800,28.18,28.34,28.08,28.12
1671015600,28.12,28.14,27.32,27.68
1671017400,27.68,27.88,27.48,27.66
1671019200,27.66,27.78,27.56,27.6
1671021000,27.6,27.96,27.36,27.94
1671022800,27.92,28.18,27.84,27.96
1671024600,27.94,27.96,27.76,27.88
1671026400,27.88,27.92,27.7,27.76
1671028200,27.76,27.98,27.02,27.34
1671030000,27.38,27.38,27.22,27.22
1671085800,27.96,27.96,27.96,27.96
1671087600,27.94,28.02,27.68,27.94
1671089400,27.96,28.16,27.76,27.96
1671091200,27.98,28.78,27.94,28.78
1671093000,28.8,28.9,28.62,28.62
1671094800,28.64,28.78,28.5,28.74
1671096600,28.76,28.78,28.52,28.54
1671098400,28.54,28.66,28.4,28.46
1671100200,28.46,28.68,28.44,28.62
1671102000,28.62,28.72,28.52,28.66
1671103800,28.66,28.72,28.34,28.48
1671105600,28.48,28.52,28.28,28.32
1671107400,28.34,28.34,27.48,27.8
1671109200,27.78,28.04,27.76,27.98
1671111000,28,28.14,27.62,27.64
1671112800,27.6,27.96,27.56,27.9
1671114600,27.92,28.84,27.84,28.54
1671116400,28.56,28.56,28.56,28.56
1671172200,28.72,28.72,28.72,28.72
1671174000,28.72,29.26,28.72,29.24
1671175800,29.22,29.24,28.8,28.88
1671177600,28.86,29.1,28.82,28.92
1671179400,28.92,29.14,28.78,29.04
1671181200,29.02,29.02,28.76,28.94
1671183000,28.94,29.88,28.8,29.54
1671184800,29.52,29.56,29.3,29.5
1671186600,29.5,29.5,29.22,29.38
1671188400,29.38,29.42,29.14,29.32
1671190200,29.3,29.58,29.28,29.46
1671192000,29.44,29.46,29.16,29.22
1671193800,29.22,29.46,29.18,29.34
1671195600,29.32,29.38,28.9,28.96
1671197400,28.94,28.94,28.4,28.7
1671199200,28.7,28.8,28.14,28.18
1671201000,28.18,28.72,28.16,28.48
1671202800,28.76,28.76,28.76,28.76
1671431400,29.04,29.04,29.04,29.04
1671433200,29.02,29.46,29.02,29.36
1671435000,29.38,30.66,29.36,30.26
1671436800,30.26,30.98,30.1,30.8
1671438600,30.8,31.2,30.68,31.16
1671440400,31.18,31.56,31.14,31.44
1671442200,31.48,31.62,31.44,31.62
1671444000,31.62,31.62,31.62,31.62
1671445800,31.62,31.62,31.62,31.62
1671447600,31.62,31.62,31.62,31.62
1671449400,31.62,31.62,31.62,31.62
1671451200,31.62,31.62,31.62,31.62
1671453000,31.62,31.62,31.62,31.62
1671454800,31.62,31.62,31.16,31.54
1671456600,31.52,31.62,31.4,31.52
1671458400,31.54,31.62,31.5,31.62
1671460200,31.62,31.62,31.62,31.62
1671462000,31.62,31.62,31.62,31.62
1671517800,31.48,31.48,31.48,31.48
1671519600,31.46,31.5,29.92,29.92
1671521400,30.12,30.46,29.96,30
1671523200,30,30.14,29.6,29.84
1671525000,29.84,30.22,29.82,30.12
1671526800,30.12,30.32,29.9,29.98
1671528600,29.96,30.18,29.96,30.06
1671530400,30.08,30.12,29.96,30.08
1671532200,30.1,30.16,29.9,30.1
1671534000,30.08,30.18,30.02,30.04
1671535800,30.04,30.08,29.92,30.08
1671537600,30.06,30.08,29.94,30.04
1671539400,30.06,30.08,29.86,29.92
1671541200,29.92,30.34,29.88,30.32
1671543000,30.32,31.1,30.32,30.68
1671544800,30.66,30.9,30.42,30.48
1671546600,30.46,30.56,29.96,30.18
1671548400,30.2,30.2,30.2,30.2
1671604200,30.24,30.24,30.24,30.24
1671606000,30.26,31.78,30.26,31.28
1671607800,31.26,31.4,30.94,31.14
1671609600,31.12,31.24,30.8,30.88
1671611400,30.88,30.96,30.16,30.38
1671613200,30.36,30.38,29.92,30.2
1671615000,30.2,30.52,30,30.5
1671616800,30.48,30.5,30.22,30.44
1671618600,30.44,30.44,30.2,30.32
1671620400,30.32,30.36,30.08,30.32
1671622200,30.32,30.38,30.22,30.26
1671624000,30.26,30.44,30.2,30.28
1671625800,30.28,30.3,29.8,30.02
1671627600,30.04,30.06,29.7,29.84
1671629400,29.86,30,29.8,29.98
1671631200,29.96,30.12,29.84,29.96
1671633000,29.94,29.98,29.6,29.84
1671634800,29.8,29.8,29.8,29.8
1671690600,30.06,30.06,30.06,30.06
1671692400,30.08,30.48,29.96,30.04
1671694200,30.02,30.42,29.92,30.22
1671696000,30.24,30.5,30.12,30.34
1671697800,30.32,30.36,30.1,30.24
1671699600,30.26,30.3,30.16,30.2
1671701400,30.2,30.32,30.14,30.18
1671703200,30.18,30.42,30.16,30.36
1671705000,30.34,30.46,30.26,30.44
1671706800,30.44,30.5,30.2,30.28
1671708600,30.24,30.48,30.24,30.3
1671710400,30.28,30.3,30.12,30.16
1671712200,30.14,30.14,29.78,30
1671714000,29.98,30,29.62,29.7
1671715800,29.68,29.8,29.44,29.54
1671717600,29.54,29.62,29.3,29.36
1671719400,29.34,29.8,29.22,29.78
1671721200,29.76,29.76,29.76,29.76
1671777000,29.84,29.84,29.84,29.84
1671778800,29.82,29.96,29.62,29.66
1671780600,29.66,29.66,29.46,29.6
1671782400,29.6,29.88,29.54,29.76
1671784200,29.78,30.22,29.76,29.98
1671786000,29.98,30.14,29.88,30
1671787800,30,30.14,29.94,30.06
1671789600,30.06,30.18,30.02,30.06
1671791400,30.08,30.08,29.86,29.98
1671793200,29.98,30.02,29.88,29.98
1671795000,29.98,30.04,29.88,29.96
1671796800,29.96,30.08,29.84,29.88
1671798600,29.88,29.92,29.82,29.88
1671800400,29.88,29.96,29.8,29.88
1671802200,29.86,29.92,29.6,29.6
1671804000,29.62,29.74,29.54,29.6
1671805800,29.62,29.8,29.42,29.8
1671807600,29.8,29.8,29.8,29.8
1672036200,30.14,30.14,30.14,30.14
1672038000,30.16,30.98,30.16,30.58
1672039800,30.6,30.66,30.4,30.46
1672041600,30.46,30.56,30.16,30.18
1672043400,30.16,30.4,30.14,30.38
1672045200,30.38,30.54,30.36,30.42
1672047000,30.42,30.5,30.4,30.46
1672048800,30.44,30.48,30.38,30.4
1672050600,30.4,30.52,30.32,30.46
1672052400,30.46,30.5,30.4,30.48
1672054200,30.48,30.52,30.4,30.46
1672056000,30.44,30.76,30.42,30.72
1672057800,30.74,30.76,30.52,30.54
1672059600,30.54,30.62,30.5,30.54
1672061400,30.54,30.56,30.22,30.32
1672063200,30.3,30.42,30.22,30.38
1672065000,30.38,30.38,30.14,30.2
1672066800,30.2,30.22,30.2,30.22
1672122600,30.26,30.26,30.26,30.26
1672124400,30.24,30.34,30.14,30.28
1672126200,30.3,30.32,30.14,30.2
1672128000,30.2,30.22,29.72,30.04
1672129800,30.04,30.24,30,30.16
1672131600,30.14,30.2,30.02,30.08
1672133400,30.08,30.18,30.06,30.1
1672135200,30.08,30.2,30.06,30.18
1672137000,30.18,30.54,30.18,30.34
1672138800,30.34,30.44,30.12,30.12
1672140600,30.12,30.26,30.08,30.2
1672142400,30.22,30.42,30.14,30.42
1672144200,30.42,31,30.34,30.94
1672146000,30.94,31.06,30.32,30.36
1672147800,30.34,30.58,30.32,30.46
1672149600,30.44,30.5,30.26,30.4
1672151400,30.38,30.46,30,30.18
1672153200,30.16,30.16,30.16,30.16
1672209000,30.1,30.1,30.1,30.1
1672210800,30.1,30.32,29.84,29.94
1672212600,29.94,29.96,29.56,29.82
1672214400,29.84,30.7,29.82,30.32
1672216200,30.3,30.72,30.12,30.56
1672218000,30.56,30.68,30.36,30.5
1672219800,30.5,30.62,30.38,30.46
1672221600,30.44,30.5,30.28,30.42
1672223400,30.46,30.54,30.36,30.4
1672225200,30.38,30.48,30.32,30.32
1672227000,30.32,30.38,30.18,30.32
1672228800,30.32,30.38,30.16,30.24
1672230600,30.26,30.26,29.9,29.96
1672232400,29.96,29.96,29.5,29.64
1672234200,29.62,29.66,29.42,29.54
1672236000,29.54,29.56,29.02,29.08
1672237800,29.06,29.48,28.78,29.18
1672239600,29.26,29.26,29.26,29.26
1672295400,29.26,29.26,29.26,29.26
1672297200,29.28,29.66,29.26,29.58
1672299000,29.58,29.78,29.54,29.58
1672300800,29.58,30.06,29.52,29.92
1672302600,29.92,30.22,29.9,29.98
1672304400,29.98,30.5,29.96,30.28
1672306200,30.3,30.32,30.06,30.08
1672308000,30.08,30.32,30.08,30.26
1672309800,30.26,30.34,30.2,30.32
1672311600,30.32,30.42,30.2,30.28
1672313400,30.26,30.3,30.04,30.06
1672315200,30.06,30.18,29.88,30.1
1672317000,30.08,30.24,30.04,30.24
1672318800,30.24,30.34,30.16,30.3
1672320600,30.34,30.82,30.32,30.56
1672322400,30.56,30.68,30.16,30.28
1672324200,30.26,30.34,30.18,30.2
1672326000,30.3,30.3,30.3,30.3
1672381800,30.6,30.6,30.6,30.6
1672383600,30.62,30.92,30.56,30.84
1672385400,30.82,30.84,30.64,30.74
1672387200,30.74,30.8,30.52,30.52
1672389000,30.52,30.56,30.34,30.38
1672390800,30.36,30.42,30.18,30.28
1672392600,30.26,30.54,30.18,30.46
1672394400,30.44,30.5,30.34,30.38
1672396200,30.38,30.38,30.24,30.26
1672398000,30.26,30.5,30.24,30.5
1672399800,30.5,30.6,30.38,30.5
1672401600,30.5,30.52,30.42,30.48
1672403400,30.5,30.56,30.38,30.48
1672405200,30.46,30.5,30.34,30.44
1672407000,30.46,30.5,30.28,30.46
1672408800,30.44,30.46,30.1,30.14
1672410600,30.14,30.2,29.96,30.12
1672412400,30.04,30.04,30.04,30.04
1672641000,30.38,30.38,30.38,30.38
1672642800,30.36,30.44,30.14,30.32
1672644600,30.3,30.4,30.26,30.32
1672646400,30.32,30.6,30.3,30.6
1672648200,30.6,30.7,30.52,30.7
1672650000,30.7,30.98,30.66,30.84
1672651800,30.82,30.86,30.62,30.86
1672653600,30.86,30.88,30.68,30.7
1672655400,30.72,30.76,30.7,30.72
1672657200,30.72,30.74,30.62,30.64
1672659000,30.64,30.7,30.6,30.68
1672660800,30.68,30.76,30.58,30.68
1672662600,30.7,30.78,30.56,30.6
1672664400,30.6,30.64,30.46,30.48
1672666200,30.48,30.58,30.42,30.5
1672668000,30.52,30.7,30.5,30.54
1672669800,30.56,30.68,30.46,30.58
1672671600,30.62,30.62,30.62,30.62
1672727400,30.84,30.84,30.84,30.84
1672729200,30.82,30.9,30.5,30.72
1672731000,30.72,30.82,30.66,30.7
1672732800,30.7,30.72,30.26,30.42
1672734600,30.4,30.48,30.32,30.42
1672736400,30.4,30.46,30.34,30.42
1672738200,30.4,30.52,30.36,30.48
1672740000,30.46,30.52,30.44,30.46
1672741800,30.46,30.5,30.42,30.44
1672743600,30.46,30.48,30.3,30.44
1672745400,30.44,30.5,30.26,30.38
1672747200,30.38,30.42,30.12,30.18
1672749000,30.18,30.3,29.78,30.26
1672750800,30.28,30.3,30.12,30.14
1672752600,30.14,30.3,30.08,30.12
1672754400,30.1,30.12,29.9,29.98
1672756200,29.98,30.1,29.66,29.74
1672758000,29.82,29.82,29.82,29.82
1672813800,29.92,29.92,29.92,29.92
1672815600,29.9,30.2,29.76,30.14
1672817400,30.14,30.3,29.92,30.26
1672819200,30.26,30.44,30.08,30.32
1672821000,30.32,30.34,30.04,30.18
1672822800,30.16,30.28,30.12,30.2
1672824600,30.2,30.34,30.16,30.32
1672826400,30.34,30.36,30.28,30.32
1672828200,30.32,30.36,30.24,30.28
1672830000,30.28,30.36,30.1,30.16
1672831800,30.14,30.24,30.08,30.12
1672833600,30.1,30.2,30.02,30.08
1672835400,30.1,30.34,30.06,30.14
1672837200,30.12,30.12,29.84,29.86
1672839000,29.84,30.08,29.78,29.94
1672840800,29.94,30.14,29.68,30.12
1672842600,30.12,30.3,29.94,29.96
1672844400,29.98,30,29.96,30
1672900200,30.1,30.1,30.1,30.1
1672902000,30.12,30.34,30.04,30.1
1672903800,30.08,30.18,29.86,30.04
1672905600,30.04,30.1,29.34,29.56
1672907400,29.56,29.82,29.46,29.7
1672909200,29.7,29.8,29.38,29.48
1672911000,29.48,29.58,29.3,29.56
1672912800,29.54,29.7,29.52,29.64
1672914600,29.62,29.72,29.52,29.6
1672916400,29.6,29.62,29.26,29.32
1672918200,29.32,29.42,29.22,29.38
1672920000,29.38,29.38,29.02,29.18
1672921800,29.18,29.2,28.68,28.82
1672923600,28.82,28.92,28.6,28.6
1672925400,28.5,28.5,28.5,28.5
1672927200,28.5,28.5,27.32,27.32
1672930800,27,27,27,27
1672986600,27.32,27.32,27.32,27.32
1672988400,27.32,27.5,26.96,26.96
1672990200,27,27.06,25.96,25.96
1672992000,26.66,27.16,26.66,26.88
1672993800,26.88,27.38,26.74,27.22
1672995600,27.22,27.74,27.14,27.54
1672997400,27.54,27.7,27.2,27.68
1672999200,27.68,27.9,27.62,27.66
1673001000,27.64,27.72,27.38,27.5
1673002800,27.5,27.68,27.18,27.28
1673004600,27.26,27.38,27.04,27.28
1673006400,27.28,27.5,27.18,27.44
1673008200,27.44,27.66,27.4,27.52
1673010000,27.5,27.7,27.44,27.62
1673011800,27.62,28.54,27.5,28.52
1673013600,28.52,29.18,28.5,28.92
1673015400,28.92,29.08,28,28.2
1673017200,28.16,28.22,28.16,28.22
1673245800,28.54,28.54,28.54,28.54
1673247600,28.54,28.8,28.16,28.24
1673249400,28.26,28.26,27.9,27.92
1673251200,27.92,27.98,27.56,27.66
1673253000,27.64,27.66,27.12,27.48
1673254800,27.48,27.66,27.28,27.4
1673256600,27.38,27.58,27.34,27.42
1673258400,27.4,27.7,27.24,27.56
1673260200,27.58,27.66,27.4,27.56
1673262000,27.56,27.64,27.4,27.58
1673263800,27.58,27.58,27.18,27.24
1673265600,27.22,27.3,27,27.22
1673267400,27.22,27.24,26.68,26.76
1673269200,26.76,27.12,26.68,27.12
1673271000,27.1,27.14,26.8,26.88
1673272800,26.88,27.04,26.34,26.5
1673274600,26.48,26.74,26.34,26.66
1673276400,26.72,26.72,26.72,26.72
1673332200,26.72,26.72,26.72,26.72
1673334000,26.72,26.72,25.86,26.04
1673335800,26.02,26.4,25.98,26.26
1673337600,26.28,27.14,26.24,27.12
1673339400,27.1,27.26,26.86,26.9
1673341200,26.88,27.02,26.62,26.62
1673343000,26.62,26.84,26.6,26.84
1673344800,26.84,26.86,26.48,26.62
1673346600,26.62,26.74,26.38,26.5
1673348400,26.5,26.6,26.36,26.46
1673350200,26.46,26.56,26.3,26.36
1673352000,26.38,26.66,26.18,26.62
1673353800,26.62,26.82,26.44,26.66
1673355600,26.68,26.74,26.44,26.5
1673357400,26.5,26.56,26,26.12
1673359200,26.1,26.5,26.02,26.1
1673361000,26.1,26.1,25.4,25.88
1673362800,25.78,25.78,25.78,25.78
1673418600,25.8,25.8,25.8,25.8
1673420400,25.82,26.26,25.62,25.84
1673422200,25.84,25.84,25.18,25.68
1673424000,25.7,25.94,25.56,25.64
1673425800,25.64,25.72,25.24,25.4
1673427600,25.38,25.46,25.14,25.38
1673429400,25.38,25.54,25.24,25.4
1673431200,25.38,25.66,25.36,25.54
1673433000,25.54,25.56,25.34,25.44
1673434800,25.44,25.66,25,25.06
1673436600,25.02,25.06,24.52,24.52
1673438400,24.96,24.96,24.64,24.74
1673440200,24.72,25.18,24.72,24.98
1673442000,24.98,25.1,24.68,24.8
1673443800,24.8,24.82,24.32,24.68
1673445600,24.64,24.72,23.9,23.94
1673449200,23.88,23.88,23.88,23.88
1673505000,24.5,24.5,24.5,24.5
1673506800,24.5,24.76,24.28,24.5
1673508600,24.48,24.66,24.42,24.54
1673510400,24.54,24.86,24.54,24.56
1673512200,24.56,24.84,24.5,24.6
1673514000,24.6,24.6,24.12,24.3
1673515800,24.3,24.36,23.46,23.88
1673517600,23.88,23.94,23.24,23.32
1673519400,23.3,23.68,22.66,23.34
1673521200,23.34,23.74,23.32,23.68
1673523000,23.7,23.82,23.14,23.32
1673524800,23.3,24.14,23.26,24.06
1673526600,24.08,24.16,23.76,24.02
1673528400,24.02,24.36,23.84,24.36
1673530200,24.32,24.5,24,24.3
1673532000,24.3,24.74,24.28,24.32
1673533800,24.36,24.66,24.3,24.42
1673535600,24.42,24.52,24.42,24.52
1673591400,24.24,24.24,24.24,24.24
1673593200,24.24,24.58,24.12,24.52
1673595000,24.54,24.96,24.52,24.7
1673596800,24.7,24.76,24.3,24.5
1673598600,24.5,24.66,24.46,24.64
1673600400,24.64,24.7,24.46,24.58
1673602200,24.6,24.78,24.54,24.58
1673604000,24.58,24.68,24.5,24.56
1673605800,24.56,24.72,24.44,24.52
1673607600,24.52,24.56,24.36,24.36
1673609400,24.36,24.52,24.34,24.44
1673611200,24.44,24.5,24.28,24.38
1673613000,24.38,24.38,23.98,24.16
1673614800,24.16,24.18,23.86,24.14
1673616600,24.14,24.38,24.14,24.24
1673618400,24.26,24.26,23.84,24.02
1673620200,24.04,24.32,24.04,24.16
1673622000,24.16,24.16,24.16,24.16
1673850600,24.4,24.4,24.4,24.4
1673852400,24.42,25.42,24.42,25.08
1673854200,25.06,25.1,24.72,25.04
1673856000,25.04,25.1,24.88,24.9
1673857800,24.9,25.24,24.82,25.1
1673859600,25.08,25.1,24.86,25
1673861400,25,25.06,24.88,24.94
1673863200,24.96,25.04,24.88,24.92
1673865000,24.92,24.98,24.86,24.88
1673866800,24.9,25.1,24.88,25.06
1673868600,25.06,25.08,24.92,24.98
1673870400,24.96,24.98,24.8,24.84
1673872200,24.82,24.96,24.72,24.86
1673874000,24.86,25.02,24.76,24.9
1673875800,24.9,24.94,24.8,24.88
1673877600,24.86,25.02,24.8,24.86
1673879400,24.88,25.36,24.82,25.06
1673881200,25.12,25.2,25.12,25.2
1673937000,25.28,25.28,25.28,25.28
1673938800,25.3,25.64,25.16,25.58
1673940600,25.56,25.68,25.34,25.46
1673942400,25.46,25.52,24.88,24.98
1673944200,24.96,25.2,24.78,25
1673946000,25,25.18,25,25.14
1673947800,25.12,25.2,25.04,25.1
1673949600,25.08,25.22,25.06,25.16
1673951400,25.16,25.36,25.12,25.3
1673953200,25.3,25.34,25.02,25.18
1673955000,25.18,25.24,25.1,25.16
1673956800,25.16,25.76,25.04,25.5
1673958600,25.5,25.62,25.26,25.44
1673960400,25.44,25.66,25.36,25.64
1673962200,25.64,25.98,25.6,25.84
1673964000,25.82,25.88,25.5,25.58
1673965800,25.58,25.72,25.14,25.38
1673967600,25.4,25.4,25.4,25.4
1674023400,25.5,25.5,25.5,25.5
1674025200,25.5,25.92,25.5,25.84
1674027000,25.84,26,25.72,25.88
1674028800,25.86,26.04,25.84,25.94
1674030600,25.94,26.2,25.86,26.18
1674032400,26.18,26.3,26.02,26.1
1674034200,26.1,26.18,25.84,25.84
1674036000,25.84,26,25.32,25.54
1674037800,25.54,25.7,25.36,25.58
1674039600,25.58,25.72,25.52,25.68
1674041400,25.68,25.7,25.58,25.64
1674043200,25.66,25.74,25.48,25.5
1674045000,25.5,25.62,25.4,25.6
1674046800,25.58,25.68,25.52,25.66
1674048600,25.68,25.9,25.38,25.52
1674050400,25.5,25.54,25.14,25.28
1674052200,25.28,25.52,25.08,25.44
1674054000,25.44,25.44,25.44,25.44
1674109800,25.34,25.34,25.34,25.34
1674111600,25.34,25.64,25.24,25.6
1674113400,25.58,25.7,25.52,25.58
1674115200,25.58,25.78,25.58,25.74
1674117000,25.74,26.1,25.74,25.88
1674118800,25.86,26.02,25.82,25.88
1674120600,25.88,26.06,25.84,25.96
1674122400,26,26,25.7,25.76
1674124200,25.76,25.84,25.66,25.82
1674126000,25.82,25.94,25.62,25.84
1674127800,25.84,25.94,25.66,25.68
1674129600,25.68,25.76,25.56,25.6
1674131400,25.58,25.64,25.38,25.5
1674133200,25.48,25.54,25.34,25.38
1674135000,25.4,25.58,25.34,25.56
1674136800,25.56,25.62,25.34,25.46
1674138600,25.44,25.68,25.44,25.6
1674140400,25.64,25.64,25.64,25.64
1674196200,25.72,25.72,25.72,25.72
1674198000,25.74,25.86,25.58,25.78
1674199800,25.76,25.96,25.7,25.94
1674201600,25.96,26.5,25.96,26.5
1674203400,26.5,27.12,26.4,26.76
1674205200,26.76,26.9,26.56,26.6
1674207000,26.62,26.7,26.56,26.68
1674208800,26.68,26.74,26.52,26.66
1674210600,26.66,26.78,26.56,26.7
1674212400,26.7,26.7,26.52,26.52
1674214200,26.54,26.72,26.48,26.64
1674216000,26.62,26.82,26.6,26.74
1674217800,26.74,26.84,26.64,26.7
1674219600,26.7,26.88,26.56,26.68
1674221400,26.66,26.72,26.5,26.58
1674223200,26.56,26.88,26.54,26.84
1674225000,26.84,26.94,26.7,26.74
1674226800,26.9,26.9,26.9,26.9
1674455400,27.5,27.5,27.5,27.5
1674457200,27.52,27.64,27.34,27.5
1674459000,27.5,28.24,27.46,28.18
1674460800,28.18,29.2,28.1,28.74
1674462600,28.74,28.76,28.46,28.6
1674464400,28.62,28.96,28.6,28.9
1674466200,28.92,29.02,28.66,28.66
1674468000,28.68,28.8,28.62,28.74
1674469800,28.74,28.8,28.64,28.74
1674471600,28.72,28.74,28.54,28.58
1674473400,28.58,28.62,28.36,28.48
1674475200,28.48,28.5,28.16,28.28
1674477000,28.28,28.32,28,28.06
1674478800,28.04,28.12,27.88,28
1674480600,28,28.22,27.84,28.1
1674482400,28.08,28.1,27.48,27.74
1674484200,27.74,27.82,26.8,27.16
1674486000,27.16,27.16,27.16,27.16
1674541800,27.16,27.16,27.16,27.16
1674543600,27.14,27.86,27.04,27.42
1674545400,27.44,27.46,26.84,26.86
1674547200,26.86,27.02,26.4,26.84
1674549000,26.82,27.1,26.82,27.02
1674550800,27.02,27.5,26.86,27.28
1674552600,27.28,27.5,27.22,27.34
1674554400,27.34,27.4,26.66,26.98
1674556200,26.98,27.08,26.9,26.92
1674558000,26.92,27.02,26.7,26.78
1674559800,26.76,26.98,26.72,26.88
1674561600,26.88,26.88,26.46,26.5
1674563400,26.5,26.78,26.44,26.62
1674565200,26.62,26.66,26.32,26.52
1674567000,26.5,26.64,26.12,26.18
1674568800,26.18,26.7,26.14,26.48
1674570600,26.5,26.54,26.28,26.44
1674572400,26.44,26.44,26.44,26.44
1674628200,26.7,26.7,26.7,26.7
1674630000,26.7,26.78,26.36,26.48
1674631800,26.46,26.56,26.38,26.44
1674633600,26.44,26.5,26.24,26.24
1674635400,26.24,26.3,25.82,25.88
1674637200,25.86,25.92,25.64,25.72
1674639000,25.74,25.92,25.5,25.64
1674640800,25.64,25.64,25.38,25.38
1674642600,25.44,25.66,25.34,25.44
1674644400,25.44,25.5,24.84,25.02
1674646200,25.04,25.2,24.88,25.16
1674648000,25.16,25.44,25.06,25.08
1674649800,25.08,25.12,24.9,25.12
1674651600,25.14,25.14,24.7,24.8
1674653400,24.8,25.6,24.58,25.3
1674655200,25.3,25.56,25.22,25.32
1674657000,25.32,25.64,25.3,25.5
1674658800,25.5,25.5,25.5,25.5
1674714600,25.58,25.58,25.58,25.58
1674716400,25.58,25.6,25.04,25.3
1674718200,25.3,25.44,25.18,25.34
1674720000,25.36,25.74,25.04,25.04
1674721800,25.04,25.08,24.66,24.9
1674723600,24.9,25.16,24.88,25.08
1674725400,25.08,25.22,24.9,24.98
1674727200,24.96,25.02,24.82,24.86
1674729000,24.86,25.04,24.84,24.94
1674730800,24.94,25.08,24.82,25.02
1674732600,25.04,25.12,24.86,24.88
1674734400,24.86,25,24.82,24.88
1674736200,24.88,24.96,24.76,24.86
1674738000,24.86,24.98,24.7,24.94
1674739800,24.96,25.14,24.92,24.96
1674741600,24.98,25.14,24.86,24.86
1674743400,24.86,24.96,24.5,24.52
1674745200,24.52,24.54,24.52,24.54
1674801000,24.1,24.1,24.1,24.1
1674802800,24.1,24.46,24.1,24.34
1674804600,24.32,24.34,23.9,24
1674806400,24.02,24.12,23.86,24.08
1674808200,24.08,24.16,23.96,23.98
1674810000,23.98,24.08,23.88,23.9
1674811800,23.9,23.94,23.78,23.86
1674813600,23.84,23.88,23.74,23.86
1674815400,23.84,23.86,23.52,23.7
1674817200,23.7,23.88,23.62,23.78
1674819000,23.78,23.92,23.58,23.86
1674820800,23.88,23.9,23.66,23.66
1674822600,23.66,23.68,23.24,23.44
1674824400,23.44,23.56,23.26,23.3
1674826200,23.3,23.4,23.06,23.28
1674828000,23.3,23.88,23.26,23.86
1674829800,23.84,24.12,23.76,23.76
1674831600,23.82,23.82,23.82,23.82
1675060200,24,24,24,24
1675062000,24,24.24,23.84,23.88
1675063800,23.9,24.24,23.84,24.2
1675065600,24.2,24.46,24.2,24.38
1675067400,24.36,24.46,24.24,24.38
1675069200,24.36,24.4,24.16,24.18
1675071000,24.18,24.4,24.16,24.28
1675072800,24.3,24.3,23.92,24
1675074600,24.02,24.08,23.94,24.06
1675076400,24.06,24.08,23.72,23.82
1675078200,23.8,23.82,23.6,23.76
1675080000,23.76,23.88,23.7,23.76
1675081800,23.76,23.88,23.66,23.72
1675083600,23.7,24.14,23.66,24.02
1675085400,24.04,24.1,23.82,23.98
1675087200,24,24.06,23.66,23.7
1675089000,23.68,23.88,23.62,23.86
1675090800,23.88,23.88,23.88,23.88
1675146600,23.72,23.72,23.72,23.72
1675148400,23.84,23.96,23.56,23.72
1675150200,23.72,23.76,23.58,23.64
1675152000,23.64,24.18,23.6,24.14
1675153800,24.14,24.24,23.66,23.76
1675155600,23.76,24.04,23.76,23.96
1675157400,23.98,24,23.8,23.84
1675159200,23.82,23.84,23.68,23.76
1675161000,23.76,24.14,23.74,24.08
1675162800,24.08,24.48,24.08,24.2
1675164600,24.2,24.32,24.18,24.28
1675166400,24.28,24.62,24.26,24.44
1675168200,24.46,24.72,24.44,24.54
1675170000,24.54,24.58,24.38,24.46
1675171800,24.46,24.52,24.36,24.38
1675173600,24.38,24.48,24.16,24.24
1675175400,24.2,24.22,23.84,24.06
1675177200,24.04,24.04,24.04,24.04
1675233000,24.2,24.2,24.2,24.2
1675234800,24.2,24.42,23.98,24.1
1675236600,24.1,24.32,24.04,24.24
1675238400,24.26,24.28,23.72,23.78
1675240200,23.78,23.86,23.22,23.28
1675242000,23.28,23.46,23.2,23.42
1675243800,23.44,23.48,23.14,23.16
1675245600,23.16,23.4,23.12,23.34
1675247400,23.34,23.42,23.24,23.28
1675249200,23.28,23.3,23.14,23.24
1675251000,23.24,23.6,23.18,23.52
1675252800,23.52,23.62,23.42,23.52
1675254600,23.54,23.64,23.32,23.46
1675256400,23.48,23.5,23.18,23.2
1675258200,23.18,23.3,22.74,22.74
1675260000,22.76,22.84,22.42,22.44
1675263600,22.36,22.36,22.36,22.36
1675319400,22.4,22.4,22.4,22.4
1675321200,22.4,22.7,22.14,22.48
1675323000,22.48,22.54,21.74,22.04
1675324800,22.06,22.86,22.04,22.84
1675326600,22.84,23.04,22.52,22.62
1675328400,22.62,22.86,22.32,22.44
1675330200,22.46,22.52,22.2,22.4
1675332000,22.38,22.44,22.14,22.24
1675333800,22.26,22.36,22.14,22.32
1675335600,22.32,22.46,22.2,22.22
1675337400,22.22,22.26,21.9,22.08
1675339200,22.08,22.12,21.94,22
1675341000,21.98,22,21.28,21.44
1675342800,21.44,21.66,21,21.28
1675344600,21.3,21.82,21.08,21.64
1675346400,21.64,21.72,21.16,21.68
1675348200,21.7,22.04,21.66,21.78
1675350000,21.88,21.88,21.88,21.88
1675405800,21.94,21.94,21.94,21.94
1675407600,21.94,22.44,21.92,22.42
1675409400,22.4,22.62,22.14,22.4
1675411200,22.4,22.44,22.24,22.3
1675413000,22.3,22.66,22.28,22.48
1675414800,22.48,22.52,22.34,22.46
1675416600,22.48,22.56,22.38,22.44
1675418400,22.46,22.46,22.14,22.28
1675420200,22.3,22.5,22.28,22.44
1675422000,22.44,22.56,22.36,22.54
1675423800,22.54,22.66,22.5,22.6
1675425600,22.6,22.8,22.58,22.64
1675427400,22.62,22.8,22.5,22.78
1675429200,22.78,22.96,22.72,22.82
1675431000,22.8,23.08,22.68,23.04
1675432800,23.04,23.8,23.04,23.62
1675434600,23.62,23.84,23.38,23.58
1675436400,23.58,23.58,23.58,23.58
1675665000,22.9,22.9,22.9,22.9
1675666800,22.9,23.44,22.76,23.14
1675668600,23.14,23.16,22.76,22.8
1675670400,22.8,22.86,22.68,22.82
1675672200,22.82,22.98,22.8,22.94
1675674000,22.94,22.96,22.8,22.88
1675675800,22.88,23.32,22.86,23.18
1675677600,23.2,23.2,22.98,23.04
1675679400,23.02,23.04,22.7,22.74
1675681200,22.74,22.76,22.52,22.64
1675683000,22.64,22.68,22.5,22.54
1675684800,22.54,22.58,22.42,22.48
1675686600,22.48,22.94,22.44,22.46
1675688400,22.48,22.58,22.44,22.52
1675690200,22.52,22.52,22.44,22.44
1675692000,22.44,22.9,22.42,22.7
1675693800,22.7,23.7,22.5,23.22
1675695600,22.54,22.54,22.54,22.54
1675751400,22.8,22.8,22.8,22.8
1675753200,22.8,22.86,22,22.34
1675755000,22.32,22.46,22.14,22.4
1675756800,22.4,22.4,22.1,22.2
1675758600,22.18,22.2,21.82,21.82
1675760400,21.84,21.98,21.78,21.88
1675762200,21.86,21.88,21.52,21.68
1675764000,21.7,21.7,21.38,21.42
1675765800,21.4,21.8,21.3,21.78
1675767600,21.78,21.8,21.1,21.16
1675769400,21.12,21.44,20.76,20.82
1675771200,20.8,21.32,20.74,21.1
1675773000,21.12,21.46,21.04,21.38
1675774800,21.38,21.86,21.38,21.68
1675776600,21.68,22,21.46,21.56
1675778400,21.56,21.64,20.88,20.98
1675780200,20.98,21.1,20.58,21.02
1675782000,21.06,21.06,21.06,21.06
1676442600,22.5,22.5,22.5,22.5
1676444400,22.5,23.06,22.22,23.02
1676446200,23.02,23.16,22.94,23.12
1676448000,23.12,23.16,23.1,23.16
1676449800,23.16,23.16,23.12,23.16
1676451600,23.16,23.16,23.14,23.16
1676453400,23.16,23.16,23.16,23.16
1676455200,23.16,23.16,23.16,23.16
1676457000,23.16,23.16,23.16,23.16
1676458800,23.16,23.16,23.16,23.16
1676460600,23.16,23.16,23.16,23.16
1676462400,23.16,23.16,23.16,23.16
1676464200,23.16,23.16,23.16,23.16
1676466000,23.16,23.16,23.16,23.16
1676467800,23.16,23.16,23.16,23.16
1676469600,23.16,23.16,23.16,23.16
1676471400,23.16,23.16,23.16,23.16
1676473200,23.16,23.16,23.16,23.16
1676529000,25.3,25.3,25.3,25.3
1676530800,25.26,25.3,24.2,24.56
1676532600,24.54,24.62,24.2,24.26
1676534400,24.26,24.26,23.26,23.84
1676536200,23.82,23.86,23.3,23.8
1676538000,23.8,23.82,23.44,23.56
1676539800,23.58,23.64,23.24,23.3
1676541600,23.32,23.64,23.2,23.6
1676543400,23.62,23.66,23.4,23.46
1676545200,23.46,23.48,23.14,23.28
1676547000,23.28,23.6,23.28,23.48
1676548800,23.48,23.66,23.36,23.36
1676550600,23.36,23.6,23.36,23.6
1676552400,23.62,23.72,23.48,23.62
1676554200,23.62,23.72,23.44,23.56
1676556000,23.54,23.64,23.24,23.26
1676557800,23.26,23.38,22.92,23.16
1676559600,22.98,22.98,22.98,22.98
1676615400,22.6,22.6,22.6,22.6
1676617200,22.6,23.36,22.54,23.3
1676619000,23.3,23.54,23.1,23.22
1676620800,23.24,23.3,22.98,23.02
1676622600,23.02,23.12,22.92,22.94
1676624400,22.94,23.04,22.86,23.04
1676626200,23.02,23.1,22.94,23
1676628000,23,23.24,22.98,23.02
1676629800,23.02,23.06,22.9,22.92
1676631600,22.9,23.04,22.88,22.92
1676633400,22.92,22.98,22.84,22.94
1676635200,22.94,23,22.72,22.76
1676637000,22.74,22.9,22.68,22.84
1676638800,22.84,22.94,22.74,22.94
1676640600,22.92,22.98,22.8,22.98
1676642400,22.96,22.98,22.8,22.92
1676644200,22.92,22.96,22.68,22.74
1676646000,22.68,22.68,22.68,22.68
1676874600,22.8,22.8,22.8,22.8
1676876400,22.8,22.94,22.7,22.84
1676878200,22.82,22.84,22.56,22.72
1676880000,22.72,22.84,22.62,22.72
1676881800,22.74,23.2,22.74,23.06
1676883600,23.08,23.2,23.02,23.02
1676885400,23.02,23.08,22.84,22.9
1676887200,22.9,23.06,22.88,23.04
1676889000,23.04,23.28,23.02,23.2
1676890800,23.18,23.2,22.88,22.92
1676892600,22.92,23.02,22.9,23
1676894400,22.98,23,22.74,22.84
1676896200,22.82,22.88,22.74,22.8
1676898000,22.8,22.84,22.74,22.8
1676899800,22.78,22.84,22.76,22.82
1676901600,22.82,22.88,22.72,22.76
1676903400,22.76,22.8,22.72,22.78
1676905200,22.74,22.74,22.74,22.74
1676961000,22.56,22.56,22.56,22.56
1676962800,22.56,22.96,22.52,22.92
1676964600,22.92,23,22.84,22.94
1676966400,22.94,22.96,22.68,22.82
1676968200,22.82,22.84,22.68,22.76
1676970000,22.76,22.8,22.6,22.64
1676971800,22.64,22.8,22.62,22.74
1676973600,22.76,22.76,22.66,22.68
1676975400,22.7,22.74,22.68,22.72
1676977200,22.72,22.74,22.66,22.72
1676979000,22.68,22.72,22.68,22.72
1676980800,22.7,22.74,22.66,22.7
1676982600,22.7,22.94,22.68,22.94
1676984400,22.92,23.1,22.84,22.9
1676986200,22.88,22.98,22.88,22.94
1676988000,22.96,22.96,22.6,22.66
1676989800,22.64,22.86,22.54,22.72
1676991600,22.68,22.68,22.68,22.68
1677047400,22.68,22.68,22.68,22.68
1677049200,22.68,23.14,22.6,23.1
1677051000,23.12,23.12,22.78,22.96
1677052800,22.98,23.22,22.94,23.06
1677054600,23.08,23.08,22.88,23
1677056400,22.98,23.06,22.92,23
1677058200,22.98,23.02,22.8,22.82
1677060000,22.82,22.86,22.78,22.84
1677061800,22.82,22.94,22.8,22.92
1677063600,22.92,22.96,22.86,22.9
1677065400,22.92,22.94,22.78,22.94
1677067200,22.94,23.02,22.86,22.92
1677069000,22.9,22.94,22.8,22.88
1677070800,22.88,22.9,22.8,22.82
1677072600,22.82,22.96,22.76,22.8
1677074400,22.8,22.88,22.72,22.76
1677076200,22.76,22.88,22.7,22.76
1677078000,22.78,22.78,22.78,22.78
1677133800,22.84,22.84,22.84,22.84
1677135600,22.86,23.08,22.84,22.98
1677137400,22.96,23.32,22.96,23.28
1677139200,23.28,23.46,23.26,23.34
1677141000,23.34,23.4,23.16,23.22
1677142800,23.2,23.26,23.16,23.16
1677144600,23.16,23.24,23.1,23.16
1677146400,23.16,23.26,23.14,23.24
1677148200,23.24,23.32,23.2,23.26
1677150000,23.26,23.28,22.74,22.8
1677151800,22.8,22.88,22.64,22.8
1677153600,22.78,22.8,22.54,22.66
1677155400,22.64,22.82,22.62,22.72
1677157200,22.7,22.84,22.68,22.8
1677159000,22.8,22.84,22.6,22.72
1677160800,22.7,22.74,22.6,22.7
1677162600,22.7,22.8,22.64,22.72
1677164400,22.74,22.74,22.74,22.74
1677220200,22.76,22.76,22.76,22.76
1677222000,22.78,22.88,22.72,22.74
1677223800,22.76,22.76,22.6,22.6
1677225600,22.6,22.62,22.48,22.48
1677227400,22.48,22.58,22.44,22.56
1677229200,22.54,22.6,22.48,22.54
1677231000,22.54,22.54,22.48,22.52
1677232800,22.52,22.54,22.48,22.52
1677234600,22.54,22.54,22.48,22.5
1677236400,22.5,22.54,22.44,22.5
1677238200,22.5,22.5,22.38,22.4
1677240000,22.4,22.42,22.26,22.3
1677241800,22.3,22.36,22.26,22.32
1677243600,22.32,22.4,22.18,22.36
1677245400,22.36,22.4,22.28,22.32
1677247200,22.3,22.44,22.28,22.34
1677249000,22.34,22.34,22.22,22.28
1677250800,22.28,22.28,22.24,22.24
1677479400,22.4,22.4,22.4,22.4
1677481200,22.38,22.62,22.24,22.26
1677483000,22.28,22.32,21.96,22.14
1677484800,22.14,22.14,21.98,22.08
1677486600,22.06,22.14,22.04,22.14
1677488400,22.12,22.24,22.08,22.22
1677490200,22.22,22.26,22.1,22.24
1677492000,22.24,22.32,22.22,22.28
1677493800,22.28,22.48,22.26,22.46
1677495600,22.46,22.62,22.36,22.56
1677497400,22.58,22.66,22.48,22.58
1677499200,22.58,22.64,22.44,22.5
1677501000,22.5,22.52,22.42,22.5
1677502800,22.5,22.78,22.48,22.72
1677504600,22.72,22.76,22.54,22.7
1677506400,22.7,23.16,22.66,23.14
1677508200,23.12,23.96,23,23.48
1677510000,23.6,23.6,23.6,23.6
1677565800,23.76,23.76,23.76,23.76
1677567600,23.74,23.78,23.3,23.42
1677569400,23.44,24.08,23.3,24.04
1677571200,24.06,24.08,23.56,23.58
1677573000,23.56,23.8,23.56,23.72
1677574800,23.7,23.72,23.48,23.48
1677576600,23.5,23.78,23.46,23.7
1677578400,23.7,23.8,23.68,23.76
1677580200,23.76,23.78,23.58,23.66
1677582000,23.68,23.84,23.64,23.74
1677583800,23.74,23.86,23.72,23.74
1677585600,23.72,23.76,23.62,23.68
1677587400,23.7,23.72,23.58,23.6
1677589200,23.6,23.64,23.36,23.4
1677591000,23.42,23.52,23.34,23.36
1677592800,23.34,23.48,23.26,23.4
1677594600,23.4,23.4,23.2,23.26
1677596400,23.26,23.28,23.26,23.28
1677652200,23.4,23.4,23.4,23.4
1677654000,23.42,23.68,23.4,23.44
1677655800,23.44,23.6,23.36,23.54
1677657600,23.52,23.58,23.44,23.46
1677659400,23.46,23.5,23.32,23.36
1677661200,23.34,23.38,23.3,23.36
1677663000,23.34,23.52,23.34,23.4
1677664800,23.42,23.46,23.36,23.38
1677666600,23.36,23.42,23.34,23.34
1677668400,23.34,23.38,23.28,23.3
1677670200,23.3,23.38,23.28,23.38
1677672000,23.38,23.64,23.36,23.6
1677673800,23.62,23.66,23.54,23.6
1677675600,23.6,23.62,23.52,23.56
1677677400,23.56,23.76,23.5,23.7
1677679200,23.7,23.8,23.54,23.64
1677681000,23.62,23.64,23.44,23.52
1677682800,23.56,23.56,23.56,23.56
1677738600,23.48,23.48,23.48,23.48
1677740400,23.48,23.86,23.48,23.76
1677742200,23.76,23.92,23.6,23.88
1677744000,23.88,24.18,23.86,24.14
1677745800,24.16,24.2,23.94,23.94
1677747600,23.94,23.98,23.8,23.82
1677749400,23.82,23.84,23.72,23.78
1677751200,23.8,23.9,23.72,23.82
1677753000,23.82,23.84,23.72,23.78
1677754800,23.76,23.86,23.74,23.86
1677756600,23.86,23.9,23.78,23.82
1677758400,23.8,23.84,23.64,23.72
1677760200,23.7,23.78,23.64,23.66
1677762000,23.66,23.82,23.6,23.8
1677763800,23.8,23.82,23.6,23.66
1677765600,23.66,23.88,23.62,23.68
1677767400,23.68,23.74,23.54,23.68
1677769200,23.74,23.74,23.74,23.74
1677825000,23.58,23.58,23.58,23.58
1677826800,23.6,23.66,23.46,23.52
1677828600,23.5,23.92,23.5,23.88
1677830400,23.88,24.22,23.84,23.86
1677832200,23.86,24,23.84,23.84
1677834000,23.86,24.06,23.7,23.7
1677835800,23.7,24.02,23.58,23.96
1677837600,23.98,24.1,23.92,23.98
1677839400,23.96,24.04,23.9,23.92
1677841200,23.92,23.98,23.88,23.9
1677843000,23.88,24,23.86,23.9
1677844800,23.92,23.94,23.32,23.7
1677846600,23.68,24.2,23.66,23.98
1677848400,23.98,24.04,23.5,23.74
1677850200,23.76,23.92,23.54,23.78
1677852000,23.76,23.92,23.66,23.8
1677853800,23.8,23.9,23.54,23.86
1677855600,23.88,23.88,23.88,23.88
1678084200,24.06,24.06,24.06,24.06
1678086000,24.08,24.3,24,24.16
1678087800,24.16,24.7,24.14,24.64
1678089600,24.62,24.78,24.56,24.66
1678091400,24.68,24.7,24.5,24.64
1678093200,24.64,24.68,24.46,24.48
1678095000,24.48,24.6,24.46,24.48
1678096800,24.48,24.68,24.46,24.56
1678098600,24.56,24.72,24.52,24.68
1678100400,24.68,24.86,24.6,24.82
1678102200,24.82,25.4,24.74,25.32
1678104000,25.34,25.8,25.3,25.68
1678105800,25.7,25.92,25.56,25.58
1678107600,25.58,25.74,25.56,25.64
1678109400,25.64,25.86,25.62,25.8
1678111200,25.8,25.92,25.56,25.58
1678113000,25.58,25.82,25.34,25.64
1678114800,25.64,25.7,25.64,25.7
1678170600,26.02,26.02,26.02,26.02
1678172400,26.02,26.46,25.92,26.3
1678174200,26.32,26.9,26.3,26.42
1678176000,26.42,26.44,26.22,26.28
1678177800,26.28,26.48,26.04,26.46
1678179600,26.46,26.58,26.32,26.4
1678181400,26.4,26.44,26.12,26.14
1678183200,26.16,26.28,26.04,26.12
1678185000,26.1,26.2,26,26.14
1678186800,26.14,26.22,26,26.1
1678188600,26.08,26.28,26.08,26.16
1678190400,26.16,26.2,26.06,26.1
1678192200,26.1,26.14,25.94,25.98
1678194000,26,26,25.68,25.9
1678195800,25.92,26.12,25.74,26.08
1678197600,26.06,26.08,25.78,25.82
1678199400,25.82,25.86,25.62,25.76
1678201200,25.66,25.66,25.66,25.66
1678257000,25.6,25.6,25.6,25.6
1678258800,25.6,26.04,25.46,25.9
1678260600,25.9,26.08,25.84,25.96
1678262400,25.98,26.28,25.98,26.12
1678264200,26.12,26.14,26,26.04
1678266000,26.02,26.06,25.96,26.02
1678267800,26.02,26.04,25.9,25.92
1678269600,25.92,25.94,25.68,25.78
1678271400,25.76,25.84,25.68,25.68
1678273200,25.68,25.72,25.54,25.7
1678275000,25.7,25.88,25.68,25.8
1678276800,25.8,25.86,25.74,25.84
1678278600,25.82,25.92,25.78,25.88
1678280400,25.9,26.16,25.9,26.16
1678282200,26.16,27.48,26.14,27.14
1678284000,27.16,27.56,27,27.5
1678285800,27.48,28.22,27.24,28.22
1678287600,28.22,28.22,28.22,28.22
1678343400,28.2,28.2,28.2,28.2
1678345200,28.18,28.6,27.54,28.18
1678347000,28.2,29.08,27.96,28.88
1678348800,28.88,29.28,28.46,28.5
1678350600,28.5,28.66,28.38,28.54
1678352400,28.54,28.62,28.24,28.5
1678354200,28.48,28.48,28.2,28.26
1678356000,28.24,28.32,28.08,28.3
1678357800,28.3,28.72,28.3,28.7
1678359600,28.68,29.04,28.48,28.5
1678361400,28.5,28.76,28.42,28.58
1678363200,28.58,28.84,28.4,28.74
1678365000,28.72,29.12,28.64,28.78
1678366800,28.8,29.1,28.7,28.94
1678368600,28.96,29.14,28.7,28.78
1678370400,28.78,28.78,28.26,28.34
1678372200,28.34,28.38,27.98,28.04
1678374000,28.04,28.04,28.04,28.04
1678429800,27.96,27.96,27.96,27.96
1678431600,27.94,28.8,27.72,28.8
1678433400,28.8,28.88,28.34,28.34
1678435200,28.36,28.58,28.34,28.52
1678437000,28.52,28.62,28.42,28.46
1678438800,28.44,28.66,28.42,28.46
1678440600,28.46,28.46,28.18,28.28
1678442400,28.28,28.38,28.24,28.26
1678444200,28.26,28.28,28,28.08
1678446000,28.08,28.38,28.08,28.34
1678447800,28.34,28.6,28.28,28.42
1678449600,28.42,29.34,28.4,29.18
1678451400,29.2,29.28,28.5,28.5
1678453200,28.52,28.74,28.2,28.5
1678455000,28.5,28.82,28.46,28.54
1678456800,28.54,28.72,28.36,28.64
1678458600,28.64,28.74,28.36,28.42
1678460400,28.46,28.46,28.46,28.46
1678689000,28.4,28.4,28.4,28.4
1678690800,28.4,28.76,27.7,27.94
1678692600,27.96,28.14,27.82,27.88
1678694400,27.9,27.9,27.7,27.74
1678696200,27.74,27.76,27.42,27.46
1678698000,27.44,27.56,27.12,27.46
1678699800,27.48,27.58,27.3,27.36
1678701600,27.36,27.36,26.98,26.98
1678703400,27.02,27.46,26.98,27.44
1678705200,27.44,27.44,27.14,27.26
1678707000,27.26,27.44,27.06,27.14
1678708800,27.14,27.22,27,27.08
1678710600,27.08,27.22,26.9,27.2
1678712400,27.2,27.46,27.16,27.22
1678714200,27.22,27.42,27,27.36
1678716000,27.34,27.42,27,27.06
1678717800,27.06,27.22,26.84,26.9
1678719600,26.86,26.86,26.86,26.86
1678775400,26.86,26.86,26.86,26.86
1678777200,26.86,27.42,26.84,26.92
1678779000,26.92,27.06,26.84,27.04
1678780800,27.02,27.08,26.64,26.82
1678782600,26.8,26.84,26.7,26.76
1678784400,26.78,26.96,26.64,26.94
1678786200,26.96,26.96,26.66,26.76
1678788000,26.74,26.94,26.6,26.9
1678789800,26.9,27.06,26.76,27.06
1678791600,27.06,27.14,26.94,27.06
1678793400,27.06,27.06,26.9,26.96
1678795200,26.96,27.06,26.82,26.94
1678797000,26.94,27.06,26.84,26.96
1678798800,26.98,27.68,26.98,27.56
1678800600,27.56,27.6,27.28,27.42
1678802400,27.42,27.58,27.24,27.26
1678804200,27.26,27.36,26.28,26.38
1678806000,26.38,26.38,26.32,26.32
1678861800,26.5,26.5,26.5,26.5
1678863600,26.5,26.62,26.3,26.32
1678865400,26.34,26.36,25.82,25.94
1678867200,25.94,26.64,25.9,26.5
1678869000,26.5,26.6,26.22,26.38
1678870800,26.38,26.52,26.3,26.44
1678872600,26.48,26.56,26.3,26.32
1678874400,26.3,26.48,26.24,26.36
1678876200,26.36,26.4,26.16,26.16
1678878000,26.16,26.26,25.92,25.94
1678879800,25.94,26.3,25.92,25.98
1678881600,25.98,26.14,25.9,26.08
1678883400,26.1,26.24,26.06,26.12
1678885200,26.14,26.42,26.14,26.22
1678887000,26.22,26.32,25.98,25.98
1678888800,26,26.28,25.98,26.16
1678890600,26.16,26.54,26.04,26.3
1678892400,26.3,26.44,26.3,26.44
1678948200,26.64,26.64,26.64,26.64
1678950000,26.66,27,26.54,26.7
1678951800,26.7,27.08,26.62,27.04
1678953600,27.04,27.1,26.84,27.06
1678955400,27.04,27.1,26.88,26.94
1678957200,26.94,27.06,26.84,26.96
1678959000,26.96,26.98,26.88,26.9
1678960800,26.92,26.96,26.82,26.92
1678962600,26.92,27.02,26.88,27
1678964400,27,27.04,26.86,26.92
1678966200,26.92,26.98,26.84,26.84
1678968000,26.86,26.9,26.8,26.86
1678969800,26.84,26.86,26.4,26.42
1678971600,26.4,26.56,26.24,26.26
1678973400,26.26,26.6,26.2,26.54
1678975200,26.54,26.54,26.32,26.42
1678977000,26.42,26.76,26.34,26.7
1678978800,26.7,26.7,26.7,26.7
1679034600,26.98,26.98,26.98,26.98
1679036400,27,27.24,26.92,26.98
1679038200,26.98,27.1,26.84,26.86
1679040000,26.86,27.04,26.8,26.92
1679041800,26.9,27.14,26.88,27
1679043600,27,27.12,26.96,26.98
1679045400,26.98,27.1,26.96,27
1679047200,26.98,27.02,26.86,26.9
1679049000,26.9,26.92,26.8,26.86
1679050800,26.84,26.92,26.72,26.84
1679052600,26.84,26.88,26.6,26.64
1679054400,26.64,26.8,26.56,26.6
1679056200,26.56,26.92,26.54,26.68
1679058000,26.7,26.82,26.6,26.68
1679059800,26.64,26.74,26.54,26.58
1679061600,26.58,26.84,26.5,26.58
1679063400,26.56,26.64,26.24,26.34
1679065200,25.56,25.56,25.56,25.56
1679293800,25.66,25.66,25.66,25.66
1679295600,25.64,25.92,25.44,25.7
1679297400,25.72,25.82,25.66,25.72
1679299200,25.74,25.8,25.54,25.56
1679301000,25.54,25.74,25.48,25.7
1679302800,25.68,25.74,25.52,25.56
1679304600,25.56,25.64,25.54,25.6
1679306400,25.62,25.68,25.54,25.6
1679308200,25.62,25.74,25.5,25.5
1679310000,25.52,25.54,25.42,25.46
1679311800,25.46,25.54,25.34,25.4
1679313600,25.38,25.66,25.36,25.64
1679315400,25.66,25.82,25.58,25.74
1679317200,25.74,25.86,25.64,25.68
1679319000,25.68,25.82,25.6,25.76
1679320800,25.74,25.88,25.62,25.66
1679322600,25.66,26.32,25.6,25.8
1679324400,25.9,25.9,25.9,25.9
1679380200,25.84,25.84,25.84,25.84
1679382000,25.84,25.98,25.52,25.64
1679383800,25.62,25.66,25.44,25.44
1679385600,25.48,25.7,25.42,25.66
1679387400,25.68,25.7,25.44,25.52
1679389200,25.52,25.52,25.3,25.32
1679391000,25.32,25.32,25.02,25.06
1679392800,25.06,25.22,24.98,25.06
1679394600,25.06,25.3,25.02,25.28
1679396400,25.3,25.4,25.14,25.28
1679398200,25.28,25.32,25.14,25.26
1679400000,25.26,25.34,25.06,25.28
1679401800,25.28,25.84,25.28,25.54
1679403600,25.54,25.84,25.52,25.62
1679405400,25.62,25.8,25.58,25.78
1679407200,25.8,25.92,25.54,25.6
1679409000,25.58,25.66,25.04,25.1
1679410800,25.08,25.08,25.08,25.08
1679466600,25.3,25.3,25.3,25.3
1679468400,25.26,25.38,24.98,25.14
1679470200,25.14,25.28,25.08,25.2
1679472000,25.2,25.26,25.08,25.24
1679473800,25.22,25.64,25.22,25.64
1679475600,25.62,25.72,25.4,25.48
1679477400,25.48,25.56,25.46,25.5
1679479200,25.52,25.66,25.48,25.58
1679481000,25.58,25.66,25.52,25.6
1679482800,25.62,25.62,25.48,25.54
1679484600,25.52,25.62,25.5,25.56
1679486400,25.54,25.64,25.48,25.54
1679488200,25.56,25.58,25.5,25.52
1679490000,25.54,25.56,25.16,25.44
1679491800,25.44,26.18,25.44,26.1
1679493600,26.1,26.18,25.82,25.92
1679495400,25.94,26.18,25.62,26.12
1679497200,26.12,26.12,26.12,26.12
1679553000,25.98,25.98,25.98,25.98
1679554800,26,26.46,25.94,26.34
1679556600,26.32,26.78,26.3,26.62
1679558400,26.62,26.78,26.56,26.6
1679560200,26.62,26.68,26.54,26.66
1679562000,26.66,26.68,26.56,26.6
1679563800,26.6,26.66,26.52,26.62
1679565600,26.6,26.66,26.58,26.62
1679567400,26.62,26.84,26.62,26.82
1679569200,26.84,26.92,26.66,26.78
1679571000,26.8,26.8,26.68,26.7
1679572800,26.7,26.8,26.68,26.72
1679574600,26.74,26.96,26.6,26.68
1679576400,26.68,26.82,26.54,26.76
1679578200,26.74,26.88,26.7,26.8
1679580000,26.82,27.12,26.76,26.86
1679581800,26.86,27.3,26.78,27.2
1679583600,27.38,27.38,27.38,27.38
1679639400,27.4,27.4,27.4,27.4
1679641200,27.4,27.52,27.3,27.38
1679643000,27.34,27.5,27.32,27.44
1679644800,27.42,27.46,27.16,27.26
1679646600,27.26,27.3,27.12,27.18
1679648400,27.2,27.22,27.12,27.16
1679650200,27.16,27.16,26.92,27
1679652000,27.02,27.02,26.76,27
1679653800,27,27.06,26.86,26.88
1679655600,26.88,26.9,26.72,26.8
1679657400,26.82,26.88,26.66,26.7
1679659200,26.68,26.94,26.62,26.94
1679661000,26.9,27.08,26.88,27.02
1679662800,27,27.04,26.9,27.04
1679664600,27.04,27.06,26.86,26.98
1679666400,26.98,27.2,26.98,27.16
1679668200,27.16,27.24,26.86,26.92
1679670000,26.92,26.92,26.92,26.92
1679898600,27.26,27.26,27.26,27.26
1679900400,27.26,27.32,26.96,27
1679902200,27,27.06,26.86,26.9
1679904000,26.86,27.14,26.78,27.04
1679905800,27.06,27.1,26.98,27.08
1679907600,27.08,27.14,27.04,27.1
1679909400,27.12,27.16,27.08,27.1
1679911200,27.1,27.16,27.1,27.14
1679913000,27.14,27.16,27.04,27.1
1679914800,27.1,27.12,27.04,27.04
1679916600,27.04,27.14,27.04,27.1
1679918400,27.1,27.16,27.06,27.12
1679920200,27.12,27.44,27.1,27.3
1679922000,27.28,27.32,27.16,27.26
1679923800,27.26,27.48,27.12,27.46
1679925600,27.46,27.52,27.22,27.3
1679927400,27.3,27.3,26.8,26.84
1679929200,26.84,26.84,26.84,26.84
1679985000,26.6,26.6,26.6,26.6
1679986800,26.72,27.18,26.66,26.96
1679988600,26.96,27.2,26.92,27.02
1679990400,27.04,27.18,26.94,27.02
1679992200,27.04,27.1,26.84,26.9
1679994000,26.9,27.14,26.86,27.1
1679995800,27.08,27.14,27.04,27.06
1679997600,27.08,27.16,26.98,27.02
1679999400,27.04,27.06,26.94,27.04
1680001200,27.04,27.06,26.98,27.02
1680003000,27.02,27.12,27.02,27.08
1680004800,27.06,27.14,27.02,27.06
1680006600,27.06,27.06,26.82,26.88
1680008400,26.88,26.96,26.68,26.68
1680010200,26.68,26.98,26.66,26.86
1680012000,26.84,26.86,26.5,26.78
1680013800,26.78,26.78,26.1,26.1
1680015600,26.16,26.16,26.16,26.16
1680071400,26,26,26,26
1680073200,26.06,26.6,26.06,26.4
1680075000,26.4,26.6,26.34,26.56
1680076800,26.56,26.9,26.5,26.86
1680078600,26.88,27.18,26.86,26.96
1680080400,26.98,27.3,26.94,26.98
1680082200,26.96,27.04,26.86,26.88
1680084000,26.88,27.04,26.86,26.92
1680085800,26.92,27.02,26.92,26.94
1680087600,26.94,27.02,26.92,26.92
1680089400,26.94,27.04,26.9,27
1680091200,27,27.1,26.88,26.94
1680093000,26.94,27.02,26.92,26.96
1680094800,26.96,27.1,26.92,26.94
1680096600,26.94,27.3,26.9,27.2
1680098400,27.22,27.3,27.04,27.12
1680100200,27.12,27.44,27.08,27.4
1680102000,27.42,27.42,27.42,27.42
1680157800,27.42,27.42,27.42,27.42
1680159600,27.4,28.3,27.32,27.9
1680161400,27.92,28.08,27.82,27.96
1680163200,27.98,28.12,27.96,28.04
1680165000,28.04,28.32,28.02,28.24
1680166800,28.24,28.24,28,28.04
1680168600,28.04,28.06,27.8,28
1680170400,28,28.1,27.94,28.1
1680172200,28.1,28.14,27.98,28.1
1680174000,28.1,28.3,28.08,28.3
1680175800,28.28,28.44,28.2,28.24
1680177600,28.24,28.36,28.22,28.32
1680179400,28.34,28.4,28.14,28.16
1680181200,28.18,28.34,28.12,28.24
1680183000,28.22,28.3,28.14,28.28
1680184800,28.3,28.42,28.06,28.16
1680186600,28.16,28.72,28.12,28.26
1680188400,28.26,28.36,28.26,28.36
1680244200,28.06,28.06,28.06,28.06
1680246000,28.08,28.32,27.72,27.88
1680247800,27.86,27.92,27.68,27.78
1680249600,27.78,27.9,27.76,27.86
1680251400,27.88,28.14,27.86,28.12
1680253200,28.14,28.28,28.12,28.14
1680255000,28.12,28.16,27.98,27.98
1680256800,27.98,28.06,27.96,28.02
1680258600,28,28.08,27.96,28.02
1680260400,28,28.18,28,28.06
1680262200,28.04,28.06,27.9,28
1680264000,28.02,28.12,28,28.1
1680265800,28.1,28.22,28.08,28.16
1680267600,28.16,28.28,27.82,27.82
1680269400,27.82,28.04,27.64,27.68
1680271200,27.66,28.14,27.66,28.14
1680273000,28.14,28.5,27.82,27.82
1680274800,27.86,27.86,27.86,27.86
1680503400,27.66,27.66,27.66,27.66
1680505200,27.68,28,27.52,27.86
1680507000,27.86,27.88,27.58,27.7
1680508800,27.7,28.3,27.66,28.02
1680510600,28.04,28.06,27.86,27.88
1680512400,27.86,27.9,27.74,27.8
1680514200,27.78,27.8,27.66,27.7
1680516000,27.7,27.76,27.64,27.68
1680517800,27.68,27.74,27.66,27.7
1680519600,27.72,27.78,27.54,27.62
1680521400,27.62,27.62,27.3,27.44
1680523200,27.44,27.56,27.38,27.54
1680525000,27.54,27.58,27.34,27.4
1680526800,27.42,27.54,27.12,27.52
1680528600,27.54,28.24,27.46,28.06
1680530400,28.06,28.2,27.82,28
1680532200,28,28.24,27.96,28.04
1680534000,28.14,28.14,28.14,28.14
1680589800,28.16,28.16,28.16,28.16
1680591600,28.16,28.52,28.12,28.48
1680593400,28.5,28.68,28.4,28.42
1680595200,28.44,28.46,28.34,28.42
1680597000,28.4,28.5,28.26,28.5
1680598800,28.48,28.48,28.22,28.26
1680600600,28.24,28.38,28.24,28.3
1680602400,28.28,28.36,28.28,28.28
1680604200,28.28,28.3,27.98,28.06
1680606000,28.04,28.12,27.96,28.02
1680607800,28,28.12,27.82,27.84
1680609600,27.84,28,27.7,28
1680611400,27.98,28.06,27.88,27.92
1680613200,27.92,27.94,27.64,27.86
1680615000,27.88,28.24,27.78,28.24
1680616800,28.22,28.48,28.14,28.34
1680618600,28.36,28.46,28.26,28.36
1680620400,28.36,28.42,28.36,28.4
1680676200,28.44,28.44,28.44,28.44
1680678000,28.42,28.52,28.26,28.28
1680679800,28.3,28.5,28.3,28.5
1680681600,28.5,28.5,28.28,28.3
1680683400,28.3,28.44,28.24,28.42
1680685200,28.44,28.5,28.32,28.34
1680687000,28.36,28.42,28.32,28.36
1680688800,28.36,28.38,28.28,28.32
1680690600,28.32,28.36,28.28,28.32
1680692400,28.3,28.32,28.08,28.16
1680694200,28.18,28.3,28.1,28.28
1680696000,28.28,28.36,28.22,28.34
1680697800,28.34,28.34,28.14,28.22
1680699600,28.2,28.32,28.08,28.1
1680701400,28.1,28.16,27.94,28
1680703200,28,28.1,27.84,27.88
1680705000,27.86,27.92,27.54,27.6
1680706800,27.64,27.64,27.64,27.64
1680762600,27.6,27.6,27.6,27.6
1680764400,27.62,27.84,27.62,27.72
1680766200,27.7,27.9,27.7,27.76
1680768000,27.78,27.98,27.72,27.92
1680769800,27.92,28.02,27.76,27.84
1680771600,27.84,27.9,27.8,27.84
1680773400,27.84,27.94,27.84,27.88
1680775200,27.9,27.92,27.82,27.84
1680777000,27.86,27.92,27.8,27.88
1680778800,27.88,27.9,27.84,27.86
1680780600,27.86,27.86,27.72,27.74
1680782400,27.72,27.74,27.36,27.48
1680784200,27.52,27.6,27.48,27.54
1680786000,27.54,27.64,27.42,27.62
1680787800,27.6,27.74,27.6,27.66
1680789600,27.68,27.72,27.42,27.46
1680791400,27.46,27.6,27.24,27.36
1680793200,27.34,27.34,27.34,27.34
1680849000,27.3,27.3,27.3,27.3
1680850800,27.32,27.58,27.28,27.56
1680852600,27.56,27.58,27.36,27.38
1680854400,27.36,27.44,27.32,27.44
1680856200,27.42,27.46,27.4,27.42
1680858000,27.42,27.5,27.38,27.42
1680859800,27.4,27.42,27.36,27.4
1680861600,27.4,27.42,27.34,27.36
1680863400,27.36,27.38,27.26,27.28
1680865200,27.28,27.34,27.22,27.32
1680867000,27.32,27.34,27.26,27.3
1680868800,27.3,27.38,27.28,27.36
1680870600,27.36,27.72,27.34,27.66
1680872400,27.64,27.68,27.48,27.52
1680874200,27.5,27.64,27.4,27.6
1680876000,27.58,27.64,27.38,27.48
1680877800,27.46,27.48,27.22,27.26
1680879600,27.28,27.28,27.28,27.28
1681108200,27.4,27.4,27.4,27.4
1681110000,27.38,27.78,27.38,27.64
1681111800,27.64,27.68,27.5,27.54
1681113600,27.54,27.66,27.5,27.66
1681115400,27.64,27.72,27.62,27.64
1681117200,27.66,27.74,27.64,27.72
1681119000,27.72,27.8,27.68,27.76
1681120800,27.74,27.86,27.72,27.78
1681122600,27.76,27.78,27.7,27.74
1681124400,27.74,27.78,27.68,27.72
1681126200,27.72,27.74,27.58,27.68
1681128000,27.66,27.76,27.66,27.72
1681129800,27.7,27.76,27.68,27.74
1681131600,27.76,27.84,27.74,27.76
1681133400,27.76,27.84,27.72,27.82
1681135200,27.82,27.96,27.8,27.9
1681137000,27.9,27.9,27.74,27.8
1681138800,27.82,27.82,27.82,27.82
1681194600,27.92,27.92,27.92,27.92
1681196400,27.92,28.22,27.72,28.1
1681198200,28.1,28.4,28.02,28.4
1681200000,28.4,28.42,28.24,28.32
1681201800,28.32,28.38,28.2,28.3
1681203600,28.32,28.38,28.24,28.28
1681205400,28.26,28.28,28.06,28.14
1681207200,28.14,28.2,28.1,28.14
1681209000,28.14,28.2,28.08,28.14
1681210800,28.14,28.14,28.02,28.12
1681212600,28.14,28.28,28.12,28.18
1681214400,28.16,28.26,28.1,28.26
1681216200,28.24,28.28,28.16,28.16
1681218000,28.16,28.16,28.06,28.12
1681219800,28.12,28.14,28.02,28.12
1681221600,28.14,28.26,28.04,28.18
1681223400,28.18,28.9,28.14,28.82
1681225200,28.82,28.82,28.82,28.82
1681281000,28.96,28.96,28.96,28.96
1681282800,28.98,29.3,28.74,29.12
1681284600,29.1,29.2,29.04,29.18
1681286400,29.18,29.22,29.12,29.12
1681288200,29.12,29.22,29.1,29.16
1681290000,29.14,29.28,29.1,29.24
1681291800,29.24,29.36,29.2,29.26
1681293600,29.26,29.28,29.22,29.24
1681295400,29.26,29.32,29.24,29.26
1681297200,29.26,29.36,29.22,29.3
1681299000,29.32,29.34,29.24,29.28
1681300800,29.26,29.46,29.24,29.38
1681302600,29.38,30.34,29.36,30.06
1681304400,30.06,30.18,29.94,30.1
1681306200,30.08,30.14,29.82,29.98
1681308000,29.98,30.38,29.92,30.18
1681309800,30.18,30.98,30.02,30.46
1681311600,30.3,30.3,30.3,30.3
1681367400,30.32,30.32,30.32,30.32
1681369200,30.3,30.52,30.04,30.08
1681371000,30.06,30.22,30,30.16
1681372800,30.16,30.58,30.12,30.56
1681374600,30.56,30.78,30.28,30.36
1681376400,30.34,30.44,30.28,30.3
1681378200,30.3,30.36,30.14,30.14
1681380000,30.12,30.24,30.12,30.2
1681381800,30.22,30.4,30.2,30.32
1681383600,30.34,30.44,30.24,30.32
1681385400,30.32,30.44,30.2,30.34
1681387200,30.34,30.42,30.14,30.16
1681389000,30.16,30.26,30.1,30.16
1681390800,30.16,30.18,29.76,29.78
1681392600,29.78,29.86,29.64,29.82
1681394400,29.82,30.04,29.78,29.84
1681396200,29.84,29.88,29.56,29.62
1681398000,29.62,29.62,29.46,29.46
1681453800,28.12,28.12,28.12,28.12
1681455600,28.12,28.12,27.5,27.92
1681457400,27.94,28.16,27.92,27.98
1681459200,28,28,27.88,27.88
1681461000,27.88,27.92,27.74,27.8
1681462800,27.78,27.78,27.66,27.74
1681464600,27.74,27.84,27.74,27.8
1681466400,27.8,27.82,27.7,27.7
1681468200,27.7,27.72,27.56,27.58
1681470000,27.56,27.64,27.44,27.46
1681471800,27.44,27.52,27.28,27.4
1681473600,27.4,27.54,27.34,27.48
1681475400,27.46,27.52,27.34,27.38
1681477200,27.4,27.5,27.3,27.4
1681479000,27.4,27.58,27.36,27.5
1681480800,27.5,27.56,27.38,27.5
1681482600,27.5,27.54,27.28,27.36
1681484400,27.34,27.34,27.34,27.34
1681713000,27.36,27.36,27.36,27.36
1681714800,27.38,27.82,27.38,27.76
1681716600,27.76,27.78,27.52,27.6
1681718400,27.6,27.72,27.56,27.68
1681720200,27.66,27.74,27.58,27.64
1681722000,27.62,27.66,27.56,27.58
1681723800,27.58,27.62,27.54,27.62
1681725600,27.6,27.74,27.6,27.66
1681727400,27.68,27.7,27.64,27.68
1681729200,27.68,27.7,27.56,27.58
1681731000,27.6,27.8,27.54,27.66
1681732800,27.66,27.68,27.6,27.66
1681734600,27.64,27.66,27.4,27.46
1681736400,27.46,27.54,27.36,27.36
1681738200,27.36,27.38,27.26,27.32
1681740000,27.32,27.54,27.24,27.32
1681741800,27.3,27.32,27.06,27.12
1681743600,27.24,27.24,27.24,27.24
1681799400,27.28,27.28,27.28,27.28
1681801200,27.3,28.02,27.3,28
1681803000,28,28.2,27.88,28.02
1681804800,28.02,28.08,27.84,27.88
1681806600,27.88,27.9,27.64,27.66
1681808400,27.64,27.76,27.58,27.74
1681810200,27.72,27.74,27.58,27.6
1681812000,27.6,27.78,27.6,27.72
1681813800,27.72,27.88,27.68,27.84
1681815600,27.82,27.92,27.66,27.84
1681817400,27.8,27.88,27.76,27.82
1681819200,27.82,27.82,27.7,27.82
1681821000,27.82,27.88,27.7,27.7
1681822800,27.72,27.9,27.7,27.84
1681824600,27.84,28.14,27.74,27.96
1681826400,27.96,28.08,27.74,27.9
1681828200,27.9,28.06,27.8,27.86
1681830000,27.84,27.84,27.84,27.84
1681885800,27.98,27.98,27.98,27.98
1681887600,27.98,28.14,27.9,27.96
1681889400,27.94,27.98,27.68,27.74
1681891200,27.74,27.78,27.58,27.66
1681893000,27.64,27.68,27.56,27.58
1681894800,27.56,27.64,27.52,27.56
1681896600,27.56,27.6,27.48,27.54
1681898400,27.54,27.6,27.5,27.58
1681900200,27.6,27.68,27.58,27.64
1681902000,27.66,27.7,27.62,27.68
1681903800,27.66,27.76,27.64,27.66
1681905600,27.68,27.72,27.58,27.68
1681907400,27.68,27.8,27.66,27.72
1681909200,27.74,28.26,27.72,28.1
1681911000,28.1,28.16,28,28
1681912800,28.02,29.5,27.86,29.04
1681914600,29.04,30.4,29,29.46
1681916400,29.44,29.5,29.44,29.5
1681972200,28.62,28.62,28.62,28.62
1681974000,28.98,29.04,28.42,28.62
1681975800,28.62,29.02,28.46,28.6
1681977600,28.6,28.74,28.34,28.4
1681979400,28.42,28.44,28.1,28.28
1681981200,28.26,28.36,28.04,28.16
1681983000,28.14,28.14,28.14,28.14
1682317800,28.3,28.3,28.3,28.3
1682319600,28.28,28.42,28.1,28.36
1682321400,28.34,28.58,28.32,28.52
1682323200,28.52,28.54,28.38,28.38
1682325000,28.4,28.4,28.2,28.34
1682326800,28.32,28.32,28.22,28.26
1682328600,28.26,28.36,28.24,28.28
1682330400,28.28,28.56,28.28,28.52
1682332200,28.54,28.66,28.28,28.28
1682334000,28.28,28.58,28.28,28.52
1682335800,28.52,28.56,28.42,28.42
1682337600,28.44,28.52,28.38,28.4
1682339400,28.4,28.44,28.24,28.3
1682341200,28.3,28.5,28.22,28.26
1682343000,28.26,28.4,28.24,28.34
1682344800,28.34,28.5,28.26,28.3
1682346600,28.3,28.36,28.02,28.12
1682348400,28.18,28.18,28.18,28.18
1682404200,28.2,28.2,28.2,28.2
1682406000,28.2,28.34,27.92,27.94
1682407800,27.92,28.22,27.9,28.06
1682409600,28.08,28.16,28,28.08
1682411400,28.08,28.1,27.96,28
1682413200,28,28.06,27.94,27.96
1682415000,27.94,28.04,27.92,27.98
1682416800,27.96,28.06,27.96,28
1682418600,28,28.04,27.98,27.98
1682420400,27.98,28.14,27.96,28.04
1682422200,28.04,28.08,27.92,27.96
1682424000,27.96,28.12,27.92,28.06
1682425800,28.04,28.06,27.98,28.04
1682427600,28.04,28.04,27.7,27.76
1682429400,27.76,27.78,27.3,27.32
1682431200,27.32,27.4,27.18,27.36
1682433000,27.34,27.56,26.9,27.06
1682434800,27.08,27.08,27.08,27.08
1682490600,26.96,26.96,26.96,26.96
1682492400,26.96,27.62,26.96,27.44
1682494200,27.44,27.54,27.36,27.5
1682496000,27.52,27.6,27.18,27.4
1682497800,27.4,27.46,27.28,27.34
1682499600,27.36,27.46,27.22,27.24
1682501400,27.26,27.3,27.14,27.2
1682503200,27.2,27.44,27.18,27.3
1682505000,27.3,27.4,27.26,27.32
1682506800,27.3,27.38,27.28,27.28
1682508600,27.28,27.38,27.26,27.38
1682510400,27.38,27.38,27.14,27.16
1682512200,27.18,27.44,26.92,27.4
1682514000,27.4,27.78,27.26,27.4
1682515800,27.4,27.44,27.26,27.4
1682517600,27.4,27.46,26.82,27.02
1682519400,27.04,27.5,26.96,27.02
1682521200,27.1,27.1,27.1,27.1
1682577000,27.1,27.1,27.1,27.1
1682578800,27.1,27.72,27.1,27.52
1682580600,27.52,27.68,27.42,27.66
1682582400,27.66,27.74,27.4,27.44
1682584200,27.42,27.54,27.34,27.44
1682586000,27.44,27.66,27.42,27.6
1682587800,27.58,27.8,27.54,27.72
1682589600,27.72,27.96,27.7,27.76
1682591400,27.76,27.8,27.66,27.66
1682593200,27.68,27.84,27.62,27.76
1682595000,27.78,27.9,27.72,27.8
1682596800,27.8,28.14,27.78,27.94
1682598600,27.94,28,27.8,27.92
1682600400,27.92,28.06,27.76,27.98
1682602200,27.98,28.08,27.88,27.98
1682604000,27.96,28.18,27.76,28.02
1682605800,28.04,28.14,27.88,28.12
1682607600,28,28,28,28
1682663400,28,28,28,28
1682665200,28.02,28.18,28,28.02
1682667000,28.02,28.16,27.94,28
1682668800,28.02,28.02,27.82,27.88
1682670600,27.88,27.94,27.8,27.86
1682672400,27.84,27.94,27.72,27.9
1682674200,27.9,28.02,27.8,27.86
1682676000,27.86,27.98,27.86,27.94
1682677800,27.94,27.98,27.86,27.94
1682679600,27.94,28.12,27.9,28.02
1682681400,28.02,28.08,27.92,28
1682683200,27.98,28.3,27.94,28.28
1682685000,28.28,28.32,28.06,28.06
1682686800,28.08,28.1,27.9,27.98
1682688600,27.98,28.04,27.8,27.86
1682690400,27.88,28.02,27.2,27.52
1682692200,27.5,27.54,26.8,27.42
1682694000,27.38,27.38,27.38,27.38
1683009000,27.48,27.48,27.48,27.48
1683010800,27.48,28.06,27.38,27.86
1683012600,27.86,28,27.68,27.86
1683014400,27.84,27.96,27.78,27.82
1683016200,27.82,27.88,27.62,27.62
1683018000,27.64,28,27.58,27.92
1683019800,27.9,27.92,27.7,27.72
1683021600,27.72,27.86,27.62,27.82
1683023400,27.8,27.88,27.74,27.78
1683025200,27.78,27.9,27.72,27.84
1683027000,27.84,28.14,27.84,28.14
1683028800,28.14,28.2,28.02,28.08
1683030600,28.1,28.16,28,28
1683032400,28.02,28.08,27.98,28
1683034200,28,28.08,27.8,27.86
1683036000,27.86,27.88,27.48,27.62
1683037800,27.6,27.72,27.48,27.62
1683039600,27.6,27.6,27.6,27.6
1683095400,27.72,27.72,27.72,27.72
1683097200,27.72,28,27.48,27.68
1683099000,27.64,27.72,27.32,27.56
1683100800,27.54,27.62,27.3,27.46
1683102600,27.46,27.54,27.26,27.3
1683104400,27.28,27.38,27.06,27.28
1683106200,27.28,27.56,27.24,27.36
1683108000,27.34,27.38,27.2,27.24
1683109800,27.22,27.38,27.2,27.28
1683111600,27.3,27.58,27.26,27.58
1683113400,27.56,27.68,27.38,27.44
1683115200,27.46,27.56,27.26,27.34
1683117000,27.34,27.48,27.12,27.2
1683118800,27.18,27.22,26.7,26.78
1683120600,26.8,27.52,26.76,27.48
1683122400,27.48,27.88,27.3,27.4
1683124200,27.4,27.68,26.92,27.28
1683126000,27.36,27.36,27.36,27.36
1683181800,27.2,27.2,27.2,27.2
1683183600,27.2,27.72,27.2,27.58
1683185400,27.58,27.9,27.54,27.86
1683187200,27.86,27.96,27.72,27.8
1683189000,27.78,27.98,27.74,27.86
1683190800,27.88,27.94,27.74,27.8
1683192600,27.78,27.82,27.7,27.7
1683194400,27.7,27.8,27.68,27.76
1683196200,27.74,27.76,27.52,27.52
1683198000,27.52,27.58,27.5,27.54
1683199800,27.54,27.68,27.5,27.6
1683201600,27.6,27.6,27.5,27.56
1683203400,27.54,27.6,27.44,27.52
1683205200,27.52,27.56,27.46,27.5
1683207000,27.52,27.56,27.32,27.32
1683208800,27.32,27.38,26.84,26.9
1683210600,26.88,26.96,26.32,26.58
1683212400,26.58,26.58,26.58,26.58
1683268200,26.5,26.5,26.5,26.5
1683270000,26.5,26.74,25.92,26.02
1683271800,26,26.4,25.98,26.16
1683273600,26.16,26.16,25.92,25.98
1683275400,25.98,26.04,25.86,25.92
1683277200,25.92,25.96,25.8,25.88
1683279000,25.88,25.92,25.74,25.92
1683280800,25.9,25.94,25.8,25.9
1683282600,25.9,25.98,25.82,25.86
1683284400,25.88,25.88,25.78,25.8
1683286200,25.8,25.86,25.76,25.8
1683288000,25.82,25.9,25.76,25.82
1683289800,25.84,26,25.8,25.9
1683291600,25.9,26.08,25.8,25.86
1683293400,25.86,25.86,25.68,25.68
1683295200,25.7,25.76,25.64,25.68
1683297000,25.7,25.76,25.5,25.58
1683298800,25.5,25.5,25.5,25.5
1683527400,25.7,25.7,25.7,25.7
1683529200,25.7,25.86,25.22,25.52
1683531000,25.52,25.58,25.4,25.56
1683532800,25.54,25.78,25.52,25.58
1683534600,25.58,25.68,25.5,25.62
1683536400,25.64,25.68,25.5,25.54
1683538200,25.52,25.6,25.5,25.52
1683540000,25.52,25.76,25.52,25.74
1683541800,25.74,26.02,25.72,25.9
1683543600,25.9,26.22,25.86,26
1683545400,26,26,25.82,25.9
1683547200,25.9,25.94,25.78,25.92
1683549000,25.92,26.58,25.92,26.5
1683550800,26.52,27.26,26.5,27.24
1683552600,27.24,27.54,27.16,27.42
1683554400,27.42,27.96,27.38,27.68
1683556200,27.68,27.98,27.4,27.82
1683558000,27.84,27.84,27.84,27.84
1683613800,27.7,27.7,27.7,27.7
1683615600,27.7,28.38,27.54,28.02
1683617400,28,28.1,27.64,27.66
1683619200,27.66,28.32,27.58,28.22
1683621000,28.2,28.5,28.06,28.38
1683622800,28.4,29.46,28.38,29.34
1683624600,29.34,29.42,28.9,29.2
1683626400,29.22,29.36,29.08,29.28
1683628200,29.28,29.36,29.06,29.24
1683630000,29.24,29.42,29.12,29.26
1683631800,29.24,29.28,29.04,29.06
1683633600,29.06,29.08,28.38,28.58
1683635400,28.58,28.58,28.04,28.14
1683637200,28.14,28.26,27.7,27.86
1683639000,27.9,28.84,27.7,28.7
1683640800,28.7,28.8,28.22,28.52
1683642600,28.5,28.74,28.3,28.54
1683644400,28.4,28.4,28.4,28.4
1683700200,28.34,28.34,28.34,28.34
1683702000,28.34,28.86,28.3,28.54
1683703800,28.52,28.58,28.34,28.4
1683705600,28.42,28.86,28.28,28.64
1683707400,28.64,28.96,28.58,28.86
1683709200,28.88,28.9,28.56,28.76
1683711000,28.74,28.84,28.62,28.66
1683712800,28.66,28.66,28.56,28.64
1683714600,28.64,28.76,28.58,28.62
1683716400,28.62,29.1,28.46,29.06
1683718200,29.06,29.26,28.88,28.98
1683720000,28.98,29.16,28.84,29.06
1683721800,29.06,29.14,28.92,28.96
1683723600,28.94,29.02,28.68,28.76
1683725400,28.76,28.78,28.38,28.54
1683727200,28.54,28.78,28.48,28.76
1683729000,28.76,28.88,28.38,28.4
1683730800,28.38,28.38,28.38,28.38
1683786600,28.38,28.38,28.38,28.38
1683788400,28.38,29.34,28.32,29.22
1683790200,29.22,29.76,29.22,29.74
1683792000,29.74,30.28,29.7,30.14
1683793800,30.16,30.54,30.1,30.18
1683795600,30.2,30.42,30.02,30.38
1683797400,30.4,30.68,30.26,30.36
1683799200,30.36,30.42,30.2,30.34
1683801000,30.34,30.38,30.14,30.16
1683802800,30.16,31.2,29.82,31.06
1683804600,31.04,31.18,30.98,31.08
1683806400,31.08,31.2,31.06,31.2
1683808200,31.2,31.2,31.2,31.2
1683810000,31.2,31.2,30.92,31.2
1683811800,31.2,31.2,31.18,31.2
1683813600,31.2,31.2,31.2,31.2
1683815400,31.2,31.2,31.2,31.2
1683817200,31.2,31.2,31.2,31.2
1683873000,32.48,32.48,32.48,32.48
1683874800,32.48,33.24,31.9,32.48
1683876600,32.48,33.06,32.2,32.8
1683878400,32.8,33.22,32.6,33.12
1683880200,33.14,33.24,32.72,32.78
1683882000,32.78,32.9,32.42,32.8
1683883800,32.8,33.04,32.74,32.92
1683885600,32.9,33.1,32.78,32.98
1683887400,33,33.04,32.84,32.86
1683889200,32.86,33.08,32.76,32.9
1683891000,32.9,32.94,32.72,32.8
1683892800,32.82,33.2,32.8,33.08
1683894600,33.1,33.42,33.02,33.2
1683896400,33.18,33.66,33.12,33.52
1683898200,33.52,33.52,32.62,32.82
1683900000,32.84,33.3,32.84,33.06
1683901800,33.04,33.42,32.84,32.88
1683903600,33.1,33.1,33.1,33.1
1684132200,29.8,29.8,29.8,29.8
1684134000,29.8,29.8,29.8,29.8
1684135800,29.8,30.22,29.8,29.8
1684137600,29.8,30.68,29.8,29.94
1684139400,29.94,29.98,29.8,29.8
1684141200,29.8,29.8,29.8,29.8
1684143000,29.8,29.8,29.8,29.8
1684144800,29.8,29.8,29.8,29.8
1684146600,29.8,29.8,29.8,29.8
1684148400,29.8,29.8,29.8,29.8
1684150200,29.8,29.8,29.8,29.8
1684152000,29.8,29.8,29.8,29.8
1684153800,29.8,29.8,29.8,29.8
1684155600,29.8,29.8,29.8,29.8
1684157400,29.8,29.8,29.8,29.8
1684159200,29.8,29.8,29.8,29.8
1684161000,29.8,29.8,29.8,29.8
1684162800,29.8,29.8,29.8,29.8
1684218600,28,28,28,28
1684220400,28,28.22,27,27.32
1684222200,27.34,27.86,27.16,27.66
1684224000,27.66,28.1,27.46,27.5
1684225800,27.5,27.8,27.46,27.76
1684227600,27.78,27.94,27.46,27.5
1684229400,27.48,27.52,27.12,27.36
1684231200,27.38,27.5,27.3,27.48
1684233000,27.48,27.9,27.44,27.6
1684234800,27.62,27.98,27.62,27.88
1684236600,27.9,28.04,27.66,27.8
1684238400,27.82,28.02,27.74,27.76
1684240200,27.76,27.9,27.66,27.76
1684242000,27.78,27.8,27.46,27.54
1684243800,27.54,27.76,27.46,27.66
1684245600,27.68,27.86,27.22,27.4
1684247400,27.4,27.54,27.06,27.08
1684249200,27.08,27.08,26.94,26.94
1684305000,27.16,27.16,27.16,27.16
1684306800,27.18,27.66,26.86,27.02
1684308600,27,27.3,26.96,27.2
1684310400,27.22,27.28,26.98,27
1684312200,27.02,27.06,26.9,26.92
1684314000,26.92,26.98,26.8,26.88
1684315800,26.88,26.9,26.5,26.6
1684317600,26.62,26.7,26.56,26.66
1684319400,26.68,26.7,26.58,26.62
1684321200,26.62,26.66,26.4,26.56
1684323000,26.54,26.58,26.46,26.52
1684324800,26.52,26.64,26.48,26.58
1684326600,26.58,26.64,26.38,26.52
1684328400,26.52,26.56,26.42,26.48
1684330200,26.5,26.5,26.26,26.34
1684332000,26.34,26.4,26.12,26.32
1684333800,26.34,26.44,26.2,26.28
1684335600,26.28,26.3,26.28,26.3
1684391400,26.32,26.32,26.32,26.32
1684393200,26.32,26.42,26.14,26.32
1684395000,26.32,26.6,26.26,26.52
1684396800,26.52,26.56,26.14,26.24
1684398600,26.22,26.28,26.16,26.22
1684400400,26.22,26.32,26.2,26.3
1684402200,26.3,26.44,26.24,26.3
1684404000,26.3,26.3,26.2,26.28
1684405800,26.26,26.28,26.18,26.2
1684407600,26.18,26.2,26.04,26.04
1684409400,26.06,26.06,25.78,25.8
1684411200,25.78,25.8,25.18,25.38
1684413000,25.36,25.46,25.2,25.28
1684414800,25.28,25.52,25.18,25.44
1684416600,25.42,25.5,25.14,25.26
1684418400,25.26,25.38,25.18,25.22
1684420200,25.22,25.28,25.02,25.02
1684422000,25,25,25,25
1684737000,25.32,25.32,25.32,25.32
1684738800,25.3,25.34,24.58,24.66
1684740600,24.66,24.82,24.3,24.38
1684742400,24.4,24.48,24.18,24.34
1684744200,24.32,24.48,24.3,24.42
1684746000,24.42,24.6,24.38,24.5
1684747800,24.52,24.62,24.48,24.6
1684749600,24.6,24.62,24.44,24.46
1684751400,24.46,24.46,24.24,24.28
1684753200,24.28,24.3,24.06,24.06
1684755000,24.1,24.22,24,24.16
1684756800,24.14,24.32,24.12,24.26
1684758600,24.26,24.44,24.08,24.36
1684760400,24.36,24.62,24.24,24.34
1684762200,24.34,24.48,24.18,24.34
1684764000,24.34,24.56,24.06,24.12
1684765800,24.12,24.24,23.8,24.1
1684767600,24.14,24.14,24.1,24.1
1684823400,24.12,24.12,24.12,24.12
1684825200,24.14,24.64,24.1,24.6
1684827000,24.58,24.82,24.5,24.68
1684828800,24.7,24.76,24.44,24.46
1684830600,24.46,24.52,24.36,24.48
1684832400,24.48,24.58,24.46,24.52
1684834200,24.52,24.54,24.34,24.42
1684836000,24.42,24.44,24.2,24.3
1684837800,24.28,24.44,24.26,24.4
1684839600,24.42,24.42,24.34,24.38
1684841400,24.4,24.56,24.34,24.42
1684843200,24.42,24.64,24.42,24.52
1684845000,24.54,24.68,24.5,24.56
1684846800,24.6,24.62,24.42,24.46
1684848600,24.48,24.5,24.26,24.36
1684850400,24.36,24.5,24.28,24.32
1684852200,24.34,24.38,23.94,24.08
1684854000,24.12,24.12,24.12,24.12
1684909800,24.18,24.18,24.18,24.18
1684911600,24.18,24.28,24.08,24.2
1684913400,24.2,24.4,24.14,24.4
1684915200,24.38,24.5,24.32,24.4
1684917000,24.4,24.44,24.16,24.24
1684918800,24.26,24.34,24.2,24.22
1684920600,24.2,24.22,24.1,24.12
1684922400,24.12,24.12,23.92,23.98
1684924200,23.96,24.02,23.88,24
1684926000,24,24,23.8,23.88
1684927800,23.86,24.02,23.82,23.96
1684929600,23.94,23.96,23.8,23.82
1684931400,23.8,23.84,23.72,23.76
1684933200,23.76,23.92,23.74,23.9
1684935000,23.88,23.9,23.72,23.82
1684936800,23.82,23.86,23.68,23.74
1684938600,23.74,23.84,23.56,23.6
1684940400,23.6,23.6,23.6,23.6
1684996200,23.76,23.76,23.76,23.76
1684998000,23.76,23.82,23.66,23.68
1684999800,23.66,23.7,23.52,23.66
1685001600,23.66,23.74,23.54,23.72
1685003400,23.72,23.74,23.6,23.64
1685005200,23.62,23.9,23.62,23.84
1685007000,23.84,24.04,23.84,23.98
1685008800,24,24.1,23.88,23.94
1685010600,23.94,24.2,23.86,24.16
1685012400,24.16,24.2,23.9,24
1685014200,24,24.3,23.96,24.1
1685016000,24.1,24.1,23.88,23.96
1685017800,23.96,24.02,23.92,23.96
1685019600,23.94,24,23.82,23.84
1685021400,23.82,23.86,23.68,23.74
1685023200,23.74,23.84,23.62,23.82
1685025000,23.82,24.16,23.78,24.02
1685026800,24.04,24.08,24.04,24.08
1685082600,24.16,24.16,24.16,24.16
1685084400,24.16,24.4,24.06,24.24
1685086200,24.24,24.28,24.04,24.06
1685088000,24.06,24.18,24,24.06
1685089800,24.04,24.2,24,24.14
1685091600,24.16,24.2,24.1,24.14
1685093400,24.12,24.2,24.06,24.14
1685095200,24.14,24.18,24.08,24.12
1685097000,24.12,24.16,24.02,24.04
1685098800,24.06,24.14,24,24.08
1685100600,24.08,24.12,24.02,24.08
1685102400,24.08,24.22,24.06,24.14
1685104200,24.16,24.2,24.1,24.14
1685106000,24.12,24.48,24.1,24.38
1685107800,24.38,24.7,24.34,24.7
1685109600,24.7,24.9,24.54,24.66
1685111400,24.66,24.68,24.42,24.58
1685113200,24.58,24.58,24.58,24.58
1685341800,24.98,24.98,24.98,24.98
1685343600,24.98,25.06,24.16,24.44
1685345400,24.44,25,24.44,24.84
1685347200,24.86,24.88,24.72,24.76
1685349000,24.78,25.28,24.74,25.2
1685350800,25.22,25.76,25.18,25.7
1685352600,25.7,25.7,25.38,25.42
1685354400,25.4,25.48,25.38,25.46
1685356200,25.44,25.5,25.2,25.24
1685358000,25.22,25.32,25.18,25.26
1685359800,25.28,25.38,25.26,25.36
1685361600,25.36,25.46,25.3,25.34
1685363400,25.34,25.36,25.18,25.3
1685365200,25.28,25.4,25.26,25.32
1685367000,25.32,25.64,25.32,25.44
1685368800,25.44,25.52,25.32,25.44
1685370600,25.44,25.48,25,25.1
1685372400,25.14,25.14,25.14,25.14
1685428200,26.2,26.2,26.2,26.2
1685430000,26.22,27.64,26.1,27.6
1685431800,27.6,27.64,27.46,27.46
1685433600,27.48,27.64,27.3,27.42
1685435400,27.44,27.48,27.22,27.38
1685437200,27.38,27.58,27.28,27.44
1685439000,27.44,27.52,27.4,27.48
1685440800,27.48,27.5,27.26,27.28
1685442600,27.28,27.42,27.28,27.38
1685444400,27.38,27.44,27.38,27.4
1685446200,27.42,27.46,27.36,27.38
1685448000,27.38,27.42,26.9,27.1
1685449800,27.08,27.34,27.02,27.3
1685451600,27.28,27.5,27.26,27.36
1685453400,27.36,27.64,27.34,27.62
1685455200,27.6,27.64,27.54,27.64
1685457000,27.64,27.64,27.6,27.64
1685458800,27.64,27.64,27.64,27.64
1685514600,27.52,27.52,27.52,27.52
1685516400,27.54,27.58,26.86,27.02
1685518200,27.02,27.14,26.94,27.06
1685520000,27.08,27.32,27.04,27.12
1685521800,27.14,27.3,27.08,27.26
1685523600,27.24,27.32,27.16,27.18
1685525400,27.2,27.72,27.16,27.56
1685527200,27.56,27.86,27.5,27.66
1685529000,27.66,27.86,27.42,27.46
1685530800,27.46,27.62,27.3,27.36
1685532600,27.36,27.5,27.3,27.4
1685534400,27.4,27.56,27.34,27.5
1685536200,27.52,27.74,27.48,27.6
1685538000,27.6,27.68,27.38,27.44
1685539800,27.44,27.44,27.04,27.04
1685541600,27.04,27.14,26.94,27.1
1685543400,27.1,27.16,26.78,26.8
1685545200,26.8,26.8,26.78,26.78
1685601000,27.1,27.1,27.1,27.1
1685602800,27.12,27.34,27.06,27.24
1685604600,27.24,27.68,27.18,27.48
1685606400,27.5,27.56,27.22,27.28
1685608200,27.3,27.38,27.28,27.32
1685610000,27.32,27.38,27.28,27.28
1685611800,27.28,27.4,27.18,27.3
1685613600,27.3,27.38,27.28,27.32
1685615400,27.32,27.32,27.18,27.24
1685617200,27.24,27.3,27.2,27.2
1685619000,27.2,27.22,27.12,27.18
1685620800,27.16,27.2,27,27.08
1685622600,27.08,27.16,27,27.14
1685624400,27.14,27.22,27.08,27.14
1685626200,27.12,27.16,26.96,27.08
1685628000,27.06,27.14,26.98,27.02
1685629800,27.04,27.22,27,27.12
1685631600,27.14,27.14,27.14,27.14
1685687400,29,29,29,29
1685689200,29.02,29.08,28.26,28.62
1685691000,28.6,28.9,28.54,28.88
1685692800,28.9,28.96,28.56,28.68
1685694600,28.66,28.86,28.62,28.84
1685696400,28.86,29.28,28.84,29.24
1685698200,29.24,29.26,28.96,29.06
1685700000,29.06,29.12,28.8,28.86
1685701800,28.88,28.92,28.68,28.9
1685703600,28.9,29.16,28.8,28.9
1685705400,28.9,28.94,28.64,28.78
1685707200,28.78,28.84,28.62,28.78
1685709000,28.76,28.84,28.68,28.72
1685710800,28.7,28.86,28.26,28.46
1685712600,28.44,28.68,28.36,28.58
1685714400,28.58,28.86,28.5,28.76
1685716200,28.76,29,28.6,28.7
1685718000,28.68,28.7,28.66,28.66
1685946600,29.34,29.34,29.34,29.34
1685948400,29.36,29.5,28.64,28.88
1685950200,28.88,29.04,28.66,28.9
1685952000,28.9,29.1,28.86,29
1685953800,29.02,29.06,28.88,29
1685955600,29,29.04,28.94,29.02
1685957400,29,29.06,28.94,29
1685959200,29,29,28.9,28.96
1685961000,28.94,29.1,28.92,29.04
1685962800,29.04,29.18,29.02,29.14
1685964600,29.16,29.26,29.04,29.18
1685966400,29.18,29.6,29.14,29.52
1685968200,29.54,29.56,29.36,29.36
1685970000,29.36,29.46,29.34,29.4
1685971800,29.38,29.46,29.32,29.4
1685973600,29.38,29.56,29.36,29.48
1685975400,29.5,29.54,29.44,29.48
1685977200,29.48,29.48,29.48,29.48
1686033000,29.3,29.3,29.3,29.3
1686034800,29.28,29.3,28.9,29.14
1686036600,29.16,29.24,29.06,29.1
1686038400,29.08,29.54,29.08,29.32
1686040200,29.3,29.46,29.24,29.36
1686042000,29.36,29.36,29.12,29.14
1686043800,29.12,29.18,29.04,29.06
1686045600,29.08,29.14,28.96,29.02
1686047400,29.02,29.1,28.96,28.96
1686049200,28.96,29.1,28.88,29.04
1686051000,29.02,29.12,28.98,29.04
1686052800,29.04,29.14,29.02,29.06
1686054600,29.06,29.12,29,29.02
1686056400,29.04,29.06,28.96,29.04
1686058200,29.04,29.06,28.94,28.96
1686060000,28.96,29.02,28.9,28.94
1686061800,28.94,29.08,28.76,29
1686063600,29.04,29.04,29.04,29.04
1686119400,29.42,29.42,29.42,29.42
1686121200,29.42,29.5,28.82,28.96
1686123000,28.96,29.2,28.8,29.16
1686124800,29.18,29.36,29.16,29.26
1686126600,29.28,29.36,29.18,29.24
1686128400,29.24,29.82,29.2,29.68
1686130200,29.7,29.94,29.58,29.9
1686132000,29.9,30.48,29.9,30.26
1686133800,30.26,30.28,30.04,30.08
1686135600,30.08,30.16,29.86,29.88
1686137400,29.9,30.28,29.88,30.2
1686139200,30.2,30.22,30.1,30.1
1686141000,30.1,30.2,30.06,30.2
1686142800,30.18,30.24,30.1,30.18
1686144600,30.18,30.58,30.14,30.44
1686146400,30.44,30.5,30.2,30.42
1686148200,30.44,30.46,29.82,29.94
1686150000,29.98,29.98,29.98,29.98
1686205800,29.8,29.8,29.8,29.8
1686207600,29.8,30.88,29.76,30.8
1686209400,30.82,31.22,30.7,30.86
1686211200,30.84,31.16,30.82,31.08
1686213000,31.06,31.1,30.82,30.86
1686214800,30.88,30.98,30.8,30.94
1686216600,30.94,31.02,30.86,30.92
1686218400,30.92,31,30.86,30.88
1686220200,30.88,30.92,30.72,30.74
1686222000,30.72,30.74,30.48,30.62
1686223800,30.64,30.7,30.2,30.24
1686225600,30.24,30.46,30.06,30.24
1686227400,30.24,30.3,29.88,30.08
1686229200,30.1,30.18,29.96,30
1686231000,30,30.36,29.98,30.26
1686232800,30.26,30.34,30.04,30.16
1686234600,30.16,30.34,29.94,30.3
1686236400,30.32,30.32,30.32,30.32
1686292200,30.72,30.72,30.72,30.72
1686294000,30.72,30.98,30.1,30.12
1686295800,30.12,30.28,30.06,30.2
1686297600,30.2,30.36,30.16,30.3
1686299400,30.28,30.38,30.12,30.18
1686301200,30.18,30.24,30.06,30.16
1686303000,30.16,30.2,30.04,30.12
1686304800,30.12,30.22,30.06,30.12
1686306600,30.1,30.16,29.78,29.84
1686308400,29.84,29.94,29.74,29.88
1686310200,29.86,30.04,29.86,29.96
1686312000,29.98,30.12,29.88,30.1
1686313800,30.08,30.12,30.02,30.06
1686315600,30.04,30.22,30.02,30.18
1686317400,30.18,30.2,30.08,30.12
1686319200,30.14,30.26,30.06,30.12
1686321000,30.14,30.16,29.96,29.98
1686322800,30,30,30,30
1686551400,30.2,30.2,30.2,30.2
1686553200,30.18,30.38,30.08,30.22
1686555000,30.22,30.26,30.14,30.16
1686556800,30.16,30.24,30.12,30.2
1686558600,30.2,30.2,30.12,30.14
1686560400,30.16,30.26,30.14,30.2
1686562200,30.18,30.2,30.14,30.18
1686564000,30.16,30.2,30.14,30.16
1686565800,30.14,30.16,29.78,29.88
1686567600,29.86,29.98,29.8,29.86
1686569400,29.88,29.88,29.76,29.8
1686571200,29.8,29.92,29.72,29.76
1686573000,29.74,29.76,29.58,29.64
1686574800,29.62,29.62,29.32,29.44
1686576600,29.46,29.58,29.4,29.52
1686578400,29.52,29.52,29.24,29.4
1686580200,29.4,29.5,29.12,29.16
1686582000,29.16,29.16,29.08,29.08
1686637800,29.2,29.2,29.2,29.2
1686639600,29.18,29.56,29.12,29.3
1686641400,29.28,29.38,29.04,29.1
1686643200,29.1,29.1,28.76,28.86
1686645000,28.86,29.1,28.84,29.04
1686646800,29.04,29.1,28.92,28.96
1686648600,28.94,29,28.88,28.88
1686650400,28.88,28.9,28.52,28.6
1686652200,28.6,28.82,28.54,28.74
1686654000,28.76,28.88,28.72,28.88
1686655800,28.88,29.72,28.86,29.68
1686657600,29.68,29.72,29.38,29.48
1686659400,29.48,29.7,29.34,29.54
1686661200,29.54,29.7,29.38,29.38
1686663000,29.38,29.4,28.92,28.94
1686664800,28.96,29.02,28.58,28.58
1686666600,28.58,28.96,28.52,28.72
1686668400,28.8,28.8,28.8,28.8
1686724200,28.86,28.86,28.86,28.86
1686726000,28.88,29.1,28.7,29.04
1686727800,29.02,29.3,29,29.24
1686729600,29.22,29.36,29.04,29.04
1686731400,29.04,29.16,28.98,29.02
1686733200,29,29.04,28.86,29.02
1686735000,29.02,29.2,28.9,29.18
1686736800,29.2,29.64,28.94,29.56
1686738600,29.56,30.04,29.54,29.94
1686740400,29.94,30.36,29.62,29.68
1686742200,29.66,29.96,29.62,29.9
1686744000,29.88,29.96,29.62,29.66
1686745800,29.66,29.76,29.28,29.3
1686747600,29.3,29.3,28.94,29.22
1686749400,29.22,29.48,29.12,29.34
1686751200,29.32,29.58,29.24,29.38
1686753000,29.38,29.62,29.32,29.36
1686754800,29.32,29.32,29.32,29.32
1686810600,29.8,29.8,29.8,29.8
1686812400,29.8,30.12,29.7,29.7
1686814200,29.72,30.04,29.72,29.92
1686816000,29.92,30.1,29.9,30.02
1686817800,30.02,30.06,29.84,29.88
1686819600,29.88,29.98,29.84,29.92
1686821400,29.9,29.92,29.72,29.76
1686823200,29.8,29.96,29.8,29.84
1686825000,29.84,29.96,29.8,29.96
1686826800,29.96,30.2,29.92,30.08
1686828600,30.08,30.12,29.94,30.04
1686830400,30.02,30.06,29.74,29.98
1686832200,29.98,30.14,29.98,30.06
1686834000,30.06,30.08,29.78,29.86
1686835800,29.88,30.08,29.86,30.06
1686837600,30.06,30.24,29.98,30.16
1686839400,30.18,30.76,30.14,30.52
1686841200,30.5,30.66,30.5,30.66
1686897000,30.88,30.88,30.88,30.88
1686898800,30.88,31.1,30.52,30.9
1686900600,30.9,30.98,30.62,30.9
1686902400,30.9,30.92,30.64,30.66
1686904200,30.64,30.86,30.6,30.8
1686906000,30.82,30.86,30.54,30.58
1686907800,30.56,30.72,30.5,30.7
1686909600,30.68,30.92,30.6,30.9
1686911400,30.9,30.96,30.74,30.82
1686913200,30.84,31,30.82,30.94
1686915000,30.92,30.92,30.62,30.64
1686916800,30.62,30.8,30.5,30.74
1686918600,30.76,30.92,30.66,30.88
1686920400,30.88,30.92,30.68,30.78
1686922200,30.78,30.82,30.52,30.62
1686924000,30.6,30.88,30.06,30.28
1686925800,30.28,30.48,30.1,30.16
1686927600,30.08,30.08,30.08,30.08
1687156200,30.08,30.08,30.08,30.08
1687158000,30.06,30.06,29.6,29.68
1687159800,29.68,29.68,29.34,29.4
1687161600,29.4,29.48,29.28,29.4
1687163400,29.4,29.42,29.26,29.36
1687165200,29.36,29.5,29.32,29.46
1687167000,29.48,29.7,29.48,29.58
1687168800,29.56,29.62,29.42,29.54
1687170600,29.52,29.72,29.48,29.66
1687172400,29.66,29.76,29.42,29.56
1687174200,29.56,30.1,29.46,29.98
1687176000,30,30.34,29.74,29.86
1687177800,29.88,30.16,29.78,30.12
1687179600,30.1,30.42,30.06,30.3
1687181400,30.3,30.36,30.08,30.3
1687183200,30.28,30.34,29.76,29.82
1687185000,29.82,29.98,29.4,29.42
1687186800,29.42,29.42,29.42,29.42
1687242600,29.42,29.42,29.42,29.42
1687244400,29.42,30.04,29.36,29.86
1687246200,29.86,29.9,29.6,29.8
1687248000,29.78,29.9,29.36,29.56
1687249800,29.54,29.86,29.48,29.8
1687251600,29.82,30.02,29.8,29.92
1687253400,29.9,30.14,29.84,30.08
1687255200,30.08,30.66,30.08,30.58
1687257000,30.6,30.76,30.4,30.48
1687258800,30.48,30.62,30.4,30.6
1687260600,30.6,30.84,30.56,30.68
1687262400,30.68,30.96,30.62,30.74
1687264200,30.72,30.8,30.46,30.46
1687266000,30.48,30.54,30.24,30.4
1687267800,30.4,30.7,30.3,30.52
1687269600,30.52,30.56,30.12,30.32
1687271400,30.32,30.9,30.14,30.54
1687273200,30.66,30.66,30.66,30.66
1687329000,31,31,31,31
1687330800,31.02,31.28,30.86,31.04
1687332600,31.04,31.08,30.92,31
1687334400,31,31.18,30.7,30.82
1687336200,30.82,30.88,30.62,30.74
1687338000,30.74,30.92,30.72,30.84
1687339800,30.84,30.86,30.68,30.72
1687341600,30.72,30.78,30.58,30.62
1687343400,30.62,30.66,30.28,30.28
1687345200,30.3,30.58,30.1,30.48
1687347000,30.46,30.52,30.28,30.44
1687348800,30.44,30.48,30.34,30.38
1687350600,30.36,30.52,30.18,30.46
1687352400,30.46,30.72,30.44,30.7
1687354200,30.7,30.72,30.26,30.32
1687356000,30.32,30.38,30,30.12
1687357800,30.1,30.24,29.8,30.04
1687359600,30.1,30.1,30.1,30.1
1687415400,30.18,30.18,30.18,30.18
1687417200,30.18,30.58,30.1,30.38
1687419000,30.36,30.62,30.04,30.54
1687420800,30.54,30.76,30.52,30.64
1687422600,30.64,30.7,30.16,30.26
1687424400,30.26,30.28,30.04,30.14
1687426200,30.12,30.34,30.1,30.28
1687428000,30.3,30.46,30.28,30.36
1687429800,30.34,30.44,30.24,30.44
1687431600,30.44,30.76,29.86,29.9
1687433400,29.9,29.98,28.76,29.4
1687435200,29.4,29.96,29.34,29.94
1687437000,29.94,30.32,29.84,30.04
1687438800,30.02,30.58,30.02,30.4
1687440600,30.42,30.42,29.96,30.28
1687442400,30.28,30.54,30.2,30.32
1687444200,30.34,30.86,30.3,30.4
1687446000,30.36,30.36,30.36,30.36
1687501800,30.98,30.98,30.98,30.98
1687503600,30.98,31.78,30.94,31.5
1687505400,31.5,32.08,31.44,32.02
1687507200,32.02,32.04,31.72,31.88
1687509000,31.86,32.02,31.74,31.8
1687510800,31.8,31.82,31.58,31.72
1687512600,31.74,31.76,31.32,31.42
1687514400,31.4,31.56,31.34,31.38
1687516200,31.36,31.44,31.16,31.18
1687518000,31.16,31.18,31.02,31.14
1687519800,31.14,31.26,31.04,31.18
1687521600,31.18,31.58,31.06,31.4
1687523400,31.38,31.4,31.12,31.14
1687525200,31.14,31.48,31.1,31.44
1687527000,31.44,31.74,31.4,31.72
1687528800,31.72,32.04,31.58,31.82
1687530600,31.82,32,31.48,31.54
1687532400,31.6,31.6,31.6,31.6
1687761000,33.2,33.2,33.2,33.2
1687762800,33.2,33.3,32.8,32.82
1687764600,32.82,32.9,32.76,32.8
1687766400,32.82,32.92,32.74,32.8
1687768200,32.78,32.84,32.72,32.78
1687770000,32.76,32.8,32.7,32.76
1687771800,32.78,32.8,32.64,32.66
1687773600,32.64,32.68,32.52,32.58
1687775400,32.58,32.62,32.46,32.52
1687777200,32.52,32.72,32.5,32.62
1687779000,32.6,32.62,32.52,32.6
1687780800,32.62,32.64,32.5,32.54
1687782600,32.54,32.64,32.5,32.58
1687784400,32.6,32.66,32.56,32.58
1687786200,32.6,32.72,32.48,32.72
1687788000,32.72,32.74,32.64,32.66
1687789800,32.68,32.72,32.5,32.5
1687791600,32.5,32.5,32.5,32.5
1687847400,32.36,32.36,32.36,32.36
1687849200,32.34,32.46,32.12,32.22
1687851000,32.22,32.32,32.18,32.24
1687852800,32.24,32.3,32.16,32.22
1687854600,32.22,32.24,32.02,32.2
1687856400,32.2,32.24,32.08,32.08
1687858200,32.04,32.04,32.04,32.04
1688365800,32.34,32.34,32.34,32.34
1688367600,32.34,32.86,32.3,32.74
1688369400,32.74,32.82,32.54,32.62
1688371200,32.6,32.8,32.58,32.68
1688373000,32.68,32.72,32.54,32.58
1688374800,32.6,32.62,32.5,32.6
1688376600,32.58,32.8,32.56,32.8
1688378400,32.8,33.12,32.74,33
1688380200,33.02,33.04,32.8,32.88
1688382000,32.88,32.98,32.64,32.7
1688383800,32.7,32.8,32.64,32.76
1688385600,32.78,32.82,32.62,32.66
1688387400,32.66,32.82,32.64,32.76
1688389200,32.76,32.86,32.74,32.82
1688391000,32.82,32.9,32.66,32.74
1688392800,32.74,32.78,32.66,32.76
1688394600,32.74,32.78,32.62,32.7
1688396400,32.72,32.72,32.72,32.72
1688452200,32.92,32.92,32.92,32.92
1688454000,32.92,33.22,32.88,33
1688455800,32.98,33.12,32.98,33.1
1688457600,33.08,33.52,33.04,33.44
1688459400,33.46,33.52,33.28,33.32
1688461200,33.3,33.36,33.14,33.16
1688463000,33.16,33.3,33.14,33.22
1688464800,33.22,33.3,33.18,33.22
1688466600,33.22,33.34,33.18,33.24
1688468400,33.24,33.44,33.22,33.4
1688470200,33.38,33.5,33.3,33.5
1688472000,33.5,33.58,33.38,33.48
1688473800,33.48,33.94,33.46,33.74
1688475600,33.74,33.8,33.44,33.72
1688477400,33.74,34.74,33.6,34.5
1688479200,34.48,34.88,33.98,34
1688481000,34,34.22,33.8,33.9
1688482800,33.86,33.86,33.86,33.86
1688538600,33.9,33.9,33.9,33.9
1688540400,33.9,33.98,33.66,33.78
1688542200,33.78,33.8,33.38,33.54
1688544000,33.54,33.66,33.48,33.56
1688545800,33.56,33.58,33.46,33.48
1688547600,33.48,33.52,33.22,33.22
1688549400,33.22,33.34,32.82,32.96
1688551200,32.94,33.12,32.7,32.72
1688553000,32.72,32.96,32.7,32.88
1688554800,32.88,32.98,32.78,32.88
1688556600,32.88,33.04,32.82,33
1688558400,33,33.14,32.8,33.06
1688560200,33.06,33.12,32.94,33.06
1688562000,33.06,33.48,33.04,33.38
1688563800,33.38,33.58,33.34,33.46
1688565600,33.46,33.56,33.3,33.46
1688567400,33.46,33.52,33.36,33.46
1688569200,33.6,33.6,33.6,33.6
1688625000,33.66,33.66,33.66,33.66
1688626800,33.66,33.9,33.26,33.34
1688628600,33.34,33.8,33.32,33.66
1688630400,33.66,34.04,33.64,33.66
1688632200,33.64,33.66,33.38,33.56
1688634000,33.54,33.64,33.46,33.6
1688635800,33.6,33.66,33.5,33.56
1688637600,33.56,33.62,33.5,33.62
1688639400,33.6,33.62,33.5,33.54
1688641200,33.54,33.6,33.5,33.5
1688643000,33.5,33.56,33.18,33.26
1688644800,33.28,33.42,33.16,33.4
1688646600,33.36,33.4,33.22,33.3
1688648400,33.28,33.34,33.22,33.3
1688650200,33.3,33.48,33.26,33.4
1688652000,33.4,33.46,33.32,33.36
1688653800,33.34,33.36,33.06,33.12
1688655600,33.1,33.1,33.1,33.1
1688711400,33.08,33.08,33.08,33.08
1688713200,33.06,33.6,32.8,33.38
1688715000,33.36,33.48,33.3,33.38
1688716800,33.38,33.42,33.34,33.34
1688718600,33.34,33.36,33.28,33.34
1688720400,33.34,33.36,33.16,33.2
1688722200,33.2,33.2,32.92,32.94
1688724000,32.94,33.3,32.92,33.18
1688725800,33.18,33.2,33.08,33.2
1688727600,33.18,33.22,33.14,33.18
1688729400,33.18,33.18,33.06,33.06
1688731200,33.06,33.1,32.9,33.08
1688733000,33.08,33.26,33.06,33.14
1688734800,33.14,33.2,33.08,33.08
1688736600,33.08,33.16,32.96,33.06
1688738400,33.06,33.06,32.82,32.9
1688740200,32.9,33.14,32.84,32.98
1688742000,33,33,32.96,32.96
1688970600,33.28,33.28,33.28,33.28
1688972400,33.3,33.52,33.22,33.38
1688974200,33.38,33.4,33.14,33.2
1688976000,33.18,33.22,33,33.08
1688977800,33.08,33.26,33.06,33.2
1688979600,33.2,33.4,33.12,33.24
1688981400,33.22,33.24,33.12,33.16
1688983200,33.16,33.16,33.04,33.12
1688985000,33.12,33.18,33.02,33.14
1688986800,33.12,33.22,33.1,33.14
1688988600,33.16,33.18,32.98,33.04
1688990400,33.04,33.12,33,33.06
1688992200,33.06,33.1,33.04,33.06
1688994000,33.06,33.22,33.06,33.12
1688995800,33.12,33.3,33.1,33.2
1688997600,33.18,33.26,33.04,33.14
1688999400,33.14,33.3,33.06,33.14
1689001200,33.14,33.14,33.14,33.14
1689057000,34,34,34,34
1689058800,34,34.08,33.24,33.38
1689060600,33.38,33.58,33.34,33.5
1689062400,33.5,33.58,33.44,33.48
1689064200,33.46,33.5,33.36,33.42
1689066000,33.42,33.62,33.4,33.54
1689067800,33.54,33.6,33.46,33.5
1689069600,33.54,33.66,33.5,33.6
1689071400,33.6,33.66,33.54,33.64
1689073200,33.64,33.86,33.6,33.74
1689075000,33.74,34.14,33.7,34.14
1689076800,34.14,34.68,34.08,34.48
1689078600,34.46,34.54,34.36,34.38
1689080400,34.4,34.62,34.36,34.56
1689082200,34.58,35.32,34.52,35.3
1689084000,35.28,35.34,34.88,35.2
1689085800,35.16,35.4,35.02,35.1
1689087600,35.08,35.08,35.08,35.08
1689143400,35.06,35.06,35.06,35.06
1689145200,35.06,36.46,34.86,36.18
1689147000,36.16,37.14,36.06,36.9
1689148800,36.92,37.06,36.4,36.68
1689150600,36.66,36.66,36.18,36.22
1689152400,36.22,36.54,36.1,36.42
1689154200,36.4,36.48,36.18,36.38
1689156000,36.36,36.6,36.32,36.52
1689157800,36.5,36.66,36.5,36.66
1689159600,36.64,36.78,36.52,36.52
1689161400,36.54,37.06,36.54,36.92
1689163200,36.92,37.62,36.92,37.18
1689165000,37.2,37.6,37.02,37.32
1689166800,37.34,37.42,37.22,37.28
1689168600,37.28,38.02,37.26,37.84
1689170400,37.86,37.98,37.48,37.74
1689172200,37.74,38.3,37.34,37.58
1689174000,37.58,37.6,37.44,37.44
1689229800,37.6,37.6,37.6,37.6
1689231600,37.58,38.8,37.46,38.52
1689233400,38.52,38.66,38.34,38.58
1689235200,38.56,38.58,38.02,38.22
1689237000,38.2,38.44,38.18,38.24
1689238800,38.24,38.44,38.16,38.36
1689240600,38.36,38.96,38.3,38.9
1689242400,38.88,39.76,38.84,39.52
1689244200,39.54,39.86,39.42,39.66
1689246000,39.68,39.68,39.38,39.46
1689247800,39.44,39.66,39.4,39.42
1689249600,39.42,39.46,38.68,39.28
1689251400,39.26,39.44,39.02,39.16
1689253200,39.16,39.26,38.86,39.12
1689255000,39.12,39.86,39.1,39.84
1689256800,39.82,39.84,39.42,39.64
1689258600,39.64,40.1,39.5,39.58
1689260400,39.58,39.58,39.5,39.5
1689316200,40,40,40,40
1689318000,40,40.5,38.4,38.74
1689319800,38.74,39.3,38.32,39.18
1689321600,39.16,39.3,38.76,38.78
1689323400,38.78,38.82,38.46,38.52
1689325200,38.5,38.56,38.38,38.44
1689327000,38.46,38.46,38.2,38.3
1689328800,38.3,38.5,38.2,38.46
1689330600,38.46,38.56,38.28,38.52
1689332400,38.5,38.54,38.32,38.34
1689334200,38.34,38.54,38.3,38.4
1689336000,38.4,38.54,38.32,38.36
1689337800,38.34,38.44,38.24,38.3
1689339600,38.32,38.52,38.28,38.4
1689341400,38.42,38.54,38.34,38.4
1689343200,38.4,38.84,38.36,38.5
1689345000,38.5,38.56,38.24,38.34
1689346800,38.5,38.5,38.5,38.5
1689575400,38.74,38.74,38.74,38.74
1689577200,38.74,38.74,37.66,38.36
1689579000,38.34,38.46,38.14,38.44
1689580800,38.44,38.74,38.2,38.56
1689582600,38.56,39.34,38.46,39.32
1689584400,39.32,39.38,38.98,39.04
1689586200,39.06,39.16,38.68,38.68
1689588000,38.7,38.86,38.68,38.78
1689589800,38.78,39,38.76,38.88
1689591600,38.88,38.94,38.78,38.82
1689593400,38.84,38.84,38.6,38.74
1689595200,38.74,38.9,38.64,38.82
1689597000,38.82,38.86,38.68,38.74
1689598800,38.76,38.84,38.54,38.56
1689600600,38.56,38.58,38.32,38.48
1689602400,38.5,38.68,38.42,38.52
1689604200,38.54,38.66,38.4,38.54
1689606000,38.5,38.5,38.5,38.5
1689661800,38.5,38.5,38.5,38.5
1689663600,38.5,39.28,38.48,39.12
1689665400,39.14,39.66,38.96,39.02
1689667200,39,39,38.56,38.72
1689669000,38.7,38.7,37.94,37.96
1689670800,37.94,38.04,37.54,37.6
1689672600,37.6,37.72,37.4,37.42
1689674400,37.44,37.62,37.32,37.38
1689676200,37.4,37.46,37.14,37.38
1689678000,37.4,37.62,37.36,37.52
1689679800,37.54,37.68,37.48,37.54
1689681600,37.52,37.72,37.48,37.6
1689683400,37.58,37.7,37.48,37.5
1689685200,37.5,37.54,37.22,37.4
1689687000,37.4,37.4,36.6,36.7
1689688800,36.68,36.82,36.46,36.5
1689690600,36.54,36.6,35.88,35.9
1689692400,35.78,35.78,35.78,35.78
1689748200,35.92,35.92,35.92,35.92
1689750000,35.92,36.3,35.9,36.14
1689751800,36.12,36.16,35.9,35.98
1689753600,35.98,35.98,35.4,35.42
1689755400,35.42,35.76,35.32,35.64
1689757200,35.62,35.86,35.54,35.72
1689759000,35.74,35.94,35.72,35.8
1689760800,35.78,35.82,35.66,35.68
1689762600,35.68,36.1,35.66,35.96
1689764400,35.98,36.14,35.74,35.76
1689766200,35.78,36.04,35.76,35.98
1689768000,35.98,36.1,35.88,35.96
1689769800,35.98,36.04,35.88,35.88
1689771600,35.88,35.9,35.62,35.84
1689773400,35.84,36.1,35.78,36.08
1689775200,36.1,37.1,36.02,36.94
1689777000,36.96,37.38,36.88,37.34
1689778800,37.34,37.44,37.34,37.44
1689834600,37.7,37.7,37.7,37.7
1689836400,37.7,37.84,36.92,37.12
1689838200,37.1,37.34,36.94,37.14
1689840000,37.16,37.7,37.1,37.56
1689841800,37.54,37.66,37.44,37.44
1689843600,37.48,37.8,37.42,37.7
1689845400,37.68,37.72,37.52,37.56
1689847200,37.54,37.7,37.5,37.64
1689849000,37.64,38.16,37.62,38.06
1689850800,38.04,38.3,37.4,37.66
1689852600,37.66,37.72,37.28,37.5
1689854400,37.48,37.5,36.84,37.28
1689856200,37.3,38.64,37.26,38.56
1689858000,38.58,38.9,38.14,38.28
1689859800,38.26,38.38,38,38.28
1689861600,38.28,38.34,38.04,38.16
1689863400,38.16,38.22,37.8,37.88
1689865200,37.8,37.8,37.8,37.8
1689921000,37.5,37.5,37.5,37.5
1689922800,37.5,38.16,37.42,38.08
1689924600,38.1,38.14,37.54,37.56
1689926400,37.54,37.7,37.46,37.62
1689928200,37.6,37.62,37.36,37.42
1689930000,37.42,37.56,37.3,37.32
1689931800,37.32,37.54,37.22,37.4
1689933600,37.42,37.5,37.26,37.34
1689935400,37.34,37.4,37.02,37.06
1689937200,37.04,37.14,36.94,37
1689939000,36.98,37.08,36.86,37.06
1689940800,37.04,37.28,37,37.14
1689942600,37.12,37.16,36.9,37.08
1689944400,37.08,37.24,36.76,36.82
1689946200,36.84,36.98,36.76,36.88
1689948000,36.9,36.94,36.76,36.88
1689949800,36.86,36.96,36.74,36.76
1689951600,36.74,36.74,36.74,36.74
1690180200,36.86,36.86,36.86,36.86
1690182000,36.86,37.1,36.54,36.72
1690183800,36.7,37.02,36.68,36.94
1690185600,36.96,36.98,36.64,36.8
1690187400,36.78,36.92,36.72,36.84
1690189200,36.82,36.92,36.76,36.78
1690191000,36.76,36.98,36.58,36.96
1690192800,36.96,37.08,36.82,36.98
1690194600,36.96,37,36.7,36.74
1690196400,36.74,36.92,36.7,36.82
1690198200,36.82,36.88,36.74,36.78
1690200000,36.76,36.82,36.66,36.74
1690201800,36.74,36.8,36.68,36.74
1690203600,36.72,36.76,36.66,36.7
1690205400,36.7,36.84,36.7,36.74
1690207200,36.74,36.78,36.36,36.52
1690209000,36.48,36.62,36.02,36.3
1690210800,36.3,36.3,36.3,36.3
1690266600,36.5,36.5,36.5,36.5
1690268400,36.5,38,36.48,37.7
1690270200,37.72,38.32,37.7,37.9
1690272000,37.9,38.02,37.7,37.74
1690273800,37.76,37.76,37.52,37.76
1690275600,37.76,38.02,37.62,37.98
1690277400,37.98,38.18,37.86,38.04
1690279200,38.04,38.6,37.98,38.32
1690281000,38.32,38.36,38.12,38.32
1690282800,38.3,38.5,38.28,38.46
1690284600,38.46,38.5,38.3,38.4
1690286400,38.42,38.42,38.02,38.2
1690288200,38.22,38.24,37.74,37.8
1690290000,37.78,37.88,37.44,37.78
1690291800,37.78,38.04,37.68,37.96
1690293600,37.94,38.42,37.88,38.2
1690295400,38.18,38.74,37.84,38.1
1690297200,37.98,37.98,37.98,37.98
1690353000,37.7,37.7,37.7,37.7
1690354800,37.7,37.94,37.3,37.5
1690356600,37.48,37.48,36.98,37.04
1690358400,37.04,37.16,36.88,37.08
1690360200,37.08,37.28,37,37.2
1690362000,37.2,37.4,37.18,37.28
1690363800,37.28,37.38,37.22,37.34
1690365600,37.34,37.38,37.18,37.34
1690367400,37.3,37.34,37.18,37.18
1690369200,37.22,37.28,37.14,37.2
1690371000,37.2,37.26,37.16,37.22
1690372800,37.22,37.38,37.2,37.32
1690374600,37.32,37.54,37.26,37.42
1690376400,37.44,37.58,37.38,37.54
1690378200,37.54,38.38,37.44,38.04
1690380000,38.04,38.1,37.74,37.82
1690381800,37.84,38.06,37.8,37.9
1690383600,37.9,37.92,37.9,37.92
1690439400,38.4,38.4,38.4,38.4
1690441200,38.36,38.68,38.14,38.5
1690443000,38.5,39,38.5,38.68
1690444800,38.68,39.14,38.66,38.98
1690446600,38.98,39.24,38.92,38.94
1690448400,38.94,39.08,38.72,38.78
1690450200,38.76,38.8,38.58,38.74
1690452000,38.72,38.74,38.64,38.68
1690453800,38.66,38.78,38.64,38.7
1690455600,38.7,38.86,38.62,38.84
1690457400,38.84,38.86,38.68,38.8
1690459200,38.78,38.82,38.6,38.64
1690461000,38.64,38.7,38.44,38.48
1690462800,38.48,38.5,38.18,38.28
1690464600,38.28,38.72,38.28,38.7
1690466400,38.72,39.14,38.54,39.04
1690468200,39,39.72,38.98,39.64
1690470000,39.9,39.9,39.9,39.9
1690525800,41.6,41.6,41.6,41.6
1690527600,41.62,41.98,40.94,41.36
1690529400,41.34,41.82,41.18,41.7
1690531200,41.72,41.78,41.36,41.42
1690533000,41.42,41.62,41.36,41.42
1690534800,41.4,41.62,41.38,41.56
1690536600,41.56,41.72,41.48,41.66
1690538400,41.66,41.78,41.56,41.62
1690540200,41.64,41.9,41.64,41.7
1690542000,41.7,41.74,41.54,41.66
1690543800,41.66,41.68,41.54,41.56
1690545600,41.56,41.58,41.4,41.52
1690547400,41.52,41.58,41.28,41.4
1690549200,41.42,41.52,41.36,41.46
1690551000,41.46,42.4,41.42,42.04
1690552800,42.04,43.2,42.04,43.16
1690554600,43.18,43.46,42.54,42.56
1690556400,42.56,42.76,42.56,42.76
1690785000,43.14,43.14,43.14,43.14
1690786800,43.16,43.56,42.76,42.9
1690788600,42.88,43.78,42.64,43.44
1690790400,43.44,43.54,43.18,43.28
1690792200,43.28,44.48,43.26,44.38
1690794000,44.4,45.04,44.2,44.54
1690795800,44.54,44.8,44.48,44.76
1690797600,44.74,44.98,44.7,44.88
1690799400,44.88,44.92,44.7,44.72
1690801200,44.72,44.8,44.24,44.3
1690803000,44.28,44.46,44.04,44.28
1690804800,44.26,44.72,44.18,44.5
1690806600,44.5,44.58,43.76,43.78
1690808400,43.8,43.9,43.42,43.44
1690810200,43.44,43.54,42.92,43.06
1690812000,43.06,43.6,43,43.52
1690813800,43.54,44.04,43.38,43.78
1690815600,43.9,43.9,43.9,43.9
1690871400,43.42,43.42,43.42,43.42
1690873200,43.4,44.28,43.1,44.16
1690875000,44.16,44.44,43.82,44.22
1690876800,44.24,44.28,43.6,43.84
1690878600,43.84,44.1,43.48,43.64
1690880400,43.64,44,43.58,43.74
1690882200,43.74,43.76,43.48,43.56
1690884000,43.56,43.7,43.46,43.58
1690885800,43.58,43.64,43.42,43.44
1690887600,43.44,43.46,43.12,43.26
1690889400,43.26,43.44,43.2,43.4
1690891200,43.4,43.84,43.3,43.76
1690893000,43.78,43.8,43.32,43.48
1690894800,43.48,43.62,43.4,43.44
1690896600,43.44,43.56,43.26,43.46
1690898400,43.46,43.64,43.28,43.38
1690900200,43.36,43.36,42.3,42.72
1690902000,42.72,42.72,42.72,42.72
1690957800,42.66,42.66,42.66,42.66
1690959600,42.64,43.12,42.52,42.68
1690961400,42.68,42.78,42.56,42.74
1690963200,42.74,42.86,42.44,42.46
1690965000,42.46,42.46,42.14,42.3
1690966800,42.28,42.66,42.22,42.6
1690968600,42.6,43.16,42.6,43.06
1690970400,43.08,43.08,42.72,42.8
1690972200,42.8,43.16,42.76,43
1690974000,43.02,43.18,42.94,43.04
1690975800,43.04,43.14,42.94,43.1
1690977600,43.12,43.2,42.98,43.14
1690979400,43.14,44.2,43.14,44.1
1690981200,44.1,45.6,44,45.48
1690983000,45.5,46.34,45.34,45.96
1690984800,45.96,46.48,45.58,46.2
1690986600,46.22,46.22,45.42,45.66
1690988400,45.58,45.58,45.58,45.58
1691044200,45.62,45.62,45.62,45.62
1691046000,45.64,47.78,45.38,47.68
1691047800,47.68,47.82,46.84,46.94
1691049600,46.96,47.12,46.72,46.76
1691051400,46.78,46.9,46.56,46.76
1691053200,46.74,47.38,46.7,47.02
1691055000,47.04,47.24,46.82,46.9
1691056800,46.92,47.1,46.86,47.02
1691058600,47.02,47.24,46.9,47.04
1691060400,47,47.14,46.84,46.96
1691062200,46.94,46.96,46.54,46.64
1691064000,46.64,46.66,46.12,46.36
1691065800,46.36,46.92,46.1,46.66
1691067600,46.68,46.96,46.54,46.64
1691069400,46.62,46.8,46.26,46.62
1691071200,46.62,46.66,45.86,45.94
1691073000,45.92,46,45.54,45.72
1691074800,45.58,45.58,45.58,45.58
1691130600,45.82,45.82,45.82,45.82
1691132400,45.82,46.46,45.68,45.78
1691134200,45.76,45.94,45.18,45.34
1691136000,45.32,45.82,45.28,45.7
1691137800,45.68,45.78,45.48,45.58
1691139600,45.56,45.66,45.48,45.6
1691141400,45.62,45.74,45.48,45.54
1691143200,45.5,45.52,45.32,45.46
1691145000,45.48,46.14,45.3,46.08
1691146800,46.08,47.14,45.82,46.98
1691148600,46.98,47.28,46.78,47.06
1691150400,47.06,47.2,46.86,47.08
1691152200,47.08,47.26,46.88,47.14
1691154000,47.16,47.44,47.02,47.16
1691155800,47.16,47.3,46.94,47
1691157600,47.02,47.12,46.78,47.02
1691159400,47.02,47.18,46.88,46.96
1691161200,47,47,47,47
1691389800,47.2,47.2,47.2,47.2
1691391600,47.22,47.72,46.8,46.98
1691393400,46.98,47.38,46.96,47.24
1691395200,47.2,47.32,47.16,47.16
1691397000,47.16,47.16,46.5,46.7
1691398800,46.7,46.74,46.5,46.56
1691400600,46.58,46.6,46.24,46.54
1691402400,46.56,46.86,46.4,46.7
1691404200,46.68,47.24,46.64,46.96
1691406000,46.96,47.12,46.9,46.94
1691407800,46.94,46.96,46.72,46.72
1691409600,46.74,46.98,46.62,46.76
1691411400,46.74,47.24,46.72,47.08
1691413200,47.08,47.16,47,47.06
1691415000,47.06,47.14,46.98,47.12
1691416800,47.12,47.16,46.88,46.98
1691418600,47,47.08,46.7,46.74
1691420400,46.8,46.8,46.8,46.8
1691476200,46.8,46.8,46.8,46.8
1691478000,46.8,47.42,46.4,47.28
1691479800,47.26,47.34,46.96,47.22
1691481600,47.22,48.18,47.16,47.92
1691483400,47.9,48.4,47.88,48.02
1691485200,48.02,48.32,47.94,48.02
1691487000,48.02,48.92,48,48.68
1691488800,48.7,48.7,48.18,48.46
1691490600,48.48,48.54,48.1,48.12
1691492400,48.1,48.46,48.02,48.3
1691494200,48.3,48.44,48,48.12
1691496000,48.14,48.46,48.02,48.38
1691497800,48.38,48.82,48.26,48.74
1691499600,48.76,49.24,48.74,48.84
1691501400,48.82,48.86,47.76,47.84
1691503200,47.88,48.2,47.52,48
1691505000,48,48.46,47.68,48.22
1691506800,48.24,48.24,48.22,48.22
1691562600,48.22,48.22,48.22,48.22
1691564400,48.2,49.74,48.1,49.04
1691566200,49.02,49.2,48.6,48.9
1691568000,48.92,50.25,48.84,50.2
1691569800,50.25,50.5,50.05,50.3
1691571600,50.35,50.65,50.15,50.55
1691573400,50.6,50.8,50.35,50.65
1691575200,50.6,50.85,50.45,50.75
1691577000,50.75,50.85,50.4,50.55
1691578800,50.55,50.8,50.45,50.45
1691580600,50.5,50.65,50.4,50.45
1691582400,50.4,50.6,50.3,50.3
1691584200,50.3,50.85,50.25,50.8
1691586000,50.8,51.75,50.7,51.7
1691587800,51.7,53,51.7,52.4
1691589600,52.35,53,52.3,53
1691591400,53,53,53,53
1691593200,53,53,53,53
1691649000,55,55,55,55
1691650800,55,56.35,53.65,53.75
1691652600,53.75,55.4,53.45,55.15
1691654400,55.2,55.5,54.95,55.4
1691656200,55.35,55.75,55.05,55.45
1691658000,55.45,56.1,55.4,56.05
1691659800,56,56.1,55.45,55.9
1691661600,55.9,57.75,55.8,57.2
1691663400,57.25,58.3,57.2,57.65
1691665200,57.65,58,57.3,57.55
1691667000,57.5,58,57.4,57.6
1691668800,57.6,57.75,57,57.55
1691670600,57.55,57.85,57.2,57.4
1691672400,57.4,57.55,55.4,55.45
1691674200,55.45,56.55,53.5,55.95
1691676000,55.95,56.3,55.35,55.95
1691677800,55.9,55.9,54,54.4
1691679600,54.5,54.5,54.5,54.5
1691735400,54.75,54.75,54.75,54.75
1691737200,54.7,57.2,54.45,55.9
1691739000,55.9,55.9,54.6,54.7
1691740800,54.7,55.05,53.4,53.8
1691742600,53.85,54.35,53.4,54.3
1691744400,54.3,56.25,54.25,55.65
1691746200,55.6,55.65,54.55,54.8
1691748000,54.8,55.95,54.45,55.85
1691749800,55.9,56.3,55.4,55.95
1691751600,55.9,56.6,55.65,56.4
1691753400,56.45,56.6,55.25,55.25
1691755200,55.25,55.9,54.9,55.8
1691757000,55.8,55.85,55.4,55.75
1691758800,55.75,56,55.3,55.35
1691760600,55.4,55.75,54.5,55.25
1691762400,55.2,56.15,55.15,56
1691764200,56.05,56.05,55.25,55.3
1691766000,55.5,55.5,55.5,55.5
1691994600,56,56,56,56
1691996400,56,58.65,56,58.35
1691998200,58.4,58.65,57.6,58
1692000000,58,58.4,57.85,57.9
1692001800,57.85,58,56.75,57
1692003600,56.95,57.4,56.7,57.15
1692005400,57.15,57.7,57.15,57.55
1692007200,57.55,57.55,56.5,56.8
1692009000,56.8,57.1,56.25,56.5
1692010800,56.45,57.05,56.35,56.6
1692012600,56.55,56.8,56.1,56.75
1692014400,56.75,56.8,56.3,56.75
1692016200,56.75,57.1,56.45,56.55
1692018000,56.55,56.85,56.2,56.25
1692019800,56.25,56.4,55.35,55.7
1692021600,55.7,56.8,55.05,56.3
1692023400,56.35,56.75,55.75,56
1692025200,55.85,55.85,55.85,55.85
1692081000,56,56,56,56
1692082800,56,56.5,55,55.2
1692084600,55.15,55.9,55,55.2
1692086400,55.2,55.2,54,54.2
1692088200,54.2,54.2,53.7,53.85
1692090000,53.85,54.2,53.7,54
1692091800,53.95,54,53.55,53.8
1692093600,53.8,53.85,53.3,53.6
1692095400,53.65,53.75,53.2,53.6
1692097200,53.6,54.25,53.25,53.9
1692099000,53.9,54.55,53.7,54.3
1692100800,54.3,57.7,54.3,56.7
1692102600,56.65,57.15,55.55,56.45
1692104400,56.5,56.8,54.9,55.7
1692106200,55.65,55.85,54.4,54.5
1692108000,54.45,55.15,54.35,54.5
1692109800,54.55,55.65,53.8,55.2
1692111600,55.5,55.5,55.5,55.5
1692167400,55.45,55.45,55.45,55.45
1692169200,55.4,55.95,54.4,54.75
1692171000,54.7,55.1,54.5,54.65
1692172800,54.65,55.3,54.5,55.15
1692174600,55.15,55.35,54.6,55.25
1692176400,55.3,55.7,55,55.2
1692178200,55.2,55.45,54.65,54.65
1692180000,54.6,54.95,54.55,54.6
1692181800,54.6,55.1,54.55,55.05
1692183600,55.1,55.15,54.7,54.8
1692185400,54.8,55.15,54.65,54.85
1692187200,54.85,55.05,54.65,54.9
1692189000,54.9,55.1,54.65,54.65
1692190800,54.65,54.85,54.5,54.7
1692192600,54.7,55.25,54.65,54.9
1692194400,54.95,55.05,54.55,54.6
1692196200,54.6,54.65,53.8,53.85
1692198000,53.85,53.85,53.75,53.75
1692253800,53.8,53.8,53.8,53.8
1692255600,53.8,54.55,53.75,54.35
1692257400,54.35,55.45,54.2,55.2
1692259200,55.25,55.3,54.65,54.85
1692261000,54.8,55.15,54.65,55.15
1692262800,55.15,55.35,54.95,55
1692264600,55,55.05,54.55,54.8
1692266400,54.8,54.9,54.6,54.8
1692268200,54.85,54.95,54.65,54.75
1692270000,54.7,54.8,54.15,54.4
1692271800,54.4,54.7,54.35,54.55
1692273600,54.55,54.55,54.15,54.15
1692275400,54.15,54.55,54.05,54.2
1692277200,54.2,54.3,53.95,54.3
1692279000,54.2,54.45,54.1,54.1
1692280800,54.1,54.85,53.95,54.65
1692282600,54.6,54.7,54.15,54.25
1692284400,54.2,54.2,54.2,54.2
1692340200,54.3,54.3,54.3,54.3
1692342000,54.3,55.35,54.05,54.3
1692343800,54.25,54.45,53.6,53.75
1692345600,53.7,54.4,53.65,54.15
1692347400,54.2,54.45,53.85,54.25
1692349200,54.2,54.5,54.05,54.05
1692351000,54.05,54.3,54,54.1
1692352800,54.1,54.4,54.1,54.25
1692354600,54.3,54.35,54.05,54.1
1692356400,54.1,54.3,53.75,53.9
1692358200,53.85,54,53.35,53.45
1692360000,53.45,53.8,53.4,53.65
1692361800,53.65,53.7,53.05,53.3
1692363600,53.3,53.35,52.25,52.6
1692365400,52.55,52.85,52.05,52.1
1692367200,52.1,52.2,50.5,50.8
1692369000,50.8,51.05,49.36,50.7
1692370800,50.7,50.7,50.65,50.65
1692599400,48.44,48.44,48.44,48.44
1692601200,48.44,49,47.82,47.92
1692603000,47.92,48.88,47.8,48.86
1692604800,48.84,49.4,48.64,48.7
1692606600,48.7,49.08,48.58,49.04
1692608400,49.04,49.08,48.9,49.04
1692610200,49.06,49.3,48.82,49.24
1692612000,49.24,49.36,49.06,49.12
1692613800,49.1,49.74,49.06,49.24
1692615600,49.24,49.32,48.9,49.14
1692617400,49.16,49.16,48.84,48.9
1692619200,48.9,49.04,48.68,48.88
1692621000,48.88,49.24,48.84,49.08
1692622800,49.1,51.5,49.08,50.3
1692624600,50.3,50.9,50.1,50.15
1692626400,50.2,51.1,50.05,50.2
1692628200,50.25,50.5,49.8,49.82
1692630000,49.74,49.74,49.74,49.74
1692685800,50.3,50.3,50.3,50.3
1692687600,50.3,50.9,49.72,50.05
1692689400,50.05,50.15,49.8,49.86
1692691200,49.88,50.15,49.8,50
1692693000,50,50.05,49.68,49.7
1692694800,49.7,49.88,49.4,49.78
1692696600,49.78,50.3,49.7,50.05
1692698400,50.1,50.3,49.84,50.15
1692700200,50.15,50.2,49.54,49.62
1692702000,49.62,49.96,49.42,49.5
1692703800,49.52,49.54,49.1,49.2
1692705600,49.22,49.34,48.7,48.72
1692707400,48.72,48.8,48.06,48.76
1692709200,48.76,48.94,48.52,48.66
1692711000,48.68,48.78,48.16,48.5
1692712800,48.5,50.15,48.3,49.8
1692714600,49.8,50.8,49.36,49.4
1692716400,49.24,49.24,49.24,49.24
1692772200,49.32,49.32,49.32,49.32
1692774000,49.3,49.62,48.88,49.28
1692775800,49.3,50.2,49.22,50.05
1692777600,50.05,50.15,49.54,49.82
1692779400,49.8,50.25,49.68,49.96
1692781200,49.98,50,49.68,49.7
1692783000,49.72,49.82,49.62,49.7
1692784800,49.7,49.96,49.62,49.84
1692786600,49.84,50.15,49.78,49.96
1692788400,49.96,50.45,49.84,50.25
1692790200,50.2,51.25,49.92,51
1692792000,51,51.1,50.3,50.4
1692793800,50.35,50.65,50.2,50.2
1692795600,50.2,50.9,49.98,50.65
1692797400,50.7,50.8,50.1,50.25
1692799200,50.2,50.5,49.88,50
1692801000,50,50.05,49.22,49.48
1692802800,49.5,49.5,49.5,49.5
1692858600,49.7,49.7,49.7,49.7
1692860400,49.72,50.55,49.64,50.5
1692862200,50.5,50.6,50.05,50.35
1692864000,50.35,50.9,50,50.8
1692865800,50.8,51.05,50.65,50.65
1692867600,50.65,50.8,50.45,50.55
1692869400,50.5,50.6,50.1,50.25
1692871200,50.3,50.65,50.25,50.5
1692873000,50.5,51.15,50.4,50.9
1692874800,50.9,54.45,50.85,54.45
1692876600,54.45,54.45,51.05,53.3
1692878400,53.3,54.45,53.25,54.45
1692880200,54.45,54.45,53.3,53.5
1692882000,53.5,54.4,53.15,54.25
1692883800,54.2,54.45,53.95,54.45
1692885600,54.45,54.45,53.8,54.45
1692887400,54.45,54.45,54.45,54.45
1692889200,54.45,54.45,54.45,54.45
1692945000,55.5,55.5,55.5,55.5
1692946800,55.5,56,52.75,52.75
1692948600,53.25,53.5,52.35,52.9
1692950400,52.95,53.55,52.4,53.5
1692952200,53.55,54.8,53.2,53.7
1692954000,53.65,54,53.1,53.25
1692955800,53.25,53.55,52.6,52.85
1692957600,52.85,53.4,52.6,53.25
1692959400,53.2,53.4,52.95,53.15
1692961200,53.15,54.75,52.95,54.2
1692963000,54.2,55.15,54.1,54.35
1692964800,54.35,54.75,53.85,54.6
1692966600,54.6,54.65,53.4,53.5
1692968400,53.55,53.9,53.45,53.8
1692970200,53.75,54.5,53.55,54.15
1692972000,54.15,54.3,53.2,53.7
1692973800,53.7,53.9,52.85,52.95
1692975600,53.15,53.15,53.15,53.15
1693204200,53.6,53.6,53.6,53.6
1693206000,53.55,54.75,53.5,53.95
1693207800,53.9,54.3,53.65,54
1693209600,54.05,54.05,53.6,53.75
1693211400,53.75,55.05,53.65,54.8
1693213200,54.75,54.8,54.1,54.3
1693215000,54.3,54.3,53.95,54.1
1693216800,54.1,54.3,54,54.1
1693218600,54.1,54.15,53.9,54.1
1693220400,54.15,54.3,54,54.15
1693222200,54.1,54.2,53.8,53.9
1693224000,53.9,54.3,53.85,54.25
1693225800,54.3,54.3,53.75,53.95
1693227600,53.95,54.3,53.85,54
1693229400,54,54.2,53.9,54.1
1693231200,54.1,54.2,53.2,53.35
1693233000,53.35,53.55,52.3,52.7
1693234800,52.7,52.8,52.7,52.75
1693290600,52.9,52.9,52.9,52.9
1693292400,52.9,53.7,52.8,53.45
1693294200,53.45,53.95,53.35,53.75
1693296000,53.7,54,53.55,53.7
1693297800,53.7,54.25,53.3,53.95
1693299600,53.95,53.95,53.4,53.55
1693301400,53.5,53.7,53.15,53.55
1693303200,53.55,53.7,53.2,53.25
1693305000,53.2,53.45,52.9,52.95
1693306800,52.95,53,51.8,51.9
1693308600,51.95,52.5,51.85,52.05
1693310400,52,52.6,51.8,52.25
1693312200,52.25,52.45,51.8,51.85
1693314000,51.8,51.9,51.3,51.8
1693315800,51.8,51.85,51.45,51.55
1693317600,51.5,51.9,51.4,51.6
1693319400,51.6,51.65,51.05,51.25
1693321200,51.2,51.4,51.2,51.4
1693463400,51.8,51.8,51.8,51.8
1693465200,51.8,52.15,51.2,51.5
1693467000,51.45,51.5,51.25,51.4
1693468800,51.4,51.8,51.3,51.5
1693470600,51.45,51.7,51.3,51.3
1693472400,51.3,51.35,50.95,51.05
1693474200,51,51.25,50.85,51.15
1693476000,51.15,51.35,50.95,51.35
1693477800,51.35,51.45,50.95,51.05
1693479600,51.05,51.4,51,51.35
1693481400,51.35,51.4,51,51.15
1693483200,51.1,51.3,51.05,51.1
1693485000,51.1,51.2,50.95,51.15
1693486800,51.15,51.2,50.8,50.85
1693488600,50.9,51.15,50.75,50.85
1693490400,50.85,50.95,50.3,50.5
1693492200,50.55,51.05,50.35,50.4
1693494000,50.4,50.45,50.2,50.2
1693549800,50.5,50.5,50.5,50.5
1693551600,50.5,51.15,50.35,50.95
1693553400,50.95,51.15,50.6,50.8
1693555200,50.8,51.3,50.7,51.1
1693557000,51.1,51.2,50.8,51
1693558800,51,51,50.75,50.95
1693560600,50.9,51.3,50.9,51.15
1693562400,51.15,51.2,50.95,51.05
1693564200,51,51.05,50.65,50.75
1693566000,50.75,50.8,50.5,50.55
1693567800,50.55,50.55,50.15,50.35
1693569600,50.3,50.5,50.25,50.35
1693571400,50.35,50.85,50.3,50.65
1693573200,50.7,50.75,50.45,50.65
1693575000,50.6,50.7,50.3,50.4
1693576800,50.4,50.45,50.2,50.35
1693578600,50.4,50.8,50.2,50.65
1693580400,50.85,50.85,50.85,50.85
1693809000,51.3,51.3,51.3,51.3
1693810800,51.35,51.6,50.75,50.9
1693812600,50.9,51.05,50.65,50.95
1693814400,50.95,51.15,50.95,51.1
1693816200,51.1,52.8,51.1,52.25
1693818000,52.2,52.65,51.6,52.15
1693819800,52.2,52.45,52,52.2
1693821600,52.2,52.35,51.95,52.15
1693823400,52.1,52.2,51.95,52
1693825200,52.05,52.15,51.6,52.1
1693827000,52.05,52.1,51.7,51.9
1693828800,51.9,51.95,51.5,51.6
1693830600,51.65,52.2,51.55,52.2
1693832400,52.2,52.45,51.75,51.8
1693834200,51.8,52.15,51.6,51.65
1693836000,51.7,51.95,51.35,51.35
1693837800,51.4,51.4,50.9,51.1
1693839600,51.15,51.25,51.15,51.25
1693895400,51.15,51.15,51.15,51.15
1693897200,51.1,51.5,50.8,51.35
1693899000,51.4,51.4,50.95,51.05
1693900800,51.05,51.05,50.8,50.9
1693902600,50.85,50.9,50.5,50.6
1693904400,50.65,51.8,50.55,51.7
1693906200,51.65,52.25,51.45,51.5
1693908000,51.55,52.25,51.4,52.2
1693909800,52.15,52.25,51.6,51.95
1693911600,51.95,52,51.5,51.7
1693913400,51.75,51.75,51.5,51.7
1693915200,51.7,51.7,51.4,51.6
1693917000,51.55,52.3,51.55,52.15
1693918800,52.15,52.25,51.35,51.6
1693920600,51.55,51.8,51.4,51.65
1693922400,51.65,52,51.45,51.55
1693924200,51.6,51.85,51.3,51.65
1693926000,51.6,51.9,51.6,51.9
1693981800,52.45,52.45,52.45,52.45
1693983600,52.4,52.9,51.95,52.1
1693985400,52.05,52.4,52.05,52.3
1693987200,52.25,52.75,52.25,52.6
1693989000,52.55,53.5,52.55,53.15
1693990800,53.15,53.2,52.8,52.8
1693992600,52.8,52.8,51.95,52.25
1693994400,52.2,52.2,51.3,51.85
1693996200,51.8,52.3,51.8,52.25
1693998000,52.25,52.4,51.85,52.15
1693999800,52.15,52.2,51.65,51.95
1694001600,51.95,51.95,50.85,51.35
1694003400,51.35,51.55,51.1,51.25
1694005200,51.25,52.05,51.2,51.7
1694007000,51.7,52.4,51.5,52.35
1694008800,52.35,52.45,51.4,51.5
1694010600,51.5,51.9,51.25,51.45
1694012400,51.45,51.45,51.45,51.45
1694068200,51.7,51.7,51.7,51.7
1694070000,51.65,52.1,51.6,51.85
1694071800,51.85,52,51.4,51.65
1694073600,51.65,51.8,51.5,51.75
1694075400,51.7,52.2,51.7,52.1
1694077200,52.05,52.6,52.05,52.35
1694079000,52.35,52.55,52.15,52.35
1694080800,52.35,52.5,52,52.15
1694082600,52.15,52.2,52.05,52.1
1694084400,52.1,52.35,51.75,51.9
1694086200,51.9,52.05,51.7,51.75
1694088000,51.75,51.85,51.35,51.8
1694089800,51.75,51.8,51.5,51.75
1694091600,51.7,51.75,51.5,51.6
1694093400,51.6,51.9,51.45,51.6
1694095200,51.6,51.7,51.4,51.6
1694097000,51.6,52.7,51.6,52.35
1694098800,52.4,52.4,52.4,52.4
1694154600,52.6,52.6,52.6,52.6
1694156400,52.65,53.85,52.6,52.75
1694158200,52.75,52.8,52.35,52.65
1694160000,52.65,53,52.5,52.65
1694161800,52.65,52.8,52.4,52.55
1694163600,52.55,52.8,52.45,52.6
1694165400,52.55,52.65,52.5,52.55
1694167200,52.55,52.75,52.55,52.7
1694169000,52.65,52.8,52.55,52.7
1694170800,52.7,52.7,52.4,52.55
1694172600,52.55,52.65,52.25,52.5
1694174400,52.45,52.85,52.1,52.4
1694176200,52.35,52.5,52.2,52.45
1694178000,52.5,52.5,52.25,52.45
1694179800,52.45,52.55,52.15,52.3
1694181600,52.3,52.5,52,52.15
1694183400,52.15,52.45,51.9,52.25
1694185200,52.3,52.3,52.3,52.3
1694413800,52.95,52.95,52.95,52.95
1694415600,52.95,53.1,52.45,52.6
1694417400,52.6,52.65,52.25,52.4
1694419200,52.4,52.55,52.05,52.4
1694421000,52.35,52.65,52.3,52.55
1694422800,52.55,52.6,52.35,52.5
1694424600,52.5,52.55,52.1,52.15
1694426400,52.2,52.3,52.1,52.25
1694428200,52.25,52.45,52.25,52.3
1694430000,52.3,52.35,51.8,52.2
1694431800,52.15,52.25,51.85,51.95
1694433600,51.9,51.95,51.6,51.8
1694435400,51.75,51.85,51.45,51.7
1694437200,51.65,51.7,50.35,50.35
1694439000,50.5,50.75,49.9,50.05
1694440800,50,52,49.96,50.35
1694442600,50.35,50.45,49.6,50.05
1694444400,50,50.25,49.98,50.25
1694500200,50.2,50.2,50.2,50.2
1694502000,50.2,50.55,49.76,50.2
1694503800,50.2,50.35,49.6,49.82
1694505600,49.82,50,49.32,49.88
1694507400,49.86,49.9,49.22,49.46
1694509200,49.46,49.6,49.34,49.6
1694511000,49.58,49.64,49.42,49.5
1694512800,49.5,49.52,49.32,49.48
1694514600,49.48,50.15,49.44,49.92
1694516400,49.9,50.1,49.48,49.62
1694518200,49.64,49.76,49.54,49.7
1694520000,49.7,50.1,49.68,50
1694521800,50.05,50.1,49.66,49.74
1694523600,49.74,50.3,49.74,50.3
1694525400,50.35,50.95,50.25,50.5
1694527200,50.5,50.85,49.52,49.8
1694529000,49.78,50.05,49.54,49.58
1694530800,49.56,49.56,49.56,49.56
1694586600,49.52,49.52,49.52,49.52
1694588400,49.54,50.75,49.52,50.65
1694590200,50.6,51.3,50.05,51
1694592000,51,51.05,50.5,50.6
1694593800,50.6,51,50.55,50.6
1694595600,50.6,50.75,50.55,50.7
1694597400,50.7,50.9,50.6,50.75
1694599200,50.7,50.8,50.5,50.6
1694601000,50.55,50.7,50.3,50.35
1694602800,50.3,50.5,50.2,50.5
1694604600,50.5,50.85,50.25,50.75
1694606400,50.8,50.85,49.9,50
1694608200,50,50.2,49.8,50.05
1694610000,50.05,50.2,49.66,49.94
1694611800,49.94,50.15,49.08,49.14
1694613600,49.1,49.42,48.7,49.24
1694615400,49.22,49.52,48.8,49.18
1694617200,49.16,49.16,49.16,49.16
1694673000,48.88,48.88,48.88,48.88
1694674800,48.86,49.28,48.52,49.04
1694676600,49.04,49.3,48.82,49.06
1694678400,49.04,49.76,49,49.7
1694680200,49.68,49.72,49.1,49.14
1694682000,49.14,49.26,49.06,49.18
1694683800,49.16,49.24,49.02,49.2
1694685600,49.18,49.18,48.96,49
1694687400,49.02,49.08,48.96,49.04
1694689200,49.02,49.06,48.92,48.94
1694691000,48.96,49.04,48.8,48.84
1694692800,48.84,48.98,48.66,48.86
1694694600,48.88,49.08,48.82,48.98
1694696400,48.98,49.66,48.88,49.54
1694698200,49.54,49.92,49.24,49.54
1694700000,49.54,50.45,49.34,49.94
1694701800,49.94,50.7,49.68,50.6
1694703600,50.6,50.6,50.6,50.6
1694759400,50.4,50.4,50.4,50.4
1694761200,50.4,50.75,50,50.25
1694763000,50.3,51.1,50.1,50.35
1694764800,50.4,51.5,50.3,51.4
1694766600,51.45,51.55,51.1,51.2
1694768400,51.25,51.45,51.15,51.15
1694770200,51.15,51.35,50.85,51.05
1694772000,51.1,51.45,50.85,50.95
1694773800,50.95,51.1,50.9,51.05
1694775600,51,51.45,50.95,51.1
1694777400,51.15,51.2,50.9,50.9
1694779200,50.9,51.1,50.75,50.9
1694781000,50.9,51.1,50.55,50.6
1694782800,50.6,50.7,50.15,50.35
1694784600,50.4,50.5,49.94,50.15
1694786400,50.1,50.35,49.92,50.2
1694788200,50.2,50.35,49.7,49.9
1694790000,50,50,50,50
1695018600,49.74,49.74,49.74,49.74
1695020400,49.74,50.15,49.52,49.88
1695022200,49.86,50.15,49.72,49.8
1695024000,49.78,50.1,49.78,50.05
1695025800,50.05,50.3,49.88,50.15
1695027600,50.15,50.5,50,50.1
1695029400,50.15,50.25,50,50.15
1695031200,50.1,50.3,49.94,49.94
1695033000,49.96,50.2,49.82,49.86
1695034800,49.88,49.9,49.52,49.86
1695036600,49.84,49.94,49.54,49.6
1695038400,49.6,49.86,49.52,49.8
1695040200,49.8,50.15,49.68,49.92
1695042000,49.92,50.1,49.72,49.8
1695043800,49.78,50.05,49.68,49.92
1695045600,49.94,50.25,49.5,49.56
1695047400,49.56,49.88,49.48,49.56
1695049200,49.6,49.6,49.6,49.6
1695105000,49.66,49.66,49.66,49.66
1695106800,49.66,50.45,49.66,50
1695108600,49.98,50.1,49.54,49.72
1695110400,49.72,49.98,49.7,49.78
1695112200,49.76,49.8,49.28,49.34
1695114000,49.32,49.34,49.06,49.28
1695115800,49.26,49.36,49.02,49.26
1695117600,49.26,49.46,49.24,49.34
1695119400,49.36,49.38,49.2,49.26
1695121200,49.26,49.64,49.16,49.26
1695123000,49.28,49.8,49.24,49.56
1695124800,49.56,49.78,49.42,49.46
1695126600,49.48,49.52,49.08,49.14
1695128400,49.14,49.5,49.08,49.48
1695130200,49.5,49.9,49.36,49.74
1695132000,49.76,50.2,49.52,49.6
1695133800,49.6,49.96,49.36,49.94
1695135600,50.05,50.05,50.05,50.05
1695191400,50.05,50.05,50.05,50.05
1695193200,50.05,50.4,49.84,50.25
1695195000,50.25,51.15,50.2,51.15
1695196800,51.1,51.4,50.9,51.25
1695198600,51.3,52.3,51.3,52.25
1695200400,52.3,52.5,51.95,52
1695202200,51.95,52.25,51.75,52
1695204000,52,52.25,51.85,52.2
1695205800,52.15,52.3,51.8,52.25
1695207600,52.25,52.35,52.05,52.15
1695209400,52.15,52.35,51.85,52.25
1695211200,52.3,52.95,52.25,52.55
1695213000,52.5,52.6,51.95,52.45
1695214800,52.45,52.8,52.1,52.3
1695216600,52.25,52.7,52,52.45
1695218400,52.4,52.45,51.55,51.6
1695220200,51.6,51.8,51.05,51.35
1695222000,51.5,51.5,51.5,51.5
1695277800,51.5,51.5,51.5,51.5
1695279600,51.55,52.8,51.35,52.1
1695281400,52.1,52.65,52,52.25
1695283200,52.25,52.55,52.1,52.3
1695285000,52.35,52.8,52.3,52.45
1695286800,52.4,52.55,52.3,52.5
1695288600,52.45,52.7,52.35,52.4
1695290400,52.4,52.65,52.35,52.55
1695292200,52.5,53.05,52.5,52.9
1695294000,52.9,53.5,50.4,50.85
1695295800,50.8,51.55,50.75,51.2
1695297600,51.2,51.25,50.75,50.95
1695299400,50.95,51.3,50.7,51.15
1695301200,51.15,52.2,51.1,51.75
1695303000,51.8,52.1,51.4,51.9
1695304800,51.9,52.05,51.8,51.9
1695306600,51.9,52.2,51.65,51.85
1695308400,52,52,52,52
1695364200,52,52,52,52
1695366000,52.05,52.25,51.35,51.75
1695367800,51.7,52,51.5,51.6
1695369600,51.6,52.15,51.55,51.9
1695371400,51.95,52,51.65,51.75
1695373200,51.75,51.85,51.65,51.65
1695375000,51.65,51.8,51.6,51.75
1695376800,51.7,51.9,51.55,51.85
1695378600,51.85,52.1,51.7,52.05
1695380400,52.05,52.3,51.45,51.7
1695382200,51.7,51.75,51.25,51.3
1695384000,51.35,51.45,51.15,51.3
1695385800,51.25,51.35,51.15,51.25
1695387600,51.3,51.85,51.25,51.8
1695389400,51.8,51.95,51.4,51.45
1695391200,51.45,51.6,51.1,51.3
1695393000,51.25,51.45,50.8,50.85
1695394800,50.85,50.85,50.8,50.8
1695623400,50.95,50.95,50.95,50.95
1695625200,51,51.4,50.8,51.2
1695627000,51.25,51.45,50.8,51.05
1695628800,51.05,51.3,50.95,51.25
1695630600,51.25,51.3,50.95,51.2
1695632400,51.15,51.35,51.05,51.25
1695634200,51.25,51.45,51.1,51.35
1695636000,51.4,51.45,51.2,51.3
1695637800,51.3,51.95,51.2,51.85
1695639600,51.85,51.9,51.45,51.6
1695641400,51.55,51.6,51.35,51.4
1695643200,51.4,51.6,51.35,51.4
1695645000,51.4,51.5,51.15,51.4
1695646800,51.4,51.8,51.35,51.75
1695648600,51.8,52.15,51.65,52.05
1695650400,52.05,52.2,51.8,51.95
1695652200,51.9,52,51.55,51.6
1695654000,51.55,51.55,51.55,51.55
1695709800,51.85,51.85,51.85,51.85
1695711600,51.85,52.55,51.55,52.3
1695713400,52.35,52.9,52.2,52.55
1695715200,52.55,52.8,52.4,52.45
1695717000,52.45,52.6,52.3,52.5
1695718800,52.55,52.6,52.35,52.5
1695720600,52.5,52.55,52.05,52.1
1695722400,52.05,52.25,51.9,52.15
1695724200,52.2,52.45,52.15,52.4
1695726000,52.35,52.7,52.2,52.35
1695727800,52.35,52.35,51.65,52.05
1695729600,52.05,52.15,51.4,52
1695731400,52,52.25,51.95,52.05
1695733200,52.05,52.4,52.05,52.25
1695735000,52.25,52.6,52.15,52.45
1695736800,52.45,52.5,51.8,51.9
1695738600,51.85,52.45,51.3,51.45
1695740400,51.45,51.45,51.45,51.45
1695796200,51.6,51.6,51.6,51.6
1695798000,51.55,51.85,51.05,51.25
1695799800,51.25,51.7,51.2,51.5
1695801600,51.55,51.55,51.2,51.5
1695803400,51.5,51.6,51.25,51.3
1695805200,51.3,51.3,51.1,51.25
1695807000,51.25,51.3,51.05,51.1
1695808800,51.1,51.45,50.95,51.35
1695810600,51.35,51.6,51.2,51.45
1695812400,51.4,51.55,51,51.15
1695814200,51.2,51.3,50.95,51
1695816000,50.95,51.15,50.75,51.05
1695817800,51.05,51.1,50.7,50.8
1695819600,50.85,51.3,50.8,51.05
1695821400,51.05,51.35,50.9,50.9
1695823200,50.95,51.25,50.9,51.05
1695825000,51.05,51.05,50.65,50.7
1695826800,50.8,50.8,50.8,50.8
1695882600,50.95,50.95,50.95,50.95
1695884400,50.95,51.3,50.9,51.15
1695886200,51.15,51.45,51.1,51.15
1695888000,51.15,51.5,51.05,51.3
1695889800,51.25,51.35,51.1,51.25
1695891600,51.25,51.45,51.15,51.4
1695893400,51.35,51.6,51.3,51.5
1695895200,51.5,51.55,51.35,51.4
1695897000,51.4,51.45,51.2,51.3
1695898800,51.25,51.3,50.9,51.1
1695900600,51.1,51.2,50.95,51.05
1695902400,51,51.2,51,51.05
1695904200,51.05,51.25,50.95,51
1695906000,50.95,51.15,50.9,51.1
1695907800,51.05,51.15,50.95,50.95
1695909600,50.95,51.5,50.9,51.15
1695911400,51.2,51.55,51,51.1
1695913200,51.1,51.1,51.1,51.1
1695969000,51.4,51.4,51.4,51.4
1695970800,51.4,53.75,51.4,53.4
1695972600,53.45,53.65,53.2,53.4
1695974400,53.35,54.6,53.35,53.9
1695976200,53.9,54,53.5,53.7
1695978000,53.75,53.75,53.5,53.65
1695979800,53.7,53.85,53.55,53.6
1695981600,53.6,53.65,53.4,53.5
1695983400,53.45,53.55,53.25,53.5
1695985200,53.55,53.9,53.3,53.55
1695987000,53.55,53.75,53.5,53.65
1695988800,53.65,54.2,53.6,54.05
1695990600,54.05,54.15,53.5,53.7
1695992400,53.75,53.9,53.6,53.85
1695994200,53.8,54.6,53.6,53.85
1695996000,53.85,53.85,53.15,53.6
1695997800,53.55,53.6,52.8,53.1
1695999600,53.25,53.25,53.25,53.25
1696228200,53.8,53.8,53.8,53.8
1696230000,53.8,54.15,53.4,53.6
1696231800,53.55,53.6,53.05,53.5
1696233600,53.5,54,53.35,53.95
1696235400,53.95,54.25,53.75,53.8
1696237200,53.8,53.9,53.65,53.85
1696239000,53.85,53.85,53.65,53.75
1696240800,53.75,53.85,53.6,53.75
1696242600,53.75,53.85,53.65,53.8
1696244400,53.75,55.05,53.75,54.9
1696246200,54.95,54.95,54.45,54.65
1696248000,54.6,54.65,54.25,54.3
1696249800,54.35,54.6,54.3,54.55
1696251600,54.5,54.55,54.15,54.25
1696253400,54.25,54.3,53.6,53.75
1696255200,53.75,54.05,53.7,53.9
1696257000,53.9,54.15,53.7,53.8
1696258800,53.8,54,53.8,54
1696314600,54.2,54.2,54.2,54.2
1696316400,54.15,54.3,53.35,53.55
1696318200,53.55,53.75,53.3,53.5
1696320000,53.5,53.85,53.45,53.5
1696321800,53.5,53.7,53.35,53.4
1696323600,53.4,53.5,53.25,53.3
1696325400,53.3,53.5,53.25,53.35
1696327200,53.4,53.55,53.3,53.35
1696329000,53.4,53.5,53.3,53.35
1696330800,53.4,53.5,53.1,53.25
1696332600,53.2,53.35,52.95,53.2
1696334400,53.15,53.35,53.1,53.25
1696336200,53.25,53.25,52.95,53.05
1696338000,53.05,53.4,53,53.25
1696339800,53.25,53.35,53,53.1
1696341600,53.15,53.2,52.5,52.55
1696343400,52.55,53.15,52.4,53.1
1696345200,53.3,53.3,53.3,53.3
1696401000,53.25,53.25,53.25,53.25
1696402800,53.2,53.75,53.1,53.15
1696404600,53.15,53.25,52.95,52.95
1696406400,52.95,53,52.45,52.55
1696408200,52.55,52.7,52.35,52.6
1696410000,52.6,52.65,52.4,52.55
1696411800,52.55,52.65,52.45,52.6
1696413600,52.6,53,52.4,52.75
1696415400,52.7,52.9,52.6,52.85
1696417200,52.85,52.85,52.65,52.7
1696419000,52.7,52.75,52.4,52.45
1696420800,52.5,52.7,52.35,52.55
1696422600,52.55,52.7,52.3,52.6
1696424400,52.65,52.7,52.4,52.45
1696426200,52.45,52.5,52.25,52.3
1696428000,52.3,52.55,51.9,52.15
1696429800,52.2,52.5,51.7,51.75
1696431600,51.7,51.7,51.7,51.7
1696487400,52.1,52.1,52.1,52.1
1696489200,52.15,52.4,51.8,51.95
1696491000,51.9,52.5,51.9,52.4
1696492800,52.35,52.6,52.3,52.4
1696494600,52.4,52.45,52.2,52.3
1696496400,52.25,52.4,52.15,52.35
1696498200,52.35,52.5,52.25,52.35
1696500000,52.3,52.35,52.05,52.1
1696501800,52.05,52.1,51,51.15
1696503600,51.15,51.2,50.35,50.9
1696505400,50.9,51.35,50.75,51.15
1696507200,51.15,51.55,51.1,51.1
1696509000,51.1,51.55,50.85,51.5
1696510800,51.5,51.75,51.45,51.6
1696512600,51.55,51.85,51.3,51.8
1696514400,51.8,52.8,51.6,52.5
1696516200,52.5,52.95,52.2,52.55
1696518000,52.7,52.7,52.7,52.7
1696573800,52,52,52,52
1696575600,52,52.8,52,52.25
1696577400,52.25,52.3,52,52.05
1696579200,52,52.25,51.9,52
1696581000,52.05,52.15,51.95,52
1696582800,52.05,52.2,52,52.05
1696584600,52.1,52.15,51.8,51.85
1696586400,51.85,52.1,51.75,52
1696588200,52.05,52.1,51.85,52.1
1696590000,52.1,52.4,51.85,52
1696591800,52,52.05,51.85,51.95
1696593600,51.95,52.1,51.85,52.05
1696595400,52,52.05,51.75,51.85
1696597200,51.9,52.25,51.8,52.1
1696599000,52.1,52.3,51.95,52.15
1696600800,52.15,52.15,51.8,52.05
1696602600,52.05,52.05,51.45,51.55
1696604400,51.6,51.6,51.6,51.6
1696833000,50.25,50.25,50.25,50.25
1696834800,50.2,50.75,49.98,50.55
1696836600,50.55,50.9,50.5,50.65
1696838400,50.65,51.05,50.55,50.7
1696840200,50.75,50.9,50.65,50.7
1696842000,50.7,50.85,50.55,50.65
1696843800,50.7,50.7,50.5,50.6
1696845600,50.65,50.65,50.45,50.5
1696847400,50.5,50.65,50.3,50.6
1696849200,50.6,50.7,50.45,50.6
1696851000,50.6,50.75,50.45,50.6
1696852800,50.6,50.75,50.55,50.7
1696854600,50.65,50.7,49.96,50.1
1696856400,50.05,50.55,50.05,50.45
1696858200,50.4,50.5,50.25,50.4
1696860000,50.35,50.45,49.7,49.82
1696861800,49.82,49.9,49.5,49.68
1696863600,49.68,49.8,49.68,49.8
1696919400,50.7,50.7,50.7,50.7
1696921200,50.7,50.95,50.15,50.45
1696923000,50.45,50.65,50.4,50.6
1696924800,50.55,50.75,50.5,50.65
1696926600,50.6,51.1,50.6,51.05
1696928400,51.05,51.25,50.95,51.15
1696930200,51.1,51.15,50.9,51
1696932000,51,51.1,50.75,50.8
1696933800,50.8,50.8,50.55,50.7
1696935600,50.65,51.1,50.6,50.95
1696937400,50.95,51.05,50.7,50.85
1696939200,50.85,51.05,50.8,50.95
1696941000,50.95,51.05,50.8,50.95
1696942800,50.9,51,50.85,50.95
1696944600,50.9,50.95,50.55,50.8
1696946400,50.75,51.3,50.7,51.1
1696948200,51.1,51.2,50.75,50.9
1696950000,51,51,51,51
1697005800,51.05,51.05,51.05,51.05
1697007600,51.05,52.1,51.05,51.75
1697009400,51.8,52.05,51.7,51.9
1697011200,51.9,51.9,51.7,51.8
1697013000,51.8,51.85,51.35,51.4
1697014800,51.4,51.75,51.35,51.5
1697016600,51.5,51.55,51.2,51.25
1697018400,51.25,51.4,51.15,51.25
1697020200,51.2,51.4,51.2,51.25
1697022000,51.2,51.35,51.05,51.2
1697023800,51.25,51.25,51.05,51.05
1697025600,51.05,51.3,51.05,51.2
1697027400,51.2,51.2,50.65,50.75
1697029200,50.75,50.95,50.7,50.75
1697031000,50.8,50.8,50.3,50.5
1697032800,50.5,50.85,50.25,50.6
1697034600,50.55,50.95,50.4,50.7
1697036400,50.9,50.9,50.9,50.9
1697092200,51.4,51.4,51.4,51.4
1697094000,51.4,51.7,51.25,51.45
1697095800,51.4,51.9,51.35,51.85
1697097600,51.9,51.95,51.6,51.7
1697099400,51.75,51.85,51.65,51.7
1697101200,51.75,51.75,51.55,51.6
1697103000,51.65,51.85,51.55,51.75
1697104800,51.75,51.8,51.45,51.55
1697106600,51.5,51.65,51.5,51.65
1697108400,51.6,51.75,51.55,51.7
1697110200,51.7,51.75,50.55,50.85
1697112000,50.8,50.85,50.2,50.5
1697113800,50.45,50.6,50.1,50.2
1697115600,50.15,50.5,49.98,50.4
1697117400,50.45,50.45,49,49.08
1697119200,49.04,49.74,48.94,49.22
1697121000,49.2,50.15,49.08,50
1697122800,50,50,50,50
1697178600,49.5,49.5,49.5,49.5
1697180400,49.5,49.94,49.32,49.6
1697182200,49.58,49.62,49.28,49.28
1697184000,49.3,49.6,49.2,49.36
1697185800,49.38,49.42,48.56,48.8
1697187600,48.78,49.06,48.76,48.98
1697189400,48.98,49.06,48.84,48.92
1697191200,48.9,49,48.84,48.92
1697193000,48.92,48.94,48.62,48.82
1697194800,48.82,48.94,48.78,48.84
1697196600,48.84,48.84,48.7,48.76
1697198400,48.76,49.04,48.76,48.84
1697200200,48.84,48.86,48.5,48.52
1697202000,48.52,48.84,48.48,48.7
1697203800,48.7,48.98,48.6,48.86
1697205600,48.84,49.02,48.72,48.92
1697207400,48.9,49.1,48.54,48.66
1697209200,48.6,48.6,48.6,48.6
1697437800,49.2,49.2,49.2,49.2
1697439600,49.22,49.34,48.52,48.62
1697441400,48.6,48.6,48.24,48.3
1697443200,48.3,48.3,47.76,47.92
1697445000,47.94,48.26,47.82,48.18
1697446800,48.18,48.46,48.06,48.24
1697448600,48.22,48.4,48.16,48.22
1697450400,48.22,48.36,48,48.18
1697452200,48.18,48.2,47.8,47.88
1697454000,47.86,48.18,47.86,48.04
1697455800,48.04,48.24,47.9,48.2
1697457600,48.22,48.44,48.08,48.4
1697459400,48.38,48.56,48.14,48.26
1697461200,48.26,48.36,48.04,48.26
1697463000,48.24,48.6,48.08,48.58
1697464800,48.58,48.66,48.06,48.26
1697466600,48.26,48.42,47.82,48.24
1697468400,48.34,48.34,48.34,48.34
1697524200,48.36,48.36,48.36,48.36
1697526000,48.36,48.76,48.18,48.62
1697527800,48.62,48.78,48.28,48.34
1697529600,48.34,48.54,48.18,48.48
1697531400,48.46,48.52,48.18,48.28
1697533200,48.26,48.28,48.14,48.2
1697535000,48.2,48.38,48.16,48.22
1697536800,48.22,48.26,48.08,48.18
1697538600,48.18,48.24,48.06,48.16
1697540400,48.14,48.4,48.12,48.34
1697542200,48.36,48.36,48.12,48.32
1697544000,48.34,48.58,48.22,48.56
1697545800,48.54,48.58,48.32,48.46
1697547600,48.46,48.76,48.38,48.56
1697549400,48.56,48.92,48.5,48.92
1697551200,48.94,49.1,48.7,48.88
1697553000,48.88,49.54,48.74,49.38
1697554800,49.42,49.42,49.42,49.42
1697610600,48,48,48,48
1697612400,48,48.9,47.98,48.56
1697614200,48.56,48.68,48.22,48.36
1697616000,48.36,48.48,48.22,48.48
1697617800,48.46,48.66,48.44,48.5
1697619600,48.5,48.58,48.34,48.4
1697621400,48.4,48.46,48.28,48.36
1697623200,48.36,48.48,48.28,48.36
1697625000,48.36,48.42,48.1,48.14
1697626800,48.12,48.18,47.78,47.94
1697628600,47.92,48.16,47.84,48.06
1697630400,48.06,48.08,47.86,47.96
1697632200,47.96,48,47.82,47.84
1697634000,47.84,47.94,47.26,47.38
1697635800,47.38,47.64,47.3,47.42
1697637600,47.42,47.74,47.26,47.56
1697639400,47.56,47.64,47.26,47.38
1697641200,47.38,47.38,47.38,47.38
1697697000,47.38,47.38,47.38,47.38
1697698800,47.38,47.66,47.24,47.38
1697700600,47.36,47.48,47.2,47.34
1697702400,47.34,47.5,47.24,47.48
1697704200,47.48,47.76,47.46,47.74
1697706000,47.74,47.84,47.5,47.64
1697707800,47.62,47.74,47.56,47.58
1697709600,47.58,47.86,47.46,47.82
1697711400,47.84,47.92,47.72,47.76
1697713200,47.78,47.84,47.64,47.72
1697715000,47.72,47.98,47.66,47.82
1697716800,47.82,47.86,47.62,47.66
1697718600,47.64,47.68,47.12,47.12
1697720400,47.12,47.3,46.88,47.02
1697722200,47,47.04,46.68,46.92
1697724000,46.92,46.98,46.14,46.3
1697725800,46.3,46.46,46.04,46.24
1697727600,46.24,46.24,46.24,46.24
1697783400,45.7,45.7,45.7,45.7
1697785200,45.68,45.9,45.24,45.46
1697787000,45.44,45.94,45.4,45.78
1697788800,45.8,45.84,45.56,45.76
1697790600,45.74,45.78,45.46,45.54
1697792400,45.54,45.58,45.34,45.4
1697794200,45.38,45.58,45.24,45.52
1697796000,45.54,45.54,45.36,45.4
1697797800,45.42,45.58,45.28,45.38
1697799600,45.38,45.4,45.1,45.18
1697801400,45.16,45.2,44.98,45.2
1697803200,45.2,45.32,45.04,45.14
1697805000,45.12,45.36,45.12,45.24
1697806800,45.24,45.46,45.02,45.04
1697808600,45.04,45.18,44.86,44.9
1697810400,44.9,45.24,44.9,45
1697812200,45,45.02,44.16,44.6
1697814000,44.62,44.62,44.62,44.62
1698042600,45.06,45.06,45.06,45.06
1698044400,45.06,45.26,44.74,45.1
1698046200,45.12,45.22,44.82,45.04
1698048000,45.02,45.06,44.82,44.82
1698049800,44.84,44.88,44.66,44.84
1698051600,44.82,44.84,44.54,44.64
1698053400,44.62,44.8,44.52,44.74
1698055200,44.74,44.78,44.56,44.64
1698057000,44.66,44.84,44.64,44.66
1698058800,44.66,44.76,44.56,44.62
1698060600,44.62,45.04,44.56,45
1698062400,45.02,45.02,44.8,44.98
1698064200,45,45.34,44.96,45.18
1698066000,45.18,45.24,45.04,45.22
1698067800,45.22,45.36,45.04,45.34
1698069600,45.34,45.78,45.2,45.72
1698071400,45.72,46.04,45.56,45.98
1698073200,46,46,46,46
1698129000,46.5,46.5,46.5,46.5
1698130800,46.5,46.6,46.06,46.5
1698132600,46.5,47.32,46.46,47.14
1698134400,47.14,47.3,46.86,47.04
1698136200,47.02,48.02,46.98,47.8
1698138000,47.78,47.94,47.74,47.88
1698139800,47.86,47.88,47.42,47.56
1698141600,47.54,47.74,47.5,47.68
1698143400,47.68,47.76,47.48,47.58
1698145200,47.58,47.72,47.48,47.7
1698147000,47.7,48.16,47.56,47.92
1698148800,47.9,48.44,47.9,48.26
1698150600,48.28,48.82,48.08,48.74
1698152400,48.74,49.52,48.7,49.36
1698154200,49.36,50.6,49.26,50.25
1698156000,50.25,50.35,49.88,50
1698157800,50,50.05,49.36,49.7
1698159600,49.7,49.7,49.7,49.7
1698215400,49.82,49.82,49.82,49.82
1698217200,49.8,50.2,49.4,50
1698219000,50,50,49.44,49.76
1698220800,49.76,49.76,49.02,49.04
1698222600,49.04,49.04,48.68,48.86
1698224400,48.86,49.18,48.76,49.12
1698226200,49.12,49.3,48.78,48.8
1698228000,48.8,48.84,48.28,48.3
1698229800,48.28,48.48,48.02,48.42
1698231600,48.42,48.58,48.2,48.26
1698233400,48.26,48.32,47.64,47.88
1698235200,47.86,47.9,47.62,47.82
1698237000,47.84,47.94,47.34,47.34
1698238800,47.34,47.48,46.8,47.1
1698240600,47.1,47.18,46.04,46.32
1698242400,46.4,46.5,45.42,45.48
1698246000,45.5,45.5,45.5,45.5
1698301800,46.22,46.22,46.22,46.22
1698303600,46.22,46.66,45.92,46.14
1698305400,46.16,46.4,45.68,45.92
1698307200,45.92,46.06,45.44,45.72
1698309000,45.72,46.2,45.5,46.2
1698310800,46.16,46.76,45.94,46.52
1698312600,46.52,47,46.5,46.66
1698314400,46.66,46.98,46.34,46.96
1698316200,46.96,47.14,46.76,47
1698318000,47.02,47.82,46.44,46.58
1698319800,46.58,47.42,46.4,47.38
1698321600,47.38,47.92,47.3,47.8
1698323400,47.8,48.22,47.64,47.68
1698325200,47.68,48.54,47.6,48.32
1698327000,48.34,48.58,48.04,48.36
1698328800,48.36,48.54,47.8,47.9
1698330600,47.9,48.02,47.28,47.8
1698332400,47.74,47.74,47.74,47.74
1698388200,47.88,47.88,47.88,47.88
1698390000,47.88,49.6,47.88,49.06
1698391800,49.04,49.04,48.42,48.56
1698393600,48.56,48.58,48.24,48.48
1698395400,48.44,48.66,48.32,48.66
1698397200,48.64,48.72,48.16,48.24
1698399000,48.28,48.3,47.8,47.88
1698400800,47.86,48.08,47.58,47.64
1698402600,47.64,48.38,47.58,48.22
1698404400,48.22,48.34,47.76,47.9
1698406200,47.9,48.18,47.8,47.88
1698408000,47.88,48.2,47.72,47.82
1698409800,47.82,47.88,47.52,47.6
1698411600,47.62,48.4,47.54,48.1
1698413400,48.12,48.88,47.94,48.26
1698415200,48.28,49.12,48.22,48.84
1698417000,48.84,49.88,48.76,49.18
1698418800,49.12,49.12,49.12,49.12
1698647400,49.02,49.02,49.02,49.02
1698649200,49.02,50.25,48.92,50.2
1698651000,50.2,50.3,49.32,49.54
1698652800,49.56,49.9,49.32,49.4
1698654600,49.4,49.42,48.98,49
1698656400,49,49,48.64,48.66
1698658200,48.68,48.68,48.18,48.5
1698660000,48.48,48.68,48.36,48.56
1698661800,48.56,48.88,48.56,48.78
1698663600,48.8,48.98,48.68,48.88
1698665400,48.88,49.06,48.7,48.84
1698667200,48.84,48.84,48.56,48.58
1698669000,48.58,48.72,48.32,48.36
1698670800,48.36,48.4,48.04,48.1
1698672600,48.1,48.52,47.88,48.24
1698674400,48.26,48.54,48.06,48.42
1698676200,48.44,48.86,48.36,48.42
1698678000,48.44,48.44,48.44,48.44
1698733800,49,49,49,49
1698735600,49,49.32,48.28,48.3
1698737400,48.3,48.7,48.18,48.56
1698739200,48.54,48.56,48.26,48.54
1698741000,48.54,48.54,48.18,48.32
1698742800,48.32,48.34,47.96,48.1
1698744600,48.1,48.28,48,48.26
1698746400,48.28,48.62,48.26,48.52
1698748200,48.52,48.54,48.4,48.48
1698750000,48.48,48.62,48.34,48.46
1698751800,48.46,48.54,48.36,48.48
1698753600,48.46,48.52,48.22,48.36
1698755400,48.34,48.34,47.56,47.58
1698757200,47.58,47.8,47.44,47.72
1698759000,47.7,47.72,47.06,47.1
1698760800,47.1,47.66,46.82,47.38
1698762600,47.38,47.52,46.94,47.02
1698764400,47,47,47,47
1698820200,47.3,47.3,47.3,47.3
1698822000,47.3,47.66,47.2,47.28
1698823800,47.26,47.64,46.72,47.6
1698825600,47.6,47.7,47.22,47.34
1698827400,47.36,47.44,47.08,47.1
1698829200,47.08,47.18,46.9,47.16
1698831000,47.16,47.22,46.82,46.9
1698832800,46.86,46.92,46.66,46.88
1698834600,46.86,46.96,46.66,46.68
1698836400,46.66,46.74,46.3,46.36
1698838200,46.36,46.5,46.16,46.24
1698840000,46.24,46.6,46.2,46.46
1698841800,46.46,46.64,46.28,46.44
1698843600,46.42,46.44,45.36,45.5
1698845400,45.5,45.72,45.08,45.3
1698847200,45.32,46.68,45.2,46.56
1698849000,46.56,46.82,46.4,46.76
1698850800,46.66,46.66,46.66,46.66
1698906600,47,47,47,47
1698908400,47.02,47.48,46.62,46.88
1698910200,46.9,47.5,46.88,47.48
1698912000,47.48,47.84,47.38,47.72
1698913800,47.74,48.02,47.36,47.96
1698915600,47.94,48,47.68,47.8
1698917400,47.8,47.98,47.7,47.9
1698919200,47.92,48.5,47.9,48.08
1698921000,48.1,48.2,47.92,48.06
1698922800,48.08,48.18,47.98,48.06
1698924600,48.06,48.24,47.96,48.1
1698926400,48.1,48.12,47.4,47.54
1698928200,47.56,47.58,47.22,47.5
1698930000,47.48,47.74,47.34,47.74
1698931800,47.7,47.92,47.62,47.8
1698933600,47.8,47.92,47.4,47.48
1698935400,47.48,47.96,47.32,47.66
1698937200,47.66,47.66,47.6,47.6
1698993000,47.66,47.66,47.66,47.66
1698994800,47.66,47.72,47.3,47.36
1698996600,47.38,47.76,47.3,47.6
1698998400,47.6,47.64,47.14,47.16
1699000200,47.14,47.36,47.08,47.34
1699002000,47.32,47.34,47.06,47.1
1699003800,47.1,47.14,46.8,47.04
1699005600,47.02,47.14,46.92,47.06
1699007400,47.08,47.24,47,47.2
1699009200,47.2,47.24,47.1,47.16
1699011000,47.18,47.44,47.16,47.26
1699012800,47.26,47.34,47.1,47.3
1699014600,47.3,47.78,47.3,47.46
1699016400,47.46,47.54,47.06,47.18
1699018200,47.18,48.18,47.18,47.84
1699020000,47.86,48.08,47.5,48.02
1699021800,48.02,48.2,47.8,48.02
1699023600,48.18,48.18,48.18,48.18
1699252200,48.62,48.62,48.62,48.62
1699254000,48.62,49.72,48.6,49.56
1699255800,49.56,50.3,49.56,50.05
1699257600,50.05,50.45,50,50.15
1699259400,50.15,50.3,50.05,50.1
1699261200,50.1,50.2,50,50.1
1699263000,50.1,50.1,49.82,49.88
1699264800,49.88,49.92,49.66,49.7
1699266600,49.68,49.82,49.62,49.66
1699268400,49.66,49.72,49.56,49.6
1699270200,49.58,49.64,49.36,49.5
1699272000,49.5,49.72,49.48,49.66
1699273800,49.66,49.88,49.56,49.56
1699275600,49.56,49.76,49.52,49.7
1699277400,49.7,50.05,49.6,49.98
1699279200,50,50.25,49.82,50.15
1699281000,50.15,50.4,50,50.05
1699282800,50.15,50.15,50.15,50.15
1699338600,50.2,50.2,50.2,50.2
1699340400,50.15,50.2,49.54,49.82
1699342200,49.82,50.4,49.8,50.25
1699344000,50.25,50.25,49.84,49.92
1699345800,49.92,50.15,49.86,50.1
1699347600,50.1,50.25,49.88,49.92
1699349400,49.92,50.05,49.86,49.96
1699351200,49.94,50.05,49.84,50.05
1699353000,50.05,50.1,49.82,49.9
1699354800,49.88,49.92,49.62,49.78
1699356600,49.76,49.9,49.68,49.84
1699358400,49.84,50,49.64,49.66
1699360200,49.66,49.72,49.32,49.32
1699362000,49.34,49.6,49.22,49.52
1699363800,49.52,49.66,49.38,49.62
1699365600,49.62,49.64,49.4,49.52
1699367400,49.52,49.78,49.46,49.7
1699369200,49.78,49.78,49.78,49.78
1699425000,50.1,50.1,50.1,50.1
1699426800,50.15,50.45,49.98,50.1
1699428600,50.1,50.4,50.05,50.1
1699430400,50.1,50.15,49.92,50.05
1699432200,50.1,50.15,49.8,49.8
1699434000,49.78,49.8,49.18,49.28
1699435800,49.28,49.32,48.84,48.92
1699437600,48.94,48.94,48.76,48.88
1699439400,48.88,48.9,48.64,48.68
1699441200,48.66,48.9,48.58,48.74
1699443000,48.76,48.9,48.72,48.78
1699444800,48.78,49.02,48.62,48.8
1699446600,48.82,48.88,48.66,48.76
1699448400,48.76,48.94,48.68,48.8
1699450200,48.8,48.94,48.64,48.68
1699452000,48.68,48.8,48.56,48.68
1699453800,48.68,48.8,48.56,48.74
1699455600,48.74,48.74,48.74,48.74
1699511400,48.24,48.24,48.24,48.24
1699513200,48.24,49.04,48.2,48.86
1699515000,48.88,49.14,48.62,48.78
1699516800,48.8,48.8,48.28,48.42
1699518600,48.42,48.48,48.24,48.3
1699520400,48.28,48.54,48.24,48.52
1699522200,48.5,48.64,48.38,48.58
1699524000,48.6,48.66,48.46,48.5
1699525800,48.5,48.56,48.44,48.46
1699527600,48.48,48.48,48.24,48.34
1699529400,48.34,48.36,48.2,48.2
1699531200,48.2,48.24,47.88,48
1699533000,48,48.26,48,48.16
1699534800,48.16,48.44,48.14,48.26
1699536600,48.3,48.68,48.02,48.62
1699538400,48.66,48.82,48.4,48.52
1699540200,48.56,48.56,48.3,48.32
1699542000,48.34,48.34,48.34,48.34
1699597800,48.38,48.38,48.38,48.38
1699599600,48.38,48.88,48.04,48.34
1699601400,48.34,48.42,48.12,48.18
1699603200,48.2,48.3,47.98,48.1
1699605000,48.1,48.2,48.02,48.14
1699606800,48.14,48.2,47.64,47.7
1699608600,47.7,47.94,47.68,47.78
1699610400,47.78,47.94,47.68,47.9
1699612200,47.88,48,47.78,48
1699614000,47.98,48.06,47.86,47.9
1699615800,47.9,48.02,47.88,48
1699617600,48,48.08,47.82,47.94
1699619400,47.94,48.3,47.92,48.1
1699621200,48.08,48.28,47.96,48
1699623000,47.98,48.24,47.92,48.2
1699624800,48.2,48.22,47.88,48
1699626600,47.98,48.08,47.6,47.66
1699628400,47.8,47.8,47.8,47.8
1699857000,47.26,47.26,47.26,47.26
1699858800,47.28,47.48,46.16,46.56
1699860600,46.54,46.64,46.42,46.58
1699862400,46.58,46.62,46.14,46.16
1699864200,46.16,46.36,46.12,46.22
1699866000,46.22,46.56,46.16,46.44
1699867800,46.44,46.6,46.38,46.56
1699869600,46.58,46.68,46.54,46.56
1699871400,46.58,46.62,46.32,46.4
1699873200,46.4,46.46,46.34,46.4
1699875000,46.4,46.46,46.24,46.32
1699876800,46.3,46.5,46.2,46.48
1699878600,46.46,46.54,46.38,46.42
1699880400,46.42,46.46,46.16,46.3
1699882200,46.3,46.5,46.18,46.22
1699884000,46.22,46.3,46.02,46.02
1699885800,46.02,46.12,45.66,45.84
1699887600,45.92,45.92,45.92,45.92
1699943400,46,46,46,46
1699945200,46.02,46.1,45.72,45.82
1699947000,45.82,45.84,45.24,45.44
1699948800,45.48,45.82,45.44,45.76
1699950600,45.76,45.82,45.5,45.52
1699952400,45.52,45.74,45.48,45.66
1699954200,45.64,46.12,45.6,45.94
1699956000,45.92,46.04,45.92,46
1699957800,46,46.04,45.7,45.8
1699959600,45.82,45.9,45.72,45.86
1699961400,45.88,46.08,45.76,45.96
1699963200,45.96,46.16,45.84,45.86
1699965000,45.84,45.94,45.7,45.74
1699966800,45.72,46.56,45.6,46.48
1699968600,46.48,46.88,46.44,46.64
1699970400,46.66,46.78,46.32,46.4
1699972200,46.4,46.58,46.18,46.48
1699974000,46.4,46.4,46.4,46.4
1700029800,46.7,46.7,46.7,46.7
1700031600,46.7,46.86,46.38,46.56
1700033400,46.58,46.62,46.12,46.26
1700035200,46.24,46.44,46.14,46.26
1700037000,46.24,46.5,46.08,46.34
1700038800,46.34,46.34,46.14,46.22
1700040600,46.2,46.36,46.2,46.26
1700042400,46.24,46.26,45.98,46.12
1700044200,46.1,46.24,46.06,46.18
1700046000,46.16,46.3,46.12,46.24
1700047800,46.24,46.52,46.2,46.4
1700049600,46.38,46.56,46.22,46.54
1700051400,46.56,46.78,46.38,46.42
1700053200,46.42,46.46,46.1,46.26
1700055000,46.22,46.52,46.12,46.4
1700056800,46.42,46.5,46.22,46.38
1700058600,46.38,46.42,45.98,46.24
1700060400,46.2,46.2,46.2,46.2
1700116200,46.28,46.28,46.28,46.28
1700118000,46.28,47.02,46.26,46.84
1700119800,46.84,47,46.78,46.92
1700121600,46.88,47.18,46.86,47.14
1700123400,47.12,47.18,46.9,46.92
1700125200,46.9,47.06,46.84,47
1700127000,47,47.1,46.94,47.06
1700128800,47.08,47.1,46.92,46.98
1700130600,47,47.2,46.98,47.06
1700132400,47.06,47.1,47,47.06
1700134200,47.04,47.08,46.9,46.98
1700136000,46.98,47,46.9,46.92
1700137800,46.94,47.22,46.9,47.2
1700139600,47.2,47.2,47,47.08
1700141400,47.08,47.58,47.06,47.34
1700143200,47.36,47.54,47.12,47.28
1700145000,47.26,47.38,47.12,47.22
1700146800,47.32,47.32,47.32,47.32
1700202600,47.24,47.24,47.24,47.24
1700204400,47.24,47.68,47.18,47.52
1700206200,47.52,47.56,47.14,47.52
1700208000,47.52,47.58,47.26,47.38
1700209800,47.36,47.5,47.3,47.36
1700211600,47.36,47.44,47.3,47.36
1700213400,47.36,47.38,47.2,47.26
1700215200,47.26,47.26,47,47.08
1700217000,47.08,47.18,47.08,47.14
1700218800,47.14,47.26,47.1,47.24
1700220600,47.22,47.48,47.2,47.48
1700222400,47.48,47.84,47.46,47.62
1700224200,47.62,47.74,47.56,47.6
1700226000,47.6,47.66,47.56,47.6
1700227800,47.6,47.68,47.56,47.62
1700229600,47.62,47.64,47.36,47.46
1700231400,47.48,47.6,47.3,47.42
1700233200,47.42,47.42,47.42,47.42
1700461800,47.78,47.78,47.78,47.78
1700463600,47.78,48.8,47.76,48.76
1700465400,48.76,49.02,48.7,48.9
1700467200,48.9,48.96,48.7,48.74
1700469000,48.72,48.76,48.5,48.54
1700470800,48.52,48.6,48.32,48.32
1700472600,48.32,48.42,48.24,48.36
1700474400,48.34,48.34,48.16,48.2
1700476200,48.2,48.26,48.04,48.06
1700478000,48.06,48.46,48.02,48.42
1700479800,48.4,48.52,48.32,48.32
1700481600,48.34,48.54,48.26,48.5
1700483400,48.52,48.58,48.32,48.44
1700485200,48.46,48.48,48.28,48.32
1700487000,48.3,48.64,48.26,48.48
1700488800,48.5,48.72,48.38,48.66
1700490600,48.66,48.84,48.54,48.66
1700492400,48.64,48.64,48.64,48.64
1700548200,49,49,49,49
1700550000,49,49.58,49,49.3
1700551800,49.3,49.3,48.94,49.06
1700553600,49.06,49.2,48.9,48.94
1700555400,48.94,48.94,48.72,48.76
1700557200,48.76,48.8,48.5,48.6
1700559000,48.6,48.7,48.58,48.68
1700560800,48.68,48.74,48.4,48.42
1700562600,48.4,48.54,48.32,48.46
1700564400,48.48,48.5,48.4,48.5
1700566200,48.52,48.54,48.36,48.4
1700568000,48.38,48.66,48.36,48.6
1700569800,48.6,48.86,48.54,48.78
1700571600,48.78,49.26,48.76,49.16
1700573400,49.16,49.3,49.02,49.06
1700575200,49.06,49.12,48.92,49.06
1700577000,49.06,49.12,48.82,49.08
1700578800,49.04,49.04,49.04,49.04
1700634600,49.02,49.02,49.02,49.02
1700636400,49.02,49.56,49.02,49.22
1700638200,49.22,49.26,49.08,49.1
1700640000,49.1,49.12,48.84,48.9
1700641800,48.9,48.98,48.76,48.78
1700643600,48.78,48.78,48.58,48.68
1700645400,48.68,48.9,48.68,48.74
1700647200,48.74,48.82,48.68,48.74
1700649000,48.74,49.08,48.72,48.96
1700650800,48.96,49.14,48.94,49.1
1700652600,49.1,49.4,49.06,49.34
1700654400,49.38,49.48,49.14,49.24
1700656200,49.22,49.34,49.16,49.24
1700658000,49.24,49.44,49.22,49.38
1700659800,49.38,49.46,49.12,49.36
1700661600,49.36,49.8,49.36,49.62
1700663400,49.62,49.68,49.32,49.48
1700665200,49.44,49.44,49.44,49.44
1700721000,49.6,49.6,49.6,49.6
1700722800,49.6,50.5,49.5,50.5
1700724600,50.5,50.65,50.25,50.55
1700726400,50.5,50.65,50.35,50.6
1700728200,50.55,50.65,50.1,50.15
1700730000,50.15,50.35,50.1,50.2
1700731800,50.25,50.45,50.2,50.4
1700733600,50.35,50.55,50.35,50.4
1700735400,50.4,50.7,50.35,50.55
1700737200,50.55,51.2,50.1,50.15
1700739000,50.1,50.85,49.9,50.7
1700740800,50.7,50.9,50.25,50.8
1700742600,50.85,51.15,50.6,50.95
1700744400,51,51.45,50.95,51.25
1700746200,51.25,51.7,51,51.3
1700748000,51.3,51.3,50.9,51.1
1700749800,51.1,51.15,50.05,50.15
1700751600,50.25,50.25,50.25,50.25
1700807400,50.25,50.25,50.25,50.25
1700809200,50.2,50.3,49.36,49.84
1700811000,49.86,50.15,49.8,49.96
1700812800,49.96,50.65,49.9,50.05
1700814600,50.1,50.25,49.82,49.96
1700816400,49.98,50.2,49.8,50.05
1700818200,50.05,50.5,50,50.4
1700820000,50.45,50.65,50.25,50.6
1700821800,50.6,50.75,50.1,50.3
1700823600,50.3,50.55,50.25,50.4
1700825400,50.4,50.65,50.35,50.35
1700827200,50.35,50.9,50.15,50.85
1700829000,50.8,52,50.8,51.5
1700830800,51.5,51.8,51.35,51.45
1700832600,51.45,51.9,51.3,51.65
1700834400,51.7,51.8,51.45,51.5
1700836200,51.5,51.75,51.35,51.65
1700838000,51.65,51.65,51.65,51.65
1701066600,53.25,53.25,53.25,53.25
1701068400,53.2,53.9,52.55,53.55
1701070200,53.5,53.85,53.15,53.35
1701072000,53.35,53.35,52.9,52.95
1701073800,52.95,53.35,52.9,53.05
1701075600,53,53.3,53,53.25
1701077400,53.2,53.45,52.95,53
1701079200,53,53.15,52.9,53.05
1701081000,53.05,53.25,53,53.15
1701082800,53.15,53.35,53.1,53.25
1701084600,53.25,53.3,53,53.1
1701086400,53.1,53.35,53.05,53.15
1701088200,53.1,53.3,53.1,53.2
1701090000,53.15,53.55,53.1,53.4
1701091800,53.4,55.1,53.3,54.8
1701093600,54.85,55.25,54.55,54.95
1701095400,54.95,55.05,54.6,54.75
1701097200,54.75,54.75,54.75,54.75
1701153000,54.2,54.2,54.2,54.2
1701154800,54.4,54.75,54.1,54.4
1701156600,54.35,54.5,54.05,54.45
1701158400,54.45,55.4,54.2,54.55
1701160200,54.5,54.65,54.2,54.3
1701162000,54.25,54.45,54.15,54.25
1701163800,54.25,54.65,54.25,54.65
1701165600,54.6,54.9,54.5,54.6
1701167400,54.55,54.65,54.3,54.3
1701169200,54.3,54.35,53.9,54.25
1701171000,54.25,54.45,54.2,54.4
1701172800,54.4,55.1,54.2,54.95
1701174600,55,55.15,54.5,54.55
1701176400,54.55,55.4,54.45,54.95
1701178200,54.95,55.3,54.85,55.2
1701180000,55.25,55.7,54.55,55.05
1701181800,55,55.1,54.1,54.6
1701183600,54.5,54.5,54.5,54.5
1701239400,54.5,54.5,54.5,54.5
1701241200,54.55,54.75,54.05,54.15
1701243000,54.2,55,54.1,54.55
1701244800,54.6,54.7,54.4,54.55
1701246600,54.55,54.65,54.1,54.1
1701248400,54.15,54.55,54.1,54.25
1701250200,54.25,54.7,54.25,54.55
1701252000,54.6,54.7,54.35,54.5
1701253800,54.55,54.6,54.35,54.4
1701255600,54.4,54.4,53.45,53.65
1701257400,53.65,53.9,53.55,53.6
1701259200,53.6,54.05,53.55,53.85
1701261000,53.85,54.05,53.6,53.95
1701262800,53.95,54.35,53.75,54.2
1701264600,54.2,54.5,54.05,54.3
1701266400,54.35,54.7,54.15,54.3
1701268200,54.3,54.3,53.85,54.25
1701270000,54.25,54.25,54.25,54.25
1701325800,54,54,54,54
1701327600,54.2,54.8,54.15,54.6
1701329400,54.6,54.85,54.4,54.7
1701331200,54.7,55.05,54.45,54.8
1701333000,54.85,55.15,54.7,54.7
1701334800,54.75,55.4,54.65,55.1
1701336600,55.15,55.2,54.65,54.9
1701338400,54.9,55.2,54.7,55.15
1701340200,55.15,55.2,54.85,54.9
1701342000,54.9,55,54.85,54.9
1701343800,54.85,55.1,54.75,54.9
1701345600,54.9,55.1,54.7,54.8
1701347400,54.75,54.85,54,54
1701349200,54,54.25,53.85,54
1701351000,54,54.2,53.8,53.8
1701352800,53.8,53.95,53.65,53.8
1701354600,53.8,54.15,53.6,53.8
1701356400,54.05,54.05,54.05,54.05
1701412200,56.05,56.05,56.05,56.05
1701414000,56.1,57.2,55.55,56.1
1701415800,56.1,56.35,55.9,56.2
1701417600,56.15,56.4,55.95,56.15
1701419400,56.15,56.2,55.75,56.05
1701421200,56,56.35,55.9,56.05
1701423000,56.1,56.2,55.95,56
1701424800,56,56.1,55.85,55.9
1701426600,55.9,55.9,55.4,55.55
1701428400,55.55,55.85,55.5,55.85
1701430200,55.85,56.1,55.75,55.95
1701432000,55.95,56.1,55.8,56
1701433800,56,56.65,55.95,56.25
1701435600,56.3,56.6,56.1,56.55
1701437400,56.55,56.6,56.05,56.1
1701439200,56.05,56.1,55.4,55.7
1701441000,55.7,56.4,55.65,56.4
1701442800,56.45,56.45,56.45,56.45
1701671400,56.6,56.6,56.6,56.6
1701673200,56.6,56.7,55.95,56.05
1701675000,56.1,56.35,55.6,55.75
1701676800,55.75,55.9,55.2,55.45
1701678600,55.4,55.7,55.3,55.4
1701680400,55.4,55.75,55.3,55.7
1701682200,55.7,55.75,55.55,55.7
1701684000,55.7,55.9,55.6,55.85
1701685800,55.8,55.95,55.45,55.7
1701687600,55.7,56.15,55.65,56
1701689400,56,56.05,55.8,55.9
1701691200,55.95,56.15,55.8,55.8
1701693000,55.85,56.15,55.8,56
1701694800,56,56.2,55.75,55.8
1701696600,55.8,56.9,55.8,56.85
1701698400,56.85,57.05,56.55,56.9
1701700200,56.8,57.75,56.55,57.7
1701702000,57.7,57.9,57.7,57.9
1701757800,57.9,57.9,57.9,57.9
1701759600,57.85,58.4,57.4,58.3
1701761400,58.3,58.35,57.75,57.95
1701763200,57.9,58.45,57.7,58.3
1701765000,58.25,58.4,58.1,58.2
1701766800,58.15,58.45,58.05,58.4
1701768600,58.4,58.75,58.05,58.55
1701770400,58.55,58.8,58.25,58.45
1701772200,58.45,58.45,58.2,58.3
1701774000,58.3,58.7,58.15,58.5
1701775800,58.55,58.6,58.4,58.45
1701777600,58.5,58.8,58,58.05
1701779400,58.05,58.35,57.8,58.3
1701781200,58.3,58.4,58,58.2
1701783000,58.2,58.65,58,58.4
1701784800,58.4,59,58.15,58.85
1701786600,58.85,58.9,58.4,58.45
1701788400,58.45,58.45,58.45,58.45
1701844200,58.45,58.45,58.45,58.45
1701846000,58.4,60.3,58.3,60.2
1701847800,60.2,61.85,60,61.6
1701849600,61.6,62.1,61.4,61.45
1701851400,61.5,61.5,60.6,60.65
1701853200,60.7,61,60.45,60.5
1701855000,60.45,60.85,60.2,60.3
1701856800,60.25,60.45,60.05,60.15
1701858600,60.15,60.5,60.15,60.4
1701860400,60.4,60.5,59.95,60.45
1701862200,60.5,60.65,60.15,60.4
1701864000,60.35,60.6,60.35,60.55
1701865800,60.5,60.55,60.25,60.4
1701867600,60.35,60.6,60.15,60.4
1701869400,60.35,60.75,60,60.6
1701871200,60.6,60.65,59.95,60.2
1701873000,60.2,60.4,59.6,60.1
1701874800,60,60,60,60
1701930600,60,60,60,60
1701932400,59.95,60.1,58.7,59.45
1701934200,59.45,59.6,58.35,58.35
1701936000,58.35,58.45,57.8,58.05
1701937800,58,58.5,57.9,58.5
1701939600,58.45,58.7,58.3,58.55
1701941400,58.55,58.65,58.3,58.5
1701943200,58.5,58.7,58.2,58.65
1701945000,58.65,59.05,58.6,58.8
1701946800,58.8,59,58.45,58.5
1701948600,58.5,58.55,58.2,58.4
1701950400,58.35,58.45,57.9,58.05
1701952200,58.1,58.35,57.5,57.5
1701954000,57.55,57.75,57.05,57.3
1701955800,57.3,58,57.25,58
1701957600,57.95,58.75,57.95,58.35
1701959400,58.35,59.25,58.1,59.2
1701961200,59.4,59.4,59.4,59.4
1702017000,59.6,59.6,59.6,59.6
1702018800,59.6,60.65,59.1,59.15
1702020600,59.1,59.6,58.55,58.65
1702022400,58.65,58.65,58.1,58.5
1702024200,58.5,59.15,58.45,59
1702026000,59,59.1,58.25,58.25
1702027800,58.25,58.55,58.05,58.2
1702029600,58.2,58.35,58.1,58.3
1702031400,58.25,58.35,57.95,58.05
1702033200,58.05,58.2,57.8,58
1702035000,58,58.15,57.85,58.05
1702036800,58.05,58.2,57.9,58.15
1702038600,58.15,58.35,58.05,58.3
1702040400,58.3,58.5,58.2,58.3
1702042200,58.25,58.35,58,58.15
1702044000,58.1,58.2,57.4,57.5
1702045800,57.5,57.85,57.1,57.45
1702047600,57.7,57.7,57.7,57.7
1702276200,57.6,57.6,57.6,57.6
1702278000,57.65,58.15,57.15,57.85
1702279800,57.85,58.05,57.25,57.5
1702281600,57.5,57.95,57.3,57.6
1702283400,57.55,57.7,57.4,57.5
1702285200,57.45,57.45,56.95,57
1702287000,57,57.05,56.7,56.8
1702288800,56.75,56.85,56.4,56.65
1702290600,56.65,56.85,56.55,56.55
1702292400,56.55,56.8,56.45,56.7
1702294200,56.65,56.85,56.5,56.75
1702296000,56.8,56.9,56.7,56.8
1702297800,56.75,56.8,56.15,56.25
1702299600,56.25,56.65,56.2,56.5
1702301400,56.5,56.85,56.2,56.8
1702303200,56.85,57.45,56.6,57.1
1702305000,57.1,57.4,56.4,56.45
1702306800,56.45,56.45,56.45,56.45
1702362600,56.3,56.3,56.3,56.3
1702364400,56.35,56.65,56.15,56.5
1702366200,56.55,57,56.35,56.5
1702368000,56.55,57.1,56.5,56.85
1702369800,56.85,57,56.55,56.9
1702371600,56.95,57.05,56.5,56.6
1702373400,56.6,57,56.5,56.8
1702375200,56.8,57.05,56.7,56.9
1702377000,56.9,57,56.6,56.65
1702378800,56.65,57.3,56.55,57.1
1702380600,57.1,58.4,56.95,58.35
1702382400,58.35,58.85,58.05,58.8
1702384200,58.8,59.3,58.55,58.85
1702386000,58.9,59.6,58.9,59.45
1702387800,59.45,59.65,59.15,59.5
1702389600,59.55,59.95,59.05,59.7
1702391400,59.65,59.75,59.3,59.4
1702393200,59.4,59.4,59.4,59.4
1702449000,59.1,59.1,59.1,59.1
1702450800,59.2,61.1,59.2,59.7
1702452600,59.7,59.9,59.1,59.2
1702454400,59.25,59.3,58.35,58.6
1702456200,58.6,59.05,58.45,58.85
1702458000,58.85,59.55,58.65,59.3
1702459800,59.3,59.45,58.8,58.95
1702461600,58.9,59.2,58.85,59
1702463400,59,59.05,58.6,58.65
1702465200,58.65,59.7,58.6,59.65
1702467000,59.65,60.9,59.5,60.8
1702468800,60.8,61.75,60.75,61.15
1702470600,61.15,61.35,60.65,60.9
1702472400,60.9,60.95,59.9,60.1
1702474200,60.05,60.1,59,59.55
1702476000,59.6,60.75,59.4,60.05
1702477800,60.05,60.1,58.6,58.7
1702479600,58.9,58.9,58.9,58.9
1702535400,60.15,60.15,60.15,60.15
1702537200,60.15,60.65,59.75,59.85
1702539000,59.85,60.45,59.15,59.3
1702540800,59.3,59.75,59.25,59.4
1702542600,59.4,60.25,59.4,60.15
1702544400,60.05,60.9,60.05,60.4
1702546200,60.4,60.55,60.1,60.25
1702548000,60.25,60.7,60.15,60.7
1702549800,60.7,60.8,60.5,60.65
1702551600,60.7,61.3,60.65,61.3
1702553400,61.3,61.7,61.2,61.7
1702555200,61.7,62.45,61.7,62.3
1702557000,62.3,62.4,61.9,62.1
1702558800,62.1,62.95,62.05,62.9
1702560600,62.9,63,62.2,62.3
1702562400,62.3,62.85,62.1,62.25
1702564200,62.3,62.75,62.15,62.4
1702566000,62.5,62.5,62.5,62.5
1702621800,62.9,62.9,62.9,62.9
1702623600,62.85,63.4,62.6,62.75
1702625400,62.75,62.95,62.2,62.75
1702627200,62.75,63.6,62.65,63.35
1702629000,63.4,63.65,63.15,63.35
1702630800,63.3,64.2,63.3,64.15
1702632600,64.15,64.2,63.6,63.8
1702634400,63.75,64,63.5,63.8
1702636200,63.8,63.85,63.4,63.65
1702638000,63.65,63.95,63.5,63.65
1702639800,63.65,63.75,63.2,63.4
1702641600,63.4,63.4,62.8,63
1702643400,62.95,63.3,62.65,62.95
1702645200,62.95,63,61.75,62.4
1702647000,62.4,62.65,61.9,62.5
1702648800,62.55,62.65,61.9,62.2
1702650600,62.2,62.6,62.05,62.1
1702652400,62.15,62.15,62.05,62.05
1702881000,61.5,61.5,61.5,61.5
1702882800,61.5,62.8,61.25,62.45
1702884600,62.4,62.55,61.75,61.85
1702886400,61.8,62.4,61.65,62.05
1702888200,62.1,62.2,61.75,62.05
1702890000,62.05,62.35,61.95,62.25
1702891800,62.3,62.45,62.1,62.2
1702893600,62.2,62.3,62.05,62.25
1702895400,62.25,62.7,62,62.45
1702897200,62.45,62.5,62.1,62.15
1702899000,62.1,62.25,61.95,62.15
1702900800,62.1,62.3,62,62.15
1702902600,62.15,62.15,61.75,61.85
1702904400,61.9,62.55,61.8,62.45
1702906200,62.4,62.55,62.05,62.2
1702908000,62.2,62.35,61.75,61.95
1702909800,61.95,62.45,61.55,62.1
1702911600,62.1,62.1,62.1,62.1
1702967400,62.1,62.1,62.1,62.1
1702969200,62.1,62.6,61.55,61.55
1702971000,61.55,61.7,60.65,60.75
1702972800,60.7,61.05,60.3,60.35
1702974600,60.35,60.75,60.1,60.75
1702976400,60.75,60.9,60.25,60.3
1702978200,60.3,60.4,59.9,60.4
1702980000,60.4,60.65,60.15,60.65
1702981800,60.65,60.8,60.45,60.5
1702983600,60.5,60.65,60.1,60.6
1702985400,60.6,61.2,60.5,60.8
1702987200,60.75,60.85,59.9,60
1702989000,60,60.7,59.9,60.45
1702990800,60.45,60.6,60.1,60.35
1702992600,60.35,60.95,60.25,60.65
1702994400,60.75,60.85,60.35,60.5
1702996200,60.5,60.95,60.45,60.6
1702998000,60.6,60.6,60.6,60.6
1703053800,60.6,60.6,60.6,60.6
1703055600,60.6,61.2,60.4,60.9
1703057400,60.85,61.3,60.75,60.95
1703059200,60.9,61.4,60.85,60.9
1703061000,60.9,60.95,60.15,60.25
1703062800,60.25,60.7,60.15,60.6
1703064600,60.65,60.7,60.25,60.5
1703066400,60.5,61.25,60.4,60.95
1703068200,60.95,61.85,60.95,61.45
1703070000,61.45,61.6,61.05,61.25
1703071800,61.2,61.35,61.05,61.2
1703073600,61.2,61.7,61.1,61.5
1703075400,61.5,61.55,60.95,61.15
1703077200,61.1,61.45,60.8,61.35
1703079000,61.35,62.2,61.35,61.55
1703080800,61.55,62.5,61.3,62.05
1703082600,62.1,62.8,61.65,62.6
1703084400,62.5,62.5,62.5,62.5
1703140200,62.95,62.95,62.95,62.95
1703142000,62.9,63.25,62.35,63.1
1703143800,63.15,63.6,62.85,63.25
1703145600,63.2,63.5,62.4,62.8
1703147400,62.8,62.95,62.5,62.7
1703149200,62.7,62.95,62.55,62.7
1703151000,62.7,62.75,62.5,62.6
1703152800,62.55,62.7,62.5,62.65
1703154600,62.6,62.95,62.5,62.7
1703156400,62.7,63.1,62.25,62.7
1703158200,62.7,62.9,62.45,62.45
1703160000,62.45,62.45,61.3,61.35
1703161800,61.35,61.8,61.2,61.75
1703163600,61.75,62.2,61.55,62.15
1703165400,62.2,62.7,61.95,62.2
1703167200,62.25,62.75,62.15,62.6
1703169000,62.65,62.8,62.1,62.25
1703170800,62.25,62.25,62.25,62.25
1703226600,62.35,62.35,62.35,62.35
1703228400,62.35,62.55,61.55,61.8
1703230200,61.8,61.9,61.4,61.7
1703232000,61.7,61.85,61.55,61.55
1703233800,61.55,61.6,61.4,61.5
1703235600,61.45,61.5,61.15,61.25
1703237400,61.2,61.55,61,61.35
1703239200,61.3,61.35,61.1,61.2
1703241000,61.25,61.65,61.2,61.4
1703242800,61.4,61.5,61.2,61.35
1703244600,61.3,61.4,61.1,61.15
1703246400,61.15,61.45,60.9,61.45
1703248200,61.4,61.95,61.05,61.1
1703250000,61.15,61.55,61,61.45
1703251800,61.45,61.65,61.05,61.5
1703253600,61.5,61.85,61.4,61.55
1703255400,61.6,61.65,60.05,60.25
1703257200,60.3,60.3,60.3,60.3
1703485800,59.8,59.8,59.8,59.8
1703487600,59.8,60.1,58.95,59.25
1703489400,59.25,59.25,58.3,58.55
1703491200,58.6,58.6,58.05,58.25
1703493000,58.25,58.85,58.25,58.45
1703494800,58.5,58.6,58.2,58.3
1703496600,58.25,58.4,58.2,58.25
1703498400,58.2,58.75,58.15,58.75
1703500200,58.75,58.75,58.35,58.35
1703502000,58.35,58.4,58,58.25
1703503800,58.2,58.65,58.1,58.45
1703505600,58.45,58.65,58.25,58.4
1703507400,58.4,58.65,58.35,58.6
1703509200,58.6,58.7,58.45,58.5
1703511000,58.5,58.5,57.1,57.45
1703512800,57.4,57.65,56.85,56.85
1703514600,57,57.95,57,57.9
1703516400,57.7,57.7,57.7,57.7
1703572200,58.2,58.2,58.2,58.2
1703574000,58.15,58.4,57.35,57.6
1703575800,57.6,58.15,57,57.8
1703577600,57.85,58.3,57.6,57.65
1703579400,57.65,57.7,56.5,56.8
1703581200,56.85,56.9,56.1,56.3
1703583000,56.3,56.6,56.15,56.2
1703584800,56.2,56.3,55.3,55.3
1703586600,55.25,55.65,54.7,55.5
1703588400,55.5,56.4,55.35,55.95
1703590200,56,56.4,55.75,56.05
1703592000,56.05,56.4,55.75,56.25
1703593800,56.2,56.65,56.2,56.6
1703595600,56.6,57.1,56.4,56.5
1703597400,56.45,57,56.1,57
1703599200,57,57.3,56.4,56.6
1703601000,56.6,57.3,56.15,56.2
1703602800,56.2,56.2,56.2,56.2
1703658600,56,56,56,56
1703660400,55.9,56,55.3,55.55
1703662200,55.6,56.05,55.35,55.4
1703664000,55.4,55.55,55.25,55.4
1703665800,55.35,55.6,55.25,55.35
1703667600,55.4,55.7,55.25,55.4
1703669400,55.45,55.75,55.35,55.45
1703671200,55.5,55.7,55.3,55.65
1703673000,55.65,55.75,55.45,55.6
1703674800,55.6,55.85,55.4,55.6
1703676600,55.6,55.75,55.3,55.65
1703678400,55.65,56.1,55.5,55.75
1703680200,55.75,56.2,55.45,56.15
1703682000,56.15,56.45,56,56.35
1703683800,56.35,56.45,55.85,55.9
1703685600,55.9,56.1,55.45,55.75
1703687400,55.7,55.8,55.3,55.5
1703689200,55.45,55.75,55.45,55.75
1703745000,56.5,56.5,56.5,56.5
1703746800,56.5,56.6,55.8,56.15
1703748600,56.1,56.8,56.1,56.45
1703750400,56.4,56.65,56.15,56.55
1703752200,56.5,56.6,56.25,56.3
1703754000,56.3,57.2,56.25,56.95
1703755800,56.95,57,56.8,56.9
1703757600,56.85,56.95,56.7,56.8
1703759400,56.8,56.8,56.5,56.7
1703761200,56.7,56.75,56.15,56.25
1703763000,56.25,56.5,56.15,56.3
1703764800,56.3,56.65,56.25,56.35
1703766600,56.35,56.4,55.85,55.85
1703768400,55.85,56.1,55.5,55.85
1703770200,55.9,56.35,55.7,56.3
1703772000,56.3,56.55,55.8,55.9
1703773800,55.9,56.4,55.8,56.1
1703775600,56.05,56.3,56.05,56.3
1703831400,56.25,56.25,56.25,56.25
1703833200,56.25,57.1,56.2,56.8
1703835000,56.75,57.6,56.75,57.35
1703836800,57.3,57.4,56.8,57
1703838600,56.95,57.3,56.9,57.25
1703840400,57.2,57.4,57.1,57.2
1703842200,57.2,57.4,57.1,57.4
1703844000,57.35,57.5,57.25,57.3
1703845800,57.3,57.4,57.1,57.4
1703847600,57.4,57.5,57.25,57.45
1703849400,57.45,58.45,57.4,58.35
1703851200,58.35,58.55,58.2,58.3
1703853000,58.25,58.6,58.15,58.35
1703854800,58.4,58.55,58.25,58.4
1703856600,58.45,58.55,58.1,58.25
1703858400,58.25,58.6,58.2,58.5
1703860200,58.45,58.5,58.05,58.2
1703862000,58.35,58.35,58.35,58.35
1704177000,59.3,59.3,59.3,59.3
1704178800,59.3,59.85,59.25,59.75
1704180600,59.75,60.15,59.6,59.7
1704182400,59.65,59.8,59.4,59.4
1704184200,59.45,59.6,59.2,59.25
1704186000,59.2,59.25,58.9,59.05
1704187800,59,59.35,58.95,59.15
1704189600,59.1,59.15,58.85,59
1704191400,59,59.3,59,59.25
1704193200,59.25,59.3,58.95,59.1
1704195000,59.1,59.1,58.5,58.6
1704196800,58.65,58.9,58.35,58.45
1704198600,58.4,58.8,58.3,58.35
1704200400,58.3,58.6,58.25,58.4
1704202200,58.4,58.85,58.4,58.8
1704204000,58.8,59,58.6,58.75
1704205800,58.7,59.05,58.65,58.85
1704207600,58.85,58.85,58.85,58.85
1704263400,58.6,58.6,58.6,58.6
1704265200,58.6,59.15,57.85,58.15
1704267000,58.1,58.55,58.05,58.4
1704268800,58.4,58.7,58.3,58.4
1704270600,58.35,58.45,58.05,58.1
1704272400,58.1,58.25,57.9,57.9
1704274200,57.9,58.1,57.75,57.9
1704276000,57.9,58.05,57.7,57.8
1704277800,57.8,58,57.65,57.95
1704279600,57.95,58.1,57.65,57.7
1704281400,57.65,57.85,57.4,57.6
1704283200,57.6,57.75,57.4,57.6
1704285000,57.55,57.8,57.45,57.55
1704286800,57.55,57.75,57.45,57.55
1704288600,57.5,57.55,57.25,57.25
1704290400,57.3,57.35,56.55,56.7
1704292200,56.7,57,56.3,56.4
1704294000,56.5,56.5,56.5,56.5
1704349800,56.4,56.4,56.4,56.4
1704351600,56.4,56.9,55,55.65
1704353400,55.65,56,55.45,55.9
1704355200,55.9,56.55,55.7,56.45
1704357000,56.5,57.4,56.45,57.4
1704358800,57.4,57.75,56.7,56.8
1704360600,56.8,56.95,56.55,56.65
1704362400,56.7,56.95,56.55,56.9
1704364200,56.9,56.9,56.2,56.3
1704366000,56.3,56.6,56.25,56.4
1704367800,56.35,56.8,56.35,56.8
1704369600,56.8,56.95,56.55,56.65
1704371400,56.7,57.15,56.55,56.8
1704373200,56.8,57.35,56.7,57.3
1704375000,57.35,57.6,57.1,57.15
1704376800,57.15,57.45,57.05,57.3
1704378600,57.35,57.7,57.05,57.5
1704380400,57.6,57.6,57.6,57.6
1704436200,57.7,57.7,57.7,57.7
1704438000,57.7,58,57.2,57.35
1704439800,57.4,57.45,56.75,57.05
1704441600,57.1,57.3,56.55,57
1704443400,57,57.05,56.6,56.7
1704445200,56.7,56.85,56.65,56.85
1704447000,56.85,56.95,56.75,56.85
1704448800,56.85,56.9,56.6,56.8
1704450600,56.8,56.9,56.75,56.8
1704452400,56.75,56.9,56.65,56.75
1704454200,56.8,57.05,56.7,56.9
1704456000,56.9,57,56.75,56.9
1704457800,56.9,57.05,56.8,57
1704459600,57,57.2,57,57.1
1704461400,57.1,57.35,56.95,57.35
1704463200,57.3,57.55,57.15,57.2
1704465000,57.25,57.55,57.15,57.4
1704466800,57.4,57.4,57.4,57.4
1704695400,58.3,58.3,58.3,58.3
1704697200,58.35,59.35,58.3,59.2
1704699000,59.25,59.6,59.15,59.35
1704700800,59.35,59.9,59.25,59.8
1704702600,59.8,60.55,59.75,60.3
1704704400,60.3,60.7,60.25,60.45
1704706200,60.4,60.45,60,60.15
1704708000,60.15,60.4,60.1,60.25
1704709800,60.25,60.35,60.05,60.25
1704711600,60.3,60.45,60.1,60.4
1704713400,60.4,61.6,60.2,61.5
1704715200,61.5,61.8,61.3,61.55
1704717000,61.55,62.15,61.45,62.1
1704718800,62.1,62.1,61.35,61.85
1704720600,61.85,62.25,61.55,62
1704722400,62,62.2,61.7,62.05
1704724200,62,62.75,61.65,62.15
1704726000,62.15,62.2,62.1,62.1
1704781800,62.4,62.4,62.4,62.4
1704783600,62.4,62.6,61.5,61.95
1704785400,61.9,63.15,61.65,62.9
1704787200,62.9,62.9,62.35,62.5
1704789000,62.5,62.75,61.9,62.15
1704790800,62.15,62.45,62.1,62.3
1704792600,62.3,62.65,62.25,62.3
1704794400,62.3,62.85,62.05,62.55
1704796200,62.55,63.05,62.55,63.05
1704798000,63.05,63.1,62.7,62.95
1704799800,63,63.7,62.95,63.35
1704801600,63.3,63.45,62.5,62.75
1704803400,62.75,62.75,61.7,61.95
1704805200,62,62.35,61.7,61.95
1704807000,61.95,62.15,61.4,61.55
1704808800,61.5,62.05,61.25,62
1704810600,62,62.95,61.85,62.55
1704812400,62.6,62.6,62.6,62.6
1704868200,62.5,62.5,62.5,62.5
1704870000,62.5,63.25,62.35,63.25
1704871800,63.25,63.85,63,63.55
1704873600,63.55,63.75,62.85,63.05
1704875400,63.05,63.6,62.85,63.6
1704877200,63.6,63.65,63.25,63.35
1704879000,63.35,63.45,63.25,63.4
1704880800,63.4,63.55,62.95,62.95
1704882600,62.95,63.4,62.9,63.1
1704884400,63.1,63.7,63.05,63.5
1704886200,63.5,63.6,63.3,63.45
1704888000,63.45,63.95,63.3,63.65
1704889800,63.65,63.65,63.3,63.3
1704891600,63.3,64.2,63.3,63.5
1704893400,63.5,64.2,63.35,64.15
1704895200,64.1,64.45,63.7,63.8
1704897000,63.8,64.05,63.55,63.9
1704898800,63.8,63.8,63.8,63.8
1704954600,64.25,64.25,64.25,64.25
1704956400,64.25,68.7,64,66.75
1704958200,66.8,66.9,65.6,65.7
1704960000,65.7,66.5,65.5,66.2
1704961800,66.2,66.3,65.7,65.95
1704963600,65.95,66.5,65.95,66.3
1704965400,66.35,66.45,65.95,66.1
1704967200,66.1,66.25,66,66.05
1704969000,66,66.1,65.6,65.7
1704970800,65.65,66.15,65.65,66.1
1704972600,66.1,66.15,65.75,66
1704974400,66.05,66.25,65.85,65.9
1704976200,65.9,65.95,65.1,65.35
1704978000,65.4,66.25,65.3,66.15
1704979800,66.15,66.25,65.45,65.5
1704981600,65.5,66.15,65.5,66
1704983400,66,66.55,65.85,65.9
1704985200,65.6,65.6,65.6,65.6
1705041000,65.4,65.4,65.4,65.4
1705042800,65.35,66.1,64.65,65.05
1705044600,65.05,66,65.05,66
1705046400,65.95,67,65.85,66.65
1705048200,66.65,67,66.55,66.7
1705050000,66.75,66.9,66.15,66.4
1705051800,66.4,66.5,66.05,66.3
1705053600,66.3,66.7,66.05,66.7
1705055400,66.65,67,66.45,66.85
1705057200,66.85,67.3,66.5,66.95
1705059000,66.95,68.05,66.85,67.6
1705060800,67.6,68.8,67.6,68.65
1705062600,68.6,68.7,68.2,68.4
1705064400,68.4,69.15,68.35,68.55
1705066200,68.55,69.2,68.4,69
1705068000,69,69.05,68.2,68.3
1705069800,68.35,68.5,67.5,67.65
1705071600,67.65,67.8,67.65,67.8
1705300200,67.05,67.05,67.05,67.05
1705302000,67.05,67.65,66.4,67
1705303800,67,67.2,66.35,66.4
1705305600,66.45,67.2,66.15,66.95
1705307400,66.9,67.3,66.8,66.9
1705309200,66.9,67.1,66.75,66.95
1705311000,66.95,67.1,66.8,66.85
1705312800,66.85,66.85,66.5,66.75
1705314600,66.7,67.05,66.5,67
1705316400,67.05,67.05,66.7,66.9
1705318200,66.9,67.15,66.75,66.9
1705320000,66.9,67.35,66.7,66.8
1705321800,66.8,67.2,66.4,66.55
1705323600,66.55,66.55,66.25,66.4
1705325400,66.4,66.7,66.25,66.4
1705327200,66.45,66.85,66.2,66.35
1705329000,66.3,66.5,66.15,66.4
1705330800,66.5,66.5,66.5,66.5
1705386600,66.4,66.4,66.4,66.4
1705388400,66.4,67.35,65.1,65.35
1705390200,65.35,65.7,64.2,64.3
1705392000,64.3,64.4,63.75,64.1
1705393800,64.1,64.5,64,64.45
1705395600,64.4,64.45,63.8,63.95
1705397400,63.95,64.15,63.65,63.95
1705399200,64,64.1,63.75,63.8
1705401000,63.8,64.1,63.65,64.05
1705402800,64.05,64.2,63.8,63.9
1705404600,63.85,64.25,63.75,64
1705406400,64,64.2,63.95,64.05
1705408200,64,64.1,63.8,63.95
1705410000,63.9,64.35,63.8,63.95
1705411800,63.95,64.05,63.75,63.95
1705413600,63.95,64,63.65,63.8
1705415400,63.75,63.95,63.4,63.8
1705417200,63.75,63.75,63.75,63.75
1705473000,63.5,63.5,63.5,63.5
1705474800,63.55,64.5,63.4,64.2
1705476600,64.2,64.35,64.05,64.2
1705478400,64.2,64.5,64.05,64.4
1705480200,64.35,64.4,63.9,64
1705482000,64.05,64.15,63.95,64.05
1705483800,64.1,64.1,64,64.05
1705485600,64.1,64.2,64,64.05
1705487400,64.05,64.25,63.95,64.15
1705489200,64.15,64.25,63.8,63.9
1705491000,63.9,64.05,63.75,63.8
1705492800,63.8,63.9,62.9,63.15
1705494600,63.15,63.5,63.05,63.35
1705496400,63.35,63.5,63.25,63.25
1705498200,63.3,63.4,63.1,63.3
1705500000,63.3,63.45,63,63.45
1705501800,63.45,63.65,63.15,63.4
1705503600,63.4,63.4,63.4,63.4
1705559400,64.95,64.95,64.95,64.95
1705561200,64.9,65.3,64.3,64.45
1705563000,64.5,64.6,64.3,64.5
1705564800,64.5,64.6,63.95,64.15
1705566600,64.15,64.25,64,64.05
1705568400,64.05,64.15,64,64.05
1705570200,64.05,64.4,64,64.1
1705572000,64.1,64.15,63.7,63.95
1705573800,63.95,64.2,63.9,64.15
1705575600,64.15,64.3,64.05,64.1
1705577400,64.1,64.2,64,64.2
1705579200,64.2,64.4,64.15,64.15
1705581000,64.15,64.35,64,64.05
1705582800,64.05,64.35,64,64.2
1705584600,64.2,64.25,63.9,64
1705586400,64,64.05,63.4,63.55
1705588200,63.55,63.8,62.8,62.9
1705590000,62.95,62.95,62.95,62.95
1705645800,63.25,63.25,63.25,63.25
1705647600,63.2,63.3,62.3,62.5
1705649400,62.5,63,62.4,62.8
1705651200,62.8,62.85,62.2,62.4
1705653000,62.4,62.5,62.25,62.3
1705654800,62.3,62.4,61.9,62.35
1705656600,62.3,62.45,62.15,62.2
1705658400,62.2,62.4,62.1,62.2
1705660200,62.25,62.65,62.2,62.6
1705662000,62.6,62.85,62.5,62.8
1705663800,62.8,63.35,62.65,63.3
1705665600,63.3,64.05,63.3,63.65
1705667400,63.7,64.05,63.55,63.85
1705669200,63.85,64.05,63.65,63.65
1705671000,63.65,63.8,63.55,63.55
1705672800,63.55,63.8,63.15,63.6
1705674600,63.6,63.7,63,63.3
1705676400,63.55,63.55,63.55,63.55
1705905000,63.2,63.2,63.2,63.2
1705906800,63.2,63.25,61.65,62.2
1705908600,62.2,62.4,62,62.1
1705910400,62.1,62.35,62.1,62.2
1705912200,62.15,62.35,62.1,62.25
1705914000,62.25,62.3,61.9,62
1705915800,62,62.35,61.95,62.35
1705917600,62.35,62.35,62.2,62.25
1705919400,62.3,62.4,62.2,62.3
1705921200,62.25,63.05,62.25,62.6
1705923000,62.55,62.65,62.35,62.55
1705924800,62.55,62.6,62.25,62.4
1705926600,62.4,62.8,62.35,62.45
1705928400,62.45,62.95,62.4,62.75
1705930200,62.75,62.8,62.5,62.5
1705932000,62.55,62.6,62.25,62.35
1705933800,62.35,62.55,62.2,62.3
1705935600,62.4,62.4,62.4,62.4
1705991400,63,63,63,63
1705993200,63,63.35,62.5,62.7
1705995000,62.7,62.9,62.5,62.5
1705996800,62.5,62.6,61.9,62.15
1705998600,62.1,62.2,61.15,61.2
1706000400,61.15,61.3,60.8,61.1
1706002200,61.1,61.25,61,61.1
1706004000,61.1,61.1,60.8,61
1706005800,61.05,61.1,60.65,60.75
1706007600,60.75,60.8,60.3,60.6
1706009400,60.55,61.05,60.5,60.6
1706011200,60.55,60.9,60.55,60.75
1706013000,60.75,60.85,60.5,60.55
1706014800,60.55,60.9,60.55,60.65
1706016600,60.6,60.6,60,60.25
1706018400,60.2,60.3,59.85,59.85
1706020200,60.15,60.5,59.9,59.9
1706022000,60.25,60.25,60.25,60.25
1706077800,60.65,60.65,60.65,60.65
1706079600,60.65,61.8,60.3,61
1706081400,61,61.15,60.6,60.6
1706083200,60.6,61.5,60.55,61
1706085000,61.05,61.2,60.95,60.95
1706086800,61,61.35,60.8,61.3
1706088600,61.3,62.1,61.2,61.85
1706090400,61.85,62.25,61.8,61.95
1706092200,61.9,61.95,61.7,61.8
1706094000,61.85,62.15,61.8,61.9
1706095800,61.9,61.95,61.75,61.9
1706097600,61.95,62.5,61.85,62.5
1706099400,62.5,63.45,61.95,63.45
1706101200,63.4,63.65,63.05,63.1
1706103000,63.15,63.15,62.7,63
1706104800,62.95,63,62.45,62.7
1706106600,62.7,62.75,62.05,62.35
1706108400,62.3,62.3,62.3,62.3
1706164200,62.5,62.5,62.5,62.5
1706166000,62.55,62.95,62.3,62.65
1706167800,62.6,62.65,62.35,62.5
1706169600,62.5,62.6,62.4,62.55
1706171400,62.55,62.8,62.5,62.6
1706173200,62.6,62.75,62.55,62.65
1706175000,62.6,62.85,62.6,62.85
1706176800,62.8,62.95,62.7,62.8
1706178600,62.8,63.15,62.75,63.15
1706180400,63.1,63.6,62.35,62.35
1706182200,62.35,62.55,62.05,62.05
1706184000,62.05,62.25,61.75,61.85
1706185800,61.85,62.2,61.75,61.85
1706187600,61.85,62,61.8,61.9
1706189400,61.85,62.2,61.8,61.85
1706191200,61.9,62.1,61.8,62.05
1706193000,62,62.5,62,62.1
1706194800,62.05,62.05,62.05,62.05
1706250600,62.2,62.2,62.2,62.2
1706252400,62.2,62.45,62.05,62.15
1706254200,62.2,62.25,61.55,61.65
1706256000,61.6,62,61.6,61.75
1706257800,61.7,61.9,61.65,61.8
1706259600,61.85,61.85,61.6,61.75
1706261400,61.75,61.8,61.55,61.65
1706263200,61.65,61.75,61.6,61.75
1706265000,61.75,61.75,61.6,61.65
1706266800,61.65,61.9,61.6,61.9
1706268600,61.9,62.5,61.85,62.35
1706270400,62.4,62.85,62.35,62.75
1706272200,62.75,62.9,62.7,62.75
1706274000,62.75,63.4,62.7,63.15
1706275800,63.15,63.25,62.95,62.95
1706277600,63,63.1,62.75,62.95
1706279400,62.95,63.25,62.75,63
1706281200,63.15,63.15,63.15,63.15
1706509800,63.85,63.85,63.85,63.85
1706511600,63.75,64.05,63.4,63.4
1706513400,63.4,63.9,63.35,63.65
1706515200,63.65,63.8,63.5,63.55
1706517000,63.55,63.7,63.5,63.55
1706518800,63.5,63.6,63.35,63.45
1706520600,63.45,63.55,63.4,63.45
1706522400,63.45,63.45,62.8,62.95
1706524200,62.95,63.15,62.75,62.85
1706526000,62.85,63.1,62.85,63.1
1706527800,63.1,63.45,63,63.15
1706529600,63.2,63.3,63.05,63.15
1706531400,63.15,63.2,62.85,62.85
1706533200,62.85,63.05,62.75,62.9
1706535000,62.9,63.05,62.5,62.75
1706536800,62.75,63,62.6,62.7
1706538600,62.7,63.65,62.65,63.65
1706540400,63.6,63.6,63.4,63.4
1706596200,64.1,64.1,64.1,64.1
1706598000,64.15,64.4,63.7,64
1706599800,64,64,63.45,63.45
1706601600,63.5,63.65,62.35,62.7
1706603400,62.7,63.05,62.45,62.95
1706605200,62.95,63.5,62.85,63.4
1706607000,63.4,63.85,63.35,63.75
1706608800,63.75,64.05,63.65,63.9
1706610600,63.95,63.95,63.55,63.55
1706612400,63.55,63.8,63.5,63.6
1706614200,63.6,63.75,63.5,63.6
1706616000,63.6,64.15,63.6,64.05
1706617800,64.05,64.1,63.65,64
1706619600,63.95,64.2,63.8,63.9
1706621400,63.9,64.15,63.85,64.05
1706623200,64.1,64.15,63.9,64
1706625000,64,64.05,63.5,63.7
1706626800,63.6,63.6,63.6,63.6
1706682600,63.65,63.65,63.65,63.65
1706684400,63.65,63.75,63.4,63.4
1706686200,63.45,63.45,62.85,63
1706688000,63,63.1,62.6,62.7
1706689800,62.65,63.1,62.65,62.95
1706691600,63,63.15,62.9,63
1706693400,63.05,63.1,62.9,62.9
1706695200,62.95,63,62.85,62.9
1706697000,62.85,63,62.8,62.95
1706698800,62.9,63.15,62.85,63.15
1706700600,63.15,63.15,62.9,63.05
1706702400,63.05,63.05,62.85,63
1706704200,62.95,63.2,62.8,63.1
1706706000,63.1,63.15,62.95,62.95
1706707800,62.95,64,62.9,63.95
1706709600,63.95,64.3,63.7,64
1706711400,64,64.05,63.7,63.75
1706713200,63.5,63.5,63.5,63.5
1706769000,63.45,63.45,63.45,63.45
1706770800,63.45,64.15,63.45,63.9
1706772600,63.85,64,63.75,63.8
1706774400,63.8,64.4,63.8,64.05
1706776200,64.05,64.25,64.05,64.15
1706778000,64.2,64.35,64.05,64.25
1706779800,64.3,64.65,64.25,64.45
1706781600,64.5,64.95,64.45,64.7
1706783400,64.7,64.9,64.5,64.6
1706785200,64.6,65,64.4,64.95
1706787000,64.95,65.3,64.85,65.2
1706788800,65.25,65.85,65,65.3
1706790600,65.35,65.6,65,65.1
1706792400,65.1,65.2,64.8,64.9
1706794200,64.9,65,64.6,64.75
1706796000,64.75,65.05,64.6,64.8
1706797800,64.85,64.9,64.55,64.65
1706799600,64.75,64.75,64.75,64.75
1706855400,64.6,64.6,64.6,64.6
1706857200,64.7,65.45,64.65,64.8
1706859000,64.8,65.7,64.75,65.35
1706860800,65.4,65.6,65.1,65.1
1706862600,65.15,65.15,64.4,64.8
1706864400,64.75,65.15,64.75,64.8
1706866200,64.8,64.9,64.75,64.9
1706868000,64.9,64.9,64.65,64.7
1706869800,64.7,64.85,64.6,64.7
1706871600,64.7,65.05,64.7,64.95
1706873400,64.95,65.05,64.65,64.8
1706875200,64.7,64.9,64.55,64.6
1706877000,64.6,64.65,63.8,64.05
1706878800,64,64.25,63.85,63.85
1706880600,63.9,64,63.65,63.8
1706882400,63.75,64.05,63.65,63.8
1706884200,63.8,64.2,63.65,63.9
1706886000,63.9,63.9,63.9,63.9
1707114600,65.2,65.2,65.2,65.2
1707116400,65.2,65.2,64.25,64.55
1707118200,64.6,65.05,64.4,64.95
1707120000,64.95,66.45,64.8,66.05
1707121800,66.05,66.2,65.65,66
1707123600,66,66.15,65.8,66
1707125400,66,66.35,65.85,65.9
1707127200,65.9,65.95,65.7,65.75
1707129000,65.75,65.8,65.55,65.65
1707130800,65.65,65.85,65.55,65.75
1707132600,65.75,65.85,65.55,65.65
1707134400,65.65,65.75,65.55,65.65
1707136200,65.6,65.85,65.55,65.65
1707138000,65.65,65.7,65.4,65.5
1707139800,65.5,65.6,65,65.1
1707141600,65.05,65.2,64.85,64.9
1707143400,64.9,65.15,64.8,65.1
1707145200,64.95,64.95,64.95,64.95
1707201000,64.95,64.95,64.95,64.95
1707202800,64.95,65.7,64.9,65.4
1707204600,65.45,65.5,64.5,64.75
1707206400,64.7,65.15,64.65,64.8
1707208200,64.85,64.95,64.3,64.35
1707210000,64.3,64.4,64.15,64.3
1707211800,64.3,64.4,64.1,64.35
1707213600,64.3,64.45,64.15,64.3
1707215400,64.3,64.35,64.15,64.15
1707217200,64.2,64.55,64.15,64.45
1707219000,64.45,64.75,64.35,64.65
1707220800,64.65,64.7,64.5,64.55
1707222600,64.6,65.2,64.55,64.9
1707224400,64.85,65.2,64.85,65.1
1707226200,65.1,65.2,64.95,65.05
1707228000,65.05,65.3,64.85,64.95
1707229800,64.9,65.2,64.8,64.95
1707231600,65.05,65.05,65.05,65.05
1707287400,65.2,65.2,65.2,65.2
1707289200,65.2,65.65,64.75,65.3
1707291000,65.3,65.55,64.85,64.85
1707292800,64.85,65.15,64.75,65.05
1707294600,65.05,65.15,64.9,64.95
1707296400,64.95,65.1,64.85,65
1707298200,64.95,65.4,64.9,65.2
1707300000,65.2,65.25,64.85,64.95
1707301800,64.95,65,64.65,64.65
1707303600,64.65,64.7,64.3,64.4
1707305400,64.4,64.55,64.3,64.45
1707307200,64.45,64.5,64.25,64.25
1707309000,64.25,64.65,64.05,64.55
1707310800,64.55,64.55,64.4,64.5
1707312600,64.5,64.6,64.35,64.6
1707314400,64.6,64.7,64.35,64.45
1707316200,64.45,64.5,64.2,64.2
1707318000,64,64,64,64
1707373800,64,64,64,64
1707375600,64.05,64.8,64.05,64.6
1707377400,64.55,65.15,64.45,64.55
1707379200,64.55,65,64.55,64.95
1707381000,64.95,65,64.55,64.7
1707382800,64.7,64.85,64.65,64.75
1707384600,64.75,64.8,64.65,64.8
1707386400,64.75,64.8,64.6,64.6
1707388200,64.65,64.65,64.55,64.65
1707390000,64.6,64.65,64.5,64.6
1707391800,64.65,64.75,64.6,64.65
1707393600,64.65,64.85,64.6,64.75
1707395400,64.7,64.95,64.6,64.8
1707397200,64.8,65,64.8,64.9
1707399000,64.85,64.95,64.6,64.6
1707400800,64.6,64.8,64.6,64.65
1707402600,64.65,64.85,64.3,64.35
1707404400,64.3,64.3,64.3,64.3
1707460200,64.4,64.4,64.4,64.4
1707462000,64.45,64.65,64,64.05
1707463800,64,64.05,63.55,63.65
1707465600,63.7,63.7,63.4,63.45
1707467400,63.4,63.5,63.15,63.5
1707469200,63.5,63.6,63.4,63.55
1707471000,63.55,63.6,63.35,63.45
1707472800,63.45,63.6,63.35,63.6
1707474600,63.6,63.7,63.55,63.65
1707476400,63.65,64.05,63.55,63.95
1707478200,63.95,64.6,63.9,64.5
1707480000,64.5,65.25,64.5,64.7
1707481800,64.65,65.15,64.65,64.75
1707483600,64.8,64.85,64.45,64.5
1707485400,64.5,64.7,64.35,64.45
1707487200,64.4,64.5,63.9,64.4
1707489000,64.4,64.55,64.3,64.4
1707490800,64.45,64.45,64.45,64.45
1707719400,65,65,65,65
1707721200,65,65.05,64.5,64.6
1707723000,64.55,65.05,64.45,65
1707724800,65,65.25,64.55,64.6
1707726600,64.6,64.75,64.4,64.7
1707728400,64.7,64.75,64.5,64.75
1707730200,64.7,64.75,64.45,64.55
1707732000,64.55,64.65,64.45,64.55
1707733800,64.5,65,64.5,64.7
1707735600,64.7,64.85,64.6,64.7
1707737400,64.65,64.75,64.5,64.65
1707739200,64.65,64.75,64.55,64.7
1707741000,64.7,64.75,64.6,64.6
1707742800,64.6,64.65,64.25,64.45
1707744600,64.45,64.65,64.3,64.5
1707746400,64.5,64.65,64.35,64.55
1707748200,64.55,65.95,64.5,65.85
1707750000,65.85,65.85,65.85,65.85
1707805800,66,66,66,66
1707807600,66,66.1,65.4,65.4
1707809400,65.4,65.65,65.15,65.3
1707811200,65.3,65.4,65.1,65.3
1707813000,65.3,66.15,65.25,65.85
1707814800,65.9,66.05,65.6,65.7
1707816600,65.65,65.9,65.65,65.75
1707818400,65.75,65.9,65.6,65.75
1707820200,65.8,66.2,65.75,65.95
1707822000,65.9,66.05,65.55,66
1707823800,66.05,66.05,65.7,65.95
1707825600,65.95,66.1,65.8,65.85
1707827400,65.9,66.25,65.85,65.95
1707829200,65.95,66.25,65.85,66.15
1707831000,66.15,66.65,65.6,65.85
1707832800,65.8,65.85,65.25,65.5
1707834600,65.5,65.75,64.65,64.7
1707836400,64.65,64.65,64.65,64.65
1707892200,64.75,64.75,64.75,64.75
1707894000,64.75,64.95,64.5,64.55
1707895800,64.55,64.75,64.3,64.35
1707897600,64.4,64.45,63.75,63.9
1707899400,63.85,63.9,63.5,63.9
1707901200,63.85,64,63.75,63.85
1707903000,63.85,64.15,63.85,64.15
1707904800,64.15,64.4,63.95,64.05
1707906600,64.05,64.25,64,64.05
1707908400,64.05,64.1,63.7,63.7
1707910200,63.7,63.9,63.5,63.55
1707912000,63.55,63.7,63.45,63.6
1707913800,63.65,63.7,63.35,63.45
1707915600,63.45,64,63.3,63.55
1707917400,63.5,63.95,63.25,63.3
1707919200,63.3,63.6,63.15,63.35
1707921000,63.35,64.4,63.25,64
1707922800,64.05,64.05,64.05,64.05
1707978600,64.25,64.25,64.25,64.25
1707980400,64.25,65.2,64.25,64.8
1707982200,64.8,65.5,64.8,65.25
1707984000,65.3,65.35,65.05,65.2
1707985800,65.25,65.4,65.1,65.2
1707987600,65.2,65.35,65,65.15
1707989400,65.1,65.15,64.95,65.1
1707991200,65.05,65.15,65,65.1
1707993000,65.1,65.15,64.75,64.85
1707994800,64.8,65.05,64.8,65
1707996600,65,65.25,64.95,65.15
1707998400,65.15,65.8,65.05,65.55
1708000200,65.5,65.6,65.2,65.35
1708002000,65.3,65.65,65.3,65.55
1708003800,65.55,66.15,65.4,66
1708005600,66,66.1,65.6,65.75
1708007400,65.75,65.95,65.5,65.6
1708009200,65.6,65.6,65.6,65.6
1708065000,65.7,65.7,65.7,65.7
1708066800,65.75,65.95,65.35,65.7
1708068600,65.75,65.95,65.25,65.5
1708070400,65.5,65.9,65.4,65.75
1708072200,65.7,66.35,65.65,65.95
1708074000,65.9,66.3,65.9,66.2
1708075800,66.2,66.3,66,66.05
1708077600,66.1,66.25,65.95,66.15
1708079400,66.2,66.25,66.1,66.25
1708081200,66.2,66.45,66.05,66.15
1708083000,66.1,66.2,66,66
1708084800,66,66.25,65.85,66.1
1708086600,66.1,66.15,65.7,66.05
1708088400,66.05,66.25,65.95,66.2
1708090200,66.2,66.25,65.9,66.05
1708092000,66.05,66.3,66,66.1
1708093800,66.05,66.2,65.7,65.7
1708095600,65.9,65.9,65.9,65.9
1708324200,66.4,66.4,66.4,66.4
1708326000,66.4,67.05,66.3,66.95
1708327800,66.9,67.65,66.8,67.5
1708329600,67.5,68.1,67.1,67.85
1708331400,67.9,67.95,67.5,67.8
1708333200,67.8,68.1,67.75,68
1708335000,68,68.3,67.85,68.05
1708336800,68.05,68.15,67.8,67.9
1708338600,67.9,68,67.75,67.9
1708340400,67.9,68.05,67.8,68.05
1708342200,68.05,68.05,67.6,67.75
1708344000,67.75,68.05,67.6,67.95
1708345800,67.9,68.2,67.85,67.95
1708347600,67.9,68.05,67.7,67.7
1708349400,67.7,67.9,67.3,67.75
1708351200,67.75,67.85,66.85,67.1
1708353000,67.05,67.25,66.3,66.6
1708354800,66.7,66.7,66.7,66.7
1708410600,66.8,66.8,66.8,66.8
1708412400,66.8,68.15,66.45,66.9
1708414200,66.9,67.15,66.55,66.65
1708416000,66.7,67.2,66.3,66.8
1708417800,66.8,67.1,66.65,66.7
1708419600,66.7,66.9,66.5,66.55
1708421400,66.6,67.05,66.4,67
1708423200,67,67.15,66.8,66.95
1708425000,66.95,67.75,66.9,67.55
1708426800,67.55,67.95,67.45,67.8
1708428600,67.8,68.05,67.35,67.95
1708430400,67.95,68.15,67.7,68
1708432200,68,68.25,67.8,68.1
1708434000,68.15,68.5,68,68.15
1708435800,68.15,68.45,67.75,68
1708437600,68,68.2,67.45,67.85
1708439400,67.85,68.3,67.75,68.3
1708441200,68,68,68,68
1708497000,68.3,68.3,68.3,68.3
1708498800,68.3,69.35,67.85,68.95
1708500600,68.95,69.6,68.55,68.85
1708502400,68.8,68.9,68.5,68.7
1708504200,68.7,69,68.65,68.8
1708506000,68.75,68.85,68.5,68.7
1708507800,68.75,68.75,68.55,68.75
1708509600,68.75,68.85,68.2,68.45
1708511400,68.5,68.8,68.3,68.75
1708513200,68.75,68.9,68.65,68.8
1708515000,68.75,69,68.45,68.75
1708516800,68.7,69.5,68.7,69.1
1708518600,69.1,69.3,68.3,68.45
1708520400,68.45,68.65,67.75,68.2
1708522200,68.2,68.4,67.9,68.35
1708524000,68.3,68.3,67.55,67.85
1708525800,67.8,68.7,67.75,68.5
1708527600,68.4,68.4,68.4,68.4
1708583400,68.9,68.9,68.9,68.9
1708585200,68.9,69.35,68.45,68.85
1708587000,68.85,68.9,68.35,68.45
1708588800,68.5,68.55,68,68.35
1708590600,68.4,68.5,68.25,68.35
1708592400,68.35,68.4,67.9,68.15
1708594200,68.2,68.4,68,68.2
1708596000,68.15,68.2,67.9,68
1708597800,68.05,68.1,67.3,67.5
1708599600,67.5,67.95,66.55,66.95
1708601400,67,67.1,66.35,66.4
1708603200,66.35,66.45,65.8,66
1708605000,66.05,66.2,65.8,65.9
1708606800,65.95,66.15,65.7,66
1708608600,66,66.15,65.65,65.65
1708610400,65.65,65.9,65.5,65.9
1708612200,65.9,66,65.75,65.8
1708614000,65.95,65.95,65.95,65.95
1708669800,66.05,66.05,66.05,66.05
1708671600,66.1,66.25,65.75,65.95
1708673400,65.95,66.35,65.7,65.8
1708675200,65.8,66,65.4,65.5
1708677000,65.45,66.2,65.4,65.9
1708678800,65.9,66.4,65.85,66.35
1708680600,66.35,66.4,66,66.15
1708682400,66.15,66.5,66.1,66.35
1708684200,66.35,66.4,66.2,66.3
1708686000,66.3,66.7,66.3,66.55
1708687800,66.55,66.6,66.25,66.45
1708689600,66.4,66.6,65.95,66.15
1708691400,66.15,66.2,65.85,65.9
1708693200,65.9,66.3,65.7,66.15
1708695000,66.15,66.25,65.95,66.05
1708696800,66.05,66.3,65.9,66.15
1708698600,66.2,66.35,65.85,66.15
1708700400,66.35,66.35,66.35,66.35
1708929000,66.4,66.4,66.4,66.4
1708930800,66.4,66.45,65.9,66.2
1708932600,66.15,66.3,65.75,65.75
1708934400,65.75,65.8,65.35,65.55
1708936200,65.55,65.6,65.3,65.45
1708938000,65.45,65.45,64.55,64.7
1708939800,64.7,64.85,64.3,64.8
1708941600,64.8,64.9,64.65,64.65
1708943400,64.65,65,64.65,64.75
1708945200,64.75,65.2,64.75,65
1708947000,65.05,65.2,64.95,65.15
1708948800,65.1,65.3,65,65.25
1708950600,65.25,65.3,65.05,65.3
1708952400,65.25,65.35,64.95,64.95
1708954200,65,65.3,64.85,65.15
1708956000,65.15,65.2,64.55,64.8
1708957800,64.8,65.15,64.65,65.05
1708959600,65,65,65,65
1709015400,65.15,65.15,65.15,65.15
1709017200,65.15,65.35,64.8,65.05
1709019000,65.05,65.1,64.5,64.75
1709020800,64.7,65.05,64.65,64.75
1709022600,64.75,64.85,64.35,64.7
1709024400,64.7,65.15,64.5,65.15
1709026200,65.1,65.3,64.9,65.05
1709028000,65.05,65.1,64.9,64.95
1709029800,64.95,65.15,64.9,65.05
1709031600,65.05,65.5,65,65.45
1709033400,65.45,65.45,65.1,65.1
1709035200,65.15,65.4,65.1,65.2
1709037000,65.2,65.25,64.9,65.05
1709038800,65.05,65.2,64.95,65
1709040600,65,65,64.7,64.7
1709042400,64.75,64.85,64.4,64.5
1709044200,64.5,64.55,63.75,63.85
1709046000,63.5,63.5,63.5,63.5
1709101800,63.6,63.6,63.6,63.6
1709103600,63.6,64.2,63.5,63.7
1709105400,63.7,64.2,63.6,64.1
1709107200,64.15,64.15,63.55,63.65
1709109000,63.65,63.85,63.55,63.8
1709110800,63.8,63.85,63.5,63.55
1709112600,63.55,63.6,63.25,63.5
1709114400,63.55,63.6,63.3,63.6
1709116200,63.6,63.7,63.5,63.55
1709118000,63.55,63.6,63.4,63.55
1709119800,63.55,63.55,63.15,63.25
1709121600,63.25,63.35,62.9,63.1
1709123400,63.1,63.15,62.65,62.65
1709125200,62.65,63.25,62.6,63.05
1709127000,63.05,63.4,62.95,63.35
1709128800,63.35,63.4,62.9,63
1709130600,63,63.15,62.6,62.75
1709132400,62.55,62.55,62.55,62.55
1709188200,62.8,62.8,62.8,62.8
1709190000,62.85,63.45,62.55,63.05
1709191800,63.05,63.2,62.65,63.05
1709193600,63.1,63.15,62.55,62.95
1709195400,62.95,63.15,62.9,63.15
1709197200,63.15,63.15,62.8,62.95
1709199000,62.95,63.05,62.9,63
1709200800,62.95,63.05,62.7,63
1709202600,62.95,63.1,62.35,62.6
1709204400,62.6,62.75,62.5,62.7
1709206200,62.7,63.65,62.65,63.25
1709208000,63.25,63.3,62.95,63.1
1709209800,63.1,63.1,62.9,63
1709211600,63,63.15,62.85,63.1
1709213400,63.1,63.35,63,63.1
1709215200,63.1,63.1,62.7,63
1709217000,62.95,63.4,62.95,63.15
1709218800,63.1,63.1,63.1,63.1
1709274600,63.1,63.1,63.1,63.1
1709276400,63.15,63.4,62.6,63
1709278200,63.05,63.25,62.6,63.1
1709280000,63.1,63.35,62.95,63
1709281800,63,63.1,62.8,62.85
1709283600,62.85,63.05,62.8,62.9
1709285400,62.95,63.1,62.7,62.85
1709287200,62.8,62.95,62.75,62.75
1709289000,62.75,62.8,62.6,62.7
1709290800,62.65,62.75,62.5,62.65
1709292600,62.65,62.75,62.5,62.7
1709294400,62.65,62.75,62.4,62.4
1709296200,62.45,62.65,62.4,62.65
1709298000,62.65,62.75,62.55,62.65
1709299800,62.65,62.7,62.3,62.35
1709301600,62.35,62.45,62.15,62.3
1709303400,62.3,62.4,61.75,62
1709305200,61.85,61.85,61.85,61.85
1709533800,62.1,62.1,62.1,62.1
1709535600,62.1,62.8,61.85,61.95
1709537400,61.95,62.15,61.85,61.95
1709539200,61.95,62,61.4,61.65
1709541000,61.65,61.75,61.55,61.7
1709542800,61.7,61.95,61.65,61.65
1709544600,61.65,61.7,61.5,61.55
1709546400,61.55,61.85,61.5,61.7
1709548200,61.75,61.8,61.6,61.8
1709550000,61.8,61.85,61.3,61.55
1709551800,61.5,61.7,61.25,61.4
1709553600,61.4,61.6,61.3,61.4
1709555400,61.35,61.4,61,61.1
1709557200,61.1,61.1,60.5,60.55
1709559000,60.55,60.8,60.4,60.5
1709560800,60.55,60.75,59.9,60.15
1709562600,60.15,60.35,59.9,60.2
1709564400,60.25,60.25,60.25,60.25
1709620200,60.35,60.35,60.35,60.35
1709622000,60.35,60.8,60.15,60.55
1709623800,60.5,60.6,60,60.45
1709625600,60.4,60.5,60.15,60.35
1709627400,60.4,60.6,60.3,60.45
1709629200,60.5,60.65,60.4,60.55
1709631000,60.5,60.6,60.35,60.4
1709632800,60.4,60.75,60.4,60.6
1709634600,60.55,60.75,60.45,60.6
1709636400,60.6,60.65,60.3,60.35
1709638200,60.35,60.45,60.05,60.35
1709640000,60.3,61.15,60.2,60.9
1709641800,60.9,61.35,60.85,60.95
1709643600,60.95,61.05,60.05,60.2
1709645400,60.15,60.2,59.5,60.1
1709647200,60.1,60.8,59.95,60.7
1709649000,60.7,60.8,59.75,60
1709650800,60,60,59.8,59.8
1709706600,59.5,59.5,59.5,59.5
1709708400,59.55,60.25,59.3,60.2
1709710200,60.15,60.35,59.85,60
1709712000,59.95,60,59.2,59.5
1709713800,59.5,59.7,59.25,59.4
1709715600,59.4,59.5,58.6,59.05
1709717400,59.05,59.2,58.75,59.1
1709719200,59.1,59.4,59,59.2
1709721000,59.25,59.55,59.15,59.45
1709722800,59.45,59.65,59.3,59.4
1709724600,59.35,59.55,59.2,59.55
1709726400,59.55,59.55,59.15,59.2
1709728200,59.25,59.3,59,59.1
1709730000,59.15,59.55,59.05,59.35
1709731800,59.35,59.4,59,59.15
1709733600,59.1,59.6,58.95,59.4
1709735400,59.4,59.65,58.95,59.05
1709737200,59,59,59,59
1709793000,59.3,59.3,59.3,59.3
1709794800,59.3,59.9,59.25,59.6
1709796600,59.6,59.95,59.6,59.85
1709798400,59.85,60.2,59.85,60.2
1709800200,60.2,60.5,60.15,60.25
1709802000,60.3,60.55,60.2,60.5
1709803800,60.55,60.65,60.35,60.45
1709805600,60.45,60.55,60.3,60.5
1709807400,60.55,60.6,60.4,60.55
1709809200,60.55,61.35,60.5,61.3
1709811000,61.35,61.8,61.3,61.55
1709812800,61.55,61.95,61.4,61.65
1709814600,61.65,61.7,61.3,61.5
1709816400,61.45,61.5,61.25,61.4
1709818200,61.35,61.55,61.3,61.4
1709820000,61.4,61.75,61.2,61.45
1709821800,61.5,61.9,61.45,61.65
1709823600,62.1,62.1,62.1,62.1
1709879400,62.2,62.2,62.2,62.2
1709881200,62.15,62.25,61.5,62
1709883000,62.05,62.4,61.75,62.15
1709884800,62.15,62.7,62.1,62.3
1709886600,62.35,62.4,61.85,61.95
1709888400,61.95,62.3,61.7,62.15
1709890200,62.1,62.55,62.05,62.4
1709892000,62.45,62.95,62.4,62.75
1709893800,62.75,63.1,62.6,62.75
1709895600,62.75,63.2,62.7,63.05
1709897400,63.1,63.45,62.9,63.05
1709899200,63.05,63.5,62.95,63.45
1709901000,63.45,63.85,63.15,63.2
1709902800,63.25,63.45,63,63.35
1709904600,63.3,63.8,63.25,63.65
1709906400,63.75,63.8,63.25,63.45
1709908200,63.45,63.8,63.35,63.5
1709910000,63.5,63.5,63.5,63.5
1710138600,66.4,66.4,66.4,66.4
1710140400,66.45,66.6,65.2,65.2
1710142200,65.2,65.45,64.95,65.15
1710144000,65.1,65.55,64.85,65.3
1710145800,65.35,65.45,65.2,65.25
1710147600,65.3,65.5,65.05,65.35
1710149400,65.35,65.8,65.35,65.75
1710151200,65.75,65.8,65.25,65.35
1710153000,65.35,65.55,65.2,65.25
1710154800,65.25,65.35,65,65.05
1710156600,65.05,65.25,64.95,65.1
1710158400,65.1,65.5,65.05,65.2
1710160200,65.2,65.25,64.65,64.9
1710162000,64.85,65,64.35,64.6
1710163800,64.6,64.65,64.1,64.2
1710165600,64.2,64.2,63.35,63.35
1710167400,63.35,63.55,63.1,63.1
1710169200,63,63,63,63
1710225000,63.15,63.15,63.15,63.15
1710226800,63.15,63.7,62.55,63.65
1710228600,63.6,64.65,63.3,64.6
1710230400,64.6,65.4,64.55,65.1
1710232200,65.1,65.4,64.7,64.75
1710234000,64.75,65.05,64.65,65
1710235800,65,65.35,64.95,65.2
1710237600,65.2,65.45,64.85,64.85
1710239400,64.85,65.2,64.8,65.2
1710241200,65.2,65.3,65,65.15
1710243000,65.15,65.35,65,65.1
1710244800,65.15,65.4,65,65.15
1710246600,65.1,65.25,64.55,64.6
1710248400,64.6,64.75,64.25,64.45
1710250200,64.5,64.6,64.1,64.35
1710252000,64.35,64.65,63.75,64.25
1710253800,64.3,64.95,64,64.4
1710255600,64.25,64.25,64.25,64.25
1710311400,64.3,64.3,64.3,64.3
1710313200,64.3,64.4,64,64.3
1710315000,64.3,64.35,63.75,63.75
1710316800,63.75,63.75,63,63.1
1710318600,63.1,63.1,62.4,62.65
1710320400,62.6,62.65,61.85,62.05
1710322200,62,62.2,61.55,61.65
1710324000,61.6,62,61.5,62
1710325800,61.95,62.55,61.95,62.3
1710327600,62.3,62.6,62.1,62.55
1710329400,62.6,64.25,62.55,64.2
1710331200,64.2,64.6,63.95,64.3
1710333000,64.25,64.55,64.05,64.3
1710334800,64.3,64.95,63.95,64.2
1710336600,64.2,64.4,63.7,63.95
1710338400,63.9,64.6,63.7,64.05
1710340200,64,64.2,63.55,63.65
1710342000,63.25,63.25,63.25,63.25
1710397800,63.55,63.55,63.55,63.55
1710399600,63.6,64.35,63.3,63.5
1710401400,63.5,63.65,62.8,63
1710403200,63,63.4,62.95,63.25
1710405000,63.25,63.35,62.6,62.8
1710406800,62.8,62.8,62.25,62.25
1710408600,62.25,62.8,62.2,62.65
1710410400,62.6,62.65,62.25,62.5
1710412200,62.55,62.55,62.05,62.15
1710414000,62.15,62.15,61.7,61.9
1710415800,61.9,62.45,61.75,62.35
1710417600,62.35,62.4,61.95,62
1710419400,62.05,62.1,61.65,61.85
1710421200,61.85,62.1,61.65,61.85
1710423000,61.85,62.05,61.65,61.75
1710424800,61.75,61.85,61.15,61.45
1710426600,61.45,61.65,60.85,61.25
1710428400,61.65,61.65,61.65,61.65
1710484200,61.5,61.5,61.5,61.5
1710486000,61.55,61.95,60.85,61.95
1710487800,61.95,62.15,61.75,61.9
1710489600,61.85,62.2,61.75,62.2
1710491400,62.15,62.6,62.1,62.25
1710493200,62.3,62.4,62.05,62.15
1710495000,62.15,62.25,61.95,62
1710496800,62,62.2,61.85,62
1710498600,62,62,61.65,61.7
1710500400,61.7,61.7,61.35,61.65
1710502200,61.65,61.85,61.45,61.85
1710504000,61.8,61.85,61.4,61.5
1710505800,61.55,61.7,61.4,61.4
1710507600,61.4,61.5,61.15,61.2
1710509400,61.2,61.65,61.15,61.4
1710511200,61.35,61.4,60.7,60.85
1710513000,60.85,61.1,60.55,60.8
1710514800,60.9,60.9,60.9,60.9
1710743400,61.4,61.4,61.4,61.4
1710745200,61.4,61.45,60.7,60.95
1710747000,60.95,61.4,60.85,61.25
1710748800,61.3,61.3,60.95,61.3
1710750600,61.3,62.25,61.25,62.2
1710752400,62.2,62.85,61.9,62.6
1710754200,62.6,62.7,62.45,62.6
1710756000,62.65,62.7,62.3,62.5
1710757800,62.55,62.55,62.1,62.15
1710759600,62.1,62.15,61.85,61.85
1710761400,61.85,61.95,61.4,61.5
1710763200,61.45,61.85,61.4,61.65
1710765000,61.7,61.7,61.4,61.65
1710766800,61.65,61.7,61.45,61.5
1710768600,61.55,62.05,61.5,61.65
1710770400,61.65,61.85,61.25,61.55
1710772200,61.55,61.65,61.3,61.45
1710774000,61.35,61.35,61.35,61.35
1710829800,61.35,61.35,61.35,61.35
1710831600,61.3,61.6,61.1,61.3
1710833400,61.35,61.4,60.95,61.2
1710835200,61.2,61.2,60.95,61
1710837000,61,61.7,60.9,61.65
1710838800,61.65,62.25,61.6,62.15
1710840600,62.15,62.85,62,62.75
1710842400,62.75,63.45,62.7,63.1
1710844200,63.1,63.8,63,63.5
1710846000,63.5,63.65,63.35,63.4
1710847800,63.4,64.1,63.3,63.9
1710849600,63.95,64,63.65,63.75
1710851400,63.8,63.95,63.6,63.9
1710853200,63.9,64,63.4,63.65
1710855000,63.65,64,63.65,63.75
1710856800,63.75,63.8,63.5,63.8
1710858600,63.8,63.9,63.55,63.7
1710860400,63.8,63.8,63.8,63.8
1710916200,63.55,63.55,63.55,63.55
1710918000,63.5,63.9,63.2,63.3
1710919800,63.3,64.25,63.2,64.1
1710921600,64.1,64.55,63.9,63.95
1710923400,63.95,64.2,63.75,64
1710925200,64.05,64.05,63.55,63.65
1710927000,63.65,64,63.6,63.75
1710928800,63.75,64,63.6,63.9
1710930600,63.9,64.1,63.75,63.8
1710932400,63.8,64.4,63.75,64.2
1710934200,64.2,64.35,64.05,64.35
1710936000,64.35,64.7,64.25,64.45
1710937800,64.45,64.6,64.1,64.4
1710939600,64.4,64.45,64.05,64.1
1710941400,64.1,64.75,64,64.7
1710943200,64.7,64.75,64.15,64.35
1710945000,64.3,64.4,64,64
1710946800,64.2,64.2,64.2,64.2
1711002600,64.65,64.65,64.65,64.65
1711004400,64.65,65.65,64.65,65.1
1711006200,65.05,65.25,64.9,64.95
1711008000,65,65,64.4,64.8
1711009800,64.8,64.95,64.7,64.7
1711011600,64.7,64.75,64.5,64.55
1711013400,64.55,64.9,64.5,64.85
1711015200,64.85,64.95,64.7,64.75
1711017000,64.75,64.85,64.5,64.7
1711018800,64.7,66.95,64.65,66.1
1711020600,66.15,66.95,66.15,66.6
1711022400,66.65,66.85,66.45,66.6
1711024200,66.55,67.6,66.45,66.95
1711026000,66.9,67.45,66.6,67.25
1711027800,67.25,68.4,67.1,68
1711029600,68,68.5,67.55,67.85
1711031400,67.9,68.15,67.6,67.65
1711033200,67.65,67.95,67.65,67.95
1711089000,67.8,67.8,67.8,67.8
1711090800,67.8,69.15,67.6,68.6
1711092600,68.6,68.7,67.6,68.25
1711094400,68.2,68.85,68.1,68.65
1711096200,68.6,69,68.5,68.75
1711098000,68.75,69.1,68.55,68.95
1711099800,69,69.2,68.75,68.85
1711101600,68.85,69.1,68.8,69
1711103400,68.95,69.05,68.6,68.7
1711105200,68.7,69.5,68.7,69.3
1711107000,69.3,70.5,69.25,69.5
1711108800,69.5,69.65,69,69.35
1711110600,69.35,69.35,69.05,69.2
1711112400,69.2,69.25,68.75,68.85
1711114200,68.9,69.2,68.8,69
1711116000,69.05,69.4,68.9,69.3
1711117800,69.25,69.45,68.9,69.1
1711119600,68.8,68.8,68.8,68.8
1711348200,68.9,68.9,68.9,68.9
1711350000,68.85,69.25,68.35,68.5
1711351800,68.5,69.5,68.4,69.35
1711353600,69.4,69.65,68.85,69.15
1711355400,69.15,70.1,69.15,69.75
1711357200,69.75,70.8,69.75,69.95
1711359000,70,70.85,69.8,70.85
1711360800,70.85,71.3,70.6,71.15
1711362600,71.15,72,71.15,71.5
1711364400,71.55,71.55,71.2,71.5
1711366200,71.5,71.9,71.3,71.75
1711368000,71.75,71.9,71.5,71.65
1711369800,71.65,71.7,71,71.1
1711371600,71.1,71.35,70.6,71.35
1711373400,71.3,71.45,70.5,70.75
1711375200,70.75,70.75,69.2,69.65
1711377000,69.6,69.65,68.7,68.85
1711378800,68.95,68.95,68.95,68.95
1711434600,69.25,69.25,69.25,69.25
1711436400,69.2,69.7,68.65,68.7
1711438200,68.7,70.6,68.45,70.25
1711440000,70.25,70.75,69.75,70.35
1711441800,70.3,70.9,69.85,70.25
1711443600,70.25,70.35,70,70.25
1711445400,70.2,70.35,69.75,69.9
1711447200,69.9,70.5,68.9,69.7
1711449000,69.75,69.95,69.4,69.6
1711450800,69.6,70.75,69.6,70.6
1711452600,70.6,70.65,70,70.05
1711454400,70,70.2,69.8,70.05
1711456200,70,70.15,69.55,70.1
1711458000,70.15,70.2,69.45,69.65
1711459800,69.6,69.75,68.8,68.9
1711461600,68.95,69.75,68.9,69.1
1711463400,69.05,69.2,68.6,69
1711465200,68.7,68.7,68.7,68.7
1711521000,68.9,68.9,68.9,68.9
1711522800,68.9,69.3,68.65,69.05
1711524600,69.05,69.1,67.75,67.85
1711526400,67.85,68.45,67.75,68.4
1711528200,68.4,68.4,67.8,67.85
1711530000,67.9,68.2,67.8,68
1711531800,68,68.2,67.65,68.15
1711533600,68.1,68.35,68.05,68.1
1711535400,68.1,68.45,68.05,68.45
1711537200,68.45,68.5,68.05,68.2
1711539000,68.2,68.25,67.7,67.95
1711540800,67.95,68.05,67.7,67.85
1711542600,67.85,69.5,67.8,69.2
1711544400,69.2,69.3,68.35,68.35
1711546200,68.35,68.6,68,68.1
1711548000,68.05,69.1,68,68.7
1711549800,68.65,69.3,68.55,68.75
1711551600,68.7,68.7,68.7,68.7
1711607400,69.05,69.05,69.05,69.05
1711609200,69.05,70.8,69.05,70.65
1711611000,70.7,71.55,70.6,71.55
1711612800,71.5,71.6,70.65,71.15
1711614600,71.2,71.5,70.9,71.25
1711616400,71.25,71.25,70.6,70.65
1711618200,70.6,71.05,70.5,70.8
1711620000,70.8,71.15,70.55,71.15
1711621800,71.15,71.25,70.9,71.15
1711623600,71.15,71.2,70.85,71.15
1711625400,71.15,72.4,71.05,72.15
1711627200,72.15,72.2,71.5,71.6
1711629000,71.7,72.1,71.6,71.85
1711630800,71.8,72.1,71.7,71.75
1711632600,71.75,72.1,71.7,71.9
1711634400,71.85,72.3,71.8,72.15
1711636200,72.1,72.15,71.55,71.9
1711638000,71.5,71.5,71.5,71.5
1711693800,69.75,69.75,69.75,69.75
1711695600,69.6,69.75,68.05,68.8
1711697400,68.75,68.75,68,68.15
1711699200,68.15,68.5,68.1,68.25
1711701000,68.25,69.1,68.2,68.8
1711702800,68.8,68.95,68.6,68.85
1711704600,68.85,69.5,68.65,69.05
1711706400,69,69.15,68.85,68.9
1711708200,68.95,69.15,68.8,68.95
1711710000,68.95,69.2,68.75,69.15
1711711800,69.15,69.45,69.1,69.3
1711713600,69.3,70.15,69.25,69.45
1711715400,69.45,69.95,69.3,69.65
1711717200,69.65,69.7,68.75,68.8
1711719000,68.8,69,68.4,68.6
1711720800,68.55,68.6,68.1,68.5
1711722600,68.5,68.8,68.35,68.55
1711724400,68.5,68.5,68.5,68.5
1711953000,69.5,69.5,69.5,69.5
1711954800,69.5,72.9,69.5,69.75
1711956600,69.8,70.25,68.35,68.45
1711958400,68.45,69.3,68.2,68.6
1711960200,68.55,68.7,68.25,68.55
1711962000,68.55,68.85,68.4,68.5
1711963800,68.5,68.65,67.55,67.85
1711965600,67.9,68.7,67.75,68.15
1711967400,68.15,68.55,68.05,68.2
1711969200,68.15,69.7,68.15,69.55
1711971000,69.55,70,68.95,69.05
1711972800,69.05,69.75,68.95,69.45
1711974600,69.45,70.05,69.3,69.6
1711976400,69.6,70.7,69.3,70.6
1711978200,70.6,70.65,69.8,70.4
1711980000,70.4,70.65,70.1,70.65
1711981800,70.65,70.7,70.1,70.15
1711983600,69.8,69.8,69.8,69.8
1712039400,69.85,69.85,69.85,69.85
1712041200,69.9,70.65,69.5,70.55
1712043000,70.5,71.2,70.45,70.95
1712044800,70.95,71.15,70.6,70.85
1712046600,70.85,71.1,69.95,70.1
1712048400,70.1,70.55,70,70.35
1712050200,70.4,71.05,70.35,70.9
1712052000,70.95,71,70.55,70.85
1712053800,70.8,71,70.75,70.75
1712055600,70.8,71.45,70.8,71.3
1712057400,71.25,71.9,71.05,71.9
1712059200,71.9,71.9,71.35,71.5
1712061000,71.5,71.6,70.85,70.85
1712062800,70.9,71.25,70.35,70.6
1712064600,70.65,70.8,70.15,70.2
1712066400,70.15,70.65,69.95,70.1
1712068200,70.15,70.35,69.65,70
1712070000,69.95,70.1,69.95,70.1
1712125800,70,70,70,70
1712127600,70,70.65,69.6,70
1712129400,70,70.15,69.65,69.9
1712131200,69.85,70.4,69.15,69.45
1712133000,69.45,69.7,69.1,69.1
1712134800,69.15,69.3,68.9,69.2
1712136600,69.25,69.5,69,69.25
1712138400,69.25,69.45,69.1,69.45
1712140200,69.4,70.1,69.3,69.7
1712142000,69.7,70.9,69.7,70.65
1712143800,70.7,70.95,70.25,70.35
1712145600,70.3,70.8,70.1,70.65
1712147400,70.6,70.7,70.3,70.4
1712149200,70.4,70.6,70.1,70.6
1712151000,70.6,70.75,70.2,70.3
1712152800,70.35,70.6,70.05,70.4
1712154600,70.4,70.5,69.8,69.95
1712156400,69.6,69.6,69.6,69.6
1712212200,69.85,69.85,69.85,69.85
1712214000,69.9,71.9,69.85,71
1712215800,71,71.25,70.55,70.85
1712217600,70.85,70.85,69.45,69.7
1712219400,69.65,70.1,69.55,69.95
1712221200,69.9,70.1,69.7,69.85
1712223000,69.9,70.6,69.85,70.6
1712224800,70.6,71.2,70.45,71.15
1712226600,71.15,72.3,70.95,72.1
1712228400,72.1,72.15,71.6,71.9
1712230200,71.95,72.2,71.55,72.2
1712232000,72.15,72.25,71.7,71.85
1712233800,71.9,72.05,71.6,71.7
1712235600,71.65,71.95,71.6,71.95
1712237400,71.95,72.85,71.8,72.65
1712239200,72.65,73.4,72.05,72.35
1712241000,72.3,73.1,72.2,72.95
1712242800,72.35,72.35,72.35,72.35
1712298600,74.65,74.65,74.65,74.65
1712300400,74.7,76.15,72.75,72.85
1712302200,72.85,73.4,72.7,73.25
1712304000,73.25,73.75,72.5,73.75
1712305800,73.7,74,73.4,73.8
1712307600,73.8,74,72.85,73.25
1712309400,73.25,73.45,73.05,73.1
1712311200,73.1,73.25,72.95,73.05
1712313000,73.05,73.15,72.55,72.85
1712314800,72.85,73.45,72.65,73.15
1712316600,73.2,73.4,73,73.4
1712318400,73.4,73.4,73.1,73.25
1712320200,73.3,73.4,72.9,73.2
1712322000,73.2,73.95,73.1,73.95
1712323800,73.95,74.8,73.75,74.55
1712325600,74.55,74.8,73.9,74.6
1712327400,74.6,74.8,74,74.1
1712329200,74.3,74.3,74.3,74.3
1712557800,74.55,74.55,74.55,74.55
1712559600,74.55,76.45,74.45,75.75
1712561400,75.75,75.9,75.25,75.6
1712563200,75.55,75.9,75.15,75.2
1712565000,75.15,75.25,74.6,74.75
1712566800,74.7,74.75,74,74.25
1712568600,74.3,74.7,74.15,74.6
1712570400,74.65,75,74.4,74.6
1712572200,74.55,74.65,74.35,74.45
1712574000,74.45,74.65,74.35,74.5
1712575800,74.45,74.65,74.35,74.4
1712577600,74.35,74.45,74.1,74.15
1712579400,74.2,74.45,74.15,74.45
1712581200,74.45,74.5,74.2,74.45
1712583000,74.5,74.75,74.1,74.6
1712584800,74.6,74.65,74.3,74.4
1712586600,74.4,74.5,74.05,74.1
1712588400,74.15,74.15,74.15,74.15
1712644200,74.15,74.15,74.15,74.15
1712646000,74.2,75.05,74.15,74.45
1712647800,74.45,75.3,74.35,74.8
1712649600,74.8,74.85,74.25,74.4
1712651400,74.35,74.85,74.3,74.75
1712653200,74.75,75,74.6,74.6
1712655000,74.6,74.6,74.6,74.6
1713162600,74.1,74.1,74.1,74.1
1713164400,74.1,75.7,73.65,74.6
1713166200,74.6,74.65,73.65,74
1713168000,74,74.75,73.8,74.75
1713169800,74.75,74.95,74.45,74.45
1713171600,74.45,75.6,74.4,75.25
1713173400,75.25,75.25,74.65,74.65
1713175200,74.65,74.9,74.6,74.7
1713177000,74.65,74.8,74.4,74.45
1713178800,74.5,74.6,74.3,74.4
1713180600,74.4,75.15,74.3,74.85
1713182400,74.9,75.2,74.35,74.55
1713184200,74.5,74.9,74.5,74.7
1713186000,74.7,74.95,74.55,74.8
1713187800,74.8,74.8,74.6,74.6
1713189600,74.6,75.05,74.55,74.9
1713191400,74.9,74.95,74.25,74.55
1713193200,74.6,74.6,74.6,74.6
1713249000,74.35,74.35,74.35,74.35
1713250800,74.3,75.4,74,74
1713252600,74.05,74.55,71.8,72.7
1713254400,72.75,73.45,72.4,72.6
1713256200,72.65,72.7,72.25,72.3
1713258000,72.3,72.45,71.65,71.7
1713259800,71.7,72.3,71.65,72.25
1713261600,72.25,72.4,71.9,72
1713263400,72,72.55,71.95,72.4
1713265200,72.35,72.85,72.2,72.8
1713267000,72.8,73.35,72.8,72.8
1713268800,72.85,72.95,72.65,72.75
1713270600,72.7,72.8,72.4,72.45
1713272400,72.5,72.5,71.95,72
1713274200,71.95,72,71.45,71.55
1713276000,71.5,72.15,71.4,71.6
1713277800,71.65,71.9,71.05,71.15
1713279600,70.6,70.6,70.6,70.6
1713335400,70.85,70.85,70.85,70.85
1713337200,70.9,72.9,70.9,72.8
1713339000,72.8,73.45,72.6,73.45
1713340800,73.45,73.6,72.9,73
1713342600,73,73,72.45,72.5
1713344400,72.5,72.75,72.4,72.45
1713346200,72.45,72.8,72.35,72.75
1713348000,72.7,73.35,72.4,73.2
1713349800,73.2,75,73.2,74.65
1713351600,74.65,74.75,73.9,74.05
1713353400,74.05,74.25,73.8,74
1713355200,73.95,74.2,73.7,73.85
1713357000,73.85,74.1,73.65,73.65
1713358800,73.65,74.65,73.6,74.45
1713360600,74.5,74.5,73.85,73.9
1713362400,73.9,74.15,73.75,73.85
1713364200,73.85,74.1,73.7,73.85
1713366000,73.8,73.8,73.8,73.8
1713421800,74.25,74.25,74.25,74.25
1713423600,74.25,74.8,74.1,74.3
1713425400,74.25,74.55,74,74.2
1713427200,74.2,74.25,74.05,74.1
1713429000,74.05,74.75,73.9,74.55
1713430800,74.6,74.65,74.2,74.35
1713432600,74.4,74.85,74.35,74.65
1713434400,74.7,74.75,74.4,74.5
1713436200,74.55,74.7,74.15,74.3
1713438000,74.3,74.55,74.25,74.3
1713439800,74.25,74.45,73.95,74.35
1713441600,74.4,74.5,74.15,74.2
1713443400,74.2,74.4,74.1,74.4
1713445200,74.35,74.6,73.95,74
1713447000,74,74.15,73.75,73.9
1713448800,73.9,74.1,73.55,73.6
1713450600,73.6,74.7,73.6,74.15
1713452400,74,74,74,74
1713508200,73.55,73.55,73.55,73.55
1713510000,73.55,74.65,73.25,74.5
1713511800,74.45,74.5,74,74.1
1713513600,74.15,74.35,73.95,74.05
1713515400,74.05,74.25,73.95,73.95
1713517200,73.95,74,73.7,73.9
1713519000,73.9,74.1,73.75,73.85
1713520800,73.85,74.55,73.8,74.15
1713522600,74.15,74.25,74.05,74.1
1713524400,74.1,74.2,73.9,74
1713526200,74,74.4,73.8,74.25
1713528000,74.2,75.4,74.1,75.35
1713529800,75.3,77.4,75.1,77.2
1713531600,77.25,78.65,77.15,78.35
1713533400,78.35,78.8,77.85,78.05
1713535200,78.05,78.15,77.6,77.95
1713537000,77.9,78.45,77.75,78.05
1713538800,78.7,78.7,78.7,78.7
1713767400,80.1,80.1,80.1,80.1
1713769200,80.1,80.75,77.95,78.15
1713771000,78.1,78.2,77.7,78.05
1713772800,78.1,78.6,77.8,78.4
1713774600,78.35,79.15,78.25,78.85
1713776400,78.85,78.85,78.25,78.25
1713778200,78.25,78.45,78.1,78.2
1713780000,78.2,78.7,78.1,78.5
1713781800,78.5,78.65,78.25,78.4
1713783600,78.45,78.45,78.1,78.1
1713785400,78.1,78.2,77.6,77.95
1713787200,77.95,78.2,77.7,77.9
1713789000,77.95,78,77.5,77.8
1713790800,77.85,77.95,77.65,77.75
1713792600,77.75,78,76.8,77
1713794400,77.05,77.5,76.75,77.15
1713796200,77.1,77.7,76.55,76.55
1713798000,76.6,76.6,76.45,76.45
1713940200,77.1,77.1,77.1,77.1
1713942000,77.15,78.45,77.15,77.8
1713943800,77.75,78.1,77.55,77.85
1713945600,77.8,78.65,77.8,78.55
1713947400,78.6,79.2,78.4,79.15
1713949200,79.15,79.7,79.1,79.7
1713951000,79.7,79.75,79.2,79.35
1713952800,79.35,79.5,79.25,79.35
1713954600,79.4,79.55,79.2,79.35
1713956400,79.35,79.5,79.3,79.4
1713958200,79.4,79.55,78.85,79
1713960000,79,79.25,78.9,79.05
1713961800,79.1,80,79.05,79.6
1713963600,79.55,79.75,79.2,79.3
1713965400,79.25,79.45,79.05,79.35
1713967200,79.4,79.85,79.3,79.7
1713969000,79.75,80,79.6,79.7
1713970800,79.7,79.7,79.7,79.7
1714026600,79.95,79.95,79.95,79.95
1714028400,79.95,80.15,78.85,79.55
1714030200,79.5,79.9,79.15,79.3
1714032000,79.35,80.35,79.3,79.7
1714033800,79.7,80.05,79.65,80.05
1714035600,80.05,80.35,80,80.35
1714037400,80.35,80.7,80.1,80.3
1714039200,80.3,80.65,80.2,80.4
1714041000,80.4,80.7,80.2,80.65
1714042800,80.65,80.7,79.2,79.2
1714044600,79.25,79.25,78.75,79
1714046400,79,79.3,78.1,78.3
1714048200,78.3,78.45,77.8,78.05
1714050000,78.05,78.2,77.6,77.9
1714051800,77.9,78.1,77.55,77.8
1714053600,77.85,78.85,77.65,78.75
1714055400,78.7,79.3,78.3,79.25
1714057200,79.1,79.1,79.1,79.1
1714113000,79.5,79.5,79.5,79.5
1714114800,79.5,80.3,79.3,80.1
1714116600,80.1,81.35,79.85,80.9
1714118400,80.9,81.6,80.85,80.95
1714120200,80.95,82,80.95,82
1714122000,82,82.1,81.35,81.45
1714123800,81.45,81.7,81.05,81.1
1714125600,81.1,81.15,80.35,80.35
1714127400,80.35,80.7,80.35,80.65
1714129200,80.6,80.85,80.45,80.85
1714131000,80.85,81.2,80.6,80.8
1714132800,80.8,81.1,80.65,81
1714134600,81,81.6,80.85,81.5
1714136400,81.5,81.75,81.3,81.35
1714138200,81.4,81.8,81.2,81.35
1714140000,81.3,81.5,81.15,81.35
1714141800,81.35,81.5,81,81.1
1714143600,80.85,80.85,80.85,80.85
1714372200,81.5,81.5,81.5,81.5
1714374000,81.55,82.8,81.5,82.4
1714375800,82.35,82.45,81.5,81.65
1714377600,81.65,81.9,81.6,81.75
1714379400,81.75,81.85,81.55,81.8
1714381200,81.8,82.1,81.7,82
1714383000,81.9,82,81.45,81.8
1714384800,81.8,81.9,81.65,81.8
1714386600,81.8,82.05,81.75,81.9
1714388400,81.9,82,80.6,80.65
1714390200,80.6,80.85,80.25,80.7
1714392000,80.75,80.85,80.45,80.7
1714393800,80.7,81.35,80.65,81.3
1714395600,81.35,81.75,81.35,81.6
1714397400,81.65,81.95,81.5,81.9
1714399200,81.9,81.95,81.35,81.75
1714401000,81.75,81.95,81.6,81.65
1714402800,81.95,81.95,81.95,81.95
1714458600,82.05,82.05,82.05,82.05
1714460400,82,83.85,81.8,83.8
1714462200,83.8,84.65,83.5,84.25
1714464000,84.25,84.45,83.4,83.4
1714465800,83.45,83.8,83,83.2
1714467600,83.2,83.5,83,83.1
1714469400,83.1,83.3,83,83.15
1714471200,83.15,83.35,83.1,83.15
1714473000,83.15,83.2,82.85,82.9
1714474800,82.85,83.1,82.35,82.9
1714476600,82.9,83.05,82.55,82.7
1714478400,82.7,82.75,81.95,81.95
1714480200,81.95,82.3,81.8,81.95
1714482000,81.95,82.55,81.8,82.5
1714483800,82.45,82.9,82.4,82.75
1714485600,82.7,83.45,82.6,83.3
1714487400,83.3,83.6,82.6,82.95
1714489200,82.75,82.75,82.45,82.45
1714631400,83.1,83.1,83.1,83.1
1714633200,83.15,83.7,82.05,82.45
1714635000,82.45,83.4,82.4,83.25
1714636800,83.3,83.8,82.8,83.6
1714638600,83.55,84.2,83.5,83.95
1714640400,83.95,84.05,83.3,83.5
1714642200,83.5,83.55,82.9,82.95
1714644000,82.95,83.25,82.8,83.15
1714645800,83.15,83.4,82.95,83.2
1714647600,83.2,83.3,82.6,82.7
1714649400,82.7,83.25,82.6,83.05
1714651200,83.05,83.25,82.9,83.1
1714653000,83.1,83.55,83.1,83.4
1714654800,83.45,84.1,83.45,84
1714656600,84,84.15,83.75,83.8
1714658400,83.8,84,83.65,83.8
1714660200,83.8,84.05,83.45,83.55
1714662000,83.6,83.6,83.6,83.6
1714717800,84.2,84.2,84.2,84.2
1714719600,84.2,85.35,84.2,84.4
1714721400,84.35,84.5,83.95,84.2
1714723200,84.2,84.3,83.75,83.85
1714725000,83.85,84,83.5,83.65
1714726800,83.65,84.1,83.6,83.9
1714728600,83.9,84.35,83.9,84
1714730400,84,84.2,84,84.15
1714732200,84.15,84.25,83.9,83.9
1714734000,83.95,84.1,83.9,84.1
1714735800,84.05,84.15,83.65,83.85
1714737600,83.85,84.8,83.6,83.85
1714739400,83.85,84.5,83.75,84.5
1714741200,84.45,84.5,83.75,83.95
1714743000,83.95,84.3,83.8,84.25
1714744800,84.25,84.9,84.1,84.55
1714746600,84.6,84.85,84.3,84.7
1714748400,84.95,84.95,84.95,84.95
1714977000,84.95,84.95,84.95,84.95
1714978800,84.9,85.3,83.05,84.1
1714980600,84.1,84.15,83.65,83.9
1714982400,83.9,83.95,83.65,83.65
1714984200,83.7,83.8,83.5,83.6
1714986000,83.55,84,83.55,83.55
1714987800,83.6,84,83.55,83.95
1714989600,83.9,84.4,83.9,84.4
1714991400,84.35,84.55,84.1,84.55
1714993200,84.55,85.4,84.55,85.2
1714995000,85.2,85.5,85.05,85.25
1714996800,85.2,85.4,85.05,85.1
1714998600,85.05,85.15,84.1,84.25
1715000400,84.2,84.25,83.95,84.1
1715002200,84.15,84.55,84.05,84.2
1715004000,84.25,84.55,84.2,84.35
1715005800,84.35,84.6,84.25,84.3
1715007600,84.3,84.3,84.3,84.3
1715063400,84.35,84.35,84.35,84.35
1715065200,84.35,85.4,84.35,84.9
1715067000,84.95,85.05,84.65,84.7
1715068800,84.75,84.85,84.55,84.6
1715070600,84.6,84.85,84.2,84.5
1715072400,84.5,84.55,84.15,84.35
1715074200,84.4,84.55,84.05,84.1
1715076000,84.05,84.35,83.85,84.35
1715077800,84.3,84.3,83.8,83.9
1715079600,83.9,84.25,83.75,84.2
1715081400,84.2,84.65,84.1,84.6
1715083200,84.6,84.65,84,84.1
1715085000,84.05,84.35,84,84.15
1715086800,84.15,84.15,83.1,83.7
1715088600,83.6,86.3,83.6,85.85
1715090400,85.85,86.95,85.85,86.45
1715092200,86.5,86.85,86.3,86.55
1715094000,86.85,86.85,86.85,86.85
1715149800,86.95,86.95,86.95,86.95
1715151600,86.9,88.4,86.9,87.15
1715153400,87.1,87.75,87.05,87.5
1715155200,87.5,87.65,86.6,86.9
1715157000,86.9,86.95,86.05,86.05
1715158800,86.05,86.15,85.65,85.9
1715160600,85.85,86.1,85.75,85.75
1715162400,85.75,85.95,85.35,85.7
1715164200,85.75,85.75,85.3,85.45
1715166000,85.4,85.6,85.3,85.3
1715167800,85.35,85.8,85.1,85.7
1715169600,85.7,86.35,85.5,85.55
1715171400,85.55,85.9,85.4,85.5
1715173200,85.45,86.35,85.45,86.15
1715175000,86.15,86.5,86,86.45
1715176800,86.45,86.5,85.9,86.1
1715178600,86.05,86.35,85.9,85.95
1715180400,86,86,86,86
1715236200,86.75,86.75,86.75,86.75
1715238000,86.75,87.75,86.7,87.5
1715239800,87.5,88.15,87.45,87.8
1715241600,87.85,89.85,87.8,89.45
1715243400,89.4,89.65,89.2,89.5
1715245200,89.5,89.55,89,89.05
1715247000,89,89.25,88.8,89.05
1715248800,89.05,89.5,88.95,89.3
1715250600,89.3,89.7,89.15,89.55
1715252400,89.5,89.65,89,89.1
1715254200,89.1,89.5,89,89.05
1715256000,89.05,89.35,89,89.25
1715257800,89.3,89.3,89,89.2
1715259600,89.2,89.45,89.15,89.35
1715261400,89.35,89.7,89.3,89.55
1715263200,89.6,89.7,89.1,89.3
1715265000,89.3,89.4,89.05,89.1
1715266800,89.25,89.25,89.25,89.25
1715322600,89.4,89.4,89.4,89.4
1715324400,89.3,89.95,88.7,89
1715326200,89,89.75,88.95,89.55
1715328000,89.55,89.85,89.45,89.7
1715329800,89.7,89.85,89.5,89.7
1715331600,89.7,89.8,89.35,89.4
1715333400,89.45,89.65,89.3,89.35
1715335200,89.35,89.65,89.3,89.5
1715337000,89.45,89.65,88.45,88.65
1715338800,88.7,89.05,88.5,88.9
1715340600,88.9,89.1,88.8,89.05
1715342400,89.05,89.1,88.45,88.45
1715344200,88.5,88.5,88.05,88.15
1715346000,88.15,88.5,88.1,88.45
1715347800,88.45,88.5,88.1,88.2
1715349600,88.2,88.2,87,87.4
1715351400,87.3,87.3,86.65,86.75
1715353200,86.5,86.5,86.5,86.5
1715581800,86.65,86.65,86.65,86.65
1715583600,86.65,87,85.85,86
1715585400,86.05,86.65,85.85,86.5
1715587200,86.5,86.9,86.2,86.35
1715589000,86.35,86.65,86.3,86.5
1715590800,86.55,86.55,86.05,86.2
1715592600,86.25,86.7,86.15,86.6
1715594400,86.55,86.8,86.4,86.65
1715596200,86.6,86.85,86.3,86.5
1715598000,86.5,86.85,86.4,86.7
1715599800,86.7,86.95,86.5,86.8
1715601600,86.8,87.1,86.7,86.8
1715603400,86.8,87.15,86.75,86.9
1715605200,86.9,87.2,86.75,86.9
1715607000,86.95,87.85,86.7,87.45
1715608800,87.5,87.65,87.2,87.45
1715610600,87.45,87.55,86.25,86.35
1715612400,86.35,86.35,86.2,86.2
1715668200,88.1,88.1,88.1,88.1
1715670000,88.15,89.9,87.95,88.25
1715671800,88.25,89.45,88.1,89.1
1715673600,89.1,89.35,88.1,88.15
1715675400,88.15,88.4,87.75,88.2
1715677200,88.25,88.5,87.85,88.15
1715679000,88.1,88.65,87.95,88.3
1715680800,88.35,88.7,88.25,88.5
1715682600,88.55,88.8,88.45,88.6
1715684400,88.6,88.65,88.4,88.5
1715686200,88.45,88.8,88.35,88.45
1715688000,88.45,88.55,87.85,88.15
1715689800,88.15,88.55,88.1,88.55
1715691600,88.55,90.9,88.5,90.8
1715693400,90.85,91.15,89.85,90
1715695200,90.05,90.1,89.7,89.85
1715697000,89.85,90.05,89.4,90
1715698800,90,90,90,90
1715754600,90.3,90.3,90.3,90.3
1715756400,90.3,90.45,88.85,89.6
1715758200,89.55,89.75,88.4,88.45
1715760000,88.4,88.55,87.5,87.6
1715761800,87.6,87.95,87.35,87.75
1715763600,87.75,87.8,87.25,87.6
1715765400,87.6,87.7,86.7,86.8
1715767200,86.8,86.9,86.35,86.55
1715769000,86.55,87.25,86.55,87.05
1715770800,87.05,87.15,86.8,86.95
1715772600,86.9,87.2,86.75,87.05
1715774400,87,87.55,86.95,87.55
1715776200,87.55,87.85,87.45,87.7
1715778000,87.7,87.95,87.4,87.85
1715779800,87.85,88.2,87.8,87.85
1715781600,87.85,88.7,87.75,87.9
1715783400,87.9,88.65,87.6,87.85
1715785200,87.8,87.85,87.8,87.85
1715841000,88.25,88.25,88.25,88.25
1715842800,88.2,89.2,88.05,88.7
1715844600,88.65,88.8,88.25,88.6
1715846400,88.6,88.9,88.25,88.65
1715848200,88.75,88.95,88.4,88.5
1715850000,88.5,88.7,88.45,88.7
1715851800,88.65,89.05,88.5,88.7
1715853600,88.6,89.05,88.6,88.65
1715855400,88.65,89.2,88.45,88.65
1715857200,88.65,88.8,88.6,88.75
1715859000,88.75,89.05,88.6,89.05
1715860800,89.1,89.3,88.65,89
1715862600,88.95,89.1,88.65,88.75
1715864400,88.75,89.1,88.5,89
1715866200,89.05,89.25,88.55,88.8
1715868000,88.75,88.9,88.65,88.85
1715869800,88.9,89.2,88.6,88.75
1715871600,88.8,88.8,88.8,88.8
1715927400,88.85,88.85,88.85,88.85
1715929200,88.8,90.45,88.7,90.25
1715931000,90.25,92.6,90.15,92.15
1715932800,92.15,92.55,91.8,92.5
1715934600,92.5,93.65,92.5,92.9
1715936400,92.9,93.15,92.85,93.05
1715938200,93.05,93.7,93,93.45
1715940000,93.5,93.6,93.05,93.35
1715941800,93.3,93.6,93,93.3
1715943600,93.35,93.65,93.3,93.35
1715945400,93.35,93.4,93.1,93.35
1715947200,93.3,93.65,93.1,93.25
1715949000,93.25,93.65,93.1,93.35
1715950800,93.3,94.15,93.3,94.05
1715952600,94.05,94.1,93.8,93.9
1715954400,93.9,94.1,93.4,93.65
1715956200,93.7,93.9,93.2,93.8
1715958000,94.15,94.15,94.15,94.15
1716186600,94.25,94.25,94.25,94.25
1716188400,94.3,95.7,94.15,95.65
1716190200,95.65,96.55,95.35,96.05
1716192000,96.05,96.85,95.85,96.85
1716193800,96.85,97.4,96.05,96.2
1716195600,96.15,96.3,95.6,95.85
1716197400,95.9,96.2,95.25,95.75
1716199200,95.75,96.25,95.65,95.95
1716201000,95.95,96.2,95.8,95.85
1716202800,95.8,96.05,95.65,96
1716204600,95.95,96,95.25,95.35
1716206400,95.3,95.85,95.15,95.45
1716208200,95.45,95.6,94.85,95.15
1716210000,95.15,95.65,95.05,95.15
1716211800,95.15,96,95.15,95.9
1716213600,95.95,96.4,95.9,96.1
1716215400,96.1,96.2,95.7,95.8
1716217200,95.85,95.85,95.85,95.85
1716273000,96.25,96.25,96.25,96.25
1716274800,96.25,100.4,96.25,99.7
1716276600,99.65,102,99,101.6
1716278400,101.7,102.5,99.2,102.3
1716280200,102.4,105,101.7,103.8
1716282000,103.8,104.4,103.3,104
1716283800,104.1,105.3,103.7,105.1
1716285600,105,105.4,104.6,104.8
1716287400,104.8,104.9,104.1,104.7
1716289200,104.7,105.1,104.3,104.6
1716291000,104.6,104.7,104,104.2
1716292800,104.2,104.3,102.3,102.8
1716294600,102.8,103.2,102,102.4
1716296400,102.4,103,102,102.3
1716298200,102.3,102.8,101.6,102.6
1716300000,102.6,103,100.6,100.9
1716301800,100.8,101.4,100.3,101.1
1716303600,101.3,101.3,101.3,101.3
1716359400,101.2,101.2,101.2,101.2
1716361200,101.1,101.6,99.4,100.2
1716363000,100.2,100.3,99,100.2
1716364800,100.2,101,99.9,100.8
1716366600,100.8,102,99.8,100
1716368400,99.95,100.2,99.65,99.8
1716370200,99.8,100.3,99.75,99.95
1716372000,99.95,100.2,99.5,99.8
1716373800,99.8,100.1,99.55,99.55
1716375600,99.55,99.8,99.25,99.6
1716377400,99.6,100.1,99.45,99.8
1716379200,99.8,100.2,99.7,100
1716381000,100,100.4,99.75,99.95
1716382800,99.9,101.3,99.8,101.2
1716384600,101.3,101.4,100.7,100.9
1716386400,100.8,101.4,100.6,100.9
1716388200,100.9,101.1,100.4,100.7
1716390000,100.8,100.8,100.7,100.7
1716445800,100.1,100.1,100.1,100.1
1716447600,100.2,102.5,100.2,101.2
1716449400,101.2,101.5,100.6,100.8
1716451200,100.8,101.1,100.5,100.6
1716453000,100.6,100.8,100.1,100.3
1716454800,100.3,100.7,100.3,100.5
1716456600,100.4,100.8,100.4,100.6
1716458400,100.7,101,100.5,101
1716460200,101,101.5,100.9,101
1716462000,101.1,101.3,100.2,100.9
1716463800,100.9,102,100.5,100.7
1716465600,100.7,101,100.5,100.8
1716467400,100.8,101.3,100.3,101
1716469200,101,101.7,100.3,100.4
1716471000,100.4,100.9,100.2,100.6
1716472800,100.6,100.7,99.85,100.4
1716474600,100.5,101.3,99.95,100.3
1716476400,100,100,100,100
1716532200,100.4,100.4,100.4,100.4
1716534000,100.3,100.6,99.25,99.6
1716535800,99.65,99.65,98.65,98.75
1716537600,98.7,100.1,98.6,99.85
1716539400,99.85,100.1,99.35,99.6
1716541200,99.55,100.5,99.4,100.2
1716543000,100.2,100.2,99.75,100
1716544800,99.95,100.3,99.85,99.9
1716546600,99.9,100.5,99.6,100.1
1716548400,100.2,100.4,99.75,99.8
1716550200,99.8,100.3,99.65,99.65
1716552000,99.65,100.2,99.45,99.55
1716553800,99.45,99.75,99.25,99.4
1716555600,99.35,100.2,99.35,99.85
1716557400,99.8,99.85,99.05,99.2
1716559200,99.2,99.65,98.8,99.5
1716561000,99.5,99.55,98.8,98.95
1716562800,99.25,99.25,99.25,99.25
1716791400,99.5,99.5,99.5,99.5
1716793200,99.55,100.5,99.5,99.9
1716795000,99.85,100.3,99.3,99.3
1716796800,99.35,99.9,99.25,99.8
1716798600,99.8,100.2,99.7,99.9
1716800400,99.95,100.3,99.8,99.95
1716802200,99.9,100.2,99.6,99.85
1716804000,99.85,99.95,99.6,99.7
1716805800,99.7,100.1,99.6,99.75
1716807600,99.7,99.8,99.6,99.65
1716809400,99.7,99.95,99.55,99.9
1716811200,99.9,100,99.3,99.3
1716813000,99.3,99.35,98.15,98.45
1716814800,98.4,98.9,98.3,98.6
1716816600,98.55,99.7,98.45,99.2
1716818400,99.2,100.1,98.9,98.95
1716820200,98.9,98.95,98.05,98.6
1716822000,98.6,98.6,98.6,98.6
1716877800,98.95,98.95,98.95,98.95
1716879600,98.95,99.85,98.2,98.7
1716881400,98.7,100.8,98.6,100.1
1716883200,100,100.3,99.7,100.1
1716885000,100,100.2,99.95,100
1716886800,100,100.7,99.9,100.4
1716888600,100.4,100.4,99.8,100.1
1716890400,100.1,100.5,100,100.2
1716892200,100.2,100.7,100,100.5
1716894000,100.5,100.7,99.8,100.2
1716895800,100.2,100.6,100.1,100.5
1716897600,100.4,101,100,100.3
1716899400,100.3,100.6,100,100.3
1716901200,100.3,100.8,100.1,100.8
1716903000,100.8,101.1,99.95,100.4
1716904800,100.3,100.5,100,100.1
1716906600,100.1,100.4,99.8,100
1716908400,100.2,100.2,100.2,100.2
1716964200,100.4,100.4,100.4,100.4
1716966000,100.3,102,100.3,101.1
1716967800,101.1,101.6,100.8,101.2
1716969600,101.1,101.8,101.1,101.4
1716971400,101.4,101.7,101.1,101.5
1716973200,101.5,101.6,101.3,101.5
1716975000,101.5,101.6,101.3,101.5
1716976800,101.4,101.6,101.2,101.3
1716978600,101.3,101.5,100.7,100.8
1716980400,100.8,100.9,100.7,100.8
1716982200,100.7,101,100.6,100.6
1716984000,100.7,100.7,99.25,99.65
1716985800,99.65,99.9,99.25,99.5
1716987600,99.5,99.8,99.15,99.25
1716989400,99.25,99.4,99,99.25
1716991200,99.25,99.9,99.2,99.7
1716993000,99.7,100.8,99.65,100.5
1716994800,99.7,99.7,99.7,99.7
1717050600,100.2,100.2,100.2,100.2
1717052400,100.2,101.4,99.9,100.9
1717054200,101,101.4,100.7,100.9
1717056000,100.9,101.9,100.8,101.8
1717057800,101.8,101.9,101.3,101.8
1717059600,101.7,102.2,101.6,102
1717061400,102,102.1,101.4,101.4
1717063200,101.4,101.8,101.4,101.4
1717065000,101.4,101.5,100.7,100.9
1717066800,101,101.5,100.5,101.5
1717068600,101.4,101.7,100.5,101.4
1717070400,101.3,101.8,100.9,101.6
1717072200,101.6,101.7,100.6,100.8
1717074000,100.8,100.9,100.3,100.7
1717075800,100.8,101.9,100.6,101.5
1717077600,101.5,101.6,101.1,101.3
1717079400,101.2,102.6,101.2,102.5
1717081200,102.6,102.6,102.6,102.6
1717137000,103,103,103,103
1717138800,103,106.5,102.9,105.8
1717140600,105.8,107.8,105.4,107.7
1717142400,107.7,108.9,107.2,108.7
1717144200,108.7,109,108.2,108.7
1717146000,108.6,108.7,107.8,108
1717147800,108,108.9,107.9,108.7
1717149600,108.7,109.7,108.6,109.7
1717151400,109.7,110.4,109,109.2
1717153200,109.2,109.4,108.3,108.9
1717155000,109,109.3,108.5,108.7
1717156800,108.6,109.1,108.6,108.9
1717158600,108.8,109.1,107.4,107.4
1717160400,107.4,107.7,105.9,106.1
1717162200,106.1,107.2,105.9,106.6
1717164000,106.7,106.7,105.5,106.1
1717165800,106.1,106.9,105.2,106.9
1717167600,107.8,107.8,107.8,107.8
1717396200,107.3,107.3,107.3,107.3
1717398000,107.2,109.5,104.6,105.4
1717399800,105.4,106.5,104.6,106.1
1717401600,106.2,107.5,105.8,105.9
1717403400,105.9,106.7,105.5,105.8
1717405200,105.7,106,104.8,105.2
1717407000,105.1,105.9,105,105.7
1717408800,105.7,106.1,105.4,106
1717410600,106,106.6,105.9,106.3
1717412400,106.2,106.5,105.5,105.7
1717414200,105.7,107,105.1,106.3
1717416000,106.3,107.9,106.1,107.9
1717417800,107.8,108.7,107.7,107.9
1717419600,107.9,108.4,107.3,107.4
1717421400,107.3,107.7,105.5,105.9
1717423200,106,107.3,105.8,107.2
1717425000,107.2,108.8,107,108.8
1717426800,108.6,108.6,108.6,108.6
1717482600,108.6,108.6,108.6,108.6
1717484400,108.6,110.9,108.5,108.9
1717486200,109,109,107.3,107.5
1717488000,107.5,107.5,106.3,107
1717489800,107.1,107.3,106.7,106.7
1717491600,106.8,107.3,106.6,107.2
1717493400,107.1,107.7,106.6,106.9
1717495200,106.8,107,106.4,106.8
1717497000,106.8,106.9,106,106.1
1717498800,106.2,106.2,105.4,105.8
1717500600,105.8,106.2,105.5,106
1717502400,106,106,105.1,105.3
1717504200,105.3,105.3,104.4,104.8
1717506000,104.9,105.6,103.9,105.5
1717507800,105.4,106.6,105.1,106.1
1717509600,106.1,106.8,105.9,105.9
1717511400,105.9,106.8,104.4,104.5
1717513200,104.5,104.5,104.3,104.3
1717569000,104.7,104.7,104.7,104.7
1717570800,104.6,106.4,104.2,104.6
1717572600,104.7,106,104.6,105.5
1717574400,105.4,105.7,104.9,105.3
1717576200,105.4,105.5,104.1,104.2
1717578000,104.1,104.9,103.8,104.7
1717579800,104.8,105.2,104.5,104.6
1717581600,104.6,105.1,104.4,104.7
1717583400,104.8,105.2,104.1,104.3
1717585200,104.3,104.3,103.6,104.1
1717587000,103.9,104.3,103.7,104
1717588800,104,104.4,103.7,103.9
1717590600,103.9,104.5,103.8,104.1
1717592400,104.1,105.8,104.1,104.2
1717594200,104.2,106,103.1,105.9
1717596000,105.9,106.2,104.1,104.4
1717597800,104.5,105.5,104.2,104.6
1717599600,104.6,104.6,104.6,104.6
1717655400,105.1,105.1,105.1,105.1
1717657200,105.1,106.3,105,105.7
1717659000,105.8,105.8,105.1,105.6
1717660800,105.7,105.8,105.4,105.5
1717662600,105.6,105.9,105.4,105.5
1717664400,105.5,106.1,105.4,105.9
1717666200,105.9,106.5,105.7,105.9
1717668000,106,106.1,105.8,106.1
1717669800,106,106.2,105.8,105.9
1717671600,105.8,106.1,105.6,105.9
1717673400,105.7,105.9,105.5,105.7
1717675200,105.8,106.1,105.6,105.9
1717677000,105.9,105.9,104.9,105
1717678800,105.1,105.1,104.1,104.4
1717680600,104.4,104.7,103.5,103.8
1717682400,103.7,103.9,102.7,103.1
1717684200,103.1,104,102.9,103.2
1717686000,102.7,102.7,102.7,102.7
1717741800,103.3,103.3,103.3,103.3
1717743600,103.3,104,101.4,101.9
1717745400,101.8,102,100.6,100.8
1717747200,100.8,101.5,100.6,101.2
1717749000,101.2,101.7,100.8,101.1
1717750800,101.1,102.6,101,101.6
1717752600,101.6,102,101.4,101.8
1717754400,101.7,101.9,101.4,101.5
1717756200,101.5,101.7,100.9,101
1717758000,101,101.4,100.9,101.1
1717759800,101.1,101.8,100.9,101.5
1717761600,101.4,102,101,101.3
1717763400,101.3,101.3,100.3,100.7
1717765200,100.6,101.1,100.5,100.6
1717767000,100.5,101,100.2,100.5
1717768800,100.4,100.6,99.15,99.6
1717770600,99.6,100.2,99.45,100.1
1717772400,99.95,99.95,99.95,99.95
1718001000,99.95,99.95,99.95,99.95
1718002800,100,100.2,98.3,98.75
1718004600,98.75,99.25,98.7,99.15
1718006400,99.15,100.6,98.4,99.3
1718008200,99.3,100,98.85,99.55
1718010000,99.6,99.8,99.2,99.5
1718011800,99.5,100.1,99.45,99.75
1718013600,99.7,100.1,99.6,99.8
1718015400,99.8,100.1,99.45,99.75
1718017200,99.8,100.1,99.75,99.8
1718019000,99.8,100.3,99.6,99.75
1718020800,99.75,99.85,98.45,98.75
1718022600,98.75,99.5,98.6,99.15
1718024400,99.2,100.5,99.1,99.35
1718026200,99.35,99.7,98.8,99.3
1718028000,99.3,99.5,98.7,98.8
1718029800,98.8,98.8,97.75,98.3
1718031600,98.4,98.45,98.4,98.45
1718087400,98.25,98.25,98.25,98.25
1718089200,98.35,99.5,98.2,98.6
1718091000,98.55,101.2,98.5,100.6
1718092800,100.7,100.9,100.2,100.2
1718094600,100.2,101.1,100.2,100.9
1718096400,100.9,101,100.4,100.8
1718098200,100.9,102.5,100.7,102.4
1718100000,102.3,103,101.9,102.2
1718101800,102.3,102.5,101.9,102.1
1718103600,102.1,102.6,101.9,102.6
1718105400,102.5,103.4,101.5,101.6
1718107200,101.7,101.8,100.8,101.5
1718109000,101.5,102,101.1,101.6
1718110800,101.5,102.5,101.5,102.1
1718112600,102.1,102.5,101.8,102.4
1718114400,102.4,103,102.1,102.3
1718116200,102.4,102.7,101.7,102.4
1718118000,102.3,102.7,102.3,102.7
1718173800,102.7,102.7,102.7,102.7
1718175600,102.6,104.3,102,103.7
1718177400,103.7,103.7,103,103.4
1718179200,103.5,104,103.4,103.8
1718181000,103.7,103.8,102.3,102.4
1718182800,102.5,102.8,102.2,102.3
1718184600,102.3,102.5,102,102
1718186400,102.1,102.7,102,102.4
1718188200,102.4,102.6,101.7,101.8
1718190000,101.7,102,101.4,101.6
1718191800,101.6,102.2,101.5,101.7
1718193600,101.7,101.8,100.7,101.2
1718195400,101.2,101.7,101.1,101.6
1718197200,101.6,103.5,101.5,102.5
1718199000,102.4,102.8,102.1,102.4
1718200800,102.4,103.5,102.2,103
1718202600,103.1,103.4,102.7,103.2
1718204400,103,103,103,103
1718260200,104,104,104,104
1718262000,104,106.2,104,104.7
1718263800,104.6,105.2,104.4,104.6
1718265600,104.6,104.8,103.8,103.9
1718267400,103.9,104.2,103.3,104.2
1718269200,104.2,104.6,103.5,103.7
1718271000,103.8,103.9,103.5,103.8
1718272800,103.9,103.9,103.6,103.6
1718274600,103.6,103.9,103.6,103.6
1718276400,103.7,104.4,103.5,104.1
1718278200,104,104.3,103.7,104
1718280000,104,104.5,103.9,104.4
1718281800,104.3,104.6,103.9,104.3
1718283600,104.3,104.3,103.6,103.8
1718285400,103.8,103.8,103.3,103.5
1718287200,103.5,103.8,102.4,102.6
1718289000,102.6,103.2,102.2,103.1
1718290800,103,103,103,103
1718346600,105.7,105.7,105.7,105.7
1718348400,105.7,106.7,104.6,106.6
1718350200,106.6,108.5,106.6,107.4
1718352000,107.4,108,107.2,107.4
1718353800,107.4,107.7,107,107.2
1718355600,107.2,107.5,106.8,107.2
1718357400,107.1,107.4,107,107.3
1718359200,107.2,107.4,105.9,106.2
1718361000,106.2,106.7,106.2,106.3
1718362800,106.4,106.5,105.7,106
1718364600,106.1,106.1,105.5,105.6
1718366400,105.6,105.6,105,105.3
1718368200,105.4,105.8,103.2,105.1
1718370000,105.1,105.2,104.4,104.7
1718371800,104.7,104.9,104.3,104.3
1718373600,104.3,106.4,104,105
1718375400,105,105.4,104.3,104.9
1718377200,105,105,104.9,104.9
1718865000,106.8,106.8,106.8,106.8
1718866800,106.8,107,105.3,106.2
1718868600,106.2,106.5,105.6,105.7
1718870400,105.7,110.3,105.6,110.2
1718872200,110.1,110.4,109.2,109.5
1718874000,109.5,109.9,109.2,109.5
1718875800,109.5,109.9,109.1,109.8
1718877600,109.8,109.8,109.2,109.4
1718879400,109.4,109.8,109.2,109.4
1718881200,109.4,109.8,109.1,109.8
1718883000,109.8,110.2,109.3,109.5
1718884800,109.5,109.7,109.2,109.2
1718886600,109.2,109.4,109,109.2
1718888400,109.2,109.5,109.1,109.3
1718890200,109.2,109.7,109.2,109.4
1718892000,109.5,109.9,109.3,109.8
1718893800,109.7,110.7,109.7,110.6
1718895600,110.5,110.8,110.5,110.8
1718951400,111,111,111,111
1718953200,111,112.4,110.3,111.9
1718955000,111.8,112.7,110.9,111
1718956800,111,111.3,110.8,111.1
1718958600,111.1,112.2,111,112.1
1718960400,112,113.5,111.6,111.8
1718962200,111.9,112,111.4,111.7
1718964000,111.7,111.7,111.2,111.7
1718965800,111.7,112.3,111.5,112.1
1718967600,112,112.1,111,111.6
1718969400,111.7,113,111.6,112.7
1718971200,112.7,112.8,112.3,112.6
1718973000,112.7,113,112.2,112.3
1718974800,112.3,112.6,111.6,111.8
1718976600,111.8,111.9,110.7,111
1718978400,111.1,111.5,110.7,111.3
1718980200,111.3,112.1,110.8,111.8
1718982000,111.8,111.8,111.8,111.8
1719210600,112,112,112,112
1719212400,112,112.9,111.6,112.8
1719214200,112.8,114.2,112.6,113.6
1719216000,113.5,114.2,112.3,113.3
1719217800,113.3,113.4,112.6,113.1
1719219600,113.1,113.2,112.8,112.9
1719221400,112.9,113.3,112.8,113.2
1719223200,113.1,113.2,112,112.2
1719225000,112.2,112.5,112,112.3
1719226800,112.3,112.4,111.8,111.8
1719228600,111.8,112.8,111.8,112.4
1719230400,112.5,112.7,112.2,112.4
1719232200,112.4,112.6,111.9,112.2
1719234000,112.2,112.5,112,112
1719235800,112,112.6,111.9,112.2
1719237600,112.3,113.7,112.2,113.6
1719239400,113.7,114.4,113.4,114.1
1719241200,114.1,114.1,114.1,114.1
1719297000,114.5,114.5,114.5,114.5
1719298800,114.5,115.2,113.1,113.3
1719300600,113.3,113.6,112.5,112.8
1719302400,112.8,113,112.6,112.9
1719304200,113,113,111.3,111.8
1719306000,111.7,112.8,111.5,112.7
1719307800,112.7,112.7,112.2,112.4
1719309600,112.4,113.8,112.3,113.2
1719311400,113.2,113.4,112.8,112.9
1719313200,112.9,114,112.8,113.6
1719315000,113.7,113.7,112.9,113.1
1719316800,113.1,113.4,112.8,113.2
1719318600,113.1,113.4,112.9,113
1719320400,113.1,113.7,113,113.3
1719322200,113.3,113.4,112.8,113
1719324000,112.9,113.5,112.8,113.4
1719325800,113.4,113.9,112.9,113.2
1719327600,113.1,113.1,113.1,113.1
1719383400,113.1,113.1,113.1,113.1
1719385200,113.1,113.6,111.5,111.8
1719387000,111.9,112.1,111.5,112
1719388800,111.9,112.3,111.8,112.2
1719390600,112.3,112.5,112.1,112.3
1719392400,112.2,112.7,112,112.7
1719394200,112.6,112.8,112.3,112.4
1719396000,112.4,113.5,112.3,112.9
1719397800,112.9,113,112.5,112.7
1719399600,112.7,112.8,112.5,112.6
1719401400,112.6,112.8,112.4,112.7
1719403200,112.6,112.9,112.4,112.8
1719405000,112.8,113.3,112.6,112.7
1719406800,112.7,113.6,112.4,113.3
1719408600,113.4,114,113.1,113.6
1719410400,113.6,114.1,112.9,113.4
1719412200,113.3,113.8,112.9,113
1719414000,113,113,113,113
1719469800,113.5,113.5,113.5,113.5
1719471600,113.5,115.7,113.5,114.7
1719473400,114.7,114.9,113,113.1
1719475200,113,114.1,113,113.7
1719477000,113.7,114.2,113.6,114
1719478800,114,114.4,113.9,114
1719480600,114,114.9,114,114.6
1719482400,114.5,114.7,113.3,113.5
1719484200,113.6,114,113.5,113.9
1719486000,113.9,114.3,113.7,113.8
1719487800,113.8,114,113.4,113.4
1719489600,113.5,113.8,113.2,113.4
1719491400,113.3,114.4,112.8,114.1
1719493200,114.2,115.1,113.9,114.9
1719495000,114.9,115.4,114.8,115.4
1719496800,115.4,116.8,115.3,116.2
1719498600,116.1,116.5,115.4,116.4
1719500400,116.4,116.7,116.4,116.7
1719556200,117.6,117.6,117.6,117.6
1719558000,117.5,118,116.1,116.4
1719559800,116.4,118.6,116.3,117.3
1719561600,117.4,118.3,117,118.3
1719563400,118.3,118.6,117.9,118.3
1719565200,118.4,118.8,116.5,117.2
1719567000,117.1,117.2,116.5,117
1719568800,116.9,117.2,115.8,115.9
1719570600,115.9,116,114.5,114.7
1719572400,114.6,114.8,114.1,114.4
1719574200,114.4,114.4,113.6,114.3
1719576000,114.4,114.8,114.1,114.4
1719577800,114.4,114.8,114.1,114.5
1719579600,114.6,114.6,113.7,113.9
1719581400,113.9,114.2,113.2,113.6
1719583200,113.6,113.9,113,113.3
1719585000,113.3,113.3,110.8,112.1
1719586800,112.1,112.4,112.1,112.4
1719815400,112.7,112.7,112.7,112.7
1719817200,112.7,113.5,112.2,112.3
1719819000,112.4,112.4,111.2,111.2
1719820800,111.2,111.9,110.9,110.9
1719822600,110.8,111,109.9,110.1
1719824400,110.1,110.3,109.2,109.3
1719826200,109.3,109.6,107.7,108.2
1719828000,108.2,108.9,107.9,108.1
1719829800,108.1,110.5,107.9,109.2
1719831600,109.1,109.2,108.8,108.8
1719833400,108.7,109.3,108.7,109.3
1719835200,109.4,111.3,109.3,110.3
1719837000,110.4,111.2,109.7,110
1719838800,109.9,111.1,109.9,110.9
1719840600,110.9,111.1,110.2,110.5
1719842400,110.5,111,109.9,110.9
1719844200,110.9,111.2,110.3,110.6
1719846000,110.7,110.7,110.7,110.7
1719901800,110.9,110.9,110.9,110.9
1719903600,110.9,111.7,110.3,111.2
1719905400,111.1,112.1,111,111.3
1719907200,111.4,113.2,110.6,112.5
1719909000,112.5,113.1,111.8,112.7
1719910800,112.6,112.9,112.4,112.5
1719912600,112.6,112.9,112.5,112.8
1719914400,112.8,112.9,112.4,112.4
1719916200,112.5,112.6,112,112.2
1719918000,112.2,112.3,111.3,111.5
1719919800,111.4,112.4,111.3,112.2
1719921600,112.1,112.3,111.3,111.5
1719923400,111.5,112.4,111.4,112.4
1719925200,112.3,113.4,112.1,112.5
1719927000,112.5,113.4,112.1,112.3
1719928800,112.3,112.8,112,112.4
1719930600,112.4,113.4,112.1,112.7
1719932400,113,113,113,113
1719988200,113.6,113.6,113.6,113.6
1719990000,113.5,116.2,113,115.1
1719991800,115.1,115.8,115,115.2
1719993600,115.2,116.7,115.2,116
1719995400,116,116,115.5,115.7
1719997200,115.7,115.8,115.1,115.3
1719999000,115.3,115.6,115.2,115.3
1720000800,115.4,115.4,114.9,115
1720002600,115,115.7,114.9,115.3
1720004400,115.3,115.7,115.2,115.4
1720006200,115.3,115.7,114.8,115.5
1720008000,115.5,115.6,114.6,114.7
1720009800,114.7,115.1,114.6,114.6
1720011600,114.6,115.3,114.6,114.9
1720013400,114.9,115.3,114.8,115.3
1720015200,115.3,118.5,115.1,118.4
1720017000,118.4,118.9,117.2,118.9
1720018800,118.8,118.8,118.8,118.8
1720074600,121,121,121,121
1720076400,120.9,120.9,118.4,119.3
1720078200,119.2,119.3,118.3,118.6
1720080000,118.6,118.9,118.4,118.8
1720081800,118.8,119.7,118.7,119.6
1720083600,119.7,119.8,118.6,118.6
1720085400,118.7,118.8,118.3,118.6
1720087200,118.6,118.7,118.3,118.4
1720089000,118.4,118.5,117.7,117.8
1720090800,117.8,119,117.4,118.7
1720092600,118.7,119.9,118.2,119.6
1720094400,119.6,119.7,119.1,119.5
1720096200,119.6,119.8,119.3,119.6
1720098000,119.6,120.4,119.2,119.8
1720099800,119.9,120.2,118.7,119.5
1720101600,119.6,119.8,118.8,118.9
1720103400,119,119.4,118.5,118.9
1720105200,119,119,119,119
1720161000,120.8,120.8,120.8,120.8
1720162800,120.7,122,119.9,121.2
1720164600,121.2,122.1,120.7,121.8
1720166400,121.8,121.8,120.5,121
1720168200,121.1,122,121,121.9
1720170000,121.9,122.6,121.8,122.4
1720171800,122.4,122.5,122.2,122.3
1720173600,122.3,122.3,121.8,121.9
1720175400,122,122.1,121.6,121.7
1720177200,121.8,122.3,121.1,121.4
1720179000,121.5,121.7,120.6,120.8
1720180800,120.8,121.6,120.7,121.3
1720182600,121.3,121.9,121.2,121.6
1720184400,121.6,122,120.8,121
1720186200,120.9,121.2,120.4,121
1720188000,121.1,123.5,120.6,122.8
1720189800,122.9,122.9,122.1,122.7
1720191600,122.4,122.4,122.4,122.4
1720420200,123.1,123.1,123.1,123.1
1720422000,123,125,123,124.6
1720423800,124.6,125.2,124.3,124.5
1720425600,124.4,124.9,124.3,124.7
1720427400,124.6,125,124.4,124.9
1720429200,124.9,125.5,124.7,125.3
1720431000,125.3,125.5,124.8,124.9
1720432800,124.9,124.9,124.5,124.5
1720434600,124.5,124.8,124.1,124.8
1720436400,124.7,125.4,124.5,124.7
1720438200,124.8,125.4,124.7,124.9
1720440000,124.9,125,124.2,124.5
1720441800,124.4,124.5,123.8,124.2
1720443600,124.1,124.2,122.8,123.1
1720445400,123,123.4,122.5,122.6
1720447200,122.7,123.4,122.5,123.1
1720449000,123.1,124.2,122.7,123.6
1720450800,123.8,123.8,123.8,123.8
1720506600,124.2,124.2,124.2,124.2
1720508400,124.1,124.5,122.7,124
1720510200,124.1,124.4,123.8,124.2
1720512000,124.2,125.4,124.1,125.4
1720513800,125.4,125.7,125,125.2
1720515600,125.2,125.5,124.7,124.8
1720517400,124.8,125,124.6,124.8
1720519200,124.7,125,124.6,124.6
1720521000,124.6,124.9,124.4,124.5
1720522800,124.5,125.1,124.2,124.3
1720524600,124.2,124.5,123.8,124.3
1720526400,124.3,124.4,123.8,124
1720528200,124,124,122.9,123.4
1720530000,123.4,123.9,123.1,123.4
1720531800,123.4,123.5,121.8,122.6
1720533600,122.7,123.3,122.5,123
1720535400,123,123.4,122.4,122.6
1720537200,122.7,122.7,122.7,122.7
1720593000,123,123,123,123
1720594800,123,123.6,121.3,121.5
1720596600,121.5,121.7,120,120.3
1720598400,120.3,120.5,119.7,119.8
1720600200,119.8,121.6,119.7,120.8
1720602000,120.7,121.1,120.4,120.8
1720603800,120.8,121.2,120.8,120.9
1720605600,120.9,121.9,120.8,121.8
1720607400,121.8,123,121.8,122.3
1720609200,122.3,122.5,121.9,122
1720611000,122.1,122.3,121.3,121.4
1720612800,121.5,121.8,120.9,121.2
1720614600,121.1,121.2,120,120.5
1720616400,120.5,122.2,120.4,121.9
1720618200,121.8,122.4,121.5,121.9
1720620000,121.9,124.2,121.8,124.2
1720621800,124.2,124.7,123.5,123.5
1720623600,123.3,123.3,123.3,123.3
1720679400,125.5,125.5,125.5,125.5
1720681200,125.6,126.8,125,126.7
1720683000,126.7,128.8,126.6,128.1
1720684800,128.1,128.3,126.9,127
1720686600,127,127.3,126.7,127.1
1720688400,127,127.2,126.6,126.7
1720690200,126.7,127.1,126.6,127
1720692000,127,127.1,126.4,126.5
1720693800,126.5,128.4,126.5,128.1
1720695600,128.1,128.6,127.2,127.5
1720697400,127.5,128.2,127.3,128.1
1720699200,128,128.3,127.8,128.1
1720701000,128,128.7,128,128.6
1720702800,128.5,131.4,128.4,130.9
1720704600,130.8,131.3,130.2,131
1720706400,131,131,130.1,130.4
1720708200,130.4,132,130.1,131.8
1720710000,132.4,132.4,132.4,132.4
1720765800,132.5,132.5,132.5,132.5
1720767600,132.4,136.8,131.1,135.3
1720769400,135.3,135.3,132.8,133.7
1720771200,133.7,133.8,132.4,133.6
1720773000,133.6,133.6,132.4,132.5
1720774800,132.5,133.3,132.5,132.8
1720776600,132.8,132.8,132,132.2
1720778400,132.1,132.2,130.8,130.9
1720780200,130.9,131.4,130.5,130.8
1720782000,130.8,131.4,129.9,131.4
1720783800,131.4,132.7,131.2,132.5
1720785600,132.6,134.2,132.6,132.7
1720787400,132.7,132.8,131.7,132.1
1720789200,132.2,133,132.1,132.4
1720791000,132.4,133.3,132.3,133.2
1720792800,133.2,133.3,132.1,132.3
1720794600,132.3,133,132.1,132.5
1720796400,132.6,132.6,132.5,132.5
1721111400,133.5,133.5,133.5,133.5
1721113200,133.4,137.6,133.3,137.2
1721115000,137.3,137.9,136.9,137.3
1721116800,137.3,138.1,136.8,138
1721118600,137.9,138.3,137.3,137.7
1721120400,137.7,137.7,136.2,136.6
1721122200,136.6,137.2,136.2,137
1721124000,137,137.5,136.8,137.5
1721125800,137.4,137.8,136.8,136.9
1721127600,136.9,136.9,135.4,136.1
1721129400,136.1,136.4,135.1,135.5
1721131200,135.4,135.5,133.6,134
1721133000,134,134.8,133.8,134.8
1721134800,134.8,135.3,134.3,134.6
1721136600,134.6,134.7,132.6,133.3
1721138400,133.3,133.7,132.5,132.8
1721140200,132.8,133,132,132.6
1721142000,132.9,132.9,132.9,132.9
1721197800,133.2,133.2,133.2,133.2
1721199600,133.2,133.5,130.2,131.2
1721201400,131.1,131.6,130.3,130.7
1721203200,130.7,131.3,130.6,130.8
1721205000,130.9,131,130.4,130.8
1721206800,130.8,132.8,130.8,132.1
1721208600,132.1,132.8,132,132.6
1721210400,132.6,132.8,131.7,131.8
1721212200,131.8,132.2,131.4,131.4
1721214000,131.4,131.5,130.7,130.8
1721215800,130.8,131.2,130.6,130.9
1721217600,130.8,131.1,130.5,130.9
1721219400,130.9,132.4,130.7,131.5
1721221200,131.6,132.2,131.5,131.8
1721223000,131.7,132.7,131.7,132.4
1721224800,132.5,132.9,132.1,132.3
1721226600,132.4,132.6,131.8,132.5
1721228400,132.5,132.5,132.5,132.5
1721284200,133.3,133.3,133.3,133.3
1721286000,133.4,134.9,132.7,132.9
1721287800,132.9,133,130.8,131.3
1721289600,131.2,131.6,131,131.6
1721291400,131.5,131.5,130.7,131
1721293200,131,131.3,130.9,131.1
1721295000,131,131.1,130.8,131
1721296800,131,131,130.2,130.6
1721298600,130.6,130.6,129.6,130
1721300400,130.1,131,130,130.8
1721302200,130.8,130.8,130.3,130.5
1721304000,130.5,130.6,130.1,130.3
1721305800,130.3,130.6,130.1,130.5
1721307600,130.5,130.7,130.1,130.4
1721309400,130.4,130.7,130.3,130.4
1721311200,130.4,130.7,130,130.1
1721313000,130.1,130.2,128.9,129.9
1721314800,129.9,130,129.9,130
1721370600,129.9,129.9,129.9,129.9
1721372400,129.8,131.5,129,131
1721374200,131,131.1,130.1,130.3
1721376000,130.2,130.3,129.5,129.8
1721377800,129.9,131.1,129.8,130.9
1721379600,130.9,131.2,130.4,130.7
1721381400,130.7,131.1,130.5,131
1721383200,131,131.6,130.9,131.1
1721385000,131.1,131.3,130.5,130.8
1721386800,131,131.8,130.8,131.2
1721388600,131.2,131.8,130.9,131.5
1721390400,131.5,131.6,131.2,131.4
1721392200,131.3,131.6,131.1,131.2
1721394000,131.3,131.5,131.1,131.2
1721395800,131.1,131.4,130.9,131.2
1721397600,131.1,131.5,131,131.3
1721399400,131.3,131.5,131.1,131.2
1721401200,131.2,131.2,131.2,131.2
1721629800,131.6,131.6,131.6,131.6
1721631600,131.6,131.9,129.8,131.7
1721633400,131.7,132.8,131,131.4
1721635200,131.4,132.6,131.1,132.6
1721637000,132.6,132.8,131.6,131.7
1721638800,131.6,131.9,131.5,131.8
1721640600,131.8,131.9,131.4,131.6
1721642400,131.6,132.2,131.5,131.7
1721644200,131.7,131.7,130.9,130.9
1721646000,130.9,131.2,130.7,131
1721647800,131.1,131.2,130.9,131
1721649600,131,131.4,130.8,131.1
1721651400,131.1,131.5,130.7,131.2
1721653200,131.3,131.3,130.8,130.8
1721655000,130.9,130.9,130.1,130.4
1721656800,130.3,130.4,128.9,129.3
1721658600,129.3,129.6,128.7,129
1721660400,129,129,128.9,128.9
1721716200,129,129,129,129
1721718000,129,129.3,125.3,125.5
1721719800,125.4,126.6,125.3,126.2
1721721600,126.2,126.3,125.7,126.3
1721723400,126.3,126.5,125.8,126.2
1721725200,126.1,126.5,126,126.4
1721727000,126.4,126.5,126,126.1
1721728800,126,126.8,126,126.4
1721730600,126.4,126.8,125.9,126.6
1721732400,126.6,127.1,125.7,125.9
1721734200,125.9,125.9,125.2,125.6
1721736000,125.6,125.7,124.7,125.1
1721737800,125.1,125.8,124.9,125.7
1721739600,125.7,127,125.6,126.6
1721741400,126.6,128.2,126.5,128
1721743200,128,128.1,125.8,125.8
1721745000,125.8,126.3,125.3,125.6
1721746800,125.6,125.6,125.5,125.5
1721802600,125,125,125,125
1721804400,124.9,125.6,123.1,123.3
1721806200,123.2,123.6,122.7,123.4
1721808000,123.4,124.2,123.1,123.2
1721809800,123.2,123.8,123.1,123.5
1721811600,123.5,125.2,123.5,125
1721813400,125.1,125.4,124.7,125.2
1721815200,125.2,125.4,124.9,125.4
1721817000,125.4,125.5,125.2,125.2
1721818800,125.2,128.2,125.1,127.2
1721820600,127.2,127.6,127.1,127.2
1721822400,127.3,127.4,125.7,126.5
1721824200,126.5,127.3,126.3,127.2
1721826000,127.2,127.3,126.5,126.9
1721827800,126.8,127.1,126,126
1721829600,126.1,126.1,125.4,126
1721831400,126,126.1,125.4,125.4
1721833200,125.5,126.8,125.5,126.8
1721889000,125.5,125.5,125.5,125.5
1721890800,125.5,127.2,125.1,126.5
1721892600,126.5,127.1,126.2,126.7
1721894400,126.8,127,126.5,126.9
1721896200,126.9,127,126.1,126.3
1721898000,126.3,126.6,126,126.4
1721899800,126.4,126.8,126.2,126.7
1721901600,126.6,127.2,126.5,127.2
1721903400,127.2,127.2,126.3,126.3
1721905200,126.4,126.7,125.5,125.5
1721907000,125.6,125.6,124.6,125.3
1721908800,125.3,125.8,125.2,125.4
1721910600,125.4,125.6,125,125.2
1721912400,125.3,125.3,124.7,125.1
1721914200,125,125.1,124.3,124.9
1721916000,125,125.8,124.4,124.7
1721917800,124.6,124.8,122.6,124.6
1721919600,124.8,124.8,124.8,124.8
1721975400,125,125,125,125
1721977200,124.9,125.8,123.9,124.2
1721979000,124.3,125.4,123.8,124.7
1721980800,124.6,124.7,124.1,124.4
1721982600,124.4,124.5,123.5,123.6
1721984400,123.6,123.8,123.1,123.5
1721986200,123.6,123.8,123.4,123.7
1721988000,123.7,124,123.7,123.7
1721989800,123.8,124.3,123.6,123.6
1721991600,123.7,124.2,123.5,123.9
1721993400,123.9,125.2,123.8,125
1721995200,125.1,125.2,124,124.8
1721997000,124.8,125.3,124.4,124.7
1721998800,124.7,126.7,124.6,126.6
1722000600,126.6,126.7,124.5,125.2
1722002400,125.1,125.2,124.6,125
1722004200,125,125.2,124.6,124.8
1722006000,124.8,124.8,124.8,124.8
1722234600,123.5,123.5,123.5,123.5
1722236400,123.5,125.7,123.2,125.1
1722238200,125.1,125.2,124,124.3
1722240000,124.3,124.4,123.2,124
1722241800,123.9,124.8,123.9,124.4
1722243600,124.4,125.2,124.4,124.9
1722245400,124.9,125,124.6,124.9
1722247200,124.9,125.6,124.6,125.5
1722249000,125.5,127.2,125.5,126.7
1722250800,126.7,127.3,126.4,126.6
1722252600,126.6,126.8,126,126.1
1722254400,126.1,126.4,125.9,126.1
1722256200,126.2,126.9,126.1,126.6
1722258000,126.7,126.8,125.9,126.3
1722259800,126.4,126.4,125.7,126.1
1722261600,126.1,126.3,125.3,125.4
1722263400,125.4,126.2,125.1,126
1722265200,126,126.2,126,126.2
1722321000,126.4,126.4,126.4,126.4
1722322800,126.4,127.9,124.3,124.9
1722324600,124.9,125.8,124.9,125.5
1722326400,125.5,125.9,125.2,125.3
1722328200,125.3,125.6,125.2,125.3
1722330000,125.3,125.3,124.8,125.3
1722331800,125.2,125.7,125.2,125.7
1722333600,125.7,125.8,125.1,125.6
1722335400,125.7,125.7,125,125.1
1722337200,125.1,125.2,124.8,125
1722339000,125.1,125.3,123.6,124
1722340800,124,124.1,120.2,120.9
1722342600,120.8,121.3,120.3,120.9
1722344400,120.9,121.4,120.1,120.1
1722346200,120.2,121.2,119.5,119.6
1722348000,119.6,120.3,117.9,118.7
1722349800,118.7,119.9,118.6,119.4
1722351600,119.4,119.4,118.6,118.6
1722407400,120,120,120,120
1722409200,120,122,119.5,121.5
1722411000,121.5,122,120.3,120.7
1722412800,120.7,121.3,120.2,121
1722414600,121,121.6,120.9,121.6
1722416400,121.5,122,120.7,121.7
1722418200,121.8,122.1,121.3,121.5
1722420000,121.5,121.5,121.1,121.3
1722421800,121.3,121.5,120.8,120.8
1722423600,120.9,121,120.3,120.5
1722425400,120.5,122.9,120.4,122.8
1722427200,122.9,124.3,122.8,123.6
1722429000,123.7,125.7,123.5,124.8
1722430800,124.7,125.2,124.5,125
1722432600,125.1,125.2,124,125.1
1722434400,125.1,125.7,124.6,124.8
1722436200,124.8,125,124.2,124.5
1722438000,124.5,124.5,123.8,123.8
1722493800,126.9,126.9,126.9,126.9
1722495600,126.8,128,125.9,127.3
1722497400,127.3,127.6,126.6,127.2
1722499200,127.3,129.5,127.2,128.7
1722501000,128.5,131.2,128.1,130.8
1722502800,130.6,131.2,129.9,130.6
1722504600,130.6,130.8,129.3,129.4
1722506400,129.4,129.9,129.4,129.5
1722508200,129.5,130.3,129.4,130
1722510000,129.9,130.2,129.8,129.9
1722511800,130,130,129.6,129.7
1722513600,129.7,130.4,129.6,130.3
1722515400,130.3,130.6,129.7,129.7
1722517200,129.8,129.8,129,129.7
1722519000,129.7,129.9,129.3,129.5
1722520800,129.6,129.6,128.7,128.7
1722522600,128.8,128.8,128.1,128.5
1722524400,128.6,128.6,128.6,128.6
1722580200,126.9,126.9,126.9,126.9
1722582000,126.9,127.8,125.7,126.1
1722583800,126,126,124.4,125.2
1722585600,125.2,125.5,125,125.2
1722587400,125.2,126.3,125,126
1722589200,126,126.1,125.6,125.9
1722591000,125.9,126.6,125.6,126.2
1722592800,126.1,126.5,126,126.3
1722594600,126.3,126.3,125.7,126
1722596400,126,126.2,125.7,126
1722598200,126,126.5,125.9,126
1722600000,126,126.6,126,126.4
1722601800,126.4,126.5,125.5,125.6
1722603600,125.5,126.2,125,125.8
1722605400,125.8,125.9,125.4,125.7
1722607200,125.8,125.8,124.5,124.7
1722609000,124.7,125,123.4,123.7
1722610800,123.8,124.2,123.8,124.2
1722839400,114,114,114,114
1722841200,114,114,114,114
1722843000,114.5,118.4,114.5,118.3
1722844800,118.4,119.1,117.2,118.7
1722846600,118.7,120.1,117.9,119.6
1722848400,119.6,119.8,118.3,119
1722850200,118.9,119.2,118.4,118.5
1722852000,118.5,118.9,118.1,118.6
1722853800,118.5,118.8,118,118.3
1722855600,118.2,118.3,117.7,118.1
1722857400,118.1,118.2,117.2,117.5
1722859200,117.5,118.1,117.3,117.7
1722861000,117.8,119,116.9,118.9
1722862800,118.9,119.7,118.6,119.4
1722864600,119.4,121.5,119,120.6
1722866400,120.6,121.5,119.6,119.7
1722868200,119.6,119.9,118.4,119.6
1722870000,119.6,119.9,119.6,119.9
1722925800,123.5,123.5,123.5,123.5
1722927600,123.4,124.5,120.2,121.7
1722929400,121.8,121.8,120.3,120.4
1722931200,120.4,120.6,120.1,120.4
1722933000,120.4,120.6,120,120.1
1722934800,120.1,120.4,119.7,120.2
1722936600,120.1,122,120,121.8
1722938400,121.8,122.2,120.8,122
1722940200,122.1,122.3,121.5,121.6
1722942000,121.7,122.1,121,121.2
1722943800,121.2,121.5,120.8,121.3
1722945600,121.3,122.1,121.1,121.8
1722947400,121.8,122.1,121.4,121.4
1722949200,121.4,121.6,119,119
1722951000,119.1,119.2,117.8,118.3
1722952800,118.3,119.3,117.6,117.8
1722954600,117.8,118.1,117.4,117.4
1722956400,117.3,117.3,117.3,117.3
1723012200,118.4,118.4,118.4,118.4
1723014000,118.4,119.3,118,118.2
1723015800,118.2,119.6,118,118.6
1723017600,118.7,118.7,118.2,118.3
1723019400,118.3,118.7,117.7,117.8
1723021200,117.8,118.2,117.4,118.1
1723023000,118.1,118.6,117.8,118.5
1723024800,118.5,118.7,118.1,118.5
1723026600,118.5,118.5,117.8,117.9
1723028400,118,118.3,117.8,118
1723030200,118.1,118.1,116.7,116.8
1723032000,116.9,117,115.1,115.3
1723033800,115.3,116.3,114.7,115.6
1723035600,115.6,115.7,114.9,115.4
1723037400,115.4,116.2,115.1,116.1
1723039200,116.2,117.9,115.8,115.8
1723041000,115.9,116.6,115.6,116.3
1723042800,116.3,116.3,116,116
1723098600,115.7,115.7,115.7,115.7
1723100400,115.7,116.6,115.2,115.6
1723102200,115.6,115.7,114.6,115.3
1723104000,115.3,115.9,115.1,115.3
1723105800,115.3,115.5,115.1,115.3
1723107600,115.3,115.5,115,115.3
1723109400,115.3,115.5,114.8,115.1
1723111200,115.2,115.4,114.1,114.6
1723113000,114.6,115.6,114.6,115
1723114800,115,115,114.5,114.8
1723116600,114.8,115.1,114.7,115
1723118400,115,115,114.3,114.5
1723120200,114.5,115.5,114.5,115.5
1723122000,115.5,115.6,114.7,114.9
1723123800,114.9,115,114.5,114.7
1723125600,114.8,114.9,113.8,114.1
1723127400,114,114.2,113.2,114
1723129200,114,114.1,114,114.1
1723185000,114.8,114.8,114.8,114.8
1723186800,114.9,116.1,112.8,112.9
1723188600,112.9,113.6,112.5,112.8
1723190400,112.8,113.1,111.8,112.2
1723192200,112.1,112.5,111.8,112.1
1723194000,112.2,112.2,111.3,111.5
1723195800,111.5,111.5,110,110.8
1723197600,110.8,111,110.3,110.6
1723199400,110.5,110.9,110.2,110.4
1723201200,110.4,111,110.4,110.9
1723203000,110.8,111.3,110.6,111.3
1723204800,111.3,112.9,111.2,111.2
1723206600,111.2,111.3,110.7,111
1723208400,111,111.6,110.9,111.4
1723210200,111.4,111.4,110.8,111.2
1723212000,111.2,112.1,110.2,111
1723213800,110.9,111.2,110.5,110.6
1723215600,110.6,110.6,110.6,110.6
1723444200,111.4,111.4,111.4,111.4
1723446000,111.4,113.7,110.3,113.4
1723447800,113.4,114.2,112.8,113.8
1723449600,113.8,114,113.2,113.6
1723451400,113.6,113.8,112.7,112.8
1723453200,112.8,112.9,112,112.2
1723455000,112.2,112.6,112.1,112.5
1723456800,112.5,113.3,112.5,113
1723458600,113,113.3,112.1,112.1
1723460400,112.1,112.6,111.7,111.8
1723462200,111.7,112.8,111.6,112.6
1723464000,112.7,112.9,112.2,112.5
1723465800,112.5,112.7,112.3,112.7
1723467600,112.7,113.5,112.6,113.3
1723469400,113.3,113.5,111.7,112
1723471200,111.9,113.5,111.4,113.1
1723473000,113.2,113.3,112.4,112.5
1723474800,112.5,112.8,112.5,112.8
1723530600,112.4,112.4,112.4,112.4
1723532400,112.4,112.7,111.3,112.1
1723534200,112,112.8,111.7,112.6
1723536000,112.7,113.4,112.4,112.4
1723537800,112.5,113.3,112.4,113
1723539600,113,113.4,112.9,113
1723541400,113.1,113.1,112.6,112.7
1723543200,112.7,112.9,112.2,112.7
1723545000,112.8,112.8,112.4,112.5
1723546800,112.5,113.4,112.4,112.9
1723548600,112.9,113.2,112.5,113
1723550400,113.1,113.5,112.4,112.6
1723552200,112.6,112.8,112.2,112.6
1723554000,112.6,112.8,111.5,111.6
1723555800,111.5,111.6,109.9,110.8
1723557600,110.8,114.8,110.6,113.7
1723559400,113.7,116.4,113.2,116.2
1723561200,116.2,116.2,116.2,116.2
1723617000,117,117,117,117
1723618800,117,117.9,114.9,116.3
1723620600,116.3,117,116,116.4
1723622400,116.4,116.7,115.7,116
1723624200,115.9,116.6,115.9,116.1
1723626000,116.1,116.3,115.9,116
1723627800,116,116.5,115.7,115.9
1723629600,115.9,116.1,115.6,115.9
1723631400,115.9,116.4,115.6,115.8
1723633200,115.8,115.9,113.3,113.6
1723635000,113.6,114,113.4,113.8
1723636800,113.9,114.9,113.7,114.8
1723638600,114.8,115.4,113,113.3
1723640400,113.2,113.8,112.8,113.3
1723642200,113.2,113.7,112.9,113.4
1723644000,113.4,114,113.2,113.6
1723645800,113.6,113.8,112.9,113
1723647600,113,113,113,113
1723703400,113.5,113.5,113.5,113.5
1723705200,113.6,113.8,112.1,112.4
1723707000,112.4,112.7,111.7,112.4
1723708800,112.4,112.6,112,112.3
1723710600,112.3,112.9,112,112.5
1723712400,112.5,112.7,112.3,112.3
1723714200,112.4,112.4,112,112.2
1723716000,112.2,112.4,112,112.2
1723717800,112.2,112.6,112.1,112.2
1723719600,112.2,112.5,112,112.2
1723721400,112.2,112.5,112.1,112.2
1723723200,112.2,112.4,111.9,112.1
1723725000,112.1,114.2,112,114.1
1723726800,114.2,114.7,113.5,114.2
1723728600,114.2,114.4,113.7,114
1723730400,114,114.3,113.5,113.8
1723732200,113.9,114.3,113.7,113.9
1723734000,114,114,114,114
1723789800,114.3,114.3,114.3,114.3
1723791600,114.3,114.5,111.4,111.7
1723793400,111.7,111.7,110.8,111.3
1723795200,111.3,111.9,111,111.5
1723797000,111.4,111.9,111.3,111.7
1723798800,111.7,111.9,111.4,111.6
1723800600,111.6,111.8,111.3,111.7
1723802400,111.7,111.7,111.4,111.5
1723804200,111.4,111.5,111.1,111.2
1723806000,111.2,111.4,111,111.2
1723807800,111.1,111.2,110.5,110.7
1723809600,110.7,112,110.6,111.5
1723811400,111.6,111.7,110.7,110.9
1723813200,110.8,111.1,110.3,110.5
1723815000,110.6,110.9,110.2,110.2
1723816800,110.2,110.9,110.2,110.5
1723818600,110.5,110.8,109.5,109.6
1723820400,109.6,109.6,109,109
1724049000,109.7,109.7,109.7,109.7
1724050800,109.8,110.5,108.4,109.2
1724052600,109.3,110,109.1,109.9
1724054400,109.9,110.4,109.6,110
1724056200,110,110.4,109.7,109.7
1724058000,109.8,109.8,109.1,109.6
1724059800,109.5,110,109.3,110
1724061600,109.9,110.7,109.8,110.2
1724063400,110.2,110.4,109.9,110
1724065200,110.1,110.7,110,110.5
1724067000,110.4,111.3,110.4,110.7
1724068800,110.7,111.4,110.3,110.9
1724070600,110.8,111,110.4,110.5
1724072400,110.4,110.7,110.3,110.6
1724074200,110.5,111.1,110.2,110.7
1724076000,110.7,111.3,110.6,111
1724077800,111,111.9,110.8,111.7
1724079600,111.8,111.8,111.7,111.7
1724135400,111.1,111.1,111.1,111.1
1724137200,111,112.8,110.7,112.4
1724139000,112.4,113,111.8,112.3
1724140800,112.3,113,111.8,113
1724142600,113,113.4,112.5,112.8
1724144400,112.9,113.2,112.8,113.1
1724146200,113.1,113.1,112.2,112.5
1724148000,112.5,113.1,112.5,112.9
1724149800,112.9,113.3,112.8,113
1724151600,113,113.4,111.9,112.3
1724153400,112.3,112.6,111.8,112.1
1724155200,112.2,112.3,111.2,111.5
1724157000,111.4,112.3,111.2,112
1724158800,112.1,113.5,111.9,112.6
1724160600,112.6,112.9,112.1,112.4
1724162400,112.2,112.8,112.2,112.6
1724164200,112.6,112.9,112,112.3
1724166000,112.2,112.2,112,112
1724221800,112,112,112,112
1724223600,112,112.6,111.7,111.9
1724225400,111.8,112.9,111.8,112.8
1724227200,112.7,112.9,112.3,112.5
1724229000,112.4,112.9,112.3,112.9
1724230800,112.8,113.8,112.8,113.3
1724232600,113.3,113.4,112.8,112.9
1724234400,112.9,113,112.4,112.5
1724236200,112.4,112.5,111.6,112
1724238000,112,112.2,111.7,112.1
1724239800,112.1,112.7,112,112.4
1724241600,112.4,112.8,112.2,112.5
1724243400,112.6,112.7,111.9,112.3
1724245200,112.2,112.3,111.7,112.2
1724247000,112.1,112.5,111.7,112.5
1724248800,112.5,112.9,112.2,112.4
1724250600,112.5,112.6,111.9,112.2
1724252400,112.4,112.4,112.4,112.4
1724308200,113.1,113.1,113.1,113.1
1724310000,113.1,114.5,113,114.5
1724311800,114.5,115.1,114.1,114.1
1724313600,114.1,114.3,113.3,113.4
1724315400,113.4,113.5,112.1,112.6
1724317200,112.6,113.3,112.3,113.1
1724319000,113.1,113.5,112.8,113
1724320800,112.9,113.2,112.8,112.8
1724322600,113,113.2,112.9,113
1724324400,112.9,113.9,112.9,113.5
1724326200,113.5,114.4,113.4,114.1
1724328000,114,114.7,113.2,113.3
1724329800,113.2,113.5,112.9,112.9
1724331600,112.9,113.4,112.3,113.3
1724333400,113.2,113.4,112.4,112.6
1724335200,112.6,113.3,112.5,112.7
1724337000,112.7,113.8,112.5,113.8
1724338800,113.7,114,113.7,114
1724394600,114,114,114,114
1724396400,113.9,114,112.8,113
1724398200,113,113,111.9,112
1724400000,111.9,112,111,111.7
1724401800,111.7,112,111.3,111.8
1724403600,111.8,111.9,111.4,111.5
1724405400,111.5,111.5,110.7,111.3
1724407200,111.2,111.4,110.9,111.1
1724409000,111.2,111.3,111,111.2
1724410800,111.2,111.4,111,111.2
1724412600,111.2,111.2,110.6,110.8
1724414400,110.7,111.1,110.4,110.6
1724416200,110.6,110.8,110.1,110.6
1724418000,110.6,111,110.2,110.9
1724419800,110.9,111,110.3,110.5
1724421600,110.5,111.7,110.4,110.7
1724423400,110.6,110.7,108.3,108.9
1724425200,108.9,109,108.9,109
1724653800,109.9,109.9,109.9,109.9
1724655600,109.9,110.6,108.2,108.8
1724657400,108.8,109.3,108,108.2
1724659200,108.1,108.2,107.2,107.3
1724661000,107.4,108.3,107.3,108
1724662800,108.1,109.1,107.9,108.5
1724664600,108.5,109.9,108.5,109.3
1724666400,109.3,109.5,108.6,108.6
1724668200,108.7,109.6,108.6,109.1
1724670000,109.1,109.8,108.7,109.6
1724671800,109.6,109.7,109.1,109.6
1724673600,109.6,110.1,109.5,109.5
1724675400,109.5,110.1,109.4,110
1724677200,110,110.8,109.7,110.6
1724679000,110.6,110.7,109.8,109.9
1724680800,109.9,110.3,108.6,109
1724682600,109,109.1,108.2,108.7
1724684400,108.7,108.8,108.7,108.8
1724740200,109,109,109,109
1724742000,109,109.4,108.1,108.5
1724743800,108.5,108.7,108,108.1
1724745600,108,108.7,108,108.4
1724747400,108.4,109,108.2,108.6
1724749200,108.6,109,108.5,108.9
1724751000,108.9,109.8,108.6,109.5
1724752800,109.4,110.4,109.3,110.1
1724754600,110,110.3,109.7,109.9
1724756400,109.9,110.5,109.8,110.5
1724758200,110.5,111.1,110.3,111
1724760000,111,111.6,110.7,111
1724761800,111,111.3,110.6,110.8
1724763600,110.9,111.4,110.6,111
1724765400,111.1,111.3,110.6,110.7
1724767200,110.7,111.2,110.6,111.2
1724769000,111.2,112,111.1,111.9
1724770800,111.8,112,111.8,112
1724826600,112.5,112.5,112.5,112.5
1724828400,112.5,112.8,111.6,112.4
1724830200,112.4,112.5,111.3,111.6
1724832000,111.6,111.7,111.1,111.2
1724833800,111.2,111.3,110.8,111.1
1724835600,111,111.5,110.9,111.2
1724837400,111.3,111.4,110.9,110.9
1724839200,111,111.3,110.9,111.3
1724841000,111.3,111.4,111,111.2
1724842800,111.3,111.8,111.2,111.4
1724844600,111.4,111.5,107.5,109.9
1724846400,109.8,110.3,108.8,109.7
1724848200,109.7,110.7,109.6,110.2
1724850000,110.2,110.6,109.7,110.3
1724851800,110.4,110.5,110,110.3
1724853600,110.3,110.7,109.8,110.6
1724855400,110.6,110.7,109.9,110.4
1724857200,110.8,110.8,110.8,110.8
1724913000,110.4,110.4,110.4,110.4
1724914800,110.5,111.2,110.2,110.4
1724916600,110.3,110.5,109.4,109.6
1724918400,109.5,110,109.4,109.4
1724920200,109.5,109.8,109.2,109.2
1724922000,109.2,109.7,109,109.5
1724923800,109.4,109.5,109.2,109.3
1724925600,109.3,109.6,109.2,109.5
1724927400,109.5,109.7,109.1,109.4
1724929200,109.4,110.5,109.3,110.1
1724931000,110.1,111.8,110,111.7
1724932800,111.8,113.5,111.7,112.6
1724934600,112.7,113.3,112.1,113.2
1724936400,113.2,113.9,112.8,113.3
1724938200,113.3,113.3,112.6,113
1724940000,112.9,113,112.2,112.8
1724941800,112.8,113.4,112.1,112.3
1724943600,112.3,112.3,112.3,112.3
1725258600,112.6,112.6,112.6,112.6
1725260400,112.7,115.1,112.4,113.9
1725262200,113.9,116.2,113.6,114.9
1725264000,115,115.5,114.8,115.1
1725265800,115.1,115.7,114.3,114.8
1725267600,114.8,115.2,114.5,115
1725269400,115,115.2,114.8,115.1
1725271200,115,115.1,114.4,114.6
1725273000,114.5,114.8,114.3,114.6
1725274800,114.7,115.3,114.6,115.1
1725276600,115.1,115.5,115,115.4
1725278400,115.5,115.9,114.8,115.1
1725280200,115.1,115.5,114.7,114.8
1725282000,114.8,115,114.2,114.6
1725283800,114.5,114.9,114.1,114.3
1725285600,114.2,114.9,113.7,114.8
1725287400,114.9,115.2,114.5,115.1
1725289200,115,115.4,115,115.4
1725345000,115.4,115.4,115.4,115.4
1725346800,115.5,116.1,114.6,115.7
1725348600,115.6,115.7,114.1,114.4
1725350400,114.3,115.5,114.2,115.2
1725352200,115.2,115.2,114.7,114.9
1725354000,114.9,115,114.5,114.7
1725355800,114.6,114.9,114.5,114.8
1725357600,114.8,114.8,114.5,114.7
1725359400,114.8,114.8,114.4,114.8
1725361200,114.8,114.9,114.1,114.2
1725363000,114.2,114.5,114.1,114.1
1725364800,114.1,114.7,114.1,114.5
1725366600,114.5,115,114.3,114.4
1725368400,114.5,115.2,114.2,114.5
1725370200,114.4,114.6,113.8,114
1725372000,114,114.3,113.5,114
1725373800,114,114.4,113.5,113.6
1725375600,113.7,113.7,113.7,113.7
1725431400,111.9,111.9,111.9,111.9
1725433200,112,113.4,111.7,113.2
1725435000,113.2,113.6,112.8,113.3
1725436800,113.4,114.1,113.3,113.6
1725438600,113.7,113.7,112.7,113.1
1725440400,113.1,113.3,112.7,112.8
1725442200,112.7,113,112.5,112.6
1725444000,112.6,113.1,112.5,112.8
1725445800,112.8,113.2,112.8,113
1725447600,113,113.1,112.7,112.8
1725449400,112.8,113.4,112.5,113.3
1725451200,113.4,113.4,112.7,112.7
1725453000,112.7,113.1,112.4,112.9
1725454800,112.9,113.1,112.5,112.7
1725456600,112.8,113,112.3,112.8
1725458400,112.7,113.1,112.6,112.9
1725460200,112.9,114.4,112.8,113.8
1725462000,113.9,114.1,113.6,114.1
1725517800,114.8,114.8,114.8,114.8
1725519600,114.8,115.3,112.6,113.1
1725521400,113,113.3,112.5,112.9
1725523200,112.9,113.3,112.8,113.3
1725525000,113.2,113.3,112.8,113
1725526800,112.9,113,112.3,112.4
1725528600,112.3,112.7,112.3,112.4
1725530400,112.5,112.7,112.4,112.5
1725532200,112.5,112.8,112.3,112.8
1725534000,112.8,113.7,112.7,112.7
1725535800,112.7,112.8,112.4,112.5
1725537600,112.4,112.8,112.3,112.5
1725539400,112.7,113.1,112.3,112.4
1725541200,112.4,112.7,112.2,112.6
1725543000,112.6,112.8,112.4,112.7
1725544800,112.7,113,112.5,112.6
1725546600,112.6,113.9,112.2,113.6
1725548400,113.6,113.6,113.5,113.5
1725604200,113.6,113.6,113.6,113.6
1725606000,113.6,114.5,112.6,112.9
1725607800,112.8,114.3,112.7,114.2
1725609600,114.3,114.5,113.2,114
1725611400,114,114.2,113.7,113.9
1725613200,113.9,114,113.3,113.9
1725615000,113.9,114.1,113.4,113.6
1725616800,113.6,113.7,113.2,113.3
1725618600,113.3,113.9,113.2,113.7
1725620400,113.7,113.7,113,113
1725622200,113,113.1,112.7,112.9
1725624000,112.8,113.1,112.6,113
1725625800,113,113.6,112.5,112.9
1725627600,113,113.3,112.5,112.6
1725629400,112.7,112.8,112.1,112.4
1725631200,112.3,113,112.2,112.6
1725633000,112.5,112.9,109.3,110.1
1725634800,110.5,110.5,110.5,110.5
1725863400,110.7,110.7,110.7,110.7
1725865200,110.7,111.1,109.2,109.3
1725867000,109.3,110,109.1,109.9
1725868800,109.9,110,109.2,109.3
1725870600,109.3,109.6,109,109.3
1725872400,109.3,109.3,108.8,108.9
1725874200,108.9,109.4,108.8,108.9
1725876000,108.9,109.4,108.8,109.2
1725877800,109.2,109.3,108.6,108.8
1725879600,108.8,109.1,108.7,108.8
1725881400,108.8,109.4,108.7,109.2
1725883200,109.2,109.3,108.7,108.9
1725885000,109,109.2,108.7,108.8
1725886800,108.7,108.9,108.1,108.3
1725888600,108.3,109,108.2,108.9
1725890400,108.9,109.3,107.8,108.6
1725892200,108.6,108.9,107.6,107.9
1725894000,108,108,108,108
1725949800,108.2,108.2,108.2,108.2
1725951600,108.3,108.9,107.3,107.4
1725953400,107.4,108.2,107.3,107.9
1725955200,108,108.1,107.4,107.5
1725957000,107.5,107.6,106.9,107.2
1725958800,107.1,107.2,106.4,106.6
1725960600,106.6,106.8,106,106.3
1725962400,106.3,106.4,105.3,105.5
1725964200,105.5,105.8,105.2,105.6
1725966000,105.6,105.9,105.3,105.9
1725967800,105.9,106,105.4,105.5
1725969600,105.4,105.5,104.7,105.1
1725971400,105,105.8,104.8,105.6
1725973200,105.7,106,105.3,105.5
1725975000,105.5,105.7,104.5,105.5
1725976800,105.6,106.8,105.2,106.5
1725978600,106.6,107.4,106,106.7
1725980400,106.8,106.8,106.6,106.6
1726036200,106.6,106.6,106.6,106.6
1726038000,106.5,106.8,105.1,106.2
1726039800,106.2,108,106.2,107.3
1726041600,107.2,108,107.2,107.9
1726043400,107.9,108,107.3,107.7
1726045200,107.7,107.9,107.2,107.5
1726047000,107.5,108.4,107.5,108
1726048800,107.9,108.2,107.6,107.8
1726050600,107.8,108.4,107.6,108.2
1726052400,108.1,108.3,107.5,107.5
1726054200,107.5,108,107.3,108
1726056000,108,108.7,107.8,108.6
1726057800,108.5,108.6,107.6,108.3
1726059600,108.2,108.8,106.6,106.9
1726061400,106.8,107.2,105,105.2
1726063200,105.2,106.5,104.9,106.2
1726065000,106.3,106.6,105.7,106.3
1726066800,106.2,106.2,106.2,106.2
1726122600,107.4,107.4,107.4,107.4
1726124400,107.5,107.8,106.8,106.9
1726126200,106.9,108.3,106.6,108.2
1726128000,108.3,109.5,108,109.2
1726129800,109.2,109.3,108,108.4
1726131600,108.3,108.8,107.5,107.8
1726133400,107.8,108.8,107.8,108.6
1726135200,108.6,108.8,107.9,108.1
1726137000,108,108.6,108,108.4
1726138800,108.4,108.8,108.2,108.5
1726140600,108.5,109.1,108.2,109
1726142400,109,109.8,108.2,108.4
1726144200,108.4,108.5,107.1,107.3
1726146000,107.3,107.4,105.2,106.2
1726147800,106.1,106.3,104.5,106.2
1726149600,106.1,107.1,105.4,106.8
1726151400,106.8,109,106.7,108.7
1726153200,109.7,109.7,109.7,109.7
1726209000,109.5,109.5,109.5,109.5
1726210800,109.5,109.5,108.1,108.3
1726212600,108.3,108.5,107.7,108.1
1726214400,108.1,108.8,107.9,108.5
1726216200,108.5,110.5,108.4,110.4
1726218000,110.4,110.6,109.8,110
1726219800,110.1,110.2,109.5,109.8
1726221600,109.7,110,109.6,109.8
1726223400,109.9,110.5,109.7,110
1726225200,110,110.7,109.9,110.6
1726227000,110.6,111.3,110.6,111.1
1726228800,111.1,112.7,111,111.3
1726230600,111.3,111.5,110.1,110.2
1726232400,110.1,110.5,109.8,110.1
1726234200,110.1,111.4,110,111.4
1726236000,111.4,112.1,110.7,110.8
1726237800,110.8,111.3,110.2,110.8
1726239600,111,111,111,111
1726468200,110.7,110.7,110.7,110.7
1726470000,110.6,111.4,110.2,110.5
1726471800,110.5,111.4,110.2,111
1726473600,111,112.6,111,111.4
1726475400,111.4,112.3,111.4,112.2
1726477200,112.3,113.3,112.2,112.8
1726479000,112.9,112.9,112.3,112.5
1726480800,112.5,112.9,112.3,112.7
1726482600,112.8,113.1,112.6,112.6
1726484400,112.7,112.7,111.9,112.4
1726486200,112.5,113,112.4,112.6
1726488000,112.6,113.1,112.5,113
1726489800,113,113.1,112.3,112.7
1726491600,112.7,112.9,112.3,112.7
1726493400,112.7,112.7,112.1,112.6
1726495200,112.6,113.1,111.9,111.9
1726497000,111.9,112.7,111.3,111.6
1726498800,111.7,111.7,111.6,111.6
1726554600,112.1,112.1,112.1,112.1
1726556400,112.1,113.1,111.7,112.8
1726558200,112.9,113.3,112.6,113.2
1726560000,113.2,114,113.2,113.8
1726561800,113.8,113.8,113.2,113.2
1726563600,113.3,113.5,112.4,112.8
1726565400,112.8,113.1,112.6,113
1726567200,113,113.5,112.9,113.3
1726569000,113.3,113.7,112.9,113
1726570800,113.1,113.1,112.6,112.7
1726572600,112.8,113,112.4,113
1726574400,113,113.3,112.9,113
1726576200,112.9,113.2,112.9,113.2
1726578000,113.2,113.2,112.6,112.7
1726579800,112.7,113,112.6,112.9
1726581600,113,113,112.7,112.8
1726583400,112.9,113.4,112.7,112.8
1726585200,112.9,113,112.9,113
1726641000,112.8,112.8,112.8,112.8
1726642800,112.7,114.7,112.5,114.4
1726644600,114.4,114.4,113.7,113.7
1726646400,113.7,113.9,113.3,113.4
1726648200,113.4,113.6,113.1,113.5
1726650000,113.5,114.3,113.4,114.2
1726651800,114.2,114.4,113.9,114.2
1726653600,114.3,114.3,113.8,114.1
1726655400,114.1,114.1,113.4,113.5
1726657200,113.5,113.8,113.2,113.8
1726659000,113.8,113.8,113.2,113.5
1726660800,113.5,113.6,113.3,113.5
1726662600,113.5,113.8,113.5,113.7
1726664400,113.7,114,113.5,113.8
1726666200,113.9,114.8,113.6,114.1
1726668000,114.1,114.5,113.7,114.4
1726669800,114.4,115.4,114,114.4
1726671600,114.2,114.2,114.2,114.2
1726727400,116.1,116.1,116.1,116.1
1726729200,116,116.6,115.4,115.5
1726731000,115.5,115.9,114.8,115.2
1726732800,115.2,115.5,114.9,115.4
1726734600,115.4,115.8,115.3,115.8
1726736400,115.7,115.8,115.4,115.6
1726738200,115.6,116,115.3,115.9
1726740000,116,116.3,115.6,115.7
1726741800,115.7,115.9,115.4,115.5
1726743600,115.6,116.8,115.2,116.4
1726745400,116.5,116.7,116,116.1
1726747200,116,116.4,116,116.1
1726749000,116.2,116.4,116,116.2
1726750800,116.2,116.6,116.1,116.6
1726752600,116.5,116.6,115.7,116
1726754400,116.1,116.4,116,116.3
1726756200,116.3,116.7,116.1,116.4
1726758000,116.5,116.5,116.5,116.5
1726813800,116.6,116.6,116.6,116.6
1726815600,116.5,117.1,115.3,116.5
1726817400,116.5,116.5,115.7,116.1
1726819200,116.2,116.5,116,116.5
1726821000,116.5,116.9,116.2,116.7
1726822800,116.7,117.1,116.5,116.8
1726824600,116.9,117,116.7,117
1726826400,117,117.5,116.8,117.3
1726828200,117.4,117.8,117.3,117.4
1726830000,117.4,117.6,117,117.2
1726831800,117.2,117.3,116.8,117
1726833600,117.1,117.5,117.1,117.4
1726835400,117.4,117.4,116.8,117.2
1726837200,117.3,117.5,117,117.2
1726839000,117.2,117.2,116,116.9
1726840800,116.9,118.2,116.7,118
1726842600,118,118.7,117.7,118.2
1726844400,118.2,119.2,118.2,119.2
1727073000,121,121,121,121
1727074800,121,122.8,120.3,122.5
1727076600,122.3,122.7,120.9,121.2
1727078400,121.2,121.9,120.8,121.5
1727080200,121.6,121.7,121.1,121.5
1727082000,121.5,121.6,120.9,121.2
1727083800,121.2,121.3,120.9,121.1
1727085600,121,121.3,120.7,121.1
1727087400,121,121.1,120.5,120.8
1727089200,120.9,121,120.4,120.6
1727091000,120.7,121.3,120.6,121.2
1727092800,121.2,121.3,120.5,120.6
1727094600,120.6,120.8,119.8,120.7
1727096400,120.6,120.8,120.2,120.2
1727098200,120.2,120.9,120.1,120.4
1727100000,120.5,121.2,120.4,120.8
1727101800,120.8,121.1,120,120.9
1727103600,121,121,120.6,120.6
1727159400,121,121,121,121
1727161200,121,122.6,120.1,122.5
1727163000,122.5,122.8,122,122.7
1727164800,122.8,125.1,122.7,124.9
1727166600,124.9,126,124.8,126
1727168400,125.9,127,125.5,126.4
1727170200,126.5,127.3,126.3,126.3
1727172000,126.3,127.3,126.1,126.1
1727173800,126.1,126.7,125.9,126.3
1727175600,126.3,126.4,125.2,125.3
1727177400,125.3,125.6,124.9,125.1
1727179200,125.1,125.5,124.8,124.8
1727181000,124.9,125,124,124.7
1727182800,124.6,125.2,124.3,124.8
1727184600,124.7,125.4,124.4,125.1
1727186400,125.2,125.2,124.5,124.7
1727188200,124.7,126.4,124.7,125.8
1727190000,125.8,126,125.8,126
1727245800,126.3,126.3,126.3,126.3
1727247600,126.2,127.4,125.3,126.2
1727249400,126.2,128.3,125.9,127.5
1727251200,127.5,128.4,127.1,127.2
1727253000,127.3,127.7,127.1,127.4
1727254800,127.4,127.8,127.2,127.6
1727256600,127.5,127.9,127.4,127.6
1727258400,127.6,127.6,126.8,127.4
1727260200,127.4,127.9,127.3,127.3
1727262000,127.4,127.6,127.2,127.5
1727263800,127.5,128.1,127.2,127.2
1727265600,127.2,127.3,125.7,126.1
1727267400,126,127.8,125.8,125.8
1727269200,125.8,126.7,125.5,126.4
1727271000,126.5,126.8,125.5,126.6
1727272800,126.7,126.8,125.7,126.6
1727274600,126.5,127.2,126.1,127.1
1727276400,126.9,126.9,126.9,126.9
1727332200,128,128,128,128
1727334000,128.1,129.7,127.1,127.2
1727335800,127.1,129.3,127,129.2
1727337600,129.2,129.3,128.2,128.9
1727339400,128.8,130.2,128.7,130.1
1727341200,130.2,130.9,129.5,129.7
1727343000,129.6,130,129.4,129.5
1727344800,129.6,130,129.3,129.6
1727346600,129.5,129.6,128.3,128.4
1727348400,128.4,128.5,127.6,127.7
1727350200,127.7,128.4,127.3,127.5
1727352000,127.5,127.8,126.2,126.5
1727353800,126.5,127.4,125.9,127
1727355600,127,127.4,126.8,127.2
1727357400,127.1,127.7,127.1,127.4
1727359200,127.4,127.6,125.7,125.9
1727361000,125.8,126.3,123.6,123.7
1727362800,123.8,123.8,123.8,123.8
1727418600,124.2,124.2,124.2,124.2
1727420400,124.1,124.4,121.6,122.3
1727422200,122.4,122.9,121.8,122.3
1727424000,122.3,122.8,122.2,122.5
1727425800,122.4,123.7,122.2,123.7
1727427600,123.6,123.9,123.2,123.4
1727429400,123.4,124,122.7,122.8
1727431200,122.8,122.8,122.4,122.5
1727433000,122.6,122.7,122.1,122.2
1727434800,122.2,122.7,122,122.6
1727436600,122.7,122.9,121.9,122.1
1727438400,122.1,122.5,122,122.3
1727440200,122.3,122.8,122,122.7
1727442000,122.7,123,122.1,122.2
1727443800,122.2,122.9,122.1,122.6
1727445600,122.5,122.8,121.5,122.1
1727447400,122.1,123.5,121.8,123
1727449200,123,123,123,123
1727677800,122.5,122.5,122.5,122.5
1727679600,122.5,122.7,120.1,120.6
1727681400,120.6,121.1,119.9,120.1
1727683200,120.1,120.6,119.9,120.4
1727685000,120.3,121.3,120.3,121
1727686800,121,121.2,120.7,120.9
1727688600,120.8,121.1,120.6,120.8
1727690400,120.9,120.9,120.5,120.7
1727692200,120.6,120.9,120.4,120.7
1727694000,120.6,121,120.2,120.4
1727695800,120.5,120.7,120.1,120.7
1727697600,120.7,121.3,120.4,120.7
1727699400,120.8,121.2,120.6,121
1727701200,120.9,121.7,120.9,121.4
1727703000,121.4,121.5,121,121.3
1727704800,121.3,121.6,120.4,121.5
1727706600,121.6,122.7,121.4,122.3
1727708400,122.4,122.4,122.4,122.4
1727764200,122.6,122.6,122.6,122.6
1727766000,122.5,124.6,122.3,123.9
1727767800,123.9,125,123.9,124
1727769600,124,124.5,123.9,124.5
1727771400,124.4,125,124.2,124.4
1727773200,124.4,124.5,123.6,124
1727775000,124,124.3,122,123
1727776800,123,124.1,122.7,123.6
1727778600,123.6,123.9,123.2,123.6
1727780400,123.6,123.7,122.7,123
1727782200,122.9,123.3,122.6,122.9
1727784000,122.9,123.1,122.5,122.6
1727785800,122.7,123.9,122.4,123.9
1727787600,123.9,125.2,123.9,124.9
1727789400,124.9,125,116.5,116.5
1727791200,119.9,122.7,119.7,121.2
1727793000,121.1,123.1,120.1,121.9
1727794800,121.7,121.7,121.7,121.7
1727850600,121.1,121.1,121.1,121.1
1727852400,121,122.1,118.5,118.6
1727854200,118.6,119.3,118.1,118.7
1727856000,118.7,118.8,116.8,118
1727857800,118,118.5,117.8,118.3
1727859600,118.3,118.3,117.5,117.8
1727861400,117.7,117.9,117,117.6
1727863200,117.5,119.1,117.4,118.8
1727865000,118.8,119,117.6,118
1727866800,118,118.1,117.3,117.5
1727868600,117.5,118,117.3,117.8
1727870400,117.7,118.7,117.6,118.4
1727872200,118.4,118.9,118.2,118.6
1727874000,118.6,118.9,117.6,117.8
1727875800,117.7,117.8,116.6,117
1727877600,116.9,117.5,116.2,116.9
1727879400,116.9,118.5,115.6,115.7
1727881200,115.8,115.8,115.6,115.6
1727937000,116.4,116.4,116.4,116.4
1727938800,116.4,117.3,114.1,115
1727940600,115.1,115.4,113.9,115
1727942400,114.9,115.9,114.8,115.2
1727944200,115.2,115.3,114.7,114.7
1727946000,114.8,116.2,114.7,115.8
1727947800,115.9,116.2,115.3,115.4
1727949600,115.4,115.9,115.2,115.3
1727951400,115.2,116,115.2,115.8
1727953200,115.9,116.5,115.5,116.2
1727955000,116.2,118,116.1,117.2
1727956800,117.3,117.5,115.3,116
1727958600,116,116,114.9,115.2
1727960400,115.1,115.2,114.1,114.3
1727962200,114.3,114.8,112.5,112.8
1727964000,112.6,113.8,112.5,113.1
1727965800,113.1,113.1,111.4,111.6
1727967600,112,112,112,112
1728023400,112.9,112.9,112.9,112.9
1728025200,112.8,113.5,111.9,112
1728027000,112.1,112.5,111.4,111.4
1728028800,111.4,112,110.7,111.1
1728030600,111.1,111.3,110.2,110.2
1728032400,110.2,110.2,109.1,109.3
1728034200,109.4,109.6,109.1,109.3
1728036000,109.3,109.6,108.6,109
1728037800,109,109.2,108.1,108.2
1728039600,108.1,108.9,107.9,108.5
1728041400,108.5,109.2,107.9,109.2
1728043200,109.2,109.3,108.3,108.6
1728045000,108.8,113,108.7,112
1728046800,112.1,112.3,110.7,111.6
1728048600,111.6,112.1,111.3,111.5
1728050400,111.5,115.8,111.5,115.6
1728052200,115.7,115.9,113.7,115.5
1728054000,115.5,115.5,115.5,115.5
1728282600,115.5,115.5,115.5,115.5
1728284400,115.6,117.1,114.2,115.8
1728286200,115.7,116,114.7,114.9
1728288000,114.8,115.8,114.7,115.7
1728289800,115.7,115.7,114.8,115
1728291600,114.9,115.6,114.5,115.1
1728293400,115.1,116.3,115,115.8
1728295200,115.8,115.9,115.1,115.4
1728297000,115.4,115.9,115.3,115.6
1728298800,115.7,116.4,115.5,115.7
1728300600,115.7,115.8,115.2,115.3
1728302400,115.3,116.3,115.2,115.7
1728304200,115.8,116.7,115.4,115.6
1728306000,115.6,115.8,115,115.4
1728307800,115.5,115.5,113.2,113.2
1728309600,113.3,114,112.6,113.4
1728311400,113.4,114.8,113.1,114.4
1728313200,113.8,113.8,113.8,113.8
1728369000,113.9,113.9,113.9,113.9
1728370800,113.8,115,113.3,113.7
1728372600,113.7,114.9,113.6,114.3
1728374400,114.3,114.5,113.5,114
1728376200,113.9,114.9,113.8,114.3
1728378000,114.4,115.2,114.4,114.9
1728379800,114.9,115,114,114.2
1728381600,114.3,114.8,114.2,114.4
1728383400,114.4,114.6,114.1,114.2
1728385200,114.2,114.7,114.1,114.3
1728387000,114.3,114.8,114.1,114.6
1728388800,114.6,117.1,114.5,117
1728390600,117,117.5,116.1,116.3
1728392400,116.4,117,115.8,116.8
1728394200,116.9,117,115.7,115.7
1728396000,115.6,115.7,114.1,114.7
1728397800,114.7,115.5,114.4,115
1728399600,115.3,115.3,115.3,115.3
1728455400,115.3,115.3,115.3,115.3
1728457200,115.3,115.7,113.6,113.8
1728459000,113.7,114.6,113,114.5
1728460800,114.4,114.5,113.5,113.8
1728462600,113.7,114.5,113.6,114.3
1728464400,114.3,114.3,113.8,113.9
1728466200,114,114.2,113.9,113.9
1728468000,114,114.6,113.8,114.5
1728469800,114.3,114.5,113.5,114
1728471600,114,114.7,113.9,114
1728473400,114.1,114.3,113.8,114.1
1728475200,114,114.5,113.6,114.2
1728477000,114.3,114.5,114,114.1
1728478800,114.1,114.9,113.7,114.8
1728480600,114.8,115.9,114.7,115.6
1728482400,115.6,118.3,115.4,118.1
1728484200,118,119.8,118,119.5
1728486000,119.6,120.1,119.6,120.1
1728541800,120.4,120.4,120.4,120.4
1728543600,120.3,121.3,119.6,120.1
1728545400,120,121.2,119.9,120.2
1728547200,120.1,120.7,119.9,120.4
1728549000,120.4,120.9,120.1,120.3
1728550800,120.3,120.4,119.6,120.3
1728552600,120.2,120.3,119.4,119.5
1728554400,119.5,120.2,119.5,119.8
1728556200,119.9,120.1,119.5,119.9
1728558000,119.8,120,119.5,119.8
1728559800,119.8,120.4,119.5,120.1
1728561600,120,120.5,119.1,120.3
1728563400,120.3,120.3,119.3,119.5
1728565200,119.4,120.1,119.2,119.5
1728567000,119.6,119.7,118.2,118.2
1728568800,118.1,118.6,117.5,118.3
1728570600,118.3,118.7,117.4,117.8
1728572400,117.8,117.9,117.6,117.6
1728628200,117.9,117.9,117.9,117.9
1728630000,117.9,119.4,117.4,119.3
1728631800,119.4,120.4,119.2,120.4
1728633600,120.3,121.8,120.3,120.9
1728635400,121,122.4,120.8,121.5
1728637200,121.4,122.2,121,121.7
1728639000,121.7,121.9,121.2,121.3
1728640800,121.3,121.5,121,121.2
1728642600,121.2,121.6,120.9,121.5
1728644400,121.5,121.9,121.2,121.4
1728646200,121.3,121.8,121.2,121.5
1728648000,121.4,122,120.8,121.6
1728649800,121.5,121.9,121.4,121.7
1728651600,121.7,121.8,120,120.2
1728653400,120.2,120.8,118.8,119
1728655200,119,120.1,118.4,119.6
1728657000,119.6,119.8,118.3,119.5
1728658800,119.4,119.4,119.4,119.4
1728887400,119.5,119.5,119.5,119.5
1728889200,119.5,121.5,119.2,120.2
1728891000,120.1,120.8,117.9,118.4
1728892800,118.3,119.1,118.1,118.2
1728894600,118.3,118.7,117.9,118.2
1728896400,118.2,118.6,118.1,118.4
1728898200,118.4,118.5,117.9,117.9
1728900000,117.9,118,117.1,117.7
1728901800,117.7,118.6,117.4,118.2
1728903600,118.2,119.1,118,119
1728905400,119,119.5,118.6,119
1728907200,118.9,119.1,118.4,118.8
1728909000,118.7,119.8,118.6,119.3
1728910800,119.2,119.3,117.5,118
1728912600,118,118.9,116.6,118.5
1728914400,118.5,118.8,117,117.1
1728916200,117.1,117.6,116.5,117.2
1728918000,117.2,117.2,116.5,116.5
1728973800,116.8,116.8,116.8,116.8
1728975600,116.8,117.5,114.7,115.2
1728977400,115.2,115.8,115,115.2
1728979200,115.2,115.4,114.7,115.3
1728981000,115.2,116.2,115,115.2
1728982800,115.2,115.5,114.7,115.2
1728984600,115.2,115.9,115,115.8
1728986400,115.9,117.7,115.9,117.5
1728988200,117.6,118.5,116.5,117.1
1728990000,117.1,117.5,116.6,116.9
1728991800,116.9,117.1,116,116.7
1728993600,116.7,117.6,116.6,117.2
1728995400,117.2,117.4,115.9,116.5
1728997200,116.5,117.3,116.3,116.8
1728999000,116.8,117.4,115.5,115.9
1729000800,115.8,117.2,115.7,116.9
1729002600,117,117.7,116.8,117.6
1729004400,117.5,117.5,117.5,117.5
1729060200,116.9,116.9,116.9,116.9
1729062000,116.9,117.4,115.4,115.6
1729063800,115.5,116.2,114.6,116
1729065600,116,116,115.2,115.4
1729067400,115.3,115.8,115.2,115.7
1729069200,115.7,115.7,115.1,115.4
1729071000,115.4,115.8,115.3,115.6
1729072800,115.6,115.6,115.2,115.4
1729074600,115.3,115.5,115,115.1
1729076400,115.2,115.3,114.7,115.3
1729078200,115.3,115.5,115.1,115.2
1729080000,115.3,115.5,115,115.2
1729081800,115.2,115.3,114.8,115.1
1729083600,115.1,116.2,115.1,115.5
1729085400,115.5,116.1,115.4,115.7
1729087200,115.7,115.9,114.9,115.8
1729089000,115.8,117.5,115.7,116.9
1729090800,116.9,116.9,116.9,116.9
1729146600,116.7,116.7,116.7,116.7
1729148400,116.7,117.6,116.3,116.8
1729150200,116.7,117.4,116.4,117
1729152000,116.9,117.7,116.8,116.9
1729153800,116.9,117,116.1,116.4
1729155600,116.3,116.8,116.2,116.5
1729157400,116.4,116.5,116.1,116.4
1729159200,116.4,116.7,116.2,116.3
1729161000,116.3,117.1,116.1,116.9
1729162800,116.9,116.9,115.5,116.5
1729164600,116.4,116.5,115.7,116
1729166400,115.9,115.9,115.2,115.7
1729168200,115.7,115.8,115.3,115.7
1729170000,115.7,116.6,115.5,116.5
1729171800,116.6,117.2,115.7,116
1729173600,116,116.4,115.2,115.6
1729175400,115.7,115.8,114.9,115.3
1729177200,114.8,114.8,114.8,114.8
1729233000,115.1,115.1,115.1,115.1
1729234800,115.1,116.5,115,116.1
1729236600,116,116.4,115,115.2
1729238400,115.2,115.7,115.1,115.7
1729240200,115.6,115.6,114.4,114.5
1729242000,114.5,115,114.1,114.5
1729243800,114.5,114.5,113.7,114.2
1729245600,114.2,114.2,113.6,113.9
1729247400,113.9,114,113.6,113.9
1729249200,113.8,114.1,113.7,113.9
1729251000,113.9,114.4,113.5,113.7
1729252800,113.6,114.2,113.5,113.8
1729254600,113.8,114,113.2,113.5
1729256400,113.4,113.5,112.2,112.8
1729258200,112.8,112.8,111.7,111.8
1729260000,111.7,112,110.6,111.2
1729261800,111.3,111.4,110,111
1729263600,110.9,110.9,110.9,110.9
1729492200,111.1,111.1,111.1,111.1
1729494000,111.2,111.7,109,109.9
1729495800,110,110.7,109.9,110.1
1729497600,110.2,110.6,110,110.3
1729499400,110.3,110.9,110,110.8
1729501200,110.6,110.9,110.3,110.7
1729503000,110.7,111.5,110.4,111.1
1729504800,111.1,112.1,111,111.4
1729506600,111.4,111.5,110.6,110.7
1729508400,110.7,111,110.4,111
1729510200,111,111.1,110.4,111
1729512000,110.9,111.2,110.6,110.7
1729513800,110.7,112,110.3,111.3
1729515600,111.4,112,111.1,111.4
1729517400,111.4,111.5,109.6,110.3
1729519200,110.2,110.5,108.5,109.1
1729521000,109.2,109.6,108,108.6
1729522800,108.6,108.6,108.6,108.6
1729578600,108.9,108.9,108.9,108.9
1729580400,108.9,109.5,107.9,108.7
1729582200,108.7,110.1,108.6,109.8
1729584000,109.8,112.6,109.4,111.9
1729585800,111.9,112.4,111.8,111.9
1729587600,111.8,112.5,111.8,111.9
1729589400,111.9,112,111.4,112
1729591200,112,112.1,111.5,111.6
1729593000,111.6,111.7,110.6,111.1
1729594800,111.1,111.2,110.8,110.8
1729596600,110.8,111.1,110.5,111.1
1729598400,111,113.1,110.9,112.7
1729600200,112.8,113.5,112.1,112.9
1729602000,113,113.9,112.6,112.8
1729603800,112.8,113.1,111.3,111.5
1729605600,111.4,112.1,111.1,111.9
1729607400,111.8,112.3,111.5,111.9
1729609200,111.7,111.7,111.7,111.7
1729665000,111.7,111.7,111.7,111.7
1729666800,111.8,112.3,110.4,110.6
1729668600,110.6,110.7,110.2,110.3
1729670400,110.3,110.3,109.5,109.6
1729672200,109.6,110,108.7,109.2
1729674000,109.2,109.4,108.5,108.9
1729675800,108.9,109.5,108.7,109.2
1729677600,109.2,109.5,108.9,109.2
1729679400,109.1,109.9,109.1,109.7
1729681200,109.7,110.7,109.3,110.7
1729683000,110.7,111.2,109.9,111.1
1729684800,111,112.1,110.8,111.8
1729686600,111.9,112.7,110.6,110.7
1729688400,110.7,111.4,109.4,109.9
1729690200,109.9,111.5,109.8,110.9
1729692000,110.9,111.2,109.9,110.9
1729693800,110.9,111.5,110.4,110.7
1729695600,110.8,110.8,110.8,110.8
1729751400,111.7,111.7,111.7,111.7
1729753200,111.8,113.7,111.7,113
1729755000,113,113.6,112.8,113
1729756800,113,113.2,112.3,112.5
1729758600,112.6,112.9,112.3,112.9
1729760400,112.9,113.1,112.6,112.7
1729762200,112.7,112.9,112.6,112.8
1729764000,112.8,113,112.4,112.5
1729765800,112.5,113.2,112.3,112.7
1729767600,112.8,113,112.6,112.8
1729769400,112.8,113.1,112.5,112.9
1729771200,112.9,113.1,112.6,113.1
1729773000,113,113.4,112.9,112.9
1729774800,113,113.4,111.8,112.1
1729776600,112.1,112.4,111.3,111.5
1729778400,111.6,112.3,111.3,111.7
1729780200,111.8,112.3,111.6,112.1
1729782000,112.2,112.2,112,112
1729837800,111.5,111.5,111.5,111.5
1729839600,111.4,112.1,111,111.5
1729841400,111.5,112.9,111.4,112.5
1729843200,112.5,112.8,111.9,112
1729845000,112.1,112.5,112,112.3
1729846800,112.4,112.5,111.7,112.4
1729848600,112.4,112.4,111.8,112.1
1729850400,112,112.2,111.7,111.8
1729852200,111.9,112.3,111.5,111.7
1729854000,111.7,111.7,111,111.2
1729855800,111.2,111.5,111.1,111.4
1729857600,111.3,111.3,110.5,110.8
1729859400,110.9,110.9,110.2,110.5
1729861200,110.4,110.6,110.1,110.4
1729863000,110.4,110.6,109.5,109.8
1729864800,109.7,111,109.5,110.8
1729866600,110.9,111.8,110.6,111.1
1729868400,111.2,111.2,111.2,111.2
1730097000,111.2,111.2,111.2,111.2
1730098800,111.2,111.6,110.5,110.9
1730100600,110.9,111.1,110.3,110.8
1730102400,110.8,110.8,110.4,110.5
1730104200,110.4,110.7,110.3,110.4
1730106000,110.4,110.6,110,110.3
1730107800,110,110,110,110
1730269800,110.2,110.2,110.2,110.2
1730271600,110.1,111.1,109.7,110.6
1730273400,110.5,110.8,109.3,109.5
1730275200,109.6,109.6,108.6,109
1730277000,109,109.3,108.8,109.1
1730278800,109.2,109.2,108.9,109.1
1730280600,109.1,109.2,109,109.2
1730282400,109.2,109.2,108.8,108.9
1730284200,108.9,109.1,108.8,108.9
1730286000,109,109.6,108.8,109.4
1730287800,109.5,110.4,109.3,110.3
1730289600,110.3,110.3,109.4,109.6
1730291400,109.6,110.3,109.4,109.8
1730293200,109.9,109.9,109.5,109.8
1730295000,109.7,110.3,109.6,109.7
1730296800,109.8,109.9,109.3,109.4
1730298600,109.5,109.6,108.7,108.9
1730300400,108.5,108.5,108.5,108.5
1730356200,109.5,109.5,109.5,109.5
1730358000,109.5,110.3,109.5,109.6
1730359800,109.5,109.9,109.3,109.7
1730361600,109.7,109.7,109.4,109.6
1730363400,109.7,109.7,109.3,109.4
1730365200,109.4,109.7,109.2,109.7
1730367000,109.7,109.7,109.3,109.4
1730368800,109.4,109.4,108.9,109.2
1730370600,109.2,109.3,109,109.2
1730372400,109.1,109.5,109.1,109.1
1730374200,109.2,109.2,108.8,108.9
1730376000,108.8,109.3,108.7,108.9
1730377800,109,109,108.7,108.8
1730379600,108.8,109.1,108.5,108.8
1730381400,108.8,108.9,108.4,108.4
1730383200,108.5,108.5,107.9,108.1
1730385000,108.1,108.1,106.5,106.6
1730386800,106.5,106.9,106.5,106.9
1730442600,107.4,107.4,107.4,107.4
1730444400,107.4,108.8,107.4,108.4
1730446200,108.4,108.7,107.5,107.5
1730448000,107.6,108.4,107.5,108.4
1730449800,108.3,108.5,108.1,108.4
1730451600,108.4,108.4,105.6,105.7
1730453400,105.7,106.8,105.4,106.4
1730455200,106.4,106.5,106.1,106.2
1730457000,106.2,106.2,105.7,106.2
1730458800,106.2,106.2,105.7,105.9
1730460600,105.9,106.6,105.9,106.1
1730462400,106.1,106.3,105.9,106.2
1730464200,106.2,106.7,106.1,106.1
1730466000,106.2,106.4,105.9,106.3
1730467800,106.2,106.5,105.7,105.8
1730469600,105.8,106,105.4,105.9
1730471400,105.9,106.1,105.7,105.8
1730473200,105.8,105.8,105.6,105.6
1730701800,105.2,105.2,105.2,105.2
1730703600,105.1,105.9,104.5,105.2
1730705400,105.2,105.3,104.5,104.9
1730707200,104.9,105.1,104.4,104.7
1730709000,104.7,104.8,104.4,104.5
1730710800,104.6,104.6,103.8,104.1
1730712600,104.2,104.6,104,104.2
1730714400,104.2,104.4,104,104.3
1730716200,104.4,104.5,103.9,103.9
1730718000,103.9,104.1,103.4,103.6
1730719800,103.6,103.6,102.1,102.3
1730721600,102.3,102.8,101.9,102.3
1730723400,102.3,102.3,101,101.7
1730725200,101.8,102.5,101.6,102.2
1730727000,102.2,102.3,100.6,100.8
1730728800,100.8,101.5,99.95,99.95
1730730600,100,100.7,99.85,100.3
1730732400,100.3,100.5,100.3,100.5
1730788200,101.1,101.1,101.1,101.1
1730790000,101.2,101.8,99.05,100.1
1730791800,100.1,100.6,99.25,99.35
1730793600,99.3,100.4,99.05,100.1
1730795400,100.2,100.3,99.6,100.2
1730797200,100.2,100.4,99.9,100.2
1730799000,100.2,100.5,99.95,100
1730800800,100,100.1,99.6,99.85
1730802600,99.85,100.1,99.35,99.75
1730804400,99.75,99.95,99.5,99.7
1730806200,99.7,99.9,99.45,99.6
1730808000,99.6,99.85,99.5,99.6
1730809800,99.55,99.65,99.2,99.3
1730811600,99.25,99.3,98.8,98.95
1730813400,98.95,99.2,98.4,98.65
1730815200,98.6,99.25,98.55,98.65
1730817000,98.65,99,97.85,97.85
1730818800,97.75,97.75,97.75,97.75
1730874600,98.15,98.15,98.15,98.15
1730876400,98.15,99.1,97.4,97.45
1730878200,97.45,98,97.2,98
1730880000,97.95,99.6,97.75,99.2
1730881800,99.15,99.45,98.85,99.25
1730883600,99.25,100.5,99,100.1
1730885400,100.2,100.2,99.7,100.1
1730887200,100.2,100.7,100.1,100.4
1730889000,100.4,101.4,100.3,101.4
1730890800,101.4,101.6,100.9,101.5
1730892600,101.5,101.7,100.6,100.9
1730894400,100.9,102.9,100.8,102.2
1730896200,102.2,103,102.2,102.6
1730898000,102.6,103,102.4,102.7
1730899800,102.7,103.1,102.1,102.2
1730901600,102.1,102.4,101.8,101.8
1730903400,101.8,102.1,101.4,102.1
1730905200,101.8,101.8,101.8,101.8
1730961000,102,102,102,102
1730962800,102,103.3,101.7,102.7
1730964600,102.7,103.5,102.2,103.3
1730966400,103.4,103.6,102.7,103.4
1730968200,103.4,103.4,103.1,103.1
1730970000,103.1,103.5,102.8,102.9
1730971800,103,103.2,102.7,103
1730973600,103,103.1,102.7,103
1730975400,103,103.2,102.9,103.2
1730977200,103.1,103.2,102.9,102.9
1730979000,103,103.9,102.8,103.6
1730980800,103.7,103.9,102.7,102.9
1730982600,103,103.6,102.6,103.4
1730984400,103.4,104.2,103.2,103.2
1730986200,103.3,103.3,102.5,103.2
1730988000,103.2,105.7,103,105.6
1730989800,105.6,105.8,104.7,104.9
1730991600,105.2,105.2,105.2,105.2
1731047400,105.3,105.3,105.3,105.3
1731049200,105.2,105.5,104.4,104.7
1731051000,104.7,105.3,104.5,105
1731052800,105,107.7,104.9,107.5
1731054600,107.5,109.3,107.5,108.3
1731056400,108.2,109.1,108,108.8
1731058200,108.8,109.1,108.4,108.8
1731060000,108.8,109,108.4,108.6
1731061800,108.6,108.7,107.9,108.3
1731063600,108.3,110.1,108.2,109.8
1731065400,109.8,110,109.1,109.7
1731067200,109.7,109.8,109.2,109.7
1731069000,109.7,110.1,109.2,109.5
1731070800,109.5,109.8,109,109.6
1731072600,109.6,109.7,109.2,109.4
1731074400,109.5,110.1,109.2,109.9
1731076200,109.9,110,109,109.6
1731078000,109.8,109.8,109.8,109.8
1731306600,110,110,110,110
1731308400,110,112.4,109.9,111.5
1731310200,111.4,111.7,110.4,110.8
1731312000,110.8,111.4,110.5,110.7
1731313800,110.7,110.9,110.5,110.8
1731315600,110.8,112.5,110.8,112.1
1731317400,112.1,112.3,111.7,111.9
1731319200,112,112.2,111.2,111.9
1731321000,111.9,111.9,110.7,111.1
1731322800,111.1,111.9,110.9,111.8
1731324600,111.8,112.6,111.2,112.1
1731326400,112.2,112.7,111.8,111.9
1731328200,111.8,112.3,111.6,112
1731330000,112.1,112.5,112,112.4
1731331800,112.5,113.1,112.3,113
1731333600,113.1,113.3,111.8,111.9
1731335400,111.9,112,111,111.8
1731337200,111.8,111.8,111.8,111.8
1731393000,111.3,111.3,111.3,111.3
1731394800,111.4,112.6,111.1,111.4
1731396600,111.3,111.9,110.4,111.6
1731398400,111.7,111.9,111.1,111.5
1731400200,111.5,111.7,111.2,111.4
1731402000,111.3,112.2,111.3,112.1
1731403800,112.2,112.4,111.7,112
1731405600,111.9,111.9,111.4,111.4
1731407400,111.4,111.4,110.9,111.1
1731409200,111.1,111.8,111,111.4
1731411000,111.4,111.5,110.5,111
1731412800,111.1,111.3,110.8,111.1
1731414600,111,112.1,111,111.6
1731416400,111.5,112.3,111.4,112.2
1731418200,112.3,112.7,111.9,112
1731420000,111.9,112.2,111.3,112.1
1731421800,112.1,112.3,111.6,111.6
1731423600,111.8,111.8,111.8,111.8
1731479400,111.2,111.2,111.2,111.2
1731481200,111.2,111.8,110.1,110.2
1731483000,110.2,110.5,109.2,109.3
1731484800,109.2,109.9,109.2,109.8
1731486600,109.7,110,109.6,109.9
1731488400,109.9,109.9,109.5,109.7
1731490200,109.7,110.1,109.5,109.9
1731492000,109.9,110.7,109.9,110.1
1731493800,110.1,111.4,110,111.3
1731495600,111.4,112.7,111.3,112.7
1731497400,112.6,112.9,111.9,112.3
1731499200,112.4,113.7,112.2,113.1
1731501000,113.1,113.4,112.6,112.8
1731502800,112.9,113.6,112.7,113.4
1731504600,113.4,116.8,113.4,115.9
1731506400,115.9,116.1,114.4,114.6
1731508200,114.6,114.9,113,113.7
1731510000,113.5,113.5,113.5,113.5
1731565800,114.2,114.2,114.2,114.2
1731567600,114.2,115,113.5,114.5
1731569400,114.5,114.7,113.8,114.2
1731571200,114.2,114.3,113.4,113.7
1731573000,113.7,114.1,113.4,113.9
1731574800,113.9,114.5,113.4,114.5
1731576600,114.5,114.5,113.8,114
1731578400,114,114.5,113.8,113.9
1731580200,114,114,113.5,113.8
1731582000,113.8,114.2,113.7,113.8
1731583800,113.9,114,113.6,113.7
1731585600,113.7,114.4,113.2,113.6
1731587400,113.6,113.8,113,113.6
1731589200,113.5,113.9,113.3,113.5
1731591000,113.6,114.3,113.3,114.1
1731592800,114.2,114.3,113,113.3
1731594600,113.3,114.2,113.2,113.8
1731596400,113.8,113.8,113.8,113.8
1731652200,114.3,114.3,114.3,114.3
1731654000,114.3,115.3,113.9,115.2
1731655800,115.3,116.6,115.1,116
1731657600,115.9,116.1,115.3,115.4
1731659400,115.5,115.8,115.1,115.1
1731661200,115.2,115.4,114.7,115.2
1731663000,115.2,115.5,115.1,115.2
1731664800,115.2,115.3,114.7,114.8
1731666600,114.9,115.2,114.7,114.7
1731668400,114.8,114.9,114.2,114.4
1731670200,114.4,114.5,113.6,113.9
1731672000,113.8,114.3,112.9,113.5
1731673800,113.5,114.1,113.3,114.1
1731675600,114.1,114.3,113.5,113.7
1731677400,113.7,113.7,113.1,113.4
1731679200,113.5,114.1,113.2,113.5
1731681000,113.5,113.9,112.6,112.8
1731682800,113,113,113,113
1731911400,113.6,113.6,113.6,113.6
1731913200,113.6,114.2,112.4,112.9
1731915000,112.9,113.3,112.6,113.1
1731916800,113,114.1,112.9,114
1731918600,114,114,113.4,113.5
1731920400,113.5,113.9,113.2,113.6
1731922200,113.6,114.2,113.6,113.9
1731924000,114,114.3,113.4,113.6
1731925800,113.5,113.8,113.4,113.5
1731927600,113.4,113.9,113.2,113.7
1731929400,113.7,114,113.5,113.6
1731931200,113.5,113.8,113.4,113.4
1731933000,113.4,114,113.4,114
1731934800,114,114,113.5,113.7
1731936600,113.6,114.1,113.4,113.5
1731938400,113.5,114.7,113.2,114.4
1731940200,114.4,114.5,113.4,113.8
1731942000,113.8,113.8,113.8,113.8
1731997800,114.4,114.4,114.4,114.4
1731999600,114.3,114.5,113.3,113.3
1732001400,113.3,113.8,112.8,113
1732003200,112.9,113,112.4,112.6
1732005000,112.6,113,112.3,112.7
1732006800,112.7,113,112.5,112.6
1732008600,112.6,112.7,111.6,111.8
1732010400,111.8,112.2,111.6,112
1732012200,112,112,111.5,111.8
1732014000,111.7,111.9,110.9,110.9
1732015800,111,111.5,110.6,110.6
1732017600,110.7,111.1,110.6,110.9
1732019400,110.9,110.9,109.6,109.9
1732021200,109.9,110.3,109.6,110.1
1732023000,110,110,109.1,109.5
1732024800,109.6,111.7,109.3,111.5
1732026600,111.5,111.6,110.7,110.9
1732028400,110.8,110.8,110.8,110.8
1732084200,111.4,111.4,111.4,111.4
1732086000,111.4,112.5,111.3,111.6
1732087800,111.6,112.6,111.5,112.2
1732089600,112.2,112.4,111.9,112.1
1732091400,112.2,113.3,112,113
1732093200,113,113,112.4,112.7
1732095000,112.6,112.7,112.1,112.3
1732096800,112.3,112.8,112.2,112.4
1732098600,112.4,112.6,112.3,112.4
1732100400,112.4,112.5,111.9,112.4
1732102200,112.4,113.2,112.2,112.7
1732104000,112.8,112.9,112.1,112.4
1732105800,112.4,112.8,112.3,112.4
1732107600,112.4,112.5,111.9,112.3
1732109400,112.3,112.3,111.5,111.8
1732111200,111.8,111.9,109.8,110
1732113000,110,110.1,108.5,108.9
1732114800,108.9,109,108.9,109
1732170600,110,110,110,110
1732172400,110,111,109.8,110.5
1732174200,110.6,111.5,110.5,111.3
1732176000,111.3,111.4,110.7,111
1732177800,111,111.6,110.9,111.3
1732179600,111.3,111.8,111,111.4
1732181400,111.3,111.6,111.1,111.6
1732183200,111.6,112.2,111.5,112.1
1732185000,112,112.6,111.7,112.5
1732186800,112.4,114.2,111.6,114
1732188600,113.9,114.7,113.7,114.2
1732190400,114.2,114.6,113.7,113.8
1732192200,113.7,114,113.5,113.7
1732194000,113.7,114.1,113.5,113.8
1732195800,113.7,114.6,113.5,114.4
1732197600,114.4,115.2,114.2,115
1732199400,115,115.3,114.5,114.6
1732201200,114.7,114.7,114.7,114.7
1732257000,114.8,114.8,114.8,114.8
1732258800,114.8,115.3,114,114.4
1732260600,114.4,115.4,114,115.4
1732262400,115.4,116.6,115.4,116.3
1732264200,116.3,119.3,116.2,118.8
1732266000,118.9,120.3,118.5,118.8
1732267800,118.7,119.3,118.5,119
1732269600,119.1,119.3,118.5,118.6
1732271400,118.6,119.2,118.5,118.6
1732273200,118.7,118.9,117.7,118.3
1732275000,118.3,118.8,117.9,118.5
1732276800,118.5,119.5,118.3,119.1
1732278600,119.2,119.7,118.9,119.2
1732280400,119.2,119.6,119,119.4
1732282200,119.5,119.6,119.2,119.5
1732284000,119.5,119.9,119.2,119.4
1732285800,119.4,119.6,119.1,119.2
1732287600,119.5,119.5,119.5,119.5
1732516200,120.5,120.5,120.5,120.5
1732518000,120.6,121.6,119.5,120
1732519800,120,120,117.9,119
1732521600,118.9,120.5,118.9,119.1
1732523400,119.1,119.9,119,119.5
1732525200,119.5,120.1,119.4,119.7
1732527000,119.6,120,119.5,119.7
1732528800,119.6,120.5,119.6,120.4
1732530600,120.4,120.9,120,120.8
1732532400,120.7,120.9,120.1,120.5
1732534200,120.4,120.9,120.3,120.4
1732536000,120.4,121.1,120.2,121
1732537800,121,121.3,120.5,121.2
1732539600,121.2,121.2,120.1,120.4
1732541400,120.4,120.7,120.1,120.7
1732543200,120.6,121.1,119.9,120.1
1732545000,120.1,120.2,119.4,120
1732546800,120.3,120.3,120.3,120.3
1732602600,120.4,120.4,120.4,120.4
1732604400,120.3,120.3,119.2,119.5
1732606200,119.5,120.6,118.8,118.9
1732608000,118.9,120.7,118.7,120.5
1732609800,120.5,121.9,120.4,121.3
1732611600,121.3,121.6,120.9,121.1
1732613400,121.1,121.1,120.6,120.9
1732615200,120.9,121,120.6,120.6
1732617000,120.6,120.7,120.2,120.6
1732618800,120.5,121,120.2,120.5
1732620600,120.5,120.9,120.4,120.7
1732622400,120.7,120.8,119.9,120.1
1732624200,120.1,120.4,119.2,120.1
1732626000,120.1,120.4,119.8,119.9
1732627800,120,120.2,119.4,119.5
1732629600,119.5,120.3,119.2,120.1
1732631400,120,120.6,119.8,120.4
1732633200,120.5,120.5,120.5,120.5
1732689000,122,122,122,122
1732690800,122,122.6,121.6,122.1
1732692600,122.2,122.3,120.8,121.2
1732694400,121.1,121.6,120,121.3
1732696200,121.4,121.9,120.7,120.8
1732698000,120.8,121.1,120.7,121.1
1732699800,121.1,121.1,120.7,120.9
1732701600,121,121.8,120.8,121.4
1732703400,121.4,122.2,121.3,121.7
1732705200,121.6,122.2,121.1,121.2
1732707000,121.2,121.8,121.1,121.4
1732708800,121.5,121.5,120.1,121.1
1732710600,121.1,121.4,120.9,120.9
1732712400,120.9,121.4,120.5,121.3
1732714200,121.3,121.8,121,121.1
1732716000,121.1,121.6,120.3,120.7
1732717800,120.8,120.8,120,120.3
1732719600,120.1,120.1,120.1,120.1
1732775400,120,120,120,120
1732777200,120.1,120.6,119.7,120.3
1732779000,120.3,120.9,120,120.4
1732780800,120.3,120.6,120.2,120.5
1732782600,120.5,120.5,120.1,120.3
1732784400,120.3,120.4,120.1,120.1
1732786200,120.1,120.6,119.9,120.6
1732788000,120.6,121.9,120.4,121.7
1732789800,121.7,122.1,121.5,121.7
1732791600,121.8,121.8,120.9,121.3
1732793400,121.3,121.4,120.9,120.9
1732795200,120.9,121.3,120.5,120.8
1732797000,120.8,121,120.5,121
1732798800,121,121.5,120.8,121.2
1732800600,121.3,122.2,121.2,121.4
1732802400,121.3,121.8,121.2,121.5
1732804200,121.4,121.9,121.3,121.7
1732806000,121.9,121.9,121.9,121.9
1732861800,122.1,122.1,122.1,122.1
1732863600,122.1,122.8,121.6,121.6
1732865400,121.6,121.7,121.2,121.5
1732867200,121.5,121.5,120.8,121.3
1732869000,121.3,121.3,120.9,121.1
1732870800,121.2,121.6,121,121.1
1732872600,121.1,121.3,121,121.3
1732874400,121.3,122,121.2,121.6
1732876200,121.6,121.6,121.1,121.4
1732878000,121.3,121.4,121.1,121.3
1732879800,121.3,121.9,121.2,121.6
1732881600,121.6,121.7,121.2,121.4
1732883400,121.4,122.1,121.3,121.7
1732885200,121.7,122.4,121.6,121.8
1732887000,121.8,122.5,121.4,121.8
1732888800,121.9,122.2,119.5,119.9
1732890600,119.9,121.2,119.5,121
1732892400,120.5,120.5,120.5,120.5
1733121000,119.5,119.5,119.5,119.5
1733122800,119.4,119.6,118.1,119
1733124600,118.9,119.3,118.1,118.2
1733126400,118.3,118.9,118.2,118.8
1733128200,118.8,119,118.5,118.7
1733130000,118.8,118.9,118.6,118.7
1733131800,118.7,119.9,118.7,119.4
1733133600,119.4,119.5,118.9,119.3
1733135400,119.3,120,119.2,119.6
1733137200,119.6,119.9,119.4,119.8
1733139000,119.8,119.8,119.3,119.5
1733140800,119.4,119.7,119.2,119.5
1733142600,119.5,119.7,119.4,119.6
1733144400,119.5,119.8,119.4,119.5
1733146200,119.5,120.1,119.1,119.6
1733148000,119.7,120.7,119.7,120.6
1733149800,120.5,121.1,120,120.7
1733151600,120.8,120.8,120.8,120.8
1733207400,121.8,121.8,121.8,121.8
1733209200,121.8,124.9,119.6,124.4
1733211000,124.4,124.7,124,124.5
1733212800,124.5,125.8,124.4,125.3
1733214600,125.2,125.5,124.8,125.1
1733216400,125.2,125.3,124.5,124.7
1733218200,124.6,124.8,124.4,124.6
1733220000,124.6,125,124.6,124.7
1733221800,124.7,124.9,124.5,124.6
1733223600,124.6,125.1,124.6,124.8
1733225400,124.8,125.2,124.7,124.7
1733227200,124.7,124.9,124.6,124.8
1733229000,124.9,125.4,124.7,125.1
1733230800,125.2,125.2,124.7,125.1
1733232600,125.1,125.3,124.8,124.9
1733234400,124.9,125.1,124.6,124.8
1733236200,124.9,124.9,124.1,124.7
1733238000,124.7,124.7,124.7,124.7
1733293800,125.2,125.2,125.2,125.2
1733295600,125.2,126.2,124.4,124.8
1733297400,124.8,125.5,124.3,125.3
1733299200,125.2,125.3,124.7,124.9
1733301000,124.8,125,124.6,124.7
1733302800,124.7,125.1,124.5,124.9
1733304600,124.9,125.1,124.8,124.8
1733306400,124.8,124.9,124.4,124.8
1733308200,124.8,125.2,124.6,124.9
1733310000,124.9,125,124.6,124.9
1733311800,124.9,125.6,124.7,125.5
1733313600,125.5,125.5,124.6,124.8
1733315400,124.8,124.8,123.7,124.4
1733317200,124.4,124.4,122.5,123.4
1733319000,123.4,123.8,123.2,123.8
1733320800,123.8,124.6,123.5,124.1
1733322600,124,124.3,123.1,123.3
1733324400,123.8,123.8,123.8,123.8
1733380200,124.4,124.4,124.4,124.4
1733382000,124.3,124.8,123.8,124.4
1733383800,124.4,125.2,124.3,125
1733385600,125,125,124.6,124.8
1733387400,124.8,124.9,124.4,124.7
1733389200,124.7,124.8,124.2,124.4
1733391000,124.4,124.7,124.2,124.4
1733392800,124.3,124.5,124.2,124.2
1733394600,124.2,124.7,124.2,124.6
1733396400,124.7,124.8,124.1,124.2
1733398200,124.2,124.3,123.9,124
1733400000,124,124.4,123.9,124.1
1733401800,124.2,124.5,123.1,123.5
1733403600,123.5,124,122.5,123.7
1733405400,123.8,124.2,123.7,124.1
1733407200,124,124.8,124,124.5
1733409000,124.5,124.6,124,124.2
1733410800,124.4,124.4,124.4,124.4
1733466600,129,129,129,129
1733468400,128.9,130.3,128.5,128.9
1733470200,129,129.3,128.5,129.1
1733472000,129.1,129.5,128.6,129
1733473800,129,129.1,128.7,128.8
1733475600,128.8,129,128.6,128.8
1733477400,128.9,129.3,128.8,129.1
1733479200,129.1,129.4,128.9,129.3
1733481000,129.3,129.4,129.1,129.3
1733482800,129.3,129.4,129.1,129.3
1733484600,129.2,129.8,129,129.6
1733486400,129.6,129.8,129.3,129.4
1733488200,129.5,129.7,129.3,129.5
1733490000,129.5,129.6,129.1,129.4
1733491800,129.3,129.7,129.2,129.3
1733493600,129.3,129.5,128.6,128.8
1733495400,128.9,129,128.6,128.7
1733497200,128.8,128.8,128.6,128.6
1733725800,130,130,130,130
1733727600,130,130.1,127.9,128.2
1733729400,128.1,128.8,127.8,128.1
1733731200,128.1,128.6,128,128.2
1733733000,128.2,128.3,127.9,128.1
1733734800,128.1,128.2,127.7,128.1
1733736600,128.2,128.4,127.9,128.2
1733738400,128.3,128.9,128.2,128.4
1733740200,128.4,128.8,128.2,128.8
1733742000,128.7,129,128.6,128.6
1733743800,128.6,128.7,128,128.5
1733745600,128.5,129.7,128.3,129.5
1733747400,129.5,130.1,129.3,129.5
1733749200,129.4,129.8,129.3,129.3
1733751000,129.4,129.6,129,129
1733752800,129.1,130.6,129,130.2
1733754600,130.3,131.5,130,131.5
1733756400,132,132,132,132
1733812200,132,132,132,132
1733814000,131.9,132.6,131.1,132.1
1733815800,132,132.2,131.6,131.7
1733817600,131.7,132,130.8,130.9
1733819400,130.9,131.7,130.8,131.2
1733821200,131.1,131.3,130.4,130.6
1733823000,130.5,130.8,130.3,130.7
1733824800,130.6,130.7,130.1,130.2
1733826600,130.1,130.3,129.7,129.9
1733828400,129.9,130.1,129.3,129.7
1733830200,129.7,130.1,129.3,130
1733832000,130.1,130.2,129.1,129.4
1733833800,129.4,129.8,128.8,129.7
1733835600,129.6,129.8,128.8,128.9
1733837400,128.8,129.5,128.8,129.5
1733839200,129.5,129.5,128.6,128.8
1733841000,128.8,128.9,128.2,128.9
1733842800,128.9,128.9,128.9,128.9
1733898600,129,129,129,129
1733900400,128.9,129.2,127.1,127.9
1733902200,128,128.2,127.7,127.9
1733904000,127.9,128,127.5,127.5
1733905800,127.5,127.6,126.5,126.6
1733907600,126.6,126.6,122.6,122.6
1733909400,124.9,125.4,124.6,124.7
1733911200,124.7,124.7,124,124.3
1733913000,124.4,124.6,123.3,124.4
1733914800,124.4,124.7,124,124.4
1733916600,124.4,124.7,123.8,124
1733918400,124,124.7,123.9,124.4
1733920200,124.5,124.6,123.5,123.9
1733922000,123.8,124.7,123.5,124.3
1733923800,124.4,125.8,124.4,125.1
1733925600,125.1,125.2,123.7,124.9
1733927400,124.9,126.2,124.5,126.2
1733929200,126,126,126,126
1733985000,126.9,126.9,126.9,126.9
1733986800,126.8,127.4,124.8,126.4
1733988600,126.4,126.6,126,126.2
1733990400,126.3,126.9,126,126.6
1733992200,126.7,127,126.3,126.6
1733994000,126.7,126.8,126.2,126.4
1733995800,126.3,126.7,126.3,126.5
1733997600,126.4,126.7,126.3,126.5
1733999400,126.5,126.6,126,126.2
1734001200,126.2,127.5,126.2,127.2
1734003000,127.3,127.6,126.9,127.1
1734004800,127.1,127.7,126.9,127.7
1734006600,127.6,127.8,126.9,127
1734008400,127,127.4,126.9,127.2
1734010200,127.2,127.2,126.6,126.8
1734012000,126.9,127.1,126.3,126.4
1734013800,126.4,126.5,124.9,125.5
1734015600,125.8,125.8,125.8,125.8
1734071400,124.5,124.5,124.5,124.5
1734073200,124.4,125.1,123.6,124.2
1734075000,124.2,124.6,123.9,124.4
1734076800,124.3,125.9,124.1,125.8
1734078600,125.7,125.8,124.7,125.1
1734080400,125.1,125.3,124.4,124.7
1734082200,124.6,125,124.6,124.8
1734084000,124.8,124.9,124.6,124.7
1734085800,124.7,125.4,124.6,125.2
1734087600,125.2,126.1,125.2,125.9
1734089400,126,126.3,125.7,125.8
1734091200,125.7,126.5,125.6,126.1
1734093000,126.1,126.3,125.2,126.3
1734094800,126.2,126.5,125.9,126
1734096600,126,126.2,125.9,126
1734098400,126,126.6,125.7,126.3
1734100200,126.3,127.8,126.2,127.7
1734102000,127.8,127.8,127.8,127.8
1734330600,127.8,127.8,127.8,127.8
1734332400,127.7,128.4,126.6,127.4
1734334200,127.4,127.4,126.6,126.7
1734336000,126.7,129.1,126.7,128.7
1734337800,128.8,129.5,128.6,129
1734339600,128.9,129.3,128.6,129
1734341400,129,129.4,128.7,129.2
1734343200,129.2,129.4,128.8,128.9
1734345000,128.9,129.7,128.7,129.3
1734346800,129.3,129.6,129.2,129.3
1734348600,129.3,129.4,128.6,128.7
1734350400,128.7,129.2,128.7,128.9
1734352200,128.8,129.6,128.6,129.3
1734354000,129.3,129.4,128.6,128.9
1734355800,128.9,129,128.4,128.6
1734357600,128.6,129,128.3,128.9
1734359400,128.9,129,128.1,128.1
1734361200,127.8,127.8,127.8,127.8
1734417000,128.1,128.1,128.1,128.1
1734418800,128,129.7,127.8,129
1734420600,129,129.3,128.8,129.3
1734422400,129.3,129.5,128.1,128.1
1734424200,128.1,128.3,127.5,127.6
1734426000,127.6,128.3,127.5,128
1734427800,128,128,127.2,127.8
1734429600,127.8,128.4,127.6,127.9
1734431400,127.9,128.7,127.9,128.2
1734433200,128.2,128.3,127.5,128
1734435000,128,128.4,127.5,127.8
1734436800,127.7,128.1,127.6,127.7
1734438600,127.8,127.9,126.8,127.7
1734440400,127.7,128.1,127.2,128.1
1734442200,128.1,130.2,128,129.8
1734444000,129.9,131.5,129.5,130.8
1734445800,130.8,131.4,130.5,130.5
1734447600,130.6,130.6,130.5,130.5
1734503400,129.9,129.9,129.9,129.9
1734505200,129.9,130.5,129.2,129.5
1734507000,129.5,130.5,129.2,129.6
1734508800,129.5,129.7,129.3,129.4
1734510600,129.3,129.8,128.9,129.7
1734512400,129.6,129.8,129.4,129.6
1734514200,129.5,129.5,129,129.1
1734516000,129,129.2,128.9,129.1
1734517800,129.2,129.4,129,129
1734519600,129,129.4,129,129.3
1734521400,129.3,129.9,129.1,129.9
1734523200,129.9,130.5,129.8,130.3
1734525000,130.2,131.3,130,131.2
1734526800,131.3,131.5,130.1,130.3
1734528600,130.3,130.8,130.1,130.7
1734530400,130.6,130.7,129.1,129.3
1734532200,129.3,129.5,128.5,128.6
1734534000,128.6,128.6,128.4,128.4
1734589800,126.3,126.3,126.3,126.3
1734591600,126.5,128.5,126.2,128.2
1734593400,128.2,128.8,127.5,127.6
1734595200,127.7,127.9,127.3,127.3
1734597000,127.4,128.5,127.3,128.5
1734598800,128.4,128.5,127.7,128
1734600600,127.9,128.4,127.8,128.2
1734602400,128.3,128.4,127.6,127.7
1734604200,127.7,128,127.6,127.7
1734606000,127.7,127.8,127.5,127.7
1734607800,127.6,127.9,127.5,127.6
1734609600,127.6,128.1,127.4,128
1734611400,128.1,128.2,127.5,127.6
1734613200,127.6,127.8,127.3,127.6
1734615000,127.6,127.8,126.3,127
1734616800,127,127.7,126.7,127
1734618600,127,127.2,124.7,124.7
1734620400,124.9,124.9,124.7,124.7
1734676200,125.1,125.1,125.1,125.1
1734678000,125.1,125.8,124.6,125.1
1734679800,125.1,126,124.6,126
1734681600,126,126.3,124.9,125.5
1734683400,125.5,125.7,124.7,125
1734685200,125.1,125.3,124.8,125.2
1734687000,125.2,125.3,125,125
1734688800,125,125.4,125,125.2
1734690600,125.1,125.5,125,125.4
1734692400,125.5,125.5,124.7,124.8
1734694200,124.8,125.5,124.3,125.1
1734696000,125.1,125.3,124.5,124.9
1734697800,124.9,125,124.1,124.7
1734699600,124.8,125.6,124.6,125
1734701400,125,126.2,124.3,124.6
1734703200,124.7,125.2,124.3,125.2
1734705000,125.1,125.4,124.7,124.9
1734706800,125.4,125.4,125.4,125.4
1734935400,126.2,126.2,126.2,126.2
1734937200,126.3,127.7,126.2,126.9
1734939000,126.8,127.5,126.8,127
1734940800,127,127.2,126.4,126.5
1734942600,126.5,126.8,126.3,126.7
1734944400,126.7,126.7,126,126.4
1734946200,126.4,126.8,126.2,126.6
1734948000,126.5,126.9,126.2,126.3
1734949800,126.4,126.5,125.9,126
1734951600,125.9,126.1,125.1,125.7
1734953400,125.6,125.9,125.3,125.8
1734955200,125.8,125.9,125.3,125.7
1734957000,125.6,125.8,125.4,125.5
1734958800,125.6,125.7,125.1,125.2
1734960600,125.1,125.2,124.4,124.7
1734962400,124.7,124.7,124.1,124.4
1734964200,124.4,125.5,123.1,125.4
1734966000,125.4,125.4,125.4,125.4
1735021800,125.7,125.7,125.7,125.7
1735023600,125.7,126.4,125.3,125.9
1735025400,125.8,126.8,125.6,126.6
1735027200,126.6,126.8,125.5,125.5
1735029000,125.5,126,125.2,126
1735030800,126,126.1,125.8,125.9
1735032600,125.9,126,125.4,125.5
1735034400,125.5,125.6,125.1,125.5
1735036200,125.5,125.6,125.3,125.3
1735038000,125.4,125.4,124.9,125.1
1735039800,125,125.2,124.7,124.8
1735041600,124.7,125.5,124.7,125.5
1735043400,125.5,125.6,124.9,125
1735045200,124.9,125.6,124.8,125.4
1735047000,125.4,126,125.2,125.7
1735048800,125.7,126,125.1,125.7
1735050600,125.9,126.8,125.5,126.4
1735052400,126.4,126.5,126.4,126.5
1735108200,131,131,131,131
1735110000,131,131.5,130.7,130.8
1735111800,130.8,131.1,130.3,131
1735113600,131,131.1,130.5,130.5
1735115400,130.6,130.7,130.4,130.5
1735117200,130.6,130.9,130.3,130.8
1735119000,130.9,131.2,130.7,130.8
1735120800,130.8,131,130.7,130.7
1735122600,130.8,132.1,130.7,132
1735124400,132.1,132.3,131.6,131.8
1735126200,131.8,132.4,131.7,132.4
1735128000,132.4,132.5,132.1,132.2
1735129800,132.2,132.5,131.6,132
1735131600,132,132.3,131.1,131.2
1735133400,131.2,132,131.1,131.5
1735135200,131.5,131.9,131.5,131.7
1735137000,131.7,133.3,131.7,133.2
1735138800,133.3,133.3,133.3,133.3
1735194600,134.7,134.7,134.7,134.7
1735196400,134.7,135.2,133.8,134.3
1735198200,134.2,135,134.2,135
1735200000,135,135.8,134.7,134.7
1735201800,134.8,134.9,133.1,133.9
1735203600,133.9,134.2,133.8,134.1
1735205400,134.1,134.4,134,134.3
1735207200,134.3,134.4,134,134.3
1735209000,134.2,134.8,134.1,134.7
1735210800,134.8,135.5,132,133.7
1735212600,133.8,133.9,132.6,132.8
1735214400,132.8,132.9,132,132.5
1735216200,132.4,133,132.3,132.5
1735218000,132.5,132.6,131.5,131.6
1735219800,131.5,132.2,130.9,131.5
1735221600,131.5,132.3,131,131.5
1735223400,131.6,131.8,130.5,131.1
1735225200,131,131,131,131
1735281000,131.1,131.1,131.1,131.1
1735282800,131.1,132.2,130.8,132
1735284600,132,132.6,131.6,131.6
1735286400,131.7,132.1,131.3,131.5
1735288200,131.5,131.6,130.7,131.2
1735290000,131.1,131.4,131.1,131.3
1735291800,131.2,131.3,131,131.3
1735293600,131.3,131.6,131.2,131.4
1735295400,131.4,131.5,131.1,131.3
1735297200,131.3,131.4,130.8,130.9
1735299000,130.9,131.1,130.5,131.1
1735300800,131.1,131.2,130.5,130.6
1735302600,130.6,130.9,129.9,130.8
1735304400,130.8,131.6,130.6,131
1735306200,131.1,131.6,130.4,131
1735308000,131,131.2,130.4,130.5
1735309800,130.5,130.7,129.8,129.9
1735311600,130,130,130,130
1735540200,130.2,130.2,130.2,130.2
1735542000,130.2,130.5,129.2,129.4
1735543800,129.5,129.8,128.9,129.6
1735545600,129.6,129.7,129.2,129.6
1735547400,129.5,130.7,129.3,130.5
1735549200,130.5,130.6,129.9,130.1
1735551000,130,130.1,129.4,129.6
1735552800,129.5,129.7,129.2,129.3
1735554600,129.4,129.4,128.2,128.5
1735556400,128.5,128.8,128.1,128.1
1735558200,128.2,128.6,128.1,128.4
1735560000,128.5,128.8,128.3,128.4
1735561800,128.4,128.4,127.7,127.8
1735563600,127.8,128,127.6,127.9
1735565400,127.9,128.1,127.4,128.1
1735567200,128.1,128.3,127.4,127.5
1735569000,127.4,127.6,126.6,126.6
1735570800,126.2,126.2,126.2,126.2
1735626600,126,126,126,126
1735628400,125.9,127,125.7,126.8
1735630200,126.8,126.9,125.5,125.6
1735632000,125.5,126.3,125.2,126.1
1735633800,126.1,126.6,125.9,126.5
1735635600,126.5,126.6,125.6,126.1
1735637400,126,126.7,126,126.5
1735639200,126.5,126.8,126.2,126.3
1735641000,126.3,126.8,126.2,126.5
1735642800,126.5,126.9,125.8,125.9
1735644600,125.8,126.4,125.7,126
1735646400,126,126.2,125.6,126.1
1735648200,126.2,126.5,125.9,126.2
1735650000,126.2,126.6,126.2,126.4
1735651800,126.4,126.8,125.9,126
1735653600,126,126.6,125.9,126.3
1735655400,126.3,126.4,123.8,124.3
1735657200,124.3,124.4,124.3,124.4
1735799400,125.5,125.5,125.5,125.5
1735801200,125.4,127.6,124.9,126.4
1735803000,126.4,127.5,126.4,126.7
1735804800,126.7,127.8,126.6,126.9
1735806600,126.9,127.9,126.6,127.8
1735808400,127.8,128.1,127.4,127.9
1735810200,127.9,128.4,127.8,128
1735812000,128,128.5,127.9,128.5
1735813800,128.4,128.6,128.1,128.3
1735815600,128.4,129,128.2,128.8
1735817400,128.8,129.1,128.4,128.6
1735819200,128.7,128.9,128.5,128.9
1735821000,128.8,129.1,128.7,129.1
1735822800,129.1,129.4,128.9,129.1
1735824600,129.1,129.3,128.7,128.9
1735826400,128.9,129.1,128.3,128.5
1735828200,128.5,128.7,128,128.7
1735830000,128.8,128.8,128.8,128.8
1735885800,129.6,129.6,129.6,129.6
1735887600,129.6,131.2,129.4,129.7
1735889400,129.6,130,128.9,129.1
1735891200,129.1,129.1,128.3,128.3
1735893000,128.3,128.8,128.2,128.4
1735894800,128.5,129.2,128.5,129
1735896600,129.1,129.1,128.5,128.6
1735898400,128.6,128.7,128.4,128.6
1735900200,128.7,130,128.7,129.7
1735902000,129.6,129.8,129.1,129.2
1735903800,129.2,130,129.2,129.9
1735905600,129.8,130.4,129.6,130.3
1735907400,130.4,130.4,129.9,129.9
1735909200,130,130.3,129.5,130.3
1735911000,130.3,130.3,129.7,129.8
1735912800,129.9,130.2,129.7,129.9
1735914600,129.9,130,128.6,129
1735916400,129,129.1,129,129.1
1736145000,129.5,129.5,129.5,129.5
1736146800,129.5,131,129.3,130.9
1736148600,130.9,131.5,130.3,130.4
1736150400,130.3,131,130.2,130.7
1736152200,130.7,130.8,130.1,130.2
1736154000,130.2,130.4,130.1,130.2
1736155800,130.2,130.2,129.7,129.8
1736157600,129.8,130.2,129.7,129.9
1736159400,130,130,129.6,129.8
1736161200,129.8,130.3,129.7,130.2
1736163000,130.3,130.7,130.2,130.3
1736164800,130.4,130.9,130.2,130.6
1736166600,130.5,131.4,130.5,131.1
1736168400,131.2,131.3,130.7,131.1
1736170200,131.1,131.4,131,131.2
1736172000,131.3,131.3,130,130.1
1736173800,130,130.1,129.2,129.3
1736175600,129.5,129.5,129.5,129.5
1736231400,129.5,129.5,129.5,129.5
1736233200,129.5,129.9,128.4,129.5
1736235000,129.5,130.2,129.3,129.6
1736236800,129.6,129.8,129,129.4
1736238600,129.3,129.6,129,129.2
1736240400,129.2,129.2,128.3,128.7
1736242200,128.6,128.9,128.5,128.9
1736244000,128.9,129,128.5,129
1736245800,128.9,129,128.5,128.9
1736247600,128.9,129,128.5,128.7
1736249400,128.8,129,128.5,128.8
1736251200,128.8,129,128.6,128.6
1736253000,128.7,129,128.5,128.8
1736254800,128.8,129.6,128.7,129.3
1736256600,129.4,129.5,129,129.1
1736258400,129.1,129.5,127.1,127.6
1736260200,127.6,128.1,127.1,127.3
1736262000,127,127,127,127
1736317800,126.8,126.8,126.8,126.8
1736319600,126.7,127.7,126.6,127.3
1736321400,127.3,128.2,126.8,128.2
1736323200,128.1,128.1,127.2,127.6
1736325000,127.7,128.1,126.8,126.9
1736326800,126.9,127.5,126.8,127.2
1736328600,127.3,127.3,126.8,126.9
1736330400,127,127.1,126.7,127.1
1736332200,127.1,127.4,126.8,127
1736334000,127,128,127,127.9
1736335800,127.9,128,127.4,127.8
1736337600,127.7,128.1,127.4,127.8
1736339400,127.8,128.9,127.6,128.7
1736341200,128.7,129.1,128.6,128.7
1736343000,128.7,128.9,127.9,128.3
1736344800,128.2,128.4,127.5,128.2
1736346600,128.2,128.3,127.4,127.6
1736348400,127.7,127.7,127.7,127.7
1736404200,128.3,128.3,128.3,128.3
1736406000,128.3,128.8,127.9,128
1736407800,128,128.1,127.4,127.9
1736409600,127.8,127.9,127.2,127.4
1736411400,127.5,127.5,126.8,127
1736413200,127,128.1,126.9,127.9
1736415000,127.9,128.3,127.4,127.5
1736416800,127.5,127.6,127.3,127.5
1736418600,127.5,128.2,127.5,127.7
1736420400,127.7,128.1,127.5,128
1736422200,128,128.8,128,128.7
1736424000,128.7,129.1,128.6,128.7
1736425800,128.7,129,128.5,128.6
1736427600,128.6,129.4,128.2,129
1736429400,129,129.7,128.4,129.6
1736431200,129.7,130.9,129.5,130.5
1736433000,130.5,131.3,130.4,130.9
1736434800,130.8,130.8,130.8,130.8
1736490600,131,131,131,131
1736492400,131,131.4,130.1,130.5
1736494200,130.4,130.9,130.3,130.7
1736496000,130.8,130.9,130.3,130.3
1736497800,130.4,130.4,129.8,130.1
1736499600,130,130.1,129.7,129.9
1736501400,129.9,130.1,129.8,129.8
1736503200,129.8,130.4,129.8,130
1736505000,130,130,129.5,129.8
1736506800,129.8,130.4,129.7,130.1
1736508600,130.2,130.4,130,130.1
1736510400,130.1,130.3,130,130.2
1736512200,130.1,130.9,130,130.8
1736514000,130.8,130.9,130.2,130.7
1736515800,130.7,130.7,127.8,128.1
1736517600,128.1,128.4,127.4,127.7
1736519400,127.6,128.1,126.6,128.1
1736521200,128.1,128.1,128.1,128.1
1736749800,128,128,128,128
1736751600,127.9,128.4,127.4,127.9
1736753400,127.9,128.4,127.6,128.2
1736755200,128.1,128.2,127.1,127.2
1736757000,127.2,127.7,126.8,126.9
1736758800,126.9,127.6,126.6,127.3
1736760600,127.4,127.5,127,127.2
1736762400,127.1,127.4,126.6,126.6
1736764200,126.6,127,126.5,126.9
1736766000,126.8,127,126.6,126.9
1736767800,126.9,127,126.1,126.3
1736769600,126.3,126.7,126.1,126.5
1736771400,126.6,128.3,126.4,128
1736773200,128.1,128.5,127.5,127.9
1736775000,127.9,128,127.5,127.8
1736776800,127.9,127.9,126.7,127
1736778600,127.1,127.6,126.6,127.2
1736780400,127.4,127.4,127.4,127.4
1736836200,128.1,128.1,128.1,128.1
1736838000,128.1,129.1,127.8,128.3
1736839800,128.2,128.5,128,128.4
1736841600,128.5,130.1,128.5,129.8
1736843400,129.8,131.1,129.7,130.9
1736845200,130.9,131.3,129.5,129.9
1736847000,129.8,130.1,129.6,129.7
1736848800,129.7,130.2,129.3,130.1
1736850600,130.1,130.2,129.6,129.8
1736852400,129.8,129.9,128.9,129
1736854200,129,129.1,128.1,128.3
1736856000,128.2,128.3,127.1,127.4
1736857800,127.4,127.5,125.7,126.2
1736859600,126.3,126.8,125.5,125.8
1736861400,125.8,127.7,125.7,126.7
1736863200,126.6,127.2,126.2,126.8
1736865000,126.8,127.4,126.1,127
1736866800,127.3,127.3,127.3,127.3
1736922600,127.4,127.4,127.4,127.4
1736924400,127.4,128.2,127.1,127.7
1736926200,127.7,128,127.3,127.3
1736928000,127.4,127.6,127,127.2
1736929800,127.2,127.5,127,127.5
1736931600,127.5,127.5,126.9,127.2
1736933400,127.3,127.7,127.2,127.4
1736935200,127.4,127.6,127.1,127.2
1736937000,127.1,127.6,127.1,127.5
1736938800,127.5,127.8,127.4,127.4
1736940600,127.4,128.1,127.4,127.9
1736942400,127.9,128.5,127.8,128.2
1736944200,128.2,128.7,128.2,128.5
1736946000,128.5,129.3,128.2,129
1736947800,129.1,130,127.6,127.7
1736949600,127.8,128.3,127.3,127.8
1736951400,127.8,128.3,127.4,128.3
1736953200,128.3,128.3,128.3,128.3
1737009000,130,130,130,130
1737010800,129.9,130.3,129.4,129.6
1737012600,129.6,129.7,128.9,129.1
1737014400,129.1,129.4,128.8,129
1737016200,128.9,129.1,128.2,128.3
1737018000,128.3,128.6,127.9,127.9
1737019800,127.9,128.5,127.8,128.2
1737021600,128.3,128.3,127.7,128.2
1737023400,128.1,128.2,127.6,128.1
1737025200,128.1,128.8,128,128.6
1737027000,128.6,129.1,128.6,128.8
1737028800,128.8,128.8,128.3,128.7
1737030600,128.7,129.1,128.5,128.5
1737032400,128.6,129.4,128.5,128.8
1737034200,128.8,129.1,128.4,128.7
1737036000,128.7,130.2,128.6,129.7
1737037800,129.7,130.6,129.5,130
1737039600,129.8,129.8,129.8,129.8
1737095400,129.8,129.8,129.8,129.8
1737097200,129.8,130.3,129.5,130.3
1737099000,130.3,130.9,130.1,130.5
1737100800,130.5,131,130.4,130.9
1737102600,130.9,131.9,130.8,131.7
1737104400,131.8,133.1,131.7,133.1
1737106200,133,133.1,132.3,132.7
1737108000,132.6,133,132.5,132.7
1737109800,132.7,133.1,132.5,133.1
1737111600,133.1,133.2,131.1,131.9
1737113400,131.9,132.6,131.8,132.6
1737115200,132.5,132.7,132.3,132.5
1737117000,132.5,132.6,131.3,131.6
1737118800,131.5,132.6,131.1,132.5
1737120600,132.5,132.9,131.8,131.9
1737122400,131.9,132.3,131.7,132.1
1737124200,132.1,132.8,131.9,132.6
1737126000,132.7,132.8,132.7,132.8
1737354600,134,134,134,134
1737356400,134.1,135,133.4,133.4
1737358200,133.5,133.5,133.1,133.1
1737360000,133.2,133.3,132.8,133
1737361800,133,133,132.5,133
1737363600,132.9,133.1,132.5,132.6
1737365400,132.6,132.7,132.3,132.4
1737367200,132.4,132.5,131.7,131.8
1737369000,131.7,132,131,132
1737370800,132,132.3,131.8,132.1
1737372600,132.1,132.5,131.9,132
1737374400,132,132.3,131.9,132.1
1737376200,132.1,132.3,131.9,132.2
1737378000,132.2,133,131.9,133
1737379800,133,133.4,132.4,132.7
1737381600,132.7,133.2,132.4,132.9
1737383400,133,134,133,134
1737385200,134,134,134,134
1737441000,133.6,133.6,133.6,133.6
1737442800,133.6,135.5,133.5,134.5
1737444600,134.5,134.9,134.4,134.8
1737446400,134.7,135.6,134.4,135.2
1737448200,135.2,135.6,134.8,135.3
1737450000,135.4,135.5,134.9,135
1737451800,135,135.3,134.7,134.9
1737453600,134.8,135,134.6,134.9
1737455400,134.8,135.2,134.8,135
1737457200,135.1,135.7,135,135.4
1737459000,135.5,135.5,134.8,134.9
1737460800,134.9,135,134.4,134.7
1737462600,134.7,135,134.5,134.8
1737464400,134.8,135.1,134.5,135.1
1737466200,135,135.4,134.7,135.2
1737468000,135.2,135.3,134.3,134.4
1737469800,134.4,134.4,133.6,134.1
1737471600,133.8,133.8,133.8,133.8
1737527400,134.6,134.6,134.6,134.6
1737529200,134.6,135.1,134.3,135
1737531000,135,135.9,134.8,135.7
1737532800,135.7,135.8,135.3,135.4
1737534600,135.5,136,135.4,135.9
1737536400,135.9,136.3,135.8,136.2
1737538200,136.3,136.4,135.8,135.9
1737540000,136,136.1,135.7,136
1737541800,136,136.2,135.7,135.8
1737543600,135.7,136.2,135.5,136.2
1737545400,136.2,136.3,135.8,136.2
1737547200,136.3,136.5,136.1,136.1
1737549000,136.2,136.4,136.1,136.1
1737550800,136.1,136.3,135.7,135.9
1737552600,135.9,137.2,135.7,137
1737554400,137,137.3,136.8,137.2
1737556200,137.1,137.8,137,137.7
1737558000,137.8,137.8,137.8,137.8
1737613800,138.8,138.8,138.8,138.8
1737615600,138.7,139.2,137.5,138.5
1737617400,138.5,138.6,137.5,137.9
1737619200,137.8,138.1,136.4,137
1737621000,137,137.2,135.5,135.8
1737622800,135.8,135.8,135,135.3
1737624600,135.3,135.5,134.8,135
1737626400,135,135.6,135,135.4
1737628200,135.4,135.5,135.2,135.5
1737630000,135.5,135.7,134.4,135.5
1737631800,135.5,135.5,134.2,134.4
1737633600,134.4,135.2,134.1,135
1737635400,135,135.1,134.3,134.4
1737637200,134.4,134.5,133.5,133.8
1737639000,133.8,135,133.8,134.5
1737640800,134.4,134.9,133.7,134
1737642600,133.9,134.1,133,133.8
1737644400,133.5,133.5,133.5,133.5
1737700200,133.6,133.6,133.6,133.6
1737702000,133.6,134.1,132.5,133.1
1737703800,133.1,133.2,132.4,132.6
1737705600,132.6,132.8,131.7,131.9
1737707400,131.8,132.4,131.6,132
1737709200,132.1,132.6,132,132.3
1737711000,132.4,132.5,132.1,132.1
1737712800,132.1,132.2,131.5,131.7
1737714600,131.6,132.3,131.5,132.3
1737716400,132.3,132.7,132.1,132.2
1737718200,132.2,132.4,131.9,132
1737720000,132,132.2,131.6,131.9
1737721800,132,132.2,131.6,131.7
1737723600,131.7,132.2,131.6,131.8
1737725400,131.8,132.1,131.5,131.9
1737727200,131.9,133.1,131.8,132.9
1737729000,133,133.1,131.9,132.2
1737730800,132.3,132.3,132.3,132.3
1737959400,129.8,129.8,129.8,129.8
1737961200,129.7,131.5,129.5,131.4
1737963000,131.4,132.8,131.3,131.6
1737964800,131.6,133.2,131.6,133
1737966600,133,133.7,132.9,133.2
1737968400,133.2,133.4,132.9,133
1737970200,133,133.7,132.9,133.7
1737972000,133.8,134,133.5,133.5
1737973800,133.6,134.1,133.5,133.8
1737975600,133.7,133.8,133.4,133.5
1737977400,133.5,133.7,132.9,133.1
1737979200,133.1,133.5,133,133.3
1737981000,133.3,133.8,132.7,133.2
1737982800,133.1,133.8,133.1,133.4
1737984600,133.5,133.5,132.9,133.3
1737986400,133.3,133.6,133.1,133.2
1737988200,133.3,134.3,133.2,134.1
1737990000,134,134,133.8,133.8
1738045800,134.5,134.5,134.5,134.5
1738047600,134.5,134.7,133.2,133.5
1738049400,133.5,133.5,132.9,133.2
1738051200,133.2,134.3,133.2,134.1
1738053000,134,134.8,133.8,134.6
1738054800,134.6,134.8,134,134.1
1738056600,134.2,134.3,133.9,134
1738058400,134.1,134.4,134,134.3
1738060200,134.3,134.9,134.2,134.9
1738062000,134.9,135.5,134.6,135
1738063800,135,135.1,134.7,134.8
1738065600,134.9,135,134.3,134.6
1738067400,134.5,134.7,134.3,134.5
1738069200,134.5,134.7,134.3,134.6
1738071000,134.6,135.2,134.4,135.1
1738072800,135.2,135.7,134.8,135.6
1738074600,135.5,135.8,135.3,135.4
1738076400,135.5,135.5,135.5,135.5
1738132200,135.7,135.7,135.7,135.7
1738134000,135.7,136.4,135.4,136.3
1738135800,136.3,136.6,135.7,135.8
1738137600,135.8,136.9,135.8,136.6
1738139400,136.6,137.1,136.5,136.7
1738141200,136.7,136.8,136.4,136.5
1738143000,136.6,136.6,136.4,136.5
1738144800,136.5,136.7,136.4,136.6
1738146600,136.6,136.6,136.3,136.5
1738148400,136.5,136.6,136.2,136.4
1738150200,136.3,136.4,135.5,135.9
1738152000,136,136.1,134.2,134.3
1738153800,134.4,135.2,134.1,135
1738155600,134.9,135.6,134.9,135.1
1738157400,135.2,137,135.1,136.5
1738159200,136.6,136.7,136,136.5
1738161000,136.5,136.6,135.3,135.4
1738162800,134.8,134.8,134.8,134.8
1738218600,134.8,134.8,134.8,134.8
1738220400,134.9,135.5,133.1,133.3
1738222200,133.3,133.6,132.6,132.7
1738224000,132.7,133,132.4,132.4
1738225800,132.4,132.5,132.1,132.3
1738227600,132.3,132.8,132.2,132.6
1738229400,132.6,132.7,132.3,132.6
1738231200,132.6,132.8,132.4,132.7
1738233000,132.7,133.1,132.5,132.8
1738234800,132.9,133.3,132.8,133
1738236600,133.2,133.3,132.8,133
1738238400,133,133.4,132.9,133.1
1738240200,133.2,133.3,132.9,132.9
1738242000,132.9,133,132.6,132.9
1738243800,132.9,133,132.5,132.7
1738245600,132.6,132.9,131.8,132.1
1738247400,132.1,132.2,131.6,131.8
1738249200,131.6,131.6,131.6,131.6
1738305000,131.9,131.9,131.9,131.9
1738306800,131.9,132.8,131,131.5
1738308600,131.5,131.8,131.3,131.8
1738310400,131.7,132.1,131.1,131.3
1738312200,131.2,131.6,130.6,130.7
1738314000,130.8,131.1,130.5,130.8
1738315800,130.9,130.9,129.4,129.6
1738317600,129.5,129.8,129,129.6
1738319400,129.6,129.7,128.6,128.9
1738321200,128.9,129,128.4,128.7
1738323000,128.7,129.1,128.5,129
1738324800,129,129.2,128.9,129.1
1738326600,129.1,129.2,127.9,128
1738328400,128,128.5,127.7,128.2
1738330200,128.2,128.8,128,128.7
1738332000,128.7,129,128.2,128.5
1738333800,128.5,128.7,126.9,127.3
1738335600,127.4,127.4,127.3,127.3
1738564200,125.1,125.1,125.1,125.1
1738566000,125.1,125.6,120.1,121
1738567800,121,122,120.6,121.8
1738569600,121.8,122.8,121.4,122.6
1738571400,122.6,123.9,122.3,123.3
1738573200,123.3,123.3,122.5,122.9
1738575000,122.8,123,122.5,122.5
1738576800,122.6,122.7,122.4,122.6
1738578600,122.5,122.9,122.5,122.9
1738580400,122.9,124.4,122.8,124.3
1738582200,124.4,124.6,123.6,123.8
1738584000,123.7,125.8,123.5,125.7
1738585800,125.7,126,125,125.3
1738587600,125.3,125.6,124.9,125.2
1738589400,125.2,125.2,124.3,124.6
1738591200,124.6,124.8,123.2,124.4
1738593000,124.4,125,124.2,124.5
1738594800,124.4,124.6,124.4,124.6
1738650600,125.2,125.2,125.2,125.2
1738652400,125.2,125.7,124.5,125.2
1738654200,125.2,125.3,124.5,124.7
1738656000,124.7,125.2,123.5,125.2
1738657800,125.1,125.3,124.7,125.1
1738659600,125.2,125.7,125.1,125.6
1738661400,125.5,126.2,125.4,125.9
1738663200,125.9,126.3,125.7,126
1738665000,126.1,126.3,126,126
1738666800,126.1,126.4,126,126.3
1738668600,126.3,126.6,126.1,126.4
1738670400,126.4,127,126.3,126.8
1738672200,126.9,127.5,126.7,127
1738674000,127,127.2,126.7,126.9
1738675800,126.8,127.1,126.2,126.3
1738677600,126.3,126.6,125.4,125.6
1738679400,125.6,125.8,125,125.2
1738681200,125.2,125.2,125.2,125.2
1738737000,125.4,125.4,125.4,125.4
1738738800,125.4,126.6,125.3,126.1
1738740600,126.1,126.3,125.6,125.7
1738742400,125.6,126,125,125.1
1738744200,125,125.3,124.4,125.2
1738746000,125.2,125.2,124.9,125
1738747800,125,125.2,124.7,124.8
1738749600,124.8,125.7,124.7,125.7
1738751400,125.6,125.7,124.8,124.9
1738753200,124.9,125.3,124.8,125.1
1738755000,125.1,126.1,125,125.8
1738756800,125.7,126.1,125.6,126.1
1738758600,126.1,126.2,125,125.1
1738760400,125.1,125.4,123.2,123.5
1738762200,123.5,124.1,122.6,123.8
1738764000,123.9,124.1,123.1,123.3
1738765800,123.3,124.7,123.1,124
1738767600,124.1,124.1,124.1,124.1
1738823400,125.2,125.2,125.2,125.2
1738825200,125.3,125.7,125.1,125.3
1738827000,125.4,125.4,124.6,124.8
1738828800,124.7,126.2,124.5,126.1
1738830600,126.2,127.4,125.8,127
1738832400,127.1,127.7,126.6,127.4
1738834200,127.4,127.9,127.3,127.4
1738836000,127.4,128.2,127.4,128
1738837800,128.1,128.2,127.5,127.7
1738839600,127.7,127.8,127.3,127.7
1738841400,127.7,127.7,127,127.1
1738843200,127.2,127.4,127,127.1
1738845000,127,127.1,126.4,126.7
1738846800,126.8,126.9,126.4,126.9
1738848600,126.9,127.7,126.8,127.4
1738850400,127.5,127.6,127,127.1
1738852200,127.1,127.7,126.8,127.4
1738854000,127.6,127.6,127.6,127.6
1738909800,127.3,127.3,127.3,127.3
1738911600,127.2,127.7,126.7,127.2
1738913400,127.2,127.8,126.8,126.9
1738915200,126.9,127.1,125.6,126.1
1738917000,126.1,126.9,125.9,126.6
1738918800,126.5,126.7,126.3,126.6
1738920600,126.7,127.1,126.6,126.8
1738922400,126.9,128,126.9,127.8
1738924200,127.8,128,127.4,128
1738926000,128,128.3,127.3,127.5
1738927800,127.5,128,127.2,127.4
1738929600,127.4,128,127.3,127.9
1738931400,127.9,128,127.5,127.6
1738933200,127.6,127.8,127.3,127.8
1738935000,127.8,128.6,127.6,128.6
1738936800,128.6,129.1,128.2,128.7
1738938600,128.7,129.2,128.4,128.7
1738940400,128.6,128.6,128.6,128.6
1739169000,128.8,128.8,128.8,128.8
1739170800,128.8,129.2,128.2,129
1739172600,129.1,129.1,127.9,128
1739174400,128.1,128.5,127.8,128.3
1739176200,128.3,128.5,128,128.2
1739178000,128.1,128.4,128.1,128.1
1739179800,128.2,128.2,127.7,128
1739181600,127.9,128.1,127.8,128.1
1739183400,128.1,128.6,128,128.2
1739185200,128.3,128.4,127.7,127.8
1739187000,127.8,127.9,127.4,127.6
1739188800,127.6,127.8,127.4,127.7
1739190600,127.7,128,127.5,127.8
1739192400,127.8,128.1,127.6,127.8
1739194200,127.8,127.9,127.5,127.5
1739196000,127.5,128.1,127.5,127.9
1739197800,128,128.1,127.4,127.8
1739199600,127.6,127.6,127.6,127.6
1739255400,127.1,127.1,127.1,127.1
1739257200,127.2,129,127,128.9
1739259000,128.9,129.2,128,128.2
1739260800,128.1,128.7,128,128.5
1739262600,128.4,129,128.3,129
1739264400,128.9,129.3,128.7,129.1
1739266200,129.1,129.3,128.7,128.8
1739268000,128.9,129,128.7,128.8
1739269800,128.7,129,128.6,128.9
1739271600,128.9,128.9,128.4,128.6
1739273400,128.6,128.9,128.1,128.7
1739275200,128.7,128.9,128.4,128.9
1739277000,128.9,129.5,128.6,129.4
1739278800,129.4,129.5,128.9,129.1
1739280600,129.1,129.4,128.8,128.8
1739282400,128.8,129.3,128.7,129.2
1739284200,129.2,129.7,129,129.6
1739286000,129.6,129.6,129.6,129.6
1739341800,129.6,129.6,129.6,129.6
1739343600,129.6,130.5,129.6,130
1739345400,130,130.4,129.8,129.8
1739347200,129.8,130.2,129.5,129.6
1739349000,129.6,129.7,129.2,129.4
1739350800,129.5,129.9,129.1,129.8
1739352600,129.7,129.9,129.6,129.8
1739354400,129.9,130.2,129.5,130.1
1739356200,130.1,130.2,129.6,129.8
1739358000,129.7,129.9,129,129.3
1739359800,129.3,130,129.2,129.6
1739361600,129.6,129.9,129.4,129.8
1739363400,129.8,129.9,129.4,129.9
1739365200,129.9,130,129.4,129.8
1739367000,129.8,129.8,128.7,129.5
1739368800,129.5,129.9,129.3,129.7
1739370600,129.7,130.3,129.4,129.6
1739372400,129.5,129.5,129.5,129.5
1739428200,130.7,130.7,130.7,130.7
1739430000,130.8,131.2,129.6,130.1
1739431800,130,130.5,129.4,130.4
1739433600,130.4,131,130.3,130.8
1739435400,130.8,131.1,130.4,130.5
1739437200,130.5,131,130.4,130.9
1739439000,131,131.1,130.7,130.9
1739440800,130.9,130.9,130.4,130.6
1739442600,130.7,130.8,130.6,130.8
1739444400,130.8,130.8,130.6,130.7
1739446200,130.7,130.9,130.6,130.6
1739448000,130.6,130.8,130.2,130.4
1739449800,130.4,130.5,130.1,130.3
1739451600,130.2,130.5,129.9,130.1
1739453400,130.1,130.4,129.9,130.3
1739455200,130.2,130.5,130,130
1739457000,130.1,130.5,129.9,130.1
1739458800,130,130.2,130,130.2
1739514600,130.4,130.4,130.4,130.4
1739516400,130.4,130.8,129.7,129.9
1739518200,129.8,130,129.4,129.4
1739520000,129.4,129.8,129.4,129.8
1739521800,129.7,130.2,129.6,129.8
1739523600,129.8,130.3,129.7,130.2
1739525400,130.2,130.6,130.1,130.2
1739527200,130.2,130.4,130.1,130.4
1739529000,130.4,130.6,130.2,130.2
1739530800,130.3,130.9,130.2,130.7
1739532600,130.6,130.9,130,130.2
1739534400,130.3,130.6,129.9,130.1
1739536200,130.1,130.5,129.8,130.4
1739538000,130.4,130.5,130.2,130.3
1739539800,130.3,130.4,129.7,129.7
1739541600,129.7,130.2,129.5,129.7
1739543400,129.8,130,129.3,129.4
1739545200,129,129,129,129
1739773800,129.1,129.1,129.1,129.1
1739775600,129.1,129.5,128.6,128.7
1739777400,128.7,129,128.6,128.8
1739779200,128.8,129.7,128.6,129.7
1739781000,129.6,129.8,129.1,129.2
1739782800,129.3,129.3,128.5,128.7
1739784600,128.8,128.9,128.5,128.7
1739786400,128.8,129.1,128.7,129
1739788200,129,129.1,128.8,128.9
1739790000,128.9,129,128.7,128.8
1739791800,128.9,128.9,128.5,128.6
1739793600,128.6,128.9,128.5,128.8
1739795400,128.8,129,128.6,128.9
1739797200,128.8,129.1,128.8,128.9
1739799000,129,129.1,128.5,128.8
1739800800,128.7,128.9,128.1,128.5
1739802600,128.4,128.8,128.1,128.3
1739804400,128,128,128,128
1739860200,128,128,128,128
1739862000,128.1,129.2,127.9,128.8
1739863800,128.9,129.8,128.8,129.4
1739865600,129.3,129.4,129.2,129.4
1739867400,129.4,129.5,129.2,129.3
1739869200,129.3,129.5,128.9,129.1
1739871000,129.1,129.2,128.6,128.8
1739872800,128.8,128.8,128.5,128.5
1739874600,128.5,128.8,128.4,128.6
1739876400,128.6,128.7,128.4,128.5
1739878200,128.5,128.6,128.4,128.5
1739880000,128.5,128.6,128.4,128.5
1739881800,128.5,128.6,127.8,127.8
1739883600,127.8,128.3,127.7,128.2
1739885400,128.2,129.2,128.2,129.1
1739887200,129.1,130.8,129,130.4
1739889000,130.4,130.5,129.9,130.2
1739890800,130.3,130.3,130.3,130.3
1739946600,130.4,130.4,130.4,130.4
1739948400,130.3,130.4,129.3,129.4
1739950200,129.3,129.7,129.2,129.4
1739952000,129.5,130.4,129.4,130
1739953800,130,130.6,130,130.4
1739955600,130.4,130.8,130.2,130.7
1739957400,130.8,131,130.6,130.7
1739959200,130.7,130.9,130.5,130.7
1739961000,130.7,130.7,130.1,130.2
1739962800,130.2,130.5,130,130.2
1739964600,130.2,130.6,129.9,130.1
1739966400,130.2,130.6,130.1,130.4
1739968200,130.5,130.5,130,130.1
1739970000,130.1,130.6,129.9,130.1
1739971800,130,130.1,128.2,128.4
1739973600,128.4,128.9,128.3,128.6
1739975400,128.6,128.7,128.4,128.5
1739977200,128.3,128.3,128.3,128.3
1740033000,128.9,128.9,128.9,128.9
1740034800,128.9,130.3,128.9,129.4
1740036600,129.4,130,129.2,129.9
1740038400,129.8,130.4,129.6,130.3
1740040200,130.4,130.9,130.3,130.7
1740042000,130.7,131.5,130.6,131.2
1740043800,131.3,131.5,131.1,131.3
1740045600,131.3,131.8,131.2,131.4
1740047400,131.4,131.5,131.2,131.3
1740049200,131.3,131.4,130.9,130.9
1740051000,130.9,131.7,130.9,131.4
1740052800,131.3,131.5,131.3,131.5
1740054600,131.5,131.6,131.2,131.4
1740056400,131.4,131.5,130.5,130.9
1740058200,130.9,131.6,130.9,131.5
1740060000,131.4,132.4,131.4,131.8
1740061800,131.7,132.3,131.4,131.6
1740063600,130.8,130.8,130.8,130.8
1740119400,131,131,131,131
1740121200,130.9,131.2,129.6,129.7
1740123000,129.7,130,129.4,129.6
1740124800,129.6,129.7,129.2,129.5
1740126600,129.4,130.9,129.3,130.7
1740128400,130.7,130.7,130.2,130.2
1740130200,130.2,130.5,130.1,130.5
1740132000,130.5,131,130.3,131
1740133800,131,131,130.6,130.9
1740135600,131,131.3,130.7,130.9
1740137400,130.9,131.1,130.5,130.7
1740139200,130.6,130.7,130.3,130.4
1740141000,130.4,130.4,129.7,130.1
1740142800,130.1,130.1,129,129.4
1740144600,129.4,129.8,128.9,129.1
1740146400,129,129.7,128.2,128.3
1740148200,128.2,128.7,126.1,128.3
1740150000,128,128,128,128
1740378600,129.3,129.3,129.3,129.3
1740380400,129.3,129.6,128.5,129.4
1740382200,129.5,129.6,129,129
1740384000,129.1,129.1,127.6,127.8
1740385800,127.8,127.8,127.2,127.4
1740387600,127.4,128,127.3,127.4
1740389400,127.4,127.6,127.1,127.1
1740391200,127.1,127.1,126.3,126.6
1740393000,126.7,126.7,126.1,126.5
1740394800,126.5,126.8,126.2,126.8
1740396600,126.8,127.4,126.7,127.1
1740398400,127.1,127.5,126.9,127.3
1740400200,127.3,127.4,126.7,126.8
1740402000,126.8,127,125.9,126.1
1740403800,126.1,126.7,126,126.7
1740405600,126.7,126.8,125.6,125.9
1740407400,125.9,125.9,124.8,125.3
1740409200,125.3,125.3,125.3,125.3
1740465000,125.2,125.2,125.2,125.2
1740466800,125.3,125.8,124.3,125.2
1740468600,125.3,125.8,124.7,125
1740470400,124.9,125.1,124.3,124.8
1740472200,124.9,125.9,124.8,125.4
1740474000,125.5,125.5,124.6,124.6
1740475800,124.6,124.9,124.4,124.5
1740477600,124.5,125.3,124.4,125.1
1740479400,125.1,125.5,124.6,125.3
1740481200,125.3,126.1,125.1,125.6
1740483000,125.5,126.5,125.3,126.5
1740484800,126.5,126.7,125.6,126.1
1740486600,126.1,127,126,126.3
1740488400,126.3,126.6,125.6,126.3
1740490200,126.3,126.6,126,126.3
1740492000,126.3,127.5,125.6,127.4
1740493800,127.4,127.5,126.3,126.7
1740495600,126,126,126,126
1740551400,126.2,126.2,126.2,126.2
1740553200,126.1,126.4,125.7,126.1
1740555000,126.1,126.1,124.8,124.8
1740556800,124.8,126.1,124.7,125.9
1740558600,126,126.3,125.9,126
1740560400,126.1,126.4,125.9,126.4
1740562200,126.4,126.4,125.7,125.9
1740564000,125.8,126.2,125.8,126.1
1740565800,126.1,126.1,125.6,125.8
1740567600,125.8,125.9,125.2,125.3
1740569400,125.3,125.6,125.1,125.4
1740571200,125.5,127.1,125.3,126.8
1740573000,126.9,127.4,126.5,127.2
1740574800,127.2,127.6,126.5,127.5
1740576600,127.5,128.7,127.4,128.5
1740578400,128.6,128.7,126.8,127.1
1740580200,127.1,127.5,126.4,126.6
1740582000,126.3,126.3,126.3,126.3
1740637800,126.2,126.2,126.2,126.2
1740639600,126.2,127.7,126,127.4
1740641400,127.3,127.9,127.1,127.6
1740643200,127.6,127.9,127.5,127.7
1740645000,127.8,128,127.4,127.9
1740646800,127.9,128.1,127.6,127.9
1740648600,127.8,128.1,127.7,128.1
1740650400,128.1,128.1,127.5,127.5
1740652200,127.6,128,127.3,127.8
1740654000,127.9,128.5,127.8,128.4
1740655800,128.4,129.1,128.1,128.7
1740657600,128.6,128.8,127.7,128.7
1740659400,128.6,129.4,128.6,129
1740661200,129,129,128.6,128.8
1740663000,128.8,129,128.4,128.7
1740664800,128.7,128.7,127.5,127.6
1740666600,127.6,128.1,127.1,127.6
1740668400,127.2,127.2,127.2,127.2
1740724200,127,127,127,127
1740726000,127.1,128.8,127.1,127.7
1740727800,127.7,128.1,127.5,127.9
1740729600,127.9,128.2,127.6,127.8
1740731400,127.8,127.8,126.6,126.8
1740733200,126.7,127.1,126.4,126.8
1740735000,126.8,127.1,126.6,126.9
1740736800,126.8,127.1,126.5,126.7
1740738600,126.7,126.9,126.3,126.5
1740740400,126.5,127,126,126.6
1740742200,126.5,126.9,126.5,126.8
1740744000,126.8,127.8,126.7,127.6
1740745800,127.7,128.4,127.5,128.3
1740747600,128.3,128.4,127.6,128
1740749400,127.9,128.9,127.9,128.8
1740751200,128.8,129.2,128.2,128.2
1740753000,128.2,128.9,127.6,128.3
1740754800,128.3,128.7,128.3,128.7
1740983400,130.2,130.2,130.2,130.2
1740985200,130.2,134.3,130.1,133.9
1740987000,133.9,134.3,133.4,133.9
1740988800,134,135.2,133.8,134.8
1740990600,134.8,135.2,134.2,135
1740992400,135.1,135.6,135,135.6
1740994200,135.6,139.5,135.2,138.9
1740996000,139,140,138.9,139.9
1740997800,139.8,141,139.5,140.4
1740999600,140.4,140.9,140.2,140.6
1741001400,140.7,140.8,140.5,140.6
1741003200,140.6,141,140.4,140.7
1741005000,140.6,140.8,140,140.7
1741006800,140.6,140.8,140.1,140.4
1741008600,140.3,140.5,140.1,140.3
1741010400,140.3,140.5,139.7,139.8
1741012200,139.8,139.9,137.9,138
1741014000,137.5,137.5,137.5,137.5
1741069800,137.2,137.2,137.2,137.2
1741071600,137.3,138.9,136.7,138.4
1741073400,138.4,139.6,138.3,139.6
1741075200,139.6,139.7,138.5,139.1
1741077000,139.2,139.6,138.7,138.9
1741078800,138.9,139,138.2,138.6
1741080600,138.6,138.9,137.2,137.4
1741082400,137.3,137.7,137,137.1
1741084200,137.2,137.3,136.6,137.2
1741086000,137.1,137.3,136.8,137.2
1741087800,137.2,137.9,136.9,137.7
1741089600,137.7,137.8,137.1,137.4
1741091400,137.4,138.4,137.4,137.8
1741093200,137.8,138.3,137.8,137.9
1741095000,138,138.8,137.8,138.6
1741096800,138.6,138.8,137.9,138.1
1741098600,138.1,138.2,137.3,137.8
1741100400,137.7,137.7,137.7,137.7
1741156200,139.6,139.6,139.6,139.6
1741158000,139.6,141.5,139.6,139.9
1741159800,139.8,140,138.2,138.2
1741161600,138.2,138.3,137,137.7
1741163400,137.7,138,137.1,137.6
1741165200,137.6,137.6,136.7,136.9
1741167000,137,137.1,135.8,135.8
1741168800,135.9,136.3,135.3,135.6
1741170600,135.6,136.4,135.4,135.9
1741172400,135.9,136.5,135.6,136.2
1741174200,136.2,136.2,135.8,136
1741176000,136,137.7,135.8,137.7
1741177800,137.7,139.1,137.5,138.6
1741179600,138.5,138.7,137.9,138.7
1741181400,138.7,139.3,138.6,139
1741183200,139,139.2,138.4,138.4
1741185000,138.4,139.4,137.9,139
1741186800,139.5,139.5,139.5,139.5
1741242600,141,141,141,141
1741244400,141.1,142,139,139.9
1741246200,139.9,140.2,139.2,139.3
1741248000,139.2,139.6,139,139.5
1741249800,139.5,139.8,139,139.1
1741251600,139.1,139.8,139,139.5
1741253400,139.5,139.8,139.4,139.6
1741255200,139.5,139.8,139.1,139.2
1741257000,139.2,139.6,138.7,139.5
1741258800,139.5,139.5,136.7,136.9
1741260600,137,137.2,136.2,137
1741262400,136.9,137,136.1,136.4
1741264200,136.5,136.6,135.6,135.7
1741266000,135.8,136.5,135.7,136.2
1741267800,136.3,136.7,136.1,136.4
1741269600,136.4,138.8,136.4,137.8
1741271400,137.8,139.3,137.8,138.9
1741273200,138.8,138.8,138.8,138.8
1741329000,138.8,138.8,138.8,138.8
1741330800,138.9,140.5,138.4,140.1
1741332600,140.2,140.8,139.5,139.7
1741334400,139.7,139.8,138.9,139.1
1741336200,139.2,140.4,139,140.4
1741338000,140.3,141.1,140.2,140.9
1741339800,140.9,141.5,140.6,140.7
1741341600,140.7,141,140.2,140.7
1741343400,140.8,140.9,140.3,140.8
1741345200,140.7,140.9,140.2,140.4
1741347000,140.4,140.6,140.1,140.3
1741348800,140.2,141.4,140.1,141.3
1741350600,141.4,141.5,140.8,141.3
1741352400,141.2,141.4,140.4,140.7
1741354200,140.6,141.5,140.3,140.5
1741356000,140.5,141.4,140.3,141.1
1741357800,141.2,142.3,140.9,141.7
1741359600,141.9,141.9,141.9,141.9
1741588200,142.2,142.2,142.2,142.2
1741590000,142.2,142.5,140.3,141.1
1741591800,141,142.6,140.8,142.2
1741593600,142.1,142.1,141.5,141.6
1741595400,141.5,141.7,140.9,141
1741597200,141,141.2,140.8,140.8
1741599000,140.9,141.1,140.7,140.9
1741600800,140.9,141.2,140.6,140.6
1741602600,140.7,141.2,140.6,141.1
1741604400,141,141.3,141,141.1
1741606200,141.1,141.3,140.8,140.9
1741608000,141,141.3,140.8,141.1
1741609800,141.1,141.8,141,141.5
1741611600,141.5,141.7,141.2,141.3
1741613400,141.3,141.5,140.9,141.5
1741615200,141.4,141.4,140.5,140.5
1741617000,140.5,140.7,139.8,140
1741618800,140.1,140.1,140.1,140.1
1741674600,141,141,141,141
1741676400,141.1,141.6,138.1,138.5
1741678200,138.6,138.8,137.7,138.6
1741680000,138.6,139.2,138.5,139
1741681800,138.9,139.6,138.8,139.4
1741683600,139.3,139.5,138.9,139.1
1741685400,139.1,139.2,138.9,139
1741687200,139,139.2,138.7,139.1
1741689000,139.1,139.7,139,139.4
1741690800,139.4,139.5,139.2,139.4
1741692600,139.3,139.8,139.2,139.6
1741694400,139.7,139.9,138.9,139.1
1741696200,139,139.1,138.5,138.6
1741698000,138.6,138.7,137.5,137.6
1741699800,137.7,139.2,137.4,138.3
1741701600,138.3,138.5,136.9,137
1741703400,137,137.2,136.6,136.7
1741705200,136.6,136.6,136.6,136.6
1741761000,137.6,137.6,137.6,137.6
1741762800,137.5,139.8,137.4,139.5
1741764600,139.6,140.5,139.3,139.5
1741766400,139.5,139.9,139.2,139.6
1741768200,139.6,140.9,139.5,140.6
1741770000,140.7,142.1,140.3,142.1
1741771800,142,143.8,141.9,143.6
1741773600,143.6,143.9,142.7,142.9
1741775400,143,143.5,142.8,143.1
1741777200,143,143.7,143,143.5
1741779000,143.6,143.7,143.1,143.6
1741780800,143.5,144.5,143.5,143.9
1741782600,144,144.6,143.2,143.4
1741784400,143.4,143.7,142.9,143.2
1741786200,143.1,144,143,143.7
1741788000,143.7,144.2,142.9,143.5
1741789800,143.6,143.8,143.1,143.5
1741791600,143.5,143.5,143.5,143.5
1741847400,144,144,144,144
1741849200,144,144.5,143.2,143.8
1741851000,143.8,143.8,143.5,143.8
1741852800,143.7,144.2,143.7,144.1
1741854600,144.1,144.3,143.7,144.2
1741856400,144.2,144.2,143.4,143.7
1741858200,143.6,143.8,142.5,142.6
1741860000,142.5,143.2,142.2,143.2
1741861800,143.2,144.2,143,143.6
1741863600,143.6,144.1,143.4,143.7
1741865400,143.8,144,143.4,143.8
1741867200,143.7,143.8,143.2,143.3
1741869000,143.4,143.6,142.4,143
1741870800,143,143.3,142.6,142.9
1741872600,142.9,143.2,142.6,143
1741874400,142.9,143.7,142.6,143.2
1741876200,143.2,143.7,143,143.4
1741878000,143.4,143.4,143.4,143.4
1741933800,143.7,143.7,143.7,143.7
1741935600,143.7,144.5,142.6,143.2
1741937400,143.2,143.5,143,143.2
1741939200,143.1,143.8,142.8,143.7
1741941000,143.7,143.7,142.8,143
1741942800,143.1,143.1,142.8,142.9
1741944600,142.9,143.1,142.9,142.9
1741946400,143,143.1,142.8,143
1741948200,143,143.1,142.8,143.1
1741950000,143.1,143.3,143,143.3
1741951800,143.3,143.3,143,143.2
1741953600,143.2,143.6,142.9,143.5
1741955400,143.5,143.5,142.8,142.9
1741957200,142.9,143.1,142.6,142.7
1741959000,142.7,143.8,142.4,143.1
1741960800,143,144.2,142.9,143.9
1741962600,143.9,144.2,143,143.3
1741964400,143.4,143.4,143.4,143.4
1742193000,143.6,143.6,143.6,143.6
1742194800,143.6,144.9,143.4,144.6
1742196600,144.6,145.6,144.5,144.7
1742198400,144.6,144.7,143.2,143.8
1742200200,143.8,144.2,143.6,144
1742202000,144,144.1,143.7,143.9
1742203800,143.9,144,143.7,143.9
1742205600,143.8,143.9,143.5,143.5
1742207400,143.5,143.6,143,143.5
1742209200,143.6,143.6,143.3,143.4
1742211000,143.4,143.6,143.3,143.5
1742212800,143.5,143.5,143,143
1742214600,143,143.2,142.3,142.4
1742216400,142.3,142.6,142,142.4
1742218200,142.5,143.3,142.4,142.6
1742220000,142.5,142.7,142.1,142.5
1742221800,142.6,143.1,142.4,142.6
1742223600,142.6,142.6,142.6,142.6
1742279400,142.3,142.3,142.3,142.3
1742281200,142.4,142.7,140.6,141
1742283000,141,141.4,140.8,141
1742284800,140.9,141.2,140.4,140.5
1742286600,140.6,141.1,140.3,140.9
1742288400,140.9,141.2,140.7,141.1
1742290200,141.1,141.1,140.8,141
1742292000,141.1,141.5,140.9,141.3
1742293800,141.3,141.3,140.8,140.9
1742295600,141,141,140.8,140.8
1742297400,140.8,140.9,140.6,140.7
1742299200,140.7,140.7,140.4,140.5
1742301000,140.6,140.6,140.1,140.2
1742302800,140.1,140.3,139.2,140
1742304600,140,140,139.7,140
1742306400,139.9,140.4,139.9,140.1
1742308200,140.2,140.2,139.1,139.3
1742310000,139.2,139.2,139.2,139.2
1742365800,130.2,130.2,130.2,130.2
1742367600,130.2,130.2,130.2,130.2
1742369400,130.3,132.2,127.5,128.1
1742371200,128.1,128.9,127.2,128.9
1742373000,128.9,129,127.4,127.5
1742374800,127.5,128.1,127,127.8
1742376600,127.8,127.9,126.1,126.4
1742378400,126.4,126.5,126,126
1742380200,126.1,126.4,125.8,126.3
1742382000,126.3,126.3,125.8,125.8
1742383800,125.9,127.4,125.8,126.9
1742385600,126.9,127,125.4,125.6
1742387400,125.6,126,125.3,125.6
1742389200,125.6,125.6,125.3,125.4
1742391000,125.4,125.4,125.3,125.3
1742392800,125.3,125.3,125.3,125.3
1742394600,125.3,125.3,125.3,125.3
1742396400,125.3,125.3,125.3,125.3
1742452200,124.3,124.3,124.3,124.3
1742454000,124.3,124.9,118.6,121.7
1742455800,121.7,125.2,121.6,124.9
1742457600,125,127.2,123.2,123.8
1742459400,123.8,124.5,122.5,123
1742461200,123,123.1,121.8,121.8
1742463000,121.9,122.2,120.7,122.1
1742464800,122.1,122.1,120,120.2
1742466600,120.1,121.2,119.5,121
1742468400,121.1,121.2,118.9,119.5
1742470200,119.5,120.6,119.2,120.4
1742472000,120.4,120.4,119.7,120.2
1742473800,120.2,120.5,118.1,118.1
1742475600,117,117,114.9,115.1
1742477400,115,118.5,114.8,117.3
1742479200,117.4,117.9,115.8,116.3
1742481000,116.2,120.4,116.1,117.6
1742482800,117.2,117.2,117.2,117.2
1742538600,115.3,115.3,115.3,115.3
1742540400,115.3,116.7,111,111.5
1742542200,111.3,111.9,109.6,109.6
1742544000,109.6,109.6,106.3,106.5
1742545800,106,106.8,105.5,105.5
1742547600,105.5,108.1,105.5,107.3
1742549400,107.4,108.8,106.9,108.4
1742551200,108.4,109.5,108,109.2
1742553000,109.2,110.7,108.9,109.7
1742554800,109.7,110.7,109.5,109.9
1742556600,109.9,110,108.1,108.6
1742558400,108.6,109.1,107.2,107.6
1742560200,107.6,108.2,107,107.4
1742562000,107.4,107.4,106.6,107.2
1742563800,107.2,107.6,106.7,106.9
1742565600,106.8,108.3,106,108.1
1742567400,108.1,108.5,107.1,107.4
1742569200,107.2,107.2,107.2,107.2
1742797800,112.4,112.4,112.4,112.4
1742799600,112.4,115,110.5,113.2
1742801400,113.1,114.1,112.7,112.8
1742803200,112.8,114,112.1,113.4
1742805000,113.5,113.6,112.7,113
1742806800,113,113.3,112.6,112.9
1742808600,112.8,112.9,112.4,112.8
1742810400,112.7,112.9,111,112
1742812200,112,112.6,110.4,110.6
1742814000,110.6,112,107.3,107.9
1742815800,107.8,109.2,106.6,108.8
1742817600,108.8,111.1,108,109.9
1742819400,109.9,110.9,109.2,110.1
1742821200,110.2,110.6,109.4,109.6
1742823000,109.6,109.7,107.4,108
1742824800,108,110.5,107.9,109.8
1742826600,109.8,111.3,109.3,111.3
1742828400,110.8,110.8,110.8,110.8
1742884200,114.1,114.1,114.1,114.1
1742886000,114.1,115.1,112,114.9
1742887800,114.9,115.6,114.4,114.5
1742889600,114.6,115.3,114.5,115
1742891400,115.1,116.3,114.6,116.1
1742893200,116,118,116,117.2
1742895000,117.2,119.8,117,119.2
1742896800,119.2,119.5,118.2,118.5
1742898600,118.4,119.7,117.7,118.3
1742900400,118.3,118.6,117.5,118.6
1742902200,118.6,119.4,118.5,118.7
1742904000,118.7,119.2,118.5,118.7
1742905800,118.7,118.8,117.2,118
1742907600,118,118.8,117.3,118.5
1742909400,118.5,118.6,117.7,117.9
1742911200,118,119.6,117.8,118.9
1742913000,118.9,119.6,118.8,119.3
1742914800,118.9,118.9,118.9,118.9
1742970600,117,117,117,117
1742972400,117,119.1,116.6,117.7
1742974200,117.8,117.9,116.2,117.4
1742976000,117.3,118.5,117.1,118.4
1742977800,118.4,118.7,117.7,118.3
1742979600,118.4,118.8,118.1,118.3
1742981400,118.3,118.5,117.7,118.5
1742983200,118.4,118.6,117.8,117.8
1742985000,117.9,119,117.7,117.9
1742986800,117.9,118.6,117.8,118.5
1742988600,118.4,119.9,118,119.2
1742990400,119.1,119.1,118.4,118.6
1742992200,118.6,118.9,116.6,117
1742994000,117.1,118.8,116.8,118
1742995800,118,119.2,118,118.2
1742997600,118.2,119.6,117.9,119.4
1742999400,119.5,120,118.6,119.1
1743001200,119.2,119.2,119.2,119.2
1743057000,121.5,121.5,121.5,121.5
1743058800,121.6,123.3,121.5,122.1
1743060600,122.1,123.6,122,123.4
1743062400,123.4,123.7,122.2,122.3
1743064200,122.3,122.5,121,121.7
1743066000,121.7,122.4,120.7,121.2
1743067800,121.2,121.9,121.1,121.1
1743069600,121.1,121.2,120.1,120.5
1743071400,120.5,121.1,119.7,121
1743073200,121,122.3,121,122.2
1743075000,122.2,122.8,121.2,122.4
1743076800,122.5,122.7,121.9,122.1
1743078600,122.1,122.4,121.7,121.8
1743080400,121.8,122.2,121.5,121.6
1743082200,121.6,122.4,121.5,121.6
1743084000,121.7,121.8,121.2,121.8
1743085800,121.8,123.1,121.5,123.1
1743087600,123.1,123.1,123.1,123.1
1743143400,119.4,119.4,119.4,119.4
1743145200,119.3,119.5,117.1,117.4
1743147000,117.4,117.6,116.5,116.5
1743148800,116.5,117,116.4,116.6
1743150600,116.5,117.3,116.4,116.9
1743152400,116.9,116.9,116.4,116.5
1743154200,116.6,117.2,116.4,116.7
1743156000,116.7,116.7,115.6,115.8
1743157800,115.7,116.4,115.4,116.3
1743159600,116.3,116.8,116.2,116.6
1743161400,116.6,117.4,116,117.4
1743163200,117.4,118.2,117.3,117.5
1743165000,117.5,117.7,116.7,117.3
1743166800,117.2,117.3,116.4,116.9
1743168600,116.8,117.9,116.6,117.7
1743170400,117.8,118.3,116.8,117.6
1743172200,117.6,118,117.2,117.3
1743174000,118,118,118,118
1743575400,116.6,116.6,116.6,116.6
1743577200,116.5,117.8,116,117.1
1743579000,117.1,117.9,117,117.8
1743580800,117.7,118.1,117.3,117.7
1743582600,117.7,118,117.3,117.7
1743584400,117.7,117.8,117.4,117.5
1743586200,117.4,118,117.4,117.7
1743588000,117.7,117.9,117.4,117.5
1743589800,117.5,117.5,116.6,116.7
1743591600,116.8,117,116.2,116.9
1743593400,116.8,117,116.5,116.7
1743595200,116.6,116.9,116.5,116.8
1743597000,116.8,117.1,116.5,116.7
1743598800,116.8,117.1,116.3,116.5
1743600600,116.5,117.5,116.4,117.1
1743602400,117.1,117.6,116.9,117.5
1743604200,117.5,117.9,116.9,117.4
1743606000,117.1,117.1,117.1,117.1
1743661800,117.3,117.3,117.3,117.3
1743663600,117.2,119.1,117.2,117.9
1743665400,117.9,117.9,117.3,117.7
1743667200,117.7,118.3,117.3,117.7
1743669000,117.7,117.9,117.4,117.6
1743670800,117.5,117.7,117.4,117.6
1743672600,117.6,117.6,117.4,117.5
1743674400,117.5,117.6,117.3,117.4
1743676200,117.3,117.5,117.1,117.2
1743678000,117.2,117.3,116.4,116.6
1743679800,116.6,116.6,116.2,116.4
1743681600,116.4,116.6,116.1,116.5
1743683400,116.4,116.5,113.8,113.9
1743685200,113.8,114.9,113.6,114.5
1743687000,114.4,115.3,114.3,115
1743688800,114.9,115,114.4,114.8
1743690600,114.9,115.2,114,114.2
1743692400,114.1,114.1,114,114
1743748200,113.7,113.7,113.7,113.7
1743750000,113.6,114,112,112.4
1743751800,112.3,112.9,112.2,112.3
1743753600,112.3,112.4,111.7,112
1743755400,112,112.4,111.8,112.1
1743757200,112.1,112.6,111.8,112
1743759000,112,112.5,111.8,112.4
1743760800,112.3,112.9,111.8,111.8
1743762600,111.8,112.1,111.2,111.4
1743764400,111.5,111.9,110.5,110.7
1743766200,110.8,110.8,110.2,110.6
1743768000,110.6,111.3,110.2,111.1
1743769800,111.1,111.4,110.8,111.2
1743771600,111.3,111.5,110.5,110.9
1743773400,110.9,111,110.4,110.7
1743775200,110.8,110.8,110,110.4
1743777000,110.4,111.3,110.1,111
1743778800,110.8,110.8,110.8,110.8
1744007400,105.7,105.7,105.7,105.7
1744009200,105.6,107.7,104.8,107.5
1744011000,107.5,107.5,106.8,106.9
1744012800,106.9,107.3,106.7,106.7
1744014600,106.7,107,106.4,106.4
1744016400,106.4,106.7,106.1,106.4
1744018200,106.4,106.6,106.1,106.2
1744020000,106.2,107.1,106.1,106.8
1744021800,106.7,107.9,106.6,106.9
1744023600,106.8,107.6,106.7,107.2
1744025400,107.2,107.3,106.8,106.9
1744027200,106.9,108.1,106.8,107.7
1744029000,107.7,109.6,107.4,108.8
1744030800,108.8,108.8,107.9,108.2
1744032600,108.2,109.3,107.5,109.2
1744034400,109.2,111.2,108.8,110.2
1744036200,110.2,110.3,108.3,109.5
1744038000,109.8,109.8,109.8,109.8
1744093800,111.8,111.8,111.8,111.8
1744095600,111.8,111.9,110.1,110.2
1744097400,110.3,110.6,110.2,110.3
1744099200,110.2,110.4,109.3,109.5
1744101000,109.4,109.8,109.3,109.4
1744102800,109.3,109.8,109.3,109.4
1744104600,109.3,109.7,109.1,109.6
1744106400,109.5,109.6,108.6,108.7
1744108200,108.6,109.3,108.4,108.7
1744110000,108.7,109,108.5,108.9
1744111800,108.9,109.7,108.6,109.5
1744113600,109.5,110.2,109.3,110.2
1744115400,110.2,110.4,109.5,110
1744117200,110,110.9,109.7,110.9
1744119000,110.8,111.3,110.4,110.8
1744120800,110.8,111.2,110.4,110.6
1744122600,110.5,111,110.3,110.4
1744124400,110.4,110.4,110.4,110.4
1744180200,108.8,108.8,108.8,108.8
1744182000,109,109.8,108.5,109.5
1744183800,109.6,109.6,109,109.2
1744185600,109.2,109.4,108.7,108.8
1744187400,108.7,109,108.5,108.8
1744189200,108.8,109,108.6,108.7
1744191000,108.8,108.8,108.4,108.5
1744192800,108.4,108.6,108.1,108.3
1744194600,108.3,108.5,108.1,108.1
1744196400,108.2,108.3,106.3,106.5
1744198200,106.5,106.8,105.5,105.9
1744200000,106,106.3,105.7,105.9
1744201800,105.8,106.7,105.8,106.2
1744203600,106.3,107,105.9,106
1744205400,106,107.2,105.9,106.7
1744207200,106.7,107.1,105.9,106
1744209000,106.1,106.5,105.5,105.8
1744210800,105.8,105.8,105.8,105.8
1744266600,110.8,110.8,110.8,110.8
1744268400,110.8,111.1,109,109.2
1744270200,109.3,109.5,108.7,108.8
1744272000,108.7,108.9,108.3,108.4
1744273800,108.4,108.7,108.3,108.4
1744275600,108.4,108.6,108.2,108.3
1744277400,108.3,108.6,108.1,108.3
1744279200,108.3,108.7,108.1,108.4
1744281000,108.4,108.5,107.2,107.5
1744282800,107.5,107.7,107,107
1744284600,107.1,107.5,106.9,107.3
1744286400,107.4,108.1,107.2,107.8
1744288200,107.8,108.3,107.6,107.7
1744290000,107.7,108.2,107.6,107.8
1744291800,107.8,107.9,106.8,106.8
1744293600,106.8,107,105.3,105.6
1744295400,105.5,106.5,105.5,105.7
1744297200,105.8,105.8,105.5,105.5
1744353000,105.3,105.3,105.3,105.3
1744354800,105.2,105.6,103.9,104.2
1744356600,104.2,104.5,103.8,104
1744358400,103.9,104.1,102.6,103.4
1744360200,103.4,104.1,102.7,103.9
1744362000,103.9,105.3,103.8,104.7
1744363800,104.7,105.4,104.5,105.1
1744365600,105.1,106.2,105,105.7
1744367400,105.8,108.3,105.4,107.7
1744369200,107.7,107.9,106.3,106.3
1744371000,106.4,107,106.2,106.6
1744372800,106.6,107.2,106.4,107.1
1744374600,107.1,107.3,106.5,106.9
1744376400,106.8,107.1,106.2,106.3
1744378200,106.4,108,105.9,106.8
1744380000,106.8,107.1,106.2,106.4
1744381800,106.4,107.5,106.4,107.4
1744383600,107.4,107.5,107.4,107.5
1744612200,108.9,108.9,108.9,108.9
1744614000,108.9,109.1,108.2,108.5
1744615800,108.5,109,108.2,108.4
1744617600,108.4,108.5,108,108.2
1744619400,108.2,108.4,108.1,108.3
1744621200,108.2,108.3,107.6,107.6
1744623000,107.6,107.8,107.4,107.8
1744624800,107.8,108,107.6,107.7
1744626600,107.7,108,107.6,108
1744628400,108,108.1,107.9,108.1
1744630200,108.1,108.3,107.6,107.6
1744632000,107.7,107.8,107.3,107.7
1744633800,107.7,107.8,107.2,107.3
1744635600,107.4,107.7,107.3,107.5
1744637400,107.4,107.5,106.7,106.9
1744639200,106.9,107.4,106.4,106.8
1744641000,106.9,107.6,106.7,106.8
1744642800,106.8,106.8,106.8,106.8
1744698600,107.1,107.1,107.1,107.1
1744700400,107.1,107.5,106.3,107
1744702200,107,107.4,106.7,106.7
1744704000,106.8,107.1,106.5,107
1744705800,107,107.6,106.9,107.4
1744707600,107.4,107.6,107.1,107.3
1744709400,107.3,108,107.3,107.4
1744711200,107.4,107.6,107.2,107.3
1744713000,107.3,107.5,106.8,106.9
1744714800,106.9,107.9,106.7,107.7
1744716600,107.7,107.9,107.3,107.5
1744718400,107.5,107.6,106.9,107.1
1744720200,107.1,107.4,107,107.2
1744722000,107.2,107.3,106.7,106.8
1744723800,106.8,106.9,106.4,106.4
1744725600,106.4,106.5,105.7,105.8
1744727400,105.8,106.3,105.7,106
1744729200,106,106,105.7,105.7
1744785000,105,105,105,105
1744786800,105,105.8,104.2,104.3
1744788600,104.3,104.5,103.8,104
1744790400,103.9,104.2,103.2,103.9
1744792200,103.9,104.5,103.5,103.9
1744794000,103.9,104.8,103.7,104.1
1744795800,104.1,104.3,103.8,103.9
1744797600,103.8,104.3,103.7,103.8
1744799400,103.9,104,103.6,103.7
1744801200,103.7,104.1,103.4,103.9
1744803000,104,104.2,103.8,104.1
1744804800,104,104.3,103.9,104
1744806600,104,104.5,103.8,104.2
1744808400,104.2,104.5,103.7,104.4
1744810200,104.5,105.1,104.4,104.8
1744812000,104.8,105.1,104.2,104.5
1744813800,104.6,106.2,104.5,105.7
1744815600,105.5,105.5,105.5,105.5
1744871400,105.7,105.7,105.7,105.7
1744873200,105.7,106.8,105.7,106.7
1744875000,106.7,107.8,106.7,107.7
1744876800,107.8,107.9,107.1,107.1
1744878600,107.1,107.3,106.5,106.9
1744880400,106.8,107.1,106.6,106.7
1744882200,106.6,107.4,106.6,107.3
1744884000,107.3,107.8,107.1,107.5
1744885800,107.6,109,107.5,108.3
1744887600,108.3,108.5,106.5,108.4
1744889400,108.4,108.4,106.4,106.6
1744891200,106.5,107.1,105.9,106.1
1744893000,106.1,107.2,105.9,107.1
1744894800,107.2,107.4,105.8,106
1744896600,106.1,106.3,104.6,105.1
1744898400,105,105.4,104.6,105.3
1744900200,105.3,105.3,104.7,104.9
1744902000,104.7,104.7,104.7,104.7
1744957800,105,105,105,105
1744959600,105,105.2,103.5,103.9
1744961400,103.9,104.5,103.9,104
1744963200,104.1,104.6,103.9,104.4
1744965000,104.4,104.5,103.9,104.2
1744966800,104.2,104.2,103.8,104
1744968600,103.9,104.1,103.9,104.1
1744970400,104,104.1,103.8,103.9
1744972200,103.8,103.8,103.1,103.2
1744974000,103.2,103.2,102.5,102.6
1744975800,102.5,102.9,101.9,102.1
1744977600,102,102.4,101.4,102.2
1744979400,102.2,102.7,102.1,102.6
1744981200,102.6,103.1,102.4,102.9
1744983000,102.8,103.2,102.4,102.9
1744984800,102.8,103.1,102.7,102.9
1744986600,102.8,103.1,102.3,102.6
1744988400,102.8,102.8,102.8,102.8
1745217000,102.5,102.5,102.5,102.5
1745218800,102.5,102.7,101.3,101.6
1745220600,101.7,103.3,101.6,103.3
1745222400,103.2,103.7,102.5,102.5
1745224200,102.6,102.7,102.2,102.3
1745226000,102.3,102.3,101.8,101.8
1745227800,101.9,102.2,101.8,102
1745229600,102,102.2,101.9,102
1745231400,102,102.1,101.6,102
1745233200,101.9,102.6,101.6,102.5
1745235000,102.5,103.2,102.5,102.8
1745236800,102.9,104,102.7,103.8
1745238600,103.9,106.3,103.5,105.4
1745240400,105.4,105.8,103.6,103.9
1745242200,103.8,104.2,103.6,103.9
1745244000,103.9,103.9,102,102.1
1745245800,102,102.6,101.5,102.2
1745247600,102.1,102.1,102.1,102.1
1745303400,103.2,103.2,103.2,103.2
1745305200,103.3,103.4,102.2,102.6
1745307000,102.6,103,102,102.1
1745308800,102,102.5,102,102.2
1745310600,102.3,102.7,102.2,102.4
1745312400,102.3,102.7,102,102.4
1745314200,102.3,102.5,102,102.4
1745316000,102.3,102.8,102.2,102.4
1745317800,102.4,102.6,102.1,102.1
1745319600,102.2,102.5,102.1,102.4
1745321400,102.3,102.4,101.8,101.9
1745323200,101.9,102.1,101.7,101.8
1745325000,101.8,101.9,101.6,101.7
1745326800,101.7,102.1,101.6,101.9
1745328600,101.9,102.3,101.8,102
1745330400,102,102.3,101.7,101.7
1745332200,101.7,102.3,101.2,101.3
1745334000,101.3,101.3,101.3,101.3
1745476200,101.5,101.5,101.5,101.5
1745478000,101.6,102,101.4,101.5
1745479800,101.5,101.9,101.3,101.6
1745481600,101.6,101.8,101.3,101.4
1745483400,101.4,101.7,101.1,101.1
1745485200,101.1,101.5,101.1,101.3
1745487000,101.3,101.3,100.9,101.1
1745488800,101,101.3,100.7,100.8
1745490600,100.7,101.1,100,100.4
1745492400,100.4,101.1,100.3,100.7
1745494200,100.7,101.2,100.6,101
1745496000,100.9,101.3,100.8,101.2
1745497800,101.2,102.3,101.2,102.2
1745499600,102.2,103.3,102.2,103.2
1745501400,103.1,103.8,103,103.2
1745503200,103.1,104.1,102.8,104
1745505000,104,104.6,104,104.1
1745506800,104.7,104.7,104.7,104.7
1745562600,104.9,104.9,104.9,104.9
1745564400,104.9,105.4,104.3,104.5
1745566200,104.5,105.4,104.4,104.9
1745568000,104.9,105.5,104.6,104.8
1745569800,104.9,105.2,104.8,104.9
1745571600,105,105,104.6,104.8
1745573400,104.8,105,104.3,104.5
1745575200,104.4,104.7,104.1,104.2
1745577000,104.1,104.3,103.5,103.7
1745578800,103.7,104.3,103.6,103.9
1745580600,104,104,103.1,103.3
1745582400,103.2,103.7,102.9,103
1745584200,103,103.6,103,103.2
1745586000,103.1,103.9,103.1,103.6
1745587800,103.6,103.7,103,103.3
1745589600,103.3,103.6,103,103.1
1745591400,103.1,103.5,102.5,102.6
1745593200,102.6,102.6,102.6,102.6
1745821800,103.1,103.1,103.1,103.1
1745823600,103.2,103.8,102.3,102.5
1745825400,102.4,104,102.2,103.7
1745827200,103.7,103.8,102.7,102.7
1745829000,102.7,103.1,102.5,102.8
1745830800,102.9,102.9,102,102.4
1745832600,102.3,102.8,102.2,102.3
1745834400,102.4,102.4,101.8,102
1745836200,102,102.2,101.1,101.6
1745838000,101.6,101.9,101.4,101.5
1745839800,101.5,102.2,101.2,101.7
1745841600,101.7,102.2,101.7,101.9
1745843400,101.9,102,101.6,101.7
1745845200,101.7,102.6,101.7,102.4
1745847000,102.5,103.2,102.4,102.6
1745848800,102.6,102.9,102.3,102.4
1745850600,102.4,102.8,100.9,101.1
1745852400,101.2,101.3,101.2,101.3
1745908200,101.2,101.2,101.2,101.2
1745910000,101.1,102.6,100.8,102.3
1745911800,102.4,102.8,101.6,101.8
1745913600,101.8,102,101.2,101.8
1745915400,101.8,102.6,101.7,102.2
1745917200,102.2,102.6,101.9,102.2
1745919000,102.2,102.4,101.8,102
1745920800,102,102.2,101.8,102.1
1745922600,102.1,102.2,101.5,101.7
1745924400,101.6,101.8,101.3,101.4
1745926200,101.4,101.8,101.3,101.6
1745928000,101.6,101.9,101.5,101.9
1745929800,101.9,102.3,101.6,102.1
1745931600,102.1,102.1,101.4,102
1745933400,101.9,102.3,101.6,101.7
1745935200,101.7,101.9,101.1,101.5
1745937000,101.4,103.2,101.4,102.6
1745938800,102.4,102.4,102.4,102.4
1745994600,102.4,102.4,102.4,102.4
1745996400,102.4,102.8,101.3,101.8
1745998200,101.8,102.6,101.4,101.6
1746000000,101.5,101.8,101.2,101.3
1746001800,101.4,101.7,101,101.4
1746003600,101.4,101.7,101.1,101.3
1746005400,101.2,101.6,101.1,101.4
1746007200,101.4,101.4,101.2,101.3
1746009000,101.4,101.4,100.9,101.2
1746010800,101.2,101.3,100.7,100.7
1746012600,100.8,102,100.5,101.9
1746014400,101.9,102.5,101.8,102.3
1746016200,102.3,102.5,102,102.4
1746018000,102.4,102.8,102.2,102.4
1746019800,102.5,102.7,102,102.6
1746021600,102.6,102.7,102.1,102.5
1746023400,102.6,102.9,102.1,102.5
1746025200,102.5,102.7,102.5,102.7
1746167400,103.8,103.8,103.8,103.8
1746169200,103.8,104.3,102.9,102.9
1746171000,103,103.5,102.9,103.1
1746172800,103.2,104.3,103.1,104.1
1746174600,104,104.3,103.9,104
1746176400,103.9,104.1,103.6,103.9
1746178200,103.9,104.8,103.8,104.4
1746180000,104.4,104.6,103.8,104.4
1746181800,104.3,104.5,103.8,103.9
1746183600,103.8,104.1,103.7,103.8
1746185400,103.8,104.4,103.8,104.3
1746187200,104.3,104.3,103.8,104
1746189000,104,104.4,103.9,104.3
1746190800,104.3,104.3,103.6,103.7
1746192600,103.7,103.7,103.3,103.3
1746194400,103.4,103.6,103,103.2
1746196200,103.2,103.3,102.9,103.1
1746198000,103.3,103.3,103.3,103.3
1746426600,104.3,104.3,104.3,104.3
1746428400,104.2,104.4,102.1,102.3
1746430200,102.3,102.6,101.7,102.3
1746432000,102.3,102.5,101.7,101.8
1746433800,101.8,102.1,101.5,102
1746435600,102,102.1,101.8,101.9
1746437400,102,102.4,101.9,102.1
1746439200,102.1,102.2,101.9,101.9
1746441000,102,102.4,101.8,102.4
1746442800,102.4,102.6,102.1,102.4
1746444600,102.5,102.6,102,102.2
1746446400,102.1,102.3,101.9,102.3
1746448200,102.3,102.4,102,102.2
1746450000,102.2,102.3,101.7,101.8
1746451800,101.7,101.9,101.5,101.7
1746453600,101.7,102,101.4,101.8
1746455400,101.7,101.8,101.2,101.3
1746457200,101.4,101.4,101.4,101.4
1746513000,101.3,101.3,101.3,101.3
1746514800,101.3,102.3,100.9,102.1
1746516600,102.1,103.1,101.9,102.5
1746518400,102.5,102.6,102,102.2
1746520200,102.2,103.3,102,103.3
1746522000,103.3,103.8,102.5,102.7
1746523800,102.7,103.1,102.5,102.9
1746525600,103,103.1,102.7,103.1
1746527400,103.1,103.1,102.8,102.8
1746529200,102.9,103,102.6,103
1746531000,102.9,103.1,102.7,102.9
1746532800,102.9,102.9,102.1,102.4
1746534600,102.4,102.9,102.3,102.7
1746536400,102.8,102.8,101.6,101.7
1746538200,101.6,101.8,101.1,101.2
1746540000,101.2,101.7,101.1,101.7
1746541800,101.7,101.9,101.4,101.6
1746543600,101.6,101.6,101.6,101.6
1746599400,101.6,101.6,101.6,101.6
1746601200,101.6,101.8,100.8,101.1
1746603000,101.1,101.3,100.8,101
1746604800,101,101.2,100.5,101
1746606600,101,101.3,100.9,101.1
1746608400,101.1,101.6,101,101.2
1746610200,101.3,101.4,101.1,101.2
1746612000,101.2,101.6,101.1,101.4
1746613800,101.4,101.5,101,101.5
1746615600,101.5,101.6,100.8,100.9
1746617400,100.8,101,100.7,100.8
1746619200,100.8,100.9,100.5,100.5
1746621000,100.5,100.6,100,100.2
1746622800,100.1,100.3,99.7,99.75
1746624600,99.8,100.2,99.5,100.1
1746626400,100,100.2,99.4,99.4
1746628200,99.35,100.3,99.25,99.75
1746630000,99.9,99.9,99.9,99.9
1746685800,100.2,100.2,100.2,100.2
1746687600,100.2,101,99.85,100.1
1746689400,100,100.1,99.5,99.8
1746691200,99.75,100.3,99.75,100.1
1746693000,100.1,100.6,100,100.4
1746694800,100.3,100.4,99.9,100.1
1746696600,100.1,100.7,100,100.3
1746698400,100.4,100.5,100.2,100.4
1746700200,100.3,100.5,100.2,100.3
1746702000,100.2,100.4,99.95,100.1
1746703800,100,100.3,99.85,100.1
1746705600,100.1,100.8,100.1,100.4
1746707400,100.4,100.5,100,100.1
1746709200,100,100.4,100,100.2
1746711000,100.2,100.4,100,100.2
1746712800,100.2,101.3,100,101
1746714600,100.9,101.3,100.5,100.7
1746716400,100.7,100.7,100.7,100.7
1746772200,100.8,100.8,100.8,100.8
1746774000,100.8,100.8,99.5,99.75
1746775800,99.7,99.7,99.3,99.4
1746777600,99.4,99.45,99,99.1
1746779400,99.1,99.15,98.75,98.85
1746781200,98.9,99.2,98.85,99.15
1746783000,99.2,99.5,99.15,99.45
1746784800,99.45,99.55,99.2,99.3
1746786600,99.3,100.1,99.25,99.75
1746788400,99.75,100.2,99.5,99.85
1746790200,99.85,100.9,99.8,100.8
1746792000,100.7,101.9,100.7,101.8
1746793800,101.8,102.1,101.3,101.9
1746795600,101.8,102,101.2,101.7
1746797400,101.7,101.8,101.1,101.3
1746799200,101.2,101.4,100.8,101.3
1746801000,101.2,101.5,101,101.2
1746802800,101.2,101.2,101.2,101.2
1747031400,104.2,104.2,104.2,104.2
1747033200,104.2,105,103.6,104.8
1747035000,104.8,105.3,104.5,104.8
1747036800,104.8,105.2,104.6,104.6
1747038600,104.7,105.5,104.6,105
1747040400,105,105.2,104.5,104.6
1747042200,104.6,104.8,104.2,104.3
1747044000,104.3,104.5,104.2,104.5
1747045800,104.4,104.7,104.3,104.6
1747047600,104.6,104.6,104.2,104.2
1747049400,104.2,104.7,104.2,104.5
1747051200,104.4,105,104.4,104.9
1747053000,105,105.2,104.8,105.1
1747054800,105,105.4,104.8,105.3
1747056600,105.3,106.2,105,106.1
1747058400,106,106.3,105.6,105.8
1747060200,105.9,106.9,105.6,106.2
1747062000,106.2,106.4,106.2,106.4
1747117800,106,106,106,106
1747119600,106,108.4,105.9,107.8
1747121400,107.8,108.2,107.4,108
1747123200,107.9,108,107.6,107.9
1747125000,107.8,108.7,107.8,108.7
1747126800,108.6,108.8,108.1,108.7
1747128600,108.6,109,108.5,108.9
1747130400,108.9,109.3,108.5,109.1
1747132200,109.1,109.2,108.3,108.3
1747134000,108.4,108.6,108.2,108.5
1747135800,108.4,109.1,108.2,109
1747137600,109,109.7,108.8,109.5
1747139400,109.4,109.6,108.9,108.9
1747141200,108.9,109.3,108.8,109.3
1747143000,109.2,109.6,109.2,109.4
1747144800,109.4,110.3,109.3,109.9
1747146600,109.9,109.9,109.5,109.6
1747148400,109.7,109.7,109.7,109.7
1747204200,109,109,109,109
1747206000,109,110.4,108.4,110.4
1747207800,110.3,111.8,110.2,111.8
1747209600,111.7,112,111.5,111.7
1747211400,111.7,112.1,111.1,111.7
1747213200,111.8,112.4,111.5,112.2
1747215000,112.2,112.3,111.8,111.9
1747216800,111.8,113.8,111.8,113.2
1747218600,113.1,113.7,113,113.5
1747220400,113.5,114.3,113.3,113.6
1747222200,113.5,113.9,113.3,113.7
1747224000,113.6,114.2,113.3,114.2
1747225800,114.1,114.4,113.6,113.8
1747227600,113.7,114.4,113.6,113.8
1747229400,113.8,114,113.3,113.5
1747231200,113.5,113.6,112.7,113
1747233000,113,113.8,112.9,113.4
1747234800,113.6,113.6,113.6,113.6
1747290600,113.4,113.4,113.4,113.4
1747292400,113.5,114.5,112.5,112.5
1747294200,112.5,113,111.7,112
1747296000,112,112.3,111.7,111.8
1747297800,111.8,112.1,111.5,112.1
1747299600,112.1,112.1,111.5,111.6
1747301400,111.5,111.8,111.2,111.5
1747303200,111.5,113.1,111.5,112.9
1747305000,112.9,113,112.4,112.4
1747306800,112.4,112.6,109.5,110.7
1747308600,110.6,110.8,110,110.4
1747310400,110.4,111,110.2,110.7
1747312200,110.6,111.2,110.5,110.6
1747314000,110.6,111,110.4,111
1747315800,111,111.1,109.9,110
1747317600,109.9,110.4,109.6,109.9
1747319400,109.8,110.4,109.4,109.9
1747321200,109.9,110.1,109.9,110.1
1747377000,110.1,110.1,110.1,110.1
1747378800,110.1,112.5,110.1,111.7
1747380600,111.7,112,111.2,111.3
1747382400,111.2,111.4,110.8,111.1
1747384200,111.2,111.6,110.8,111.1
1747386000,111.1,111.2,110.8,110.9
1747387800,110.9,111,110.2,110.4
1747389600,110.5,110.6,109.9,110.1
1747391400,110,110.4,109.7,110.4
1747393200,110.3,110.4,109.9,110
1747395000,110.1,110.3,109.9,110.2
1747396800,110.1,110.4,110,110.2
1747398600,110.2,110.3,109,110.2
1747400400,110.1,110.9,110,110.8
1747402200,110.8,112.2,110.8,111.4
1747404000,111.3,112.9,111.2,112.8
1747405800,112.8,114,112.2,112.9
1747407600,113.3,113.3,113.3,113.3
1747722600,113.3,113.3,113.3,113.3
1747724400,113.3,114.4,112.2,113.8
1747726200,113.8,114.4,112.9,113.5
1747728000,113.5,114.4,113,114.1
1747729800,114.2,114.2,113.7,113.8
1747731600,113.8,114.1,113.2,113.2
1747733400,113.2,114,113,113.7
1747735200,113.8,113.9,113.5,113.6
1747737000,113.5,113.9,113.3,113.8
1747738800,113.9,114.2,113.6,113.9
1747740600,113.9,114.3,113.5,113.6
1747742400,113.7,113.8,113.5,113.5
1747744200,113.6,114,113.2,113.6
1747746000,113.6,114.1,113.5,113.9
1747747800,113.8,113.9,113.3,113.7
1747749600,113.7,113.8,112.2,112.9
1747751400,113,113.6,112.3,112.6
1747753200,112.1,112.1,112.1,112.1
1747809000,111.6,111.6,111.6,111.6
1747810800,111.5,113.3,111.4,112.1
1747812600,112,113.1,112,112.7
1747814400,112.7,113.7,112.6,113.4
1747816200,113.4,113.6,113.2,113.4
1747818000,113.3,113.5,112.9,113
1747819800,113,113.3,112.7,112.7
1747821600,112.8,113.1,112.4,112.8
1747823400,112.8,113.1,112.6,112.9
1747825200,112.8,113,112.5,112.7
1747827000,112.6,113,112.5,112.8
1747828800,112.7,113.1,112.3,112.4
1747830600,112.5,112.6,111.6,112
1747832400,112,112.7,111.8,112.3
1747834200,112.2,113,112.1,112.8
1747836000,112.8,113,111.4,111.6
1747837800,111.6,111.8,111,111.2
1747839600,111.2,111.2,111.2,111.2
1747895400,112.1,112.1,112.1,112.1
1747897200,112,113.2,112,112.6
1747899000,112.6,113.2,112.2,112.2
1747900800,112.3,113.1,112.1,113
1747902600,113,114.2,113,113.9
1747904400,113.9,114.4,113.3,113.5
1747906200,113.5,113.7,113.3,113.4
1747908000,113.4,113.4,113,113.1
1747909800,113,113.1,111.7,112.1
1747911600,112.1,112.3,112,112.3
1747913400,112.3,112.5,111.8,111.9
1747915200,111.9,111.9,111,111.7
1747917000,111.6,112.4,111.5,112.4
1747918800,112.4,113.5,112.3,112.9
1747920600,113,113.2,112.5,113
1747922400,113,113.2,112.3,112.6
1747924200,112.6,113.1,112.3,112.4
1747926000,112.4,112.4,112.4,112.4
1747981800,112.2,112.2,112.2,112.2
1747983600,112.2,112.8,111.8,111.9
1747985400,111.9,112.7,111.6,112.6
1747987200,112.6,113.5,112.6,113
1747989000,113.1,113.6,112.9,113.5
1747990800,113.6,113.8,113.3,113.6
1747992600,113.6,113.8,113.2,113.4
1747994400,113.4,113.6,113.2,113.5
1747996200,113.6,113.7,113.1,113.2
1747998000,113.1,113.3,112.8,112.9
1747999800,112.9,113.2,111.4,111.4
1748001600,111.3,111.8,111.1,111.4
1748003400,111.3,111.4,110.4,111.2
1748005200,111.3,111.6,110.7,111.3
1748007000,111.3,111.8,111.1,111.4
1748008800,111.4,111.5,110.7,111.1
1748010600,111.1,111.3,110.4,110.6
1748012400,110.6,110.8,110.6,110.8
1748241000,112,112,112,112
1748242800,112,112.3,111.2,111.4
1748244600,111.4,111.7,111,111.1
1748246400,111,111,109.2,110.6
1748248200,110.5,111.1,110.3,110.7
1748250000,110.8,111,110.4,110.7
1748251800,110.7,111,110.4,110.9
1748253600,110.8,111.2,110.7,111
1748255400,111,111.1,110.6,110.7
1748257200,110.7,110.9,110.3,110.3
1748259000,110.3,110.7,110.1,110.4
1748260800,110.4,110.5,109.8,109.8
1748262600,109.9,110.2,109.5,109.8
1748264400,109.8,110.4,109.7,110.2
1748266200,110.2,111.3,109.9,111.2
1748268000,111.1,112,110.9,111.9
1748269800,111.9,112.1,111,111.5
1748271600,111.8,111.8,111.8,111.8
1748327400,111.8,111.8,111.8,111.8
1748329200,111.7,113,111.5,112.5
1748331000,112.5,113,112.4,112.7
1748332800,112.6,112.8,111.4,111.6
1748334600,111.5,111.6,110.8,111.4
1748336400,111.4,111.6,111,111
1748338200,111,111.1,110.5,110.7
1748340000,110.7,111.2,110.7,111.1
1748341800,111.1,111.4,111,111.2
1748343600,111.2,111.5,111.1,111.1
1748345400,111.2,111.2,110.7,110.8
1748347200,110.8,111.4,110.6,111
1748349000,111,111,110.6,110.6
1748350800,110.7,110.9,110.4,110.5
1748352600,110.4,111.1,110.3,111
1748354400,111,111.1,110.3,110.5
1748356200,110.5,110.8,109.8,110.1
1748358000,110.4,110.4,110.4,110.4
1748413800,110.4,110.4,110.4,110.4
1748415600,110.3,110.5,109.9,110
1748417400,110,111.1,109.8,110.7
1748419200,110.7,110.8,110.2,110.2
1748421000,110.2,110.9,110.2,110.6
1748422800,110.6,110.9,110.5,110.5
1748424600,110.6,110.7,110,110.2
1748426400,110.1,110.4,110,110.2
1748428200,110.2,110.8,110.2,110.8
1748430000,110.7,110.8,110.3,110.6
1748431800,110.6,110.8,110.4,110.6
1748433600,110.6,110.7,110.3,110.5
1748435400,110.5,110.5,109.6,110
1748437200,110,110.7,109.9,110.4
1748439000,110.4,110.4,109.8,110
1748440800,109.9,110.2,109.1,110.1
1748442600,110.1,111,109.7,110.7
1748444400,111.2,111.2,111.2,111.2
1748500200,112,112,112,112
1748502000,112.1,112.6,111.6,111.8
1748503800,111.8,112.2,111.2,111.5
1748505600,111.5,111.7,111.1,111.5
1748507400,111.5,111.6,111,111.1
1748509200,111.2,111.3,110.9,111.2
1748511000,111.1,111.1,110.7,111
1748512800,111,111.1,110.5,110.8
1748514600,110.8,110.9,110.4,110.8
1748516400,110.9,111.4,110.9,111.2
1748518200,111.2,111.4,111,111.1
1748520000,111.1,111.2,110.9,111.1
1748521800,111.1,111.3,111.1,111.2
1748523600,111.2,111.6,110.9,111.1
1748525400,111.1,111.1,109.3,109.9
1748527200,109.8,109.9,109.4,109.8
1748529000,109.7,110.4,109.5,109.8
1748530800,109.6,109.6,109.6,109.6
1748586600,109.5,109.5,109.5,109.5
1748588400,109.6,109.9,107.5,107.6
1748590200,107.5,107.6,105.2,106
1748592000,106.1,106.5,105.5,106.1
1748593800,106.1,106.1,105.2,105.4
1748595600,105.4,105.8,105.2,105.7
1748597400,105.7,106.3,105.6,105.8
1748599200,105.8,106.4,105.8,106.2
1748601000,106.3,106.4,105.5,105.9
1748602800,105.9,106,105.7,106
1748604600,106,106.2,105.7,105.7
1748606400,105.8,105.9,105.1,105.2
1748608200,105.2,107.1,105,106.7
1748610000,106.7,106.8,105.7,106.3
1748611800,106.3,106.4,106,106.2
1748613600,106.2,106.5,106.1,106.4
1748615400,106.4,106.5,105.4,105.6
1748617200,105.9,105.9,105.9,105.9
1748845800,106,106,106,106
1748847600,106.1,106.7,105.3,106.2
1748849400,106.1,106.8,105.9,106.5
1748851200,106.5,107.5,106.2,107.5
1748853000,107.4,108.2,107.2,107.8
1748854800,107.8,108.3,107.4,107.8
1748856600,107.8,107.9,107.2,107.5
1748858400,107.4,108,107.2,107.3
1748860200,107.3,107.7,107.3,107.4
1748862000,107.5,107.6,107.2,107.4
1748863800,107.4,108,107.1,107.6
1748865600,107.7,108,107.5,107.7
1748867400,107.7,107.9,107.4,107.5
1748869200,107.5,107.6,106.7,107.2
1748871000,107.3,107.4,106.4,106.5
1748872800,106.4,107.2,106.4,107.1
1748874600,107.1,108.3,106.6,107.9
1748876400,108,108,107.8,107.8
1748932200,109.5,109.5,109.5,109.5
1748934000,109.4,113.8,109.4,113.8
1748935800,113.8,114.9,112.6,114.9
1748937600,114.9,115.4,114.5,114.8
1748939400,114.9,115.9,114.8,115.6
1748941200,115.6,116.7,115.5,116.2
1748943000,116.1,116.4,116,116.3
1748944800,116.3,116.3,115.9,116.2
1748946600,116.3,116.4,115.7,116.1
1748948400,116,116.3,115.7,115.8
1748950200,115.8,116,115.5,115.9
1748952000,116,116.3,115.7,116
1748953800,116,116,115.3,115.3
1748955600,115.3,116.3,115.3,116.3
1748957400,116.3,116.4,115.8,115.9
1748959200,115.9,116.4,114.7,115.2
1748961000,115.1,115.2,114.4,114.5
1748962800,114,114,114,114
1749018600,113.7,113.7,113.7,113.7
1749020400,113.7,115.9,113.6,115.4
1749022200,115.3,115.4,114,114.2
1749024000,114.2,114.9,114,114.7
1749025800,114.7,115.1,114.6,114.8
1749027600,114.8,115,114.6,114.8
1749029400,114.8,114.8,114.3,114.4
1749031200,114.4,114.7,114.1,114.7
1749033000,114.6,115.2,114.5,115
1749034800,115,115.1,114.7,114.9
1749036600,114.9,115.1,114.8,115
1749038400,115,115.2,114.7,115
1749040200,114.9,115.4,114.8,115.1
1749042000,115,115.1,114.8,115.1
1749043800,115,115.3,114.9,115.1
1749045600,115,115.4,114.9,115.2
1749047400,115.1,115.7,114.9,115.6
1749049200,115.7,115.7,115.7,115.7
1749105000,114.8,114.8,114.8,114.8
1749106800,114.8,115.7,114.5,115.4
1749108600,115.5,115.9,115,115.7
1749110400,115.7,115.8,115.4,115.6
1749112200,115.6,115.9,115.5,115.8
1749114000,115.8,116.1,115.2,115.7
1749115800,116.1,116.1,116.1,116.1
1749537000,118,118,118,118
1749538800,118,118.5,116.6,117.9
1749540600,117.8,118.6,117.7,118.1
1749542400,118.1,119.7,118.1,118.7
1749544200,118.7,119.3,118.6,119.3
1749546000,119.2,120,119,119.9
1749547800,119.8,121.2,119.8,120.7
1749549600,120.7,121.5,120.6,121.1
1749551400,121.1,121.3,120.9,121.1
1749553200,121.1,121.8,120.8,121.3
1749555000,121.3,121.7,121.1,121.2
1749556800,121.1,121.8,120.9,121.6
1749558600,121.6,121.8,121.3,121.6
1749560400,121.6,121.9,121.3,121.6
1749562200,121.5,122.6,121.4,122
1749564000,122,122.8,121.7,122.8
1749565800,122.8,123,122.1,122.1
1749567600,122.3,122.3,122.3,122.3
1749623400,121.9,121.9,121.9,121.9
1749625200,121.9,123.5,121.3,123.4
1749627000,123.3,123.4,121.8,121.9
1749628800,121.9,122.4,121.6,121.8
1749630600,121.8,122.8,121.7,122.2
1749632400,122.3,122.3,121.8,122
1749634200,121.9,122,121.5,121.6
1749636000,121.5,121.8,121.5,121.7
1749637800,121.6,122,121.5,121.7
1749639600,121.7,122,121.5,121.9
1749641400,122,122.4,121.4,121.6
1749643200,121.6,122.2,121.3,121.7
1749645000,121.8,122.3,121.5,121.7
1749646800,121.8,121.8,120.8,121.1
1749648600,121.2,121.5,121,121.3
1749650400,121.4,121.7,121.1,121.2
1749652200,121.2,121.5,121,121
1749654000,121.1,121.1,121.1,121.1
1749709800,119.7,119.7,119.7,119.7
1749711600,119.6,121.4,118.9,120.9
1749713400,120.9,121.5,120.6,120.8
1749715200,120.9,120.9,120.2,120.3
1749717000,120.4,120.7,120,120.5
1749718800,120.5,120.7,119.8,119.8
1749720600,119.8,120.6,119.7,120.3
1749722400,120.3,120.3,119.9,120
1749724200,120.1,120.4,120,120.3
1749726000,120.3,120.4,119.9,119.9
1749727800,120,120.1,119.6,119.7
1749729600,119.7,120,119.3,119.7
1749731400,119.7,120.6,119.7,120.4
1749733200,120.3,120.7,119.9,120.1
1749735000,120,120.2,119.4,119.6
1749736800,119.6,119.8,119,119.2
1749738600,119.2,119.5,118.7,118.9
1749740400,119,119,119,119
1749796200,113.5,113.5,113.5,113.5
1749798000,113.5,114.8,112,114.4
1749799800,114.5,115.2,113.8,114.2
1749801600,114.2,115.1,113.8,114.2
1749803400,114.2,114.5,114,114.5
1749805200,114.5,115.5,114.1,115.1
1749807000,115.2,115.5,114.4,114.5
1749808800,114.6,114.7,114.2,114.2
1749810600,114.3,114.4,114,114.2
1749812400,114.1,114.2,113.7,114
1749814200,113.9,114.8,113.7,114.5
1749816000,114.5,114.8,114.4,114.5
1749817800,114.6,114.8,114.3,114.7
1749819600,114.8,115.3,114.4,114.9
1749821400,115,115.5,114.4,114.4
1749823200,114.4,115.8,114.4,115.3
1749825000,115.3,117.2,115.3,116.9
1749826800,117.2,117.2,117.2,117.2
1750055400,117.7,117.7,117.7,117.7
1750057200,117.7,119.2,116.2,118.5
1750059000,118.6,118.9,117,117.6
1750060800,117.5,117.7,117,117.6
1750062600,117.6,117.8,116.7,116.9
1750064400,116.8,117,116.5,116.8
1750066200,116.8,117.2,116.5,117.2
1750068000,117.2,117.5,117.1,117.2
1750069800,117.2,117.8,117.1,117.7
1750071600,117.7,117.8,117.3,117.5
1750073400,117.5,117.9,117.2,117.8
1750075200,117.7,118.2,117.5,117.6
1750077000,117.6,117.9,117,117.3
1750078800,117.2,117.6,117,117.2
1750080600,117.1,117.8,116.9,117.8
1750082400,117.8,119.8,117.7,118.6
1750084200,118.7,118.8,117.4,117.5
1750086000,117.4,117.4,117.4,117.4
1750141800,117.4,117.4,117.4,117.4
1750143600,117.4,117.7,116.1,116.3
1750145400,116.2,116.5,115.9,116.1
1750147200,116.1,116.1,115.8,115.9
1750149000,116,116.6,115.9,116.5
1750150800,116.6,116.9,116.5,116.8
1750152600,116.7,116.9,116.4,116.5
1750154400,116.4,116.6,116.3,116.5
1750156200,116.6,116.7,116.5,116.5
1750158000,116.5,117.9,116.4,117.3
1750159800,117.3,117.9,116.9,116.9
1750161600,116.9,117.3,116.8,117
1750163400,116.9,117.1,116.5,116.6
1750165200,116.6,117.2,116.5,117.1
1750167000,117.1,117.4,116.8,116.9
1750168800,117,117.2,116.4,116.4
1750170600,116.5,116.5,115,115.2
1750172400,115.1,115.1,115.1,115.1
1750228200,115,115,115,115
1750230000,115,116.7,114.5,115.7
1750231800,115.8,115.9,115,115.5
1750233600,115.5,115.6,114.3,114.6
1750235400,114.6,115,114.4,114.5
1750237200,114.6,115.2,114.5,115.1
1750239000,115.1,115.6,114.9,115.5
1750240800,115.5,115.5,115,115.1
1750242600,115.1,115.2,114.7,115
1750244400,114.9,115.1,114.6,114.8
1750246200,114.8,114.9,114.5,114.8
1750248000,114.8,115,114.6,114.9
1750249800,114.9,114.9,114.4,114.5
1750251600,114.5,114.8,114,114.2
1750253400,114.2,114.5,113.9,114.3
1750255200,114.4,115.1,114.2,114.7
1750257000,114.7,115.8,114.5,114.9
1750258800,115,115,114.5,114.5
1750314600,115.9,115.9,115.9,115.9
1750316400,115.8,116.8,114.3,115.2
1750318200,115.2,115.7,115,115.6
1750320000,115.6,116,115.2,115.9
1750321800,115.9,116,115.2,115.3
1750323600,115.2,116.1,115.2,115.8
1750325400,115.8,116,115.5,115.9
1750327200,115.8,116.2,115.5,116.1
1750329000,116,116.2,115.7,115.8
1750330800,115.8,115.8,113,113.4
1750332600,113.4,113.9,113,113.8
1750334400,113.8,114,113.5,113.7
1750336200,113.8,113.8,113,113.1
1750338000,113.1,113.4,113,113.1
1750339800,113.1,113.2,112.7,112.9
1750341600,112.9,113,112.2,112.8
1750343400,112.8,113.3,112.4,112.7
1750345200,112.3,112.3,112.3,112.3
1750401000,113.8,113.8,113.8,113.8
1750402800,113.9,116.1,113.7,116
1750404600,116.1,116.3,115.6,115.8
1750406400,115.8,116.2,115.6,115.8
1750408200,115.7,116,115.4,115.9
1750410000,115.8,116.4,115.5,115.9
1750411800,115.9,116.1,115.7,115.9
1750413600,115.9,116,115.6,115.7
1750415400,115.7,115.8,115,115.1
1750417200,115.1,115.2,114.5,114.8
1750419000,114.9,115.3,114.8,115
1750420800,115,115.3,114.9,115.1
1750422600,115.1,115.3,114.7,115.3
1750424400,115.3,115.3,114,114.1
1750426200,114.1,114.5,113.8,114.1
1750428000,114.1,114.6,114.1,114.2
1750429800,114.3,114.6,113.9,114.5
1750431600,115.3,115.3,115.3,115.3
1750660200,113.6,113.6,113.6,113.6
1750662000,113.6,115.5,113.5,114.7
1750663800,114.7,115.5,114.6,115.1
1750665600,115,116.4,114.6,116.2
1750667400,116.3,116.5,115.8,116.3
1750669200,116.3,116.5,115.5,115.6
1750671000,115.6,115.8,115.3,115.6
1750672800,115.5,115.7,115.3,115.3
1750674600,115.3,115.4,114.9,114.9
1750676400,115,115.1,114.8,114.9
1750678200,114.9,115.1,114.7,115
1750680000,115,115.4,114.9,115.2
1750681800,115.3,115.4,114.8,115.3
1750683600,115.3,115.4,115,115.2
1750685400,115.2,115.8,115,115
1750687200,115.1,115.8,115,115.5
1750689000,115.4,115.7,115.1,115.1
1750690800,115.2,115.2,115.2,115.2
1750746600,120,120,120,120
1750748400,120,122.2,120,120.9
1750750200,120.9,121,119.5,119.6
1750752000,119.7,120.7,119.4,120.4
1750753800,120.5,120.9,120,120.8
1750755600,120.8,120.8,120.2,120.5
1750757400,120.5,121.2,120.4,120.8
1750759200,120.8,120.8,120.3,120.6
1750761000,120.6,121.1,120.4,120.8
1750762800,120.8,121.1,120.6,120.9
1750764600,120.9,121.8,120.7,121.1
1750766400,121.1,121.6,121,121.5
1750768200,121.5,121.6,120.7,120.8
1750770000,120.8,121.4,120.5,121.1
1750771800,121,121.3,120.7,121.1
1750773600,121.1,121.6,120.9,121.2
1750775400,121.1,121.4,120,120.4
1750777200,120,120,120,120
1750833000,120.4,120.4,120.4,120.4
1750834800,120.4,120.5,118.7,119.4
1750836600,119.4,119.6,119,119
1750838400,119.1,120.4,119.1,120
1750840200,120,120.1,119.6,119.9
1750842000,119.8,120.2,119.8,119.9
1750843800,119.9,120.2,119.8,120.1
1750845600,120.2,120.2,119.8,120.2
1750847400,120.2,120.8,120.1,120.7
1750849200,120.7,120.8,120.2,120.3
1750851000,120.3,120.4,119.8,119.9
1750852800,119.9,120.1,119.5,119.7
1750854600,119.7,119.8,119.4,119.7
1750856400,119.7,120.2,119.3,119.4
1750858200,119.3,119.7,119,119.1
1750860000,119.1,119.6,118.9,119.5
1750861800,119.5,120.2,119.3,119.6
1750863600,119.6,119.6,119.6,119.6
1750919400,119.4,119.4,119.4,119.4
1750921200,119.3,121.6,119.1,120.6
1750923000,120.6,121.2,120,120.2
1750924800,120.2,121,120.2,120.5
1750926600,120.5,120.9,120.4,120.5
1750928400,120.5,120.7,120.4,120.5
1750930200,120.5,120.9,120.4,120.8
1750932000,120.7,121,120.5,121
1750933800,121,121,119.9,119.9
1750935600,119.9,120.1,119.4,120
1750937400,120,120.2,119.9,120.2
1750939200,120.2,120.3,119.8,120.2
1750941000,120.1,120.3,119.8,120
1750942800,119.9,119.9,119.1,119.7
1750944600,119.6,119.7,119.1,119.6
1750946400,119.6,119.7,119,119.3
1750948200,119.3,119.5,118.8,118.8
1750950000,118.8,118.8,118.8,118.8
1751005800,118.9,118.9,118.9,118.9
1751007600,118.9,119.2,118,118.7
1751009400,118.8,119.4,118.5,119.1
1751011200,119.1,119.7,119,119.5
1751013000,119.6,120.1,119.5,119.7
1751014800,119.6,119.7,119,119.3
1751016600,119.3,119.3,118.6,119
1751018400,119,119.4,118.7,119.3
1751020200,119.3,120.3,119.3,120.1
1751022000,120.1,122.5,120.1,122.4
1751023800,122.4,123.2,121.7,121.7
1751025600,121.7,122.2,121,121.6
1751027400,121.6,121.8,121.1,121.6
1751029200,121.6,121.8,121.3,121.7
1751031000,121.7,122.7,121.6,122.3
1751032800,122.3,122.6,121.7,121.9
1751034600,121.8,122.9,121.6,122.5
1751036400,122.6,122.8,122.6,122.8
1751265000,124.5,124.5,124.5,124.5
1751266800,124.5,125.5,124.2,124.5
1751268600,124.5,125,124.3,124.4
1751270400,124.4,126.9,124.2,126.7
1751272200,126.8,130.6,126.3,130.1
1751274000,130.1,131,129.7,130.5
1751275800,130.6,131.9,130.1,131.4
1751277600,131.5,133.2,130.8,132.9
1751279400,132.9,135,132.8,135
1751281200,135,135,135,135
1751283000,135,135,135,135
1751284800,135,135,134.5,135
1751286600,135,135,134.7,135
1751288400,135,135,135,135
1751290200,135,135,135,135
1751292000,135,135,135,135
1751293800,135,135,134.7,135
1751295600,135,135,135,135
1751351400,135,135,135,135
1751353200,135,137.8,134.9,136
1751355000,136,138.3,136,136.4
1751356800,136.4,137.3,136,136
1751358600,136.1,136.2,135,135.1
1751360400,135.1,136.2,135.1,136.2
1751362200,136.2,136.5,135.9,136.2
1751364000,136.3,136.4,135.8,135.8
1751365800,135.8,136.4,135.6,135.9
1751367600,135.9,137.1,135.8,136.3
1751369400,136.2,136.6,135.9,136.3
1751371200,136.4,137.2,135.6,136.9
1751373000,136.9,137,136,136.1
1751374800,136,136.6,135.9,136.2
1751376600,136.2,138,136.2,136.9
1751378400,137,137.5,136.7,137.5
1751380200,137.5,137.5,136.6,136.7
1751382000,136.9,136.9,136.9,136.9
1751437800,137,137,137,137
1751439600,137,138.4,136.1,137.3
1751441400,137.3,137.6,136.5,137.1
1751443200,137.2,138.3,137,138.1
1751445000,138.1,138.4,137.6,137.8
1751446800,137.9,140.2,137.8,139.3
1751448600,139.3,139.9,138.4,138.6
1751450400,138.6,139.1,138.5,138.8
1751452200,138.9,139,138.3,138.4
1751454000,138.3,138.9,138.2,138.5
1751455800,138.5,138.7,138,138.1
1751457600,138.2,138.3,137.7,137.9
1751459400,137.8,138.1,136.5,137.2
1751461200,137.1,137.3,135.5,137
1751463000,137.1,137.6,136.4,137.2
1751464800,137.2,137.8,137,137.5
1751466600,137.5,138.7,137.1,138.5
1751468400,138.9,138.9,138.9,138.9
1751524200,142,142,142,142
1751526000,141.9,143.9,138.5,140.1
1751527800,140.1,140.4,137.4,138.1
1751529600,138,138.1,136,136.4
1751531400,136.4,136.7,135.1,135.4
1751533200,135.4,136.3,135.3,135.6
1751535000,135.6,136.6,135.3,136.5
1751536800,136.4,136.9,136.3,136.9
1751538600,136.8,136.9,136.2,136.2
1751540400,136.3,136.9,136.1,136.9
1751542200,136.9,137.3,136.6,136.9
1751544000,136.9,138,136.7,137.6
1751545800,137.6,138,136.4,136.7
1751547600,136.7,137.2,136.4,136.7
1751549400,136.7,136.8,135.4,136.1
1751551200,136.1,136.8,136,136.3
1751553000,136.4,136.4,135.2,135.7
1751554800,135.6,135.6,135.6,135.6
1751610600,136.2,136.2,136.2,136.2
1751612400,136.1,136.2,134.6,135.3
1751614200,135.3,136.1,135,135.3
1751616000,135.3,135.7,135,135.3
1751617800,135.2,135.9,135.2,135.7
1751619600,135.7,136.4,135.7,135.8
1751621400,135.8,136.1,135.8,135.9
1751623200,135.8,136.1,135.7,135.9
1751625000,136,136.5,135.8,135.9
1751626800,135.9,136,135.5,135.8
1751628600,135.7,135.9,135.5,135.6
1751630400,135.5,136.7,135.4,136.6
1751632200,136.5,136.6,135.7,135.8
1751634000,135.8,136.1,135.8,135.9
1751635800,135.9,137.2,135.8,136.8
1751637600,136.9,137.7,136.5,136.8
1751639400,136.7,137.5,136.6,137.1
1751641200,137.4,137.4,137.4,137.4
1751869800,135.6,135.6,135.6,135.6
1751871600,135.5,137.2,134.6,136.7
1751873400,136.7,137.8,136.4,137.7
1751875200,137.6,138.1,137,137.4
1751877000,137.3,137.6,136.7,136.9
1751878800,137,137.3,136.7,136.8
1751880600,136.8,137.3,136.5,137.1
1751882400,137.2,137.2,136.9,137.1
1751884200,137.1,137.2,136.7,137
1751886000,137,137.1,136.8,137
1751887800,136.9,137.4,136.8,137.3
1751889600,137.2,137.3,136.4,136.6
1751891400,136.7,137.2,136.4,136.6
1751893200,136.6,137.3,136.5,137
1751895000,137.1,137.1,136.2,136.4
1751896800,136.5,137,135.7,136.6
1751898600,136.7,136.8,135.8,136.4
1751900400,136.4,136.4,136.4,136.4
1751956200,137.6,137.6,137.6,137.6
1751958000,137.6,138.5,137.1,137.9
1751959800,137.9,138.2,137.3,138
1751961600,138,138.1,137.3,137.4
1751963400,137.4,137.8,137.2,137.7
1751965200,137.6,137.8,136.9,137.6
1751967000,137.6,138.1,136.7,136.9
1751968800,136.8,137.1,136.1,136.1
1751970600,136.1,137.4,135.5,137.2
1751972400,137.2,137.7,136.9,137.4
1751974200,137.5,138,137.2,137.7
1751976000,137.8,138.1,137.5,137.8
1751977800,137.7,138,137.2,137.3
1751979600,137.3,137.5,136.5,136.8
1751981400,136.8,137.5,136.6,137
1751983200,136.9,137.3,136.7,136.8
1751985000,136.8,137.4,136.8,137.2
1751986800,137.3,137.3,137.3,137.3
1752042600,137.3,137.3,137.3,137.3
1752044400,137.2,137.5,136.1,137.3
1752046200,137.3,137.5,136.7,137.4
1752048000,137.3,138,137.2,137.8
1752049800,137.8,138,137,137.2
1752051600,137.2,137.3,137.1,137.2
1752053400,137.2,137.4,137,137.1
1752055200,137.1,137.4,137,137.3
1752057000,137.4,138,137.2,138
1752058800,138,138.1,137.6,137.9
1752060600,137.9,139.4,137.7,138.6
1752062400,138.6,139.5,138.4,139
1752064200,139,139.9,138.7,139.2
1752066000,139.2,140,139.2,139.9
1752067800,139.8,140.1,139.5,139.5
1752069600,139.6,140.2,139.3,139.4
1752071400,139.5,139.9,139.4,139.5
1752073200,139.6,139.6,139.6,139.6
1752129000,141.3,141.3,141.3,141.3
1752130800,141.3,142.9,141.2,141.3
1752132600,141.3,141.4,140.7,140.8
1752134400,140.9,142.1,140.7,141.8
1752136200,141.8,142.3,141.6,141.6
1752138000,141.6,141.7,141.5,141.6
1752139800,141.7,141.7,141.5,141.6
1752141600,141.5,142.1,141.5,141.8
1752143400,141.8,141.9,141.4,141.6
1752145200,141.6,141.8,141.5,141.8
1752147000,141.7,141.8,141.2,141.4
1752148800,141.4,141.7,141,141.3
1752150600,141.2,141.5,141,141.2
1752152400,141.1,141.5,141.1,141.5
1752154200,141.5,142.5,141.3,142
1752156000,142,142.4,140.9,141.3
1752157800,141.4,142.2,141.2,142.2
1752159600,141.9,141.9,141.9,141.9
1752215400,143,143,143,143
1752217200,143,144,142.7,143.7
1752219000,143.6,144,143.2,143.3
1752220800,143.3,144.4,143.3,144
1752222600,144,144.1,143.3,143.4
1752224400,143.4,143.5,142.4,143.3
1752226200,143.3,143.6,143.2,143.4
1752228000,143.4,143.5,143,143.1
1752229800,143,143.2,142.7,142.9
1752231600,142.9,143,142.4,142.5
1752233400,142.4,142.5,141.1,141.6
1752235200,141.6,142.6,141.5,142
1752237000,142,142.1,141.6,141.9
1752238800,142,142.4,141.9,141.9
1752240600,142,142.9,141.8,142.6
1752242400,142.6,143.2,142.3,142.6
1752244200,142.7,142.9,142.1,142.3
1752246000,142.2,142.2,142.2,142.2
1752474600,141.7,141.7,141.7,141.7
1752476400,141.6,141.8,138.9,139.7
1752478200,139.6,140,137.9,138.3
1752480000,138.3,138.4,137.3,137.8
1752481800,137.7,138.3,137.4,138
1752483600,138,138.2,137.9,138
1752485400,138,139.2,137.8,138.9
1752487200,138.9,138.9,138.5,138.7
1752489000,138.6,138.8,138.4,138.5
1752490800,138.5,140,138.4,139.9
1752492600,139.9,139.9,139,139.2
1752494400,139.1,139.3,138.8,138.8
1752496200,138.8,139.4,138.7,138.8
1752498000,138.8,139.3,138.6,138.8
1752499800,138.7,138.9,138.5,138.8
1752501600,138.7,138.9,138.3,138.7
1752503400,138.7,138.7,137.5,137.6
1752505200,137.5,137.5,137.5,137.5
1752647400,137.2,137.2,137.2,137.2
1752649200,137.3,137.6,135.5,137.3
1752651000,137.2,137.8,136.7,136.9
1752652800,136.9,137,136,136.7
1752654600,136.8,137.1,136.7,137.1
1752656400,137.1,137.2,136.6,136.7
1752658200,136.7,137.1,136.5,137
1752660000,136.9,138,136.7,137.5
1752661800,137.5,137.6,137,137.3
1752663600,137.2,137.3,136.7,136.8
1752665400,136.7,137,135.9,136
1752667200,136,136.7,135.9,136
1752669000,136,136.3,133.9,133.9
1752670800,134,134.2,132.1,133.9
1752672600,133.8,134.7,133.2,134.6
1752674400,134.7,135.4,134.1,135.3
1752676200,135.3,136.1,134,134
1752678000,133.9,133.9,133.9,133.9
1752733800,135.2,135.2,135.2,135.2
1752735600,135.3,136.4,134.7,135
1752737400,135,135.5,134.8,134.9
1752739200,134.8,135,134.4,134.9
1752741000,134.9,135.2,134.7,134.8
1752742800,134.8,135,134.1,134.4
1752744600,134.3,134.9,134.3,134.9
1752746400,134.9,135.5,134.7,135
1752748200,135,136.3,135,135.8
1752750000,135.9,136.3,135.3,135.5
1752751800,135.4,136,135.3,135.9
1752753600,135.9,138.3,135.8,138
1752755400,138,138.9,137.7,138.7
1752757200,138.8,140.5,138.6,140.1
1752759000,140.1,141.1,139.7,140.5
1752760800,140.5,141.2,140.3,140.9
1752762600,140.9,141.3,140.4,141.3
1752764400,141.2,141.6,141.2,141.6
1752820200,141.5,141.5,141.5,141.5
1752822000,141.6,141.9,140.5,141
1752823800,141.1,141.2,140.6,140.7
1752825600,140.6,140.8,140.3,140.7
1752827400,140.6,140.7,139.9,140
1752829200,140,140.1,139.1,139.5
1752831000,139.4,139.5,139,139.3
1752832800,139.3,139.9,139.1,139.5
1752834600,139.5,139.6,139.1,139.3
1752836400,139.3,139.3,138.7,138.9
1752838200,138.9,139.2,138.7,139
1752840000,139,139.1,138.8,139.1
1752841800,139.1,139.8,138.9,139.1
1752843600,139.1,139.6,138.7,139.4
1752845400,139.3,139.7,139,139.5
1752847200,139.4,139.5,138.9,139.2
1752849000,139.2,139.7,139.1,139.1
1752850800,139,139,139,139
1753079400,139.7,139.7,139.7,139.7
1753081200,139.7,141.2,139.6,141
1753083000,141,142.4,140.9,141.3
1753084800,141.2,141.5,140.7,141.1
1753086600,141.1,141.4,140.8,141.2
1753088400,141.1,141.4,141,141.4
1753090200,141.4,141.9,141.3,141.7
1753092000,141.7,141.8,141.4,141.4
1753093800,141.4,141.5,141,141.3
1753095600,141.2,141.3,140.9,141
1753097400,140.9,141.3,140.7,141.1
1753099200,141.2,141.7,141.1,141.5
1753101000,141.5,141.7,141.4,141.4
1753102800,141.4,141.5,141.3,141.4
1753104600,141.4,141.9,141.4,141.8
1753106400,141.9,143.4,141.6,143.1
1753108200,143.2,143.3,142.7,142.9
1753110000,143,143,143,143
1753165800,143.3,143.3,143.3,143.3
1753167600,143.2,143.3,141.7,141.9
1753169400,141.9,142,141.5,141.7
1753171200,141.6,142.8,141.5,142.6
1753173000,142.5,144.8,142.4,144.2
1753174800,144.3,144.7,143.8,144
1753176600,143.9,144.2,143.8,143.8
1753178400,143.8,143.9,143.4,143.5
1753180200,143.6,143.9,143.5,143.5
1753182000,143.5,143.8,142.9,143.1
1753183800,143,143.2,142.6,142.7
1753185600,142.7,143.1,142.4,143
1753187400,143,143.3,142.7,142.9
1753189200,142.9,144,142.8,142.8
1753191000,142.9,142.9,141.8,142.2
1753192800,142.2,142.4,139.9,140.3
1753194600,140.2,140.4,138.6,139.1
1753196400,139.4,139.4,139.4,139.4
1753252200,140.1,140.1,140.1,140.1
1753254000,140,140.2,137.8,138.4
1753255800,138.3,138.7,137.5,138.4
1753257600,138.4,138.5,137.8,138.3
1753259400,138.2,138.6,138.2,138.3
1753261200,138.4,138.6,138,138.1
1753263000,138.1,138.4,138.1,138.4
1753264800,138.4,138.9,138,138.8
1753266600,138.8,139,138.5,138.6
1753268400,138.6,138.7,138.4,138.5
1753270200,138.5,138.6,138.2,138.3
1753272000,138.3,138.4,137.7,137.9
1753273800,137.8,138.2,137.8,137.9
1753275600,138,139,137.6,139
1753277400,139,140.5,138.8,139.9
1753279200,139.9,141.4,139.7,141.2
1753281000,141.1,141.8,140,140.4
1753282800,140.3,140.3,140.3,140.3
1753338600,141.3,141.3,141.3,141.3
1753340400,141.4,141.7,139.8,140.3
1753342200,140.3,140.5,139.6,140.1
1753344000,140.1,140.6,140.1,140.4
1753345800,140.4,141.3,140.4,141
1753347600,141,141.2,140.9,140.9
1753349400,140.9,141,140.2,140.6
1753351200,140.6,141.3,140.5,140.8
1753353000,140.7,141.4,140.7,141.3
1753354800,141.2,143.3,139.7,141.3
1753356600,141.3,145.3,141.3,143.3
1753358400,143.3,143.7,142.5,142.9
1753360200,142.9,143.6,142.5,142.7
1753362000,142.7,142.8,141.9,142.1
1753363800,142,142.9,141.7,141.9
1753365600,141.9,142.5,141.5,142
1753367400,142,142.2,139.4,139.7
1753369200,139.7,139.7,139.7,139.7
1753425000,139.8,139.8,139.8,139.8
1753426800,139.8,140.3,139.3,139.9
1753428600,139.9,140.1,139.6,139.7
1753430400,139.7,140,139.4,139.6
1753432200,139.6,139.8,139.3,139.5
1753434000,139.5,140,139.4,139.9
1753435800,139.8,140,139.5,139.6
1753437600,139.6,140.2,139.4,140
1753439400,140.1,140.1,139.6,139.8
1753441200,139.9,140.2,139.7,139.9
1753443000,140,141,139.8,140.7
1753444800,140.7,141.3,140.3,140.8
1753446600,140.8,141.3,140.8,141.1
1753448400,141.1,141.3,140.7,141
1753450200,141,141.6,140.9,141.1
1753452000,141.1,141.2,139.7,140.3
1753453800,140.3,140.9,140.1,140.2
1753455600,140,140,140,140
1753684200,141,141,141,141
1753686000,141.1,141.3,138.5,139
1753687800,138.9,139.4,138.6,139.3
1753689600,139.2,139.4,138.5,139
1753691400,139,139.3,138.9,139.1
1753693200,139,139,138.7,138.8
1753695000,138.8,139.3,138.5,139.1
1753696800,139.1,139.1,138.8,139
1753698600,139.1,139.2,138.8,139
1753700400,139,139.7,138.9,139.3
1753702200,139.4,139.5,138.8,139.1
1753704000,139,139.4,138.9,139
1753705800,139,139.2,138.8,138.9
1753707600,138.9,139.1,138.4,138.6
1753709400,138.5,138.7,138.1,138.1
1753711200,138.1,138.6,137.8,137.9
1753713000,137.8,138.4,137,137.2
1753714800,137.2,137.2,137.2,137.2
1753770600,137.6,137.6,137.6,137.6
1753772400,137.6,138.8,137.3,138.3
1753774200,138.2,138.4,137.4,137.4
1753776000,137.5,138.6,137.3,138.3
1753777800,138.2,139.4,138.2,139.1
1753779600,139,139.5,138.8,139.3
1753781400,139.4,139.6,138.9,139.1
1753783200,139.2,139.3,138.9,139.1
1753785000,139.1,139.1,138.6,138.9
1753786800,138.8,139.2,138.7,138.8
1753788600,138.7,139.5,138.6,139.3
1753790400,139.3,140.2,139.3,139.9
1753792200,139.8,139.9,139.2,139.3
1753794000,139.3,139.9,139.3,139.8
1753795800,139.7,139.8,139.3,139.4
1753797600,139.3,139.5,138.8,139
1753799400,139,139.2,138.2,138.9
1753801200,139,139,139,139
1753857000,139,139,139,139
1753858800,138.9,140.3,138.4,140.3
1753860600,140.3,140.4,139.8,140
1753862400,140.1,142,139.9,141.7
1753864200,141.7,142.4,141.5,141.9
1753866000,141.9,142.1,141.5,141.7
1753867800,141.7,142.1,141.6,141.8
1753869600,141.8,141.9,140.9,141.1
1753871400,141.1,141.5,140.9,141.3
1753873200,141.3,141.5,141,141
1753875000,141.1,142.2,141,141.9
1753876800,141.9,142.1,141.7,141.9
1753878600,141.9,141.9,141.2,141.6
1753880400,141.6,142.5,141.3,142.3
1753882200,142.3,142.5,141.7,142.5
1753884000,142.5,142.5,141.8,141.9
1753885800,141.9,142.5,141.7,142.4
1753887600,142.4,142.4,142.4,142.4
1753943400,143.4,143.4,143.4,143.4
1753945200,143.4,143.8,142.3,143.1
1753947000,143.1,144.6,143,144
1753948800,144.1,144.3,143.7,144
1753950600,144,144.1,143.6,143.9
1753952400,143.9,143.9,143.3,143.4
1753954200,143.4,143.5,142.9,143.2
1753956000,143.2,143.3,142.6,142.7
1753957800,142.6,142.7,141.8,142.2
1753959600,142.2,142.4,141.9,142.1
1753961400,142.1,142.3,141.9,142.1
1753963200,141.9,142.9,141.8,142.2
1753965000,142.3,143.2,142.1,142.8
1753966800,142.9,143.5,142.5,142.6
1753968600,142.6,143.3,142.5,143.1
1753970400,143.1,143.4,142.7,142.8
1753972200,142.8,143.2,142.6,142.7
1753974000,142.8,142.8,142.8,142.8
1754029800,142.5,142.5,142.5,142.5
1754031600,142.5,143.7,142.3,143.2
1754033400,143.2,143.7,142.6,143.4
1754035200,143.4,144.4,143.3,143.5
1754037000,143.5,143.7,143,143.4
1754038800,143.3,143.9,143.2,143.7
1754040600,143.7,144.2,143.6,144.1
1754042400,144.1,144.6,143.9,144.4
1754044200,144.4,144.6,144.2,144.3
1754046000,144.3,144.4,143.4,144.1
1754047800,144.1,144.3,143.8,143.8
1754049600,143.8,144.1,143.5,143.6
1754051400,143.6,143.9,143.4,143.7
1754053200,143.7,145.3,143.6,144.4
1754055000,144.5,144.8,144.1,144.2
1754056800,144.3,144.8,143.9,144.7
1754058600,144.7,145.7,144.5,145.3
1754060400,145.5,145.5,145.5,145.5
1754289000,146.9,146.9,146.9,146.9
1754290800,146.9,152.2,146.6,152
1754292600,152.1,154.5,150.7,150.9
1754294400,150.9,151.3,150.7,151.1
1754296200,151.1,151.4,150.5,150.8
1754298000,150.9,151,150.5,150.6
1754299800,150.6,150.8,150.4,150.5
1754301600,150.6,151,150.5,150.8
1754303400,150.8,151,150.4,150.7
1754305200,150.6,151.1,150.2,151
1754307000,151.1,151.2,150.6,151
1754308800,151,151.2,150.8,151
1754310600,150.9,151.2,150.6,150.9
1754312400,150.9,151.4,150.6,151.4
1754314200,151.4,152.6,150.9,151.7
1754316000,151.7,151.9,151.3,151.7
1754317800,151.8,152.5,151.1,151.3
1754319600,151.8,151.8,151.8,151.8
1754375400,151.3,151.3,151.3,151.3
1754377200,151.4,152.7,151.1,151.5
1754379000,151.6,151.8,151.2,151.5
1754380800,151.4,152.1,150.6,152.1
1754382600,152.1,152.3,151,151.1
1754384400,151,152,150.7,151.8
1754386200,151.9,152,151.2,151.5
1754388000,151.5,151.5,151,151.1
1754389800,151.1,151.3,150.5,150.6
1754391600,150.6,150.7,150,150.6
1754393400,150.6,150.6,150.2,150.6
1754395200,150.5,150.6,150.1,150.2
1754397000,150.1,150.8,149.7,150.7
1754398800,150.7,150.8,149.8,150.5
1754400600,150.5,150.6,150.1,150.2
1754402400,150.2,150.6,149.6,149.9
1754404200,150,150.7,149.7,150
1754406000,150,150,150,150
1754461800,150.7,150.7,150.7,150.7
1754463600,150.6,151.8,149.5,149.7
1754465400,149.6,149.8,147.3,147.8
1754467200,147.7,148.2,147.5,147.9
1754469000,148,148.4,147.8,148.3
1754470800,148.3,148.6,147.8,148
1754472600,148,148.2,147.6,147.9
1754474400,147.8,148.1,147.8,148
1754476200,147.9,149.8,147.8,149.2
1754478000,149.2,150.6,148.9,150.3
1754479800,150.2,150.7,150,150.2
1754481600,150.2,150.4,149.6,150.2
1754483400,150.2,150.3,149.8,149.8
1754485200,149.8,150.4,149.8,150.1
1754487000,150,150.2,149.7,149.7
1754488800,149.7,149.9,149.2,149.8
1754490600,149.8,150.2,149.4,150.2
1754492400,149.6,149.6,149.6,149.6
1754548200,150.5,150.5,150.5,150.5
1754550000,150.5,151.1,149.5,149.6
1754551800,149.6,150.1,149.5,149.9
1754553600,149.9,150.8,149.8,150
1754555400,150,150.3,149.5,150.3
1754557200,150.3,150.8,150.1,150.7
1754559000,150.7,151.5,150.5,150.8
1754560800,150.8,151,150.5,150.6
1754562600,150.6,152.5,150.6,152.5
1754564400,152.5,152.7,151.3,151.4
1754566200,151.4,151.5,150.7,151
1754568000,151.1,151.3,150.7,150.9
1754569800,150.8,150.9,150.6,150.7
1754571600,150.8,151.2,150.3,150.5
1754573400,150.5,150.6,149.6,150
1754575200,149.9,150.4,149.7,149.9
1754577000,149.9,150,148.8,149
1754578800,148.4,148.4,148.4,148.4
1754634600,148.5,148.5,148.5,148.5
1754636400,148.5,149.1,147.8,148.3
1754638200,148.3,148.6,148.2,148.3
1754640000,148.4,148.4,147.9,148
1754641800,148,148.1,147.8,147.9
1754643600,147.8,148.5,147.8,148.2
1754645400,148.2,148.3,147.9,147.9
1754647200,147.9,148.1,147.9,148
1754649000,148,148.1,147.3,147.5
1754650800,147.5,147.7,147.4,147.5
1754652600,147.4,147.6,147.2,147.4
1754654400,147.4,147.8,147.2,147.7
1754656200,147.7,147.9,147.1,147.3
1754658000,147.3,147.4,146.9,147.1
1754659800,147.1,148.1,146.7,147.9
1754661600,147.9,148,147,147.2
1754663400,147.2,147.3,146.5,146.9
1754665200,146.5,146.5,146.5,146.5
1754893800,148,148,148,148
1754895600,148.1,148.7,147.1,147.3
1754897400,147.3,147.7,147.2,147.3
1754899200,147.4,147.7,147.3,147.4
1754901000,147.5,147.6,147.3,147.4
1754902800,147.4,148,147.4,147.7
1754904600,147.7,147.9,147.6,147.8
1754906400,147.8,148,147.7,147.8
1754908200,147.8,147.8,147.6,147.8
1754910000,147.7,147.9,147.6,147.7
1754911800,147.8,147.9,147.5,147.5
1754913600,147.5,147.7,147.4,147.6
1754915400,147.6,147.6,147.2,147.4
1754917200,147.4,147.5,147,147.2
1754919000,147.1,147.2,146.5,146.7
1754920800,146.7,147.1,146.4,146.6
1754922600,146.6,146.7,146.2,146.5
1754924400,146.5,146.5,146.5,146.5
1754980200,146.6,146.6,146.6,146.6
1754982000,146.7,148,146.6,147.5
1754983800,147.6,147.8,147.3,147.8
1754985600,147.7,147.8,146.8,147.3
1754987400,147.3,147.3,146.4,146.8
1754989200,146.7,146.9,146.5,146.7
1754991000,146.6,146.9,146.5,146.6
1754992800,146.5,147.1,146.5,147
1754994600,147,147.1,146.9,147
1754996400,147,147.2,146.5,146.7
1754998200,146.7,147,146.5,146.8
1755000000,146.8,147,146.6,146.9
1755001800,146.8,147,146.6,146.7
1755003600,146.7,147,146.6,146.9
1755005400,146.9,147.1,146.7,146.9
1755007200,146.8,146.9,146.2,146.3
1755009000,146.3,146.8,146,146.2
1755010800,146.3,146.3,146.3,146.3
1755066600,146.5,146.5,146.5,146.5
1755068400,146.5,147.8,146.4,147.7
1755070200,147.7,148.9,147.2,148
1755072000,148.1,149.2,148,148.8
1755073800,148.9,149.1,148.1,148.2
1755075600,148.2,148.8,148.2,148.4
1755077400,148.4,148.5,147.9,148
1755079200,147.9,148,147.8,147.9
1755081000,148,148.1,147.9,148.1
1755082800,148,148.1,147.5,147.7
1755084600,147.8,147.9,147.5,147.5
1755086400,147.6,147.7,147.3,147.5
1755088200,147.6,147.6,147.1,147.3
1755090000,147.3,147.5,146.9,147.2
1755091800,147.2,147.6,147.1,147.4
1755093600,147.4,148,147.3,148
1755095400,148,148,147.5,147.7
1755097200,148.1,148.1,148.1,148.1
1755153000,147.6,147.6,147.6,147.6
1755154800,147.5,148.6,146.8,147.9
1755156600,147.9,148.8,147.6,148.7
1755158400,148.7,148.8,148,148
1755160200,148.1,148.1,146.8,147.1
1755162000,147.1,147.2,146.9,147.2
1755163800,147.2,147.3,147,147.2
1755165600,147.2,147.7,147.2,147.4
1755167400,147.4,147.6,147,147.2
1755169200,147.1,147.3,147,147
1755171000,147.1,147.1,146.5,146.9
1755172800,146.8,147.1,146.7,146.8
1755174600,146.7,146.8,145,145.5
1755176400,145.5,145.5,144.7,144.8
1755178200,144.8,145.1,144.3,144.9
1755180000,144.9,145.2,144.6,144.7
1755181800,144.7,144.8,144.5,144.6
1755183600,144.6,144.6,144.6,144.6
1755239400,144.6,144.6,144.6,144.6
1755241200,144.6,145,143.9,144
1755243000,144.1,144.3,143.6,144.2
1755244800,144.2,144.8,144.1,144.7
1755246600,144.7,145,144.3,144.6
1755248400,144.6,144.9,144.4,144.5
1755250200,144.4,144.5,144.2,144.5
1755252000,144.5,144.5,144.2,144.3
1755253800,144.3,144.4,143.8,143.9
1755255600,143.9,144.1,143.5,143.9
1755257400,143.9,144,143.6,143.7
1755259200,143.7,143.7,143,143.3
1755261000,143.2,143.7,143.2,143.5
1755262800,143.5,144.2,143.3,143.6
1755264600,143.5,143.7,143.2,143.3
1755266400,143.3,143.5,143,143
1755268200,143,143.2,142.6,143
1755270000,142.9,142.9,142.9,142.9
1755498600,142.7,142.7,142.7,142.7
1755500400,142.6,142.8,141.3,141.4
1755502200,141.3,142.1,141.2,142
1755504000,142,142.3,141.8,142.2
1755505800,142.2,142.3,141.6,141.7
1755507600,141.7,142,141.6,141.6
1755509400,141.6,141.7,141.4,141.5
1755511200,141.5,141.6,141.4,141.5
1755513000,141.5,141.5,140.9,141
1755514800,141,141.1,140.3,140.5
1755516600,140.6,140.7,140.4,140.5
1755518400,140.5,140.9,140.4,140.7
1755520200,140.6,140.7,140.5,140.7
1755522000,140.7,140.7,140.5,140.7
1755523800,140.7,140.7,140,140.3
1755525600,140.2,140.6,140,140.4
1755527400,140.4,140.8,140.3,140.8
1755529200,141,141,141,141
1755585000,141.8,141.8,141.8,141.8
1755586800,141.8,142.8,141.8,142.4
1755588600,142.3,142.5,142,142.1
1755590400,142.2,142.6,141.8,142.2
1755592200,142.2,142.6,142,142.5
1755594000,142.5,143,142.5,142.8
1755595800,142.8,142.8,142.3,142.4
1755597600,142.4,142.4,142.1,142.2
1755599400,142.1,142.5,142.1,142.4
1755601200,142.3,142.6,142.3,142.4
1755603000,142.4,142.6,142,142
1755604800,142,142.2,141.6,142
1755606600,142,142.8,141.9,142.6
1755608400,142.6,142.7,141.8,141.9
1755610200,141.9,142.3,141.8,142.1
1755612000,142.2,142.5,142,142.1
1755613800,142.2,143,142.1,142.7
1755615600,143,143,143,143
1755671400,142.6,142.6,142.6,142.6
1755673200,142.7,144.3,142.4,144
1755675000,144,144.5,143.8,144.4
1755676800,144.5,144.6,143.9,144.3
1755678600,144.2,144.4,144,144.4
1755680400,144.3,144.9,144.3,144.9
1755682200,144.9,145.1,144.2,145.1
1755684000,145.1,145.9,145,145.5
1755685800,145.6,146,145.5,146
1755687600,145.9,146.2,145.1,145.3
1755689400,145.3,145.8,145.3,145.5
1755691200,145.5,145.9,145.5,145.9
1755693000,145.9,146.5,145.8,146.3
1755694800,146.3,146.7,146,146.1
1755696600,146.1,146.2,145,145.7
1755698400,145.6,146.1,145.2,145.9
1755700200,145.9,146.1,145.7,145.9
1755702000,145.9,145.9,145.9,145.9
1755757800,146.9,146.9,146.9,146.9
1755759600,146.9,147.5,146,146.5
1755761400,146.5,147.4,146.5,147.1
1755763200,147.1,148.3,146.9,147.7
1755765000,147.6,147.9,147.3,147.9
1755766800,147.9,148.3,147.8,147.9
1755768600,147.9,148.2,147.8,148.2
1755770400,148.2,148.2,147.8,148
1755772200,148.1,148.1,147.7,147.7
1755774000,147.8,148,147.6,147.7
1755775800,147.7,148.2,147.6,148.1
1755777600,148.1,148.3,147.3,147.3
1755779400,147.3,147.7,146.9,147.4
1755781200,147.4,148.1,147.4,148
1755783000,148.1,148.2,147.8,147.9
1755784800,148,148.7,147.8,148.2
1755786600,148.2,148.5,148,148
1755788400,148.1,148.1,148.1,148.1
1755844200,148.3,148.3,148.3,148.3
1755846000,148.3,148.4,146.7,147
1755847800,147.1,147.6,146.9,147.2
1755849600,147.1,147.3,146.4,146.5
1755851400,146.5,147.1,146.4,146.8
1755853200,146.7,146.9,146.6,146.7
1755855000,146.7,146.9,146.5,146.7
1755856800,146.8,146.8,146.5,146.6
1755858600,146.6,146.7,146,146.7
1755860400,146.7,148.4,146.6,148
1755862200,148.2,149.4,147.7,149
1755864000,149,149.1,147.5,147.8
1755865800,147.8,148.6,147.4,148.1
1755867600,148.1,148.6,147.9,148.3
1755869400,148.3,148.4,147.3,147.4
1755871200,147.4,148.5,147.3,147.9
1755873000,148,149.8,147.9,149.5
1755874800,149.6,149.6,149.6,149.6
1756103400,151,151,151,151
1756105200,151.1,152,150.4,150.6
1756107000,150.6,150.9,150.2,150.2
1756108800,150.2,150.3,149.4,149.9
1756110600,149.9,150,149,149
1756112400,149.1,149.4,148.8,148.9
1756114200,148.8,149.1,148.7,148.9
1756116000,148.9,149.1,148.5,148.8
1756117800,148.8,149,148.5,148.8
1756119600,148.8,150,148.7,149.6
1756121400,149.6,150.2,149.2,150
1756123200,150,150,149.6,149.8
1756125000,149.7,149.9,149,149.1
1756126800,149.1,149.3,148.9,149
1756128600,148.9,149,148.6,148.9
1756130400,148.9,149.1,148.5,148.9
1756132200,148.8,148.9,148.2,148.6
1756134000,148.1,148.1,148.1,148.1
1756189800,147.9,147.9,147.9,147.9
1756191600,147.9,148.3,147.1,148.1
1756193400,148.2,149.6,148.1,148.6
1756195200,148.5,149,148.5,148.8
1756197000,148.8,148.9,148.5,148.7
1756198800,148.7,149.6,148.6,149.2
1756200600,149.3,149.8,149,149.1
1756202400,149,149.3,148.9,149
1756204200,149.1,149.5,149,149.3
1756206000,149.3,149.3,148.9,149.2
1756207800,149.2,149.2,148.8,149
1756209600,149,149.1,148.7,148.9
1756211400,148.8,149.5,148.8,148.9
1756213200,148.8,149.5,148.8,149.2
1756215000,149.3,150,149.2,149.4
1756216800,149.4,149.7,148.7,148.9
1756218600,148.9,149.1,148.1,148.4
1756220400,148.8,148.8,148.8,148.8
1756276200,149.3,149.3,149.3,149.3
1756278000,149.2,149.3,147.8,147.9
1756279800,147.9,148.1,147.5,147.7
1756281600,147.7,148.1,147.4,147.5
1756283400,147.5,147.6,145.8,146.5
1756285200,146.4,146.8,146.3,146.6
1756287000,146.6,146.9,146.5,146.6
1756288800,146.7,146.7,146.1,146.4
1756290600,146.3,147,146.1,146.7
1756292400,146.8,146.9,145.9,146.3
1756294200,146.3,146.3,145.8,146.2
1756296000,146.2,146.2,145.8,146.1
1756297800,146.1,146.2,145.3,145.5
1756299600,145.5,146.1,145.3,145.8
1756301400,145.8,146.3,145.7,145.8
1756303200,145.7,146,145.7,145.8
1756305000,145.8,145.8,145,145.5
1756306800,145.1,145.1,145.1,145.1
1756362600,145.1,145.1,145.1,145.1
1756364400,145.1,146.5,145.1,146.5
1756366200,146.4,146.6,146.2,146.2
1756368000,146.2,147.4,146,147.1
1756369800,147,147.1,146.4,146.7
1756371600,146.7,146.8,146,146.2
1756373400,146.2,146.9,146.1,146.7
1756375200,146.7,146.9,146.3,146.3
1756377000,146.4,146.5,146.2,146.2
1756378800,146.3,146.4,146.1,146.1
1756380600,146.1,146.3,145.7,145.8
1756382400,145.8,145.9,145.2,145.8
1756384200,145.7,145.9,145.4,145.8
1756386000,145.8,146.8,145.8,146.5
1756387800,146.5,146.6,146.1,146.4
1756389600,146.4,147,146.4,146.6
1756391400,146.6,146.9,145.8,146
1756393200,145.8,145.8,145.8,145.8
1756449000,146.1,146.1,146.1,146.1
1756450800,146,146.6,145.7,145.8
1756452600,145.8,146.2,145.2,145.8
1756454400,145.8,146.3,145.8,146.2
1756456200,146.2,146.3,145.8,145.9
1756458000,145.9,146.1,145.5,146.1
1756459800,146,146.5,145.8,145.9
1756461600,145.9,146.1,145.7,145.7
1756463400,145.8,146,145.6,145.7
1756465200,145.7,145.9,144.7,144.9
1756467000,144.8,145,144.4,144.6
1756468800,144.6,145.2,144.6,145
1756470600,144.9,145.6,144.7,145.2
1756472400,145.2,145.3,144.9,145
1756474200,144.9,146,143.8,144.2
1756476000,144.2,144.7,143.6,143.7
1756477800,143.6,144.4,143.3,144
1756479600,144.1,144.1,144,144.1
1756708200,144.1,144.1,144.1,144.1
1756710000,144.1,146.6,144.1,146.5
1756711800,146.5,147.9,146.3,147.9
1756713600,147.9,147.9,146.2,146.5
1756715400,146.4,147.2,146.4,147
1756717200,146.9,147.2,146,146.1
1756719000,146,146.9,145.6,146.3
1756720800,146.3,146.8,146.1,146.7
1756722600,146.8,146.9,146.5,146.6
1756724400,146.6,146.8,146.4,146.5
1756726200,146.5,146.5,146.1,146.3
1756728000,146.2,146.4,146,146.3
1756729800,146.3,146.3,145.7,146.1
1756731600,146.1,146.1,144.2,144.6
1756733400,144.5,146,144.4,145.7
1756735200,145.7,146.2,145.5,146.2
1756737000,146.2,146.4,145.5,145.8
1756738800,146,146,146,146
1756794600,146.6,146.6,146.6,146.6
1756796400,146.6,149.9,146.2,147.6
1756798200,147.6,148.3,147.5,148.2
1756800000,148.1,148.6,147.8,147.9
1756801800,147.9,148.8,147.9,148.6
1756803600,148.6,149,148,148.2
1756805400,148.2,148.9,148.1,148.6
1756807200,148.6,149.3,148.6,149.1
1756809000,149,149.5,148.8,148.9
1756810800,148.8,148.9,148.3,148.7
1756812600,148.6,148.8,148.4,148.7
1756814400,148.7,149.3,148.5,149.2
1756816200,149.2,149.2,140,140.2
1756818000,140.2,141,136,137.8
1756819800,137.9,140.6,137.3,139.8
1756821600,139.9,141,139,139.5
1756823400,139.4,140.9,139.3,140.6
1756825200,140.6,140.6,140.6,140.6
1756881000,141,141,141,141
1756882800,141.1,141.2,134,135.4
1756884600,135.4,135.5,132.7,133.6
1756886400,133.5,134.7,132.8,134.4
1756888200,134.3,134.4,133.2,134.1
1756890000,134,134.5,133.5,134.2
1756891800,134.2,134.5,133.8,134.2
1756893600,134.1,134.6,133.8,134
1756895400,134.1,134.3,133.4,133.6
1756897200,133.7,133.8,133.1,133.3
1756899000,133.4,133.9,133,133.7
1756900800,133.7,133.7,133.2,133.4
1756902600,133.5,134,133.3,133.8
1756904400,133.8,134.5,133.6,134.3
1756906200,134.3,134.7,133.8,134.2
1756908000,134.1,134.5,133.7,134.3
1756909800,134.3,134.6,133.6,133.8
1756911600,133.8,133.8,133.8,133.8
1756967400,134.6,134.6,134.6,134.6
1756969200,134.7,135.5,134.4,135.3
1756971000,135.3,135.6,134.5,134.7
1756972800,134.7,135.4,134.7,135.1
1756974600,135.1,136.2,134.9,136.2
1756976400,136.1,137.4,136,136.6
1756978200,136.7,136.7,135.6,136.3
1756980000,136.4,138.1,136,137.7
1756981800,137.7,139.4,137.6,138.2
1756983600,138.2,138.8,137.9,138
1756985400,138,138.6,137.7,138.1
1756987200,138.1,138.8,138,138.6
1756989000,138.7,139.4,138.5,138.8
1756990800,138.7,139.1,138.2,138.5
1756992600,138.5,138.6,137.4,137.8
1756994400,137.8,138.2,137.6,138
1756996200,138,138.9,137.6,138.2
1756998000,138.4,138.4,138.4,138.4
1757053800,139.4,139.4,139.4,139.4
1757055600,139.4,139.9,138.1,138.9
1757057400,138.9,139,136.7,138.6
1757059200,138.6,139.3,138.1,138.8
1757061000,138.9,140.8,138.8,139.8
1757062800,139.9,140.8,139.5,140
1757064600,140,140.4,139.6,140.2
1757066400,140.2,141,139.3,139.6
1757068200,139.5,140,138.3,139
1757070000,139,139.5,138.9,139.5
1757071800,139.5,140.2,139.3,139.5
1757073600,139.5,140.4,139.3,139.8
1757075400,139.9,140.3,139.2,139.4
1757077200,139.5,140,139.2,139.7
1757079000,139.8,143,138.3,141.5
1757080800,141.5,141.7,138.8,139.1
1757082600,139.1,139.5,138.1,138.4
1757084400,138.8,138.8,138.8,138.8
1757313000,136.6,136.6,136.6,136.6
1757314800,136.6,139.2,136.4,137.6
1757316600,137.7,137.8,136.5,136.7
1757318400,136.7,137.5,136.6,136.7
1757320200,136.7,136.8,135.6,135.6
1757322000,135.7,136.4,135.5,136
1757323800,136,136.5,135.9,136.3
1757325600,136.2,136.5,135.9,136.2
1757327400,136.1,137,136.1,136.6
1757329200,136.6,137,136.2,136.6
1757331000,136.6,137.2,136.4,136.9
1757332800,136.8,137.4,136.4,136.4
1757334600,136.4,136.7,135.6,136.1
1757336400,136.1,136.3,135,135.5
1757338200,135.4,136.3,135.3,136.1
1757340000,136.1,137,135.9,136.4
1757341800,136.4,137.1,136.2,136.5
1757343600,136.8,136.8,136.8,136.8
1757399400,137.6,137.6,137.6,137.6
1757401200,137.7,137.9,136,136.3
1757403000,136.4,136.6,135.3,135.6
1757404800,135.6,135.8,134.9,135.5
1757406600,135.5,136.1,135.4,136.1
1757408400,136.1,136.5,136,136.3
1757410200,136.3,136.7,136.1,136.3
1757412000,136.3,137.5,136.2,137.1
1757413800,137.2,137.4,136.6,137.1
1757415600,137.1,137.8,136.9,137.6
1757417400,137.5,138.1,137.2,137.6
1757419200,137.7,138.9,137.5,138.7
1757421000,138.8,139.4,138.2,138.6
1757422800,138.6,138.6,137.2,138.1
1757424600,138.1,138.1,136.1,137.4
1757426400,137.4,138.9,137.1,137.9
1757428200,137.9,138.4,137.6,138
1757430000,138.1,138.1,138.1,138.1
1757485800,139.4,139.4,139.4,139.4
1757487600,139.4,139.9,138.4,139.1
1757489400,139.1,140,139.1,139.9
1757491200,139.9,140,138.9,139.4
1757493000,139.4,139.6,138.3,138.4
1757494800,138.3,138.8,138.2,138.6
1757496600,138.6,138.9,138.4,138.7
1757498400,138.7,138.8,138.4,138.6
1757500200,138.6,139.1,138.3,138.5
1757502000,138.5,138.9,138.3,138.6
1757503800,138.6,138.9,137.8,138.2
1757505600,138.2,138.9,138.1,138.6
1757507400,138.6,139.3,138.6,138.7
1757509200,138.7,139.9,138.6,139.7
1757511000,139.8,141.2,139.8,140.5
1757512800,140.6,141.2,140.4,141.2
1757514600,141.2,141.8,140.9,141.7
1757516400,141.9,141.9,141.9,141.9
1757572200,141.9,141.9,141.9,141.9
1757574000,141.9,144.1,141.8,142.8
1757575800,142.8,143.5,142.7,143.2
1757577600,143.2,143.3,142.6,142.8
1757579400,142.8,143.2,142.7,142.9
1757581200,142.9,143,142.2,142.4
1757583000,142.4,142.6,141.9,142.4
1757584800,142.5,147.3,142.4,144
1757586600,144.1,144.5,142.6,143.6
1757588400,143.6,144.5,140.6,141.5
1757590200,141.4,141.8,140.7,141.2
1757592000,141.2,142,140.7,141
1757593800,141,141.1,139.9,140.3
1757595600,140.3,141,139.8,140.8
1757597400,140.8,141.2,140.1,140.6
1757599200,140.6,141,138.4,138.7
1757601000,138.7,139.3,137.7,138
1757602800,137.8,137.8,137.8,137.8
1757658600,138,138,138,138
1757660400,138,138.5,135.7,136.7
1757662200,136.7,136.9,135.4,136.3
1757664000,136.4,137.2,136.2,136.9
1757665800,136.9,137.4,136.8,137
1757667600,137.1,137.1,136.5,136.9
1757669400,136.9,137.3,136.7,136.9
1757671200,136.8,137,136.4,136.9
1757673000,136.9,138,136.8,137.5
1757674800,137.5,137.6,136.1,136.6
1757676600,136.6,136.9,136.3,136.8
1757678400,136.8,136.8,136.2,136.5
1757680200,136.5,137.7,136.5,136.9
1757682000,136.9,137,136.4,136.6
1757683800,136.7,137.4,136.4,136.5
1757685600,136.5,137.6,136.3,137.2
1757687400,137.3,138.8,137,137.6
1757689200,137.9,137.9,137.9,137.9
1757917800,137.2,137.2,137.2,137.2
1757919600,137.1,139.9,136.5,138.4
1757921400,138.5,138.7,137.2,137.7
1757923200,137.7,145,134.7,143.1
1757925000,143.1,144.2,143,144
1757926800,144.1,145.5,143.9,144.9
1757928600,144.8,145.1,144.2,144.2
1757930400,144.2,144.7,144,144.3
1757932200,144.3,144.5,143.9,144.4
1757934000,144.4,145.2,144.3,144.9
1757935800,145,146.3,144.9,145.9
1757937600,146,146.3,145.5,145.9
1757939400,146,146.5,145.7,146
1757941200,146.1,146.3,145.5,145.9
1757943000,145.8,146.1,145.3,145.7
1757944800,145.6,146.3,145.5,145.6
1757946600,145.7,146.3,145.6,146.1
1757948400,146.3,146.3,146.3,146.3
1758004200,146.6,146.6,146.6,146.6
1758006000,146.6,147,145.4,145.6
1758007800,145.7,146.9,145.5,146.1
1758009600,146.1,146.7,145.5,145.7
1758011400,145.7,146,145.4,145.8
1758013200,145.8,145.9,145.6,145.8
1758015000,145.8,146.1,145.6,146.1
1758016800,146.1,146.4,146,146.3
1758018600,146.3,146.9,146.2,146.6
1758020400,146.6,147.9,146.6,146.7
1758022200,146.7,146.9,145.7,146.4
1758024000,146.3,147.4,146.3,147.2
1758025800,147.2,148.5,146.8,147.3
1758027600,147.4,149,147.2,148.5
1758029400,148.5,148.7,147.8,148.4
1758031200,148.4,148.5,148.1,148.2
1758033000,148.2,149.9,148.1,149.5
1758034800,149.8,149.8,149.8,149.8
1758090600,149.6,149.6,149.6,149.6
1758092400,149.6,149.8,148.5,149.5
1758094200,149.5,149.7,148.8,148.9
1758096000,148.9,149.7,148.9,149.4
1758097800,149.4,149.6,148.9,149.1
1758099600,149.2,149.3,148.4,148.5
1758101400,148.5,148.6,148.1,148.3
1758103200,148.4,149.3,148.3,148.6
1758105000,148.6,149.1,148.5,148.6
1758106800,148.6,149.9,148.6,149.8
1758108600,149.8,149.9,148.9,149
1758110400,149.1,149.7,148.7,149.5
1758112200,149.5,149.7,149.3,149.5
1758114000,149.6,150.2,149,149.2
1758115800,149.2,149.8,149.1,149.4
1758117600,149.4,149.8,148.9,149.5
1758119400,149.6,149.6,148.1,148.5
1758121200,148.5,148.5,148.5,148.5
1758177000,149.1,149.1,149.1,149.1
1758178800,149,149.2,148,148.2
1758180600,148.2,149.1,148.1,149.1
1758182400,149.1,149.1,148.2,148.4
1758184200,148.4,148.5,148.2,148.3
1758186000,148.3,148.5,148.2,148.4
1758187800,148.4,148.6,148.2,148.4
1758189600,148.4,149,148.3,148.9
1758191400,148.8,148.9,148.6,148.7
1758193200,148.7,148.7,148.3,148.4
1758195000,148.3,148.6,148.2,148.4
1758196800,148.4,148.4,147.8,148
1758198600,148,148.2,147.8,148
1758200400,148,148,146.7,147
1758202200,146.9,147,144.9,144.9
1758204000,145,145.3,144.2,144.7
1758205800,144.7,144.7,142.3,143.5
1758207600,143.6,143.6,143.6,143.6
1758263400,144,144,144,144
1758265200,143.9,144.2,143.4,143.7
1758267000,143.8,144,143.4,143.9
1758268800,144,145,143.8,144.7
1758270600,144.8,145.4,144.6,145.1
1758272400,145,145.7,145,145.3
1758274200,145.4,145.8,144.7,144.9
1758276000,144.9,145.2,144.8,145.1
1758277800,145.1,145.5,145,145.4
1758279600,145.4,145.8,145.2,145.5
1758281400,145.5,145.6,145.2,145.3
1758283200,145.4,146.7,145.4,145.8
1758285000,145.9,148,143.8,147.6
1758286800,147.7,148.1,146.4,146.6
1758288600,146.7,147.9,146.6,146.8
1758290400,146.8,146.9,145.6,146.2
1758292200,146.2,148.3,146.2,148.1
1758294000,148.1,148.2,148,148
1758522600,152.3,152.3,152.3,152.3
1758524400,152.3,152.5,150.5,151.1
1758526200,151.2,153.2,151,153
1758528000,153,153.5,152.3,153
1758529800,152.9,152.9,152.2,152.4
1758531600,152.5,152.9,152.3,152.5
1758533400,152.5,152.9,152.3,152.9
1758535200,152.9,152.9,152.5,152.7
1758537000,152.7,152.8,152.3,152.5
1758538800,152.5,152.9,152,152.3
1758540600,152.2,152.3,151.5,151.6
1758542400,151.7,151.7,151,151.3
1758544200,151.3,151.4,150.6,150.9
1758546000,150.8,150.9,150.3,150.9
1758547800,150.9,151.2,150.7,151
1758549600,151,151.1,150.5,150.6
1758551400,150.5,150.9,149.7,149.7
1758553200,149.6,149.6,149.6,149.6
1758609000,147.7,147.7,147.7,147.7
1758610800,147.7,149.4,147.4,148.4
1758612600,148.3,148.4,147.2,147.3
1758614400,147.4,148.1,147.2,147.3
1758616200,147.3,147.5,146.7,147
1758618000,146.9,147.3,146.8,147
1758619800,147,147.1,146.6,146.8
1758621600,146.8,147.5,146.5,147.4
1758623400,147.5,147.9,147.3,147.7
1758625200,147.7,147.7,147.2,147.3
1758627000,147.3,147.4,146.1,146.6
1758628800,146.6,147,146.2,146.7
1758630600,146.8,146.8,145.7,145.9
1758632400,145.9,146,145.3,145.7
1758634200,145.6,146.1,145.5,145.8
1758636000,145.8,146,145.4,145.6
1758637800,145.6,146.7,145.4,146.1
1758639600,146.5,146.5,146.5,146.5
1758695400,147,147,147,147
1758697200,147,147.2,146.3,147
1758699000,147,147.2,146.3,146.6
1758700800,146.6,146.8,142.8,144.2
1758702600,144.2,146.2,144,146
1758704400,146,146.3,145.3,145.7
1758706200,145.8,146.5,145.7,146.2
1758708000,146.3,146.8,145.9,146.2
1758709800,146.2,148.1,146.2,147
1758711600,147.1,147.2,145.6,145.8
1758713400,145.8,145.8,144.9,145.5
1758715200,145.5,145.9,145.3,145.6
1758717000,145.6,145.8,145.5,145.8
1758718800,145.8,145.8,144.8,145.1
1758720600,145.1,145.8,145.1,145.2
1758722400,145.3,145.6,144.7,145.3
1758724200,145.2,146.3,145.2,145.7
1758726000,146,146,146,146
1758781800,146.8,146.8,146.8,146.8
1758783600,146.7,147.3,145.7,145.9
1758785400,145.8,146,145.4,145.4
1758787200,145.5,145.8,145.1,145.3
1758789000,145.3,145.4,144.5,144.8
1758790800,144.8,145,143.9,144.4
1758792600,144.3,144.4,143.6,144
1758794400,143.9,144.2,143.7,143.9
1758796200,143.9,144.2,143.7,143.8
1758798000,143.8,143.9,142.9,143.3
1758799800,143.3,143.4,142.8,143.1
1758801600,143,143.2,142.8,143
1758803400,143,143,142.2,142.5
1758805200,142.5,143.2,141.9,142.9
1758807000,143,143.1,142.5,142.9
1758808800,142.8,143.2,142.7,143.1
1758810600,143.1,143.2,142.6,142.7
1758812400,142.5,142.5,142.5,142.5
1758868200,141.9,141.9,141.9,141.9
1758870000,141.9,143.3,141.7,143.2
1758871800,143.2,144.2,142.6,142.6
1758873600,142.6,143.2,142.4,143.2
1758875400,143.1,143.4,142.5,142.6
1758877200,142.6,142.9,141.3,142.6
1758879000,142.6,142.9,141.8,141.9
1758880800,142,142,141.3,141.5
1758882600,141.5,141.9,141.2,141.4
1758884400,141.5,141.6,140.8,141
1758886200,141,141.2,140.1,140.2
1758888000,140.2,140.2,139.8,140.2
1758889800,140.2,140.8,139.8,140.7
1758891600,140.7,141.1,139.6,140.2
1758893400,140.1,141.1,139.5,140.4
1758895200,140.4,141.1,140.1,140.9
1758897000,140.8,141,139.8,139.9
1758898800,139.9,139.9,139.8,139.8
1759127400,138.2,138.2,138.2,138.2
1759129200,138.2,139.8,138.2,139.8
1759131000,139.8,140.4,139.4,139.9
1759132800,139.9,140,139.3,139.6
1759134600,139.5,139.7,139.4,139.6
1759136400,139.7,140.1,139.5,140
1759138200,140,140.4,139.5,139.5
1759140000,139.6,139.9,139.4,139.7
1759141800,139.7,139.8,139.3,139.5
1759143600,139.4,139.9,139.2,139.6
1759145400,139.6,140,139.5,139.8
1759147200,139.8,140.1,138.7,139
1759149000,139,139.3,138.5,139.2
1759150800,139.2,139.2,138,138.2
1759152600,138.2,139.1,137.8,139.1
1759154400,139,139.2,138.3,138.8
1759156200,138.8,138.8,137.5,137.7
1759158000,137.7,137.7,137.6,137.6
1759213800,138.3,138.3,138.3,138.3
1759215600,138.2,139.8,137.8,139.5
1759217400,139.5,139.9,139,139.2
1759219200,139.2,139.4,139,139.1
1759221000,139.1,139.3,138.7,138.8
1759222800,138.7,139.3,138.1,138.4
1759224600,138.5,139.3,138.3,139.2
1759226400,139.1,139.4,138.6,138.8
1759228200,138.8,138.8,137.6,137.7
1759230000,137.7,138.4,137.5,138.4
1759231800,138.4,139,138.3,138.8
1759233600,138.8,139.3,138.6,139
1759235400,139,139.3,138.7,138.9
1759237200,138.8,139.3,138.7,139
1759239000,139,139,138.2,138.5
1759240800,138.5,140,138,139.1
1759242600,139.1,139.4,138.9,139.3
1759244400,139.8,139.8,139.8,139.8
1759300200,139.3,139.3,139.3,139.3
1759302000,139.3,141.3,138.3,141.2
1759303800,141.2,142.2,140.7,141.5
1759305600,141.6,141.8,141,141.2
1759307400,141.2,141.5,140.8,141.5
1759309200,141.5,142.3,141.1,142
1759311000,142,142.5,142,142.3
1759312800,142.2,142.4,141.9,141.9
1759314600,141.8,142,141.4,141.8
1759316400,141.7,142.5,141.3,142.3
1759318200,142.3,144.1,142.3,144
1759320000,143.9,144.9,143.9,144.6
1759321800,144.7,145.7,144.3,145
1759323600,145,147.1,144.5,146.7
1759325400,146.7,146.8,145.9,146.1
1759327200,146.1,147,145.8,146.4
1759329000,146.4,146.5,145.6,146
1759330800,146,146,146,146
1759386600,145.5,145.5,145.5,145.5
1759388400,145.6,146.8,144.7,145.5
1759390200,145.6,145.6,144.7,144.9
1759392000,145,145.1,143.7,144
1759393800,143.9,144,143.3,143.5
1759395600,143.5,143.6,141.7,142.4
1759397400,142.3,143.2,142.1,142.7
1759399200,142.6,142.9,142.3,142.4
1759401000,142.4,142.8,142.2,142.6
1759402800,142.6,143,142.4,142.6
1759404600,142.6,142.8,142.2,142.5
1759406400,142.4,142.8,142.3,142.7
1759408200,142.6,142.7,142.4,142.5
1759410000,142.5,142.5,141.2,141.4
1759411800,141.4,141.7,140.5,140.8
1759413600,140.8,140.8,140.1,140.3
1759415400,140.3,140.4,140,140.2
1759417200,140.5,140.5,140.5,140.5
1759473000,141.5,141.5,141.5,141.5
1759474800,141.6,141.7,137.3,138.1
1759476600,138.1,138.3,137.3,137.4
1759478400,137.3,137.5,136.7,137.2
1759480200,137.2,137.3,136.9,137
1759482000,137,137.1,136.6,137
1759483800,137,137.1,136.9,136.9
1759485600,137,137,135.6,135.8
1759487400,135.9,136.7,135.7,136.6
1759489200,136.6,136.9,136.2,136.5
1759491000,136.5,137.3,136.3,136.6
1759492800,136.6,137.1,136.5,136.6
1759494600,136.7,136.9,136.4,136.4
1759496400,136.5,136.6,135.3,135.9
1759498200,135.9,136.6,135.4,136.5
1759500000,136.4,136.8,136.2,136.3
1759501800,136.3,136.3,135.6,135.8
1759503600,135.7,135.7,135.7,135.7
1759732200,136.6,136.6,136.6,136.6
1759734000,136.5,136.7,134.9,136.2
1759735800,136.2,136.4,135.8,136.4
1759737600,136.4,136.8,136.1,136.2
1759739400,136.2,136.4,135.9,136.1
1759741200,136.1,136.4,136,136.1
1759743000,136.1,136.2,135.8,136.1
1759744800,136.1,136.4,135.8,136.4
1759746600,136.4,136.7,136.3,136.5
1759748400,136.4,136.5,135.9,136.3
1759750200,136.3,136.3,135,135
1759752000,135.1,135.8,134.9,135.1
1759753800,135.1,135.1,134.4,134.7
1759755600,134.6,134.9,134.2,134.3
1759757400,134.3,134.6,132.8,134.5
1759759200,134.5,134.5,133.1,133.7
1759761000,133.7,133.7,132.5,132.9
1759762800,133,133,133,133
1759818600,133.1,133.1,133.1,133.1
1759820400,133.2,134.1,132.7,133.5
1759822200,133.5,133.5,132.3,132.5
1759824000,132.5,133.1,132,132.7
1759825800,132.8,133,132.2,132.2
1759827600,132.2,132.7,132.1,132.3
1759829400,132.4,132.8,132.2,132.6
1759831200,132.6,133.9,132.5,133.1
1759833000,133,133.9,133,133.1
1759834800,133.2,133.4,132.6,132.8
1759836600,132.8,133.7,132.6,132.9
1759838400,133,133.4,132.7,132.7
1759840200,132.7,133.2,132,132.8
1759842000,132.9,133.9,132.7,133.1
1759843800,133,133.4,132.7,133.2
1759845600,133.3,133.3,132.5,133.1
1759847400,133,134.2,133,133.8
1759849200,133.8,134.5,133.8,134.5
1759905000,134.3,134.3,134.3,134.3
1759906800,134.2,135.2,133.1,135.1
1759908600,135.1,135.9,134.6,135.7
1759910400,135.8,135.9,134.9,135.5
1759912200,135.5,135.7,134.6,134.6
1759914000,134.6,135,134.4,134.6
1759915800,134.5,134.9,134,134.1
1759917600,134.1,134.4,133.6,134.1
1759919400,134.1,134.2,133.6,134
1759921200,134,134.2,133.7,133.7
1759923000,133.7,134,133.5,133.6
1759924800,133.5,133.7,131.7,132
1759926600,132,132.2,131.2,131.5
1759928400,131.6,132.1,131.4,131.9
1759930200,131.9,132.3,131.5,131.9
1759932000,131.9,132.1,131.2,131.3
1759933800,131.3,131.6,130.8,131.2
1759935600,130.9,130.9,130.9,130.9
1759991400,132.6,132.6,132.6,132.6
1759993200,132.6,133.2,131.4,131.7
1759995000,131.7,131.8,130.4,130.9
1759996800,130.9,131.4,130.4,131.3
1759998600,131.4,131.7,130.8,131.2
1760000400,131.3,132.2,131.2,132
1760002200,132,132.2,131.8,131.9
1760004000,131.8,131.9,131.6,131.7
1760005800,131.6,131.8,131.2,131.4
1760007600,131.4,131.4,129.8,130.9
1760009400,130.9,131.3,130,130.3
1760011200,130.3,130.3,129.7,129.8
1760013000,129.7,130.4,129.6,130.2
1760014800,130.1,131,129.8,130.2
1760016600,130.1,130.4,129.5,129.7
1760018400,129.7,129.8,129,129.5
1760020200,129.5,130,128.5,129.8
1760022000,130,130,130,130
1760077800,130.1,130.1,130.1,130.1
1760079600,130,131.3,129.7,131.1
1760081400,131.1,131.3,130.7,131.1
1760083200,131.2,131.3,130.8,130.9
1760085000,130.9,131,130.2,130.5
1760086800,130.5,130.9,130.4,130.4
1760088600,130.4,130.5,130.3,130.4
1760090400,130.4,130.9,130.2,130.5
1760092200,130.5,130.6,130.3,130.3
1760094000,130.3,130.5,130,130.3
1760095800,130.3,130.3,129.9,130.1
1760097600,130.1,130.3,130,130.1
1760099400,130.1,130.3,129.2,129.5
1760101200,129.5,129.9,129.3,129.6
1760103000,129.6,129.7,128.7,129.3
1760104800,129.4,130.4,129.1,130
1760106600,130,130.3,129.7,130
1760108400,129.9,130.1,129.9,130.1
1760337000,127.5,127.5,127.5,127.5
1760338800,127.6,128.7,127.1,128
1760340600,128,128.6,127.6,128.2
1760342400,128.1,128.4,127.8,128.4
1760344200,128.4,129.4,128.4,129.1
1760346000,129.2,129.2,128.6,128.7
1760347800,128.7,128.9,128.2,128.4
1760349600,128.3,128.5,128.1,128.4
1760351400,128.4,128.6,128.3,128.5
1760353200,128.6,128.6,128,128.2
1760355000,128.3,128.6,128.1,128.1
1760356800,128.2,128.2,127.8,128
1760358600,128,128.2,127.8,127.9
1760360400,127.8,128,125.8,126.6
1760362200,126.6,127,126.6,126.8
1760364000,126.8,127.1,126.4,126.9
1760365800,126.9,127.1,126.3,126.7
1760367600,126.7,126.7,126.7,126.7
1760423400,127,127,127,127
1760425200,127,127.6,125.7,125.9
1760427000,125.9,126.2,124.4,125.1
1760428800,125.1,125.8,125.1,125.7
1760430600,125.8,126.3,125.6,126.1
1760432400,126.1,126.3,125.6,125.9
1760434200,125.8,126.5,125.8,126.3
1760436000,126.3,126.7,126.1,126.2
1760437800,126.1,126.2,125.5,125.6
1760439600,125.6,125.7,124.9,125
1760441400,125.1,125.3,124.9,125.1
1760443200,125,125.4,124.8,125.1
1760445000,125.1,125.2,124.5,124.6
1760446800,124.7,124.7,122,122.2
1760448600,122.3,122.4,121.1,121.3
1760450400,121.2,121.7,120.7,120.7
1760452200,120.6,120.9,119.4,119.5
1760454000,119.5,119.5,119.5,119.5
1760509800,120.2,120.2,120.2,120.2
1760511600,120.2,121.4,119.5,120.6
1760513400,120.6,120.9,119.4,119.4
1760515200,119.4,120,118.3,118.9
1760517000,119,119.3,118.3,118.3
1760518800,118.4,118.8,118.2,118.7
1760520600,118.8,118.9,118.1,118.1
1760522400,118.1,118.5,117.9,118
1760524200,118,120,118,118.4
1760526000,118.4,119.2,118,118.4
1760527800,118.4,118.5,118,118.3
1760529600,118.3,118.9,117.5,117.9
1760531400,118,120.6,117.8,120
1760533200,120,120.4,118.8,118.9
1760535000,118.9,119.2,117.5,117.8
1760536800,117.8,118.4,117.7,118
1760538600,118.1,119.3,117.8,118.7
1760540400,118.8,118.8,118.8,118.8
1760596200,117.9,117.9,117.9,117.9
1760598000,117.9,120.9,117.6,119.1
1760599800,119.1,119.7,118,119.3
1760601600,119.3,120.9,119,120.9
1760603400,120.9,121.8,120.3,120.8
1760605200,120.8,121.3,120.4,120.8
1760607000,120.8,121.3,120.4,121.1
1760608800,121,121.9,120.8,121.1
1760610600,121.1,121.7,120.8,121.4
1760612400,121.5,121.7,121.3,121.6
1760614200,121.5,121.6,120.5,120.9
1760616000,121,121.2,120.7,120.8
1760617800,120.8,121.2,120.3,120.7
1760619600,120.6,120.9,119.7,119.8
1760621400,119.8,120.3,119.7,120.1
1760623200,120.2,120.3,119.3,119.9
1760625000,119.9,120.8,119.4,120.5
1760626800,120.5,120.5,120.5,120.5
1760682600,119.4,119.4,119.4,119.4
1760684400,119.4,120.3,118.7,118.9
1760686200,118.9,118.9,117.3,117.4
1760688000,117.4,117.5,116.3,116.9
1760689800,116.9,116.9,115.4,116.5
1760691600,116.5,116.5,115.6,115.9
1760693400,115.9,116.6,115.8,116.6
1760695200,116.6,117.4,116.5,116.9
1760697000,116.9,117.3,116.8,117.3
1760698800,117.3,118.3,117.2,118.1
1760700600,118.1,118.7,117.6,118.2
1760702400,118.2,119.7,118,119.3
1760704200,119.4,120.2,118.8,119.3
1760706000,119.2,119.6,118.8,119.2
1760707800,119.2,120,119.1,120
1760709600,120,120,118.2,118.2
1760711400,118.2,118.6,117.4,117.9
1760713200,118.1,118.1,118.1,118.1
1760941800,118.6,118.6,118.6,118.6
1760943600,118.6,119.2,117.8,118.4
1760945400,118.4,118.6,117.6,118.3
1760947200,118.2,118.8,117.9,118.4
1760949000,118.5,119.2,118.4,118.6
1760950800,118.6,120.2,118.6,119.5
1760952600,119.5,120.4,119.3,119.6
1760954400,119.6,120.1,119.5,120
1760956200,120,120.5,119.5,119.8
1760958000,119.9,122,119.8,121.8
1760959800,121.8,123.6,121.3,123.4
1760961600,123.4,124.1,122.6,123.2
1760963400,123.1,123.5,122.4,122.4
1760965200,122.5,123.4,122.4,123.3
1760967000,123.2,123.8,123.1,123.7
1760968800,123.7,124.4,123.3,123.6
1760970600,123.6,124.7,123.6,124
1760972400,124.2,124.2,124.2,124.2
1761028200,124.4,124.4,124.4,124.4
1761030000,124.3,124.9,123.4,124.6
1761031800,124.6,125.4,124.1,124.8
1761033600,124.8,124.8,123.6,124.2
1761035400,124.2,124.9,124.2,124.9
1761037200,124.9,124.9,124.2,124.5
1761039000,124.5,125.1,124.5,125.1
1761040800,125,125.7,124.8,125.2
1761042600,125.2,125.2,124.5,124.7
1761044400,124.8,125,124.3,124.9
1761046200,124.9,125.3,124.6,124.6
1761048000,124.6,125.4,124.3,125.1
1761049800,125.1,125.6,125,125.2
1761051600,125.2,126.2,125,126
1761053400,126,127.4,125.7,125.9
1761055200,125.9,127,125.3,126.8
1761057000,126.8,126.9,125.6,125.7
1761058800,125.9,125.9,125.9,125.9
1761114600,126.5,126.5,126.5,126.5
1761116400,126.5,126.8,125.3,126.5
1761118200,126.5,127.4,126,127
1761120000,127,127.7,126.4,127.5
1761121800,127.5,127.6,126.8,127.5
1761123600,127.4,127.7,126.9,127
1761125400,127,127.1,126.7,126.9
1761127200,127,127.3,126.7,126.8
1761129000,126.7,127,126.3,126.4
1761130800,126.4,126.5,126,126.2
1761132600,126.2,126.3,125.7,126.1
1761134400,126.1,126.5,125.9,126.3
1761136200,126.2,126.9,126.2,126.4
1761138000,126.5,126.5,125.9,126.2
1761139800,126.2,126.6,126,126.1
1761141600,126.1,126.8,126,126.1
1761143400,126.1,126.9,126,126.1
1761145200,126,126,126,126
1761201000,126.4,126.4,126.4,126.4
1761202800,126.4,127.6,126.3,127.2
1761204600,127.2,128.6,126.9,128.4
1761206400,128.3,129.1,127.8,128
1761208200,127.9,128.1,126.8,126.8
1761210000,126.8,127.3,126.5,126.8
1761211800,126.8,126.9,126.3,126.8
1761213600,126.7,127.5,126.4,127.3
1761215400,127.3,127.6,126.9,127.1
1761217200,127.1,127.6,125.3,126.6
1761219000,126.6,128.2,126.6,128
1761220800,128.1,128.4,127.1,127.2
1761222600,127.2,127.5,126.7,127.2
1761224400,127.1,127.2,126.2,126.9
1761226200,126.9,127.1,126.5,127
1761228000,127.1,128,126.9,127.1
1761229800,127.1,127.2,126.5,126.7
1761231600,126.2,126.2,126.2,126.2
1761287400,127.9,127.9,127.9,127.9
1761289200,128,128.9,126.7,128.4
1761291000,128.3,129.2,127.1,128.5
1761292800,128.5,135.4,128.4,134.6
1761294600,134.7,137.8,134.3,135.4
1761296400,135.4,135.5,134,134.7
1761298200,134.6,134.7,133.7,134.2
1761300000,134.2,134.8,133.5,134.7
1761301800,134.7,135,134.5,134.7
1761303600,134.6,134.8,132.7,133
1761305400,132.9,133.2,131.8,132.4
1761307200,132.4,132.8,132,132.6
1761309000,132.7,133,131.7,132.4
1761310800,132.5,132.9,131.6,132.3
1761312600,132.3,132.9,132,132.5
1761314400,132.4,132.5,131.5,131.9
1761316200,131.9,132,131.4,131.7
1761318000,131.6,131.6,131.6,131.6
1761546600,131,131,131,131
1761548400,130.9,131.4,130.3,130.6
1761550200,130.6,131.1,129.9,130.7
1761552000,130.6,131.1,130.3,130.7
1761553800,130.8,131.1,130.3,130.4
1761555600,130.4,130.5,129.9,130.2
1761557400,130.1,130.3,129.6,130.1
1761559200,130.1,131.1,130,131.1
1761561000,131,131.3,130.1,130.5
1761562800,130.4,130.5,129.9,130.2
1761564600,130.2,130.4,129,129
1761566400,129,129.4,128.6,129.1
1761568200,129.1,129.3,128.9,129.3
1761570000,129.2,129.5,129,129
1761571800,129.1,129.1,128.5,128.8
1761573600,128.7,129.1,128.7,128.9
1761575400,128.9,129.1,128.2,128.7
1761577200,128.8,128.8,128.8,128.8
1761633000,128.6,128.6,128.6,128.6
1761634800,128.6,129.3,128.2,129.2
1761636600,129.3,129.4,128.7,128.9
1761638400,128.9,129.5,128.9,129.2
1761640200,129.2,129.3,128.7,128.8
1761642000,128.9,128.9,128.1,128.2
1761643800,128,128,128,128
1761805800,130.4,130.4,130.4,130.4
1761807600,130.4,131,129.7,130.2
1761809400,130.3,131.3,130.3,130.5
1761811200,130.6,131,129.7,130.2
1761813000,130.2,130.3,129.5,129.6
1761814800,129.6,129.8,129.4,129.8
1761816600,129.8,129.8,129.3,129.4
1761818400,129.5,129.6,129.2,129.6
1761820200,129.6,130,129.4,129.5
1761822000,129.5,129.6,128.2,128.6
1761823800,128.5,129,128.4,128.9
1761825600,128.9,129.3,128.7,129.3
1761827400,129.3,130.3,129.2,129.9
1761829200,129.9,130.2,129.6,129.8
1761831000,129.9,130.1,129.4,129.6
1761832800,129.7,130.4,129.6,129.6
1761834600,129.6,130.3,129.6,130
1761836400,130,130,130,130
1761892200,130.6,130.6,130.6,130.6
1761894000,130.5,130.6,129.2,129.7
1761895800,129.7,130.1,129.5,129.8
1761897600,129.9,131.5,129.4,131.3
1761899400,131.4,131.9,130.6,130.8
1761901200,130.8,132.6,130.7,132.4
1761903000,132.5,133.9,131.9,133.4
1761904800,133.5,134.6,133.2,133.3
1761906600,133.3,133.6,132.8,132.8
1761908400,132.9,133.3,132.5,133.2
1761910200,133.2,133.4,132.8,133.2
1761912000,133.1,133.7,132.8,133
1761913800,133.1,133.1,132,132.4
1761915600,132.3,133,132.1,132.3
1761917400,132.3,133.1,131.8,132.7
1761919200,132.7,133.7,132.7,133.2
1761921000,133.1,134.3,132.7,134
1761922800,134.6,134.6,134.6,134.6
1762151400,135.4,135.4,135.4,135.4
1762153200,135.4,138.9,134.9,137.5
1762155000,137.5,137.7,137,137.2
1762156800,137.2,137.7,136.6,137
1762158600,137,137,136,136.1
1762160400,136.2,136.8,136.1,136.7
1762162200,136.7,137.1,136.6,137.1
1762164000,137.1,137.3,136.1,136.2
1762165800,136.3,136.5,135.9,136.2
1762167600,136.2,136.5,136,136.3
1762169400,136.2,136.4,136.1,136.4
1762171200,136.4,136.6,136.1,136.1
1762173000,136.2,136.3,135.7,135.8
1762174800,135.7,135.8,135.5,135.8
1762176600,135.8,136,134.4,134.7
1762178400,134.7,135,134.1,134.4
1762180200,134.5,135,134.1,134.8
1762182000,134.5,134.5,134.5,134.5
1762237800,134.5,134.5,134.5,134.5
1762239600,134.4,135.4,133.7,135.3
1762241400,135.4,136.4,135.3,136.2
1762243200,136.2,137.1,135.5,136.2
1762245000,136.2,136.3,134.1,134.1
1762246800,134.1,134.8,133.9,134.5
1762248600,134.5,135.2,134.3,134.6
1762250400,134.6,134.7,133.3,133.5
1762252200,133.5,134.1,133.3,134
1762254000,133.9,134.4,133.8,134.4
1762255800,134.4,134.9,134.2,134.6
1762257600,134.5,135.1,134.5,134.8
1762259400,134.8,134.9,134.1,134.5
1762261200,134.6,135.3,134.5,135
1762263000,134.9,135,134.2,134.4
1762264800,134.4,134.7,133.8,134
1762266600,134,134.6,133.4,134.5
1762268400,134.2,134.2,134.2,134.2
1762324200,134.2,134.2,134.2,134.2
1762326000,134.2,135.9,134.2,135.8
1762327800,135.7,135.8,135.1,135.3
1762329600,135.3,136.4,135.2,136.2
1762331400,136.2,136.5,135.4,135.5
1762333200,135.5,135.6,134.8,134.9
1762335000,134.9,135,134.3,134.7
1762336800,134.7,134.8,132.3,133
1762338600,132.9,133.7,132.8,133.6
1762340400,133.6,134.3,133.5,133.7
1762342200,133.7,134.6,133.7,134.4
1762344000,134.3,134.6,134,134.2
1762345800,134.1,134.6,133.9,134.3
1762347600,134.4,134.7,134.1,134.5
1762349400,134.5,135.2,134.1,134.9
1762351200,134.9,135.2,134.2,134.3
1762353000,134.2,135.2,134.2,135.1
1762354800,135,135,135,135
1762410600,136,136,136,136
1762412400,136.1,136.6,135.7,136.3
1762414200,136.3,136.5,135.5,135.5
1762416000,135.6,135.6,134.8,135.1
1762417800,135,135.8,135,135.7
1762419600,135.7,136,135.5,135.9
1762421400,135.9,135.9,135.2,135.4
1762423200,135.5,135.8,135.4,135.8
1762425000,135.8,136,135.5,135.9
1762426800,135.9,136.4,135.8,136.3
1762428600,136.3,136.4,135.9,136
1762430400,136,137,136,136.6
1762432200,136.6,137.3,136.4,137
1762434000,137,137.2,136.5,136.8
1762435800,136.7,137.2,136.7,137.1
1762437600,137.1,137.2,136.6,137
1762439400,137.1,137.5,136.5,136.8
1762441200,136.6,136.6,136.6,136.6
1762497000,136.8,136.8,136.8,136.8
1762498800,136.9,137,136,136.3
1762500600,136.3,136.6,135.8,135.8
1762502400,135.9,136.2,133.9,134
1762504200,134,134,131.7,131.8
1762506000,131.7,132.6,131.5,132.2
1762507800,132.2,132.3,131.5,132.1
1762509600,132.1,132.9,131.9,132.8
1762511400,132.8,133.3,132.8,133
1762513200,133,133.4,132.9,133
1762515000,133.1,134,132.8,133.8
1762516800,133.8,134,133.5,133.7
1762518600,133.7,133.8,133.1,133.4
1762520400,133.4,133.8,133.3,133.7
1762522200,133.7,134.3,132.3,132.6
1762524000,132.6,133.1,132,132.9
1762525800,132.9,134,132.7,133.4
1762527600,133.5,133.5,133.5,133.5
1762756200,134.1,134.1,134.1,134.1
1762758000,134.1,134.3,133.3,134.1
1762759800,134.2,134.7,133.5,133.8
1762761600,133.8,133.9,131.5,131.6
1762763400,131.6,131.9,131.2,131.2
1762765200,131.3,131.9,130.7,130.8
1762767000,130.9,131.4,130.6,130.8
1762768800,130.8,131,130,130.3
1762770600,130.3,130.5,129.8,130.1
1762772400,130.1,131,130,130.9
1762774200,130.8,131,130.6,130.8
1762776000,130.7,130.8,130.2,130.4
1762777800,130.4,130.4,130,130.4
1762779600,130.4,130.6,130.2,130.4
1762781400,130.4,131.2,130.4,130.9
1762783200,130.8,131,129.6,129.9
1762785000,129.9,130.5,129.6,130.3
1762786800,130.3,130.3,130.1,130.1
1762842600,130.1,130.1,130.1,130.1
1762844400,130,131.5,129.8,130.6
1762846200,130.6,130.9,129.9,130.9
1762848000,131,131.4,130.9,131.3
1762849800,131.4,132.1,130.9,131.1
1762851600,131.1,131.3,130.8,131.1
1762853400,131.1,131.3,130.8,130.9
1762855200,130.9,131.4,130.7,131.2
1762857000,131.2,131.3,130.7,130.8
1762858800,130.8,131.2,130.6,130.8
1762860600,130.8,131.2,130.4,130.8
1762862400,130.9,131.3,125.5,126.9
1762864200,126.8,129.6,124.2,128.6
1762866000,128.7,129.8,127.4,128.2
1762867800,128.2,129,127.7,128.4
1762869600,128.4,129.1,128,128.5
1762871400,128.5,128.5,127.2,127.7
1762873200,127.7,127.7,127.7,127.7
1762929000,129.3,129.3,129.3,129.3
1762930800,129.2,129.2,127.8,128.2
1762932600,128.2,129.6,128,129.5
1762934400,129.6,130.4,129.4,130
1762936200,130,130.2,129.4,129.5
1762938000,129.5,130,129.2,129.4
1762939800,129.3,130.4,129.3,129.8
1762941600,129.8,130,129.5,129.6
1762943400,129.6,130.6,129.4,130.6
1762945200,130.5,130.9,129.9,130.1
1762947000,130,130.3,129.7,129.7
1762948800,129.7,130,129.1,129.2
1762950600,129.2,129.6,128.8,129.2
1762952400,129.2,129.2,128.6,129
1762954200,128.9,129.6,128.6,128.7
1762956000,128.6,129.7,128.5,129.3
1762957800,129.3,129.7,129,129.1
1762959600,129.1,129.1,129.1,129.1
1763015400,129.8,129.8,129.8,129.8
1763017200,129.8,130.4,129.2,129.4
1763019000,129.5,129.9,129.2,129.6
1763020800,129.6,130.1,129,129.8
1763022600,129.9,130.8,129.8,130.4
1763024400,130.5,130.9,130.1,130.2
1763026200,130.1,130.4,130,130.3
1763028000,130.2,130.7,130,130.6
1763029800,130.6,130.8,130,130.1
1763031600,130,130.3,129.2,129.3
1763033400,129.2,130,129.2,130
1763035200,130,130.4,129.7,130.3
1763037000,130.3,130.3,129.7,129.8
1763038800,129.7,130.1,129.5,129.6
1763040600,129.6,129.8,128.7,128.8
1763042400,128.9,129.2,128.4,129.1
1763044200,129.1,129.4,128.6,129.1
1763046000,129.5,129.5,129.5,129.5
1763101800,129,129,129,129
1763103600,129,129.7,128.4,129.3
1763105400,129.2,129.7,128.9,129.3
1763107200,129.3,130.4,129.3,129.8
1763109000,129.8,129.9,129.4,129.8
1763110800,129.7,130,129.5,129.7
1763112600,129.7,129.8,129.3,129.5
1763114400,129.4,129.6,129,129.3
1763116200,129.3,129.7,129.3,129.5
1763118000,129.5,129.6,128.9,129
1763119800,129.1,129.2,128.5,128.8
1763121600,128.8,128.9,128.4,128.7
1763123400,128.7,128.8,128.2,128.3
1763125200,128.3,128.5,127.9,128.2
1763127000,128.2,128.7,128.2,128.5
1763128800,128.4,128.7,128,128.2
1763130600,128.2,129.2,127.9,129.1
1763132400,129.2,129.2,129.2,129.2
1763361000,130.1,130.1,130.1,130.1
1763362800,130,130.6,129.1,129.8
1763364600,129.7,129.8,128.2,128.2
1763366400,128.2,128.9,128,128.2
1763368200,128.3,128.5,127.9,128.3
1763370000,128.3,128.4,127.8,127.8
1763371800,127.9,128,127.4,127.8
1763373600,127.8,127.8,127.3,127.7
1763375400,127.7,128.9,127.6,128.8
1763377200,128.8,129.2,128.5,129.1
1763379000,129.1,129.9,129,129.2
1763380800,129.2,129.7,129.2,129.4
1763382600,129.5,129.5,128.7,128.9
1763384400,128.8,128.8,128,128.3
1763386200,128.3,128.4,127.3,127.5
1763388000,127.4,128,127.2,127.7
1763389800,127.6,128.2,127.5,128.1
1763391600,128,128,128,128
1763447400,127.5,127.5,127.5,127.5
1763449200,127.5,128.7,127.2,128.6
1763451000,128.6,129.8,128.5,129.6
1763452800,129.6,130.2,128.8,129
1763454600,128.9,129.6,128.9,129.5
1763456400,129.4,129.7,128.8,128.9
1763458200,128.9,129,128.4,128.5
1763460000,128.5,128.7,128.2,128.3
1763461800,128.3,129,128.2,128.8
1763463600,128.8,129.9,128.8,129.4
1763465400,129.5,129.5,129,129.4
1763467200,129.3,129.7,129.1,129.3
1763469000,129.3,129.7,128.6,128.9
1763470800,128.8,129.3,128.7,129.1
1763472600,129,129.5,129,129.2
1763474400,129.2,129.3,128.2,128.7
1763476200,128.6,129.7,128.6,129.3
1763478000,129.2,129.2,129.2,129.2
1763533800,130,130,130,130
1763535600,130,130.2,129.1,129.9
1763537400,129.9,130.9,129.6,130.7
1763539200,130.8,132.9,130.8,132.8
1763541000,132.8,133,132,132.5
1763542800,132.6,133.3,132.5,132.8
1763544600,132.8,133,132.7,132.8
1763546400,132.9,133.3,132.6,132.8
1763548200,132.7,133.1,132.3,133.1
1763550000,133,133.1,132.6,132.7
1763551800,132.8,132.9,132.6,132.9
1763553600,132.8,133.4,132.6,133.1
1763555400,133.1,134,133.1,133.9
1763557200,133.9,134.2,133.4,133.7
1763559000,133.7,133.9,133.3,133.7
1763560800,133.7,134,132.7,133.1
1763562600,133,133.4,132.9,133
1763564400,132.6,132.6,132.6,132.6
1763620200,133.4,133.4,133.4,133.4
1763622000,133.5,134.4,132.8,134
1763623800,134,134.1,133.2,133.4
1763625600,133.4,133.6,132.8,133.2
1763627400,133.3,133.3,132.6,132.9
1763629200,133,133.2,132.8,132.8
1763631000,132.9,133,132.6,132.9
1763632800,133,133.2,132.8,133.1
1763634600,133.1,133.5,132.8,132.9
1763636400,133,133.5,132.8,133.2
1763638200,133.3,133.4,132.8,133.1
1763640000,133.1,133.5,132.8,133.3
1763641800,133.4,133.7,133.1,133.2
1763643600,133.3,133.7,133.2,133.7
1763645400,133.6,134.4,133.5,134.2
1763647200,134.3,134.9,134.2,134.3
1763649000,134.3,135.4,134.2,135.1
1763650800,135.5,135.5,135.5,135.5
1763706600,134.6,134.6,134.6,134.6
1763708400,134.6,134.6,133.7,134.2
1763710200,134.1,134.3,133,133.4
1763712000,133.3,134,133.2,133.9
1763713800,133.9,134,132.8,133.4
1763715600,133.3,133.7,132.8,133
1763717400,133.1,133.3,132.5,133.1
1763719200,133,133.1,132.1,132.4
1763721000,132.4,132.8,132.2,132.6
1763722800,132.6,132.9,132.6,132.7
1763724600,132.7,132.7,132.2,132.5
1763726400,132.6,132.6,132,132.3
1763728200,132.4,133.1,132.3,132.8
1763730000,132.8,132.9,132.4,132.6
1763731800,132.7,133.4,132.6,133.2
1763733600,133.3,133.5,132.9,133
1763735400,133,133.5,132.9,133.2
1763737200,133.2,133.2,133.2,133.2
1763965800,132,132,132,132
1763967600,132.1,134,132,133.8
1763969400,133.9,134.6,133,134.1
1763971200,134.1,134.6,133.7,133.7
1763973000,133.7,133.9,132.6,133.6
1763974800,133.6,134,133.3,133.7
1763976600,133.7,134.9,133.6,134.9
1763978400,134.8,135,134.4,134.5
1763980200,134.5,134.6,134.3,134.5
1763982000,134.5,134.6,134.1,134.2
1763983800,134.2,135,134.1,134.8
1763985600,134.8,135.6,134.8,135.5
1763987400,135.6,135.6,135.1,135.1
1763989200,135.1,135.2,134.5,135
1763991000,135,135.5,135,135.1
1763992800,135.1,135.5,134.9,135.2
1763994600,135.2,136,135,135.3
1763996400,135.1,135.1,135.1,135.1
1764052200,135.7,135.7,135.7,135.7
1764054000,135.6,136.8,135.1,136.1
1764055800,136.1,136.8,135.9,136.5
1764057600,136.4,137.5,136.3,137.4
1764059400,137.4,137.4,136.9,137
1764061200,137.1,137.1,136.4,136.4
1764063000,136.4,136.6,135.9,136.5
1764064800,136.5,136.6,136.3,136.6
1764066600,136.6,136.7,135.8,135.9
1764068400,135.9,135.9,135.1,135.4
1764070200,135.4,136.1,135.2,136
1764072000,136,136.2,135.5,135.8
1764073800,135.8,138.3,135.7,137.2
1764075600,137.2,137.5,136.4,136.6
1764077400,136.6,137.1,136.4,137.1
1764079200,137.1,137.2,135.5,136.3
1764081000,136.3,136.9,136.1,136.5
1764082800,136.8,136.8,136.8,136.8
1764138600,137.2,137.2,137.2,137.2
1764140400,137.2,137.8,136.7,137.4
1764142200,137.4,137.7,136.7,137
1764144000,137,137.6,136.8,137.3
1764145800,137.4,137.5,137,137.4
1764147600,137.3,137.4,136.8,136.9
1764149400,136.9,137,136.4,136.5
1764151200,136.4,136.5,135.9,136.2
1764153000,136.2,137,136.1,136.8
1764154800,136.7,136.9,136.6,136.8
1764156600,136.9,137,136.4,136.9
1764158400,136.9,136.9,136.4,136.6
1764160200,136.6,136.9,136.4,136.9
1764162000,136.9,137.5,136.8,137.4
1764163800,137.3,138.5,137.3,137.7
1764165600,137.7,138.3,137.5,138.1
1764167400,138,138.2,137.1,137.6
1764169200,137.7,137.7,137.6,137.6
1764225000,138.9,138.9,138.9,138.9
1764226800,138.9,140,138.9,139.3
1764228600,139.2,139.6,138.7,138.9
1764230400,139,139.1,138.5,138.9
1764232200,139,139.3,138.8,139.1
1764234000,139.2,139.7,138.9,139.6
1764235800,139.6,139.7,139.3,139.4
1764237600,139.4,139.6,139.4,139.4
1764239400,139.5,139.6,138.7,138.8
1764241200,138.8,139.3,138.6,139.1
1764243000,139.1,139.6,139.1,139.6
1764244800,139.6,139.9,139.5,139.8
1764246600,139.7,139.9,139.4,139.5
1764248400,139.5,139.6,139.2,139.4
1764250200,139.5,140.3,138.6,138.7
1764252000,138.6,139.1,138.4,138.7
1764253800,138.7,138.9,138.4,138.4
1764255600,138.5,138.8,138.5,138.8
1764311400,138.4,138.4,138.4,138.4
1764313200,138.4,139.4,138.1,139.4
1764315000,139.3,139.4,138.2,138.2
1764316800,138.3,139,138.1,138.9
1764318600,138.9,139.2,138.6,139
1764320400,139,139.2,138.8,138.9
1764322200,138.9,139.1,138.8,138.9
1764324000,139,139.1,138.7,138.8
1764325800,138.8,138.9,138.3,138.5
1764327600,138.6,139.1,138.4,139
1764329400,139,139.4,138.9,139
1764331200,139,139.1,138.6,138.7
1764333000,138.7,138.9,138,138.1
1764334800,138.1,138.5,138,138.4
1764336600,138.4,138.9,138.3,138.5
1764338400,138.5,139.6,138.4,138.7
1764340200,138.7,139.2,138.5,139
1764342000,138.9,138.9,138.9,138.9
1764570600,138.7,138.7,138.7,138.7
1764572400,138.7,139.1,137.3,138
1764574200,138,139.5,137.9,139.3
1764576000,139.4,140.8,139.3,140.6
1764577800,140.7,140.8,140,140.5
1764579600,140.5,141.4,140.4,141.3
1764581400,141.2,141.8,141.2,141.4
1764583200,141.4,141.8,141.1,141.1
1764585000,141.2,142.2,141.1,141.8
1764586800,141.8,142.8,141.7,142.4
1764588600,142.4,142.6,142.2,142.3
1764590400,142.3,142.5,141.9,142
1764592200,142,143,141.8,142.9
1764594000,143,143,142.5,142.7
1764595800,142.8,142.9,142.4,142.7
1764597600,142.8,143.6,142.4,142.5
1764599400,142.5,143,142.4,142.7
1764601200,142.8,142.8,142.8,142.8
1764657000,142.7,142.7,142.7,142.7
1764658800,142.6,143.5,142.2,142.4
1764660600,142.4,143.6,142.3,143.6
1764662400,143.5,144,143.2,143.2
1764664200,143.3,143.7,143.1,143.3
1764666000,143.2,143.3,142.8,142.9
1764667800,142.9,143,142.2,142.7
1764669600,142.6,142.7,142,142.4
1764671400,142.3,142.5,141.9,142
1764673200,141.9,142.1,141.5,141.8
1764675000,141.7,142.2,141.4,142.2
1764676800,142.2,142.4,142,142
1764678600,142,142.1,141,141.3
1764680400,141.3,141.9,141.2,141.9
1764682200,141.9,142,141.4,141.7
1764684000,141.7,142.1,141.5,141.9
1764685800,141.9,142.5,141.7,142
1764687600,142,142,142,142
1764743400,142.5,142.5,142.5,142.5
1764745200,142.5,143.3,140.5,143
1764747000,142.9,143.1,141.7,141.9
1764748800,141.9,142.6,141.8,142.4
1764750600,142.4,142.5,141.7,141.9
1764752400,142,142.3,141.6,141.8
1764754200,141.8,142,141.5,141.6
1764756000,141.5,141.7,141.1,141.6
1764757800,141.6,141.6,140.4,140.6
1764759600,140.7,140.7,139.8,140.3
1764761400,140.3,141.1,140.2,141
1764763200,141.1,143,140.8,141.9
1764765000,141.8,142.4,141.7,141.9
1764766800,141.9,142.4,141.9,142
1764768600,142,143.2,142,142.4
1764770400,142.4,142.8,142,142.4
1764772200,142.4,142.7,141.8,141.8
1764774000,141.8,141.8,141.8,141.8
1764829800,142.2,142.2,142.2,142.2
1764831600,142.2,143.5,141.9,141.9
1764833400,142,142.3,141.6,142.2
1764835200,142.3,142.8,142.2,142.6
1764837000,142.5,142.7,141.7,141.7
1764838800,141.8,142.1,141.7,141.9
1764840600,141.9,142.3,141.8,142.1
1764842400,142.1,142.2,141.8,141.9
1764844200,141.8,141.9,141.1,141.2
1764846000,141.1,141.2,140.5,140.7
1764847800,140.6,141.1,140.3,140.7
1764849600,140.7,140.9,140.4,140.4
1764851400,140.4,140.4,139.3,139.5
1764853200,139.5,139.7,138.9,138.9
1764855000,138.9,139,137,137.5
1764856800,137.5,139.1,137.4,138.8
1764858600,138.9,138.9,137.3,137.4
1764860400,137.4,137.4,137.4,137.4
1764916200,137.3,137.3,137.3,137.3
1764918000,137.2,139.8,136.6,139.3
1764919800,139.2,140.5,138.7,140.1
1764921600,140.1,141.3,140.1,141
1764923400,141,141.1,140.5,140.6
1764925200,140.6,140.8,139.7,140.1
1764927000,140.1,140.2,139.7,140.1
1764928800,140,140.4,139.9,140.4
1764930600,140.4,140.7,140.2,140.5
1764932400,140.5,140.5,139.8,139.8
1764934200,139.8,140,139.3,139.7
1764936000,139.8,140.3,139.4,140.1
1764937800,140.2,140.2,139.4,139.6
1764939600,139.5,140.4,139.5,140.4
1764941400,140.3,140.9,140.1,140.7
1764943200,140.6,141.5,140.5,141.4
1764945000,141.5,141.7,141.1,141.5
1764946800,141.5,141.5,141.5,141.5
1765175400,143.2,143.2,143.2,143.2
1765177200,143.2,143.3,142.5,142.7
1765179000,142.8,143.1,142.4,142.7
1765180800,142.7,142.9,142.2,142.3
1765182600,142.3,142.6,142.1,142.3
1765184400,142.3,142.3,141.7,142.3
1765186200,142.3,143,142.3,142.7
1765188000,142.7,144.3,142.6,143.7
1765189800,143.7,144.1,143.4,143.5
1765191600,143.5,143.6,142.3,142.6
1765193400,142.6,142.9,142.4,142.8
1765195200,142.7,143,142.6,142.9
1765197000,142.9,143,142.5,142.7
1765198800,142.7,143,142.6,142.7
1765200600,142.7,142.8,141.4,141.6
1765202400,141.7,141.9,140.6,140.9
1765204200,140.9,141.1,140.3,141.1
1765206000,141.1,141.2,141.1,141.2
1765261800,141.6,141.6,141.6,141.6
1765263600,141.6,142.3,141,142
1765265400,142,142.7,141.7,142.5
1765267200,142.5,142.5,141.8,142
1765269000,142,142.1,141.4,141.4
1765270800,141.4,141.6,140,140.4
1765272600,140.4,140.7,140.2,140.4
1765274400,140.4,140.7,139.9,140
1765276200,140,140.3,139.8,140.2
1765278000,140.2,140.3,139.9,140.1
1765279800,140.1,140.4,140,140.2
1765281600,140.2,140.3,139.9,140
1765283400,140,141,140,140.7
1765285200,140.7,141,140.6,140.9
1765287000,140.8,140.9,140.2,140.7
1765288800,140.7,140.9,140.5,140.6
1765290600,140.7,140.8,140.3,140.6
1765292400,140.6,140.6,140.6,140.6
1765348200,140.9,140.9,140.9,140.9
1765350000,140.8,141.2,140.1,140.8
1765351800,140.8,141.1,140,140.2
1765353600,140.1,140.2,139.6,140.1
1765355400,140,140.4,139.6,139.8
1765357200,139.8,139.9,139.1,139.5
1765359000,139.6,140.1,139.6,140
1765360800,140,140.4,139.9,140.1
1765362600,140.1,140.6,140,140.3
1765364400,140.2,141,140.1,140.9
1765366200,141,141.2,140.6,140.9
1765368000,140.9,141.5,140.7,141.2
1765369800,141.1,141.4,140.9,141
1765371600,141,141.1,140,140.5
1765373400,140.5,140.6,138.3,138.9
1765375200,138.9,140.5,138.8,140.4
1765377000,140.5,140.8,139.5,140.1
1765378800,139.7,139.7,139.7,139.7
1765434600,140.1,140.1,140.1,140.1
1765436400,140.2,140.9,139.9,140.7
1765438200,140.6,140.8,140.1,140.2
1765440000,140.2,140.3,139.8,140.2
1765441800,140.2,140.5,139.7,140.5
1765443600,140.4,140.7,140,140.6
1765445400,140.6,140.8,140.4,140.6
1765447200,140.6,140.7,140.3,140.4
1765449000,140.5,140.6,140.2,140.3
1765450800,140.3,140.6,139.2,140.2
1765452600,140.2,141,139.5,139.7
1765454400,139.7,139.8,139.2,139.3
1765456200,139.3,139.4,138.9,139.4
1765458000,139.4,139.8,138.7,138.8
1765459800,138.7,139.2,138.6,138.8
1765461600,138.9,140.1,138.7,139.5
1765463400,139.5,139.8,139.2,139.4
1765465200,139.4,139.4,139.2,139.2
1765521000,140,140,140,140
1765522800,140,141,139.8,139.9
1765524600,139.9,140.2,139.7,140
1765526400,140,140.4,139.8,140
1765528200,140,140.1,139.3,139.4
1765530000,139.3,139.5,138.7,138.8
1765531800,138.8,139.4,138.5,139.4
1765533600,139.4,139.6,139.3,139.6
1765535400,139.6,139.8,139.4,139.6
1765537200,139.6,139.6,139.3,139.5
1765539000,139.6,139.6,139.2,139.5
1765540800,139.5,139.5,139.3,139.4
1765542600,139.4,140.1,139.3,139.7
1765544400,139.6,140.2,139.6,139.9
1765546200,139.9,140.4,139.8,140.3
1765548000,140.4,140.5,139.8,139.9
1765549800,139.9,140.4,139.8,140.3
1765551600,140.4,140.4,140.4,140.4
1765780200,140.7,140.7,140.7,140.7
1765782000,140.8,141.1,140.3,140.7
1765783800,140.8,141.7,140.7,141.3
1765785600,141.3,142.3,141.2,142.1
1765787400,142,142.2,141.7,141.9
1765789200,141.8,141.9,141.7,141.9
1765791000,141.8,142.1,141.5,142
1765792800,141.9,142.1,141.8,142
1765794600,141.9,142.1,141.9,142.1
1765796400,142,142.1,141.8,142
1765798200,141.9,142,141.5,141.7
1765800000,141.8,142.1,141.6,141.8
1765801800,141.7,142,141.6,141.7
1765803600,141.7,141.7,141.2,141.3
1765805400,141.2,141.4,140.9,141.1
1765807200,141.1,141.6,141,141.4
1765809000,141.3,141.8,141.3,141.5
1765810800,141.4,141.4,141.4,141.4
1765866600,141.7,141.7,141.7,141.7
1765868400,141.7,141.7,140.1,140.3
1765870200,140.3,140.8,140.2,140.5
1765872000,140.5,141,139.7,139.8
1765873800,139.8,140.4,139.7,139.9
1765875600,139.8,139.9,139.4,139.5
1765877400,139.5,139.6,139.1,139.2
1765879200,139.2,139.3,138.9,139
1765881000,139.1,139.2,138.6,138.7
1765882800,138.7,138.8,138.2,138.4
1765884600,138.3,138.6,138.3,138.6
1765886400,138.5,138.8,138.4,138.7
1765888200,138.7,139.1,138.6,139.1
1765890000,139.1,139.2,138.6,138.8
1765891800,138.8,138.8,138.6,138.7
1765893600,138.7,139.5,138.7,139.4
1765895400,139.5,139.9,139.3,139.5
1765897200,139.5,139.7,139.5,139.7
1765953000,139.3,139.3,139.3,139.3
1765954800,139.2,140,138.4,139.8
1765956600,139.8,140.7,139.7,140.6
1765958400,140.5,141.1,140.1,140.2
1765960200,140.1,140.3,139.9,140.1
1765962000,140.1,140.1,139.1,139.4
1765963800,139.4,139.4,139.1,139.2
1765965600,139.2,139.5,139.2,139.2
1765967400,139.3,139.3,139.1,139.2
1765969200,139.1,139.4,139.1,139.3
1765971000,139.3,140.1,139.3,139.8
1765972800,139.8,140.3,139.7,140
1765974600,140,140.2,139.8,140
1765976400,140,140.7,140,140.6
1765978200,140.7,140.7,140,140
1765980000,140,140.7,140,140.2
1765981800,140.3,140.5,140,140.2
1765983600,140.2,140.2,140.2,140.2
1766039400,140.8,140.8,140.8,140.8
1766041200,140.8,141.9,140.8,141.6
1766043000,141.6,141.8,141.2,141.4
1766044800,141.4,142.1,141.4,141.7
1766046600,141.6,141.7,141.5,141.6
1766048400,141.6,141.7,141.1,141.3
1766050200,141.3,141.4,141.1,141.3
1766052000,141.2,141.3,141,141.1
1766053800,141.2,141.5,141.1,141.4
1766055600,141.5,142.2,141.5,141.9
1766057400,141.9,142,141.8,141.9
1766059200,141.9,142.7,141.9,142.5
1766061000,142.5,142.6,142.2,142.2
1766062800,142.2,142.5,142.1,142.2
1766064600,142.3,143.3,142.2,142.7
1766066400,142.8,143.4,142.7,143.2
1766068200,143.3,143.5,143,143.4
1766070000,143.6,143.6,143.6,143.6
1766125800,143.6,143.6,143.6,143.6
1766127600,143.5,143.9,142.3,142.4
1766129400,142.3,143.5,142.2,143.3
1766131200,143.4,144,143.3,143.8
1766133000,143.8,143.9,143.3,143.3
1766134800,143.4,143.8,143.2,143.2
1766136600,143.2,143.3,142.9,143.2
1766138400,143.3,143.3,143,143.3
1766140200,143.3,143.5,142.6,142.6
1766142000,142.6,143,142.5,142.8
1766143800,142.8,142.9,142.3,142.7
1766145600,142.7,143,142.7,142.7
1766147400,142.8,143,142,142.5
1766149200,142.4,142.5,141.6,141.8
1766151000,141.8,141.8,141.4,141.6
1766152800,141.7,142.4,141.5,142.3
1766154600,142.3,142.6,142.2,142.4
1766156400,142,142,142,142
1766385000,142.4,142.4,142.4,142.4
1766386800,142.4,143.4,142.1,142.7
1766388600,142.7,144.5,142.5,144.3
1766390400,144.4,144.8,143.7,143.9
1766392200,143.9,144.1,143.6,143.9
1766394000,143.9,144.1,143.4,143.5
1766395800,143.5,143.5,143,143
1766397600,143,143.7,143,143.5
1766399400,143.6,143.6,143.2,143.5
1766401200,143.5,143.7,143.4,143.6
1766403000,143.6,143.8,143.4,143.5
1766404800,143.5,143.6,143.3,143.5
1766406600,143.6,143.8,143.5,143.5
1766408400,143.6,144,143.4,143.5
1766410200,143.5,143.5,142.7,143.1
1766412000,143,143.7,142.9,143.5
1766413800,143.5,144.1,143.4,143.9
1766415600,144,144,144,144
1766471400,143.6,143.6,143.6,143.6
1766473200,143.6,144.1,143.2,143.9
1766475000,144,144.6,143.6,144.1
1766476800,144,145,143.9,144.5
1766478600,144.4,144.7,144.1,144.4
1766480400,144.4,144.4,143.9,143.9
1766482200,143.9,144.1,142.7,143.2
1766484000,143.1,143.1,142.3,142.4
1766485800,142.4,142.5,141.9,142.4
1766487600,142.4,142.9,142.4,142.5
1766489400,142.5,143,142.5,142.8
1766491200,142.8,143.1,142.6,142.9
1766493000,142.9,143,142.5,142.7
1766494800,142.8,143.2,142.8,143.2
1766496600,143.1,143.6,142.9,143
1766498400,142.9,143.2,142.2,142.4
1766500200,142.3,142.7,141.8,142.3
1766502000,142.3,142.3,142.3,142.3
1766557800,142.6,142.6,142.6,142.6
1766559600,142.6,143.7,142.1,143.5
1766561400,143.5,143.5,142.5,142.8
1766563200,142.8,143.4,142.8,143
1766565000,143,143.7,143,143.2
1766566800,143.3,143.5,142.9,143.5
1766568600,143.5,143.6,143.3,143.4
1766570400,143.4,143.4,142.7,142.8
1766572200,142.9,143.6,142.7,143.3
1766574000,143.3,143.4,142.7,142.8
1766575800,142.8,143.1,142.6,142.7
1766577600,142.7,142.7,142.1,142.5
1766579400,142.5,143.1,141.5,141.7
1766581200,141.7,142.5,141.3,142.5
1766583000,142.4,142.7,141.8,142.1
1766584800,142.1,142.3,141.8,142
1766586600,142,142,141,141.2
1766588400,141.2,141.2,141.2,141.2
1766644200,141.6,141.6,141.6,141.6
1766646000,141.7,142.1,141.3,141.9
1766647800,141.9,142.3,141.9,142.1
1766649600,142.1,142.2,141.7,141.8
1766651400,141.7,142,141.7,141.8
1766653200,141.8,141.9,141.6,141.6
1766655000,141.7,141.8,141.6,141.7
1766656800,141.7,141.8,141.7,141.8
1766658600,141.8,141.9,141.6,141.7
1766660400,141.7,141.9,141.6,141.7
1766662200,141.8,141.8,141.7,141.7
1766664000,141.7,141.8,141.4,141.6
1766665800,141.5,141.6,141.4,141.5
1766667600,141.5,141.5,141.3,141.5
1766669400,141.5,141.5,140.5,140.7
1766671200,140.7,141,140.6,140.8
1766673000,140.8,141,140.8,141
1766674800,140.9,140.9,140.9,140.9
1766730600,140.9,140.9,140.9,140.9
1766732400,140.8,141.4,140.6,140.8
1766734200,140.8,140.8,139.6,139.6
1766736000,139.7,140.1,139,139.2
1766737800,139.2,139.4,138.8,138.8
1766739600,138.8,139,138.4,138.5
1766741400,138.5,138.8,138.4,138.5
1766743200,138.5,138.6,137.7,138.3
1766745000,138.3,138.3,137.8,138
1766746800,138,138.2,137.8,138.2
1766748600,138.1,138.4,137.7,137.9
1766750400,137.9,138.7,137.8,138.5
1766752200,138.5,138.5,137.9,138.1
1766754000,138.2,138.8,138.1,138.7
1766755800,138.7,139.2,138.3,138.9
1766757600,138.9,139.4,138.8,139.3
1766759400,139.3,139.5,139.1,139.4
1766761200,139.4,139.4,139.4,139.4
1766989800,139.1,139.1,139.1,139.1
1766991600,139.1,139.8,138.6,138.9
1766993400,138.9,139.6,138.5,139.5
1766995200,139.5,140.2,139.2,140
1766997000,140.1,140.4,140,140.3
1766998800,140.3,141.9,140.3,141.7
1767000600,141.7,142,141.6,141.6
1767002400,141.7,142,141.5,141.9
1767004200,141.9,142.4,141.8,142.1
1767006000,142.1,142.6,142,142.3
1767007800,142.4,142.4,141.7,141.8
1767009600,141.9,142,141.7,141.8
1767011400,141.8,141.9,141.1,141.2
1767013200,141.1,141.7,141,141.3
1767015000,141.3,141.5,140.9,141.3
1767016800,141.3,141.8,141.3,141.6
1767018600,141.7,141.9,141.4,141.5
1767020400,141.6,141.6,141.4,141.4
1767076200,141.4,141.4,141.4,141.4
1767078000,141.4,141.9,140.8,141
1767079800,141,141.1,140.4,140.7
1767081600,140.7,141.6,140.4,140.7
1767083400,140.6,140.8,140.2,140.5
1767085200,140.5,141.3,140.4,141
1767087000,141,141.5,141,141.4
1767088800,141.5,141.7,141.2,141.3
1767090600,141.3,141.4,140.9,141.1
1767092400,141.1,141.2,140.9,141.2
1767094200,141.2,142.5,141.1,142.2
1767096000,142.2,142.3,142,142.1
1767097800,142.1,142.4,141.8,142.3
1767099600,142.3,142.3,141.4,141.9
1767101400,142,142.2,141.7,142.1
1767103200,142,142.2,141.7,142
1767105000,142,142.3,141.8,141.9
1767106800,142,142,142,142
1767162600,142.8,142.8,142.8,142.8
1767164400,142.8,143.2,142.5,142.8
1767166200,142.8,143.2,142.8,143.1
1767168000,143.1,144.5,142.6,144.3
1767169800,144.2,144.3,143.4,143.4
1767171600,143.4,143.8,143.4,143.4
1767173400,143.4,143.5,143.3,143.5
1767175200,143.5,143.7,143.4,143.5
1767177000,143.5,144.5,143.5,144.4
1767178800,144.4,144.6,144.3,144.3
1767180600,144.4,144.6,144.2,144.3
1767182400,144.2,144.5,144,144.2
1767184200,144.3,144.4,144.1,144.3
1767186000,144.3,144.3,143.9,144
1767187800,144,144.1,143.6,143.7
1767189600,143.6,144,143.5,143.7
1767191400,143.7,143.8,143,143.2
1767193200,143.5,143.5,143.5,143.5
1767335400,144.3,144.3,144.3,144.3
1767337200,144.4,145,144.1,144.8
1767339000,144.7,145,144.4,144.7
1767340800,144.8,145.8,144.7,145.6
1767342600,145.6,145.9,145.4,145.9
1767344400,145.9,146.3,145.8,146.1
1767346200,146.1,146.4,146,146.3
1767348000,146.3,146.9,146.2,146.9
1767349800,146.9,147.6,146.9,147.6
1767351600,147.6,148,147.2,147.9
1767353400,147.8,147.9,147.1,147.2
1767355200,147.2,147.4,146.8,147.4
1767357000,147.3,147.5,147.3,147.4
1767358800,147.3,147.5,146.9,147
1767360600,147.1,147.8,146.9,147.7
1767362400,147.7,148.5,147.6,148.4
1767364200,148.4,149.2,148.3,149.2
1767366000,149.7,149.7,149.7,149.7
1767594600,150.6,150.6,150.6,150.6
1767596400,150.7,150.9,147.6,148.6
1767598200,148.7,148.8,147.6,148
1767600000,148,149.2,147.9,149
1767601800,149,149.1,148.1,148.3
1767603600,148.3,148.7,148.1,148.6
1767605400,148.5,148.6,148,148.1
1767607200,148.2,148.5,147.9,148.5
1767609000,148.5,148.9,148.4,148.8
1767610800,148.9,148.9,148.4,148.6
1767612600,148.7,149,148.6,148.8
1767614400,148.8,149.1,148.7,148.9
1767616200,149,149.5,148.9,149.4
1767618000,149.4,149.4,148.9,149.1
1767619800,149.1,149.2,148.5,148.9
1767621600,148.9,148.9,148.2,148.6
1767623400,148.5,149,148.4,148.5
1767625200,148.3,148.3,148.3,148.3
1767681000,148.7,148.7,148.7,148.7
1767682800,148.7,149,147.2,148.4
1767684600,148.3,149.6,148.2,149.3
1767686400,149.3,150.3,149.2,149.4
1767688200,149.4,149.7,149.1,149.5
1767690000,149.5,149.5,148.9,149
1767691800,149,149.8,148.9,149.7
1767693600,149.7,149.8,148.3,148.9
1767695400,148.8,149.6,148.8,149.5
1767697200,149.5,149.7,149.2,149.4
1767699000,149.4,149.5,149.1,149.1
1767700800,149.1,149.4,149,149.3
1767702600,149.3,149.4,149.1,149.2
1767704400,149.3,149.6,149.1,149.4
1767706200,149.4,150,148.9,149.3
1767708000,149.3,149.9,149.2,149.8
1767709800,149.7,150.5,149.6,150.2
1767711600,150.3,150.3,150.3,150.3
1767767400,150.7,150.7,150.7,150.7
1767769200,150.8,151.1,148.2,148.8
1767771000,148.8,149.2,148.6,148.9
1767772800,148.9,148.9,148.5,148.5
1767774600,148.5,148.9,148.4,148.8
1767776400,148.9,149,148.5,148.7
1767778200,148.7,149.1,148.5,148.9
1767780000,148.9,149,148.5,148.5
1767781800,148.6,148.6,148.2,148.4
1767783600,148.4,148.6,147.9,148.4
1767785400,148.4,148.6,148.3,148.3
1767787200,148.3,148.4,147.6,147.7
1767789000,147.8,147.8,147.1,147.4
1767790800,147.3,147.5,146.7,146.9
1767792600,146.9,147.4,146,146.9
1767794400,146.9,146.9,145.9,146.5
1767796200,146.5,146.6,146.1,146.3
1767798000,146.2,146.2,146.2,146.2
1767853800,146.4,146.4,146.4,146.4
1767855600,146.4,147,146,146.4
1767857400,146.4,146.4,145.2,145.8
1767859200,145.8,146.5,145.7,146.4
1767861000,146.4,147.5,146.4,147.2
1767862800,147.2,147.3,146.7,146.7
1767864600,146.7,146.8,146.2,146.3
1767866400,146.4,146.6,146,146.1
1767868200,146.1,146.1,145.2,145.5
1767870000,145.5,145.8,145.4,145.7
1767871800,145.7,146,145.3,145.7
1767873600,145.7,145.8,145.1,145.2
1767875400,145.2,146,145.1,145.8
1767877200,145.8,145.9,145.4,145.6
1767879000,145.7,146.4,145.4,146.1
1767880800,146.2,146.3,145.7,145.7
1767882600,145.8,146.1,145.1,145.8
1767884400,145.8,145.8,145.8,145.8
1767940200,146.5,146.5,146.5,146.5
1767942000,146.5,147.4,145.9,147.3
1767943800,147.3,147.4,146.9,147.1
1767945600,147,147.2,146.1,146.4
1767947400,146.3,146.8,146.1,146.1
1767949200,146.1,146.3,146,146.2
1767951000,146.1,146.3,145.4,145.6
1767952800,145.6,146.1,145.5,146
1767954600,146,146,145.4,145.6
1767956400,145.5,145.6,144.7,145.2
1767958200,145.2,145.7,145.1,145.5
1767960000,145.6,145.8,145.4,145.4
1767961800,145.5,146.1,145.3,146
1767963600,146,146,145.3,145.6
1767965400,145.5,145.7,145.2,145.4
1767967200,145.5,145.6,144.5,145.1
1767969000,145.1,146.1,145,145.7
1767970800,145.5,145.5,145.5,145.5
1768199400,146,146,146,146
1768201200,146,147.7,145.7,147.3
1768203000,147.3,147.7,146.7,147.2
1768204800,147.2,147.7,147,147.1
1768206600,147.1,147.3,146.6,146.9
1768208400,146.9,147.1,146.7,147
1768210200,147.1,147.2,146.7,146.8
1768212000,146.8,146.9,146.5,146.8
1768213800,146.8,147.4,146.7,147.2
1768215600,147.2,147.8,147.1,147.5
1768217400,147.5,147.9,147.4,147.8
1768219200,147.8,147.8,147.5,147.8
1768221000,147.8,148,147.3,147.7
1768222800,147.7,147.8,145.9,146.1
1768224600,146,146.3,145.4,146
1768226400,146.1,146.6,145.6,146.5
1768228200,146.5,146.9,145.7,145.7
1768230000,145.6,145.6,145.6,145.6
1768285800,146,146,146,146
1768287600,145.9,146.2,145.2,145.9
1768289400,145.9,146.8,145.7,146
1768291200,145.9,147.4,145.9,147.1
1768293000,147.1,147.2,146.2,146.4
1768294800,146.4,146.8,145.8,146
1768296600,146,146.1,145.5,145.7
1768298400,145.6,147.1,145.6,146.9
1768300200,146.9,147.2,146.5,146.6
1768302000,146.5,146.8,146,146.1
1768303800,146.1,146.8,146,146.7
1768305600,146.8,146.9,146.4,146.8
1768307400,146.8,148.7,146.7,148.1
1768309200,148.2,148.3,147.7,148
1768311000,148,148.5,147.7,147.8
1768312800,147.9,148.4,147.9,148.2
1768314600,148.3,148.4,147.4,147.4
1768316400,147.5,147.7,147.5,147.7
1768372200,148.2,148.2,148.2,148.2
1768374000,148.3,148.5,147.1,147.3
1768375800,147.2,147.6,146,146.3
1768377600,146.4,146.9,146,146.4
1768379400,146.4,146.9,146.3,146.7
1768381200,146.7,147.2,146.7,147
1768383000,147.1,147.2,146.8,146.8
1768384800,146.8,146.9,146.2,146.3
1768386600,146.2,146.5,145.8,146.5
1768388400,146.4,146.8,146.2,146.5
1768390200,146.5,146.7,145.8,146
1768392000,145.9,146.2,145.5,146.1
1768393800,146.1,146.6,145.6,146.4
1768395600,146.4,146.9,146.2,146.4
1768397400,146.4,147.2,145.9,145.9
1768399200,145.9,146.4,145.7,145.8
1768401000,145.9,146.2,145.6,146.1
1768402800,146.1,146.1,146.1,146.1
1768458600,146.2,146.2,146.2,146.2
1768460400,146.1,146.4,145.1,145.4
1768462200,145.4,145.8,144.9,145.1
1768464000,145.1,145.2,144.5,144.8
1768465800,144.8,144.8,141.5,141.8
1768467600,141.8,142.4,141.6,142.3
1768469400,142.4,143.6,142.2,143.2
1768471200,143.3,143.8,143,143.5
1768473000,143.6,144.1,143.5,143.9
1768474800,143.9,144.1,143.7,143.9
1768476600,143.9,144.4,143.1,143.1
1768478400,143.2,143.7,142.8,143.2
1768480200,143.2,143.6,143.1,143.2
1768482000,143.2,143.5,142.8,143
1768483800,143,143.2,142.8,143.1
1768485600,143.1,144.7,142.9,144.5
1768487400,144.5,144.8,143.7,144.3
1768489200,144.5,144.5,144.5,144.5
1768545000,144.9,144.9,144.9,144.9
1768546800,144.9,146.2,144.7,145.9
1768548600,145.9,146,145,145.2
1768550400,145.3,145.7,144.8,145.5
1768552200,145.6,145.8,145.1,145.2
1768554000,145.3,145.3,144.6,144.8
1768555800,144.8,144.8,143.6,143.7
1768557600,143.6,143.7,142.3,143.2
1768559400,143.1,143.3,142.5,142.8
1768561200,142.7,143.3,142.6,143.2
1768563000,143.2,143.5,141,141.7
1768564800,141.7,142.7,141.5,142.4
1768566600,142.4,142.9,142.3,142.8
1768568400,142.8,143.8,142.8,143.2
1768570200,143.3,143.3,142.4,142.9
1768572000,142.9,144.4,142.7,143.8
1768573800,143.9,145,143.4,144.6
1768575600,144.8,144.8,144.8,144.8
1768804200,145.6,145.6,145.6,145.6
1768806000,145.5,147.2,145.4,147.2
1768807800,147.2,148.2,147,147.8
1768809600,147.9,147.9,146.9,147.1
1768811400,147.2,147.9,146.8,147.4
1768813200,147.3,148,147.2,147.7
1768815000,147.7,147.9,147.3,147.5
1768816800,147.4,147.7,147.1,147.6
1768818600,147.6,147.8,147.4,147.6
1768820400,147.6,148.1,147.5,147.9
1768822200,147.9,148,147.2,147.5
1768824000,147.5,147.8,147.4,147.8
1768825800,147.8,148.8,147.8,148.4
1768827600,148.3,148.5,147.9,148.1
1768829400,148,148.3,147.7,148.2
1768831200,148.2,148.9,148,148.8
1768833000,148.9,149.3,148.2,148.2
1768834800,148.5,148.5,148.5,148.5
1768890600,148.7,148.7,148.7,148.7
1768892400,148.7,148.9,147.5,147.7
1768894200,147.7,148.1,146.3,146.8
1768896000,146.9,148.9,146.7,148.6
1768897800,148.5,148.6,147.4,147.5
1768899600,147.5,147.8,146.8,147.1
1768901400,147.1,147.1,146.2,146.4
1768903200,146.3,147.5,146.2,147.5
1768905000,147.5,147.5,146.8,147.2
1768906800,147.2,147.8,147.1,147.6
1768908600,147.5,148.7,147.5,148.6
1768910400,148.6,148.8,147.8,148
1768912200,148,148.9,147.8,148.5
1768914000,148.5,148.5,147.4,147.6
1768915800,147.5,147.6,146.3,146.8
1768917600,146.7,147.7,146.3,146.6
1768919400,146.5,146.8,146.3,146.6
1768921200,146.8,146.8,146.8,146.8
1768977000,147.3,147.3,147.3,147.3
1768978800,147.3,147.9,146.8,147.6
1768980600,147.7,148.7,147.1,148.6
1768982400,148.7,149.1,148.4,148.7
1768984200,148.8,148.9,147.9,148.2
1768986000,148.2,148.5,147.9,148.3
1768987800,148.2,148.7,148.1,148.5
1768989600,148.5,148.6,148.2,148.3
1768991400,148.4,148.5,147.8,147.8
1768993200,147.8,148.8,147.8,148.4
1768995000,148.5,148.7,148.1,148.1
1768996800,148.1,148.6,148,148.3
1768998600,148.2,149.3,147.8,148.9
1769000400,149,149.9,148.9,149.5
1769002200,149.5,149.9,149.1,149.7
1769004000,149.7,150,149.4,149.8
1769005800,149.8,150.9,149.7,150.9
1769007600,151,151,151,151
1769063400,152,152,152,152
1769065200,152,152.9,150.6,151.1
1769067000,151.1,151.6,150.8,151.2
1769068800,151.2,152,150.9,151.1
1769070600,151.1,151.8,150.9,151.5
1769072400,151.5,151.9,150.6,150.9
1769074200,150.9,151,150.6,151
1769076000,150.9,151.2,150.3,150.4
1769077800,150.4,150.9,148.8,149.4
1769079600,149.4,149.5,145.3,145.4
1769081400,145.4,145.9,144.6,144.8
1769083200,144.7,145.5,144.4,144.6
1769085000,144.6,145.5,144.5,145.3
1769086800,145.3,146.2,145.1,146.1
1769088600,146.1,146.9,145.9,146.8
1769090400,146.8,147.7,146.7,147.7
1769092200,147.7,148.2,147.5,148.2
1769094000,148.5,148.5,148.5,148.5
1769149800,149.2,149.2,149.2,149.2
1769151600,149.1,151.3,148.4,151.3
1769153400,151.3,151.9,150,150.9
1769155200,150.9,151.5,150.7,151.1
1769157000,151.1,152,150.9,151.9
1769158800,151.8,152,151.6,151.8
1769160600,151.8,151.8,151.1,151.5
1769162400,151.5,151.9,151.4,151.9
1769164200,151.8,152.4,151.6,151.8
1769166000,151.8,151.8,150.9,151
1769167800,151,151.3,150.7,151.1
1769169600,151.1,151.7,150.8,151
1769171400,151,151.2,150.8,151
1769173200,150.9,151.3,150.7,151.1
1769175000,151.1,151.2,150.8,150.9
1769176800,150.9,151,150.4,150.8
1769178600,150.8,151.5,150.7,151.1
1769180400,151.3,151.3,151.3,151.3
1769409000,149.4,149.4,149.4,149.4
1769410800,149.3,149.9,147,149.1
1769412600,149.2,149.6,147.9,148.1
1769414400,148.1,148.2,147.4,147.9
1769416200,147.8,148.3,147.7,148.1
1769418000,148.1,148.2,147.5,147.8
1769419800,147.7,148.3,147.7,148
1769421600,148,148.4,147.8,148.1
1769423400,148,149.1,148,148.6
1769425200,148.7,148.7,148.2,148.4
1769427000,148.3,148.9,148.3,148.9
1769428800,148.8,149.5,148.8,149.3
1769430600,149.3,149.5,149,149.4
1769432400,149.4,150.9,149.4,150.7
1769434200,150.7,151.1,150.1,150.9
1769436000,150.9,151.3,150.5,151.2
1769437800,151.3,151.6,150.7,151
1769439600,150.8,150.8,150.8,150.8
1769495400,150.9,150.9,150.9,150.9
1769497200,151,151.5,149.4,149.4
1769499000,149.5,149.7,148.9,149.2
1769500800,149.3,149.7,148.6,149.3
1769502600,149.4,149.7,148.8,149
1769504400,148.9,149.4,148.8,148.8
1769506200,148.8,149.1,148.4,148.5
1769508000,148.5,148.5,147.4,147.5
1769509800,147.4,147.9,147.4,147.5
1769511600,147.5,148,147.3,147.9
1769513400,147.9,148.2,147.6,148
1769515200,148,148.1,147.5,147.7
1769517000,147.7,148,147.4,147.5
1769518800,147.6,147.9,147.5,147.8
1769520600,147.7,147.8,146.5,146.5
1769522400,146.6,147.2,146.3,147
1769524200,147,147.5,146.8,147.1
1769526000,147,147,147,147
1769581800,147.5,147.5,147.5,147.5
1769583600,147.4,148.1,146.5,148.1
1769585400,148.1,148.3,147.4,147.6
1769587200,147.7,149,147.1,148.8
1769589000,148.8,149.3,148.6,148.9
1769590800,149,149.8,148.7,148.9
1769592600,148.9,148.9,148.4,148.7
1769594400,148.6,149.5,148.6,149
1769596200,149.1,149.6,149,149.5
1769598000,149.5,150.3,149.4,149.9
1769599800,149.8,150.4,149.7,150.4
1769601600,150.4,150.7,149.7,150.1
1769603400,150.1,150.8,149.2,149.4
1769605200,149.3,150,149.2,149.9
1769607000,149.9,150.7,149.8,150.2
1769608800,150.3,150.9,150,150.8
1769610600,150.9,151.8,150.7,151.2
1769612400,151.2,151.2,150.3,150.3
1769668200,151.5,151.5,151.5,151.5
1769670000,151.5,153.7,151,153.5
1769671800,153.5,154.6,152.5,154.5
1769673600,154.5,157.4,154.1,156.6
1769675400,156.6,156.8,155.8,156.7
1769677200,156.6,158,156.1,156.3
1769679000,156.3,157,155.7,155.8
1769680800,155.8,156.9,155.7,156.7
1769682600,156.7,157.1,156.3,156.7
1769684400,156.8,157.2,156.6,156.9
1769686200,157,158.4,156.7,158.1
1769688000,158.1,161.9,157.9,160.2
1769689800,160.3,160.8,159.1,159.7
1769691600,159.7,159.7,158.7,159.1
1769693400,159,159.9,158.2,158.3
1769695200,158.3,159.2,157.8,157.8
1769697000,157.8,158.7,156.8,157.4
1769698800,157.7,157.7,157.7,157.7
1769754600,157.6,157.6,157.6,157.6
1769756400,157.6,158.6,156,157.8
1769758200,157.8,158,155.3,156
1769760000,156,158.7,155.7,158.7
1769761800,158.7,160,158.2,158.6
1769763600,158.6,160.3,158.4,159.5
1769765400,159.5,159.7,158.3,158.4
1769767200,158.3,158.6,157.7,158
1769769000,158,158.6,157.7,158.5
1769770800,158.4,158.5,157.8,158.4
1769772600,158.4,158.7,157.9,158.1
1769774400,158,159.8,158,159.1
1769776200,159.1,159.5,158.7,159.4
1769778000,159.4,160.3,158.9,159.7
1769779800,159.6,160.7,159.5,160.6
1769781600,160.6,161.2,159.5,160.2
1769783400,160.2,162,160.1,161
1769785200,161.3,161.3,161.3,161.3
1770013800,155,155,155,155
1770015600,155,157,154.9,155.2
1770017400,155.2,155.5,153,153.4
1770019200,153.5,155.2,153.3,154.6
1770021000,154.5,155.1,153.6,154.4
1770022800,154.3,154.5,153.4,153.4
1770024600,153.4,155.2,153.4,155
1770026400,155,155.8,154.9,155.5
1770028200,155.6,155.9,155.4,155.4
1770030000,155.5,158.4,155.4,158
1770031800,157.9,159.1,157.7,159.1
1770033600,159.1,161.9,159,161.5
1770035400,161.4,162.8,160.9,161.6
1770037200,161.7,161.9,160.6,161.3
1770039000,161.3,161.7,159.8,160.2
1770040800,160.2,160.8,159.2,159.2
1770042600,159.2,160.2,159,160
1770044400,160.1,160.1,160.1,160.1
1770100200,160.9,160.9,160.9,160.9
1770102000,160.8,161,157.6,160.1
1770103800,160.1,163.8,160.1,162.2
1770105600,162.2,165.6,162,165.5
1770107400,165.6,166,163.8,164.7
1770109200,164.6,165.3,164.4,164.9
1770111000,164.9,165.3,163.7,163.9
1770112800,163.9,165.3,163.7,164.3
1770114600,164.3,164.8,163.6,164.3
1770116400,164.4,165.2,164,165
1770118200,164.9,165.4,164.5,164.8
1770120000,164.8,165.1,164.1,164.1
1770121800,164.1,165.9,163.6,165.6
1770123600,165.6,166.1,164.9,164.9
1770125400,165,165.9,164.9,165.7
1770127200,165.6,165.7,164.2,164.3
1770129000,164.3,165.9,164.3,165.7
1770130800,165,165,165,165
1770186600,166,166,166,166
1770188400,166.1,169.7,164.9,165.2
1770190200,165.2,165.4,164.3,164.3
1770192000,164.3,164.9,163.8,164.4
1770193800,164.5,164.6,163.5,164.1
1770195600,164,164.4,162.9,163.1
1770197400,163.1,163.8,163,163.2
1770199200,163.2,163.6,162.5,163.3
1770201000,163.3,163.6,162.7,162.8
1770202800,162.9,163,161.4,162.2
1770204600,162.2,164.5,162.1,164.1
1770206400,164.1,166.8,164,166.6
1770208200,166.7,167,164.6,165.2
1770210000,165.1,165.7,164.5,164.6
1770211800,164.6,165.3,164.2,164.4
1770213600,164.4,164.8,163.9,164.7
1770215400,164.7,164.8,161.9,162.1
1770217200,161.6,161.6,161.6,161.6
1770273000,159.7,159.7,159.7,159.7
1770274800,159.6,160.2,157.2,159.2
1770276600,159.2,159.9,158.6,159.2
1770278400,159.2,159.9,158.9,159.3
1770280200,159.3,159.3,157.7,157.8
1770282000,157.7,157.9,157.2,157.7
1770283800,157.7,157.8,156.8,157.1
1770285600,157.1,158.4,157,158.2
1770287400,158.1,158.2,157.4,157.4
1770289200,157.4,157.4,156.8,157.2
1770291000,157.1,157.7,156.8,157
1770292800,156.9,157.3,156.4,156.5
1770294600,156.5,156.9,155.9,156.1
1770296400,156,156.8,155.7,156.6
1770298200,156.6,156.8,155.4,155.5
1770300000,155.5,155.8,154.8,155.1
1770301800,155,155.7,153.6,154
1770303600,153.9,154.3,153.9,154.3
1770359400,154.3,154.3,154.3,154.3
1770361200,154.2,155.2,153.9,154.5
1770363000,154.5,154.8,153.3,153.5
1770364800,153.5,153.9,152.7,152.8
1770366600,152.8,153.1,152.5,152.6
1770368400,152.5,153.3,151.7,153.1
1770370200,153,153.5,152.4,152.6
1770372000,152.6,153.1,152,152.5
1770373800,152.4,152.6,152,152.3
1770375600,152.4,152.8,152.1,152.2
1770377400,152.2,153,152.2,152.8
1770379200,152.8,153.2,152.3,152.8
1770381000,152.8,152.8,151.2,151.3
1770382800,151.3,152.3,150.9,152.2
1770384600,152.2,152.8,151.7,152.4
1770386400,152.3,153.4,152.3,153.2
1770388200,153.3,155.2,153.3,154.3
1770390000,154.8,154.8,154.8,154.8
1770618600,156.1,156.1,156.1,156.1
1770620400,156.1,157,155.5,156.7
1770622200,156.7,157.8,156.4,157.7
1770624000,157.8,159,157.3,157.4
1770625800,157.3,158.1,156.8,157.5
1770627600,157.5,157.7,156.9,156.9
1770629400,157,157.9,156.7,157.6
1770631200,157.6,157.8,157.1,157.2
1770633000,157.2,157.5,156.9,157
1770634800,157,158,157,157.8
1770636600,157.9,158,157.4,157.4
1770638400,157.4,157.5,157.1,157.1
1770640200,157.2,157.4,156.9,157
1770642000,157.1,157.5,157,157.4
1770643800,157.4,157.8,157,157.7
1770645600,157.6,157.7,157.1,157.4
1770647400,157.4,157.5,156.8,157.1
1770649200,157.1,157.2,157.1,157.2
1770705000,157.3,157.3,157.3,157.3
1770706800,157.3,159,157.2,157.7
1770708600,157.7,158.4,156.6,156.8
1770710400,156.9,157.6,156.3,157.2
1770712200,157.2,157.3,156.6,156.8
1770714000,156.7,157.1,156.6,156.8
1770715800,156.9,157.5,156.8,157.2
1770717600,157.3,158.2,157,157.3
1770719400,157.2,157.9,157,157.9
1770721200,157.8,158.2,157.5,157.6
1770723000,157.6,157.9,157.1,157.1
1770724800,157.1,157.1,155.1,155.3
1770726600,155.3,155.6,155,155.1
1770728400,155.1,155.7,155.1,155.4
1770730200,155.3,155.5,154.2,154.3
1770732000,154.2,154.9,153.9,154.7
1770733800,154.6,155.8,154.6,155.3
1770735600,155.2,155.2,155.2,155.2
1770791400,153.3,153.3,153.3,153.3
1770793200,153.2,154.3,152.6,153.8
1770795000,153.7,153.8,152.8,153.3
1770796800,153.3,153.7,153,153.2
1770798600,153.1,153.8,153,153.8
1770800400,153.9,156.1,153.8,156
1770802200,156,156,154.6,154.9
1770804000,154.9,155.1,154.4,154.7
1770805800,154.7,154.9,154.3,154.8
1770807600,154.8,156,154.7,156
1770809400,156,156.2,155.4,155.5
1770811200,155.5,155.9,155.3,155.4
1770813000,155.4,156.5,155.4,155.8
1770814800,155.9,156.2,155.6,155.8
1770816600,155.7,155.9,155.2,155.6
1770818400,155.7,155.8,155.1,155.7
1770820200,155.8,156,154.9,154.9
1770822000,154.5,154.5,154.5,154.5
1770877800,155.2,155.2,155.2,155.2
1770879600,155.3,156.5,155.1,156.4
1770881400,156.4,156.5,155.7,156.4
1770883200,156.5,158,155.8,156.8
1770885000,156.8,157.3,156.5,156.7
1770886800,156.7,157,156.5,156.6
1770888600,156.6,157.3,156.2,157
1770890400,157,157.7,156.8,157.4
1770892200,157.5,158.8,157.3,158.5
1770894000,158.5,159.4,158.3,158.8
1770895800,158.9,160,158.8,160
1770897600,160,160.7,159.8,160
1770899400,160,163.2,159.7,163
1770901200,163.1,163.5,161.9,162.4
1770903000,162.4,163.2,162.2,163.2
1770904800,163.2,163.5,162.1,163.5
1770906600,163.4,163.5,162.4,163.4
1770908400,163.4,163.4,163.3,163.3
1770964200,163.6,163.6,163.6,163.6
1770966000,163.5,164.5,161.9,162.7
1770967800,162.7,164.6,162.5,163.6
1770969600,163.7,163.9,162.6,163.3
1770971400,163.4,163.7,162.4,162.9
1770973200,162.9,163.1,162.3,162.6
1770975000,162.5,163.3,162.2,163.1
1770976800,163.1,163.1,161.6,162.1
1770978600,162.1,162.3,161.2,161.3
1770980400,161.4,161.8,161.3,161.8
1770982200,161.8,162.4,161.6,162.3
1770984000,162.3,162.3,161.3,161.4
1770985800,161.4,161.9,161.2,161.2
1770987600,161.2,161.5,161,161.3
1770989400,161.2,161.8,160.9,161.3
1770991200,161.3,161.3,160.2,160.8
1770993000,160.8,161.5,160.7,161.1
1770994800,161.1,161.1,160.8,160.8
1771223400,161.8,161.8,161.8,161.8
1771225200,161.7,163.4,161.5,162.7
1771227000,162.7,162.8,159.5,160.3
1771228800,160.3,161,159.8,160.1
1771230600,160.1,160.4,159.8,160
1771232400,160,160.5,159.7,160.5
1771234200,160.4,161.5,160.3,161.4
1771236000,161.4,161.5,160.9,161.2
1771237800,161.2,161.5,160.8,161.4
1771239600,161.4,161.6,160.6,160.7
1771241400,160.7,160.9,159.4,159.4
1771243200,159.4,159.5,158.2,159.4
1771245000,159.3,159.3,158.3,158.9
1771246800,158.9,159.5,158.9,159.3
1771248600,159.2,159.8,159,159.6
1771250400,159.7,160.4,159.2,160.1
1771252200,160.2,161.4,160.2,160.9
1771254000,161.3,161.3,161.3,161.3
1771309800,160.5,160.5,160.5,160.5
1771311600,160.5,161.8,160.2,161.1
1771313400,161.1,161.2,159.4,160.5
1771315200,160.5,161.3,160.2,160.6
1771317000,160.5,160.7,159.4,160.4
1771318800,160.3,160.9,160.1,160.2
1771320600,160.2,160.4,159.9,160
1771322400,160,160.3,159.8,160.1
1771324200,160.1,160.5,159.8,160.1
1771326000,160.1,161.1,160,160.7
1771327800,160.6,161.5,160.6,160.9
1771329600,161,161.7,160.9,161.1
1771331400,161.1,161.6,160.9,161.1
1771333200,161.2,161.6,160.5,161.4
1771335000,161.4,162.4,160.8,162.3
1771336800,162.3,162.5,160.1,160.2
1771338600,160.1,160.7,159.1,159.5
1771340400,159.7,159.7,159.3,159.3
1771396200,160,160,160,160
1771398000,160,161.5,159.6,160.4
1771399800,160.4,162,160.3,161.9
1771401600,161.9,164.1,161.8,163.2
1771403400,163.2,163.5,162.7,163.3
1771405200,163.3,163.5,162.6,162.9
1771407000,163,163.3,162.9,163
1771408800,162.9,163.8,162.7,163.7
1771410600,163.6,164.4,163.5,164.1
1771412400,164.1,164.3,163.4,163.9
1771414200,163.8,164.5,163.7,164.4
1771416000,164.4,164.5,163.1,163.4
1771417800,163.4,163.5,159,161.3
1771419600,161.3,161.8,160.2,160.7
1771421400,160.6,161.3,160.3,160.9
1771423200,161,161.8,160.5,161.4
1771425000,161.3,161.5,160.6,161.1
1771426800,161.1,161.1,161.1,161.1
1771482600,161.9,161.9,161.9,161.9
1771484400,161.9,162.2,157.2,158.3
1771486200,158.4,158.7,157.8,157.8
1771488000,157.8,158.3,155.8,156.6
1771489800,156.6,157,156,156.8
1771491600,156.8,156.8,155.9,156
1771493400,156.1,156.3,155.2,155.7
1771495200,155.8,156.1,155.6,155.9
1771497000,156,156.5,155.9,156
1771498800,156.1,156.4,155.6,156.2
1771500600,156.2,156.3,154.9,155.3
1771502400,155.2,156.1,155.2,155.8
1771504200,155.9,156.2,155.5,155.8
1771506000,155.8,156.4,155.7,155.8
1771507800,155.9,156,155.4,155.6
1771509600,155.7,155.9,154.9,155
1771511400,155,155.3,154.1,154.8
1771513200,155.2,155.2,155.2,155.2
1771569000,155.5,155.5,155.5,155.5
1771570800,155.4,156.2,154.2,155.5
1771572600,155.5,156,154.4,155.1
1771574400,155.1,155.9,154,155.7
1771576200,155.7,155.9,155.3,155.4
1771578000,155.4,156.1,155,155.4
1771579800,155.4,156.5,155.4,155.5
1771581600,155.5,156.7,155.4,156.4
1771583400,156.4,156.5,155.5,155.7
1771585200,155.6,155.7,154.5,154.6
1771587000,154.5,155.2,153.8,154.8
1771588800,154.7,155.1,154.2,154.8
1771590600,154.8,155.7,154.7,155.2
1771592400,155.1,156.2,154.9,156.1
1771594200,156,156.1,155.3,155.6
1771596000,155.6,156.8,155.5,156.4
1771597800,156.5,157.4,156.3,157.4
1771599600,157.7,157.7,157.7,157.7
1771828200,159.9,159.9,159.9,159.9
1771830000,159.8,160.6,157.8,158.1
1771831800,158.1,159.2,157.9,159.2
1771833600,159.2,160.2,159.2,159.7
1771835400,159.7,160.5,159.6,160.4
1771837200,160.4,160.8,159.7,160.6
1771839000,160.6,160.8,160.1,160.2
1771840800,160.2,160.4,159.5,159.7
1771842600,159.8,160.1,159.6,160
1771844400,160,160.4,159.7,160
1771846200,160,160.2,159.4,159.6
1771848000,159.5,159.9,159.3,159.6
1771849800,159.5,159.9,158.9,159.2
1771851600,159.3,159.3,158.7,159.2
1771853400,159.2,160.5,159.1,160.2
1771855200,160.3,160.4,159.2,159.5
1771857000,159.4,159.7,158.6,158.8
1771858800,158.8,158.8,158.4,158.4
1771914600,158.6,158.6,158.6,158.6
1771916400,158.5,159.2,157.4,158.8
1771918200,158.9,159.1,158.3,158.6
1771920000,158.6,158.7,157.2,158.4
1771921800,158.4,160.8,158.2,160.4
1771923600,160.5,161.2,160.2,160.5
1771925400,160.6,161,160.4,160.8
1771927200,160.8,161.4,160.3,161.1
1771929000,161,161.3,160.8,161.1
1771930800,161,161.6,160.4,160.6
1771932600,160.6,160.6,159.8,160
1771934400,160.1,160.6,159.7,160.4
1771936200,160.3,160.7,160,160.2
1771938000,160.1,160.7,159.8,160.2
1771939800,160.2,160.5,159.9,160.2
1771941600,160.3,160.9,160.2,160.3
1771943400,160.4,160.6,159.1,159.5
1771945200,159.5,159.5,159.5,159.5
1772001000,160.1,160.1,160.1,160.1
1772002800,160.1,161.5,159.2,160
1772004600,160.1,160.2,159.3,159.3
1772006400,159.3,159.8,158.6,158.8
1772008200,158.7,160.4,158.5,160.2
1772010000,160.2,161.2,159.9,160.7
1772011800,160.7,161.2,160.6,161
1772013600,160.9,161.1,160.2,160.5
1772015400,160.4,160.7,160.1,160.2
1772017200,160.2,160.4,159.6,160
1772019000,160,160.2,159.1,159.3
1772020800,159.2,159.2,157.8,158.1
1772022600,158.1,158.9,158.1,158.6
1772024400,158.5,159.8,158.5,159.7
1772026200,159.6,160.4,159.3,160
1772028000,160.1,161,159.9,160.8
1772029800,160.8,161.2,160.3,160.6
1772031600,160.2,160.2,160.2,160.2
1772087400,160.5,160.5,160.5,160.5
1772089200,160.5,160.9,159.2,159.4
1772091000,159.4,159.9,159,159.3
1772092800,159.3,160.1,158.8,159.9
1772094600,159.9,160.4,159.7,159.7
1772096400,159.8,161,159.4,160.9
1772098200,160.8,160.9,160.3,160.5
1772100000,160.5,161.8,160.1,161.6
1772101800,161.6,163.5,161.5,163.5
1772103600,163.5,164.5,162.5,163
1772105400,163.1,163.6,162.9,163
1772107200,163,163.5,163,163.3
1772109000,163.3,163.5,162.6,162.8
1772110800,162.7,163.3,162.7,163.2
1772112600,163.2,164.3,163.1,163.9
1772114400,163.9,164.3,163.7,163.9
1772116200,163.9,164.4,163.4,163.7
1772118000,163.9,163.9,163.9,163.9
1772173800,164.5,164.5,164.5,164.5
1772175600,164.6,164.7,162.2,162.4
1772177400,162.4,162.6,161.9,162.3
1772179200,162.3,164.5,162.2,164.4
1772181000,164.4,164.5,163.6,163.9
1772182800,164,164.2,163.4,164.1
1772184600,164.1,164.3,163.6,163.9
1772186400,163.9,164.3,163.6,164
1772188200,164.1,164.2,163.5,163.8
1772190000,163.8,163.9,162,162.4
1772191800,162.3,162.7,160.3,160.9
1772193600,161,161.1,159.3,159.9
1772195400,159.9,160.1,159.1,159.2
1772197200,159.3,159.9,158.6,158.8
1772199000,158.7,159.5,157.9,159.3
1772200800,159.2,160.9,159.2,160.4
1772202600,160.4,160.9,160,160.2
1772204400,160.1,160.2,160.1,160.1
1772433000,152,152,152,152
1772434800,152,154.6,150.1,151.5
1772436600,151.6,151.9,148.9,149
1772438400,149.1,150.3,148.6,150.1
1772440200,150,150.6,149.8,150.3
1772442000,150.3,151.4,150.1,150.5
1772443800,150.5,151.7,150.3,151.5
1772445600,151.5,151.8,150.6,150.9
1772447400,150.8,151.9,150.8,151.4
1772449200,151.5,152.1,150.3,150.5
1772451000,150.5,150.6,149.5,149.9
1772452800,149.9,150,148.9,149.5
1772454600,149.4,150.1,149.2,149.8
1772456400,149.7,150.6,149.6,150.1
1772458200,150.1,150.1,148.7,148.9
1772460000,148.9,149,146.2,146.9
1772461800,146.9,147.9,146.3,147
1772463600,146.3,146.3,146.3,146.3
1772519400,145.8,145.8,145.8,145.8
1772521200,145.7,148.2,144.7,144.9
1772523000,144.8,145.3,144,144.5
1772524800,144.6,145.6,144.4,145.2
1772526600,145.1,145.2,144.2,144.5
1772528400,144.6,144.9,144,144.1
1772530200,144,144,142.1,142.4
1772532000,142.3,142.4,141.4,141.7
1772533800,141.7,142,141,141.2
1772535600,141.2,141.7,140.6,141.4
1772537400,141.4,141.4,140.7,141.4
1772539200,141.4,141.8,140.8,141.3
1772541000,141.3,141.6,140.8,141.3
1772542800,141.2,141.6,141,141.2
1772544600,141.2,141.4,140.6,140.8
1772546400,140.7,140.9,138.6,138.6
1772548200,138,138.9,136.5,137.8
1772550000,137.8,137.8,137.6,137.6
1772605800,138,138,138,138
1772607600,137.9,138.5,136.6,137.9
1772609400,138,139.1,137.9,138.8
1772611200,138.7,140.1,137.2,137.3
1772613000,137.2,138.2,136.7,136.9
1772614800,136.9,138.2,136.3,138
1772616600,138,138.5,137,137.8
1772618400,137.8,139.9,137.7,138.9
1772620200,138.9,140.6,138.7,140.2
1772622000,140.3,140.5,137.6,137.6
1772623800,137.6,138.7,137.2,138
1772625600,137.9,139.2,137.9,139.1
1772627400,139.1,139.2,138.2,139
1772629200,139,140.3,138.8,139.3
1772631000,139.3,139.4,137.7,138
1772632800,138,138.6,137.3,138.4
1772634600,138.4,139.6,138.2,138.6
1772636400,138.6,138.6,138.6,138.6
1772692200,140.3,140.3,140.3,140.3
1772694000,140.2,143,140,142
1772695800,142,142.4,141,141.1
1772697600,141,141.4,140.7,140.9
1772699400,140.9,141.1,140,140.7
1772701200,140.7,141.6,140.6,141.2
1772703000,141.2,141.3,140.7,141
1772704800,141,141.8,140.8,141.4
1772706600,141.4,141.5,140.7,141
1772708400,141.1,141.4,141,141.3
1772710200,141.3,141.3,140.7,140.9
1772712000,140.9,141.1,140.5,141
1772713800,141,141,140.6,141
1772715600,141,141.1,140.4,140.5
1772717400,140.5,140.9,140.2,140.8
1772719200,140.8,140.8,139.7,140.1
1772721000,140.1,140.5,139.9,140.2
1772722800,140.3,140.3,140.2,140.2
1772778600,138.8,138.8,138.8,138.8
1772780400,138.8,140.7,138.5,140.1
1772782200,140.1,140.6,139,139.2
1772784000,139.2,139.2,137.9,138.3
1772785800,138.3,138.7,137.8,138
1772787600,138,138.1,137.3,137.6
1772789400,137.5,137.9,137.2,137.5
1772791200,137.5,137.6,137.1,137.4
1772793000,137.5,137.5,136.8,137
1772794800,137,137.2,136,136.4
1772796600,136.4,136.4,135.2,135.5
1772798400,135.6,135.8,135.2,135.6
1772800200,135.6,136.3,135.3,136.1
1772802000,136,136.3,135.5,135.8
1772803800,135.8,136,134.4,134.5
1772805600,134.4,135,133.9,134.2
1772807400,134.2,135.3,134.1,135.3
1772809200,135.5,135.5,135.5,135.5
1773037800,131.5,131.5,131.5,131.5
1773039600,131.5,132.8,129.5,130.5
1773041400,130.4,131,130.1,130.5
1773043200,130.6,130.8,129.5,129.7
1773045000,129.6,131,129.6,129.8
1773046800,129.9,131.8,129.6,131.7
1773048600,131.7,132.6,131.3,131.8
1773050400,131.8,132.5,131.3,131.7
1773052200,131.6,131.9,131.3,131.5
1773054000,131.5,133,131.5,132.7
1773055800,132.7,133,132.3,132.6
1773057600,132.7,134.1,132.3,133.7
1773059400,133.8,136.1,133.5,135.5
1773061200,135.6,135.7,133.3,134.5
1773063000,134.4,134.9,133.4,133.6
1773064800,133.5,133.7,132.1,133.4
1773066600,133.3,135.7,133.2,135.7
1773068400,135.9,135.9,135.9,135.9
1773124200,142.1,142.1,142.1,142.1
1773126000,142.1,142.5,139.6,139.8
1773127800,139.8,140,138.9,139.9
1773129600,140,140.3,138.9,139.7
1773131400,139.7,140,139.3,139.3
1773133200,139.4,140.1,139.4,140.1
1773135000,140.1,141.3,139.9,140.8
1773136800,140.7,140.7,140,140
1773138600,140,140.5,140,140.3
1773140400,140.3,141.5,140.3,141.4
1773142200,141.5,141.9,140.9,141.5
1773144000,141.4,141.5,139.2,139.4
1773145800,139.4,140.5,139.3,140
1773147600,140,140.3,139.4,140
1773149400,140,140.3,139.4,139.5
1773151200,139.5,140.1,139.4,140.1
1773153000,140,141.3,139.9,141.1
1773154800,141.1,141.1,141.1,141.1
1773210600,140.4,140.4,140.4,140.4
1773212400,140.4,141.2,139.8,140.3
1773214200,140.4,140.5,139.4,139.8
1773216000,139.9,140.4,139.5,139.8
1773217800,139.8,140.1,139,139.4
1773219600,139.4,140,139.2,139.3
1773221400,139.2,139.5,139,139.2
1773223200,139.3,139.4,139.1,139.4
1773225000,139.4,139.7,139.1,139.6
1773226800,139.6,140.1,139.5,139.8
1773228600,139.8,140,139,139.1
1773230400,139,139.2,138.8,139.1
1773232200,139.1,139.2,138.1,138.8
1773234000,138.6,138.7,137.6,138.1
1773235800,138.1,138.4,136.7,137.4
1773237600,137.4,139.5,137.3,138.9
1773239400,138.8,139.8,138.4,139.6
1773241200,139.3,139.3,139.3,139.3
1773297000,137.9,137.9,137.9,137.9
1773298800,138,139.7,137.5,139.7
1773300600,139.6,139.7,138.5,139.1
1773302400,139.1,139.3,138.7,138.7
1773304200,138.7,139.6,138.2,139.2
1773306000,139.2,140,139,139.1
1773307800,139,139.3,138.8,139.1
1773309600,139.1,139.3,138.5,138.7
1773311400,138.7,139.1,138.4,138.6
1773313200,138.6,139.9,137.9,139
1773315000,139,140.7,138.9,140.1
1773316800,140.1,140.3,139.2,139.3
1773318600,139.4,139.8,139,139
1773320400,139.1,139.2,138,138
1773322200,138,138.1,137.5,137.5
1773324000,137.5,137.6,136,136
1773325800,136,137.2,135.8,137
1773327600,137.9,137.9,137.9,137.9
1773383400,136,136,136,136
1773385200,136,136.9,134.3,134.3
1773387000,134.4,134.7,133,133.3
1773388800,133.3,133.3,132.5,132.5
1773390600,132.4,133.3,132.1,133.2
1773392400,133.1,133.3,132.8,133
1773394200,133,133,132.2,132.8
1773396000,132.6,133.3,132.6,133.1
1773397800,133,133.2,132.7,133
1773399600,133,133.6,132.8,133.4
1773401400,133.4,133.8,133.1,133.3
1773403200,133.4,133.5,132.8,132.9
1773405000,132.8,133.5,132.8,133.2
1773406800,133.2,133.3,132.3,133
1773408600,132.9,134.1,132.9,133.5
1773410400,133.5,133.7,133.2,133.3
1773412200,133.2,133.9,132.6,133
1773414000,132.8,132.8,132.8,132.8
1773642600,133.7,133.7,133.7,133.7
1773644400,133.7,134.4,132.9,133
1773646200,133.1,133.3,132.3,133.2
1773648000,133.3,133.8,132.9,133.4
1773649800,133.4,133.7,133.1,133.4
1773651600,133.5,133.7,132.6,132.7
1773653400,132.7,133.1,131.9,132
1773655200,132,132.6,131.9,132.4
1773657000,132.3,132.6,131.9,132.5
1773658800,132.6,133.9,132.6,133.4
1773660600,133.4,133.6,132.9,133.1
1773662400,133.1,134.3,133,133.9
1773664200,133.9,134.7,133.6,134.5
1773666000,134.5,134.6,133.7,134
1773667800,134,135.6,133.8,135.3
1773669600,135.2,135.3,134.2,134.4
1773671400,134.4,135,134,134.3
1773673200,134.1,134.1,134.1,134.1
1773729000,134.3,134.3,134.3,134.3
1773730800,134.4,136.8,134.4,136.5
1773732600,136.5,137.9,136.4,137.6
1773734400,137.5,137.8,136.6,136.8
1773736200,136.8,137.9,136.7,137.3
1773738000,137.3,137.3,136.4,136.9
1773739800,136.9,137.7,136.7,137.6
1773741600,137.5,137.9,137.1,137.8
1773743400,137.7,138.2,137.6,137.9
1773745200,137.8,138.1,137.6,137.9
1773747000,137.9,138.1,137.6,138
1773748800,138,138.9,137.8,138.9
1773750600,138.9,140,138.8,139.6
1773752400,139.6,139.9,139.4,139.8
1773754200,139.8,140.3,139.6,140
1773756000,140,140,138.6,139
1773757800,139,139,138,138.7
1773759600,138.5,138.5,138.5,138.5
1773815400,139.6,139.6,139.6,139.6
1773817200,139.7,140.8,139.2,139.8
1773819000,139.8,140.2,139.3,139.4
1773820800,139.4,140.3,139,139.7
1773822600,139.7,139.9,139.2,139.4
1773824400,139.4,139.9,139.3,139.6
1773826200,139.7,140.5,139.2,139.7
1773828000,139.7,139.9,139.3,139.6
1773829800,139.5,139.6,138.7,139
1773831600,139.1,139.2,137.9,138.1
1773833400,138.1,138.6,138,138.4
1773835200,138.3,138.4,137.5,137.8
1773837000,137.8,138,136.5,136.5
1773838800,136.5,136.9,136,136.4
1773840600,136.4,137.1,136,137.1
1773842400,137,137.5,136.6,136.8
1773844200,136.8,137.2,135.8,136
1773846000,136,136,135.8,135.8
1773901800,134.5,134.5,134.5,134.5
1773903600,134.5,136.3,134.1,135.3
1773905400,135.3,136,135.2,135.2
1773907200,135.2,136,135,135.9
1773909000,135.9,136.2,135,135.5
1773910800,135.6,135.8,134.2,134.3
1773912600,135.1,135.1,135.1,135.1
1774247400,130,130,130,130
1774249200,130,130.7,127.4,127.6
1774251000,127.6,128.7,127.5,128.2
1774252800,128.1,128.8,127.9,128.3
1774254600,128.4,128.8,127.6,127.9
1774256400,127.8,128.7,127.6,128.5
1774258200,128.4,128.7,127.5,127.6
1774260000,127.6,127.8,127.1,127.1
1774261800,127.2,127.3,126.2,126.7
1774263600,126.7,133.9,126.6,133.9
1774265400,133.8,134.9,129.5,129.7
1774267200,129.7,131.4,129.3,131.2
1774269000,131.2,132.9,130.4,132.9
1774270800,132.8,132.9,131.8,132.1
1774272600,132.1,134.1,131.6,133.7
1774274400,133.7,134.7,133.5,134.5
1774276200,134.4,134.5,133.8,134
1774278000,134.3,134.3,134.3,134.3
1774333800,132.3,132.3,132.3,132.3
1774335600,132.3,132.8,131.6,132.8
1774337400,132.8,133.8,132.1,133.2
1774339200,133.2,133.5,132.4,132.7
1774341000,132.6,132.9,132.3,132.3
1774342800,132.4,132.5,131.5,132
1774344600,131.9,132.5,131.8,132.4
1774346400,132.4,132.5,131.6,131.7
1774348200,131.7,131.9,131.3,131.5
1774350000,131.5,132,131.4,131.7
1774351800,131.7,132,131.5,131.7
1774353600,131.6,131.7,130,130.4
1774355400,130.4,130.7,129.7,130.3
1774357200,130.3,130.5,129.8,130.2
1774359000,130.2,130.7,130.2,130.5
1774360800,130.5,130.7,129.8,130
1774362600,130,130.4,129.8,130
1774364400,130.1,130.1,130,130
1774420200,132,132,132,132
1774422000,132.1,132.8,131.5,131.6
1774423800,131.6,132.2,131.3,131.5
1774425600,131.5,132.4,131.2,132.2
1774427400,132.2,132.6,131.9,132.2
1774429200,132.1,132.3,131.6,131.7
1774431000,131.6,132,131.2,131.6
1774432800,131.5,131.8,131.2,131.5
1774434600,131.4,131.8,131.3,131.6
1774436400,131.7,132.3,131.5,132
1774438200,131.9,132.2,131.5,131.9
1774440000,131.9,132.5,131,131.1
1774441800,131.1,131.1,130,131
1774443600,131,131.9,130.8,131.6
1774445400,131.7,131.9,130.9,130.9
1774447200,130.9,131.2,130.2,131.1
1774449000,131,131.1,130.2,130.4
1774450800,130.4,130.4,130.4,130.4
1774506600,129.8,129.8,129.8,129.8
1774508400,129.8,131.4,129.8,130.3
1774510200,130.3,130.5,129.8,130.2
1774512000,130.2,130.4,129.2,129.4
1774513800,129.5,129.5,128.6,129
1774515600,129,129,127.9,128.1
1774517400,128.1,128.6,128,128.5
1774519200,128.5,128.9,128.3,128.6
1774521000,128.7,128.9,128.1,128.3
1774522800,128.3,129,127.8,128
1774524600,128.1,128.4,127.9,128.1
1774526400,128.1,128.2,127.6,128
1774528200,127.9,128,127.3,127.4
1774530000,127.3,127.4,126.8,127.3
1774531800,127.3,128.2,127.1,128
1774533600,127.9,128.4,127.7,127.9
1774535400,127.8,128,126.7,127.1
1774537200,126.7,126.7,126.7,126.7
1774593000,127.3,127.3,127.3,127.3
1774594800,127.4,128.2,127.4,127.6
1774596600,127.6,127.6,127,127.4
1774598400,127.3,128.1,127.1,128
1774600200,128,128.2,127.1,127.1
1774602000,127.2,127.4,126.8,127.1
1774603800,127.1,127.1,125.9,126.5
1774605600,126.5,127.5,126.4,127.2
1774607400,127.2,127.3,126.7,126.7
1774609200,126.7,126.9,126.3,126.7
1774611000,126.7,126.9,126.4,126.5
1774612800,126.5,126.7,126.4,126.6
1774614600,126.5,126.8,126,126.2
1774616400,126.3,126.4,125.9,126.3
1774618200,126.2,126.3,125.6,125.9
1774620000,125.8,126.9,125.8,126.6
1774621800,126.7,127.1,126.2,126.6
1774623600,126.5,126.5,126.5,126.5
1774852200,126.3,126.3,126.3,126.3
1774854000,126.3,126.7,125.2,126.2
1774855800,126.2,126.3,125.2,125.8
1774857600,125.8,126.5,125.6,126.5
1774859400,126.5,126.9,126.1,126.3
1774861200,126.4,126.4,125.9,126.1
1774863000,126.1,126.5,125.9,126.4
1774864800,126.4,126.6,126.2,126.4
1774866600,126.4,126.8,126.2,126.6
1774868400,126.6,126.9,126.2,126.8
1774870200,126.8,127.3,126.6,126.9
1774872000,126.9,127,126.2,126.4
1774873800,126.3,126.5,126,126
1774875600,126.1,126.3,125.6,126.2
1774877400,126.2,126.2,125.3,125.3
1774879200,125.3,125.7,124.7,125.5
1774881000,125.4,125.9,125.2,125.5
1774882800,125.5,125.5,125.5,125.5
1774938600,126,126,126,126
1774940400,126,127.5,125.8,126.9
1774942200,126.8,128.3,126.8,128
1774944000,128,128.1,127.4,127.4
1774945800,127.4,127.6,126.6,126.8
1774947600,126.9,127.4,126.8,127.3
1774949400,127.3,127.4,127.1,127.2
1774951200,127.3,127.3,126.4,126.4
1774953000,126.4,126.6,125.8,126.3
1774954800,126.3,126.8,126,126.6
1774956600,126.6,127.2,126.4,126.9
1774958400,126.8,127.2,126.4,126.5
1774960200,126.5,126.6,126.2,126.4
1774962000,126.4,127,126.1,126.8
1774963800,126.8,127.2,126.5,127.1
1774965600,127.1,127.4,126.2,126.8
1774967400,126.9,126.9,126.1,126.3
1774969200,126.5,126.5,126.5,126.5
1775025000,131.5,131.5,131.5,131.5
1775026800,131.5,132.4,130,130.1
1775028600,130,130.3,129.5,129.6
1775030400,129.6,129.7,128.8,129
1775032200,129,129.3,128.6,129.2
1775034000,129.2,129.3,128.5,128.9
1775035800,128.9,129.1,128.7,128.9
1775037600,128.8,129.2,128.7,128.9
1775039400,128.8,129.3,128.7,129
1775041200,129.1,129.3,128.9,128.9
1775043000,129,129.4,128.9,129.2
1775044800,129.2,129.2,128.6,128.7
1775046600,128.8,129.3,128.3,128.9
1775048400,128.9,128.9,128.4,128.6
1775050200,128.7,129,128.4,128.9
1775052000,128.9,129.6,128.7,129.1
1775053800,129,129.7,129,129.2
1775055600,129.2,129.2,128.8,128.8
1775111400,125.8,125.8,125.8,125.8
1775113200,125.9,127.2,125.8,127.1
1775115000,127.2,128.6,126.9,128
1775116800,128,128.2,127.4,127.7
1775118600,127.6,127.9,127.5,127.7
1775120400,127.6,128.2,127.5,128.1
1775122200,128,128.2,127.6,127.7
1775124000,127.7,127.8,127.3,127.6
1775125800,127.7,128.3,127.5,128.1
1775127600,128.2,128.9,128.1,128.7
1775129400,128.7,129.7,128.5,129.4
1775131200,129.4,129.8,128.9,129.1
1775133000,129.1,129.3,128.8,129.1
1775134800,129,129.5,128.6,128.7
1775136600,128.8,130,128.7,129.9
1775138400,129.9,130,129.5,129.7
1775140200,129.8,131.3,129.6,131
1775142000,131.3,131.3,131.3,131.3
1775197800,131.2,131.2,131.2,131.2
1775199600,131.1,133.1,130.3,131.4
1775201400,131.3,131.7,131,131.4
1775203200,131.3,131.7,130.9,131.5
1775205000,131.5,131.5,131.2,131.5
1775206800,131.5,131.5,130.9,131
1775208600,131,131.2,130.7,131.1
1775210400,131.1,131.1,130.9,131
1775212200,131,131.5,130.8,131.2
1775214000,131.1,131.5,131,131.4
1775215800,131.4,131.5,131.2,131.3
1775217600,131.3,131.4,130.8,131
1775219400,130.9,131.1,129.8,130.1
1775221200,130,130.4,129.8,130.4
1775223000,130.3,131.2,130.1,131.1
1775224800,131.2,131.4,130.1,130.3
1775226600,130.2,132.9,130.1,132.9
1775228400,132.2,132.2,132.2,132.2
1775457000,132.8,132.8,132.8,132.8
1775458800,132.8,133.2,132.2,132.4
1775460600,132.4,135.1,132.3,135
1775462400,135,136.1,134.5,136
1775464200,136.1,136.1,135.3,135.5
1775466000,135.5,136.3,135.4,135.9
1775467800,135.9,136.2,134.9,135
1775469600,135,135.5,134.8,135.4
1775471400,135.3,135.9,135.2,135.2
1775473200,135.3,135.3,134.9,135.2
1775475000,135.1,135.9,135.1,135.6
1775476800,135.7,135.8,135,135
1775478600,135.1,135.6,135,135.2
1775480400,135.2,135.5,134.9,135
1775482200,135,135.6,135,135.1
1775484000,135.2,135.9,135,135.6
1775485800,135.5,136.2,135.3,136.1
1775487600,135.6,135.6,135.6,135.6
1775543400,130.4,130.4,130.4,130.4
1775545200,130.4,130.8,129,129.7
1775547000,129.7,129.9,129.3,129.4
1775548800,129.4,130.5,129.2,130.1
1775550600,130.1,131,130,130.6
1775552400,130.6,131,130.4,130.9
1775554200,130.8,130.9,130.2,130.3
1775556000,130.4,130.5,129.8,130.1
1775557800,130.1,130.2,129.1,129.2
1775559600,129.2,129.6,128.6,129
1775561400,128.9,129.5,128.9,129.4
1775563200,129.4,129.4,128.2,129
1775565000,128.9,129,128.3,128.6
1775566800,128.5,128.7,128,128.3
1775568600,128.2,128.4,127.2,127.2
1775570400,127.2,127.9,126.8,127.7
1775572200,127.7,128.1,127.2,127.2
1775574000,127.3,127.3,127.1,127.1
1775629800,135.3,135.3,135.3,135.3
1775631600,135.3,137.6,134.3,137.3
1775633400,137.3,138.5,136.8,137.5
1775635200,137.4,138.2,137.1,137.8
1775637000,137.9,139.1,137.8,139.1
1775638800,139.1,139.2,138.4,138.8
1775640600,139,139.1,137.6,138.3
1775642400,138.2,138.3,138,138.1
1775644200,138.1,138.6,138,138.4
1775646000,138.4,138.6,138.2,138.5
1775647800,138.5,138.5,137.8,138.4
1775649600,138.3,138.6,138,138.4
1775651400,138.3,139.3,138.3,139.3
1775653200,139.3,139.7,139.2,139.4
1775655000,139.4,139.8,139.2,139.2
1775656800,139.2,139.5,138.2,138.6
1775658600,138.7,138.8,137.1,137.5
1775660400,137.5,137.5,137.5,137.5
1775716200,136.6,136.6,136.6,136.6
1775718000,136.6,137.4,136.2,136.2
1775719800,136.3,136.7,135.7,135.7
1775721600,135.7,136.5,135.5,135.8
1775723400,135.9,136.6,135.8,136
1775725200,136,136.5,135.7,136.1
1775727000,136,136.2,135.9,136.1
1775728800,136.1,136.1,135.6,135.8
1775730600,135.8,135.8,135.2,135.4
1775732400,135.3,135.7,135.3,135.6
1775734200,135.5,137.7,135.4,136.7
1775736000,136.8,136.9,136.1,136.5
1775737800,136.5,137.4,136.4,137.2
1775739600,137.2,137.3,136.5,136.8
1775741400,136.9,136.9,136.2,136.5
1775743200,136.5,136.8,136.1,136.3
1775745000,136.2,136.7,135.9,136.7
1775746800,136.7,136.7,136.7,136.7
1775802600,137.7,137.7,137.7,137.7
1775804400,137.6,139,137.3,138.8
1775806200,138.8,138.9,138.1,138.4
1775808000,138.4,138.4,137.7,137.8
1775809800,137.9,138.1,137.6,137.8
1775811600,137.8,138.5,137.7,138.3
1775813400,138.3,138.7,138.2,138.6
1775815200,138.5,138.7,138.2,138.5
1775817000,138.5,138.6,138.3,138.4
1775818800,138.4,138.8,138.3,138.4
1775820600,138.4,139.1,138.3,138.6
1775822400,138.6,139.3,138.6,139
1775824200,139.1,139.3,138.9,138.9
1775826000,138.9,140.1,138.8,140
1775827800,140.1,140.1,139.2,139.7
1775829600,139.6,140.7,139.5,140.5
1775831400,140.5,140.7,139.8,140.2
1775833200,140.2,140.4,140.2,140.4
1776061800,136.7,136.7,136.7,136.7
1776063600,136.7,137.2,136.2,136.9
1776065400,136.9,136.9,136.2,136.2
1776067200,136.2,136.6,135.9,136.4
1776069000,136.3,136.6,136.2,136.4
1776070800,136.4,137,136.2,136.5
1776072600,136.5,136.5,136,136.3
1776074400,136.3,136.6,136.2,136.6
1776076200,136.6,136.7,136.3,136.6
1776078000,136.7,137.5,136.7,137.1
1776079800,137.2,137.6,136.9,137.2
1776081600,137.2,137.2,136.8,137.1
1776083400,137.1,137.8,137,137.2
1776085200,137.1,137.5,136.9,137.1
1776087000,137.1,138.7,136.7,138.5
1776088800,138.5,138.7,138.1,138.3
1776090600,138.3,139.1,138.2,138.8
1776092400,138.7,138.7,138.7,138.7
1776148200,140.8,140.8,140.8,140.8
1776150000,140.8,142,140.6,141.2
1776151800,141.1,141.7,141,141.5
1776153600,141.6,144.2,141.5,144
1776155400,144,144,142.3,142.3
1776157200,142.4,142.7,141.6,141.7
1776159000,141.7,141.9,141.4,141.6
1776160800,141.6,142.1,141,141.9
1776162600,141.8,141.9,141.3,141.4
1776164400,141.4,141.7,139.9,140.3
1776166200,140.3,141.2,140.2,141.1
1776168000,141,141.1,139.6,139.7
1776169800,139.8,140.1,138,139
1776171600,139.1,139.3,138.5,138.5
1776173400,138.5,139.7,138.4,139.4
1776175200,139.4,141.8,139.3,140
1776177000,140,140.4,139.5,139.7
1776178800,140,140,140,140
1776234600,140.7,140.7,140.7,140.7
1776236400,140.7,140.7,139.5,140.3
1776238200,140.3,140.6,139.2,139.3
1776240000,139.2,140.3,139.2,140.3
1776241800,140.3,140.3,139.6,139.8
1776243600,139.8,139.9,139.3,139.4
1776245400,139.4,139.7,139.4,139.6
1776247200,139.6,140,139.3,139.3
1776249000,139.3,140.3,139.3,139.9
1776250800,140,140.1,139.7,139.9
1776252600,139.9,140.4,139.8,140.3
1776254400,140.2,140.2,139.8,139.9
1776256200,139.9,140.2,139.5,139.6
1776258000,139.6,140.2,139.6,139.6
1776259800,139.7,139.8,139.2,139.4
1776261600,139.3,139.6,139.2,139.3
1776263400,139.4,139.4,138.7,138.8
1776265200,138.8,138.8,138.8,138.8
1776321000,139.8,139.8,139.8,139.8
1776322800,139.8,140.5,139.6,139.7
1776324600,139.7,139.8,139,139.3
1776326400,139.3,139.4,138.1,138.4
1776328200,138.4,138.5,137.5,137.9
1776330000,137.8,138.2,137.8,138
1776331800,138,138.2,137.7,138
1776333600,138,138.2,137.9,137.9
1776335400,138,138.1,137.5,138
1776337200,138,138.5,138,138.3
1776339000,138.3,138.7,137.9,138.3
1776340800,138.3,138.5,138.1,138.3
1776342600,138.4,138.4,137.1,137.4
1776344400,137.4,138.4,137.2,138.1
1776346200,138.1,138.3,136.6,137
1776348000,137,137.4,136.8,137.1
1776349800,137,137.5,136.7,137.2
1776351600,137,137,137,137
1776407400,137.1,137.1,137.1,137.1
1776409200,137.1,137.6,136.5,136.8
1776411000,136.8,137.9,136.8,137.5
1776412800,137.5,137.8,136.9,136.9
1776414600,136.9,137.6,136.9,137.3
1776416400,137.4,137.5,137.1,137.3
1776418200,137.3,137.5,137.1,137.3
1776420000,137.3,137.4,136.9,136.9
1776421800,136.9,137.1,136.6,136.8
1776423600,136.9,137.1,136.6,136.7
1776425400,136.7,136.9,136.4,136.9
1776427200,136.9,137.4,136.7,137.3
1776429000,137.2,141.7,137.2,140.3
1776430800,140.3,143.4,140.2,142.1
1776432600,142,143.8,141.8,143.6
1776434400,143.6,145.5,143.5,145
1776436200,145,147.1,144.7,146.7
1776438000,146.7,146.7,146.4,146.4
1776666600,144,144,144,144
1776668400,143.9,146.5,142.8,145.8
1776670200,145.8,146.8,145.3,146.2
1776672000,146.2,147.3,145.9,146.2
1776673800,146.1,147.5,146,147.5
1776675600,147.4,147.7,146.1,146.3
1776677400,146.3,146.4,145.8,146
1776679200,146,146.9,145.9,146.5
1776681000,146.5,146.6,146.1,146.5
1776682800,146.6,146.7,145.9,146
1776684600,146,147.3,145.8,147.1
1776686400,147.2,147.3,146.1,146.8
1776688200,146.7,147,145.9,146.1
1776690000,146.1,146.4,145.4,145.8
1776691800,145.8,145.9,144.7,145
1776693600,145,146,144.9,145.2
1776695400,145.1,145.2,144.1,144.2
1776697200,144,144,144,144
1776753000,144.9,144.9,144.9,144.9
1776754800,144.9,145.8,144.5,144.6
1776756600,144.7,144.8,143.7,144.1
1776758400,144,144.3,143.7,144.2
1776760200,144.2,144.3,143.9,143.9
1776762000,143.8,144,143,143.1
1776763800,143.1,144.2,143,144.1
1776765600,144.2,144.3,143.7,143.7
1776767400,143.7,145.4,143.6,144.1
1776769200,144.1,144.3,142.7,144
1776771000,144,144.7,143.9,144.1
1776772800,144.1,144.2,143.4,143.8
1776774600,143.8,144,143.3,143.5
1776776400,143.4,143.9,143.3,143.6
1776778200,143.6,144.1,143.4,143.8
1776780000,143.8,144.1,143.3,143.3
1776781800,143.4,143.5,142.1,142.3
1776783600,142.2,142.2,141.8,141.8
1776839400,143.1,143.1,143.1,143.1
1776841200,143.2,144,142,142.4
1776843000,142.4,142.5,141.6,141.6
1776844800,141.7,142.1,141.3,141.3
1776846600,141.3,141.6,141.1,141.4
1776848400,141.4,141.6,141,141.2
1776850200,141.3,141.7,141.1,141.6
1776852000,141.5,141.9,141.3,141.8
1776853800,141.8,142.4,141.8,142.1
1776855600,142,143.4,140.5,141.4
1776857400,141.3,141.4,139.8,139.9
1776859200,139.9,140.6,139.6,140
1776861000,139.9,140.2,139.6,139.7
1776862800,139.7,140.6,139.5,140.4
1776864600,140.4,140.4,139.7,140.1
1776866400,140.1,140.5,139.3,139.5
1776868200,139.4,140.2,139.4,139.7
1776870000,139.7,139.7,139.4,139.4
1777012200,138.8,138.8,138.8,138.8
1777014000,138.9,139.2,137.8,138.1
1777015800,138.1,138.2,137.2,137.3
1777017600,137.2,137.6,137,137.2
1777019400,137.2,137.2,136.9,137.1
1777021200,137.1,137.2,136.4,136.7
1777023000,136.7,137,136.6,137
1777024800,136.9,137.7,136.9,137.5
1777026600,137.5,137.8,137.3,137.5
1777028400,137.5,139,137.4,138.8
1777030200,138.8,139.9,138.8,139.3
1777032000,139.4,139.4,138.7,138.9
1777033800,138.8,138.9,137.9,138
1777035600,138.1,139.3,138,138.1
1777037400,138.1,138.1,137.2,137.7
1777039200,137.7,138.6,137.6,138
1777041000,138,138.4,137.6,137.8
1777042800,138,138,138,138
1777271400,138.1,138.1,138.1,138.1
1777273200,138.1,138.2,136.8,137.3
1777275000,137.2,139.4,137.2,138.1
1777276800,138.1,138.7,137.7,138.1
1777278600,138.1,138.2,137.7,137.8
1777280400,137.8,138,137.5,137.7
1777282200,137.7,138.1,137.6,138
1777284000,138,138.4,137.8,138.3
1777285800,138.4,138.8,138.2,138.4
1777287600,138.3,138.6,138.1,138.2
1777289400,138.2,138.3,137.5,137.6
1777291200,137.5,137.9,137.1,137.6
1777293000,137.6,138.1,137.5,137.6
1777294800,137.6,137.9,137.3,137.8
1777296600,137.8,138,136.5,137
1777298400,137,137.1,136.2,136.3
1777300200,136.3,137,136.2,136.8
1777302000,136.9,136.9,136.7,136.7
1777357800,136.5,136.5,136.5,136.5
1777359600,136.5,137.1,135.7,135.9
1777361400,135.9,135.9,135.2,135.8
1777363200,135.8,135.9,134.9,135.3
1777365000,135.3,135.4,135.1,135.3
1777366800,135.2,135.4,135.1,135.3
1777368600,135.2,135.5,135,135.4
1777370400,135.4,135.5,135.1,135.2
1777372200,135.3,135.3,135.1,135.2
1777374000,135.2,135.3,134.3,134.5
1777375800,134.5,134.8,134.3,134.6
1777377600,134.7,135.1,134.5,134.8
1777379400,134.9,135.3,134.7,135.2
1777381200,135.2,135.6,135.1,135.3
1777383000,135.3,135.6,135,135.4
1777384800,135.3,135.9,135.1,135.6
1777386600,135.5,135.7,134.5,134.7
1777388400,134.6,134.6,134.6,134.6
1777444200,135.8,135.8,135.8,135.8
1777446000,135.8,136.4,133.6,133.8
1777447800,133.8,134,133.5,133.6
1777449600,133.5,133.6,132.3,132.9
1777451400,133.1,133.3,132.4,133.3
1777453200,133.3,134,133.2,133.9
1777455000,134,134.4,133.7,133.8
1777456800,133.7,134.2,133.7,134.1
1777458600,134.1,134.2,133.9,134
1777460400,134,134.1,133.6,133.8
1777462200,133.8,133.8,133.4,133.5
1777464000,133.5,133.8,133.1,133.3
1777465800,133.4,133.4,132.7,132.9
1777467600,133,133.3,132.9,133
1777469400,133.1,133.3,132.4,132.5
1777471200,132.6,132.9,132.3,132.7
1777473000,132.8,132.9,132.3,132.7
1777474800,132.7,132.7,132.7,132.7
1777530600,132,132,132,132
1777532400,132,133.1,131,131.2
1777534200,131.2,133.2,131.1,133
1777536000,132.9,134.8,132.8,134.3
1777537800,134.2,134.6,133.6,134.3
1777539600,134.4,134.5,133.5,133.9
1777541400,133.9,134.4,133.6,133.9
1777543200,133.9,134.3,133.6,133.7
1777545000,133.6,133.7,132.9,133.5
1777546800,133.4,133.9,133,133.6
1777548600,133.6,133.7,132.9,133.1
1777550400,133.1,133.5,132.8,133.4
1777552200,133.4,133.7,133.2,133.4
1777554000,133.3,133.9,133.1,133.2
1777555800,133.3,133.3,132.5,133
1777557600,132.9,133.2,132.6,133.1
1777559400,133.1,133.9,132.9,133.7
1777561200,133.7,133.8,133.7,133.8
1777876200,134.2,134.2,134.2,134.2
1777878000,134.2,134.9,131.6,131.6
1777879800,131.6,132.1,131.3,131.3
1777881600,131.4,131.4,130.9,131.3
1777883400,131.3,131.8,131.1,131.8
1777885200,131.7,132,131.2,131.3
1777887000,131.3,131.5,131.1,131.2
1777888800,131.2,131.3,129,129.3
1777890600,129.3,129.9,128.9,129.4
1777892400,129.4,129.5,129.1,129.2
1777894200,129.2,129.9,129,129.7
1777896000,129.7,130.4,129.5,130.3
1777897800,130.3,130.4,129.6,129.7
1777899600,129.7,130.2,129.5,130
1777901400,130,131.1,130,131
1777903200,130.9,131.1,129.9,130
1777905000,130.1,130.2,129.7,129.8
1777906800,129.6,129.6,129.6,129.6
1777962600,129.6,129.6,129.6,129.6
1777964400,129.7,130.8,129.7,130.2
1777966200,130.2,130.3,128.6,128.8
1777968000,128.8,130.6,128.8,130.5
1777969800,130.5,130.6,129.5,130
1777971600,130,130.1,129.6,129.7
1777973400,129.7,130.2,129.6,130.2
1777975200,130.2,130.4,129.7,129.8
1777977000,129.8,129.9,129.2,129.4
1777978800,129.5,129.6,128.6,128.7
1777980600,128.6,129.2,128.5,128.9
1777982400,128.9,128.9,128.4,128.5
1777984200,128.5,128.8,128.3,128.6
1777986000,128.6,129.5,128.5,129.3
1777987800,129.3,129.7,129,129.5
1777989600,129.5,130.4,129.3,129.6
1777991400,129.6,129.6,128.9,129.2
1777993200,129.2,129.4,129.2,129.4
1778049000,131.8,131.8,131.8,131.8
1778050800,131.7,132.2,130.9,132
1778052600,132,133,131.7,132.5
1778054400,132.6,132.7,131.8,132.2
1778056200,132.2,134,131.8,133.8
1778058000,133.8,135.2,133.1,135.2
1778059800,135.2,136.1,134.9,135.8
1778061600,135.9,136.1,134.6,135
1778063400,135.1,136.7,134.8,136.5
1778065200,136.5,137.5,136.3,137.3
1778067000,137.3,137.5,136.2,136.2
1778068800,136.3,136.5,135.1,135.6
1778070600,135.6,135.8,134.8,134.9
1778072400,134.9,135.6,134.6,135.5
1778074200,135.4,136.2,135.4,135.9
1778076000,135.9,136.5,135.8,136.3
1778077800,136.3,137.3,136.3,136.8
1778079600,136.6,136.6,136.6,136.6
1778135400,138,138,138,138
1778137200,138.1,138.6,136.9,137.8
1778139000,137.8,138.7,137,138.1
1778140800,138.1,138.6,137.8,138.3
1778142600,138.3,138.4,137.3,137.6
1778144400,137.6,137.7,136.6,136.9
1778146200,136.9,137.9,136.8,137.5
1778148000,137.5,137.9,137.4,137.7
1778149800,137.7,138.3,137.5,138
1778151600,138,138.3,137.9,138
1778153400,137.9,138.3,137.7,137.8
1778155200,137.8,138.3,137.6,138.2
1778157000,138.3,139,138.1,138.7
1778158800,138.7,138.7,137.8,138
1778160600,138,138.1,136.8,137.5
1778162400,137.5,137.9,137.4,137.7
1778164200,137.8,137.9,137.3,137.4
1778166000,137.4,137.6,137.4,137.6
1778221800,136.7,136.7,136.7,136.7
1778223600,136.6,136.8,134.8,135.1
1778225400,135,135.9,134.9,135.8
1778227200,135.8,136.3,135.6,136.3
1778229000,136.2,136.4,135.7,136
1778230800,135.9,137.1,135.9,136.7
1778232600,136.7,136.9,136.1,136.5
1778234400,136.5,136.7,136.3,136.6
1778236200,136.6,136.8,136.4,136.6
1778238000,136.5,137,136.2,136.6
1778239800,136.5,136.7,136.2,136.4
1778241600,136.3,136.7,136.1,136.4
1778243400,136.4,136.9,136.4,136.5
1778245200,136.5,138.1,136.5,138
1778247000,138,138.2,137.4,137.7
1778248800,137.8,137.8,136.5,136.7
1778250600,136.7,137.7,136.5,136.8
1778252400,137.3,137.3,137.3,137.3
1778481000,136.6,136.6,136.6,136.6
1778482800,136.6,137.6,136.1,136.6
1778484600,136.6,137.1,136.5,136.8
1778486400,136.8,137.4,136.6,137
1778488200,136.9,137.6,136.9,137.2
1778490000,137.1,137.5,137.1,137.1
1778491800,137.2,137.2,136.7,136.8
1778493600,136.7,137.2,136.5,136.9
1778495400,136.8,137.1,136.4,136.8
1778497200,136.8,137.2,136.5,137
1778499000,137,137.6,137,137.3
1778500800,137.3,138,137.1,138
1778502600,137.9,138.2,136.9,137.2
1778504400,137.2,138.4,137.1,138.1
1778506200,138.1,138.5,137.6,138.1
1778508000,138,138.3,137.2,137.5
1778509800,137.5,138.6,137.5,138.2
1778511600,138.2,138.2,138.2,138.2
1778567400,137.7,137.7,137.7,137.7
1778569200,137.6,138,136.5,137.1
1778571000,137.1,138.3,137,137.7
1778572800,137.7,137.7,137.1,137.1
1778574600,137.1,137.3,136.8,137
1778576400,137,137,136.1,136.1
1778578200,136.2,136.4,135.6,136.1
1778580000,136,136.2,135.6,135.6
1778581800,135.6,135.7,134.9,135.2
1778583600,135.2,135.4,134.8,135
1778585400,135.1,135.1,134.6,134.8
1778587200,134.9,135.1,134.6,134.8
1778589000,134.9,135.3,134.6,134.9
1778590800,134.9,135,134.6,134.7
1778592600,134.8,134.9,134.3,134.5
1778594400,134.6,135.1,134.5,134.6
1778596200,134.6,134.7,133.3,133.4
1778598000,133.5,133.5,133.4,133.4
1778653800,134.2,134.2,134.2,134.2
1778655600,134.2,134.6,132.8,133.6
1778657400,133.6,134.3,133.5,133.7
1778659200,133.7,134,132.8,132.9
1778661000,132.9,133.1,132.6,132.8
1778662800,132.8,132.9,132.5,132.9
1778664600,132.8,134,132.6,133.7
1778666400,133.6,133.8,133.2,133.2
1778668200,133.2,133.6,133,133
1778670000,133.1,133.2,131.9,132.1
1778671800,132.1,132.2,131.7,132
1778673600,132.1,132.3,131.6,131.7
1778675400,131.6,131.7,130.7,131.1
1778677200,131,132.1,131,131.5
1778679000,131.5,131.8,131,131.8
1778680800,131.7,132,130.8,131.8
1778682600,131.8,132.4,131.5,131.8
1778684400,131.5,131.5,131.5,131.5
1778740200,132.1,132.1,132.1,132.1
1778742000,132.2,132.7,131,132
1778743800,132,132.5,131.4,131.5
1778745600,131.5,132,131.4,131.9
1778747400,131.8,132.3,131.7,132.1
1778749200,132.2,132.5,131.8,131.8
1778751000,131.8,132.3,131.3,132.2
1778752800,132.1,132.6,131.9,132.6
1778754600,132.6,133.1,132,132.6
1778756400,132.7,134,132.7,133.5
1778758200,133.5,133.6,133.2,133.2
1778760000,133.3,134.2,133,133.1
1778761800,133,133.2,132.6,133
1778763600,133.1,133.1,132.6,132.9
1778765400,132.8,132.9,132.4,132.4
1778767200,132.5,133.3,132.2,133
1778769000,133.1,134,133,133.5
1778770800,133.7,133.7,133.7,133.7
1778826600,131.5,131.5,131.5,131.5
1778828400,131.4,131.7,129.2,129.9
1778830200,129.8,130.2,129.6,129.8
1778832000,129.9,130.1,129.5,129.9
1778833800,129.8,130.3,129.6,130
1778835600,130,130.1,129.7,130.1
1778837400,130.1,130.1,129.7,129.7
1778839200,129.8,130.2,129.7,129.8
1778841000,129.9,130.6,129.8,130.3
1778842800,130.3,130.3,129.9,130.1
1778844600,130.1,130.1,129.3,129.4
1778846400,129.4,129.5,129.2,129.3
1778848200,129.3,129.5,129.2,129.4
1778850000,129.3,129.8,129.3,129.7
1778851800,129.6,130.1,129,130
1778853600,130,130.4,129.6,130.1
1778855400,130.2,130.5,129.8,129.9
1778857200,129.8,129.8,129.8,129.8
1779085800,128.7,128.7,128.7,128.7
1779087600,128.8,129.2,127.3,127.3
1779089400,127.3,128.1,126.6,127.5
1779091200,127.5,128.8,127.5,128.6
1779093000,128.6,128.9,128.4,128.6
1779094800,128.6,128.7,127.5,127.6
1779096600,127.7,127.8,127.3,127.6
1779098400,127.6,127.6,127.2,127.2
1779100200,127.2,127.5,127.1,127.2
1779102000,127.2,127.3,126.8,126.9
1779103800,126.9,128.6,126.8,127.9
1779105600,128,128.5,127.7,128.4
1779107400,128.4,130.7,128.2,130.4
1779109200,130.3,130.5,129.5,129.9
1779111000,129.9,130.5,129.3,130
1779112800,130.1,130.2,129.3,129.6
1779114600,129.6,130.2,129.1,129.8
1779116400,129.7,129.7,129.3,129.3
1779258600,128.8,128.8,128.8,128.8
1779260400,128.9,130,128.7,129.5
1779262200,129.4,129.8,129.1,129.4
1779264000,129.3,130,129.1,129.9
1779265800,130,130.7,129.9,130.5
1779267600,130.6,130.6,130,130
1779269400,130.1,130.2,129.9,130
1779271200,130.1,130.2,129.3,129.8
1779273000,129.7,129.9,129.4,129.6
1779274800,129.6,129.6,129.1,129.2
1779276600,129.2,129.9,129.2,129.6
1779278400,129.6,129.9,129.4,129.8
1779280200,129.8,129.9,129.3,129.5
1779282000,129.4,129.4,128.7,128.8
1779283800,128.8,129.5,128.5,128.7
1779285600,128.7,130.4,127.6,130.3
1779287400,130.3,131.1,129.7,130
1779289200,129.8,129.8,129.8,129.8
1779345000,129,129,129,129
1779346800,129.2,130.2,128.4,129
1779348600,129,129.6,128.9,129.1
1779350400,129.2,130.1,129.1,129.6
1779352200,129.6,129.6,129.1,129.1
1779354000,129.1,129.6,129,129.3
1779355800,129.4,129.5,128.9,129.2
1779357600,129.1,129.4,128.7,129.1
1779359400,129,129.2,128.7,128.8
1779361200,128.8,129.4,128.7,129.2
1779363000,129.1,129.5,129.1,129.4
1779364800,129.4,129.7,129.4,129.7
1779366600,129.7,130.3,129.5,129.8
1779368400,129.7,130.2,129,129.2
1779370200,129.1,129.4,127.7,128
1779372000,128,128,125.9,126
1779373800,126.1,126.4,122.6,122.6
1779375600,120,120,120,120
1779431400,120.5,120.5,120.5,120.5
1779433200,120.5,121.5,116.9,121.3
1779435000,121.3,122.2,120.4,122
1779436800,121.9,122.6,121.3,121.7
1779438600,121.7,122,120.6,121.1
1779440400,121.1,122.1,120.8,121.7
1779442200,121.8,123.3,121.7,123.1
1779444000,123,123.1,122.2,122.7
1779445800,122.7,122.7,121.3,121.9
1779447600,121.9,122.1,120.5,121
1779449400,120.9,121.5,120,121.4
1779451200,121.3,123.2,120.7,122.2
1779453000,122.2,123.2,121.5,122.1
1779454800,122.1,123.4,121.8,122.3
1779456600,122.3,122.5,121.3,121.7
1779458400,121.6,122.5,120.6,120.8
1779460200,120.9,123.5,120.8,122.6
1779462000,122.7,122.7,122.3,122.3
1779690600,123,123,123,123
1779692400,123,123.3,121.7,122.5
1779694200,122.5,122.5,121.7,122.5
1779696000,122.5,122.6,121.7,122
1779697800,121.9,122.2,121.8,122
1779699600,122,122.4,121.9,122
1779701400,122,122.3,122,122.1
1779703200,122.1,122.7,122,122.3
1779705000,122.4,123,122.3,122.8
1779706800,122.9,123,122.1,122.6
1779708600,122.6,123.5,122.5,122.8
1779710400,122.9,124.2,122.6,124.1
1779712200,124,124.4,123.6,123.7
1779714000,123.7,124.4,123.6,124
1779715800,124,125.1,124,124.5
1779717600,124.5,125.4,124.4,125
1779719400,125,125.6,125,125.2
1779721200,125.1,125.2,125.1,125.2
1779777000,125.1,125.1,125.1,125.1
1779778800,125.1,125.9,124.3,124.4
1779780600,124.4,125.1,124.3,124.7
1779782400,124.7,125.4,124.6,124.7
1779784200,124.7,124.9,124,124.3
1779786000,124.2,124.4,123.2,123.4
1779787800,123.3,123.3,122.9,122.9
1780295400,123.7,123.7,123.7,123.7
1780297200,123.7,126.6,123.7,125.7
1780299000,125.7,125.7,123.8,124.8
1780300800,124.8,125.5,124.7,124.8
1780302600,124.9,125.6,124.8,125.3
1780304400,125.3,125.8,124.6,124.8
1780306200,124.8,125.2,124.7,125
1780308000,125,125.7,125,125.3
1780309800,125.3,125.6,125,125.1
1780311600,125.1,125.3,124.5,124.6
1780313400,124.6,125.4,124.5,124.9
1780315200,124.9,124.9,124.6,124.7
1780317000,124.8,125.7,124.7,125.4
1780318800,125.4,125.5,122.6,122.8
1780320600,122.8,123.3,122.1,122.2
1780322400,122.3,123.9,122.2,123.3
1780324200,123.3,123.5,123,123.1
1780326000,123.1,123.1,123.1,123.1
1780381800,124.3,124.3,124.3,124.3
1780383600,124.3,126.7,124.2,126.3
1780385400,126.2,127.7,126.1,127.6
1780387200,127.6,128.2,127,127.3
1780389000,127.2,127.7,127,127
1780390800,127.1,127.6,127,127.4
1780392600,127.4,127.8,127.3,127.6
1780394400,127.6,127.7,127.4,127.5
1780396200,127.4,127.8,127.3,127.7
1780398000,127.7,128.6,127.6,127.8
1780399800,127.8,128.2,127.8,128
1780401600,128,129.7,127.9,129.6
1780403400,129.6,129.9,129,129.7
1780405200,129.6,130,128.7,128.7
1780407000,128.8,128.9,128,128.3
1780408800,128.3,128.4,128,128.1
1780410600,128.1,129.1,128.1,128.8
1780412400,128.8,128.8,128.8,128.8
1780468200,128.8,128.8,128.8,128.8
1780470000,128.7,129.4,127.7,129.1
1780471800,129.1,129.1,127.9,128.3
1780473600,128.3,128.6,127.9,128.4
1780475400,128.4,128.5,127.9,127.9
1780477200,128,128.1,127.6,127.9
1780479000,127.8,127.9,127.4,127.4
1780480800,127.4,128.4,127.2,127.8
1780482600,127.8,128.5,127.7,128.2
1780484400,128.3,128.6,128.2,128.3
1780486200,128.3,129.1,128.2,128.8
1780488000,128.8,129,128.2,128.8
1780489800,128.8,128.8,128.2,128.3
1780491600,128.3,128.4,126.6,127.5
1780493400,127.5,127.5,126,126.4
1780495200,126.5,126.7,125.9,126.2
1780497000,126.1,126.5,125.8,125.9
1780498800,125.9,125.9,125.9,125.9
1780554600,126.7,126.7,126.7,126.7
1780556400,126.7,128.4,126.6,127.4
1780558200,127.4,127.6,126.2,126.5
1780560000,126.5,126.7,125.1,126.1
1780561800,126.1,126.5,125.6,125.6
1780563600,125.7,126.1,125.5,126
1780565400,126,126.5,125.9,126
1780567200,126.1,126.2,125.6,125.7
1780569000,125.7,125.9,125.5,125.8
1780570800,125.8,127.1,125.6,127.1
1780572600,127,128.5,126.1,127.8
1780574400,127.8,129.8,127.6,129
1780576200,129.1,129.4,128.5,128.7
1780578000,128.7,129.1,128.6,128.9
1780579800,128.9,129,127.9,128.6
1780581600,128.7,129,128.1,128.5
1780583400,128.5,129.3,128.2,129.1
1780585200,129.5,129.5,129.5,129.5
1780641000,130,130,130,130
1780642800,130.1,130.3,125.8,126.5
1780644600,126.5,127.2,126.4,126.9
1780646400,126.9,127.2,126.2,126.8
1780648200,126.7,126.8,126.2,126.2
1780650000,126.2,126.8,126.1,126.4
1780651800,126.5,127,126.4,126.8
1780653600,126.9,126.9,126.4,126.4
1780655400,126.5,126.7,126.4,126.6
1780657200,126.6,126.8,126.4,126.6
1780659000,126.6,126.7,126,126.3
1780660800,126.3,126.4,125.9,126.1
1780662600,126.2,126.2,125.6,125.8
1780664400,125.8,126.1,125.5,125.6
1780666200,125.6,125.8,124.9,125.4
1780668000,125.4,125.7,124.9,125.6
1780669800,125.6,125.8,124.9,125.1
1780671600,125,125,125,125
1780900200,123.3,123.3,123.3,123.3
1780902000,123.3,125.6,123.2,125.4
1780903800,125.4,127,125.3,126
1780905600,126,126.5,125.7,126.1
1780907400,126,126.2,125.4,125.6
1780909200,125.6,126,125.5,125.7
1780911000,125.7,126.2,125.6,125.9
1780912800,125.8,126,125.3,125.6
1780914600,125.6,126.4,125.5,126.1
1780916400,126.1,129.3,125.9,129.3
1780918200,129.3,129.9,128.6,128.7
1780920000,128.8,129.2,128.6,128.9
1780921800,128.8,129.1,128.6,128.9
1780923600,128.9,129.5,128.6,129.3
1780925400,129.3,129.6,128.7,129
1780927200,129,129.5,128.7,129
1780929000,128.9,129.8,128.8,129.5
1780930800,129.3,129.3,129.3,129.3
1780986600,129.3,129.3,129.3,129.3
1780988400,129.3,131.5,129.2,130.2
1780990200,130.2,130.3,129.2,129.5
1780992000,129.5,130.4,129.4,130.3
1780993800,130.2,130.5,129.5,130.2
1780995600,130.2,130.8,130,130.8
1780997400,130.8,131.7,130.8,131.2
1780999200,131.2,131.6,130.9,131
1781001000,131,131,130.4,130.5
1781002800,130.4,130.7,130.2,130.2
1781004600,130.3,130.5,130.1,130.2
1781006400,130.1,130.6,129.7,129.7
1781008200,129.7,130,129.3,129.4
1781010000,129.4,130.3,129.1,130.2
1781011800,130.1,131.3,129.6,129.8
1781013600,129.8,130.7,129.5,130.2
1781015400,130.1,130.6,129.8,130.4
1781017200,130.3,130.4,130.3,130.4
1781073000,130,130,130,130
1781074800,130.1,130.7,129.4,130.6
1781076600,130.6,130.7,129.6,129.8
1781078400,129.8,129.8,128.3,128.6
1781080200,128.7,129.1,128.4,128.6
1781082000,128.5,129.2,128.4,129.1
1781083800,129.1,129.3,128.9,129.1
1781085600,129.1,129.1,128.6,128.7
1781087400,128.7,129.1,128.5,128.8
1781089200,128.9,128.9,127.7,127.7
1781091000,127.7,127.9,126.3,127.7
1781092800,127.7,128,127.5,127.8
1781094600,127.8,129,127.8,128.6
1781096400,128.6,128.8,128.3,128.6
1781098200,128.6,129.8,128.5,129.2
1781100000,129.2,129.3,128.2,128.2
1781101800,128.3,129.1,128.2,128.5
1781103600,128.5,128.5,128.2,128.2
1781159400,128.8,128.8,128.8,128.8
1781161200,128.9,129.7,127.8,129.7
1781163000,129.7,129.7,129,129.4
1781164800,129.3,130,129.2,129.5
1781166600,129.5,129.6,129.1,129.2
1781168400,129.1,129.5,129,129.1
1781170200,129,129.2,128.8,129
1781172000,129.1,129.2,128.8,129
1781173800,129.1,129.7,129,129.6
1781175600,129.6,130.3,128.6,130.3
1781177400,130.3,130.6,129.1,129.3
1781179200,129.4,129.6,127.8,127.8
1781181000,127.9,127.9,126,126.9
1781182800,126.9,127.5,126.7,127
1781184600,127,128.6,126.9,127.9
1781186400,127.8,128.2,127.3,127.8
1781188200,127.8,129.2,127.7,128.5
1781190000,129,129,129,129
1781245800,131.9,131.9,131.9,131.9
1781247600,131.9,133.5,131.9,132.3
1781249400,132.2,132.9,132,132.6
1781251200,132.7,137.9,132.6,137.6
1781253000,137.6,138.5,136.6,137.9
1781254800,137.9,138.1,137.3,137.6
1781256600,137.7,137.8,136.8,137.1
1781258400,137.2,137.8,136.5,136.5
1781260200,136.6,137.5,136.3,137.3
1781262000,137.3,137.4,136.7,136.8
1781263800,136.7,136.9,136.2,136.8
1781265600,136.8,136.9,136.4,136.7
1781267400,136.6,136.9,135.5,135.7
1781269200,135.6,136.1,135.3,135.8
1781271000,135.8,136.3,133.5,134
1781272800,133.9,135.3,133.8,134.7
1781274600,134.7,136.3,134.6,136.2
1781276400,135.9,135.9,135.9,135.9
1781505000,144,144,144,144
1781506800,144,144.4,141.5,142.1
1781508600,142.2,142.5,141.5,141.6
1781510400,141.6,142.2,140.6,141.5
1781512200,141.4,142,141,141.2
1781514000,141.2,141.3,140.4,140.8
1781515800,140.8,141.7,140.5,141.3
1781517600,141.3,142,141.1,141.7
1781519400,141.7,142.3,141.6,142.1
1781521200,142.2,142.3,141.8,142.2
1781523000,142.3,142.5,141.9,142
1781524800,142,142.3,141.8,142.2
1781526600,142.2,142.3,141.9,142.1
1781528400,142.1,142.3,141.8,142.1
1781530200,142,142.5,142,142.2
1781532000,142.2,142.4,141.7,141.9
1781533800,142,142.1,141.4,141.4
1781535600,141,141,141,141
1781591400,140.8,140.8,140.8,140.8
1781593200,140.8,141.6,139.4,141.1
1781595000,141.1,141.3,140.6,140.9
1781596800,140.8,141.8,140.8,141
1781598600,141,141.6,140.7,141.4
1781600400,141.4,141.4,141.2,141.3
1781602200,141.4,141.5,141.1,141.4
1781604000,141.3,141.8,141.2,141.6
1781605800,141.6,141.7,141,141.2
1781607600,141.1,141.2,140.5,140.7
1781609400,140.6,141.2,140.3,140.5
1781611200,140.5,140.6,139.6,139.7
1781613000,139.8,141.5,139.8,140.6
1781614800,140.6,141.1,140.5,140.9
1781616600,141,141.2,140.4,140.9
1781618400,140.8,141,140,140.2
1781620200,140.2,140.8,140,140.3
1781622000,140.2,140.2,140.2,140.2
1781677800,141.1,141.1,141.1,141.1
1781679600,141.1,141.5,140.6,140.9
1781681400,141,141.2,140.8,141
1781683200,141,141.9,141,141.6
1781685000,141.7,141.8,140.5,141.1
1781686800,141.1,141.2,140.9,141
1781688600,141,141.2,140.8,141.2
1781690400,141.1,141.3,140.8,140.9
1781692200,140.9,141.2,140.8,140.9
1781694000,140.9,141.1,140,140
1781695800,140,140.1,139.6,139.8
1781697600,139.8,141.2,139.7,141
1781699400,141,141.4,140.6,140.6
1781701200,140.7,141.8,140.5,141.4
1781703000,141.4,141.8,140.7,141.2
1781704800,141.1,141.2,139.9,140.7
1781706600,140.7,141.2,140.5,140.8
1781708400,140.8,141,140.8,141
1781764200,141.4,141.4,141.4,141.4
1781766000,141.4,142.7,141,142.3
1781767800,142.2,144.4,142.1,143.5
1781769600,143.4,144.3,143,144.2
1781771400,144.1,144.3,143.6,143.7
1781773200,143.6,143.9,143.3,143.3
1781775000,143.4,143.6,143.1,143.2
1781776800,143.3,143.8,143.2,143.3
1781778600,143.4,143.4,142.4,142.6
1781780400,142.5,142.9,142,142.5
1781782200,142.4,142.6,142.1,142.4
1781784000,142.4,142.7,142,142.5
1781785800,142.6,143,142.3,143
1781787600,143,143.6,142.7,143.5
1781789400,143.5,144.1,143.3,143.6
1781791200,143.6,144.8,143.5,144.4
1781793000,144.4,144.6,143.8,144
1781794800,144,144,144,144
1781850600,141.7,141.7,141.7,141.7
1781852400,141.8,144,141.4,142.8
1781854200,142.8,143.3,142.5,142.6
1781856000,142.6,143,142.3,142.4
1781857800,142.4,143.3,142.4,143.3
1781859600,143.3,143.4,142.7,142.8
1781861400,142.7,143.1,142.5,142.6
1781863200,142.6,142.8,142.3,142.5
1781865000,142.4,142.5,141.9,142.2
1781866800,142.2,142.3,142,142.2
1781868600,142.1,142.4,142,142.1
1781870400,142.2,142.5,142,142.1
1781872200,142.1,144.5,141.8,143.2
1781874000,143.1,143.9,142.9,143
1781875800,143.1,143.8,142.9,143.3
1781877600,143.3,143.9,143.2,143.6
1781879400,143.6,144,142.8,143.7
1781881200,143.7,143.7,143.7,143.7
1782109800,144.5,144.5,144.5,144.5
1782111600,144.5,145.1,143.2,144.1
1782113400,144,144.1,142.7,143
1782115200,143,143.3,142.6,142.7
1782117000,142.7,143.8,142.6,143.7
1782118800,143.7,144.4,143.5,144.2
1782120600,144.2,144.2,143.7,143.8
1782122400,143.8,144.2,143.8,144.1
1782124200,144,144.2,143.9,144
1782126000,144.1,144.4,143.7,143.8
1782127800,143.8,144.4,143.6,144.2
1782129600,144.1,144.9,144,144.4
1782131400,144.4,144.5,143.8,143.9
1782133200,143.8,144.3,143.5,144.1
1782135000,144.1,144.3,143.4,143.5
1782136800,143.5,143.7,143.1,143.5
1782138600,143.5,144,143.3,143.8
1782140400,143.9,143.9,143.7,143.7
1782196200,142.4,142.4,142.4,142.4
1782198000,142.4,143.4,141.3,141.7
1782199800,141.7,141.9,140.5,141
1782201600,140.9,141.5,140.7,141.3
1782203400,141.4,142.2,141.3,142
1782205200,142,142.3,141.7,142.1
1782207000,142.1,142.5,142,142
1782208800,142.1,142.5,141.3,141.4
1782210600,141.4,141.5,141.1,141.3
1782212400,141.2,141.7,141.1,141.3
1782214200,141.3,141.4,140.7,140.9
1782216000,140.9,141,140.1,140.1
1782217800,140.2,140.3,139.5,139.9
1782219600,139.9,140.4,139.7,140.2
1782221400,140.3,141,140.1,140.8
1782223200,140.7,140.9,140.4,140.6
1782225000,140.5,140.8,140.3,140.6
1782226800,140.7,140.7,140.7,140.7
1782282600,140.9,140.9,140.9,140.9
1782284400,140.9,141.1,139.3,139.3
1782286200,139.4,140.1,139.3,139.7
1782288000,139.7,139.9,139.2,139.6
1782289800,139.6,139.7,139,139.3
1782291600,139.4,139.5,139,139.3
1782293400,139.3,139.5,139.2,139.3
1782295200,139.2,139.6,139.1,139.5
1782297000,139.6,139.7,139.4,139.5
1782298800,139.5,139.9,139.3,139.4
1782300600,139.4,139.9,139.2,139.6
1782302400,139.5,139.7,139,139.2
1782304200,139.3,139.7,138.9,139.6
1782306000,139.7,139.8,139.1,139.2
1782307800,139.1,140.4,139,140.3
1782309600,140.3,141.1,139.9,141.1
1782311400,141.1,141.2,140.4,140.5
1782313200,140.5,140.5,140.4,140.4
1782369000,142,142,142,142
1782370800,142,143.2,141.8,142.6
1782372600,142.7,142.9,141.6,142.2
1782374400,142.2,142.9,142,142.1
1782376200,142.1,144.1,141.8,143.6
1782378000,143.5,143.6,140.9,141
1782379800,141,141.3,139.6,140.3
1782381600,140.2,140.3,139.6,140
1782383400,140,140,139.6,139.9
1782385200,139.8,139.9,138.8,139.4
1782387000,139.5,139.6,138.5,138.7
1782388800,138.6,139,138.5,138.8
1782390600,138.9,139.5,138.5,138.9
1782392400,138.9,139.2,138.6,138.9
1782394200,138.9,139.1,137.6,137.8
1782396000,137.9,138.7,137.4,138.4
1782397800,138.4,138.8,137.4,137.4
1782399600,137.6,137.6,137.6,137.6
1782455400,137.7,137.7,137.7,137.7
1782457200,137.7,138.6,137.3,137.6
1782459000,137.7,138.7,137.6,138.3
1782460800,138.4,139,138.2,139
1782462600,138.9,139,137.9,137.9
1782464400,137.9,138.3,137.8,137.9
1782466200,137.8,138.1,137.7,137.8
1782468000,137.7,137.9,137.3,137.7
1782469800,137.7,137.9,137.4,137.8
1782471600,137.9,138.1,137.7,138
1782473400,138,138.2,137.3,137.3
1782475200,137.3,138,137.3,137.9
1782477000,137.8,138.1,137.7,137.8
1782478800,137.8,137.9,137.3,137.4
1782480600,137.4,137.7,137.1,137.5
1782482400,137.5,137.8,137.2,137.3
1782484200,137.3,138.3,137.3,138.3
1782486000,138.4,138.4,138.4,138.4
1782714600,138.4,138.4,138.4,138.4
1782716400,138.4,138.6,137.4,138.6
1782718200,138.5,138.6,137.8,138.2
1782720000,138.2,138.3,136.8,137
1782721800,136.9,137.4,136.7,137.1
1782723600,137.1,137.6,137.1,137.5
1782725400,137.5,137.6,137.3,137.6
1782727200,137.5,137.6,137.2,137.3
1782729000,137.3,137.5,136.8,136.9
1782730800,136.9,137.5,136.9,137
1782732600,137,137.2,136.4,136.4
1782734400,136.4,136.9,136.2,136.8
1782736200,136.8,136.9,136.4,136.6
1782738000,136.6,137,136.4,136.5
1782739800,136.6,137.3,136.4,137
1782741600,137,137.3,136.8,137.1
1782743400,137.1,137.5,136.8,136.9
1782745200,136.9,137.3,136.9,137.3
1782801000,137.5,137.5,137.5,137.5
1782802800,137.4,138.8,136.9,138.2
1782804600,138.1,138.4,137.3,137.9
1782806400,137.8,138.1,137.7,137.9
1782808200,137.9,138,137.4,137.8
1782810000,137.9,138.3,137.7,137.9
1782811800,137.9,137.9,137.7,137.8
1782813600,137.8,137.9,137.5,137.7
1782815400,137.7,138.2,137.4,137.9
1782817200,138,138,137.7,137.9
1782819000,137.9,137.9,137.4,137.7
1782820800,137.7,137.7,137.1,137.5
1782822600,137.6,137.8,137.4,137.6
1782824400,137.6,137.6,137,137.4
1782826200,137.4,137.6,137.1,137.3
1782828000,137.3,137.4,136.6,137
1782829800,136.9,137.6,136.9,137.6
1782831600,137.6,138,137.4,138
1782887400,138,138,138,138
1782889200,137.9,138.1,136.3,137.3
1782891000,137.4,137.9,136.7,137.9
1782892800,137.8,137.9,137.4,137.6
1782894600,137.6,137.7,137.1,137.4
1782896400,137.4,137.4,137,137.2
1782898200,137.3,137.9,137,137.9
1782900000,137.8,138.4,137.8,138
1782901800,137.9,138.5,137.8,138.2
1782903600,138.2,138.8,137.8,138.8
1782905400,138.7,139.4,138.4,138.9
1782907200,138.9,139.7,138.7,139.2
1782909000,139.2,139.3,138.6,138.7
1782910800,138.7,139.1,138.2,138.7
1782912600,138.7,138.8,138.3,138.5
1782914400,138.6,139.2,138.5,138.7
1782916200,138.7,138.8,138.2,138.4
1782918000,138.5,138.5,138.5,138.5
1782973800,138.7,138.7,138.7,138.7
1782975600,138.8,140.5,138.7,140.4
1782977400,140.5,140.6,139.4,139.5
1782979200,139.6,140.2,139.3,139.8
1782981000,139.8,139.8,138.8,139.1
1782982800,139.1,139.2,138.6,138.9
1782984600,138.9,139.4,138.7,139.2
1782986400,139.1,139.2,138.8,139.2
1782988200,139.2,139.5,138.9,139.1
1782990000,139.1,139.2,138.8,139.1
1782991800,139,139.3,138.8,138.9
1782993600,138.9,139.3,138.8,139
1782995400,138.9,139.8,138.9,139.1
1782997200,139,139.4,137.7,137.8
1782999000,137.8,138.4,137.7,138.2
1783000800,138.1,138.5,138,138.2
1783002600,138.2,139.1,138.2,138.6
1783004400,138.6,138.6,138.6,138.6
1783060200,139.6,139.6,139.6,139.6
1783062000,139.6,139.9,135.6,135.8
1783063800,135.9,137.1,135.5,136.6
1783065600,136.6,136.7,136.2,136.4
1783067400,136.4,136.7,136,136.5
1783069200,136.5,136.5,135.9,136
1783071000,136,136.3,135.9,136.1
1783072800,136.2,136.4,135.7,136.1
1783074600,136.1,136.2,135.8,136
1783076400,136,136,135.1,135.4
1783078200,135.4,135.6,135.2,135.4
1783080000,135.4,135.5,134.4,135.3
1783081800,135.3,135.3,133.6,134.1
1783083600,134,134.4,133.8,134.1
1783085400,134.1,134.5,133.7,134.3
1783087200,134.4,134.6,133.5,133.9
1783089000,133.9,134.1,133.6,133.9
1783090800,133.5,133.5,133.5,133.5
1783319400,134,134,134,134
1783321200,134,135.1,133.3,135
1783323000,135.1,135.6,134.6,135.5
1783324800,135.5,136,135.1,135.2
1783326600,135.2,135.3,134.6,135.2
1783328400,135.1,135.4,134.4,134.6
1783330200,134.6,134.8,134.1,134.5
1783332000,134.6,134.7,134.4,134.5
1783333800,134.6,134.7,134.2,134.3
1783335600,134.3,134.5,133.9,134.1
1783337400,134.1,134.2,133.8,134
1783339200,134,134.3,133.7,134.2
1783341000,134.1,134.3,133.5,134.1
1783342800,134.1,134.4,133.6,133.7
1783344600,133.7,134.1,133.6,133.9
1783346400,133.9,134.1,133.5,133.8
1783348200,133.9,133.9,133.4,133.5
1783350000,133.7,133.7,133.7,133.7
1783405800,133.3,133.3,133.3,133.3
1783407600,133.3,135.5,133.2,135
1783409400,135.1,135.1,134.4,134.9
1783411200,134.9,134.9,134.4,134.6
1783413000,134.6,134.8,134.5,134.5
1783414800,134.4,134.6,134.1,134.3
1783416600,134.2,134.6,134.1,134.4
1783418400,134.4,134.5,134.2,134.5
1783420200,134.5,136.2,134.4,135.9
1783422000,135.9,136.4,135.5,135.7
1783423800,135.7,136,135.2,135.5
1783425600,135.5,135.7,135.2,135.7
1783427400,135.7,135.8,135.2,135.4
1783429200,135.4,136.5,135.3,135.7
1783431000,135.6,135.9,135.3,135.5
1783432800,135.5,136,134.6,135
1783434600,134.9,135.2,134.3,134.4
1783436400,134.4,134.4,134.4,134.4
1783492200,133.1,133.1,133.1,133.1
1783494000,133.1,133.8,132.6,133.7
1783495800,133.7,134.4,133.3,134.3
1783497600,134.2,134.3,130.4,130.5
1783499400,130.5,130.9,129.4,130.2
1783501200,130.2,130.8,129.5,130.7
1783503000,130.7,131.2,130.5,131.1
1783504800,131.1,131.2,130.6,131.1
1783506600,131,131.3,130.2,130.4
1783508400,130.3,131,130.2,130.6
1783510200,130.6,131.4,130.4,131.1
1783512000,131.1,131.8,130.9,131.6
1783513800,131.7,132,131.4,131.4
1783515600,131.4,131.7,131,131.2
1783517400,131.3,131.5,131,131.4
1783519200,131.4,131.5,130.9,130.9
1783521000,130.9,131,130.1,130.4
1783522800,130.4,130.4,130.4,130.4
1783578600,131.3,131.3,131.3,131.3
1783580400,131.3,131.7,130.3,130.7
1783582200,130.7,130.8,130,130.3
1783584000,130.4,130.8,130.3,130.6
1783585800,130.6,130.7,130.1,130.4
1783587600,130.4,130.5,130.2,130.5
1783589400,130.4,131,130.4,130.8
1783591200,130.8,130.8,130.2,130.3
1783593000,130.2,130.4,129.4,129.9
1783594800,129.9,130.1,129.6,129.7
1783596600,129.7,129.8,129.4,129.8
1783598400,129.8,129.8,129.2,129.7
1783600200,129.7,129.8,129.3,129.5
1783602000,129.5,129.7,129,129.7
1783603800,129.7,129.7,129.3,129.6
1783605600,129.6,129.7,129.3,129.7
1783607400,129.6,130,129.4,129.7
1783609200,129.7,130.1,129.7,130.1
1783665000,130,130,130,130
1783666800,129.9,132.2,129.7,131.8
1783668600,131.9,132.1,131.5,131.6
1783670400,131.5,131.7,131.3,131.3
1783672200,131.2,131.5,131,131.3
1783674000,131.2,131.5,131,131.3
1783675800,131.2,131.5,130.6,130.7
1783677600,130.6,130.8,129.2,130.4
1783679400,130.3,130.4,128.8,129
1783681200,129.1,129.3,128.8,129.2
1783683000,129.2,130,128.4,129.3
1783684800,129.3,129.8,128.9,129.3
1783686600,129.3,130,128.8,129.8
1783688400,129.8,129.8,128.8,129
1783690200,129,129.9,128.7,129.1
1783692000,129.2,129.3,128.7,128.7
1783693800,128.7,128.7,127.4,128.5
1783695600,129,129,129,129
1783924200,127.1,127.1,127.1,127.1
1783926000,127.1,127.8,126.4,127.1
1783927800,127,127.8,126.9,127.6
1783929600,127.6,128,127.6,127.8
1783931400,127.8,128.5,127.6,127.7
1783933200,127.7,127.8,126.7,127.1
1783935000,127.2,127.4,127,127.4
1783936800,127.4,127.6,127,127.1
1783938600,127.1,127.2,127,127.1
1783940400,127.2,127.4,126.7,127
1783942200,127,127,126.4,126.5
1783944000,126.5,126.8,125.7,125.7
1783945800,125.8,126.3,125.6,125.8
1783947600,125.8,126.3,125.8,126.3
1783949400,126.3,126.9,126,126.8
1783951200,126.9,127,126.1,126.4
1783953000,126.5,126.6,126.3,126.3
1783954800,126.4,126.7,126.4,126.7
1784010600,125.8,125.8,125.8,125.8
1784012400,125.8,127.2,125.7,127.1
1784014200,127.1,127.7,126.8,127.1
1784016000,127.1,128,127,127.9
1784017800,127.9,128.3,127.6,127.7
1784019600,127.7,128.5,127.6,128.3
1784021400,128.3,128.8,128.1,128.5
1784023200,128.5,128.5,127.7,127.8
1784025000,127.8,127.9,127.5,127.6
1784026800,127.6,128,127.4,127.7
1784028600,127.8,128.2,127.6,128
1784030400,128,128,127.7,128
1784032200,128,128.7,127.7,127.7
1784034000,127.7,128.5,127.7,128.5
1784035800,128.5,128.8,128.4,128.6
1784037600,128.6,129.2,128.5,128.9
1784039400,128.8,129.2,128.6,128.7
1784041200,128.8,128.9,128.8,128.9
1784183400,129.2,129.2,129.2,129.2
1784185200,129.2,129.4,127.8,127.9
1784187000,127.9,128.2,127.1,127.3
1784188800,127.3,128.3,127.2,128
1784190600,128,128.2,127.7,127.9
1784192400,127.9,127.9,127.5,127.7
1784194200,127.7,127.8,126.9,127.2
1784196000,127.2,127.3,127.1,127.2
1784197800,127.2,127.8,127.1,127.8
1784199600,127.8,127.8,127.4,127.6
1784201400,127.6,127.7,127.1,127.4
1784203200,127.4,127.5,127.1,127.3
1784205000,127.4,127.5,126.9,127.1
1784206800,127.1,127.4,126.9,127.3
1784208600,127.4,127.4,126.6,127
1784210400,127.1,128.3,127,128.2
1784212200,128.2,128.7,128,128.4
1784214000,128.7,128.7,128.7,128.7
1784269800,127.8,127.8,127.8,127.8
1784271600,127.8,128.1,126.3,126.7
1784273400,126.8,126.9,126.3,126.6
1784275200,126.6,126.7,126.1,126.3
1784277000,126.4,126.8,126.1,126.3
1784278800,126.3,126.8,125.8,126.6
1784280600,126.6,126.7,125.8,125.9
1784282400,125.9,126,125,125.7
1784284200,125.7,126,125.7,125.9
1784286000,125.8,126,125.6,125.9
1784287800,125.9,126.5,125.9,126.3
1784289600,126.3,126.8,126.2,126.5
1784291400,126.5,126.7,126.3,126.5
1784293200,126.5,126.6,126.2,126.2
1784295000,126.2,127.1,126.2,127.1
1784296800,127,127.3,126.8,127
1784298600,127,127.2,126,126.2
1784300400,126.3,126.8,126.3,126.8
1784529000,126.5,126.5,126.5,126.5
1784530800,126.5,126.9,125.6,126.7
1784532600,126.7,126.9,125.8,126.2
1784534400,126.2,126.2,125.4,125.9
1784536200,125.8,126,125.2,125.3
1784538000,125.2,125.6,125.2,125.6
1784539800,125.6,126,125.4,125.7
1784541600,125.7,125.9,125.5,125.8
1784543400,125.8,126.4,125.5,126.3
1784545200,126.3,126.7,125.9,126
1784547000,126,126.7,125.9,126.2
1784548800,126.2,126.4,125.8,125.9
1784550600,125.9,126,125.1,125.2
1784552400,125.2,125.3,124.7,124.9
1784554200,124.9,125,124.3,124.4
1784556000,124.4,124.8,124.3,124.4
1784557800,124.4,124.5,124,124.2
1784559600,124.3,124.3,124.3,124.3
1784615400,125,125,125,125
1784617200,125,125.8,124.8,125.4
1784619000,125.3,125.9,125.3,125.7
1784620800,125.7,125.7,125.1,125.3
1784622600,125.2,125.4,125.1,125.3
1784624400,125.2,125.8,125.2,125.3
1784626200,125.3,125.4,124.9,125.1
1784628000,125.2,125.6,124.9,125.4
1784629800,125.4,125.5,125.2,125.5
1784631600,125.6,125.6,124.4,124.7
1784633400,124.7,125.5,124.5,124.6
1784635200,124.6,124.9,124.5,124.7
1784637000,124.6,124.8,124.3,124.5
1784638800,124.6,124.7,124.5,124.6
1784640600,124.6,124.6,124,124.2
1784642400,124.3,124.8,124.2,124.6
1784644200,124.6,124.8,124.5,124.6
1784646000,124.5,124.5,124.2,124.2
1784701800,124.4,124.4,124.4,124.4
1784703600,124.4,125.5,124,125.1
1784705400,125,125.1,124.2,124.4
1784707200,124.4,124.7,124.2,124.4
1784709000,124.5,124.7,124.3,124.6
1784710800,124.5,124.8,124.4,124.6
1784712600,124.6,124.6,124.3,124.5
1784714400,124.5,125.4,124.5,125.3
1784716200,125.3,125.4,125,125.2
1784718000,125.2,125.6,125.1,125.3
1784719800,125.4,125.5,124.9,125.1
1784721600,125.1,125.7,125.1,125.5
1784723400,125.6,126.1,124.3,124.6
1784725200,124.6,125.7,124.6,125.6
1784727000,125.6,126.1,125.4,125.9
1784728800,125.9,127.1,125.9,126.2
1784730600,126.2,126.8,125.8,125.9
1784732400,125.9,125.9,125.9,125.9
1784788200,125.9,125.9,125.9,125.9
1784790000,126,126.8,125.7,126.1
1784791800,126,126.1,125.1,125.3
1784793600,125.4,125.8,125.2,125.4
1784795400,125.4,125.7,125.2,125.7
1784797200,125.7,126.4,125.6,126.2
1784799000,126.2,126.7,126,126.6
1784800800,126.5,126.6,126,126.1
1784802600,126,126.3,125.9,126.2
1784804400,126.2,126.2,124.8,124.9
1784806200,124.9,125.7,124.8,125.6
1784808000,125.6,125.7,124.8,125
1784809800,124.9,125,124.4,124.6
1784811600,124.7,125.1,124.3,124.8
1784813400,124.8,125.2,124.6,124.8
1784815200,124.9,125.4,124.8,125.3
1784817000,125.3,125.4,125,125.3
1784818800,125,125,125,125
1784874600,125.1,125.1,125.1,125.1
1784876400,125.1,126.7,124.9,126.4
1784878200,126.4,126.6,125.7,125.9
1784880000,125.8,125.9,125.5,125.9
1784881800,125.9,126.1,125.7,125.7
1784883600,125.8,126.1,125.7,126
1784885400,125.9,126,125.7,125.7
1784887200,125.8,125.8,125,125.5
1784889000,125.5,125.9,125.4,125.5
1784890800,125.6,125.7,125.3,125.4
1784892600,125.4,126,125.4,125.9
1784894400,125.9,125.9,125.5,125.7
1784896200,125.7,125.7,125,125.2
1784898000,125.2,125.8,125.1,125.4
1784899800,125.5,125.6,125.2,125.4
1784901600,125.5,126.1,125.5,126
1784903400,126,126.3,125.4,125.8
1784905200,126,126,126,126
1785133800,127.9,127.9,127.9,127.9
1785135600,128,129.4,127.9,129
1785137400,129,129.1,127.7,127.8
1785139200,127.8,128.2,127.6,128.2
1785141000,128.2,128.4,127.9,128.2
1785142800,128.2,128.3,127.8,127.9
1785144600,127.9,128.2,127.6,128.1
1785146400,128.1,128.3,127.7,128
1785148200,128.1,128.4,127.9,128.2
1785150000,128.2,128.6,127.9,128.4
1785151800,128.5,128.6,128.5,128.5